frame,time_s,distance_raw_m,distance_smooth_m,method,f1_advance_m,f1_retreat_m,f2_advance_m,f2_retreat_m
0,0.0,,,,0.0,0.0,0.0,0.0
1,0.033,,,,0.0,0.0,0.0,0.0
2,0.067,,,,0.0,0.0,0.0,0.0
3,0.1,,,,0.0,0.0,0.0,0.0
4,0.133,,,,0.0,0.0,0.0,0.0
5,0.167,,,,0.0,0.0,0.0,0.0
6,0.2,,,,0.0,0.0,0.0,0.0
7,0.233,,,,0.0,0.0,0.0,0.0
8,0.267,,,,0.0,0.0,0.0,0.0
9,0.3,,,,0.0,0.0,0.0,0.0
10,0.333,,,,0.0,0.0,0.0,0.0
11,0.367,,,,0.0,0.0,0.0,0.0
12,0.4,,,,0.0,0.0,0.0,0.0
13,0.433,,,,0.0,0.0,0.0,0.0
14,0.467,,,,0.0,0.0,0.0,0.0
15,0.5,,,,0.0,0.0,0.0,0.0
16,0.533,7.76,7.76,bbox,0.0,0.0,0.0,0.0
17,0.567,7.772,7.766,bbox,0.0,0.0,0.0,0.0
18,0.6,7.445,7.76,pose,0.0,0.0,0.0,0.0
19,0.633,,,,0.0,0.0,0.0,0.0
20,0.667,7.608,7.684,bbox,0.0,0.0,0.0,0.0
21,0.7,,,,0.0,0.0,0.0,0.0
22,0.733,,,,0.0,0.0,0.0,0.0
23,0.767,,,,0.0,0.0,0.0,0.0
24,0.8,,,,0.0,0.0,0.0,0.0
25,0.833,,,,0.0,0.0,0.0,0.0
26,0.867,,,,0.0,0.0,0.0,0.0
27,0.9,,,,0.0,0.0,0.0,0.0
28,0.933,,,,0.0,0.0,0.0,0.0
29,0.967,,,,0.0,0.0,0.0,0.0
30,1.0,,,,0.0,0.0,0.0,0.0
31,1.033,,,,0.0,0.0,0.0,0.0
32,1.067,,,,0.0,0.0,0.0,0.0
33,1.1,,,,0.0,0.0,0.0,0.0
34,1.133,,,,0.0,0.0,0.0,0.0
35,1.167,,,,0.0,0.0,0.0,0.0
36,1.2,,,,0.0,0.0,0.0,0.0
37,1.233,,,,0.0,0.0,0.0,0.0
38,1.267,6.422,7.608,bbox,0.0,0.0,0.0,0.0
39,1.3,6.291,7.445,bbox,0.046,0.0,0.059,0.0
40,1.333,,,,0.046,0.0,0.059,0.0
41,1.367,6.071,6.422,bbox,0.046,0.0,0.059,0.0
42,1.4,5.849,6.291,pose,0.046,0.0,0.094,0.0
43,1.433,5.849,6.071,bbox,0.083,0.0,0.16,0.0
44,1.467,5.679,5.849,bbox,0.116,0.0,0.16,0.0
45,1.5,5.479,5.849,pose,0.149,0.0,0.16,0.0
46,1.533,5.494,5.679,bbox,0.149,0.0,0.215,0.0
47,1.567,5.508,5.508,bbox,0.211,0.0,0.304,0.0
48,1.6,5.294,5.494,pose,0.211,0.0,0.304,0.0
49,1.633,5.442,5.479,bbox,0.211,0.0,0.304,0.0
50,1.667,,,,0.211,0.0,0.304,0.0
51,1.7,5.262,5.442,bbox,0.211,0.0,0.304,0.0
52,1.733,5.088,5.294,bbox,0.302,0.0,0.304,0.0
53,1.767,4.937,5.262,bbox,0.379,0.0,0.368,0.0
54,1.8,4.882,5.088,bbox,0.411,0.0,0.405,0.0
55,1.833,4.866,4.937,bbox,0.45,0.0,0.442,0.0
56,1.867,4.858,4.882,bbox,0.45,0.0,0.442,0.0
57,1.9,4.873,4.873,bbox,0.45,0.0,0.442,0.0
58,1.933,4.808,4.866,bbox,0.45,0.0,0.492,0.0
59,1.967,4.876,4.866,bbox,0.45,0.0,0.492,0.0
60,2.0,4.817,4.858,bbox,0.45,0.0,0.492,0.0
61,2.033,,,,0.45,0.0,0.492,0.0
62,2.067,,,,0.45,0.0,0.492,0.0
63,2.1,,,,0.45,0.0,0.492,0.0
64,2.133,4.659,4.817,bbox,0.45,0.0,0.492,0.0
65,2.167,4.631,4.808,bbox,0.45,0.0,0.492,0.0
66,2.2,4.629,4.659,pose,0.45,0.0,0.577,0.0
67,2.233,4.52,4.631,bbox,0.45,0.0,0.63,0.0
68,2.267,4.47,4.629,bbox,0.45,0.0,0.63,0.0
69,2.3,,,,0.45,0.0,0.63,0.0
70,2.333,,,,0.45,0.0,0.63,0.0
71,2.367,,,,0.45,0.0,0.63,0.0
72,2.4,,,,0.45,0.0,0.63,0.0
73,2.433,,,,0.45,0.0,0.63,0.0
74,2.467,,,,0.45,0.0,0.63,0.0
75,2.5,,,,0.45,0.0,0.63,0.0
76,2.533,,,,0.45,0.0,0.63,0.0
77,2.567,,,,0.45,0.0,0.63,0.0
78,2.6,,,,0.45,0.0,0.63,0.0
79,2.633,,,,0.45,0.0,0.63,0.0
80,2.667,,,,0.45,0.0,0.63,0.0
81,2.7,4.248,4.52,bbox,0.45,0.0,0.73,0.0
82,2.733,,,,0.45,0.0,0.73,0.0
83,2.767,4.212,4.47,bbox,0.45,0.0,0.778,0.0
84,2.8,4.162,4.248,bbox,0.502,0.0,0.778,0.0
85,2.833,,,,0.502,0.0,0.778,0.0
86,2.867,4.194,4.212,bbox,0.532,0.0,0.819,0.0
87,2.9,,,,0.532,0.0,0.819,0.0
88,2.933,,,,0.532,0.0,0.819,0.0
89,2.967,,,,0.532,0.0,0.819,0.0
90,3.0,,,,0.532,0.0,0.819,0.0
91,3.033,,,,0.532,0.0,0.819,0.0
92,3.067,4.187,4.194,bbox,0.532,0.0,0.819,0.0
93,3.1,4.211,4.194,bbox,0.532,0.0,0.819,0.0
94,3.133,4.316,4.194,bbox,0.532,0.032,0.883,0.0
95,3.167,4.401,4.211,bbox,0.532,0.032,0.883,0.0
96,3.2,4.436,4.316,bbox,0.532,0.063,0.883,0.0
97,3.233,,,,0.532,0.063,0.883,0.0
98,3.267,,,,0.532,0.063,0.883,0.0
99,3.3,4.517,4.401,bbox,0.532,0.063,0.883,0.149
100,3.333,,,,0.532,0.063,0.883,0.149
101,3.367,,,,0.532,0.063,0.883,0.149
102,3.4,4.436,4.436,bbox,0.532,0.093,0.883,0.149
103,3.433,4.416,4.436,bbox,0.532,0.093,0.883,0.184
104,3.467,4.551,4.436,bbox,0.532,0.093,0.883,0.184
105,3.5,4.575,4.517,bbox,0.532,0.093,0.883,0.184
106,3.533,4.633,4.551,bbox,0.532,0.093,0.883,0.184
107,3.567,4.631,4.575,bbox,0.532,0.093,0.883,0.184
108,3.6,,,,0.532,0.093,0.883,0.184
109,3.633,4.718,4.631,bbox,0.532,0.093,0.883,0.184
110,3.667,4.801,4.633,bbox,0.532,0.093,0.883,0.184
111,3.7,,,,0.532,0.093,0.883,0.184
112,3.733,,,,0.532,0.093,0.883,0.184
113,3.767,,,,0.532,0.093,0.883,0.184
114,3.8,,,,0.532,0.093,0.883,0.184
115,3.833,,,,0.532,0.093,0.883,0.184
116,3.867,,,,0.532,0.093,0.883,0.184
117,3.9,,,,0.532,0.093,0.883,0.184
118,3.933,,,,0.532,0.093,0.883,0.184
119,3.967,,,,0.532,0.093,0.883,0.184
120,4.0,,,,0.532,0.093,0.883,0.184
121,4.033,,,,0.532,0.093,0.883,0.184
122,4.067,,,,0.532,0.093,0.883,0.184
123,4.1,,,,0.532,0.093,0.883,0.184
124,4.133,,,,0.532,0.093,0.883,0.184
125,4.167,,,,0.532,0.093,0.883,0.184
126,4.2,,,,0.532,0.093,0.883,0.184
127,4.233,,,,0.532,0.093,0.883,0.184
128,4.267,4.721,4.718,bbox,0.532,0.093,0.883,0.184
129,4.3,4.957,4.721,bbox,0.532,0.093,0.883,0.184
130,4.333,4.976,4.801,bbox,0.532,0.093,0.883,0.184
131,4.367,4.747,4.801,bbox,0.59,0.093,0.883,0.184
132,4.4,4.604,4.747,bbox,0.644,0.093,0.883,0.184
133,4.433,4.503,4.747,bbox,0.677,0.093,0.883,0.184
134,4.467,,,,0.677,0.093,0.883,0.184
135,4.5,4.458,4.604,bbox,0.677,0.093,0.883,0.184
136,4.533,4.444,4.503,bbox,0.711,0.093,0.936,0.184
137,4.567,4.395,4.458,bbox,0.754,0.093,0.994,0.184
138,4.6,4.347,4.444,bbox,0.754,0.093,0.994,0.184
139,4.633,4.351,4.395,bbox,0.794,0.093,0.994,0.184
140,4.667,,,,0.794,0.093,0.994,0.184
141,4.7,4.282,4.351,bbox,0.832,0.093,0.994,0.184
142,4.733,4.262,4.347,bbox,0.832,0.093,0.994,0.184
143,4.767,4.246,4.282,bbox,0.832,0.093,0.994,0.184
144,4.8,4.223,4.262,bbox,0.832,0.093,0.994,0.184
145,4.833,4.21,4.246,bbox,0.832,0.093,1.07,0.184
146,4.867,4.227,4.227,bbox,0.832,0.093,1.07,0.184
147,4.9,4.22,4.223,bbox,0.832,0.093,1.07,0.184
148,4.933,4.191,4.22,bbox,0.832,0.093,1.07,0.184
149,4.967,4.129,4.21,bbox,0.832,0.093,1.07,0.184
150,5.0,,,,0.832,0.093,1.07,0.184
151,5.033,,,,0.832,0.093,1.07,0.184
152,5.067,,,,0.832,0.093,1.07,0.184
153,5.1,4.238,4.22,bbox,0.832,0.093,1.07,0.184
154,5.133,4.28,4.22,bbox,0.832,0.093,1.135,0.184
155,5.167,4.218,4.218,bbox,0.832,0.145,1.135,0.184
156,5.2,4.022,4.218,pose,0.832,0.145,1.135,0.184
157,5.233,4.155,4.218,bbox,0.832,0.145,1.135,0.184
158,5.267,4.184,4.184,bbox,0.832,0.192,1.135,0.184
159,5.3,,,,0.832,0.192,1.135,0.184
160,5.333,,,,0.832,0.192,1.135,0.184
161,5.367,4.287,4.184,bbox,0.832,0.192,1.135,0.184
162,5.4,5.263,4.184,pose,0.832,0.245,1.135,0.184
163,5.433,4.356,4.287,bbox,0.832,0.245,1.135,0.184
164,5.467,4.375,4.356,bbox,0.832,0.245,1.135,0.184
165,5.5,,,,0.832,0.245,1.135,0.184
166,5.533,,,,0.832,0.245,1.135,0.184
167,5.567,4.437,4.375,bbox,0.832,0.245,1.135,0.184
168,5.6,4.448,4.437,bbox,0.832,0.245,1.135,0.184
169,5.633,4.456,4.437,bbox,0.832,0.245,1.135,0.184
170,5.667,4.439,4.439,bbox,0.832,0.245,1.135,0.184
171,5.7,4.457,4.448,bbox,0.832,0.245,1.135,0.184
172,5.733,4.404,4.448,bbox,0.832,0.245,1.135,0.184
173,5.767,4.367,4.439,bbox,0.832,0.245,1.135,0.184
174,5.8,4.405,4.405,bbox,0.832,0.245,1.135,0.184
175,5.833,4.383,4.404,bbox,0.832,0.245,1.135,0.184
176,5.867,4.338,4.383,bbox,0.865,0.245,1.135,0.184
177,5.9,4.296,4.367,bbox,0.865,0.245,1.135,0.184
178,5.933,4.262,4.338,bbox,0.865,0.245,1.135,0.184
179,5.967,4.227,4.296,bbox,0.865,0.245,1.135,0.184
180,6.0,4.196,4.262,bbox,0.865,0.245,1.135,0.184
181,6.033,4.178,4.227,bbox,0.865,0.245,1.135,0.184
182,6.067,4.128,4.196,bbox,0.865,0.245,1.135,0.184
183,6.1,4.104,4.178,bbox,0.865,0.245,1.135,0.184
184,6.133,4.097,4.128,bbox,0.865,0.245,1.135,0.184
185,6.167,4.088,4.104,bbox,0.865,0.245,1.135,0.184
186,6.2,4.076,4.097,bbox,0.865,0.245,1.135,0.184
187,6.233,4.066,4.088,bbox,0.865,0.245,1.135,0.184
188,6.267,4.056,4.076,bbox,0.865,0.245,1.135,0.184
189,6.3,4.015,4.066,pose,0.865,0.245,1.135,0.184
190,6.333,4.016,4.056,bbox,0.865,0.245,1.135,0.184
191,6.367,4.034,4.034,bbox,0.865,0.245,1.135,0.184
192,6.4,4.011,4.016,bbox,0.865,0.245,1.135,0.184
193,6.433,4.02,4.016,bbox,0.865,0.245,1.135,0.184
194,6.467,4.009,4.016,bbox,0.865,0.245,1.135,0.184
195,6.5,4.027,4.02,bbox,0.865,0.245,1.135,0.184
196,6.533,4.034,4.02,bbox,0.865,0.245,1.135,0.184
197,6.567,4.045,4.027,bbox,0.865,0.245,1.135,0.184
198,6.6,3.968,4.027,bbox,0.865,0.245,1.135,0.184
199,6.633,3.931,4.027,bbox,0.865,0.245,1.135,0.184
200,6.667,4.003,4.003,bbox,0.865,0.245,1.135,0.184
201,6.7,4.041,4.003,bbox,0.865,0.245,1.135,0.184
202,6.733,4.063,4.003,bbox,0.865,0.245,1.166,0.184
203,6.767,3.937,4.003,bbox,0.865,0.245,1.166,0.184
204,6.8,3.837,4.003,bbox,0.895,0.245,1.166,0.184
205,6.833,3.862,3.937,bbox,0.948,0.245,1.166,0.184
206,6.867,3.808,3.862,bbox,0.998,0.245,1.166,0.184
207,6.9,3.04,3.837,pose,0.998,0.245,1.166,0.184
208,6.933,3.726,3.808,bbox,1.037,0.245,1.166,0.184
209,6.967,3.617,3.726,bbox,1.037,0.245,1.166,0.184
210,7.0,3.578,3.617,bbox,1.097,0.245,1.202,0.184
211,7.033,3.613,3.613,bbox,1.139,0.245,1.202,0.184
212,7.067,3.555,3.613,bbox,1.139,0.245,1.202,0.184
213,7.1,3.52,3.578,bbox,1.139,0.245,1.202,0.184
214,7.133,3.434,3.555,bbox,1.178,0.245,1.202,0.184
215,7.167,3.396,3.52,bbox,1.232,0.245,1.202,0.184
216,7.2,3.266,3.434,pose,1.232,0.245,1.202,0.184
217,7.233,3.371,3.396,bbox,1.31,0.245,1.202,0.184
218,7.267,3.408,3.396,bbox,1.342,0.245,1.202,0.236
219,7.3,3.479,3.396,bbox,1.383,0.245,1.202,0.236
220,7.333,3.434,3.408,bbox,1.383,0.245,1.202,0.268
221,7.367,3.464,3.434,bbox,1.383,0.245,1.202,0.302
222,7.4,3.489,3.464,bbox,1.383,0.245,1.202,0.302
223,7.433,3.541,3.479,bbox,1.383,0.245,1.202,0.302
224,7.467,3.56,3.489,bbox,1.383,0.245,1.202,0.302
225,7.5,3.582,3.541,bbox,1.383,0.245,1.202,0.302
226,7.533,3.612,3.56,bbox,1.383,0.245,1.202,0.302
227,7.567,3.642,3.582,bbox,1.383,0.245,1.202,0.302
228,7.6,3.649,3.612,bbox,1.383,0.245,1.202,0.302
229,7.633,3.609,3.612,bbox,1.383,0.245,1.202,0.302
230,7.667,3.591,3.612,bbox,1.383,0.245,1.202,0.302
231,7.7,3.562,3.609,bbox,1.383,0.245,1.202,0.302
232,7.733,3.551,3.591,bbox,1.383,0.245,1.202,0.302
233,7.767,3.554,3.562,bbox,1.383,0.245,1.202,0.302
234,7.8,3.617,3.562,bbox,1.383,0.245,1.202,0.302
235,7.833,3.629,3.562,bbox,1.383,0.245,1.202,0.342
236,7.867,3.621,3.617,bbox,1.383,0.245,1.202,0.342
237,7.9,3.636,3.621,bbox,1.416,0.245,1.202,0.342
238,7.933,3.614,3.621,bbox,1.416,0.245,1.202,0.342
239,7.967,3.59,3.621,bbox,1.416,0.245,1.202,0.342
240,8.0,3.556,3.614,bbox,1.416,0.245,1.202,0.342
241,8.033,3.477,3.59,bbox,1.453,0.245,1.202,0.342
242,8.067,3.413,3.556,bbox,1.485,0.245,1.202,0.342
243,8.1,3.029,3.477,pose,1.485,0.245,1.202,0.342
244,8.133,3.304,3.413,bbox,1.538,0.245,1.202,0.342
245,8.167,3.268,3.304,bbox,1.538,0.245,1.202,0.342
246,8.2,3.208,3.268,pose,1.538,0.245,1.202,0.342
247,8.233,3.132,3.208,bbox,1.538,0.245,1.233,0.342
248,8.267,3.155,3.208,bbox,1.538,0.245,1.233,0.342
249,8.3,2.774,3.155,pose,1.538,0.245,1.233,0.342
250,8.333,3.165,3.155,bbox,1.642,0.245,1.233,0.342
251,8.367,3.181,3.155,bbox,1.642,0.245,1.233,0.342
252,8.4,3.184,3.165,bbox,1.642,0.245,1.314,0.342
253,8.433,3.171,3.171,bbox,1.642,0.282,1.314,0.342
254,8.467,3.128,3.171,bbox,1.642,0.282,1.314,0.342
255,8.5,3.072,3.171,bbox,1.642,0.282,1.314,0.342
256,8.533,2.993,3.128,bbox,1.642,0.282,1.314,0.342
257,8.567,2.933,3.072,bbox,1.642,0.282,1.314,0.342
258,8.6,2.556,2.993,pose,1.642,0.282,1.314,0.342
259,8.633,2.964,2.964,bbox,1.695,0.282,1.314,0.342
260,8.667,2.968,2.964,bbox,1.695,0.282,1.314,0.342
261,8.7,4.316,2.964,pose,1.695,0.282,1.314,0.342
262,8.733,2.952,2.964,bbox,1.695,0.282,1.314,0.342
263,8.767,3.011,2.968,bbox,1.695,0.282,1.314,0.342
264,8.8,2.901,2.968,bbox,1.695,0.282,1.314,0.342
265,8.833,2.99,2.99,bbox,1.695,0.316,1.314,0.342
266,8.867,2.981,2.981,bbox,1.695,0.316,1.314,0.342
267,8.9,2.934,2.981,bbox,1.695,0.316,1.314,0.342
268,8.933,2.903,2.934,bbox,1.695,0.316,1.314,0.342
269,8.967,2.883,2.934,bbox,1.695,0.316,1.314,0.342
270,9.0,3.598,2.934,pose,1.695,0.316,1.314,0.342
271,9.033,2.788,2.903,bbox,1.695,0.316,1.314,0.342
272,9.067,2.781,2.883,bbox,1.695,0.316,1.314,0.342
273,9.1,2.778,2.788,bbox,1.783,0.316,1.314,0.342
274,9.133,2.764,2.781,bbox,1.783,0.316,1.314,0.342
275,9.167,2.733,2.778,bbox,1.783,0.316,1.314,0.342
276,9.2,2.723,2.764,bbox,1.783,0.316,1.314,0.342
277,9.233,2.71,2.733,bbox,1.783,0.316,1.314,0.342
278,9.267,2.733,2.733,bbox,1.783,0.316,1.314,0.342
279,9.3,2.786,2.733,bbox,1.783,0.316,1.314,0.342
280,9.333,2.812,2.733,bbox,1.783,0.316,1.314,0.342
281,9.367,2.829,2.786,bbox,1.783,0.316,1.314,0.392
282,9.4,2.515,2.786,pose,1.783,0.316,1.314,0.392
283,9.433,2.922,2.812,bbox,1.783,0.316,1.314,0.392
284,9.467,2.976,2.829,bbox,1.783,0.316,1.314,0.447
285,9.5,3.038,2.922,bbox,1.783,0.348,1.314,0.447
286,9.533,3.091,2.976,bbox,1.783,0.383,1.314,0.447
287,9.567,3.159,3.038,bbox,1.783,0.383,1.314,0.498
288,9.6,3.156,3.091,bbox,1.783,0.383,1.314,0.498
289,9.633,3.172,3.156,bbox,1.783,0.425,1.314,0.498
290,9.667,3.146,3.156,bbox,1.783,0.425,1.314,0.498
291,9.7,3.305,3.159,pose,1.783,0.425,1.314,0.498
292,9.733,3.182,3.172,bbox,1.783,0.425,1.314,0.498
293,9.767,3.16,3.172,bbox,1.783,0.425,1.314,0.498
294,9.8,3.139,3.16,pose,1.783,0.425,1.314,0.498
295,9.833,3.157,3.16,bbox,1.783,0.425,1.314,0.498
296,9.867,3.154,3.157,bbox,1.783,0.425,1.314,0.498
297,9.9,3.156,3.156,bbox,1.783,0.425,1.314,0.498
298,9.933,3.155,3.155,bbox,1.783,0.425,1.314,0.498
299,9.967,3.146,3.155,bbox,1.783,0.425,1.314,0.498
300,10.0,3.177,3.155,bbox,1.783,0.425,1.314,0.498
301,10.033,3.169,3.156,bbox,1.783,0.425,1.314,0.498
302,10.067,3.157,3.157,bbox,1.783,0.425,1.314,0.498
303,10.1,3.142,3.157,bbox,1.783,0.425,1.314,0.498
304,10.133,3.112,3.157,bbox,1.783,0.425,1.314,0.498
305,10.167,3.075,3.142,bbox,1.783,0.425,1.314,0.498
306,10.2,2.783,3.112,pose,1.783,0.425,1.314,0.498
307,10.233,2.998,3.075,bbox,1.783,0.425,1.314,0.498
308,10.267,2.977,2.998,bbox,1.783,0.425,1.314,0.498
309,10.3,2.946,2.977,bbox,1.815,0.425,1.314,0.498
310,10.333,2.894,2.946,bbox,1.815,0.425,1.314,0.498
311,10.367,2.849,2.946,bbox,1.863,0.425,1.314,0.498
312,10.4,2.286,2.894,pose,1.863,0.425,1.314,0.498
313,10.433,2.796,2.849,bbox,1.949,0.425,1.314,0.498
314,10.467,2.803,2.803,bbox,2.018,0.425,1.314,0.498
315,10.5,2.78,2.796,bbox,2.071,0.425,1.314,0.498
316,10.533,2.771,2.78,bbox,2.071,0.425,1.314,0.498
317,10.567,2.754,2.78,bbox,2.071,0.425,1.314,0.498
318,10.6,2.764,2.771,bbox,2.071,0.425,1.314,0.498
319,10.633,2.765,2.765,bbox,2.071,0.425,1.314,0.498
320,10.667,2.84,2.765,bbox,2.071,0.425,1.314,0.498
321,10.7,2.932,2.765,bbox,2.071,0.425,1.314,0.498
322,10.733,2.974,2.84,bbox,2.071,0.508,1.314,0.498
323,10.767,3.061,2.932,bbox,2.071,0.604,1.314,0.498
324,10.8,2.489,2.932,pose,2.071,0.659,1.314,0.498
325,10.833,3.214,2.974,bbox,2.071,0.722,1.314,0.498
326,10.867,3.232,3.061,bbox,2.071,0.813,1.314,0.498
327,10.9,3.146,3.146,bbox,2.071,0.813,1.314,0.498
328,10.933,3.187,3.187,bbox,2.071,0.813,1.314,0.498
329,10.967,3.206,3.206,bbox,2.071,0.813,1.314,0.498
330,11.0,2.498,3.187,pose,2.071,0.813,1.314,0.498
331,11.033,3.201,3.187,bbox,2.071,0.813,1.314,0.498
332,11.067,3.259,3.201,bbox,2.071,0.906,1.314,0.498
333,11.1,3.31,3.206,bbox,2.071,0.98,1.314,0.498
334,11.133,3.364,3.259,bbox,2.071,0.98,1.314,0.498
335,11.167,3.413,3.31,bbox,2.071,1.044,1.314,0.498
336,11.2,3.432,3.364,bbox,2.071,1.075,1.314,0.498
337,11.233,3.477,3.413,bbox,2.071,1.075,1.314,0.498
338,11.267,3.477,3.432,bbox,2.071,1.075,1.314,0.498
339,11.3,3.006,3.432,pose,2.071,1.075,1.314,0.498
340,11.333,3.462,3.462,bbox,2.071,1.075,1.314,0.498
341,11.367,3.44,3.462,bbox,2.071,1.075,1.314,0.498
342,11.4,3.262,3.44,pose,2.071,1.075,1.314,0.498
343,11.433,3.31,3.31,bbox,2.071,1.075,1.314,0.498
344,11.467,3.271,3.31,bbox,2.071,1.075,1.314,0.498
345,11.5,3.944,3.31,pose,2.071,1.075,1.314,0.498
346,11.533,3.144,3.271,bbox,2.132,1.075,1.314,0.498
347,11.567,3.122,3.271,bbox,2.193,1.075,1.314,0.498
348,11.6,3.104,3.144,bbox,2.274,1.075,1.314,0.498
349,11.633,3.143,3.143,bbox,2.309,1.075,1.314,0.498
350,11.667,3.129,3.129,bbox,2.359,1.075,1.314,0.498
351,11.7,3.112,3.122,bbox,2.359,1.075,1.314,0.498
352,11.733,3.079,3.112,bbox,2.417,1.075,1.314,0.548
353,11.767,3.065,3.112,bbox,2.472,1.075,1.314,0.548
354,11.8,3.044,3.079,bbox,2.521,1.075,1.314,0.548
355,11.833,2.952,3.065,bbox,2.558,1.075,1.314,0.548
356,11.867,2.904,3.044,bbox,2.608,1.075,1.314,0.58
357,11.9,2.86,2.952,bbox,2.668,1.075,1.314,0.58
358,11.933,2.838,2.904,bbox,2.72,1.075,1.314,0.58
359,11.967,2.814,2.86,bbox,2.771,1.075,1.314,0.58
360,12.0,2.801,2.838,bbox,2.813,1.075,1.314,0.58
361,12.033,2.751,2.814,bbox,2.857,1.075,1.314,0.58
362,12.067,2.739,2.801,bbox,2.909,1.075,1.314,0.58
363,12.1,2.745,2.751,bbox,2.958,1.075,1.314,0.58
364,12.133,2.733,2.745,bbox,2.958,1.075,1.314,0.58
365,12.167,2.77,2.745,bbox,2.958,1.075,1.314,0.58
366,12.2,2.82,2.745,bbox,2.958,1.075,1.314,0.58
367,12.233,2.845,2.77,bbox,2.958,1.075,1.314,0.58
368,12.267,2.875,2.82,bbox,2.958,1.11,1.314,0.625
369,12.3,3.647,2.845,pose,2.958,1.11,1.314,0.625
370,12.333,2.996,2.875,bbox,2.958,1.11,1.314,0.625
371,12.367,3.031,2.996,bbox,2.958,1.14,1.314,0.663
372,12.4,3.114,3.031,bbox,2.958,1.19,1.314,0.663
373,12.433,3.138,3.114,bbox,2.958,1.19,1.314,0.663
374,12.467,3.144,3.114,bbox,2.958,1.19,1.314,0.699
375,12.5,3.18,3.138,bbox,2.958,1.19,1.314,0.699
376,12.533,3.206,3.144,bbox,2.958,1.19,1.314,0.699
377,12.567,3.225,3.18,bbox,2.958,1.19,1.314,0.699
378,12.6,2.668,3.18,pose,2.958,1.227,1.314,0.699
379,12.633,3.227,3.206,bbox,2.958,1.227,1.314,0.699
380,12.667,3.212,3.212,bbox,2.958,1.227,1.314,0.699
381,12.7,3.212,3.212,bbox,2.958,1.227,1.314,0.699
382,12.733,3.235,3.212,bbox,2.958,1.227,1.314,0.699
383,12.767,3.244,3.227,bbox,2.958,1.227,1.314,0.699
384,12.8,3.31,3.235,bbox,2.958,1.227,1.314,0.699
385,12.833,3.289,3.244,bbox,2.958,1.227,1.314,0.699
386,12.867,3.294,3.289,bbox,2.958,1.227,1.314,0.699
387,12.9,3.321,3.294,bbox,2.958,1.227,1.314,0.699
388,12.933,3.32,3.31,bbox,2.958,1.227,1.314,0.699
389,12.967,3.253,3.294,bbox,2.958,1.227,1.314,0.699
390,13.0,2.734,3.294,pose,2.958,1.227,1.314,0.699
391,13.033,3.147,3.253,bbox,2.958,1.227,1.314,0.699
392,13.067,3.113,3.147,bbox,2.958,1.227,1.314,0.699
393,13.1,3.106,3.113,bbox,3.008,1.227,1.314,0.699
394,13.133,,,,3.008,1.227,1.314,0.699
395,13.167,3.009,3.106,bbox,3.008,1.227,1.314,0.699
396,13.2,2.584,3.106,pose,3.008,1.227,1.314,0.699
397,13.233,2.948,3.009,bbox,3.008,1.227,1.357,0.699
398,13.267,2.914,2.948,bbox,3.047,1.227,1.399,0.699
399,13.3,2.436,2.914,pose,3.047,1.227,1.399,0.699
400,13.333,2.817,2.817,bbox,3.047,1.227,1.435,0.699
401,13.367,2.827,2.827,bbox,3.047,1.227,1.435,0.699
402,13.4,2.825,2.825,bbox,3.105,1.227,1.435,0.699
403,13.433,2.843,2.825,bbox,3.105,1.227,1.435,0.699
404,13.467,2.835,2.827,bbox,3.105,1.227,1.435,0.699
405,13.5,2.801,2.827,bbox,3.105,1.227,1.478,0.699
406,13.533,2.736,2.825,bbox,3.105,1.227,1.478,0.699
407,13.567,2.671,2.801,bbox,3.105,1.227,1.582,0.699
408,13.6,2.623,2.736,bbox,3.105,1.227,1.65,0.699
409,13.633,2.581,2.671,bbox,3.105,1.227,1.791,0.699
410,13.667,2.601,2.623,bbox,3.105,1.227,1.791,0.699
411,13.7,2.304,2.601,pose,3.105,1.273,1.894,0.699
412,13.733,2.599,2.599,bbox,3.105,1.338,1.953,0.699
413,13.767,2.604,2.599,bbox,3.105,1.457,1.953,0.699
414,13.8,1.38,2.599,pose,3.105,1.457,1.953,0.699
415,13.833,2.768,2.599,bbox,3.105,1.528,1.953,0.699
416,13.867,2.726,2.604,bbox,3.105,1.528,1.953,0.699
417,13.9,2.732,2.726,bbox,3.105,1.528,1.953,0.699
418,13.933,2.843,2.732,bbox,3.105,1.528,1.953,0.699
419,13.967,2.715,2.732,bbox,3.152,1.528,1.953,0.699
420,14.0,2.605,2.726,bbox,3.152,1.528,1.953,0.699
421,14.033,2.54,2.715,bbox,3.246,1.528,1.953,0.75
422,14.067,2.522,2.605,bbox,3.246,1.528,1.953,0.75
423,14.1,2.691,2.605,bbox,3.246,1.528,1.953,0.793
424,14.133,2.775,2.605,bbox,3.246,1.528,1.953,0.793
425,14.167,2.984,2.691,bbox,3.246,1.528,1.953,0.871
426,14.2,2.963,2.775,bbox,3.246,1.59,1.953,0.871
427,14.233,2.78,2.78,bbox,3.246,1.59,1.953,0.91
428,14.267,2.733,2.78,bbox,3.246,1.59,1.953,0.91
429,14.3,2.744,2.78,bbox,3.246,1.661,1.953,0.91
430,14.333,2.734,2.744,bbox,3.246,1.661,1.953,0.91
431,14.367,2.752,2.744,bbox,3.246,1.661,1.953,0.962
432,14.4,2.747,2.744,bbox,3.246,1.661,1.953,0.962
433,14.433,2.749,2.747,bbox,3.246,1.661,1.953,0.962
434,14.467,2.786,2.749,bbox,3.246,1.661,1.953,0.962
435,14.5,2.813,2.752,bbox,3.246,1.661,1.953,0.962
436,14.533,2.818,2.786,bbox,3.246,1.661,1.953,1.004
437,14.567,2.822,2.813,bbox,3.246,1.661,1.953,1.004
438,14.6,2.839,2.818,bbox,3.246,1.661,1.953,1.004
439,14.633,2.844,2.822,bbox,3.246,1.661,1.953,1.004
440,14.667,3.117,2.839,bbox,3.246,1.661,1.953,1.004
441,14.7,3.168,2.844,pose,3.246,1.661,1.953,1.004
442,14.733,2.885,2.885,bbox,3.246,1.661,1.953,1.004
443,14.767,2.842,2.885,bbox,3.246,1.661,1.953,1.004
444,14.8,2.827,2.885,bbox,3.31,1.661,1.953,1.004
445,14.833,2.786,2.842,bbox,3.31,1.661,1.953,1.004
446,14.867,2.796,2.827,bbox,3.31,1.661,1.953,1.004
447,14.9,2.76,2.796,bbox,3.31,1.661,1.953,1.004
448,14.933,2.748,2.786,bbox,3.31,1.661,1.953,1.004
449,14.967,2.735,2.76,bbox,3.31,1.661,1.953,1.004
450,15.0,2.753,2.753,bbox,3.31,1.661,1.953,1.004
451,15.033,2.839,2.753,bbox,3.31,1.661,1.953,1.004
452,15.067,2.869,2.753,bbox,3.31,1.694,1.953,1.044
453,15.1,2.934,2.839,bbox,3.31,1.729,1.953,1.044
454,15.133,3.037,2.869,bbox,3.31,1.762,1.953,1.044
455,15.167,3.157,2.934,bbox,3.31,1.799,1.953,1.044
456,15.2,3.192,3.037,bbox,3.31,1.847,1.953,1.044
457,15.233,3.217,3.157,bbox,3.31,1.923,1.953,1.044
458,15.267,3.199,3.192,bbox,3.31,1.97,1.953,1.044
459,15.3,3.223,3.199,bbox,3.31,1.97,1.953,1.044
460,15.333,3.168,3.199,bbox,3.31,1.97,1.953,1.044
461,15.367,3.158,3.199,bbox,3.31,1.97,1.953,1.044
462,15.4,3.214,3.199,bbox,3.31,1.97,1.953,1.044
463,15.433,3.239,3.214,bbox,3.31,2.001,1.953,1.044
464,15.467,3.257,3.214,bbox,3.31,2.031,1.953,1.044
465,15.5,3.282,3.239,bbox,3.31,2.073,1.953,1.044
466,15.533,3.33,3.257,bbox,3.31,2.073,1.953,1.044
467,15.567,3.403,3.282,bbox,3.31,2.073,1.953,1.044
468,15.6,5.178,3.33,pose,3.31,2.073,1.953,1.044
469,15.633,3.445,3.403,bbox,3.31,2.073,1.953,1.044
470,15.667,3.503,3.445,bbox,3.31,2.073,1.953,1.044
471,15.7,3.515,3.503,bbox,3.31,2.073,1.953,1.044
472,15.733,3.453,3.503,bbox,3.31,2.073,1.953,1.044
473,15.767,3.435,3.453,bbox,3.31,2.073,1.953,1.044
474,15.8,3.257,3.453,pose,3.31,2.073,1.953,1.044
475,15.833,3.387,3.435,bbox,3.31,2.073,1.953,1.044
476,15.867,3.315,3.387,bbox,3.31,2.073,1.953,1.044
477,15.9,3.288,3.315,bbox,3.31,2.073,1.989,1.044
478,15.933,3.232,3.288,bbox,3.31,2.073,1.989,1.044
479,15.967,3.34,3.315,bbox,3.353,2.073,1.989,1.044
480,16.0,3.276,3.288,bbox,3.353,2.073,2.07,1.044
481,16.033,3.375,3.288,bbox,3.4,2.073,2.07,1.044
482,16.067,3.381,3.34,bbox,3.4,2.073,2.07,1.044
483,16.1,2.507,3.34,bbox,3.4,2.073,2.113,1.044
484,16.133,2.519,3.276,bbox,3.4,2.073,2.219,1.044
485,16.167,3.094,3.094,bbox,3.4,2.073,2.28,1.044
486,16.2,,,,3.4,2.073,2.28,1.044
487,16.233,2.891,2.891,bbox,3.4,2.073,2.28,1.044
488,16.267,2.834,2.834,bbox,3.4,2.073,2.28,1.044
489,16.3,2.449,2.834,pose,3.4,2.073,2.28,1.044
490,16.333,2.703,2.834,bbox,3.469,2.073,2.28,1.044
491,16.367,2.723,2.723,bbox,3.469,2.073,2.28,1.044
492,16.4,2.743,2.723,bbox,3.562,2.073,2.28,1.044
493,16.433,2.772,2.723,bbox,3.562,2.073,2.28,1.044
494,16.467,2.781,2.743,bbox,3.562,2.073,2.28,1.044
495,16.5,2.776,2.772,pose,3.562,2.073,2.28,1.044
496,16.533,2.775,2.775,bbox,3.562,2.073,2.28,1.044
497,16.567,2.775,2.775,bbox,3.562,2.104,2.28,1.044
498,16.6,2.42,2.775,pose,3.562,2.104,2.28,1.044
499,16.633,2.897,2.775,bbox,3.562,2.151,2.28,1.044
500,16.667,3.001,2.775,bbox,3.562,2.151,2.28,1.097
501,16.7,,,,3.562,2.151,2.28,1.097
502,16.733,,,,3.562,2.151,2.28,1.097
503,16.767,3.214,2.897,bbox,3.562,2.151,2.28,1.097
504,16.8,3.302,3.001,bbox,3.562,2.151,2.28,1.097
505,16.833,3.47,3.214,bbox,3.562,2.151,2.28,1.097
506,16.867,3.517,3.302,bbox,3.562,2.151,2.28,1.097
507,16.9,,,,3.562,2.151,2.28,1.097
508,16.933,,,,3.562,2.151,2.28,1.097
509,16.967,,,,3.562,2.151,2.28,1.097
510,17.0,2.967,3.302,bbox,3.562,2.151,2.28,1.097
511,17.033,2.902,3.302,bbox,3.562,2.151,2.28,1.166
512,17.067,2.878,2.967,bbox,3.562,2.151,2.28,1.166
513,17.1,2.227,2.902,pose,3.562,2.151,2.28,1.166
514,17.133,2.848,2.878,bbox,3.679,2.151,2.28,1.166
515,17.167,2.845,2.848,bbox,3.679,2.151,2.28,1.166
516,17.2,2.693,2.845,pose,3.679,2.151,2.28,1.166
517,17.233,2.913,2.845,bbox,3.679,2.151,2.28,1.166
518,17.267,2.878,2.848,bbox,3.71,2.151,2.28,1.166
519,17.3,2.883,2.878,pose,3.71,2.151,2.28,1.166
520,17.333,2.929,2.883,bbox,3.758,2.151,2.28,1.166
521,17.367,2.941,2.913,bbox,3.758,2.151,2.28,1.166
522,17.4,,,,3.758,2.151,2.28,1.166
523,17.433,2.864,2.883,bbox,3.758,2.151,2.28,1.166
524,17.467,2.872,2.883,bbox,3.758,2.151,2.28,1.166
525,17.5,2.722,2.872,pose,3.758,2.151,2.28,1.166
526,17.533,2.891,2.872,bbox,3.758,2.151,2.28,1.166
527,17.567,2.876,2.872,bbox,3.758,2.151,2.28,1.166
528,17.6,2.76,2.872,pose,3.758,2.151,2.28,1.166
529,17.633,2.905,2.876,bbox,3.758,2.151,2.28,1.269
530,17.667,2.932,2.891,bbox,3.758,2.151,2.28,1.311
531,17.7,3.123,2.905,pose,3.758,2.151,2.28,1.311
532,17.733,3.002,2.932,bbox,3.758,2.151,2.28,1.311
533,17.767,2.997,2.997,bbox,3.758,2.151,2.28,1.311
534,17.8,2.602,2.997,pose,3.758,2.151,2.28,1.311
535,17.833,2.964,2.997,bbox,3.758,2.151,2.28,1.311
536,17.867,2.944,2.964,bbox,3.758,2.151,2.28,1.311
537,17.9,2.511,2.944,pose,3.758,2.151,2.28,1.311
538,17.933,2.951,2.944,bbox,3.758,2.151,2.28,1.365
539,17.967,3.013,2.951,bbox,3.758,2.151,2.28,1.365
540,18.0,3.109,2.951,pose,3.758,2.151,2.28,1.365
541,18.033,3.095,3.013,bbox,3.758,2.151,2.28,1.365
542,18.067,3.125,3.095,bbox,3.758,2.151,2.28,1.365
543,18.1,,,,3.758,2.151,2.28,1.365
544,18.133,,,,3.758,2.151,2.28,1.365
545,18.167,,,,3.758,2.151,2.28,1.365
546,18.2,,,,3.758,2.151,2.28,1.365
547,18.233,,,,3.758,2.151,2.28,1.365
548,18.267,,,,3.758,2.151,2.28,1.365
549,18.3,3.109,3.109,pose,3.758,2.151,2.28,1.365
550,18.333,3.238,3.109,bbox,3.758,2.219,2.28,1.365
551,18.367,3.183,3.125,bbox,3.758,2.219,2.28,1.365
552,18.4,3.172,3.172,bbox,3.758,2.219,2.28,1.365
553,18.433,3.119,3.172,bbox,3.758,2.219,2.28,1.365
554,18.467,3.126,3.172,bbox,3.758,2.219,2.28,1.365
555,18.5,3.066,3.126,bbox,3.758,2.219,2.331,1.365
556,18.533,3.027,3.119,bbox,3.758,2.219,2.331,1.365
557,18.567,2.97,3.066,bbox,3.794,2.219,2.331,1.365
558,18.6,2.619,3.027,pose,3.794,2.219,2.375,1.365
559,18.633,2.897,2.97,bbox,3.833,2.219,2.411,1.365
560,18.667,2.893,2.897,bbox,3.833,2.219,2.46,1.365
561,18.7,2.826,2.893,bbox,3.889,2.219,2.46,1.365
562,18.733,,,,3.889,2.219,2.46,1.365
563,18.767,,,,3.889,2.219,2.46,1.365
564,18.8,2.706,2.826,bbox,3.889,2.219,2.46,1.365
565,18.833,2.6,2.826,bbox,3.946,2.219,2.46,1.365
566,18.867,2.674,2.706,bbox,4.025,2.219,2.46,1.365
567,18.9,2.891,2.706,pose,4.025,2.219,2.495,1.365
568,18.933,2.59,2.674,bbox,4.025,2.219,2.541,1.365
569,18.967,2.563,2.6,bbox,4.025,2.219,2.632,1.365
570,19.0,2.658,2.658,bbox,4.065,2.219,2.632,1.457
571,19.033,2.689,2.658,bbox,4.065,2.219,2.667,1.457
572,19.067,2.659,2.658,bbox,4.133,2.219,2.667,1.457
573,19.1,2.629,2.658,bbox,4.133,2.219,2.667,1.457
574,19.133,2.621,2.658,bbox,4.133,2.219,2.667,1.457
575,19.167,2.648,2.648,bbox,4.133,2.219,2.724,1.457
576,19.2,2.494,2.629,pose,4.133,2.219,2.724,1.457
577,19.233,2.63,2.629,bbox,4.133,2.219,2.724,1.457
578,19.267,2.616,2.621,bbox,4.133,2.308,2.724,1.457
579,19.3,2.721,2.63,bbox,4.133,2.351,2.724,1.457
580,19.333,2.728,2.63,bbox,4.133,2.43,2.724,1.457
581,19.367,2.725,2.721,bbox,4.133,2.43,2.724,1.494
582,19.4,2.731,2.725,bbox,4.133,2.43,2.724,1.494
583,19.433,2.732,2.728,bbox,4.133,2.43,2.724,1.494
584,19.467,2.703,2.728,bbox,4.133,2.43,2.724,1.546
585,19.5,3.283,2.731,pose,4.133,2.43,2.724,1.546
586,19.533,2.843,2.732,bbox,4.133,2.43,2.724,1.546
587,19.567,3.055,2.843,bbox,4.133,2.492,2.724,1.546
588,19.6,2.576,2.843,pose,4.133,2.64,2.724,1.546
589,19.633,3.057,3.055,bbox,4.133,2.711,2.724,1.546
590,19.667,3.094,3.055,bbox,4.133,2.711,2.724,1.546
591,19.7,2.792,3.055,pose,4.133,2.78,2.724,1.546
592,19.733,3.178,3.057,bbox,4.133,2.858,2.724,1.546
593,19.767,3.229,3.094,bbox,4.133,2.858,2.724,1.546
594,19.8,3.209,3.178,bbox,4.133,2.858,2.724,1.546
595,19.833,3.187,3.187,bbox,4.133,2.858,2.724,1.546
596,19.867,3.206,3.206,bbox,4.133,2.896,2.724,1.546
597,19.9,3.169,3.206,bbox,4.133,2.896,2.724,1.546
598,19.933,3.213,3.206,bbox,4.133,2.933,2.724,1.546
599,19.967,3.257,3.206,bbox,4.133,2.933,2.724,1.546
600,20.0,3.257,3.213,bbox,4.133,2.966,2.724,1.546
601,20.033,3.281,3.257,bbox,4.133,2.966,2.791,1.546
602,20.067,3.389,3.257,bbox,4.133,2.966,2.791,1.546
603,20.1,3.112,3.257,pose,4.133,2.966,2.791,1.546
604,20.133,3.374,3.281,bbox,4.133,3.036,2.832,1.546
605,20.167,3.343,3.343,bbox,4.133,3.036,2.832,1.546
606,20.2,3.377,3.374,bbox,4.133,3.036,2.832,1.546
607,20.233,,,,4.133,3.036,2.832,1.546
608,20.267,3.26,3.343,bbox,4.133,3.036,2.832,1.546
609,20.3,3.158,3.343,bbox,4.133,3.036,2.832,1.546
610,20.333,3.05,3.26,bbox,4.133,3.036,2.865,1.546
611,20.367,3.015,3.158,bbox,4.133,3.036,2.865,1.546
612,20.4,,,,4.133,3.036,2.865,1.546
613,20.433,2.928,3.05,bbox,4.168,3.036,2.932,1.546
614,20.467,2.927,3.015,bbox,4.203,3.036,2.932,1.546
615,20.5,2.894,2.928,bbox,4.266,3.036,2.932,1.546
616,20.533,2.89,2.927,bbox,4.266,3.036,2.932,1.546
617,20.567,2.881,2.894,bbox,4.266,3.036,2.964,1.546
618,20.6,2.9,2.894,bbox,4.266,3.036,3.031,1.546
619,20.633,2.842,2.89,bbox,4.266,3.036,3.07,1.546
620,20.667,2.799,2.881,bbox,4.266,3.036,3.07,1.546
621,20.7,2.819,2.842,bbox,4.266,3.036,3.181,1.546
622,20.733,2.774,2.819,bbox,4.266,3.036,3.244,1.546
623,20.767,2.703,2.799,bbox,4.266,3.083,3.284,1.546
624,20.8,2.679,2.774,bbox,4.266,3.127,3.377,1.546
625,20.833,2.645,2.703,bbox,4.266,3.127,3.452,1.546
626,20.867,2.429,2.679,bbox,4.266,3.169,3.55,1.546
627,20.9,2.42,2.645,bbox,4.266,3.227,3.685,1.546
628,20.933,,,,4.266,3.227,3.685,1.546
629,20.967,,,,4.266,3.227,3.685,1.546
630,21.0,2.626,2.626,bbox,4.328,3.227,3.793,1.546
631,21.033,2.566,2.566,bbox,4.328,3.273,3.849,1.546
632,21.067,2.394,2.429,bbox,4.328,3.411,3.849,1.546
633,21.1,2.307,2.42,bbox,4.328,3.411,3.849,1.546
634,21.133,2.105,2.394,bbox,4.328,3.411,3.849,1.546
635,21.167,2.082,2.307,bbox,4.328,3.411,3.849,1.546
636,21.2,1.906,2.105,bbox,4.382,3.411,3.883,1.546
637,21.233,,,,4.382,3.411,3.883,1.546
638,21.267,,,,4.382,3.411,3.883,1.546
639,21.3,,,,4.382,3.411,3.883,1.546
640,21.333,,,,4.382,3.411,3.883,1.546
641,21.367,,,,4.382,3.411,3.883,1.546
642,21.4,,,,4.382,3.411,3.883,1.546
643,21.433,,,,4.382,3.411,3.883,1.546
644,21.467,,,,4.382,3.411,3.883,1.546
645,21.5,,,,4.382,3.411,3.883,1.546
646,21.533,,,,4.382,3.411,3.883,1.546
647,21.567,,,,4.382,3.411,3.883,1.546
648,21.6,,,,4.382,3.411,3.883,1.546
649,21.633,,,,4.382,3.411,3.883,1.546
650,21.667,,,,4.382,3.411,3.883,1.546
651,21.7,,,,4.382,3.411,3.883,1.546
652,21.733,,,,4.382,3.411,3.883,1.546
653,21.767,,,,4.382,3.411,3.883,1.546
654,21.8,,,,4.382,3.411,3.883,1.546
655,21.833,,,,4.382,3.411,3.883,1.546
656,21.867,,,,4.382,3.411,3.883,1.546
657,21.9,,,,4.382,3.411,3.883,1.546
658,21.933,,,,4.382,3.411,3.883,1.546
659,21.967,,,,4.382,3.411,3.883,1.546
660,22.0,,,,4.382,3.411,3.883,1.546
661,22.033,,,,4.382,3.411,3.883,1.546
662,22.067,,,,4.382,3.411,3.883,1.546
663,22.1,,,,4.382,3.411,3.883,1.546
664,22.133,,,,4.382,3.411,3.883,1.546
665,22.167,,,,4.382,3.411,3.883,1.546
666,22.2,,,,4.382,3.411,3.883,1.546
667,22.233,0.638,2.082,bbox,4.382,3.411,3.918,1.546
668,22.267,0.527,1.906,bbox,4.382,3.411,4.027,1.546
669,22.3,0.545,0.638,bbox,4.382,3.411,4.027,1.546
670,22.333,0.561,0.561,bbox,4.382,3.411,4.027,1.546
671,22.367,0.627,0.561,bbox,4.382,3.411,4.079,1.546
672,22.4,0.59,0.561,bbox,4.382,3.446,4.079,1.546
673,22.433,0.606,0.59,bbox,4.382,3.502,4.113,1.546
674,22.467,0.62,0.606,bbox,4.382,3.557,4.168,1.546
675,22.5,0.703,0.62,bbox,4.382,3.6,4.224,1.546
676,22.533,0.694,0.62,bbox,4.382,3.63,4.224,1.546
677,22.567,0.703,0.694,bbox,4.382,3.735,4.264,1.546
678,22.6,0.744,0.703,bbox,4.382,3.809,4.334,1.546
679,22.633,0.803,0.703,bbox,4.382,3.885,4.334,1.546
680,22.667,0.798,0.744,bbox,4.382,3.945,4.398,1.546
681,22.7,0.902,0.798,bbox,4.382,4.02,4.477,1.546
682,22.733,1.074,0.803,bbox,4.382,4.061,4.477,1.546
683,22.767,1.028,0.902,bbox,4.382,4.147,4.525,1.546
684,22.8,0.959,0.959,bbox,4.382,4.249,4.58,1.546
685,22.833,1.191,1.028,bbox,4.382,4.286,4.58,1.546
686,22.867,1.299,1.074,bbox,4.382,4.336,4.637,1.546
687,22.9,1.189,1.189,bbox,4.382,4.447,4.637,1.546
688,22.933,1.188,1.189,bbox,4.382,4.531,4.637,1.546
689,22.967,1.252,1.191,bbox,4.382,4.593,4.637,1.546
690,23.0,1.289,1.252,bbox,4.382,4.653,4.637,1.546
691,23.033,1.328,1.252,bbox,4.382,4.768,4.637,1.546
692,23.067,1.365,1.289,bbox,4.382,4.849,4.691,1.546
693,23.1,1.445,1.328,bbox,4.382,4.928,4.691,1.546
694,23.133,1.486,1.365,bbox,4.382,4.996,4.691,1.546
695,23.167,1.578,1.445,bbox,4.382,5.057,4.723,1.546
696,23.2,1.253,1.445,pose,4.382,5.113,4.723,1.546
697,23.233,1.605,1.486,bbox,4.382,5.173,4.723,1.546
698,23.267,1.623,1.578,bbox,4.382,5.233,4.723,1.546
699,23.3,1.76,1.605,bbox,4.382,5.293,4.723,1.546
700,23.333,1.807,1.623,bbox,4.382,5.364,4.723,1.546
701,23.367,1.921,1.76,bbox,4.382,5.43,4.723,1.546
702,23.4,2.152,1.807,bbox,4.382,5.501,4.723,1.546
703,23.433,2.312,1.921,bbox,4.382,5.573,4.723,1.546
704,23.467,1.996,1.996,bbox,4.382,5.639,4.723,1.546
705,23.5,1.525,1.996,pose,4.382,5.684,4.723,1.546
706,23.533,2.102,2.102,bbox,4.382,5.684,4.723,1.546
707,23.567,2.215,2.102,bbox,4.382,5.769,4.723,1.546
708,23.6,2.299,2.102,bbox,4.382,5.873,4.723,1.546
709,23.633,2.33,2.215,bbox,4.382,5.873,4.723,1.611
710,23.667,2.428,2.299,bbox,4.382,5.919,4.723,1.611
711,23.7,2.529,2.33,bbox,4.382,5.951,4.723,1.669
712,23.733,2.596,2.428,bbox,4.382,5.951,4.723,1.669
713,23.767,2.632,2.529,bbox,4.382,5.951,4.723,1.71
714,23.8,2.659,2.596,bbox,4.382,6.004,4.723,1.79
715,23.833,2.746,2.632,bbox,4.382,6.004,4.723,1.824
716,23.867,2.728,2.659,bbox,4.382,6.004,4.723,1.824
717,23.9,2.774,2.728,bbox,4.382,6.004,4.723,1.824
718,23.933,2.826,2.746,bbox,4.382,6.004,4.723,1.824
719,23.967,1.34,2.746,bbox,4.382,6.004,4.723,1.824
720,24.0,2.891,2.774,bbox,4.382,6.004,4.723,1.866
721,24.033,2.915,2.826,bbox,4.382,6.004,4.723,1.901
722,24.067,2.968,2.891,bbox,4.382,6.004,4.723,1.945
723,24.1,4.288,2.915,pose,4.382,6.004,4.723,2.054
724,24.133,3.0,2.968,bbox,4.382,6.004,4.723,2.054
725,24.167,3.096,3.0,bbox,4.382,6.004,4.723,2.094
726,24.2,3.133,3.096,bbox,4.382,6.004,4.723,2.094
727,24.233,3.177,3.133,bbox,4.382,6.004,4.723,2.094
728,24.267,3.223,3.133,bbox,4.382,6.004,4.723,2.19
729,24.3,3.222,3.177,bbox,4.382,6.004,4.723,2.19
730,24.333,1.895,3.177,bbox,4.382,6.004,4.723,2.19
731,24.367,1.9,3.177,bbox,4.382,6.004,4.723,2.19
732,24.4,1.86,1.9,bbox,4.382,6.004,4.723,2.19
733,24.433,1.856,1.895,bbox,4.421,6.004,4.723,2.19
734,24.467,1.545,1.86,bbox,4.47,6.004,4.723,2.19
735,24.5,3.377,1.86,bbox,4.47,6.004,4.723,2.19
736,24.533,1.568,1.856,bbox,4.47,6.004,4.723,2.19
737,24.567,1.556,1.568,bbox,4.47,6.052,4.776,2.19
738,24.6,1.535,1.556,bbox,4.47,6.052,4.844,2.19
739,24.633,1.6,1.568,bbox,4.47,6.052,4.844,2.19
740,24.667,1.532,1.556,bbox,4.47,6.052,4.844,2.19
741,24.7,1.921,1.556,pose,4.47,6.052,4.878,2.19
742,24.733,1.463,1.535,bbox,4.47,6.052,4.878,2.19
743,24.767,1.41,1.532,bbox,4.47,6.052,4.98,2.19
744,24.8,1.388,1.463,bbox,4.47,6.052,5.033,2.19
745,24.833,1.391,1.41,bbox,4.47,6.09,5.064,2.19
746,24.867,1.378,1.391,bbox,4.47,6.09,5.064,2.19
747,24.9,1.724,1.391,pose,4.47,6.09,5.064,2.19
748,24.933,1.39,1.39,bbox,4.47,6.09,5.064,2.19
749,24.967,1.374,1.39,bbox,4.47,6.09,5.094,2.19
750,25.0,1.729,1.39,pose,4.47,6.129,5.188,2.19
751,25.033,1.568,1.568,bbox,4.47,6.129,5.223,2.19
752,25.067,1.577,1.568,bbox,4.47,6.129,5.223,2.19
753,25.1,1.641,1.577,bbox,4.47,6.176,5.263,2.19
754,25.133,1.574,1.577,bbox,4.47,6.176,5.307,2.19
755,25.167,1.513,1.574,bbox,4.47,6.176,5.307,2.19
756,25.2,1.513,1.574,bbox,4.47,6.176,5.307,2.19
757,25.233,2.914,1.574,bbox,4.47,6.176,5.307,2.19
758,25.267,,,,4.47,6.176,5.307,2.19
759,25.3,2.923,1.574,bbox,4.47,6.176,5.307,2.274
760,25.333,2.867,2.867,bbox,4.47,6.176,5.307,2.274
761,25.367,2.934,2.914,bbox,4.47,6.176,5.307,2.346
762,25.4,2.838,2.914,pose,4.47,6.176,5.307,2.346
763,25.433,2.992,2.923,bbox,4.47,6.176,5.307,2.346
764,25.467,3.023,2.934,bbox,4.47,6.278,5.307,2.346
765,25.5,3.038,2.992,bbox,4.47,6.36,5.307,2.346
766,25.533,3.072,3.023,bbox,4.47,6.36,5.307,2.346
767,25.567,3.168,3.038,bbox,4.47,6.36,5.307,2.346
768,25.6,3.727,3.072,pose,4.47,6.36,5.307,2.346
769,25.633,3.133,3.133,bbox,4.47,6.36,5.307,2.346
770,25.667,3.156,3.156,bbox,4.5,6.36,5.307,2.346
771,25.7,3.84,3.168,pose,4.5,6.36,5.307,2.346
772,25.733,,,,4.5,6.36,5.307,2.346
773,25.767,,,,4.5,6.36,5.307,2.346
774,25.8,,,,4.5,6.36,5.307,2.346
775,25.833,,,,4.5,6.36,5.307,2.346
776,25.867,,,,4.5,6.36,5.307,2.346
777,25.9,,,,4.5,6.36,5.307,2.346
778,25.933,,,,4.5,6.36,5.307,2.346
779,25.967,,,,4.5,6.36,5.307,2.346
780,26.0,5.218,3.727,pose,4.5,6.36,5.376,2.346
781,26.033,3.276,3.276,bbox,4.5,6.36,5.376,2.346
782,26.067,3.306,3.306,bbox,4.5,6.36,5.484,2.346
783,26.1,5.216,3.84,pose,4.5,6.36,5.484,2.346
784,26.133,3.345,3.345,bbox,4.5,6.429,5.537,2.346
785,26.167,3.356,3.345,bbox,4.5,6.46,5.567,2.346
786,26.2,3.432,3.356,bbox,4.5,6.491,5.623,2.346
787,26.233,,,,4.5,6.491,5.623,2.346
788,26.267,,,,4.5,6.491,5.623,2.346
789,26.3,,,,4.5,6.491,5.623,2.346
790,26.333,,,,4.5,6.491,5.623,2.346
791,26.367,,,,4.5,6.491,5.623,2.346
792,26.4,,,,4.5,6.491,5.623,2.346
793,26.433,,,,4.5,6.491,5.623,2.346
794,26.467,,,,4.5,6.491,5.623,2.346
795,26.5,,,,4.5,6.491,5.623,2.346
796,26.533,,,,4.5,6.491,5.623,2.346
797,26.567,,,,4.5,6.491,5.623,2.346
798,26.6,,,,4.5,6.491,5.623,2.346
799,26.633,,,,4.5,6.491,5.623,2.346
800,26.667,,,,4.5,6.491,5.623,2.346
801,26.7,,,,4.5,6.491,5.623,2.346
802,26.733,,,,4.5,6.491,5.623,2.346
803,26.767,,,,4.5,6.491,5.623,2.346
804,26.8,,,,4.5,6.491,5.623,2.346
805,26.833,,,,4.5,6.491,5.623,2.346
806,26.867,,,,4.5,6.491,5.623,2.346
807,26.9,,,,4.5,6.491,5.623,2.346
808,26.933,,,,4.5,6.491,5.623,2.346
809,26.967,,,,4.5,6.491,5.623,2.346
810,27.0,,,,4.5,6.491,5.623,2.346
811,27.033,,,,4.5,6.491,5.623,2.346
812,27.067,,,,4.5,6.491,5.623,2.346
813,27.1,,,,4.5,6.491,5.623,2.346
814,27.133,,,,4.5,6.491,5.623,2.346
815,27.167,,,,4.5,6.491,5.623,2.346
816,27.2,,,,4.5,6.491,5.623,2.346
817,27.233,,,,4.5,6.491,5.623,2.346
818,27.267,,,,4.5,6.491,5.623,2.346
819,27.3,,,,4.5,6.491,5.623,2.346
820,27.333,,,,4.5,6.491,5.623,2.346
821,27.367,,,,4.5,6.491,5.623,2.346
822,27.4,,,,4.5,6.491,5.623,2.346
823,27.433,,,,4.5,6.491,5.623,2.346
824,27.467,,,,4.5,6.491,5.623,2.346
825,27.5,,,,4.5,6.491,5.623,2.346
826,27.533,,,,4.5,6.491,5.623,2.346
827,27.567,,,,4.5,6.491,5.623,2.346
828,27.6,,,,4.5,6.491,5.623,2.346
829,27.633,,,,4.5,6.491,5.623,2.346
830,27.667,,,,4.5,6.491,5.623,2.346
831,27.7,,,,4.5,6.491,5.623,2.346
832,27.733,,,,4.5,6.491,5.623,2.346
833,27.767,,,,4.5,6.491,5.623,2.346
834,27.8,3.976,3.432,bbox,4.5,6.491,5.623,2.346
835,27.833,3.993,3.432,bbox,4.5,6.536,5.623,2.346
836,27.867,3.995,3.976,bbox,4.5,6.536,5.623,2.346
837,27.9,6.053,3.993,pose,4.5,6.627,5.623,2.346
838,27.933,4.041,3.995,bbox,4.5,6.627,5.623,2.346
839,27.967,4.106,4.041,bbox,4.5,6.627,5.623,2.346
840,28.0,4.368,4.106,pose,4.5,6.688,5.623,2.346
841,28.033,4.096,4.106,bbox,4.5,6.688,5.681,2.346
842,28.067,4.042,4.096,bbox,4.5,6.688,5.681,2.346
843,28.1,4.107,4.106,bbox,4.5,6.688,5.681,2.346
844,28.133,4.134,4.107,bbox,4.5,6.688,5.681,2.346
845,28.167,,,,4.5,6.688,5.681,2.346
846,28.2,,,,4.5,6.688,5.681,2.346
847,28.233,,,,4.5,6.688,5.681,2.346
848,28.267,,,,4.5,6.688,5.681,2.346
849,28.3,,,,4.5,6.688,5.681,2.346
850,28.333,4.045,4.096,bbox,4.5,6.743,5.681,2.346
851,28.367,,,,4.5,6.743,5.681,2.346
852,28.4,4.189,4.107,pose,4.5,6.743,5.681,2.346
853,28.433,3.999,4.107,bbox,4.5,6.743,5.681,2.346
854,28.467,3.987,4.045,bbox,4.5,6.784,5.717,2.346
855,28.5,3.625,3.999,pose,4.5,6.843,5.81,2.346
856,28.533,4.003,3.999,bbox,4.5,6.843,5.846,2.346
857,28.567,4.017,3.999,bbox,4.5,6.843,5.916,2.346
858,28.6,2.336,3.987,pose,4.5,6.876,5.916,2.346
859,28.633,3.967,3.967,bbox,4.5,6.876,5.916,2.346
860,28.667,3.954,3.967,bbox,4.5,6.876,5.968,2.346
861,28.7,0.558,3.954,pose,4.5,6.967,5.968,2.346
862,28.733,3.927,3.927,bbox,4.5,6.967,5.999,2.346
863,28.767,3.902,3.927,bbox,4.5,6.967,5.999,2.346
864,28.8,0.837,3.902,pose,4.5,6.967,5.999,2.346
865,28.833,3.939,3.902,bbox,4.5,6.967,6.039,2.346
866,28.867,3.983,3.927,bbox,4.5,7.013,6.039,2.346
867,28.9,4.073,3.939,bbox,4.5,7.084,6.039,2.346
868,28.933,4.027,3.983,bbox,4.5,7.084,6.039,2.346
869,28.967,4.121,4.027,bbox,4.5,7.187,6.039,2.346
870,29.0,3.622,4.027,pose,4.5,7.187,6.039,2.346
871,29.033,4.145,4.073,bbox,4.5,7.259,6.039,2.346
872,29.067,4.216,4.121,bbox,4.5,7.259,6.039,2.346
873,29.1,4.253,4.145,pose,4.5,7.337,6.039,2.346
874,29.133,4.221,4.216,bbox,4.5,7.337,6.039,2.346
875,29.167,4.245,4.221,bbox,4.5,7.386,6.039,2.346
876,29.2,4.26,4.245,bbox,4.5,7.386,6.039,2.346
877,29.233,4.243,4.245,bbox,4.5,7.386,6.039,2.346
878,29.267,4.299,4.245,bbox,4.5,7.386,6.039,2.346
879,29.3,4.256,4.256,bbox,4.5,7.461,6.039,2.346
880,29.333,4.377,4.26,bbox,4.5,7.461,6.039,2.346
881,29.367,4.508,4.299,bbox,4.5,7.461,6.039,2.346
882,29.4,4.324,4.324,pose,4.5,7.542,6.039,2.346
883,29.433,4.665,4.377,bbox,4.5,7.542,6.039,2.346
884,29.467,4.831,4.508,bbox,4.5,7.589,6.039,2.346
885,29.5,6.777,4.665,pose,4.5,7.692,6.039,2.386
886,29.533,4.861,4.831,bbox,4.5,7.728,6.039,2.386
887,29.567,5.104,4.861,bbox,4.5,7.821,6.039,2.386
888,29.6,5.009,5.009,bbox,4.5,7.821,6.039,2.386
889,29.633,5.002,5.009,bbox,4.5,7.875,6.039,2.386
890,29.667,,,,4.5,7.875,6.039,2.386
891,29.7,,,,4.5,7.875,6.039,2.386
892,29.733,,,,4.5,7.875,6.039,2.386
893,29.767,,,,4.5,7.875,6.039,2.386
894,29.8,,,,4.5,7.875,6.039,2.386
895,29.833,,,,4.5,7.875,6.039,2.386
896,29.867,,,,4.5,7.875,6.039,2.386
897,29.9,,,,4.5,7.875,6.039,2.386
898,29.933,,,,4.5,7.875,6.039,2.386
899,29.967,,,,4.5,7.875,6.039,2.386
900,30.0,,,,4.5,7.875,6.039,2.386
901,30.033,,,,4.5,7.875,6.039,2.386
902,30.067,,,,4.5,7.875,6.039,2.386
903,30.1,,,,4.5,7.875,6.039,2.386
904,30.133,,,,4.5,7.875,6.039,2.386
905,30.167,,,,4.5,7.875,6.039,2.386
906,30.2,,,,4.5,7.875,6.039,2.386
907,30.233,,,,4.5,7.875,6.039,2.386
908,30.267,,,,4.5,7.875,6.039,2.386
909,30.3,,,,4.5,7.875,6.039,2.386
910,30.333,,,,4.5,7.875,6.039,2.386
911,30.367,,,,4.5,7.875,6.039,2.386
912,30.4,,,,4.5,7.875,6.039,2.386
913,30.433,,,,4.5,7.875,6.039,2.386
914,30.467,,,,4.5,7.875,6.039,2.386
915,30.5,,,,4.5,7.875,6.039,2.386
916,30.533,,,,4.5,7.875,6.039,2.386
917,30.567,,,,4.5,7.875,6.039,2.386
918,30.6,,,,4.5,7.875,6.039,2.386
919,30.633,,,,4.5,7.875,6.039,2.386
920,30.667,,,,4.5,7.875,6.039,2.386
921,30.7,,,,4.5,7.875,6.039,2.386
922,30.733,,,,4.5,7.875,6.039,2.386
923,30.767,,,,4.5,7.875,6.039,2.386
924,30.8,,,,4.5,7.875,6.039,2.386
925,30.833,,,,4.5,7.875,6.039,2.386
926,30.867,5.373,5.009,bbox,4.5,7.875,6.039,2.386
927,30.9,5.33,5.104,bbox,4.5,7.875,6.039,2.386
928,30.933,5.325,5.325,bbox,4.5,7.875,6.17,2.386
929,30.967,5.306,5.325,bbox,4.5,7.875,6.17,2.386
930,31.0,5.307,5.325,pose,4.5,7.875,6.17,2.386
931,31.033,5.245,5.307,bbox,4.5,7.875,6.17,2.386
932,31.067,5.24,5.306,bbox,4.5,7.875,6.203,2.386
933,31.1,5.337,5.306,bbox,4.5,7.875,6.203,2.386
934,31.133,5.381,5.307,bbox,4.5,7.875,6.203,2.386
935,31.167,5.332,5.332,bbox,4.5,7.875,6.203,2.386
936,31.2,5.331,5.332,bbox,4.5,7.875,6.203,2.386
937,31.233,5.451,5.337,bbox,4.5,7.875,6.203,2.386
938,31.267,5.491,5.381,bbox,4.5,7.875,6.203,2.386
939,31.3,5.489,5.451,bbox,4.5,7.875,6.203,2.386
940,31.333,5.425,5.451,bbox,4.5,7.875,6.203,2.386
941,31.367,5.35,5.451,bbox,4.5,7.875,6.203,2.386
942,31.4,5.455,5.455,bbox,4.542,7.875,6.203,2.386
943,31.433,,,,4.542,7.875,6.203,2.386
944,31.467,5.444,5.444,bbox,4.542,7.875,6.203,2.386
945,31.5,5.182,5.425,pose,4.577,7.875,6.203,2.386
946,31.533,5.445,5.444,bbox,4.577,7.875,6.203,2.386
947,31.567,5.484,5.445,bbox,4.639,7.875,6.203,2.386
948,31.6,5.554,5.445,bbox,4.639,7.875,6.203,2.386
949,31.633,5.568,5.484,bbox,4.716,7.875,6.203,2.386
950,31.667,5.52,5.52,bbox,4.752,7.875,6.203,2.386
951,31.7,5.182,5.52,pose,4.752,7.875,6.203,2.386
952,31.733,5.455,5.52,bbox,4.752,7.875,6.203,2.386
953,31.767,5.458,5.458,bbox,4.752,7.875,6.203,2.432
954,31.8,5.35,5.455,bbox,4.752,7.875,6.203,2.432
955,31.833,5.254,5.35,bbox,4.752,7.875,6.203,2.432
956,31.867,5.231,5.35,bbox,4.752,7.875,6.203,2.432
957,31.9,,,,4.752,7.875,6.203,2.432
958,31.933,,,,4.752,7.875,6.203,2.432
959,31.967,5.253,5.254,bbox,4.796,7.875,6.203,2.462
960,32.0,5.055,5.253,pose,4.796,7.875,6.203,2.462
961,32.033,,,,4.796,7.875,6.203,2.462
962,32.067,,,,4.796,7.875,6.203,2.462
963,32.1,,,,4.796,7.875,6.203,2.462
964,32.133,,,,4.796,7.875,6.203,2.462
965,32.167,,,,4.796,7.875,6.203,2.462
966,32.2,,,,4.796,7.875,6.203,2.462
967,32.233,,,,4.796,7.875,6.203,2.462
968,32.267,,,,4.796,7.875,6.203,2.462
969,32.3,,,,4.796,7.875,6.203,2.462
970,32.333,,,,4.796,7.875,6.203,2.462
971,32.367,,,,4.796,7.875,6.203,2.462
972,32.4,4.732,5.231,pose,4.834,7.875,6.203,2.462
973,32.433,,,,4.834,7.875,6.203,2.462
974,32.467,4.823,5.055,bbox,4.834,7.875,6.203,2.462
975,32.5,,,,4.834,7.875,6.203,2.462
976,32.533,,,,4.834,7.875,6.203,2.462
977,32.567,,,,4.834,7.875,6.203,2.462
978,32.6,4.485,4.823,pose,4.834,7.875,6.203,2.536
979,32.633,4.761,4.761,bbox,4.984,7.875,6.203,2.536
980,32.667,4.74,4.74,bbox,5.02,7.875,6.203,2.536
981,32.7,4.76,4.76,bbox,5.02,7.875,6.203,2.536
982,32.733,4.749,4.749,bbox,5.05,7.875,6.203,2.536
983,32.767,4.765,4.76,bbox,5.05,7.875,6.203,2.536
984,32.8,4.79,4.76,bbox,5.088,7.875,6.203,2.536
985,32.833,,,,5.088,7.875,6.203,2.536
986,32.867,,,,5.088,7.875,6.203,2.536
987,32.9,,,,5.088,7.875,6.203,2.536
988,32.933,4.697,4.76,bbox,5.088,7.875,6.203,2.536
989,32.967,4.736,4.749,bbox,5.088,7.875,6.203,2.536
990,33.0,4.821,4.765,pose,5.088,7.875,6.203,2.536
991,33.033,4.623,4.736,bbox,5.211,7.875,6.203,2.536
992,33.067,4.638,4.697,bbox,5.211,7.875,6.203,2.536
993,33.1,4.858,4.736,pose,5.211,7.875,6.203,2.536
994,33.133,4.716,4.716,bbox,5.246,7.875,6.203,2.536
995,33.167,4.727,4.716,bbox,5.246,7.875,6.203,2.536
996,33.2,4.808,4.727,pose,5.246,7.875,6.203,2.536
997,33.233,4.753,4.753,bbox,5.246,7.985,6.203,2.536
998,33.267,4.82,4.753,bbox,5.246,7.985,6.203,2.536
999,33.3,4.847,4.808,bbox,5.246,8.026,6.203,2.536
1000,33.333,4.808,4.808,bbox,5.246,8.026,6.203,2.536
1001,33.367,4.817,4.817,bbox,5.246,8.026,6.203,2.536
1002,33.4,,,,5.246,8.026,6.203,2.536
1003,33.433,,,,5.246,8.026,6.203,2.536
1004,33.467,,,,5.246,8.026,6.203,2.536
1005,33.5,,,,5.246,8.026,6.203,2.536
1006,33.533,,,,5.246,8.026,6.203,2.536
1007,33.567,,,,5.246,8.026,6.203,2.536
1008,33.6,,,,5.246,8.026,6.203,2.536
1009,33.633,4.621,4.817,bbox,5.246,8.026,6.203,2.536
1010,33.667,4.664,4.808,bbox,5.246,8.026,6.203,2.536
1011,33.7,4.554,4.664,pose,5.246,8.122,6.203,2.536
1012,33.733,,,,5.246,8.122,6.203,2.536
1013,33.767,,,,5.246,8.122,6.203,2.536
1014,33.8,,,,5.246,8.122,6.203,2.536
1015,33.833,4.893,4.664,bbox,5.246,8.122,6.244,2.536
1016,33.867,,,,5.246,8.122,6.244,2.536
1017,33.9,,,,5.246,8.122,6.244,2.536
1018,33.933,,,,5.246,8.122,6.244,2.536
1019,33.967,,,,5.246,8.122,6.244,2.536
1020,34.0,,,,5.246,8.122,6.244,2.536
1021,34.033,,,,5.246,8.122,6.244,2.536
1022,34.067,,,,5.246,8.122,6.244,2.536
1023,34.1,,,,5.246,8.122,6.244,2.536
1024,34.133,,,,5.246,8.122,6.244,2.536
1025,34.167,,,,5.246,8.122,6.244,2.536
1026,34.2,,,,5.246,8.122,6.244,2.536
1027,34.233,,,,5.246,8.122,6.244,2.536
1028,34.267,,,,5.246,8.122,6.244,2.536
1029,34.3,,,,5.246,8.122,6.244,2.536
1030,34.333,,,,5.246,8.122,6.244,2.536
1031,34.367,,,,5.246,8.122,6.244,2.536
1032,34.4,,,,5.246,8.122,6.244,2.536
1033,34.433,,,,5.246,8.122,6.244,2.536
1034,34.467,,,,5.246,8.122,6.244,2.536
1035,34.5,,,,5.246,8.122,6.244,2.536
1036,34.533,,,,5.246,8.122,6.244,2.536
1037,34.567,,,,5.246,8.122,6.244,2.536
1038,34.6,,,,5.246,8.122,6.244,2.536
1039,34.633,,,,5.246,8.122,6.244,2.536
1040,34.667,,,,5.246,8.122,6.244,2.536
1041,34.7,,,,5.246,8.122,6.244,2.536
1042,34.733,,,,5.246,8.122,6.244,2.536
1043,34.767,,,,5.246,8.122,6.244,2.536
1044,34.8,,,,5.246,8.122,6.244,2.536
1045,34.833,,,,5.246,8.122,6.244,2.536
1046,34.867,,,,5.246,8.122,6.244,2.536
1047,34.9,,,,5.246,8.122,6.244,2.536
1048,34.933,,,,5.246,8.122,6.244,2.536
1049,34.967,,,,5.246,8.122,6.244,2.536
1050,35.0,,,,5.246,8.122,6.244,2.536
1051,35.033,,,,5.246,8.122,6.244,2.536
1052,35.067,,,,5.246,8.122,6.244,2.536
1053,35.1,,,,5.246,8.122,6.244,2.536
1054,35.133,,,,5.246,8.122,6.244,2.536
1055,35.167,,,,5.246,8.122,6.244,2.536
1056,35.2,,,,5.246,8.122,6.244,2.536
1057,35.233,,,,5.246,8.122,6.244,2.536
1058,35.267,,,,5.246,8.122,6.244,2.536
1059,35.3,,,,5.246,8.122,6.244,2.536
1060,35.333,,,,5.246,8.122,6.244,2.536
1061,35.367,,,,5.246,8.122,6.244,2.536
1062,35.4,,,,5.246,8.122,6.244,2.536
1063,35.433,,,,5.246,8.122,6.244,2.536
1064,35.467,,,,5.246,8.122,6.244,2.536
1065,35.5,,,,5.246,8.122,6.244,2.536
1066,35.533,,,,5.246,8.122,6.244,2.536
1067,35.567,,,,5.246,8.122,6.244,2.536
1068,35.6,,,,5.246,8.122,6.244,2.536
1069,35.633,,,,5.246,8.122,6.244,2.536
1070,35.667,,,,5.246,8.122,6.244,2.536
1071,35.7,,,,5.246,8.122,6.244,2.536
1072,35.733,,,,5.246,8.122,6.244,2.536
1073,35.767,,,,5.246,8.122,6.244,2.536
1074,35.8,4.012,4.621,pose,5.246,8.122,6.244,2.536
1075,35.833,4.323,4.554,bbox,5.246,8.122,6.295,2.536
1076,35.867,4.309,4.323,bbox,5.246,8.122,6.384,2.536
1077,35.9,4.067,4.309,pose,5.302,8.122,6.384,2.536
1078,35.933,4.213,4.213,bbox,5.358,8.122,6.429,2.536
1079,35.967,4.198,4.213,bbox,5.358,8.122,6.429,2.536
1080,36.0,4.129,4.198,pose,5.358,8.122,6.429,2.579
1081,36.033,4.199,4.198,bbox,5.405,8.122,6.429,2.579
1082,36.067,4.22,4.199,bbox,5.405,8.122,6.429,2.579
1083,36.1,4.165,4.198,pose,5.405,8.122,6.429,2.609
1084,36.133,4.313,4.199,bbox,5.405,8.122,6.429,2.686
1085,36.167,4.335,4.22,bbox,5.405,8.122,6.429,2.686
1086,36.2,4.343,4.313,bbox,5.405,8.122,6.429,2.686
1087,36.233,4.377,4.335,bbox,5.405,8.122,6.429,2.686
1088,36.267,4.384,4.343,bbox,5.405,8.122,6.429,2.686
1089,36.3,4.353,4.353,bbox,5.405,8.122,6.429,2.686
1090,36.333,4.374,4.374,bbox,5.405,8.122,6.429,2.686
1091,36.367,4.381,4.377,bbox,5.405,8.122,6.429,2.686
1092,36.4,4.398,4.381,bbox,5.405,8.122,6.429,2.686
1093,36.433,4.485,4.381,bbox,5.452,8.122,6.429,2.686
1094,36.467,4.41,4.398,bbox,5.452,8.122,6.429,2.686
1095,36.5,4.406,4.406,bbox,5.452,8.122,6.429,2.718
1096,36.533,4.441,4.41,bbox,5.452,8.122,6.429,2.718
1097,36.567,4.492,4.441,bbox,5.452,8.122,6.429,2.718
1098,36.6,4.586,4.441,bbox,5.452,8.122,6.429,2.718
1099,36.633,4.662,4.492,bbox,5.452,8.168,6.429,2.718
1100,36.667,4.791,4.586,bbox,5.452,8.168,6.429,2.718
1101,36.7,4.909,4.662,bbox,5.452,8.214,6.429,2.718
1102,36.733,4.925,4.791,bbox,5.452,8.248,6.429,2.718
1103,36.767,4.959,4.909,bbox,5.452,8.248,6.429,2.718
1104,36.8,4.946,4.925,bbox,5.452,8.248,6.429,2.718
1105,36.833,4.931,4.931,bbox,5.452,8.248,6.429,2.718
1106,36.867,4.914,4.931,bbox,5.452,8.248,6.429,2.718
1107,36.9,5.041,4.946,bbox,5.452,8.248,6.429,2.718
1108,36.933,5.105,4.946,bbox,5.452,8.326,6.429,2.718
1109,36.967,5.348,5.041,bbox,5.452,8.326,6.429,2.718
1110,37.0,5.327,5.105,bbox,5.452,8.373,6.429,2.718
1111,37.033,5.333,5.327,bbox,5.452,8.467,6.429,2.718
1112,37.067,,,,5.452,8.467,6.429,2.718
1113,37.1,,,,5.452,8.467,6.429,2.718
1114,37.133,,,,5.452,8.467,6.429,2.718
1115,37.167,,,,5.452,8.467,6.429,2.718
1116,37.2,,,,5.452,8.467,6.429,2.718
1117,37.233,,,,5.452,8.467,6.429,2.718
1118,37.267,,,,5.452,8.467,6.429,2.718
1119,37.3,,,,5.452,8.467,6.429,2.718
1120,37.333,,,,5.452,8.467,6.429,2.718
1121,37.367,,,,5.452,8.467,6.429,2.718
1122,37.4,,,,5.452,8.467,6.429,2.718
1123,37.433,,,,5.452,8.467,6.429,2.718
1124,37.467,5.397,5.333,bbox,5.452,8.467,6.429,2.718
1125,37.5,5.367,5.348,bbox,5.452,8.576,6.429,2.718
1126,37.533,3.2,5.333,bbox,5.452,8.576,6.429,2.718
1127,37.567,3.136,5.333,bbox,5.583,8.576,6.429,2.718
1128,37.6,3.08,3.2,pose,5.583,8.576,6.429,2.718
1129,37.633,3.094,3.136,bbox,5.583,8.576,6.429,2.718
1130,37.667,3.042,3.094,bbox,5.583,8.576,6.429,2.718
1131,37.7,2.997,3.08,bbox,5.583,8.576,6.429,2.718
1132,37.733,2.975,3.042,bbox,5.583,8.576,6.466,2.718
1133,37.767,2.933,2.997,bbox,5.583,8.576,6.466,2.718
1134,37.8,4.924,2.997,pose,5.583,8.576,6.466,2.718
1135,37.833,,,,5.583,8.576,6.466,2.718
1136,37.867,,,,5.583,8.576,6.466,2.718
1137,37.9,2.758,2.975,bbox,5.583,8.576,6.466,2.718
1138,37.933,2.72,2.933,bbox,5.633,8.576,6.466,2.718
1139,37.967,5.151,2.933,bbox,5.633,8.576,6.519,2.718
1140,38.0,5.147,4.924,bbox,5.633,8.576,6.519,2.718
1141,38.033,5.119,5.119,bbox,5.633,8.576,6.519,2.718
1142,38.067,2.617,5.119,bbox,5.633,8.576,6.519,2.718
1143,38.1,,,,5.633,8.576,6.519,2.718
1144,38.133,,,,5.633,8.576,6.519,2.718
1145,38.167,4.903,5.119,bbox,5.633,8.576,6.519,2.718
1146,38.2,4.883,4.903,bbox,5.633,8.576,6.519,2.718
1147,38.233,4.908,4.903,bbox,5.633,8.576,6.519,2.718
1148,38.267,4.996,4.903,bbox,5.633,8.576,6.519,2.718
1149,38.3,4.875,4.903,pose,5.633,8.576,6.519,2.718
1150,38.333,4.962,4.908,bbox,5.633,8.576,6.519,2.718
1151,38.367,4.924,4.924,bbox,5.633,8.576,6.519,2.718
1152,38.4,2.713,4.924,pose,5.633,8.576,6.519,2.718
1153,38.433,2.431,4.875,bbox,5.633,8.576,6.519,2.718
1154,38.467,2.438,2.713,bbox,5.633,8.576,6.519,2.718
1155,38.5,2.86,2.713,pose,5.633,8.576,6.519,2.718
1156,38.533,2.369,2.438,bbox,5.633,8.576,6.519,2.718
1157,38.567,2.335,2.431,bbox,5.633,8.576,6.519,2.718
1158,38.6,2.78,2.438,pose,5.663,8.576,6.519,2.718
1159,38.633,2.298,2.369,bbox,5.696,8.576,6.519,2.718
1160,38.667,2.255,2.335,bbox,5.696,8.576,6.519,2.718
1161,38.7,2.76,2.335,pose,5.696,8.576,6.519,2.718
1162,38.733,2.224,2.298,bbox,5.696,8.576,6.519,2.718
1163,38.767,4.825,2.298,bbox,5.696,8.576,6.519,2.718
1164,38.8,4.703,2.76,pose,5.696,8.576,6.519,2.718
1165,38.833,4.743,4.703,bbox,5.696,8.576,6.519,2.718
1166,38.867,4.709,4.709,bbox,5.696,8.576,6.519,2.718
1167,38.9,4.672,4.709,pose,5.696,8.576,6.519,2.718
1168,38.933,4.656,4.703,bbox,5.696,8.576,6.519,2.718
1169,38.967,4.644,4.672,bbox,5.696,8.576,6.519,2.718
1170,39.0,4.641,4.656,bbox,5.696,8.576,6.519,2.718
1171,39.033,4.632,4.644,bbox,5.696,8.576,6.519,2.718
1172,39.067,4.631,4.641,bbox,5.696,8.576,6.519,2.718
1173,39.1,4.633,4.633,bbox,5.696,8.576,6.519,2.718
1174,39.133,4.669,4.633,bbox,5.696,8.576,6.519,2.718
1175,39.167,4.718,4.633,bbox,5.696,8.576,6.519,2.718
1176,39.2,4.618,4.633,pose,5.696,8.609,6.519,2.718
1177,39.233,4.745,4.669,bbox,5.696,8.609,6.519,2.718
1178,39.267,4.739,4.718,bbox,5.696,8.64,6.519,2.718
1179,39.3,4.523,4.718,pose,5.696,8.64,6.519,2.718
1180,39.333,4.766,4.739,bbox,5.696,8.64,6.519,2.718
1181,39.367,4.73,4.739,bbox,5.696,8.64,6.519,2.718
1182,39.4,4.516,4.73,pose,5.696,8.64,6.519,2.718
1183,39.433,4.82,4.73,bbox,5.696,8.64,6.519,2.718
1184,39.467,4.789,4.766,bbox,5.696,8.64,6.519,2.718
1185,39.5,4.866,4.789,bbox,5.696,8.64,6.519,2.718
1186,39.533,4.789,4.789,bbox,5.696,8.64,6.519,2.718
1187,39.567,4.896,4.82,bbox,5.696,8.64,6.519,2.718
1188,39.6,2.156,4.789,bbox,5.696,8.64,6.519,2.718
1189,39.633,2.131,4.789,bbox,5.696,8.64,6.519,2.718
1190,39.667,4.846,4.789,bbox,5.696,8.64,6.519,2.718
1191,39.7,4.859,4.846,bbox,5.696,8.64,6.519,2.718
1192,39.733,4.945,4.846,bbox,5.696,8.64,6.519,2.718
1193,39.767,2.195,4.846,bbox,5.696,8.64,6.519,2.755
1194,39.8,2.015,4.846,pose,5.696,8.64,6.519,2.755
1195,39.833,2.171,2.195,bbox,5.696,8.64,6.519,2.755
1196,39.867,2.201,2.195,bbox,5.696,8.64,6.519,2.755
1197,39.9,1.5,2.171,pose,5.696,8.64,6.519,2.755
1198,39.933,2.133,2.133,bbox,5.696,8.64,6.519,2.755
1199,39.967,2.134,2.134,bbox,5.696,8.64,6.519,2.755
1200,40.0,2.131,2.133,bbox,5.696,8.64,6.519,2.755
1201,40.033,2.137,2.133,bbox,5.696,8.64,6.519,2.755
1202,40.067,2.1,2.133,bbox,5.696,8.64,6.519,2.755
1203,40.1,2.136,2.134,bbox,5.696,8.64,6.519,2.755
1204,40.133,2.171,2.136,bbox,5.696,8.64,6.519,2.755
1205,40.167,2.202,2.137,bbox,5.696,8.64,6.519,2.755
1206,40.2,2.223,2.171,bbox,5.696,8.64,6.519,2.755
1207,40.233,2.221,2.202,bbox,5.696,8.64,6.519,2.755
1208,40.267,2.218,2.218,bbox,5.696,8.64,6.519,2.755
1209,40.3,0.881,2.218,pose,5.696,8.64,6.519,2.755
1210,40.333,2.207,2.218,bbox,5.696,8.64,6.519,2.755
1211,40.367,2.175,2.207,bbox,5.696,8.64,6.519,2.755
1212,40.4,2.126,2.175,bbox,5.696,8.64,6.519,2.755
1213,40.433,2.103,2.126,bbox,5.696,8.64,6.519,2.755
1214,40.467,2.08,2.126,bbox,5.696,8.64,6.519,2.755
1215,40.5,3.149,2.126,pose,5.696,8.64,6.519,2.755
1216,40.533,1.972,2.103,bbox,5.696,8.64,6.519,2.755
1217,40.567,2.01,2.08,bbox,5.696,8.64,6.558,2.755
1218,40.6,3.926,2.08,pose,5.696,8.64,6.558,2.755
1219,40.633,2.008,2.01,bbox,5.696,8.64,6.608,2.755
1220,40.667,1.986,2.008,bbox,5.696,8.64,6.608,2.755
1221,40.7,1.094,2.008,pose,5.696,8.671,6.608,2.755
1222,40.733,1.957,1.986,bbox,5.73,8.671,6.608,2.755
1223,40.767,1.897,1.957,bbox,5.767,8.671,6.608,2.755
1224,40.8,1.771,1.897,pose,5.767,8.671,6.608,2.755
1225,40.833,1.819,1.819,bbox,5.807,8.671,6.608,2.755
1226,40.867,1.766,1.819,bbox,5.807,8.671,6.608,2.755
1227,40.9,1.714,1.771,bbox,5.837,8.671,6.608,2.755
1228,40.933,1.692,1.766,bbox,5.837,8.671,6.608,2.755
1229,40.967,1.675,1.714,bbox,5.837,8.671,6.608,2.755
1230,41.0,1.651,1.692,bbox,5.919,8.671,6.608,2.755
1231,41.033,4.505,1.692,bbox,5.919,8.671,6.608,2.755
1232,41.067,4.447,1.692,bbox,5.919,8.671,6.608,2.755
1233,41.1,4.433,4.433,bbox,5.919,8.671,6.608,2.755
1234,41.133,4.399,4.433,bbox,5.919,8.671,6.608,2.755
1235,41.167,4.354,4.433,bbox,5.919,8.671,6.608,2.755
1236,41.2,4.302,4.399,bbox,5.919,8.671,6.608,2.755
1237,41.233,1.614,4.354,bbox,5.919,8.671,6.608,2.755
1238,41.267,1.603,4.302,bbox,5.919,8.671,6.608,2.755
1239,41.3,4.282,4.282,bbox,5.919,8.671,6.608,2.755
1240,41.333,4.265,4.265,bbox,5.919,8.671,6.608,2.755
1241,41.367,4.246,4.246,bbox,5.919,8.671,6.608,2.755
1242,41.4,4.194,4.246,bbox,5.919,8.671,6.608,2.755
1243,41.433,4.21,4.246,bbox,5.919,8.671,6.608,2.755
1244,41.467,4.186,4.21,bbox,5.919,8.671,6.608,2.755
1245,41.5,4.142,4.194,bbox,5.919,8.671,6.608,2.755
1246,41.533,4.152,4.186,bbox,5.919,8.671,6.608,2.755
1247,41.567,4.135,4.152,bbox,5.919,8.671,6.608,2.755
1248,41.6,4.228,4.152,bbox,5.919,8.671,6.608,2.755
1249,41.633,4.217,4.152,bbox,5.919,8.671,6.608,2.755
1250,41.667,3.173,4.152,bbox,5.919,8.671,6.608,2.755
1251,41.7,4.277,4.217,bbox,5.919,8.671,6.608,2.755
1252,41.733,4.288,4.228,bbox,5.919,8.671,6.608,2.755
1253,41.767,4.251,4.251,bbox,5.919,8.671,6.608,2.802
1254,41.8,4.114,4.251,pose,5.919,8.671,6.608,2.802
1255,41.833,4.294,4.277,bbox,5.919,8.671,6.608,2.802
1256,41.867,4.374,4.288,bbox,5.919,8.671,6.608,2.802
1257,41.9,4.39,4.294,bbox,5.919,8.671,6.608,2.802
1258,41.933,4.384,4.374,bbox,5.919,8.671,6.608,2.802
1259,41.967,4.373,4.374,bbox,5.919,8.671,6.608,2.802
1260,42.0,4.38,4.38,bbox,5.919,8.671,6.608,2.802
1261,42.033,4.375,4.38,bbox,5.919,8.671,6.608,2.802
1262,42.067,4.382,4.38,bbox,5.919,8.671,6.608,2.802
1263,42.1,4.415,4.38,bbox,5.919,8.671,6.608,2.802
1264,42.133,4.412,4.382,bbox,5.919,8.671,6.608,2.802
1265,42.167,4.426,4.412,bbox,5.919,8.671,6.608,2.802
1266,42.2,4.337,4.412,bbox,5.919,8.671,6.608,2.802
1267,42.233,4.244,4.412,bbox,5.919,8.671,6.608,2.802
1268,42.267,4.317,4.337,bbox,5.919,8.671,6.608,2.802
1269,42.3,5.304,4.337,pose,5.919,8.671,6.608,2.802
1270,42.333,,,,5.919,8.671,6.608,2.802
1271,42.367,,,,5.919,8.671,6.608,2.802
1272,42.4,,,,5.919,8.671,6.608,2.802
1273,42.433,,,,5.919,8.671,6.608,2.802
1274,42.467,,,,5.919,8.671,6.608,2.802
1275,42.5,,,,5.919,8.671,6.608,2.802
1276,42.533,,,,5.919,8.671,6.608,2.802
1277,42.567,,,,5.919,8.671,6.608,2.802
1278,42.6,,,,5.919,8.671,6.608,2.802
1279,42.633,,,,5.919,8.671,6.608,2.802
1280,42.667,,,,5.919,8.671,6.608,2.802
1281,42.7,,,,5.919,8.671,6.608,2.802
1282,42.733,,,,5.919,8.671,6.608,2.802
1283,42.767,,,,5.919,8.671,6.608,2.802
1284,42.8,,,,5.919,8.671,6.608,2.802
1285,42.833,,,,5.919,8.671,6.608,2.802
1286,42.867,,,,5.919,8.671,6.608,2.802
1287,42.9,4.004,4.317,pose,5.919,8.671,6.608,2.802
1288,42.933,4.02,4.244,bbox,5.919,8.671,6.608,2.802
1289,42.967,4.016,4.02,bbox,5.919,8.671,6.681,2.802
1290,43.0,4.029,4.02,pose,5.919,8.671,6.681,2.802
1291,43.033,3.992,4.016,bbox,5.919,8.671,6.681,2.802
1292,43.067,3.992,4.016,bbox,5.919,8.671,6.681,2.802
1293,43.1,4.053,4.016,pose,5.919,8.671,6.681,2.802
1294,43.133,4.0,4.0,bbox,5.919,8.671,6.681,2.802
1295,43.167,3.996,3.996,bbox,5.919,8.671,6.681,2.802
1296,43.2,3.981,3.996,bbox,5.919,8.671,6.681,2.802
1297,43.233,3.992,3.996,bbox,5.919,8.671,6.681,2.802
1298,43.267,3.987,3.992,bbox,5.919,8.671,6.681,2.802
1299,43.3,,,,5.919,8.671,6.681,2.802
1300,43.333,4.01,3.992,bbox,5.919,8.671,6.681,2.802
1301,43.367,4.015,3.992,bbox,5.919,8.671,6.681,2.802
1302,43.4,4.025,4.01,pose,5.919,8.671,6.681,2.802
1303,43.433,3.998,4.01,bbox,5.919,8.671,6.681,2.802
1304,43.467,3.947,4.01,bbox,5.919,8.671,6.681,2.802
1305,43.5,3.905,3.998,bbox,5.919,8.671,6.681,2.802
1306,43.533,3.956,3.956,bbox,5.951,8.671,6.681,2.802
1307,43.567,3.904,3.947,bbox,5.984,8.671,6.681,2.802
1308,43.6,3.916,3.916,bbox,6.022,8.671,6.681,2.802
1309,43.633,3.902,3.905,bbox,6.022,8.671,6.681,2.802
1310,43.667,3.924,3.916,bbox,6.022,8.671,6.736,2.802
1311,43.7,3.939,3.916,bbox,6.022,8.671,6.787,2.802
1312,43.733,3.889,3.916,bbox,6.022,8.671,6.787,2.802
1313,43.767,3.852,3.902,bbox,6.022,8.671,6.787,2.802
1314,43.8,3.841,3.889,bbox,6.022,8.671,6.831,2.802
1315,43.833,3.793,3.852,bbox,6.022,8.671,6.831,2.802
1316,43.867,3.674,3.841,bbox,6.022,8.671,6.831,2.802
1317,43.9,3.539,3.793,bbox,6.058,8.671,6.831,2.802
1318,43.933,3.474,3.674,bbox,6.108,8.671,6.887,2.802
1319,43.967,3.372,3.539,bbox,6.108,8.671,6.947,2.802
1320,44.0,3.305,3.474,bbox,6.108,8.671,6.947,2.802
1321,44.033,3.329,3.372,bbox,6.108,8.671,7.011,2.802
1322,44.067,3.276,3.329,bbox,6.108,8.671,7.066,2.802
1323,44.1,3.264,3.305,bbox,6.108,8.671,7.139,2.802
1324,44.133,3.291,3.291,bbox,6.108,8.671,7.172,2.802
1325,44.167,3.291,3.291,bbox,6.108,8.671,7.207,2.802
1326,44.2,3.18,3.276,bbox,6.108,8.671,7.207,2.802
1327,44.233,3.16,3.264,bbox,6.147,8.671,7.207,2.802
1328,44.267,3.131,3.18,bbox,6.147,8.671,7.207,2.802
1329,44.3,3.102,3.16,bbox,6.147,8.671,7.207,2.836
1330,44.333,3.089,3.131,bbox,6.147,8.671,7.207,2.836
1331,44.367,3.05,3.102,bbox,6.147,8.671,7.207,2.836
1332,44.4,3.072,3.089,bbox,6.179,8.671,7.207,2.836
1333,44.433,3.098,3.089,bbox,6.179,8.671,7.207,2.836
1334,44.467,3.14,3.089,bbox,6.179,8.671,7.207,2.836
1335,44.5,3.172,3.098,bbox,6.179,8.671,7.207,2.836
1336,44.533,3.189,3.14,bbox,6.179,8.671,7.207,2.836
1337,44.567,3.181,3.172,bbox,6.179,8.671,7.207,2.836
1338,44.6,3.166,3.172,bbox,6.179,8.671,7.207,2.836
1339,44.633,3.115,3.172,bbox,6.179,8.671,7.207,2.836
1340,44.667,3.087,3.166,bbox,6.179,8.671,7.207,2.836
1341,44.7,3.046,3.115,bbox,6.179,8.671,7.207,2.836
1342,44.733,3.014,3.087,bbox,6.179,8.671,7.207,2.836
1343,44.767,3.017,3.046,bbox,6.179,8.671,7.207,2.836
1344,44.8,3.006,3.017,bbox,6.179,8.671,7.207,2.836
1345,44.833,3.01,3.014,bbox,6.21,8.671,7.207,2.836
1346,44.867,3.034,3.014,bbox,6.21,8.671,7.207,2.836
1347,44.9,3.037,3.017,bbox,6.21,8.671,7.207,2.836
1348,44.933,3.033,3.033,bbox,6.21,8.671,7.207,2.836
1349,44.967,3.013,3.033,bbox,6.21,8.671,7.207,2.836
1350,45.0,3.028,3.033,bbox,6.21,8.671,7.207,2.836
1351,45.033,2.985,3.028,bbox,6.21,8.671,7.207,2.836
1352,45.067,2.979,3.013,bbox,6.21,8.671,7.207,2.836
1353,45.1,3.011,3.011,bbox,6.244,8.671,7.207,2.836
1354,45.133,3.039,3.011,bbox,6.244,8.671,7.207,2.836
1355,45.167,3.003,3.003,bbox,6.278,8.671,7.207,2.872
1356,45.2,3.022,3.011,bbox,6.327,8.671,7.207,2.872
1357,45.233,2.986,3.011,bbox,6.444,8.671,7.207,2.872
1358,45.267,2.835,3.003,bbox,6.553,8.671,7.207,2.872
1359,45.3,2.696,2.986,bbox,6.601,8.671,7.207,2.872
1360,45.333,2.586,2.835,bbox,6.677,8.671,7.207,2.872
1361,45.367,2.572,2.696,bbox,6.677,8.671,7.271,2.872
1362,45.4,,,,6.677,8.671,7.271,2.872
1363,45.433,,,,6.677,8.671,7.271,2.872
1364,45.467,,,,6.677,8.671,7.271,2.872
1365,45.5,2.387,2.586,bbox,6.728,8.671,7.309,2.872
1366,45.533,2.371,2.572,bbox,6.728,8.671,7.309,2.872
1367,45.567,2.452,2.452,bbox,6.728,8.806,7.309,2.872
1368,45.6,,,,6.728,8.806,7.309,2.872
1369,45.633,,,,6.728,8.806,7.309,2.872
1370,45.667,1.917,2.387,bbox,6.728,8.806,7.309,2.872
1371,45.7,,,,6.728,8.806,7.309,2.872
1372,45.733,,,,6.728,8.806,7.309,2.872
1373,45.767,2.505,2.387,bbox,6.728,8.806,7.309,2.872
1374,45.8,0.817,2.371,pose,6.728,8.806,7.309,2.872
1375,45.833,,,,6.728,8.806,7.309,2.872
1376,45.867,2.319,2.319,bbox,6.728,8.879,7.309,2.872
1377,45.9,2.124,2.124,bbox,6.728,9.028,7.309,2.872
1378,45.933,1.974,2.124,bbox,6.728,9.028,7.309,2.872
1379,45.967,1.984,1.984,bbox,6.728,9.028,7.358,2.872
1380,46.0,1.967,1.984,bbox,6.728,9.028,7.358,2.872
1381,46.033,2.028,1.984,bbox,6.728,9.028,7.433,2.872
1382,46.067,2.303,1.984,bbox,6.728,9.088,7.433,2.872
1383,46.1,2.477,2.028,bbox,6.728,9.195,7.433,2.872
1384,46.133,2.375,2.303,bbox,6.728,9.297,7.494,2.872
1385,46.167,2.38,2.375,bbox,6.728,9.297,7.556,2.872
1386,46.2,2.469,2.38,bbox,6.728,9.37,7.556,2.872
1387,46.233,,,,6.728,9.37,7.556,2.872
1388,46.267,2.754,2.469,bbox,6.728,9.37,7.556,2.872
1389,46.3,2.956,2.469,bbox,6.728,9.37,7.556,2.872
1390,46.333,3.046,2.754,bbox,6.728,9.469,7.556,2.939
1391,46.367,3.238,2.956,bbox,6.728,9.588,7.556,2.939
1392,46.4,3.094,3.046,bbox,6.728,9.588,7.556,2.939
1393,46.433,3.236,3.094,bbox,6.728,9.693,7.556,2.939
1394,46.467,3.028,3.094,bbox,6.728,9.693,7.556,2.939
1395,46.5,3.473,3.236,bbox,6.728,9.775,7.556,2.939
1396,46.533,3.614,3.236,bbox,6.728,9.834,7.556,2.939
1397,46.567,3.854,3.473,bbox,6.728,9.9,7.556,2.939
1398,46.6,4.028,3.614,bbox,6.728,9.959,7.556,2.939
1399,46.633,4.023,3.854,bbox,6.728,9.959,7.556,2.939
1400,46.667,3.779,3.854,bbox,6.728,9.999,7.556,2.939
1401,46.7,3.74,3.854,bbox,6.728,9.999,7.556,2.939
1402,46.733,3.847,3.847,bbox,6.728,9.999,7.627,2.939
1403,46.767,3.753,3.779,bbox,6.728,9.999,7.627,2.939
1404,46.8,3.763,3.763,bbox,6.759,9.999,7.627,2.939
1405,46.833,3.663,3.753,bbox,6.759,9.999,7.627,2.939
1406,46.867,3.464,3.753,bbox,6.759,9.999,7.627,2.939
1407,46.9,3.349,3.663,bbox,6.759,9.999,7.627,2.939
1408,46.933,3.262,3.464,bbox,6.759,9.999,7.664,2.939
1409,46.967,3.172,3.349,bbox,6.759,9.999,7.664,2.939
1410,47.0,3.157,3.262,bbox,6.759,9.999,7.664,2.939
1411,47.033,3.198,3.198,bbox,6.759,9.999,7.664,2.939
1412,47.067,3.166,3.172,bbox,6.798,9.999,7.664,2.939
1413,47.1,3.14,3.166,bbox,6.798,9.999,7.664,2.939
1414,47.133,3.148,3.157,bbox,6.871,9.999,7.664,2.939
1415,47.167,3.202,3.166,bbox,6.919,9.999,7.664,2.939
1416,47.2,3.147,3.148,bbox,6.919,9.999,7.664,2.939
1417,47.233,3.113,3.147,bbox,6.989,9.999,7.664,2.939
1418,47.267,3.141,3.147,bbox,7.021,9.999,7.664,2.939
1419,47.3,3.134,3.141,bbox,7.021,9.999,7.664,3.015
1420,47.333,3.135,3.135,bbox,7.097,9.999,7.664,3.015
1421,47.367,3.145,3.135,bbox,7.097,9.999,7.664,3.015
1422,47.4,2.732,3.135,pose,7.144,9.999,7.664,3.047
1423,47.433,3.119,3.134,bbox,7.144,9.999,7.664,3.102
1424,47.467,3.041,3.119,bbox,7.183,9.999,7.664,3.134
1425,47.5,3.028,3.041,bbox,7.183,9.999,7.664,3.169
1426,47.533,3.041,3.041,bbox,7.183,9.999,7.664,3.224
1427,47.567,3.123,3.041,bbox,7.183,9.999,7.664,3.224
1428,47.6,3.191,3.041,bbox,7.183,9.999,7.664,3.224
1429,47.633,3.24,3.123,bbox,7.22,9.999,7.664,3.288
1430,47.667,3.323,3.191,bbox,7.22,9.999,7.664,3.329
1431,47.7,3.389,3.24,bbox,7.22,9.999,7.664,3.393
1432,47.733,3.409,3.323,bbox,7.22,9.999,7.664,3.479
1433,47.767,3.421,3.389,bbox,7.253,9.999,7.664,3.542
1434,47.8,3.533,3.409,bbox,7.253,9.999,7.664,3.615
1435,47.833,3.524,3.421,bbox,7.253,9.999,7.664,3.666
1436,47.867,3.48,3.48,bbox,7.253,9.999,7.664,3.723
1437,47.9,3.414,3.48,bbox,7.253,9.999,7.664,3.764
1438,47.933,3.375,3.48,bbox,7.253,9.999,7.664,3.764
1439,47.967,3.452,3.452,bbox,7.253,9.999,7.664,3.764
1440,48.0,3.373,3.414,pose,7.253,9.999,7.664,3.82
1441,48.033,3.615,3.414,bbox,7.289,9.999,7.664,3.863
1442,48.067,3.718,3.452,bbox,7.322,9.999,7.664,3.913
1443,48.1,,,,7.322,9.999,7.664,3.913
1444,48.133,3.753,3.615,bbox,7.322,9.999,7.664,3.913
1445,48.167,3.769,3.718,bbox,7.322,9.999,7.664,3.979
1446,48.2,3.789,3.753,bbox,7.322,9.999,7.664,3.979
1447,48.233,3.864,3.769,bbox,7.322,9.999,7.664,3.979
1448,48.267,3.875,3.789,bbox,7.322,9.999,7.664,4.017
1449,48.3,3.616,3.789,pose,7.322,9.999,7.664,4.09
1450,48.333,3.848,3.848,bbox,7.322,9.999,7.664,4.09
1451,48.367,3.79,3.848,bbox,7.322,9.999,7.664,4.09
1452,48.4,3.725,3.79,bbox,7.322,9.999,7.664,4.09
1453,48.433,3.706,3.725,bbox,7.322,9.999,7.664,4.09
1454,48.467,3.704,3.725,bbox,7.322,9.999,7.694,4.09
1455,48.5,3.743,3.725,bbox,7.322,9.999,7.694,4.09
1456,48.533,3.55,3.706,bbox,7.322,9.999,7.694,4.09
1457,48.567,3.698,3.704,bbox,7.322,9.999,7.694,4.09
1458,48.6,3.457,3.698,bbox,7.322,9.999,7.732,4.09
1459,48.633,3.485,3.55,bbox,7.322,9.999,7.732,4.09
1460,48.667,3.534,3.534,bbox,7.322,9.999,7.77,4.09
1461,48.7,3.606,3.534,bbox,7.322,9.999,7.77,4.09
1462,48.733,3.412,3.485,bbox,7.322,9.999,7.77,4.09
1463,48.767,3.405,3.485,bbox,7.322,9.999,7.77,4.09
1464,48.8,3.255,3.412,bbox,7.322,9.999,7.77,4.09
1465,48.833,3.219,3.405,bbox,7.368,9.999,7.815,4.09
1466,48.867,3.154,3.255,bbox,7.368,9.999,7.851,4.09
1467,48.9,3.107,3.219,bbox,7.368,9.999,7.884,4.09
1468,48.933,3.084,3.154,bbox,7.368,9.999,7.93,4.09
1469,48.967,3.075,3.107,bbox,7.368,9.999,7.982,4.09
1470,49.0,3.043,3.084,bbox,7.368,9.999,8.016,4.09
1471,49.033,3.006,3.075,bbox,7.368,9.999,8.057,4.09
1472,49.067,2.977,3.043,bbox,7.368,9.999,8.121,4.09
1473,49.1,2.986,3.006,bbox,7.368,9.999,8.121,4.09
1474,49.133,3.026,3.006,bbox,7.368,9.999,8.121,4.09
1475,49.167,2.959,2.986,bbox,7.368,9.999,8.121,4.09
1476,49.2,2.941,2.977,bbox,7.402,9.999,8.121,4.09
1477,49.233,2.888,2.959,bbox,7.442,9.999,8.121,4.09
1478,49.267,2.799,2.941,bbox,7.508,9.999,8.121,4.09
1479,49.3,2.699,2.888,bbox,7.581,9.999,8.121,4.09
1480,49.333,2.672,2.799,bbox,7.629,9.999,8.121,4.09
1481,49.367,2.625,2.699,bbox,7.629,9.999,8.121,4.09
1482,49.4,2.63,2.672,bbox,7.664,9.999,8.121,4.12
1483,49.433,2.618,2.63,bbox,7.696,9.999,8.121,4.12
1484,49.467,2.581,2.625,bbox,7.696,9.999,8.121,4.12
1485,49.5,2.552,2.618,bbox,7.696,9.999,8.121,4.12
1486,49.533,2.547,2.581,bbox,7.696,9.999,8.121,4.12
1487,49.567,,,,7.696,9.999,8.121,4.12
1488,49.6,2.704,2.581,pose,7.696,9.999,8.121,4.12
1489,49.633,2.542,2.552,bbox,7.696,9.999,8.121,4.12
1490,49.667,2.422,2.547,bbox,7.696,9.999,8.121,4.12
1491,49.7,,,,7.696,9.999,8.121,4.12
1492,49.733,,,,7.696,9.999,8.121,4.12
1493,49.767,2.627,2.547,bbox,7.696,9.999,8.209,4.12
1494,49.8,2.437,2.542,pose,7.696,9.999,8.243,4.12
1495,49.833,2.643,2.542,bbox,7.696,9.999,8.336,4.12
1496,49.867,2.513,2.513,bbox,7.696,9.999,8.336,4.12
1497,49.9,2.465,2.513,bbox,7.696,9.999,8.336,4.12
1498,49.933,2.534,2.513,bbox,7.696,9.999,8.336,4.12
1499,49.967,2.563,2.534,bbox,7.696,9.999,8.336,4.154
1500,50.0,2.339,2.513,pose,7.696,9.999,8.336,4.194
1501,50.033,2.638,2.534,bbox,7.696,9.999,8.336,4.227
1502,50.067,2.798,2.563,bbox,7.696,9.999,8.336,4.304
1503,50.1,2.279,2.563,pose,7.696,9.999,8.336,4.421
1504,50.133,2.938,2.638,bbox,7.696,9.999,8.336,4.474
1505,50.167,3.02,2.798,bbox,7.696,9.999,8.336,4.517
1506,50.2,2.586,2.798,pose,7.696,9.999,8.336,4.517
1507,50.233,3.1,2.938,bbox,7.696,9.999,8.336,4.562
1508,50.267,3.025,3.02,bbox,7.696,9.999,8.336,4.562
1509,50.3,2.998,3.02,bbox,7.696,9.999,8.336,4.562
1510,50.333,2.995,2.998,bbox,7.696,9.999,8.336,4.562
1511,50.367,3.143,3.025,bbox,7.696,9.999,8.336,4.562
1512,50.4,2.985,2.998,pose,7.696,9.999,8.336,4.562
1513,50.433,3.225,2.998,bbox,7.696,9.999,8.336,4.628
1514,50.467,3.275,3.143,bbox,7.696,9.999,8.336,4.746
1515,50.5,2.989,3.143,pose,7.696,9.999,8.336,4.746
1516,50.533,3.295,3.225,bbox,7.696,9.999,8.336,4.783
1517,50.567,3.18,3.225,bbox,7.696,9.999,8.372,4.783
1518,50.6,3.325,3.275,bbox,7.696,9.999,8.372,4.783
1519,50.633,3.376,3.295,bbox,7.696,9.999,8.372,4.783
1520,50.667,3.375,3.325,bbox,7.696,9.999,8.372,4.783
1521,50.7,3.374,3.374,bbox,7.696,9.999,8.406,4.783
1522,50.733,3.101,3.374,bbox,7.696,9.999,8.406,4.783
1523,50.767,3.078,3.374,bbox,7.696,9.999,8.406,4.783
1524,50.8,3.048,3.101,bbox,7.696,9.999,8.406,4.783
1525,50.833,,,,7.696,9.999,8.406,4.783
1526,50.867,,,,7.696,9.999,8.406,4.783
1527,50.9,3.207,3.101,bbox,7.696,9.999,8.406,4.783
1528,50.933,3.22,3.101,bbox,7.696,9.999,8.406,4.783
1529,50.967,3.165,3.165,bbox,7.696,10.045,8.436,4.783
1530,51.0,3.15,3.165,bbox,7.696,10.045,8.436,4.783
1531,51.033,3.199,3.199,bbox,7.696,10.045,8.436,4.783
1532,51.067,3.156,3.165,bbox,7.696,10.045,8.467,4.783
1533,51.1,3.769,3.165,pose,7.696,10.045,8.467,4.783
1534,51.133,3.011,3.156,bbox,7.696,10.045,8.467,4.783
1535,51.167,2.936,3.156,bbox,7.696,10.045,8.467,4.783
1536,51.2,2.945,3.011,pose,7.696,10.08,8.467,4.783
1537,51.233,2.863,2.945,bbox,7.696,10.08,8.572,4.783
1538,51.267,2.869,2.936,bbox,7.696,10.08,8.607,4.783
1539,51.3,2.884,2.884,bbox,7.696,10.08,8.683,4.783
1540,51.333,2.895,2.884,bbox,7.696,10.08,8.683,4.783
1541,51.367,2.857,2.869,bbox,7.696,10.08,8.683,4.783
1542,51.4,2.888,2.884,bbox,7.696,10.08,8.683,4.783
1543,51.433,2.936,2.888,bbox,7.696,10.08,8.683,4.783
1544,51.467,2.739,2.888,bbox,7.696,10.08,8.742,4.783
1545,51.5,4.48,2.888,pose,7.696,10.08,8.742,4.783
1546,51.533,2.553,2.888,bbox,7.696,10.08,8.742,4.783
1547,51.567,2.672,2.739,bbox,7.696,10.08,8.884,4.783
1548,51.6,2.589,2.672,bbox,7.696,10.08,8.96,4.783
1549,51.633,2.626,2.626,bbox,7.696,10.08,8.96,4.783
1550,51.667,2.598,2.598,bbox,7.696,10.08,9.002,4.783
1551,51.7,1.086,2.598,pose,7.696,10.08,9.002,4.783
1552,51.733,2.714,2.598,bbox,7.696,10.08,9.002,4.783
1553,51.767,2.778,2.626,bbox,7.696,10.08,9.002,4.783
1554,51.8,,,,7.696,10.08,9.002,4.783
1555,51.833,2.88,2.714,bbox,7.696,10.164,9.002,4.783
1556,51.867,2.912,2.778,bbox,7.696,10.223,9.002,4.783
1557,51.9,3.078,2.88,bbox,7.696,10.305,9.002,4.837
1558,51.933,3.112,2.912,bbox,7.696,10.305,9.002,4.837
1559,51.967,3.188,3.078,bbox,7.696,10.374,9.002,4.837
1560,52.0,3.252,3.112,bbox,7.696,10.374,9.002,4.837
1561,52.033,3.318,3.188,bbox,7.696,10.374,9.002,4.837
1562,52.067,3.509,3.252,bbox,7.696,10.374,9.002,4.837
1563,52.1,3.348,3.318,bbox,7.696,10.374,9.002,4.837
1564,52.133,3.364,3.348,bbox,7.696,10.374,9.002,4.837
1565,52.167,3.582,3.364,bbox,7.696,10.374,9.002,4.837
1566,52.2,3.477,3.477,bbox,7.696,10.374,9.002,4.883
1567,52.233,3.524,3.477,bbox,7.696,10.374,9.002,4.883
1568,52.267,3.616,3.524,bbox,7.696,10.374,9.002,4.954
1569,52.3,3.703,3.582,bbox,7.696,10.374,9.002,5.007
1570,52.333,3.617,3.616,bbox,7.696,10.374,9.002,5.063
1571,52.367,3.551,3.616,bbox,7.696,10.374,9.002,5.063
1572,52.4,3.538,3.616,bbox,7.696,10.374,9.002,5.063
1573,52.433,3.492,3.551,bbox,7.696,10.374,9.002,5.063
1574,52.467,3.433,3.538,bbox,7.696,10.374,9.002,5.063
1575,52.5,3.399,3.492,bbox,7.696,10.374,9.002,5.063
1576,52.533,3.448,3.448,bbox,7.696,10.374,9.002,5.063
1577,52.567,3.386,3.433,bbox,7.696,10.374,9.002,5.063
1578,52.6,3.357,3.399,bbox,7.696,10.374,9.002,5.063
1579,52.633,3.339,3.386,bbox,7.696,10.374,9.002,5.063
1580,52.667,3.282,3.357,bbox,7.696,10.374,9.002,5.063
1581,52.7,3.3,3.339,bbox,7.696,10.374,9.002,5.063
1582,52.733,3.293,3.3,bbox,7.696,10.374,9.039,5.063
1583,52.767,3.316,3.3,bbox,7.696,10.374,9.039,5.063
1584,52.8,3.519,3.3,bbox,7.696,10.374,9.039,5.063
1585,52.833,3.633,3.316,bbox,7.696,10.374,9.039,5.063
1586,52.867,,,,7.696,10.374,9.039,5.063
1587,52.9,,,,7.696,10.374,9.039,5.063
1588,52.933,,,,7.696,10.374,9.039,5.063
1589,52.967,3.455,3.455,bbox,7.696,10.374,9.039,5.063
1590,53.0,3.334,3.455,bbox,7.696,10.374,9.039,5.063
1591,53.033,3.094,3.455,bbox,7.696,10.445,9.159,5.063
1592,53.067,3.094,3.334,bbox,7.696,10.491,9.197,5.063
1593,53.1,2.535,3.094,pose,7.696,10.491,9.197,5.063
1594,53.133,2.984,3.094,bbox,7.696,10.526,9.268,5.063
1595,53.167,3.01,3.01,bbox,7.696,10.526,9.268,5.063
1596,53.2,3.103,3.01,bbox,7.696,10.526,9.31,5.063
1597,53.233,3.078,3.01,bbox,7.696,10.526,9.31,5.063
1598,53.267,3.227,3.078,bbox,7.696,10.526,9.31,5.063
1599,53.3,3.251,3.103,bbox,7.696,10.526,9.31,5.063
1600,53.333,3.284,3.227,bbox,7.696,10.526,9.31,5.063
1601,53.367,3.26,3.251,bbox,7.696,10.526,9.31,5.063
1602,53.4,3.292,3.26,bbox,7.696,10.526,9.31,5.063
1603,53.433,3.301,3.284,bbox,7.696,10.526,9.31,5.099
1604,53.467,3.443,3.292,bbox,7.696,10.526,9.31,5.099
1605,53.5,3.358,3.301,bbox,7.696,10.526,9.31,5.099
1606,53.533,3.39,3.358,bbox,7.696,10.526,9.31,5.099
1607,53.567,3.349,3.358,bbox,7.696,10.526,9.31,5.099
1608,53.6,3.391,3.39,bbox,7.696,10.526,9.31,5.099
1609,53.633,3.38,3.38,bbox,7.696,10.526,9.31,5.099
1610,53.667,3.318,3.38,bbox,7.696,10.526,9.31,5.099
1611,53.7,3.326,3.349,bbox,7.696,10.526,9.31,5.099
1612,53.733,3.293,3.326,bbox,7.696,10.526,9.362,5.099
1613,53.767,3.283,3.318,bbox,7.696,10.526,9.362,5.099
1614,53.8,2.586,3.293,pose,7.696,10.526,9.362,5.099
1615,53.833,3.198,3.283,bbox,7.696,10.526,9.362,5.099
1616,53.867,3.102,3.198,bbox,7.696,10.526,9.362,5.099
1617,53.9,3.111,3.111,bbox,7.696,10.526,9.362,5.099
1618,53.933,3.169,3.111,bbox,7.696,10.556,9.362,5.099
1619,53.967,3.104,3.111,bbox,7.696,10.556,9.362,5.099
1620,54.0,3.132,3.111,pose,7.696,10.556,9.362,5.099
1621,54.033,3.085,3.111,bbox,7.696,10.556,9.362,5.099
1622,54.067,3.126,3.126,bbox,7.696,10.556,9.401,5.099
1623,54.1,3.191,3.126,pose,7.696,10.556,9.401,5.099
1624,54.133,3.091,3.126,bbox,7.696,10.556,9.458,5.099
1625,54.167,3.058,3.091,bbox,7.696,10.556,9.458,5.099
1626,54.2,2.944,3.091,pose,7.696,10.556,9.458,5.099
1627,54.233,3.011,3.058,bbox,7.696,10.556,9.516,5.099
1628,54.267,3.007,3.011,bbox,7.696,10.556,9.547,5.099
1629,54.3,2.942,3.007,pose,7.696,10.556,9.547,5.099
1630,54.333,2.988,2.988,bbox,7.696,10.556,9.547,5.099
1631,54.367,2.981,2.988,bbox,7.696,10.556,9.547,5.099
1632,54.4,2.376,2.981,pose,7.696,10.556,9.547,5.099
1633,54.433,3.011,2.981,bbox,7.696,10.556,9.547,5.099
1634,54.467,3.105,2.988,bbox,7.696,10.556,9.547,5.099
1635,54.5,3.128,3.011,bbox,7.696,10.556,9.547,5.099
1636,54.533,3.139,3.105,bbox,7.733,10.556,9.547,5.099
1637,54.567,3.118,3.118,bbox,7.733,10.556,9.547,5.099
1638,54.6,3.075,3.118,bbox,7.733,10.556,9.547,5.099
1639,54.633,2.979,3.118,bbox,7.733,10.556,9.547,5.099
1640,54.667,2.978,3.075,bbox,7.733,10.556,9.547,5.099
1641,54.7,3.668,3.075,pose,7.733,10.556,9.547,5.099
1642,54.733,2.813,2.979,bbox,7.765,10.556,9.547,5.099
1643,54.767,2.812,2.978,bbox,7.765,10.556,9.547,5.099
1644,54.8,2.772,2.813,bbox,7.765,10.556,9.547,5.099
1645,54.833,2.724,2.812,bbox,7.765,10.556,9.59,5.099
1646,54.867,2.662,2.772,bbox,7.765,10.556,9.59,5.099
1647,54.9,2.213,2.724,pose,7.765,10.556,9.59,5.099
1648,54.933,2.905,2.724,bbox,7.802,10.556,9.59,5.099
1649,54.967,2.887,2.724,bbox,7.802,10.556,9.59,5.099
1650,55.0,2.579,2.662,pose,7.802,10.556,9.59,5.099
1651,55.033,,,,7.802,10.556,9.59,5.099
1652,55.067,3.087,2.887,bbox,7.802,10.556,9.59,5.099
1653,55.1,3.113,2.905,bbox,7.802,10.556,9.59,5.099
1654,55.133,3.131,3.087,bbox,7.802,10.556,9.59,5.099
1655,55.167,3.109,3.109,bbox,7.836,10.556,9.59,5.099
1656,55.2,5.059,3.113,pose,7.836,10.556,9.59,5.099
1657,55.233,2.774,3.113,bbox,7.836,10.556,9.59,5.099
1658,55.267,2.826,3.109,bbox,7.868,10.556,9.65,5.099
1659,55.3,2.828,2.828,bbox,7.868,10.556,9.682,5.099
1660,55.333,2.851,2.828,bbox,7.868,10.556,9.682,5.099
1661,55.367,2.877,2.828,bbox,7.868,10.556,9.682,5.099
1662,55.4,2.879,2.851,bbox,7.868,10.556,9.682,5.099
1663,55.433,2.764,2.851,bbox,7.868,10.556,9.682,5.099
1664,55.467,2.691,2.851,bbox,7.868,10.556,9.682,5.099
1665,55.5,2.747,2.764,bbox,7.868,10.556,9.682,5.131
1666,55.533,2.618,2.747,bbox,7.868,10.556,9.682,5.166
1667,55.567,2.665,2.691,bbox,7.868,10.556,9.682,5.198
1668,55.6,2.672,2.672,bbox,7.868,10.556,9.682,5.248
1669,55.633,2.742,2.672,bbox,7.868,10.556,9.682,5.292
1670,55.667,2.883,2.672,bbox,7.868,10.556,9.682,5.339
1671,55.7,2.852,2.742,bbox,7.868,10.556,9.682,5.393
1672,55.733,2.912,2.852,bbox,7.868,10.556,9.682,5.428
1673,55.767,2.968,2.883,bbox,7.868,10.556,9.682,5.463
1674,55.8,3.111,2.912,bbox,7.868,10.556,9.682,5.518
1675,55.833,3.178,2.968,bbox,7.868,10.556,9.682,5.567
1676,55.867,3.175,3.111,bbox,7.868,10.556,9.682,5.645
1677,55.9,3.249,3.175,bbox,7.868,10.556,9.682,5.69
1678,55.933,3.323,3.178,bbox,7.868,10.556,9.682,5.69
1679,55.967,3.388,3.249,bbox,7.868,10.556,9.682,5.725
1680,56.0,3.697,3.323,pose,7.868,10.556,9.682,5.725
1681,56.033,3.411,3.388,bbox,7.868,10.556,9.682,5.764
1682,56.067,3.366,3.388,bbox,7.868,10.556,9.682,5.801
1683,56.1,3.402,3.402,bbox,7.868,10.556,9.682,5.801
1684,56.133,3.388,3.402,bbox,7.868,10.556,9.682,5.801
1685,56.167,3.452,3.402,bbox,7.868,10.556,9.682,5.801
1686,56.2,3.549,3.402,pose,7.868,10.556,9.682,5.801
1687,56.233,3.535,3.452,bbox,7.868,10.556,9.682,5.873
1688,56.267,3.508,3.508,bbox,7.868,10.556,9.682,5.938
1689,56.3,3.324,3.508,pose,7.868,10.556,9.682,5.938
1690,56.333,3.645,3.535,bbox,7.868,10.556,9.682,5.938
1691,56.367,3.807,3.535,bbox,7.868,10.556,9.682,5.938
1692,56.4,3.559,3.559,bbox,7.868,10.556,9.682,5.938
1693,56.433,3.512,3.559,bbox,7.868,10.556,9.682,5.938
1694,56.467,3.533,3.559,bbox,7.868,10.556,9.682,5.938
1695,56.5,3.544,3.544,bbox,7.868,10.556,9.682,5.938
1696,56.533,3.549,3.544,bbox,7.868,10.556,9.682,5.938
1697,56.567,3.511,3.533,bbox,7.868,10.556,9.682,5.938
1698,56.6,3.525,3.533,bbox,7.868,10.617,9.682,5.938
1699,56.633,3.493,3.525,bbox,7.868,10.617,9.682,5.938
1700,56.667,3.48,3.511,bbox,7.868,10.617,9.682,5.938
1701,56.7,3.407,3.493,bbox,7.868,10.617,9.754,5.938
1702,56.733,3.374,3.48,bbox,7.868,10.617,9.803,5.938
1703,56.767,,,,7.868,10.617,9.803,5.938
1704,56.8,,,,7.868,10.617,9.803,5.938
1705,56.833,,,,7.868,10.617,9.803,5.938
1706,56.867,3.355,3.407,bbox,7.868,10.649,9.833,5.938
1707,56.9,2.512,3.374,pose,7.868,10.649,9.864,5.938
1708,56.933,3.242,3.355,bbox,7.868,10.707,9.984,5.938
1709,56.967,3.174,3.242,bbox,7.868,10.707,10.036,5.938
1710,57.0,3.179,3.179,bbox,7.868,10.707,10.085,5.938
1711,57.033,3.205,3.179,bbox,7.868,10.707,10.115,5.938
1712,57.067,3.213,3.205,bbox,7.868,10.707,10.187,5.938
1713,57.1,3.101,3.179,bbox,7.868,10.707,10.248,5.938
1714,57.133,3.055,3.179,bbox,7.868,10.707,10.302,5.938
1715,57.167,3.095,3.101,bbox,7.868,10.707,10.302,5.938
1716,57.2,5.834,3.101,pose,7.868,10.707,10.302,5.938
1717,57.233,3.047,3.095,bbox,7.868,10.707,10.302,5.938
1718,57.267,3.016,3.055,bbox,7.868,10.707,10.302,5.938
1719,57.3,2.898,3.047,bbox,7.868,10.707,10.389,5.938
1720,57.333,2.909,3.016,bbox,7.868,10.707,10.389,5.938
1721,57.367,2.789,2.909,bbox,7.868,10.707,10.454,5.938
1722,57.4,,,,7.868,10.707,10.454,5.938
1723,57.433,,,,7.868,10.707,10.454,5.938
1724,57.467,,,,7.868,10.707,10.454,5.938
1725,57.5,2.862,2.898,pose,7.868,10.707,10.454,5.938
1726,57.533,2.787,2.862,bbox,7.868,10.707,10.519,5.938
1727,57.567,2.859,2.859,bbox,7.868,10.745,10.622,5.938
1728,57.6,1.038,2.789,pose,7.868,10.745,10.622,5.938
1729,57.633,2.862,2.859,bbox,7.868,10.745,10.622,5.938
1730,57.667,2.901,2.859,bbox,7.868,10.745,10.622,5.938
1731,57.7,3.16,2.862,pose,7.868,10.745,10.622,5.982
1732,57.733,3.014,2.901,bbox,7.868,10.745,10.622,6.013
1733,57.767,3.09,3.014,bbox,7.868,10.745,10.622,6.013
1734,57.8,3.195,3.09,bbox,7.868,10.745,10.622,6.013
1735,57.833,3.13,3.13,bbox,7.868,10.745,10.622,6.013
1736,57.867,3.124,3.124,bbox,7.868,10.745,10.622,6.013
1737,57.9,,,,7.868,10.745,10.622,6.013
1738,57.933,,,,7.868,10.745,10.622,6.013
1739,57.967,2.974,3.124,bbox,7.868,10.745,10.622,6.013
1740,58.0,2.924,3.124,bbox,7.868,10.745,10.622,6.013
1741,58.033,,,,7.868,10.745,10.622,6.013
1742,58.067,,,,7.868,10.745,10.622,6.013
1743,58.1,,,,7.868,10.745,10.622,6.013
1744,58.133,2.759,2.974,bbox,7.868,10.745,10.622,6.013
1745,58.167,2.796,2.924,bbox,7.868,10.745,10.622,6.013
1746,58.2,2.77,2.796,bbox,7.868,10.745,10.683,6.013
1747,58.233,2.82,2.796,bbox,7.868,10.745,10.683,6.013
1748,58.267,2.83,2.796,bbox,7.868,10.745,10.683,6.013
1749,58.3,2.906,2.82,bbox,7.903,10.745,10.683,6.013
1750,58.333,2.946,2.83,bbox,7.903,10.745,10.683,6.013
1751,58.367,2.98,2.906,bbox,7.903,10.745,10.683,6.013
1752,58.4,1.011,2.906,pose,7.903,10.745,10.683,6.078
1753,58.433,3.097,2.946,bbox,7.903,10.745,10.683,6.129
1754,58.467,3.223,2.98,bbox,7.944,10.745,10.683,6.269
1755,58.5,2.203,2.98,pose,7.944,10.745,10.683,6.39
1756,58.533,3.236,3.097,bbox,8.007,10.745,10.683,6.39
1757,58.567,3.272,3.223,bbox,8.007,10.745,10.683,6.459
1758,58.6,3.278,3.236,bbox,8.074,10.745,10.683,6.459
1759,58.633,3.304,3.272,bbox,8.107,10.745,10.683,6.459
1760,58.667,3.239,3.272,bbox,8.107,10.745,10.683,6.511
1761,58.7,3.201,3.272,bbox,8.143,10.745,10.683,6.511
1762,58.733,,,,8.143,10.745,10.683,6.511
1763,58.767,3.146,3.239,bbox,8.143,10.745,10.683,6.511
1764,58.8,3.136,3.201,bbox,8.143,10.745,10.683,6.511
1765,58.833,3.203,3.201,bbox,8.188,10.745,10.683,6.607
1766,58.867,,,,8.188,10.745,10.683,6.607
1767,58.9,2.873,3.146,pose,8.226,10.745,10.683,6.679
1768,58.933,3.204,3.146,bbox,8.226,10.745,10.683,6.809
1769,58.967,3.228,3.203,bbox,8.37,10.745,10.683,6.868
1770,59.0,3.117,3.203,bbox,8.449,10.745,10.683,6.868
1771,59.033,3.291,3.204,bbox,8.516,10.745,10.683,6.868
1772,59.067,3.322,3.228,bbox,8.516,10.745,10.683,6.868
1773,59.1,3.168,3.228,pose,8.567,10.745,10.683,6.868
1774,59.133,3.373,3.291,bbox,8.567,10.745,10.683,6.868
1775,59.167,3.361,3.322,bbox,8.567,10.745,10.683,6.868
1776,59.2,3.348,3.348,bbox,8.567,10.745,10.683,6.868
1777,59.233,3.349,3.349,bbox,8.567,10.745,10.683,6.868
1778,59.267,3.044,3.349,bbox,8.567,10.745,10.683,6.868
1779,59.3,3.192,3.348,bbox,8.567,10.745,10.683,6.868
1780,59.333,3.203,3.203,bbox,8.567,10.745,10.77,6.868
1781,59.367,3.245,3.203,bbox,8.567,10.745,10.77,6.868
1782,59.4,,,,8.567,10.745,10.77,6.868
1783,59.433,3.161,3.192,bbox,8.567,10.745,10.819,6.868
1784,59.467,3.166,3.192,bbox,8.567,10.745,10.819,6.868
1785,59.5,4.746,3.203,pose,8.66,10.745,10.819,6.868
1786,59.533,3.267,3.245,bbox,8.706,10.745,10.925,6.868
1787,59.567,3.263,3.263,bbox,8.706,10.745,10.925,6.868
1788,59.6,3.232,3.263,bbox,8.706,10.745,10.976,6.868
1789,59.633,3.195,3.263,bbox,8.744,10.745,10.976,6.868
1790,59.667,3.173,3.232,bbox,8.744,10.745,11.007,6.868
1791,59.7,3.039,3.195,bbox,8.744,10.745,11.04,6.868
1792,59.733,2.959,3.173,bbox,8.79,10.745,11.093,6.868
1793,59.767,2.971,3.039,bbox,8.87,10.745,11.148,6.868
1794,59.8,2.986,2.986,bbox,8.87,10.745,11.148,6.868
1795,59.833,2.926,2.971,bbox,8.929,10.745,11.148,6.868
1796,59.867,2.921,2.959,bbox,8.929,10.745,11.148,6.868
1797,59.9,2.921,2.926,bbox,9.058,10.745,11.148,6.868
1798,59.933,2.892,2.921,bbox,9.09,10.745,11.148,6.868
1799,59.967,2.868,2.921,bbox,9.136,10.745,11.148,6.868
1800,60.0,2.837,2.892,bbox,9.236,10.745,11.148,6.868
1801,60.033,2.877,2.877,bbox,9.338,10.745,11.205,6.868
1802,60.067,,,,9.338,10.745,11.205,6.868
1803,60.1,,,,9.338,10.745,11.205,6.868
1804,60.133,,,,9.338,10.745,11.205,6.868
1805,60.167,,,,9.338,10.745,11.205,6.868
1806,60.2,,,,9.338,10.745,11.205,6.868
1807,60.233,,,,9.338,10.745,11.205,6.868
1808,60.267,,,,9.338,10.745,11.205,6.868
1809,60.3,,,,9.338,10.745,11.205,6.868
1810,60.333,3.09,2.877,bbox,9.425,10.745,11.205,6.868
1811,60.367,,,,9.425,10.745,11.205,6.868
1812,60.4,3.195,2.877,bbox,9.466,10.745,11.205,6.868
1813,60.433,3.281,3.09,bbox,9.466,10.745,11.205,6.868
1814,60.467,3.142,3.142,bbox,9.466,10.784,11.205,6.868
1815,60.5,3.075,3.142,bbox,9.466,10.819,11.205,6.962
1816,60.533,2.934,3.142,bbox,9.466,10.819,11.205,6.962
1817,60.567,2.921,3.075,bbox,9.466,10.819,11.205,6.962
1818,60.6,2.825,2.934,bbox,9.466,10.819,11.205,6.962
1819,60.633,2.858,2.921,bbox,9.466,10.883,11.247,6.962
1820,60.667,2.815,2.858,bbox,9.466,10.926,11.247,6.962
1821,60.7,2.877,2.858,bbox,9.466,11.011,11.391,6.962
1822,60.733,2.895,2.858,bbox,9.466,11.075,11.45,6.962
1823,60.767,2.896,2.877,bbox,9.466,11.169,11.45,6.962
1824,60.8,2.901,2.895,bbox,9.466,11.169,11.45,6.962
1825,60.833,2.932,2.896,bbox,9.466,11.169,11.45,6.962
1826,60.867,2.879,2.896,bbox,9.466,11.169,11.45,6.962
1827,60.9,2.77,2.896,bbox,9.466,11.169,11.45,6.962
1828,60.933,2.822,2.879,bbox,9.466,11.169,11.45,6.962
1829,60.967,2.988,2.879,bbox,9.466,11.169,11.45,6.962
1830,61.0,3.06,2.879,bbox,9.466,11.169,11.45,7.0
1831,61.033,3.217,2.988,bbox,9.466,11.169,11.45,7.044
1832,61.067,3.42,3.06,bbox,9.466,11.169,11.45,7.044
1833,61.1,3.44,3.217,bbox,9.466,11.25,11.45,7.044
1834,61.133,3.35,3.35,bbox,9.466,11.321,11.45,7.081
1835,61.167,3.39,3.39,bbox,9.466,11.408,11.45,7.081
1836,61.2,3.634,3.42,bbox,9.466,11.408,11.45,7.148
1837,61.233,3.699,3.44,bbox,9.466,11.408,11.45,7.148
1838,61.267,3.601,3.601,bbox,9.466,11.447,11.45,7.148
1839,61.3,3.703,3.634,bbox,9.466,11.522,11.45,7.183
1840,61.333,3.758,3.699,bbox,9.466,11.623,11.45,7.214
1841,61.367,3.823,3.703,bbox,9.466,11.623,11.45,7.214
1842,61.4,3.827,3.758,bbox,9.466,11.623,11.45,7.214
1843,61.433,3.773,3.773,bbox,9.466,11.623,11.45,7.261
1844,61.467,3.804,3.804,bbox,9.466,11.623,11.45,7.295
1845,61.5,3.806,3.806,bbox,9.466,11.623,11.45,7.295
1846,61.533,3.884,3.806,bbox,9.466,11.623,11.45,7.295
1847,61.567,3.949,3.806,bbox,9.466,11.73,11.45,7.295
1848,61.6,3.892,3.884,pose,9.466,11.777,11.45,7.295
1849,61.633,4.024,3.892,bbox,9.466,11.822,11.45,7.295
1850,61.667,4.032,3.949,bbox,9.466,11.822,11.45,7.339
1851,61.7,4.129,4.024,pose,9.466,11.822,11.45,7.339
1852,61.733,,,,9.466,11.822,11.45,7.339
1853,61.767,4.031,4.031,bbox,9.466,11.872,11.45,7.339
1854,61.8,4.007,4.031,bbox,9.466,11.872,11.45,7.339
1855,61.833,4.016,4.031,bbox,9.466,11.872,11.509,7.339
1856,61.867,4.043,4.031,bbox,9.466,11.872,11.509,7.339
1857,61.9,4.063,4.031,bbox,9.466,11.872,11.509,7.339
1858,61.933,4.089,4.043,bbox,9.466,11.872,11.509,7.339
1859,61.967,4.035,4.043,bbox,9.466,11.872,11.509,7.339
1860,62.0,3.976,4.043,bbox,9.466,11.872,11.509,7.339
1861,62.033,3.889,4.035,bbox,9.466,11.872,11.509,7.339
1862,62.067,3.802,3.976,bbox,9.466,11.872,11.509,7.339
1863,62.1,3.145,3.889,pose,9.466,11.872,11.509,7.339
1864,62.133,3.569,3.802,bbox,9.466,11.872,11.562,7.339
1865,62.167,3.483,3.569,bbox,9.466,11.872,11.6,7.339
1866,62.2,3.414,3.483,bbox,9.466,11.872,11.6,7.339
1867,62.233,3.239,3.414,bbox,9.466,11.872,11.701,7.339
1868,62.267,3.438,3.438,bbox,9.466,11.872,11.701,7.339
1869,62.3,2.808,3.414,pose,9.51,11.872,11.701,7.339
1870,62.333,3.427,3.414,bbox,9.51,11.872,11.701,7.339
1871,62.367,3.294,3.294,bbox,9.51,11.872,11.701,7.339
1872,62.4,2.449,3.294,pose,9.51,11.872,11.701,7.339
1873,62.433,3.31,3.294,bbox,9.51,11.872,11.701,7.339
1874,62.467,3.238,3.294,bbox,9.51,11.872,11.739,7.339
1875,62.5,3.232,3.238,bbox,9.562,11.872,11.781,7.339
1876,62.533,3.199,3.232,bbox,9.598,11.872,11.811,7.339
1877,62.567,3.085,3.232,bbox,9.598,11.872,11.811,7.339
1878,62.6,2.346,3.199,pose,9.655,11.872,11.811,7.339
1879,62.633,2.93,3.085,bbox,9.655,11.872,11.811,7.339
1880,62.667,2.909,2.93,bbox,9.685,11.872,11.811,7.339
1881,62.7,2.899,2.909,bbox,9.721,11.872,11.811,7.339
1882,62.733,2.914,2.909,bbox,9.721,11.872,11.811,7.339
1883,62.767,2.888,2.909,bbox,9.721,11.872,11.811,7.339
1884,62.8,2.889,2.899,bbox,9.721,11.872,11.811,7.339
1885,62.833,2.847,2.889,bbox,9.721,11.872,11.811,7.339
1886,62.867,2.829,2.888,bbox,9.721,11.872,11.811,7.339
1887,62.9,2.91,2.888,bbox,9.721,11.872,11.811,7.339
1888,62.933,2.831,2.847,bbox,9.721,11.872,11.811,7.339
1889,62.967,2.791,2.831,bbox,9.721,11.872,11.811,7.339
1890,63.0,2.818,2.829,bbox,9.721,11.872,11.811,7.339
1891,63.033,2.819,2.819,bbox,9.721,11.872,11.811,7.339
1892,63.067,2.841,2.819,bbox,9.721,11.872,11.811,7.339
1893,63.1,2.901,2.819,bbox,9.721,11.872,11.811,7.371
1894,63.133,2.914,2.841,bbox,9.762,11.872,11.811,7.371
1895,63.167,2.926,2.901,bbox,9.762,11.872,11.811,7.371
1896,63.2,2.945,2.914,bbox,9.762,11.872,11.811,7.371
1897,63.233,2.95,2.926,bbox,9.762,11.872,11.811,7.371
1898,63.267,2.946,2.945,bbox,9.762,11.872,11.811,7.371
1899,63.3,2.896,2.945,bbox,9.762,11.872,11.811,7.371
1900,63.333,2.843,2.945,bbox,9.762,11.872,11.811,7.371
1901,63.367,2.807,2.896,bbox,9.762,11.872,11.811,7.371
1902,63.4,2.815,2.843,bbox,9.762,11.872,11.811,7.371
1903,63.433,2.821,2.821,bbox,9.762,11.872,11.811,7.371
1904,63.467,2.803,2.815,bbox,9.762,11.872,11.811,7.371
1905,63.5,2.847,2.815,bbox,9.762,11.872,11.811,7.371
1906,63.533,2.838,2.821,bbox,9.762,11.872,11.811,7.371
1907,63.567,2.854,2.838,bbox,9.762,11.872,11.811,7.371
1908,63.6,2.795,2.838,bbox,9.762,11.872,11.811,7.371
1909,63.633,2.791,2.838,bbox,9.801,11.872,11.811,7.371
1910,63.667,2.751,2.795,bbox,9.801,11.872,11.811,7.407
1911,63.7,2.747,2.791,bbox,9.801,11.872,11.811,7.407
1912,63.733,2.752,2.752,bbox,9.838,11.872,11.811,7.443
1913,63.767,2.757,2.752,bbox,9.838,11.872,11.811,7.443
1914,63.8,2.797,2.752,bbox,9.838,11.872,11.811,7.443
1915,63.833,2.846,2.757,bbox,9.838,11.952,11.811,7.443
1916,63.867,2.851,2.797,bbox,9.838,11.952,11.811,7.443
1917,63.9,2.948,2.846,bbox,9.838,11.989,11.811,7.443
1918,63.933,3.018,2.851,bbox,9.838,12.059,11.811,7.443
1919,63.967,2.991,2.948,bbox,9.905,12.059,11.811,7.443
1920,64.0,3.137,2.991,bbox,9.905,12.126,11.811,7.443
1921,64.033,3.145,3.018,bbox,9.905,12.185,11.811,7.443
1922,64.067,3.138,3.137,bbox,9.905,12.185,11.811,7.443
1923,64.1,3.072,3.137,bbox,9.905,12.185,11.811,7.443
1924,64.133,3.02,3.137,bbox,9.905,12.185,11.811,7.443
1925,64.167,3.075,3.075,bbox,9.905,12.185,11.857,7.443
1926,64.2,3.111,3.075,bbox,9.905,12.232,11.905,7.443
1927,64.233,3.158,3.075,bbox,9.905,12.263,11.905,7.443
1928,64.267,3.193,3.111,bbox,9.905,12.263,11.905,7.443
1929,64.3,2.614,3.111,pose,9.905,12.341,11.905,7.443
1930,64.333,,,,9.905,12.341,11.905,7.443
1931,64.367,,,,9.905,12.341,11.905,7.443
1932,64.4,3.077,3.111,bbox,9.905,12.376,11.905,7.443
1933,64.433,2.849,3.077,bbox,9.905,12.376,11.961,7.443
1934,64.467,2.929,2.929,bbox,9.905,12.376,12.066,7.443
1935,64.5,2.957,2.929,pose,9.905,12.413,12.066,7.443
1936,64.533,2.861,2.929,bbox,9.945,12.413,12.066,7.443
1937,64.567,2.823,2.861,bbox,9.945,12.413,12.118,7.443
1938,64.6,2.766,2.861,bbox,9.945,12.413,12.118,7.443
1939,64.633,2.715,2.823,bbox,9.945,12.413,12.118,7.443
1940,64.667,2.682,2.766,bbox,9.945,12.413,12.118,7.443
1941,64.7,3.099,2.766,pose,9.945,12.413,12.118,7.443
1942,64.733,2.603,2.715,bbox,9.945,12.413,12.156,7.443
1943,64.767,2.564,2.682,bbox,9.945,12.413,12.156,7.443
1944,64.8,2.023,2.603,pose,9.945,12.413,12.243,7.443
1945,64.833,2.576,2.576,bbox,9.945,12.413,12.291,7.443
1946,64.867,2.572,2.572,bbox,9.945,12.413,12.291,7.443
1947,64.9,4.646,2.572,pose,9.945,12.413,12.291,7.443
1948,64.933,2.654,2.576,bbox,9.945,12.448,12.291,7.443
1949,64.967,2.731,2.654,bbox,9.945,12.448,12.291,7.481
1950,65.0,2.77,2.731,bbox,9.945,12.502,12.291,7.512
1951,65.033,2.851,2.77,bbox,9.945,12.502,12.291,7.545
1952,65.067,2.993,2.77,bbox,9.945,12.54,12.291,7.545
1953,65.1,2.868,2.851,pose,9.945,12.581,12.291,7.602
1954,65.133,3.201,2.868,bbox,9.945,12.581,12.291,7.729
1955,65.167,3.266,2.993,bbox,9.945,12.581,12.291,7.776
1956,65.2,2.862,2.993,pose,9.945,12.581,12.291,7.776
1957,65.233,3.29,3.201,bbox,9.945,12.581,12.291,7.808
1958,65.267,3.242,3.242,bbox,9.945,12.581,12.291,7.808
1959,65.3,5.133,3.266,pose,9.945,12.581,12.291,7.808
1960,65.333,3.223,3.242,bbox,9.945,12.581,12.291,7.845
1961,65.367,3.234,3.242,bbox,9.945,12.581,12.291,7.845
1962,65.4,2.971,3.234,pose,9.945,12.581,12.291,7.906
1963,65.433,3.278,3.234,bbox,9.945,12.581,12.291,7.979
1964,65.467,3.279,3.234,bbox,9.945,12.581,12.291,7.979
1965,65.5,3.312,3.278,bbox,9.945,12.581,12.291,7.979
1966,65.533,3.348,3.279,bbox,9.945,12.581,12.291,7.979
1967,65.567,3.356,3.312,bbox,9.945,12.581,12.291,7.979
1968,65.6,3.376,3.348,bbox,9.945,12.581,12.291,7.979
1969,65.633,3.344,3.348,bbox,9.945,12.581,12.291,7.979
1970,65.667,3.342,3.348,bbox,9.945,12.581,12.291,7.979
1971,65.7,,,,9.945,12.581,12.291,7.979
1972,65.733,3.248,3.344,bbox,9.996,12.581,12.291,7.979
1973,65.767,3.239,3.342,bbox,9.996,12.581,12.291,7.979
1974,65.8,2.854,3.248,pose,9.996,12.581,12.291,7.979
1975,65.833,3.179,3.239,bbox,9.996,12.581,12.291,7.979
1976,65.867,3.182,3.182,bbox,9.996,12.581,12.291,7.979
1977,65.9,3.132,3.179,pose,9.996,12.581,12.291,7.979
1978,65.933,3.005,3.132,bbox,9.996,12.581,12.344,7.979
1979,65.967,2.947,3.132,bbox,10.04,12.581,12.344,7.979
1980,66.0,2.839,3.005,bbox,10.04,12.581,12.344,7.979
1981,66.033,2.835,2.947,bbox,10.04,12.581,12.344,7.979
1982,66.067,2.788,2.839,bbox,10.04,12.581,12.344,7.979
1983,66.1,3.138,2.839,pose,10.04,12.581,12.344,7.979
1984,66.133,2.776,2.835,bbox,10.1,12.581,12.344,7.979
1985,66.167,2.782,2.788,bbox,10.1,12.581,12.386,7.979
1986,66.2,4.834,2.788,pose,10.1,12.581,12.386,7.979
1987,66.233,2.72,2.782,bbox,10.134,12.581,12.386,7.979
1988,66.267,2.729,2.776,bbox,10.134,12.581,12.386,7.979
1989,66.3,4.62,2.782,pose,10.134,12.581,12.386,7.979
1990,66.333,2.755,2.755,bbox,10.196,12.581,12.386,7.979
1991,66.367,2.736,2.736,bbox,10.196,12.581,12.386,7.979
1992,66.4,4.406,2.755,pose,10.196,12.581,12.386,7.979
1993,66.433,2.805,2.805,bbox,10.196,12.581,12.386,8.122
1994,66.467,2.841,2.805,bbox,10.196,12.581,12.386,8.122
1995,66.5,2.92,2.841,bbox,10.196,12.581,12.386,8.191
1996,66.533,3.003,2.92,bbox,10.196,12.581,12.386,8.287
1997,66.567,3.097,2.92,bbox,10.196,12.581,12.386,8.287
1998,66.6,3.247,3.003,bbox,10.196,12.581,12.386,8.373
1999,66.633,3.239,3.097,bbox,10.196,12.581,12.386,8.432
2000,66.667,3.049,3.097,bbox,10.196,12.581,12.386,8.465
2001,66.7,2.646,3.097,pose,10.196,12.581,12.386,8.465
2002,66.733,3.134,3.134,bbox,10.196,12.581,12.386,8.465
2003,66.767,3.189,3.134,bbox,10.196,12.581,12.386,8.5
2004,66.8,2.401,3.049,pose,10.196,12.581,12.386,8.536
2005,66.833,3.202,3.134,bbox,10.196,12.581,12.386,8.635
2006,66.867,3.243,3.189,bbox,10.196,12.581,12.386,8.635
2007,66.9,2.634,3.189,pose,10.196,12.581,12.386,8.714
2008,66.933,3.304,3.202,bbox,10.196,12.581,12.386,8.714
2009,66.967,3.32,3.243,bbox,10.196,12.581,12.386,8.764
2010,67.0,2.842,3.243,pose,10.196,12.581,12.386,8.764
2011,67.033,3.309,3.304,bbox,10.196,12.581,12.386,8.764
2012,67.067,3.335,3.309,bbox,10.196,12.581,12.386,8.764
2013,67.1,2.947,3.309,pose,10.196,12.581,12.386,8.764
2014,67.133,3.354,3.309,bbox,10.196,12.581,12.386,8.764
2015,67.167,3.39,3.335,bbox,10.196,12.581,12.386,8.764
2016,67.2,3.453,3.354,bbox,10.196,12.581,12.386,8.764
2017,67.233,3.278,3.354,bbox,10.196,12.581,12.386,8.764
2018,67.267,3.332,3.354,bbox,10.196,12.581,12.386,8.764
2019,67.3,3.274,3.332,bbox,10.196,12.581,12.449,8.764
2020,67.333,3.197,3.278,bbox,10.196,12.581,12.449,8.764
2021,67.367,3.166,3.274,bbox,10.196,12.581,12.449,8.764
2022,67.4,3.14,3.197,bbox,10.196,12.581,12.449,8.764
2023,67.433,3.064,3.166,bbox,10.196,12.581,12.449,8.764
2024,67.467,2.988,3.14,bbox,10.196,12.581,12.449,8.764
2025,67.5,2.304,3.064,pose,10.196,12.581,12.449,8.764
2026,67.533,2.998,2.998,bbox,10.196,12.581,12.449,8.764
2027,67.567,2.994,2.994,bbox,10.196,12.581,12.449,8.764
2028,67.6,2.367,2.988,pose,10.196,12.581,12.449,8.764
2029,67.633,3.061,2.994,bbox,10.196,12.581,12.449,8.764
2030,67.667,3.024,2.998,bbox,10.196,12.581,12.449,8.764
2031,67.7,3.065,3.024,bbox,10.196,12.581,12.449,8.764
2032,67.733,3.082,3.061,bbox,10.196,12.581,12.449,8.764
2033,67.767,3.067,3.065,bbox,10.196,12.581,12.449,8.764
2034,67.8,3.054,3.065,bbox,10.196,12.581,12.482,8.764
2035,67.833,2.993,3.065,bbox,10.196,12.581,12.482,8.764
2036,67.867,3.028,3.054,bbox,10.196,12.581,12.482,8.764
2037,67.9,3.041,3.041,bbox,10.196,12.638,12.482,8.764
2038,67.933,3.084,3.041,bbox,10.196,12.694,12.482,8.764
2039,67.967,3.158,3.041,bbox,10.196,12.694,12.482,8.764
2040,68.0,2.563,3.041,pose,10.196,12.694,12.482,8.764
2041,68.033,3.192,3.084,bbox,10.196,12.694,12.482,8.764
2042,68.067,3.234,3.158,bbox,10.196,12.694,12.482,8.795
2043,68.1,3.281,3.192,bbox,10.196,12.694,12.482,8.795
2044,68.133,3.293,3.234,bbox,10.196,12.729,12.482,8.795
2045,68.167,3.238,3.238,bbox,10.196,12.729,12.482,8.795
2046,68.2,3.252,3.252,bbox,10.196,12.729,12.482,8.795
2047,68.233,3.222,3.252,bbox,10.196,12.729,12.482,8.795
2048,68.267,3.22,3.238,bbox,10.196,12.729,12.482,8.795
2049,68.3,3.177,3.222,bbox,10.196,12.729,12.482,8.795
2050,68.333,3.181,3.22,bbox,10.196,12.763,12.482,8.795
2051,68.367,3.203,3.203,bbox,10.196,12.763,12.482,8.795
2052,68.4,3.239,3.203,bbox,10.196,12.763,12.482,8.795
2053,68.433,3.354,3.203,bbox,10.196,12.763,12.482,8.795
2054,68.467,3.409,3.239,bbox,10.196,12.763,12.482,8.795
2055,68.5,3.379,3.354,bbox,10.196,12.763,12.482,8.795
2056,68.533,3.379,3.379,bbox,10.196,12.763,12.482,8.795
2057,68.567,3.298,3.379,bbox,10.196,12.763,12.482,8.795
2058,68.6,3.227,3.379,bbox,10.196,12.763,12.482,8.795
2059,68.633,3.197,3.298,bbox,10.196,12.763,12.482,8.795
2060,68.667,3.092,3.227,bbox,10.196,12.763,12.517,8.795
2061,68.7,3.01,3.197,bbox,10.196,12.763,12.58,8.795
2062,68.733,2.936,3.092,bbox,10.196,12.763,12.659,8.795
2063,68.767,2.897,3.01,bbox,10.226,12.763,12.731,8.795
2064,68.8,3.936,3.01,pose,10.226,12.763,12.731,8.795
2065,68.833,2.844,2.936,bbox,10.226,12.763,12.767,8.795
2066,68.867,2.836,2.897,bbox,10.257,12.763,12.767,8.795
2067,68.9,2.47,2.844,pose,10.3,12.763,12.767,8.795
2068,68.933,2.806,2.836,bbox,10.3,12.763,12.807,8.795
2069,68.967,2.82,2.82,bbox,10.3,12.763,12.848,8.795
2070,69.0,6.29,2.82,pose,10.3,12.763,12.848,8.795
2071,69.033,2.79,2.806,bbox,10.3,12.763,12.9,8.795
2072,69.067,2.826,2.82,bbox,10.3,12.763,12.9,8.795
2073,69.1,2.934,2.826,pose,10.3,12.763,12.9,8.831
2074,69.133,2.876,2.876,bbox,10.3,12.763,12.9,8.876
2075,69.167,2.875,2.875,bbox,10.3,12.763,12.9,8.876
2076,69.2,3.365,2.876,pose,10.3,12.763,12.9,8.914
2077,69.233,3.026,2.934,bbox,10.3,12.763,12.9,8.967
2078,69.267,3.046,3.026,bbox,10.3,12.763,12.9,8.967
2079,69.3,3.082,3.046,bbox,10.3,12.763,12.9,8.967
2080,69.333,3.058,3.058,bbox,10.3,12.763,12.9,8.967
2081,69.367,3.042,3.046,bbox,10.3,12.763,12.9,8.967
2082,69.4,3.009,3.046,bbox,10.3,12.763,12.9,8.967
2083,69.433,2.947,3.042,bbox,10.3,12.763,12.9,8.967
2084,69.467,2.901,3.009,bbox,10.3,12.763,12.9,8.967
2085,69.5,2.881,2.947,bbox,10.3,12.763,12.9,8.967
2086,69.533,2.864,2.901,bbox,10.3,12.763,12.9,8.967
2087,69.567,2.85,2.881,bbox,10.3,12.763,12.9,8.967
2088,69.6,4.885,2.881,pose,10.3,12.763,12.9,8.967
2089,69.633,2.82,2.864,bbox,10.3,12.763,12.9,8.967
2090,69.667,2.838,2.85,bbox,10.3,12.763,12.9,8.967
2091,69.7,2.877,2.85,bbox,10.3,12.763,12.9,8.967
2092,69.733,2.862,2.862,bbox,10.336,12.763,12.9,8.967
2093,69.767,2.869,2.862,bbox,10.336,12.763,12.9,8.967
2094,69.8,2.863,2.863,bbox,10.336,12.763,12.9,8.967
2095,69.833,2.938,2.869,bbox,10.336,12.763,12.9,8.967
2096,69.867,3.007,2.869,bbox,10.336,12.763,12.9,8.967
2097,69.9,3.04,2.938,bbox,10.336,12.763,12.9,9.016
2098,69.933,3.129,3.007,bbox,10.336,12.763,12.9,9.074
2099,69.967,3.236,3.04,bbox,10.336,12.763,12.9,9.129
2100,70.0,4.163,3.129,pose,10.336,12.763,12.9,9.216
2101,70.033,3.352,3.236,bbox,10.336,12.763,12.9,9.295
2102,70.067,3.136,3.236,bbox,10.336,12.763,12.9,9.359
2103,70.1,3.061,3.236,bbox,10.336,12.763,12.9,9.359
2104,70.133,3.078,3.136,bbox,10.336,12.763,12.9,9.359
2105,70.167,2.966,3.078,bbox,10.336,12.763,12.9,9.359
2106,70.2,3.08,3.078,pose,10.368,12.763,12.9,9.359
2107,70.233,3.045,3.061,bbox,10.368,12.763,12.9,9.359
2108,70.267,3.104,3.078,bbox,10.368,12.763,12.9,9.452
2109,70.3,3.155,3.08,bbox,10.368,12.763,12.9,9.499
2110,70.333,3.161,3.104,bbox,10.368,12.763,12.9,9.538
2111,70.367,3.187,3.155,bbox,10.368,12.763,12.9,9.538
2112,70.4,2.861,3.155,pose,10.368,12.763,12.9,9.575
2113,70.433,3.163,3.161,bbox,10.368,12.763,12.9,9.575
2114,70.467,3.143,3.161,bbox,10.368,12.763,12.9,9.575
2115,70.5,2.879,3.143,pose,10.368,12.763,12.9,9.575
2116,70.533,3.205,3.143,bbox,10.368,12.763,12.9,9.609
2117,70.567,2.957,3.143,bbox,10.368,12.763,12.934,9.609
2118,70.6,2.935,2.957,bbox,10.368,12.763,12.934,9.609
2119,70.633,2.932,2.935,bbox,10.368,12.763,12.934,9.609
2120,70.667,2.943,2.943,bbox,10.368,12.763,12.934,9.609
2121,70.7,2.534,2.935,pose,10.368,12.763,12.934,9.609
2122,70.733,3.089,2.935,bbox,10.368,12.763,12.934,9.609
2123,70.767,3.156,2.943,bbox,10.368,12.763,12.934,9.676
2124,70.8,3.163,3.089,bbox,10.368,12.763,12.934,9.676
2125,70.833,3.211,3.156,bbox,10.368,12.763,12.934,9.676
2126,70.867,3.144,3.156,bbox,10.368,12.763,12.934,9.676
2127,70.9,3.198,3.163,bbox,10.368,12.763,12.934,9.676
2128,70.933,3.167,3.167,bbox,10.368,12.763,12.934,9.676
2129,70.967,3.163,3.167,bbox,10.368,12.763,12.934,9.676
2130,71.0,3.166,3.166,bbox,10.368,12.763,12.934,9.676
2131,71.033,3.06,3.166,bbox,10.368,12.763,12.967,9.676
2132,71.067,2.946,3.163,bbox,10.368,12.763,12.967,9.676
2133,71.1,2.846,3.06,bbox,10.368,12.763,13.008,9.676
2134,71.133,2.928,2.946,bbox,10.368,12.763,13.084,9.676
2135,71.167,2.93,2.93,bbox,10.368,12.763,13.174,9.676
2136,71.2,2.91,2.928,bbox,10.368,12.763,13.246,9.676
2137,71.233,2.91,2.91,bbox,10.368,12.763,13.288,9.676
2138,71.267,2.863,2.91,bbox,10.368,12.763,13.288,9.676
2139,71.3,2.814,2.91,bbox,10.368,12.763,13.288,9.676
2140,71.333,2.775,2.863,bbox,10.368,12.763,13.288,9.676
2141,71.367,2.75,2.814,bbox,10.368,12.763,13.288,9.676
2142,71.4,2.749,2.775,bbox,10.422,12.763,13.288,9.708
2143,71.433,2.798,2.775,bbox,10.466,12.763,13.288,9.708
2144,71.467,2.802,2.775,bbox,10.466,12.763,13.288,9.738
2145,71.5,2.744,2.75,bbox,10.466,12.763,13.288,9.738
2146,71.533,2.702,2.749,bbox,10.466,12.763,13.288,9.738
2147,71.567,2.696,2.744,bbox,10.547,12.763,13.288,9.769
2148,71.6,2.673,2.702,bbox,10.547,12.763,13.288,9.769
2149,71.633,2.597,2.696,bbox,10.547,12.763,13.288,9.769
2150,71.667,2.584,2.673,bbox,10.547,12.763,13.288,9.769
2151,71.7,2.557,2.597,bbox,10.547,12.763,13.34,9.769
2152,71.733,2.584,2.584,bbox,10.547,12.763,13.34,9.769
2153,71.767,2.594,2.584,bbox,10.547,12.763,13.38,9.769
2154,71.8,2.498,2.584,bbox,10.547,12.763,13.413,9.769
2155,71.833,2.438,2.557,bbox,10.547,12.763,13.413,9.769
2156,71.867,2.432,2.498,bbox,10.547,12.763,13.413,9.769
2157,71.9,2.511,2.498,bbox,10.547,12.763,13.413,9.802
2158,71.933,2.547,2.498,bbox,10.547,12.763,13.413,9.802
2159,71.967,2.632,2.511,bbox,10.547,12.763,13.413,9.841
2160,72.0,2.224,2.511,pose,10.547,12.763,13.413,9.891
2161,72.033,2.825,2.547,bbox,10.547,12.763,13.413,9.939
2162,72.067,2.902,2.632,bbox,10.547,12.763,13.413,10.005
2163,72.1,2.772,2.772,bbox,10.547,12.763,13.413,10.005
2164,72.133,2.787,2.787,bbox,10.547,12.763,13.413,10.005
2165,72.167,2.849,2.825,bbox,10.547,12.763,13.413,10.005
2166,72.2,2.791,2.791,bbox,10.547,12.763,13.413,10.005
2167,72.233,2.891,2.791,bbox,10.547,12.763,13.413,10.005
2168,72.267,2.683,2.791,bbox,10.547,12.763,13.413,10.005
2169,72.3,2.774,2.791,bbox,10.547,12.763,13.413,10.037
2170,72.333,2.879,2.791,bbox,10.547,12.763,13.413,10.037
2171,72.367,3.157,2.879,bbox,10.547,12.763,13.413,10.037
2172,72.4,3.124,2.879,bbox,10.547,12.763,13.413,10.106
2173,72.433,3.188,3.124,bbox,10.547,12.763,13.413,10.106
2174,72.467,,,,10.547,12.763,13.413,10.106
2175,72.5,3.301,3.157,bbox,10.547,12.763,13.413,10.106
2176,72.533,3.283,3.188,bbox,10.547,12.763,13.413,10.106
2177,72.567,3.229,3.229,bbox,10.547,12.763,13.413,10.106
2178,72.6,3.229,3.229,bbox,10.547,12.763,13.413,10.106
2179,72.633,,,,10.547,12.763,13.413,10.106
2180,72.667,,,,10.547,12.763,13.413,10.106
2181,72.7,3.138,3.229,bbox,10.547,12.763,13.413,10.106
2182,72.733,2.977,3.229,bbox,10.547,12.763,13.413,10.106
2183,72.767,2.968,3.138,bbox,10.547,12.763,13.413,10.106
2184,72.8,3.129,3.129,bbox,10.547,12.763,13.457,10.106
2185,72.833,2.925,2.977,bbox,10.547,12.763,13.457,10.106
2186,72.867,2.955,2.968,bbox,10.547,12.763,13.503,10.106
2187,72.9,3.059,2.968,bbox,10.547,12.763,13.503,10.106
2188,72.933,,,,10.547,12.763,13.503,10.106
2189,72.967,2.96,2.96,bbox,10.547,12.763,13.503,10.106
2190,73.0,2.585,2.955,pose,10.547,12.763,13.503,10.106
2191,73.033,2.81,2.955,bbox,10.547,12.763,13.503,10.106
2192,73.067,2.761,2.81,bbox,10.547,12.763,13.503,10.106
2193,73.1,2.766,2.766,bbox,10.547,12.763,13.557,10.106
2194,73.133,2.755,2.761,bbox,10.547,12.763,13.597,10.106
2195,73.167,2.731,2.761,bbox,10.547,12.763,13.637,10.106
2196,73.2,2.734,2.755,bbox,10.547,12.763,13.692,10.106
2197,73.233,2.743,2.743,bbox,10.547,12.763,13.733,10.106
2198,73.267,2.745,2.743,bbox,10.547,12.763,13.769,10.106
2199,73.3,2.196,2.734,pose,10.547,12.763,13.769,10.106
2200,73.333,2.667,2.734,bbox,10.547,12.763,13.769,10.106
2201,73.367,,,,10.547,12.763,13.769,10.106
2202,73.4,2.705,2.705,bbox,10.547,12.763,13.769,10.106
2203,73.433,2.774,2.705,bbox,10.547,12.763,13.769,10.172
2204,73.467,,,,10.547,12.763,13.769,10.172
2205,73.5,,,,10.547,12.763,13.769,10.172
2206,73.533,,,,10.547,12.763,13.769,10.172
2207,73.567,,,,10.547,12.763,13.769,10.172
2208,73.6,,,,10.547,12.763,13.769,10.172
2209,73.633,,,,10.547,12.763,13.769,10.172
2210,73.667,,,,10.547,12.763,13.769,10.172
2211,73.7,,,,10.547,12.763,13.769,10.172
2212,73.733,,,,10.547,12.763,13.769,10.172
2213,73.767,,,,10.547,12.763,13.769,10.172
2214,73.8,,,,10.547,12.763,13.769,10.172
2215,73.833,,,,10.547,12.763,13.769,10.172
2216,73.867,,,,10.547,12.763,13.769,10.172
2217,73.9,,,,10.547,12.763,13.769,10.172
2218,73.933,,,,10.547,12.763,13.769,10.172
2219,73.967,,,,10.547,12.763,13.769,10.172
2220,74.0,,,,10.547,12.763,13.769,10.172
2221,74.033,,,,10.547,12.763,13.769,10.172
2222,74.067,,,,10.547,12.763,13.769,10.172
2223,74.1,3.428,2.705,bbox,10.547,12.763,13.769,10.226
2224,74.133,,,,10.547,12.763,13.769,10.226
2225,74.167,3.332,2.774,bbox,10.547,12.763,13.769,10.226
2226,74.2,,,,10.547,12.763,13.769,10.226
2227,74.233,,,,10.547,12.763,13.769,10.226
2228,74.267,3.455,3.332,bbox,10.547,12.763,13.769,10.226
2229,74.3,3.448,3.428,bbox,10.547,12.843,13.769,10.226
2230,74.333,3.484,3.448,bbox,10.547,12.879,13.769,10.226
2231,74.367,3.492,3.455,bbox,10.547,12.879,13.821,10.226
2232,74.4,,,,10.547,12.879,13.821,10.226
2233,74.433,,,,10.547,12.879,13.821,10.226
2234,74.467,,,,10.547,12.879,13.821,10.226
2235,74.5,,,,10.547,12.879,13.821,10.226
2236,74.533,,,,10.547,12.879,13.821,10.226
2237,74.567,,,,10.547,12.879,13.821,10.226
2238,74.6,2.684,3.455,pose,10.547,12.879,13.821,10.226
2239,74.633,2.984,3.448,bbox,10.547,12.879,13.821,10.226
2240,74.667,,,,10.547,12.879,13.821,10.226
2241,74.7,2.975,2.984,bbox,10.547,12.879,13.913,10.226
2242,74.733,,,,10.547,12.879,13.913,10.226
2243,74.767,,,,10.547,12.879,13.913,10.226
2244,74.8,2.972,2.975,pose,10.547,12.879,14.039,10.226
2245,74.833,,,,10.547,12.879,14.039,10.226
2246,74.867,,,,10.547,12.879,14.039,10.226
2247,74.9,2.903,2.972,pose,10.547,12.941,14.039,10.226
2248,74.933,3.089,2.975,bbox,10.547,12.941,14.164,10.226
2249,74.967,3.058,2.975,bbox,10.547,12.941,14.164,10.226
2250,75.0,2.689,2.972,pose,10.547,12.941,14.164,10.333
2251,75.033,3.167,3.058,bbox,10.547,12.941,14.26,10.333
2252,75.067,3.172,3.089,bbox,10.547,12.941,14.26,10.333
2253,75.1,3.173,3.167,bbox,10.547,12.941,14.26,10.333
2254,75.133,3.319,3.172,bbox,10.547,12.941,14.26,10.333
2255,75.167,,,,10.547,12.941,14.26,10.333
2256,75.2,3.122,3.172,bbox,10.581,12.941,14.315,10.333
2257,75.233,3.086,3.172,bbox,10.62,12.941,14.315,10.333
2258,75.267,3.055,3.122,bbox,10.62,12.941,14.368,10.333
2259,75.3,3.015,3.086,bbox,10.62,12.941,14.402,10.333
2260,75.333,2.972,3.055,bbox,10.62,12.941,14.402,10.333
2261,75.367,2.913,3.015,bbox,10.62,12.941,14.402,10.333
2262,75.4,2.924,2.972,bbox,10.62,12.941,14.402,10.333
2263,75.433,2.852,2.924,bbox,10.62,12.941,14.444,10.333
2264,75.467,2.823,2.913,bbox,10.62,12.941,14.444,10.333
2265,75.5,2.46,2.852,pose,10.62,12.941,14.496,10.333
2266,75.533,2.773,2.823,bbox,10.62,12.941,14.496,10.333
2267,75.567,2.782,2.782,bbox,10.62,12.941,14.496,10.333
2268,75.6,1.913,2.773,pose,10.62,12.941,14.496,10.333
2269,75.633,2.845,2.773,bbox,10.62,12.941,14.496,10.333
2270,75.667,2.847,2.782,bbox,10.62,12.941,14.496,10.333
2271,75.7,2.854,2.845,bbox,10.62,12.941,14.496,10.333
2272,75.733,2.915,2.847,bbox,10.62,12.941,14.496,10.333
2273,75.767,3.048,2.854,bbox,10.62,12.941,14.496,10.333
2274,75.8,3.069,2.915,bbox,10.62,12.989,14.496,10.333
2275,75.833,3.033,3.033,bbox,10.62,13.051,14.496,10.365
2276,75.867,3.044,3.044,bbox,10.62,13.051,14.496,10.365
2277,75.9,2.666,3.044,pose,10.62,13.051,14.496,10.365
2278,75.933,3.172,3.044,bbox,10.62,13.082,14.496,10.365
2279,75.967,3.348,3.044,bbox,10.62,13.082,14.496,10.428
2280,76.0,3.373,3.172,bbox,10.62,13.116,14.496,10.475
2281,76.033,3.445,3.348,bbox,10.62,13.116,14.496,10.475
2282,76.067,3.516,3.373,bbox,10.62,13.151,14.496,10.475
2283,76.1,3.393,3.393,bbox,10.62,13.151,14.496,10.475
2284,76.133,3.385,3.393,bbox,10.62,13.151,14.496,10.563
2285,76.167,3.387,3.393,bbox,10.62,13.151,14.496,10.609
2286,76.2,2.853,3.387,pose,10.62,13.151,14.496,10.658
2287,76.233,3.425,3.387,bbox,10.62,13.151,14.496,10.658
2288,76.267,3.496,3.387,bbox,10.62,13.151,14.496,10.708
2289,76.3,3.233,3.387,pose,10.62,13.151,14.496,10.743
2290,76.333,3.683,3.425,bbox,10.62,13.151,14.496,10.743
2291,76.367,3.85,3.496,bbox,10.62,13.151,14.496,10.743
2292,76.4,,,,10.62,13.151,14.496,10.743
2293,76.433,,,,10.62,13.151,14.496,10.743
2294,76.467,,,,10.62,13.151,14.496,10.743
2295,76.5,,,,10.62,13.151,14.496,10.743
2296,76.533,,,,10.62,13.151,14.496,10.743
2297,76.567,,,,10.62,13.151,14.496,10.743
2298,76.6,,,,10.62,13.151,14.496,10.743
2299,76.633,3.771,3.683,bbox,10.62,13.151,14.496,10.743
2300,76.667,3.749,3.749,bbox,10.62,13.151,14.496,10.743
2301,76.7,3.721,3.749,bbox,10.62,13.151,14.496,10.743
2302,76.733,3.486,3.749,bbox,10.62,13.151,14.55,10.743
2303,76.767,,,,10.62,13.151,14.55,10.743
2304,76.8,3.349,3.721,bbox,10.62,13.151,14.55,10.743
2305,76.833,3.267,3.486,bbox,10.62,13.151,14.604,10.743
2306,76.867,,,,10.62,13.151,14.604,10.743
2307,76.9,3.241,3.349,bbox,10.62,13.151,14.688,10.743
2308,76.933,3.199,3.267,bbox,10.62,13.151,14.754,10.743
2309,76.967,3.157,3.241,bbox,10.62,13.151,14.789,10.743
2310,77.0,3.164,3.199,bbox,10.681,13.151,14.789,10.743
2311,77.033,3.152,3.164,bbox,10.681,13.151,14.789,10.743
2312,77.067,2.98,3.157,bbox,10.681,13.151,14.789,10.743
2313,77.1,3.006,3.152,bbox,10.681,13.151,14.888,10.743
2314,77.133,3.004,3.006,bbox,10.681,13.151,14.956,10.743
2315,77.167,2.988,3.004,bbox,10.681,13.151,15.012,10.743
2316,77.2,3.015,3.004,bbox,10.681,13.151,15.047,10.743
2317,77.233,2.907,3.004,bbox,10.681,13.151,15.047,10.743
2318,77.267,2.894,2.988,bbox,10.711,13.151,15.047,10.743
2319,77.3,2.88,2.907,bbox,10.711,13.151,15.047,10.743
2320,77.333,2.902,2.902,bbox,10.742,13.151,15.047,10.743
2321,77.367,2.895,2.895,bbox,10.742,13.151,15.047,10.743
2322,77.4,2.9,2.895,bbox,10.742,13.151,15.047,10.743
2323,77.433,2.908,2.9,bbox,10.742,13.151,15.047,10.743
2324,77.467,2.893,2.9,bbox,10.742,13.151,15.047,10.743
2325,77.5,2.909,2.9,bbox,10.742,13.151,15.047,10.743
2326,77.533,2.906,2.906,bbox,10.742,13.151,15.047,10.743
2327,77.567,2.825,2.906,bbox,10.742,13.151,15.047,10.743
2328,77.6,2.807,2.893,bbox,10.742,13.151,15.047,10.743
2329,77.633,2.773,2.825,bbox,10.742,13.151,15.047,10.743
2330,77.667,2.679,2.807,bbox,10.742,13.151,15.047,10.743
2331,77.7,4.87,2.807,pose,10.742,13.151,15.047,10.743
2332,77.733,2.64,2.773,bbox,10.742,13.151,15.047,10.743
2333,77.767,2.61,2.679,bbox,10.742,13.151,15.083,10.743
2334,77.8,2.0,2.64,pose,10.742,13.151,15.083,10.743
2335,77.833,2.539,2.61,bbox,10.742,13.151,15.138,10.743
2336,77.867,2.517,2.539,bbox,10.742,13.151,15.189,10.743
2337,77.9,2.481,2.517,bbox,10.742,13.151,15.227,10.743
2338,77.933,2.542,2.517,bbox,10.742,13.151,15.263,10.743
2339,77.967,2.534,2.534,bbox,10.742,13.151,15.263,10.743
2340,78.0,2.065,2.517,pose,10.742,13.151,15.263,10.743
2341,78.033,2.559,2.534,bbox,10.742,13.151,15.263,10.743
2342,78.067,2.568,2.542,bbox,10.742,13.151,15.263,10.796
2343,78.1,2.705,2.559,pose,10.742,13.151,15.263,10.796
2344,78.133,,,,10.742,13.151,15.263,10.796
2345,78.167,,,,10.742,13.151,15.263,10.796
2346,78.2,,,,10.742,13.151,15.263,10.796
2347,78.233,3.171,2.568,bbox,10.742,13.183,15.263,10.796
2348,78.267,3.203,2.705,bbox,10.742,13.221,15.263,10.855
2349,78.3,,,,10.742,13.221,15.263,10.855
2350,78.333,,,,10.742,13.221,15.263,10.855
2351,78.367,,,,10.742,13.221,15.263,10.855
2352,78.4,3.296,3.171,bbox,10.742,13.262,15.263,10.855
2353,78.433,3.284,3.203,bbox,10.742,13.262,15.263,10.855
2354,78.467,3.197,3.203,bbox,10.742,13.262,15.263,10.855
2355,78.5,3.272,3.272,bbox,10.742,13.262,15.263,10.855
2356,78.533,3.299,3.284,bbox,10.742,13.262,15.263,10.855
2357,78.567,,,,10.742,13.262,15.263,10.855
2358,78.6,,,,10.742,13.262,15.263,10.855
2359,78.633,,,,10.742,13.262,15.263,10.855
2360,78.667,3.351,3.284,bbox,10.742,13.262,15.263,10.927
2361,78.7,,,,10.742,13.262,15.263,10.927
2362,78.733,,,,10.742,13.262,15.263,10.927
2363,78.767,3.47,3.299,bbox,10.742,13.262,15.263,10.927
2364,78.8,3.419,3.351,bbox,10.742,13.262,15.263,10.961
2365,78.833,3.417,3.417,bbox,10.742,13.262,15.263,11.04
2366,78.867,3.355,3.417,bbox,10.742,13.262,15.263,11.04
2367,78.9,3.299,3.417,bbox,10.742,13.262,15.263,11.04
2368,78.933,3.269,3.355,bbox,10.805,13.262,15.263,11.04
2369,78.967,2.995,3.299,bbox,10.846,13.262,15.263,11.04
2370,79.0,3.155,3.269,bbox,10.846,13.262,15.306,11.04
2371,79.033,3.164,3.164,bbox,10.846,13.262,15.391,11.04
2372,79.067,3.114,3.155,bbox,10.846,13.262,15.391,11.04
2373,79.1,3.022,3.114,bbox,10.846,13.262,15.454,11.04
2374,79.133,3.011,3.114,bbox,10.846,13.262,15.454,11.04
2375,79.167,3.0,3.022,bbox,10.846,13.262,15.495,11.04
2376,79.2,2.963,3.011,bbox,10.846,13.262,15.495,11.04
2377,79.233,2.855,3.0,bbox,10.846,13.262,15.495,11.04
2378,79.267,2.8,2.963,bbox,10.877,13.262,15.495,11.04
2379,79.3,2.761,2.855,bbox,10.877,13.262,15.495,11.04
2380,79.333,2.758,2.8,bbox,10.92,13.262,15.495,11.04
2381,79.367,2.81,2.8,bbox,10.92,13.262,15.495,11.04
2382,79.4,2.877,2.8,bbox,10.92,13.262,15.495,11.04
2383,79.433,2.872,2.81,bbox,10.92,13.262,15.495,11.04
2384,79.467,2.894,2.872,bbox,10.92,13.262,15.495,11.04
2385,79.5,2.908,2.877,bbox,10.979,13.262,15.495,11.04
2386,79.533,2.875,2.877,bbox,10.979,13.262,15.495,11.04
2387,79.567,2.858,2.875,bbox,10.979,13.262,15.495,11.04
2388,79.6,2.853,2.875,bbox,10.979,13.262,15.495,11.04
2389,79.633,2.809,2.858,bbox,10.979,13.262,15.495,11.04
2390,79.667,2.783,2.853,bbox,10.979,13.262,15.495,11.04
2391,79.7,2.382,2.809,pose,10.979,13.262,15.495,11.04
2392,79.733,2.767,2.783,bbox,10.979,13.262,15.495,11.04
2393,79.767,2.658,2.767,bbox,10.979,13.262,15.495,11.04
2394,79.8,6.205,2.767,pose,10.979,13.262,15.495,11.04
2395,79.833,2.503,2.658,bbox,10.979,13.262,15.495,11.04
2396,79.867,2.479,2.658,bbox,10.979,13.262,15.565,11.04
2397,79.9,2.445,2.503,bbox,10.979,13.262,15.687,11.04
2398,79.933,2.385,2.479,bbox,10.979,13.262,15.742,11.04
2399,79.967,2.381,2.445,bbox,10.979,13.262,15.798,11.04
2400,80.0,2.427,2.427,bbox,10.979,13.262,15.798,11.04
2401,80.033,2.438,2.427,bbox,10.979,13.262,15.798,11.04
2402,80.067,2.482,2.427,bbox,10.979,13.262,15.798,11.04
2403,80.1,7.257,2.438,pose,10.979,13.262,15.798,11.04
2404,80.133,2.442,2.442,bbox,10.979,13.262,15.798,11.075
2405,80.167,2.372,2.442,bbox,10.979,13.262,15.798,11.075
2406,80.2,2.425,2.442,bbox,10.979,13.262,15.798,11.075
2407,80.233,2.547,2.442,bbox,10.979,13.324,15.798,11.075
2408,80.267,2.695,2.442,bbox,10.979,13.324,15.798,11.075
2409,80.3,2.801,2.547,bbox,10.979,13.363,15.798,11.185
2410,80.333,2.627,2.627,bbox,10.979,13.431,15.798,11.185
2411,80.367,2.61,2.627,bbox,10.979,13.431,15.798,11.185
2412,80.4,2.776,2.695,bbox,10.979,13.431,15.798,11.272
2413,80.433,2.828,2.776,bbox,10.979,13.431,15.798,11.272
2414,80.467,2.866,2.776,bbox,10.979,13.431,15.798,11.272
2415,80.5,2.952,2.828,bbox,10.979,13.431,15.798,11.327
2416,80.533,3.023,2.866,bbox,10.979,13.431,15.798,11.327
2417,80.567,3.053,2.952,bbox,10.979,13.431,15.798,11.384
2418,80.6,3.47,3.023,pose,10.979,13.431,15.798,11.384
2419,80.633,3.061,3.053,bbox,10.979,13.431,15.798,11.419
2420,80.667,3.015,3.053,bbox,10.979,13.431,15.798,11.449
2421,80.7,,,,10.979,13.431,15.798,11.449
2422,80.733,2.871,3.053,bbox,10.979,13.431,15.798,11.449
2423,80.767,2.731,3.015,bbox,10.979,13.431,15.87,11.449
2424,80.8,2.526,2.871,bbox,10.979,13.431,15.87,11.449
2425,80.833,2.472,2.731,bbox,10.979,13.431,15.983,11.449
2426,80.867,,,,10.979,13.431,15.983,11.449
2427,80.9,2.417,2.526,bbox,10.979,13.431,15.983,11.449
2428,80.933,2.473,2.473,bbox,11.021,13.431,16.042,11.449
2429,80.967,2.47,2.472,bbox,11.058,13.431,16.109,11.449
2430,81.0,,,,11.058,13.431,16.109,11.449
2431,81.033,,,,11.058,13.431,16.109,11.449
2432,81.067,,,,11.058,13.431,16.109,11.449
2433,81.1,2.279,2.47,bbox,11.058,13.431,16.109,11.449
2434,81.133,2.227,2.417,bbox,11.058,13.431,16.143,11.449
2435,81.167,,,,11.058,13.431,16.143,11.449
2436,81.2,,,,11.058,13.431,16.143,11.449
2437,81.233,,,,11.058,13.431,16.143,11.449
2438,81.267,,,,11.058,13.431,16.143,11.449
2439,81.3,,,,11.058,13.431,16.143,11.449
2440,81.333,,,,11.058,13.431,16.143,11.449
2441,81.367,2.038,2.279,bbox,11.058,13.431,16.143,11.449
2442,81.4,2.189,2.227,bbox,11.058,13.431,16.254,11.449
2443,81.433,2.35,2.227,bbox,11.058,13.431,16.254,11.449
2444,81.467,2.583,2.227,bbox,11.058,13.431,16.254,11.449
2445,81.5,2.734,2.35,bbox,11.058,13.431,16.254,11.449
2446,81.533,2.577,2.577,bbox,11.058,13.52,16.254,11.481
2447,81.567,2.843,2.583,bbox,11.058,13.52,16.254,11.481
2448,81.6,,,,11.058,13.52,16.254,11.481
2449,81.633,,,,11.058,13.52,16.254,11.481
2450,81.667,,,,11.058,13.52,16.254,11.481
2451,81.7,3.373,2.734,bbox,11.058,13.52,16.254,11.481
2452,81.733,3.293,2.843,bbox,11.058,13.628,16.254,11.481
2453,81.767,3.466,3.293,bbox,11.058,13.628,16.254,11.481
2454,81.8,3.401,3.373,bbox,11.058,13.628,16.254,11.545
2455,81.833,3.425,3.401,bbox,11.058,13.628,16.254,11.61
2456,81.867,3.518,3.425,bbox,11.058,13.628,16.254,11.659
2457,81.9,3.683,3.466,bbox,11.058,13.715,16.254,11.659
2458,81.933,3.717,3.518,bbox,11.058,13.715,16.254,11.659
2459,81.967,3.862,3.683,bbox,11.058,13.748,16.254,11.659
2460,82.0,3.682,3.683,pose,11.058,13.835,16.254,11.659
2461,82.033,4.031,3.717,bbox,11.058,13.887,16.254,11.659
2462,82.067,4.17,3.862,bbox,11.058,14.007,16.254,11.779
2463,82.1,4.257,4.031,bbox,11.058,14.053,16.254,11.869
2464,82.133,4.408,4.17,bbox,11.058,14.166,16.254,11.913
2465,82.167,4.469,4.257,bbox,11.058,14.227,16.254,12.018
2466,82.2,4.59,4.408,pose,11.058,14.296,16.254,12.077
2467,82.233,4.699,4.469,bbox,11.058,14.296,16.254,12.077
2468,82.267,4.833,4.59,bbox,11.058,14.337,16.254,12.223
2469,82.3,4.802,4.699,pose,11.058,14.385,16.254,12.223
2470,82.333,4.956,4.802,bbox,11.058,14.416,16.254,12.314
2471,82.367,5.172,4.833,bbox,11.058,14.539,16.254,12.371
2472,82.4,5.113,4.956,pose,11.058,14.539,16.254,12.371
2473,82.433,5.409,5.113,bbox,11.058,14.588,16.254,12.408
2474,82.467,5.445,5.172,bbox,11.058,14.588,16.254,12.48
2475,82.5,5.514,5.409,bbox,11.058,14.729,16.254,12.522
2476,82.533,5.582,5.445,bbox,11.058,14.775,16.254,12.559
2477,82.567,5.685,5.514,bbox,11.058,14.775,16.254,12.559
2478,82.6,5.572,5.572,pose,11.058,14.841,16.254,12.606
2479,82.633,6.193,5.582,bbox,11.058,14.895,16.254,12.662
2480,82.667,,,,11.058,14.895,16.254,12.662
2481,82.7,5.974,5.685,pose,11.058,14.981,16.254,12.767
2482,82.733,6.542,5.974,bbox,11.058,15.039,16.254,12.801
2483,82.767,6.588,6.193,bbox,11.058,15.138,16.254,12.918
2484,82.8,6.082,6.193,pose,11.058,15.197,16.254,12.969
2485,82.833,6.601,6.542,bbox,11.058,15.251,16.254,13.006
2486,82.867,6.877,6.588,bbox,11.058,15.251,16.254,13.055
2487,82.9,6.423,6.588,pose,11.058,15.32,16.254,13.055
2488,82.933,6.87,6.601,bbox,11.058,15.365,16.254,13.055
2489,82.967,6.967,6.87,bbox,11.058,15.365,16.254,13.102
2490,83.0,6.598,6.87,pose,11.058,15.399,16.254,13.153
2491,83.033,7.066,6.87,bbox,11.058,15.435,16.254,13.215
2492,83.067,7.11,6.967,bbox,11.058,15.476,16.254,13.292
2493,83.1,6.957,6.967,pose,11.058,15.476,16.254,13.34
2494,83.133,7.387,7.066,bbox,11.058,15.476,16.254,13.34
2495,83.167,7.587,7.11,bbox,11.058,15.513,16.254,13.439
2496,83.2,7.243,7.243,pose,11.058,15.513,16.254,13.439
2497,83.233,7.737,7.387,bbox,11.058,15.575,16.254,13.516
2498,83.267,7.841,7.587,bbox,11.058,15.575,16.254,13.551
2499,83.3,,,,11.058,15.575,16.254,13.551
2500,83.333,,,,11.058,15.575,16.254,13.551
2501,83.367,,,,11.058,15.575,16.254,13.551
2502,83.4,,,,11.058,15.575,16.254,13.551
2503,83.433,,,,11.058,15.575,16.254,13.551
2504,83.467,,,,11.058,15.575,16.254,13.551
2505,83.5,,,,11.058,15.575,16.254,13.551
2506,83.533,,,,11.058,15.575,16.254,13.551
2507,83.567,,,,11.058,15.575,16.254,13.551
2508,83.6,,,,11.058,15.575,16.254,13.551
2509,83.633,,,,11.058,15.575,16.254,13.551
2510,83.667,,,,11.058,15.575,16.254,13.551
2511,83.7,,,,11.058,15.575,16.254,13.551
2512,83.733,,,,11.058,15.575,16.254,13.551
2513,83.767,,,,11.058,15.575,16.254,13.551
2514,83.8,,,,11.058,15.575,16.254,13.551
2515,83.833,,,,11.058,15.575,16.254,13.551
2516,83.867,,,,11.058,15.575,16.254,13.551
2517,83.9,,,,11.058,15.575,16.254,13.551
2518,83.933,,,,11.058,15.575,16.254,13.551
2519,83.967,,,,11.058,15.575,16.254,13.551
2520,84.0,,,,11.058,15.575,16.254,13.551
2521,84.033,,,,11.058,15.575,16.254,13.551
2522,84.067,,,,11.058,15.575,16.254,13.551
2523,84.1,,,,11.058,15.575,16.254,13.551
2524,84.133,,,,11.058,15.575,16.254,13.551
2525,84.167,,,,11.058,15.575,16.254,13.551
2526,84.2,,,,11.058,15.575,16.254,13.551
2527,84.233,,,,11.058,15.575,16.254,13.551
2528,84.267,,,,11.058,15.575,16.254,13.551
2529,84.3,,,,11.058,15.575,16.254,13.551
2530,84.333,,,,11.058,15.575,16.254,13.551
2531,84.367,,,,11.058,15.575,16.254,13.551
2532,84.4,,,,11.058,15.575,16.254,13.551
2533,84.433,10.093,7.737,bbox,11.058,15.575,16.254,13.605
2534,84.467,9.908,7.841,bbox,11.058,15.575,16.254,13.605
2535,84.5,9.773,9.773,bbox,11.058,15.575,16.254,13.724
2536,84.533,9.669,9.773,bbox,11.116,15.575,16.254,13.724
2537,84.567,9.533,9.773,bbox,11.173,15.575,16.254,13.724
2538,84.6,,,,11.173,15.575,16.254,13.724
2539,84.633,,,,11.173,15.575,16.254,13.724
2540,84.667,9.259,9.669,bbox,11.173,15.575,16.3,13.724
2541,84.7,9.237,9.533,bbox,11.211,15.575,16.3,13.724
2542,84.733,9.137,9.259,bbox,11.211,15.575,16.352,13.724
2543,84.767,,,,11.211,15.575,16.352,13.724
2544,84.8,8.956,9.237,bbox,11.211,15.575,16.352,13.724
2545,84.833,8.775,9.137,bbox,11.266,15.575,16.352,13.724
2546,84.867,8.592,8.956,bbox,11.304,15.575,16.393,13.724
2547,84.9,8.58,8.775,bbox,11.433,15.575,16.393,13.724
2548,84.933,8.522,8.592,bbox,11.433,15.575,16.393,13.724
2549,84.967,,,,11.433,15.575,16.393,13.724
2550,85.0,,,,11.433,15.575,16.393,13.724
2551,85.033,,,,11.433,15.575,16.393,13.724
2552,85.067,8.149,8.58,bbox,11.478,15.575,16.393,13.724
2553,85.1,,,,11.478,15.575,16.393,13.724
2554,85.133,,,,11.478,15.575,16.393,13.724
2555,85.167,,,,11.478,15.575,16.393,13.724
2556,85.2,,,,11.478,15.575,16.393,13.724
2557,85.233,,,,11.478,15.575,16.393,13.724
2558,85.267,,,,11.478,15.575,16.393,13.724
2559,85.3,,,,11.478,15.575,16.393,13.724
2560,85.333,,,,11.478,15.575,16.393,13.724
2561,85.367,,,,11.478,15.575,16.393,13.724
2562,85.4,,,,11.478,15.575,16.393,13.724
2563,85.433,,,,11.478,15.575,16.393,13.724
2564,85.467,,,,11.478,15.575,16.393,13.724
2565,85.5,,,,11.478,15.575,16.393,13.724
2566,85.533,,,,11.478,15.575,16.393,13.724
2567,85.567,,,,11.478,15.575,16.393,13.724
2568,85.6,,,,11.478,15.575,16.393,13.724
2569,85.633,,,,11.478,15.575,16.393,13.724
2570,85.667,,,,11.478,15.575,16.393,13.724
2571,85.7,6.939,8.522,bbox,11.587,15.575,16.425,13.724
2572,85.733,6.939,8.149,bbox,11.587,15.575,16.491,13.724
2573,85.767,,,,11.587,15.575,16.491,13.724
2574,85.8,7.62,7.62,bbox,11.587,15.575,16.491,13.724
2575,85.833,7.444,7.444,bbox,11.587,15.575,16.491,13.724
2576,85.867,7.56,7.444,bbox,11.587,15.575,16.491,13.796
2577,85.9,6.754,7.444,pose,11.587,15.575,16.491,13.839
2578,85.933,,,,11.587,15.575,16.491,13.839
2579,85.967,,,,11.587,15.575,16.491,13.839
2580,86.0,6.98,7.444,bbox,11.587,15.575,16.491,13.879
2581,86.033,,,,11.587,15.575,16.491,13.879
2582,86.067,,,,11.587,15.575,16.491,13.879
2583,86.1,,,,11.587,15.575,16.491,13.879
2584,86.133,,,,11.587,15.575,16.491,13.879
2585,86.167,,,,11.587,15.575,16.491,13.879
2586,86.2,,,,11.587,15.575,16.491,13.879
2587,86.233,,,,11.587,15.575,16.491,13.879
2588,86.267,,,,11.587,15.575,16.491,13.879
2589,86.3,,,,11.587,15.575,16.491,13.879
2590,86.333,6.371,6.98,bbox,11.587,15.575,16.491,13.992
2591,86.367,6.463,6.754,bbox,11.587,15.575,16.491,13.992
2592,86.4,6.247,6.463,pose,11.587,15.575,16.491,13.992
2593,86.433,6.417,6.417,bbox,11.667,15.575,16.491,14.032
2594,86.467,6.433,6.417,bbox,11.667,15.575,16.491,14.032
2595,86.5,5.748,6.417,pose,11.721,15.575,16.491,14.032
2596,86.533,6.254,6.254,bbox,11.786,15.575,16.53,14.032
2597,86.567,6.21,6.254,bbox,11.786,15.575,16.53,14.032
2598,86.6,5.637,6.21,pose,11.837,15.575,16.53,14.032
2599,86.633,6.077,6.077,bbox,11.837,15.575,16.53,14.032
2600,86.667,,,,11.837,15.575,16.53,14.032
2601,86.7,6.256,6.21,bbox,11.837,15.575,16.53,14.032
2602,86.733,6.209,6.209,bbox,11.906,15.575,16.647,14.032
2603,86.767,6.005,6.077,bbox,11.906,15.575,16.691,14.032
2604,86.8,5.925,6.077,bbox,11.989,15.575,16.727,14.032
2605,86.833,5.779,6.005,bbox,12.072,15.575,16.727,14.032
2606,86.867,5.679,5.925,bbox,12.072,15.575,16.727,14.032
2607,86.9,5.627,5.779,bbox,12.072,15.575,16.727,14.032
2608,86.933,5.633,5.679,bbox,12.186,15.575,16.727,14.032
2609,86.967,5.612,5.633,bbox,12.238,15.575,16.727,14.032
2610,87.0,5.607,5.627,bbox,12.238,15.575,16.727,14.032
2611,87.033,5.529,5.612,bbox,12.321,15.575,16.727,14.032
2612,87.067,5.489,5.607,bbox,12.365,15.575,16.727,14.032
2613,87.1,4.635,5.529,pose,12.365,15.575,16.727,14.032
2614,87.133,5.421,5.489,bbox,12.454,15.575,16.727,14.032
2615,87.167,5.412,5.421,bbox,12.499,15.575,16.727,14.032
2616,87.2,5.394,5.412,bbox,12.499,15.575,16.727,14.032
2617,87.233,5.41,5.41,bbox,12.568,15.575,16.727,14.032
2618,87.267,5.348,5.41,bbox,12.568,15.575,16.727,14.032
2619,87.3,5.35,5.394,bbox,12.568,15.575,16.727,14.032
2620,87.333,5.341,5.35,bbox,12.611,15.575,16.727,14.032
2621,87.367,5.295,5.348,bbox,12.644,15.575,16.727,14.032
2622,87.4,5.357,5.348,bbox,12.703,15.575,16.727,14.032
2623,87.433,5.286,5.341,bbox,12.703,15.575,16.727,14.032
2624,87.467,5.248,5.295,bbox,12.753,15.575,16.727,14.032
2625,87.5,5.195,5.286,bbox,12.809,15.575,16.727,14.032
2626,87.533,5.151,5.248,bbox,12.809,15.575,16.727,14.032
2627,87.567,,,,12.809,15.575,16.727,14.032
2628,87.6,5.056,5.195,bbox,12.809,15.575,16.727,14.032
2629,87.633,5.002,5.151,bbox,12.879,15.575,16.727,14.032
2630,87.667,4.98,5.056,bbox,12.879,15.575,16.727,14.075
2631,87.7,4.922,5.002,bbox,13.003,15.575,16.727,14.118
2632,87.733,4.9,4.98,bbox,13.077,15.575,16.727,14.153
2633,87.767,,,,13.077,15.575,16.727,14.153
2634,87.8,5.093,4.98,bbox,13.119,15.575,16.727,14.153
2635,87.833,,,,13.119,15.575,16.727,14.153
2636,87.867,,,,13.119,15.575,16.727,14.153
2637,87.9,4.8,4.922,bbox,13.215,15.575,16.727,14.153
2638,87.933,4.795,4.9,bbox,13.27,15.575,16.727,14.153
2639,87.967,4.776,4.8,bbox,13.27,15.575,16.727,14.153
2640,88.0,4.741,4.795,bbox,13.27,15.575,16.727,14.153
2641,88.033,4.688,4.776,bbox,13.27,15.575,16.727,14.153
2642,88.067,4.662,4.741,bbox,13.27,15.575,16.727,14.153
2643,88.1,4.621,4.688,bbox,13.27,15.575,16.727,14.153
2644,88.133,4.586,4.662,bbox,13.27,15.575,16.727,14.153
2645,88.167,4.598,4.621,bbox,13.27,15.575,16.727,14.153
2646,88.2,4.598,4.598,bbox,13.27,15.575,16.768,14.153
2647,88.233,4.564,4.598,bbox,13.27,15.575,16.768,14.153
2648,88.267,4.541,4.586,bbox,13.27,15.575,16.768,14.153
2649,88.3,4.525,4.564,bbox,13.27,15.575,16.804,14.153
2650,88.333,4.427,4.541,bbox,13.27,15.575,16.804,14.153
2651,88.367,4.369,4.525,bbox,13.27,15.575,16.804,14.153
2652,88.4,4.365,4.427,bbox,13.27,15.575,16.804,14.153
2653,88.433,4.346,4.369,bbox,13.27,15.575,16.837,14.153
2654,88.467,4.321,4.365,bbox,13.27,15.575,16.837,14.153
2655,88.5,4.304,4.346,bbox,13.27,15.575,16.837,14.153
2656,88.533,4.28,4.321,bbox,13.27,15.575,16.837,14.153
2657,88.567,4.261,4.304,bbox,13.27,15.575,16.837,14.153
2658,88.6,4.263,4.28,bbox,13.27,15.575,16.837,14.153
2659,88.633,4.257,4.263,bbox,13.27,15.575,16.837,14.153
2660,88.667,4.225,4.261,bbox,13.27,15.575,16.837,14.153
2661,88.7,4.209,4.257,bbox,13.27,15.575,16.837,14.153
2662,88.733,4.193,4.225,bbox,13.27,15.575,16.837,14.153
2663,88.767,4.173,4.209,bbox,13.27,15.575,16.837,14.153
2664,88.8,4.158,4.193,bbox,13.27,15.575,16.837,14.153
2665,88.833,4.15,4.173,bbox,13.27,15.575,16.837,14.153
2666,88.867,4.144,4.158,bbox,13.27,15.575,16.837,14.153
2667,88.9,4.125,4.15,bbox,13.27,15.575,16.837,14.153
2668,88.933,4.135,4.144,bbox,13.27,15.575,16.837,14.153
2669,88.967,4.137,4.137,bbox,13.27,15.575,16.837,14.153
2670,89.0,4.136,4.136,bbox,13.27,15.575,16.837,14.153
2671,89.033,4.128,4.135,bbox,13.27,15.575,16.837,14.153
2672,89.067,4.126,4.135,bbox,13.27,15.575,16.837,14.153
2673,89.1,4.12,4.128,bbox,13.27,15.575,16.837,14.153
2674,89.133,4.13,4.128,bbox,13.27,15.575,16.837,14.153
2675,89.167,4.128,4.128,bbox,13.27,15.575,16.837,14.153
2676,89.2,4.127,4.127,bbox,13.27,15.575,16.837,14.153
2677,89.233,4.127,4.127,bbox,13.27,15.575,16.837,14.153
2678,89.267,4.117,4.127,bbox,13.27,15.575,16.837,14.153
2679,89.3,4.113,4.127,bbox,13.27,15.575,16.837,14.153
2680,89.333,4.127,4.127,bbox,13.27,15.575,16.837,14.153
2681,89.367,4.163,4.127,bbox,13.27,15.575,16.837,14.153
2682,89.4,4.162,4.127,bbox,13.27,15.575,16.837,14.153
2683,89.433,4.131,4.131,bbox,13.27,15.575,16.837,14.153
2684,89.467,4.145,4.145,bbox,13.27,15.575,16.837,14.153
2685,89.5,4.112,4.145,bbox,13.27,15.575,16.837,14.153
2686,89.533,4.118,4.131,bbox,13.27,15.575,16.837,14.153
2687,89.567,4.069,4.118,bbox,13.27,15.575,16.837,14.153
2688,89.6,4.075,4.112,bbox,13.27,15.575,16.837,14.153
2689,89.633,4.061,4.075,bbox,13.27,15.575,16.837,14.153
2690,89.667,4.055,4.069,bbox,13.27,15.575,16.837,14.153
2691,89.7,,,,13.27,15.575,16.837,14.153
2692,89.733,,,,13.27,15.575,16.837,14.153
2693,89.767,4.09,4.069,bbox,13.27,15.575,16.837,14.153
2694,89.8,4.043,4.061,bbox,13.27,15.575,16.837,14.153
2695,89.833,4.028,4.055,bbox,13.27,15.575,16.837,14.153
2696,89.867,4.02,4.043,bbox,13.27,15.575,16.837,14.153
2697,89.9,3.103,4.028,pose,13.332,15.575,16.837,14.153
2698,89.933,3.996,4.02,bbox,13.332,15.575,16.837,14.153
2699,89.967,3.893,3.996,bbox,13.369,15.575,16.837,14.153
2700,90.0,4.167,3.996,pose,13.421,15.575,16.837,14.153
2701,90.033,3.754,3.893,bbox,13.421,15.575,16.898,14.153
2702,90.067,3.623,3.893,bbox,13.421,15.575,16.898,14.153
2703,90.1,3.602,3.754,bbox,13.421,15.575,17.0,14.153
2704,90.133,3.562,3.623,bbox,13.421,15.575,17.071,14.153
2705,90.167,3.568,3.602,bbox,13.421,15.575,17.071,14.153
2706,90.2,3.548,3.568,bbox,13.421,15.575,17.071,14.153
2707,90.233,3.529,3.562,bbox,13.421,15.575,17.071,14.153
2708,90.267,3.495,3.548,bbox,13.421,15.575,17.071,14.153
2709,90.3,3.461,3.529,bbox,13.421,15.575,17.071,14.153
2710,90.333,3.409,3.495,bbox,13.421,15.575,17.071,14.153
2711,90.367,3.401,3.461,bbox,13.421,15.575,17.071,14.153
2712,90.4,3.346,3.409,bbox,13.421,15.575,17.071,14.153
2713,90.433,3.269,3.401,bbox,13.421,15.575,17.071,14.153
2714,90.467,3.224,3.346,bbox,13.421,15.575,17.071,14.153
2715,90.5,3.146,3.269,bbox,13.421,15.575,17.183,14.153
2716,90.533,3.124,3.224,bbox,13.421,15.575,17.217,14.153
2717,90.567,3.122,3.146,bbox,13.421,15.575,17.268,14.153
2718,90.6,3.111,3.124,bbox,13.421,15.575,17.268,14.153
2719,90.633,3.108,3.122,bbox,13.421,15.575,17.268,14.153
2720,90.667,3.074,3.111,bbox,13.421,15.575,17.268,14.153
2721,90.7,2.615,3.108,pose,13.421,15.575,17.268,14.153
2722,90.733,3.072,3.074,bbox,13.421,15.575,17.268,14.153
2723,90.767,3.088,3.074,bbox,13.421,15.575,17.268,14.153
2724,90.8,2.719,3.072,pose,13.421,15.575,17.268,14.153
2725,90.833,3.137,3.072,bbox,13.421,15.575,17.268,14.153
2726,90.867,3.166,3.088,bbox,13.421,15.575,17.268,14.153
2727,90.9,3.158,3.137,bbox,13.421,15.575,17.268,14.153
2728,90.933,3.142,3.142,bbox,13.421,15.575,17.268,14.153
2729,90.967,3.131,3.142,bbox,13.421,15.575,17.268,14.153
2730,91.0,3.091,3.142,bbox,13.421,15.575,17.268,14.153
2731,91.033,3.05,3.131,bbox,13.421,15.575,17.268,14.153
2732,91.067,3.022,3.091,bbox,13.421,15.575,17.268,14.153
2733,91.1,2.489,3.05,pose,13.421,15.575,17.268,14.153
2734,91.133,2.951,3.022,bbox,13.421,15.575,17.268,14.153
2735,91.167,2.936,2.951,bbox,13.421,15.575,17.268,14.153
2736,91.2,2.925,2.936,bbox,13.421,15.575,17.305,14.153
2737,91.233,2.94,2.936,bbox,13.421,15.575,17.305,14.153
2738,91.267,2.95,2.94,bbox,13.421,15.575,17.305,14.153
2739,91.3,2.938,2.938,bbox,13.421,15.575,17.335,14.153
2740,91.333,2.899,2.938,bbox,13.421,15.575,17.335,14.153
2741,91.367,2.869,2.938,bbox,13.421,15.575,17.335,14.153
2742,91.4,2.816,2.899,bbox,13.421,15.575,17.335,14.153
2743,91.433,2.775,2.869,bbox,13.421,15.575,17.335,14.153
2744,91.467,2.738,2.816,bbox,13.421,15.575,17.366,14.153
2745,91.5,5.74,2.816,pose,13.421,15.575,17.366,14.153
2746,91.533,2.672,2.775,bbox,13.421,15.575,17.398,14.153
2747,91.567,2.7,2.738,bbox,13.421,15.575,17.398,14.153
2748,91.6,2.735,2.735,bbox,13.421,15.575,17.439,14.153
2749,91.633,2.758,2.735,bbox,13.421,15.575,17.439,14.153
2750,91.667,2.768,2.735,bbox,13.421,15.575,17.439,14.153
2751,91.7,2.806,2.758,bbox,13.421,15.575,17.439,14.153
2752,91.733,2.824,2.768,bbox,13.421,15.575,17.439,14.153
2753,91.767,2.919,2.806,bbox,13.421,15.575,17.439,14.188
2754,91.8,2.927,2.824,bbox,13.421,15.575,17.439,14.188
2755,91.833,2.977,2.919,bbox,13.421,15.575,17.439,14.277
2756,91.867,3.039,2.927,bbox,13.421,15.575,17.439,14.321
2757,91.9,2.789,2.927,pose,13.421,15.575,17.439,14.392
2758,91.933,3.109,2.977,bbox,13.421,15.575,17.439,14.432
2759,91.967,3.129,3.039,bbox,13.421,15.575,17.439,14.495
2760,92.0,3.121,3.109,bbox,13.421,15.575,17.439,14.495
2761,92.033,3.13,3.121,bbox,13.421,15.575,17.439,14.495
2762,92.067,3.149,3.129,bbox,13.421,15.575,17.439,14.495
2763,92.1,3.138,3.13,bbox,13.421,15.575,17.439,14.527
2764,92.133,3.188,3.138,bbox,13.421,15.575,17.439,14.527
2765,92.167,3.198,3.149,bbox,13.421,15.575,17.439,14.558
2766,92.2,3.213,3.188,bbox,13.421,15.575,17.439,14.589
2767,92.233,3.233,3.198,bbox,13.421,15.575,17.439,14.589
2768,92.267,3.245,3.213,bbox,13.421,15.575,17.439,14.589
2769,92.3,3.239,3.233,bbox,13.421,15.575,17.439,14.589
2770,92.333,3.218,3.233,bbox,13.421,15.575,17.439,14.589
2771,92.367,3.204,3.233,bbox,13.421,15.575,17.439,14.589
2772,92.4,3.187,3.218,bbox,13.421,15.575,17.439,14.589
2773,92.433,3.18,3.204,bbox,13.421,15.575,17.439,14.589
2774,92.467,3.153,3.187,bbox,13.421,15.575,17.439,14.589
2775,92.5,3.183,3.183,bbox,13.421,15.575,17.439,14.589
2776,92.533,3.181,3.181,bbox,13.421,15.575,17.439,14.589
2777,92.567,3.137,3.18,bbox,13.421,15.575,17.439,14.589
2778,92.6,3.111,3.153,bbox,13.421,15.575,17.439,14.589
2779,92.633,3.127,3.137,bbox,13.421,15.575,17.439,14.589
2780,92.667,3.104,3.127,bbox,13.421,15.575,17.439,14.589
2781,92.7,3.084,3.111,bbox,13.421,15.575,17.439,14.589
2782,92.733,3.029,3.104,bbox,13.453,15.575,17.439,14.589
2783,92.767,3.0,3.084,bbox,13.453,15.575,17.439,14.589
2784,92.8,2.969,3.029,bbox,13.453,15.575,17.439,14.589
2785,92.833,2.919,3.0,bbox,13.495,15.575,17.439,14.589
2786,92.867,2.879,2.969,bbox,13.495,15.575,17.439,14.589
2787,92.9,2.612,2.919,pose,13.495,15.575,17.439,14.589
2788,92.933,2.826,2.879,bbox,13.495,15.575,17.439,14.589
2789,92.967,2.815,2.826,bbox,13.495,15.575,17.474,14.589
2790,93.0,2.858,2.826,bbox,13.495,15.575,17.577,14.589
2791,93.033,2.855,2.826,bbox,13.495,15.575,17.616,14.589
2792,93.067,2.864,2.855,bbox,13.495,15.575,17.616,14.589
2793,93.1,2.866,2.858,bbox,13.495,15.575,17.616,14.589
2794,93.133,2.87,2.864,bbox,13.495,15.575,17.616,14.589
2795,93.167,2.854,2.864,bbox,13.495,15.575,17.616,14.589
2796,93.2,2.877,2.866,bbox,13.495,15.575,17.616,14.589
2797,93.233,2.895,2.87,bbox,13.495,15.575,17.616,14.589
2798,93.267,2.927,2.877,bbox,13.495,15.575,17.616,14.678
2799,93.3,2.919,2.895,bbox,13.495,15.575,17.616,14.736
2800,93.333,2.92,2.919,bbox,13.495,15.575,17.616,14.769
2801,93.367,2.907,2.919,bbox,13.533,15.575,17.616,14.769
2802,93.4,2.917,2.919,bbox,13.533,15.575,17.616,14.769
2803,93.433,2.906,2.917,bbox,13.533,15.575,17.616,14.769
2804,93.467,2.883,2.907,bbox,13.533,15.575,17.616,14.769
2805,93.5,2.875,2.906,bbox,13.565,15.575,17.616,14.769
2806,93.533,2.851,2.883,bbox,13.565,15.575,17.616,14.769
2807,93.567,2.819,2.875,bbox,13.565,15.575,17.616,14.769
2808,93.6,2.763,2.851,bbox,13.565,15.575,17.616,14.769
2809,93.633,2.694,2.819,bbox,13.565,15.575,17.616,14.769
2810,93.667,2.671,2.763,bbox,13.565,15.575,17.661,14.769
2811,93.7,2.68,2.694,bbox,13.565,15.575,17.71,14.769
2812,93.733,2.628,2.68,bbox,13.565,15.575,17.744,14.769
2813,93.767,,,,13.565,15.575,17.744,14.769
2814,93.8,,,,13.565,15.575,17.744,14.769
2815,93.833,2.547,2.671,bbox,13.565,15.575,17.744,14.769
2816,93.867,2.545,2.628,bbox,13.565,15.575,17.792,14.769
2817,93.9,2.566,2.566,bbox,13.565,15.575,17.792,14.769
2818,93.933,2.628,2.566,bbox,13.565,15.575,17.792,14.769
2819,93.967,2.654,2.566,bbox,13.565,15.575,17.792,14.769
2820,94.0,2.711,2.628,bbox,13.565,15.575,17.792,14.831
2821,94.033,2.791,2.654,bbox,13.565,15.575,17.792,14.866
2822,94.067,2.848,2.711,bbox,13.565,15.575,17.792,14.999
2823,94.1,2.926,2.791,bbox,13.565,15.575,17.792,15.058
2824,94.133,2.955,2.848,bbox,13.565,15.575,17.792,15.153
2825,94.167,2.997,2.926,bbox,13.565,15.575,17.792,15.153
2826,94.2,3.026,2.955,bbox,13.565,15.575,17.792,15.193
2827,94.233,3.018,2.997,bbox,13.565,15.575,17.792,15.193
2828,94.267,3.01,3.01,bbox,13.565,15.575,17.792,15.193
2829,94.3,3.037,3.018,bbox,13.565,15.575,17.792,15.193
2830,94.333,3.059,3.026,bbox,13.565,15.575,17.792,15.193
2831,94.367,3.114,3.037,bbox,13.565,15.575,17.792,15.193
2832,94.4,,,,13.565,15.575,17.792,15.193
2833,94.433,2.8,3.037,bbox,13.565,15.575,17.792,15.193
2834,94.467,2.698,3.037,bbox,13.565,15.575,17.792,15.253
2835,94.5,2.991,2.991,pose,13.565,15.575,17.792,15.346
2836,94.533,2.748,2.8,bbox,13.565,15.575,17.792,15.379
2837,94.567,2.808,2.8,bbox,13.635,15.575,17.792,15.379
2838,94.6,,,,13.635,15.575,17.792,15.379
2839,94.633,,,,13.635,15.575,17.792,15.379
2840,94.667,,,,13.635,15.575,17.792,15.379
2841,94.7,,,,13.635,15.575,17.792,15.379
2842,94.733,,,,13.635,15.575,17.792,15.379
2843,94.767,,,,13.635,15.575,17.792,15.379
2844,94.8,,,,13.635,15.575,17.792,15.379
2845,94.833,,,,13.635,15.575,17.792,15.379
2846,94.867,3.013,2.808,bbox,13.635,15.575,17.792,15.379
2847,94.9,3.025,2.991,bbox,13.635,15.575,17.792,15.379
2848,94.933,2.732,2.808,bbox,13.635,15.575,17.792,15.379
2849,94.967,2.941,2.941,bbox,13.635,15.575,17.792,15.379
2850,95.0,2.992,2.992,bbox,13.635,15.636,17.792,15.379
2851,95.033,2.964,2.964,bbox,13.635,15.636,17.792,15.379
2852,95.067,2.937,2.941,bbox,13.635,15.636,17.792,15.379
2853,95.1,2.863,2.941,bbox,13.635,15.636,17.792,15.379
2854,95.133,2.813,2.937,bbox,13.635,15.636,17.792,15.379
2855,95.167,2.795,2.863,bbox,13.635,15.636,17.792,15.379
2856,95.2,2.763,2.813,bbox,13.635,15.636,17.792,15.379
2857,95.233,2.737,2.795,bbox,13.635,15.636,17.792,15.379
2858,95.267,2.71,2.763,bbox,13.635,15.636,17.822,15.379
2859,95.3,2.681,2.737,bbox,13.635,15.636,17.822,15.379
2860,95.333,2.661,2.71,bbox,13.635,15.636,17.822,15.379
2861,95.367,,,,13.635,15.636,17.822,15.379
2862,95.4,2.714,2.71,bbox,13.635,15.636,17.822,15.379
2863,95.433,2.767,2.71,bbox,13.635,15.636,17.822,15.379
2864,95.467,2.816,2.714,bbox,13.635,15.636,17.822,15.413
2865,95.5,2.891,2.767,bbox,13.635,15.636,17.822,15.448
2866,95.533,,,,13.635,15.636,17.822,15.448
2867,95.567,,,,13.635,15.636,17.822,15.448
2868,95.6,3.073,2.816,bbox,13.635,15.636,17.822,15.448
2869,95.633,3.178,2.891,bbox,13.635,15.636,17.822,15.495
2870,95.667,3.214,3.073,bbox,13.635,15.73,17.822,15.495
2871,95.7,3.205,3.178,bbox,13.635,15.73,17.822,15.495
2872,95.733,3.227,3.205,bbox,13.635,15.73,17.822,15.531
2873,95.767,3.25,3.214,bbox,13.635,15.73,17.822,15.561
2874,95.8,3.299,3.227,bbox,13.635,15.73,17.822,15.561
2875,95.833,3.353,3.25,bbox,13.635,15.73,17.822,15.594
2876,95.867,3.42,3.299,bbox,13.635,15.73,17.822,15.627
2877,95.9,,,,13.635,15.73,17.822,15.627
2878,95.933,,,,13.635,15.73,17.822,15.627
2879,95.967,3.409,3.353,bbox,13.635,15.73,17.822,15.627
2880,96.0,3.79,3.409,pose,13.635,15.73,17.822,15.627
2881,96.033,3.594,3.42,bbox,13.635,15.73,17.822,15.689
2882,96.067,3.568,3.568,bbox,13.635,15.73,17.822,15.818
2883,96.1,3.641,3.594,pose,13.635,15.73,17.822,15.818
2884,96.133,3.543,3.594,bbox,13.635,15.73,17.822,15.818
2885,96.167,3.536,3.568,bbox,13.635,15.73,17.822,15.818
2886,96.2,3.273,3.543,bbox,13.635,15.73,17.822,15.818
2887,96.233,3.368,3.536,bbox,13.635,15.73,17.822,15.818
2888,96.267,3.346,3.368,bbox,13.635,15.73,17.901,15.818
2889,96.3,3.321,3.346,bbox,13.669,15.73,17.934,15.818
2890,96.333,3.32,3.321,bbox,13.669,15.73,17.987,15.818
2891,96.367,3.372,3.346,bbox,13.669,15.73,17.987,15.818
2892,96.4,3.071,3.321,pose,13.707,15.73,17.987,15.818
2893,96.433,3.375,3.321,bbox,13.707,15.73,17.987,15.818
2894,96.467,3.348,3.348,bbox,13.707,15.73,17.987,15.818
2895,96.5,2.857,3.348,pose,13.707,15.73,17.987,15.818
2896,96.533,3.167,3.167,bbox,13.707,15.73,18.021,15.818
2897,96.567,3.103,3.167,bbox,13.707,15.73,18.021,15.818
2898,96.6,2.998,3.103,bbox,13.707,15.73,18.021,15.818
2899,96.633,2.93,2.998,bbox,13.707,15.73,18.057,15.818
2900,96.667,2.566,2.998,bbox,13.758,15.73,18.057,15.818
2901,96.7,2.798,2.93,bbox,13.758,15.73,18.114,15.818
2902,96.733,2.885,2.885,bbox,13.758,15.73,18.146,15.818
2903,96.767,2.897,2.885,bbox,13.792,15.73,18.146,15.818
2904,96.8,2.902,2.885,bbox,13.792,15.73,18.146,15.818
2905,96.833,2.892,2.892,bbox,13.792,15.73,18.146,15.818
2906,96.867,2.868,2.892,bbox,13.792,15.73,18.146,15.818
2907,96.9,2.855,2.892,bbox,13.792,15.73,18.146,15.818
2908,96.933,2.844,2.868,bbox,13.792,15.73,18.146,15.818
2909,96.967,2.876,2.868,bbox,13.792,15.73,18.146,15.818
2910,97.0,2.897,2.868,bbox,13.792,15.73,18.146,15.818
2911,97.033,2.907,2.876,bbox,13.792,15.73,18.146,15.864
2912,97.067,2.888,2.888,bbox,13.792,15.73,18.146,15.864
2913,97.1,2.894,2.894,bbox,13.792,15.73,18.146,15.864
2914,97.133,2.911,2.897,bbox,13.792,15.73,18.146,15.864
2915,97.167,2.91,2.907,bbox,13.792,15.73,18.146,15.864
2916,97.2,2.872,2.894,bbox,13.792,15.73,18.146,15.864
2917,97.233,2.763,2.894,bbox,13.792,15.73,18.146,15.864
2918,97.267,2.809,2.872,bbox,13.792,15.73,18.146,15.864
2919,97.3,2.799,2.809,bbox,13.792,15.73,18.146,15.864
2920,97.333,2.777,2.799,bbox,13.792,15.768,18.186,15.864
2921,97.367,2.736,2.777,bbox,13.792,15.768,18.186,15.864
2922,97.4,2.799,2.799,bbox,13.792,15.799,18.23,15.864
2923,97.433,2.822,2.799,bbox,13.792,15.799,18.296,15.864
2924,97.467,,,,13.792,15.799,18.296,15.864
2925,97.5,2.872,2.799,bbox,13.792,15.867,18.339,15.864
2926,97.533,2.922,2.822,bbox,13.792,15.916,18.339,15.864
2927,97.567,2.979,2.872,bbox,13.792,15.916,18.339,15.864
2928,97.6,3.02,2.922,bbox,13.792,15.971,18.339,15.864
2929,97.633,3.02,2.979,bbox,13.792,16.014,18.339,15.864
2930,97.667,3.014,3.014,bbox,13.792,16.014,18.339,15.864
2931,97.7,3.018,3.018,bbox,13.792,16.014,18.339,15.864
2932,97.733,2.989,3.018,bbox,13.792,16.014,18.339,15.864
2933,97.767,2.925,3.014,bbox,13.792,16.051,18.339,15.864
2934,97.8,2.864,2.989,bbox,13.792,16.051,18.339,15.864
2935,97.833,2.833,2.925,bbox,13.792,16.104,18.385,15.864
2936,97.867,2.826,2.864,bbox,13.792,16.104,18.456,15.864
2937,97.9,2.026,2.833,pose,13.857,16.104,18.534,15.864
2938,97.933,2.854,2.833,bbox,13.857,16.19,18.581,15.864
2939,97.967,2.938,2.833,bbox,13.857,16.276,18.638,15.864
2940,98.0,,,,13.857,16.276,18.638,15.864
2941,98.033,2.989,2.854,bbox,13.857,16.276,18.638,15.864
2942,98.067,3.052,2.938,bbox,13.857,16.363,18.695,15.864
2943,98.1,3.096,2.989,bbox,13.857,16.414,18.695,15.864
2944,98.133,3.241,3.052,bbox,13.857,16.471,18.726,15.864
2945,98.167,3.282,3.096,bbox,13.857,16.515,18.756,15.864
2946,98.2,,,,13.857,16.515,18.756,15.864
2947,98.233,3.281,3.241,bbox,13.857,16.597,18.756,15.864
2948,98.267,3.187,3.241,bbox,13.857,16.667,18.756,15.864
2949,98.3,,,,13.857,16.667,18.756,15.864
2950,98.333,,,,13.857,16.667,18.756,15.864
2951,98.367,3.073,3.241,bbox,13.857,16.774,18.832,15.864
2952,98.4,,,,13.857,16.774,18.832,15.864
2953,98.433,2.982,3.187,bbox,13.857,16.818,18.896,15.864
2954,98.467,3.024,3.073,bbox,13.857,16.913,18.896,15.864
2955,98.5,3.013,3.024,bbox,13.857,16.956,19.002,15.864
2956,98.533,,,,13.857,16.956,19.002,15.864
2957,98.567,,,,13.857,16.956,19.002,15.864
2958,98.6,2.998,3.013,bbox,13.857,16.956,19.002,15.864
2959,98.633,3.056,3.013,bbox,13.857,16.956,19.06,15.864
2960,98.667,3.025,3.024,bbox,13.857,17.012,19.174,15.864
2961,98.7,2.974,3.013,bbox,13.857,17.044,19.174,15.864
2962,98.733,2.939,2.998,bbox,13.857,17.044,19.174,15.864
2963,98.767,2.884,2.974,bbox,13.857,17.044,19.174,15.864
2964,98.8,,,,13.857,17.044,19.174,15.864
2965,98.833,2.697,2.939,bbox,13.857,17.044,19.218,15.864
2966,98.867,2.569,2.884,bbox,13.857,17.044,19.259,15.864
2967,98.9,2.529,2.697,pose,13.857,17.044,19.31,15.864
2968,98.933,2.525,2.569,bbox,13.857,17.044,19.397,15.864
2969,98.967,2.649,2.569,bbox,13.857,17.044,19.478,15.864
2970,99.0,2.646,2.569,bbox,13.857,17.044,19.478,15.864
2971,99.033,2.567,2.567,bbox,13.857,17.044,19.558,15.864
2972,99.067,2.415,2.567,bbox,13.857,17.044,19.589,15.864
2973,99.1,2.438,2.567,bbox,13.857,17.044,19.634,15.864
2974,99.133,2.416,2.438,bbox,13.857,17.044,19.634,15.864
2975,99.167,2.413,2.416,bbox,13.857,17.044,19.634,15.864
2976,99.2,2.531,2.416,bbox,13.857,17.044,19.634,15.864
2977,99.233,2.408,2.416,bbox,13.857,17.044,19.634,15.864
2978,99.267,2.293,2.413,bbox,13.857,17.044,19.634,15.864
2979,99.3,2.125,2.408,pose,13.857,17.044,19.634,15.864
2980,99.333,2.35,2.35,bbox,13.857,17.081,19.634,15.864
2981,99.367,2.416,2.35,bbox,13.857,17.122,19.634,15.864
2982,99.4,2.462,2.35,bbox,13.857,17.122,19.634,15.864
2983,99.433,2.511,2.416,bbox,13.857,17.122,19.634,15.864
2984,99.467,2.506,2.462,bbox,13.857,17.122,19.634,15.864
2985,99.5,2.726,2.506,pose,13.857,17.122,19.634,15.864
2986,99.533,2.631,2.511,bbox,13.857,17.122,19.634,15.899
2987,99.567,2.718,2.631,bbox,13.857,17.122,19.634,16.007
2988,99.6,2.768,2.718,bbox,13.857,17.122,19.634,16.073
2989,99.633,2.741,2.726,bbox,13.857,17.122,19.634,16.116
2990,99.667,2.645,2.718,bbox,13.857,17.122,19.634,16.116
2991,99.7,2.224,2.718,pose,13.857,17.122,19.634,16.148
2992,99.733,2.826,2.741,bbox,13.857,17.122,19.634,16.148
2993,99.767,2.805,2.741,bbox,13.857,17.122,19.634,16.185
2994,99.8,,,,13.857,17.122,19.634,16.185
2995,99.833,,,,13.857,17.122,19.634,16.185
2996,99.867,3.031,2.805,bbox,13.857,17.122,19.634,16.185
2997,99.9,3.105,2.826,bbox,13.857,17.122,19.634,16.185
2998,99.933,3.183,3.031,bbox,13.857,17.122,19.634,16.185
2999,99.967,3.166,3.105,bbox,13.857,17.122,19.634,16.247
3000,100.0,3.188,3.166,bbox,13.857,17.122,19.634,16.247
3001,100.033,3.353,3.183,bbox,13.857,17.122,19.634,16.299
3002,100.067,3.299,3.188,bbox,13.857,17.122,19.634,16.299
3003,100.1,3.406,3.299,bbox,13.857,17.122,19.634,16.343
3004,100.133,3.307,3.307,bbox,13.857,17.122,19.634,16.343
3005,100.167,3.188,3.307,bbox,13.857,17.122,19.634,16.343
3006,100.2,3.143,3.299,bbox,13.857,17.122,19.634,16.343
3007,100.233,3.056,3.188,bbox,13.857,17.122,19.634,16.343
3008,100.267,3.031,3.143,bbox,13.857,17.122,19.634,16.343
3009,100.3,2.373,3.056,pose,13.857,17.122,19.634,16.343
3010,100.333,3.141,3.056,bbox,13.857,17.122,19.634,16.343
3011,100.367,3.089,3.056,bbox,13.857,17.122,19.634,16.343
3012,100.4,3.144,3.089,bbox,13.857,17.122,19.634,16.343
3013,100.433,3.054,3.089,bbox,13.857,17.122,19.634,16.343
3014,100.467,3.168,3.141,bbox,13.857,17.122,19.634,16.343
3015,100.5,3.115,3.115,bbox,13.857,17.122,19.634,16.343
3016,100.533,,,,13.857,17.122,19.634,16.343
3017,100.567,3.016,3.115,bbox,13.857,17.122,19.634,16.343
3018,100.6,2.94,3.054,bbox,13.857,17.122,19.634,16.343
3019,100.633,2.85,3.016,bbox,13.941,17.122,19.634,16.343
3020,100.667,2.816,2.94,bbox,13.999,17.122,19.634,16.343
3021,100.7,2.736,2.85,bbox,14.058,17.122,19.679,16.343
3022,100.733,2.751,2.816,bbox,14.123,17.122,19.679,16.343
3023,100.767,2.775,2.775,bbox,14.189,17.122,19.679,16.343
3024,100.8,2.694,2.751,bbox,14.232,17.122,19.679,16.343
3025,100.833,2.663,2.736,bbox,14.264,17.122,19.679,16.403
3026,100.867,2.667,2.694,bbox,14.264,17.122,19.679,16.403
3027,100.9,2.654,2.667,bbox,14.264,17.122,19.679,16.451
3028,100.933,2.654,2.663,bbox,14.264,17.122,19.679,16.451
3029,100.967,2.653,2.654,bbox,14.264,17.122,19.679,16.483
3030,101.0,2.653,2.654,bbox,14.264,17.122,19.679,16.483
3031,101.033,2.679,2.654,bbox,14.264,17.122,19.679,16.483
3032,101.067,2.833,2.654,bbox,14.264,17.122,19.679,16.483
3033,101.1,2.931,2.679,bbox,14.264,17.122,19.679,16.483
3034,101.133,3.069,2.833,bbox,14.264,17.122,19.679,16.619
3035,101.167,3.138,2.931,bbox,14.264,17.122,19.679,16.684
3036,101.2,4.076,3.069,pose,14.264,17.122,19.679,16.764
3037,101.233,3.144,3.138,bbox,14.264,17.122,19.679,16.764
3038,101.267,3.128,3.138,bbox,14.264,17.122,19.679,16.764
3039,101.3,6.259,3.144,pose,14.264,17.122,19.679,16.764
3040,101.333,3.053,3.144,bbox,14.264,17.122,19.679,16.764
3041,101.367,3.001,3.128,bbox,14.264,17.122,19.679,16.764
3042,101.4,4.081,3.128,pose,14.264,17.122,19.679,16.764
3043,101.433,2.915,3.053,bbox,14.264,17.122,19.679,16.764
3044,101.467,2.881,3.001,bbox,14.296,17.122,19.679,16.764
3045,101.5,2.907,2.915,bbox,14.296,17.122,19.715,16.764
3046,101.533,2.921,2.915,bbox,14.334,17.122,19.715,16.764
3047,101.567,2.931,2.915,bbox,14.334,17.122,19.715,16.764
3048,101.6,2.987,2.921,bbox,14.334,17.122,19.715,16.764
3049,101.633,3.024,2.931,bbox,14.334,17.122,19.715,16.764
3050,101.667,3.017,2.987,bbox,14.334,17.122,19.715,16.764
3051,101.7,3.057,3.017,bbox,14.334,17.122,19.715,16.764
3052,101.733,3.089,3.024,bbox,14.334,17.122,19.715,16.764
3053,101.767,3.082,3.057,bbox,14.334,17.122,19.715,16.764
3054,101.8,3.018,3.057,bbox,14.334,17.122,19.715,16.764
3055,101.833,3.009,3.057,bbox,14.334,17.122,19.715,16.764
3056,101.867,3.045,3.045,bbox,14.334,17.122,19.715,16.764
3057,101.9,6.0,3.045,pose,14.334,17.122,19.715,16.764
3058,101.933,3.066,3.045,bbox,14.334,17.122,19.715,16.764
3059,101.967,3.028,3.045,bbox,14.334,17.122,19.715,16.764
3060,102.0,4.307,3.066,pose,14.364,17.122,19.715,16.764
3061,102.033,2.922,3.066,bbox,14.364,17.122,19.715,16.797
3062,102.067,2.947,3.028,bbox,14.364,17.122,19.715,16.797
3063,102.1,2.941,2.947,bbox,14.364,17.122,19.715,16.797
3064,102.133,2.961,2.947,bbox,14.364,17.122,19.715,16.797
3065,102.167,2.994,2.947,bbox,14.364,17.122,19.715,16.797
3066,102.2,2.877,2.947,bbox,14.364,17.122,19.715,16.797
3067,102.233,2.874,2.941,bbox,14.364,17.122,19.715,16.797
3068,102.267,2.94,2.94,bbox,14.364,17.122,19.715,16.797
3069,102.3,5.637,2.94,pose,14.364,17.122,19.715,16.797
3070,102.333,3.209,2.94,bbox,14.364,17.122,19.715,16.797
3071,102.367,3.239,3.209,bbox,14.364,17.122,19.715,16.797
3072,102.4,3.261,3.239,bbox,14.364,17.122,19.715,16.797
3073,102.433,3.276,3.261,bbox,14.364,17.122,19.715,16.797
3074,102.467,3.254,3.254,bbox,14.364,17.177,19.715,16.797
3075,102.5,3.24,3.254,bbox,14.364,17.211,19.715,16.797
3076,102.533,3.19,3.254,bbox,14.364,17.211,19.755,16.797
3077,102.567,3.111,3.24,bbox,14.364,17.211,19.755,16.797
3078,102.6,3.195,3.195,bbox,14.364,17.211,19.805,16.797
3079,102.633,3.139,3.19,bbox,14.364,17.211,19.909,16.797
3080,102.667,3.241,3.19,bbox,14.364,17.211,19.909,16.797
3081,102.7,4.828,3.195,pose,14.364,17.292,19.909,16.797
3082,102.733,3.283,3.241,bbox,14.364,17.292,19.988,16.797
3083,102.767,3.218,3.241,bbox,14.364,17.292,19.988,16.797
3084,102.8,3.163,3.241,bbox,14.364,17.346,19.988,16.797
3085,102.833,3.152,3.218,bbox,14.364,17.346,19.988,16.797
3086,102.867,3.243,3.218,bbox,14.364,17.381,19.988,16.797
3087,102.9,2.975,3.163,bbox,14.364,17.427,19.988,16.797
3088,102.933,3.214,3.163,bbox,14.364,17.491,19.988,16.797
3089,102.967,3.228,3.214,bbox,14.364,17.543,20.081,16.797
3090,103.0,3.252,3.228,bbox,14.364,17.543,20.081,16.797
3091,103.033,3.288,3.228,bbox,14.364,17.543,20.081,16.797
3092,103.067,3.246,3.246,bbox,14.364,17.543,20.081,16.797
3093,103.1,2.77,3.246,pose,14.364,17.543,20.081,16.797
3094,103.133,3.214,3.246,bbox,14.364,17.543,20.081,16.797
3095,103.167,3.184,3.214,bbox,14.364,17.543,20.117,16.797
3096,103.2,2.75,3.184,pose,14.364,17.543,20.117,16.797
3097,103.233,3.154,3.154,bbox,14.364,17.543,20.117,16.829
3098,103.267,2.265,3.154,bbox,14.401,17.543,20.117,16.829
3099,103.3,3.88,3.154,pose,14.401,17.543,20.117,16.829
3100,103.333,2.302,2.75,bbox,14.401,17.543,20.117,16.868
3101,103.367,2.325,2.325,bbox,14.468,17.543,20.117,16.868
3102,103.4,3.814,2.325,pose,14.468,17.543,20.117,16.868
3103,103.433,2.376,2.376,bbox,14.468,17.543,20.117,16.899
3104,103.467,2.383,2.376,bbox,14.468,17.543,20.117,16.899
3105,103.5,2.355,2.376,bbox,14.468,17.543,20.117,16.899
3106,103.533,2.319,2.376,bbox,14.468,17.543,20.117,16.899
3107,103.567,2.278,2.355,bbox,14.468,17.543,20.151,16.899
3108,103.6,3.697,2.355,pose,14.468,17.543,20.151,16.899
3109,103.633,2.162,2.319,bbox,14.468,17.543,20.187,16.899
3110,103.667,2.082,2.278,bbox,14.468,17.543,20.225,16.899
3111,103.7,1.917,2.162,bbox,14.468,17.543,20.351,16.899
3112,103.733,1.825,2.082,bbox,14.468,17.543,20.453,16.899
3113,103.767,2.131,2.082,bbox,14.468,17.543,20.453,16.899
3114,103.8,3.12,2.082,bbox,14.468,17.543,20.453,16.899
3115,103.833,3.162,2.131,bbox,14.468,17.543,20.453,16.899
3116,103.867,3.104,3.104,bbox,14.468,17.543,20.453,16.899
3117,103.9,2.84,3.104,pose,14.468,17.543,20.453,16.899
3118,103.933,3.036,3.104,bbox,14.468,17.543,20.453,16.899
3119,103.967,3.002,3.036,bbox,14.468,17.543,20.494,16.899
3120,104.0,2.558,3.002,pose,14.504,17.543,20.494,16.899
3121,104.033,2.927,2.927,bbox,14.504,17.543,20.534,16.899
3122,104.067,2.902,2.927,bbox,14.504,17.543,20.534,16.899
3123,104.1,2.839,2.902,bbox,14.504,17.543,20.534,16.899
3124,104.133,2.806,2.839,bbox,14.504,17.543,20.534,16.899
3125,104.167,2.785,2.839,bbox,14.504,17.543,20.568,16.899
3126,104.2,0.79,2.806,pose,14.504,17.543,20.609,16.899
3127,104.233,2.732,2.785,bbox,14.504,17.543,20.609,16.899
3128,104.267,2.772,2.772,bbox,14.504,17.543,20.682,16.899
3129,104.3,1.325,2.732,pose,14.504,17.543,20.682,16.899
3130,104.333,2.827,2.732,bbox,14.504,17.543,20.682,16.899
3131,104.367,2.874,2.772,bbox,14.504,17.543,20.682,16.899
3132,104.4,2.206,2.772,pose,14.504,17.543,20.682,16.899
3133,104.433,2.954,2.827,bbox,14.504,17.543,20.682,16.899
3134,104.467,2.976,2.874,bbox,14.504,17.543,20.682,16.982
3135,104.5,2.077,2.874,bbox,14.504,17.543,20.682,17.029
3136,104.533,,,,14.504,17.543,20.682,17.029
3137,104.567,,,,14.504,17.543,20.682,17.029
3138,104.6,,,,14.504,17.543,20.682,17.029
3139,104.633,,,,14.504,17.543,20.682,17.029
3140,104.667,,,,14.504,17.543,20.682,17.029
3141,104.7,,,,14.504,17.543,20.682,17.029
3142,104.733,,,,14.504,17.543,20.682,17.029
3143,104.767,,,,14.504,17.543,20.682,17.029
3144,104.8,,,,14.504,17.543,20.682,17.029
3145,104.833,,,,14.504,17.543,20.682,17.029
3146,104.867,,,,14.504,17.543,20.682,17.029
3147,104.9,,,,14.504,17.543,20.682,17.029
3148,104.933,2.339,2.339,bbox,14.504,17.543,20.682,17.071
3149,104.967,3.235,2.954,bbox,14.504,17.543,20.682,17.071
3150,105.0,4.89,2.976,pose,14.504,17.543,20.682,17.071
3151,105.033,3.188,3.188,bbox,14.504,17.669,20.682,17.071
3152,105.067,3.184,3.188,bbox,14.504,17.717,20.682,17.071
3153,105.1,2.181,3.188,bbox,14.504,17.717,20.682,17.071
3154,105.133,2.155,3.184,bbox,14.504,17.717,20.737,17.071
3155,105.167,2.191,2.191,bbox,14.504,17.717,20.737,17.071
3156,105.2,2.218,2.191,bbox,14.504,17.717,20.737,17.071
3157,105.233,2.247,2.191,bbox,14.504,17.717,20.737,17.071
3158,105.267,3.517,2.218,bbox,14.504,17.717,20.737,17.071
3159,105.3,2.157,2.218,bbox,14.504,17.717,20.737,17.071
3160,105.333,,,,14.504,17.717,20.737,17.071
3161,105.367,,,,14.504,17.717,20.737,17.071
3162,105.4,,,,14.504,17.717,20.737,17.071
3163,105.433,,,,14.504,17.717,20.737,17.071
3164,105.467,1.901,2.218,bbox,14.504,17.717,20.802,17.071
3165,105.5,,,,14.504,17.717,20.802,17.071
3166,105.533,3.477,2.247,bbox,14.504,17.717,20.802,17.071
3167,105.567,3.476,3.476,bbox,14.504,17.717,20.802,17.071
3168,105.6,3.461,3.461,bbox,14.504,17.717,20.802,17.071
3169,105.633,3.395,3.461,bbox,14.504,17.771,20.925,17.071
3170,105.667,3.366,3.461,bbox,14.504,17.819,20.971,17.071
3171,105.7,3.349,3.395,bbox,14.504,17.819,21.037,17.071
3172,105.733,3.311,3.366,bbox,14.504,17.819,21.086,17.071
3173,105.767,3.359,3.359,bbox,14.504,17.819,21.124,17.071
3174,105.8,3.478,3.359,bbox,14.504,17.819,21.157,17.071
3175,105.833,3.495,3.359,bbox,14.504,17.819,21.195,17.071
3176,105.867,3.367,3.367,bbox,14.504,17.819,21.195,17.071
3177,105.9,,,,14.504,17.819,21.195,17.071
3178,105.933,3.283,3.367,bbox,14.504,17.819,21.195,17.071
3179,105.967,3.173,3.367,bbox,14.504,17.819,21.227,17.071
3180,106.0,3.083,3.283,bbox,14.504,17.819,21.31,17.071
3181,106.033,3.079,3.173,bbox,14.504,17.819,21.377,17.071
3182,106.067,3.112,3.112,bbox,14.504,17.867,21.455,17.071
3183,106.1,3.088,3.088,bbox,14.504,17.94,21.521,17.071
3184,106.133,3.106,3.088,bbox,14.504,17.94,21.552,17.071
3185,106.167,,,,14.504,17.94,21.552,17.071
3186,106.2,3.044,3.088,bbox,14.504,17.94,21.552,17.071
3187,106.233,3.105,3.105,bbox,14.504,17.94,21.552,17.071
3188,106.267,3.066,3.088,bbox,14.504,17.94,21.617,17.071
3189,106.3,3.06,3.066,bbox,14.504,17.94,21.654,17.071
3190,106.333,3.054,3.06,bbox,14.504,17.94,21.654,17.071
3191,106.367,3.03,3.06,bbox,14.504,17.94,21.7,17.071
3192,106.4,3.009,3.054,bbox,14.504,17.94,21.7,17.071
3193,106.433,2.968,3.03,bbox,14.504,17.94,21.7,17.071
3194,106.467,,,,14.504,17.94,21.7,17.071
3195,106.5,,,,14.504,17.94,21.7,17.071
3196,106.533,2.835,3.009,bbox,14.504,17.94,21.7,17.071
3197,106.567,2.803,2.968,bbox,14.504,17.94,21.7,17.071
3198,106.6,2.8,2.835,bbox,14.504,17.94,21.776,17.071
3199,106.633,2.825,2.825,bbox,14.504,17.94,21.776,17.071
3200,106.667,2.839,2.825,bbox,14.504,17.94,21.776,17.071
3201,106.7,2.884,2.825,bbox,14.504,17.94,21.776,17.071
3202,106.733,2.896,2.839,bbox,14.504,17.94,21.776,17.071
3203,106.767,2.895,2.884,bbox,14.504,17.94,21.776,17.071
3204,106.8,2.893,2.893,bbox,14.504,17.94,21.776,17.071
3205,106.833,2.892,2.893,bbox,14.504,17.94,21.776,17.071
3206,106.867,2.882,2.893,bbox,14.504,17.94,21.776,17.071
3207,106.9,2.897,2.893,bbox,14.504,17.94,21.776,17.071
3208,106.933,2.929,2.893,bbox,14.504,17.94,21.776,17.071
3209,106.967,2.978,2.897,bbox,14.504,17.94,21.776,17.101
3210,107.0,3.04,2.929,bbox,14.504,17.94,21.776,17.138
3211,107.033,3.115,2.978,bbox,14.504,17.94,21.776,17.201
3212,107.067,3.187,3.04,bbox,14.504,17.94,21.776,17.265
3213,107.1,2.541,3.04,pose,14.504,17.94,21.776,17.265
3214,107.133,3.279,3.115,bbox,14.504,17.94,21.776,17.302
3215,107.167,3.317,3.187,bbox,14.504,17.94,21.776,17.36
3216,107.2,3.272,3.272,bbox,14.537,17.94,21.776,17.431
3217,107.233,3.303,3.279,bbox,14.537,17.94,21.776,17.431
3218,107.267,3.253,3.279,bbox,14.537,17.94,21.776,17.431
3219,107.3,3.233,3.272,bbox,14.537,17.94,21.776,17.472
3220,107.333,3.172,3.253,bbox,14.537,17.94,21.776,17.472
3221,107.367,3.182,3.233,bbox,14.537,17.94,21.776,17.472
3222,107.4,3.237,3.233,bbox,14.537,17.94,21.776,17.472
3223,107.433,3.207,3.207,bbox,14.537,17.94,21.776,17.472
3224,107.467,3.176,3.182,bbox,14.537,17.94,21.776,17.472
3225,107.5,3.126,3.182,bbox,14.537,17.94,21.776,17.472
3226,107.533,3.136,3.176,bbox,14.537,17.94,21.776,17.472
3227,107.567,3.162,3.162,bbox,14.537,17.94,21.776,17.472
3228,107.6,3.208,3.162,pose,14.537,17.94,21.776,17.472
3229,107.633,3.176,3.162,bbox,14.537,17.94,21.776,17.472
3230,107.667,3.152,3.162,bbox,14.537,17.94,21.776,17.472
3231,107.7,3.129,3.162,bbox,14.537,17.94,21.814,17.472
3232,107.733,3.059,3.152,bbox,14.537,17.94,21.814,17.472
3233,107.767,3.058,3.129,bbox,14.537,17.94,21.814,17.472
3234,107.8,3.071,3.071,bbox,14.537,17.94,21.848,17.472
3235,107.833,3.092,3.071,bbox,14.537,17.94,21.848,17.472
3236,107.867,3.089,3.071,bbox,14.537,17.94,21.848,17.472
3237,107.9,3.093,3.089,bbox,14.537,17.94,21.848,17.472
3238,107.933,3.122,3.092,bbox,14.537,17.94,21.848,17.472
3239,107.967,3.126,3.093,bbox,14.537,17.94,21.848,17.472
3240,108.0,3.13,3.122,bbox,14.537,17.94,21.848,17.472
3241,108.033,3.148,3.126,bbox,14.537,17.94,21.848,17.472
3242,108.067,3.093,3.126,bbox,14.537,17.94,21.848,17.472
3243,108.1,3.496,3.13,pose,14.537,17.94,21.848,17.472
3244,108.133,3.01,3.13,bbox,14.537,17.94,21.848,17.472
3245,108.167,2.944,3.093,bbox,14.537,17.94,21.848,17.472
3246,108.2,2.905,3.01,bbox,14.537,17.94,21.848,17.472
3247,108.233,2.814,2.944,bbox,14.537,17.94,21.848,17.472
3248,108.267,2.777,2.905,bbox,14.537,17.94,21.848,17.472
3249,108.3,4.73,2.905,pose,14.537,17.94,21.848,17.472
3250,108.333,2.7,2.814,bbox,14.537,17.94,21.901,17.472
3251,108.367,2.709,2.777,bbox,14.537,17.94,21.932,17.472
3252,108.4,4.185,2.777,pose,14.537,17.94,21.932,17.472
3253,108.433,2.758,2.758,bbox,14.537,17.94,21.997,17.472
3254,108.467,2.783,2.758,bbox,14.537,17.94,21.997,17.472
3255,108.5,2.803,2.783,bbox,14.537,17.94,21.997,17.472
3256,108.533,2.846,2.803,bbox,14.537,17.94,21.997,17.512
3257,108.567,2.881,2.803,bbox,14.537,17.94,21.997,17.512
3258,108.6,2.939,2.846,bbox,14.537,17.94,21.997,17.573
3259,108.633,3.012,2.881,bbox,14.537,17.94,21.997,17.624
3260,108.667,3.051,2.939,bbox,14.537,17.94,21.997,17.693
3261,108.7,4.587,3.012,pose,14.537,17.94,21.997,17.782
3262,108.733,3.035,3.035,bbox,14.537,17.94,21.997,17.782
3263,108.767,3.003,3.035,bbox,14.537,17.94,21.997,17.782
3264,108.8,2.949,3.035,bbox,14.537,17.94,21.997,17.782
3265,108.833,2.925,3.003,bbox,14.537,17.94,21.997,17.782
3266,108.867,2.918,2.949,bbox,14.537,17.94,21.997,17.782
3267,108.9,3.779,2.949,pose,14.537,17.94,21.997,17.782
3268,108.933,2.889,2.925,bbox,14.537,17.94,21.997,17.782
3269,108.967,2.856,2.918,bbox,14.537,17.94,21.997,17.782
3270,109.0,2.848,2.889,bbox,14.537,17.94,21.997,17.782
3271,109.033,2.893,2.889,bbox,14.537,17.94,21.997,17.782
3272,109.067,2.914,2.889,bbox,14.537,17.94,21.997,17.782
3273,109.1,2.908,2.893,bbox,14.537,17.94,21.997,17.782
3274,109.133,2.843,2.893,bbox,14.537,17.94,21.997,17.782
3275,109.167,2.782,2.893,bbox,14.537,17.94,21.997,17.782
3276,109.2,3.318,2.908,pose,14.537,17.94,21.997,17.782
3277,109.233,2.704,2.843,bbox,14.537,17.94,22.048,17.782
3278,109.267,2.635,2.782,bbox,14.537,17.94,22.102,17.782
3279,109.3,2.538,2.704,bbox,14.569,17.94,22.213,17.782
3280,109.333,2.46,2.635,bbox,14.605,17.94,22.245,17.782
3281,109.367,2.464,2.538,bbox,14.666,17.94,22.308,17.782
3282,109.4,2.438,2.464,bbox,14.666,17.94,22.308,17.782
3283,109.433,2.478,2.464,bbox,14.666,17.94,22.308,17.782
3284,109.467,2.426,2.46,bbox,14.666,17.94,22.308,17.782
3285,109.5,2.484,2.464,bbox,14.666,17.978,22.308,17.782
3286,109.533,2.546,2.478,bbox,14.666,18.027,22.308,17.782
3287,109.567,,,,14.666,18.027,22.308,17.782
3288,109.6,,,,14.666,18.027,22.308,17.782
3289,109.633,,,,14.666,18.027,22.308,17.782
3290,109.667,,,,14.666,18.027,22.308,17.782
3291,109.7,1.969,2.478,pose,14.716,18.027,22.308,17.782
3292,109.733,2.979,2.484,bbox,14.716,18.079,22.308,17.782
3293,109.767,3.024,2.546,bbox,14.716,18.114,22.308,17.782
3294,109.8,3.063,2.979,bbox,14.716,18.212,22.308,17.782
3295,109.833,3.07,3.024,bbox,14.716,18.212,22.308,17.83
3296,109.867,3.017,3.024,bbox,14.716,18.212,22.308,17.892
3297,109.9,2.84,3.024,pose,14.716,18.212,22.308,17.932
3298,109.933,3.061,3.061,bbox,14.716,18.212,22.308,17.932
3299,109.967,3.046,3.046,bbox,14.716,18.212,22.308,18.047
3300,110.0,3.046,3.046,bbox,14.716,18.212,22.308,18.092
3301,110.033,,,,14.716,18.212,22.308,18.092
3302,110.067,3.022,3.046,bbox,14.716,18.212,22.308,18.092
3303,110.1,3.093,3.046,bbox,14.716,18.212,22.308,18.092
3304,110.133,3.116,3.046,bbox,14.716,18.212,22.308,18.151
3305,110.167,3.154,3.093,bbox,14.716,18.212,22.308,18.151
3306,110.2,,,,14.716,18.212,22.308,18.151
3307,110.233,3.296,3.116,bbox,14.716,18.212,22.308,18.151
3308,110.267,3.32,3.154,bbox,14.75,18.212,22.308,18.151
3309,110.3,3.344,3.296,bbox,14.75,18.212,22.308,18.151
3310,110.333,,,,14.75,18.212,22.308,18.151
3311,110.367,3.236,3.296,bbox,14.815,18.212,22.308,18.151
3312,110.4,3.072,3.296,bbox,14.815,18.212,22.308,18.181
3313,110.433,3.075,3.236,bbox,14.88,18.212,22.308,18.181
3314,110.467,2.979,3.075,bbox,14.88,18.212,22.308,18.181
3315,110.5,2.909,3.072,bbox,14.917,18.212,22.357,18.181
3316,110.533,2.884,2.979,bbox,14.994,18.212,22.357,18.181
3317,110.567,2.909,2.909,bbox,15.046,18.212,22.387,18.181
3318,110.6,2.935,2.909,pose,15.046,18.212,22.418,18.181
3319,110.633,2.948,2.909,bbox,15.1,18.212,22.418,18.181
3320,110.667,2.931,2.931,bbox,15.155,18.212,22.418,18.181
3321,110.7,2.873,2.931,bbox,15.155,18.212,22.418,18.181
3322,110.733,,,,15.155,18.212,22.418,18.181
3323,110.767,2.721,2.931,bbox,15.216,18.212,22.418,18.181
3324,110.8,0.486,2.873,pose,15.296,18.212,22.418,18.181
3325,110.833,,,,15.296,18.212,22.418,18.181
3326,110.867,2.568,2.721,bbox,15.296,18.212,22.418,18.253
3327,110.9,6.025,2.721,pose,15.296,18.212,22.418,18.296
3328,110.933,2.325,2.568,bbox,15.419,18.212,22.418,18.34
3329,110.967,2.611,2.568,bbox,15.543,18.212,22.418,18.34
3330,111.0,2.587,2.587,bbox,15.543,18.212,22.418,18.34
3331,111.033,2.454,2.587,bbox,15.663,18.212,22.418,18.432
3332,111.067,2.064,2.454,bbox,15.723,18.212,22.505,18.432
3333,111.1,2.104,2.454,bbox,15.789,18.212,22.505,18.432
3334,111.133,2.163,2.163,bbox,15.836,18.212,22.505,18.514
3335,111.167,2.23,2.163,bbox,15.836,18.212,22.505,18.514
3336,111.2,2.856,2.163,pose,15.836,18.308,22.588,18.514
3337,111.233,,,,15.836,18.308,22.588,18.514
3338,111.267,2.335,2.23,bbox,15.836,18.308,22.588,18.597
3339,111.3,2.279,2.279,bbox,15.836,18.308,22.588,18.682
3340,111.333,2.313,2.313,bbox,15.866,18.308,22.588,18.783
3341,111.367,,,,15.866,18.308,22.588,18.783
3342,111.4,,,,15.866,18.308,22.588,18.783
3343,111.433,2.442,2.335,bbox,15.866,18.308,22.588,18.783
3344,111.467,2.521,2.335,bbox,15.866,18.308,22.588,18.783
3345,111.5,,,,15.866,18.308,22.588,18.783
3346,111.533,2.682,2.442,bbox,15.866,18.308,22.588,18.928
3347,111.567,2.688,2.521,bbox,15.866,18.308,22.588,18.985
3348,111.6,2.688,2.682,bbox,15.866,18.36,22.588,19.12
3349,111.633,2.787,2.688,bbox,15.866,18.36,22.588,19.152
3350,111.667,2.98,2.688,bbox,15.866,18.36,22.588,19.216
3351,111.7,3.074,2.787,bbox,15.866,18.36,22.588,19.329
3352,111.733,3.171,2.98,bbox,15.866,18.36,22.588,19.429
3353,111.767,3.179,3.074,bbox,15.866,18.36,22.588,19.508
3354,111.8,3.346,3.171,bbox,15.866,18.36,22.588,19.508
3355,111.833,3.409,3.179,bbox,15.866,18.36,22.588,19.508
3356,111.867,3.512,3.346,bbox,15.866,18.36,22.588,19.508
3357,111.9,3.381,3.381,pose,15.866,18.36,22.588,19.508
3358,111.933,,,,15.866,18.36,22.588,19.508
3359,111.967,,,,15.866,18.36,22.588,19.508
3360,112.0,3.124,3.381,bbox,15.905,18.36,22.588,19.508
3361,112.033,3.099,3.381,bbox,15.905,18.36,22.588,19.508
3362,112.067,3.042,3.124,bbox,15.905,18.36,22.588,19.508
3363,112.1,3.046,3.099,bbox,15.966,18.36,22.588,19.508
3364,112.133,3.037,3.046,bbox,16.024,18.36,22.588,19.508
3365,112.167,3.04,3.042,bbox,16.024,18.36,22.588,19.508
3366,112.2,2.907,3.04,bbox,16.054,18.36,22.588,19.508
3367,112.233,2.829,3.037,bbox,16.054,18.36,22.588,19.508
3368,112.267,2.821,2.907,bbox,16.054,18.36,22.588,19.508
3369,112.3,2.749,2.829,bbox,16.165,18.36,22.588,19.508
3370,112.333,2.468,2.821,bbox,16.165,18.36,22.588,19.508
3371,112.367,2.379,2.749,bbox,16.165,18.36,22.621,19.508
3372,112.4,2.269,2.468,bbox,16.165,18.36,22.621,19.508
3373,112.433,,,,16.165,18.36,22.621,19.508
3374,112.467,,,,16.165,18.36,22.621,19.508
3375,112.5,,,,16.165,18.36,22.621,19.508
3376,112.533,1.626,2.379,bbox,16.232,18.36,22.692,19.508
3377,112.567,1.597,2.269,bbox,16.232,18.36,22.692,19.508
3378,112.6,1.441,1.626,bbox,16.276,18.36,22.692,19.508
3379,112.633,1.432,1.597,bbox,16.276,18.36,22.692,19.508
3380,112.667,1.425,1.441,bbox,16.276,18.36,22.692,19.508
3381,112.7,1.488,1.441,bbox,16.276,18.36,22.692,19.508
3382,112.733,1.498,1.441,bbox,16.276,18.392,22.762,19.508
3383,112.767,1.571,1.488,bbox,16.276,18.392,22.762,19.508
3384,112.8,1.465,1.488,bbox,16.276,18.392,22.762,19.508
3385,112.833,1.457,1.488,bbox,16.276,18.392,22.762,19.508
3386,112.867,1.368,1.465,bbox,16.276,18.455,22.762,19.508
3387,112.9,1.366,1.457,bbox,16.276,18.455,22.762,19.508
3388,112.933,1.379,1.379,bbox,16.276,18.455,22.876,19.508
3389,112.967,1.12,1.368,bbox,16.276,18.455,22.876,19.508
3390,113.0,1.111,1.366,bbox,16.276,18.455,22.876,19.508
3391,113.033,1.112,1.12,bbox,16.276,18.455,22.945,19.508
3392,113.067,1.074,1.112,bbox,16.276,18.553,23.021,19.508
3393,113.1,1.027,1.111,bbox,16.276,18.553,23.021,19.508
3394,113.133,0.97,1.074,bbox,16.276,18.553,23.053,19.508
3395,113.167,0.936,1.027,bbox,16.276,18.553,23.096,19.508
3396,113.2,1.152,1.027,bbox,16.276,18.553,23.152,19.508
3397,113.233,1.06,1.027,bbox,16.276,18.553,23.194,19.508
3398,113.267,1.142,1.06,bbox,16.276,18.553,23.24,19.508
3399,113.3,,,,16.276,18.553,23.24,19.508
3400,113.333,0.952,1.06,bbox,16.276,18.553,23.29,19.508
3401,113.367,0.932,1.06,bbox,16.276,18.592,23.334,19.508
3402,113.4,3.207,1.06,pose,16.276,18.592,23.334,19.508
3403,113.433,0.985,0.985,bbox,16.276,18.688,23.437,19.508
3404,113.467,1.175,0.985,bbox,16.276,18.72,23.471,19.508
3405,113.5,1.234,1.175,bbox,16.276,18.773,23.471,19.508
3406,113.533,1.304,1.234,bbox,16.276,18.773,23.471,19.508
3407,113.567,1.296,1.234,bbox,16.276,18.816,23.471,19.508
3408,113.6,0.382,1.234,pose,16.276,18.87,23.471,19.508
3409,113.633,1.059,1.234,bbox,16.276,18.87,23.471,19.508
3410,113.667,1.097,1.097,bbox,16.276,18.87,23.471,19.508
3411,113.7,0.527,1.059,pose,16.276,18.87,23.471,19.508
3412,113.733,1.25,1.059,bbox,16.276,18.87,23.471,19.548
3413,113.767,1.318,1.097,bbox,16.276,18.954,23.471,19.548
3414,113.8,0.79,1.097,pose,16.276,19.003,23.471,19.548
3415,113.833,1.441,1.25,bbox,16.276,19.038,23.471,19.548
3416,113.867,1.501,1.318,bbox,16.276,19.112,23.471,19.548
3417,113.9,1.583,1.441,bbox,16.276,19.156,23.471,19.548
3418,113.933,1.661,1.501,bbox,16.276,19.204,23.471,19.548
3419,113.967,1.739,1.583,bbox,16.276,19.274,23.471,19.616
3420,114.0,1.971,1.661,bbox,16.276,19.318,23.471,19.666
3421,114.033,2.096,1.739,bbox,16.276,19.318,23.471,19.666
3422,114.067,2.142,1.971,bbox,16.276,19.353,23.471,19.666
3423,114.1,2.232,2.096,bbox,16.276,19.395,23.471,19.666
3424,114.133,2.33,2.142,bbox,16.276,19.431,23.471,19.714
3425,114.167,2.367,2.232,bbox,16.276,19.462,23.471,19.714
3426,114.2,2.047,2.232,pose,16.276,19.462,23.471,19.755
3427,114.233,2.51,2.33,bbox,16.276,19.462,23.471,19.863
3428,114.267,2.554,2.367,bbox,16.276,19.462,23.471,19.898
3429,114.3,2.084,2.367,pose,16.276,19.523,23.471,19.898
3430,114.333,2.61,2.51,bbox,16.276,19.523,23.471,20.001
3431,114.367,2.669,2.554,bbox,16.276,19.565,23.471,20.001
3432,114.4,3.218,2.61,pose,16.276,19.639,23.471,20.001
3433,114.433,5.498,2.669,bbox,16.276,19.691,23.471,20.05
3434,114.467,3.051,3.051,bbox,16.276,19.691,23.471,20.05
3435,114.5,3.177,3.177,pose,16.276,19.691,23.471,20.089
3436,114.533,3.168,3.177,bbox,16.276,19.691,23.471,20.144
3437,114.567,3.209,3.177,bbox,16.276,19.691,23.471,20.185
3438,114.6,3.262,3.177,bbox,16.276,19.691,23.471,20.234
3439,114.633,3.352,3.209,bbox,16.276,19.691,23.471,20.3
3440,114.667,3.43,3.262,bbox,16.276,19.691,23.471,20.3
3441,114.7,,,,16.276,19.691,23.471,20.3
3442,114.733,3.56,3.352,bbox,16.276,19.691,23.471,20.396
3443,114.767,,,,16.276,19.691,23.471,20.396
3444,114.8,3.69,3.43,bbox,16.276,19.691,23.471,20.443
3445,114.833,,,,16.276,19.691,23.471,20.443
3446,114.867,,,,16.276,19.691,23.471,20.443
3447,114.9,,,,16.276,19.691,23.471,20.443
3448,114.933,3.914,3.56,bbox,16.276,19.759,23.471,20.443
3449,114.967,4.097,3.69,bbox,16.276,19.853,23.471,20.493
3450,115.0,4.639,3.914,bbox,16.276,19.93,23.471,20.493
3451,115.033,4.437,4.097,bbox,16.276,19.976,23.471,20.532
3452,115.067,,,,16.276,19.976,23.471,20.532
3453,115.1,,,,16.276,19.976,23.471,20.532
3454,115.133,,,,16.276,19.976,23.471,20.532
3455,115.167,,,,16.276,19.976,23.471,20.532
3456,115.2,,,,16.276,19.976,23.471,20.532
3457,115.233,,,,16.276,19.976,23.471,20.532
3458,115.267,,,,16.276,19.976,23.471,20.532
3459,115.3,5.531,4.437,pose,16.276,20.051,23.471,20.575
3460,115.333,,,,16.276,20.051,23.471,20.575
3461,115.367,,,,16.276,20.051,23.471,20.575
3462,115.4,,,,16.276,20.051,23.471,20.575
3463,115.433,,,,16.276,20.051,23.471,20.575
3464,115.467,,,,16.276,20.051,23.471,20.575
3465,115.5,,,,16.276,20.051,23.471,20.575
3466,115.533,,,,16.276,20.051,23.471,20.575
3467,115.567,,,,16.276,20.051,23.471,20.575
3468,115.6,,,,16.276,20.051,23.471,20.575
3469,115.633,5.52,4.639,bbox,16.276,20.051,23.471,20.575
3470,115.667,5.531,5.52,bbox,16.276,20.051,23.471,20.575
3471,115.7,4.983,5.52,pose,16.276,20.051,23.471,20.575
3472,115.733,5.57,5.531,bbox,16.276,20.051,23.471,20.625
3473,115.767,5.651,5.531,bbox,16.276,20.051,23.471,20.625
3474,115.8,5.473,5.531,pose,16.276,20.051,23.471,20.725
3475,115.833,5.857,5.57,bbox,16.276,20.051,23.471,20.725
3476,115.867,5.954,5.651,bbox,16.276,20.12,23.471,20.782
3477,115.9,5.918,5.857,bbox,16.276,20.151,23.471,20.849
3478,115.933,5.94,5.918,bbox,16.276,20.151,23.471,20.849
3479,115.967,5.957,5.94,bbox,16.276,20.208,23.471,20.849
3480,116.0,5.49,5.94,pose,16.276,20.239,23.471,20.849
3481,116.033,6.003,5.94,bbox,16.276,20.285,23.471,20.897
3482,116.067,6.105,5.957,bbox,16.276,20.285,23.471,20.897
3483,116.1,6.374,6.003,bbox,16.276,20.315,23.471,20.897
3484,116.133,6.759,6.105,bbox,16.276,20.354,23.471,20.95
3485,116.167,6.8,6.374,bbox,16.276,20.354,23.471,21.004
3486,116.2,6.845,6.759,bbox,16.276,20.394,23.471,21.108
3487,116.233,,,,16.276,20.394,23.471,21.108
3488,116.267,,,,16.276,20.394,23.471,21.108
3489,116.3,,,,16.276,20.394,23.471,21.108
3490,116.333,6.389,6.759,bbox,16.276,20.394,23.471,21.157
3491,116.367,6.298,6.759,bbox,16.276,20.474,23.471,21.198
3492,116.4,,,,16.276,20.474,23.471,21.198
3493,116.433,6.192,6.389,bbox,16.276,20.515,23.471,21.303
3494,116.467,,,,16.276,20.515,23.471,21.303
3495,116.5,,,,16.276,20.515,23.471,21.303
3496,116.533,,,,16.276,20.515,23.471,21.303
3497,116.567,6.84,6.389,bbox,16.276,20.515,23.471,21.303
3498,116.6,6.573,6.389,bbox,16.276,20.546,23.471,21.339
3499,116.633,6.875,6.573,bbox,16.276,20.546,23.471,21.411
3500,116.667,,,,16.276,20.546,23.471,21.411
3501,116.7,,,,16.276,20.546,23.471,21.411
3502,116.733,6.986,6.84,bbox,16.276,20.546,23.471,21.411
3503,116.767,6.9,6.875,bbox,16.276,20.546,23.471,21.411
3504,116.8,6.885,6.885,pose,16.276,20.546,23.471,21.466
3505,116.833,,,,16.276,20.546,23.471,21.466
3506,116.867,,,,16.276,20.546,23.471,21.466
3507,116.9,7.43,6.9,pose,16.276,20.546,23.471,21.511
3508,116.933,7.211,6.986,bbox,16.276,20.546,23.471,21.511
3509,116.967,7.536,7.211,bbox,16.276,20.546,23.471,21.582
3510,117.0,7.47,7.43,pose,16.334,20.546,23.471,21.582
3511,117.033,7.607,7.47,bbox,16.42,20.546,23.471,21.582
3512,117.067,7.615,7.536,bbox,16.42,20.546,23.471,21.582
3513,117.1,7.324,7.536,pose,16.42,20.546,23.471,21.582
3514,117.133,7.59,7.59,bbox,16.42,20.546,23.471,21.62
3515,117.167,7.614,7.607,bbox,16.42,20.546,23.471,21.62
3516,117.2,,,,16.42,20.546,23.471,21.62
3517,117.233,,,,16.42,20.546,23.471,21.62
3518,117.267,,,,16.42,20.546,23.471,21.62
3519,117.3,7.513,7.59,bbox,16.42,20.546,23.471,21.62
3520,117.333,7.469,7.513,bbox,16.42,20.546,23.471,21.62
3521,117.367,7.407,7.513,bbox,16.42,20.546,23.471,21.62
3522,117.4,7.217,7.469,bbox,16.42,20.546,23.471,21.62
3523,117.433,7.119,7.407,bbox,16.467,20.546,23.471,21.62
3524,117.467,7.049,7.217,bbox,16.498,20.546,23.471,21.62
3525,117.5,7.056,7.119,bbox,16.498,20.546,23.471,21.62
3526,117.533,7.03,7.056,bbox,16.574,20.546,23.471,21.62
3527,117.567,7.005,7.049,bbox,16.574,20.546,23.471,21.62
3528,117.6,6.528,7.03,pose,16.574,20.546,23.471,21.62
3529,117.633,6.94,7.005,bbox,16.691,20.546,23.471,21.65
3530,117.667,6.867,6.94,bbox,16.755,20.546,23.471,21.686
3531,117.7,6.846,6.867,bbox,16.755,20.546,23.471,21.686
3532,117.733,6.838,6.846,bbox,16.831,20.546,23.471,21.686
3533,117.767,6.824,6.846,bbox,16.831,20.546,23.471,21.686
3534,117.8,6.773,6.838,bbox,16.831,20.546,23.471,21.686
3535,117.833,6.689,6.824,bbox,16.831,20.546,23.471,21.686
3536,117.867,6.564,6.773,bbox,16.831,20.546,23.471,21.686
3537,117.9,6.495,6.689,bbox,16.831,20.546,23.471,21.686
3538,117.933,6.494,6.564,bbox,16.831,20.546,23.471,21.686
3539,117.967,6.421,6.495,bbox,16.831,20.546,23.511,21.686
3540,118.0,6.344,6.494,bbox,16.831,20.546,23.511,21.686
3541,118.033,6.236,6.421,bbox,16.886,20.546,23.511,21.686
3542,118.067,,,,16.886,20.546,23.511,21.686
3543,118.1,,,,16.886,20.546,23.511,21.686
3544,118.133,5.802,6.344,bbox,16.886,20.546,23.511,21.686
3545,118.167,5.727,6.236,bbox,16.971,20.546,23.546,21.686
3546,118.2,5.767,5.802,bbox,17.085,20.546,23.641,21.686
3547,118.233,5.572,5.767,bbox,17.119,20.546,23.685,21.686
3548,118.267,,,,17.119,20.546,23.685,21.686
3549,118.3,,,,17.119,20.546,23.685,21.686
3550,118.333,5.389,5.727,bbox,17.119,20.546,23.685,21.686
3551,118.367,5.379,5.572,bbox,17.21,20.546,23.715,21.686
3552,118.4,5.375,5.389,bbox,17.245,20.546,23.774,21.686
3553,118.433,5.451,5.389,bbox,17.35,20.546,23.817,21.686
3554,118.467,,,,17.35,20.546,23.817,21.686
3555,118.5,,,,17.35,20.546,23.817,21.686
3556,118.533,,,,17.35,20.546,23.817,21.686
3557,118.567,,,,17.35,20.546,23.817,21.686
3558,118.6,5.442,5.389,bbox,17.35,20.546,23.817,21.686
3559,118.633,5.515,5.442,bbox,17.402,20.546,23.817,21.686
3560,118.667,5.602,5.451,bbox,17.402,20.546,23.817,21.686
3561,118.7,5.416,5.451,bbox,17.458,20.546,23.817,21.686
3562,118.733,,,,17.458,20.546,23.817,21.686
3563,118.767,,,,17.458,20.546,23.817,21.686
3564,118.8,,,,17.458,20.546,23.817,21.686
3565,118.833,5.288,5.442,bbox,17.458,20.546,23.817,21.686
3566,118.867,,,,17.458,20.546,23.817,21.686
3567,118.9,5.027,5.416,bbox,17.458,20.546,23.817,21.686
3568,118.933,4.896,5.288,bbox,17.592,20.546,23.817,21.749
3569,118.967,4.879,5.027,bbox,17.592,20.546,23.817,21.749
3570,119.0,4.873,4.896,bbox,17.651,20.546,23.817,21.749
3571,119.033,5.027,4.896,bbox,17.791,20.546,23.817,21.749
3572,119.067,4.995,4.896,bbox,17.791,20.546,23.817,21.749
3573,119.1,5.014,4.995,bbox,17.791,20.546,23.817,21.749
3574,119.133,5.032,5.014,bbox,17.791,20.546,23.817,21.749
3575,119.167,5.104,5.027,bbox,17.833,20.546,23.817,21.749
3576,119.2,,,,17.833,20.546,23.817,21.749
3577,119.233,5.091,5.032,bbox,17.916,20.546,23.817,21.749
3578,119.267,5.084,5.084,bbox,17.916,20.546,23.817,21.749
3579,119.3,4.947,5.084,bbox,17.916,20.546,23.817,21.749
3580,119.333,4.908,5.084,bbox,17.948,20.546,23.817,21.749
3581,119.367,2.9,4.947,bbox,18.056,20.546,23.817,21.749
3582,119.4,2.163,4.908,pose,18.056,20.546,23.817,21.749
3583,119.433,4.578,4.578,bbox,18.163,20.546,23.817,21.749
3584,119.467,2.79,2.9,bbox,18.163,20.546,23.817,21.749
3585,119.5,,,,18.163,20.546,23.817,21.749
3586,119.533,,,,18.163,20.546,23.817,21.749
3587,119.567,,,,18.163,20.546,23.817,21.749
3588,119.6,,,,18.163,20.546,23.817,21.749
3589,119.633,,,,18.163,20.546,23.817,21.749
3590,119.667,,,,18.163,20.546,23.817,21.749
3591,119.7,,,,18.163,20.546,23.817,21.749
3592,119.733,,,,18.163,20.546,23.817,21.749
3593,119.767,2.564,2.79,bbox,18.199,20.546,23.89,21.749
3594,119.8,2.562,2.564,bbox,18.265,20.546,23.89,21.749
3595,119.833,2.567,2.567,bbox,18.265,20.546,23.89,21.749
3596,119.867,4.204,2.567,bbox,18.265,20.546,23.89,21.749
3597,119.9,4.18,2.567,bbox,18.265,20.546,23.89,21.749
3598,119.933,4.157,4.157,bbox,18.265,20.546,23.89,21.749
3599,119.967,4.157,4.157,bbox,18.265,20.546,23.89,21.749
3600,120.0,4.156,4.157,bbox,18.265,20.546,23.89,21.749
3601,120.033,4.166,4.157,bbox,18.265,20.546,23.89,21.749
3602,120.067,4.163,4.157,bbox,18.265,20.546,23.89,21.749
3603,120.1,4.181,4.163,bbox,18.265,20.546,23.89,21.749
3604,120.133,4.17,4.166,bbox,18.265,20.546,23.89,21.749
3605,120.167,4.128,4.166,bbox,18.265,20.546,23.89,21.749
3606,120.2,4.129,4.163,bbox,18.265,20.546,23.89,21.749
3607,120.233,4.132,4.132,bbox,18.265,20.546,23.89,21.749
3608,120.267,4.113,4.129,bbox,18.265,20.546,23.89,21.749
3609,120.3,4.103,4.128,bbox,18.265,20.546,23.89,21.749
3610,120.333,4.103,4.113,bbox,18.265,20.546,23.89,21.749
3611,120.367,4.108,4.108,bbox,18.265,20.546,23.89,21.749
3612,120.4,4.093,4.103,bbox,18.265,20.546,23.89,21.749
3613,120.433,4.08,4.103,bbox,18.265,20.546,23.89,21.749
3614,120.467,4.078,4.093,bbox,18.265,20.546,23.89,21.749
3615,120.5,4.298,4.093,pose,18.265,20.546,23.89,21.749
3616,120.533,4.064,4.08,bbox,18.265,20.546,23.89,21.749
3617,120.567,4.055,4.078,bbox,18.265,20.546,23.89,21.749
3618,120.6,4.244,4.078,pose,18.265,20.546,23.89,21.749
3619,120.633,4.026,4.064,bbox,18.265,20.546,23.89,21.749
3620,120.667,4.023,4.055,bbox,18.265,20.546,23.89,21.749
3621,120.7,3.798,4.026,pose,18.265,20.546,23.89,21.749
3622,120.733,,,,18.265,20.546,23.89,21.749
3623,120.767,4.037,4.026,bbox,18.265,20.546,23.89,21.749
3624,120.8,3.963,4.023,pose,18.265,20.546,23.89,21.749
3625,120.833,3.981,3.981,bbox,18.265,20.546,23.89,21.749
3626,120.867,3.942,3.963,bbox,18.324,20.546,23.89,21.749
3627,120.9,3.893,3.963,bbox,18.324,20.546,23.89,21.749
3628,120.933,3.833,3.942,bbox,18.324,20.546,23.935,21.749
3629,120.967,3.848,3.893,bbox,18.324,20.546,23.982,21.749
3630,121.0,3.722,3.848,bbox,18.367,20.546,24.042,21.749
3631,121.033,3.72,3.833,bbox,18.367,20.546,24.042,21.749
3632,121.067,3.694,3.722,bbox,18.367,20.546,24.143,21.749
3633,121.1,4.565,3.722,pose,18.414,20.546,24.143,21.749
3634,121.133,3.658,3.72,bbox,18.414,20.546,24.143,21.749
3635,121.167,3.618,3.694,bbox,18.414,20.546,24.178,21.749
3636,121.2,2.911,3.658,pose,18.414,20.546,24.178,21.749
3637,121.233,3.48,3.618,bbox,18.414,20.546,24.178,21.749
3638,121.267,3.396,3.48,bbox,18.414,20.546,24.178,21.749
3639,121.3,3.354,3.396,bbox,18.414,20.546,24.215,21.749
3640,121.333,3.247,3.354,bbox,18.469,20.546,24.269,21.749
3641,121.367,3.189,3.354,bbox,18.469,20.546,24.269,21.749
3642,121.4,3.152,3.247,bbox,18.469,20.546,24.308,21.749
3643,121.433,3.15,3.189,bbox,18.469,20.546,24.351,21.749
3644,121.467,3.152,3.152,bbox,18.469,20.546,24.396,21.749
3645,121.5,3.17,3.152,bbox,18.469,20.546,24.396,21.749
3646,121.533,3.16,3.152,bbox,18.469,20.546,24.396,21.749
3647,121.567,3.146,3.152,bbox,18.469,20.546,24.396,21.749
3648,121.6,2.638,3.152,pose,18.469,20.546,24.396,21.749
3649,121.633,3.112,3.146,bbox,18.469,20.546,24.396,21.749
3650,121.667,3.068,3.112,bbox,18.469,20.546,24.396,21.749
3651,121.7,2.685,3.068,pose,18.469,20.546,24.396,21.749
3652,121.733,3.027,3.027,bbox,18.469,20.546,24.396,21.749
3653,121.767,3.047,3.047,bbox,18.469,20.546,24.396,21.749
3654,121.8,3.057,3.047,bbox,18.469,20.546,24.396,21.749
3655,121.833,3.081,3.047,bbox,18.469,20.546,24.396,21.749
3656,121.867,3.108,3.057,bbox,18.469,20.546,24.396,21.749
3657,121.9,3.13,3.081,bbox,18.469,20.546,24.396,21.749
3658,121.933,3.123,3.108,bbox,18.469,20.546,24.396,21.749
3659,121.967,3.126,3.123,bbox,18.469,20.546,24.396,21.749
3660,122.0,3.079,3.123,bbox,18.469,20.546,24.396,21.749
3661,122.033,3.041,3.123,bbox,18.469,20.546,24.396,21.749
3662,122.067,3.01,3.079,bbox,18.469,20.546,24.396,21.749
3663,122.1,2.988,3.041,bbox,18.469,20.546,24.429,21.749
3664,122.133,2.985,3.01,bbox,18.469,20.546,24.429,21.749
3665,122.167,2.964,2.988,bbox,18.469,20.546,24.429,21.749
3666,122.2,2.969,2.985,bbox,18.469,20.546,24.429,21.749
3667,122.233,2.935,2.969,bbox,18.469,20.546,24.429,21.749
3668,122.267,2.92,2.964,bbox,18.469,20.546,24.429,21.749
3669,122.3,2.927,2.935,bbox,18.469,20.546,24.429,21.749
3670,122.333,2.928,2.928,bbox,18.469,20.546,24.429,21.749
3671,122.367,2.917,2.927,bbox,18.469,20.546,24.429,21.749
3672,122.4,6.576,2.927,pose,18.469,20.546,24.429,21.749
3673,122.433,2.938,2.928,bbox,18.469,20.546,24.46,21.749
3674,122.467,2.93,2.93,bbox,18.469,20.546,24.46,21.749
3675,122.5,2.913,2.93,bbox,18.469,20.546,24.46,21.749
3676,122.533,2.906,2.93,bbox,18.469,20.546,24.46,21.749
3677,122.567,2.874,2.913,bbox,18.469,20.546,24.46,21.749
3678,122.6,6.187,2.913,pose,18.469,20.546,24.46,21.749
3679,122.633,2.799,2.906,bbox,18.469,20.546,24.46,21.749
3680,122.667,2.777,2.874,bbox,18.469,20.546,24.46,21.749
3681,122.7,2.763,2.799,bbox,18.469,20.546,24.508,21.749
3682,122.733,2.735,2.777,bbox,18.469,20.546,24.508,21.749
3683,122.767,2.749,2.763,bbox,18.469,20.546,24.508,21.749
3684,122.8,2.74,2.749,bbox,18.469,20.546,24.508,21.749
3685,122.833,2.73,2.74,bbox,18.469,20.546,24.508,21.749
3686,122.867,2.745,2.74,bbox,18.469,20.546,24.508,21.749
3687,122.9,2.776,2.745,bbox,18.469,20.546,24.508,21.749
3688,122.933,2.804,2.745,bbox,18.469,20.546,24.508,21.749
3689,122.967,2.831,2.776,bbox,18.469,20.546,24.508,21.749
3690,123.0,2.854,2.804,bbox,18.469,20.546,24.508,21.749
3691,123.033,2.846,2.831,bbox,18.469,20.546,24.508,21.78
3692,123.067,2.888,2.846,bbox,18.469,20.546,24.508,21.816
3693,123.1,,,,18.469,20.546,24.508,21.816
3694,123.133,3.009,2.854,bbox,18.469,20.546,24.508,21.816
3695,123.167,3.037,2.888,bbox,18.469,20.546,24.508,21.877
3696,123.2,3.071,3.009,bbox,18.469,20.546,24.508,21.98
3697,123.233,3.092,3.037,bbox,18.469,20.546,24.508,21.98
3698,123.267,3.112,3.071,bbox,18.469,20.581,24.508,21.98
3699,123.3,3.155,3.092,bbox,18.469,20.581,24.508,21.98
3700,123.333,3.195,3.112,bbox,18.469,20.581,24.508,21.98
3701,123.367,3.198,3.155,bbox,18.469,20.581,24.508,21.98
3702,123.4,3.229,3.195,bbox,18.469,20.581,24.508,21.98
3703,123.433,3.245,3.198,bbox,18.469,20.581,24.508,21.98
3704,123.467,3.251,3.229,bbox,18.469,20.581,24.508,22.01
3705,123.5,2.742,3.229,pose,18.469,20.581,24.508,22.05
3706,123.533,3.313,3.245,bbox,18.469,20.581,24.508,22.082
3707,123.567,3.302,3.251,bbox,18.469,20.581,24.508,22.138
3708,123.6,3.331,3.302,bbox,18.469,20.581,24.508,22.138
3709,123.633,3.344,3.313,bbox,18.469,20.581,24.508,22.138
3710,123.667,3.363,3.331,bbox,18.469,20.581,24.508,22.138
3711,123.7,3.294,3.331,pose,18.469,20.581,24.508,22.138
3712,123.733,3.354,3.344,bbox,18.469,20.581,24.508,22.138
3713,123.767,3.338,3.344,bbox,18.469,20.581,24.508,22.138
3714,123.8,3.34,3.34,bbox,18.469,20.581,24.54,22.138
3715,123.833,3.314,3.338,bbox,18.469,20.581,24.54,22.138
3716,123.867,3.264,3.338,bbox,18.469,20.581,24.54,22.138
3717,123.9,3.209,3.314,bbox,18.469,20.581,24.54,22.138
3718,123.933,3.126,3.264,bbox,18.469,20.581,24.59,22.138
3719,123.967,3.123,3.209,bbox,18.469,20.581,24.641,22.138
3720,124.0,3.117,3.126,bbox,18.469,20.581,24.741,22.138
3721,124.033,3.072,3.123,bbox,18.469,20.581,24.785,22.138
3722,124.067,3.064,3.117,bbox,18.469,20.581,24.785,22.138
3723,124.1,3.204,3.117,pose,18.469,20.581,24.785,22.138
3724,124.133,3.07,3.072,bbox,18.469,20.581,24.845,22.138
3725,124.167,3.033,3.07,bbox,18.469,20.581,24.845,22.138
3726,124.2,3.044,3.064,bbox,18.469,20.581,24.876,22.138
3727,124.233,3.028,3.044,bbox,18.469,20.581,24.908,22.138
3728,124.267,3.005,3.033,bbox,18.469,20.581,24.908,22.138
3729,124.3,2.974,3.028,bbox,18.469,20.581,24.94,22.138
3730,124.333,1.644,3.005,bbox,18.469,20.581,24.994,22.138
3731,124.367,2.8,2.974,bbox,18.569,20.581,25.047,22.138
3732,124.4,2.824,2.824,bbox,18.569,20.581,25.098,22.138
3733,124.433,2.803,2.803,bbox,18.609,20.581,25.134,22.138
3734,124.467,2.812,2.803,bbox,18.609,20.581,25.134,22.138
3735,124.5,2.854,2.812,bbox,18.609,20.581,25.134,22.138
3736,124.533,2.851,2.824,bbox,18.645,20.581,25.134,22.138
3737,124.567,2.854,2.851,bbox,18.677,20.581,25.134,22.138
3738,124.6,4.043,2.854,pose,18.711,20.581,25.134,22.138
3739,124.633,2.877,2.854,bbox,18.711,20.581,25.134,22.138
3740,124.667,,,,18.711,20.581,25.134,22.138
3741,124.7,2.975,2.877,bbox,18.711,20.581,25.134,22.138
3742,124.733,,,,18.711,20.581,25.134,22.138
3743,124.767,,,,18.711,20.581,25.134,22.138
3744,124.8,,,,18.711,20.581,25.134,22.138
3745,124.833,,,,18.711,20.581,25.134,22.138
3746,124.867,3.198,2.975,bbox,18.711,20.581,25.134,22.138
3747,124.9,3.211,3.198,bbox,18.711,20.619,25.134,22.138
3748,124.933,3.22,3.198,bbox,18.711,20.748,25.134,22.138
3749,124.967,3.212,3.211,bbox,18.711,20.748,25.134,22.175
3750,125.0,3.204,3.211,bbox,18.711,20.748,25.134,22.175
3751,125.033,3.254,3.212,bbox,18.711,20.748,25.134,22.175
3752,125.067,3.237,3.22,bbox,18.711,20.748,25.134,22.175
3753,125.1,3.206,3.212,bbox,18.711,20.778,25.134,22.175
3754,125.133,3.197,3.206,bbox,18.711,20.778,25.134,22.175
3755,125.167,3.157,3.206,bbox,18.711,20.809,25.134,22.175
3756,125.2,3.143,3.197,bbox,18.711,20.809,25.134,22.175
3757,125.233,3.117,3.157,bbox,18.711,20.809,25.165,22.175
3758,125.267,3.065,3.143,bbox,18.711,20.809,25.207,22.175
3759,125.3,3.038,3.117,bbox,18.711,20.809,25.292,22.175
3760,125.333,3.026,3.065,bbox,18.711,20.84,25.34,22.175
3761,125.367,3.018,3.038,bbox,18.711,20.84,25.371,22.175
3762,125.4,2.959,3.026,bbox,18.711,20.84,25.421,22.175
3763,125.433,2.918,3.018,bbox,18.711,20.84,25.421,22.175
3764,125.467,1.89,2.959,bbox,18.711,20.84,25.454,22.175
3765,125.5,1.864,2.918,bbox,18.711,20.84,25.454,22.175
3766,125.533,1.856,1.89,bbox,18.711,20.84,25.454,22.175
3767,125.567,1.851,1.864,bbox,18.711,20.84,25.454,22.175
3768,125.6,1.822,1.856,bbox,18.711,20.84,25.454,22.175
3769,125.633,1.827,1.851,bbox,18.711,20.84,25.454,22.175
3770,125.667,1.849,1.849,bbox,18.711,20.84,25.454,22.175
3771,125.7,1.859,1.849,bbox,18.711,20.84,25.454,22.175
3772,125.733,1.865,1.849,bbox,18.711,20.84,25.454,22.175
3773,125.767,2.947,1.859,bbox,18.711,20.84,25.454,22.175
3774,125.8,2.907,1.865,bbox,18.711,20.84,25.454,22.175
3775,125.833,2.877,2.877,bbox,18.711,20.84,25.454,22.175
3776,125.867,2.851,2.877,bbox,18.711,20.84,25.454,22.175
3777,125.9,2.87,2.877,bbox,18.711,20.84,25.454,22.175
3778,125.933,2.899,2.877,bbox,18.711,20.84,25.454,22.175
3779,125.967,2.939,2.877,bbox,18.711,20.84,25.454,22.175
3780,126.0,3.677,2.899,pose,18.711,20.84,25.454,22.175
3781,126.033,3.035,2.939,bbox,18.711,20.84,25.454,22.175
3782,126.067,3.083,3.035,bbox,18.711,20.84,25.454,22.238
3783,126.1,3.259,3.083,pose,18.711,20.84,25.454,22.238
3784,126.133,3.161,3.161,bbox,18.711,20.84,25.454,22.238
3785,126.167,3.167,3.161,bbox,18.711,20.84,25.454,22.238
3786,126.2,2.015,3.161,bbox,18.711,20.84,25.454,22.238
3787,126.233,3.03,3.161,bbox,18.711,20.84,25.454,22.238
3788,126.267,1.959,3.03,bbox,18.711,20.84,25.454,22.238
3789,126.3,1.951,2.015,bbox,18.711,20.84,25.454,22.238
3790,126.333,2.883,2.015,bbox,18.711,20.84,25.454,22.238
3791,126.367,2.847,2.847,bbox,18.711,20.84,25.454,22.238
3792,126.4,2.848,2.847,bbox,18.711,20.84,25.484,22.238
3793,126.433,2.814,2.847,bbox,18.711,20.84,25.521,22.238
3794,126.467,2.825,2.847,bbox,18.711,20.84,25.521,22.238
3795,126.5,,,,18.711,20.84,25.521,22.238
3796,126.533,,,,18.711,20.84,25.521,22.238
3797,126.567,2.893,2.847,bbox,18.711,20.84,25.521,22.238
3798,126.6,2.892,2.848,bbox,18.711,20.84,25.521,22.238
3799,126.633,2.908,2.892,bbox,18.711,20.84,25.521,22.238
3800,126.667,2.919,2.893,bbox,18.711,20.84,25.521,22.238
3801,126.7,2.917,2.908,bbox,18.711,20.84,25.521,22.238
3802,126.733,2.913,2.913,bbox,18.711,20.84,25.521,22.238
3803,126.767,1.983,2.913,bbox,18.769,20.84,25.521,22.238
3804,126.8,2.008,2.913,bbox,18.853,20.84,25.521,22.238
3805,126.833,2.024,2.024,bbox,18.853,20.84,25.521,22.238
3806,126.867,2.914,2.024,bbox,18.853,20.84,25.521,22.238
3807,126.9,,,,18.853,20.84,25.521,22.238
3808,126.933,,,,18.853,20.84,25.521,22.238
3809,126.967,1.983,2.008,bbox,18.853,20.84,25.521,22.238
3810,127.0,1.976,2.008,bbox,18.853,20.84,25.521,22.238
3811,127.033,2.702,2.024,bbox,18.853,20.84,25.633,22.238
3812,127.067,2.668,2.668,bbox,18.853,20.84,25.633,22.238
3813,127.1,2.701,2.668,bbox,18.853,20.84,25.686,22.238
3814,127.133,2.732,2.701,bbox,18.853,20.84,25.686,22.238
3815,127.167,2.703,2.702,bbox,18.853,20.84,25.686,22.238
3816,127.2,3.272,2.703,pose,18.853,20.84,25.686,22.238
3817,127.233,2.74,2.732,bbox,18.853,20.84,25.686,22.238
3818,127.267,2.742,2.74,bbox,18.853,20.84,25.686,22.238
3819,127.3,2.739,2.74,bbox,18.853,20.84,25.686,22.238
3820,127.333,2.75,2.742,bbox,18.853,20.84,25.686,22.238
3821,127.367,2.759,2.742,bbox,18.853,20.887,25.686,22.238
3822,127.4,2.807,2.75,bbox,18.853,20.887,25.686,22.238
3823,127.433,2.909,2.759,bbox,18.853,20.923,25.686,22.238
3824,127.467,2.991,2.807,bbox,18.853,21.009,25.686,22.238
3825,127.5,3.836,2.909,pose,18.853,21.009,25.686,22.27
3826,127.533,3.125,2.991,bbox,18.853,21.044,25.686,22.27
3827,127.567,3.166,3.125,bbox,18.853,21.089,25.686,22.27
3828,127.6,3.219,3.166,pose,18.853,21.089,25.686,22.27
3829,127.633,3.158,3.166,bbox,18.853,21.089,25.686,22.27
3830,127.667,3.141,3.158,bbox,18.853,21.089,25.686,22.27
3831,127.7,3.058,3.158,pose,18.853,21.089,25.686,22.27
3832,127.733,3.053,3.141,bbox,18.853,21.089,25.686,22.27
3833,127.767,2.987,3.058,bbox,18.853,21.089,25.686,22.27
3834,127.8,2.929,3.053,bbox,18.853,21.089,25.721,22.27
3835,127.833,2.893,2.987,bbox,18.853,21.089,25.721,22.27
3836,127.867,2.821,2.929,bbox,18.853,21.089,25.77,22.27
3837,127.9,2.799,2.893,bbox,18.853,21.089,25.815,22.27
3838,127.933,2.841,2.841,bbox,18.853,21.089,25.889,22.27
3839,127.967,2.901,2.841,bbox,18.853,21.089,25.889,22.27
3840,128.0,2.744,2.821,pose,18.853,21.089,25.889,22.27
3841,128.033,2.856,2.841,bbox,18.853,21.089,25.889,22.27
3842,128.067,2.875,2.856,bbox,18.853,21.089,25.889,22.27
3843,128.1,2.826,2.856,bbox,18.853,21.089,25.956,22.27
3844,128.133,2.761,2.826,bbox,18.853,21.089,25.99,22.27
3845,128.167,2.73,2.826,bbox,18.853,21.089,26.041,22.27
3846,128.2,2.585,2.761,bbox,18.853,21.089,26.155,22.27
3847,128.233,,,,18.853,21.089,26.155,22.27
3848,128.267,,,,18.853,21.089,26.155,22.27
3849,128.3,2.538,2.73,bbox,18.853,21.089,26.223,22.27
3850,128.333,2.526,2.585,bbox,18.853,21.089,26.286,22.27
3851,128.367,,,,18.853,21.089,26.286,22.27
3852,128.4,2.169,2.538,bbox,18.853,21.089,26.286,22.27
3853,128.433,2.104,2.526,bbox,18.94,21.089,26.358,22.27
3854,128.467,2.065,2.169,bbox,19.016,21.089,26.358,22.27
3855,128.5,2.053,2.104,bbox,19.016,21.089,26.358,22.27
3856,128.533,2.043,2.065,bbox,19.016,21.089,26.358,22.27
3857,128.567,2.032,2.053,bbox,19.016,21.089,26.358,22.27
3858,128.6,,,,19.016,21.089,26.358,22.27
3859,128.633,,,,19.016,21.089,26.358,22.27
3860,128.667,1.647,2.043,bbox,19.016,21.089,26.358,22.27
3861,128.7,,,,19.016,21.089,26.358,22.27
3862,128.733,1.683,2.032,bbox,19.016,21.089,26.358,22.27
3863,128.767,2.49,2.032,bbox,19.016,21.089,26.358,22.27
3864,128.8,2.71,2.032,bbox,19.016,21.089,26.358,22.27
3865,128.833,2.847,2.49,bbox,19.016,21.089,26.358,22.27
3866,128.867,2.937,2.71,bbox,19.016,21.221,26.358,22.325
3867,128.9,3.078,2.847,bbox,19.016,21.327,26.358,22.421
3868,128.933,3.093,2.937,bbox,19.016,21.371,26.358,22.481
3869,128.967,3.159,3.078,bbox,19.016,21.451,26.358,22.521
3870,129.0,3.166,3.093,bbox,19.016,21.451,26.358,22.557
3871,129.033,3.212,3.159,bbox,19.016,21.451,26.358,22.598
3872,129.067,3.158,3.159,bbox,19.016,21.489,26.358,22.598
3873,129.1,2.466,3.159,pose,19.016,21.489,26.358,22.598
3874,129.133,3.268,3.166,bbox,19.016,21.543,26.358,22.598
3875,129.167,3.338,3.212,bbox,19.016,21.573,26.358,22.687
3876,129.2,3.441,3.268,bbox,19.016,21.573,26.358,22.751
3877,129.233,3.495,3.338,bbox,19.016,21.627,26.358,22.825
3878,129.267,3.542,3.441,bbox,19.016,21.627,26.358,22.825
3879,129.3,2.31,3.441,bbox,19.016,21.627,26.358,22.91
3880,129.333,2.294,3.441,bbox,19.016,21.694,26.358,22.91
3881,129.367,3.588,3.495,bbox,19.016,21.694,26.358,22.91
3882,129.4,3.69,3.542,bbox,19.016,21.694,26.358,22.91
3883,129.433,,,,19.016,21.694,26.358,22.91
3884,129.467,3.898,3.588,bbox,19.016,21.694,26.358,22.943
3885,129.5,,,,19.016,21.694,26.358,22.943
3886,129.533,,,,19.016,21.694,26.358,22.943
3887,129.567,4.093,3.69,bbox,19.016,21.753,26.358,22.988
3888,129.6,4.064,3.898,pose,19.016,21.815,26.358,23.115
3889,129.633,4.173,4.064,bbox,19.016,21.858,26.358,23.227
3890,129.667,4.244,4.093,bbox,19.016,21.907,26.358,23.227
3891,129.7,,,,19.016,21.907,26.358,23.227
3892,129.733,,,,19.016,21.907,26.358,23.227
3893,129.767,4.448,4.173,bbox,19.016,21.949,26.358,23.227
3894,129.8,4.506,4.244,pose,19.016,22.021,26.358,23.273
3895,129.833,4.675,4.448,bbox,19.016,22.057,26.358,23.399
3896,129.867,4.865,4.506,bbox,19.016,22.124,26.358,23.399
3897,129.9,4.995,4.675,bbox,19.016,22.124,26.358,23.457
3898,129.933,5.142,4.865,bbox,19.016,22.18,26.358,23.5
3899,129.967,5.212,4.995,bbox,19.016,22.18,26.358,23.593
3900,130.0,5.308,5.142,bbox,19.016,22.247,26.358,23.659
3901,130.033,5.427,5.212,bbox,19.016,22.247,26.358,23.691
3902,130.067,5.466,5.308,bbox,19.016,22.247,26.358,23.691
3903,130.1,5.101,5.308,pose,19.016,22.247,26.358,23.761
3904,130.133,5.608,5.427,bbox,19.016,22.247,26.358,23.808
3905,130.167,5.687,5.466,bbox,19.016,22.292,26.358,23.808
3906,130.2,5.785,5.608,bbox,19.016,22.292,26.358,23.858
3907,130.233,5.843,5.687,bbox,19.016,22.292,26.358,23.904
3908,130.267,5.935,5.785,bbox,19.016,22.292,26.358,24.005
3909,130.3,5.582,5.785,pose,19.016,22.326,26.358,24.005
3910,130.333,6.038,5.843,bbox,19.016,22.326,26.358,24.042
3911,130.367,3.132,5.843,bbox,19.016,22.326,26.358,24.126
3912,130.4,3.099,5.582,pose,19.016,22.326,26.358,24.126
3913,130.433,3.265,3.265,bbox,19.016,22.326,26.358,24.2
3914,130.467,6.383,3.265,bbox,19.016,22.326,26.358,24.303
3915,130.5,,,,19.016,22.326,26.358,24.303
3916,130.533,6.508,3.265,bbox,19.016,22.326,26.358,24.345
3917,130.567,6.587,6.383,bbox,19.016,22.326,26.358,24.408
3918,130.6,6.593,6.508,bbox,19.016,22.425,26.358,24.501
3919,130.633,6.637,6.587,bbox,19.016,22.425,26.358,24.501
3920,130.667,6.706,6.593,bbox,19.016,22.425,26.358,24.501
3921,130.7,6.704,6.637,bbox,19.016,22.425,26.358,24.501
3922,130.733,6.665,6.665,bbox,19.016,22.461,26.358,24.501
3923,130.767,6.761,6.704,bbox,19.016,22.461,26.358,24.501
3924,130.8,6.848,6.706,bbox,19.016,22.461,26.358,24.501
3925,130.833,6.949,6.761,bbox,19.016,22.531,26.358,24.501
3926,130.867,7.145,6.848,bbox,19.016,22.531,26.358,24.501
3927,130.9,6.937,6.937,bbox,19.016,22.531,26.358,24.501
3928,130.933,6.937,6.937,bbox,19.016,22.531,26.358,24.501
3929,130.967,6.959,6.949,bbox,19.016,22.531,26.358,24.501
3930,131.0,7.024,6.959,bbox,19.016,22.531,26.358,24.501
3931,131.033,7.072,6.959,bbox,19.016,22.531,26.358,24.501
3932,131.067,7.158,7.024,bbox,19.016,22.561,26.358,24.501
3933,131.1,7.132,7.072,pose,19.016,22.598,26.358,24.501
3934,131.133,5.338,7.072,bbox,19.016,22.629,26.358,24.501
3935,131.167,5.413,7.072,bbox,19.016,22.695,26.358,24.501
3936,131.2,5.292,5.413,pose,19.016,22.695,26.358,24.501
3937,131.233,5.447,5.413,bbox,19.016,22.735,26.358,24.501
3938,131.267,5.481,5.413,bbox,19.016,22.735,26.358,24.501
3939,131.3,5.35,5.413,pose,19.016,22.735,26.358,24.501
3940,131.333,7.458,5.447,bbox,19.016,22.735,26.358,24.501
3941,131.367,7.523,5.481,bbox,19.016,22.735,26.358,24.501
3942,131.4,5.283,5.481,pose,19.016,22.735,26.358,24.501
3943,131.433,5.678,5.678,bbox,19.016,22.735,26.358,24.501
3944,131.467,5.727,5.727,bbox,19.016,22.735,26.358,24.501
3945,131.5,5.365,5.678,pose,19.016,22.735,26.358,24.501
3946,131.533,7.565,5.678,bbox,19.016,22.791,26.358,24.501
3947,131.567,7.57,5.727,bbox,19.016,22.791,26.358,24.501
3948,131.6,5.332,5.727,pose,19.016,22.822,26.358,24.501
3949,131.633,5.759,5.759,bbox,19.016,22.886,26.358,24.501
3950,131.667,5.763,5.763,bbox,19.016,22.886,26.358,24.501
3951,131.7,5.404,5.759,pose,19.016,22.886,26.358,24.501
3952,131.733,5.63,5.63,bbox,19.016,22.921,26.358,24.501
3953,131.767,5.561,5.63,bbox,19.016,22.921,26.358,24.501
3954,131.8,5.515,5.561,bbox,19.016,22.921,26.432,24.501
3955,131.833,5.489,5.515,bbox,19.016,22.921,26.475,24.501
3956,131.867,5.434,5.515,bbox,19.016,22.921,26.475,24.501
3957,131.9,5.414,5.489,bbox,19.016,22.921,26.475,24.501
3958,131.933,5.417,5.434,bbox,19.016,22.921,26.475,24.501
3959,131.967,5.343,5.417,bbox,19.016,22.921,26.475,24.501
3960,132.0,5.409,5.414,bbox,19.016,22.921,26.475,24.501
3961,132.033,5.439,5.414,bbox,19.016,22.921,26.475,24.501
3962,132.067,5.455,5.417,bbox,19.016,22.921,26.475,24.501
3963,132.1,5.482,5.439,bbox,19.016,22.921,26.475,24.501
3964,132.133,6.718,5.455,bbox,19.016,22.921,26.475,24.501
3965,132.167,6.737,5.482,bbox,19.016,22.921,26.475,24.501
3966,132.2,6.47,6.47,pose,19.016,22.921,26.475,24.501
3967,132.233,5.693,6.47,bbox,19.016,22.921,26.475,24.501
3968,132.267,,,,19.016,22.921,26.475,24.501
3969,132.3,,,,19.016,22.921,26.475,24.501
3970,132.333,,,,19.016,22.921,26.475,24.501
3971,132.367,,,,19.016,22.921,26.475,24.501
3972,132.4,,,,19.016,22.921,26.475,24.501
3973,132.433,,,,19.016,22.921,26.475,24.501
3974,132.467,,,,19.016,22.921,26.475,24.501
3975,132.5,,,,19.016,22.921,26.475,24.501
3976,132.533,,,,19.016,22.921,26.475,24.501
3977,132.567,,,,19.016,22.921,26.475,24.501
3978,132.6,,,,19.016,22.921,26.475,24.501
3979,132.633,,,,19.016,22.921,26.475,24.501
3980,132.667,,,,19.016,22.921,26.475,24.501
3981,132.7,,,,19.016,22.921,26.475,24.501
3982,132.733,,,,19.016,22.921,26.475,24.501
3983,132.767,,,,19.016,22.921,26.475,24.501
3984,132.8,,,,19.016,22.921,26.475,24.501
3985,132.833,,,,19.016,22.921,26.475,24.501
3986,132.867,6.161,6.47,bbox,19.016,22.921,26.475,24.501
3987,132.9,,,,19.016,22.921,26.475,24.501
3988,132.933,6.239,6.239,bbox,19.016,22.921,26.475,24.501
3989,132.967,6.234,6.234,bbox,19.016,22.982,26.475,24.501
3990,133.0,6.208,6.208,bbox,19.016,22.982,26.475,24.501
3991,133.033,6.222,6.222,bbox,19.016,22.982,26.475,24.501
3992,133.067,6.291,6.234,bbox,19.016,22.982,26.475,24.501
3993,133.1,6.255,6.234,bbox,19.016,22.982,26.515,24.501
3994,133.133,1.534,6.222,bbox,19.016,22.982,26.554,24.501
3995,133.167,,,,19.016,22.982,26.554,24.501
3996,133.2,,,,19.016,22.982,26.554,24.501
3997,133.233,,,,19.016,22.982,26.554,24.501
3998,133.267,,,,19.016,22.982,26.554,24.501
3999,133.3,,,,19.016,22.982,26.554,24.501
4000,133.333,,,,19.016,22.982,26.554,24.501
4001,133.367,,,,19.016,22.982,26.554,24.501
4002,133.4,,,,19.016,22.982,26.554,24.501
4003,133.433,,,,19.016,22.982,26.554,24.501
4004,133.467,,,,19.016,22.982,26.554,24.501
4005,133.5,,,,19.016,22.982,26.554,24.501
4006,133.533,,,,19.016,22.982,26.554,24.501
4007,133.567,,,,19.016,22.982,26.554,24.501
4008,133.6,,,,19.016,22.982,26.554,24.501
4009,133.633,,,,19.016,22.982,26.554,24.501
4010,133.667,,,,19.016,22.982,26.554,24.501
4011,133.7,,,,19.016,22.982,26.554,24.501
4012,133.733,,,,19.016,22.982,26.554,24.501
4013,133.767,,,,19.016,22.982,26.554,24.501
4014,133.8,,,,19.016,22.982,26.554,24.501
4015,133.833,,,,19.016,22.982,26.554,24.501
4016,133.867,,,,19.016,22.982,26.554,24.501
4017,133.9,,,,19.016,22.982,26.554,24.501
4018,133.933,,,,19.016,22.982,26.554,24.501
4019,133.967,,,,19.016,22.982,26.554,24.501
4020,134.0,,,,19.016,22.982,26.554,24.501
4021,134.033,,,,19.016,22.982,26.554,24.501
4022,134.067,,,,19.016,22.982,26.554,24.501
4023,134.1,,,,19.016,22.982,26.554,24.501
4024,134.133,,,,19.016,22.982,26.554,24.501
4025,134.167,0.616,6.222,bbox,19.016,22.982,26.554,24.501
4026,134.2,1.045,1.534,pose,19.016,22.982,26.608,24.501
4027,134.233,0.647,1.045,bbox,19.016,22.982,26.608,24.501
4028,134.267,0.645,0.647,bbox,19.016,22.982,26.666,24.501
4029,134.3,0.957,0.647,pose,19.016,22.982,26.666,24.501
4030,134.333,0.642,0.647,bbox,19.016,22.982,26.666,24.501
4031,134.367,0.64,0.645,bbox,19.016,22.982,26.666,24.501
4032,134.4,1.177,0.645,pose,19.016,22.982,26.666,24.501
4033,134.433,0.636,0.642,bbox,19.016,22.982,26.666,24.501
4034,134.467,0.628,0.64,bbox,19.016,22.982,26.666,24.501
4035,134.5,1.13,0.64,pose,19.016,22.982,26.666,24.501
4036,134.533,0.694,0.694,bbox,19.016,22.982,26.666,24.501
4037,134.567,0.634,0.636,bbox,19.016,22.982,26.666,24.501
4038,134.6,3.689,0.694,pose,19.016,22.982,26.666,24.501
4039,134.633,0.584,0.694,bbox,19.016,22.982,26.666,24.501
4040,134.667,0.592,0.634,bbox,19.016,22.982,26.666,24.501
4041,134.7,0.642,0.634,pose,19.016,22.982,26.666,24.501
4042,134.733,0.58,0.592,bbox,19.016,22.982,26.666,24.501
4043,134.767,0.582,0.584,bbox,19.016,22.982,26.666,24.501
4044,134.8,2.86,0.592,pose,19.016,22.982,26.666,24.501
4045,134.833,0.577,0.582,bbox,19.016,22.982,26.666,24.501
4046,134.867,0.568,0.58,bbox,19.016,22.982,26.666,24.501
4047,134.9,2.099,0.582,pose,19.016,22.982,26.666,24.501
4048,134.933,0.557,0.577,bbox,19.016,22.982,26.666,24.501
4049,134.967,0.549,0.568,bbox,19.016,22.982,26.666,24.501
4050,135.0,1.069,0.568,pose,19.016,22.982,26.666,24.501
4051,135.033,,,,19.016,22.982,26.666,24.501
4052,135.067,,,,19.016,22.982,26.666,24.501
4053,135.1,,,,19.016,22.982,26.666,24.501
4054,135.133,0.459,0.557,bbox,19.016,22.982,26.752,24.501
4055,135.167,0.461,0.549,bbox,19.016,22.982,26.752,24.501
4056,135.2,0.744,0.549,pose,19.016,22.982,26.752,24.501
4057,135.233,,,,19.016,22.982,26.752,24.501
4058,135.267,0.438,0.461,bbox,19.016,22.982,26.752,24.501
4059,135.3,,,,19.016,22.982,26.752,24.501
4060,135.333,,,,19.016,22.982,26.752,24.501
4061,135.367,,,,19.016,22.982,26.752,24.501
4062,135.4,,,,19.016,22.982,26.752,24.501
4063,135.433,,,,19.016,22.982,26.752,24.501
4064,135.467,,,,19.016,22.982,26.752,24.501
4065,135.5,,,,19.016,22.982,26.752,24.501
4066,135.533,,,,19.016,22.982,26.752,24.501
4067,135.567,,,,19.016,22.982,26.752,24.501
4068,135.6,,,,19.016,22.982,26.752,24.501
4069,135.633,,,,19.016,22.982,26.752,24.501
4070,135.667,,,,19.016,22.982,26.752,24.501
4071,135.7,0.621,0.461,pose,19.016,22.982,26.752,24.501
4072,135.733,1.334,0.621,bbox,19.016,22.982,26.752,24.501
4073,135.767,1.336,0.744,bbox,19.016,22.982,26.752,24.501
4074,135.8,0.914,0.914,pose,19.016,22.982,26.752,24.501
4075,135.833,1.348,1.334,bbox,19.016,22.982,26.752,24.501
4076,135.867,1.329,1.334,bbox,19.016,22.982,26.752,24.501
4077,135.9,0.602,1.329,pose,19.016,22.982,26.752,24.501
4078,135.933,1.384,1.329,bbox,19.016,22.982,26.752,24.501
4079,135.967,1.394,1.348,bbox,19.016,22.982,26.752,24.501
4080,136.0,0.963,1.329,pose,19.016,22.982,26.752,24.501
4081,136.033,1.394,1.384,bbox,19.016,22.982,26.752,24.501
4082,136.067,1.396,1.394,bbox,19.016,22.982,26.752,24.501
4083,136.1,0.637,1.394,pose,19.016,22.982,26.752,24.501
4084,136.133,1.385,1.385,bbox,19.016,22.982,26.752,24.501
4085,136.167,1.345,1.385,bbox,19.016,22.982,26.752,24.501
4086,136.2,1.002,1.345,pose,19.016,22.982,26.752,24.501
4087,136.233,1.316,1.316,bbox,19.016,22.982,26.752,24.501
4088,136.267,1.316,1.316,bbox,19.016,22.982,26.752,24.501
4089,136.3,0.569,1.316,pose,19.016,22.982,26.752,24.501
4090,136.333,1.316,1.316,bbox,19.016,22.982,26.752,24.501
4091,136.367,1.388,1.316,bbox,19.016,22.982,26.752,24.533
4092,136.4,0.847,1.316,pose,19.016,22.982,26.752,24.533
4093,136.433,1.37,1.316,bbox,19.016,22.982,26.752,24.533
4094,136.467,,,,19.016,22.982,26.752,24.533
4095,136.5,,,,19.016,22.982,26.752,24.533
4096,136.533,,,,19.016,22.982,26.752,24.533
4097,136.567,,,,19.016,22.982,26.752,24.533
4098,136.6,,,,19.016,22.982,26.752,24.533
4099,136.633,0.409,1.316,bbox,19.016,22.982,26.752,24.533
4100,136.667,0.432,0.847,bbox,19.016,22.982,26.752,24.533
4101,136.7,1.256,0.847,pose,19.016,22.982,26.752,24.533
4102,136.733,0.464,0.464,bbox,19.016,22.982,26.752,24.607
4103,136.767,0.48,0.464,bbox,19.016,22.982,26.752,24.607
4104,136.8,0.494,0.48,bbox,19.016,22.982,26.752,24.607
4105,136.833,0.498,0.494,bbox,19.016,22.982,26.752,24.648
4106,136.867,0.507,0.494,bbox,19.016,22.982,26.752,24.648
4107,136.9,0.503,0.498,bbox,19.016,22.982,26.752,24.648
4108,136.933,0.5,0.5,bbox,19.016,22.982,26.752,24.648
4109,136.967,0.499,0.5,bbox,19.016,22.982,26.752,24.648
4110,137.0,2.742,0.503,pose,19.016,22.982,26.752,24.648
4111,137.033,0.544,0.503,bbox,19.016,22.982,26.752,24.648
4112,137.067,0.579,0.544,bbox,19.016,22.982,26.752,24.648
4113,137.1,,,,19.016,22.982,26.752,24.648
4114,137.133,6.609,0.579,bbox,19.016,22.982,26.752,24.648
4115,137.167,,,,19.016,22.982,26.752,24.648
4116,137.2,,,,19.016,22.982,26.752,24.648
4117,137.233,,,,19.016,22.982,26.752,24.648
4118,137.267,,,,19.016,22.982,26.752,24.648
4119,137.3,,,,19.016,22.982,26.752,24.648
4120,137.333,,,,19.016,22.982,26.752,24.648
4121,137.367,,,,19.016,22.982,26.752,24.648
4122,137.4,,,,19.016,22.982,26.752,24.648
4123,137.433,,,,19.016,22.982,26.752,24.648
4124,137.467,,,,19.016,22.982,26.752,24.648
4125,137.5,,,,19.016,22.982,26.752,24.648
4126,137.533,,,,19.016,22.982,26.752,24.648
4127,137.567,,,,19.016,22.982,26.752,24.648
4128,137.6,,,,19.016,22.982,26.752,24.648
4129,137.633,,,,19.016,22.982,26.752,24.648
4130,137.667,,,,19.016,22.982,26.752,24.648
4131,137.7,,,,19.016,22.982,26.752,24.648
4132,137.733,,,,19.016,22.982,26.752,24.648
4133,137.767,,,,19.016,22.982,26.752,24.648
4134,137.8,,,,19.016,22.982,26.752,24.648
4135,137.833,,,,19.016,22.982,26.752,24.648
4136,137.867,,,,19.016,22.982,26.752,24.648
4137,137.9,,,,19.016,22.982,26.752,24.648
4138,137.933,,,,19.016,22.982,26.752,24.648
4139,137.967,,,,19.016,22.982,26.752,24.648
4140,138.0,,,,19.016,22.982,26.752,24.648
4141,138.033,,,,19.016,22.982,26.752,24.648
4142,138.067,,,,19.016,22.982,26.752,24.648
4143,138.1,,,,19.016,22.982,26.752,24.648
4144,138.133,,,,19.016,22.982,26.752,24.648
4145,138.167,5.447,2.742,bbox,19.016,22.982,26.752,24.648
4146,138.2,5.51,5.447,bbox,19.016,22.982,26.752,24.648
4147,138.233,5.459,5.459,bbox,19.016,22.982,26.752,24.713
4148,138.267,5.508,5.508,bbox,19.016,23.032,26.752,24.713
4149,138.3,5.024,5.459,pose,19.016,23.032,26.752,24.713
4150,138.333,5.43,5.459,bbox,19.016,23.032,26.752,24.713
4151,138.367,5.37,5.43,bbox,19.016,23.032,26.752,24.713
4152,138.4,5.352,5.37,bbox,19.016,23.032,26.752,24.713
4153,138.433,5.367,5.367,bbox,19.016,23.032,26.752,24.713
4154,138.467,5.35,5.367,bbox,19.016,23.032,26.752,24.713
4155,138.5,5.28,5.352,pose,19.016,23.032,26.752,24.713
4156,138.533,5.354,5.352,bbox,19.016,23.032,26.752,24.713
4157,138.567,1.484,5.35,bbox,19.016,23.032,26.752,24.713
4158,138.6,,,,19.016,23.032,26.752,24.713
4159,138.633,,,,19.016,23.032,26.752,24.713
4160,138.667,,,,19.016,23.032,26.752,24.713
4161,138.7,,,,19.016,23.032,26.752,24.713
4162,138.733,,,,19.016,23.032,26.752,24.713
4163,138.767,,,,19.016,23.032,26.752,24.713
4164,138.8,,,,19.016,23.032,26.752,24.713
4165,138.833,,,,19.016,23.032,26.752,24.713
4166,138.867,5.492,5.35,bbox,19.016,23.032,26.787,24.713
4167,138.9,5.682,5.354,bbox,19.016,23.032,26.787,24.713
4168,138.933,5.756,5.492,bbox,19.016,23.032,26.787,24.713
4169,138.967,5.805,5.682,bbox,19.016,23.032,26.787,24.819
4170,139.0,5.352,5.682,bbox,19.016,23.032,26.787,24.819
4171,139.033,5.625,5.682,bbox,19.016,23.032,26.787,24.819
4172,139.067,5.644,5.644,bbox,19.016,23.032,26.787,24.819
4173,139.1,5.69,5.644,bbox,19.059,23.032,26.787,24.819
4174,139.133,5.667,5.644,bbox,19.059,23.032,26.787,24.819
4175,139.167,5.634,5.644,bbox,19.059,23.032,26.787,24.819
4176,139.2,5.614,5.644,bbox,19.059,23.032,26.787,24.819
4177,139.233,5.574,5.634,bbox,19.059,23.032,26.787,24.819
4178,139.267,5.569,5.614,bbox,19.059,23.032,26.787,24.819
4179,139.3,5.555,5.574,bbox,19.059,23.032,26.787,24.819
4180,139.333,5.551,5.569,bbox,19.059,23.032,26.787,24.819
4181,139.367,5.555,5.555,bbox,19.059,23.032,26.787,24.819
4182,139.4,5.474,5.555,pose,19.059,23.032,26.787,24.819
4183,139.433,5.539,5.551,bbox,19.059,23.032,26.787,24.819
4184,139.467,5.545,5.545,bbox,19.059,23.032,26.787,24.819
4185,139.5,5.537,5.539,bbox,19.059,23.032,26.787,24.819
4186,139.533,5.55,5.539,bbox,19.059,23.032,26.787,24.819
4187,139.567,5.577,5.545,bbox,19.059,23.032,26.787,24.819
4188,139.6,5.584,5.55,bbox,19.059,23.032,26.787,24.819
4189,139.633,1.958,5.55,bbox,19.059,23.032,26.787,24.819
4190,139.667,,,,19.059,23.032,26.787,24.819
4191,139.7,,,,19.059,23.032,26.787,24.819
4192,139.733,,,,19.059,23.032,26.787,24.819
4193,139.767,,,,19.059,23.032,26.787,24.819
4194,139.8,,,,19.059,23.032,26.787,24.819
4195,139.833,,,,19.059,23.032,26.787,24.819
4196,139.867,,,,19.059,23.032,26.787,24.819
4197,139.9,,,,19.059,23.032,26.787,24.819
4198,139.933,,,,19.059,23.032,26.787,24.819
4199,139.967,,,,19.059,23.032,26.787,24.819
4200,140.0,,,,19.059,23.032,26.787,24.819
4201,140.033,,,,19.059,23.032,26.787,24.819
4202,140.067,,,,19.059,23.032,26.787,24.819
4203,140.1,,,,19.059,23.032,26.787,24.819
4204,140.133,,,,19.059,23.032,26.787,24.819
4205,140.167,,,,19.059,23.032,26.787,24.819
4206,140.2,,,,19.059,23.032,26.787,24.819
4207,140.233,,,,19.059,23.032,26.787,24.819
4208,140.267,,,,19.059,23.032,26.787,24.819
4209,140.3,,,,19.059,23.032,26.787,24.819
4210,140.333,,,,19.059,23.032,26.787,24.819
4211,140.367,,,,19.059,23.032,26.787,24.819
4212,140.4,,,,19.059,23.032,26.787,24.819
4213,140.433,,,,19.059,23.032,26.787,24.819
4214,140.467,,,,19.059,23.032,26.787,24.819
4215,140.5,,,,19.059,23.032,26.787,24.819
4216,140.533,,,,19.059,23.032,26.787,24.819
4217,140.567,5.251,5.55,bbox,19.059,23.032,26.787,24.819
4218,140.6,5.172,5.251,pose,19.059,23.032,26.834,24.819
4219,140.633,5.308,5.251,bbox,19.059,23.163,26.834,24.819
4220,140.667,5.364,5.251,bbox,19.059,23.163,26.834,24.819
4221,140.7,5.275,5.275,pose,19.059,23.163,26.834,24.819
4222,140.733,5.385,5.308,bbox,19.059,23.163,26.834,24.819
4223,140.767,5.435,5.364,bbox,19.059,23.163,26.834,24.819
4224,140.8,6.644,5.385,pose,19.059,23.163,26.834,24.819
4225,140.833,2.067,5.385,bbox,19.059,23.163,26.834,24.819
4226,140.867,,,,19.059,23.163,26.834,24.819
4227,140.9,,,,19.059,23.163,26.834,24.819
4228,140.933,,,,19.059,23.163,26.834,24.819
4229,140.967,,,,19.059,23.163,26.834,24.819
4230,141.0,,,,19.059,23.163,26.834,24.819
4231,141.033,,,,19.059,23.163,26.834,24.819
4232,141.067,,,,19.059,23.163,26.834,24.819
4233,141.1,,,,19.059,23.163,26.834,24.819
4234,141.133,,,,19.059,23.163,26.834,24.819
4235,141.167,,,,19.059,23.163,26.834,24.819
4236,141.2,,,,19.059,23.163,26.834,24.819
4237,141.233,,,,19.059,23.163,26.834,24.819
4238,141.267,,,,19.059,23.163,26.834,24.819
4239,141.3,,,,19.059,23.163,26.834,24.819
4240,141.333,,,,19.059,23.163,26.834,24.819
4241,141.367,,,,19.059,23.163,26.834,24.819
4242,141.4,,,,19.059,23.163,26.834,24.819
4243,141.433,,,,19.059,23.163,26.834,24.819
4244,141.467,,,,19.059,23.163,26.834,24.819
4245,141.5,,,,19.059,23.163,26.834,24.819
4246,141.533,,,,19.059,23.163,26.834,24.819
4247,141.567,,,,19.059,23.163,26.834,24.819
4248,141.6,,,,19.059,23.163,26.834,24.819
4249,141.633,,,,19.059,23.163,26.834,24.819
4250,141.667,,,,19.059,23.163,26.834,24.819
4251,141.7,,,,19.059,23.163,26.834,24.819
4252,141.733,,,,19.059,23.163,26.834,24.819
4253,141.767,,,,19.059,23.163,26.834,24.819
4254,141.8,,,,19.059,23.163,26.834,24.819
4255,141.833,,,,19.059,23.163,26.834,24.819
4256,141.867,5.508,5.435,bbox,19.059,23.163,26.834,24.819
4257,141.9,5.283,5.435,pose,19.059,23.163,26.834,24.819
4258,141.933,5.405,5.405,bbox,19.059,23.303,26.834,24.819
4259,141.967,5.407,5.405,bbox,19.059,23.35,26.834,24.819
4260,142.0,5.18,5.405,pose,19.059,23.35,26.834,24.819
4261,142.033,5.352,5.352,bbox,19.059,23.35,26.834,24.819
4262,142.067,5.334,5.352,bbox,19.059,23.35,26.834,24.819
4263,142.1,5.128,5.334,pose,19.059,23.35,26.834,24.819
4264,142.133,5.375,5.334,bbox,19.059,23.35,26.834,24.819
4265,142.167,5.39,5.352,bbox,19.059,23.35,26.834,24.819
4266,142.2,5.177,5.334,pose,19.059,23.35,26.834,24.819
4267,142.233,5.496,5.375,bbox,19.059,23.35,26.834,24.819
4268,142.267,5.553,5.39,bbox,19.059,23.35,26.834,24.819
4269,142.3,5.319,5.39,pose,19.059,23.35,26.834,24.819
4270,142.333,5.573,5.496,bbox,19.059,23.35,26.834,24.819
4271,142.367,5.609,5.553,bbox,19.059,23.388,26.834,24.819
4272,142.4,5.372,5.553,pose,19.059,23.388,26.834,24.819
4273,142.433,5.669,5.573,bbox,19.059,23.423,26.834,24.819
4274,142.467,5.678,5.609,bbox,19.059,23.423,26.834,24.819
4275,142.5,5.369,5.609,pose,19.059,23.423,26.834,24.819
4276,142.533,5.681,5.669,bbox,19.059,23.423,26.834,24.819
4277,142.567,5.785,5.678,bbox,19.059,23.423,26.834,24.819
4278,142.6,5.847,5.681,bbox,19.059,23.423,26.834,24.819
4279,142.633,5.824,5.785,bbox,19.059,23.423,26.834,24.819
4280,142.667,2.706,5.785,bbox,19.059,23.423,26.834,24.819
4281,142.7,2.744,5.785,bbox,19.059,23.532,26.834,24.819
4282,142.733,,,,19.059,23.532,26.834,24.819
4283,142.767,2.742,2.744,bbox,19.059,23.532,26.834,24.819
4284,142.8,2.755,2.744,bbox,19.059,23.532,26.834,24.819
4285,142.833,,,,19.059,23.532,26.834,24.819
4286,142.867,,,,19.059,23.532,26.834,24.819
4287,142.9,,,,19.059,23.532,26.834,24.819
4288,142.933,,,,19.059,23.532,26.834,24.819
4289,142.967,,,,19.059,23.532,26.834,24.819
4290,143.0,,,,19.059,23.532,26.834,24.819
4291,143.033,,,,19.059,23.532,26.834,24.819
4292,143.067,,,,19.059,23.532,26.834,24.819
4293,143.1,,,,19.059,23.532,26.834,24.819
4294,143.133,,,,19.059,23.532,26.834,24.819
4295,143.167,,,,19.059,23.532,26.834,24.819
4296,143.2,,,,19.059,23.532,26.834,24.819
4297,143.233,,,,19.059,23.532,26.834,24.819
4298,143.267,,,,19.059,23.532,26.834,24.819
4299,143.3,,,,19.059,23.532,26.834,24.819
4300,143.333,,,,19.059,23.532,26.834,24.819
4301,143.367,3.194,2.744,bbox,19.059,23.564,26.875,24.819
4302,143.4,,,,19.059,23.564,26.875,24.819
4303,143.433,,,,19.059,23.564,26.875,24.819
4304,143.467,,,,19.059,23.564,26.875,24.819
4305,143.5,,,,19.059,23.564,26.875,24.819
4306,143.533,,,,19.059,23.564,26.875,24.819
4307,143.567,,,,19.059,23.564,26.875,24.819
4308,143.6,,,,19.059,23.564,26.875,24.819
4309,143.633,,,,19.059,23.564,26.875,24.819
4310,143.667,,,,19.059,23.564,26.875,24.819
4311,143.7,,,,19.059,23.564,26.875,24.819
4312,143.733,,,,19.059,23.564,26.875,24.819
4313,143.767,,,,19.059,23.564,26.875,24.819
4314,143.8,,,,19.059,23.564,26.875,24.819
4315,143.833,,,,19.059,23.564,26.875,24.819
4316,143.867,,,,19.059,23.564,26.875,24.819
4317,143.9,,,,19.059,23.564,26.875,24.819
4318,143.933,,,,19.059,23.564,26.875,24.819
4319,143.967,,,,19.059,23.564,26.875,24.819
4320,144.0,,,,19.059,23.564,26.875,24.819
4321,144.033,,,,19.059,23.564,26.875,24.819
4322,144.067,,,,19.059,23.564,26.875,24.819
4323,144.1,,,,19.059,23.564,26.875,24.819
4324,144.133,,,,19.059,23.564,26.875,24.819
4325,144.167,,,,19.059,23.564,26.875,24.819
4326,144.2,,,,19.059,23.564,26.875,24.819
4327,144.233,,,,19.059,23.564,26.875,24.819
4328,144.267,,,,19.059,23.564,26.875,24.819
4329,144.3,,,,19.059,23.564,26.875,24.819
4330,144.333,,,,19.059,23.564,26.875,24.819
4331,144.367,,,,19.059,23.564,26.875,24.819
4332,144.4,7.95,2.755,bbox,19.059,23.564,26.875,24.819
4333,144.433,8.004,3.194,bbox,19.059,23.564,26.875,24.855
4334,144.467,8.078,7.95,bbox,19.059,23.564,26.875,24.855
4335,144.5,7.725,7.95,pose,19.059,23.564,26.875,24.855
4336,144.533,8.161,8.004,bbox,19.059,23.564,26.875,24.902
4337,144.567,8.117,8.078,bbox,19.059,23.564,26.875,24.902
4338,144.6,7.073,8.078,pose,19.059,23.564,26.875,24.963
4339,144.633,,,,19.059,23.564,26.875,24.963
4340,144.667,,,,19.059,23.564,26.875,24.963
4341,144.7,,,,19.059,23.564,26.875,24.963
4342,144.733,,,,19.059,23.564,26.875,24.963
4343,144.767,,,,19.059,23.564,26.875,24.963
4344,144.8,,,,19.059,23.564,26.875,24.963
4345,144.833,,,,19.059,23.564,26.875,24.963
4346,144.867,,,,19.059,23.564,26.875,24.963
4347,144.9,,,,19.059,23.564,26.875,24.963
4348,144.933,,,,19.059,23.564,26.875,24.963
4349,144.967,,,,19.059,23.564,26.875,24.963
4350,145.0,,,,19.059,23.564,26.875,24.963
4351,145.033,,,,19.059,23.564,26.875,24.963
4352,145.067,,,,19.059,23.564,26.875,24.963
4353,145.1,,,,19.059,23.564,26.875,24.963
4354,145.133,,,,19.059,23.564,26.875,24.963
4355,145.167,,,,19.059,23.564,26.875,24.963
4356,145.2,,,,19.059,23.564,26.875,24.963
4357,145.233,,,,19.059,23.564,26.875,24.963
4358,145.267,,,,19.059,23.564,26.875,24.963
4359,145.3,7.28,7.725,pose,19.138,23.564,26.875,24.963
4360,145.333,7.711,7.711,bbox,19.138,23.564,26.931,24.963
4361,145.367,6.389,7.28,bbox,19.138,23.564,26.931,24.963
4362,145.4,,,,19.138,23.564,26.931,24.963
4363,145.433,,,,19.138,23.564,26.931,24.963
4364,145.467,,,,19.138,23.564,26.931,24.963
4365,145.5,7.419,7.28,pose,19.138,23.564,26.931,24.963
4366,145.533,7.497,7.419,bbox,19.138,23.564,26.931,24.963
4367,145.567,7.371,7.419,bbox,19.138,23.624,26.965,24.963
4368,145.6,3.566,7.371,pose,19.138,23.624,26.965,24.963
4369,145.633,,,,19.138,23.624,26.965,24.963
4370,145.667,,,,19.138,23.624,26.965,24.963
4371,145.7,,,,19.138,23.624,26.965,24.963
4372,145.733,,,,19.138,23.624,26.965,24.963
4373,145.767,,,,19.138,23.624,26.965,24.963
4374,145.8,,,,19.138,23.624,26.965,24.963
4375,145.833,,,,19.138,23.624,26.965,24.963
4376,145.867,,,,19.138,23.624,26.965,24.963
4377,145.9,,,,19.138,23.624,26.965,24.963
4378,145.933,,,,19.138,23.624,26.965,24.963
4379,145.967,,,,19.138,23.624,26.965,24.963
4380,146.0,,,,19.138,23.624,26.965,24.963
4381,146.033,,,,19.138,23.624,26.965,24.963
4382,146.067,,,,19.138,23.624,26.965,24.963
4383,146.1,,,,19.138,23.624,26.965,24.963
4384,146.133,,,,19.138,23.624,26.965,24.963
4385,146.167,,,,19.138,23.624,26.965,24.963
4386,146.2,,,,19.138,23.624,26.965,24.963
4387,146.233,,,,19.138,23.624,26.965,24.963
4388,146.267,,,,19.138,23.624,26.965,24.963
4389,146.3,,,,19.138,23.624,26.965,24.963
4390,146.333,,,,19.138,23.624,26.965,24.963
4391,146.367,,,,19.138,23.624,26.965,24.963
4392,146.4,,,,19.138,23.624,26.965,24.963
4393,146.433,,,,19.138,23.624,26.965,24.963
4394,146.467,,,,19.138,23.624,26.965,24.963
4395,146.5,,,,19.138,23.624,26.965,24.963
4396,146.533,,,,19.138,23.624,26.965,24.963
4397,146.567,,,,19.138,23.624,26.965,24.963
4398,146.6,,,,19.138,23.624,26.965,24.963
4399,146.633,,,,19.138,23.624,26.965,24.963
4400,146.667,,,,19.138,23.624,26.965,24.963
4401,146.7,,,,19.138,23.624,26.965,24.963
4402,146.733,,,,19.138,23.624,26.965,24.963
4403,146.767,,,,19.138,23.624,26.965,24.963
4404,146.8,,,,19.138,23.624,26.965,24.963
4405,146.833,,,,19.138,23.624,26.965,24.963
4406,146.867,,,,19.138,23.624,26.965,24.963
4407,146.9,,,,19.138,23.624,26.965,24.963
4408,146.933,,,,19.138,23.624,26.965,24.963
4409,146.967,,,,19.138,23.624,26.965,24.963
4410,147.0,,,,19.138,23.624,26.965,24.963
4411,147.033,,,,19.138,23.624,26.965,24.963
4412,147.067,,,,19.138,23.624,26.965,24.963
4413,147.1,,,,19.138,23.624,26.965,24.963
4414,147.133,,,,19.138,23.624,26.965,24.963
4415,147.167,,,,19.138,23.624,26.965,24.963
4416,147.2,,,,19.138,23.624,26.965,24.963
4417,147.233,,,,19.138,23.624,26.965,24.963
4418,147.267,,,,19.138,23.624,26.965,24.963
4419,147.3,,,,19.138,23.624,26.965,24.963
4420,147.333,,,,19.138,23.624,26.965,24.963
4421,147.367,,,,19.138,23.624,26.965,24.963
4422,147.4,,,,19.138,23.624,26.965,24.963
4423,147.433,,,,19.138,23.624,26.965,24.963
4424,147.467,,,,19.138,23.624,26.965,24.963
4425,147.5,,,,19.138,23.624,26.965,24.963
4426,147.533,,,,19.138,23.624,26.965,24.963
4427,147.567,,,,19.138,23.624,26.965,24.963
4428,147.6,4.821,7.371,pose,19.138,23.624,26.965,24.963
4429,147.633,,,,19.138,23.624,26.965,24.963
4430,147.667,,,,19.138,23.624,26.965,24.963
4431,147.7,,,,19.138,23.624,26.965,24.963
4432,147.733,4.542,4.821,bbox,19.138,23.624,26.965,24.963
4433,147.767,4.59,4.59,bbox,19.138,23.624,26.965,24.963
4434,147.8,4.948,4.59,pose,19.25,23.624,26.965,24.963
4435,147.833,4.552,4.59,bbox,19.281,23.624,26.965,24.963
4436,147.867,4.501,4.552,bbox,19.281,23.624,27.022,24.963
4437,147.9,4.482,4.552,bbox,19.281,23.624,27.022,24.963
4438,147.933,4.456,4.501,bbox,19.281,23.624,27.08,24.963
4439,147.967,4.428,4.482,bbox,19.281,23.624,27.08,24.963
4440,148.0,4.429,4.456,bbox,19.281,23.624,27.08,24.963
4441,148.033,4.443,4.443,bbox,19.281,23.624,27.08,24.963
4442,148.067,4.449,4.443,bbox,19.281,23.624,27.08,24.963
4443,148.1,5.174,4.443,pose,19.281,23.624,27.08,24.963
4444,148.133,4.419,4.443,bbox,19.281,23.624,27.08,24.963
4445,148.167,4.438,4.443,bbox,19.281,23.624,27.08,24.963
4446,148.2,4.776,4.449,bbox,19.281,23.624,27.08,24.963
4447,148.233,4.784,4.776,bbox,19.281,23.723,27.08,24.963
4448,148.267,4.444,4.444,bbox,19.406,23.723,27.08,24.963
4449,148.3,4.457,4.457,bbox,19.406,23.798,27.08,24.963
4450,148.333,4.429,4.457,bbox,19.406,23.798,27.08,24.963
4451,148.367,4.425,4.444,bbox,19.48,23.798,27.08,24.963
4452,148.4,4.721,4.444,pose,19.48,23.798,27.08,24.963
4453,148.433,1.852,4.429,bbox,19.48,23.798,27.08,24.963
4454,148.467,,,,19.48,23.798,27.08,24.963
4455,148.5,1.958,4.425,bbox,19.48,23.798,27.131,24.963
4456,148.533,2.064,2.064,bbox,19.48,23.798,27.131,24.963
4457,148.567,1.998,1.998,bbox,19.48,23.798,27.131,25.026
4458,148.6,3.581,1.998,pose,19.48,23.798,27.131,25.104
4459,148.633,5.041,2.064,bbox,19.48,23.798,27.131,25.104
4460,148.667,5.063,3.581,bbox,19.48,23.798,27.131,25.104
4461,148.7,4.387,4.387,bbox,19.48,23.798,27.131,25.104
4462,148.733,4.392,4.392,bbox,19.48,23.798,27.131,25.104
4463,148.767,5.254,5.041,bbox,19.48,23.798,27.131,25.104
4464,148.8,5.236,5.063,bbox,19.48,23.798,27.131,25.104
4465,148.833,5.266,5.236,bbox,19.48,23.798,27.131,25.23
4466,148.867,5.22,5.236,bbox,19.48,23.798,27.131,25.305
4467,148.9,5.194,5.236,bbox,19.48,23.798,27.131,25.348
4468,148.933,5.129,5.22,bbox,19.48,23.798,27.131,25.386
4469,148.967,5.104,5.194,bbox,19.48,23.798,27.131,25.386
4470,149.0,5.129,5.129,bbox,19.48,23.798,27.131,25.386
4471,149.033,5.184,5.129,bbox,19.48,23.798,27.131,25.448
4472,149.067,5.273,5.129,bbox,19.48,23.798,27.131,25.448
4473,149.1,3.625,5.129,pose,19.48,23.798,27.131,25.495
4474,149.133,5.394,5.184,bbox,19.48,23.798,27.131,25.495
4475,149.167,,,,19.48,23.798,27.131,25.495
4476,149.2,5.456,5.273,bbox,19.48,23.798,27.131,25.576
4477,149.233,,,,19.48,23.798,27.131,25.576
4478,149.267,,,,19.48,23.798,27.131,25.576
4479,149.3,5.585,5.394,bbox,19.48,23.798,27.131,25.576
4480,149.333,2.708,5.394,bbox,19.48,23.798,27.131,25.637
4481,149.367,,,,19.48,23.798,27.131,25.637
4482,149.4,,,,19.48,23.798,27.131,25.637
4483,149.433,,,,19.48,23.798,27.131,25.637
4484,149.467,4.33,5.394,bbox,19.48,23.798,27.131,25.637
4485,149.5,4.47,4.47,pose,19.48,23.798,27.131,25.637
4486,149.533,4.302,4.33,bbox,19.48,23.798,27.131,25.637
4487,149.567,4.346,4.33,bbox,19.48,23.798,27.131,25.677
4488,149.6,4.369,4.346,bbox,19.48,23.798,27.131,25.712
4489,149.633,5.992,4.369,bbox,19.48,23.874,27.131,25.712
4490,149.667,4.454,4.369,bbox,19.575,23.874,27.131,25.712
4491,149.7,,,,19.575,23.874,27.131,25.712
4492,149.733,,,,19.575,23.874,27.131,25.712
4493,149.767,4.443,4.443,bbox,19.575,23.874,27.131,25.712
4494,149.8,4.478,4.454,bbox,19.575,23.97,27.131,25.712
4495,149.833,4.461,4.461,bbox,19.67,23.97,27.131,25.712
4496,149.867,4.472,4.461,bbox,19.67,23.97,27.131,25.712
4497,149.9,4.511,4.472,bbox,19.67,23.97,27.131,25.712
4498,149.933,4.53,4.478,bbox,19.67,23.97,27.131,25.712
4499,149.967,4.548,4.511,bbox,19.67,23.97,27.131,25.712
4500,150.0,4.621,4.53,bbox,19.67,23.97,27.131,25.712
4501,150.033,4.629,4.548,bbox,19.67,23.97,27.131,25.712
4502,150.067,4.65,4.621,bbox,19.67,23.97,27.131,25.712
4503,150.1,4.648,4.629,bbox,19.67,23.97,27.131,25.712
4504,150.133,4.594,4.629,bbox,19.67,23.97,27.131,25.712
4505,150.167,4.6,4.629,bbox,19.67,23.97,27.131,25.712
4506,150.2,4.583,4.6,bbox,19.67,23.97,27.131,25.712
4507,150.233,4.639,4.6,bbox,19.67,23.97,27.131,25.712
4508,150.267,4.638,4.6,bbox,19.67,23.97,27.131,25.712
4509,150.3,4.657,4.638,bbox,19.67,23.97,27.131,25.712
4510,150.333,4.67,4.639,bbox,19.67,23.97,27.131,25.712
4511,150.367,4.663,4.657,bbox,19.67,23.97,27.131,25.712
4512,150.4,4.707,4.663,bbox,19.67,23.97,27.131,25.712
4513,150.433,4.704,4.67,bbox,19.67,23.97,27.131,25.712
4514,150.467,4.709,4.704,bbox,19.67,23.97,27.131,25.712
4515,150.5,6.241,4.707,bbox,19.67,23.97,27.131,25.712
4516,150.533,6.232,4.709,bbox,19.67,24.001,27.131,25.712
4517,150.567,6.234,6.232,bbox,19.67,24.001,27.131,25.712
4518,150.6,6.182,6.232,bbox,19.67,24.035,27.131,25.712
4519,150.633,4.636,6.232,bbox,19.67,24.035,27.131,25.712
4520,150.667,4.609,6.182,bbox,19.711,24.035,27.131,25.712
4521,150.7,,,,19.711,24.035,27.131,25.712
4522,150.733,4.606,4.636,bbox,19.711,24.035,27.131,25.712
4523,150.767,4.691,4.636,bbox,19.711,24.035,27.131,25.712
4524,150.8,,,,19.711,24.035,27.131,25.712
4525,150.833,4.741,4.636,bbox,19.711,24.035,27.131,25.712
4526,150.867,6.18,4.691,bbox,19.711,24.035,27.131,25.712
4527,150.9,6.188,4.741,bbox,19.711,24.035,27.131,25.712
4528,150.933,6.154,6.154,bbox,19.711,24.035,27.131,25.712
4529,150.967,6.188,6.18,bbox,19.711,24.035,27.131,25.712
4530,151.0,6.146,6.18,bbox,19.711,24.035,27.131,25.712
4531,151.033,6.141,6.154,bbox,19.711,24.035,27.131,25.712
4532,151.067,4.869,6.146,bbox,19.711,24.035,27.131,25.712
4533,151.1,4.885,6.141,bbox,19.79,24.035,27.131,25.712
4534,151.133,4.88,4.885,bbox,19.79,24.035,27.131,25.712
4535,151.167,4.838,4.88,bbox,19.856,24.035,27.131,25.712
4536,151.2,5.891,4.88,bbox,19.856,24.035,27.131,25.712
4537,151.233,4.837,4.88,bbox,19.856,24.035,27.131,25.712
4538,151.267,,,,19.856,24.035,27.131,25.712
4539,151.3,,,,19.856,24.035,27.131,25.712
4540,151.333,,,,19.856,24.035,27.131,25.712
4541,151.367,,,,19.856,24.035,27.131,25.712
4542,151.4,,,,19.856,24.035,27.131,25.712
4543,151.433,,,,19.856,24.035,27.131,25.712
4544,151.467,,,,19.856,24.035,27.131,25.712
4545,151.5,,,,19.856,24.035,27.131,25.712
4546,151.533,,,,19.856,24.035,27.131,25.712
4547,151.567,,,,19.856,24.035,27.131,25.712
4548,151.6,,,,19.856,24.035,27.131,25.712
4549,151.633,,,,19.856,24.035,27.131,25.712
4550,151.667,,,,19.856,24.035,27.131,25.712
4551,151.7,,,,19.856,24.035,27.131,25.712
4552,151.733,,,,19.856,24.035,27.131,25.712
4553,151.767,,,,19.856,24.035,27.131,25.712
4554,151.8,,,,19.856,24.035,27.131,25.712
4555,151.833,,,,19.856,24.035,27.131,25.712
4556,151.867,,,,19.856,24.035,27.131,25.712
4557,151.9,,,,19.856,24.035,27.131,25.712
4558,151.933,,,,19.856,24.035,27.131,25.712
4559,151.967,,,,19.856,24.035,27.131,25.712
4560,152.0,4.625,4.838,bbox,19.856,24.035,27.131,25.712
4561,152.033,4.604,4.837,bbox,19.856,24.035,27.131,25.712
4562,152.067,4.579,4.625,bbox,19.856,24.035,27.131,25.712
4563,152.1,4.577,4.604,bbox,19.856,24.035,27.176,25.712
4564,152.133,4.616,4.604,bbox,19.915,24.035,27.176,25.712
4565,152.167,4.498,4.579,bbox,19.915,24.035,27.217,25.712
4566,152.2,4.486,4.577,bbox,19.915,24.035,27.217,25.712
4567,152.233,4.479,4.498,bbox,19.915,24.035,27.288,25.712
4568,152.267,4.485,4.486,bbox,19.915,24.035,27.288,25.712
4569,152.3,6.191,4.486,pose,19.915,24.035,27.288,25.712
4570,152.333,,,,19.915,24.035,27.288,25.712
4571,152.367,,,,19.915,24.035,27.288,25.712
4572,152.4,,,,19.915,24.035,27.288,25.712
4573,152.433,4.36,4.485,bbox,19.915,24.035,27.288,25.712
4574,152.467,4.343,4.479,bbox,19.915,24.035,27.288,25.712
4575,152.5,4.342,4.36,bbox,19.915,24.035,27.352,25.712
4576,152.533,4.321,4.343,bbox,19.915,24.035,27.383,25.712
4577,152.567,4.264,4.342,bbox,19.915,24.035,27.429,25.712
4578,152.6,4.217,4.321,bbox,19.915,24.035,27.429,25.712
4579,152.633,4.156,4.264,bbox,19.915,24.035,27.459,25.712
4580,152.667,,,,19.915,24.035,27.459,25.712
4581,152.7,,,,19.915,24.035,27.459,25.712
4582,152.733,,,,19.915,24.035,27.459,25.712
4583,152.767,,,,19.915,24.035,27.459,25.712
4584,152.8,,,,19.915,24.035,27.459,25.712
4585,152.833,,,,19.915,24.035,27.459,25.712
4586,152.867,,,,19.915,24.035,27.459,25.712
4587,152.9,,,,19.915,24.035,27.459,25.712
4588,152.933,4.305,4.264,bbox,19.915,24.035,27.5,25.712
4589,152.967,4.264,4.264,bbox,19.915,24.035,27.5,25.712
4590,153.0,4.242,4.242,bbox,19.915,24.035,27.5,25.712
4591,153.033,4.228,4.242,bbox,19.915,24.035,27.5,25.712
4592,153.067,4.249,4.249,bbox,19.915,24.035,27.5,25.712
4593,153.1,4.24,4.242,bbox,19.915,24.035,27.5,25.712
4594,153.133,4.252,4.242,bbox,19.947,24.035,27.5,25.712
4595,153.167,4.267,4.249,bbox,19.947,24.035,27.5,25.712
4596,153.2,4.316,4.252,bbox,19.947,24.035,27.5,25.712
4597,153.233,4.344,4.267,bbox,19.947,24.035,27.5,25.712
4598,153.267,4.339,4.316,bbox,19.947,24.035,27.5,25.712
4599,153.3,4.353,4.339,bbox,19.947,24.035,27.5,25.712
4600,153.333,4.375,4.344,bbox,19.947,24.035,27.5,25.712
4601,153.367,4.384,4.353,bbox,19.947,24.035,27.5,25.712
4602,153.4,4.384,4.375,bbox,19.947,24.035,27.5,25.712
4603,153.433,4.4,4.384,bbox,19.947,24.035,27.5,25.712
4604,153.467,4.393,4.384,bbox,19.947,24.035,27.5,25.712
4605,153.5,4.413,4.393,bbox,19.947,24.035,27.5,25.712
4606,153.533,,,,19.947,24.035,27.5,25.712
4607,153.567,4.432,4.4,bbox,19.947,24.082,27.5,25.712
4608,153.6,,,,19.947,24.082,27.5,25.712
4609,153.633,,,,19.947,24.082,27.5,25.712
4610,153.667,,,,19.947,24.082,27.5,25.712
4611,153.7,,,,19.947,24.082,27.5,25.712
4612,153.733,,,,19.947,24.082,27.5,25.712
4613,153.767,,,,19.947,24.082,27.5,25.712
4614,153.8,,,,19.947,24.082,27.5,25.712
4615,153.833,4.313,4.4,bbox,19.947,24.082,27.5,25.712
4616,153.867,4.257,4.393,bbox,19.947,24.165,27.5,25.712
4617,153.9,4.243,4.313,bbox,19.947,24.165,27.5,25.712
4618,153.933,4.201,4.257,bbox,19.947,24.165,27.53,25.712
4619,153.967,,,,19.947,24.165,27.53,25.712
4620,154.0,,,,19.947,24.165,27.53,25.712
4621,154.033,4.078,4.243,bbox,19.947,24.165,27.53,25.712
4622,154.067,4.016,4.201,bbox,19.947,24.165,27.565,25.712
4623,154.1,3.992,4.078,bbox,19.947,24.165,27.66,25.712
4624,154.133,3.95,4.016,bbox,19.947,24.165,27.702,25.712
4625,154.167,3.89,3.992,bbox,19.947,24.165,27.737,25.712
4626,154.2,3.884,3.95,bbox,19.947,24.165,27.737,25.712
4627,154.233,3.853,3.89,bbox,19.947,24.165,27.737,25.712
4628,154.267,3.861,3.884,bbox,19.947,24.165,27.737,25.712
4629,154.3,3.864,3.864,bbox,19.947,24.165,27.737,25.712
4630,154.333,3.839,3.861,bbox,19.947,24.165,27.737,25.712
4631,154.367,3.853,3.853,bbox,19.947,24.165,27.737,25.712
4632,154.4,3.964,3.861,pose,19.947,24.165,27.737,25.712
4633,154.433,3.87,3.864,bbox,19.947,24.165,27.737,25.712
4634,154.467,3.869,3.869,bbox,19.947,24.165,27.737,25.712
4635,154.5,3.878,3.87,pose,19.947,24.165,27.737,25.712
4636,154.533,3.861,3.87,bbox,19.947,24.165,27.737,25.712
4637,154.567,3.835,3.869,bbox,19.947,24.165,27.737,25.712
4638,154.6,3.798,3.861,bbox,19.947,24.165,27.784,25.712
4639,154.633,3.761,3.835,bbox,19.947,24.165,27.784,25.712
4640,154.667,3.775,3.798,bbox,19.947,24.165,27.784,25.712
4641,154.7,3.774,3.775,bbox,20.002,24.165,27.784,25.712
4642,154.733,3.748,3.774,bbox,20.002,24.165,27.784,25.712
4643,154.767,3.681,3.761,bbox,20.04,24.165,27.784,25.712
4644,154.8,3.609,3.748,bbox,20.076,24.165,27.827,25.712
4645,154.833,3.552,3.681,bbox,20.13,24.165,27.878,25.712
4646,154.867,3.539,3.609,bbox,20.13,24.165,27.96,25.712
4647,154.9,3.412,3.552,pose,20.13,24.165,28.023,25.712
4648,154.933,3.519,3.539,bbox,20.13,24.165,28.023,25.712
4649,154.967,3.454,3.519,bbox,20.13,24.165,28.023,25.712
4650,155.0,3.383,3.454,bbox,20.13,24.165,28.023,25.712
4651,155.033,3.317,3.412,bbox,20.173,24.165,28.023,25.712
4652,155.067,3.181,3.383,bbox,20.173,24.165,28.023,25.712
4653,155.1,3.099,3.317,bbox,20.173,24.165,28.023,25.712
4654,155.133,3.036,3.181,bbox,20.173,24.165,28.096,25.712
4655,155.167,2.968,3.099,bbox,20.173,24.165,28.163,25.712
4656,155.2,3.471,3.099,pose,20.173,24.165,28.163,25.712
4657,155.233,2.926,3.036,bbox,20.173,24.165,28.203,25.712
4658,155.267,2.944,2.968,bbox,20.173,24.165,28.255,25.712
4659,155.3,3.049,2.968,pose,20.173,24.165,28.255,25.712
4660,155.333,2.959,2.959,bbox,20.173,24.165,28.315,25.712
4661,155.367,2.931,2.944,bbox,20.173,24.165,28.315,25.712
4662,155.4,3.336,2.959,pose,20.173,24.165,28.315,25.712
4663,155.433,2.867,2.959,bbox,20.173,24.165,28.345,25.712
4664,155.467,2.819,2.931,bbox,20.173,24.165,28.345,25.712
4665,155.5,3.448,2.931,pose,20.173,24.165,28.345,25.712
4666,155.533,2.8,2.867,bbox,20.173,24.165,28.345,25.712
4667,155.567,2.774,2.819,bbox,20.173,24.165,28.345,25.712
4668,155.6,2.624,2.8,pose,20.173,24.165,28.345,25.712
4669,155.633,2.843,2.8,bbox,20.173,24.165,28.345,25.712
4670,155.667,2.85,2.8,bbox,20.173,24.165,28.345,25.712
4671,155.7,2.876,2.843,bbox,20.173,24.165,28.345,25.712
4672,155.733,2.876,2.85,bbox,20.173,24.165,28.345,25.712
4673,155.767,2.845,2.85,bbox,20.173,24.165,28.345,25.712
4674,155.8,2.789,2.85,bbox,20.207,24.165,28.345,25.712
4675,155.833,2.675,2.845,bbox,20.207,24.165,28.345,25.712
4676,155.867,2.503,2.789,bbox,20.207,24.165,28.345,25.712
4677,155.9,2.398,2.675,bbox,20.319,24.165,28.345,25.712
4678,155.933,2.432,2.503,bbox,20.383,24.165,28.403,25.712
4679,155.967,2.428,2.432,bbox,20.383,24.165,28.474,25.712
4680,156.0,2.423,2.428,bbox,20.414,24.165,28.511,25.712
4681,156.033,2.429,2.428,bbox,20.414,24.165,28.511,25.712
4682,156.067,2.439,2.429,bbox,20.414,24.165,28.511,25.712
4683,156.1,2.537,2.429,bbox,20.414,24.165,28.511,25.712
4684,156.133,2.558,2.439,bbox,20.414,24.207,28.511,25.712
4685,156.167,2.553,2.537,bbox,20.414,24.255,28.511,25.712
4686,156.2,4.98,2.553,pose,20.414,24.255,28.511,25.712
4687,156.233,2.584,2.558,bbox,20.414,24.255,28.511,25.712
4688,156.267,2.669,2.584,bbox,20.414,24.29,28.511,25.712
4689,156.3,2.773,2.669,bbox,20.414,24.29,28.511,25.771
4690,156.333,2.88,2.773,bbox,20.414,24.362,28.511,25.876
4691,156.367,2.93,2.773,bbox,20.414,24.404,28.511,25.876
4692,156.4,3.997,2.88,pose,20.414,24.404,28.511,25.944
4693,156.433,3.052,2.93,bbox,20.414,24.463,28.511,25.976
4694,156.467,3.064,3.052,bbox,20.414,24.509,28.511,25.976
4695,156.5,3.131,3.064,bbox,20.414,24.509,28.511,25.976
4696,156.533,3.152,3.131,bbox,20.414,24.59,28.511,25.976
4697,156.567,3.19,3.131,bbox,20.414,24.628,28.511,25.976
4698,156.6,3.141,3.141,bbox,20.414,24.693,28.511,25.976
4699,156.633,3.109,3.141,bbox,20.414,24.693,28.511,25.976
4700,156.667,3.007,3.141,bbox,20.414,24.693,28.511,25.976
4701,156.7,2.929,3.109,bbox,20.414,24.693,28.511,25.976
4702,156.733,2.874,3.007,bbox,20.414,24.693,28.552,25.976
4703,156.767,2.918,2.929,bbox,20.414,24.693,28.606,25.976
4704,156.8,3.661,2.929,pose,20.414,24.727,28.606,25.976
4705,156.833,2.927,2.927,bbox,20.414,24.727,28.606,25.976
4706,156.867,2.96,2.927,bbox,20.414,24.727,28.606,25.976
4707,156.9,2.988,2.96,bbox,20.414,24.727,28.653,25.976
4708,156.933,2.879,2.96,bbox,20.414,24.727,28.653,25.976
4709,156.967,2.89,2.927,bbox,20.414,24.727,28.693,25.976
4710,157.0,2.987,2.96,bbox,20.414,24.727,28.693,25.976
4711,157.033,2.97,2.97,bbox,20.414,24.727,28.693,25.976
4712,157.067,,,,20.414,24.727,28.693,25.976
4713,157.1,,,,20.414,24.727,28.693,25.976
4714,157.133,,,,20.414,24.727,28.693,25.976
4715,157.167,,,,20.414,24.727,28.693,25.976
4716,157.2,,,,20.414,24.727,28.693,25.976
4717,157.233,3.283,2.97,bbox,20.414,24.727,28.693,25.976
4718,157.267,,,,20.414,24.727,28.693,25.976
4719,157.3,,,,20.414,24.727,28.693,25.976
4720,157.333,,,,20.414,24.727,28.693,25.976
4721,157.367,,,,20.414,24.727,28.693,25.976
4722,157.4,,,,20.414,24.727,28.693,25.976
4723,157.433,,,,20.414,24.727,28.693,25.976
4724,157.467,,,,20.414,24.727,28.693,25.976
4725,157.5,,,,20.414,24.727,28.693,25.976
4726,157.533,,,,20.414,24.727,28.693,25.976
4727,157.567,,,,20.414,24.727,28.693,25.976
4728,157.6,,,,20.414,24.727,28.693,25.976
4729,157.633,,,,20.414,24.727,28.693,25.976
4730,157.667,2.732,2.97,bbox,20.414,24.793,28.736,25.976
4731,157.7,2.743,2.97,pose,20.414,24.793,28.736,26.018
4732,157.733,2.75,2.75,bbox,20.414,24.793,28.736,26.018
4733,157.767,2.738,2.743,bbox,20.414,24.793,28.736,26.018
4734,157.8,2.166,2.738,pose,20.468,24.793,28.851,26.018
4735,157.833,,,,20.468,24.793,28.851,26.018
4736,157.867,,,,20.468,24.793,28.851,26.018
4737,157.9,,,,20.468,24.793,28.851,26.018
4738,157.933,,,,20.468,24.793,28.851,26.018
4739,157.967,,,,20.468,24.793,28.851,26.018
4740,158.0,,,,20.468,24.793,28.851,26.018
4741,158.033,,,,20.468,24.793,28.851,26.018
4742,158.067,,,,20.468,24.793,28.851,26.018
4743,158.1,,,,20.468,24.793,28.851,26.018
4744,158.133,,,,20.468,24.793,28.851,26.018
4745,158.167,,,,20.468,24.793,28.851,26.018
4746,158.2,,,,20.468,24.793,28.851,26.018
4747,158.233,,,,20.468,24.793,28.851,26.018
4748,158.267,,,,20.468,24.793,28.851,26.018
4749,158.3,,,,20.468,24.793,28.851,26.018
4750,158.333,,,,20.468,24.793,28.851,26.018
4751,158.367,,,,20.468,24.793,28.851,26.018
4752,158.4,,,,20.468,24.793,28.851,26.018
4753,158.433,,,,20.468,24.793,28.851,26.018
4754,158.467,,,,20.468,24.793,28.851,26.018
4755,158.5,,,,20.468,24.793,28.851,26.018
4756,158.533,,,,20.468,24.793,28.851,26.018
4757,158.567,,,,20.468,24.793,28.851,26.018
4758,158.6,,,,20.468,24.793,28.851,26.018
4759,158.633,,,,20.468,24.793,28.851,26.018
4760,158.667,,,,20.468,24.793,28.851,26.018
4761,158.7,,,,20.468,24.793,28.851,26.018
4762,158.733,,,,20.468,24.793,28.851,26.018
4763,158.767,,,,20.468,24.793,28.851,26.018
4764,158.8,,,,20.468,24.793,28.851,26.018
4765,158.833,,,,20.468,24.793,28.851,26.018
4766,158.867,1.641,2.738,bbox,20.526,24.793,28.851,26.018
4767,158.9,1.596,2.166,bbox,20.526,24.793,28.851,26.018
4768,158.933,1.458,1.641,bbox,20.526,24.793,28.851,26.018
4769,158.967,1.447,1.596,bbox,20.653,24.793,28.851,26.018
4770,159.0,3.209,1.596,pose,20.729,24.793,28.851,26.096
4771,159.033,1.328,1.458,bbox,20.729,24.793,28.851,26.096
4772,159.067,1.331,1.447,bbox,20.729,24.793,28.851,26.193
4773,159.1,1.111,1.331,pose,20.729,24.793,28.851,26.227
4774,159.133,1.188,1.328,bbox,20.863,24.793,28.851,26.227
4775,159.167,1.183,1.188,bbox,20.863,24.793,28.851,26.346
4776,159.2,0.977,1.183,pose,20.962,24.793,28.851,26.346
4777,159.233,1.112,1.112,bbox,20.962,24.793,28.851,26.388
4778,159.267,1.129,1.129,bbox,20.962,24.793,28.851,26.49
4779,159.3,1.104,1.112,bbox,20.998,24.793,28.851,26.49
4780,159.333,1.088,1.104,bbox,20.998,24.793,28.851,26.49
4781,159.367,1.087,1.104,bbox,20.998,24.793,28.851,26.582
4782,159.4,0.745,1.088,pose,20.998,24.793,28.851,26.642
4783,159.433,0.994,1.087,bbox,20.998,24.793,28.851,26.642
4784,159.467,0.989,0.994,bbox,20.998,24.793,28.851,26.715
4785,159.5,0.803,0.989,pose,21.087,24.793,28.851,26.768
4786,159.533,0.957,0.957,bbox,21.162,24.793,28.851,26.828
4787,159.567,1.022,0.989,bbox,21.193,24.793,28.851,26.883
4788,159.6,0.926,0.957,bbox,21.34,24.793,28.851,26.959
4789,159.633,0.919,0.926,bbox,21.375,24.793,28.851,27.002
4790,159.667,0.931,0.931,bbox,21.375,24.793,28.851,27.069
4791,159.7,0.985,0.931,bbox,21.496,24.793,28.851,27.069
4792,159.733,0.994,0.931,bbox,21.496,24.793,28.851,27.1
4793,159.767,1.02,0.985,bbox,21.528,24.793,28.851,27.145
4794,159.8,2.001,0.994,pose,21.564,24.793,28.851,27.145
4795,159.833,1.016,1.016,bbox,21.613,24.793,28.851,27.178
4796,159.867,1.056,1.02,bbox,21.693,24.793,28.851,27.178
4797,159.9,0.969,1.02,pose,21.745,24.793,28.851,27.271
4798,159.933,1.082,1.056,bbox,21.79,24.793,28.851,27.322
4799,159.967,1.092,1.056,bbox,21.828,24.793,28.851,27.322
4800,160.0,1.133,1.082,bbox,21.878,24.793,28.851,27.395
4801,160.033,1.107,1.092,bbox,21.912,24.793,28.851,27.435
4802,160.067,1.078,1.092,bbox,21.967,24.793,28.851,27.49
4803,160.1,1.081,1.092,pose,21.999,24.793,28.851,27.49
4804,160.133,1.075,1.081,bbox,22.037,24.793,28.851,27.536
4805,160.167,1.104,1.081,bbox,22.037,24.793,28.851,27.576
4806,160.2,4.995,1.081,pose,22.076,24.793,28.851,27.576
4807,160.233,1.142,1.104,bbox,22.118,24.793,28.851,27.64
4808,160.267,1.146,1.142,bbox,22.154,24.793,28.851,27.64
4809,160.3,1.155,1.146,bbox,22.154,24.793,28.851,27.723
4810,160.333,1.101,1.146,bbox,22.154,24.793,28.851,27.723
4811,160.367,1.129,1.142,bbox,22.154,24.793,28.851,27.723
4812,160.4,1.206,1.146,bbox,22.154,24.793,28.851,27.723
4813,160.433,1.211,1.155,bbox,22.197,24.793,28.851,27.815
4814,160.467,1.208,1.206,bbox,22.244,24.793,28.851,27.891
4815,160.5,,,,22.244,24.793,28.851,27.891
4816,160.533,,,,22.244,24.793,28.851,27.891
4817,160.567,,,,22.244,24.793,28.851,27.891
4818,160.6,,,,22.244,24.793,28.851,27.891
4819,160.633,,,,22.244,24.793,28.851,27.891
4820,160.667,,,,22.244,24.793,28.851,27.891
4821,160.7,,,,22.244,24.793,28.851,27.891
4822,160.733,,,,22.244,24.793,28.851,27.891
4823,160.767,,,,22.244,24.793,28.851,27.891
4824,160.8,,,,22.244,24.793,28.851,27.891
4825,160.833,,,,22.244,24.793,28.851,27.891
4826,160.867,,,,22.244,24.793,28.851,27.891
4827,160.9,,,,22.244,24.793,28.851,27.891
4828,160.933,1.97,1.208,bbox,22.244,24.793,28.851,27.931
4829,160.967,,,,22.244,24.793,28.851,27.931
4830,161.0,,,,22.244,24.793,28.851,27.931
4831,161.033,2.17,1.211,bbox,22.244,24.918,28.851,27.969
4832,161.067,2.23,1.97,bbox,22.244,24.918,28.851,27.969
4833,161.1,2.359,2.17,bbox,22.244,24.997,28.851,28.115
4834,161.133,2.468,2.23,bbox,22.244,25.029,28.851,28.115
4835,161.167,2.489,2.359,bbox,22.244,25.098,28.851,28.145
4836,161.2,2.517,2.468,bbox,22.244,25.195,28.851,28.177
4837,161.233,,,,22.244,25.195,28.851,28.177
4838,161.267,,,,22.244,25.195,28.851,28.177
4839,161.3,,,,22.244,25.195,28.851,28.177
4840,161.333,,,,22.244,25.195,28.851,28.177
4841,161.367,,,,22.244,25.195,28.851,28.177
4842,161.4,,,,22.244,25.195,28.851,28.177
4843,161.433,,,,22.244,25.195,28.851,28.177
4844,161.467,,,,22.244,25.195,28.851,28.177
4845,161.5,,,,22.244,25.195,28.851,28.177
4846,161.533,,,,22.244,25.195,28.851,28.177
4847,161.567,,,,22.244,25.195,28.851,28.177
4848,161.6,,,,22.244,25.195,28.851,28.177
4849,161.633,,,,22.244,25.195,28.851,28.177
4850,161.667,,,,22.244,25.195,28.851,28.177
4851,161.7,,,,22.244,25.195,28.851,28.177
4852,161.733,,,,22.244,25.195,28.851,28.177
4853,161.767,,,,22.244,25.195,28.851,28.177
4854,161.8,,,,22.244,25.195,28.851,28.177
4855,161.833,,,,22.244,25.195,28.851,28.177
4856,161.867,3.731,2.489,bbox,22.244,25.195,28.851,28.177
4857,161.9,3.806,2.517,bbox,22.244,25.227,28.851,28.177
4858,161.933,,,,22.244,25.227,28.851,28.177
4859,161.967,,,,22.244,25.227,28.851,28.177
4860,162.0,,,,22.244,25.227,28.851,28.177
4861,162.033,,,,22.244,25.227,28.851,28.177
4862,162.067,,,,22.244,25.227,28.851,28.177
4863,162.1,,,,22.244,25.227,28.851,28.177
4864,162.133,,,,22.244,25.227,28.851,28.177
4865,162.167,,,,22.244,25.227,28.851,28.177
4866,162.2,,,,22.244,25.227,28.851,28.177
4867,162.233,,,,22.244,25.227,28.851,28.177
4868,162.267,,,,22.244,25.227,28.851,28.177
4869,162.3,,,,22.244,25.227,28.851,28.177
4870,162.333,,,,22.244,25.227,28.851,28.177
4871,162.367,,,,22.244,25.227,28.851,28.177
4872,162.4,,,,22.244,25.227,28.851,28.177
4873,162.433,,,,22.244,25.227,28.851,28.177
4874,162.467,,,,22.244,25.227,28.851,28.177
4875,162.5,,,,22.244,25.227,28.851,28.177
4876,162.533,,,,22.244,25.227,28.851,28.177
4877,162.567,,,,22.244,25.227,28.851,28.177
4878,162.6,,,,22.244,25.227,28.851,28.177
4879,162.633,,,,22.244,25.227,28.851,28.177
4880,162.667,,,,22.244,25.227,28.851,28.177
4881,162.7,,,,22.244,25.227,28.851,28.177
4882,162.733,,,,22.244,25.227,28.851,28.177
4883,162.767,,,,22.244,25.227,28.851,28.177
4884,162.8,,,,22.244,25.227,28.851,28.177
4885,162.833,,,,22.244,25.227,28.851,28.177
4886,162.867,,,,22.244,25.227,28.851,28.177
4887,162.9,,,,22.244,25.227,28.851,28.177
4888,162.933,,,,22.244,25.227,28.851,28.177
4889,162.967,,,,22.244,25.227,28.851,28.177
4890,163.0,,,,22.244,25.227,28.851,28.177
4891,163.033,,,,22.244,25.227,28.851,28.177
4892,163.067,,,,22.244,25.227,28.851,28.177
4893,163.1,,,,22.244,25.227,28.851,28.177
4894,163.133,0.766,2.517,bbox,22.244,25.227,28.851,28.177
4895,163.167,0.86,2.517,bbox,22.377,25.227,28.851,28.177
4896,163.2,,,,22.377,25.227,28.851,28.177
4897,163.233,,,,22.377,25.227,28.851,28.177
4898,163.267,,,,22.377,25.227,28.851,28.177
4899,163.3,,,,22.377,25.227,28.851,28.177
4900,163.333,,,,22.377,25.227,28.851,28.177
4901,163.367,,,,22.377,25.227,28.851,28.177
4902,163.4,,,,22.377,25.227,28.851,28.177
4903,163.433,,,,22.377,25.227,28.851,28.177
4904,163.467,,,,22.377,25.227,28.851,28.177
4905,163.5,7.258,3.731,pose,22.377,25.227,28.851,28.322
4906,163.533,,,,22.377,25.227,28.851,28.322
4907,163.567,,,,22.377,25.227,28.851,28.322
4908,163.6,,,,22.377,25.227,28.851,28.322
4909,163.633,6.76,3.806,bbox,22.377,25.227,28.97,28.322
4910,163.667,,,,22.377,25.227,28.97,28.322
4911,163.7,,,,22.377,25.227,28.97,28.322
4912,163.733,,,,22.377,25.227,28.97,28.322
4913,163.767,,,,22.377,25.227,28.97,28.322
4914,163.8,,,,22.377,25.227,28.97,28.322
4915,163.833,,,,22.377,25.227,28.97,28.322
4916,163.867,,,,22.377,25.227,28.97,28.322
4917,163.9,,,,22.377,25.227,28.97,28.322
4918,163.933,,,,22.377,25.227,28.97,28.322
4919,163.967,,,,22.377,25.227,28.97,28.322
4920,164.0,,,,22.377,25.227,28.97,28.322
4921,164.033,,,,22.377,25.227,28.97,28.322
4922,164.067,6.401,6.401,bbox,22.377,25.227,28.97,28.322
4923,164.1,,,,22.377,25.227,28.97,28.322
4924,164.133,,,,22.377,25.227,28.97,28.322
4925,164.167,,,,22.377,25.227,28.97,28.322
4926,164.2,,,,22.377,25.227,28.97,28.322
4927,164.233,,,,22.377,25.227,28.97,28.322
4928,164.267,,,,22.377,25.227,28.97,28.322
4929,164.3,,,,22.377,25.227,28.97,28.322
4930,164.333,,,,22.377,25.227,28.97,28.322
4931,164.367,,,,22.377,25.227,28.97,28.322
4932,164.4,,,,22.377,25.227,28.97,28.322
4933,164.433,,,,22.377,25.227,28.97,28.322
4934,164.467,,,,22.377,25.227,28.97,28.322
4935,164.5,,,,22.377,25.227,28.97,28.322
4936,164.533,,,,22.377,25.227,28.97,28.322
4937,164.567,,,,22.377,25.227,28.97,28.322
4938,164.6,,,,22.377,25.227,28.97,28.322
4939,164.633,,,,22.377,25.227,28.97,28.322
4940,164.667,,,,22.377,25.227,28.97,28.322
4941,164.7,,,,22.377,25.227,28.97,28.322
4942,164.733,,,,22.377,25.227,28.97,28.322
4943,164.767,,,,22.377,25.227,28.97,28.322
4944,164.8,,,,22.377,25.227,28.97,28.322
4945,164.833,,,,22.377,25.227,28.97,28.322
4946,164.867,,,,22.377,25.227,28.97,28.322
4947,164.9,,,,22.377,25.227,28.97,28.322
4948,164.933,5.336,6.401,bbox,22.377,25.227,28.97,28.322
4949,164.967,5.268,6.401,bbox,22.377,25.227,28.97,28.322
4950,165.0,,,,22.377,25.227,28.97,28.322
4951,165.033,5.148,5.336,bbox,22.377,25.227,28.97,28.322
4952,165.067,,,,22.377,25.227,28.97,28.322
4953,165.1,,,,22.377,25.227,28.97,28.322
4954,165.133,,,,22.377,25.227,28.97,28.322
4955,165.167,,,,22.377,25.227,28.97,28.322
4956,165.2,,,,22.377,25.227,28.97,28.322
4957,165.233,,,,22.377,25.227,28.97,28.322
4958,165.267,,,,22.377,25.227,28.97,28.322
4959,165.3,5.01,5.268,pose,22.426,25.227,29.001,28.322
4960,165.333,4.796,5.148,bbox,22.552,25.227,29.032,28.322
4961,165.367,4.75,5.01,bbox,22.552,25.227,29.09,28.322
4962,165.4,4.73,4.796,bbox,22.552,25.227,29.182,28.322
4963,165.433,,,,22.552,25.227,29.182,28.322
4964,165.467,4.675,4.75,bbox,22.552,25.227,29.27,28.322
4965,165.5,4.695,4.73,bbox,22.552,25.227,29.27,28.322
4966,165.533,,,,22.552,25.227,29.27,28.322
4967,165.567,,,,22.552,25.227,29.27,28.322
4968,165.6,4.473,4.695,pose,22.552,25.227,29.27,28.322
4969,165.633,,,,22.552,25.227,29.27,28.322
4970,165.667,4.705,4.695,bbox,22.552,25.227,29.318,28.322
4971,165.7,4.751,4.695,pose,22.552,25.227,29.365,28.322
4972,165.733,,,,22.552,25.227,29.365,28.322
4973,165.767,4.631,4.695,bbox,22.552,25.227,29.365,28.322
4974,165.8,4.828,4.705,pose,22.552,25.291,29.365,28.322
4975,165.833,4.577,4.705,bbox,22.552,25.291,29.365,28.322
4976,165.867,4.519,4.631,bbox,22.552,25.291,29.365,28.322
4977,165.9,4.78,4.631,pose,22.552,25.291,29.365,28.322
4978,165.933,,,,22.552,25.291,29.365,28.322
4979,165.967,,,,22.552,25.291,29.365,28.322
4980,166.0,,,,22.552,25.291,29.365,28.322
4981,166.033,,,,22.552,25.291,29.365,28.322
4982,166.067,,,,22.552,25.291,29.365,28.322
4983,166.1,,,,22.552,25.291,29.365,28.322
4984,166.133,,,,22.552,25.291,29.365,28.322
4985,166.167,,,,22.552,25.291,29.365,28.322
4986,166.2,,,,22.552,25.291,29.365,28.322
4987,166.233,,,,22.552,25.291,29.365,28.322
4988,166.267,,,,22.552,25.291,29.365,28.322
4989,166.3,,,,22.552,25.291,29.365,28.322
4990,166.333,,,,22.552,25.291,29.365,28.322
4991,166.367,,,,22.552,25.291,29.365,28.322
4992,166.4,,,,22.552,25.291,29.365,28.322
4993,166.433,,,,22.552,25.291,29.365,28.322
4994,166.467,,,,22.552,25.291,29.365,28.322
4995,166.5,,,,22.552,25.291,29.365,28.322
4996,166.533,,,,22.552,25.291,29.365,28.322
4997,166.567,,,,22.552,25.291,29.365,28.322
4998,166.6,,,,22.552,25.291,29.365,28.322
4999,166.633,,,,22.552,25.291,29.365,28.322
5000,166.667,,,,22.552,25.291,29.365,28.322
5001,166.7,,,,22.552,25.291,29.365,28.322
5002,166.733,,,,22.552,25.291,29.365,28.322
5003,166.767,,,,22.552,25.291,29.365,28.322
5004,166.8,,,,22.552,25.291,29.365,28.322
5005,166.833,,,,22.552,25.291,29.365,28.322
5006,166.867,,,,22.552,25.291,29.365,28.322
5007,166.9,,,,22.552,25.291,29.365,28.322
5008,166.933,,,,22.552,25.291,29.365,28.322
5009,166.967,,,,22.552,25.291,29.365,28.322
5010,167.0,,,,22.552,25.291,29.365,28.322
5011,167.033,,,,22.552,25.291,29.365,28.322
5012,167.067,,,,22.552,25.291,29.365,28.322
5013,167.1,,,,22.552,25.291,29.365,28.322
5014,167.133,,,,22.552,25.291,29.365,28.322
5015,167.167,,,,22.552,25.291,29.365,28.322
5016,167.2,,,,22.552,25.291,29.365,28.322
5017,167.233,,,,22.552,25.291,29.365,28.322
5018,167.267,,,,22.552,25.291,29.365,28.322
5019,167.3,,,,22.552,25.291,29.365,28.322
5020,167.333,,,,22.552,25.291,29.365,28.322
5021,167.367,,,,22.552,25.291,29.365,28.322
5022,167.4,,,,22.552,25.291,29.365,28.322
5023,167.433,,,,22.552,25.291,29.365,28.322
5024,167.467,5.357,4.78,bbox,22.552,25.291,29.365,28.322
5025,167.5,5.348,4.78,bbox,22.552,25.291,29.365,28.322
5026,167.533,,,,22.552,25.291,29.365,28.322
5027,167.567,,,,22.552,25.291,29.365,28.322
5028,167.6,,,,22.552,25.291,29.365,28.322
5029,167.633,,,,22.552,25.291,29.365,28.322
5030,167.667,,,,22.552,25.291,29.365,28.322
5031,167.7,,,,22.552,25.291,29.365,28.322
5032,167.733,,,,22.552,25.291,29.365,28.322
5033,167.767,,,,22.552,25.291,29.365,28.322
5034,167.8,,,,22.552,25.291,29.365,28.322
5035,167.833,,,,22.552,25.291,29.365,28.322
5036,167.867,,,,22.552,25.291,29.365,28.322
5037,167.9,,,,22.552,25.291,29.365,28.322
5038,167.933,,,,22.552,25.291,29.365,28.322
5039,167.967,,,,22.552,25.291,29.365,28.322
5040,168.0,,,,22.552,25.291,29.365,28.322
5041,168.033,,,,22.552,25.291,29.365,28.322
5042,168.067,,,,22.552,25.291,29.365,28.322
5043,168.1,5.101,5.101,bbox,22.664,25.291,29.365,28.322
5044,168.133,,,,22.664,25.291,29.365,28.322
5045,168.167,,,,22.664,25.291,29.365,28.322
5046,168.2,,,,22.664,25.291,29.365,28.322
5047,168.233,,,,22.664,25.291,29.365,28.322
5048,168.267,,,,22.664,25.291,29.365,28.322
5049,168.3,,,,22.664,25.291,29.365,28.322
5050,168.333,4.952,5.101,bbox,22.664,25.291,29.365,28.322
5051,168.367,,,,22.664,25.291,29.365,28.322
5052,168.4,,,,22.664,25.291,29.365,28.322
5053,168.433,,,,22.664,25.291,29.365,28.322
5054,168.467,,,,22.664,25.291,29.365,28.322
5055,168.5,,,,22.664,25.291,29.365,28.322
5056,168.533,,,,22.664,25.291,29.365,28.322
5057,168.567,,,,22.664,25.291,29.365,28.322
5058,168.6,5.078,5.101,bbox,22.664,25.34,29.451,28.322
5059,168.633,5.097,5.097,bbox,22.664,25.34,29.451,28.322
5060,168.667,5.135,5.097,bbox,22.664,25.34,29.451,28.322
5061,168.7,5.187,5.097,bbox,22.664,25.34,29.451,28.322
5062,168.733,5.194,5.135,bbox,22.664,25.396,29.451,28.322
5063,168.767,5.207,5.187,bbox,22.664,25.396,29.451,28.322
5064,168.8,5.219,5.194,bbox,22.664,25.396,29.451,28.322
5065,168.833,5.238,5.207,bbox,22.664,25.443,29.451,28.322
5066,168.867,5.26,5.219,bbox,22.664,25.443,29.451,28.322
5067,168.9,6.843,5.238,bbox,22.664,25.476,29.451,28.322
5068,168.933,3.689,5.238,bbox,22.664,25.476,29.451,28.322
5069,168.967,,,,22.664,25.476,29.451,28.322
5070,169.0,,,,22.664,25.476,29.451,28.322
5071,169.033,,,,22.664,25.476,29.451,28.322
5072,169.067,,,,22.664,25.476,29.451,28.322
5073,169.1,,,,22.664,25.476,29.451,28.322
5074,169.133,,,,22.664,25.476,29.451,28.322
5075,169.167,,,,22.664,25.476,29.451,28.322
5076,169.2,,,,22.664,25.476,29.451,28.322
5077,169.233,,,,22.664,25.476,29.451,28.322
5078,169.267,,,,22.664,25.476,29.451,28.322
5079,169.3,,,,22.664,25.476,29.451,28.322
5080,169.333,,,,22.664,25.476,29.451,28.322
5081,169.367,,,,22.664,25.476,29.451,28.322
5082,169.4,,,,22.664,25.476,29.451,28.322
5083,169.433,,,,22.664,25.476,29.451,28.322
5084,169.467,,,,22.664,25.476,29.451,28.322
5085,169.5,,,,22.664,25.476,29.451,28.322
5086,169.533,,,,22.664,25.476,29.451,28.322
5087,169.567,,,,22.664,25.476,29.451,28.322
5088,169.6,,,,22.664,25.476,29.451,28.322
5089,169.633,,,,22.664,25.476,29.451,28.322
5090,169.667,,,,22.664,25.476,29.451,28.322
5091,169.7,,,,22.664,25.476,29.451,28.322
5092,169.733,,,,22.664,25.476,29.451,28.322
5093,169.767,,,,22.664,25.476,29.451,28.322
5094,169.8,,,,22.664,25.476,29.451,28.322
5095,169.833,,,,22.664,25.476,29.451,28.322
5096,169.867,,,,22.664,25.476,29.451,28.322
5097,169.9,,,,22.664,25.476,29.451,28.322
5098,169.933,,,,22.664,25.476,29.451,28.322
5099,169.967,6.567,5.26,bbox,22.664,25.476,29.451,28.322
5100,170.0,6.512,6.512,pose,22.664,25.516,29.451,28.322
5101,170.033,6.501,6.512,bbox,22.664,25.516,29.451,28.322
5102,170.067,6.562,6.512,bbox,22.664,25.516,29.451,28.322
5103,170.1,4.331,6.512,bbox,22.664,25.516,29.451,28.322
5104,170.133,,,,22.664,25.516,29.451,28.322
5105,170.167,,,,22.664,25.516,29.451,28.322
5106,170.2,,,,22.664,25.516,29.451,28.322
5107,170.233,,,,22.664,25.516,29.451,28.322
5108,170.267,,,,22.664,25.516,29.451,28.322
5109,170.3,,,,22.664,25.516,29.451,28.322
5110,170.333,,,,22.664,25.516,29.451,28.322
5111,170.367,,,,22.664,25.516,29.451,28.322
5112,170.4,,,,22.664,25.516,29.451,28.322
5113,170.433,,,,22.664,25.516,29.451,28.322
5114,170.467,,,,22.664,25.516,29.451,28.322
5115,170.5,,,,22.664,25.516,29.451,28.322
5116,170.533,,,,22.664,25.516,29.451,28.322
5117,170.567,,,,22.664,25.516,29.451,28.322
5118,170.6,,,,22.664,25.516,29.451,28.322
5119,170.633,,,,22.664,25.516,29.451,28.322
5120,170.667,,,,22.664,25.516,29.451,28.322
5121,170.7,,,,22.664,25.516,29.451,28.322
5122,170.733,,,,22.664,25.516,29.451,28.322
5123,170.767,,,,22.664,25.516,29.451,28.322
5124,170.8,,,,22.664,25.516,29.451,28.322
5125,170.833,,,,22.664,25.516,29.451,28.322
5126,170.867,,,,22.664,25.516,29.451,28.322
5127,170.9,,,,22.664,25.516,29.451,28.322
5128,170.933,,,,22.664,25.516,29.451,28.322
5129,170.967,,,,22.664,25.516,29.451,28.322
5130,171.0,,,,22.664,25.516,29.451,28.322
5131,171.033,,,,22.664,25.516,29.451,28.322
5132,171.067,,,,22.664,25.516,29.451,28.322
5133,171.1,,,,22.664,25.516,29.451,28.322
5134,171.133,4.024,6.501,bbox,22.664,25.516,29.451,28.322
5135,171.167,4.028,4.331,bbox,22.664,25.516,29.451,28.322
5136,171.2,3.992,4.028,bbox,22.664,25.516,29.451,28.322
5137,171.233,4.018,4.024,bbox,22.664,25.516,29.503,28.322
5138,171.267,4.006,4.018,bbox,22.664,25.516,29.538,28.322
5139,171.3,4.383,4.018,pose,22.664,25.516,29.538,28.322
5140,171.333,3.974,4.006,bbox,22.664,25.516,29.538,28.322
5141,171.367,5.802,4.018,bbox,22.664,25.516,29.538,28.322
5142,171.4,5.775,4.383,bbox,22.664,25.516,29.538,28.322
5143,171.433,5.75,5.75,bbox,22.664,25.516,29.538,28.322
5144,171.467,5.681,5.75,bbox,22.664,25.516,29.538,28.322
5145,171.5,5.541,5.75,bbox,22.664,25.547,29.538,28.322
5146,171.533,5.221,5.681,bbox,22.694,25.547,29.622,28.322
5147,171.567,5.286,5.541,bbox,22.694,25.547,29.622,28.322
5148,171.6,5.096,5.286,bbox,22.777,25.547,29.723,28.322
5149,171.633,5.026,5.221,bbox,22.863,25.547,29.723,28.322
5150,171.667,4.854,5.096,bbox,22.91,25.547,29.773,28.322
5151,171.7,4.915,5.026,bbox,22.959,25.547,29.859,28.322
5152,171.733,4.851,4.915,bbox,22.99,25.547,29.859,28.322
5153,171.767,4.933,4.915,bbox,22.99,25.547,29.859,28.322
5154,171.8,4.854,4.854,bbox,22.99,25.547,29.859,28.322
5155,171.833,4.719,4.854,bbox,22.99,25.547,29.859,28.322
5156,171.867,4.635,4.851,bbox,22.99,25.547,29.914,28.322
5157,171.9,5.794,4.854,pose,22.99,25.547,29.914,28.322
5158,171.933,4.586,4.719,bbox,23.069,25.547,29.914,28.322
5159,171.967,4.54,4.635,bbox,23.069,25.547,29.989,28.322
5160,172.0,4.53,4.586,bbox,23.145,25.547,30.038,28.322
5161,172.033,4.522,4.54,bbox,23.178,25.547,30.068,28.322
5162,172.067,4.526,4.53,bbox,23.178,25.547,30.115,28.322
5163,172.1,4.478,4.526,bbox,23.178,25.547,30.115,28.322
5164,172.133,4.411,4.522,bbox,23.178,25.547,30.115,28.322
5165,172.167,4.376,4.478,bbox,23.178,25.547,30.115,28.322
5166,172.2,4.341,4.411,bbox,23.178,25.547,30.115,28.322
5167,172.233,4.301,4.376,bbox,23.212,25.547,30.115,28.322
5168,172.267,4.248,4.341,bbox,23.212,25.547,30.115,28.322
5169,172.3,4.176,4.301,bbox,23.212,25.547,30.115,28.322
5170,172.333,4.129,4.248,bbox,23.272,25.547,30.115,28.322
5171,172.367,4.109,4.176,bbox,23.319,25.547,30.115,28.322
5172,172.4,4.099,4.129,bbox,23.319,25.547,30.115,28.322
5173,172.433,4.102,4.109,bbox,23.388,25.547,30.115,28.322
5174,172.467,4.094,4.102,bbox,23.388,25.547,30.115,28.322
5175,172.5,2.36,4.099,pose,23.388,25.547,30.115,28.322
5176,172.533,4.176,4.099,bbox,23.388,25.547,30.115,28.322
5177,172.567,4.156,4.102,bbox,23.388,25.547,30.115,28.322
5178,172.6,4.18,4.156,bbox,23.388,25.547,30.115,28.322
5179,172.633,4.172,4.172,bbox,23.388,25.547,30.115,28.322
5180,172.667,4.196,4.176,bbox,23.388,25.547,30.115,28.322
5181,172.7,4.221,4.18,bbox,23.388,25.547,30.115,28.322
5182,172.733,4.272,4.196,bbox,23.388,25.608,30.115,28.322
5183,172.767,4.304,4.221,bbox,23.388,25.608,30.115,28.322
5184,172.8,4.316,4.272,bbox,23.388,25.644,30.115,28.322
5185,172.833,4.332,4.304,bbox,23.388,25.644,30.115,28.322
5186,172.867,4.336,4.316,bbox,23.388,25.644,30.115,28.322
5187,172.9,4.351,4.332,bbox,23.388,25.644,30.115,28.322
5188,172.933,4.371,4.336,bbox,23.388,25.644,30.115,28.322
5189,172.967,4.375,4.351,bbox,23.388,25.644,30.115,28.322
5190,173.0,4.379,4.371,bbox,23.388,25.644,30.115,28.322
5191,173.033,4.4,4.375,bbox,23.388,25.644,30.115,28.322
5192,173.067,4.387,4.379,bbox,23.388,25.644,30.115,28.322
5193,173.1,4.374,4.379,bbox,23.388,25.644,30.115,28.322
5194,173.133,4.378,4.379,bbox,23.388,25.644,30.115,28.322
5195,173.167,4.358,4.378,bbox,23.388,25.644,30.115,28.322
5196,173.2,4.35,4.374,bbox,23.388,25.644,30.115,28.322
5197,173.233,4.329,4.358,bbox,23.388,25.644,30.115,28.322
5198,173.267,4.313,4.35,bbox,23.388,25.644,30.115,28.322
5199,173.3,4.276,4.329,bbox,23.388,25.644,30.115,28.322
5200,173.333,4.273,4.313,bbox,23.388,25.644,30.115,28.322
5201,173.367,4.252,4.276,bbox,23.388,25.644,30.115,28.322
5202,173.4,4.212,4.273,bbox,23.388,25.644,30.115,28.322
5203,173.433,4.201,4.252,bbox,23.388,25.644,30.115,28.322
5204,173.467,3.049,4.212,bbox,23.388,25.644,30.153,28.322
5205,173.5,,,,23.388,25.644,30.153,28.322
5206,173.533,,,,23.388,25.644,30.153,28.322
5207,173.567,,,,23.388,25.644,30.153,28.322
5208,173.6,,,,23.388,25.644,30.153,28.322
5209,173.633,3.036,4.201,bbox,23.455,25.644,30.193,28.322
5210,173.667,,,,23.455,25.644,30.193,28.322
5211,173.7,4.091,4.091,bbox,23.455,25.644,30.193,28.322
5212,173.733,4.089,4.089,bbox,23.539,25.644,30.244,28.322
5213,173.767,4.038,4.038,bbox,23.539,25.644,30.304,28.322
5214,173.8,3.799,4.038,pose,23.539,25.644,30.304,28.322
5215,173.833,3.949,4.038,bbox,23.539,25.644,30.304,28.322
5216,173.867,3.851,3.949,bbox,23.539,25.644,30.304,28.322
5217,173.9,3.837,3.851,bbox,23.618,25.644,30.304,28.322
5218,173.933,3.79,3.837,bbox,23.651,25.644,30.37,28.322
5219,173.967,3.775,3.837,bbox,23.651,25.644,30.453,28.322
5220,174.0,3.746,3.79,bbox,23.651,25.644,30.539,28.322
5221,174.033,3.718,3.775,bbox,23.651,25.644,30.591,28.322
5222,174.067,3.677,3.746,bbox,23.651,25.644,30.628,28.322
5223,174.1,3.889,3.746,pose,23.754,25.644,30.628,28.322
5224,174.133,3.586,3.718,bbox,23.754,25.644,30.628,28.322
5225,174.167,3.518,3.677,bbox,23.754,25.644,30.662,28.322
5226,174.2,2.958,3.586,pose,23.754,25.644,30.662,28.322
5227,174.233,3.325,3.518,bbox,23.754,25.644,30.699,28.322
5228,174.267,3.2,3.325,bbox,23.754,25.644,30.699,28.322
5229,174.3,3.11,3.2,bbox,23.754,25.644,30.8,28.322
5230,174.333,3.037,3.11,bbox,23.754,25.644,30.907,28.322
5231,174.367,3.009,3.11,bbox,23.754,25.644,30.968,28.322
5232,174.4,2.958,3.037,bbox,23.754,25.644,31.023,28.322
5233,174.433,2.958,3.009,bbox,23.817,25.644,31.066,28.322
5234,174.467,2.971,2.971,bbox,23.817,25.644,31.147,28.322
5235,174.5,3.003,2.971,bbox,23.817,25.644,31.181,28.322
5236,174.533,2.978,2.971,bbox,23.817,25.644,31.181,28.322
5237,174.567,2.955,2.971,bbox,23.817,25.644,31.181,28.322
5238,174.6,2.951,2.971,bbox,23.817,25.644,31.181,28.322
5239,174.633,2.961,2.961,bbox,23.817,25.644,31.181,28.322
5240,174.667,2.969,2.961,bbox,23.817,25.644,31.181,28.322
5241,174.7,3.002,2.961,bbox,23.817,25.644,31.181,28.322
5242,174.733,3.018,2.969,bbox,23.817,25.644,31.181,28.358
5243,174.767,3.03,3.002,bbox,23.817,25.644,31.181,28.358
5244,174.8,3.015,3.015,bbox,23.817,25.644,31.181,28.358
5245,174.833,3.016,3.016,bbox,23.817,25.644,31.181,28.358
5246,174.867,3.008,3.016,bbox,23.817,25.644,31.181,28.358
5247,174.9,2.996,3.015,bbox,23.817,25.644,31.181,28.358
5248,174.933,2.983,3.008,bbox,23.817,25.644,31.181,28.358
5249,174.967,2.932,2.996,bbox,23.817,25.644,31.181,28.358
5250,175.0,2.907,2.983,bbox,23.817,25.644,31.181,28.358
5251,175.033,2.876,2.932,bbox,23.817,25.644,31.181,28.358
5252,175.067,2.84,2.907,bbox,23.817,25.644,31.219,28.358
5253,175.1,2.83,2.876,bbox,23.817,25.644,31.219,28.358
5254,175.133,2.819,2.84,bbox,23.817,25.644,31.219,28.358
5255,175.167,2.81,2.83,bbox,23.817,25.644,31.219,28.358
5256,175.2,2.793,2.819,bbox,23.817,25.644,31.219,28.358
5257,175.233,2.839,2.819,bbox,23.817,25.644,31.219,28.358
5258,175.267,2.896,2.819,bbox,23.817,25.644,31.219,28.358
5259,175.3,2.733,2.81,bbox,23.817,25.644,31.219,28.358
5260,175.333,3.043,2.839,bbox,23.817,25.644,31.219,28.4
5261,175.367,3.195,2.896,bbox,23.817,25.644,31.219,28.45
5262,175.4,3.294,3.043,bbox,23.817,25.644,31.219,28.552
5263,175.433,3.356,3.195,bbox,23.817,25.644,31.219,28.68
5264,175.467,3.348,3.294,bbox,23.817,25.644,31.219,28.76
5265,175.5,3.33,3.33,bbox,23.817,25.644,31.219,28.818
5266,175.533,3.298,3.33,bbox,23.817,25.644,31.219,28.818
5267,175.567,3.285,3.33,bbox,23.817,25.644,31.219,28.818
5268,175.6,3.288,3.298,bbox,23.817,25.644,31.219,28.818
5269,175.633,3.339,3.298,bbox,23.817,25.644,31.219,28.863
5270,175.667,3.414,3.298,bbox,23.817,25.644,31.219,28.908
5271,175.7,3.106,3.288,pose,23.817,25.644,31.219,28.978
5272,175.733,3.532,3.339,bbox,23.817,25.644,31.219,29.055
5273,175.767,3.583,3.414,bbox,23.817,25.644,31.219,29.098
5274,175.8,3.631,3.532,bbox,23.817,25.644,31.219,29.098
5275,175.833,3.63,3.583,bbox,23.817,25.644,31.219,29.098
5276,175.867,3.575,3.583,bbox,23.817,25.644,31.219,29.098
5277,175.9,3.06,3.583,pose,23.817,25.644,31.219,29.098
5278,175.933,3.453,3.575,bbox,23.817,25.644,31.219,29.098
5279,175.967,3.353,3.453,bbox,23.817,25.644,31.219,29.098
5280,176.0,2.793,3.353,pose,23.817,25.644,31.219,29.098
5281,176.033,3.223,3.223,bbox,23.817,25.644,31.219,29.098
5282,176.067,3.168,3.223,bbox,23.817,25.644,31.254,29.098
5283,176.1,3.096,3.168,bbox,23.817,25.644,31.329,29.098
5284,176.133,3.086,3.096,bbox,23.817,25.644,31.397,29.098
5285,176.167,3.136,3.136,bbox,23.817,25.644,31.47,29.098
5286,176.2,3.159,3.136,bbox,23.817,25.644,31.515,29.098
5287,176.233,3.17,3.136,bbox,23.817,25.644,31.515,29.098
5288,176.267,3.164,3.159,bbox,23.817,25.644,31.515,29.098
5289,176.3,3.156,3.159,bbox,23.817,25.644,31.515,29.098
5290,176.333,3.152,3.159,bbox,23.817,25.644,31.515,29.098
5291,176.367,3.112,3.156,bbox,23.817,25.644,31.515,29.098
5292,176.4,3.073,3.152,bbox,23.858,25.644,31.515,29.098
5293,176.433,3.029,3.112,bbox,23.901,25.644,31.515,29.098
5294,176.467,2.999,3.073,bbox,24.006,25.644,31.515,29.098
5295,176.5,2.71,3.029,pose,24.042,25.644,31.515,29.098
5296,176.533,2.901,2.999,bbox,24.119,25.644,31.515,29.098
5297,176.567,2.859,2.901,bbox,24.119,25.644,31.557,29.098
5298,176.6,5.251,2.901,pose,24.119,25.644,31.557,29.098
5299,176.633,2.811,2.859,bbox,24.165,25.644,31.557,29.098
5300,176.667,2.761,2.859,bbox,24.165,25.644,31.557,29.098
5301,176.7,2.739,2.811,bbox,24.165,25.644,31.557,29.098
5302,176.733,2.726,2.761,bbox,24.165,25.644,31.557,29.13
5303,176.767,2.672,2.739,bbox,24.165,25.644,31.557,29.13
5304,176.8,3.057,2.739,pose,24.165,25.644,31.557,29.13
5305,176.833,2.718,2.726,bbox,24.165,25.644,31.557,29.13
5306,176.867,2.751,2.726,bbox,24.165,25.644,31.557,29.163
5307,176.9,2.651,2.718,pose,24.165,25.644,31.557,29.163
5308,176.933,2.77,2.751,bbox,24.165,25.644,31.557,29.163
5309,176.967,2.8,2.751,bbox,24.165,25.644,31.557,29.163
5310,177.0,2.762,2.762,bbox,24.165,25.644,31.557,29.163
5311,177.033,2.724,2.762,bbox,24.165,25.644,31.557,29.163
5312,177.067,2.716,2.762,bbox,24.165,25.644,31.557,29.163
5313,177.1,2.677,2.724,bbox,24.165,25.644,31.592,29.163
5314,177.133,2.663,2.716,bbox,24.165,25.644,31.592,29.163
5315,177.167,2.671,2.677,bbox,24.165,25.644,31.592,29.163
5316,177.2,2.683,2.677,bbox,24.165,25.644,31.592,29.163
5317,177.233,2.687,2.677,bbox,24.165,25.644,31.592,29.163
5318,177.267,2.745,2.683,bbox,24.165,25.644,31.592,29.163
5319,177.3,2.794,2.687,bbox,24.165,25.644,31.592,29.196
5320,177.333,2.862,2.745,bbox,24.165,25.644,31.592,29.241
5321,177.367,2.944,2.794,bbox,24.165,25.644,31.592,29.299
5322,177.4,3.02,2.862,pose,24.165,25.644,31.592,29.355
5323,177.433,3.079,2.944,bbox,24.165,25.644,31.592,29.412
5324,177.467,3.096,3.02,bbox,24.165,25.644,31.592,29.455
5325,177.5,3.087,3.079,bbox,24.165,25.644,31.592,29.455
5326,177.533,3.053,3.079,bbox,24.165,25.644,31.592,29.455
5327,177.567,3.051,3.079,bbox,24.165,25.644,31.592,29.455
5328,177.6,2.939,3.053,pose,24.165,25.644,31.592,29.455
5329,177.633,2.944,3.051,bbox,24.165,25.644,31.592,29.455
5330,177.667,2.908,2.944,bbox,24.165,25.644,31.592,29.455
5331,177.7,2.909,2.939,pose,24.165,25.644,31.592,29.455
5332,177.733,2.847,2.909,bbox,24.165,25.644,31.592,29.455
5333,177.767,2.855,2.908,bbox,24.165,25.644,31.592,29.455
5334,177.8,2.863,2.863,bbox,24.165,25.644,31.661,29.455
5335,177.833,2.867,2.863,bbox,24.165,25.644,31.661,29.455
5336,177.867,2.882,2.863,bbox,24.165,25.644,31.661,29.455
5337,177.9,2.89,2.867,bbox,24.165,25.644,31.661,29.455
5338,177.933,2.91,2.882,bbox,24.165,25.644,31.661,29.455
5339,177.967,2.918,2.89,bbox,24.165,25.644,31.661,29.455
5340,178.0,2.91,2.91,bbox,24.165,25.644,31.661,29.455
5341,178.033,2.895,2.91,bbox,24.165,25.644,31.661,29.455
5342,178.067,2.906,2.91,bbox,24.165,25.644,31.661,29.455
5343,178.1,3.457,2.91,pose,24.165,25.644,31.661,29.455
5344,178.133,2.906,2.906,bbox,24.165,25.644,31.661,29.455
5345,178.167,2.936,2.906,bbox,24.165,25.644,31.661,29.455
5346,178.2,4.937,2.936,pose,24.165,25.644,31.661,29.455
5347,178.233,2.86,2.936,bbox,24.165,25.644,31.661,29.455
5348,178.267,2.803,2.906,bbox,24.165,25.644,31.661,29.455
5349,178.3,2.768,2.86,bbox,24.165,25.644,31.661,29.455
5350,178.333,2.737,2.803,bbox,24.165,25.644,31.709,29.455
5351,178.367,2.714,2.768,bbox,24.165,25.644,31.709,29.455
5352,178.4,2.683,2.737,bbox,24.165,25.644,31.748,29.455
5353,178.433,2.647,2.714,bbox,24.165,25.644,31.792,29.455
5354,178.467,2.632,2.683,bbox,24.165,25.644,31.792,29.455
5355,178.5,3.515,2.683,pose,24.165,25.644,31.827,29.455
5356,178.533,2.652,2.652,bbox,24.165,25.696,31.827,29.455
5357,178.567,2.666,2.652,bbox,24.165,25.696,31.827,29.455
5358,178.6,2.674,2.666,bbox,24.165,25.696,31.827,29.455
5359,178.633,2.638,2.666,bbox,24.165,25.73,31.827,29.455
5360,178.667,2.706,2.666,bbox,24.165,25.73,31.827,29.455
5361,178.7,2.726,2.674,bbox,24.165,25.762,31.869,29.455
5362,178.733,2.672,2.674,bbox,24.165,25.762,31.869,29.455
5363,178.767,2.676,2.676,bbox,24.165,25.762,31.869,29.455
5364,178.8,2.692,2.692,bbox,24.165,25.762,31.91,29.455
5365,178.833,2.767,2.692,bbox,24.165,25.806,31.91,29.455
5366,178.867,2.786,2.692,bbox,24.165,25.806,31.91,29.455
5367,178.9,3.83,2.767,pose,24.165,25.806,31.91,29.455
5368,178.933,2.824,2.786,bbox,24.165,25.806,31.91,29.455
5369,178.967,2.874,2.824,bbox,24.165,25.806,31.91,29.539
5370,179.0,2.821,2.824,pose,24.165,25.806,31.91,29.59
5371,179.033,2.954,2.874,bbox,24.165,25.806,31.91,29.636
5372,179.067,2.953,2.874,bbox,24.165,25.806,31.91,29.636
5373,179.1,2.969,2.953,bbox,24.165,25.806,31.91,29.636
5374,179.133,2.969,2.954,bbox,24.165,25.806,31.91,29.636
5375,179.167,2.947,2.954,bbox,24.165,25.806,31.91,29.636
5376,179.2,5.335,2.969,pose,24.165,25.806,31.91,29.636
5377,179.233,2.801,2.969,bbox,24.165,25.806,31.91,29.636
5378,179.267,2.674,2.947,bbox,24.165,25.806,31.91,29.636
5379,179.3,2.581,2.801,bbox,24.165,25.806,32.034,29.636
5380,179.333,2.603,2.674,bbox,24.165,25.806,32.176,29.636
5381,179.367,2.575,2.603,bbox,24.165,25.806,32.224,29.636
5382,179.4,2.536,2.581,bbox,24.165,25.806,32.224,29.636
5383,179.433,2.537,2.575,bbox,24.197,25.806,32.224,29.636
5384,179.467,,,,24.197,25.806,32.224,29.636
5385,179.5,,,,24.197,25.806,32.224,29.636
5386,179.533,,,,24.197,25.806,32.224,29.636
5387,179.567,,,,24.197,25.806,32.224,29.636
5388,179.6,,,,24.197,25.806,32.224,29.636
5389,179.633,,,,24.197,25.806,32.224,29.636
5390,179.667,,,,24.197,25.806,32.224,29.636
5391,179.7,,,,24.197,25.806,32.224,29.636
5392,179.733,1.739,2.537,bbox,24.197,25.806,32.224,29.636
5393,179.767,1.87,2.536,bbox,24.298,25.806,32.224,29.636
5394,179.8,2.001,2.001,bbox,24.298,25.806,32.224,29.636
5395,179.833,2.067,2.001,bbox,24.298,25.806,32.224,29.636
5396,179.867,2.101,2.001,bbox,24.298,25.842,32.224,29.636
5397,179.9,,,,24.298,25.842,32.224,29.636
5398,179.933,2.063,2.063,bbox,24.298,25.906,32.224,29.636
5399,179.967,2.087,2.067,bbox,24.298,25.953,32.224,29.636
5400,180.0,5.436,2.087,pose,24.298,25.953,32.224,29.636
5401,180.033,2.118,2.101,bbox,24.298,25.953,32.224,29.636
5402,180.067,1.967,2.087,bbox,24.298,25.953,32.224,29.636
5403,180.1,2.216,2.118,bbox,24.298,25.953,32.224,29.636
5404,180.133,2.364,2.216,bbox,24.298,25.953,32.224,29.722
5405,180.167,2.39,2.216,bbox,24.298,25.988,32.224,29.782
5406,180.2,,,,24.298,25.988,32.224,29.782
5407,180.233,2.501,2.364,bbox,24.298,25.988,32.224,29.873
5408,180.267,,,,24.298,25.988,32.224,29.873
5409,180.3,2.628,2.39,bbox,24.298,26.039,32.224,29.934
5410,180.333,2.653,2.501,bbox,24.298,26.095,32.224,30.042
5411,180.367,2.7,2.628,bbox,24.298,26.183,32.224,30.122
5412,180.4,2.754,2.653,bbox,24.298,26.214,32.224,30.122
5413,180.433,2.884,2.7,bbox,24.298,26.284,32.224,30.206
5414,180.467,2.959,2.754,bbox,24.298,26.336,32.224,30.206
5415,180.5,3.026,2.884,bbox,24.298,26.392,32.224,30.265
5416,180.533,1.892,2.884,bbox,24.298,26.392,32.224,30.356
5417,180.567,1.992,2.884,bbox,24.298,26.392,32.224,30.389
5418,180.6,1.744,1.992,pose,24.298,26.392,32.224,30.497
5419,180.633,2.121,1.992,bbox,24.298,26.392,32.224,30.586
5420,180.667,2.21,1.992,bbox,24.298,26.392,32.224,30.713
5421,180.7,2.294,2.121,bbox,24.298,26.392,32.224,30.754
5422,180.733,2.397,2.21,bbox,24.298,26.437,32.224,30.804
5423,180.767,2.456,2.294,bbox,24.298,26.437,32.224,30.888
5424,180.8,2.142,2.294,pose,24.298,26.437,32.224,30.987
5425,180.833,2.5,2.397,bbox,24.298,26.437,32.224,31.028
5426,180.867,,,,24.298,26.437,32.224,31.028
5427,180.9,,,,24.298,26.437,32.224,31.028
5428,180.933,,,,24.298,26.437,32.224,31.028
5429,180.967,,,,24.298,26.437,32.224,31.028
5430,181.0,4.121,2.456,bbox,24.298,26.437,32.224,31.071
5431,181.033,4.189,2.5,bbox,24.298,26.437,32.224,31.119
5432,181.067,4.419,4.121,bbox,24.298,26.437,32.224,31.119
5433,181.1,4.575,4.189,bbox,24.298,26.498,32.224,31.164
5434,181.133,4.674,4.419,bbox,24.298,26.548,32.224,31.213
5435,181.167,4.781,4.575,bbox,24.298,26.604,32.224,31.274
5436,181.2,4.387,4.575,pose,24.298,26.604,32.224,31.344
5437,181.233,4.991,4.674,bbox,24.298,26.604,32.224,31.398
5438,181.267,5.051,4.781,bbox,24.298,26.604,32.224,31.398
5439,181.3,5.139,4.991,bbox,24.298,26.674,32.224,31.479
5440,181.333,5.199,5.051,bbox,24.298,26.674,32.224,31.479
5441,181.367,5.29,5.139,bbox,24.298,26.674,32.224,31.512
5442,181.4,5.335,5.199,bbox,24.298,26.714,32.224,31.512
5443,181.433,5.375,5.29,bbox,24.298,26.714,32.224,31.552
5444,181.467,5.392,5.335,bbox,24.298,26.749,32.224,31.583
5445,181.5,3.26,5.335,pose,24.298,26.749,32.224,31.583
5446,181.533,3.447,5.335,bbox,24.298,26.749,32.224,31.655
5447,181.567,3.367,3.447,bbox,24.298,26.749,32.224,31.738
5448,181.6,3.134,3.367,pose,24.298,26.749,32.224,31.738
5449,181.633,3.322,3.322,bbox,24.298,26.749,32.224,31.818
5450,181.667,5.582,3.367,bbox,24.298,26.749,32.224,31.818
5451,181.7,5.655,3.367,bbox,24.298,26.749,32.224,31.818
5452,181.733,5.6,5.582,bbox,24.298,26.749,32.224,31.818
5453,181.767,5.617,5.6,bbox,24.298,26.807,32.224,31.818
5454,181.8,3.981,5.6,bbox,24.298,26.807,32.224,31.818
5455,181.833,4.127,5.6,bbox,24.298,26.807,32.224,31.818
5456,181.867,4.086,4.127,bbox,24.298,26.84,32.224,31.818
5457,181.9,4.144,4.127,bbox,24.298,26.84,32.224,31.818
5458,181.933,4.17,4.127,bbox,24.298,26.84,32.224,31.818
5459,181.967,3.362,4.127,bbox,24.298,26.84,32.224,31.818
5460,182.0,5.811,4.144,pose,24.298,26.84,32.224,31.818
5461,182.033,5.79,4.17,bbox,24.298,26.84,32.224,31.818
5462,182.067,5.79,5.79,bbox,24.298,26.84,32.224,31.818
5463,182.1,5.789,5.79,bbox,24.298,26.84,32.224,31.818
5464,182.133,5.796,5.79,bbox,24.298,26.84,32.224,31.818
5465,182.167,3.557,5.79,bbox,24.298,26.84,32.224,31.818
5466,182.2,,,,24.298,26.84,32.224,31.818
5467,182.233,,,,24.298,26.84,32.224,31.818
5468,182.267,,,,24.298,26.84,32.224,31.818
5469,182.3,,,,24.298,26.84,32.224,31.818
5470,182.333,,,,24.298,26.84,32.224,31.818
5471,182.367,,,,24.298,26.84,32.224,31.818
5472,182.4,,,,24.298,26.84,32.224,31.818
5473,182.433,,,,24.298,26.84,32.224,31.818
5474,182.467,,,,24.298,26.84,32.224,31.818
5475,182.5,,,,24.298,26.84,32.224,31.818
5476,182.533,,,,24.298,26.84,32.224,31.818
5477,182.567,,,,24.298,26.84,32.224,31.818
5478,182.6,,,,24.298,26.84,32.224,31.818
5479,182.633,,,,24.298,26.84,32.224,31.818
5480,182.667,,,,24.298,26.84,32.224,31.818
5481,182.7,,,,24.298,26.84,32.224,31.818
5482,182.733,,,,24.298,26.84,32.224,31.818
5483,182.767,,,,24.298,26.84,32.224,31.818
5484,182.8,,,,24.298,26.84,32.224,31.818
5485,182.833,,,,24.298,26.84,32.224,31.818
5486,182.867,,,,24.298,26.84,32.224,31.818
5487,182.9,,,,24.298,26.84,32.224,31.818
5488,182.933,,,,24.298,26.84,32.224,31.818
5489,182.967,,,,24.298,26.84,32.224,31.818
5490,183.0,,,,24.298,26.84,32.224,31.818
5491,183.033,,,,24.298,26.84,32.224,31.818
5492,183.067,,,,24.298,26.84,32.224,31.818
5493,183.1,,,,24.298,26.84,32.224,31.818
5494,183.133,,,,24.298,26.84,32.224,31.818
5495,183.167,,,,24.298,26.84,32.224,31.818
5496,183.2,,,,24.298,26.84,32.224,31.818
5497,183.233,,,,24.298,26.84,32.224,31.818
5498,183.267,,,,24.298,26.84,32.224,31.818
5499,183.3,6.546,5.79,bbox,24.298,26.84,32.224,31.866
5500,183.333,2.761,5.789,bbox,24.298,26.84,32.224,31.866
5501,183.367,,,,24.298,26.84,32.224,31.866
5502,183.4,,,,24.298,26.84,32.224,31.866
5503,183.433,,,,24.298,26.84,32.224,31.866
5504,183.467,,,,24.298,26.84,32.224,31.866
5505,183.5,,,,24.298,26.84,32.224,31.866
5506,183.533,,,,24.298,26.84,32.224,31.866
5507,183.567,,,,24.298,26.84,32.224,31.866
5508,183.6,,,,24.298,26.84,32.224,31.866
5509,183.633,,,,24.298,26.84,32.224,31.866
5510,183.667,,,,24.298,26.84,32.224,31.866
5511,183.7,,,,24.298,26.84,32.224,31.866
5512,183.733,,,,24.298,26.84,32.224,31.866
5513,183.767,,,,24.298,26.84,32.224,31.866
5514,183.8,,,,24.298,26.84,32.224,31.866
5515,183.833,,,,24.298,26.84,32.224,31.866
5516,183.867,,,,24.298,26.84,32.224,31.866
5517,183.9,,,,24.298,26.84,32.224,31.866
5518,183.933,,,,24.298,26.84,32.224,31.866
5519,183.967,,,,24.298,26.84,32.224,31.866
5520,184.0,,,,24.298,26.84,32.224,31.866
5521,184.033,,,,24.298,26.84,32.224,31.866
5522,184.067,,,,24.298,26.84,32.224,31.866
5523,184.1,,,,24.298,26.84,32.224,31.866
5524,184.133,,,,24.298,26.84,32.224,31.866
5525,184.167,,,,24.298,26.84,32.224,31.866
5526,184.2,,,,24.298,26.84,32.224,31.866
5527,184.233,,,,24.298,26.84,32.224,31.866
5528,184.267,,,,24.298,26.84,32.224,31.866
5529,184.3,,,,24.298,26.84,32.224,31.866
5530,184.333,,,,24.298,26.84,32.224,31.866
5531,184.367,3.373,3.557,bbox,24.298,26.84,32.224,31.866
5532,184.4,3.229,3.373,pose,24.344,26.84,32.224,31.866
5533,184.433,3.244,3.244,bbox,24.344,26.84,32.224,31.866
5534,184.467,3.153,3.229,bbox,24.344,26.84,32.339,31.866
5535,184.5,3.168,3.229,pose,24.386,26.84,32.339,31.941
5536,184.533,2.981,3.168,bbox,24.386,26.84,32.414,31.941
5537,184.567,2.973,3.153,bbox,24.49,26.84,32.481,31.941
5538,184.6,2.504,2.981,pose,24.49,26.84,32.481,31.941
5539,184.633,2.615,2.973,bbox,24.534,26.84,32.524,31.941
5540,184.667,2.433,2.615,bbox,24.682,26.84,32.585,31.941
5541,184.7,2.608,2.608,bbox,24.79,26.84,32.673,31.941
5542,184.733,2.592,2.592,bbox,24.827,26.84,32.673,31.941
5543,184.767,2.48,2.592,bbox,24.892,26.84,32.673,31.941
5544,184.8,2.219,2.48,bbox,24.942,26.84,32.673,31.941
5545,184.833,2.166,2.48,bbox,24.942,26.84,32.752,31.941
5546,184.867,1.855,2.219,bbox,24.942,26.84,32.805,31.941
5547,184.9,1.733,2.166,bbox,25.047,26.84,32.805,31.941
5548,184.933,1.674,1.855,bbox,25.047,26.84,32.805,31.941
5549,184.967,1.592,1.733,bbox,25.103,26.84,32.84,31.941
5550,185.0,2.182,1.733,pose,25.103,26.84,32.876,31.941
5551,185.033,1.36,1.674,bbox,25.193,26.84,32.876,31.941
5552,185.067,1.241,1.592,bbox,25.26,26.84,32.947,31.941
5553,185.1,1.186,1.36,pose,25.299,26.84,32.947,31.941
5554,185.133,1.09,1.241,bbox,25.378,26.84,33.061,31.941
5555,185.167,1.016,1.186,bbox,25.439,26.84,33.119,31.941
5556,185.2,1.05,1.09,pose,25.439,26.84,33.119,31.941
5557,185.233,0.86,1.05,bbox,25.439,26.84,33.231,31.941
5558,185.267,0.803,1.016,bbox,25.469,26.84,33.264,31.941
5559,185.3,0.836,0.86,pose,25.469,26.84,33.264,31.941
5560,185.333,0.832,0.836,bbox,25.59,26.84,33.308,31.941
5561,185.367,0.849,0.836,bbox,25.59,26.84,33.308,31.941
5562,185.4,0.815,0.832,bbox,25.59,26.84,33.308,31.941
5563,185.433,0.815,0.832,bbox,25.59,26.84,33.308,31.941
5564,185.467,0.786,0.815,bbox,25.59,26.84,33.308,31.941
5565,185.5,2.339,0.815,pose,25.59,26.84,33.308,31.941
5566,185.533,0.757,0.815,bbox,25.59,26.84,33.308,31.941
5567,185.567,0.67,0.786,bbox,25.59,26.84,33.308,31.941
5568,185.6,0.685,0.757,bbox,25.59,26.84,33.308,31.941
5569,185.633,0.708,0.708,bbox,25.59,26.84,33.398,31.941
5570,185.667,0.697,0.697,bbox,25.59,26.84,33.398,31.941
5571,185.7,0.731,0.697,bbox,25.59,26.84,33.398,31.941
5572,185.733,0.697,0.697,bbox,25.59,26.84,33.398,31.941
5573,185.767,0.768,0.708,bbox,25.59,26.84,33.398,31.941
5574,185.8,0.815,0.731,bbox,25.59,26.882,33.398,31.988
5575,185.833,0.856,0.768,bbox,25.59,26.921,33.44,31.988
5576,185.867,0.89,0.815,bbox,25.59,26.969,33.44,31.988
5577,185.9,0.868,0.856,pose,25.59,27.003,33.44,31.988
5578,185.933,1.006,0.868,bbox,25.59,27.003,33.44,31.988
5579,185.967,1.03,0.89,bbox,25.59,27.069,33.44,31.988
5580,186.0,1.629,1.006,pose,25.59,27.111,33.44,31.988
5581,186.033,1.18,1.03,bbox,25.59,27.111,33.44,31.988
5582,186.067,1.265,1.18,bbox,25.59,27.241,33.44,31.988
5583,186.1,3.608,1.265,pose,25.59,27.241,33.44,31.988
5584,186.133,1.318,1.318,bbox,25.59,27.273,33.44,31.988
5585,186.167,1.415,1.318,bbox,25.59,27.273,33.44,31.988
5586,186.2,3.302,1.415,pose,25.59,27.306,33.44,32.049
5587,186.233,1.442,1.442,bbox,25.59,27.349,33.44,32.049
5588,186.267,1.493,1.442,bbox,25.59,27.349,33.44,32.049
5589,186.3,1.544,1.493,bbox,25.59,27.349,33.44,32.1
5590,186.333,1.56,1.544,bbox,25.59,27.349,33.44,32.1
5591,186.367,1.647,1.544,bbox,25.59,27.349,33.44,32.1
5592,186.4,2.092,1.56,pose,25.59,27.349,33.44,32.1
5593,186.433,1.769,1.647,bbox,25.59,27.387,33.44,32.1
5594,186.467,1.844,1.769,bbox,25.59,27.458,33.44,32.15
5595,186.5,2.179,1.844,pose,25.59,27.507,33.44,32.15
5596,186.533,2.364,2.092,bbox,25.59,27.588,33.44,32.19
5597,186.567,2.41,2.179,bbox,25.59,27.676,33.44,32.19
5598,186.6,2.157,2.179,pose,25.59,27.676,33.44,32.19
5599,186.633,2.404,2.364,bbox,25.59,27.676,33.44,32.19
5600,186.667,2.465,2.404,bbox,25.59,27.676,33.44,32.19
5601,186.7,2.825,2.41,pose,25.59,27.676,33.44,32.19
5602,186.733,2.747,2.465,bbox,25.59,27.676,33.44,32.19
5603,186.767,2.777,2.747,bbox,25.59,27.676,33.44,32.267
5604,186.8,2.628,2.747,bbox,25.59,27.676,33.44,32.267
5605,186.833,2.61,2.747,bbox,25.633,27.676,33.44,32.267
5606,186.867,0.941,2.628,bbox,25.633,27.676,33.44,32.267
5607,186.9,2.845,2.628,bbox,25.633,27.676,33.44,32.267
5608,186.933,2.934,2.628,bbox,25.633,27.676,33.44,32.267
5609,186.967,2.968,2.845,bbox,25.633,27.676,33.44,32.267
5610,187.0,3.042,2.934,bbox,25.633,27.756,33.44,32.319
5611,187.033,5.524,2.968,bbox,25.633,27.756,33.44,32.319
5612,187.067,,,,25.633,27.756,33.44,32.319
5613,187.1,,,,25.633,27.756,33.44,32.319
5614,187.133,3.201,3.042,bbox,25.633,27.756,33.44,32.319
5615,187.167,7.147,3.201,bbox,25.633,27.756,33.44,32.319
5616,187.2,,,,25.633,27.756,33.44,32.319
5617,187.233,5.146,5.146,bbox,25.633,27.756,33.44,32.319
5618,187.267,,,,25.633,27.756,33.44,32.319
5619,187.3,,,,25.633,27.756,33.44,32.319
5620,187.333,,,,25.633,27.756,33.44,32.319
5621,187.367,,,,25.633,27.756,33.44,32.319
5622,187.4,,,,25.633,27.756,33.44,32.319
5623,187.433,,,,25.633,27.756,33.44,32.319
5624,187.467,,,,25.633,27.756,33.44,32.319
5625,187.5,6.392,5.524,pose,25.633,27.756,33.44,32.319
5626,187.533,,,,25.633,27.756,33.44,32.319
5627,187.567,,,,25.633,27.756,33.44,32.319
5628,187.6,7.403,6.392,bbox,25.633,27.756,33.44,32.319
5629,187.633,7.292,7.147,bbox,25.633,27.756,33.44,32.319
5630,187.667,7.304,7.292,bbox,25.633,27.854,33.44,32.319
5631,187.7,2.508,7.292,bbox,25.633,27.854,33.44,32.351
5632,187.733,,,,25.633,27.854,33.44,32.351
5633,187.767,,,,25.633,27.854,33.44,32.351
5634,187.8,7.558,7.304,pose,25.633,27.911,33.44,32.351
5635,187.833,5.022,7.292,bbox,25.633,27.972,33.44,32.351
5636,187.867,5.09,5.09,bbox,25.633,28.118,33.44,32.351
5637,187.9,7.326,5.09,bbox,25.633,28.191,33.44,32.351
5638,187.933,7.371,7.326,bbox,25.633,28.235,33.44,32.351
5639,187.967,5.3,5.3,bbox,25.633,28.235,33.44,32.351
5640,188.0,7.362,7.326,bbox,25.633,28.299,33.44,32.351
5641,188.033,5.351,7.326,bbox,25.633,28.299,33.44,32.351
5642,188.067,5.418,5.418,bbox,25.633,28.33,33.44,32.351
5643,188.1,7.075,5.418,pose,25.633,28.33,33.44,32.351
5644,188.133,7.516,7.075,bbox,25.633,28.375,33.44,32.351
5645,188.167,5.808,5.808,bbox,25.633,28.475,33.44,32.351
5646,188.2,7.661,7.075,bbox,25.633,28.518,33.44,32.351
5647,188.233,6.062,7.075,bbox,25.633,28.564,33.44,32.351
5648,188.267,7.693,7.516,bbox,25.633,28.68,33.44,32.432
5649,188.3,9.008,7.661,pose,25.633,28.736,33.44,32.432
5650,188.333,6.25,7.661,bbox,25.633,28.843,33.44,32.432
5651,188.367,6.225,6.25,bbox,25.633,28.843,33.44,32.432
5652,188.4,6.539,6.539,bbox,25.633,28.843,33.44,32.475
5653,188.433,,,,25.633,28.843,33.44,32.475
5654,188.467,7.686,6.539,bbox,25.633,28.883,33.44,32.475
5655,188.5,7.729,6.539,bbox,25.672,28.883,33.44,32.475
5656,188.533,7.747,7.686,bbox,25.672,28.922,33.44,32.475
5657,188.567,7.781,7.729,bbox,25.672,28.922,33.44,32.475
5658,188.6,7.916,7.747,bbox,25.672,28.922,33.44,32.475
5659,188.633,8.009,7.781,bbox,25.672,28.922,33.44,32.475
5660,188.667,7.928,7.916,bbox,25.672,28.922,33.44,32.475
5661,188.7,8.029,7.928,pose,25.672,28.922,33.44,32.506
5662,188.733,,,,25.672,28.922,33.44,32.506
5663,188.767,,,,25.672,28.922,33.44,32.506
5664,188.8,,,,25.672,28.922,33.44,32.506
5665,188.833,,,,25.672,28.922,33.44,32.506
5666,188.867,,,,25.672,28.922,33.44,32.506
5667,188.9,,,,25.672,28.922,33.44,32.506
5668,188.933,,,,25.672,28.922,33.44,32.506
5669,188.967,,,,25.672,28.922,33.44,32.506
5670,189.0,,,,25.672,28.922,33.44,32.506
5671,189.033,,,,25.672,28.922,33.44,32.506
5672,189.067,,,,25.672,28.922,33.44,32.506
5673,189.1,,,,25.672,28.922,33.44,32.506
5674,189.133,,,,25.672,28.922,33.44,32.506
5675,189.167,,,,25.672,28.922,33.44,32.506
5676,189.2,,,,25.672,28.922,33.44,32.506
5677,189.233,,,,25.672,28.922,33.44,32.506
5678,189.267,,,,25.672,28.922,33.44,32.506
5679,189.3,,,,25.672,28.922,33.44,32.506
5680,189.333,,,,25.672,28.922,33.44,32.506
5681,189.367,,,,25.672,28.922,33.44,32.506
5682,189.4,,,,25.672,28.922,33.44,32.506
5683,189.433,,,,25.672,28.922,33.44,32.506
5684,189.467,,,,25.672,28.922,33.44,32.506
5685,189.5,,,,25.672,28.922,33.44,32.506
5686,189.533,,,,25.672,28.922,33.44,32.506
5687,189.567,,,,25.672,28.922,33.44,32.506
5688,189.6,,,,25.672,28.922,33.44,32.506
5689,189.633,,,,25.672,28.922,33.44,32.506
5690,189.667,,,,25.672,28.922,33.44,32.506
5691,189.7,,,,25.672,28.922,33.44,32.506
5692,189.733,0.453,7.928,bbox,25.672,28.922,33.44,32.506
5693,189.767,0.455,7.928,bbox,25.672,28.922,33.44,32.506
5694,189.8,0.461,0.461,bbox,25.672,28.922,33.44,32.506
5695,189.833,0.458,0.458,bbox,25.672,28.922,33.44,32.506
5696,189.867,0.46,0.458,bbox,25.672,28.922,33.44,32.506
5697,189.9,0.457,0.458,bbox,25.672,28.922,33.44,32.506
5698,189.933,0.463,0.46,bbox,25.672,28.922,33.44,32.506
5699,189.967,0.445,0.458,bbox,25.672,28.922,33.44,32.506
