frame,time_s,distance_raw_m,distance_smooth_m,method,f1_advance_m,f1_retreat_m,f2_advance_m,f2_retreat_m,f1_pos_m,f2_pos_m,f1_stance_m,f2_stance_m,f1_hip_height_m,f2_hip_height_m
0,0.0,4.322,4.322,pose,0.0,0.0,0.0,0.0,1.8777,7.4343,0.4184,0.6005,0.7636,0.8622
1,0.034,4.333,4.327,pose,0.0,0.0,0.0,0.0,1.8778,7.4346,0.4151,0.6473,0.7626,0.8742
2,0.069,4.652,4.333,pose,0.0,0.0,0.0,0.0,1.8601,7.4363,0.4229,0.115,0.7494,0.4702
3,0.103,4.162,4.327,pose,0.0,0.0,0.0,0.0,1.8596,7.4267,0.4382,1.0718,0.747,0.9234
4,0.137,4.129,4.322,pose,0.0,0.0,0.0,0.0,1.861,7.3746,0.4423,1.1428,0.7534,0.937
5,0.172,4.149,4.162,pose,0.0,0.0,0.0,0.0,1.8611,7.3963,0.4433,1.0502,0.7449,0.881
6,0.206,4.153,4.153,pose,0.0,0.0,0.038,0.0,1.8594,7.3658,0.4428,1.0217,0.7337,0.8241
7,0.24,4.065,4.149,pose,0.0,0.0,0.038,0.0,1.8654,7.3161,0.4443,1.2055,0.7414,0.905
8,0.275,4.099,4.129,pose,0.0,0.0,0.068,0.0,1.8793,7.3243,0.4454,1.1713,0.7364,0.8831
9,0.309,4.177,4.149,pose,0.0,0.0,0.11,0.0,1.8896,7.2727,0.4304,1.088,0.7245,0.8488
10,0.343,4.034,4.099,pose,0.0,0.0,0.11,0.0,1.8919,7.2165,0.43,1.3038,0.7285,0.8754
11,0.377,4.365,4.099,pose,0.0,0.0,0.162,0.0,1.898,7.1676,0.4178,0.1025,0.7391,-0.1488
12,0.412,4.459,4.177,pose,0.0,0.0,0.218,0.0,1.9011,7.1604,0.4168,0.0692,0.7309,-0.2501
13,0.446,4.518,4.365,pose,0.0,0.0,0.267,0.0,1.8938,7.1317,0.4187,0.009,0.7169,-0.3104
14,0.48,4.089,4.365,pose,0.0,0.0,0.267,0.0,1.8867,7.1141,0.4598,0.0881,0.7313,0.1595
15,0.515,4.47,4.459,pose,0.0,0.0,0.303,0.0,1.8704,7.0969,0.4713,0.0115,0.7227,-0.2128
16,0.549,4.02,4.459,pose,0.0,0.0,0.303,0.0,1.8449,7.0809,0.5137,1.3099,0.7074,0.8641
17,0.583,4.06,4.089,pose,0.0,0.0,0.337,0.0,1.8211,7.0822,0.5424,1.2548,0.6945,0.8952
18,0.618,4.066,4.066,pose,0.0,0.033,0.337,0.0,1.798,7.0001,0.584,1.1418,0.6695,0.8794
19,0.652,4.09,4.066,pose,0.0,0.033,0.337,0.0,1.7782,6.9187,0.6185,1.1214,0.6586,0.9063
20,0.686,4.063,4.063,pose,0.0,0.08,0.434,0.0,1.77,6.8646,0.6557,1.0914,0.6663,0.9192
21,0.721,4.064,4.064,pose,0.0,0.08,0.516,0.0,1.7839,6.8365,0.6737,1.0457,0.6601,0.9465
22,0.755,4.102,4.066,pose,0.0,0.08,0.57,0.0,1.7604,6.8121,0.6696,1.0073,0.6487,0.9407
23,0.789,4.063,4.064,pose,0.0,0.08,0.57,0.0,1.7553,6.8182,0.6882,1.0027,0.6373,0.9707
24,0.824,4.071,4.064,pose,0.0,0.117,0.616,0.0,1.7537,6.8062,0.6826,0.9795,0.6356,0.9754
25,0.858,4.031,4.064,pose,0.0,0.117,0.616,0.0,1.7506,6.7919,0.6816,0.9805,0.627,0.9665
26,0.892,4.02,4.063,pose,0.0,0.117,0.616,0.0,1.7402,6.8016,0.6808,0.9454,0.6314,0.9939
27,0.927,4.031,4.031,pose,0.0,0.117,0.616,0.0,1.7224,6.8065,0.6785,0.9505,0.6487,0.9805
28,0.961,4.019,4.031,pose,0.0,0.117,0.616,0.0,1.7212,6.8202,0.6841,0.9342,0.6579,0.989
29,0.995,4.045,4.031,pose,0.0,0.155,0.616,0.0,1.7158,6.8382,0.6753,0.9437,0.6769,0.9831
30,1.03,3.999,4.02,pose,0.0,0.155,0.616,0.0,1.7042,6.8466,0.6907,0.9581,0.6863,0.9862
31,1.064,3.977,4.019,pose,0.0,0.155,0.616,0.0,1.7074,6.8568,0.6859,0.9571,0.6892,0.9793
32,1.098,3.962,3.999,pose,0.0,0.155,0.616,0.0,1.7145,6.8655,0.6911,0.9758,0.7034,0.9989
33,1.132,3.983,3.983,pose,0.0,0.155,0.616,0.039,1.6982,6.9109,0.6893,0.962,0.6925,1.0063
34,1.167,3.974,3.977,pose,0.0,0.155,0.616,0.039,1.686,6.8819,0.6967,0.9706,0.6944,1.0003
35,1.201,3.955,3.974,pose,0.0,0.155,0.616,0.039,1.6907,6.8709,0.6905,0.9724,0.6798,0.9904
36,1.235,3.955,3.962,pose,0.0,0.155,0.616,0.039,1.7001,6.8704,0.6961,0.9606,0.6861,0.974
37,1.27,3.947,3.955,pose,0.0,0.155,0.616,0.039,1.6994,6.8749,0.6858,0.971,0.6727,0.9889
38,1.304,3.942,3.955,pose,0.0,0.155,0.616,0.039,1.7036,6.8836,0.6852,0.9628,0.6736,0.9717
39,1.338,3.916,3.947,pose,0.0,0.155,0.616,0.039,1.706,6.8754,0.6926,0.9934,0.6878,0.9757
40,1.373,3.907,3.942,pose,0.0,0.155,0.616,0.039,1.7045,6.8721,0.6789,0.9777,0.6925,0.9767
41,1.407,3.895,3.916,pose,0.0,0.155,0.616,0.039,1.7153,6.8623,0.6785,0.9891,0.7068,0.986
42,1.441,3.901,3.907,pose,0.0,0.155,0.616,0.039,1.7191,6.8691,0.6794,1.0124,0.7077,0.9973
43,1.476,3.888,3.901,pose,0.0,0.155,0.616,0.039,1.7334,6.8642,0.6821,0.9985,0.706,0.9801
44,1.51,3.893,3.895,pose,0.0,0.155,0.616,0.039,1.7518,6.8445,0.679,0.9944,0.705,0.9747
45,1.544,3.896,3.895,pose,0.0,0.155,0.616,0.039,1.7447,6.8074,0.6756,0.9863,0.6987,0.9666
46,1.579,3.91,3.896,pose,0.0,0.155,0.616,0.039,1.7516,6.7952,0.6712,0.9737,0.6971,0.983
47,1.613,3.905,3.896,pose,0.0,0.155,0.665,0.039,1.7542,6.7974,0.6714,0.9764,0.6984,0.9774
48,1.647,3.89,3.896,pose,0.0,0.155,0.665,0.039,1.7567,6.8018,0.6665,1.0015,0.7071,0.9935
49,1.682,3.88,3.896,pose,0.032,0.155,0.665,0.039,1.776,6.8018,0.6747,0.9627,0.7209,0.9849
50,1.716,3.896,3.896,pose,0.032,0.155,0.665,0.039,1.7948,6.8034,0.6719,0.9785,0.7114,0.9982
51,1.75,3.896,3.896,pose,0.032,0.155,0.665,0.039,1.7866,6.8031,0.6782,0.9627,0.7182,0.9913
52,1.784,3.911,3.896,pose,0.032,0.155,0.665,0.039,1.7711,6.7973,0.6585,0.9716,0.7339,0.9915
53,1.819,3.922,3.896,pose,0.032,0.155,0.665,0.039,1.7627,6.8132,0.675,0.935,0.7219,0.9877
54,1.853,3.942,3.911,pose,0.032,0.155,0.665,0.039,1.7674,6.8334,0.6578,0.9216,0.7115,0.9995
55,1.887,3.941,3.922,pose,0.032,0.155,0.665,0.039,1.7465,6.8302,0.6645,0.9135,0.6872,0.9713
56,1.922,3.955,3.941,pose,0.032,0.155,0.665,0.039,1.7289,6.8265,0.6585,0.9325,0.6832,0.9626
57,1.956,3.961,3.942,pose,0.032,0.155,0.665,0.039,1.7178,6.8499,0.6677,0.9409,0.6814,0.9615
58,1.99,3.936,3.942,pose,0.032,0.155,0.665,0.039,1.7098,6.8732,0.6717,0.9466,0.6908,0.9592
59,2.025,3.957,3.955,pose,0.032,0.192,0.665,0.081,1.7117,6.9177,0.6766,0.9258,0.6848,0.974
60,2.059,3.931,3.955,pose,0.032,0.192,0.665,0.081,1.718,6.9028,0.6692,0.9357,0.6969,0.988
61,2.093,3.896,3.936,pose,0.032,0.192,0.665,0.128,1.7353,6.8972,0.6388,0.9305,0.6866,0.9796
62,2.128,3.88,3.931,pose,0.032,0.192,0.665,0.128,1.7685,6.8717,0.6117,0.9306,0.6758,0.9932
63,2.162,3.9,3.9,pose,0.032,0.192,0.665,0.128,1.8299,6.8524,0.5334,0.9288,0.6664,1.0109
64,2.196,3.889,3.896,pose,0.083,0.192,0.665,0.128,1.8723,6.8404,0.4872,0.9293,0.6791,0.999
65,2.231,3.901,3.896,pose,0.144,0.192,0.71,0.128,1.9102,6.8246,0.417,0.9279,0.701,1.0079
66,2.265,4.192,3.9,bbox,0.186,0.192,0.71,0.128,1.9752,6.8152,,0.936,,0.9744
67,2.299,4.126,3.901,bbox,0.224,0.192,0.71,0.128,2.0373,6.8066,,0.9561,,0.9856
68,2.334,3.877,3.901,pose,0.289,0.192,0.747,0.128,2.0966,6.7937,0.1693,0.9457,0.6373,0.9698
69,2.368,3.86,3.901,pose,0.351,0.192,0.747,0.128,2.1363,6.7878,0.1346,0.9304,0.6343,0.9588
70,2.402,3.809,3.877,pose,0.411,0.192,0.747,0.128,2.1705,6.7812,0.0205,0.9435,0.7249,0.9547
71,2.437,3.801,3.86,pose,0.45,0.192,0.747,0.128,2.1865,6.7734,0.0202,0.9424,0.6753,0.9559
72,2.471,3.668,3.809,pose,0.485,0.192,0.781,0.128,2.1911,6.7653,0.1435,0.9538,0.7606,0.946
73,2.505,3.575,3.801,pose,0.485,0.192,0.781,0.128,2.2078,6.7553,0.2698,0.915,0.7352,0.9448
74,2.539,3.514,3.668,pose,0.485,0.192,0.781,0.128,2.2172,6.7488,0.3558,0.9396,0.7363,0.9561
75,2.574,3.501,3.575,pose,0.522,0.192,0.781,0.128,2.2115,6.7411,0.392,0.9303,0.7306,0.9779
76,2.608,3.456,3.514,pose,0.522,0.192,0.814,0.128,2.2066,6.7042,0.427,0.918,0.7331,0.9843
77,2.642,3.466,3.501,pose,0.522,0.192,0.814,0.128,2.1324,6.699,0.4346,0.9359,0.7258,0.9971
78,2.677,3.42,3.466,pose,0.522,0.192,0.858,0.128,2.0948,6.674,0.4258,0.9338,0.7364,0.9722
79,2.711,3.403,3.456,pose,0.522,0.264,0.858,0.128,2.1355,6.6536,0.409,0.9424,0.7253,0.9695
80,2.745,,,,0.522,0.264,0.858,0.128,,,,,,
81,2.78,3.391,3.42,pose,0.522,0.264,0.889,0.128,2.2186,6.5994,0.3397,1.0556,0.6837,0.9217
82,2.814,3.327,3.403,pose,0.522,0.264,0.889,0.128,2.3274,6.5634,0.1538,1.1108,0.7235,0.8954
83,2.848,3.184,3.391,pose,0.605,0.264,0.963,0.128,2.3951,6.5387,0.0063,1.1815,0.6153,0.8606
84,2.883,3.625,3.391,bbox,0.714,0.264,0.999,0.128,2.4097,6.5324,,1.2194,,0.8303
85,2.917,3.708,3.391,bbox,0.777,0.264,0.999,0.128,2.3908,6.5272,,1.2339,,0.8449
86,2.951,3.143,3.327,pose,0.777,0.264,1.03,0.128,2.4509,6.5141,0.1806,1.236,0.7059,0.8226
87,2.986,3.622,3.622,bbox,0.777,0.264,1.03,0.128,2.4708,6.5102,,1.2427,,0.846
88,3.02,3.578,3.622,bbox,0.837,0.264,1.03,0.128,2.4935,6.5035,,1.205,,0.8524
89,3.054,3.071,3.578,pose,0.837,0.264,1.03,0.128,2.5121,6.4861,0.16,1.2109,0.6392,0.8632
90,3.089,2.564,3.143,pose,0.88,0.264,1.03,0.128,2.6295,6.4541,0.748,1.1501,0.6389,0.9
91,3.123,3.254,3.254,bbox,0.88,0.264,1.077,0.128,2.719,6.406,,1.1057,,0.9159
92,3.157,2.459,3.071,pose,1.016,0.264,1.108,0.128,2.7397,6.3057,0.8787,1.1289,0.604,0.897
93,3.191,2.392,2.564,pose,1.105,0.264,1.157,0.128,2.7784,6.2156,0.914,1.0484,0.6063,0.9311
94,3.226,2.371,2.459,pose,1.105,0.264,1.257,0.128,2.8012,6.1605,0.952,1.0198,0.5766,0.9114
95,3.26,2.345,2.392,pose,1.165,0.264,1.347,0.128,2.7906,6.1055,0.9585,0.982,0.5381,0.8985
96,3.294,2.294,2.371,pose,1.165,0.264,1.402,0.128,2.8095,6.0701,0.9795,0.9999,0.5351,0.9327
97,3.329,2.31,2.345,pose,1.165,0.264,1.457,0.128,2.8338,6.0432,0.951,0.9497,0.5456,0.8988
98,3.363,2.347,2.345,pose,1.196,0.264,1.492,0.128,2.8511,6.0314,0.9384,0.9406,0.5363,0.8755
99,3.397,2.341,2.341,pose,1.196,0.264,1.492,0.128,2.8515,6.0562,0.944,0.9969,0.565,0.8694
100,3.432,2.314,2.314,pose,1.234,0.264,1.492,0.128,2.8475,6.0564,0.937,1.0211,0.5805,0.8722
101,3.466,2.333,2.333,pose,1.234,0.264,1.492,0.128,2.8075,6.0768,0.9153,0.9732,0.6079,0.8785
102,3.5,2.326,2.333,pose,1.234,0.264,1.492,0.128,2.7933,6.0502,0.9121,0.9689,0.6313,0.9124
103,3.535,2.317,2.326,pose,1.234,0.304,1.492,0.128,2.7824,6.0817,0.9144,0.9886,0.6571,0.9302
104,3.569,2.301,2.317,pose,1.234,0.304,1.492,0.128,2.7677,6.0891,0.9262,0.9556,0.6399,0.9391
105,3.603,2.313,2.317,pose,1.234,0.304,1.492,0.128,2.7574,6.106,0.9257,0.9667,0.6395,0.9262
106,3.638,2.33,2.317,pose,1.234,0.344,1.492,0.128,2.7449,6.1653,0.9489,0.9931,0.6369,0.9278
107,3.672,2.367,2.317,pose,1.234,0.344,1.492,0.164,2.7258,6.1132,0.9598,1.0189,0.6184,0.8988
108,3.706,2.409,2.33,pose,1.234,0.344,1.492,0.164,2.7145,6.0869,0.9579,1.0369,0.6013,0.8601
109,3.741,2.406,2.367,pose,1.234,0.386,1.492,0.164,2.7164,6.0958,0.97,1.0559,0.6044,0.8638
110,3.775,2.405,2.405,pose,1.234,0.386,1.492,0.164,2.7165,6.0985,0.964,1.0311,0.5819,0.8499
111,3.809,2.374,2.405,pose,1.234,0.386,1.492,0.164,2.7297,6.1098,0.984,1.0286,0.609,0.8636
112,3.844,2.349,2.405,pose,1.234,0.386,1.492,0.164,2.7576,6.1283,0.9979,1.0516,0.6247,0.8702
113,3.878,2.319,2.374,pose,1.234,0.386,1.492,0.164,2.7649,6.1263,0.9868,1.0289,0.6385,0.8953
114,3.912,2.31,2.349,pose,1.266,0.386,1.492,0.164,2.7679,6.1333,0.9537,0.9949,0.6502,0.9014
115,3.946,2.312,2.319,pose,1.266,0.386,1.492,0.164,2.77,6.1187,0.9479,1.0131,0.6588,0.947
116,3.981,2.276,2.312,pose,1.266,0.386,1.492,0.164,2.7728,6.0993,0.9453,1.0002,0.667,0.9309
117,4.015,2.288,2.31,pose,1.266,0.386,1.492,0.164,2.7696,6.082,0.9366,0.9868,0.6705,0.9184
118,4.049,2.301,2.301,pose,1.266,0.386,1.492,0.164,2.7683,6.0738,0.9343,0.9777,0.6342,0.9095
119,4.084,2.314,2.301,pose,1.266,0.386,1.492,0.164,2.7694,6.0542,0.9455,0.9934,0.6053,0.8911
120,4.118,2.321,2.301,pose,1.266,0.386,1.525,0.164,2.7618,6.0443,0.9487,1.0118,0.6055,0.8667
121,4.152,2.342,2.314,pose,1.266,0.386,1.525,0.164,2.7574,6.0431,0.954,0.9869,0.6078,0.8591
122,4.187,2.356,2.321,pose,1.266,0.386,1.525,0.164,2.7589,6.0608,0.9456,0.9854,0.6157,0.8481
123,4.221,2.352,2.342,pose,1.266,0.386,1.525,0.164,2.7505,6.0729,0.9337,1.0011,0.6419,0.8958
124,4.255,2.331,2.342,pose,1.266,0.386,1.525,0.164,2.7567,6.0969,0.9409,1.0103,0.6675,0.9157
125,4.29,2.384,2.352,pose,1.266,0.386,1.525,0.164,2.7673,6.0951,0.9193,1.0004,0.6753,0.9296
126,4.324,2.417,2.356,pose,1.266,0.386,1.525,0.164,2.7704,6.1139,0.9012,0.9901,0.6939,0.9352
127,4.358,2.464,2.384,pose,1.266,0.386,1.525,0.164,2.7623,6.1391,0.8992,1.0011,0.6857,0.947
128,4.393,2.471,2.417,pose,1.266,0.386,1.525,0.204,2.7587,6.1742,0.9204,1.0121,0.6676,0.93
129,4.427,2.505,2.464,pose,1.266,0.386,1.525,0.204,2.7592,6.1655,0.9076,1.0288,0.6419,0.9087
130,4.461,2.518,2.471,pose,1.266,0.386,1.525,0.256,2.7868,6.1826,0.9321,0.9811,0.621,0.877
131,4.496,2.473,2.473,pose,1.266,0.386,1.525,0.256,2.7909,6.2236,0.9483,1.0359,0.6197,0.8484
132,4.53,2.491,2.491,pose,1.266,0.386,1.525,0.256,2.7977,6.2464,0.9296,1.045,0.62,0.8594
133,4.564,2.456,2.491,pose,1.296,0.386,1.525,0.314,2.7885,6.2513,0.9137,1.0492,0.625,0.8717
134,4.598,2.44,2.473,pose,1.296,0.386,1.525,0.314,2.8392,6.2834,0.8738,1.0359,0.6542,0.8879
135,4.633,2.426,2.456,pose,1.296,0.386,1.525,0.314,2.8808,6.307,0.8147,1.0355,0.6476,0.9127
136,4.667,2.382,2.44,pose,1.347,0.386,1.525,0.374,2.9175,6.3062,0.7659,1.0699,0.6752,0.9332
137,4.701,2.377,2.426,pose,1.389,0.386,1.525,0.374,2.9773,6.3084,0.6069,1.0524,0.6584,0.9327
138,4.736,2.363,2.382,pose,1.425,0.386,1.525,0.374,3.0286,6.3049,0.5904,1.0172,0.6935,0.9136
139,4.77,2.345,2.377,pose,1.485,0.386,1.525,0.374,3.0223,6.3018,0.6389,1.0103,0.6863,0.9147
140,4.804,2.312,2.363,pose,1.53,0.386,1.525,0.374,3.0351,6.2861,0.7264,1.0183,0.6804,0.8861
141,4.839,2.249,2.345,pose,1.53,0.386,1.525,0.374,3.0785,6.2891,0.8302,1.0285,0.6498,0.843
142,4.873,2.156,2.312,pose,1.53,0.386,1.525,0.374,3.1406,6.286,0.9672,1.0467,0.6424,0.8186
143,4.907,2.123,2.249,pose,1.586,0.386,1.525,0.374,3.1824,6.3236,1.012,1.0684,0.6187,0.7935
144,4.942,2.075,2.156,pose,1.649,0.386,1.525,0.374,3.2205,6.3135,1.058,1.0933,0.6184,0.7437
145,4.976,2.279,2.156,pose,1.69,0.386,1.525,0.374,3.2347,6.2806,0.36,1.1599,0.5688,0.7089
146,5.01,1.902,2.123,pose,1.728,0.386,1.525,0.374,3.2828,6.2646,1.0426,1.1954,0.5758,0.6758
147,5.045,2.696,2.123,bbox,1.728,0.386,1.525,0.374,3.3078,6.1369,,0.1863,,0.7009
148,5.079,2.68,2.279,bbox,1.791,0.386,1.525,0.374,3.3411,6.0727,,,,
149,5.113,1.519,2.279,pose,1.791,0.386,1.671,0.374,3.3469,5.9552,1.0248,1.5142,0.4896,0.6685
150,5.148,1.509,1.902,pose,1.791,0.386,1.735,0.374,3.3101,5.8572,1.0188,1.3684,0.5164,0.6609
151,5.182,2.421,2.421,bbox,1.791,0.386,1.853,0.374,3.2616,5.7752,,1.3327,,0.7112
152,5.216,2.398,2.398,bbox,1.791,0.386,1.951,0.374,3.2085,5.7172,,1.2995,,0.6594
153,5.251,2.337,2.337,bbox,1.791,0.386,2.033,0.374,3.1609,5.6065,,1.3255,,0.665
154,5.285,1.496,2.337,pose,1.791,0.46,2.091,0.374,3.1275,5.5111,1.0632,1.2316,0.6031,0.6757
155,5.319,1.855,2.337,pose,1.791,0.508,2.202,0.374,3.0562,5.3963,1.0366,1.2193,0.5969,-0.0037
156,5.353,1.656,1.855,pose,1.791,0.541,2.297,0.374,2.9796,5.33,1.0082,1.0556,0.6049,0.7319
157,5.388,2.314,1.855,bbox,1.791,0.612,2.412,0.374,2.8768,5.2511,,0.9393,,0.735
158,5.422,2.236,1.855,bbox,1.791,0.689,2.478,0.374,2.8397,5.1486,,0.8404,,0.754
159,5.456,1.844,1.855,pose,1.791,0.792,2.557,0.374,2.8536,5.1161,0.7675,0.7586,0.5721,0.7467
160,5.491,2.151,2.151,bbox,1.791,0.792,2.659,0.374,2.835,5.094,,0.7217,,0.7844
161,5.525,2.149,2.151,bbox,1.791,0.829,2.692,0.374,2.8198,5.0891,,0.7346,,0.7737
162,5.559,2.167,2.151,bbox,1.791,0.829,2.692,0.374,2.7892,5.0798,,0.8032,,0.7316
163,5.594,2.187,2.151,bbox,1.791,0.829,2.692,0.374,2.7599,5.0701,,0.8849,,0.7494
164,5.628,2.238,2.167,bbox,1.791,0.879,2.728,0.374,2.7285,5.0686,,0.9942,,0.7466
165,5.662,2.3,2.187,bbox,1.791,0.879,2.728,0.374,2.6934,5.0801,,1.1224,,0.7788
166,5.697,2.071,2.187,pose,1.791,0.94,2.728,0.374,2.5826,5.0918,0.3226,1.0806,0.5398,0.7445
167,5.731,2.592,2.238,bbox,1.791,0.975,2.728,0.374,2.4553,5.0913,,1.056,,0.7519
168,5.765,2.697,2.3,bbox,1.791,1.086,2.728,0.374,2.3546,5.082,,1.0906,,0.6816
169,5.8,2.007,2.3,pose,1.791,1.213,2.728,0.374,2.272,5.0658,0.8775,1.1439,0.5176,0.697
170,5.834,2.088,2.088,pose,1.791,1.314,2.728,0.374,2.2224,5.0513,0.9477,1.0984,0.5003,0.7232
171,5.868,2.871,2.592,bbox,1.791,1.396,2.728,0.374,2.1972,5.0266,,1.1193,,0.7255
172,5.903,2.915,2.697,bbox,1.791,1.446,2.728,0.374,2.1483,5.0099,,1.0842,,0.7426
173,5.937,2.856,2.856,bbox,1.791,1.446,2.782,0.374,2.0993,4.9475,,1.0214,,0.7453
174,5.971,2.818,2.856,bbox,1.791,1.52,2.782,0.374,2.0404,4.9034,,0.9401,,0.8036
175,6.005,2.788,2.856,bbox,1.791,1.569,2.861,0.374,2.0217,4.8735,,0.9092,,0.8104
176,6.04,2.133,2.818,pose,1.791,1.628,2.905,0.374,1.991,4.835,0.9549,0.8646,0.6183,0.8434
177,6.074,2.114,2.788,pose,1.791,1.628,2.905,0.374,1.978,4.8125,0.8989,0.8378,0.6733,0.8698
178,6.108,2.172,2.172,pose,1.791,1.677,2.973,0.374,1.9765,4.7664,0.7793,0.8451,0.6863,0.8987
179,6.143,2.227,2.172,pose,1.791,1.677,2.973,0.374,1.9653,4.7647,0.6812,0.8555,0.7357,0.8918
180,6.177,2.256,2.172,pose,1.791,1.677,3.042,0.374,1.9564,4.7445,0.6502,0.8638,0.7207,0.8718
181,6.211,2.281,2.227,pose,1.791,1.677,3.042,0.374,1.9367,4.7323,0.6804,0.8593,0.707,0.8456
182,6.246,2.304,2.256,pose,1.791,1.712,3.042,0.374,1.9142,4.7449,0.7103,0.8669,0.6956,0.8001
183,6.28,2.302,2.281,pose,1.791,1.712,3.042,0.374,1.7478,4.7533,0.7469,0.8731,0.6814,0.8069
184,6.314,2.806,2.302,bbox,1.791,1.754,3.042,0.374,1.8364,4.7692,,0.8507,,0.8191
185,6.349,2.904,2.304,bbox,1.791,1.832,3.042,0.374,1.7569,4.7832,,0.843,,0.836
186,6.383,2.341,2.341,pose,1.791,1.884,3.042,0.374,1.784,4.8111,0.8067,0.859,0.5975,0.8375
187,6.417,2.322,2.341,pose,1.791,1.884,3.042,0.374,1.8286,4.8775,0.7873,0.8648,0.6039,0.8513
188,6.452,2.282,2.341,pose,1.835,1.884,3.042,0.419,1.8545,4.9008,0.7959,0.8647,0.6016,0.8809
189,6.486,2.295,2.322,pose,1.835,1.884,3.042,0.485,1.8535,4.9151,0.8017,0.8565,0.612,0.8924
190,6.52,2.872,2.322,bbox,1.835,1.884,3.042,0.485,1.8148,4.9012,,0.8292,,0.894
191,6.555,2.305,2.305,pose,1.835,1.884,3.042,0.485,1.8028,4.8758,0.7684,0.8487,0.6656,0.8766
192,6.589,2.317,2.305,pose,1.835,1.884,3.042,0.485,1.809,4.8668,0.7595,0.8521,0.6875,0.8538
193,6.623,2.335,2.317,pose,1.835,1.884,3.042,0.485,1.8249,4.8548,0.7532,0.8604,0.6885,0.8355
194,6.658,2.351,2.335,pose,1.835,1.884,3.042,0.485,1.8423,4.8612,0.7234,0.8709,0.695,0.8244
195,6.692,2.367,2.335,pose,1.835,1.884,3.042,0.485,1.8497,4.856,0.6899,0.8607,0.7109,0.827
196,6.726,2.373,2.351,pose,1.835,1.884,3.042,0.485,1.8474,4.8692,0.6732,0.8596,0.7038,0.8406
197,6.76,2.362,2.362,pose,1.835,1.884,3.042,0.485,1.8284,4.8645,0.6838,0.8713,0.6957,0.8477
198,6.795,2.362,2.362,pose,1.835,1.884,3.042,0.485,1.8193,4.878,0.7074,0.8927,0.6756,0.8695
199,6.829,2.363,2.363,pose,1.835,1.884,3.042,0.485,1.8117,4.9024,0.535,0.9048,0.6274,0.9115
200,6.863,2.318,2.362,pose,1.835,1.884,3.042,0.485,1.8456,4.9303,0.7386,0.9152,0.6049,0.9121
201,6.898,2.283,2.362,pose,1.835,1.884,3.042,0.485,1.8796,4.9694,0.7664,0.927,0.6011,0.9086
202,6.932,2.279,2.318,pose,1.835,1.884,3.042,0.538,1.9078,5.0097,0.8203,0.9034,0.5971,0.9046
203,6.966,2.888,2.318,bbox,1.886,1.884,3.042,0.577,1.9526,5.0347,,0.8648,,0.8899
204,7.001,2.257,2.283,pose,1.886,1.884,3.042,0.617,2.0146,5.0643,0.9757,0.8547,0.4812,0.8549
205,7.035,2.908,2.283,bbox,1.959,1.884,3.042,0.617,2.0693,5.0888,,0.8595,,0.8264
206,7.069,2.872,2.872,bbox,2.021,1.884,3.042,0.672,2.1515,5.0882,,0.8605,,0.8299
207,7.104,2.871,2.872,bbox,2.076,1.884,3.042,0.672,2.2614,5.1441,,0.849,,0.8407
208,7.138,2.213,2.871,pose,2.158,1.884,3.042,0.672,2.3175,5.2256,1.0245,0.8636,0.513,0.8727
209,7.172,2.919,2.872,bbox,2.268,1.884,3.042,0.752,2.3755,5.2544,,0.8603,,0.8821
210,7.207,2.784,2.871,bbox,2.324,1.884,3.042,0.752,2.4286,5.1703,,0.8885,,0.8852
211,7.241,2.171,2.784,pose,2.382,1.884,3.042,0.752,2.4401,5.1449,0.9588,0.913,0.3815,0.8866
212,7.275,2.255,2.255,pose,2.435,1.884,3.042,0.752,2.453,5.1114,0.6336,0.8566,0.3569,0.8663
213,7.31,2.769,2.769,bbox,2.435,1.884,3.042,0.752,2.455,5.0885,,0.8342,,0.8558
214,7.344,2.213,2.255,pose,2.435,1.884,3.074,0.752,2.4598,5.0687,1.0393,0.8182,0.355,0.8434
215,7.378,2.419,2.255,pose,2.435,1.884,3.074,0.752,2.4598,5.0665,1.03,0.8119,0.4359,0.7909
216,7.412,2.465,2.419,pose,2.435,1.884,3.117,0.752,2.4412,5.0636,1.0336,0.7755,0.432,0.8043
217,7.447,2.456,2.456,pose,2.435,1.884,3.117,0.752,2.43,5.0603,1.0248,0.7949,0.4524,0.7693
218,7.481,2.498,2.456,pose,2.435,1.884,3.117,0.752,2.3645,5.0708,1.0157,0.7948,0.4878,0.7462
219,7.515,2.485,2.465,pose,2.435,1.884,3.117,0.752,2.3294,5.0844,1.0121,0.7731,0.5243,0.7422
220,7.55,2.452,2.465,pose,2.435,1.949,3.117,0.752,2.2937,5.1009,1.0338,0.8253,0.5187,0.7501
221,7.584,2.965,2.485,bbox,2.435,1.984,3.117,0.752,2.3029,5.1171,,0.8289,,0.768
222,7.618,2.354,2.485,pose,2.435,1.984,3.117,0.784,2.3097,5.1132,1.0168,0.8315,0.5206,0.7906
223,7.653,2.357,2.452,pose,2.435,1.984,3.117,0.784,2.2874,5.1061,1.0255,0.8012,0.4806,0.8368
224,7.687,2.383,2.383,pose,2.435,2.019,3.117,0.784,2.2846,5.1044,0.9512,0.8184,0.508,0.8341
225,7.721,2.352,2.357,pose,2.435,2.019,3.117,0.784,2.2797,5.0969,1.0005,0.827,0.4741,0.8493
226,7.756,2.318,2.354,pose,2.435,2.019,3.117,0.784,2.3002,5.0988,1.0033,0.841,0.4619,0.851
227,7.79,2.464,2.357,pose,2.435,2.019,3.117,0.784,2.3282,5.1065,0.6023,0.9191,0.4166,0.8639
228,7.824,2.169,2.352,pose,2.435,2.019,3.117,0.784,2.3773,5.1156,0.9463,0.9967,0.4486,0.8494
229,7.859,2.186,2.318,pose,2.47,2.019,3.117,0.784,2.4796,5.164,0.9642,0.9687,0.5097,0.8248
230,7.893,2.244,2.244,pose,2.519,2.019,3.117,0.784,2.5544,5.1858,0.9479,0.9243,0.4691,0.8273
231,7.927,2.745,2.244,bbox,2.621,2.019,3.117,0.847,2.5703,5.2017,,0.9247,,0.8166
232,7.962,2.756,2.244,bbox,2.696,2.019,3.117,0.847,2.5726,5.2089,,0.9516,,0.7812
233,7.996,2.263,2.263,pose,2.696,2.019,3.117,0.885,2.574,5.2382,0.9296,0.9368,0.4556,0.8015
234,8.03,2.207,2.263,pose,2.696,2.019,3.117,0.885,2.5699,5.2529,0.9527,0.9737,0.494,0.8154
235,8.065,2.215,2.263,pose,2.696,2.019,3.117,0.921,2.5633,5.311,0.9402,0.9667,0.5097,0.851
236,8.099,2.161,2.215,pose,2.696,2.019,3.117,0.921,2.5496,5.354,0.9415,0.9835,0.5455,0.8916
237,8.133,2.139,2.207,pose,2.696,2.019,3.117,0.994,2.5034,5.3924,0.9569,0.9933,0.5523,0.8613
238,8.167,2.218,2.207,pose,2.696,2.019,3.117,1.037,2.4682,5.5249,0.9428,0.9673,0.5693,0.8738
239,8.202,2.349,2.215,pose,2.696,2.07,3.117,1.075,2.4418,5.6561,0.9129,0.958,0.5932,0.8595
240,8.236,2.541,2.218,pose,2.696,2.106,3.117,1.208,2.4111,5.734,0.8765,0.8763,0.5633,0.7962
241,8.27,2.668,2.349,pose,2.696,2.106,3.117,1.339,2.3852,5.7796,0.8241,0.8412,0.5385,0.7792
242,8.305,3.426,2.541,bbox,2.696,2.163,3.117,1.417,2.3763,5.8076,,0.8913,,0.7615
243,8.339,2.756,2.668,pose,2.696,2.163,3.117,1.462,2.3706,5.8373,0.8456,0.9022,0.5028,0.7551
244,8.373,3.579,2.756,bbox,2.696,2.197,3.117,1.462,2.3627,5.8408,,0.8796,,0.7627
245,8.408,3.555,3.426,bbox,2.696,2.197,3.117,1.498,2.3567,5.8153,,0.9152,,0.775
246,8.442,2.779,3.426,pose,2.696,2.197,3.117,1.498,2.3597,5.8281,0.861,0.8824,0.5145,0.7782
247,8.476,2.697,2.779,pose,2.696,2.197,3.117,1.498,2.3703,5.8349,0.8316,0.9054,0.5313,0.7958
248,8.511,2.598,2.779,pose,2.696,2.197,3.117,1.498,2.3877,5.8505,0.8125,0.9153,0.5628,0.8285
249,8.545,2.5,2.697,pose,2.696,2.197,3.117,1.498,2.4165,5.8565,0.7705,0.9012,0.5934,0.8565
250,8.579,2.466,2.598,pose,2.696,2.197,3.117,1.498,2.4489,5.8432,0.7302,0.8983,0.6185,0.8862
251,8.614,2.46,2.5,pose,2.736,2.197,3.117,1.528,2.4695,5.8454,0.6916,0.8801,0.6407,0.9085
252,8.648,2.466,2.466,pose,2.769,2.197,3.117,1.528,2.494,5.815,0.66,0.8466,0.66,0.9096
253,8.682,2.456,2.466,pose,2.769,2.197,3.117,1.528,2.5286,5.7638,0.6194,0.8527,0.6791,0.899
254,8.717,2.465,2.465,pose,2.814,2.197,3.148,1.528,2.5627,5.7301,0.6069,0.831,0.6704,0.8745
255,8.751,2.463,2.463,pose,2.848,2.197,3.199,1.528,2.5825,5.7238,0.6669,0.8275,0.6598,0.8589
256,8.785,2.41,2.463,pose,2.883,2.197,3.232,1.528,2.6035,5.6913,0.7628,0.8475,0.6533,0.8357
257,8.819,2.423,2.456,pose,2.883,2.197,3.232,1.528,2.597,5.6958,0.7793,0.851,0.5855,0.8226
258,8.854,2.383,2.423,pose,2.917,2.197,3.232,1.528,2.6264,5.7226,0.8337,0.8659,0.5615,0.8268
259,8.888,2.266,2.41,pose,2.917,2.197,3.232,1.528,2.6727,5.7048,0.9475,0.8656,0.5725,0.8511
260,8.922,2.282,2.383,pose,2.917,2.197,3.232,1.528,2.6851,5.7403,0.8829,0.8751,0.5339,0.8533
261,8.957,2.159,2.282,pose,2.992,2.197,3.232,1.528,2.7651,5.8327,0.9962,0.8562,0.5653,0.8732
262,8.991,2.127,2.266,pose,2.992,2.197,3.232,1.528,2.804,5.889,1.0103,0.8788,0.5112,0.8966
263,9.025,2.125,2.159,pose,3.085,2.197,3.232,1.631,2.8175,5.8951,0.9994,0.8783,0.5171,0.9165
264,9.06,2.162,2.159,pose,3.124,2.197,3.232,1.687,2.8349,5.911,0.9564,0.8683,0.5524,0.9322
265,9.094,2.193,2.159,pose,3.124,2.197,3.232,1.687,2.8604,5.9551,0.9564,0.8679,0.562,0.8912
266,9.128,2.242,2.162,pose,3.155,2.197,3.232,1.687,2.879,6.0001,0.9259,0.8332,0.5628,0.8724
267,9.163,2.269,2.193,pose,3.155,2.197,3.232,1.753,2.8942,6.0334,0.9225,0.8301,0.5918,0.8498
268,9.197,2.287,2.242,pose,3.199,2.197,3.232,1.798,2.9043,6.0281,0.895,0.8597,0.6315,0.809
269,9.231,2.294,2.269,pose,3.199,2.197,3.232,1.798,2.9162,6.0107,0.8917,0.8485,0.6691,0.7585
270,9.266,2.293,2.287,pose,3.199,2.197,3.232,1.798,2.9326,6.0028,0.8485,0.865,0.6529,0.7321
271,9.3,2.231,2.287,pose,3.236,2.197,3.232,1.798,2.9271,5.9942,0.8506,0.94,0.6578,0.7069
272,9.334,2.161,2.287,pose,3.236,2.197,3.232,1.798,2.9167,5.9532,0.8569,1.0202,0.6455,0.7064
273,9.369,2.051,2.231,pose,3.236,2.197,3.232,1.798,2.8958,5.8816,0.8655,1.1513,0.6245,0.7227
274,9.403,1.926,2.161,pose,3.236,2.197,3.279,1.798,2.8738,5.7847,0.9013,1.2183,0.5928,0.7432
275,9.437,1.758,2.051,pose,3.236,2.197,3.351,1.798,2.8661,5.7008,0.925,1.4091,0.58,0.6503
276,9.472,2.723,2.051,bbox,3.236,2.24,3.448,1.798,2.8579,5.572,0.9361,,0.5701,
277,9.506,2.679,2.051,bbox,3.236,2.24,3.532,1.798,2.8455,5.4814,0.9557,,0.5524,
278,9.54,2.567,2.567,bbox,3.236,2.24,3.66,1.798,2.8387,5.3743,0.9485,,0.5596,
279,9.574,2.17,2.567,pose,3.236,2.24,3.751,1.798,2.829,5.2999,0.8974,0.2999,0.5795,0.6701
280,9.609,1.98,2.567,pose,3.236,2.275,3.858,1.798,2.8062,5.1974,0.8266,0.8903,0.5888,0.7438
281,9.643,2.387,2.387,bbox,3.236,2.275,3.933,1.798,2.8278,5.1564,,0.8436,,0.7018
282,9.677,1.985,2.17,pose,3.236,2.275,4.035,1.798,2.7987,5.1111,0.7647,0.7987,0.6009,0.7114
283,9.712,2.007,2.007,pose,3.236,2.308,4.076,1.798,2.7348,5.1028,0.7789,0.7818,0.609,0.6872
284,9.746,1.922,1.985,pose,3.236,2.308,4.121,1.798,2.6837,5.1109,0.8409,0.879,0.5838,0.6731
285,9.78,1.832,1.985,pose,3.236,2.379,4.121,1.798,2.6307,5.0619,0.8712,0.9281,0.565,0.6614
286,9.815,1.689,1.922,pose,3.236,2.43,4.121,1.798,2.6081,5.0047,0.9007,1.0677,0.5749,0.6614
287,9.849,1.556,1.832,pose,3.236,2.483,4.121,1.798,2.5751,5.1395,0.916,1.2285,0.5855,0.6501
288,9.883,1.756,1.756,pose,3.236,2.483,4.171,1.798,2.5377,5.0414,0.8779,0.6716,0.5944,0.6151
289,9.918,1.442,1.689,pose,3.236,2.539,4.171,1.798,2.5388,4.9187,0.8053,1.4137,0.4316,0.6562
290,9.952,1.41,1.556,pose,3.236,2.575,4.228,1.798,2.5372,4.8891,0.8233,1.3867,0.4291,0.641
291,9.986,1.428,1.442,pose,3.236,2.575,4.314,1.798,2.5234,4.8321,0.7891,1.2798,0.5141,0.6154
292,10.021,1.445,1.442,pose,3.236,2.575,4.314,1.798,2.4855,4.7565,0.792,1.3452,0.4548,0.649
293,10.055,2.277,1.442,pose,3.236,2.575,4.4,1.798,2.4902,4.6969,0.6077,0.0459,0.4724,0.6403
294,10.089,1.615,1.445,pose,3.236,2.624,4.476,1.798,2.3648,4.6597,0.7726,1.1885,0.5268,0.6458
295,10.124,1.644,1.615,pose,3.236,2.624,4.536,1.798,2.3324,4.6207,0.8086,0.9708,0.5465,0.7221
296,10.158,1.652,1.644,pose,3.236,2.749,4.573,1.798,2.3308,4.6194,0.8272,1.0299,0.5579,0.7072
297,10.192,2.313,1.652,bbox,3.236,2.749,4.573,1.798,2.3698,4.6328,,,,
298,10.226,2.276,1.652,bbox,3.236,2.749,4.573,1.798,2.417,4.6759,,0.9555,,0.7466
299,10.261,2.242,2.242,bbox,3.236,2.749,4.573,1.798,2.5248,4.7464,,0.8719,,0.7567
300,10.295,2.337,2.276,bbox,3.288,2.749,4.573,1.798,2.5349,4.8367,,0.8776,,0.7661
301,10.329,2.162,2.276,pose,3.396,2.749,4.573,1.885,2.6858,4.8896,0.3332,0.8564,0.6413,0.8191
302,10.364,2.255,2.255,bbox,3.396,2.749,4.573,1.975,2.7215,4.9367,,0.8606,,0.8264
303,10.398,2.371,2.255,pose,3.556,2.749,4.573,2.028,2.7118,4.9909,0.2125,0.8312,0.6791,0.8247
304,10.432,2.262,2.262,pose,3.556,2.749,4.573,2.075,2.6867,5.0247,0.4045,0.8504,0.6066,0.823
305,10.467,2.284,2.262,pose,3.556,2.749,4.573,2.129,2.6305,5.085,0.4385,0.8488,0.617,0.8102
306,10.501,2.273,2.273,pose,3.556,2.749,4.573,2.163,2.591,5.1255,0.5384,0.8313,0.639,0.7841
307,10.535,2.268,2.273,pose,3.556,2.804,4.573,2.224,2.5733,5.1551,0.5595,0.8446,0.6187,0.7617
308,10.57,2.259,2.268,pose,3.556,2.844,4.573,2.264,2.5678,5.1495,0.6121,0.8484,0.5678,0.7199
309,10.604,2.244,2.268,pose,3.556,2.844,4.573,2.264,2.5573,5.1734,0.6384,0.8683,0.5304,0.7047
310,10.638,2.232,2.259,pose,3.556,2.844,4.573,2.264,2.5526,5.1823,0.6624,0.8686,0.5185,0.7186
311,10.673,2.19,2.244,pose,3.556,2.844,4.573,2.312,2.5668,5.2368,0.6838,0.8611,0.5034,0.7471
312,10.707,2.11,2.232,pose,3.556,2.844,4.573,2.312,2.6027,5.2461,0.7052,0.8746,0.5054,0.7636
313,10.741,2.066,2.19,pose,3.556,2.844,4.573,2.375,2.6417,5.2806,0.7509,0.8579,0.5252,0.8031
314,10.776,1.975,2.11,pose,3.556,2.844,4.573,2.375,2.6769,5.2602,0.8119,0.8369,0.5468,0.8255
315,10.81,1.89,2.066,pose,3.607,2.844,4.573,2.375,2.7019,5.258,0.8515,0.8474,0.5537,0.8625
316,10.844,1.874,1.975,pose,3.642,2.844,4.573,2.375,2.7491,5.2168,0.8741,0.8179,0.548,0.8619
317,10.879,1.919,1.919,pose,3.642,2.844,4.573,2.375,2.7924,5.2313,0.8416,0.7663,0.548,0.8564
318,10.913,1.927,1.919,pose,3.714,2.844,4.573,2.375,2.8326,5.2016,0.8504,0.7457,0.5431,0.8719
319,10.947,1.938,1.919,pose,3.758,2.844,4.573,2.375,2.8708,5.1982,0.8392,0.7342,0.5204,0.8632
320,10.981,2.349,1.927,bbox,3.798,2.844,4.608,2.375,2.8895,5.1959,,0.737,,0.816
321,11.016,2.341,1.938,bbox,3.836,2.844,4.608,2.375,2.9243,5.2136,,0.7475,,0.8011
322,11.05,2.358,2.341,bbox,3.836,2.844,4.608,2.375,2.9439,5.2519,,0.7624,,0.8219
323,11.084,1.946,2.341,pose,3.89,2.844,4.608,2.375,2.957,5.2957,0.8182,0.7686,0.5114,0.8248
324,11.119,1.923,2.341,pose,3.89,2.844,4.608,2.426,2.9693,5.3209,0.8184,0.7792,0.5423,0.8202
325,11.153,1.923,1.946,pose,3.89,2.844,4.608,2.469,2.9538,5.3935,0.8048,0.7966,0.5533,0.8502
326,11.187,1.926,1.926,pose,3.89,2.844,4.608,2.469,2.9392,5.478,0.8041,0.87,0.5568,0.8593
327,11.222,1.96,1.926,pose,3.89,2.844,4.608,2.567,2.9245,5.5226,0.8163,0.9053,0.5949,0.8709
328,11.256,2.05,1.926,pose,3.89,2.844,4.608,2.652,2.9052,5.6278,0.7915,0.8669,0.582,0.8614
329,11.29,2.154,1.96,pose,3.89,2.844,4.608,2.696,2.8911,5.7371,0.7966,0.8154,0.5867,0.8298
330,11.325,2.234,2.05,pose,3.89,2.844,4.608,2.802,2.884,5.7826,0.8131,0.7987,0.5683,0.8192
331,11.359,2.234,2.154,pose,3.89,2.877,4.608,2.911,2.8665,5.799,0.8098,0.8454,0.5391,0.7918
332,11.393,2.232,2.232,pose,3.89,2.877,4.608,2.956,2.8574,5.8174,0.8331,0.8755,0.5217,0.7928
333,11.428,2.228,2.232,pose,3.89,2.877,4.608,2.956,2.8489,5.8173,0.8418,0.8526,0.5367,0.8243
334,11.462,2.228,2.232,pose,3.89,2.911,4.608,2.991,2.8396,5.8173,0.8138,0.846,0.543,0.8323
335,11.496,2.197,2.228,pose,3.89,2.911,4.608,2.991,2.8508,5.8241,0.8159,0.8638,0.5396,0.8909
336,11.531,2.191,2.228,pose,3.89,2.911,4.608,2.991,2.8979,5.8134,0.8118,0.8535,0.5248,0.9115
337,11.565,2.188,2.197,pose,3.89,2.911,4.608,2.991,2.9669,5.8216,0.7718,0.8465,0.5465,0.922
338,11.599,2.215,2.197,pose,3.93,2.911,4.608,2.991,3.0023,5.8049,0.7068,0.8133,0.5797,0.9285
339,11.633,2.221,2.197,pose,3.999,2.911,4.608,2.991,3.0331,5.8029,0.6495,0.7899,0.5791,0.9416
340,11.668,2.259,2.215,pose,4.035,2.911,4.608,2.991,3.0789,5.7738,0.5928,0.793,0.5727,0.9547
341,11.702,2.286,2.221,pose,4.065,2.911,4.608,2.991,3.1081,5.7782,0.5661,0.7538,0.6127,0.9548
342,11.736,2.272,2.259,pose,4.111,2.911,4.642,2.991,3.1013,5.7837,0.6304,0.7553,0.5817,0.9333
343,11.771,2.203,2.259,pose,4.111,2.911,4.642,2.991,3.1209,5.7988,0.7071,0.7879,0.5769,0.8708
344,11.805,2.148,2.259,pose,4.111,2.911,4.642,2.991,3.1563,5.7766,0.781,0.8097,0.5706,0.8559
345,11.839,2.063,2.203,pose,4.153,2.911,4.642,2.991,3.1809,5.777,0.8597,0.8487,0.5682,0.8358
346,11.874,2.06,2.148,pose,4.189,2.911,4.642,2.991,3.2189,6.0067,0.8466,0.8557,0.53,0.8412
347,11.908,2.031,2.063,pose,4.189,2.911,4.642,2.991,3.2793,6.0675,0.8792,0.8396,0.541,0.8549
348,11.942,2.04,2.06,pose,4.251,2.911,4.642,3.156,3.3008,6.0886,0.8724,0.8294,0.5088,0.895
349,11.977,2.033,2.04,pose,4.311,2.911,4.642,3.156,3.3189,6.0147,0.8708,0.8514,0.4905,0.9033
350,12.011,2.044,2.04,pose,4.311,2.911,4.642,3.217,3.3342,6.0828,0.8528,0.8508,0.4817,0.9156
351,12.045,2.035,2.035,pose,4.351,2.911,4.642,3.217,3.3805,6.1378,0.8696,0.8725,0.4608,0.9133
352,12.08,2.078,2.04,pose,4.351,2.911,4.642,3.217,3.4017,6.2204,0.8579,0.8531,0.5179,0.9417
353,12.114,2.106,2.044,pose,4.413,2.911,4.642,3.287,3.3968,6.2713,0.8627,0.8237,0.5439,0.9079
354,12.148,2.159,2.078,pose,4.413,2.911,4.642,3.37,3.3717,6.3209,0.8268,0.8738,0.5642,0.8753
355,12.183,2.169,2.106,pose,4.413,2.911,4.642,3.421,3.3577,6.3,0.8465,0.8982,0.5682,0.8418
356,12.217,2.199,2.159,pose,4.413,2.911,4.642,3.421,3.3601,6.2544,0.8134,0.9473,0.6002,0.8268
357,12.251,2.857,2.169,bbox,4.413,2.911,4.642,3.421,3.3641,6.2843,,0.9758,,0.8344
358,12.286,2.195,2.195,pose,4.413,2.911,4.642,3.421,3.3534,6.3004,0.8061,0.992,0.5925,0.8363
359,12.32,2.219,2.199,pose,4.413,2.911,4.642,3.421,3.3478,6.3122,0.7871,0.9779,0.5801,0.873
360,12.354,2.182,2.199,pose,4.413,2.911,4.642,3.421,3.3432,6.3146,0.8151,0.9756,0.5708,0.8922
361,12.388,2.153,2.195,pose,4.413,2.943,4.642,3.462,3.3393,6.3231,0.8265,1.0019,0.5643,0.9206
362,12.423,2.114,2.182,pose,4.413,2.943,4.642,3.462,3.3396,6.3403,0.8327,1.0117,0.5651,0.9143
363,12.457,2.127,2.153,pose,4.413,2.943,4.642,3.462,3.3338,6.3604,0.8082,1.0159,0.5635,0.9382
364,12.491,2.129,2.129,pose,4.413,2.943,4.642,3.462,3.3415,6.3861,0.8066,1.0381,0.5925,0.9066
365,12.526,2.281,2.129,pose,4.413,2.943,4.642,3.51,3.3601,6.4013,0.7636,0.9059,0.5882,0.9048
366,12.56,2.305,2.129,pose,4.413,2.943,4.642,3.51,3.3551,6.4311,0.7335,0.9046,0.596,0.8799
367,12.594,2.351,2.281,pose,4.413,2.943,4.642,3.551,3.3578,6.4498,0.6553,0.9631,0.6165,0.8389
368,12.629,2.341,2.305,pose,4.413,2.943,4.642,3.551,3.378,6.4818,0.6093,0.9634,0.6501,0.8271
369,12.663,2.389,2.341,pose,4.413,2.943,4.642,3.599,3.4151,6.5393,0.5241,0.9441,0.6533,0.8276
370,12.697,2.348,2.348,pose,4.443,2.943,4.642,3.631,3.432,6.5423,0.5569,0.9564,0.6408,0.8339
371,12.732,2.279,2.348,pose,4.48,2.943,4.642,3.664,3.4443,6.5144,0.6194,0.9626,0.5965,0.8411
372,12.766,2.19,2.341,pose,4.48,2.943,4.642,3.664,3.458,6.5069,0.714,0.9576,0.6397,0.8578
373,12.8,2.1,2.279,pose,4.48,2.943,4.642,3.664,3.4481,6.5015,0.7847,0.9553,0.6197,0.8622
374,12.835,2.066,2.19,pose,4.48,2.943,4.642,3.664,3.4365,6.4582,0.8107,0.9526,0.6119,0.8686
375,12.869,1.994,2.1,pose,4.48,2.943,4.642,3.664,3.4293,6.3215,0.8355,0.9858,0.6109,0.8567
376,12.903,1.912,2.066,pose,4.48,2.943,4.698,3.664,3.4053,6.2261,0.8364,1.0336,0.5817,0.8431
377,12.938,1.894,1.994,pose,4.48,2.943,4.835,3.664,3.3875,6.1615,0.8638,0.9825,0.5636,0.8516
378,12.972,1.91,1.912,pose,4.48,2.943,4.93,3.664,3.3697,6.1243,0.8577,0.9751,0.5515,0.8502
379,13.006,1.97,1.912,pose,4.48,2.943,4.995,3.664,3.3388,6.0575,0.8505,0.8959,0.5574,0.8374
380,13.04,1.933,1.912,pose,4.48,2.989,5.032,3.664,3.3202,6.0492,0.8503,0.9631,0.5915,0.8348
381,13.075,1.922,1.922,pose,4.48,3.02,5.099,3.664,3.3111,6.0478,0.838,0.9856,0.6294,0.8177
382,13.109,1.875,1.922,pose,4.48,3.02,5.099,3.664,3.3071,6.0736,0.8268,1.0017,0.6445,0.8224
383,13.143,1.918,1.922,pose,4.48,3.02,5.099,3.664,3.3142,6.1214,0.8123,1.0127,0.6634,0.8475
384,13.178,1.977,1.922,pose,4.48,3.02,5.099,3.664,3.3025,6.1364,0.7668,0.9957,0.6538,0.8818
385,13.212,1.979,1.922,pose,4.48,3.051,5.099,3.728,3.2702,6.176,0.7537,0.9994,0.6436,0.904
386,13.246,2.026,1.977,pose,4.48,3.051,5.099,3.728,3.2585,6.2559,0.7645,0.9796,0.6261,0.9105
387,13.281,2.077,1.979,pose,4.48,3.088,5.099,3.782,3.2455,6.2498,0.7793,0.9874,0.6016,0.8976
388,13.315,2.093,2.026,pose,4.48,3.088,5.099,3.856,3.2445,6.2575,0.8038,0.9914,0.5801,0.8649
389,13.349,2.123,2.077,pose,4.48,3.088,5.099,3.856,3.2486,6.2565,0.8061,0.984,0.5684,0.8573
390,13.384,2.154,2.093,pose,4.48,3.088,5.099,3.856,3.2506,6.2596,0.8107,0.989,0.5628,0.855
391,13.418,2.134,2.123,pose,4.48,3.088,5.099,3.856,3.2334,6.2659,0.8042,0.9974,0.5573,0.8286
392,13.452,2.132,2.132,pose,4.48,3.088,5.099,3.856,3.2224,6.2465,0.8289,0.9819,0.5834,0.8462
393,13.487,2.109,2.132,pose,4.48,3.125,5.099,3.856,3.208,6.2135,0.7852,1.0031,0.6261,0.8494
394,13.521,2.084,2.132,pose,4.48,3.125,5.099,3.856,3.1954,6.1662,0.7909,0.9936,0.6437,0.8571
395,13.555,2.12,2.12,pose,4.48,3.125,5.135,3.856,3.1438,6.1487,0.7273,0.9871,0.6421,0.8738
396,13.59,2.133,2.12,pose,4.48,3.163,5.182,3.856,3.0916,6.0947,0.6837,0.9989,0.6208,0.8698
397,13.624,2.122,2.12,pose,4.48,3.215,5.182,3.856,3.0625,6.0481,0.6904,0.9823,0.6082,0.8599
398,13.658,2.088,2.12,pose,4.48,3.267,5.254,3.856,3.0649,6.0153,0.6995,1.0063,0.6151,0.8616
399,13.693,2.102,2.12,pose,4.48,3.267,5.3,3.856,3.0698,5.9866,0.7353,0.9729,0.5858,0.8623
400,13.727,2.197,2.122,pose,4.48,3.267,5.333,3.856,3.0506,5.9861,0.731,0.9383,0.5804,0.8357
401,13.761,2.234,2.122,pose,4.48,3.267,5.333,3.856,3.0406,5.9601,0.7485,0.9226,0.582,0.8355
402,13.795,2.228,2.197,pose,4.48,3.308,5.333,3.856,3.0214,5.9634,0.7626,0.9536,0.5922,0.849
403,13.83,2.251,2.228,pose,4.48,3.308,5.385,3.856,3.0134,5.9543,0.7303,0.9298,0.614,0.8547
404,13.864,2.168,2.228,pose,4.48,3.308,5.385,3.856,3.0195,5.9846,0.7236,0.9751,0.6386,0.8518
405,13.898,2.147,2.228,pose,4.48,3.308,5.385,3.856,3.0226,6.0007,0.708,0.9742,0.6623,0.8651
406,13.933,2.123,2.168,pose,4.48,3.339,5.385,3.856,3.0199,6.0158,0.6789,1.0119,0.6469,0.8814
407,13.967,2.131,2.147,pose,4.48,3.339,5.385,3.894,3.0181,6.0651,0.6978,1.0115,0.654,0.8873
408,14.001,2.162,2.147,pose,4.48,3.339,5.385,3.894,3.0076,6.0878,0.7008,1.0023,0.6486,0.8823
409,14.036,2.173,2.147,pose,4.48,3.339,5.385,3.958,2.9923,6.1276,0.7318,1.0278,0.6337,0.8478
410,14.07,2.276,2.162,pose,4.48,3.339,5.385,3.958,2.9875,6.1615,0.7357,1.0142,0.6008,0.8425
411,14.104,2.35,2.173,pose,4.48,3.339,5.385,4.02,2.9829,6.1748,0.7396,0.9968,0.5935,0.8288
412,14.139,2.368,2.276,pose,4.48,3.371,5.385,4.054,2.986,6.161,0.7255,0.9974,0.5973,0.805
413,14.173,2.368,2.35,pose,4.48,3.371,5.385,4.054,2.9802,6.1897,0.7257,0.9857,0.6236,0.8097
414,14.207,2.327,2.35,pose,4.48,3.371,5.385,4.054,2.9866,6.1347,0.679,1.0302,0.6221,0.7991
415,14.242,2.273,2.35,pose,4.48,3.371,5.385,4.054,3.0231,6.0223,0.6291,1.0281,0.6333,0.8019
416,14.276,2.277,2.327,pose,4.48,3.371,5.385,4.054,3.0572,5.9939,0.3281,0.9895,0.5427,0.8103
417,14.31,2.207,2.277,pose,4.516,3.371,5.524,4.054,3.1069,5.9576,0.5237,0.943,0.6521,0.8522
418,14.345,2.145,2.273,pose,4.55,3.371,5.524,4.054,3.1431,5.9004,0.607,0.8669,0.6488,0.8585
419,14.379,2.048,2.207,pose,4.599,3.371,5.588,4.054,3.1687,5.8743,0.6624,0.8537,0.6265,0.8776
420,14.413,2.016,2.145,pose,4.636,3.371,5.646,4.054,3.2027,5.8183,0.7139,0.7701,0.5952,0.8887
421,14.447,1.971,2.048,pose,4.636,3.371,5.646,4.054,3.2092,5.7779,0.732,0.7483,0.5765,0.8851
422,14.482,1.995,2.016,pose,4.695,3.371,5.728,4.054,3.2634,5.7515,0.7447,0.7137,0.5531,0.8627
423,14.516,1.977,1.995,pose,4.695,3.371,5.768,4.054,3.2827,5.7551,0.7496,0.7209,0.5524,0.8511
424,14.55,1.923,1.977,pose,4.756,3.371,5.768,4.054,3.28,5.753,0.737,0.8324,0.549,0.831
425,14.585,1.844,1.971,pose,4.756,3.371,5.768,4.054,3.2766,5.7527,0.7307,0.9169,0.5663,0.8146
426,14.619,1.763,1.923,pose,4.756,3.371,5.768,4.054,3.2549,5.7212,0.7284,0.9986,0.5706,0.7484
427,14.653,1.693,1.844,pose,4.756,3.371,5.768,4.054,3.2194,5.6493,0.6813,1.1132,0.5689,0.7147
428,14.688,1.734,1.763,pose,4.756,3.371,5.825,4.054,3.2028,5.6222,0.5808,1.1881,0.5283,0.6742
429,14.722,1.632,1.734,pose,4.756,3.415,5.897,4.054,3.1766,5.5234,0.5974,1.2954,0.604,0.6558
430,14.756,1.615,1.693,pose,4.756,3.415,5.897,4.054,3.1491,5.5099,0.6323,1.3193,0.5936,0.677
431,14.791,1.606,1.632,pose,4.756,3.458,6.023,4.054,3.092,5.4087,0.7049,1.314,0.5864,0.689
432,14.825,1.588,1.615,pose,4.756,3.458,6.023,4.054,3.0148,5.3451,0.8129,1.2952,0.5601,0.6776
433,14.859,1.558,1.606,pose,4.756,3.542,6.137,4.054,2.9479,5.2847,0.854,1.2453,0.5704,0.6788
434,14.894,1.549,1.588,pose,4.756,3.62,6.201,4.054,2.8835,5.2019,0.8627,1.1711,0.5819,0.699
435,14.928,1.556,1.558,pose,4.756,3.687,6.261,4.054,2.8626,5.1108,0.8724,1.0411,0.5762,0.7252
436,14.962,2.21,1.558,bbox,4.756,3.751,6.344,4.054,2.8475,5.0509,,0.9524,,0.7285
437,14.997,2.171,1.558,bbox,4.756,3.751,6.435,4.054,2.8008,4.9765,,0.8592,,0.7668
438,15.031,1.764,1.764,pose,4.756,3.787,6.495,4.054,2.7934,4.9317,0.6409,0.7792,0.5893,0.8022
439,15.065,2.054,2.054,bbox,4.756,3.828,6.569,4.054,2.8069,4.8942,,0.7207,,0.8193
440,15.1,2.047,2.054,bbox,4.756,3.828,6.614,4.054,2.8002,4.8807,,0.6977,,0.8151
441,15.134,2.08,2.054,bbox,4.756,3.828,6.652,4.054,2.7756,4.8851,,0.7334,,0.8385
442,15.168,1.738,2.047,pose,4.756,3.828,6.652,4.054,2.7384,4.8897,0.672,0.8106,0.5677,0.8518
443,15.202,1.715,2.047,pose,4.756,3.859,6.652,4.054,2.671,4.8806,0.7191,0.8373,0.5519,0.8544
444,15.237,1.712,1.738,pose,4.756,3.896,6.652,4.054,2.5835,4.8764,0.7545,0.8345,0.544,0.8383
445,15.271,1.722,1.722,pose,4.756,3.963,6.652,4.054,2.5249,4.8741,0.7787,0.8208,0.5664,0.7849
446,15.305,1.759,1.722,pose,4.756,4.051,6.652,4.054,2.5035,4.8985,0.8014,0.8241,0.5882,0.7675
447,15.34,1.789,1.722,pose,4.756,4.11,6.652,4.054,2.5005,4.9234,0.7817,0.7969,0.5899,0.7638
448,15.374,1.836,1.759,pose,4.756,4.11,6.652,4.054,2.4905,4.956,0.7439,0.7962,0.5938,0.7656
449,15.408,1.949,1.789,pose,4.756,4.11,6.652,4.054,2.4681,4.9748,0.6117,0.7987,0.5915,0.7757
450,15.443,2.205,1.836,pose,4.756,4.144,6.652,4.115,2.4356,4.9557,0.3317,0.8167,0.5302,0.8003
451,15.477,2.111,1.949,pose,4.756,4.144,6.652,4.115,2.4293,4.9526,0.4109,0.8208,0.5315,0.8186
452,15.511,2.094,2.094,pose,4.756,4.199,6.652,4.115,2.4235,4.9897,0.3998,0.8363,0.5927,0.8384
453,15.546,2.155,2.111,pose,4.756,4.199,6.652,4.115,2.4271,4.9968,0.3273,0.8257,0.6075,0.834
454,15.58,2.154,2.154,pose,4.756,4.199,6.652,4.115,2.4095,4.9827,0.4048,0.8117,0.6536,0.8367
455,15.614,2.184,2.154,pose,4.756,4.199,6.652,4.115,2.3938,4.9813,0.3958,0.8044,0.6018,0.8552
456,15.649,2.177,2.155,pose,4.756,4.199,6.652,4.115,2.3613,4.9686,0.5351,0.8168,0.5842,0.8363
457,15.683,2.208,2.177,pose,4.756,4.241,6.652,4.115,2.3284,4.9559,0.5704,0.8237,0.5926,0.8084
458,15.717,2.247,2.184,pose,4.756,4.273,6.652,4.115,2.3088,4.9651,0.5725,0.8216,0.6063,0.7885
459,15.752,2.252,2.208,pose,4.756,4.306,6.652,4.115,2.3022,4.9743,0.5985,0.8098,0.5807,0.8007
460,15.786,2.262,2.247,pose,4.756,4.306,6.652,4.115,2.2872,4.9732,0.5926,0.8264,0.5717,0.7817
461,15.82,2.245,2.247,pose,4.756,4.306,6.652,4.115,2.2799,4.9833,0.5925,0.8261,0.5797,0.7773
462,15.854,2.233,2.247,pose,4.756,4.347,6.652,4.115,2.2792,5.0075,0.5812,0.798,0.5895,0.8027
463,15.889,2.177,2.245,pose,4.756,4.347,6.652,4.115,2.2727,5.0057,0.571,0.7974,0.6072,0.8359
464,15.923,2.152,2.233,pose,4.756,4.347,6.652,4.115,2.2666,4.9744,0.5555,0.7734,0.619,0.8503
465,15.957,2.129,2.177,pose,4.756,4.347,6.652,4.115,2.2854,4.9509,0.536,0.7694,0.6225,0.8485
466,15.992,2.142,2.152,pose,4.756,4.347,6.652,4.115,2.3067,4.9349,0.5052,0.7521,0.6246,0.8645
467,16.026,2.12,2.142,pose,4.756,4.347,6.652,4.115,2.3152,4.923,0.5422,0.7353,0.6256,0.8514
468,16.06,2.029,2.129,pose,4.756,4.347,6.652,4.115,2.323,4.908,0.6847,0.7277,0.53,0.8443
469,16.095,2.038,2.12,pose,4.756,4.347,6.685,4.115,2.3375,4.8954,0.7024,0.7259,0.6048,0.8115
470,16.129,2.009,2.038,pose,4.792,4.347,6.685,4.115,2.3686,4.8967,0.7751,0.708,0.5712,0.8158
471,16.163,2.03,2.03,pose,4.792,4.347,6.685,4.115,2.3971,4.9108,0.783,0.7431,0.557,0.8012
472,16.198,1.947,2.029,pose,4.837,4.347,6.685,4.115,2.4379,4.9419,0.8324,0.7824,0.5471,0.7904
473,16.232,1.928,2.009,pose,4.837,4.347,6.685,4.115,2.4792,4.9626,0.8362,0.7792,0.543,0.8167
474,16.266,1.868,1.947,pose,4.907,4.347,6.685,4.115,2.5266,5.0061,0.8391,0.8008,0.5269,0.8445
475,16.301,1.868,1.928,pose,4.948,4.347,6.685,4.155,2.568,5.0559,0.8421,0.824,0.5005,0.8502
476,16.335,1.846,1.868,pose,4.995,4.347,6.685,4.198,2.5971,5.1118,0.8392,0.8375,0.4969,0.8777
477,16.369,1.888,1.868,pose,5.037,4.347,6.685,4.248,2.6238,5.1978,0.8472,0.8206,0.4958,0.8592
478,16.404,1.982,1.868,pose,5.037,4.347,6.685,4.304,2.6415,5.2689,0.838,0.7976,0.5046,0.8487
479,16.438,2.053,1.888,pose,5.093,4.347,6.685,4.39,2.6454,5.2888,0.8353,0.7647,0.5246,0.8215
480,16.472,2.055,1.982,pose,5.093,4.347,6.685,4.461,2.6414,5.3005,0.8374,0.7707,0.5398,0.7897
481,16.507,2.06,2.053,pose,5.093,4.347,6.685,4.461,2.6464,5.3238,0.8339,0.777,0.5529,0.7675
482,16.541,2.069,2.055,pose,5.093,4.347,6.685,4.493,2.6343,5.3423,0.8159,0.7845,0.576,0.781
483,16.575,2.08,2.06,pose,5.093,4.347,6.685,4.493,2.62,5.3541,0.8,0.7704,0.5817,0.8053
484,16.609,2.076,2.069,pose,5.093,4.347,6.685,4.532,2.6144,5.3397,0.7974,0.7726,0.5871,0.8175
485,16.644,2.045,2.069,pose,5.093,4.347,6.685,4.532,2.6037,5.3197,0.8189,0.7852,0.5884,0.8395
486,16.678,2.068,2.069,pose,5.093,4.347,6.685,4.532,2.5848,5.2887,0.8015,0.7612,0.5669,0.8469
487,16.712,2.035,2.068,pose,5.093,4.347,6.685,4.532,2.5852,5.2789,0.83,0.7815,0.5435,0.8597
488,16.747,2.038,2.045,pose,5.093,4.386,6.735,4.532,2.576,5.254,0.8426,0.7654,0.5418,0.8661
489,16.781,2.049,2.045,pose,5.093,4.386,6.735,4.532,2.5584,5.2087,0.8369,0.7398,0.5393,0.8697
490,16.815,2.02,2.038,pose,5.093,4.386,6.77,4.532,2.5836,5.2005,0.8479,0.7344,0.5417,0.8503
491,16.85,2.005,2.035,pose,5.093,4.386,6.811,4.532,2.5978,5.2137,0.8401,0.7495,0.5652,0.8386
492,16.884,2.024,2.024,pose,5.093,4.386,6.811,4.532,2.6452,5.2513,0.8274,0.7196,0.565,0.8147
493,16.918,2.029,2.024,pose,5.093,4.386,6.811,4.532,2.7054,5.2601,0.7969,0.7383,0.5754,0.7949
494,16.953,2.035,2.024,pose,5.153,4.386,6.811,4.57,2.768,5.2773,0.7896,0.7381,0.5701,0.7957
495,16.987,2.055,2.029,pose,5.213,4.386,6.811,4.57,2.8319,5.3186,0.6903,0.7442,0.5756,0.8013
496,17.021,2.036,2.035,pose,5.275,4.386,6.811,4.57,2.8757,5.3358,0.6537,0.7678,0.5972,0.827
497,17.056,2.017,2.035,pose,5.339,4.386,6.811,4.637,2.8793,5.3844,0.6594,0.8111,0.5922,0.8539
498,17.09,2.022,2.035,pose,5.382,4.386,6.811,4.637,2.8743,5.4266,0.6517,0.8641,0.5968,0.8759
499,17.124,2.084,2.036,pose,5.382,4.386,6.811,4.703,2.8819,5.5062,0.652,0.8543,0.5963,0.8752
500,17.159,2.18,2.036,pose,5.382,4.386,6.811,4.745,2.8746,5.6005,0.6713,0.8636,0.5962,0.8465
501,17.193,2.318,2.084,pose,5.382,4.386,6.811,4.825,2.8583,5.7308,0.6566,0.8227,0.6168,0.8073
502,17.227,2.33,2.18,pose,5.382,4.386,6.811,4.919,2.854,5.8137,0.6644,0.8647,0.6246,0.8011
503,17.261,2.332,2.318,pose,5.382,4.386,6.811,5.049,2.8364,5.8371,0.6504,0.912,0.613,0.7789
504,17.296,2.325,2.325,pose,5.382,4.386,6.811,5.132,2.8222,5.8837,0.6676,0.9671,0.6103,0.7958
505,17.33,2.346,2.33,pose,5.382,4.424,6.811,5.132,2.795,5.8672,0.6884,0.9675,0.5872,0.7596
506,17.364,2.366,2.332,pose,5.382,4.424,6.811,5.181,2.7781,5.8623,0.6866,0.9959,0.5814,0.7753
507,17.399,2.421,2.346,pose,5.382,4.465,6.811,5.181,2.7721,5.9014,0.7075,0.9868,0.5777,0.7978
508,17.433,2.394,2.366,pose,5.382,4.465,6.811,5.181,2.7758,5.9435,0.7075,0.9803,0.5522,0.8016
509,17.467,2.397,2.394,pose,5.382,4.465,6.811,5.22,2.7861,5.9495,0.6934,0.9481,0.5455,0.8433
510,17.502,2.411,2.397,pose,5.382,4.465,6.811,5.262,2.7935,5.9945,0.6845,0.9058,0.5698,0.8623
511,17.536,2.5,2.411,pose,5.382,4.465,6.811,5.262,2.7955,6.0606,0.6553,0.805,0.6032,0.9214
512,17.57,2.571,2.411,pose,5.382,4.465,6.811,5.313,2.8137,6.0203,0.6201,0.6919,0.6096,0.9109
513,17.605,2.589,2.5,pose,5.382,4.465,6.811,5.313,2.8363,6.0217,0.5776,0.6255,0.6111,0.8856
514,17.639,2.765,2.571,pose,5.382,4.465,6.811,5.313,2.8654,6.1154,0.528,0.4668,0.6413,0.8801
515,17.673,2.864,2.589,pose,5.423,4.465,6.811,5.365,2.9111,6.0462,0.4568,0.3434,0.6606,0.8808
516,17.708,2.836,2.765,pose,5.423,4.465,6.811,5.365,2.938,6.0582,0.4037,0.3538,0.6615,0.8449
517,17.742,2.867,2.836,pose,5.498,4.465,6.811,5.365,2.9523,6.1062,0.4249,0.33,0.6444,0.7998
518,17.776,3.001,2.864,pose,5.498,4.465,6.811,5.425,2.9639,6.1188,0.4799,0.2114,0.6087,0.8325
519,17.811,3.128,2.867,pose,5.539,4.465,6.811,5.425,2.996,6.1134,0.5383,0.044,0.593,0.861
520,17.845,3.08,3.001,pose,5.539,4.465,6.811,5.425,3.0552,6.1212,0.632,0.0654,0.6032,0.8545
521,17.879,3.057,3.057,pose,5.583,4.465,6.811,5.425,3.0947,6.1317,0.7163,0.0234,0.5902,0.8615
522,17.914,2.973,3.057,pose,5.642,4.465,6.811,5.425,3.1645,6.1369,0.8024,0.0287,0.5849,0.849
523,17.948,2.874,3.057,pose,5.681,4.465,6.811,5.425,3.1903,6.1304,0.8634,0.0519,0.5821,0.8404
524,17.982,2.794,2.973,bbox,5.751,4.465,6.811,5.425,3.2163,6.1125,,0.0997,,0.8202
525,18.016,2.766,2.874,bbox,5.751,4.465,6.811,5.425,3.2376,6.0996,,0.396,,0.7631
526,18.051,2.733,2.794,bbox,5.803,4.465,6.811,5.425,3.2667,6.0896,,0.5607,,0.7673
527,18.085,2.137,2.766,pose,5.803,4.465,6.811,5.425,3.2768,6.1496,0.866,0.7462,0.4894,0.7859
528,18.119,2.01,2.733,pose,5.853,4.465,6.811,5.425,3.2897,6.1156,0.8678,0.8747,0.4662,0.8245
529,18.154,1.883,2.137,pose,5.853,4.465,6.811,5.425,3.3223,6.0448,0.86,0.9656,0.4686,0.8587
530,18.188,1.785,2.01,pose,5.853,4.465,6.811,5.425,3.3341,5.9401,0.8468,1.0826,0.4789,0.8285
531,18.222,1.733,1.883,pose,5.909,4.465,6.872,5.425,3.3252,5.8494,0.6634,0.9873,0.4389,0.814
532,18.257,1.566,1.785,pose,5.909,4.465,6.977,5.425,3.3136,5.7935,0.8799,1.2169,0.4706,0.8036
533,18.291,1.515,1.733,pose,5.909,4.465,7.067,5.425,3.3016,5.7712,0.9014,1.2014,0.5317,0.8421
534,18.325,1.516,1.566,pose,5.909,4.465,7.123,5.425,3.2741,5.7068,0.8689,1.1678,0.5272,0.8132
535,18.36,1.549,1.549,pose,5.909,4.465,7.123,5.425,3.2499,5.5188,0.8652,1.1653,0.5336,0.7727
536,18.394,1.585,1.549,pose,5.909,4.513,7.21,5.425,3.1971,5.5063,0.8249,1.1837,0.5377,0.7519
537,18.428,1.668,1.549,pose,5.909,4.513,7.36,5.425,3.163,5.5012,0.7675,1.203,0.5478,0.7474
538,18.463,1.68,1.585,pose,5.909,4.59,7.36,5.425,3.1419,5.4921,0.7829,1.1694,0.5488,0.7471
539,18.497,1.701,1.668,pose,5.909,4.624,7.36,5.425,3.1178,5.4745,0.7944,1.0987,0.5463,0.7487
540,18.531,1.721,1.68,pose,5.909,4.624,7.36,5.425,3.1033,5.4143,0.7918,1.0373,0.5301,0.7249
541,18.566,1.743,1.701,pose,5.909,4.67,7.404,5.425,3.0966,5.3647,0.7862,0.9511,0.5291,0.7394
542,18.6,1.759,1.721,pose,5.909,4.67,7.464,5.425,3.1037,5.3017,0.7729,0.8709,0.5024,0.7359
543,18.634,1.818,1.743,pose,5.909,4.67,7.514,5.425,3.1348,5.2905,0.7303,0.8513,0.504,0.7264
544,18.668,1.878,1.759,pose,5.909,4.67,7.577,5.425,3.1871,5.2916,0.6337,0.9258,0.49,0.6924
545,18.703,1.923,1.818,pose,5.909,4.67,7.577,5.425,3.2387,5.2863,0.5331,0.9738,0.4535,0.6496
546,18.737,1.837,1.837,pose,5.978,4.67,7.577,5.425,3.2918,5.275,0.0506,1.0257,0.2062,0.6588
547,18.771,1.99,1.878,bbox,6.03,4.67,7.577,5.425,3.3857,5.2411,,1.0602,,0.6368
548,18.806,2.247,1.923,pose,6.083,4.67,7.577,5.425,3.5319,5.1915,0.0006,0.2775,0.5284,0.6576
549,18.84,1.618,1.923,pose,6.177,4.67,7.638,5.425,3.6349,5.1615,0.0192,1.2547,0.5664,0.6238
550,18.874,1.441,1.837,pose,6.323,4.67,7.687,5.425,3.6628,5.1293,0.1296,1.1483,0.5553,0.687
551,18.909,1.481,1.618,bbox,6.426,4.67,7.717,5.425,3.6923,5.1153,,0.6057,,0.6552
552,18.943,1.399,1.481,pose,6.426,4.67,7.749,5.425,3.7069,5.0852,0.2105,0.8399,0.5687,0.6857
553,18.977,1.361,1.441,bbox,6.483,4.67,7.749,5.425,3.7406,5.0653,,,,
554,19.012,1.265,1.399,bbox,6.483,4.67,7.793,5.425,3.7821,5.0251,,,,
555,19.046,1.185,1.361,bbox,6.532,4.67,7.793,5.425,3.8161,4.9898,,,,
556,19.08,1.07,1.265,bbox,6.573,4.67,7.854,5.425,3.8951,4.946,1.0471,,0.5133,
557,19.115,1.019,1.185,bbox,6.607,4.67,7.889,5.425,3.9154,4.9231,,0.9727,,0.7425
558,19.149,0.407,1.07,pose,6.686,4.67,7.933,5.425,3.9959,4.8849,0.3257,0.8659,0.6253,0.6359
559,19.183,0.475,1.019,pose,6.686,4.67,7.933,5.425,4.0313,4.8556,0.128,0.8596,0.6419,0.7765
560,19.218,0.439,0.475,pose,6.787,4.67,7.994,5.425,4.082,4.8363,0.0935,0.7939,0.714,0.8203
561,19.252,0.466,0.466,pose,6.822,4.67,7.994,5.425,4.0951,4.8152,0.0342,0.7485,0.7054,0.8163
562,19.286,0.428,0.439,pose,6.873,4.67,8.042,5.425,4.1102,4.7985,0.1192,0.6775,0.6767,0.804
563,19.321,0.308,0.439,pose,6.873,4.67,8.042,5.425,4.1144,4.8065,0.1838,0.6074,0.7229,0.8442
564,19.355,0.276,0.428,pose,6.873,4.67,8.042,5.425,4.0973,4.8298,0.1827,0.5976,0.7226,0.8625
565,19.389,0.254,0.308,pose,6.873,4.67,8.042,5.425,4.0878,4.8452,0.2575,0.4741,0.7487,0.8309
566,19.423,0.202,0.276,pose,6.873,4.67,8.042,5.425,4.0618,4.8393,0.2463,0.517,0.739,0.8577
567,19.458,0.261,0.261,pose,6.873,4.67,8.042,5.425,4.0354,4.833,0.2327,0.448,0.7359,0.8567
568,19.492,0.26,0.26,pose,6.873,4.67,8.042,5.425,4.0435,4.8561,0.2165,0.4176,0.752,0.8589
569,19.526,0.24,0.254,pose,6.873,4.704,8.042,5.425,4.0478,4.8608,0.1843,0.3893,0.7584,0.8767
570,19.561,0.243,0.243,pose,6.873,4.704,8.042,5.425,4.0461,4.8714,0.2215,0.3216,0.7698,0.8812
571,19.595,0.26,0.26,pose,6.873,4.704,8.042,5.425,4.038,4.8641,0.205,0.2859,0.7979,0.8809
572,19.629,0.253,0.253,pose,6.873,4.704,8.042,5.425,4.0418,4.8467,0.2411,0.2431,0.8072,0.868
573,19.664,0.723,0.253,bbox,6.873,4.704,8.042,5.425,4.0365,4.8391,,0.1771,,0.8386
574,19.698,0.725,0.26,bbox,6.873,4.704,8.042,5.425,4.037,4.8419,,0.2242,,0.8535
575,19.732,0.277,0.277,pose,6.873,4.704,8.042,5.425,4.0338,4.8375,0.3021,0.2378,0.8161,0.8417
576,19.767,0.365,0.365,pose,6.873,4.704,8.042,5.425,4.0179,4.8376,0.2906,0.2175,0.786,0.8301
577,19.801,0.315,0.365,pose,6.873,4.704,8.042,5.425,3.9832,4.8344,0.3721,0.2339,0.8112,0.8255
578,19.835,0.269,0.315,pose,6.873,4.704,8.042,5.425,3.9212,4.8359,0.365,0.3156,0.8036,0.8478
579,19.87,0.264,0.277,pose,6.873,4.769,8.042,5.425,3.9015,4.8166,0.4082,0.3142,0.7756,0.8693
580,19.904,,,,6.873,4.769,8.042,5.425,,,,,,
581,19.938,,,,6.873,4.769,8.042,5.425,,,,,,
582,19.973,,,,6.873,4.769,8.042,5.425,,,,,,
583,20.007,4.016,0.315,pose,6.873,4.83,8.042,5.425,1.292,6.4531,0.3669,0.7569,0.7528,0.9934
584,20.041,4.003,0.315,pose,6.873,4.83,8.042,5.425,1.2918,6.4587,0.3886,0.7469,0.7636,0.9973
585,20.075,4.001,4.001,pose,6.873,5.0,8.042,5.574,1.2879,6.4566,0.385,0.7362,0.7528,0.988
586,20.11,3.971,4.001,pose,6.873,5.0,8.042,5.574,1.2797,6.4649,0.384,0.7697,0.7455,0.9835
587,20.144,3.946,4.001,pose,6.873,5.0,8.042,5.574,1.2833,6.4727,0.3783,0.7942,0.7508,0.9857
588,20.178,3.945,3.971,pose,6.873,5.0,8.042,5.574,1.3002,6.4659,0.3699,0.8233,0.7427,0.9708
589,20.213,4.042,3.971,pose,6.873,5.0,8.042,5.574,1.3028,6.4319,0.1289,0.8781,0.756,0.948
590,20.247,3.885,3.946,pose,6.873,5.0,8.042,5.574,1.3057,6.4008,0.3865,0.9171,0.754,0.9554
591,20.281,3.834,3.945,pose,6.873,5.0,8.042,5.574,1.3047,6.3562,0.3937,0.9588,0.7613,0.9418
592,20.316,3.834,3.885,pose,6.873,5.0,8.095,5.574,1.303,6.3209,0.3855,0.9989,0.7559,0.939
593,20.35,3.793,3.834,pose,6.873,5.0,8.139,5.574,1.2997,6.3085,0.3918,1.0569,0.759,0.9316
594,20.384,3.763,3.834,pose,6.873,5.0,8.175,5.574,1.3055,6.2968,0.3886,1.0704,0.7504,0.9247
595,20.419,3.757,3.793,pose,6.873,5.0,8.175,5.574,1.3158,6.2925,0.3858,1.0973,0.7635,0.9126
596,20.453,3.741,3.763,pose,6.873,5.0,8.175,5.574,1.3304,6.2831,0.3889,1.1104,0.753,0.8974
597,20.487,3.76,3.76,pose,6.873,5.0,8.175,5.574,1.339,6.3168,0.3854,1.1036,0.7583,0.9126
598,20.522,3.762,3.76,pose,6.912,5.0,8.175,5.574,1.3479,6.3254,0.3804,1.1114,0.7446,0.9062
599,20.556,3.775,3.76,pose,6.912,5.0,8.175,5.574,1.3457,6.3269,0.37,1.1185,0.7494,0.8586
600,20.59,3.746,3.76,pose,6.912,5.0,8.175,5.574,1.3406,6.3163,0.3809,1.1346,0.7527,0.8479
601,20.625,3.73,3.76,pose,6.912,5.0,8.175,5.574,1.3386,6.2918,0.4014,1.1126,0.7415,0.8434
602,20.659,3.762,3.762,pose,6.912,5.0,8.175,5.574,1.3445,6.2645,0.3879,1.0528,0.745,0.8869
603,20.693,3.752,3.752,pose,6.912,5.0,8.175,5.574,1.3526,6.2456,0.3797,1.0384,0.7498,0.8882
604,20.728,3.76,3.752,pose,6.912,5.0,8.231,5.574,1.3631,6.21,0.3809,0.9685,0.7382,0.8868
605,20.762,3.771,3.76,pose,6.912,5.0,8.231,5.574,1.3681,6.1473,0.3781,0.9455,0.7478,0.8877
606,20.796,3.747,3.76,pose,6.912,5.0,8.285,5.574,1.3559,6.0928,0.3804,0.8966,0.7466,0.9101
607,20.83,3.733,3.752,pose,6.912,5.0,8.348,5.574,1.3443,6.0709,0.382,0.871,0.7495,0.9529
608,20.865,3.779,3.76,pose,6.912,5.0,8.403,5.574,1.3515,6.0372,0.3752,0.8775,0.7578,0.963
609,20.899,3.755,3.755,pose,6.912,5.0,8.403,5.574,1.3755,6.0349,0.3824,0.8787,0.7476,0.9945
610,20.933,3.745,3.747,pose,6.912,5.0,8.44,5.574,1.3895,6.0556,0.3887,0.8479,0.7549,0.9894
611,20.968,3.724,3.745,pose,6.957,5.0,8.44,5.574,1.4034,6.0913,0.367,0.8723,0.7413,0.9625
612,21.002,3.73,3.745,pose,6.957,5.0,8.44,5.574,1.4218,6.1239,0.3956,0.8834,0.7361,0.9686
613,21.036,3.78,3.745,pose,6.957,5.0,8.44,5.61,1.4392,6.1524,0.3874,0.9167,0.7217,0.956
614,21.071,3.822,3.745,pose,7.003,5.0,8.44,5.643,1.4533,6.1621,0.3676,0.9521,0.721,0.936
615,21.105,3.836,3.78,pose,7.003,5.0,8.44,5.643,1.4681,6.1547,0.3629,0.9697,0.7196,0.871
616,21.139,3.805,3.805,pose,7.035,5.0,8.44,5.673,1.4913,6.1761,0.3373,0.9784,0.7259,0.8659
617,21.174,3.813,3.813,pose,7.035,5.0,8.44,5.673,1.5149,6.1606,0.3189,0.9698,0.7256,0.8619
618,21.208,3.786,3.813,pose,7.073,5.0,8.44,5.673,1.5465,6.1401,0.2908,0.987,0.714,0.88
619,21.242,3.841,3.813,pose,7.073,5.0,8.44,5.673,1.5759,6.1355,0.2111,0.971,0.7082,0.9087
620,21.277,3.764,3.805,pose,7.128,5.0,8.44,5.673,1.6113,6.1409,0.1689,1.0128,0.7129,0.9306
621,21.311,3.767,3.786,pose,7.128,5.0,8.44,5.673,1.655,6.1937,0.0974,0.9743,0.6916,0.9518
622,21.345,3.916,3.786,bbox,7.193,5.0,8.44,5.673,1.7008,6.2139,,0.9513,,0.9418
623,21.38,3.868,3.841,bbox,7.236,5.0,8.44,5.712,1.7459,6.2415,,0.9559,,0.9818
624,21.414,3.87,3.868,bbox,7.282,5.0,8.44,5.712,1.805,6.2806,,0.9626,,0.9543
625,21.448,3.907,3.87,bbox,7.327,5.0,8.44,5.76,1.8509,6.3424,,0.9364,,0.9541
626,21.482,3.886,3.886,bbox,7.386,5.0,8.44,5.799,1.9108,6.36,,0.9634,,0.9364
627,21.517,3.882,3.882,bbox,7.432,5.0,8.44,5.861,1.9537,6.3632,,1.0005,,0.9067
628,21.551,3.859,3.882,bbox,7.492,5.0,8.44,5.861,1.9912,6.3762,,0.989,,0.8802
629,21.585,3.86,3.882,bbox,7.535,5.0,8.44,5.861,2.0528,6.4101,,0.9762,,0.8669
630,21.62,3.866,3.866,bbox,7.572,5.0,8.44,5.895,2.0689,6.4128,,0.9615,,0.8766
631,21.654,3.878,3.866,bbox,7.634,5.0,8.44,5.929,2.074,6.4418,,0.9596,,0.8825
632,21.688,3.866,3.866,bbox,7.634,5.0,8.44,5.929,2.103,6.4552,,0.8874,,0.8884
633,21.723,3.826,3.866,bbox,7.634,5.0,8.44,5.96,2.1361,6.4443,,0.8985,,0.9207
634,21.757,3.749,3.866,bbox,7.684,5.0,8.44,5.96,2.175,6.4669,,0.9367,,0.9362
635,21.791,3.677,3.826,bbox,7.717,5.0,8.44,5.96,2.2122,6.4682,,0.969,,0.9437
636,21.826,3.633,3.749,bbox,7.756,5.0,8.44,5.96,2.2569,6.4439,,0.9025,,0.9481
637,21.86,3.508,3.677,bbox,7.793,5.0,8.44,5.96,2.312,6.3728,,0.958,,0.9411
638,21.894,3.428,3.633,bbox,7.838,5.0,8.44,5.96,2.365,6.3336,,0.9313,,0.9301
639,21.929,3.431,3.508,bbox,7.893,5.0,8.509,5.96,2.4051,6.3133,,0.9709,,0.9033
640,21.963,3.408,3.431,bbox,7.946,5.0,8.548,5.96,2.4221,6.2897,,0.9783,,0.8979
641,21.997,3.162,3.428,pose,7.986,5.0,8.548,5.96,2.4554,6.2874,0.1109,0.9812,0.7739,0.8813
642,22.032,3.149,3.408,pose,7.986,5.0,8.592,5.96,2.4781,6.2795,0.1664,0.9888,0.7719,0.8838
643,22.066,3.355,3.355,bbox,8.037,5.0,8.592,5.96,2.5117,6.3048,,0.9752,,0.8867
644,22.1,3.137,3.162,pose,8.037,5.0,8.592,5.96,2.5243,6.3177,0.1472,0.9396,0.6607,0.901
645,22.135,3.058,3.149,pose,8.093,5.0,8.592,5.96,2.5366,6.3261,0.1379,0.9363,0.6146,0.9025
646,22.169,2.662,3.137,pose,8.093,5.0,8.592,5.96,2.5674,6.304,0.6233,0.9361,0.6572,0.9126
647,22.203,2.574,3.058,pose,8.093,5.0,8.592,5.96,2.5932,6.3001,0.7385,0.9387,0.6748,0.9216
648,22.237,3.135,3.058,bbox,8.149,5.0,8.592,5.96,2.731,6.2794,,0.914,,0.9106
649,22.272,3.114,3.058,bbox,8.149,5.0,8.592,5.96,2.7585,6.2482,,0.9242,,0.8956
650,22.306,2.448,2.662,pose,8.312,5.0,8.592,5.96,2.7821,6.2454,0.8974,0.9061,0.6606,0.8878
651,22.34,2.432,2.574,pose,8.312,5.0,8.632,5.96,2.8265,6.25,0.8955,0.8971,0.6567,0.858
652,22.375,2.399,2.448,pose,8.363,5.0,8.632,5.96,2.8412,6.2561,0.9101,0.9581,0.6445,0.8431
653,22.409,2.422,2.432,pose,8.408,5.0,8.632,5.96,2.8521,6.2579,0.8817,0.9414,0.6419,0.8476
654,22.443,2.412,2.422,pose,8.408,5.0,8.632,5.96,2.8737,6.2573,0.8445,0.9071,0.5955,0.8538
655,22.478,2.399,2.412,pose,8.408,5.0,8.632,5.96,2.8837,6.2533,0.8361,0.9246,0.6448,0.8747
656,22.512,2.38,2.399,pose,8.455,5.0,8.632,5.96,2.8874,6.2575,0.8122,0.9262,0.6658,0.889
657,22.546,2.362,2.399,pose,8.455,5.0,8.632,5.96,2.8932,6.2599,0.788,0.9157,0.6728,0.9159
658,22.581,2.349,2.38,pose,8.455,5.0,8.632,5.96,2.9073,6.2453,0.7502,0.9249,0.6784,0.9286
659,22.615,2.362,2.362,pose,8.455,5.0,8.632,5.96,2.9171,6.2255,0.7231,0.9246,0.6935,0.9184
660,22.649,2.345,2.362,pose,8.489,5.0,8.632,5.96,2.9248,6.2206,0.7113,0.9177,0.7114,0.8994
661,22.684,2.373,2.362,pose,8.489,5.0,8.632,5.96,2.9329,6.2264,0.6914,0.9022,0.7234,0.8777
662,22.718,2.891,2.362,bbox,8.489,5.0,8.632,5.96,2.9386,6.189,,0.9265,,0.8537
663,22.752,2.875,2.373,bbox,8.489,5.0,8.632,5.96,2.9519,6.1888,,0.9377,,0.8277
664,22.787,2.893,2.875,bbox,8.52,5.0,8.688,5.96,2.9633,6.1937,,0.9292,,0.8295
665,22.821,2.938,2.891,bbox,8.52,5.0,8.688,5.96,2.9552,6.2197,,0.9405,,0.8376
666,22.855,2.954,2.893,bbox,8.52,5.0,8.688,5.96,2.9507,6.2224,,0.923,,0.8708
667,22.889,2.38,2.893,pose,8.52,5.0,8.688,5.96,2.9464,6.2233,0.7033,0.9229,0.6564,0.8844
668,22.924,2.376,2.893,pose,8.52,5.0,8.688,5.96,2.9613,6.216,0.703,0.918,0.6614,0.9123
669,22.958,2.351,2.38,pose,8.52,5.0,8.688,5.96,2.9772,6.2109,0.6805,0.8971,0.6803,0.906
670,22.992,2.328,2.376,pose,8.52,5.0,8.688,5.96,2.9887,6.2335,0.6584,0.9302,0.6854,0.9197
671,23.027,2.349,2.351,pose,8.559,5.0,8.688,5.96,2.9943,6.2274,0.67,0.9245,0.6894,0.9067
672,23.061,2.352,2.351,pose,8.559,5.0,8.688,5.96,2.9955,6.2183,0.6476,0.9026,0.7027,0.8938
673,23.095,2.348,2.349,pose,8.559,5.0,8.688,5.96,3.0046,6.2201,0.6548,0.8934,0.7128,0.8622
674,23.13,2.373,2.349,pose,8.559,5.0,8.688,5.96,3.011,6.2176,0.6483,0.8966,0.6997,0.8224
675,23.164,2.392,2.352,pose,8.559,5.0,8.688,5.96,3.0091,6.234,0.6514,0.9016,0.6958,0.8245
676,23.198,2.394,2.373,pose,8.589,5.0,8.688,5.96,3.0077,6.2407,0.6801,0.9022,0.6805,0.8323
677,23.233,2.388,2.388,pose,8.589,5.0,8.688,6.001,2.991,6.2381,0.6883,0.9079,0.6699,0.8331
678,23.267,2.377,2.388,pose,8.589,5.0,8.688,6.001,2.9866,6.2443,0.6737,0.898,0.6761,0.8658
679,23.301,2.35,2.388,pose,8.589,5.0,8.688,6.001,2.9894,6.2451,0.6741,0.9086,0.6638,0.891
680,23.336,2.328,2.377,pose,8.589,5.0,8.688,6.001,2.9975,6.2493,0.6867,0.9014,0.6769,0.9102
681,23.37,2.297,2.35,pose,8.589,5.0,8.688,6.001,3.001,6.2383,0.1457,0.9178,0.4807,0.9021
682,23.404,2.565,2.35,pose,8.589,5.0,8.688,6.001,3.0362,6.2532,0.0289,0.8743,-0.0353,0.8981
683,23.439,2.257,2.328,pose,8.589,5.0,8.688,6.001,3.0939,6.2565,0.8064,0.8768,0.6556,0.8784
684,23.473,2.226,2.297,pose,8.589,5.0,8.688,6.001,3.1319,6.2512,0.8824,0.9239,0.6424,0.8602
685,23.507,2.197,2.257,pose,8.675,5.0,8.688,6.001,3.165,6.2462,0.9096,0.9437,0.6482,0.8275
686,23.542,2.151,2.226,pose,8.713,5.0,8.688,6.001,3.1885,6.2409,0.9723,0.9322,0.629,0.7945
687,23.576,2.169,2.197,pose,8.746,5.0,8.688,6.001,3.1914,6.2447,0.9834,0.9681,0.6075,0.7899
688,23.61,2.156,2.169,pose,8.746,5.0,8.688,6.001,3.1973,6.2474,1.0181,0.9543,0.6069,0.7904
689,23.644,2.149,2.156,pose,8.746,5.0,8.688,6.001,3.2238,6.2593,1.0008,0.9686,0.599,0.8051
690,23.679,2.137,2.151,pose,8.779,5.0,8.688,6.001,3.2573,6.2875,0.9998,0.9583,0.5961,0.8262
691,23.713,2.822,2.156,bbox,8.779,5.0,8.688,6.001,3.2626,6.2972,,0.9529,,0.8573
692,23.747,2.115,2.149,pose,8.839,5.0,8.688,6.054,3.2579,6.2919,0.9679,0.9657,0.6142,0.888
693,23.782,2.095,2.137,pose,8.839,5.0,8.688,6.054,3.2587,6.2926,0.9343,0.9439,0.6437,0.8968
694,23.816,2.116,2.116,pose,8.839,5.0,8.688,6.054,3.2721,6.3012,0.9096,0.9243,0.653,0.8956
695,23.85,2.137,2.116,pose,8.839,5.0,8.688,6.054,3.3119,6.3139,0.8685,0.9197,0.6707,0.8722
696,23.885,2.141,2.116,pose,8.839,5.0,8.688,6.054,3.3377,6.3359,0.8372,0.9273,0.6836,0.851
697,23.919,2.138,2.137,pose,8.893,5.0,8.688,6.054,3.3625,6.3647,0.783,0.9321,0.6887,0.8089
698,23.953,2.136,2.137,pose,8.893,5.0,8.688,6.103,3.365,6.351,0.798,0.9425,0.689,0.7987
699,23.988,2.131,2.137,pose,8.94,5.0,8.688,6.103,3.3589,6.3448,0.8333,0.9379,0.6658,0.8041
700,24.022,2.126,2.136,pose,8.94,5.0,8.688,6.103,3.359,6.3578,0.8374,0.9436,0.6544,0.8177
701,24.056,2.146,2.136,pose,8.94,5.0,8.688,6.103,3.3599,6.3735,0.8368,0.9236,0.6335,0.8396
702,24.091,2.136,2.136,pose,8.94,5.0,8.688,6.103,3.3591,6.4195,0.8688,0.8944,0.6144,0.8664
703,24.125,2.085,2.131,pose,8.94,5.0,8.688,6.14,3.3953,6.4366,0.9018,0.8806,0.6092,0.8739
704,24.159,2.05,2.126,pose,8.94,5.0,8.688,6.186,3.4374,6.4262,0.9205,0.8759,0.5929,0.9026
705,24.194,2.028,2.085,pose,8.977,5.0,8.688,6.186,3.4567,6.4099,0.9629,0.8812,0.5781,0.8842
706,24.228,2.049,2.05,pose,9.019,5.0,8.688,6.186,3.4736,6.4178,0.9457,0.8902,0.5617,0.8759
707,24.262,2.048,2.049,pose,9.019,5.0,8.688,6.186,3.4944,6.4163,0.9723,0.9286,0.5486,0.8427
708,24.296,2.048,2.048,pose,9.055,5.0,8.688,6.186,3.5134,6.3878,0.9802,0.9534,0.5145,0.8155
709,24.331,2.078,2.048,pose,9.055,5.0,8.688,6.186,3.5381,6.3925,0.9823,0.9567,0.508,0.7754
710,24.365,2.081,2.049,pose,9.095,5.0,8.688,6.186,3.559,6.4163,0.9878,0.9813,0.515,0.7272
711,24.399,2.07,2.07,pose,9.095,5.0,8.688,6.186,3.5773,6.3813,0.9705,1.0397,0.5013,0.7256
712,24.434,1.932,2.07,pose,9.14,5.0,8.72,6.186,3.5819,6.3399,0.9966,1.1505,0.4939,0.7086
713,24.468,1.818,2.07,pose,9.14,5.0,8.72,6.186,3.5694,6.2539,0.9769,1.2606,0.4951,0.69
714,24.502,1.762,1.932,pose,9.14,5.0,8.768,6.186,3.5233,6.1711,0.9783,1.3214,0.5078,0.7113
715,24.537,1.701,1.818,pose,9.14,5.0,8.854,6.186,3.492,6.0986,0.9745,1.403,0.5146,0.7053
716,24.571,1.615,1.762,pose,9.14,5.036,8.936,6.186,3.4593,6.0525,0.9779,1.4106,0.4984,0.7309
717,24.605,2.617,1.762,bbox,9.14,5.067,9.009,6.186,3.4386,6.055,,1.3383,,0.7117
718,24.64,2.627,1.762,bbox,9.14,5.1,9.053,6.186,3.4229,6.0428,,0.4,,0.1332
719,24.674,1.668,1.701,pose,9.14,5.1,9.053,6.186,3.3888,5.9799,0.945,1.2797,0.5702,0.6733
720,24.708,2.201,2.201,pose,9.14,5.136,9.053,6.186,3.3149,5.9227,0.2708,1.2122,0.6423,0.6757
721,24.743,1.809,2.201,pose,9.14,5.17,9.128,6.186,3.2752,5.7626,0.7566,1.1838,0.6046,0.7125
722,24.777,1.912,1.912,pose,9.14,5.244,9.185,6.186,3.2804,5.6967,0.6228,1.1534,0.5933,0.7728
723,24.811,2.095,1.912,pose,9.14,5.244,9.335,6.186,3.2864,5.6763,0.3301,1.1205,0.5865,0.7792
724,24.846,2.362,2.095,bbox,9.14,5.279,9.401,6.186,3.2665,5.6758,,1.091,,0.8137
725,24.88,2.374,2.095,bbox,9.14,5.279,9.401,6.186,3.2689,5.6672,,1.0906,,0.8283
726,24.914,2.478,2.362,bbox,9.14,5.279,9.401,6.186,3.1243,5.6619,,1.0666,,0.8164
727,24.949,2.526,2.374,bbox,9.14,5.279,9.401,6.186,3.0492,5.6695,,1.0734,,0.8448
728,24.983,,,,9.14,5.279,9.401,6.186,,,,,,
729,25.017,2.752,2.478,bbox,9.14,5.435,9.401,6.186,2.8209,5.6818,,1.0403,,0.836
730,25.051,2.057,2.478,pose,9.14,5.51,9.401,6.186,2.8299,5.7162,0.93,1.0632,0.6057,0.8202
731,25.086,2.186,2.478,pose,9.14,5.66,9.401,6.186,2.7978,5.7361,0.8015,1.0631,0.5985,0.7746
732,25.12,2.935,2.526,bbox,9.14,5.66,9.401,6.186,2.7481,5.7571,,1.0399,,0.7559
733,25.154,2.759,2.752,pose,9.14,5.692,9.401,6.226,2.6573,5.7662,0.2619,1.0643,0.6042,0.737
734,25.189,2.521,2.521,pose,9.14,5.742,9.401,6.226,2.5843,5.7725,0.527,1.0742,0.7182,0.7276
735,25.223,2.624,2.624,pose,9.14,5.833,9.401,6.256,2.5741,5.7733,0.4445,1.0699,0.7552,0.7241
736,25.257,3.096,2.759,bbox,9.14,5.906,9.401,6.256,2.5459,5.7734,,1.0714,,0.7323
737,25.292,3.148,2.759,bbox,9.14,5.906,9.401,6.256,2.4925,5.825,,1.035,,0.771
738,25.326,2.8,2.8,pose,9.14,5.944,9.401,6.256,2.4396,5.8434,0.1235,1.0337,0.1484,0.7786
739,25.36,3.133,3.096,bbox,9.14,5.997,9.401,6.286,2.4069,5.7969,,0.9874,,0.7776
740,25.395,2.886,3.096,pose,9.14,6.05,9.401,6.286,2.3391,5.7592,0.2377,0.9699,0.6942,0.8103
741,25.429,2.91,2.91,pose,9.14,6.083,9.401,6.286,2.2873,5.7268,0.2956,0.8926,0.7063,0.8049
742,25.463,2.876,2.886,pose,9.14,6.151,9.438,6.286,2.2445,5.6999,0.358,0.8597,0.6727,0.8337
743,25.498,2.87,2.886,pose,9.14,6.203,9.471,6.286,2.2108,5.6502,0.4014,0.8581,0.6491,0.8541
744,25.532,2.757,2.876,pose,9.14,6.245,9.471,6.286,2.1977,5.588,0.4663,0.8878,0.6328,0.8702
745,25.566,2.768,2.87,pose,9.14,6.279,9.547,6.286,2.1892,5.5131,0.4901,0.8955,0.6222,0.82
746,25.601,3.166,2.87,bbox,9.14,6.279,9.61,6.286,2.1756,5.4551,0.5224,,0.6172,
747,25.635,2.585,2.768,pose,9.14,6.279,9.685,6.286,2.1763,5.4586,0.5481,1.0979,0.6007,0.7554
748,25.669,3.18,2.768,bbox,9.14,6.279,9.739,6.286,2.1915,5.4491,0.57,,0.645,
749,25.704,2.403,2.768,pose,9.14,6.279,9.739,6.286,2.2228,5.4483,0.6533,1.0797,0.678,0.6726
750,25.738,2.313,2.585,pose,9.14,6.279,9.739,6.286,2.257,5.4516,0.7164,1.153,0.666,0.7219
751,25.772,2.209,2.403,pose,9.14,6.279,9.739,6.286,2.2983,5.4561,0.778,1.1433,0.6789,0.6919
752,25.806,3.04,2.403,bbox,9.187,6.279,9.739,6.286,2.3524,5.4648,,1.1459,,0.7117
753,25.841,2.11,2.313,pose,9.228,6.279,9.739,6.286,2.4024,5.4722,0.8793,1.1125,0.6315,0.7254
754,25.875,2.919,2.313,bbox,9.282,6.279,9.739,6.286,2.4472,5.4621,,1.1011,,0.7507
755,25.909,2.068,2.209,pose,9.332,6.279,9.739,6.286,2.4748,5.4447,0.8043,1.0586,0.5927,0.7783
756,25.944,2.067,2.11,pose,9.377,6.279,9.739,6.286,2.4733,5.3601,0.3735,1.0193,0.2257,0.782
757,25.978,2.035,2.068,pose,9.377,6.279,9.739,6.286,2.4728,5.3034,0.8981,0.9455,0.5159,0.8256
758,26.012,2.024,2.067,pose,9.377,6.279,9.837,6.286,2.4623,5.2755,0.9217,0.9013,0.5386,0.846
759,26.047,1.98,2.035,pose,9.377,6.279,9.894,6.286,2.4466,5.2275,0.9424,0.8748,0.5384,0.859
760,26.081,1.945,2.024,pose,9.377,6.279,9.894,6.286,2.4388,5.255,0.9638,0.8808,0.5515,0.8482
761,26.115,1.948,1.98,pose,9.377,6.279,9.943,6.286,2.4029,5.1765,0.9717,0.8839,0.5733,0.8386
762,26.15,2.009,1.98,pose,9.377,6.279,9.943,6.286,2.3805,5.1288,0.9134,0.8814,0.5954,0.8278
763,26.184,2.068,1.98,pose,9.377,6.323,10.021,6.286,2.3592,5.1291,0.8464,0.8758,0.6201,0.8069
764,26.218,2.28,2.009,pose,9.377,6.323,10.063,6.286,2.3615,5.1348,0.6252,0.8898,0.6392,0.7775
765,26.253,2.201,2.068,pose,9.377,6.365,10.063,6.286,2.348,5.1369,0.7376,0.8657,0.6861,0.8017
766,26.287,2.24,2.201,pose,9.377,6.365,10.063,6.286,2.341,5.1601,0.6998,0.8733,0.6825,0.8074
767,26.321,2.236,2.236,pose,9.377,6.365,10.063,6.286,2.3286,5.1875,0.7144,0.9039,0.6822,0.8388
768,26.356,2.234,2.236,pose,9.377,6.365,10.063,6.286,2.3198,5.2334,0.7097,0.8889,0.6618,0.8479
769,26.39,2.219,2.234,pose,9.377,6.365,10.063,6.339,2.3339,5.2858,0.7272,0.915,0.6402,0.8829
770,26.424,2.21,2.234,pose,9.377,6.365,10.063,6.385,2.3584,5.3223,0.732,0.9319,0.6291,0.8872
771,26.458,2.214,2.219,pose,9.377,6.365,10.063,6.437,2.3683,5.3452,0.7467,0.9265,0.6086,0.8763
772,26.493,2.244,2.219,pose,9.377,6.365,10.063,6.474,2.3425,5.344,0.7215,0.9113,0.6034,0.8547
773,26.527,2.356,2.219,pose,9.377,6.365,10.063,6.474,2.3497,5.3434,0.5741,0.9422,0.5892,0.818
774,26.561,2.275,2.244,pose,9.377,6.365,10.063,6.474,2.4066,5.3508,0.6602,0.9521,0.6242,0.8266
775,26.596,2.254,2.254,pose,9.377,6.365,10.063,6.474,2.4545,5.3831,0.599,0.9342,0.6128,0.8004
776,26.63,2.257,2.257,pose,9.422,6.365,10.063,6.474,2.5126,5.4088,0.4326,0.9251,0.6461,0.7983
777,26.664,2.207,2.257,pose,9.47,6.365,10.063,6.535,2.6252,5.4367,0.4514,0.9435,0.6514,0.8095
778,26.699,2.139,2.254,pose,9.528,6.365,10.063,6.535,2.6704,5.453,0.4867,0.9577,0.6567,0.8068
779,26.733,2.067,2.207,pose,9.64,6.365,10.063,6.588,2.7059,5.4862,0.569,0.9378,0.653,0.8096
780,26.767,1.988,2.139,pose,9.686,6.365,10.063,6.588,2.7319,5.4811,0.6317,0.9437,0.6316,0.8335
781,26.802,1.964,2.067,pose,9.721,6.365,10.063,6.633,2.763,5.4814,0.6641,0.9303,0.6036,0.8501
782,26.836,1.96,1.988,pose,9.721,6.365,10.063,6.633,2.803,5.4781,0.6823,0.9175,0.5633,0.8605
783,26.87,1.993,1.988,pose,9.778,6.365,10.063,6.633,2.8354,5.4894,0.6651,0.9047,0.5491,0.859
784,26.905,1.975,1.975,pose,9.818,6.365,10.063,6.633,2.8424,5.4528,0.6695,0.8994,0.5372,0.8496
785,26.939,1.973,1.973,pose,9.851,6.365,10.063,6.633,2.8517,5.4525,0.6764,0.8811,0.5604,0.8345
786,26.973,1.958,1.973,pose,9.851,6.365,10.063,6.633,2.8694,5.4783,0.6581,0.8807,0.5981,0.8162
787,27.008,1.98,1.975,pose,9.851,6.365,10.063,6.633,2.8622,5.5077,0.6549,0.8874,0.6175,0.8325
788,27.042,1.982,1.975,pose,9.851,6.365,10.063,6.633,2.8349,5.5135,0.6486,0.9167,0.6448,0.85
789,27.076,2.013,1.98,pose,9.851,6.365,10.063,6.633,2.8072,5.5487,0.6535,0.9474,0.6626,0.8562
790,27.111,2.652,1.982,bbox,9.851,6.365,10.063,6.665,2.7876,5.5826,,0.9694,,0.8712
791,27.145,2.071,2.013,pose,9.851,6.365,10.063,6.7,2.7478,5.6455,0.6653,1.025,0.6415,0.8766
792,27.179,2.116,2.071,pose,9.851,6.413,10.063,6.734,2.7236,5.6907,0.6759,1.04,0.648,0.8637
793,27.213,2.164,2.116,pose,9.851,6.452,10.063,6.797,2.7131,5.6895,0.6628,1.0771,0.6265,0.8371
794,27.248,2.3,2.164,pose,9.851,6.452,10.063,6.841,2.7152,5.7295,0.6771,1.0233,0.6363,0.8272
795,27.282,2.362,2.164,pose,9.851,6.452,10.063,6.841,2.7424,5.7768,0.6895,0.9714,0.6297,0.8189
796,27.316,2.31,2.3,pose,9.851,6.452,10.063,6.881,2.757,5.8008,0.6872,0.9858,0.6491,0.7846
797,27.351,2.291,2.3,pose,9.851,6.452,10.063,6.928,2.7862,5.8118,0.6568,0.9576,0.6773,0.791
798,27.385,2.257,2.3,pose,9.851,6.452,10.063,6.928,2.8051,5.845,0.625,0.9735,0.6484,0.7937
799,27.419,2.249,2.291,pose,9.889,6.452,10.063,6.963,2.8262,5.898,0.6412,0.9588,0.6594,0.81
800,27.454,2.165,2.257,pose,9.889,6.452,10.063,6.963,2.8577,5.8417,0.6012,1.0074,0.6661,0.8391
801,27.488,2.077,2.249,pose,9.929,6.452,10.063,6.997,2.8779,5.9215,0.6618,1.0059,0.6432,0.8467
802,27.522,2.06,2.165,pose,9.961,6.452,10.063,7.05,2.9034,5.9447,0.7265,0.9569,0.6425,0.9032
803,27.557,2.019,2.077,pose,9.961,6.452,10.063,7.05,2.9631,5.9567,0.7857,0.9538,0.6138,0.9079
804,27.591,2.047,2.06,pose,10.006,6.452,10.063,7.096,2.9786,5.9658,0.7833,0.8994,0.6017,0.9237
805,27.625,2.072,2.06,pose,10.066,6.452,10.063,7.096,2.9891,5.9774,0.797,0.887,0.5863,0.9272
806,27.66,2.063,2.06,pose,10.066,6.452,10.063,7.096,3.0051,5.9884,0.8026,0.8717,0.5765,0.9041
807,27.694,2.073,2.063,pose,10.066,6.452,10.063,7.096,3.0113,5.9674,0.7805,0.8427,0.5779,0.8808
808,27.728,2.117,2.072,pose,10.108,6.452,10.063,7.096,3.0181,5.959,0.7694,0.8539,0.593,0.8649
809,27.763,2.118,2.073,pose,10.108,6.452,10.063,7.127,3.0354,5.975,0.7643,0.8811,0.6133,0.8361
810,27.797,2.148,2.117,pose,10.108,6.452,10.063,7.127,3.0349,5.9927,0.744,0.8909,0.631,0.8389
811,27.831,2.146,2.118,pose,10.108,6.452,10.063,7.127,3.0481,6.0157,0.7421,0.897,0.6625,0.8275
812,27.865,2.137,2.137,pose,10.138,6.452,10.063,7.127,3.0621,6.0134,0.7438,0.9102,0.6666,0.8502
813,27.9,2.127,2.137,pose,10.138,6.452,10.063,7.165,3.0714,6.0155,0.7428,0.9153,0.6659,0.8749
814,27.934,2.109,2.137,pose,10.138,6.452,10.063,7.165,3.0741,6.0401,0.7355,0.9279,0.6563,0.8886
815,27.968,2.118,2.127,pose,10.174,6.452,10.063,7.165,3.097,6.1007,0.7421,0.9564,0.6515,0.9297
816,28.003,2.143,2.127,pose,10.174,6.452,10.063,7.165,3.1009,6.164,0.7429,0.9614,0.6264,0.9318
817,28.037,2.153,2.127,pose,10.174,6.452,10.063,7.252,3.1222,6.234,0.7554,0.9517,0.6246,0.9111
818,28.071,2.242,2.143,pose,10.174,6.452,10.063,7.316,3.1264,6.2676,0.755,0.9193,0.6206,0.8861
819,28.106,2.276,2.153,pose,10.225,6.452,10.063,7.386,3.1374,6.3117,0.7471,0.9252,0.6386,0.8583
820,28.14,2.282,2.242,pose,10.225,6.452,10.063,7.419,3.1478,6.3361,0.7562,0.9462,0.661,0.8373
821,28.174,2.275,2.275,pose,10.225,6.452,10.063,7.463,3.1207,6.338,0.7297,0.9496,0.6534,0.807
822,28.209,2.287,2.276,pose,10.225,6.452,10.063,7.463,3.1324,6.3448,0.711,0.9249,0.6671,0.822
823,28.243,2.305,2.282,pose,10.225,6.452,10.063,7.463,3.1469,6.3514,0.694,0.917,0.6728,0.8504
824,28.277,2.248,2.282,pose,10.225,6.452,10.063,7.496,3.1567,6.3482,0.6748,0.922,0.6815,0.8692
825,28.312,2.212,2.275,pose,10.225,6.452,10.063,7.496,3.1799,6.3442,0.6734,0.9656,0.6643,0.8948
826,28.346,2.216,2.248,pose,10.26,6.452,10.063,7.496,3.184,6.3418,0.685,0.9313,0.6606,0.9065
827,28.38,2.197,2.216,pose,10.26,6.452,10.063,7.496,3.1597,6.3343,0.7186,0.9316,0.6582,0.9295
828,28.415,2.193,2.212,pose,10.26,6.452,10.063,7.496,3.1561,6.3389,0.7312,0.9349,0.6545,0.9283
829,28.449,2.235,2.212,pose,10.26,6.452,10.063,7.496,3.1705,6.3204,0.7165,0.8917,0.6306,0.904
830,28.483,2.217,2.216,pose,10.26,6.452,10.063,7.496,3.1689,6.2686,0.7147,0.9413,0.6316,0.8998
831,28.518,2.236,2.217,pose,10.26,6.452,10.063,7.496,3.183,6.249,0.6911,0.9365,0.6335,0.8716
832,28.552,2.259,2.235,pose,10.26,6.452,10.139,7.496,3.2148,6.2499,0.646,0.9499,0.6376,0.8512
833,28.586,2.262,2.236,pose,10.26,6.452,10.139,7.496,3.236,6.2387,0.6158,0.95,0.6497,0.8239
834,28.62,2.242,2.242,pose,10.318,6.452,10.139,7.496,3.2706,6.2316,0.5772,0.9401,0.668,0.8164
835,28.655,2.229,2.242,pose,10.318,6.452,10.139,7.496,3.2861,6.2525,0.5851,0.9513,0.672,0.831
836,28.689,2.227,2.242,pose,10.373,6.452,10.139,7.496,3.2859,6.2729,0.6159,0.9577,0.6566,0.8528
837,28.723,2.183,2.229,pose,10.373,6.452,10.139,7.496,3.3018,6.2993,0.6612,0.9507,0.6742,0.8871
838,28.758,2.126,2.227,pose,10.373,6.452,10.139,7.496,3.3008,6.3537,0.7236,0.9698,0.6372,0.9009
839,28.792,2.046,2.183,pose,10.404,6.452,10.139,7.527,3.3804,6.4189,0.7931,0.9698,0.6332,0.9025
840,28.826,1.997,2.126,pose,10.404,6.452,10.139,7.581,3.4355,6.4654,0.8564,0.9985,0.6234,0.911
841,28.861,2.018,2.046,pose,10.483,6.452,10.139,7.647,3.4793,6.5058,0.8485,0.9703,0.5982,0.8899
842,28.895,2.032,2.032,pose,10.538,6.452,10.139,7.693,3.5224,6.5646,0.8552,1.0061,0.594,0.8827
843,28.929,2.036,2.032,pose,10.582,6.452,10.139,7.734,3.5733,6.5749,0.8416,1.0446,0.5639,0.8461
844,28.964,2.05,2.032,pose,10.625,6.452,10.139,7.792,3.611,6.5939,0.8063,1.054,0.5373,0.8089
845,28.998,2.068,2.036,pose,10.676,6.452,10.139,7.792,3.6431,6.5731,0.7823,1.0413,0.5491,0.8215
846,29.032,2.061,2.05,pose,10.714,6.452,10.139,7.792,3.6657,6.5578,0.7794,1.0477,0.5514,0.8391
847,29.067,2.068,2.061,pose,10.746,6.452,10.139,7.792,3.693,6.5434,0.7595,1.0328,0.5405,0.8382
848,29.101,2.04,2.061,pose,10.746,6.452,10.139,7.792,3.6926,6.549,0.758,1.024,0.5207,0.8597
849,29.135,2.02,2.061,pose,10.781,6.452,10.139,7.792,3.6778,6.4965,0.7872,1.0079,0.5211,0.8577
850,29.17,1.975,2.04,pose,10.781,6.452,10.139,7.792,3.6389,6.4583,0.7999,1.0019,0.5424,0.8716
851,29.204,1.947,2.02,pose,10.781,6.452,10.207,7.792,3.5966,6.3626,0.8004,1.0136,0.5582,0.8809
852,29.238,1.93,1.975,pose,10.781,6.491,10.245,7.792,3.5526,6.3476,0.8087,1.0023,0.5572,0.8828
853,29.272,1.933,1.947,pose,10.781,6.534,10.341,7.792,3.5264,6.2718,0.8444,0.9913,0.5764,0.8597
854,29.307,1.951,1.947,pose,10.781,6.578,10.341,7.792,3.4829,6.2479,0.8504,0.988,0.5983,0.8635
855,29.341,1.992,1.947,pose,10.781,6.578,10.432,7.792,3.4544,6.2491,0.8514,0.9763,0.6097,0.8465
856,29.375,2.046,1.951,pose,10.781,6.647,10.432,7.792,3.4393,6.257,0.8127,0.9689,0.5851,0.8341
857,29.41,2.065,1.992,pose,10.781,6.647,10.432,7.792,3.4205,6.2469,0.7942,1.0158,0.5872,0.8362
858,29.444,2.06,2.046,pose,10.781,6.691,10.432,7.792,3.4121,6.2708,0.7966,1.0372,0.6165,0.8614
859,29.478,2.068,2.06,pose,10.781,6.691,10.432,7.792,3.4156,6.3022,0.7976,1.0263,0.6122,0.8587
860,29.513,2.057,2.06,pose,10.781,6.691,10.432,7.792,3.4185,6.3495,0.7803,1.0528,0.638,0.9037
861,29.547,2.085,2.065,pose,10.781,6.691,10.432,7.823,3.4158,6.426,0.7293,1.0585,0.6495,0.8831
862,29.581,2.111,2.068,pose,10.781,6.691,10.432,7.87,3.4261,6.4408,0.7162,1.0509,0.6651,0.8541
863,29.616,2.157,2.085,pose,10.781,6.691,10.432,7.947,3.4353,6.4749,0.691,1.0308,0.6687,0.8421
864,29.65,2.181,2.111,pose,10.781,6.691,10.432,7.947,3.4526,6.4701,0.6717,1.0584,0.6486,0.8206
865,29.684,2.194,2.157,pose,10.781,6.691,10.432,7.991,3.4652,6.5029,0.6505,1.0662,0.6584,0.7931
866,29.719,2.2,2.181,pose,10.781,6.691,10.432,7.991,3.4789,6.5136,0.6396,1.0686,0.654,0.7816
867,29.753,2.193,2.193,pose,10.781,6.691,10.432,7.991,3.4598,6.4978,0.6586,1.0694,0.6273,0.7868
868,29.787,2.16,2.193,pose,10.781,6.691,10.432,7.991,3.4461,6.4879,0.6955,1.0588,0.6325,0.8048
869,29.822,2.15,2.193,pose,10.781,6.691,10.432,7.991,3.4507,6.4635,0.7228,1.0309,0.6289,0.8165
870,29.856,2.104,2.16,pose,10.781,6.691,10.432,7.991,3.4665,6.436,0.7717,1.0168,0.6183,0.8469
871,29.89,2.04,2.15,pose,10.781,6.691,10.432,7.991,3.499,6.4255,0.803,0.984,0.6096,0.8736
872,29.925,1.977,2.104,pose,10.781,6.691,10.466,7.991,3.5406,6.3534,0.8254,0.9307,0.6054,0.8898
873,29.959,1.981,2.04,pose,10.84,6.691,10.466,7.991,3.5773,6.3149,0.8386,0.8708,0.5994,0.8844
874,29.993,1.982,1.982,pose,10.882,6.691,10.549,7.991,3.616,6.2902,0.8282,0.8107,0.5372,0.8778
875,30.027,1.989,1.982,pose,10.919,6.691,10.587,7.991,3.6413,6.2772,0.8295,0.7925,0.5151,0.85
876,30.062,1.975,1.981,pose,10.957,6.691,10.587,7.991,3.6693,6.283,0.8278,0.864,0.4995,0.8221
877,30.096,1.897,1.981,pose,10.957,6.691,10.587,7.991,3.6659,6.2852,0.8605,0.9935,0.4932,0.811
878,30.13,1.831,1.975,pose,10.957,6.691,10.619,7.991,3.6365,6.2627,0.8552,1.0709,0.5063,0.7552
879,30.165,1.741,1.897,pose,10.957,6.691,10.619,7.991,3.6081,6.1752,0.872,1.1934,0.5438,0.7075
880,30.199,1.645,1.831,pose,10.957,6.691,10.619,7.991,3.5707,6.1486,0.8858,1.2767,0.5593,0.6924
881,30.233,1.603,1.741,pose,10.957,6.691,10.727,7.991,3.5477,6.0971,0.8838,1.3454,0.5638,0.6581
882,30.268,1.585,1.645,pose,10.957,6.736,10.727,7.991,3.525,6.074,0.8283,1.4448,0.5603,0.6787
883,30.302,1.715,1.645,pose,10.957,6.736,10.805,7.991,3.501,6.0662,0.7698,1.3069,0.5649,0.7114
884,30.336,2.353,1.645,pose,10.957,6.782,10.805,7.991,3.4484,6.0013,0.7768,0.2652,0.5314,0.609
885,30.371,2.963,1.715,pose,10.957,6.782,10.836,7.991,3.4059,6.014,0.8404,0.0198,0.5331,0.551
886,30.405,2.685,2.353,bbox,10.957,6.859,10.888,7.991,3.3483,5.9555,,,,
887,30.439,2.643,2.643,bbox,10.957,6.901,10.888,7.991,3.3087,5.8698,,1.1607,,0.614
888,30.474,2.539,2.643,bbox,10.957,6.959,10.946,7.991,3.2856,5.7731,0.8919,,0.581,
889,30.508,1.675,2.643,pose,10.957,6.998,11.032,7.991,3.2128,5.4176,0.8912,0.0049,0.5695,0.5462
890,30.542,1.735,2.539,pose,10.957,6.998,11.129,7.991,3.2027,5.3084,0.8288,0.7342,0.5651,0.7442
891,30.577,1.838,1.838,pose,10.957,7.094,11.279,7.991,3.1636,5.1902,0.7192,0.0211,0.5957,0.5472
892,30.611,1.942,1.838,pose,10.957,7.094,11.387,7.991,3.0948,5.309,0.4702,0.4995,0.4885,0.7567
893,30.645,2.011,1.838,pose,10.957,7.144,11.387,7.991,3.0589,5.2436,0.35,0.4594,0.5729,0.6618
894,30.679,1.866,1.866,pose,10.957,7.212,11.453,7.991,3.0278,4.9838,0.3691,0.5627,0.6442,0.6668
895,30.714,1.788,1.866,pose,10.957,7.212,11.506,7.991,3.0785,4.9494,0.2981,0.639,0.6141,0.7363
896,30.748,1.872,1.872,bbox,10.957,7.212,11.656,7.991,3.0692,4.9424,,0.6639,,0.7334
897,30.782,1.788,1.866,pose,10.957,7.248,11.691,7.991,3.033,4.9284,0.382,0.6361,0.6508,0.7071
898,30.817,1.783,1.788,pose,10.957,7.248,11.691,7.991,2.9629,4.9276,0.4533,0.5936,0.546,0.715
899,30.851,1.817,1.788,pose,10.957,7.248,11.691,7.991,2.9104,4.9235,0.6223,0.5551,0.5214,0.7128
900,30.885,1.83,1.817,pose,10.957,7.344,11.691,7.991,2.8174,4.9109,0.6877,0.4955,0.5268,0.7492
901,30.92,1.805,1.805,pose,10.957,7.397,11.691,7.991,2.7923,4.9023,0.7758,0.4774,0.4962,0.7628
902,30.954,1.77,1.805,pose,10.957,7.49,11.729,7.991,2.7296,4.8877,0.8063,0.4856,0.4973,0.7761
903,30.988,1.76,1.805,pose,10.957,7.49,11.729,7.991,2.7047,4.8725,0.8016,0.5113,0.479,0.7816
904,31.023,1.704,1.77,pose,10.957,7.577,11.729,7.991,2.6521,4.8731,0.78,0.5875,0.5107,0.7988
905,31.057,1.638,1.76,pose,10.957,7.577,11.729,7.991,2.604,4.9237,0.7572,0.6773,0.5444,0.8112
906,31.091,1.556,1.704,pose,10.957,7.655,11.761,7.991,2.5788,4.8789,0.7679,0.7949,0.5803,0.8055
907,31.126,2.239,1.704,bbox,10.957,7.703,11.761,7.991,2.563,4.8463,,0.9074,,0.7918
908,31.16,1.761,1.704,pose,10.957,7.703,11.761,7.991,2.4401,4.822,0.4679,0.9935,0.5767,0.8046
909,31.194,1.831,1.761,pose,10.957,7.744,11.761,7.991,2.3699,4.8509,0.0374,1.0142,0.4465,0.768
910,31.229,2.511,1.831,bbox,10.957,7.867,11.761,7.991,2.3539,4.8601,,1.0503,,0.721
911,31.263,1.882,1.882,pose,10.957,7.937,11.761,7.991,2.3538,4.8681,0.0816,1.0319,0.4372,0.6998
912,31.297,1.998,1.882,pose,10.957,7.937,11.761,7.991,2.3105,4.868,0.0909,1.0393,0.3701,0.6816
913,31.332,2.577,1.998,bbox,10.957,7.937,11.761,7.991,2.3012,4.8698,,1.0405,,0.6888
914,31.366,2.625,2.511,bbox,10.957,7.997,11.761,7.991,2.2225,4.8592,,1.0451,,0.6794
915,31.4,2.689,2.577,bbox,10.957,7.997,11.761,7.991,2.1454,4.8366,,1.0277,,0.6956
916,31.434,2.668,2.625,bbox,10.957,8.085,11.761,7.991,2.1008,4.7955,,0.9583,,0.7198
917,31.469,2.675,2.668,bbox,10.957,8.162,11.804,7.991,2.0324,4.7509,,0.906,,0.7541
918,31.503,2.336,2.668,pose,10.957,8.206,11.845,7.991,1.9971,4.7005,0.3822,0.8157,0.6036,0.7861
919,31.537,2.331,2.668,pose,10.957,8.275,11.889,7.991,1.9696,4.6192,0.4156,0.7314,0.5763,0.8127
920,31.572,2.351,2.351,pose,10.957,8.31,11.94,7.991,1.9562,4.516,0.4269,0.6216,0.5679,0.8276
921,31.606,2.346,2.346,pose,10.957,8.31,12.021,7.991,1.9362,4.4356,0.4431,0.5399,0.5481,0.8813
922,31.64,2.298,2.336,pose,10.957,8.351,12.124,7.991,1.9294,4.3959,0.4446,0.5003,0.5628,0.8727
923,31.675,2.236,2.331,pose,10.957,8.351,12.204,7.991,1.9062,4.373,0.4321,0.5071,0.598,0.8797
924,31.709,2.146,2.298,pose,10.957,8.351,12.244,7.991,1.9062,4.363,0.4196,0.5685,0.6197,0.8637
925,31.743,2.059,2.236,pose,10.957,8.401,12.244,7.991,1.901,4.3446,0.4053,0.6689,0.6221,0.844
926,31.778,1.984,2.146,pose,10.957,8.401,12.277,7.991,1.9175,4.3384,0.3894,0.7556,0.6668,0.8183
927,31.812,1.91,2.059,pose,10.957,8.401,12.277,7.991,1.9303,4.3203,0.3747,0.8265,0.6706,0.7874
928,31.846,1.841,1.984,pose,10.957,8.401,12.277,7.991,1.9683,4.3125,0.3809,0.8705,0.6826,0.7615
929,31.881,1.748,1.91,pose,10.957,8.401,12.32,7.991,1.9818,4.3146,0.4552,0.8788,0.66,0.7406
930,31.915,1.716,1.841,pose,11.02,8.401,12.32,7.991,2.0134,4.314,0.505,0.883,0.6511,0.7052
931,31.949,1.675,1.748,pose,11.02,8.401,12.32,7.991,2.0633,4.344,0.5784,0.88,0.6342,0.7157
932,31.984,1.634,1.716,pose,11.065,8.401,12.32,7.991,2.1416,4.3624,0.6201,0.8602,0.6049,0.6971
933,32.018,2.263,1.716,bbox,11.115,8.401,12.32,7.991,2.1902,4.3833,,0.8388,,0.7161
934,32.052,1.624,1.675,pose,11.193,8.401,12.32,7.991,2.2601,4.3474,0.5659,0.8277,0.5186,0.7295
935,32.086,2.127,1.675,bbox,11.241,8.401,12.32,7.991,2.2736,4.3026,,0.7987,,0.7479
936,32.121,1.595,1.634,pose,11.311,8.401,12.32,7.991,2.2846,4.276,0.5878,0.7672,0.451,0.7623
937,32.155,1.552,1.624,pose,11.311,8.401,12.32,7.991,2.3064,4.2894,0.6044,0.768,0.4531,0.786
938,32.189,1.561,1.595,pose,11.311,8.401,12.32,7.991,2.3132,4.2983,0.6182,0.7562,0.4755,0.7977
939,32.224,1.547,1.561,pose,11.351,8.401,12.32,7.991,2.3001,4.2945,0.6201,0.7442,0.4933,0.7774
940,32.258,1.571,1.561,pose,11.351,8.401,12.351,7.991,2.2865,4.2798,0.6535,0.7434,0.5387,0.7768
941,32.292,1.585,1.561,pose,11.351,8.401,12.351,7.991,2.2668,4.2737,0.6842,0.7428,0.5594,0.7407
942,32.327,1.607,1.571,pose,11.351,8.401,12.351,7.991,2.2571,4.2843,0.6698,0.7411,0.5836,0.7534
943,32.361,1.706,1.585,pose,11.351,8.434,12.351,7.991,2.198,4.2995,0.5649,0.7371,0.5902,0.7533
944,32.395,1.747,1.607,pose,11.351,8.434,12.351,7.991,2.1726,4.3414,0.4836,0.7497,0.6352,0.7745
945,32.43,1.836,1.706,pose,11.351,8.496,12.351,7.991,2.2045,4.409,0.3807,0.7464,0.6385,0.7926
946,32.464,1.892,1.747,pose,11.351,8.496,12.351,8.043,2.226,4.432,0.3137,0.7457,0.63,0.802
947,32.498,2.205,1.836,bbox,11.351,8.496,12.351,8.11,2.2367,4.4362,,0.7942,,0.8413
948,32.533,1.946,1.892,pose,11.351,8.496,12.351,8.11,2.2476,4.4724,0.3516,0.7925,0.6101,0.8354
949,32.567,2.323,1.946,bbox,11.351,8.496,12.351,8.11,2.2284,4.5164,,0.7991,,0.827
950,32.601,2.406,2.205,bbox,11.351,8.496,12.351,8.174,2.1997,4.5521,,0.7783,,0.821
951,32.636,2.492,2.323,bbox,11.351,8.496,12.351,8.218,2.1761,4.6022,,0.0271,,0.76
952,32.67,2.082,2.323,pose,11.351,8.496,12.351,8.253,2.1561,4.6377,0.5508,0.7744,0.545,0.7766
953,32.704,2.148,2.323,pose,11.351,8.496,12.351,8.304,2.1433,4.659,0.546,0.7696,0.5346,0.7535
954,32.739,2.142,2.148,pose,11.351,8.545,12.351,8.339,2.1257,4.6721,0.5582,0.7905,0.5363,0.7661
955,32.773,2.152,2.148,pose,11.351,8.545,12.351,8.339,2.1209,4.6834,0.5602,0.78,0.5307,0.7573
956,32.807,2.123,2.142,pose,11.351,8.575,12.351,8.373,2.1226,4.6929,0.5509,0.7853,0.5409,0.7602
957,32.841,2.107,2.142,pose,11.351,8.575,12.351,8.373,2.1437,4.8223,0.5442,0.7879,0.556,0.7894
958,32.876,2.08,2.123,pose,11.351,8.575,12.351,8.373,2.1846,4.7233,0.5411,0.772,0.5745,0.7704
959,32.91,2.02,2.107,pose,11.351,8.575,12.351,8.425,2.2169,4.8555,0.538,0.7816,0.5806,0.7936
960,32.944,1.959,2.08,pose,11.41,8.575,12.351,8.425,2.2742,4.7415,0.545,0.7875,0.5889,0.8016
961,32.979,1.942,2.02,pose,11.442,8.575,12.351,8.425,2.3209,4.7322,0.5572,0.7799,0.5895,0.8095
962,33.013,1.861,1.959,pose,11.5,8.575,12.351,8.425,2.3812,4.7489,0.6281,0.8086,0.5699,0.8066
963,33.047,2.464,1.959,bbox,11.546,8.575,12.351,8.425,2.4548,4.827,,0.7697,,0.7974
964,33.082,2.48,1.959,bbox,11.607,8.575,12.351,8.425,2.4997,4.8692,,0.7571,,0.7836
965,33.116,1.818,1.942,pose,11.68,8.575,12.351,8.528,2.5553,4.8448,0.6985,0.7605,0.5205,0.773
966,33.15,1.83,1.861,pose,11.725,8.575,12.351,8.528,2.5648,4.8741,0.7103,0.7739,0.4915,0.7776
967,33.185,1.835,1.835,pose,11.781,8.575,12.351,8.571,2.5819,4.8717,0.7036,0.7573,0.5038,0.7868
968,33.219,1.824,1.83,pose,11.781,8.575,12.351,8.571,2.6032,4.905,0.6781,0.7961,0.5168,0.7889
969,33.253,1.808,1.824,pose,11.781,8.575,12.351,8.571,2.6192,4.9293,0.6742,0.8087,0.5162,0.8123
970,33.288,1.804,1.824,pose,11.829,8.575,12.351,8.606,2.6297,4.9253,0.6701,0.7904,0.5392,0.8332
971,33.322,1.805,1.808,pose,11.829,8.575,12.351,8.606,2.6467,4.9364,0.6487,0.7932,0.5563,0.8455
972,33.356,1.846,1.808,pose,11.829,8.575,12.351,8.606,2.6673,4.9681,0.6493,0.7992,0.5602,0.8463
973,33.391,1.887,1.808,pose,11.872,8.575,12.351,8.638,2.6899,5.1945,0.646,0.7765,0.5555,0.8294
974,33.425,1.972,1.846,pose,11.872,8.575,12.351,8.67,2.7264,5.1304,0.6322,0.741,0.5455,0.7983
975,33.459,2.056,1.887,pose,11.915,8.575,12.351,8.82,2.7787,5.168,0.6265,0.7175,0.5447,0.7749
976,33.493,2.063,1.972,pose,11.952,8.575,12.351,8.857,2.8217,5.2808,0.6208,0.7629,0.5245,0.7657
977,33.528,2.636,2.056,bbox,12.004,8.575,12.351,8.857,2.8503,5.3129,,0.7425,,0.7555
978,33.562,2.043,2.056,pose,12.047,8.575,12.351,8.97,2.8835,5.4186,0.6485,0.7581,0.5098,0.7674
979,33.596,2.768,2.063,bbox,12.047,8.575,12.351,9.002,2.9012,5.4979,,0.7804,,0.7791
980,33.631,2.689,2.636,bbox,12.109,8.575,12.351,9.108,2.9244,5.4571,,0.7878,,0.7967
981,33.665,2.616,2.636,bbox,12.109,8.575,12.351,9.146,2.9581,5.4599,,0.781,,0.8308
982,33.699,2.0,2.616,pose,12.15,8.575,12.351,9.146,2.971,5.4746,0.6217,0.7973,0.5592,0.8334
983,33.734,1.987,2.616,pose,12.184,8.575,12.351,9.146,2.9817,5.4818,0.6254,0.7948,0.5572,0.8357
984,33.768,2.027,2.027,pose,12.184,8.575,12.351,9.146,2.9849,5.5011,0.6274,0.7756,0.5473,0.8433
985,33.802,2.565,2.027,bbox,12.184,8.575,12.351,9.146,3.0011,5.5209,,0.7588,,0.8467
986,33.837,2.076,2.027,pose,12.184,8.575,12.351,9.19,3.0177,5.5415,0.6294,0.7422,0.5134,0.8286
987,33.871,2.117,2.076,pose,12.227,8.575,12.351,9.19,3.0348,5.5606,0.6442,0.7416,0.5323,0.8194
988,33.905,2.146,2.117,pose,12.227,8.575,12.351,9.231,3.0374,5.5594,0.6343,0.749,0.5299,0.7992
989,33.94,2.149,2.146,pose,12.26,8.575,12.351,9.231,3.0342,5.5616,0.636,0.7733,0.5041,0.7935
990,33.974,2.173,2.146,pose,12.26,8.575,12.351,9.231,3.0493,5.5749,0.6537,0.7673,0.5214,0.7751
991,34.008,2.151,2.149,pose,12.26,8.575,12.351,9.231,3.0718,5.5891,0.6417,0.7747,0.539,0.783
992,34.043,2.108,2.149,pose,12.26,8.575,12.351,9.264,3.1048,5.6021,0.6318,0.7706,0.5324,0.8034
993,34.077,2.523,2.151,bbox,12.297,8.575,12.351,9.264,3.1582,5.6197,,0.7594,,0.8217
994,34.111,2.029,2.151,pose,12.33,8.575,12.351,9.264,3.2089,5.6349,0.6203,0.7385,0.55,0.8444
995,34.146,2.38,2.151,bbox,12.384,8.575,12.351,9.309,3.261,5.6424,,0.7385,,0.8498
996,34.18,2.312,2.312,bbox,12.434,8.575,12.351,9.309,3.323,5.647,,0.7172,,0.8674
997,34.214,2.234,2.312,bbox,12.487,8.575,12.351,9.309,3.3861,5.6366,,0.7103,,0.8581
998,34.248,2.19,2.234,bbox,12.549,8.575,12.351,9.309,3.4313,5.6186,,0.7235,,0.8485
999,34.283,1.895,2.234,pose,12.612,8.575,12.351,9.309,3.4206,5.6155,0.02,0.7348,0.0198,0.8138
1000,34.317,2.227,2.227,bbox,12.612,8.575,12.351,9.309,3.4061,5.6109,,0.7217,,0.7954
1001,34.351,1.783,2.19,pose,12.646,8.575,12.351,9.309,3.4489,5.6032,0.4968,0.7177,0.5543,0.7904
1002,34.386,2.18,2.18,bbox,12.646,8.575,12.351,9.309,3.5061,5.6262,,0.7422,,0.7955
1003,34.42,2.196,2.18,bbox,12.646,8.575,12.351,9.309,3.5359,5.6581,,0.7573,,0.8135
1004,34.454,2.206,2.196,bbox,12.732,8.575,12.351,9.309,3.566,5.6949,,0.7994,,0.871
1005,34.489,2.188,2.188,bbox,12.732,8.575,12.351,9.347,3.6079,5.7273,,0.8235,,0.8749
1006,34.523,2.208,2.196,bbox,12.792,8.575,12.351,9.384,3.65,5.7712,,0.8526,,0.8763
1007,34.557,2.224,2.206,bbox,12.833,8.575,12.351,9.416,3.6889,5.8159,,0.8357,,0.8699
1008,34.592,2.32,2.208,bbox,12.875,8.575,12.351,9.46,3.7162,5.9002,,0.8219,,0.8326
1009,34.626,2.245,2.224,bbox,12.914,8.575,12.351,9.505,3.8192,5.9183,,0.7568,,0.8021
1010,34.66,2.26,2.245,bbox,12.914,8.575,12.351,9.589,3.8944,5.9555,,0.7181,,0.7614
1011,34.695,2.271,2.26,bbox,13.045,8.575,12.351,9.589,3.9811,6.0184,,0.6404,,0.7292
1012,34.729,2.336,2.271,bbox,13.12,8.575,12.351,9.645,4.0154,6.0666,,0.5031,,0.6802
1013,34.763,2.467,2.271,bbox,13.207,8.575,12.351,9.708,4.001,6.1015,,,,
1014,34.798,2.484,2.336,bbox,13.207,8.575,12.351,9.756,4.0623,6.0993,,0.4277,,0.6394
1015,34.832,2.565,2.467,bbox,13.207,8.575,12.351,9.756,4.0066,6.0861,,0.4425,,0.6102
1016,34.866,2.563,2.484,bbox,13.207,8.575,12.351,9.756,4.0075,6.0907,,0.5293,,0.5964
1017,34.9,2.54,2.54,bbox,13.207,8.575,12.351,9.756,3.9968,6.0879,,0.5663,,0.6422
1018,34.935,2.405,2.54,bbox,13.207,8.575,12.351,9.756,3.9934,6.0156,,0.6279,,0.6518
1019,34.969,2.283,2.54,bbox,13.207,8.575,12.351,9.756,3.9873,5.9267,0.0164,,-0.467,
1020,35.003,2.149,2.405,bbox,13.207,8.575,12.402,9.756,3.9942,5.8424,,,,
1021,35.038,2.025,2.283,bbox,13.207,8.575,12.491,9.756,3.9833,5.7687,,,,
1022,35.072,1.86,2.149,bbox,13.207,8.575,12.575,9.756,3.9848,5.6771,,1.0596,,0.7204
1023,35.106,1.906,2.025,pose,13.207,8.575,12.649,9.756,3.9809,5.6724,0.018,1.135,0.2657,0.7054
1024,35.141,0.853,1.906,pose,13.207,8.575,12.74,9.756,3.9612,5.569,0.9871,1.1341,0.4045,0.6944
1025,35.175,1.726,1.86,bbox,13.207,8.575,12.74,9.756,3.9148,5.5229,,,,
1026,35.209,1.702,1.726,bbox,13.207,8.575,12.848,9.756,3.8824,5.4517,,1.1067,,0.6722
1027,35.244,1.694,1.702,bbox,13.207,8.641,12.894,9.756,3.8665,5.4022,,0.5623,,0.6585
1028,35.278,1.638,1.694,bbox,13.207,8.674,12.966,9.756,3.8543,5.331,,1.0021,,0.6766
1029,35.312,1.662,1.694,bbox,13.207,8.674,13.015,9.756,3.8404,5.3467,,0.9039,,0.7216
1030,35.347,0.838,1.662,pose,13.207,8.674,13.071,9.756,3.832,5.3031,0.9508,0.8054,0.4544,0.7434
1031,35.381,0.883,1.638,pose,13.207,8.716,13.071,9.756,3.8233,5.2482,0.9018,0.6887,0.4276,0.7659
1032,35.415,0.923,0.923,pose,13.207,8.716,13.114,9.756,3.8109,5.2175,0.9017,0.6578,0.5073,0.7951
1033,35.45,1.545,0.923,bbox,13.207,8.716,13.169,9.756,3.801,5.205,,0.613,,0.8033
1034,35.484,1.55,0.923,bbox,13.207,8.716,13.2,9.756,3.7718,5.194,,0.5671,,0.8347
1035,35.518,1.624,1.545,bbox,13.207,8.755,13.2,9.756,3.7017,5.1925,,0.545,,0.8693
1036,35.553,1.141,1.545,pose,13.207,8.755,13.2,9.756,3.7155,5.1932,0.6703,0.5089,0.4601,0.8494
1037,35.587,1.667,1.55,bbox,13.207,8.841,13.2,9.756,3.665,5.2071,,0.4891,,0.8674
1038,35.621,1.142,1.55,pose,13.207,8.841,13.2,9.756,3.6402,5.2159,0.6232,0.4663,0.5281,0.852
1039,35.655,1.244,1.244,pose,13.207,8.891,13.2,9.756,3.6433,5.2145,0.5696,0.4097,0.5033,0.867
1040,35.69,1.226,1.226,pose,13.207,8.891,13.2,9.756,3.6301,5.2087,0.5702,0.4093,0.5286,0.8737
1041,35.724,1.195,1.226,pose,13.207,8.891,13.2,9.756,3.6213,5.1798,0.5834,0.3933,0.5316,0.8623
1042,35.758,1.244,1.226,pose,13.207,8.926,13.2,9.756,3.5968,5.1362,0.5648,0.3561,0.5278,0.8489
1043,35.793,1.606,1.244,bbox,13.207,8.926,13.237,9.756,3.5011,5.0236,,,,
1044,35.827,1.551,1.244,bbox,13.207,8.959,13.281,9.756,3.3033,4.7776,,,,
1045,35.861,1.611,1.551,bbox,13.207,9.055,13.394,9.756,3.0957,4.6035,,,,
1046,35.896,1.572,1.572,bbox,13.207,9.205,13.544,9.756,2.98,4.5118,,,,
1047,35.93,1.593,1.593,bbox,13.207,9.355,13.694,9.756,2.9569,4.5125,,0.2694,,0.8478
1048,35.964,1.567,1.572,bbox,13.207,9.44,13.752,9.756,3.0105,4.5454,,0.2367,,0.4172
1049,35.999,1.511,1.572,bbox,13.207,9.44,13.752,9.756,3.1065,4.5923,,0.2355,,0.8241
1050,36.033,1.507,1.567,bbox,13.207,9.44,13.752,9.756,3.1479,4.6296,,0.1982,,0.8316
1051,36.067,1.225,1.511,pose,13.303,9.44,13.752,9.803,3.1507,4.6347,0.4619,0.2373,0.5632,0.8195
1052,36.102,1.203,1.507,pose,13.303,9.44,13.752,9.803,3.1349,4.6025,0.4828,0.2476,0.5619,0.8183
1053,36.136,1.207,1.225,pose,13.303,9.44,13.752,9.803,3.1326,4.597,0.4837,0.2548,0.5813,0.7865
1054,36.17,1.484,1.225,bbox,13.338,9.44,13.752,9.839,3.1415,4.6285,,0.2554,,0.8235
1055,36.205,1.416,1.225,bbox,13.338,9.44,13.752,9.839,3.1974,4.6383,,0.2641,,0.7565
1056,36.239,1.445,1.416,bbox,13.338,9.44,13.752,9.839,3.2554,4.733,,0.0023,,0.3816
1057,36.273,,,,13.338,9.44,13.752,9.839,,,,,,
1058,36.307,,,,13.338,9.44,13.752,9.839,,,,,,
1059,36.342,,,,13.338,9.44,13.752,9.839,,,,,,
1060,36.376,2.81,1.445,pose,13.338,9.44,13.752,9.839,3.0707,6.7667,0.1638,0.9558,0.7163,0.9656
1061,36.41,2.811,1.484,pose,13.338,9.44,13.752,9.943,3.104,6.7186,0.2113,1.0112,0.7174,0.9211
1062,36.445,2.749,2.749,pose,13.338,9.44,13.752,10.093,3.136,6.7397,0.3302,0.9493,0.6979,0.8996
1063,36.479,2.894,2.81,pose,13.338,9.44,13.752,10.093,3.145,6.7656,0.1737,0.9427,0.6834,0.8861
1064,36.513,2.627,2.81,pose,13.338,9.44,13.752,10.14,3.1933,6.7842,0.4694,0.9505,0.6978,0.9096
1065,36.548,2.586,2.749,pose,13.338,9.44,13.752,10.14,3.2083,6.7488,0.5105,0.9388,0.6928,0.8967
1066,36.582,2.537,2.627,pose,13.389,9.44,13.752,10.14,3.2419,6.7315,0.5377,0.9289,0.6893,0.9116
1067,36.616,2.491,2.586,pose,13.389,9.44,13.752,10.14,3.2531,6.7246,0.5594,1.003,0.6879,0.936
1068,36.651,2.466,2.537,pose,13.438,9.44,13.752,10.14,3.3053,6.7537,0.59,1.0199,0.68,0.9514
1069,36.685,2.424,2.491,pose,13.438,9.44,13.752,10.14,3.3025,6.7834,0.6223,0.9887,0.6733,0.9598
1070,36.719,2.415,2.466,pose,13.499,9.44,13.752,10.14,3.3249,6.8041,0.6635,1.0077,0.6765,0.9478
1071,36.754,2.447,2.447,pose,13.499,9.44,13.752,10.14,3.3376,6.8049,0.6913,0.9741,0.6504,0.9496
1072,36.788,2.435,2.435,pose,13.499,9.44,13.752,10.179,3.3625,6.8084,0.715,1.0281,0.6508,0.9161
1073,36.822,2.419,2.424,pose,13.534,9.44,13.752,10.179,3.3782,6.8126,0.729,1.0122,0.6614,0.8841
1074,36.857,2.42,2.42,pose,13.534,9.44,13.752,10.179,3.3948,6.818,0.7279,1.0221,0.6497,0.8592
1075,36.891,2.384,2.42,pose,13.574,9.44,13.752,10.179,3.4137,6.8283,0.7452,1.0298,0.6523,0.8586
1076,36.925,2.391,2.419,pose,13.574,9.44,13.752,10.179,3.4396,6.8299,0.7577,1.0077,0.657,0.8648
1077,36.96,2.405,2.405,pose,13.61,9.44,13.752,10.179,3.453,6.8304,0.7524,0.99,0.6696,0.8944
1078,36.994,2.37,2.391,pose,13.61,9.44,13.752,10.179,3.4523,6.8224,0.7589,1.0405,0.6532,0.8999
1079,37.028,2.337,2.384,pose,13.61,9.44,13.752,10.179,3.4424,6.8087,0.763,1.039,0.6488,0.931
1080,37.062,2.98,2.391,bbox,13.648,9.44,13.752,10.179,3.4525,6.8036,,1.0322,,0.9377
1081,37.097,2.929,2.405,bbox,13.648,9.44,13.752,10.179,3.4701,6.7585,,1.0182,,0.9423
1082,37.131,2.354,2.37,pose,13.648,9.44,13.752,10.179,3.4748,6.7406,0.7197,1.0204,0.6727,0.9284
1083,37.165,2.367,2.367,pose,13.648,9.44,13.797,10.179,3.4699,6.7225,0.7389,1.0081,0.6813,0.9072
1084,37.2,2.37,2.37,pose,13.648,9.44,13.797,10.179,3.4655,6.7059,0.7276,1.0211,0.682,0.8759
1085,37.234,2.381,2.37,pose,13.648,9.44,13.833,10.179,3.4702,6.7122,0.7269,1.0185,0.6698,0.8549
1086,37.268,2.38,2.37,pose,13.648,9.44,13.833,10.179,3.4652,6.72,0.7317,1.0109,0.6767,0.8474
1087,37.303,2.393,2.38,pose,13.648,9.44,13.833,10.179,3.4624,6.7216,0.7473,1.0032,0.6558,0.8458
1088,37.337,2.397,2.381,pose,13.648,9.44,13.833,10.179,3.4618,6.7387,0.7704,1.0096,0.664,0.8545
1089,37.371,2.401,2.393,pose,13.648,9.44,13.833,10.179,3.4571,6.7751,0.7975,1.0189,0.6506,0.8819
1090,37.406,2.404,2.397,pose,13.648,9.44,13.833,10.179,3.4561,6.7728,0.8018,1.0302,0.6407,0.9134
1091,37.44,2.425,2.401,pose,13.648,9.44,13.833,10.229,3.4424,6.8171,0.8052,1.0325,0.6095,0.9279
1092,37.474,2.421,2.404,pose,13.648,9.44,13.833,10.229,3.4311,6.8405,0.8193,1.041,0.6112,0.9309
1093,37.509,2.462,2.421,pose,13.648,9.44,13.833,10.273,3.4316,6.8877,0.8121,1.0097,0.6041,0.9509
1094,37.543,2.507,2.425,pose,13.648,9.44,13.833,10.273,3.4238,6.9396,0.801,1.0345,0.6096,0.9329
1095,37.577,2.51,2.462,pose,13.648,9.44,13.833,10.339,3.4394,6.8831,0.8046,1.0323,0.6363,0.9003
1096,37.612,2.486,2.486,pose,13.648,9.44,13.833,10.339,3.4468,6.8737,0.7896,1.0243,0.6444,0.8495
1097,37.646,2.473,2.486,pose,13.648,9.44,13.833,10.339,3.4495,6.8585,0.7794,1.0545,0.6605,0.8373
1098,37.68,2.459,2.486,pose,13.648,9.44,13.833,10.339,3.4414,6.8614,0.7707,1.0713,0.651,0.8122
1099,37.714,2.455,2.473,pose,13.648,9.44,13.833,10.339,3.4448,6.9214,0.7507,1.0602,0.6816,0.8123
1100,37.749,2.447,2.459,pose,13.648,9.44,13.833,10.339,3.4408,6.914,0.7568,1.0513,0.6834,0.8378
1101,37.783,2.421,2.455,pose,13.648,9.44,13.833,10.37,3.4413,6.9512,0.7544,1.0405,0.6876,0.8657
1102,37.817,2.433,2.447,pose,13.648,9.44,13.833,10.37,3.438,6.9298,0.7663,0.9803,0.673,0.8864
1103,37.852,2.423,2.433,pose,13.648,9.44,13.833,10.37,3.4442,6.8549,0.7646,0.9722,0.6582,0.8859
1104,37.886,2.41,2.423,pose,13.648,9.44,13.833,10.37,3.442,6.8162,0.7848,0.9692,0.6468,0.9026
1105,37.92,2.397,2.421,pose,13.648,9.44,13.893,10.37,3.4558,6.783,0.7995,0.95,0.6112,0.9091
1106,37.955,2.382,2.41,pose,13.648,9.44,13.931,10.37,3.4734,6.7789,0.7922,1.0023,0.6089,0.9114
1107,37.989,2.38,2.397,pose,13.648,9.44,13.964,10.37,3.5114,6.7741,0.7918,0.9982,0.6148,0.9004
1108,38.023,2.374,2.382,pose,13.648,9.44,13.964,10.37,3.5307,6.766,0.7802,0.9562,0.6345,0.877
1109,38.058,2.389,2.382,pose,13.707,9.44,13.964,10.37,3.5369,6.7408,0.7636,0.9537,0.6471,0.843
1110,38.092,2.413,2.382,pose,13.707,9.44,13.964,10.37,3.5448,6.7446,0.7656,0.971,0.6385,0.8143
1111,38.126,2.426,2.389,pose,13.707,9.44,13.964,10.37,3.5596,6.762,0.7438,0.9688,0.6687,0.8362
1112,38.161,2.4,2.4,pose,13.741,9.44,13.964,10.37,3.5646,6.7744,0.7347,0.9502,0.674,0.8458
1113,38.195,2.4,2.4,pose,13.741,9.44,13.964,10.37,3.58,6.798,0.7105,0.9547,0.6833,0.8406
1114,38.229,2.38,2.4,pose,13.741,9.44,13.964,10.37,3.5792,6.8352,0.7159,0.9863,0.6696,0.8658
1115,38.264,2.384,2.4,pose,13.775,9.44,13.964,10.37,3.5799,6.843,0.7378,0.9808,0.6322,0.8866
1116,38.298,2.361,2.384,pose,13.775,9.44,13.964,10.423,3.5722,6.8624,0.7779,1.0476,0.6182,0.8882
1117,38.332,2.363,2.38,pose,13.775,9.44,13.964,10.423,3.5772,6.9015,0.7968,1.0388,0.5814,0.8997
1118,38.367,2.308,2.363,pose,13.775,9.44,13.964,10.423,3.5893,6.9468,0.857,1.0318,0.576,0.8765
1119,38.401,2.236,2.361,pose,13.775,9.44,13.964,10.489,3.6147,6.9464,0.9487,1.0509,0.5641,0.8743
1120,38.435,2.159,2.308,pose,13.775,9.44,13.964,10.531,3.6485,6.9436,1.0316,1.0635,0.5482,0.8373
1121,38.469,2.131,2.236,pose,13.811,9.44,13.964,10.531,3.7016,6.922,1.0549,1.0507,0.5474,0.7853
1122,38.504,2.165,2.165,pose,13.845,9.44,13.964,10.531,3.7628,6.9041,1.0196,1.0749,0.5264,0.7919
1123,38.538,3.023,2.165,bbox,13.898,9.44,13.964,10.531,3.82,6.8832,,1.0248,,0.7751
1124,38.572,3.023,2.165,bbox,13.959,9.44,14.004,10.531,3.8517,6.8631,,1.0332,,0.7824
1125,38.607,2.854,2.854,bbox,14.016,9.44,14.004,10.531,3.8835,6.7327,,1.0146,,0.7788
1126,38.641,2.272,2.854,pose,14.048,9.44,14.045,10.531,3.872,6.629,0.2921,1.0401,0.4679,0.7842
1127,38.675,2.127,2.854,pose,14.048,9.44,14.175,10.531,3.8575,6.5648,0.8915,0.9755,0.459,0.8093
1128,38.71,2.668,2.668,bbox,14.048,9.44,14.279,10.531,3.8036,6.4687,,0.903,,0.8108
1129,38.744,2.616,2.616,bbox,14.048,9.44,14.343,10.531,3.7767,6.4146,,0.8252,,0.8221
1130,38.778,2.591,2.591,bbox,14.048,9.488,14.439,10.531,3.7377,6.3615,,0.7786,,0.8277
1131,38.813,1.918,2.591,pose,14.048,9.488,14.493,10.531,3.7189,6.3061,0.0218,0.7385,-0.0151,0.8412
1132,38.847,2.552,2.591,bbox,14.048,9.554,14.547,10.531,3.671,6.2894,,0.7092,,0.8434
1133,38.881,2.702,2.591,pose,14.048,9.554,14.602,10.531,3.6413,6.2931,0.0206,0.75,0.4673,0.8074
1134,38.916,2.156,2.552,pose,14.048,9.621,14.602,10.531,3.5461,6.2954,1.0109,0.7995,0.5395,0.7675
1135,38.95,2.805,2.552,bbox,14.048,9.621,14.602,10.531,3.4755,6.3122,,0.8859,,0.7429
1136,38.984,1.845,2.552,pose,14.048,9.746,14.602,10.531,3.4519,6.2693,1.0177,1.146,0.5397,0.6249
1137,39.019,2.819,2.702,bbox,14.048,9.817,14.602,10.531,3.4324,6.2427,,1.0463,,0.724
1138,39.053,1.931,2.156,pose,14.048,9.817,14.639,10.531,3.391,6.2269,1.007,1.1104,0.5333,0.716
1139,39.087,1.853,1.931,pose,14.048,9.86,14.639,10.531,3.3688,6.2067,0.9648,1.2471,0.5323,0.6682
1140,39.121,2.044,1.931,pose,14.048,9.901,14.681,10.531,3.3419,6.1584,0.7055,1.2699,0.5539,0.6688
1141,39.156,1.838,1.931,pose,14.048,9.901,14.681,10.531,3.352,6.0666,0.746,1.4243,0.5569,0.6519
1142,39.19,2.616,1.931,bbox,14.048,9.901,14.75,10.531,3.3733,5.9959,,1.5676,,0.6199
1143,39.224,2.557,2.044,bbox,14.048,9.901,14.841,10.531,3.3933,5.9529,,,,
1144,39.259,2.497,2.497,bbox,14.048,9.933,14.912,10.531,3.3586,5.8542,,0.5883,,0.1152
1145,39.293,2.462,2.497,bbox,14.048,9.933,14.955,10.531,3.2774,5.723,,1.4848,,0.6369
1146,39.327,2.306,2.497,pose,14.048,9.933,15.054,10.531,3.2532,5.6434,0.5447,0.23,0.4786,0.6511
1147,39.362,1.7,2.462,pose,14.048,10.015,15.12,10.531,3.1535,5.7882,0.8374,1.1878,0.5182,0.678
1148,39.396,1.681,2.306,pose,14.048,10.015,15.185,10.531,3.1094,5.4882,0.8513,1.114,0.5467,0.637
1149,39.43,1.703,1.703,pose,14.048,10.139,15.265,10.531,3.0816,5.513,0.8689,0.9011,0.6139,0.6393
1150,39.465,2.103,1.703,pose,14.048,10.183,15.395,10.531,2.9856,5.4847,0.3675,0.748,0.4865,0.7249
1151,39.499,1.806,1.703,pose,14.048,10.183,15.395,10.531,2.9876,5.4185,0.7124,0.6542,0.5582,0.8028
1152,39.533,1.972,1.806,pose,14.048,10.304,15.395,10.531,2.988,4.9976,0.5295,0.5242,0.6389,0.8147
1153,39.568,2.042,1.972,pose,14.048,10.304,15.489,10.531,3.0259,4.9297,0.3382,0.4085,0.5544,0.8245
1154,39.602,2.135,2.042,bbox,14.048,10.304,15.639,10.531,3.0462,5.218,,0.3707,,0.8074
1155,39.636,2.221,2.042,pose,14.086,10.304,15.639,10.531,3.0625,5.2974,0.1073,0.3474,0.6363,0.8234
1156,39.671,2.159,2.135,pose,14.086,10.304,15.639,10.531,3.0819,5.3822,0.4869,0.2702,0.4859,0.8267
1157,39.705,2.14,2.14,bbox,14.122,10.304,15.639,10.531,3.1061,5.2193,,0.6053,,0.8287
1158,39.739,1.656,2.14,pose,14.122,10.304,15.639,10.531,3.0863,5.177,0.7438,0.7115,0.5528,0.8238
1159,39.774,2.134,2.14,bbox,14.122,10.304,15.639,10.531,3.0527,5.193,0.7829,,0.585,
1160,39.808,2.169,2.14,bbox,14.122,10.304,15.639,10.531,3.0454,5.1915,,,,
1161,39.842,1.52,2.134,pose,14.122,10.304,15.639,10.531,3.0358,5.1837,0.5593,1.0906,0.5922,0.7276
1162,39.876,1.448,1.656,pose,14.122,10.304,15.639,10.531,3.0687,5.2024,0.6309,1.1446,0.5995,0.658
1163,39.911,2.062,2.062,pose,14.122,10.304,15.639,10.531,3.0444,5.2247,0.0086,1.1861,0.5896,0.638
1164,39.945,2.011,2.011,pose,14.122,10.304,15.639,10.531,3.072,5.2098,0.0182,1.1983,0.5362,0.6393
1165,39.979,1.947,1.947,pose,14.122,10.304,15.639,10.531,3.0831,5.1873,0.0452,1.1871,0.6642,0.6263
1166,40.014,1.937,1.947,pose,14.122,10.304,15.639,10.531,3.0808,5.1749,0.1308,1.1517,0.6631,0.6419
1167,40.048,1.995,1.995,pose,14.122,10.304,15.67,10.531,3.1014,5.1635,0.1244,1.0856,0.6718,0.6565
1168,40.082,2.078,1.995,pose,14.122,10.304,15.67,10.531,3.0976,5.1491,0.0216,1.0005,0.6859,0.6704
1169,40.117,1.933,1.947,pose,14.122,10.304,15.67,10.531,3.0618,5.1276,0.1033,0.926,0.5208,0.7214
1170,40.151,2.146,1.995,bbox,14.122,10.304,15.708,10.531,3.0121,5.0427,,0.7913,,0.739
1171,40.185,1.93,1.995,pose,14.122,10.304,15.708,10.531,2.9473,4.9841,0.5615,0.7009,0.5639,0.7711
1172,40.22,1.882,1.933,pose,14.122,10.354,15.815,10.531,2.8693,4.9215,0.6036,0.6487,0.5584,0.7847
1173,40.254,1.76,1.93,pose,14.122,10.419,15.873,10.531,2.8027,4.8848,0.6996,0.6003,0.3473,0.7779
1174,40.288,1.893,1.893,pose,14.122,10.497,15.936,10.531,2.7326,4.8443,0.4226,0.5925,0.4579,0.7932
1175,40.323,1.672,1.882,pose,14.122,10.564,15.973,10.531,2.723,4.8142,0.7444,0.6233,0.4904,0.8076
1176,40.357,1.567,1.76,pose,14.122,10.634,16.013,10.531,2.7084,4.8129,0.7522,0.698,0.5671,0.8045
1177,40.391,1.788,1.76,pose,14.122,10.634,16.043,10.531,2.7025,4.7842,0.3786,0.7189,0.4232,0.8001
1178,40.426,2.228,1.788,bbox,14.122,10.634,16.043,10.531,2.6672,4.7796,,0.6885,,0.7638
1179,40.46,1.784,1.784,pose,14.122,10.664,16.043,10.531,2.6387,4.7661,0.5925,0.6871,0.6152,0.7471
1180,40.494,1.876,1.788,pose,14.122,10.699,16.078,10.531,2.6481,4.7557,0.4944,0.6877,0.6207,0.7526
1181,40.528,2.013,1.876,pose,14.122,10.699,16.078,10.531,2.6466,4.767,0.3635,0.6818,0.6087,0.7644
1182,40.563,2.127,2.013,pose,14.122,10.699,16.078,10.531,2.6633,4.7979,0.289,0.7032,0.5911,0.7748
1183,40.597,2.2,2.013,pose,14.122,10.699,16.078,10.531,2.6649,4.8334,0.2708,0.7162,0.6162,0.8106
1184,40.631,2.274,2.127,pose,14.122,10.699,16.078,10.531,2.6313,4.8702,0.2007,0.7318,0.6574,0.8292
1185,40.666,2.383,2.2,bbox,14.122,10.699,16.078,10.585,2.6035,4.9111,,0.7695,,0.8088
1186,40.7,2.381,2.274,pose,14.122,10.735,16.078,10.622,2.5565,4.9435,0.2942,0.7979,0.6043,0.8206
1187,40.734,2.354,2.354,pose,14.122,10.735,16.078,10.662,2.5023,4.9811,0.4431,0.8169,0.5822,0.8066
1188,40.769,2.434,2.381,pose,14.122,10.81,16.078,10.695,2.446,5.0143,0.513,0.7851,0.5425,0.7684
1189,40.803,2.503,2.383,pose,14.122,10.864,16.078,10.732,2.4011,5.0566,0.5618,0.7906,0.5243,0.7605
1190,40.837,2.555,2.434,pose,14.122,10.921,16.078,10.766,2.3712,5.0981,0.5839,0.8068,0.5191,0.7402
1191,40.872,2.574,2.503,pose,14.122,10.965,16.078,10.808,2.3296,5.1231,0.6043,0.8274,0.4815,0.7309
1192,40.906,2.624,2.555,pose,14.122,10.965,16.078,10.849,2.3087,5.1639,0.6235,0.8256,0.4511,0.706
1193,40.94,2.624,2.574,pose,14.122,11.037,16.078,10.849,2.3063,5.1945,0.6265,0.8188,0.4438,0.704
1194,40.975,2.583,2.583,pose,14.122,11.037,16.078,10.915,2.3279,5.2354,0.6324,0.8371,0.4612,0.7277
1195,41.009,2.574,2.583,pose,14.122,11.037,16.078,10.946,2.3394,5.2564,0.604,0.8246,0.4647,0.7543
1196,41.043,2.506,2.583,pose,14.122,11.037,16.078,10.987,2.3591,5.285,0.5968,0.8271,0.4769,0.7525
1197,41.078,2.474,2.574,pose,14.122,11.037,16.078,10.987,2.3806,5.2665,0.5536,0.8167,0.524,0.7695
1198,41.112,2.42,2.506,pose,14.122,11.037,16.078,10.987,2.3969,5.2212,0.5561,0.8095,0.5093,0.7659
1199,41.146,2.879,2.506,bbox,14.173,11.037,16.078,10.987,2.4219,5.1924,,0.7911,,0.8024
1200,41.181,2.834,2.506,bbox,14.173,11.037,16.078,10.987,2.4601,5.1985,,0.7657,,0.786
1201,41.215,2.766,2.766,bbox,14.215,11.037,16.115,10.987,2.526,5.1901,,0.7515,,0.8004
1202,41.249,2.695,2.766,bbox,14.253,11.037,16.115,10.987,2.5866,5.1945,,0.7201,,0.8029
1203,41.283,2.653,2.766,bbox,14.319,11.037,16.115,10.987,2.6307,5.1991,,0.7265,,0.7903
1204,41.318,2.624,2.695,bbox,14.379,11.037,16.115,10.987,2.6568,5.2019,,0.7114,,0.7768
1205,41.352,2.626,2.653,bbox,14.423,11.037,16.115,10.987,2.6715,5.2047,,0.7244,,0.7855
1206,41.386,2.335,2.626,pose,14.423,11.037,16.115,10.987,2.6853,5.2152,0.3434,0.721,0.5699,0.7989
1207,41.421,2.272,2.624,pose,14.464,11.037,16.115,10.987,2.708,5.2399,0.4074,0.7335,0.5611,0.7908
1208,41.455,2.606,2.606,bbox,14.464,11.037,16.115,10.987,2.7683,5.2606,,0.7644,,0.7956
1209,41.489,2.616,2.606,bbox,14.501,11.037,16.115,11.028,2.8244,5.3077,,0.7747,,0.8119
1210,41.524,2.623,2.606,bbox,14.561,11.037,16.115,11.028,2.9032,5.3833,,0.7868,,0.8131
1211,41.558,2.579,2.606,bbox,14.617,11.037,16.115,11.096,3.003,5.4482,,0.803,,0.7957
1212,41.592,2.702,2.616,bbox,14.696,11.037,16.115,11.172,3.0286,5.5642,,0.7887,,0.7822
1213,41.627,2.733,2.623,bbox,14.796,11.037,16.115,11.237,3.0579,5.5907,,0.7904,,0.7741
1214,41.661,2.702,2.702,bbox,14.796,11.037,16.115,11.352,3.1113,5.5948,,0.7993,,0.7502
1215,41.695,2.692,2.702,bbox,14.851,11.037,16.115,11.352,3.1593,5.608,,0.792,,0.7223
1216,41.73,2.672,2.702,bbox,14.904,11.037,16.115,11.383,3.2112,5.617,,0.7758,,0.7137
1217,41.764,1.941,2.692,pose,14.952,11.037,16.115,11.383,3.2562,5.6218,0.7572,0.7836,0.4594,0.6929
1218,41.798,2.678,2.678,bbox,15.004,11.037,16.115,11.383,3.2891,5.6197,,0.7736,,0.6699
1219,41.833,1.989,2.672,pose,15.049,11.037,16.115,11.383,3.3166,5.5884,0.7458,0.7807,0.4297,0.6584
1220,41.867,2.594,2.594,bbox,15.082,11.037,16.115,11.383,3.3179,5.5508,,0.7685,,0.6718
1221,41.901,1.984,1.989,pose,15.082,11.037,16.115,11.383,3.3375,5.5531,0.7784,0.787,0.4364,0.6544
1222,41.935,2.004,2.004,pose,15.082,11.037,16.155,11.383,3.3366,5.5546,0.7759,0.7793,0.4485,0.6619
1223,41.97,1.986,1.989,pose,15.129,11.037,16.155,11.383,3.3392,5.5502,0.7797,0.7811,0.4511,0.6846
1224,42.004,1.939,1.986,pose,15.129,11.037,16.155,11.383,3.3185,5.6752,0.7913,0.775,0.4751,0.7356
1225,42.038,1.931,1.984,pose,15.129,11.037,16.155,11.383,3.3167,5.5693,0.7548,0.778,0.4715,0.7842
1226,42.073,1.933,1.939,pose,15.129,11.037,16.155,11.383,3.3089,5.5765,0.7504,0.7684,0.4939,0.8015
1227,42.107,2.02,1.939,pose,15.129,11.037,16.155,11.383,3.2717,5.5954,0.7269,0.7307,0.5055,0.7998
1228,42.141,2.1,1.939,pose,15.129,11.037,16.155,11.424,3.2549,5.6301,0.7396,0.674,0.5285,0.7888
1229,42.176,2.196,2.02,pose,15.129,11.102,16.155,11.424,3.2595,5.6782,0.7396,0.6467,0.5106,0.7963
1230,42.21,2.268,2.1,pose,15.129,11.102,16.155,11.459,3.2496,5.7499,0.7456,0.6373,0.5056,0.7975
1231,42.244,2.289,2.196,pose,15.129,11.102,16.155,11.507,3.2475,5.8249,0.7452,0.7038,0.4957,0.7949
1232,42.279,2.328,2.268,pose,15.129,11.102,16.155,11.578,3.2526,5.8831,0.7467,0.766,0.487,0.8002
1233,42.313,2.353,2.289,pose,15.129,11.102,16.155,11.653,3.2642,5.9162,0.7437,0.7672,0.4738,0.7595
1234,42.347,2.35,2.328,pose,15.129,11.102,16.155,11.712,3.2532,5.9618,0.7347,0.7689,0.4701,0.7394
1235,42.382,2.334,2.334,pose,15.129,11.102,16.155,11.745,3.2435,6.0018,0.7641,0.782,0.4797,0.7458
1236,42.416,2.325,2.334,pose,15.129,11.102,16.155,11.79,3.2613,6.0291,0.7411,0.7636,0.4974,0.7444
1237,42.45,2.302,2.334,pose,15.129,11.102,16.155,11.83,3.2912,6.0522,0.7316,0.7573,0.4975,0.7474
1238,42.485,2.283,2.325,pose,15.129,11.102,16.155,11.83,3.3093,6.0802,0.7059,0.77,0.5267,0.7634
1239,42.519,2.256,2.302,pose,15.129,11.102,16.155,11.881,3.3204,6.0654,0.6655,0.7692,0.5424,0.7672
1240,42.553,2.222,2.283,pose,15.167,11.102,16.155,11.881,3.346,6.0744,0.6395,0.7861,0.5459,0.7936
1241,42.588,2.189,2.256,pose,15.167,11.102,16.155,11.881,3.3645,6.0653,0.6035,0.7905,0.5626,0.7832
1242,42.622,2.158,2.222,pose,15.204,11.102,16.155,11.881,3.3925,6.0538,0.5345,0.7938,0.5668,0.8093
1243,42.656,2.094,2.189,pose,15.204,11.102,16.155,11.881,3.4145,6.014,0.4827,0.8105,0.605,0.8072
1244,42.69,2.073,2.158,pose,15.25,11.102,16.155,11.881,3.4185,5.998,0.4571,0.8258,0.6008,0.8167
1245,42.725,2.051,2.094,pose,15.25,11.102,16.193,11.881,3.415,5.9563,0.4575,0.809,0.5775,0.8116
1246,42.759,2.088,2.088,pose,15.25,11.102,16.193,11.881,3.4019,5.9094,0.4954,0.7788,0.5981,0.8134
1247,42.793,2.081,2.081,pose,15.25,11.102,16.251,11.881,3.4011,5.9012,0.5244,0.7599,0.5839,0.7841
1248,42.828,2.034,2.073,pose,15.25,11.102,16.298,11.881,3.4171,5.8979,0.5414,0.8143,0.5957,0.7348
1249,42.862,1.988,2.051,pose,15.25,11.102,16.298,11.881,3.4379,5.8952,0.5856,0.8614,0.5957,0.6996
1250,42.896,1.903,2.034,pose,15.25,11.102,16.298,11.881,3.4469,5.9061,0.6089,0.9125,0.5914,0.7003
1251,42.931,1.769,1.988,pose,15.296,11.102,16.298,11.881,3.4874,5.9015,0.6491,0.985,0.5485,0.6888
1252,42.965,1.647,1.903,pose,15.296,11.102,16.298,11.881,3.5375,5.8909,0.6553,1.1189,0.5309,0.6577
1253,42.999,1.501,1.769,pose,15.345,11.102,16.298,11.881,3.573,5.8189,0.681,1.2388,0.5053,0.6747
1254,43.034,1.345,1.647,pose,15.395,11.102,16.298,11.881,3.6219,5.7532,0.7398,1.3182,0.5043,0.6754
1255,43.068,2.258,1.647,bbox,15.431,11.102,16.388,11.881,3.6642,5.7014,,1.3203,,0.6742
1256,43.102,2.295,1.647,bbox,15.479,11.102,16.454,11.881,3.6778,5.7142,,,,
1257,43.137,1.283,1.501,pose,15.522,11.102,16.493,11.881,3.6687,5.6867,0.7732,1.1861,0.4186,0.6245
1258,43.171,1.242,1.345,pose,15.522,11.102,16.493,11.881,3.6543,5.6439,0.7546,1.1517,0.414,0.6399
1259,43.205,1.217,1.283,pose,15.522,11.102,16.493,11.881,3.6485,5.4045,0.7434,0.9887,0.4222,0.6232
1260,43.24,1.821,1.283,bbox,15.522,11.102,16.563,11.881,3.6547,5.3165,,0.8561,,0.6327
1261,43.274,1.715,1.283,bbox,15.522,11.102,16.713,11.881,3.6479,5.2352,,0.7819,,0.6874
1262,43.308,1.614,1.614,bbox,15.522,11.102,16.801,11.881,3.6421,5.1593,,0.7248,,0.7058
1263,43.342,1.618,1.618,bbox,15.522,11.102,16.883,11.881,3.6185,5.1874,,0.6561,,0.7097
1264,43.377,1.54,1.618,bbox,15.522,11.102,16.931,11.881,3.576,5.1044,,0.6416,,0.735
1265,43.411,1.711,1.618,bbox,15.522,11.148,16.931,11.881,3.5403,5.2684,,0.617,,0.7357
1266,43.445,1.483,1.614,pose,15.522,11.19,16.931,11.881,3.5038,5.2951,0.4427,0.6234,0.5932,0.769
1267,43.48,1.724,1.618,pose,15.522,11.226,16.931,11.881,3.4705,5.1324,0.205,0.6056,0.6479,0.7951
1268,43.514,1.52,1.54,pose,15.522,11.262,16.97,11.881,3.4193,5.1483,0.4193,0.601,0.6555,0.8083
1269,43.548,1.577,1.577,pose,15.522,11.295,16.97,11.881,3.4099,5.176,0.3511,0.6036,0.6463,0.8094
1270,43.583,1.715,1.577,pose,15.522,11.347,16.97,11.881,3.3586,5.2907,0.2355,0.6016,0.6723,0.8098
1271,43.617,1.773,1.715,pose,15.522,11.347,16.97,11.881,3.3307,5.3206,0.1725,0.5898,0.6656,0.8074
1272,43.651,1.937,1.715,pose,15.522,11.407,16.97,12.023,3.321,5.4023,0.0002,0.6023,0.6501,0.8194
1273,43.686,1.709,1.715,pose,15.522,11.407,16.97,12.023,3.3006,5.3605,0.1911,0.604,0.4387,0.8163
1274,43.72,1.933,1.773,pose,15.522,11.445,16.97,12.088,3.2832,5.356,0.0252,0.632,0.656,0.8151
1275,43.754,2.067,1.933,bbox,15.522,11.445,16.97,12.088,3.259,5.3687,,0.6238,,0.8235
1276,43.789,1.965,1.937,pose,15.522,11.483,16.97,12.088,3.2271,5.3834,0.1017,0.6152,0.6491,0.8325
1277,43.823,2.164,1.965,bbox,15.522,11.483,16.97,12.088,3.1658,5.385,,0.601,,0.8427
1278,43.857,1.931,1.965,pose,15.522,11.539,16.97,12.088,3.1346,5.3947,0.2293,0.5932,0.3293,0.8419
1279,43.892,2.238,2.067,bbox,15.522,11.6,16.97,12.088,3.1038,5.3997,,0.5648,,0.8532
1280,43.926,2.238,2.164,bbox,15.522,11.631,16.97,12.127,3.0858,5.3958,,0.536,,0.866
1281,43.96,2.259,2.238,bbox,15.522,11.662,16.97,12.127,3.0747,5.3992,,0.5252,,0.8607
1282,43.995,2.305,2.238,bbox,15.522,11.662,16.97,12.127,3.025,5.3833,,0.5206,,0.8828
1283,44.029,2.354,2.259,bbox,15.522,11.662,16.97,12.127,2.9719,5.3831,,0.5302,,0.8681
1284,44.063,2.338,2.305,bbox,15.522,11.741,16.97,12.127,2.9575,5.3561,,0.5342,,0.8672
1285,44.097,2.38,2.338,bbox,15.522,11.794,16.97,12.127,2.9291,5.3496,,0.5232,,0.8579
1286,44.132,2.365,2.354,bbox,15.522,11.794,17.008,12.127,2.8911,5.298,,0.5021,,0.8623
1287,44.166,2.392,2.365,bbox,15.522,11.837,17.008,12.127,2.7798,5.231,,0.5156,,0.8726
1288,44.2,2.465,2.38,bbox,15.522,11.875,17.066,12.127,2.6998,5.2108,,0.4632,,0.8727
1289,44.235,2.525,2.392,bbox,15.522,11.986,17.131,12.127,2.6541,5.2329,,0.4378,,0.86
1290,44.269,2.555,2.465,bbox,15.522,12.066,17.131,12.127,2.6711,5.2857,,0.3836,,0.9064
1291,44.303,2.623,2.525,bbox,15.522,12.066,17.131,12.127,2.6952,5.3988,,0.3207,,0.9158
1292,44.338,2.623,2.555,bbox,15.522,12.066,17.131,12.18,2.7041,5.4356,,0.2515,,0.8746
1293,44.372,2.661,2.623,bbox,15.522,12.066,17.131,12.293,2.6838,5.4314,,0.1711,,0.8401
1294,44.406,2.689,2.623,bbox,15.522,12.066,17.131,12.326,2.6473,5.4318,,0.1078,,0.882
1295,44.441,,,,15.522,12.066,17.131,12.326,,,,,,
1296,44.475,,,,15.522,12.066,17.131,12.326,,,,,,
1297,44.509,,,,15.522,12.066,17.131,12.326,,,,,,
1298,44.544,2.451,2.623,pose,15.522,12.066,17.131,12.326,3.2567,6.7065,0.551,0.9937,0.6926,0.9249
1299,44.578,2.466,2.623,pose,15.522,12.066,17.131,12.326,3.2021,6.6847,0.5527,0.9665,0.6701,0.922
1300,44.612,2.437,2.466,pose,15.676,12.066,17.131,12.48,3.2857,6.6598,0.6117,0.9714,0.6798,0.8887
1301,44.647,3.059,2.466,bbox,15.714,12.066,17.131,12.48,3.2399,6.6461,,0.9794,,0.8691
1302,44.681,2.652,2.466,pose,15.714,12.066,17.131,12.48,3.2624,6.6623,0.4414,0.9943,0.6614,0.8313
1303,44.715,2.417,2.466,pose,15.714,12.066,17.131,12.48,3.3284,6.6769,0.73,0.9698,0.6651,0.8154
1304,44.749,2.357,2.437,pose,15.76,12.066,17.131,12.48,3.413,6.6912,0.7826,0.9865,0.6642,0.8166
1305,44.784,2.329,2.417,pose,15.802,12.066,17.131,12.48,3.4337,6.7093,0.805,0.9604,0.6365,0.8324
1306,44.818,2.268,2.357,pose,15.887,12.066,17.131,12.511,3.4498,6.7016,0.8433,0.9674,0.6584,0.8607
1307,44.852,2.908,2.357,bbox,15.887,12.066,17.131,12.511,3.4665,6.686,,1.0292,,0.88
1308,44.887,2.21,2.329,pose,15.924,12.066,17.131,12.511,3.5101,6.6976,0.8835,1.029,0.6132,0.8763
1309,44.921,2.9,2.329,bbox,15.924,12.066,17.131,12.511,3.5401,6.7228,,1.0092,,0.9057
1310,44.955,2.889,2.889,bbox,15.984,12.066,17.131,12.511,3.5537,6.7314,,1.0407,,0.9138
1311,44.99,2.221,2.889,pose,15.984,12.066,17.131,12.543,3.5526,6.7278,0.8903,0.9786,0.6038,0.9021
1312,45.024,2.896,2.889,bbox,16.027,12.066,17.131,12.543,3.5543,6.7342,,1.0229,,0.8842
1313,45.058,2.889,2.889,bbox,16.027,12.066,17.131,12.543,3.5667,6.7474,,1.0052,,0.8508
1314,45.093,2.243,2.889,pose,16.027,12.066,17.131,12.543,3.5628,6.7518,0.8556,1.0111,0.6319,0.8302
1315,45.127,2.257,2.257,pose,16.027,12.066,17.131,12.543,3.5543,6.738,0.8681,1.0194,0.6256,0.8279
1316,45.161,2.264,2.264,pose,16.027,12.066,17.131,12.543,3.5544,6.756,0.8541,1.0067,0.6313,0.8419
1317,45.196,2.291,2.264,pose,16.027,12.066,17.131,12.543,3.5629,6.7669,0.1191,1.0085,0.0807,0.8506
1318,45.23,2.383,2.264,pose,16.027,12.066,17.131,12.576,3.5666,6.8055,0.0408,1.0088,0.0519,0.8825
1319,45.264,2.265,2.265,pose,16.027,12.066,17.131,12.576,3.5616,6.8416,0.1189,1.0172,0.0653,0.9037
1320,45.299,2.225,2.265,pose,16.027,12.066,17.131,12.625,3.5451,6.8997,0.1744,0.9876,0.0847,0.9177
1321,45.333,2.29,2.29,pose,16.027,12.066,17.131,12.662,3.5391,6.9812,0.9217,1.0524,0.589,0.9172
1322,45.367,2.346,2.29,pose,16.027,12.066,17.131,12.72,3.5341,6.9385,0.9291,1.0637,0.5729,0.8937
1323,45.402,2.376,2.29,pose,16.027,12.066,17.131,12.758,3.5321,6.9388,0.9461,1.0177,0.5566,0.8588
1324,45.436,2.427,2.346,pose,16.027,12.066,17.131,12.758,3.5399,6.9284,0.9369,1.0442,0.5614,0.864
1325,45.47,2.395,2.376,pose,16.027,12.066,17.131,12.758,3.5514,6.9311,0.9525,1.0889,0.5661,0.8335
1326,45.504,2.359,2.376,pose,16.027,12.066,17.131,12.758,3.5607,6.9605,0.9443,1.0863,0.5912,0.8269
1327,45.539,2.363,2.376,pose,16.027,12.066,17.131,12.758,3.592,6.9757,0.9293,1.0915,0.6048,0.835
1328,45.573,2.349,2.363,pose,16.027,12.066,17.131,12.758,3.6149,6.9985,0.8897,1.0767,0.6226,0.8478
1329,45.607,2.322,2.359,pose,16.066,12.066,17.131,12.796,3.6164,6.998,0.8912,1.076,0.6242,0.8963
1330,45.642,2.314,2.349,pose,16.066,12.066,17.131,12.796,3.6041,6.9982,0.89,1.0836,0.6453,0.9424
1331,45.676,2.326,2.326,pose,16.066,12.066,17.131,12.796,3.6027,6.9947,0.8792,1.0723,0.6422,0.9514
1332,45.71,2.358,2.326,pose,16.066,12.066,17.131,12.796,3.6015,6.9953,0.8849,1.0591,0.6148,0.9455
1333,45.745,2.38,2.326,pose,16.066,12.066,17.131,12.796,3.5996,7.0007,0.9059,1.0278,0.6044,0.9336
1334,45.779,2.417,2.358,pose,16.066,12.066,17.131,12.796,3.5974,7.0045,0.9143,1.0036,0.5655,0.9012
1335,45.813,2.427,2.38,pose,16.066,12.066,17.131,12.796,3.5869,6.9987,0.9199,1.0347,0.558,0.8642
1336,45.848,2.466,2.417,pose,16.066,12.066,17.131,12.796,3.5784,6.9864,0.9377,1.037,0.5481,0.8542
1337,45.882,2.46,2.427,pose,16.066,12.066,17.131,12.796,3.5862,6.9994,0.9402,1.0538,0.5529,0.8398
1338,45.916,2.481,2.46,pose,16.066,12.066,17.131,12.796,3.6004,7.0193,0.9166,1.0472,0.5876,0.8407
1339,45.951,2.444,2.46,pose,16.066,12.066,17.131,12.796,3.6116,7.0398,0.8935,1.0498,0.5943,0.8817
1340,45.985,2.417,2.46,pose,16.066,12.066,17.131,12.839,3.6251,7.0603,0.8556,1.0186,0.6148,0.895
1341,46.019,2.396,2.444,pose,16.066,12.066,17.131,12.839,3.6492,7.0765,0.8254,1.0313,0.624,0.9092
1342,46.054,2.37,2.417,pose,16.099,12.066,17.131,12.88,3.6719,7.0941,0.7695,1.0902,0.6379,0.8884
1343,46.088,2.386,2.396,pose,16.099,12.066,17.131,12.88,3.6791,7.0734,0.7345,1.0203,0.6638,0.9323
1344,46.122,2.383,2.386,pose,16.146,12.066,17.131,12.88,3.6854,7.0745,0.6842,1.0794,0.6709,0.8951
1345,46.156,2.408,2.386,pose,16.146,12.066,17.131,12.88,3.6945,7.0784,0.6472,1.0955,0.6699,0.878
1346,46.191,2.43,2.386,pose,16.146,12.066,17.131,12.88,3.7008,7.0897,0.6636,1.0764,0.6632,0.8427
1347,46.225,2.437,2.408,pose,16.146,12.066,17.131,12.88,3.6917,7.0838,0.7088,1.1026,0.6432,0.8183
1348,46.259,2.409,2.409,pose,16.146,12.066,17.131,12.88,3.6821,7.0464,0.7469,1.1182,0.661,0.7849
1349,46.294,2.345,2.409,pose,16.146,12.066,17.131,12.88,3.7023,7.0312,0.8022,1.125,0.642,0.7607
1350,46.328,2.364,2.409,pose,16.146,12.066,17.131,12.88,3.7198,7.0031,0.8549,1.1094,0.6466,0.7341
1351,46.362,2.27,2.364,pose,16.176,12.066,17.131,12.88,3.7083,6.9556,0.9139,1.1295,0.6364,0.6881
1352,46.397,2.274,2.345,pose,16.176,12.066,17.189,12.88,3.6848,6.9061,0.9082,1.2037,0.6026,0.6105
1353,46.431,3.155,2.345,bbox,16.176,12.066,17.236,12.88,3.6744,6.8507,0.9013,,0.5845,
1354,46.465,3.051,2.364,bbox,16.176,12.066,17.286,12.88,3.6648,6.7709,0.9107,,0.5434,
1355,46.5,2.928,2.928,bbox,16.176,12.066,17.341,12.88,3.6599,6.6327,0.9043,,0.5417,
1356,46.534,2.777,2.928,bbox,16.176,12.066,17.421,12.88,3.6874,6.4877,0.8958,,0.5043,
1357,46.568,1.783,2.928,pose,16.176,12.066,17.559,12.88,3.6858,6.361,0.8726,1.4305,0.4799,0.6068
1358,46.603,2.644,2.777,bbox,16.176,12.104,17.704,12.88,3.6379,6.2795,,1.4669,,0.596
1359,46.637,2.774,2.774,bbox,16.176,12.104,17.831,12.88,3.5867,6.303,,1.1087,,0.6288
1360,46.671,2.885,2.774,bbox,16.176,12.104,17.872,12.88,3.5009,6.3195,,0.7425,,0.586
1361,46.706,2.901,2.774,bbox,16.176,12.182,17.872,12.88,3.4165,6.245,,,,
1362,46.74,3.022,2.885,pose,16.176,12.268,17.912,12.88,3.3519,6.1918,1.0864,0.0141,0.5279,0.655
1363,46.774,2.846,2.885,bbox,16.176,12.352,17.947,12.88,3.2979,6.1121,1.0528,,0.5365,
1364,46.809,2.605,2.885,bbox,16.176,12.417,18.0,12.88,3.2231,5.8077,0.9757,,0.5816,
1365,46.843,2.393,2.846,pose,16.176,12.471,18.08,12.88,3.2186,5.9791,0.0292,0.9357,0.1535,0.7422
1366,46.877,2.356,2.605,bbox,16.176,12.527,18.213,12.88,3.2415,5.632,,0.7718,,0.6235
1367,46.911,2.348,2.393,bbox,16.176,12.527,18.363,12.88,3.2179,5.5817,,0.0377,,0.5801
1368,46.946,2.327,2.356,pose,16.176,12.527,18.513,12.88,3.1354,5.5587,0.6986,0.6628,0.5337,0.7675
1369,46.98,2.325,2.348,pose,16.176,12.527,18.563,12.88,3.093,5.569,0.8038,0.652,0.5406,0.7461
1370,47.014,2.341,2.341,pose,16.176,12.633,18.563,12.88,3.0635,5.5701,0.788,0.6869,0.5226,0.7341
1371,47.049,2.328,2.328,pose,16.176,12.676,18.563,12.88,3.0585,5.6247,0.7012,0.7782,0.4851,0.7803
1372,47.083,2.306,2.327,pose,16.176,12.676,18.563,12.88,3.0738,5.6031,0.6687,0.844,0.4891,0.7886
1373,47.117,2.36,2.328,pose,16.176,12.676,18.563,12.88,3.0925,5.6762,0.6105,0.8604,0.4686,0.7842
1374,47.152,2.458,2.341,pose,16.176,12.676,18.563,12.923,3.1589,5.6481,0.4802,0.871,0.4952,0.7575
1375,47.186,2.501,2.36,pose,16.176,12.676,18.563,12.923,3.2166,5.6091,0.4087,0.8528,0.5134,0.7264
1376,47.22,2.39,2.39,bbox,16.242,12.676,18.563,12.923,3.3204,5.5985,,0.8519,,0.7282
1377,47.255,2.211,2.39,bbox,16.3,12.676,18.563,12.923,3.4996,5.6074,,0.8626,,0.7205
1378,47.289,2.152,2.39,bbox,16.404,12.676,18.563,12.923,3.5692,5.639,,0.8777,,0.7125
1379,47.323,2.098,2.211,bbox,16.554,12.676,18.563,12.923,3.6372,5.6708,,0.9063,,0.7097
1380,47.358,2.084,2.152,bbox,16.623,12.676,18.563,12.923,3.7053,5.7305,,0.9414,,0.7019
1381,47.392,2.043,2.098,bbox,16.691,12.676,18.563,12.969,3.7551,5.7794,,1.0027,,0.728
1382,47.426,2.077,2.084,bbox,16.759,12.676,18.563,13.029,3.8431,5.8575,,1.0513,,0.7573
1383,47.461,2.02,2.077,bbox,16.809,12.676,18.563,13.078,3.8579,5.9117,,1.121,,0.7643
1384,47.495,1.868,2.043,bbox,16.897,12.676,18.563,13.156,4.0843,5.9881,,1.0618,,0.7352
1385,47.529,1.943,2.02,bbox,16.897,12.676,18.563,13.21,4.1616,6.1053,,1.0692,,0.7467
1386,47.563,1.895,1.943,bbox,17.062,12.676,18.563,13.287,4.2598,6.1491,,1.0072,,0.7615
1387,47.598,,,,17.062,12.676,18.563,13.287,,,,,,
1388,47.632,1.773,1.895,bbox,17.139,12.676,18.563,13.404,4.4853,6.3093,,0.9784,,0.6626
1389,47.666,1.718,1.868,bbox,17.237,12.676,18.563,13.448,4.5681,6.3745,,,,
1390,47.701,1.777,1.777,bbox,17.387,12.676,18.563,13.598,4.6503,6.4893,,,,
1391,47.735,1.85,1.777,bbox,17.47,12.676,18.563,13.663,4.7335,6.6591,,0.8756,,0.7898
1392,47.769,1.784,1.777,bbox,17.552,12.676,18.563,13.778,4.811,6.6992,,0.7276,,0.831
1393,47.804,1.768,1.777,bbox,17.636,12.676,18.563,13.928,4.8879,6.8427,,0.5544,,0.8493
1394,47.838,1.918,1.784,bbox,17.713,12.676,18.563,13.968,4.9346,7.0548,,0.1209,,0.8221
1395,47.872,1.413,1.784,pose,17.79,12.676,18.563,14.111,5.0023,7.1932,0.7172,0.1995,0.4801,0.7599
1396,47.907,1.456,1.768,pose,17.837,12.676,18.563,14.247,5.0652,6.9784,0.6318,0.0765,0.4259,0.3862
1397,47.941,1.513,1.513,pose,17.904,12.676,18.563,14.323,5.0613,7.0898,0.7072,0.4936,0.4756,0.8554
1398,47.975,1.739,1.513,pose,17.904,12.676,18.563,14.358,5.0224,7.2241,0.7492,0.2086,0.5588,0.8989
1399,48.01,2.218,1.513,bbox,17.904,12.676,18.563,14.462,5.0208,7.4055,0.7507,,0.5711,
1400,48.044,2.374,1.739,bbox,17.904,12.676,18.563,14.493,5.0292,7.5866,0.7554,,0.5868,
1401,48.078,2.059,2.059,pose,17.904,12.676,18.563,14.643,4.9906,7.5924,0.7349,0.3447,0.6091,0.8139
1402,48.113,2.76,2.218,pose,17.904,12.676,18.563,14.793,4.8997,7.7071,0.7579,0.043,0.6389,-0.0338
1403,48.147,2.605,2.374,bbox,17.904,12.676,18.563,14.793,4.8674,7.8016,0.7491,,0.6902,
1404,48.181,2.738,2.605,bbox,17.904,12.778,18.563,14.913,4.8417,7.8868,0.024,,0.3785,
1405,48.216,2.431,2.605,pose,17.904,12.81,18.563,15.008,4.8489,8.0253,0.7312,0.4468,0.737,0.8435
1406,48.25,2.485,2.605,pose,17.904,12.81,18.563,15.093,4.8171,8.0931,0.6971,0.646,0.7489,0.8363
1407,48.284,3.028,2.605,bbox,17.904,12.81,18.563,15.231,4.7971,8.2681,0.6453,,0.759,
1408,48.318,3.069,2.738,bbox,17.904,12.861,18.563,15.299,4.7665,8.3051,0.5929,,0.7997,
1409,48.353,3.312,3.028,bbox,17.904,12.861,18.563,15.449,4.7231,8.3904,0.5133,,0.808,
1410,48.387,3.379,3.069,bbox,17.904,12.911,18.563,15.486,4.6719,8.3881,0.4166,,0.7754,
1411,48.421,3.599,3.312,bbox,17.904,12.955,18.563,15.569,4.6298,8.5704,0.368,,0.7316,
1412,48.456,3.708,3.379,bbox,17.904,13.006,18.563,15.569,4.5874,8.6275,,,,
1413,48.49,,,,17.904,13.006,18.563,15.569,,,,,,
1414,48.524,,,,17.904,13.006,18.563,15.569,,,,,,
1415,48.559,,,,17.904,13.006,18.563,15.569,,,,,,
1416,48.593,,,,17.904,13.006,18.563,15.569,,,,,,
1417,48.627,,,,17.904,13.006,18.563,15.569,,,,,,
1418,48.662,,,,17.904,13.006,18.563,15.569,,,,,,
1419,48.696,,,,17.904,13.006,18.563,15.569,,,,,,
1420,48.73,3.699,3.599,bbox,17.904,13.048,18.563,15.69,4.1094,8.5087,,,,
1421,48.765,3.916,3.699,bbox,17.904,13.09,18.563,15.752,4.1063,8.6614,0.383,,0.7272,
1422,48.799,3.812,3.708,bbox,17.904,13.24,18.563,15.809,4.0966,8.6738,0.4094,,0.7584,
1423,48.833,,,,17.904,13.24,18.563,15.809,,,,,,
1424,48.868,,,,17.904,13.24,18.563,15.809,,,,,,
1425,48.902,,,,17.904,13.24,18.563,15.809,,,,,,
1426,48.936,,,,17.904,13.24,18.563,15.809,,,,,,
1427,48.97,,,,17.904,13.24,18.563,15.809,,,,,,
1428,49.005,,,,17.904,13.24,18.563,15.809,,,,,,
1429,49.039,,,,17.904,13.24,18.563,15.809,,,,,,
1430,49.073,2.389,3.708,pose,17.904,13.24,18.563,15.809,2.7381,6.1862,0.943,0.9926,0.644,0.8093
1431,49.108,2.396,3.699,pose,17.904,13.24,18.682,15.809,2.7741,6.191,0.9591,0.9915,0.644,0.8157
1432,49.142,2.402,2.402,pose,17.904,13.403,18.832,15.809,2.7811,6.1792,0.9653,0.987,0.6564,0.821
1433,49.176,2.366,2.396,pose,17.904,13.403,18.832,15.809,2.7802,6.1943,0.98,0.9568,0.654,0.8334
1434,49.211,2.357,2.389,pose,17.904,13.403,18.832,15.809,2.7926,6.2038,0.947,0.9671,0.6502,0.8518
1435,49.245,2.328,2.366,pose,17.904,13.403,18.832,15.809,2.7851,6.2073,0.9393,0.9595,0.6491,0.8535
1436,49.279,2.307,2.357,pose,17.904,13.403,18.832,15.809,2.8142,6.2011,0.9216,0.9275,0.6533,0.8767
1437,49.314,2.334,2.334,pose,17.904,13.403,18.832,15.809,2.82,6.1901,0.8907,0.947,0.6607,0.8955
1438,49.348,2.349,2.334,pose,17.935,13.403,18.832,15.809,2.812,6.181,0.8831,0.9534,0.6618,0.8947
1439,49.382,2.353,2.334,pose,17.935,13.403,18.832,15.809,2.8119,6.1713,0.8796,0.9607,0.6599,0.8907
1440,49.417,2.336,2.336,pose,17.935,13.403,18.832,15.809,2.8207,6.1646,0.8731,0.9465,0.6574,0.8596
1441,49.451,2.345,2.345,pose,17.935,13.403,18.832,15.809,2.8265,6.1724,0.8587,0.9507,0.6608,0.8427
1442,49.485,2.346,2.346,pose,17.935,13.403,18.832,15.809,2.8275,6.178,0.8655,0.9585,0.6541,0.8184
1443,49.52,2.355,2.346,pose,17.935,13.403,18.832,15.809,2.8279,6.178,0.8655,0.9557,0.642,0.8207
1444,49.554,2.352,2.346,pose,17.935,13.403,18.832,15.809,2.8279,6.1872,0.881,0.9595,0.6155,0.8323
1445,49.588,2.385,2.352,pose,17.935,13.403,18.832,15.809,2.8285,6.1964,0.9029,0.9412,0.6034,0.8539
1446,49.623,2.409,2.355,pose,17.935,13.403,18.832,15.809,2.8324,6.2156,0.877,0.9433,0.5797,0.8589
1447,49.657,2.385,2.385,pose,17.935,13.403,18.832,15.809,2.834,6.2155,0.9068,0.9582,0.5783,0.8871
1448,49.691,2.396,2.385,pose,17.935,13.403,18.832,15.809,2.8402,6.2172,0.8841,0.9426,0.6032,0.9126
1449,49.725,2.403,2.396,pose,17.935,13.403,18.832,15.809,2.8397,6.2175,0.8837,0.9443,0.6078,0.9139
1450,49.76,2.407,2.403,pose,17.935,13.403,18.832,15.809,2.8372,6.2065,0.869,0.9292,0.6405,0.8982
1451,49.794,2.405,2.403,pose,17.935,13.403,18.832,15.809,2.8438,6.1954,0.8773,0.9449,0.6451,0.8964
1452,49.828,2.401,2.403,pose,17.935,13.403,18.832,15.809,2.8548,6.1902,0.8645,0.9791,0.654,0.8546
1453,49.863,2.444,2.405,pose,17.967,13.403,18.832,15.809,2.891,6.1982,0.8424,0.9107,0.6603,0.8048
1454,49.897,2.45,2.407,pose,17.967,13.403,18.832,15.809,2.9024,6.1942,0.86,0.9727,0.6777,0.7901
1455,49.931,2.465,2.444,pose,18.014,13.403,18.832,15.809,2.9173,6.1899,0.8728,0.9727,0.6654,0.7866
1456,49.966,2.432,2.444,pose,18.014,13.403,18.832,15.809,2.9326,6.1781,0.8901,0.9616,0.6662,0.7924
1457,50.0,2.447,2.447,pose,18.014,13.403,18.832,15.809,2.9447,6.175,0.8971,0.9427,0.6512,0.8164
1458,50.034,2.412,2.447,pose,18.056,13.403,18.832,15.809,2.9955,6.193,0.8956,0.9486,0.644,0.8449
1459,50.069,2.399,2.432,pose,18.056,13.403,18.832,15.809,3.0209,6.2075,0.8926,0.9531,0.6457,0.8712
1460,50.103,2.383,2.412,pose,18.119,13.403,18.832,15.809,3.0331,6.2002,0.8779,0.9516,0.6493,0.8556
1461,50.137,2.363,2.399,pose,18.119,13.403,18.832,15.809,3.0273,6.1565,0.8697,0.946,0.6511,0.8844
1462,50.172,2.366,2.383,pose,18.119,13.403,18.832,15.809,3.0172,6.1367,0.8846,0.949,0.6625,0.9
1463,50.206,2.34,2.366,pose,18.119,13.403,18.866,15.809,3.0169,6.1375,0.8769,0.9876,0.6559,0.8967
1464,50.24,2.37,2.366,pose,18.119,13.403,18.866,15.809,3.0213,6.1363,0.8885,0.9651,0.6446,0.8442
1465,50.275,2.379,2.366,pose,18.119,13.403,18.866,15.809,3.0018,6.1191,0.9081,0.999,0.6174,0.8058
1466,50.309,2.385,2.37,pose,18.119,13.403,18.866,15.809,2.9644,6.0963,0.9279,0.9882,0.6032,0.8025
1467,50.343,2.408,2.379,pose,18.119,13.403,18.904,15.809,2.9153,6.057,0.9352,0.9718,0.5902,0.8004
1468,50.377,2.438,2.385,pose,18.119,13.434,18.904,15.809,2.8934,6.0745,0.9414,0.9863,0.5691,0.7837
1469,50.412,2.395,2.395,pose,18.119,13.483,18.904,15.809,2.8977,6.1178,0.9589,0.9964,0.5647,0.8143
1470,50.446,2.37,2.395,pose,18.119,13.483,18.904,15.809,2.886,6.1155,0.9729,0.9766,0.558,0.8727
1471,50.48,2.337,2.395,pose,18.119,13.483,18.904,15.809,2.8575,6.1114,0.9618,0.994,0.5641,0.8894
1472,50.515,2.342,2.37,pose,18.119,13.483,18.904,15.809,2.8283,6.1205,0.9609,0.986,0.5789,0.893
1473,50.549,2.338,2.342,pose,18.119,13.541,18.904,15.809,2.8039,6.1275,0.9352,0.9841,0.5944,0.8887
1474,50.583,2.329,2.338,pose,18.119,13.541,18.904,15.809,2.763,6.1274,0.9354,0.985,0.6072,0.8848
1475,50.618,2.348,2.338,pose,18.119,13.595,18.904,15.809,2.7723,6.1389,0.9113,0.982,0.6288,0.8725
1476,50.652,2.359,2.342,pose,18.119,13.626,18.904,15.809,2.7631,6.1663,0.9177,0.9632,0.6256,0.85
1477,50.686,2.394,2.348,pose,18.119,13.626,18.904,15.809,2.7456,6.1534,0.9148,0.9723,0.6386,0.8226
1478,50.721,2.417,2.359,pose,18.119,13.626,18.904,15.843,2.7352,6.177,0.9101,0.9902,0.627,0.7934
1479,50.755,2.415,2.394,pose,18.119,13.626,18.904,15.843,2.7179,6.178,0.9221,1.0099,0.6212,0.811
1480,50.789,2.422,2.415,pose,18.119,13.664,18.904,15.843,2.7137,6.1723,0.944,0.9907,0.5898,0.8243
1481,50.824,2.431,2.417,pose,18.119,13.664,18.904,15.843,2.7274,6.1824,0.9457,1.0006,0.5831,0.8286
1482,50.858,2.385,2.417,pose,18.119,13.664,18.904,15.843,2.7276,6.1761,0.959,0.9743,0.5889,0.8497
1483,50.892,2.349,2.415,pose,18.119,13.664,18.904,15.843,2.7413,6.1576,0.9289,0.9451,0.615,0.8765
1484,50.927,2.317,2.385,pose,18.119,13.664,18.904,15.843,2.7565,6.1235,0.8994,0.9504,0.6387,0.8879
1485,50.961,2.307,2.349,pose,18.119,13.664,18.904,15.843,2.7664,6.0939,0.8847,0.9345,0.6489,0.8902
1486,50.995,2.306,2.317,pose,18.119,13.664,18.904,15.843,2.7775,6.07,0.8637,0.9339,0.6594,0.9053
1487,51.03,2.297,2.307,pose,18.15,13.664,18.963,15.843,2.7918,6.0561,0.8619,0.9025,0.664,0.8894
1488,51.064,2.289,2.306,pose,18.15,13.664,18.963,15.843,2.8024,6.0643,0.8378,0.9069,0.6614,0.8682
1489,51.098,2.298,2.298,pose,18.15,13.664,18.963,15.843,2.8088,6.0682,0.8212,0.9074,0.6663,0.8561
1490,51.132,2.336,2.298,pose,18.186,13.664,18.963,15.843,2.8192,6.0937,0.8158,0.8907,0.6423,0.8368
1491,51.167,2.331,2.298,pose,18.186,13.664,18.963,15.843,2.8253,6.1024,0.8316,0.9035,0.6312,0.8435
1492,51.201,2.336,2.331,pose,18.186,13.664,18.963,15.843,2.8245,6.0986,0.8304,0.9073,0.6038,0.8557
1493,51.235,2.326,2.331,pose,18.186,13.664,18.963,15.843,2.8281,6.1124,0.8524,0.9074,0.5997,0.8807
1494,51.27,2.342,2.336,pose,18.186,13.664,18.963,15.843,2.8327,6.1089,0.8428,0.9332,0.6092,0.9172
1495,51.304,2.304,2.331,pose,18.186,13.664,18.963,15.843,2.8311,6.1291,0.8394,0.941,0.6268,0.9108
1496,51.338,2.321,2.326,pose,18.186,13.664,18.963,15.843,2.831,6.1388,0.8267,0.9251,0.6465,0.9138
1497,51.373,2.324,2.324,pose,18.186,13.664,18.963,15.878,2.8345,6.1584,0.8342,0.8986,0.6704,0.8878
1498,51.407,2.359,2.324,pose,18.216,13.664,18.963,15.878,2.8327,6.1698,0.8228,0.9283,0.6859,0.8883
1499,51.441,2.369,2.324,pose,18.216,13.664,18.963,15.878,2.8153,6.1859,0.829,0.9569,0.6837,0.861
1500,51.476,2.371,2.359,pose,18.216,13.664,18.963,15.919,2.8065,6.1947,0.8515,0.9757,0.6822,0.831
1501,51.51,2.375,2.369,pose,18.216,13.664,18.963,15.919,2.7953,6.2032,0.8605,0.9452,0.6562,0.815
1502,51.544,2.365,2.369,pose,18.216,13.664,18.963,15.919,2.7729,6.1992,0.8853,0.9556,0.6463,0.8152
1503,51.579,2.372,2.371,pose,18.216,13.701,18.963,15.919,2.7581,6.193,0.9113,0.9781,0.6139,0.8344
1504,51.613,2.387,2.372,pose,18.216,13.701,18.963,15.919,2.7549,6.2024,0.9267,0.9714,0.6037,0.8574
1505,51.647,2.383,2.375,pose,18.216,13.738,18.963,15.951,2.7543,6.2044,0.9324,0.9373,0.593,0.8766
1506,51.682,2.357,2.372,pose,18.216,13.738,18.963,15.951,2.7625,6.1989,0.9274,0.944,0.5995,0.8958
1507,51.716,2.347,2.372,pose,18.216,13.738,18.963,15.951,2.7704,6.1869,0.9198,0.9635,0.6313,0.9169
1508,51.75,2.329,2.357,pose,18.216,13.738,18.963,15.951,2.7739,6.1667,0.906,0.9481,0.662,0.9058
1509,51.784,2.344,2.347,pose,18.216,13.738,18.963,15.951,2.7652,6.1668,0.9019,0.9116,0.683,0.8978
1510,51.819,2.37,2.347,pose,18.216,13.738,18.995,15.951,2.7762,6.1705,0.8763,0.9149,0.675,0.8955
1511,51.853,2.368,2.347,pose,18.216,13.738,18.995,15.951,2.7836,6.1656,0.8661,0.9044,0.6869,0.86
1512,51.887,2.374,2.368,pose,18.216,13.738,18.995,15.951,2.7866,6.1624,0.8774,0.9137,0.6674,0.8372
1513,51.922,2.386,2.37,pose,18.216,13.738,18.995,15.951,2.7866,6.1559,0.8611,0.9208,0.654,0.8523
1514,51.956,2.388,2.374,pose,18.216,13.738,18.995,15.951,2.7797,6.1581,0.8947,0.9131,0.6401,0.8465
1515,51.99,2.393,2.386,pose,18.216,13.738,18.995,15.951,2.7687,6.1661,0.9124,0.9157,0.6154,0.8609
1516,52.025,2.386,2.386,pose,18.216,13.738,18.995,15.951,2.7618,6.1679,0.9098,0.9089,0.6031,0.8971
1517,52.059,2.366,2.386,pose,18.216,13.738,18.995,15.951,2.7483,6.1632,0.9173,0.9081,0.5988,0.9252
1518,52.093,2.37,2.386,pose,18.216,13.738,18.995,15.951,2.756,6.154,0.9108,0.9057,0.6129,0.9137
1519,52.128,2.373,2.373,pose,18.216,13.738,18.995,15.951,2.7544,6.155,0.8973,0.9257,0.6284,0.9369
1520,52.162,2.372,2.372,pose,18.216,13.738,18.995,15.951,2.7476,6.158,0.8861,0.9133,0.6463,0.9193
1521,52.196,2.402,2.372,pose,18.216,13.738,18.995,15.951,2.7373,6.164,0.8742,0.9068,0.6812,0.8701
1522,52.231,2.414,2.373,pose,18.216,13.738,18.995,15.951,2.74,6.1715,0.8802,0.9227,0.6728,0.8459
1523,52.265,2.45,2.402,pose,18.216,13.738,18.995,15.951,2.7353,6.1641,0.8636,0.9047,0.6758,0.8088
1524,52.299,2.476,2.414,pose,18.216,13.738,18.995,15.951,2.7257,6.1662,0.8825,0.9304,0.676,0.7885
1525,52.334,2.476,2.45,pose,18.216,13.738,18.995,15.951,2.704,6.1483,0.8832,0.99,0.6554,0.7833
1526,52.368,2.467,2.467,pose,18.216,13.77,18.995,15.951,2.6941,6.1325,0.8856,1.0224,0.6391,0.7814
1527,52.402,2.304,2.467,pose,18.216,13.77,18.995,15.951,2.6945,6.0643,0.9221,1.1606,0.6149,0.7459
1528,52.437,2.239,2.467,pose,18.216,13.77,19.033,15.951,2.71,6.0297,0.9067,1.2235,0.6085,0.7458
1529,52.471,2.14,2.304,pose,18.216,13.77,19.101,15.951,2.7175,5.9993,0.897,1.3035,0.5995,0.7471
1530,52.505,2.016,2.239,pose,18.216,13.77,19.136,15.951,2.738,5.9387,0.8972,1.3793,0.641,0.7418
1531,52.539,1.956,2.14,pose,18.216,13.77,19.166,15.951,2.7452,5.8474,0.8826,1.4356,0.6659,0.7326
1532,52.574,1.983,2.016,pose,18.216,13.77,19.227,15.951,2.751,5.7438,0.8728,1.2492,0.6583,0.7354
1533,52.608,2.026,2.016,pose,18.216,13.77,19.318,15.951,2.7187,5.6007,0.8493,1.3532,0.6617,0.7018
1534,52.642,1.982,1.983,pose,18.216,13.77,19.422,15.951,2.6908,5.5487,0.849,1.3884,0.6523,0.7222
1535,52.677,1.913,1.982,pose,18.216,13.77,19.565,15.951,2.6741,5.5133,0.8803,1.3854,0.631,0.7064
1536,52.711,1.919,1.982,pose,18.216,13.805,19.617,15.951,2.6666,5.4723,0.9046,1.3044,0.6119,0.6861
1537,52.745,1.914,1.919,pose,18.216,13.805,19.652,15.951,2.6596,5.4345,0.9285,1.2879,0.5975,0.6988
1538,52.78,1.944,1.919,pose,18.216,13.805,19.693,15.951,2.6607,5.3693,0.9532,1.2163,0.5971,0.7288
1539,52.814,1.939,1.919,pose,18.216,13.835,19.731,15.951,2.6547,5.3517,0.9399,1.2251,0.6051,0.7332
1540,52.848,1.908,1.919,pose,18.216,13.835,19.796,15.951,2.5943,5.3447,0.9255,1.2346,0.616,0.7175
1541,52.883,1.948,1.939,pose,18.216,13.835,19.796,15.951,2.5802,5.3009,0.9166,1.2062,0.6066,0.7528
1542,52.917,2.219,1.944,pose,18.216,13.902,19.796,15.951,2.5237,5.2711,0.6464,1.1884,0.5837,0.7809
1543,52.951,2.192,1.948,pose,18.216,13.902,19.865,15.951,2.4345,5.2487,0.6966,1.1873,0.5019,0.7917
1544,52.986,2.178,2.178,pose,18.216,13.972,19.865,15.951,2.4187,5.3076,0.6936,1.1298,0.6689,0.8134
1545,53.02,2.288,2.192,pose,18.216,14.062,19.865,15.951,2.3965,5.2997,0.5698,1.096,0.6528,0.8347
1546,53.054,2.52,2.219,pose,18.216,14.062,19.865,15.951,2.3826,5.3142,0.1412,1.0798,0.6528,0.8368
1547,53.089,2.3,2.288,pose,18.216,14.1,19.865,15.951,2.3503,5.3166,0.6429,1.066,0.6364,0.8349
1548,53.123,2.332,2.3,pose,18.216,14.1,19.865,15.951,2.3201,5.3374,0.6922,1.047,0.6376,0.8288
1549,53.157,2.352,2.332,pose,18.216,14.146,19.865,15.951,2.281,5.3705,0.7499,1.0474,0.634,0.8109
1550,53.191,2.35,2.35,pose,18.216,14.176,19.865,15.988,2.2656,5.4565,0.7969,1.0421,0.638,0.7756
1551,53.226,2.382,2.35,pose,18.216,14.215,19.865,16.021,2.2688,5.5156,0.7892,1.0332,0.6285,0.7496
1552,53.26,2.412,2.352,pose,18.216,14.215,19.865,16.107,2.2709,5.5264,0.7853,1.05,0.5999,0.722
1553,53.294,2.421,2.382,pose,18.216,14.215,19.865,16.166,2.2683,5.518,0.7864,1.0426,0.6357,0.7277
1554,53.329,2.384,2.384,pose,18.216,14.215,19.865,16.166,2.2623,5.5168,0.8076,1.0703,0.6576,0.7152
1555,53.363,2.389,2.389,pose,18.216,14.215,19.865,16.166,2.2731,5.4816,0.7663,1.0377,0.6275,0.7133
1556,53.397,2.384,2.389,pose,18.216,14.215,19.865,16.166,2.2759,5.4207,0.7491,1.0367,0.6636,0.7298
1557,53.432,2.604,2.389,pose,18.216,14.215,19.899,16.166,2.2234,5.3669,0.4265,1.021,0.7003,0.7478
1558,53.466,2.955,2.389,bbox,18.216,14.215,19.96,16.166,2.2004,5.3269,,0.9399,,0.7715
1559,53.5,2.341,2.389,pose,18.216,14.273,20.013,16.166,2.1931,5.2552,0.6935,0.8951,0.6928,0.7904
1560,53.535,2.403,2.403,pose,18.216,14.273,20.053,16.166,2.1856,5.1952,0.6931,0.7628,0.6463,0.8378
1561,53.569,2.804,2.604,bbox,18.216,14.303,20.125,16.166,2.1752,5.143,,0.6825,,0.852
1562,53.603,2.352,2.403,pose,18.216,14.303,20.185,16.166,2.1584,5.06,0.7423,0.5992,0.6507,0.8395
1563,53.638,2.303,2.352,pose,18.216,14.303,20.237,16.166,2.1699,5.0395,0.7527,0.5783,0.6282,0.8183
1564,53.672,2.322,2.352,pose,18.216,14.303,20.32,16.166,2.1777,5.0076,0.7561,0.61,0.6396,0.8111
1565,53.706,2.239,2.322,pose,18.216,14.303,20.32,16.166,2.1853,5.0158,0.7446,0.6636,0.64,0.7886
1566,53.741,2.12,2.303,pose,18.216,14.303,20.32,16.166,2.1959,5.0641,0.7237,0.7875,0.6649,0.7529
1567,53.775,2.021,2.239,pose,18.216,14.303,20.364,16.166,2.2084,4.9327,0.7123,0.9238,0.6804,0.7305
1568,53.809,1.916,2.12,pose,18.216,14.303,20.364,16.166,2.2106,4.9454,0.6793,1.0562,0.6735,0.7223
1569,53.844,1.909,2.021,pose,18.216,14.303,20.435,16.166,2.1932,4.8645,0.6414,1.104,0.6798,0.7228
1570,53.878,1.928,1.928,pose,18.216,14.303,20.435,16.166,2.1985,4.8125,0.6713,0.985,0.6428,0.7474
1571,53.912,2.502,1.928,bbox,18.216,14.303,20.516,16.166,2.2872,4.796,,1.0437,,0.7353
1572,53.946,2.021,1.928,pose,18.216,14.303,20.568,16.166,2.2738,4.7268,0.7725,0.881,0.5071,0.7341
1573,53.981,2.414,2.021,bbox,18.285,14.303,20.568,16.166,2.2617,4.6072,,0.7044,,0.6945
1574,54.015,2.326,2.326,bbox,18.285,14.303,20.653,16.166,2.2324,4.4988,,0.5947,,0.6903
1575,54.049,1.82,2.326,pose,18.285,14.303,20.773,16.166,2.2633,4.4308,0.8652,0.5569,0.543,0.711
1576,54.084,1.765,2.021,pose,18.285,14.303,20.881,16.166,2.2523,4.4255,0.8737,0.607,0.5904,0.7103
1577,54.118,1.688,1.82,pose,18.285,14.303,20.949,16.166,2.2503,4.4103,0.8321,0.734,0.6364,0.6531
1578,54.152,1.602,1.765,pose,18.285,14.303,20.949,16.166,2.2069,4.3954,0.775,0.8899,0.641,0.6589
1579,54.187,1.491,1.688,pose,18.285,14.303,20.949,16.166,2.1596,4.3705,0.7111,1.0789,0.6002,0.6489
1580,54.221,2.245,1.688,bbox,18.285,14.358,20.985,16.166,2.1334,4.3089,0.7329,,0.5707,
1581,54.255,2.162,1.688,bbox,18.285,14.405,20.985,16.166,2.1346,4.2601,0.5374,,0.544,
1582,54.29,1.097,1.602,pose,18.285,14.405,21.071,16.166,2.1088,4.2014,0.7367,1.456,0.5425,0.6091
1583,54.324,2.064,2.064,bbox,18.285,14.405,21.12,16.166,2.0977,4.1509,0.7204,,0.5626,
1584,54.358,1.08,2.064,pose,18.285,14.405,21.179,16.166,2.1513,4.1421,0.0554,1.3327,-0.2735,0.578
1585,54.393,1.945,1.945,bbox,18.285,14.405,21.229,16.166,2.1761,4.1051,,1.2708,,0.6289
1586,54.427,1.821,1.821,bbox,18.285,14.456,21.229,16.166,2.0793,3.875,,1.1968,,0.5889
1587,54.461,1.851,1.851,bbox,18.285,14.456,21.275,16.166,1.9965,3.8364,,1.1065,,0.6113
1588,54.496,1.804,1.821,bbox,18.285,14.456,21.425,16.166,1.9439,3.7664,,1.0564,,0.6366
1589,54.53,1.796,1.821,bbox,18.285,14.568,21.464,16.166,1.9162,3.7224,,0.9824,,0.6605
1590,54.564,,,,18.285,14.568,21.464,16.166,,,,,,
1591,54.598,1.917,1.821,bbox,18.285,14.621,21.534,16.166,1.7135,3.668,,0.8481,,0.743
1592,54.633,,,,18.285,14.621,21.534,16.166,,,,,,
1593,54.667,,,,18.285,14.621,21.534,16.166,,,,,,
1594,54.701,2.138,1.851,bbox,18.285,14.621,21.578,16.166,1.5663,3.6612,,0.7097,,0.8059
1595,54.736,,,,18.285,14.621,21.578,16.166,,,,,,
1596,54.77,,,,18.285,14.621,21.578,16.166,,,,,,
1597,54.804,2.388,1.917,bbox,18.285,14.799,21.632,16.166,1.2578,3.5645,,0.6531,,0.8422
1598,54.839,2.417,2.138,bbox,18.285,14.946,21.632,16.166,1.2065,3.4999,,0.7053,,0.8195
1599,54.873,2.488,2.388,bbox,18.285,15.096,21.736,16.166,1.0789,3.4425,,0.7945,,0.7965
1600,54.907,2.573,2.417,bbox,18.285,15.147,21.8,16.166,0.9809,3.4198,,0.8703,,0.7469
1601,54.942,2.662,2.488,bbox,18.285,15.275,21.858,16.166,0.9342,3.4196,,0.9276,,0.7132
1602,54.976,2.698,2.573,bbox,18.285,15.373,21.858,16.166,0.9195,3.3947,0.3922,,0.5059,
1603,55.01,2.751,2.662,bbox,18.285,15.419,21.858,16.166,0.8709,3.3828,,0.9958,,0.6803
1604,55.045,2.762,2.698,bbox,18.285,15.419,21.905,16.166,0.8356,3.3704,,1.0188,,0.6577
1605,55.079,2.789,2.751,bbox,18.285,15.483,21.905,16.166,0.7925,3.3687,,0.24,,0.4535
1606,55.113,2.843,2.762,bbox,18.285,15.518,21.905,16.166,0.753,3.3869,,0.0571,,0.5586
1607,55.148,2.892,2.789,bbox,18.285,15.561,21.905,16.166,0.7345,3.4349,,,,
1608,55.182,2.861,2.843,bbox,18.285,15.6,21.905,16.166,0.7296,3.4188,,0.5003,,0.4236
1609,55.216,2.771,2.843,bbox,18.285,15.6,21.905,16.166,0.7422,3.3875,,0.8378,,0.7
1610,55.251,3.458,2.861,pose,18.285,15.6,21.905,16.166,0.666,3.3307,0.1053,0.0003,0.6199,0.6737
1611,55.285,3.4,2.892,pose,18.285,15.6,21.905,16.166,0.6653,3.2859,0.1063,0.0034,0.6049,0.6726
1612,55.319,3.331,3.331,pose,18.285,15.68,21.969,16.166,0.6731,3.2398,0.0563,0.0012,0.5716,0.6936
1613,55.353,2.738,3.331,bbox,18.285,15.68,22.014,16.166,0.6869,3.1898,,0.008,,0.6085
1614,55.388,2.605,3.331,bbox,18.285,15.68,22.06,16.166,0.7593,3.1928,,0.0265,,0.606
1615,55.422,2.623,2.738,bbox,18.285,15.68,22.06,16.166,0.8061,3.2231,,0.1068,,0.5383
1616,55.456,2.578,2.623,bbox,18.371,15.68,22.06,16.166,0.8445,3.232,,0.0518,,0.808
1617,55.491,2.667,2.623,bbox,18.418,15.68,22.06,16.166,0.9035,3.3018,,0.0617,,0.8272
1618,55.525,2.615,2.615,bbox,18.456,15.68,22.06,16.166,0.9704,3.2929,,0.1166,,0.8385
1619,55.559,2.547,2.615,bbox,18.515,15.68,22.06,16.213,1.0139,3.2866,,0.1271,,0.8426
1620,55.594,2.499,2.578,bbox,18.582,15.68,22.06,16.213,1.0719,3.2765,,0.3601,,0.8057
1621,55.628,2.431,2.547,bbox,18.626,15.68,22.06,16.213,1.1303,3.2675,,0.4908,,0.7843
1622,55.662,2.344,2.499,bbox,18.684,15.68,22.06,16.213,1.2395,3.2898,,0.5785,,0.7462
1623,55.697,2.291,2.431,bbox,18.742,15.68,22.06,16.213,1.3967,3.3402,,0.6556,,0.7081
1624,55.731,2.215,2.344,bbox,18.851,15.68,22.06,16.213,1.5495,3.4152,,0.7461,,0.6735
1625,55.765,2.091,2.291,bbox,19.001,15.68,22.06,16.266,1.6851,3.4413,,0.811,,0.6387
1626,55.8,2.038,2.215,bbox,19.151,15.68,22.06,16.341,1.7998,3.4885,,0.8951,,0.6405
1627,55.834,1.947,2.091,bbox,19.287,15.68,22.06,16.341,1.9015,3.518,,0.9372,,0.6088
1628,55.868,1.881,2.038,bbox,19.402,15.68,22.06,16.415,1.9741,3.523,,0.999,,0.591
1629,55.903,1.84,1.947,bbox,19.503,15.68,22.06,16.415,2.0252,3.5166,,1.0265,,0.5801
1630,55.937,1.777,1.881,bbox,19.576,15.68,22.06,16.415,2.0959,3.5131,,0.9646,,0.5753
1631,55.971,1.797,1.84,bbox,19.627,15.68,22.06,16.415,2.1255,3.4927,,0.9662,,0.5688
1632,56.005,1.033,1.797,pose,19.698,15.68,22.06,16.415,2.1706,3.4968,0.1019,0.9499,0.3644,0.5483
1633,56.04,1.819,1.797,bbox,19.698,15.68,22.06,16.415,2.1331,3.4316,,0.8807,,0.5454
1634,56.074,1.519,1.777,pose,19.698,15.68,22.06,16.415,2.1081,3.4169,0.2025,0.8631,0.3437,0.5246
1635,56.108,1.407,1.519,pose,19.698,15.68,22.117,16.415,2.1099,3.4214,0.2605,0.8292,0.3917,0.513
1636,56.143,1.338,1.407,pose,19.698,15.68,22.117,16.415,2.1177,3.4408,0.3232,0.7608,0.3969,0.51
1637,56.177,1.262,1.407,pose,19.698,15.68,22.117,16.415,2.1515,3.4632,0.3753,0.7661,0.4174,0.527
1638,56.211,1.72,1.407,bbox,19.698,15.68,22.117,16.415,2.1731,3.4797,,0.7525,,0.5419
1639,56.246,1.428,1.407,pose,19.753,15.68,22.117,16.446,2.2122,3.5079,0.1669,0.7521,0.3484,0.5497
1640,56.28,1.194,1.338,pose,19.753,15.68,22.117,16.446,2.2211,3.5673,0.4142,0.7533,0.4182,0.5631
1641,56.314,1.197,1.262,pose,19.814,15.68,22.117,16.491,2.2403,3.5823,0.4336,0.7589,0.4273,0.6044
1642,56.349,1.724,1.428,bbox,19.814,15.68,22.117,16.55,2.241,3.5885,,0.7756,,0.6285
1643,56.383,1.742,1.428,bbox,19.814,15.68,22.117,16.55,2.2084,3.5966,,0.778,,0.6143
1644,56.417,1.231,1.231,pose,19.814,15.68,22.117,16.55,2.1675,3.6222,0.4213,0.7654,0.4439,0.6269
1645,56.452,1.334,1.334,pose,19.814,15.68,22.117,16.55,2.1269,3.6188,0.4419,0.7072,0.4612,0.6217
1646,56.486,1.424,1.424,pose,19.814,15.725,22.117,16.599,2.0768,3.6158,0.4692,0.6696,0.4702,0.5966
1647,56.52,1.474,1.424,pose,19.814,15.766,22.117,16.599,2.0762,3.7416,0.5265,0.6192,0.4709,0.5721
1648,56.555,1.522,1.424,pose,19.814,15.816,22.117,16.599,2.0546,3.6955,0.5156,0.5979,0.4718,0.607
1649,56.589,1.564,1.474,pose,19.814,15.816,22.117,16.678,2.0423,3.6952,0.4863,0.5992,0.4678,0.5937
1650,56.623,1.575,1.522,pose,19.814,15.816,22.117,16.678,2.0439,3.7042,0.457,0.6035,0.4401,0.5867
1651,56.658,1.594,1.564,pose,19.814,15.816,22.117,16.678,2.0517,3.714,0.4511,0.6178,0.4431,0.595
1652,56.692,1.628,1.575,pose,19.814,15.816,22.117,16.678,2.0628,3.7245,0.4203,0.5948,0.4769,0.5947
1653,56.726,1.68,1.594,pose,19.814,15.816,22.117,16.678,2.0865,3.7507,0.3664,0.5975,0.4524,0.6156
1654,56.76,1.712,1.628,pose,19.814,15.816,22.117,16.678,2.1295,3.7976,0.3766,0.6159,0.4203,0.6512
1655,56.795,1.661,1.661,pose,19.814,15.816,22.117,16.734,2.1478,3.8343,0.3892,0.5789,0.404,0.671
1656,56.829,1.689,1.68,pose,19.867,15.816,22.117,16.781,2.2058,3.8831,0.3815,0.5929,0.4167,0.6903
1657,56.863,1.672,1.68,pose,19.867,15.816,22.117,16.818,2.2588,3.9173,0.4,0.5918,0.3739,0.6923
1658,56.898,1.84,1.689,pose,19.943,15.816,22.117,16.866,2.3017,3.9641,0.2406,0.574,0.3585,0.683
1659,56.932,1.727,1.689,pose,19.996,15.816,22.117,16.9,2.3034,3.9984,0.4648,0.5588,0.3756,0.6913
1660,56.966,1.722,1.722,pose,20.039,15.816,22.117,16.947,2.3048,4.0254,0.4843,0.5555,0.3808,0.6914
1661,57.001,1.704,1.722,pose,20.039,15.816,22.117,16.982,2.3079,4.0613,0.501,0.5404,0.4158,0.6513
1662,57.035,1.712,1.722,pose,20.039,15.816,22.117,16.982,2.3239,4.0878,0.4812,0.5545,0.4082,0.6392
1663,57.069,1.762,1.722,pose,20.039,15.816,22.117,17.045,2.3077,4.0884,0.4524,0.5574,0.4162,0.6188
1664,57.104,1.772,1.722,pose,20.039,15.816,22.117,17.045,2.2839,4.1044,0.4282,0.5801,0.471,0.6102
1665,57.138,1.758,1.758,pose,20.039,15.816,22.117,17.045,2.3019,4.116,0.429,0.5769,0.4797,0.6143
1666,57.172,1.701,1.758,pose,20.039,15.816,22.117,17.088,2.3486,4.1369,0.4737,0.5614,0.467,0.6268
1667,57.207,1.701,1.758,pose,20.039,15.816,22.117,17.088,2.3769,4.1579,0.4961,0.5581,0.4299,0.6439
1668,57.241,1.785,1.758,pose,20.086,15.816,22.117,17.12,2.3591,4.1841,0.4266,0.5698,0.458,0.6488
1669,57.275,1.833,1.758,pose,20.086,15.816,22.117,17.12,2.3573,4.1983,0.4027,0.5823,0.4481,0.6688
1670,57.31,1.651,1.701,pose,20.086,15.816,22.117,17.167,2.4463,4.2421,0.5317,0.5913,0.4028,0.6903
1671,57.344,1.711,1.711,pose,20.086,15.816,22.117,17.167,2.4782,4.2796,0.556,0.5697,0.3913,0.6816
1672,57.378,1.756,1.756,pose,20.184,15.816,22.117,17.225,2.5099,4.313,0.5322,0.4984,0.4109,0.6487
1673,57.412,1.867,1.756,pose,20.215,15.816,22.117,17.263,2.4865,4.3502,0.4501,0.5338,0.4624,0.6608
1674,57.447,1.816,1.756,pose,20.215,15.816,22.117,17.296,2.4592,4.3905,0.4479,0.5473,0.4846,0.6703
1675,57.481,1.755,1.756,pose,20.215,15.816,22.117,17.333,2.5011,4.4247,0.4451,0.5764,0.4852,0.6616
1676,57.515,1.828,1.816,pose,20.215,15.816,22.117,17.374,2.5229,4.4435,0.3998,0.562,0.4843,0.6497
1677,57.55,2.021,1.828,pose,20.215,15.816,22.117,17.408,2.533,4.4784,0.2087,0.5813,0.461,0.6642
1678,57.584,1.829,1.828,pose,20.26,15.816,22.117,17.408,2.5294,4.4984,0.3973,0.5881,0.4645,0.6859
1679,57.618,1.733,1.828,pose,20.26,15.816,22.117,17.462,2.5283,4.5404,0.4815,0.5812,0.4727,0.6782
1680,57.653,1.722,1.828,pose,20.26,15.816,22.117,17.462,2.5411,4.5831,0.511,0.631,0.4651,0.6924
1681,57.687,1.82,1.82,pose,20.26,15.816,22.117,17.524,2.5561,4.6118,0.5217,0.6358,0.4599,0.683
1682,57.721,1.853,1.82,pose,20.26,15.816,22.117,17.566,2.5591,4.6341,0.5011,0.6432,0.4697,0.7059
1683,57.756,1.911,1.82,pose,20.293,15.816,22.117,17.566,2.6116,4.6602,0.4864,0.6396,0.4615,0.7277
1684,57.79,2.029,1.853,pose,20.293,15.816,22.117,17.617,2.5901,4.6763,0.3955,0.6258,0.4787,0.7253
1685,57.824,1.986,1.911,pose,20.327,15.816,22.117,17.617,2.6735,4.6942,0.3573,0.5957,0.4538,0.7317
1686,57.859,1.997,1.986,pose,20.327,15.816,22.117,17.659,2.6545,4.7109,0.412,0.5851,0.4691,0.7263
1687,57.893,2.084,1.997,pose,20.392,15.816,22.117,17.659,2.718,4.7182,0.2465,0.6035,0.4933,0.7346
1688,57.927,2.37,2.029,bbox,20.392,15.816,22.117,17.694,2.7586,4.7558,,0.6187,,0.7028
1689,57.962,2.273,2.084,bbox,20.455,15.816,22.117,17.694,2.8863,4.8131,,0.4257,,0.7202
1690,57.996,2.193,2.193,bbox,20.496,15.816,22.117,17.739,3.0015,4.8552,,0.3834,,0.5212
1691,58.03,2.111,2.193,bbox,20.623,15.816,22.117,17.796,3.0585,4.8402,0.2232,,0.5127,
1692,58.065,2.098,2.193,bbox,20.739,15.816,22.117,17.796,3.0661,4.8223,,,,
1693,58.099,2.112,2.112,bbox,20.785,15.816,22.117,17.796,3.0482,4.8011,,,,
1694,58.133,2.055,2.111,bbox,20.785,15.816,22.117,17.796,3.0619,4.781,0.3285,,0.5158,
1695,58.167,2.023,2.098,bbox,20.785,15.816,22.117,17.796,3.0795,4.7475,0.4099,,0.498,
1696,58.202,1.967,2.055,bbox,20.785,15.816,22.149,17.796,3.114,4.733,0.401,,0.4792,
1697,58.236,1.18,2.023,pose,20.817,15.816,22.183,17.796,3.143,4.733,0.4062,0.8246,0.4749,0.5813
1698,58.27,1.097,1.967,pose,20.851,15.816,22.183,17.796,3.1608,4.6949,0.4436,0.8868,0.4779,0.6676
1699,58.305,,,,20.851,15.816,22.183,17.796,,,,,,
1700,58.339,1.114,1.18,pose,20.851,15.816,22.183,17.796,3.1578,4.6303,0.4441,0.7556,0.4224,0.6874
1701,58.373,1.743,1.18,bbox,20.894,15.816,22.235,17.796,3.1563,4.5928,0.4628,,0.4177,
1702,58.408,1.689,1.18,bbox,20.894,15.816,22.3,17.796,3.1536,4.546,,0.6222,,0.7322
1703,58.442,1.613,1.613,bbox,20.894,15.816,22.338,17.796,3.1558,4.4945,,0.527,,0.7627
1704,58.476,1.165,1.613,pose,20.894,15.816,22.384,17.796,3.1542,4.4156,0.3592,0.5141,0.4193,0.7803
1705,58.511,1.077,1.613,pose,20.894,15.816,22.436,17.796,3.1524,4.4186,0.4481,0.4698,0.4478,0.8154
1706,58.545,1.182,1.182,pose,20.894,15.816,22.512,17.796,3.1498,4.4112,0.3648,0.4422,0.4653,0.8218
1707,58.579,1.212,1.182,pose,20.894,15.816,22.512,17.796,3.1525,4.3442,0.3213,0.4236,0.4687,0.8226
1708,58.614,1.085,1.165,pose,20.894,15.816,22.512,17.796,3.1603,4.3375,0.4354,0.4223,0.4766,0.7961
1709,58.648,1.036,1.085,pose,20.894,15.816,22.582,17.796,3.1385,4.3487,0.4561,0.4403,0.4706,0.7938
1710,58.682,0.994,1.085,pose,20.894,15.816,22.582,17.796,3.134,4.3703,0.4954,0.4807,0.4662,0.7861
1711,58.717,1.013,1.036,pose,20.894,15.816,22.582,17.796,3.1522,4.391,0.464,0.5189,0.4492,0.7695
1712,58.751,1.026,1.026,pose,20.894,15.816,22.582,17.796,3.1419,4.3936,0.464,0.539,0.4304,0.7491
1713,58.785,1.116,1.026,pose,20.894,15.816,22.582,17.839,3.1499,4.4152,0.3617,0.5807,0.4625,0.7267
1714,58.819,1.082,1.026,pose,20.894,15.816,22.582,17.839,3.1553,4.4333,0.3975,0.5756,0.4465,0.7168
1715,58.854,1.17,1.082,pose,20.894,15.816,22.582,17.839,3.1554,4.4664,0.2822,0.6259,0.4737,0.7175
1716,58.888,1.151,1.116,pose,20.894,15.816,22.582,17.881,3.164,4.4916,0.2922,0.6188,0.4566,0.7428
1717,58.922,1.129,1.129,pose,20.894,15.816,22.582,17.914,3.1711,4.5034,0.3051,0.6319,0.4657,0.7524
1718,58.957,0.979,1.129,pose,20.894,15.816,22.582,17.914,3.1786,4.5293,0.4366,0.6661,0.4582,0.7505
1719,58.991,0.966,1.129,pose,20.894,15.816,22.582,17.951,3.1935,4.5387,0.4382,0.6885,0.4587,0.7743
1720,59.025,0.954,0.979,pose,20.894,15.816,22.582,17.951,3.2079,4.5506,0.4435,0.7191,0.4474,0.7577
1721,59.06,0.964,0.966,pose,20.931,15.816,22.582,17.986,3.2196,4.5826,0.4485,0.7449,0.4467,0.7447
1722,59.094,0.98,0.966,pose,20.931,15.816,22.582,17.986,3.2361,4.6019,0.4531,0.78,0.4347,0.7269
1723,59.128,1.0,0.966,pose,20.931,15.816,22.582,18.03,3.229,4.6079,0.4524,0.7942,0.4199,0.728
1724,59.163,1.001,0.98,pose,20.931,15.816,22.582,18.03,3.2173,4.6214,0.4549,0.7832,0.4251,0.7179
1725,59.197,1.004,1.0,pose,20.931,15.816,22.582,18.03,3.2171,4.6319,0.4651,0.7975,0.431,0.7143
1726,59.231,1.006,1.001,pose,20.931,15.816,22.582,18.069,3.2064,4.6455,0.448,0.7931,0.4409,0.7261
1727,59.266,1.014,1.004,pose,20.931,15.816,22.582,18.069,3.1962,4.6423,0.4475,0.7639,0.4683,0.7508
1728,59.3,1.052,1.006,pose,20.931,15.816,22.582,18.069,3.2006,4.6516,0.4276,0.7573,0.481,0.7761
1729,59.334,1.074,1.014,pose,20.931,15.816,22.582,18.069,3.1965,4.6609,0.4324,0.7423,0.4855,0.7987
1730,59.369,1.134,1.052,pose,20.931,15.816,22.582,18.099,3.1771,4.6869,0.4172,0.6877,0.4997,0.7931
1731,59.403,1.193,1.074,pose,20.931,15.816,22.582,18.099,3.1684,4.6937,0.4199,0.6361,0.4986,0.8017
1732,59.437,1.276,1.134,pose,20.931,15.816,22.582,18.135,3.1664,4.6958,0.3903,0.5895,0.4962,0.7987
1733,59.472,1.283,1.193,pose,20.931,15.816,22.582,18.135,3.1561,4.6816,0.4193,0.5678,0.4724,0.7776
1734,59.506,1.285,1.276,pose,20.931,15.816,22.582,18.135,3.1438,4.6685,0.418,0.5704,0.4488,0.7788
1735,59.54,1.28,1.28,pose,20.931,15.853,22.582,18.135,3.129,4.6598,0.3986,0.5756,0.4583,0.752
1736,59.574,1.274,1.28,pose,20.931,15.853,22.582,18.135,3.1343,4.6693,0.4046,0.5826,0.4845,0.7722
1737,59.609,1.286,1.283,pose,20.931,15.853,22.582,18.135,3.1307,4.6679,0.3997,0.5913,0.4881,0.7758
1738,59.643,1.269,1.28,pose,20.931,15.853,22.582,18.135,3.1246,4.6772,0.4058,0.5904,0.492,0.793
1739,59.677,1.272,1.274,pose,20.931,15.853,22.582,18.135,3.1176,4.6948,0.3926,0.5947,0.5034,0.794
1740,59.712,1.325,1.274,pose,20.931,15.885,22.582,18.135,3.1133,4.7057,0.3814,0.5994,0.5026,0.8091
1741,59.746,1.323,1.286,pose,20.931,15.885,22.582,18.135,3.1037,4.7124,0.4059,0.6116,0.501,0.8135
1742,59.78,1.32,1.32,pose,20.931,15.885,22.582,18.135,3.0963,4.7322,0.4293,0.6333,0.4954,0.8091
1743,59.815,1.362,1.323,pose,20.931,15.885,22.582,18.135,3.0792,4.7423,0.4396,0.651,0.4708,0.7741
1744,59.849,1.407,1.325,pose,20.931,15.885,22.582,18.18,3.0775,4.7638,0.4524,0.6355,0.4588,0.7433
1745,59.883,1.45,1.362,pose,20.931,15.93,22.582,18.18,3.0777,4.7899,0.4494,0.6164,0.4646,0.7327
1746,59.918,1.48,1.407,pose,20.931,15.93,22.582,18.211,3.0786,4.7943,0.4492,0.567,0.4688,0.737
1747,59.952,1.483,1.45,pose,20.931,15.93,22.582,18.211,3.0765,4.7939,0.4417,0.5994,0.4683,0.7438
1748,59.986,1.436,1.45,pose,20.931,15.93,22.582,18.211,3.0771,4.7916,0.4374,0.6142,0.4722,0.7461
1749,60.021,1.435,1.45,pose,20.931,15.93,22.582,18.211,3.07,4.78,0.4305,0.6072,0.4996,0.7457
1750,60.055,1.439,1.439,pose,20.931,15.93,22.582,18.211,3.0651,4.7758,0.4288,0.6017,0.4952,0.768
1751,60.089,1.426,1.436,pose,20.931,15.93,22.582,18.211,3.0584,4.7571,0.4199,0.5984,0.4942,0.7716
1752,60.124,1.422,1.435,pose,20.931,15.93,22.582,18.211,3.0514,4.7338,0.4255,0.5652,0.496,0.7753
1753,60.158,1.407,1.426,pose,20.931,15.93,22.582,18.211,3.0432,4.7075,0.4404,0.5578,0.4811,0.7976
1754,60.192,1.433,1.426,pose,20.931,15.93,22.612,18.211,3.0407,4.6979,0.4228,0.5394,0.4735,0.792
1755,60.226,1.419,1.422,pose,20.931,15.966,22.612,18.211,3.0326,4.688,0.4264,0.5529,0.4634,0.7803
1756,60.261,1.439,1.422,pose,20.931,15.966,22.647,18.211,3.0168,4.6792,0.4354,0.5334,0.4568,0.7746
1757,60.295,1.438,1.433,pose,20.931,15.966,22.647,18.211,3.0152,4.6745,0.4371,0.5426,0.4818,0.7651
1758,60.329,1.452,1.438,pose,20.931,15.966,22.647,18.211,3.0074,4.6733,0.4472,0.5273,0.4985,0.7536
1759,60.364,1.475,1.439,pose,20.931,15.966,22.647,18.211,3.0004,4.6723,0.4313,0.5215,0.4948,0.7481
1760,60.398,1.455,1.452,pose,20.931,16.002,22.647,18.211,3.0003,4.6688,0.4241,0.5531,0.5047,0.757
1761,60.432,1.488,1.455,pose,20.931,16.002,22.647,18.211,2.988,4.6755,0.4284,0.5623,0.4965,0.7588
1762,60.467,1.482,1.475,pose,20.931,16.002,22.647,18.211,2.9744,4.6798,0.4484,0.5665,0.4904,0.7612
1763,60.501,1.48,1.48,pose,20.931,16.002,22.647,18.211,2.9465,4.677,0.4607,0.589,0.4623,0.7922
1764,60.535,1.495,1.482,pose,20.931,16.035,22.647,18.211,2.9105,4.6638,0.4582,0.6034,0.4519,0.8117
1765,60.57,1.494,1.488,pose,20.931,16.035,22.647,18.211,2.902,4.6671,0.4587,0.6309,0.4327,0.7966
1766,60.604,1.521,1.494,pose,20.931,16.099,22.647,18.211,2.905,4.7,0.4709,0.6296,0.4485,0.7822
1767,60.638,1.545,1.495,pose,20.931,16.099,22.647,18.211,2.91,4.7201,0.4784,0.6258,0.4538,0.7668
1768,60.673,1.61,1.521,pose,20.931,16.099,22.647,18.211,2.9056,4.7472,0.4511,0.6417,0.4527,0.7303
1769,60.707,1.623,1.545,pose,20.931,16.099,22.647,18.211,2.9165,4.7469,0.437,0.6478,0.4584,0.7236
1770,60.741,1.601,1.601,pose,20.931,16.099,22.647,18.26,2.9357,4.7499,0.4263,0.6526,0.4443,0.723
1771,60.776,1.562,1.601,pose,20.931,16.099,22.647,18.26,2.9717,4.749,0.4023,0.6613,0.4557,0.7273
1772,60.81,1.538,1.601,pose,20.931,16.099,22.647,18.26,2.9876,4.7444,0.4271,0.656,0.4258,0.7316
1773,60.844,1.643,1.601,pose,20.992,16.099,22.647,18.26,2.991,4.7442,0.3767,0.641,0.3809,0.7522
1774,60.879,1.474,1.562,pose,20.992,16.099,22.647,18.26,3.0063,4.7321,0.5004,0.6417,0.3664,0.7559
1775,60.913,1.357,1.538,pose,20.992,16.099,22.647,18.26,3.0254,4.7226,0.5732,0.6289,0.3987,0.7697
1776,60.947,1.391,1.474,pose,21.027,16.099,22.647,18.26,3.0336,4.7145,0.552,0.6279,0.3781,0.7639
1777,60.981,1.415,1.415,pose,21.027,16.099,22.647,18.26,3.0523,4.7077,0.5597,0.6038,0.3638,0.7556
1778,61.016,1.397,1.397,pose,21.027,16.099,22.68,18.26,3.0586,4.7032,0.55,0.6366,0.3725,0.7425
1779,61.05,1.426,1.397,pose,21.073,16.099,22.68,18.26,3.0539,4.6935,0.5534,0.6267,0.3794,0.7407
1780,61.084,1.415,1.415,pose,21.073,16.099,22.68,18.26,3.0377,4.6943,0.5483,0.6339,0.3985,0.7262
1781,61.119,1.408,1.415,pose,21.073,16.099,22.68,18.26,3.0255,4.7015,0.5405,0.6319,0.4311,0.7322
1782,61.153,1.424,1.415,pose,21.073,16.099,22.68,18.26,3.0139,4.7108,0.5624,0.6298,0.418,0.7319
1783,61.187,1.436,1.424,pose,21.073,16.099,22.68,18.26,2.9949,4.7174,0.5423,0.6594,0.4391,0.7407
1784,61.222,1.487,1.424,pose,21.073,16.137,22.68,18.26,2.9814,4.7332,0.5109,0.6639,0.4233,0.7527
1785,61.256,1.489,1.436,pose,21.073,16.137,22.68,18.26,2.9671,4.7495,0.5163,0.6861,0.4325,0.7836
1786,61.29,1.521,1.487,pose,21.073,16.17,22.68,18.26,2.9643,4.7787,0.4993,0.6946,0.4314,0.7636
1787,61.325,1.579,1.489,pose,21.073,16.17,22.68,18.295,2.9623,4.8115,0.5106,0.6845,0.4068,0.7671
1788,61.359,1.617,1.521,pose,21.073,16.17,22.68,18.295,2.963,4.8407,0.5124,0.6828,0.4086,0.7483
1789,61.393,1.622,1.579,pose,21.073,16.17,22.68,18.357,2.96,4.8517,0.5132,0.6772,0.4184,0.7471
1790,61.428,1.598,1.598,pose,21.073,16.17,22.68,18.357,2.9519,4.8594,0.5061,0.7013,0.4441,0.7413
1791,61.462,1.602,1.602,pose,21.073,16.17,22.68,18.397,2.9564,4.8645,0.4901,0.7025,0.4598,0.7432
1792,61.496,1.586,1.602,pose,21.073,16.17,22.68,18.397,2.9588,4.8655,0.4863,0.6917,0.4759,0.7485
1793,61.531,1.548,1.598,pose,21.073,16.17,22.68,18.397,2.9638,4.8577,0.4768,0.7084,0.486,0.7624
1794,61.565,1.551,1.586,pose,21.073,16.17,22.68,18.397,2.9661,4.8507,0.4733,0.7003,0.4894,0.7727
1795,61.599,1.546,1.551,pose,21.073,16.17,22.68,18.397,2.9656,4.8448,0.4664,0.6879,0.496,0.769
1796,61.633,1.561,1.551,pose,21.073,16.17,22.68,18.397,2.9748,4.8427,0.4385,0.6587,0.5037,0.766
1797,61.668,1.578,1.551,pose,21.073,16.17,22.68,18.397,2.981,4.8334,0.4427,0.6377,0.509,0.7734
1798,61.702,1.591,1.561,pose,21.073,16.17,22.68,18.397,2.9787,4.8249,0.4569,0.6329,0.5016,0.758
1799,61.736,1.601,1.578,pose,21.073,16.17,22.68,18.397,2.9765,4.8101,0.463,0.6234,0.4905,0.7567
1800,61.771,1.598,1.591,pose,21.073,16.17,22.68,18.397,2.9768,4.8065,0.4727,0.6045,0.483,0.7468
1801,61.805,1.589,1.591,pose,21.073,16.17,22.721,18.397,2.9968,4.8055,0.4635,0.615,0.4455,0.7275
1802,61.839,1.54,1.591,pose,21.073,16.17,22.721,18.397,3.023,4.8044,0.5193,0.6305,0.4446,0.7474
1803,61.874,1.493,1.589,pose,21.073,16.17,22.721,18.397,3.0607,4.8094,0.511,0.6543,0.4379,0.765
1804,61.908,1.481,1.54,pose,21.114,16.17,22.721,18.397,3.1,4.8151,0.5095,0.663,0.4294,0.7744
1805,61.942,1.507,1.507,pose,21.152,16.17,22.721,18.397,3.134,4.8454,0.5012,0.6795,0.4044,0.7708
1806,61.977,1.516,1.507,pose,21.191,16.17,22.721,18.397,3.1798,4.8573,0.4823,0.6841,0.2763,0.7651
1807,62.011,1.567,1.507,pose,21.225,16.17,22.721,18.433,3.1426,4.8594,0.4986,0.6827,0.3413,0.7607
1808,62.045,2.254,1.516,bbox,21.225,16.17,22.721,18.433,3.1304,4.9029,,0.6477,,0.7324
1809,62.08,1.689,1.567,pose,21.225,16.17,22.721,18.433,3.1212,4.9215,0.4438,0.6283,0.1959,0.7096
1810,62.114,2.397,1.689,bbox,21.225,16.17,22.721,18.49,3.1115,4.9265,,0.6079,,0.6823
1811,62.148,2.414,2.254,bbox,21.225,16.17,22.721,18.49,3.0982,4.9177,,0.5949,,0.6456
1812,62.183,1.843,2.254,pose,21.225,16.17,22.721,18.49,3.0604,4.9052,0.3668,0.5891,0.2659,0.6299
1813,62.217,1.809,1.843,pose,21.225,16.205,22.721,18.49,3.0351,4.8919,0.5464,0.6223,0.3165,0.6032
1814,62.251,1.716,1.843,pose,21.225,16.243,22.721,18.49,3.0201,4.8758,0.5765,0.6836,0.3265,0.5978
1815,62.286,1.589,1.809,pose,21.225,16.243,22.721,18.49,3.0021,4.8326,0.5587,0.753,0.3251,0.5863
1816,62.32,2.357,1.809,bbox,21.225,16.284,22.721,18.49,2.9803,4.7839,0.5549,,0.3755,
1817,62.354,1.541,1.716,pose,21.225,16.284,22.792,18.49,2.9716,4.7059,0.4095,0.6838,0.3574,0.452
1818,62.388,2.29,1.716,bbox,21.225,16.323,22.84,18.49,2.9705,4.6955,0.4358,,0.3845,
1819,62.423,2.57,2.29,pose,21.225,16.323,22.918,18.49,2.9688,4.6666,0.399,0.008,0.3895,0.4512
1820,62.457,1.476,2.29,pose,21.225,16.323,22.918,18.49,2.9676,4.6418,0.4054,0.9049,0.3791,0.5521
1821,62.491,1.446,1.541,pose,21.225,16.323,22.958,18.49,2.9882,4.5675,0.4475,0.8663,0.3482,0.5756
1822,62.526,2.085,2.085,bbox,21.225,16.323,22.958,18.49,3.0655,4.5988,,0.8141,,0.6382
1823,62.56,2.02,2.02,bbox,21.225,16.323,23.026,18.49,3.026,4.5373,,0.7281,,0.63
1824,62.594,1.4,1.476,pose,21.225,16.323,23.057,18.49,2.994,4.4303,0.5458,0.6855,0.3693,0.6339
1825,62.629,1.941,1.941,bbox,21.225,16.323,23.087,18.49,2.931,4.4263,,0.6573,,0.6354
1826,62.663,1.452,1.941,pose,21.225,16.323,23.158,18.49,2.8977,4.4662,0.5108,0.649,0.3545,0.6186
1827,62.697,1.769,1.769,pose,21.225,16.373,23.194,18.49,2.876,4.42,0.248,0.6717,0.3573,0.5985
1828,62.732,1.479,1.479,pose,21.225,16.406,23.194,18.49,2.8601,4.4193,0.4279,0.7011,0.4126,0.5933
1829,62.766,1.446,1.479,pose,21.225,16.406,23.194,18.49,2.8568,4.4105,0.3696,0.768,0.4241,0.6081
1830,62.8,1.353,1.452,pose,21.225,16.444,23.194,18.49,2.8569,4.3844,0.349,0.8316,0.4262,0.5691
1831,62.835,1.987,1.479,bbox,21.225,16.444,23.194,18.49,2.8624,4.3709,0.293,,0.4416,
1832,62.869,1.606,1.479,pose,21.225,16.444,23.24,18.49,2.8615,4.371,0.1275,0.9235,0.4663,0.5415
1833,62.903,2.598,1.606,pose,21.225,16.444,23.24,18.49,2.8698,4.3504,0.2675,0.0052,0.4853,0.5633
1834,62.938,2.73,1.987,pose,21.225,16.444,23.24,18.49,2.877,4.3213,0.2605,0.0016,0.4909,0.2296
1835,62.972,2.591,2.591,pose,21.225,16.444,23.274,18.49,2.8722,4.2927,0.2509,0.041,0.4813,0.0313
1836,63.006,,,,21.225,16.444,23.274,18.49,,,,,,
1837,63.04,,,,21.225,16.444,23.274,18.49,,,,,,
1838,63.075,,,,21.225,16.444,23.274,18.49,,,,,,
1839,63.109,,,,21.225,16.444,23.274,18.49,,,,,,
1840,63.143,2.366,2.591,pose,21.225,16.444,23.274,18.49,2.8488,4.1133,0.1279,0.0273,0.4573,0.535
1841,63.178,1.371,2.591,pose,21.225,16.444,23.332,18.49,2.8677,4.1105,0.1224,0.7762,0.4819,0.5691
1842,63.212,1.36,2.366,pose,21.225,16.444,23.482,18.49,2.9073,4.0525,0.0554,0.7543,0.4817,0.5966
1843,63.246,1.368,1.371,pose,21.225,16.444,23.482,18.49,2.9423,4.0298,0.003,0.7194,0.4979,0.6246
1844,63.281,1.297,1.368,pose,21.272,16.444,23.542,18.49,2.9848,4.039,0.04,0.707,0.4916,0.6282
1845,63.315,1.244,1.36,bbox,21.307,16.444,23.542,18.49,3.009,4.0272,,0.7136,,0.6617
1846,63.349,1.241,1.297,bbox,21.35,16.444,23.542,18.49,3.0101,4.0421,,0.6977,,0.6608
1847,63.384,1.027,1.244,pose,21.35,16.444,23.542,18.49,2.9957,4.0631,0.3564,0.6636,0.5053,0.6706
1848,63.418,1.032,1.241,pose,21.35,16.444,23.542,18.49,2.9752,4.0678,0.4607,0.6245,0.507,0.6665
1849,63.452,1.055,1.055,pose,21.35,16.444,23.542,18.49,2.9612,4.0759,0.5349,0.5832,0.4468,0.6815
1850,63.487,1.026,1.032,pose,21.35,16.444,23.542,18.49,2.9605,4.0798,0.5649,0.6028,0.4441,0.6667
1851,63.521,1.029,1.029,pose,21.35,16.444,23.542,18.49,2.9533,4.1067,0.5501,0.5765,0.4137,0.6545
1852,63.555,1.028,1.029,pose,21.35,16.444,23.542,18.49,2.9572,4.1057,0.5209,0.5739,0.4045,0.6666
1853,63.59,1.079,1.029,pose,21.35,16.444,23.542,18.544,2.9941,4.132,0.472,0.5454,0.4183,0.6689
1854,63.624,1.391,1.029,bbox,21.35,16.444,23.542,18.544,3.025,4.1611,0.3854,,0.4766,
1855,63.658,1.238,1.079,bbox,21.35,16.444,23.542,18.544,3.1742,4.1709,,0.5502,,0.4869
1856,63.693,1.241,1.238,bbox,21.39,16.444,23.542,18.599,3.1574,4.182,,0.3092,,0.4832
1857,63.727,1.22,1.238,bbox,21.522,16.444,23.542,18.599,3.1614,4.1832,,0.3232,,0.4956
1858,63.761,1.268,1.241,bbox,21.522,16.444,23.542,18.599,3.155,4.198,,0.5034,,0.7102
1859,63.795,1.263,1.241,bbox,21.522,16.444,23.542,18.599,3.1682,4.2137,,0.4592,,0.7145
1860,63.83,1.263,1.263,bbox,21.522,16.444,23.542,18.636,3.1714,4.2451,,0.3902,,0.6975
1861,63.864,1.261,1.263,bbox,21.522,16.444,23.542,18.636,3.1968,4.2697,,0.3118,,0.7482
1862,63.898,1.302,1.263,bbox,21.522,16.444,23.542,18.683,3.1943,4.31,,0.2369,,0.753
1863,63.933,1.39,1.263,pose,21.522,16.444,23.542,18.683,3.1854,4.3552,0.0964,0.1524,0.5367,0.7497
1864,63.967,1.38,1.302,bbox,21.556,16.444,23.542,18.748,3.1908,4.3826,,0.0263,,0.7714
1865,64.001,1.548,1.38,pose,21.556,16.444,23.542,18.793,3.1899,4.4232,0.0666,0.0328,0.5279,0.7637
1866,64.036,1.543,1.39,pose,21.556,16.444,23.542,18.793,3.1806,4.4433,0.0625,0.017,0.5252,0.768
1867,64.07,1.548,1.543,pose,21.556,16.444,23.542,18.861,3.125,4.4462,0.0726,0.0982,0.4953,0.7905
1868,64.104,1.492,1.543,pose,21.556,16.444,23.542,18.861,3.1024,4.4337,0.0152,0.1815,0.5298,0.8017
1869,64.139,1.433,1.543,pose,21.556,16.509,23.542,18.861,3.0844,4.4085,0.0525,0.2597,0.536,0.7895
1870,64.173,1.363,1.492,pose,21.556,16.509,23.542,18.861,3.0633,4.4023,0.0977,0.345,0.5962,0.8027
1871,64.207,1.288,1.433,pose,21.556,16.55,23.542,18.861,3.0358,4.3947,0.1629,0.4115,0.6052,0.7831
1872,64.242,1.191,1.363,pose,21.556,16.55,23.542,18.861,3.0274,4.4043,0.2717,0.4637,0.6045,0.7699
1873,64.276,1.139,1.288,pose,21.556,16.599,23.542,18.861,3.0325,4.4066,0.3152,0.5095,0.6202,0.7543
1874,64.31,1.089,1.191,pose,21.556,16.599,23.542,18.861,3.0346,4.4224,0.3502,0.563,0.6176,0.7596
1875,64.345,1.071,1.139,pose,21.556,16.599,23.542,18.861,3.0412,4.4344,0.3576,0.6282,0.6227,0.7498
1876,64.379,1.052,1.089,pose,21.556,16.599,23.542,18.861,3.0246,4.4488,0.3733,0.6638,0.592,0.7474
1877,64.413,1.574,1.089,bbox,21.556,16.599,23.542,18.861,2.9398,4.3926,,0.7009,,0.7515
1878,64.447,1.628,1.089,bbox,21.556,16.599,23.542,18.861,2.8465,4.3228,,0.6964,,0.7477
1879,64.482,1.561,1.561,bbox,21.556,16.695,23.573,18.861,2.7797,4.2062,,0.6883,,0.7562
1880,64.516,1.097,1.561,pose,21.556,16.788,23.643,18.861,2.715,4.0986,0.3469,0.6447,0.5945,0.7595
1881,64.55,1.604,1.574,bbox,21.556,16.855,23.759,18.861,2.6871,4.1658,,0.5936,,0.7638
1882,64.585,1.528,1.561,bbox,21.556,16.901,23.8,18.861,2.733,4.1575,,0.5929,,0.7523
1883,64.619,1.526,1.528,bbox,21.556,16.901,23.8,18.861,2.7571,4.1854,,0.133,,-0.0653
1884,64.653,,,,21.556,16.901,23.8,18.861,,,,,,
1885,64.688,,,,21.556,16.901,23.8,18.861,,,,,,
1886,64.722,,,,21.556,16.901,23.8,18.861,,,,,,
1887,64.756,3.697,1.528,pose,21.556,16.901,23.8,18.861,2.3499,6.9719,0.1079,0.9165,0.64,0.912
1888,64.791,3.645,1.604,pose,21.556,16.947,23.8,18.861,2.3695,6.8439,0.0189,0.8821,0.6977,0.9491
1889,64.825,3.754,3.645,bbox,21.556,17.097,23.8,19.031,2.3862,6.7945,,0.8455,,0.9661
1890,64.859,3.591,3.645,pose,21.556,17.097,23.8,19.031,2.3953,6.7591,0.0081,0.811,0.7479,0.9775
1891,64.894,3.515,3.645,pose,21.556,17.097,23.8,19.031,2.4164,6.7037,0.1222,0.7586,0.7367,0.9718
1892,64.928,3.513,3.591,pose,21.556,17.097,23.835,19.031,2.4417,6.6429,0.0662,0.6946,0.709,0.9801
1893,64.962,3.579,3.579,bbox,21.586,17.097,23.891,19.031,2.4715,6.622,,0.7018,,1.0019
1894,64.997,3.337,3.515,pose,21.586,17.097,23.951,19.031,2.5189,6.6393,0.343,0.6555,0.7342,0.981
1895,65.031,3.459,3.513,pose,21.641,17.097,23.951,19.031,2.534,6.6149,0.0066,0.6522,0.746,1.0023
1896,65.065,3.284,3.459,pose,21.689,17.097,23.951,19.031,2.5636,6.6098,0.3886,0.6242,0.7305,0.9982
1897,65.1,3.267,3.337,pose,21.689,17.097,23.951,19.031,2.5601,6.6118,0.4139,0.6327,0.7204,0.9949
1898,65.134,3.262,3.284,pose,21.73,17.097,23.951,19.031,2.5676,6.6172,0.4077,0.6244,0.7235,0.9946
1899,65.168,3.248,3.267,pose,21.73,17.097,23.951,19.031,2.5792,6.6533,0.4264,0.6272,0.7142,0.9954
1900,65.202,3.275,3.267,pose,21.73,17.097,23.951,19.031,2.5911,6.6741,0.4232,0.6308,0.7079,0.9742
1901,65.237,3.249,3.262,pose,21.73,17.097,23.951,19.031,2.6036,6.6994,0.4271,0.6731,0.7087,0.9917
1902,65.271,3.241,3.249,pose,21.761,17.097,23.951,19.062,2.6197,6.7327,0.412,0.6708,0.7151,0.9795
1903,65.305,3.227,3.248,pose,21.761,17.097,23.951,19.062,2.6198,6.7502,0.4144,0.6703,0.7026,0.9649
1904,65.34,3.547,3.249,bbox,21.761,17.097,23.951,19.12,2.6071,6.7589,,0.6705,,0.9774
1905,65.374,3.546,3.249,bbox,21.761,17.097,23.951,19.12,2.6173,6.7595,,0.7086,,0.9672
1906,65.408,3.512,3.512,bbox,21.761,17.097,23.951,19.12,2.636,6.7499,,0.7662,,0.9728
1907,65.443,3.468,3.512,bbox,21.761,17.097,23.951,19.12,2.6943,6.7309,,0.7858,,0.955
1908,65.477,3.045,3.512,pose,21.806,17.097,23.951,19.12,2.7292,6.7072,0.2961,0.8515,0.6728,0.9441
1909,65.511,3.041,3.468,pose,21.864,17.097,23.951,19.12,2.7546,6.6791,0.2242,0.9225,0.6494,0.9328
1910,65.546,3.356,3.356,bbox,21.899,17.097,23.951,19.12,2.7891,6.6456,,0.9354,,0.9124
1911,65.58,3.352,3.352,bbox,21.899,17.097,24.005,19.12,2.7994,6.6171,,1.0006,,0.9087
1912,65.614,3.334,3.334,bbox,21.959,17.097,24.038,19.12,2.8239,6.6017,,1.0337,,0.8972
1913,65.649,3.279,3.334,bbox,21.959,17.097,24.038,19.12,2.8593,6.5927,,1.0269,,0.8772
1914,65.683,3.273,3.334,bbox,21.994,17.097,24.082,19.12,2.8957,6.5825,,1.0449,,0.8655
1915,65.717,2.984,3.279,pose,22.029,17.097,24.082,19.12,2.9152,6.6041,0.0075,1.044,0.7023,0.8478
1916,65.752,2.874,3.273,pose,22.065,17.097,24.082,19.12,2.942,6.5894,0.1514,1.0275,0.7147,0.8345
1917,65.786,2.779,2.984,pose,22.065,17.097,24.082,19.12,2.9525,6.6074,0.2764,1.0145,0.7183,0.8366
1918,65.82,2.709,2.874,pose,22.112,17.097,24.082,19.12,2.9672,6.5675,0.3272,0.9923,0.714,0.8464
1919,65.854,2.644,2.779,pose,22.112,17.097,24.082,19.12,2.9984,6.5604,0.3761,0.9805,0.7059,0.893
1920,65.889,2.568,2.709,pose,22.112,17.097,24.113,19.12,3.0037,6.5706,0.4393,0.9541,0.7057,0.9092
1921,65.923,2.511,2.644,pose,22.168,17.097,24.113,19.12,3.0162,6.5323,0.4752,0.9374,0.6975,0.9421
1922,65.957,2.48,2.568,pose,22.168,17.097,24.113,19.12,3.0665,6.5028,0.5163,0.9078,0.6891,0.9516
1923,65.992,2.431,2.511,pose,22.168,17.097,24.152,19.12,3.0706,6.4194,0.5468,0.9104,0.6731,0.9578
1924,66.026,2.382,2.48,pose,22.236,17.097,24.152,19.12,3.1164,6.3831,0.588,0.9106,0.671,0.949
1925,66.06,2.344,2.431,pose,22.236,17.097,24.265,19.12,3.1413,6.3751,0.6202,0.914,0.6544,0.9452
1926,66.095,2.299,2.382,pose,22.286,17.097,24.301,19.12,3.1491,6.3746,0.6599,0.9346,0.6673,0.9255
1927,66.129,2.338,2.344,pose,22.286,17.097,24.301,19.12,3.1547,6.3743,0.6631,0.94,0.6577,0.9103
1928,66.163,2.338,2.338,pose,22.319,17.097,24.301,19.12,3.1699,6.3964,0.6585,0.969,0.6478,0.8775
1929,66.198,2.326,2.338,pose,22.319,17.097,24.301,19.12,3.1861,6.3924,0.6786,0.9857,0.6485,0.86
1930,66.232,2.316,2.326,pose,22.319,17.097,24.301,19.12,3.2015,6.3724,0.6828,0.9725,0.646,0.8522
1931,66.266,2.31,2.326,pose,22.356,17.097,24.301,19.12,3.2124,6.3746,0.6855,0.9569,0.6339,0.8563
1932,66.301,2.293,2.316,pose,22.356,17.097,24.301,19.12,3.2299,6.3832,0.696,0.9414,0.6265,0.8768
1933,66.335,2.269,2.31,pose,22.356,17.097,24.301,19.12,3.234,6.3932,0.6918,0.9558,0.6307,0.8989
1934,66.369,2.241,2.293,pose,22.4,17.097,24.301,19.12,3.2406,6.3891,0.7022,0.9585,0.6431,0.9281
1935,66.404,2.229,2.269,pose,22.4,17.097,24.301,19.12,3.2651,6.3805,0.7058,0.9622,0.6365,0.9387
1936,66.438,2.247,2.247,pose,22.4,17.097,24.301,19.12,3.2741,6.3827,0.6918,0.9959,0.6549,0.9317
1937,66.472,2.274,2.247,pose,22.435,17.097,24.301,19.12,3.3095,6.3818,0.679,0.9686,0.6339,0.924
1938,66.507,2.287,2.247,pose,22.435,17.097,24.301,19.12,3.3334,6.4093,0.6911,0.9535,0.66,0.9027
1939,66.541,2.296,2.274,pose,22.479,17.097,24.301,19.12,3.3524,6.4172,0.7003,0.975,0.6566,0.8656
1940,66.575,2.292,2.287,pose,22.479,17.097,24.301,19.12,3.368,6.4269,0.692,0.998,0.6584,0.8397
1941,66.609,2.33,2.292,pose,22.522,17.097,24.301,19.151,3.3788,6.4142,0.6957,0.9762,0.6523,0.8384
1942,66.644,2.329,2.296,pose,22.522,17.097,24.301,19.151,3.3788,6.4184,0.6971,0.9899,0.6616,0.847
1943,66.678,2.319,2.319,pose,22.522,17.097,24.301,19.151,3.3787,6.4294,0.6947,0.987,0.6451,0.8693
1944,66.712,2.323,2.323,pose,22.522,17.097,24.301,19.151,3.3821,6.4635,0.6771,1.0159,0.6559,0.8862
1945,66.747,2.309,2.323,pose,22.522,17.097,24.301,19.151,3.3838,6.463,0.6876,0.9915,0.6498,0.9253
1946,66.781,2.307,2.319,pose,22.522,17.097,24.301,19.2,3.3848,6.4784,0.6898,1.0233,0.6534,0.9342
1947,66.815,2.308,2.309,pose,22.554,17.097,24.301,19.2,3.3863,6.5088,0.6897,1.0306,0.6551,0.9386
1948,66.85,2.373,2.309,pose,22.554,17.097,24.301,19.2,3.3943,6.5271,0.7009,0.965,0.6471,0.8896
1949,66.884,2.414,2.309,pose,22.554,17.097,24.301,19.246,3.4102,6.5495,0.6901,0.941,0.6478,0.8707
1950,66.918,2.422,2.373,pose,22.554,17.097,24.301,19.246,3.4198,6.5767,0.7122,0.9538,0.65,0.8515
1951,66.953,2.429,2.414,pose,22.554,17.097,24.301,19.287,3.4105,6.5651,0.7047,0.9882,0.6478,0.8301
1952,66.987,2.457,2.422,pose,22.554,17.097,24.301,19.287,3.3883,6.5674,0.7116,1.0048,0.6415,0.8145
1953,67.021,2.414,2.422,pose,22.554,17.097,24.301,19.287,3.3773,6.5685,0.7311,1.0254,0.6389,0.7945
1954,67.056,2.43,2.429,pose,22.554,17.097,24.301,19.287,3.3831,6.6114,0.7445,1.0089,0.6258,0.7929
1955,67.09,2.394,2.429,pose,22.554,17.097,24.301,19.287,3.3976,6.5924,0.7958,1.021,0.6354,0.8202
1956,67.124,2.297,2.414,pose,22.554,17.097,24.301,19.33,3.4169,6.6261,0.8517,0.9996,0.6263,0.8317
1957,67.159,2.204,2.394,pose,22.554,17.097,24.301,19.33,3.4523,6.652,0.9174,0.9706,0.6205,0.8595
1958,67.193,2.194,2.297,pose,22.587,17.097,24.301,19.363,3.4752,6.6418,0.9185,0.9412,0.6019,0.8793
1959,67.227,2.161,2.204,pose,22.622,17.097,24.301,19.363,3.5263,6.6151,0.9134,0.9601,0.5865,0.9023
1960,67.261,2.148,2.194,pose,22.622,17.097,24.301,19.363,3.5738,6.5864,0.8901,0.9646,0.5993,0.9019
1961,67.296,2.168,2.168,pose,22.696,17.097,24.301,19.363,3.6093,6.5856,0.8675,0.9675,0.5783,0.896
1962,67.33,2.182,2.168,pose,22.744,17.097,24.333,19.363,3.6392,6.5938,0.8499,0.9533,0.5533,0.882
1963,67.364,2.189,2.168,pose,22.779,17.097,24.333,19.363,3.6412,6.5862,0.8552,0.9756,0.5493,0.8337
1964,67.399,2.183,2.182,pose,22.779,17.097,24.333,19.363,3.6309,6.557,0.8408,0.9569,0.5544,0.8162
1965,67.433,2.204,2.183,pose,22.779,17.097,24.333,19.363,3.6189,6.5692,0.8548,0.9724,0.5676,0.8164
1966,67.467,2.218,2.189,pose,22.779,17.097,24.333,19.363,3.6037,6.559,0.851,0.9769,0.5715,0.822
1967,67.502,2.196,2.196,pose,22.779,17.097,24.365,19.363,3.56,6.5623,0.8672,0.9409,0.5777,0.8312
1968,67.536,2.177,2.196,pose,22.779,17.097,24.365,19.363,3.5306,6.5638,0.8722,0.987,0.5684,0.8617
1969,67.57,2.179,2.196,pose,22.779,17.147,24.365,19.363,3.5071,6.573,0.8936,0.979,0.5678,0.8774
1970,67.605,2.177,2.179,pose,22.779,17.147,24.365,19.363,3.4964,6.5885,0.8854,0.955,0.5792,0.8897
1971,67.639,2.167,2.177,pose,22.779,17.2,24.365,19.363,3.4872,6.6015,0.8975,0.9772,0.571,0.902
1972,67.673,2.173,2.177,pose,22.779,17.2,24.365,19.363,3.4638,6.6119,0.9266,0.9838,0.5597,0.8853
1973,67.708,2.195,2.177,pose,22.779,17.2,24.365,19.402,3.4426,6.6155,0.9299,1.0121,0.5666,0.8823
1974,67.742,2.22,2.177,pose,22.779,17.243,24.365,19.402,3.4265,6.6217,0.9253,1.0032,0.558,0.8607
1975,67.776,2.252,2.195,pose,22.779,17.243,24.365,19.402,3.4191,6.6126,0.9378,0.9848,0.5629,0.8246
1976,67.811,2.3,2.22,pose,22.779,17.28,24.365,19.402,3.3927,6.6031,0.9238,0.9722,0.5806,0.8092
1977,67.845,2.302,2.252,pose,22.779,17.28,24.365,19.402,3.3847,6.5905,0.9302,0.9886,0.5823,0.7858
1978,67.879,2.319,2.3,pose,22.779,17.314,24.365,19.402,3.3788,6.5724,0.9023,0.9676,0.5887,0.7863
1979,67.914,2.336,2.302,pose,22.779,17.314,24.365,19.402,3.3463,6.5821,0.8756,0.9769,0.5836,0.8193
1980,67.948,2.356,2.319,pose,22.779,17.314,24.365,19.402,3.3143,6.5418,0.8068,0.9469,0.6295,0.8227
1981,67.982,2.475,2.336,pose,22.779,17.36,24.365,19.402,3.2688,6.4901,0.646,0.9285,0.5925,0.8563
1982,68.016,2.42,2.356,pose,22.779,17.392,24.424,19.402,3.2647,6.4583,0.6654,0.8704,0.6353,0.8868
1983,68.051,2.509,2.42,pose,22.779,17.438,24.476,19.402,3.2687,6.3648,0.5992,0.7825,0.6255,0.9027
1984,68.085,2.532,2.475,pose,22.779,17.438,24.508,19.402,3.2736,6.2974,0.5857,0.7231,0.603,0.9433
1985,68.119,2.512,2.509,pose,22.779,17.438,24.601,19.402,3.2887,6.2232,0.5824,0.5968,0.609,0.9273
1986,68.154,2.507,2.509,pose,22.779,17.438,24.669,19.402,3.3044,6.1533,0.5721,0.5544,0.6032,0.9252
1987,68.188,2.456,2.509,pose,22.779,17.438,24.743,19.402,3.3056,6.1067,0.5801,0.5322,0.5986,0.8976
1988,68.222,2.439,2.507,pose,22.779,17.438,24.813,19.402,3.2963,6.0605,0.593,0.552,0.5675,0.87
1989,68.257,2.355,2.456,pose,22.779,17.438,24.86,19.402,3.2873,6.0553,0.6249,0.6691,0.5478,0.8978
1990,68.291,2.301,2.439,pose,22.779,17.438,24.906,19.402,3.2589,6.0224,0.6551,0.7068,0.5317,0.8547
1991,68.325,2.201,2.355,pose,22.779,17.438,24.906,19.402,3.2245,5.9587,0.6981,0.8528,0.5066,0.8214
1992,68.36,2.074,2.301,pose,22.779,17.438,24.944,19.402,3.1635,5.9014,0.7649,1.0022,0.5099,0.7685
1993,68.394,1.945,2.201,pose,22.779,17.482,25.008,19.402,3.1191,5.7605,0.8034,1.1323,0.4845,0.7304
1994,68.428,1.859,2.074,pose,22.779,17.543,25.065,19.402,3.065,5.7194,0.8371,1.2117,0.5115,0.7463
1995,68.463,1.762,1.945,pose,22.779,17.588,25.206,19.402,3.021,5.6935,0.8496,1.3239,0.5297,0.6973
1996,68.497,1.692,1.859,pose,22.779,17.642,25.247,19.402,2.9823,5.6514,0.8919,1.3311,0.5528,0.6415
1997,68.531,1.644,1.762,pose,22.779,17.686,25.247,19.402,2.9516,5.5947,0.8412,1.3829,0.5788,0.6676
1998,68.566,2.7,1.762,bbox,22.779,17.724,25.315,19.402,2.8896,5.5449,0.6745,,0.5854,
1999,68.6,1.853,1.762,pose,22.779,17.755,25.372,19.402,2.858,5.4676,0.4624,1.5781,0.4905,0.6235
2000,68.634,1.671,1.692,pose,22.779,17.817,25.421,19.402,2.8412,5.4514,0.5713,1.5407,0.6141,0.6299
2001,68.668,2.651,1.853,bbox,22.779,17.849,25.499,19.402,2.8365,5.4012,,0.0373,,0.3329
2002,68.703,2.6,2.6,bbox,22.779,17.849,25.499,19.402,2.8182,5.2951,,,,
2003,68.737,2.476,2.476,bbox,22.779,17.849,25.565,19.402,2.7801,5.1125,,1.1559,,0.6293
2004,68.771,1.981,2.476,pose,22.779,17.888,25.671,19.402,2.7429,5.0278,0.1619,1.2323,0.5537,0.6609
2005,68.806,1.831,2.476,pose,22.779,17.926,25.821,19.402,2.6825,4.9747,0.0098,1.1625,0.4534,0.6702
2006,68.84,2.448,2.448,bbox,22.779,17.964,25.906,19.402,2.608,4.8911,,1.0946,,0.6928
2007,68.874,2.468,2.448,bbox,22.779,18.024,25.959,19.402,2.4891,4.8266,,1.0509,,0.7099
2008,68.909,2.474,2.448,bbox,22.779,18.099,26.043,19.402,2.3915,4.7736,,0.7527,,0.7664
2009,68.943,2.404,2.448,bbox,22.779,18.217,26.107,19.402,2.3591,4.7046,,0.8227,,0.7686
2010,68.977,1.818,2.448,pose,22.779,18.315,26.16,19.402,2.3022,4.6622,0.9009,0.7465,0.5484,0.8327
2011,69.012,1.842,2.404,pose,22.779,18.348,26.229,19.402,2.2889,4.6284,0.8338,0.6555,0.5673,0.8523
2012,69.046,1.847,1.847,pose,22.779,18.404,26.272,19.402,2.276,4.6078,0.8195,0.6222,0.5595,0.8432
2013,69.08,1.896,1.847,pose,22.779,18.404,26.305,19.402,2.2421,4.5884,0.747,0.5804,0.5714,0.8533
2014,69.115,2.304,1.847,bbox,22.779,18.404,26.305,19.402,2.2272,4.5679,,0.5808,,0.8624
2015,69.149,2.091,1.896,pose,22.779,18.465,26.345,19.402,2.1953,4.5794,0.4879,0.6104,0.5676,0.87
2016,69.183,2.083,2.083,pose,22.779,18.465,26.345,19.402,2.1661,4.569,0.4199,0.6643,0.5223,0.8818
2017,69.218,2.006,2.083,pose,22.779,18.511,26.345,19.402,2.1344,4.5401,0.4575,0.7235,0.5249,0.8945
2018,69.252,2.382,2.091,bbox,22.779,18.511,26.345,19.402,2.0943,4.4721,,0.7849,,0.8651
2019,69.286,1.906,2.083,pose,22.779,18.572,26.394,19.402,2.0383,4.4454,0.6506,0.8456,0.5147,0.841
2020,69.321,1.901,2.006,pose,22.779,18.612,26.462,19.402,1.9922,4.4597,0.6977,0.8539,0.4888,0.8178
2021,69.355,1.955,1.955,pose,22.779,18.668,26.462,19.402,1.9708,4.471,0.7556,0.8459,0.4916,0.7844
2022,69.389,1.986,1.955,pose,22.779,18.714,26.462,19.402,1.9064,4.4963,0.8116,0.8158,0.5184,0.7298
2023,69.423,2.001,1.955,pose,22.779,18.714,26.462,19.402,1.873,4.5064,0.8339,0.8302,0.5423,0.7108
2024,69.458,1.995,1.986,pose,22.779,18.8,26.462,19.402,1.8858,4.5281,0.8099,0.8352,0.5328,0.7191
2025,69.492,2.05,1.995,pose,22.779,18.8,26.462,19.437,1.894,4.541,0.7697,0.8433,0.5336,0.7345
2026,69.526,2.752,2.001,bbox,22.779,18.8,26.462,19.437,1.9637,4.6129,,0.8337,,0.7412
2027,69.561,2.059,2.05,pose,22.779,18.8,26.462,19.471,2.0021,4.6422,0.6777,0.8046,0.5919,0.7729
2028,69.595,2.115,2.059,pose,22.836,18.8,26.462,19.543,2.0077,4.6477,0.616,0.8176,0.5945,0.8159
2029,69.629,2.156,2.115,pose,22.871,18.8,26.462,19.543,1.9985,4.6744,0.4597,0.7836,0.6314,0.8314
2030,69.664,2.592,2.156,bbox,22.871,18.8,26.462,19.578,2.066,4.7272,,0.7827,,0.8504
2031,69.698,2.611,2.156,bbox,22.871,18.8,26.462,19.578,2.0946,4.7468,,0.7766,,0.8557
2032,69.732,2.183,2.183,pose,22.939,18.8,26.462,19.658,2.1092,4.7594,0.4203,0.7681,0.6483,0.8546
2033,69.767,2.605,2.592,bbox,22.939,18.8,26.462,19.658,2.1278,4.7871,,0.7799,,0.8475
2034,69.801,2.189,2.592,pose,22.982,18.8,26.462,19.69,2.1385,4.8278,0.4844,0.7932,0.6167,0.84
2035,69.835,2.164,2.189,pose,22.982,18.8,26.462,19.69,2.1443,4.8404,0.5237,0.8111,0.6216,0.8295
2036,69.87,2.185,2.185,pose,22.982,18.8,26.462,19.747,2.1475,4.8171,0.5462,0.7923,0.6199,0.7976
2037,69.904,2.185,2.185,pose,23.017,18.8,26.462,19.747,2.1448,4.8535,0.5332,0.8104,0.6004,0.7735
2038,69.938,2.206,2.185,pose,23.017,18.8,26.462,19.747,2.1463,4.8574,0.5424,0.7929,0.6004,0.7743
2039,69.973,2.201,2.185,pose,23.017,18.8,26.462,19.784,2.1623,4.8706,0.5408,0.7589,0.5985,0.7809
2040,70.007,2.201,2.201,pose,23.017,18.8,26.462,19.784,2.2036,4.9101,0.5277,0.7724,0.6424,0.7961
2041,70.041,2.688,2.201,bbox,23.017,18.8,26.462,19.784,2.2425,4.9542,,0.781,,0.8007
2042,70.075,2.601,2.206,bbox,23.076,18.8,26.462,19.84,2.2877,4.9786,,0.7616,,0.8353
2043,70.11,2.528,2.528,bbox,23.115,18.8,26.462,19.885,2.3446,4.9875,,0.7532,,0.8536
2044,70.144,2.483,2.528,bbox,23.16,18.8,26.462,19.885,2.4183,4.9993,,0.7463,,0.8635
2045,70.178,2.448,2.528,bbox,23.217,18.8,26.462,19.918,2.4891,5.0445,,0.7338,,0.8636
2046,70.213,2.448,2.483,bbox,23.291,18.8,26.462,19.918,2.5712,5.0674,,0.7626,,0.8454
2047,70.247,1.957,2.448,pose,23.362,18.8,26.462,19.975,2.6417,5.1068,0.5392,0.7452,0.6034,0.8432
2048,70.281,1.94,2.448,pose,23.444,18.8,26.462,19.975,2.7104,5.1406,0.5888,0.748,0.5755,0.8157
2049,70.316,2.426,2.426,bbox,23.514,18.8,26.462,20.037,2.7596,5.1575,,0.7588,,0.8026
2050,70.35,2.434,2.426,bbox,23.583,18.8,26.462,20.071,2.8121,5.2006,,0.7633,,0.7711
2051,70.384,2.446,2.426,bbox,23.632,18.8,26.462,20.071,2.845,5.2445,,0.7765,,0.7793
2052,70.419,2.42,2.426,bbox,23.685,18.8,26.462,20.131,2.9008,5.2908,,0.7539,,0.7797
2053,70.453,2.382,2.426,bbox,23.718,18.8,26.462,20.175,2.9675,5.3435,,0.7842,,0.8226
2054,70.487,1.802,2.42,pose,23.774,18.8,26.462,20.221,3.0049,5.3932,0.6744,0.8378,0.5624,0.8559
2055,70.522,1.821,2.382,pose,23.84,18.8,26.462,20.274,3.047,5.4553,0.659,0.8621,0.5477,0.8669
2056,70.556,1.861,1.861,pose,23.878,18.8,26.462,20.324,3.0809,5.4896,0.6434,0.8435,0.551,0.8584
2057,70.59,1.91,1.861,pose,23.92,18.8,26.462,20.386,3.0921,5.5698,0.6523,0.7989,0.5525,0.8437
2058,70.625,1.94,1.861,pose,23.954,18.8,26.462,20.42,3.0928,5.6639,0.6466,0.8025,0.584,0.8307
2059,70.659,2.027,1.91,pose,23.954,18.8,26.462,20.5,3.0955,5.6779,0.65,0.7693,0.6004,0.8094
2060,70.693,2.059,1.94,pose,23.954,18.8,26.462,20.594,3.0965,5.7225,0.6533,0.7808,0.601,0.7841
2061,70.728,2.083,2.027,pose,23.954,18.8,26.462,20.594,3.0966,5.7645,0.6461,0.8319,0.601,0.7619
2062,70.762,2.108,2.059,pose,23.954,18.8,26.462,20.653,3.0852,5.7901,0.6389,0.8451,0.6039,0.7377
2063,70.796,2.112,2.083,pose,23.954,18.8,26.462,20.695,3.0751,5.7926,0.6703,0.8431,0.5949,0.7067
2064,70.83,2.133,2.108,pose,23.954,18.8,26.462,20.695,3.0658,5.7857,0.6667,0.8264,0.5782,0.7338
2065,70.865,2.142,2.112,pose,23.954,18.8,26.462,20.695,3.0716,5.8,0.6517,0.8045,0.5487,0.7494
2066,70.899,2.102,2.112,pose,23.954,18.8,26.462,20.695,3.0815,5.8017,0.6544,0.8212,0.5527,0.7585
2067,70.933,2.082,2.112,pose,23.954,18.8,26.462,20.727,3.0927,5.7964,0.652,0.8284,0.5326,0.775
2068,70.968,2.065,2.102,pose,23.954,18.8,26.462,20.727,3.0919,5.7936,0.6432,0.8389,0.5388,0.7996
2069,71.002,2.051,2.082,pose,23.954,18.8,26.462,20.727,3.09,5.7682,0.6477,0.8304,0.5377,0.8048
2070,71.036,2.028,2.065,pose,23.954,18.8,26.462,20.727,3.0895,5.7381,0.6511,0.8378,0.546,0.8179
2071,71.071,2.007,2.051,pose,23.954,18.8,26.462,20.727,3.0921,5.7108,0.6567,0.8459,0.5494,0.8085
2072,71.105,2.02,2.028,pose,23.954,18.8,26.52,20.727,3.0995,5.6988,0.6617,0.8154,0.5398,0.807
2073,71.139,2.059,2.028,pose,23.954,18.8,26.52,20.727,3.1053,5.6935,0.643,0.7788,0.549,0.7961
2074,71.174,2.044,2.028,pose,23.954,18.8,26.559,20.727,3.1115,5.6943,0.6415,0.7831,0.5546,0.8153
2075,71.208,2.06,2.044,pose,23.954,18.8,26.559,20.727,3.1133,5.7003,0.6431,0.799,0.5508,0.7958
2076,71.242,2.057,2.057,pose,23.984,18.8,26.559,20.727,3.1173,5.704,0.6568,0.8106,0.555,0.7938
2077,71.277,2.048,2.057,pose,23.984,18.8,26.559,20.727,3.1128,5.7126,0.6391,0.8086,0.5435,0.8239
2078,71.311,2.026,2.048,pose,23.984,18.8,26.559,20.727,3.1076,5.7349,0.6662,0.8267,0.5627,0.8333
2079,71.345,2.02,2.048,pose,23.984,18.8,26.559,20.727,3.106,5.7712,0.6572,0.8394,0.5688,0.8702
2080,71.38,2.004,2.026,pose,23.984,18.8,26.559,20.763,3.1092,5.8099,0.6538,0.8768,0.5908,0.8817
2081,71.414,2.02,2.02,pose,23.984,18.8,26.559,20.799,3.1038,5.8449,0.6556,0.8681,0.5996,0.8765
2082,71.448,2.097,2.02,pose,23.984,18.8,26.559,20.838,3.0763,5.8958,0.6475,0.8724,0.5999,0.8519
2083,71.482,2.17,2.02,pose,23.984,18.8,26.559,20.873,3.0696,5.9258,0.6388,0.8169,0.6051,0.8301
2084,71.517,2.279,2.097,pose,23.984,18.835,26.559,20.924,3.056,5.9418,0.6444,0.8407,0.5954,0.7887
2085,71.551,2.301,2.17,pose,23.984,18.835,26.559,20.954,3.0358,5.937,0.6515,0.843,0.5763,0.7569
2086,71.585,2.326,2.279,pose,23.984,18.835,26.559,20.954,3.0222,5.9445,0.6578,0.8125,0.5574,0.7529
2087,71.62,2.318,2.301,pose,23.984,18.876,26.559,20.954,3.0174,5.9409,0.679,0.8056,0.5523,0.7511
2088,71.654,2.304,2.304,pose,23.984,18.876,26.559,20.954,3.001,5.935,0.6573,0.8192,0.531,0.7731
2089,71.688,2.268,2.304,pose,23.984,18.876,26.559,20.954,2.9939,5.9351,0.6681,0.8518,0.5662,0.7927
2090,71.723,2.251,2.304,pose,23.984,18.908,26.559,20.954,3.0035,5.9212,0.6614,0.8406,0.5553,0.8157
2091,71.757,2.186,2.268,pose,23.984,18.908,26.559,20.954,3.021,5.9094,0.643,0.8455,0.5628,0.8421
2092,71.791,2.176,2.251,pose,23.984,18.908,26.559,20.954,3.0613,5.9144,0.5915,0.8409,0.5691,0.8595
2093,71.826,2.166,2.186,pose,23.984,18.908,26.559,20.954,3.1121,5.9204,0.5578,0.8176,0.5747,0.8699
2094,71.86,2.164,2.176,pose,24.042,18.908,26.559,20.954,3.1593,5.9189,0.5256,0.8111,0.5877,0.8779
2095,71.894,2.136,2.166,pose,24.093,18.908,26.559,20.954,3.1828,5.9005,0.5839,0.8185,0.5777,0.8729
2096,71.929,2.095,2.164,pose,24.14,18.908,26.559,20.954,3.1956,5.8879,0.6681,0.8349,0.589,0.853
2097,71.963,2.109,2.136,pose,24.14,18.908,26.559,20.954,3.202,5.8656,0.677,0.826,0.5605,0.803
2098,71.997,2.113,2.113,pose,24.176,18.908,26.597,20.954,3.2145,5.8746,0.6732,0.8328,0.5436,0.7924
2099,72.032,2.155,2.113,pose,24.176,18.908,26.597,20.954,3.232,5.8833,0.6868,0.8445,0.5193,0.7908
2100,72.066,2.152,2.113,pose,24.176,18.908,26.597,20.954,3.2343,5.9017,0.6922,0.8571,0.5061,0.8026
2101,72.1,2.13,2.13,pose,24.213,18.908,26.597,20.954,3.2398,5.9092,0.6831,0.8811,0.5104,0.8293
2102,72.135,2.138,2.138,pose,24.213,18.908,26.597,20.954,3.2312,5.9246,0.6946,0.8889,0.5366,0.8374
2103,72.169,2.116,2.138,pose,24.213,18.908,26.597,20.954,3.1973,5.9455,0.6763,0.8762,0.5609,0.8662
2104,72.203,2.144,2.138,pose,24.213,18.908,26.597,20.99,3.1645,5.992,0.6903,0.8325,0.5733,0.8821
2105,72.237,2.417,2.138,pose,24.213,18.943,26.597,20.99,3.1456,6.065,0.6905,0.3851,0.5964,0.8964
2106,72.272,2.284,2.144,pose,24.213,18.976,26.597,21.058,3.1231,6.1085,0.6964,0.7443,0.5901,0.9108
2107,72.306,2.393,2.284,pose,24.213,18.976,26.597,21.131,3.0938,6.0981,0.7104,0.6763,0.605,0.8609
2108,72.34,2.456,2.393,pose,24.213,19.017,26.597,21.164,3.086,6.1586,0.7085,0.6483,0.596,0.8284
2109,72.375,2.522,2.417,pose,24.213,19.017,26.597,21.164,3.074,6.1709,0.7132,0.6376,0.5867,0.8191
2110,72.409,2.558,2.456,pose,24.213,19.054,26.597,21.224,3.0662,6.1924,0.6971,0.6646,0.583,0.8216
2111,72.443,2.563,2.522,pose,24.213,19.054,26.597,21.224,3.0626,6.2121,0.705,0.6426,0.5447,0.8176
2112,72.478,2.511,2.522,pose,24.213,19.054,26.597,21.258,3.115,6.2027,0.734,0.6498,0.5529,0.8411
2113,72.512,2.479,2.522,pose,24.213,19.054,26.597,21.258,3.1252,6.1956,0.7409,0.6663,0.5677,0.8554
2114,72.546,2.441,2.511,pose,24.213,19.054,26.597,21.258,3.1369,6.1559,0.747,0.6612,0.5898,0.8691
2115,72.581,2.355,2.479,pose,24.252,19.054,26.597,21.258,3.148,6.117,0.7386,0.6648,0.5858,0.8788
2116,72.615,2.315,2.441,pose,24.252,19.054,26.634,21.258,3.1559,6.0755,0.681,0.641,0.5834,0.9088
2117,72.649,2.25,2.355,pose,24.252,19.054,26.672,21.258,3.1658,6.0399,0.6814,0.6363,0.5878,0.8961
2118,72.684,2.283,2.315,pose,24.283,19.054,26.714,21.258,3.1925,6.0079,0.6294,0.6111,0.5852,0.8574
2119,72.718,2.24,2.283,pose,24.283,19.054,26.75,21.258,3.1898,5.9641,0.6666,0.5893,0.5933,0.8404
2120,72.752,2.192,2.25,pose,24.316,19.054,26.782,21.258,3.1902,5.9279,0.6828,0.6548,0.5681,0.8093
2121,72.787,2.098,2.24,pose,24.316,19.054,26.825,21.258,3.1923,5.8924,0.7079,0.7725,0.5405,0.7716
2122,72.821,1.996,2.192,pose,24.316,19.054,26.862,21.258,3.214,5.8207,0.7018,0.8774,0.5183,0.7194
2123,72.855,1.911,2.098,pose,24.316,19.054,26.897,21.258,3.2266,5.7546,0.6963,0.9937,0.5238,0.7087
2124,72.889,1.835,1.996,pose,24.316,19.054,26.969,21.258,3.2098,5.6756,0.6964,1.064,0.5054,0.6935
2125,72.924,1.757,1.911,pose,24.316,19.054,27.035,21.258,3.1943,5.6198,0.6873,1.1496,0.4879,0.6664
2126,72.958,2.173,1.911,pose,24.316,19.054,27.114,21.258,3.1784,5.578,0.7002,0.3236,0.5001,0.6691
2127,72.992,1.557,1.835,pose,24.316,19.054,27.17,21.258,3.124,5.5509,0.7038,1.293,0.5249,0.6477
2128,73.027,1.492,1.757,pose,24.316,19.054,27.211,21.258,3.1202,5.4994,0.72,1.2701,0.5517,0.6373
2129,73.061,1.534,1.557,pose,24.316,19.12,27.211,21.258,3.0822,5.4451,0.6976,1.3015,0.571,0.6389
2130,73.095,1.588,1.557,pose,24.316,19.12,27.29,21.258,3.0641,5.3671,0.6588,1.2023,0.571,0.6273
2131,73.13,2.419,1.557,bbox,24.316,19.162,27.344,21.258,2.9836,5.2376,,1.0511,,0.6617
2132,73.164,1.907,1.588,pose,24.316,19.162,27.422,21.258,2.9875,5.1562,0.4202,0.9143,0.4532,0.6774
2133,73.198,1.915,1.907,pose,24.316,19.249,27.552,21.258,2.9946,5.0565,0.4331,0.7921,0.4866,0.7063
2134,73.233,2.187,1.915,bbox,24.316,19.249,27.633,21.258,2.9868,5.0071,,0.7332,,0.7103
2135,73.267,1.832,1.915,pose,24.316,19.249,27.733,21.258,2.9627,4.9671,0.1442,0.6305,0.4429,0.7031
2136,73.301,2.217,1.915,bbox,24.316,19.249,27.782,21.258,2.917,4.9661,,0.6291,,0.7163
2137,73.336,2.258,2.187,bbox,24.316,19.281,27.822,21.258,2.8543,4.9503,,0.6571,,0.7151
2138,73.37,2.35,2.217,bbox,24.316,19.327,27.822,21.258,2.7821,4.9444,,0.694,,0.7157
2139,73.404,1.885,2.217,pose,24.316,19.39,27.822,21.258,2.7494,4.9365,0.7008,0.7215,0.537,0.7096
2140,73.439,1.873,2.217,pose,24.316,19.462,27.822,21.258,2.7302,4.9199,0.7343,0.6975,0.5627,0.6987
2141,73.473,1.982,1.982,pose,24.316,19.495,27.853,21.258,2.679,4.895,0.6625,0.7102,0.5084,0.6974
2142,73.507,1.934,1.934,pose,24.316,19.495,27.853,21.258,2.6267,4.8883,0.6885,0.7123,0.5647,0.6858
2143,73.542,2.027,1.934,pose,24.316,19.565,27.894,21.258,2.5804,4.8875,0.6391,0.7032,0.5767,0.7041
2144,73.576,2.391,1.982,pose,24.316,19.617,27.894,21.258,2.5726,4.8859,0.0694,0.6912,0.5228,0.7026
2145,73.61,2.102,2.027,pose,24.316,19.664,27.894,21.258,2.5591,4.901,0.5108,0.6996,0.5893,0.7284
2146,73.644,2.148,2.102,pose,24.316,19.664,27.894,21.258,2.5408,4.9063,0.4334,0.6922,0.5869,0.7342
2147,73.679,2.208,2.148,pose,24.316,19.664,27.894,21.258,2.5294,4.8943,0.4005,0.6724,0.6124,0.7468
2148,73.713,2.233,2.208,pose,24.316,19.703,27.894,21.258,2.4904,4.9023,0.3913,0.6568,0.623,0.7837
2149,73.747,2.527,2.208,bbox,24.316,19.703,27.894,21.258,2.4572,4.8997,,0.6338,,0.8058
2150,73.782,2.532,2.233,bbox,24.316,19.754,27.894,21.258,2.4252,4.8946,,0.6313,,0.8033
2151,73.816,2.537,2.527,bbox,24.316,19.787,27.894,21.258,2.4016,4.8797,,0.5975,,0.8268
2152,73.85,2.565,2.532,bbox,24.316,19.819,27.894,21.258,2.3852,4.8834,,0.5982,,0.8056
2153,73.885,2.188,2.532,pose,24.316,19.819,27.894,21.258,2.381,4.8947,0.5887,0.607,0.5432,0.8211
2154,73.919,2.192,2.532,pose,24.316,19.859,27.894,21.258,2.3846,4.9149,0.5835,0.6365,0.5409,0.7854
2155,73.953,2.115,2.192,pose,24.316,19.859,27.894,21.258,2.4022,4.9451,0.5765,0.7344,0.5438,0.7907
2156,73.988,2.64,2.192,bbox,24.316,19.859,27.894,21.258,2.4027,4.9164,,0.8187,,0.7787
2157,74.022,2.555,2.192,bbox,24.316,19.859,27.894,21.258,2.4425,4.8779,,0.9067,,0.7803
2158,74.056,1.88,2.192,pose,24.316,19.859,27.894,21.258,2.4836,4.8806,0.4966,0.9584,0.5798,0.7406
2159,74.091,2.426,2.426,bbox,24.374,19.859,27.894,21.258,2.5361,4.8774,,1.0065,,0.7264
2160,74.125,1.825,2.426,pose,24.415,19.859,27.894,21.258,2.5763,4.8638,0.338,1.0221,0.607,0.7246
2161,74.159,1.812,1.88,pose,24.467,19.859,27.894,21.258,2.6292,4.8543,0.307,1.0513,0.6044,0.7114
2162,74.194,1.726,1.825,pose,24.508,19.859,27.926,21.258,2.6617,4.8422,0.3385,1.0523,0.5928,0.7065
2163,74.228,1.625,1.812,pose,24.56,19.859,27.926,21.258,2.6786,4.8365,0.4491,1.0552,0.5773,0.696
2164,74.262,2.302,1.812,bbox,24.593,19.859,27.926,21.258,2.719,4.8275,,1.0414,,0.6789
2165,74.296,1.455,1.726,pose,24.593,19.859,27.926,21.258,2.772,4.8008,0.5813,1.0074,0.5509,0.6709
2166,74.331,2.177,1.726,bbox,24.65,19.859,27.962,21.258,2.7849,4.7643,,0.9808,,0.6852
2167,74.365,2.14,2.14,bbox,24.703,19.859,27.962,21.258,2.7755,4.7054,,0.9578,,0.6797
2168,74.399,2.108,2.14,bbox,24.703,19.859,28.025,21.258,2.775,4.6774,,0.9627,,0.7057
2169,74.434,2.09,2.108,bbox,24.703,19.859,28.084,21.258,2.7705,4.6833,,0.9236,,0.7208
2170,74.468,2.105,2.108,bbox,24.703,19.859,28.084,21.258,2.7458,4.6846,,0.9085,,0.7307
2171,74.502,2.139,2.108,bbox,24.703,19.859,28.084,21.258,2.6962,4.6901,,0.8927,,0.7551
2172,74.537,1.432,2.105,pose,24.703,19.859,28.084,21.258,2.6946,4.6828,0.6254,0.8578,0.5533,0.7753
2173,74.571,1.913,2.09,pose,24.703,19.935,28.084,21.258,2.5855,4.6791,0.1804,0.8431,0.5195,0.7796
2174,74.605,2.203,2.105,bbox,24.703,19.935,28.084,21.258,2.5915,4.6878,,0.8599,,0.7786
2175,74.64,1.665,1.913,pose,24.703,20.039,28.084,21.258,2.5758,4.7139,0.4018,0.8678,0.6376,0.7496
2176,74.674,2.275,1.913,bbox,24.703,20.039,28.084,21.258,2.5632,4.7264,,0.8653,,0.72
2177,74.708,1.83,1.913,pose,24.703,20.039,28.084,21.258,2.5622,4.7237,0.3245,0.8772,0.6598,0.7086
2178,74.743,1.859,1.859,pose,24.703,20.039,28.084,21.258,2.5751,4.7287,0.3481,0.8776,0.6483,0.673
2179,74.777,1.847,1.847,pose,24.703,20.039,28.084,21.258,2.5698,4.7051,0.3947,0.911,0.6347,0.6486
2180,74.811,3.034,1.859,pose,24.703,20.039,28.084,21.258,2.5752,4.6864,0.0696,0.0029,0.567,0.613
2181,74.846,2.293,1.859,pose,24.703,20.039,28.084,21.258,2.5664,4.6453,0.5506,0.0273,0.5722,0.3302
2182,74.88,2.466,2.293,bbox,24.703,20.039,28.084,21.258,2.4595,4.6123,,0.739,,0.6252
2183,74.914,1.617,2.293,pose,24.703,20.039,28.144,21.258,2.4391,4.5746,0.6425,1.1716,0.4926,0.5749
2184,74.949,1.519,2.293,pose,24.703,20.171,28.177,21.258,2.46,4.5392,0.6718,1.2089,0.4664,0.5341
2185,74.983,2.82,2.293,pose,24.703,20.171,28.215,21.258,2.4275,4.5073,0.6526,0.0282,0.4713,0.5583
2186,75.017,,,,24.703,20.171,28.215,21.258,,,,,,
2187,75.051,2.281,2.281,bbox,24.703,20.171,28.25,21.258,2.3471,4.3767,0.6739,,0.4905,
2188,75.086,1.256,1.617,pose,24.703,20.203,28.282,21.258,2.3257,4.3559,0.6541,1.2882,0.4992,0.5486
2189,75.12,2.616,2.281,pose,24.703,20.284,28.413,21.258,2.3193,4.3255,0.6169,0.0276,0.5246,0.4963
2190,75.154,1.501,2.281,pose,24.703,20.284,28.413,21.258,2.3049,4.2613,0.5648,1.0401,0.5304,0.5391
2191,75.189,1.724,1.724,pose,24.703,20.284,28.464,21.258,2.2867,4.1402,0.5041,0.7758,0.5678,0.5611
2192,75.223,1.438,1.501,pose,24.703,20.326,28.528,21.258,2.2783,4.0941,0.4815,1.2121,0.5559,0.5804
2193,75.257,1.457,1.501,pose,24.703,20.326,28.649,21.258,2.2717,4.0825,0.4978,1.1563,0.5583,0.5576
2194,75.292,1.444,1.457,pose,24.703,20.326,28.695,21.258,2.3128,4.0025,0.4957,1.0658,0.546,0.5574
2195,75.326,1.435,1.444,pose,24.703,20.326,28.695,21.258,2.3377,3.9172,0.5023,0.9583,0.5299,0.5713
2196,75.36,1.411,1.438,pose,24.703,20.326,28.787,21.258,2.3486,3.8572,0.5101,0.8423,0.5192,0.5564
2197,75.395,1.405,1.435,pose,24.736,20.326,28.787,21.258,2.3427,3.9799,0.5127,0.7686,0.5053,0.5838
2198,75.429,1.374,1.411,pose,24.736,20.326,28.787,21.258,2.3463,4.0048,0.4955,0.7804,0.5016,0.584
2199,75.463,1.862,1.411,bbox,24.736,20.326,28.832,21.258,2.363,3.9579,,0.7746,,0.5865
2200,75.498,1.3,1.405,pose,24.736,20.326,28.832,21.258,2.4001,3.916,0.4825,0.8195,0.4907,0.592
2201,75.532,1.28,1.374,pose,24.736,20.326,28.832,21.258,2.4387,3.9272,0.4922,0.8748,0.4426,0.5873
2202,75.566,2.084,1.374,pose,24.798,20.326,28.832,21.258,2.4832,3.9493,0.5145,0.0232,0.4438,0.3961
2203,75.601,1.586,1.586,bbox,24.837,20.326,28.832,21.258,2.5303,3.9475,,0.9952,,0.5592
2204,75.635,1.777,1.586,pose,24.837,20.326,28.862,21.258,2.4574,3.9133,0.0328,0.2188,0.0777,0.2772
2205,75.669,0.824,1.586,pose,24.837,20.326,28.862,21.258,2.3932,3.8731,0.5896,1.1283,0.4356,0.5544
2206,75.704,1.573,1.586,bbox,24.837,20.326,28.862,21.258,2.4492,3.8777,,1.167,,0.5602
2207,75.738,0.757,1.573,pose,24.837,20.326,28.912,21.258,2.3944,3.8769,0.6143,1.2059,0.506,0.5697
2208,75.772,0.753,0.824,pose,24.837,20.37,28.912,21.258,2.3773,3.8378,0.5905,1.1844,0.5145,0.5763
2209,75.806,0.918,0.824,pose,24.837,20.37,28.912,21.258,2.3229,3.8341,0.4345,1.1795,0.5027,0.5651
2210,75.841,0.88,0.88,pose,24.837,20.37,28.952,21.258,2.3088,3.8012,0.5012,1.1426,0.5261,0.548
2211,75.875,0.938,0.88,pose,24.837,20.442,28.952,21.258,2.3111,3.7541,0.4521,1.1192,0.4992,0.5514
2212,75.909,1.64,0.918,bbox,24.837,20.442,28.988,21.258,2.3123,3.7049,,1.0723,,0.5644
2213,75.944,1.665,0.938,bbox,24.837,20.442,29.035,21.258,2.3005,3.6691,,1.0152,,0.5608
2214,75.978,2.052,1.64,pose,24.837,20.442,29.085,21.258,2.2763,3.6362,0.0111,0.9567,-0.0109,0.5962
2215,76.012,1.593,1.64,bbox,24.837,20.442,29.12,21.258,2.2406,3.6109,,0.919,,0.5975
2216,76.047,1.868,1.665,pose,24.837,20.488,29.153,21.258,2.1619,3.5932,0.0015,0.8714,-0.0295,0.5898
2217,76.081,1.467,1.665,pose,24.837,20.524,29.153,21.258,2.1696,3.5656,0.0158,0.8337,0.3893,0.5994
2218,76.115,1.477,1.593,pose,24.837,20.595,29.196,21.258,2.1535,3.5463,0.0395,0.7806,0.6032,0.6396
2219,76.15,1.572,1.572,pose,24.837,20.595,29.196,21.258,2.1342,3.5366,0.0553,0.73,0.5768,0.6508
2220,76.184,1.699,1.572,pose,24.837,20.595,29.243,21.258,2.0396,3.5257,0.1395,0.6854,0.5911,0.6852
2221,76.218,1.748,1.572,pose,24.837,20.63,29.243,21.258,2.0065,3.5171,0.1374,0.6212,0.5388,0.6996
2222,76.253,1.804,1.699,pose,24.837,20.725,29.243,21.258,1.9651,3.5141,0.2234,0.5815,0.5188,0.7285
2223,76.287,1.802,1.748,pose,24.837,20.758,29.243,21.258,1.912,3.532,0.389,0.5473,0.4894,0.7487
2224,76.321,1.818,1.802,pose,24.837,20.799,29.243,21.258,1.8714,3.5436,0.45,0.5299,0.4785,0.7518
2225,76.356,1.808,1.804,pose,24.837,20.853,29.243,21.258,1.8447,3.576,0.53,0.5289,0.4373,0.738
2226,76.39,1.806,1.806,pose,24.837,20.893,29.243,21.258,1.8153,3.6139,0.5359,0.551,0.4406,0.7081
2227,76.424,1.769,1.806,pose,24.837,20.893,29.243,21.258,1.7467,3.6468,0.5589,0.6094,0.4437,0.6953
2228,76.458,1.742,1.806,pose,24.837,20.949,29.243,21.318,1.6646,3.6062,0.6231,0.6399,0.4326,0.6767
2229,76.493,1.876,1.806,pose,24.837,21.018,29.243,21.318,1.6267,3.5757,0.2741,0.6853,0.4329,0.6718
2230,76.527,1.655,1.769,pose,24.837,21.1,29.243,21.318,1.5998,3.5454,0.592,0.7562,0.4574,0.647
2231,76.561,1.738,1.742,pose,24.837,21.138,29.274,21.318,1.5886,3.5375,0.5332,0.7743,0.3829,0.6284
2232,76.596,1.794,1.742,pose,24.837,21.138,29.304,21.318,1.5802,3.5384,0.4497,0.7934,0.4411,0.619
2233,76.63,2.02,1.794,pose,24.837,21.176,29.304,21.318,1.5751,3.5593,0.2311,0.8023,0.4538,0.6098
2234,76.664,1.89,1.794,pose,24.837,21.176,29.304,21.318,1.5786,3.5521,0.3254,0.801,0.4878,0.6205
2235,76.699,1.719,1.794,pose,24.837,21.176,29.304,21.318,1.6015,3.5464,0.4654,0.7985,0.4559,0.6116
2236,76.733,1.826,1.826,pose,24.837,21.176,29.304,21.318,1.5506,3.5447,0.3504,0.7845,0.5345,0.622
2237,76.767,1.783,1.826,pose,24.837,21.176,29.304,21.318,1.5491,3.5356,0.3742,0.7274,0.5443,0.6324
2238,76.802,1.759,1.783,pose,24.837,21.214,29.304,21.318,1.5388,3.5169,0.4123,0.7056,0.5401,0.6701
2239,76.836,1.727,1.759,pose,24.837,21.214,29.304,21.318,1.5879,3.4926,0.4565,0.603,0.5023,0.7178
2240,76.87,1.768,1.768,pose,24.837,21.214,29.304,21.318,1.6077,3.4624,0.4299,0.5728,0.5028,0.7253
2241,76.905,1.768,1.768,pose,24.874,21.214,29.357,21.318,1.6359,3.4553,0.4359,0.5429,0.4992,0.7485
2242,76.939,1.752,1.759,pose,24.874,21.214,29.387,21.318,1.6365,3.4576,0.4304,0.5524,0.5033,0.7485
2243,76.973,2.122,1.768,bbox,24.922,21.214,29.387,21.318,1.7006,3.4749,,0.5423,,0.7346
2244,77.008,2.119,1.768,bbox,24.922,21.214,29.387,21.318,1.6989,3.4705,,0.5454,,0.7314
2245,77.042,2.107,2.107,bbox,24.985,21.214,29.387,21.318,1.763,3.5273,,0.5281,,0.7198
2246,77.076,1.663,2.107,pose,24.985,21.214,29.387,21.318,1.9224,3.5986,0.402,0.5685,0.5324,0.6888
2247,77.111,1.661,2.107,pose,25.049,21.214,29.387,21.383,1.9383,3.5969,0.4092,0.5717,0.5385,0.69
2248,77.145,1.675,1.675,pose,25.199,21.214,29.387,21.453,1.9461,3.6838,0.4154,0.5458,0.5278,0.6804
2249,77.179,1.669,1.669,pose,25.199,21.214,29.387,21.453,1.9866,3.7182,0.3761,0.5534,0.5229,0.703
2250,77.213,1.643,1.663,pose,25.199,21.214,29.387,21.54,2.0178,3.7482,0.4133,0.5727,0.5184,0.7099
2251,77.248,1.63,1.661,pose,25.264,21.214,29.387,21.574,2.0213,3.7484,0.4339,0.5788,0.5057,0.7085
2252,77.282,2.069,1.669,bbox,25.295,21.214,29.387,21.604,2.0499,3.7864,,0.5624,,0.7211
2253,77.316,2.115,1.669,bbox,25.295,21.214,29.387,21.604,2.1012,3.8747,,0.5653,,0.7331
2254,77.351,1.658,1.658,pose,25.327,21.214,29.387,21.642,2.1144,3.8916,0.4076,0.5532,0.4875,0.7345
2255,77.385,1.697,1.697,pose,25.378,21.214,29.387,21.73,2.1376,3.9062,0.401,0.542,0.4981,0.7186
2256,77.419,1.719,1.719,pose,25.378,21.214,29.387,21.73,2.1784,3.937,0.3881,0.5441,0.4996,0.6897
2257,77.454,1.722,1.719,pose,25.415,21.214,29.387,21.762,2.2184,3.9831,0.3673,0.5601,0.5046,0.6799
2258,77.488,1.727,1.719,pose,25.456,21.214,29.387,21.793,2.2618,4.0087,0.3518,0.5693,0.5102,0.6765
2259,77.522,1.73,1.722,pose,25.496,21.214,29.387,21.839,2.3101,4.0319,0.2874,0.5809,0.5086,0.676
2260,77.557,1.688,1.722,pose,25.539,21.214,29.387,21.839,2.3517,4.0418,0.2809,0.5854,0.4943,0.6788
2261,77.591,1.694,1.722,pose,25.587,21.214,29.387,21.888,2.3858,4.0446,0.2694,0.5722,0.4793,0.685
2262,77.625,1.665,1.694,pose,25.629,21.214,29.387,21.888,2.3907,4.0443,0.2927,0.5732,0.4673,0.684
2263,77.66,1.466,1.688,pose,25.663,21.214,29.387,21.888,2.4354,4.0437,0.4838,0.5657,0.4288,0.7277
2264,77.694,1.38,1.665,pose,25.663,21.214,29.387,21.888,2.4556,4.0434,0.5722,0.5633,0.3775,0.7241
2265,77.728,1.866,1.665,bbox,25.712,21.214,29.387,21.888,2.4994,4.0466,,0.5703,,0.7455
2266,77.763,1.863,1.665,bbox,25.712,21.214,29.387,21.888,2.5196,4.049,,0.5597,,0.7185
2267,77.797,1.846,1.846,bbox,25.777,21.214,29.387,21.888,2.5427,4.0331,,0.5528,,0.7094
2268,77.831,1.848,1.848,bbox,25.777,21.214,29.387,21.888,2.5717,4.0302,,0.5423,,0.693
2269,77.865,1.8,1.848,bbox,25.82,21.214,29.387,21.888,2.6869,4.0247,,0.5711,,0.6902
2270,77.9,,,,25.82,21.214,29.387,21.888,,,,,,
2271,77.934,1.678,1.846,bbox,25.82,21.214,29.387,21.888,2.7639,4.0635,,0.6023,,0.7036
2272,77.968,1.76,1.8,bbox,25.964,21.214,29.387,21.888,2.7554,4.0882,,0.6151,,0.7275
2273,78.003,1.825,1.8,bbox,26.032,21.214,29.387,21.919,2.7552,4.1137,,0.6054,,0.7205
2274,78.037,1.888,1.8,bbox,26.032,21.214,29.387,21.919,2.7622,4.1389,,0.5419,,0.6914
2275,78.071,1.939,1.825,bbox,26.032,21.214,29.387,21.97,2.7644,4.1694,,0.0102,,0.6231
2276,78.106,,,,26.032,21.214,29.387,21.97,,,,,,
2277,78.14,1.973,1.888,bbox,26.032,21.214,29.387,21.97,2.762,4.2047,,0.3396,,0.6024
2278,78.174,1.978,1.939,bbox,26.032,21.214,29.387,22.025,2.7588,4.207,,0.3419,,0.5935
2279,78.209,2.053,1.973,bbox,26.032,21.214,29.387,22.06,2.7441,4.2334,,0.0078,,0.5122
2280,78.243,2.065,1.978,bbox,26.032,21.214,29.387,22.06,2.726,4.2261,,0.0257,,0.419
2281,78.277,2.082,2.053,bbox,26.032,21.214,29.387,22.06,2.702,4.2197,,0.0027,,0.421
2282,78.312,2.091,2.065,bbox,26.032,21.214,29.387,22.06,2.6812,4.2125,,0.0359,,0.2864
2283,78.346,2.079,2.079,bbox,26.032,21.267,29.387,22.06,2.6724,4.1938,,0.0066,,0.1959
2284,78.38,1.53,2.079,pose,26.032,21.267,29.387,22.06,2.6487,4.1771,0.6648,0.0084,0.3833,0.1998
2285,78.415,2.208,2.082,bbox,26.032,21.267,29.387,22.06,2.5589,4.1524,0.4602,,0.332,
2286,78.449,2.142,2.091,bbox,26.032,21.32,29.387,22.06,2.5681,4.1318,,,,
2287,78.483,2.045,2.079,bbox,26.032,21.378,29.439,22.06,2.5915,4.0916,0.546,,0.3752,
2288,78.518,1.87,2.045,bbox,26.032,21.378,29.439,22.06,2.6064,4.0253,,0.9805,,0.5003
2289,78.552,1.853,2.045,bbox,26.032,21.378,29.5,22.06,2.6078,4.0165,,1.0063,,0.5
2290,78.586,,,,26.032,21.378,29.5,22.06,,,,,,
2291,78.62,1.601,1.87,bbox,26.032,21.378,29.566,22.06,2.5746,3.8516,,0.0017,,0.5094
2292,78.655,,,,26.032,21.378,29.566,22.06,,,,,,
2293,78.689,,,,26.032,21.378,29.566,22.06,,,,,,
2294,78.723,1.575,1.853,bbox,26.032,21.378,29.566,22.06,2.5515,3.741,,0.0291,,0.2689
2295,78.758,1.631,1.631,bbox,26.032,21.378,29.725,22.06,2.537,3.689,,0.056,,0.133
2296,78.792,,,,26.032,21.378,29.725,22.06,,,,,,
2297,78.826,1.557,1.601,bbox,26.032,21.418,29.836,22.06,2.5068,3.5812,,0.0081,,0.4197
2298,78.861,1.504,1.575,bbox,26.032,21.418,29.888,22.06,2.465,3.5404,,0.8852,,0.49
2299,78.895,1.727,1.575,bbox,26.032,21.462,29.963,22.06,2.394,3.6135,,0.8655,,0.4805
2300,78.929,1.924,1.631,bbox,26.032,21.504,29.963,22.06,2.2761,3.6115,,0.8653,,0.4933
2301,78.964,1.414,1.557,pose,26.032,21.575,29.963,22.06,2.2738,3.6064,0.0038,0.8577,0.4992,0.436
2302,78.998,1.451,1.504,pose,26.032,21.693,29.963,22.06,2.2177,3.5916,0.0068,0.8029,0.4793,0.4913
2303,79.032,2.106,1.727,bbox,26.032,21.693,29.963,22.06,2.1137,3.5853,,0.8474,,0.4738
2304,79.067,1.51,1.51,pose,26.032,21.752,29.963,22.06,2.0763,3.5785,0.1587,0.8367,0.4273,0.4775
2305,79.101,2.147,1.51,bbox,26.032,21.856,29.963,22.06,2.0817,3.5475,,0.8203,,0.4968
2306,79.135,1.573,1.573,pose,26.032,21.856,29.963,22.06,2.1174,3.5849,0.0277,0.8425,0.3881,0.4913
2307,79.17,2.282,2.106,bbox,26.032,21.887,29.963,22.06,2.0592,3.5927,,0.8385,,0.5144
2308,79.204,2.424,2.147,bbox,26.032,21.887,29.963,22.06,1.9962,3.5966,,0.8517,,0.5064
2309,79.238,2.573,2.282,bbox,26.032,21.887,29.963,22.06,1.9455,3.6175,,0.8482,,0.5017
2310,79.272,2.663,2.424,bbox,26.032,21.973,29.963,22.06,1.9017,3.6226,,0.8741,,0.4946
2311,79.307,1.822,2.424,pose,26.032,22.024,29.963,22.06,1.8624,3.6275,0.247,0.8862,0.3221,0.5029
2312,79.341,2.754,2.573,bbox,26.032,22.068,29.963,22.06,1.8332,3.6218,,,,
2313,79.375,2.756,2.663,bbox,26.032,22.107,29.963,22.06,1.8156,3.6159,,0.8961,,0.492
2314,79.41,2.687,2.687,bbox,26.032,22.107,29.963,22.06,1.8227,3.6187,,0.8827,,0.4977
2315,79.444,2.617,2.687,bbox,26.032,22.107,29.963,22.06,1.8331,3.6148,,0.8903,,0.52
2316,79.478,2.476,2.687,bbox,26.032,22.107,29.963,22.06,1.8602,3.5765,,0.8412,,0.5398
2317,79.513,1.662,2.617,pose,26.032,22.107,29.963,22.06,1.888,3.5697,0.3579,0.8119,0.3831,0.5536
2318,79.547,1.657,2.476,pose,26.032,22.107,30.0,22.06,1.9015,3.5156,0.359,0.7709,0.3886,0.6013
2319,79.581,2.162,2.162,bbox,26.032,22.107,30.0,22.06,1.9237,3.498,,0.6976,,0.6077
2320,79.616,1.616,1.662,pose,26.071,22.107,30.061,22.06,1.9569,3.4446,0.3088,0.6435,0.4001,0.6505
2321,79.65,1.587,1.657,pose,26.071,22.107,30.061,22.06,1.93,3.421,0.3555,0.5758,0.3977,0.6533
2322,79.684,1.552,1.616,pose,26.071,22.107,30.132,22.06,1.9325,3.3834,0.3454,0.5298,0.3989,0.6736
2323,79.719,1.529,1.587,pose,26.102,22.107,30.132,22.06,1.9375,3.3667,0.3628,0.509,0.3909,0.6592
2324,79.753,1.528,1.552,pose,26.102,22.107,30.193,22.06,1.9307,3.3341,0.3533,0.4838,0.3921,0.6829
2325,79.787,1.471,1.529,pose,26.102,22.107,30.193,22.06,1.9199,3.321,0.3608,0.4741,0.4214,0.6928
2326,79.822,1.451,1.528,pose,26.102,22.107,30.243,22.06,1.9143,3.3063,0.3504,0.453,0.4012,0.6938
2327,79.856,1.475,1.475,pose,26.102,22.107,30.243,22.06,1.8972,3.2915,0.3464,0.4274,0.4327,0.6838
2328,79.89,1.475,1.475,pose,26.102,22.107,30.243,22.06,1.892,3.2815,0.3608,0.435,0.4391,0.6669
2329,79.925,1.464,1.471,pose,26.102,22.142,30.285,22.06,1.8897,3.2843,0.3718,0.4595,0.4352,0.667
2330,79.959,1.458,1.464,pose,26.102,22.142,30.285,22.06,1.8911,3.3031,0.3674,0.4828,0.435,0.6776
2331,79.993,1.451,1.464,pose,26.102,22.142,30.285,22.06,1.8903,3.3133,0.3696,0.4916,0.4317,0.7085
2332,80.027,1.448,1.458,pose,26.102,22.142,30.285,22.06,1.8854,3.3299,0.392,0.4829,0.4229,0.7305
2333,80.062,1.487,1.458,pose,26.102,22.142,30.285,22.06,1.892,3.3413,0.3945,0.4757,0.4206,0.7538
2334,80.096,1.494,1.458,pose,26.102,22.142,30.285,22.099,1.8993,3.3719,0.3839,0.476,0.4395,0.7584
2335,80.13,1.551,1.487,pose,26.102,22.142,30.285,22.099,1.9066,3.4064,0.3955,0.4538,0.4226,0.7612
2336,80.165,1.627,1.494,pose,26.102,22.142,30.285,22.141,1.9282,3.4392,0.3466,0.431,0.437,0.7118
2337,80.199,1.779,1.551,pose,26.102,22.142,30.285,22.175,1.9526,3.4847,0.2581,0.3982,0.4351,0.6908
2338,80.233,1.752,1.627,pose,26.133,22.142,30.285,22.208,1.9837,3.5232,0.2996,0.3736,0.441,0.6694
2339,80.268,1.732,1.732,pose,26.133,22.142,30.285,22.254,2.0047,3.5528,0.2977,0.3946,0.4452,0.6694
2340,80.302,1.686,1.732,pose,26.189,22.142,30.285,22.292,2.0545,3.5935,0.2347,0.4199,0.4566,0.668
2341,80.336,1.942,1.752,bbox,26.189,22.142,30.285,22.292,2.1053,3.6373,,0.4013,,0.685
2342,80.371,1.924,1.752,bbox,26.26,22.142,30.285,22.363,2.2068,3.7043,,,,
2343,80.405,1.923,1.923,bbox,26.31,22.142,30.285,22.406,2.2943,3.7924,,0.3999,,0.6794
2344,80.439,1.893,1.923,bbox,26.412,22.142,30.285,22.473,2.3424,3.8293,,0.4448,,0.6936
2345,80.474,1.821,1.923,bbox,26.499,22.142,30.285,22.561,2.3988,3.8466,,0.4248,,0.7262
2346,80.508,1.794,1.893,bbox,26.548,22.142,30.285,22.598,2.4465,3.8605,,0.4316,,0.7186
2347,80.542,1.804,1.821,bbox,26.604,22.142,30.285,22.598,2.5097,3.8968,,0.417,,0.7077
2348,80.577,1.869,1.821,bbox,26.652,22.142,30.285,22.63,2.6158,3.9233,,0.4153,,0.7275
2349,80.611,1.836,1.821,bbox,26.715,22.142,30.285,22.666,2.6817,3.9436,,0.4361,,0.6982
2350,80.645,1.717,1.804,bbox,26.821,22.142,30.285,22.666,2.7616,3.9798,,0.4651,,0.6694
2351,80.679,1.495,1.804,pose,26.887,22.142,30.285,22.713,2.8926,3.9898,0.061,0.4947,-1.0485,0.6529
2352,80.714,1.585,1.717,bbox,26.967,22.142,30.285,22.749,2.9247,4.0044,,0.4763,,0.6618
2353,80.748,1.644,1.644,bbox,27.098,22.142,30.285,22.749,2.9471,4.0297,,0.4723,,0.6707
2354,80.782,,,,27.098,22.142,30.285,22.749,,,,,,
2355,80.817,1.705,1.644,bbox,27.13,22.142,30.285,22.749,3.0154,4.1671,,,,
2356,80.851,,,,27.13,22.142,30.285,22.749,,,,,,
2357,80.885,,,,27.13,22.142,30.285,22.749,,,,,,
2358,80.92,,,,27.13,22.142,30.285,22.749,,,,,,
2359,80.954,,,,27.13,22.142,30.285,22.749,,,,,,
2360,80.988,,,,27.13,22.142,30.285,22.749,,,,,,
2361,81.023,,,,27.13,22.142,30.285,22.749,,,,,,
2362,81.057,,,,27.13,22.142,30.285,22.749,,,,,,
2363,81.091,,,,27.13,22.142,30.285,22.749,,,,,,
2364,81.126,1.692,1.644,pose,27.13,22.142,30.285,22.799,3.0061,4.4966,0.4347,0.4941,0.3464,0.6116
2365,81.16,1.771,1.692,pose,27.188,22.142,30.285,22.936,2.9826,4.4899,0.3767,0.5028,0.3114,0.5747
2366,81.194,1.602,1.692,pose,27.188,22.142,30.285,23.086,2.975,4.4777,0.3924,0.5563,0.3433,0.5629
2367,81.229,1.498,1.692,pose,27.188,22.142,30.285,23.086,2.9699,4.429,0.394,0.6172,0.3597,0.5435
2368,81.263,1.409,1.602,pose,27.188,22.142,30.285,23.086,2.9699,4.3787,0.3627,0.6887,0.3688,0.5514
2369,81.297,1.413,1.498,pose,27.188,22.142,30.334,23.086,2.9788,4.3233,0.191,0.7303,0.3615,0.5515
2370,81.332,2.317,1.498,pose,27.188,22.142,30.384,23.086,3.0265,4.3049,0.012,0.0434,0.3416,0.4828
2371,81.366,1.234,1.413,pose,27.188,22.142,30.44,23.086,3.0733,4.2512,0.1255,0.8174,0.3596,0.5745
2372,81.4,1.262,1.409,pose,27.232,22.142,30.44,23.086,3.0769,4.1987,0.0177,0.7772,0.3882,0.5293
2373,81.434,1.201,1.262,pose,27.278,22.142,30.512,23.086,3.0826,4.1889,0.1939,0.7522,0.3528,0.5341
2374,81.469,1.429,1.262,pose,27.278,22.142,30.564,23.086,3.0606,4.1529,0.0345,0.731,0.3513,0.518
2375,81.503,1.193,1.234,pose,27.278,22.142,30.564,23.086,2.9933,4.1399,0.4256,0.698,0.3616,0.5442
2376,81.537,1.201,1.201,pose,27.278,22.142,30.61,23.086,2.9432,4.1195,0.4387,0.6614,0.365,0.54
2377,81.572,1.334,1.201,pose,27.278,22.222,30.61,23.086,2.931,4.1098,0.3566,0.6247,0.3586,0.5538
2378,81.606,1.189,1.201,pose,27.278,22.272,30.643,23.086,2.9372,4.1105,0.4605,0.617,0.3797,0.5606
2379,81.64,1.252,1.201,pose,27.278,22.272,30.643,23.086,2.9475,4.1154,0.409,0.6029,0.3715,0.5571
2380,81.675,1.294,1.252,pose,27.278,22.272,30.643,23.086,2.9582,4.1023,0.3724,0.5997,0.3648,0.5602
2381,81.709,1.326,1.294,pose,27.278,22.272,30.643,23.086,2.9629,4.1051,0.3114,0.6145,0.3769,0.5568
2382,81.743,1.302,1.294,pose,27.278,22.272,30.643,23.086,2.9647,4.116,0.3001,0.655,0.3651,0.5474
2383,81.778,1.295,1.295,pose,27.278,22.272,30.643,23.086,2.9579,4.1008,0.2796,0.6587,0.3892,0.5412
2384,81.812,1.234,1.295,pose,27.278,22.272,30.643,23.086,2.9566,4.1059,0.2838,0.7045,0.3491,0.5249
2385,81.846,1.196,1.295,pose,27.278,22.272,30.643,23.086,2.9373,4.0955,0.2966,0.74,0.3574,0.5181
2386,81.881,1.16,1.234,pose,27.278,22.272,30.643,23.086,2.9099,4.0846,0.309,0.7648,0.3616,0.5189
2387,81.915,1.105,1.196,pose,27.278,22.272,30.643,23.086,2.8894,4.0597,0.3266,0.7698,0.3646,0.5021
2388,81.949,1.046,1.16,pose,27.278,22.305,30.678,23.086,2.876,3.9923,0.3348,0.8201,0.3576,0.5057
2389,81.984,1.026,1.105,pose,27.278,22.305,30.678,23.086,2.8477,4.0008,0.329,0.8336,0.3519,0.4927
2390,82.018,1.0,1.046,pose,27.278,22.339,30.762,23.086,2.8292,3.9557,0.3236,0.8209,0.344,0.4924
2391,82.052,0.969,1.026,pose,27.278,22.339,30.762,23.086,2.8316,3.949,0.3427,0.8345,0.3671,0.502
2392,82.086,1.083,1.026,pose,27.278,22.339,30.807,23.086,2.8462,3.9526,0.3395,0.7413,0.3654,0.5024
2393,82.121,1.012,1.012,pose,27.278,22.339,30.807,23.086,2.8572,3.9474,0.3699,0.7783,0.349,0.4827
2394,82.155,1.528,1.012,pose,27.278,22.339,30.807,23.086,2.8779,3.9115,0.0544,0.3962,0.334,0.4935
2395,82.189,1.083,1.083,pose,27.278,22.339,30.807,23.086,2.9085,3.9068,0.2054,0.7575,0.33,0.4634
2396,82.224,1.043,1.083,pose,27.278,22.339,30.846,23.086,2.9243,3.9172,0.3302,0.7138,0.364,0.4689
2397,82.258,1.058,1.058,pose,27.311,22.339,30.846,23.086,2.9586,3.9318,0.3303,0.6798,0.3598,0.4852
2398,82.292,1.096,1.083,pose,27.311,22.339,30.846,23.086,2.9767,3.9306,0.3057,0.6792,0.355,0.4843
2399,82.327,1.113,1.083,pose,27.361,22.339,30.846,23.086,2.9982,3.9439,0.2685,0.6698,0.3659,0.5003
2400,82.361,1.375,1.096,bbox,27.361,22.339,30.846,23.086,3.0211,3.9645,,0.6708,,0.5186
2401,82.395,1.077,1.096,pose,27.401,22.339,30.846,23.086,3.0653,3.9927,0.1249,0.6966,0.3695,0.521
2402,82.43,1.261,1.113,bbox,27.401,22.339,30.846,23.133,3.1092,4.0178,,0.6819,,0.5426
2403,82.464,1.356,1.261,bbox,27.468,22.339,30.846,23.133,3.1376,4.0312,,0.0099,,0.5026
2404,82.498,1.328,1.328,bbox,27.512,22.339,30.846,23.187,3.1481,4.0447,,0.6909,,0.4709
2405,82.533,1.249,1.261,bbox,27.512,22.339,30.846,23.187,3.208,4.0605,,0.6822,,0.5416
2406,82.567,1.16,1.261,bbox,27.55,22.339,30.846,23.187,3.2306,4.0641,,0.7342,,0.5443
2407,82.601,1.057,1.249,bbox,27.61,22.339,30.846,23.229,3.2621,4.0758,,0.7258,,0.5544
2408,82.636,1.052,1.16,bbox,27.61,22.339,30.846,23.229,3.2674,4.0808,,0.7327,,0.5422
2409,82.67,0.881,1.057,pose,27.665,22.339,30.846,23.229,3.2631,4.0729,0.1845,0.7515,0.4725,0.492
2410,82.704,0.729,1.052,pose,27.665,22.339,30.846,23.229,3.2436,4.0567,0.381,0.7459,0.4551,0.5171
2411,82.739,0.6,0.881,pose,27.665,22.339,30.846,23.229,3.2314,4.0596,0.491,0.7491,0.4335,0.5292
2412,82.773,0.585,0.729,pose,27.665,22.339,30.846,23.229,3.2391,4.0451,0.4825,0.7577,0.3868,0.5301
2413,82.807,0.648,0.648,pose,27.665,22.339,30.846,23.229,3.2347,4.0581,0.2673,0.7616,0.3749,0.541
2414,82.841,0.576,0.6,pose,27.665,22.339,30.846,23.229,3.257,4.0649,0.4339,0.7429,0.3717,0.5392
2415,82.876,0.591,0.591,pose,27.665,22.339,30.846,23.229,3.2609,4.0664,0.4191,0.743,0.3782,0.5557
2416,82.91,0.664,0.591,pose,27.665,22.339,30.846,23.229,3.3435,4.074,0.0258,0.6697,0.5253,0.5677
2417,82.944,0.714,0.648,pose,27.665,22.339,30.846,23.229,3.465,4.0666,0.0106,0.6327,0.5338,0.5603
2418,82.979,0.841,0.664,pose,27.746,22.339,30.846,23.229,3.4452,4.0682,0.0067,0.5617,0.5101,0.5826
2419,83.013,0.846,0.714,pose,27.848,22.339,30.846,23.229,3.4591,4.0329,0.0201,0.5192,0.5059,0.6012
2420,83.047,0.691,0.714,pose,27.848,22.339,30.846,23.229,3.405,4.0114,0.138,0.4656,0.5216,0.6147
2421,83.082,0.666,0.714,pose,27.848,22.339,30.846,23.229,3.3825,3.9975,0.1148,0.4357,0.5457,0.6326
2422,83.116,0.851,0.841,pose,27.848,22.38,30.89,23.229,3.4046,4.0159,0.1067,0.1797,0.5245,0.6369
2423,83.15,0.738,0.738,bbox,27.848,22.38,30.89,23.229,3.4422,4.016,,0.3876,,0.6386
2424,83.185,0.627,0.691,pose,27.848,22.38,30.89,23.229,3.4414,3.9899,0.0592,0.3548,0.5526,0.6407
2425,83.219,0.617,0.666,bbox,27.884,22.38,30.89,23.229,3.4481,3.9335,,0.2555,,0.6488
2426,83.253,0.569,0.627,bbox,27.884,22.38,30.89,23.229,3.4494,3.9091,,0.1251,,0.6542
2427,83.288,0.741,0.627,pose,27.884,22.38,30.973,23.229,3.5243,3.9102,0.0436,0.1904,0.3326,0.67
2428,83.322,0.48,0.617,bbox,27.884,22.38,30.973,23.229,3.5358,3.9266,,0.0398,,0.6806
2429,83.356,0.41,0.569,bbox,27.965,22.38,30.973,23.229,3.5223,3.8588,,0.0026,,0.6603
2430,83.391,0.48,0.48,bbox,27.965,22.38,30.973,23.229,3.5205,3.9168,,0.0673,,0.6385
2431,83.425,0.54,0.48,bbox,27.965,22.38,30.973,23.229,3.528,3.9664,,0.0154,,0.6368
2432,83.459,0.59,0.48,bbox,27.965,22.38,30.973,23.229,3.532,4.0028,,0.023,,0.6348
2433,83.493,0.615,0.54,bbox,27.965,22.38,30.973,23.262,3.5168,4.0031,,0.0228,,0.6482
2434,83.528,0.615,0.59,bbox,27.965,22.38,30.973,23.299,3.5096,4.0035,,0.0191,,0.6589
2435,83.562,0.604,0.604,bbox,27.965,22.38,30.973,23.299,3.5104,4.0026,,0.059,,0.65
2436,83.596,0.606,0.606,bbox,27.965,22.38,30.973,23.299,3.5345,4.007,,0.1155,,0.6771
2437,83.631,0.616,0.615,bbox,27.965,22.38,30.973,23.299,3.5443,4.0093,,0.1432,,0.6454
2438,83.665,0.604,0.606,bbox,27.965,22.38,30.973,23.299,3.5411,3.9986,,0.1565,,0.6412
2439,83.699,0.58,0.604,bbox,27.965,22.38,30.973,23.299,3.5315,3.9958,,0.1783,,0.6664
2440,83.734,0.604,0.604,bbox,27.965,22.38,30.973,23.299,3.5188,3.9982,,0.1558,,0.6718
2441,83.768,0.599,0.604,bbox,27.965,22.38,30.973,23.299,3.5119,3.9908,,0.1927,,0.6594
2442,83.802,0.594,0.599,bbox,27.965,22.38,30.973,23.299,3.5114,3.9842,,0.1971,,0.6577
2443,83.837,0.59,0.594,bbox,27.965,22.38,30.973,23.299,3.511,3.9846,,0.2063,,0.6651
2444,83.871,0.58,0.594,bbox,27.965,22.38,30.973,23.299,3.5102,3.9819,,0.1422,,0.6482
2445,83.905,0.593,0.593,bbox,27.965,22.38,30.973,23.299,3.4908,3.9663,,0.1443,,0.6684
2446,83.94,0.593,0.593,bbox,27.965,22.38,30.973,23.299,3.4789,3.9511,,0.1477,,0.6745
2447,83.974,0.588,0.59,bbox,27.965,22.411,31.009,23.299,3.4724,3.9464,,0.167,,0.6721
2448,84.008,0.038,0.588,pose,27.965,22.411,31.009,23.299,3.4477,3.9295,0.0088,0.2049,0.028,0.6701
2449,84.043,0.028,0.588,pose,27.965,22.411,31.009,23.299,3.4412,3.9196,0.0045,0.2083,0.0008,0.6681
2450,84.077,0.589,0.588,bbox,27.965,22.454,31.046,23.299,3.4293,3.9157,,0.2489,,0.6825
2451,84.111,0.584,0.584,bbox,27.965,22.454,31.046,23.299,3.4152,3.9038,,0.2373,,0.6948
2452,84.146,0.596,0.584,bbox,27.965,22.454,31.046,23.299,3.403,3.9034,,0.2218,,0.699
2453,84.18,0.321,0.584,pose,27.965,22.487,31.046,23.299,3.3966,3.9058,0.1252,0.2401,0.4471,0.7139
2454,84.214,0.631,0.589,bbox,27.965,22.487,31.046,23.299,3.3915,3.9153,,0.2677,,0.7116
2455,84.248,0.629,0.596,bbox,27.965,22.487,31.046,23.299,3.3964,3.9212,,0.2967,,0.7318
2456,84.283,0.62,0.62,bbox,27.965,22.487,31.046,23.299,3.3917,3.9073,,0.3062,,0.7538
2457,84.317,0.16,0.62,pose,27.965,22.487,31.046,23.299,3.3843,3.9056,0.1724,0.3461,0.6116,0.7486
2458,84.351,0.224,0.62,pose,27.965,22.487,31.046,23.299,3.3693,3.9018,0.1283,0.3588,0.6016,0.7528
2459,84.386,0.478,0.478,pose,27.965,22.517,31.046,23.299,3.3461,3.9078,0.061,0.3817,0.4699,0.7442
2460,84.42,0.613,0.478,pose,27.965,22.517,31.046,23.299,3.3377,3.9097,0.1003,0.3901,0.3356,0.7457
2461,84.454,0.699,0.478,bbox,27.965,22.556,31.046,23.299,3.3261,3.9074,,0.4011,,0.7661
2462,84.489,0.715,0.613,bbox,27.965,22.556,31.046,23.299,3.2656,3.8553,,0.3736,,0.6901
2463,84.523,0.717,0.699,bbox,27.965,22.556,31.046,23.299,3.1757,3.75,,0.359,,0.5246
2464,84.557,0.712,0.712,bbox,27.965,22.636,31.12,23.299,2.973,3.5278,,,,
2465,84.592,0.767,0.715,bbox,27.965,22.726,31.226,23.299,2.7579,3.3483,,,,
2466,84.626,0.849,0.717,bbox,27.965,22.876,31.376,23.299,2.5611,3.2039,,,,
2467,84.66,0.914,0.767,bbox,27.965,23.026,31.526,23.299,2.4049,3.1394,,,,
2468,84.695,0.959,0.849,bbox,27.965,23.176,31.67,23.299,2.28,3.065,,,,
2469,84.729,1.07,0.914,bbox,27.965,23.326,31.735,23.299,2.1316,2.9666,,,,
2470,84.763,1.104,0.959,bbox,27.965,23.451,31.809,23.299,1.9472,2.8136,,,,
2471,84.798,1.149,1.07,bbox,27.965,23.599,31.907,23.299,1.7505,2.6675,,,,
2472,84.832,1.239,1.104,bbox,27.965,23.749,32.057,23.299,1.5295,2.5295,,,,
2473,84.866,1.227,1.149,bbox,27.965,23.899,32.203,23.299,1.356,2.3687,,,,
2474,84.9,1.315,1.227,bbox,27.965,24.049,32.341,23.299,1.1594,2.2718,,,,
2475,84.935,1.181,1.227,bbox,27.965,24.199,32.491,23.299,1.0263,2.142,,,,
2476,84.969,1.24,1.239,bbox,27.965,24.349,32.588,23.299,0.8549,2.045,,,,
2477,85.003,1.355,1.24,bbox,27.965,24.483,32.718,23.299,0.753,1.9898,,,,
2478,85.038,1.382,1.315,bbox,27.965,24.633,32.815,23.299,0.6533,1.9541,,,,
2479,85.072,1.394,1.355,bbox,27.965,24.734,32.87,23.299,0.5508,1.9018,,,,
2480,85.106,1.406,1.382,bbox,27.965,24.834,32.906,23.299,0.4406,1.8233,,,,
2481,85.141,1.426,1.394,bbox,27.965,24.937,32.958,23.299,0.361,1.7651,,0.3799,,0.5161
2482,85.175,1.446,1.406,bbox,27.965,25.047,33.037,23.299,0.3209,1.7279,,0.5543,,0.7643
2483,85.209,1.391,1.406,bbox,27.965,25.126,33.095,23.299,0.302,1.7069,,0.5573,,0.7904
2484,85.244,1.423,1.423,bbox,27.965,25.167,33.132,23.299,0.2735,1.7137,,0.5888,,0.7837
2485,85.278,1.373,1.423,bbox,27.965,25.167,33.132,23.299,0.2581,1.6354,,0.5582,,0.77
2486,85.312,1.373,1.391,bbox,27.965,25.214,33.132,23.299,0.2616,1.6326,,0.5105,,0.7899
2487,85.347,1.419,1.391,bbox,27.965,25.214,33.132,23.299,0.2646,1.7056,,0.457,,0.547
2488,85.381,1.458,1.419,bbox,27.965,25.214,33.132,23.299,0.2736,1.7555,,0.4754,,0.4851
2489,85.415,1.492,1.419,bbox,27.965,25.214,33.132,23.299,0.2821,1.8286,,,,
2490,85.45,1.541,1.458,bbox,27.965,25.214,33.132,23.299,0.281,1.8729,,,,
2491,85.484,,,,27.965,25.214,33.132,23.299,,,,,,
2492,85.518,,,,27.965,25.214,33.132,23.299,,,,,,
2493,85.553,,,,27.965,25.214,33.132,23.299,,,,,,
2494,85.587,3.888,1.492,pose,27.965,25.214,33.132,23.399,2.5724,7.1781,0.0297,0.5212,0.6676,1.0087
2495,85.621,3.82,1.541,pose,27.965,25.214,33.132,23.444,2.588,7.1633,0.0551,0.5399,0.6797,1.0195
2496,85.655,3.81,3.81,pose,28.123,25.214,33.132,23.594,2.5919,7.1391,0.0167,0.5622,0.6662,1.0326
2497,85.69,3.805,3.81,bbox,28.123,25.214,33.132,23.594,2.6064,7.1461,,0.6088,,1.0349
2498,85.724,3.608,3.81,pose,28.123,25.214,33.132,23.594,2.6349,7.1526,0.2027,0.6739,0.7005,1.0275
2499,85.758,3.58,3.805,pose,28.158,25.214,33.132,23.594,2.6543,7.1503,0.0826,0.7619,0.7178,1.0362
2500,85.793,3.32,3.608,pose,28.158,25.214,33.132,23.594,2.7128,7.1483,0.3271,0.8491,0.7014,1.0204
2501,85.827,3.315,3.58,pose,28.205,25.214,33.132,23.594,2.7657,7.1032,0.2587,0.9426,0.7418,0.9955
2502,85.861,3.145,3.32,pose,28.264,25.214,33.132,23.594,2.7687,7.0693,0.4235,1.0159,0.7184,0.9652
2503,85.896,3.098,3.315,pose,28.317,25.214,33.168,23.594,2.7739,7.0244,0.4193,1.0985,0.7146,0.9325
2504,85.93,3.041,3.145,pose,28.317,25.214,33.202,23.594,2.7739,7.0288,0.4348,1.1499,0.7179,0.9138
2505,85.964,3.01,3.098,pose,28.317,25.214,33.242,23.594,2.7814,7.0248,0.4321,1.1941,0.7191,0.8793
2506,85.999,3.025,3.041,pose,28.317,25.214,33.242,23.594,2.7963,7.0297,0.412,1.2057,0.6506,0.8726
2507,86.033,3.691,3.041,bbox,28.317,25.214,33.242,23.594,2.8077,7.0216,,1.2005,,0.8434
2508,86.067,3.625,3.041,bbox,28.347,25.214,33.242,23.594,2.8399,7.0168,,1.1841,,0.8538
2509,86.102,3.59,3.59,bbox,28.347,25.214,33.242,23.594,2.8751,7.0093,,1.1815,,0.8555
2510,86.136,3.546,3.59,bbox,28.391,25.214,33.242,23.594,2.909,6.9999,,1.178,,0.8791
2511,86.17,3.475,3.59,bbox,28.426,25.214,33.242,23.594,2.9538,6.9745,,1.1085,,0.8899
2512,86.205,3.381,3.546,bbox,28.46,25.214,33.242,23.594,3.0045,6.938,,1.0573,,0.91
2513,86.239,3.208,3.475,bbox,28.505,25.214,33.297,23.594,3.0881,6.8487,,1.0447,,0.9404
2514,86.273,3.167,3.381,bbox,28.556,25.214,33.333,23.594,3.0883,6.8325,,0.9834,,0.958
2515,86.307,3.158,3.208,bbox,28.639,25.214,33.42,23.594,3.1157,6.851,,0.9276,,0.979
2516,86.342,3.085,3.167,bbox,28.639,25.214,33.42,23.594,3.1608,6.8,,0.894,,0.9796
2517,86.376,3.124,3.158,bbox,28.639,25.214,33.42,23.594,3.1701,6.7878,,0.9266,,0.9526
2518,86.41,3.101,3.124,bbox,28.712,25.214,33.471,23.594,3.1838,6.7532,,0.9718,,0.9504
2519,86.445,2.802,3.101,pose,28.712,25.214,33.471,23.594,3.2254,6.7417,0.1545,0.9891,0.6462,0.9224
2520,86.479,2.402,3.085,pose,28.712,25.214,33.518,23.594,3.3356,6.7006,0.6347,0.9913,0.6847,0.902
2521,86.513,2.387,2.802,pose,28.776,25.214,33.518,23.594,3.3954,6.6959,0.6786,0.9744,0.6782,0.8848
2522,86.548,2.341,2.402,pose,28.887,25.214,33.571,23.594,3.4378,6.6933,0.7414,0.9746,0.6694,0.8678
2523,86.582,2.297,2.387,pose,28.947,25.214,33.571,23.594,3.4474,6.7014,0.7832,0.9806,0.6639,0.8953
2524,86.616,2.927,2.387,bbox,28.989,25.214,33.571,23.594,3.4581,6.7108,,0.972,,0.911
2525,86.651,2.206,2.341,pose,28.989,25.214,33.571,23.594,3.4829,6.7288,0.8617,0.983,0.6735,0.9341
2526,86.685,2.197,2.297,pose,28.989,25.214,33.571,23.594,3.4973,6.7252,0.8527,0.9853,0.6286,0.9577
2527,86.719,2.143,2.206,pose,29.034,25.214,33.571,23.594,3.5228,6.7696,0.9071,0.9986,0.6039,0.958
2528,86.754,2.121,2.197,pose,29.034,25.214,33.571,23.594,3.5303,6.6857,0.9138,1.0028,0.5706,0.9541
2529,86.788,2.14,2.143,pose,29.074,25.214,33.571,23.594,3.5233,6.6569,0.9351,0.9862,0.5687,0.9419
2530,86.822,2.179,2.143,pose,29.074,25.214,33.571,23.594,3.5242,6.6585,0.923,0.9892,0.5491,0.9249
2531,86.857,2.215,2.143,pose,29.074,25.214,33.609,23.594,3.5432,6.6621,0.9231,0.9938,0.5389,0.8907
2532,86.891,2.257,2.179,pose,29.074,25.214,33.609,23.594,3.5692,6.6805,0.9047,0.9992,0.5659,0.8497
2533,86.925,2.277,2.215,pose,29.074,25.214,33.609,23.594,3.6092,6.6986,0.8879,0.9956,0.5828,0.8558
2534,86.96,2.27,2.257,pose,29.12,25.214,33.609,23.594,3.6181,6.6982,0.8784,0.9999,0.6166,0.8546
2535,86.994,2.262,2.262,pose,29.16,25.214,33.609,23.63,3.6412,6.7789,0.8707,0.9805,0.6381,0.8728
2536,87.028,2.243,2.262,pose,29.16,25.214,33.609,23.63,3.6343,6.7355,0.8619,0.9864,0.6349,0.8993
2537,87.062,2.238,2.262,pose,29.16,25.214,33.609,23.667,3.6276,6.777,0.8857,0.9964,0.6276,0.9127
2538,87.097,2.237,2.243,pose,29.16,25.214,33.609,23.709,3.6384,6.8099,0.8815,1.0232,0.6354,0.9468
2539,87.131,2.271,2.243,pose,29.16,25.214,33.609,23.709,3.6417,6.8432,0.8843,1.0083,0.6295,0.9357
2540,87.165,2.321,2.243,pose,29.16,25.214,33.609,23.742,3.6482,6.8958,0.8908,1.0014,0.6078,0.9221
2541,87.2,2.412,2.271,pose,29.193,25.214,33.609,23.775,3.6597,6.9305,0.8967,1.0838,0.5815,0.8955
2542,87.234,2.452,2.321,pose,29.193,25.214,33.609,23.827,3.6577,6.937,0.9292,1.0509,0.5621,0.8869
2543,87.268,2.487,2.412,pose,29.193,25.214,33.609,23.862,3.6517,6.9487,0.9419,1.0711,0.5453,0.8451
2544,87.303,2.535,2.452,pose,29.193,25.214,33.609,23.862,3.657,6.9678,0.93,1.0655,0.5373,0.8174
2545,87.337,2.549,2.487,pose,29.193,25.214,33.609,23.862,3.6665,6.9906,0.9205,1.0509,0.5366,0.8146
2546,87.371,2.54,2.535,pose,29.193,25.214,33.609,23.899,3.655,7.0031,0.9088,1.0353,0.5488,0.8171
2547,87.406,2.503,2.535,pose,29.193,25.214,33.609,23.899,3.6168,7.0146,0.9128,1.0316,0.566,0.8334
2548,87.44,2.459,2.535,pose,29.193,25.214,33.609,23.935,3.5825,7.0335,0.897,1.0632,0.5849,0.8789
2549,87.474,2.461,2.503,pose,29.193,25.214,33.609,23.935,3.5663,7.0264,0.8932,1.0535,0.5997,0.8715
2550,87.509,2.413,2.461,pose,29.193,25.273,33.609,23.935,3.545,6.9703,0.886,1.0679,0.6219,0.8991
2551,87.543,2.423,2.459,pose,29.193,25.273,33.609,23.935,3.5226,6.9504,0.8909,0.9913,0.6114,0.9208
2552,87.577,2.413,2.423,pose,29.193,25.311,33.642,23.935,3.5182,6.9178,0.8828,1.037,0.6073,0.9103
2553,87.612,2.452,2.423,pose,29.193,25.311,33.642,23.935,3.4899,6.8851,0.8962,1.0295,0.576,0.8934
2554,87.646,2.471,2.423,pose,29.193,25.311,33.694,23.935,3.4571,6.9165,0.9238,1.0118,0.5804,0.8759
2555,87.68,2.512,2.452,pose,29.193,25.366,33.694,23.935,3.4252,6.8412,0.9321,1.0116,0.5583,0.8425
2556,87.714,2.545,2.471,pose,29.193,25.399,33.727,23.935,3.389,6.8504,0.9488,0.9737,0.5451,0.8089
2557,87.749,2.578,2.512,pose,29.193,25.43,33.762,23.935,3.3772,6.8294,0.966,0.9847,0.5333,0.7874
2558,87.783,2.555,2.545,pose,29.193,25.467,33.762,23.935,3.3715,6.8215,0.967,1.0333,0.5446,0.7323
2559,87.817,2.521,2.545,pose,29.193,25.467,33.762,23.935,3.3733,6.8099,0.9583,1.051,0.5561,0.696
2560,87.852,2.428,2.545,pose,29.193,25.467,33.762,23.935,3.376,6.7926,0.9558,1.1102,0.5505,0.6902
2561,87.886,2.287,2.521,pose,29.193,25.467,33.802,23.935,3.3485,6.7229,0.9334,1.2247,0.5907,0.6479
2562,87.92,2.177,2.428,pose,29.193,25.467,33.802,23.935,3.334,6.6403,0.9374,1.3204,0.6147,0.6607
2563,87.955,2.099,2.287,pose,29.193,25.507,33.889,23.935,3.3214,6.5703,0.9194,1.3802,0.6228,0.6567
2564,87.989,1.965,2.177,pose,29.193,25.507,33.972,23.935,3.3247,6.4981,0.906,1.563,0.6226,0.6492
2565,88.023,1.929,2.099,pose,29.193,25.507,34.042,23.935,3.3232,6.4527,0.9006,1.5684,0.6045,0.6208
2566,88.058,1.892,1.965,pose,29.193,25.507,34.114,23.935,3.3162,6.3841,0.9224,1.5369,0.5766,0.6378
2567,88.092,1.851,1.929,pose,29.193,25.507,34.16,23.935,3.3402,6.2311,0.9349,1.5525,0.5563,0.6233
2568,88.126,1.88,1.892,pose,29.193,25.507,34.228,23.935,3.3695,6.1416,0.9368,1.5574,0.5327,0.6484
2569,88.161,1.887,1.887,pose,29.193,25.507,34.378,23.935,3.3655,6.0519,0.956,1.4664,0.5228,0.6579
2570,88.195,1.835,1.88,pose,29.193,25.507,34.468,23.935,3.3228,6.0039,1.008,1.4188,0.5437,0.6683
2571,88.229,1.8,1.851,pose,29.193,25.507,34.557,23.935,3.2746,5.9772,0.9828,1.3897,0.5694,0.6621
2572,88.264,1.902,1.88,pose,29.193,25.507,34.605,23.935,3.2577,5.9351,0.9271,1.2741,0.5766,0.6908
2573,88.298,1.894,1.887,pose,29.193,25.581,34.605,23.935,3.2173,5.846,0.8667,1.385,0.5948,0.6688
2574,88.332,2.041,1.894,pose,29.193,25.581,34.674,23.935,3.184,5.8364,0.7686,1.2258,0.602,0.7132
2575,88.367,2.337,1.902,pose,29.193,25.638,34.674,23.935,3.158,5.9928,0.7329,0.65,0.6165,0.7304
2576,88.401,2.146,2.041,pose,29.193,25.672,34.763,23.935,3.1356,5.7364,0.6586,1.1703,0.5685,0.7763
2577,88.435,2.144,2.144,pose,29.193,25.672,34.763,23.935,3.1339,5.696,0.6585,1.1605,0.5718,0.7785
2578,88.469,2.293,2.146,pose,29.193,25.719,34.873,23.935,3.1364,5.6407,0.633,1.0487,0.5482,0.7983
2579,88.504,2.238,2.238,pose,29.193,25.719,34.873,23.935,3.1466,5.8212,0.6659,1.0334,0.508,0.8081
2580,88.538,2.215,2.215,pose,29.193,25.719,34.873,23.935,3.1685,5.7867,0.6733,1.0373,0.4801,0.8183
2581,88.572,2.181,2.215,pose,29.193,25.719,34.903,23.935,3.1863,5.7059,0.6362,1.0464,0.4592,0.8237
2582,88.607,2.48,2.238,bbox,29.225,25.719,34.903,23.935,3.2125,5.6546,,1.0315,,0.7869
2583,88.641,2.169,2.215,pose,29.225,25.719,34.903,23.935,3.2527,5.6451,0.5478,1.0803,0.4575,0.7637
2584,88.675,2.161,2.181,pose,29.269,25.719,34.903,23.935,3.315,5.7378,0.4873,1.0862,0.5145,0.7633
2585,88.71,2.345,2.181,bbox,29.309,25.719,34.903,23.935,3.3978,5.7114,,1.078,,0.7624
2586,88.744,2.263,2.263,bbox,29.371,25.719,34.903,23.935,3.5567,5.7534,,1.1057,,0.7412
2587,88.778,2.697,2.263,pose,29.454,25.719,34.903,23.967,3.6596,5.803,0.0267,0.3847,0.3443,0.7211
2588,88.813,2.173,2.263,bbox,29.604,25.719,34.903,23.967,3.7424,5.8935,,1.0131,,0.7452
2589,88.847,2.178,2.263,bbox,29.707,25.719,34.903,24.032,3.7891,5.9679,,0.5683,,0.7836
2590,88.881,2.391,2.263,bbox,29.737,25.719,34.903,24.122,3.6898,6.0967,,1.327,,0.7348
2591,88.916,2.258,2.258,bbox,29.79,25.719,34.903,24.197,3.947,6.2107,,1.3642,,0.7796
2592,88.95,2.237,2.237,bbox,29.837,25.719,34.903,24.326,4.0649,6.3006,,,,
2593,88.984,2.328,2.258,bbox,29.987,25.719,34.903,24.44,4.1366,6.4416,0.7723,,0.5768,
2594,89.019,2.193,2.258,bbox,30.104,25.719,34.903,24.53,4.2807,6.5124,,1.2248,,0.6516
2595,89.053,1.854,2.237,pose,30.176,25.719,34.903,24.67,4.4037,6.5506,0.0125,1.1259,0.6762,0.6565
2596,89.087,2.075,2.193,bbox,30.32,25.719,34.903,24.741,4.4971,6.5555,,,,
2597,89.121,2.023,2.075,bbox,30.443,25.719,34.903,24.78,4.6,6.5858,,1.1003,,0.6435
2598,89.156,1.957,2.023,bbox,30.537,25.719,34.903,24.78,4.6784,6.5925,,1.1276,,0.5937
2599,89.19,1.801,1.957,bbox,30.64,25.719,34.903,24.815,4.8514,6.6078,,0.6655,,0.6032
2600,89.224,1.733,1.957,bbox,30.718,25.719,34.903,24.815,4.8995,6.597,,1.1321,,0.5494
2601,89.259,1.646,1.801,bbox,30.868,25.719,34.903,24.815,5.0076,6.6226,,1.1508,,0.5502
2602,89.293,1.581,1.733,bbox,30.916,25.719,34.903,24.815,5.0553,6.6284,,,,
2603,89.327,0.615,1.646,pose,31.024,25.719,34.903,24.852,5.1381,6.6968,1.2011,1.1571,0.5833,0.587
2604,89.362,1.989,1.646,pose,31.072,25.719,34.903,24.852,5.2114,6.7778,0.135,1.2215,0.2966,0.6243
2605,89.396,0.534,1.581,pose,31.155,25.719,34.903,24.926,5.3256,6.8464,0.0794,1.1505,0.3436,0.6635
2606,89.43,0.471,0.615,pose,31.228,25.719,34.903,25.007,5.5592,6.8926,0.4619,1.1318,0.5805,0.7367
2607,89.465,0.506,0.534,pose,31.342,25.719,34.903,25.075,5.5851,6.9762,0.8649,1.0459,0.6552,0.7866
2608,89.499,0.54,0.534,pose,31.492,25.719,34.903,25.122,5.596,7.0652,0.8037,1.0312,0.6965,0.8303
2609,89.533,0.605,0.534,pose,31.492,25.719,34.903,25.205,5.5812,7.1089,0.7834,0.9151,0.6862,0.8676
2610,89.568,0.697,0.54,pose,31.492,25.719,34.903,25.294,5.5941,7.19,0.7198,0.7942,0.7025,0.8889
2611,89.602,0.803,0.605,pose,31.492,25.719,34.903,25.338,5.5871,7.2881,0.6921,0.6466,0.7589,0.8895
2612,89.636,0.883,0.697,pose,31.492,25.719,34.903,25.419,5.5402,7.35,0.639,0.5294,0.7748,0.9192
2613,89.671,0.976,0.803,pose,31.492,25.719,34.903,25.517,5.5065,7.3779,0.6237,0.4251,0.8039,0.9389
2614,89.705,1.029,0.883,pose,31.492,25.719,34.903,25.579,5.5101,7.4345,0.6115,0.3372,0.8135,0.9335
2615,89.739,1.151,0.976,pose,31.492,25.764,34.903,25.579,5.5144,7.4923,0.5774,0.2098,0.8305,0.9475
2616,89.774,1.218,1.029,pose,31.492,25.764,34.903,25.663,5.5081,7.4891,0.5252,0.1752,0.8323,0.9427
2617,89.808,1.289,1.151,pose,31.492,25.764,34.903,25.718,5.4884,7.5082,0.4821,0.1355,0.8577,0.947
2618,89.842,1.323,1.218,pose,31.492,25.764,34.903,25.718,5.4765,7.5068,0.4346,0.0646,0.8481,0.9488
2619,89.876,1.371,1.289,pose,31.492,25.764,34.903,25.718,5.4849,7.519,0.4114,0.0097,0.8566,0.9101
2620,89.911,1.39,1.323,pose,31.492,25.764,34.903,25.718,5.4879,7.5252,0.4152,0.0055,0.8602,0.9106
2621,89.945,1.378,1.371,pose,31.492,25.764,34.903,25.718,5.5028,7.5367,0.4507,0.0205,0.8552,0.9068
2622,89.979,1.384,1.378,pose,31.492,25.764,34.903,25.754,5.5042,7.5476,0.4513,0.0416,0.8644,0.9505
2623,90.014,1.388,1.384,pose,31.492,25.764,34.903,25.754,5.4987,7.5516,0.4212,0.0767,0.8482,0.9692
2624,90.048,1.465,1.388,pose,31.492,25.764,34.903,25.754,5.4858,7.5661,0.3785,0.0277,0.8592,0.9701
2625,90.082,1.548,1.388,pose,31.492,25.764,34.903,25.754,5.47,7.592,0.3193,0.0072,0.8789,0.9586
2626,90.117,1.636,1.465,pose,31.492,25.764,34.903,25.795,5.4772,7.6489,0.1533,0.0491,0.868,0.9462
2627,90.151,1.704,1.548,pose,31.492,25.801,34.903,25.795,5.4613,7.6959,0.0101,0.0538,0.7489,0.9934
2628,90.185,1.722,1.636,pose,31.492,25.801,34.903,25.878,5.4373,7.7321,0.0193,0.0452,0.3562,0.9972
2629,90.22,1.81,1.704,pose,31.492,25.801,34.903,25.925,5.3839,7.7563,0.002,0.0531,0.4024,1.0193
2630,90.254,,,,31.492,25.801,34.903,25.925,,,,,,
2631,90.288,,,,31.492,25.801,34.903,25.925,,,,,,
2632,90.323,,,,31.492,25.801,34.903,25.925,,,,,,
2633,90.357,5.02,1.722,bbox,31.492,25.841,34.903,25.925,1.8239,7.6142,,0.6513,,1.0165
2634,90.391,4.849,1.81,pose,31.492,25.895,34.903,25.925,1.8203,7.5709,0.0363,0.6123,0.7516,1.0222
2635,90.426,4.951,4.849,bbox,31.492,26.045,34.985,25.925,1.8202,7.5475,,0.573,,1.0468
2636,90.46,4.802,4.849,pose,31.492,26.045,35.028,25.925,1.8273,7.5246,0.0196,0.3909,0.7584,1.0194
2637,90.494,4.795,4.849,pose,31.492,26.045,35.028,25.925,1.8291,7.5058,0.0058,0.4276,0.7453,1.0191
2638,90.528,4.801,4.802,bbox,31.492,26.045,35.075,25.925,1.8397,7.487,,0.3323,,1.0637
2639,90.563,4.764,4.801,bbox,31.492,26.045,35.075,25.925,1.8495,7.4955,,0.3722,,1.026
2640,90.597,4.723,4.795,pose,31.492,26.045,35.075,25.925,1.8606,7.526,0.0473,0.2067,0.7111,1.0278
2641,90.631,4.633,4.764,pose,31.492,26.045,35.075,25.925,1.87,7.5419,0.1257,0.4137,0.7559,1.0811
2642,90.666,4.797,4.764,pose,31.527,26.045,35.075,25.925,1.8588,7.5487,0.0182,0.1383,0.7382,1.0675
2643,90.7,4.642,4.723,pose,31.527,26.045,35.075,25.925,1.8518,7.5528,0.1164,0.4284,0.7401,1.1183
2644,90.734,4.634,4.642,pose,31.527,26.045,35.075,25.925,1.8546,7.5601,0.0716,0.4567,0.7313,1.0947
2645,90.769,4.612,4.634,pose,31.527,26.045,35.075,25.925,1.8656,7.5745,0.1042,0.3826,0.7431,1.0777
2646,90.803,4.704,4.642,bbox,31.527,26.045,35.075,25.96,1.8662,7.5754,,0.2835,,1.0493
2647,90.837,4.625,4.634,pose,31.527,26.045,35.075,25.96,1.8696,7.574,0.1621,0.1932,0.7196,1.0535
2648,90.872,4.722,4.634,pose,31.527,26.045,35.075,25.96,1.8716,7.5765,0.0638,0.2057,0.7105,1.0437
2649,90.906,4.798,4.704,pose,31.527,26.045,35.075,25.96,1.8833,7.5803,0.0559,0.1119,0.7321,0.9342
2650,90.94,4.658,4.704,pose,31.527,26.045,35.075,25.96,1.8886,7.5858,0.1734,0.1085,0.7158,0.989
2651,90.975,4.622,4.658,pose,31.527,26.045,35.075,25.96,1.9037,7.5986,0.1355,0.11,0.7254,0.9163
2652,91.009,4.678,4.678,pose,31.527,26.045,35.075,25.96,1.9248,7.6142,0.0354,0.0621,0.7393,1.0163
2653,91.043,4.55,4.658,pose,31.572,26.045,35.075,25.999,1.9423,7.6208,0.1865,0.2984,0.7291,0.987
2654,91.078,4.416,4.622,pose,31.572,26.045,35.075,25.999,1.9383,7.6088,0.3336,0.2428,0.747,0.9839
2655,91.112,4.45,4.55,pose,31.604,26.045,35.075,25.999,1.936,7.5986,0.3241,0.005,0.7262,0.9371
2656,91.146,4.189,4.45,pose,31.604,26.045,35.075,25.999,1.9467,7.6112,0.3412,0.5595,0.7466,1.0657
2657,91.181,4.32,4.416,pose,31.604,26.045,35.075,25.999,1.9518,7.5998,0.3403,0.1399,0.7419,0.9922
2658,91.215,4.269,4.32,pose,31.604,26.045,35.075,25.999,1.9618,7.5902,0.3524,0.0396,0.7212,0.8704
2659,91.249,4.293,4.293,pose,31.604,26.045,35.075,25.999,1.9526,7.5908,0.3478,0.1221,0.7262,0.907
2660,91.283,4.267,4.269,pose,31.604,26.045,35.075,25.999,1.9585,7.5849,0.3457,0.1969,0.7315,0.901
2661,91.318,4.117,4.269,pose,31.604,26.045,35.075,25.999,1.9638,7.616,0.346,0.6016,0.7608,1.0035
2662,91.352,4.115,4.267,pose,31.604,26.045,35.075,25.999,1.9545,7.615,0.3449,0.603,0.7646,1.0852
2663,91.386,4.122,4.122,pose,31.604,26.045,35.075,25.999,1.9629,7.5956,0.3,0.6133,0.7443,1.0174
2664,91.421,4.146,4.122,pose,31.604,26.045,35.075,25.999,1.9749,7.5955,0.3137,0.5799,0.7398,1.0625
2665,91.455,4.162,4.122,pose,31.604,26.045,35.075,25.999,2.0016,7.5895,0.2911,0.5607,0.7317,1.0523
2666,91.489,4.164,4.146,pose,31.643,26.045,35.075,25.999,2.0133,7.579,0.258,0.5606,0.717,1.0449
2667,91.524,4.168,4.162,pose,31.643,26.045,35.075,25.999,2.0231,7.5769,0.2412,0.5607,0.7334,1.0262
2668,91.558,4.195,4.164,pose,31.682,26.045,35.075,25.999,2.02,7.5466,0.2143,0.5459,0.7376,1.0104
2669,91.592,4.202,4.168,pose,31.682,26.045,35.075,25.999,2.0236,7.5138,0.139,0.5631,0.746,1.0194
2670,91.627,4.204,4.195,pose,31.682,26.045,35.127,25.999,2.0402,7.4928,0.1163,0.5448,0.7064,0.9866
2671,91.661,4.323,4.202,bbox,31.682,26.045,35.159,25.999,2.0549,7.4839,,0.5445,,0.9594
2672,91.695,4.301,4.204,bbox,31.682,26.045,35.159,25.999,2.0932,7.4949,,0.518,,0.9598
2673,91.73,4.09,4.204,pose,31.723,26.045,35.159,25.999,2.1237,7.4944,0.0123,0.5588,0.719,0.9755
2674,91.764,4.009,4.204,pose,31.761,26.045,35.159,25.999,2.1367,7.5103,0.0273,0.6436,0.7099,0.9699
2675,91.798,4.235,4.235,bbox,31.792,26.045,35.159,25.999,2.1571,7.4823,,0.5709,,1.0
2676,91.833,4.269,4.235,bbox,31.792,26.045,35.159,25.999,2.1536,7.4535,,0.6063,,0.977
2677,91.867,4.199,4.199,bbox,31.792,26.045,35.191,25.999,2.1549,7.3975,,0.7125,,0.9725
2678,91.901,4.153,4.199,bbox,31.823,26.045,35.191,25.999,2.1645,7.3036,,0.8194,,0.9906
2679,91.935,3.647,4.199,pose,31.823,26.045,35.276,25.999,2.1765,7.2709,0.2988,0.9311,0.7721,1.0017
2680,91.97,3.696,4.153,pose,31.823,26.045,35.37,25.999,2.2005,7.2223,0.0885,1.0238,0.7484,0.9858
2681,92.004,4.052,4.052,bbox,31.823,26.045,35.402,25.999,2.2289,7.1304,,1.072,,0.9639
2682,92.038,3.956,3.956,bbox,31.869,26.045,35.451,25.999,2.366,7.1051,,1.1441,,0.9516
2683,92.073,3.893,3.893,bbox,31.869,26.045,35.529,25.999,2.4542,7.1446,,1.181,,0.9629
2684,92.107,3.892,3.893,bbox,32.034,26.045,35.529,25.999,2.5303,7.2103,,1.2069,,0.9356
2685,92.141,3.395,3.893,pose,32.122,26.045,35.529,25.999,2.568,7.2543,0.4311,1.2409,0.7566,0.9896
2686,92.176,3.301,3.892,pose,32.199,26.045,35.529,26.065,2.5817,7.2648,0.5453,1.2103,0.7188,0.9612
2687,92.21,3.267,3.395,pose,32.236,26.045,35.529,26.065,2.576,7.2296,0.5422,1.1954,0.7301,0.9226
2688,92.244,3.275,3.301,pose,32.236,26.045,35.529,26.065,2.5658,7.2086,0.5356,1.1902,0.7313,0.9027
2689,92.279,3.277,3.277,pose,32.236,26.045,35.529,26.065,2.5744,7.1952,0.4891,1.1502,0.6979,0.9146
2690,92.313,3.274,3.275,pose,32.236,26.045,35.529,26.065,2.6244,7.1685,0.4508,1.1037,0.7003,0.9236
2691,92.347,3.759,3.275,bbox,32.236,26.045,35.529,26.065,2.6557,7.1074,,1.0541,,0.9335
2692,92.382,3.702,3.277,bbox,32.293,26.045,35.571,26.065,2.687,7.0542,,1.0003,,0.9493
2693,92.416,3.584,3.584,bbox,32.324,26.045,35.632,26.065,2.7258,6.9804,,0.9346,,0.9592
2694,92.45,3.484,3.584,bbox,32.355,26.045,35.685,26.065,2.7679,6.9076,,0.8661,,0.9942
2695,92.485,3.376,3.584,bbox,32.394,26.045,35.759,26.065,2.8127,6.8428,,0.8702,,0.9931
2696,92.519,3.329,3.484,bbox,32.436,26.045,35.831,26.065,2.8392,6.7998,,0.8433,,0.9998
2697,92.553,3.3,3.376,bbox,32.481,26.045,35.896,26.065,2.8546,6.773,,0.7969,,0.9969
2698,92.588,3.268,3.329,bbox,32.481,26.045,35.939,26.065,2.8968,6.774,,0.7952,,1.0489
2699,92.622,3.256,3.3,bbox,32.523,26.045,35.939,26.065,2.93,6.7674,,0.8058,,1.0454
2700,92.656,2.973,3.268,pose,32.565,26.045,35.939,26.065,2.9549,6.7607,0.2977,0.8765,0.7364,1.0252
2701,92.69,3.294,3.268,bbox,32.598,26.045,35.972,26.065,2.9569,6.756,,0.9454,,0.994
2702,92.725,2.846,3.256,pose,32.598,26.045,35.972,26.065,2.9789,6.7733,0.3174,0.986,0.6245,0.9626
2703,92.759,2.729,2.973,pose,32.598,26.045,35.972,26.065,3.0369,6.7738,0.5528,0.952,0.6641,0.9351
2704,92.793,2.621,2.846,pose,32.647,26.045,35.972,26.065,3.1454,6.793,0.6618,0.9664,0.7002,0.9424
2705,92.828,2.588,2.729,pose,32.705,26.045,35.972,26.065,3.1735,6.8011,0.7004,0.9628,0.6812,0.9451
2706,92.862,2.529,2.621,pose,32.814,26.045,35.972,26.065,3.205,6.8191,0.7417,0.9596,0.6533,0.9461
2707,92.896,2.458,2.588,pose,32.814,26.045,35.972,26.098,3.2323,6.8286,0.819,0.9793,0.6614,0.9593
2708,92.931,2.43,2.529,pose,32.873,26.045,35.972,26.098,3.2563,6.8327,0.8333,0.9619,0.6382,1.0153
2709,92.965,2.393,2.458,pose,32.873,26.045,35.972,26.098,3.2735,6.829,0.8638,0.9471,0.6255,1.0126
2710,92.999,2.376,2.43,pose,32.925,26.045,35.972,26.098,3.2733,6.816,0.8777,0.9456,0.6468,0.9991
2711,93.034,2.328,2.393,pose,32.925,26.045,35.972,26.098,3.3248,6.7966,0.9099,0.9203,0.654,1.0225
2712,93.068,2.355,2.376,pose,32.925,26.045,35.972,26.098,3.3451,6.7815,0.9216,0.9226,0.6067,0.9871
2713,93.102,2.367,2.367,pose,32.993,26.045,35.972,26.098,3.3607,6.7817,0.9215,0.9385,0.5594,0.9816
2714,93.137,2.391,2.367,pose,32.993,26.045,35.972,26.098,3.4021,6.7693,0.8832,0.9626,0.5146,0.9338
2715,93.171,2.399,2.367,pose,33.029,26.045,35.972,26.098,3.4224,6.7646,0.8918,0.9528,0.587,0.9086
2716,93.205,2.39,2.39,pose,33.07,26.045,35.972,26.098,3.451,6.7761,0.8707,0.9674,0.5906,0.8925
2717,93.24,2.4,2.391,pose,33.07,26.045,35.972,26.098,3.4814,6.7983,0.8435,0.9673,0.6226,0.9145
2718,93.274,2.379,2.391,pose,33.119,26.045,35.972,26.098,3.4876,6.8402,0.8455,0.98,0.6458,0.9289
2719,93.308,2.385,2.39,pose,33.15,26.045,35.972,26.098,3.4988,6.8424,0.8227,0.9895,0.6537,0.9369
2720,93.342,2.398,2.39,pose,33.15,26.045,35.972,26.137,3.4957,6.8505,0.8063,0.9956,0.6708,0.9916
2721,93.377,2.382,2.385,pose,33.15,26.045,35.972,26.137,3.5032,6.8707,0.79,0.9587,0.6943,1.013
2722,93.411,2.395,2.385,pose,33.15,26.045,35.972,26.137,3.4931,6.9041,0.7773,0.9795,0.7028,1.0179
2723,93.445,2.419,2.395,pose,33.15,26.045,35.972,26.168,3.483,6.9367,0.7854,0.9712,0.6761,1.0014
2724,93.48,2.446,2.398,pose,33.15,26.045,35.972,26.201,3.4603,6.9337,0.803,0.9608,0.676,0.9628
2725,93.514,2.503,2.419,pose,33.15,26.045,35.972,26.201,3.4338,6.9387,0.8116,0.9711,0.6601,0.9339
2726,93.548,2.525,2.446,pose,33.15,26.045,35.972,26.201,3.4159,6.9255,0.8276,0.9721,0.6439,0.9261
2727,93.583,2.525,2.503,pose,33.15,26.092,35.972,26.234,3.4059,6.9448,0.84,0.9712,0.6217,0.9135
2728,93.617,2.544,2.525,pose,33.15,26.092,35.972,26.234,3.4029,6.952,0.8581,0.9775,0.6115,0.913
2729,93.651,2.543,2.525,pose,33.15,26.092,35.972,26.234,3.4009,6.9644,0.8363,0.9748,0.6061,0.9136
2730,93.686,2.529,2.529,pose,33.15,26.123,35.972,26.234,3.3874,6.9739,0.8415,1.0189,0.6185,0.9271
2731,93.72,2.513,2.529,pose,33.15,26.123,35.972,26.234,3.3899,6.9789,0.8305,0.9692,0.6359,0.9413
2732,93.754,2.497,2.529,pose,33.15,26.123,35.972,26.271,3.3999,6.9863,0.8057,0.976,0.6503,0.9584
2733,93.789,2.48,2.513,pose,33.15,26.123,35.972,26.271,3.4036,6.9967,0.8125,0.9801,0.6577,0.9716
2734,93.823,2.492,2.497,pose,33.15,26.123,35.972,26.271,3.4078,7.0065,0.8092,0.9744,0.6602,0.98
2735,93.857,2.489,2.492,pose,33.15,26.123,35.972,26.271,3.4077,7.0075,0.7926,0.9989,0.6575,0.9734
2736,93.892,2.519,2.492,pose,33.15,26.123,35.972,26.304,3.4049,7.0089,0.7936,0.9962,0.6517,0.9543
2737,93.926,2.54,2.492,pose,33.15,26.123,35.972,26.304,3.4111,7.0124,0.8128,1.0078,0.6593,0.9245
2738,93.96,2.542,2.519,pose,33.15,26.123,35.972,26.304,3.4217,7.0353,0.8084,1.0172,0.65,0.9223
2739,93.995,2.544,2.54,pose,33.15,26.123,35.972,26.304,3.4284,7.0589,0.8162,1.0363,0.6481,0.8889
2740,94.029,2.539,2.54,pose,33.15,26.123,35.972,26.304,3.4115,7.0654,0.824,1.0143,0.6323,0.8936
2741,94.063,2.55,2.542,pose,33.15,26.123,35.972,26.356,3.3975,7.0626,0.8231,1.0447,0.6294,0.9301
2742,94.097,2.53,2.542,pose,33.15,26.123,35.972,26.356,3.3855,7.0567,0.8283,1.0304,0.6214,0.9578
2743,94.132,2.558,2.544,pose,33.15,26.123,35.972,26.356,3.3991,7.0548,0.8199,1.0802,0.6206,0.9785
2744,94.166,2.555,2.55,pose,33.15,26.123,35.972,26.356,3.4165,7.0938,0.79,1.0856,0.6421,1.0116
2745,94.2,2.57,2.555,pose,33.15,26.123,35.972,26.356,3.4475,7.1524,0.774,1.0835,0.6559,1.0359
2746,94.235,2.599,2.558,pose,33.15,26.123,35.972,26.391,3.4656,7.205,0.7376,1.0392,0.6592,0.9796
2747,94.269,2.648,2.57,pose,33.194,26.123,35.972,26.45,3.4869,7.2431,0.6825,1.0382,0.6757,0.9732
2748,94.303,2.717,2.599,pose,33.194,26.123,35.972,26.502,3.5252,7.2722,0.6316,0.991,0.666,0.9107
2749,94.338,2.683,2.648,pose,33.234,26.123,35.972,26.54,3.5797,7.2978,0.5663,1.0071,0.6621,0.9204
2750,94.372,2.65,2.65,pose,33.272,26.123,35.972,26.54,3.6295,7.3265,0.5014,1.0315,0.6853,0.9165
2751,94.406,2.67,2.67,pose,33.326,26.123,35.972,26.595,3.6679,7.3324,0.4582,1.0283,0.7196,0.8975
2752,94.441,2.655,2.67,pose,33.376,26.123,35.972,26.595,3.703,7.3427,0.4577,1.0337,0.6888,0.9392
2753,94.475,2.633,2.655,pose,33.415,26.123,35.972,26.63,3.7301,7.3532,0.484,1.0429,0.6714,0.9362
2754,94.509,2.622,2.65,pose,33.45,26.123,35.972,26.63,3.7444,7.3562,0.5245,1.0557,0.6353,0.9542
2755,94.544,2.585,2.633,pose,33.45,26.123,35.972,26.63,3.7719,7.3725,0.599,1.0362,0.6079,0.9855
2756,94.578,2.525,2.622,pose,33.491,26.123,35.972,26.63,3.7872,7.3981,0.6986,1.0852,0.594,0.9798
2757,94.612,2.447,2.585,pose,33.491,26.123,35.972,26.67,3.8047,7.4681,0.7935,1.0896,0.6005,1.0253
2758,94.647,2.354,2.525,pose,33.534,26.123,35.972,26.67,3.8514,7.4806,0.9066,1.0541,0.5943,1.0237
2759,94.681,2.3,2.447,pose,33.534,26.123,35.972,26.765,3.8884,7.4827,0.9967,1.0465,0.6145,1.0081
2760,94.715,2.222,2.354,pose,33.598,26.123,35.972,26.765,3.9542,7.4882,1.0823,1.0312,0.619,0.9779
2761,94.749,2.189,2.3,pose,33.635,26.123,35.972,26.765,4.0117,7.4877,1.1184,1.0531,0.6139,0.9812
2762,94.784,2.177,2.222,pose,33.701,26.123,35.972,26.765,4.0553,7.4939,1.0835,1.0541,0.5982,0.9036
2763,94.818,2.13,2.189,pose,33.758,26.123,35.972,26.765,4.1108,7.5146,1.0806,1.0755,0.6,0.8976
2764,94.852,2.108,2.177,pose,33.802,26.123,35.972,26.765,4.1626,7.5353,1.061,1.0559,0.6226,0.9143
2765,94.887,2.099,2.13,pose,33.858,26.123,35.972,26.812,4.2122,7.5516,0.8126,1.0633,0.6029,0.9278
2766,94.921,2.103,2.108,pose,33.909,26.123,35.972,26.812,4.2554,7.5521,0.9036,1.072,0.5924,0.9385
2767,94.955,2.118,2.108,pose,33.959,26.123,35.972,26.812,4.2801,7.5257,0.89,1.0976,0.5904,0.975
2768,94.99,2.116,2.108,pose,34.002,26.123,35.972,26.812,4.2854,7.5351,0.8269,1.1575,0.6108,1.0119
2769,95.024,2.112,2.112,pose,34.002,26.123,35.972,26.849,4.2784,7.5722,0.8364,1.1773,0.6296,1.061
2770,95.058,2.205,2.116,pose,34.002,26.123,35.972,26.849,4.2693,7.7209,0.8544,1.0724,0.6443,0.9605
2771,95.093,2.281,2.118,pose,34.002,26.123,35.972,26.849,4.2535,7.7454,0.8508,1.0952,0.6552,0.9635
2772,95.127,2.326,2.205,pose,34.002,26.123,35.972,27.018,4.2328,7.7783,0.8708,1.0556,0.6672,0.9573
2773,95.161,2.425,2.281,pose,34.002,26.123,35.972,27.018,4.2207,7.7946,0.8928,1.0769,0.6575,0.9148
2774,95.196,2.401,2.326,pose,34.002,26.123,35.972,27.075,4.2172,7.831,0.9135,1.1407,0.6396,0.9121
2775,95.23,2.526,2.401,pose,34.002,26.158,35.972,27.075,4.2126,7.8384,0.9232,1.0697,0.6302,0.7943
2776,95.264,2.443,2.425,pose,34.002,26.158,35.972,27.128,4.2015,7.8614,0.9473,1.1155,0.6177,0.8529
2777,95.299,2.402,2.425,pose,34.002,26.158,35.972,27.128,4.1939,7.8587,0.9545,1.2008,0.6165,0.8246
2778,95.333,2.36,2.402,pose,34.002,26.158,35.972,27.128,4.1934,7.8492,0.9487,1.2585,0.6085,0.8049
2779,95.367,2.306,2.402,pose,34.002,26.158,35.972,27.128,4.1933,7.8335,0.9538,1.282,0.6072,0.822
2780,95.402,2.246,2.36,pose,34.002,26.158,35.972,27.128,4.1932,7.7976,0.9466,1.3364,0.608,0.801
2781,95.436,2.137,2.306,pose,34.002,26.158,35.972,27.128,4.2041,7.7709,0.9461,1.3403,0.6321,0.8208
2782,95.47,2.084,2.246,pose,34.002,26.158,36.005,27.128,4.208,7.6906,0.9295,1.4145,0.6493,0.8374
2783,95.504,2.032,2.137,pose,34.002,26.158,36.005,27.128,4.2736,7.5317,0.8658,1.4058,0.6079,0.8447
2784,95.539,1.971,2.084,pose,34.002,26.158,36.112,27.128,4.332,7.4033,0.8429,1.4063,0.5842,0.8075
2785,95.573,1.948,2.032,pose,34.055,26.158,36.262,27.128,4.355,7.325,0.8271,1.4146,0.568,0.7828
2786,95.607,1.873,1.971,pose,34.113,26.158,36.39,27.128,4.3686,7.2834,0.895,1.3404,0.5699,0.7537
2787,95.642,1.931,1.948,pose,34.113,26.158,36.469,27.128,4.3806,7.2201,0.9507,1.3161,0.5256,0.7778
2788,95.676,1.955,1.948,pose,34.15,26.158,36.51,27.128,4.3728,7.1964,0.9433,1.3075,0.5263,0.7868
2789,95.71,1.967,1.948,pose,34.15,26.158,36.574,27.128,4.3574,7.1721,0.9276,1.3194,0.5462,0.7847
2790,95.745,1.956,1.955,pose,34.15,26.158,36.574,27.128,4.3403,7.1778,0.9149,1.3426,0.5766,0.8166
2791,95.779,1.904,1.955,pose,34.15,26.158,36.613,27.128,4.3176,7.1809,0.958,1.3313,0.5886,0.8274
2792,95.813,1.875,1.955,pose,34.15,26.158,36.613,27.128,4.2951,7.2018,0.9871,1.3683,0.6417,0.8596
2793,95.848,1.9,1.904,pose,34.15,26.209,36.613,27.128,4.2872,7.1828,0.9715,1.3481,0.6371,0.8564
2794,95.882,2.009,1.904,pose,34.15,26.209,36.613,27.128,4.2876,7.2034,0.8814,1.3525,0.6676,0.8866
2795,95.916,2.133,1.904,pose,34.15,26.239,36.613,27.128,4.2638,7.2579,0.8172,1.3161,0.6863,0.8621
2796,95.951,2.267,2.009,pose,34.15,26.239,36.613,27.128,4.1962,7.2685,0.7774,1.2569,0.6541,0.871
2797,95.985,2.36,2.133,pose,34.15,26.239,36.613,27.205,4.1044,7.2873,0.7889,1.226,0.6742,0.8758
2798,96.019,2.954,2.267,bbox,34.15,26.33,36.613,27.205,4.0886,7.3768,,1.232,,0.8485
2799,96.054,2.96,2.36,bbox,34.15,26.404,36.613,27.205,4.1226,7.3976,,1.1698,,0.8561
2800,96.088,3.007,2.954,bbox,34.15,26.404,36.613,27.324,4.1486,7.404,,1.1191,,0.8587
2801,96.122,3.013,2.96,bbox,34.15,26.404,36.613,27.324,4.1856,7.461,,0.0173,,0.3142
2802,96.156,3.071,3.007,bbox,34.15,26.404,36.613,27.324,4.2209,7.5561,,1.0757,,0.7714
2803,96.191,2.991,3.007,bbox,34.213,26.404,36.613,27.408,4.2198,7.5381,,1.0692,,0.7624
2804,96.225,2.842,3.007,pose,34.247,26.404,36.613,27.485,4.2337,7.5631,0.7794,1.051,0.4835,0.7436
2805,96.259,2.901,2.991,pose,34.247,26.404,36.613,27.485,4.246,7.5583,0.8062,1.0783,0.5484,0.7384
2806,96.294,2.865,2.901,pose,34.247,26.404,36.613,27.485,4.2401,7.5542,0.8034,1.0972,0.5409,0.7078
2807,96.328,2.721,2.865,pose,34.247,26.404,36.613,27.485,4.2376,7.5237,0.8001,1.0854,0.5577,0.6873
2808,96.362,3.029,2.865,pose,34.247,26.404,36.613,27.485,4.2284,7.4582,0.7963,0.3258,0.5583,-0.2886
2809,96.397,2.615,2.865,pose,34.247,26.404,36.613,27.485,4.219,7.3229,0.7992,0.9152,0.5861,0.7561
2810,96.431,2.687,2.721,pose,34.247,26.404,36.693,27.485,4.2151,7.2819,0.803,0.9074,0.605,-0.3077
2811,96.465,3.052,2.721,pose,34.247,26.404,36.828,27.485,4.2129,7.1925,0.8169,0.0391,0.615,-0.0843
2812,96.5,2.816,2.816,pose,34.247,26.404,36.869,27.485,4.0935,7.1152,0.8264,0.0259,0.6062,0.7801
2813,96.534,2.639,2.687,pose,34.247,26.404,36.958,27.485,4.0961,7.0196,0.8428,0.4886,0.6044,0.7196
2814,96.568,2.533,2.687,pose,34.247,26.527,37.036,27.485,4.0913,6.8872,0.8748,0.5885,0.5827,0.712
2815,96.603,2.451,2.639,pose,34.247,26.527,37.131,27.485,4.1223,6.8564,0.9165,0.4922,0.5885,0.698
2816,96.637,2.048,2.533,pose,34.247,26.527,37.264,27.485,4.0715,6.7675,0.9529,0.8173,0.5751,0.7468
2817,96.671,2.516,2.516,bbox,34.247,26.527,37.294,27.485,4.0502,6.6615,0.9641,,0.5692,
2818,96.706,1.72,2.451,pose,34.247,26.527,37.383,27.485,4.0246,6.6134,0.9504,0.6668,0.6023,0.7189
2819,96.74,1.557,2.048,pose,34.247,26.573,37.489,27.485,4.0006,6.625,0.9858,1.4819,0.639,0.7092
2820,96.774,2.473,2.048,bbox,34.247,26.573,37.526,27.485,3.9624,6.5863,0.9357,,0.6419,
2821,96.809,1.838,1.838,pose,34.247,26.623,37.526,27.485,3.9378,6.5737,0.8495,1.2572,0.6444,0.6843
2822,96.843,1.987,1.838,pose,34.247,26.661,37.565,27.485,3.9181,6.5853,0.6945,1.2669,0.6486,0.6253
2823,96.877,2.649,1.987,pose,34.247,26.661,37.565,27.485,3.7381,6.5389,0.6596,0.2048,0.6174,0.6049
2824,96.911,2.93,2.473,bbox,34.247,26.705,37.565,27.485,3.6799,6.6226,0.7355,,0.61,
2825,96.946,2.862,2.649,bbox,34.247,26.855,37.565,27.485,3.6814,6.5822,,1.301,,0.5852
2826,96.98,2.13,2.649,pose,34.247,26.912,37.565,27.485,3.6233,6.2538,0.875,0.6055,0.6013,0.6892
2827,97.014,2.458,2.649,bbox,34.247,26.912,37.612,27.485,3.5838,6.1339,,1.107,,0.717
2828,97.049,2.41,2.458,bbox,34.247,26.97,37.762,27.485,3.5398,6.0747,,1.0076,,0.7352
2829,97.083,1.877,2.41,pose,34.247,27.01,37.882,27.485,3.497,6.0085,0.8354,0.9132,0.6173,0.7488
2830,97.117,1.919,2.13,pose,34.247,27.054,37.941,27.485,3.454,5.9473,0.755,0.9227,0.5947,0.7506
2831,97.152,2.075,2.075,pose,34.247,27.097,38.007,27.485,3.4136,5.8844,0.603,0.7825,0.6341,0.7691
2832,97.186,2.151,2.075,pose,34.247,27.139,38.068,27.485,3.4367,5.8543,0.5023,0.7587,0.5938,0.7898
2833,97.22,2.095,2.075,pose,34.247,27.139,38.131,27.485,3.4258,5.8175,0.4692,0.7886,0.5782,0.8181
2834,97.255,2.05,2.075,pose,34.247,27.139,38.161,27.485,3.3689,5.7974,0.5107,0.8005,0.5438,0.8028
2835,97.289,1.957,2.075,pose,34.247,27.18,38.198,27.485,3.2853,5.795,0.578,0.8722,0.5505,0.8353
2836,97.323,1.911,2.05,pose,34.247,27.225,38.198,27.485,3.2053,5.772,0.6254,0.898,0.5521,0.8309
2837,97.358,1.959,1.959,pose,34.247,27.308,38.198,27.485,3.174,5.7269,0.6235,0.8251,0.5947,0.8164
2838,97.392,2.166,1.959,pose,34.247,27.388,38.244,27.485,3.1084,5.7258,0.4012,0.8067,0.6327,0.7954
2839,97.426,2.087,1.959,pose,34.247,27.419,38.244,27.485,3.0551,5.7423,0.5561,0.8088,0.6298,0.7826
2840,97.461,2.603,2.087,pose,34.247,27.485,38.289,27.485,2.9854,5.7151,0.0033,0.7779,0.6444,0.7759
2841,97.495,2.474,2.166,pose,34.247,27.538,38.289,27.485,2.9203,5.6933,0.1044,0.764,0.6352,0.7761
2842,97.529,2.733,2.474,bbox,34.247,27.608,38.289,27.485,2.859,5.7407,,0.7646,,0.8059
2843,97.563,2.714,2.603,bbox,34.247,27.673,38.289,27.485,2.8166,5.7534,,0.7928,,0.8472
2844,97.598,2.716,2.714,bbox,34.247,27.734,38.289,27.485,2.7431,5.7677,,0.8003,,0.8874
2845,97.632,2.702,2.714,bbox,34.247,27.777,38.289,27.485,2.6859,5.7519,,0.8506,,0.9138
2846,97.666,2.531,2.714,pose,34.247,27.85,38.289,27.485,2.6467,5.7411,0.0429,0.8437,0.7004,0.9271
2847,97.701,2.619,2.702,pose,34.247,27.908,38.289,27.485,2.6306,5.7411,0.0044,0.8846,0.7055,0.9212
2848,97.735,2.667,2.667,pose,34.247,27.947,38.289,27.485,2.534,5.7546,0.0696,0.9331,0.7023,0.9362
2849,97.769,2.732,2.667,pose,34.247,27.947,38.289,27.485,2.4648,5.7708,0.165,0.9197,0.6724,0.9144
2850,97.804,2.765,2.667,pose,34.247,28.06,38.289,27.485,2.3983,5.783,0.3325,0.9181,0.6305,0.8929
2851,97.838,2.846,2.732,pose,34.247,28.129,38.289,27.529,2.2935,5.7891,0.4224,0.9478,0.6104,0.8512
2852,97.872,2.865,2.765,pose,34.247,28.195,38.289,27.529,2.2148,5.8088,0.5339,0.9518,0.6002,0.838
2853,97.907,2.95,2.846,pose,34.247,28.3,38.289,27.529,2.1505,5.8222,0.5963,0.9223,0.5575,0.8175
2854,97.941,2.982,2.865,pose,34.247,28.379,38.289,27.567,2.0847,5.8214,0.6156,0.9229,0.5489,0.8026
2855,97.975,3.024,2.95,pose,34.247,28.443,38.289,27.567,2.0443,5.8361,0.662,0.9189,0.6048,0.7861
2856,98.01,3.041,2.982,pose,34.247,28.509,38.289,27.567,2.0161,5.8259,0.7005,0.9133,0.6337,0.7805
2857,98.044,3.011,3.011,pose,34.247,28.549,38.289,27.567,1.9988,5.7451,0.719,0.9452,0.6297,0.766
2858,98.078,3.02,3.02,pose,34.247,28.549,38.289,27.567,1.98,5.6878,0.7096,0.9097,0.6395,0.788
2859,98.113,3.115,3.024,pose,34.247,28.595,38.352,27.567,1.9661,5.6652,0.5557,0.8712,0.6578,0.8077
2860,98.147,2.977,3.02,pose,34.247,28.595,38.41,27.567,1.9297,5.6088,0.592,0.8734,0.6085,0.8252
2861,98.181,3.287,3.02,pose,34.247,28.627,38.41,27.567,1.9258,5.4971,0.2652,0.6211,0.5877,0.8702
2862,98.216,2.981,3.02,pose,34.247,28.659,38.489,27.567,1.9349,5.5401,0.5178,0.513,0.6537,0.9238
2863,98.25,3.073,3.073,pose,34.247,28.659,38.557,27.567,1.9783,5.5003,0.3628,0.3835,0.7134,0.9132
2864,98.284,3.165,3.073,pose,34.247,28.659,38.597,27.567,2.0032,5.3151,0.0964,0.3151,0.7027,0.9272
2865,98.318,3.008,3.073,pose,34.291,28.659,38.597,27.567,2.0196,5.2957,0.2572,0.2391,0.7139,0.9061
2866,98.353,2.949,3.008,pose,34.291,28.659,38.75,27.567,2.0066,5.2638,0.2668,0.1816,0.7118,0.9116
2867,98.387,2.987,3.008,pose,34.291,28.659,38.75,27.567,2.007,5.1711,0.2692,0.1313,0.6886,0.9389
2868,98.421,2.965,2.987,pose,34.291,28.659,38.802,27.567,2.0215,5.2547,0.2231,0.1131,0.6807,0.9234
2869,98.456,2.867,2.965,pose,34.332,28.659,38.802,27.567,2.0302,5.151,0.217,0.2951,0.68,0.9259
2870,98.49,2.567,2.949,pose,34.332,28.659,38.866,27.567,2.0588,5.2,0.4525,0.4403,0.6736,0.9129
2871,98.524,2.486,2.867,pose,34.332,28.659,38.866,27.567,2.0729,5.1328,0.4621,0.5863,0.6832,0.8621
2872,98.559,2.356,2.567,pose,34.371,28.659,38.915,27.567,2.0953,5.0781,0.4822,0.7661,0.6713,0.8429
2873,98.593,2.254,2.486,pose,34.371,28.659,38.915,27.567,2.1255,5.0545,0.4796,0.912,0.6821,0.7988
2874,98.627,2.141,2.356,pose,34.408,28.659,38.988,27.567,2.1775,5.0177,0.5141,1.0109,0.6698,0.7606
2875,98.662,2.05,2.254,pose,34.438,28.659,38.988,27.567,2.2237,5.041,0.5252,1.121,0.6797,0.7722
2876,98.696,2.185,2.185,pose,34.49,28.659,38.988,27.567,2.2493,5.0569,0.1362,1.1483,0.6877,0.7161
2877,98.73,1.95,2.141,pose,34.536,28.659,38.988,27.567,2.271,5.0728,0.548,1.2044,0.6587,0.7577
2878,98.765,1.958,2.05,pose,34.536,28.659,38.988,27.567,2.2756,5.0812,0.5178,1.2009,0.6289,0.7435
2879,98.799,1.952,1.958,pose,34.583,28.659,38.988,27.567,2.2804,5.0661,0.4931,1.1878,0.6221,0.7128
2880,98.833,1.94,1.952,pose,34.583,28.659,38.988,27.567,2.2781,5.0212,0.5099,1.1506,0.6508,0.7281
2881,98.868,1.973,1.952,pose,34.583,28.659,38.988,27.567,2.2807,4.9891,0.4961,1.0299,0.6747,0.738
2882,98.902,2.011,1.958,pose,34.583,28.659,39.044,27.567,2.268,4.8988,0.4258,0.9573,0.6899,0.7619
2883,98.936,2.078,1.973,pose,34.583,28.659,39.077,27.567,2.2835,4.8399,0.3492,0.8547,0.7033,0.7835
2884,98.97,2.119,2.011,pose,34.583,28.659,39.167,27.567,2.328,4.8418,0.2969,0.7613,0.7064,0.8273
2885,99.005,2.12,2.078,pose,34.583,28.659,39.167,27.567,2.4141,4.8689,0.2639,0.7092,0.6975,0.838
2886,99.039,2.121,2.119,pose,34.64,28.659,39.167,27.567,2.4686,4.9028,0.236,0.6401,0.6924,0.8823
2887,99.073,2.151,2.12,pose,34.726,28.659,39.167,27.567,2.5077,4.9447,0.2017,0.6095,0.6939,0.8789
2888,99.108,2.155,2.121,pose,34.781,28.659,39.167,27.567,2.5318,4.9719,0.2182,0.5602,0.6171,0.8822
2889,99.142,2.125,2.125,pose,34.82,28.659,39.167,27.613,2.561,5.0213,0.2995,0.5878,0.6692,0.8843
2890,99.176,2.122,2.125,pose,34.82,28.659,39.167,27.613,2.6165,5.1017,0.3183,0.5749,0.6449,0.8572
2891,99.211,2.115,2.125,pose,34.873,28.659,39.167,27.69,2.667,5.1584,0.3503,0.5711,0.6324,0.8387
2892,99.245,2.113,2.122,pose,34.929,28.659,39.167,27.77,2.7037,5.1914,0.3593,0.5908,0.6219,0.84
2893,99.279,2.134,2.122,pose,34.979,28.659,39.167,27.827,2.6882,5.2065,0.3775,0.5995,0.6155,0.8347
2894,99.314,2.143,2.122,pose,34.979,28.659,39.167,27.86,2.6937,5.2203,0.3824,0.6084,0.6206,0.8374
2895,99.348,2.159,2.134,pose,34.979,28.659,39.167,27.86,2.6756,5.2503,0.391,0.6154,0.6175,0.8289
2896,99.382,2.165,2.143,pose,34.979,28.659,39.167,27.86,2.6716,5.2814,0.3924,0.6325,0.6359,0.8354
2897,99.417,2.15,2.15,pose,34.979,28.659,39.167,27.919,2.6735,5.3199,0.3932,0.6622,0.6307,0.8448
2898,99.451,2.167,2.159,pose,34.979,28.659,39.167,27.95,2.678,5.3767,0.3764,0.705,0.619,0.8648
2899,99.485,2.329,2.165,pose,34.979,28.659,39.167,27.988,2.6774,5.4014,0.0159,0.7292,0.6499,0.865
2900,99.52,2.754,2.167,bbox,34.979,28.659,39.167,28.045,2.6047,5.4363,,0.733,,0.8713
2901,99.554,2.83,2.329,bbox,34.979,28.659,39.167,28.045,2.5826,5.4902,,0.7289,,0.848
2902,99.588,2.594,2.594,pose,34.979,28.721,39.167,28.105,2.5742,5.5729,0.1004,0.7196,0.6234,0.8483
2903,99.623,2.958,2.754,bbox,34.979,28.721,39.167,28.159,2.5843,5.6291,,0.7486,,0.828
2904,99.657,3.017,2.83,bbox,34.979,28.721,39.167,28.241,2.5681,5.6688,,0.7482,,0.8286
2905,99.691,2.753,2.83,pose,34.979,28.751,39.167,28.297,2.5447,5.699,0.0069,0.7854,0.674,0.8082
2906,99.725,3.12,2.958,bbox,34.979,28.751,39.167,28.337,2.5143,5.6932,,0.7826,,0.8271
2907,99.76,3.166,3.017,bbox,34.979,28.751,39.167,28.337,2.4877,5.703,,0.776,,0.8245
2908,99.794,3.179,3.12,bbox,34.979,28.811,39.167,28.367,2.4719,5.7035,,0.7749,,0.8522
2909,99.828,3.176,3.166,bbox,34.979,28.811,39.167,28.367,2.4407,5.6784,,0.7697,,0.8666
2910,99.863,3.212,3.176,bbox,34.979,28.854,39.167,28.367,2.4051,5.7074,,0.7594,,0.8613
2911,99.897,3.264,3.179,bbox,34.979,28.885,39.167,28.367,2.3736,5.7242,,0.7258,,0.8816
2912,99.931,2.868,3.179,pose,34.979,28.92,39.167,28.367,2.3462,5.7523,0.0386,0.6883,-0.1016,0.8718
2913,99.966,2.948,3.176,pose,34.979,28.952,39.167,28.367,2.3088,5.7831,0.0179,0.646,-0.1082,0.8956
2914,100.0,3.084,3.084,pose,34.979,28.952,39.167,28.421,2.287,5.8234,0.0426,0.5958,0.0451,0.9024
2915,100.034,3.468,3.084,bbox,34.979,29.017,39.167,28.451,2.2695,5.8483,,0.517,,0.9165
2916,100.069,3.489,3.084,bbox,34.979,29.017,39.167,28.492,2.2765,5.89,,0.4688,,0.9092
2917,100.103,3.525,3.468,bbox,34.979,29.049,39.167,28.492,2.274,5.9309,,0.3737,,0.9165
2918,100.137,3.537,3.489,bbox,34.979,29.049,39.167,28.558,2.2572,5.944,,0.2884,,0.9109
2919,100.172,3.602,3.525,bbox,34.979,29.049,39.167,28.599,2.2362,5.9635,,0.2023,,0.9095
2920,100.206,3.719,3.537,pose,34.979,29.049,39.167,28.599,2.1663,5.9719,0.0263,0.1806,0.2839,0.8978
2921,100.24,3.691,3.602,bbox,34.979,29.089,39.167,28.632,2.1399,5.9799,,0.0385,,0.89
2922,100.275,3.681,3.681,bbox,34.979,29.159,39.167,28.632,2.1239,5.9817,,0.0542,,0.902
2923,100.309,3.681,3.681,bbox,34.979,29.159,39.167,28.632,2.104,5.9867,,0.0195,,0.894
2924,100.343,3.694,3.691,bbox,34.979,29.202,39.167,28.632,2.0871,5.9938,,0.0159,,0.9183
2925,100.377,3.908,3.691,bbox,34.979,29.202,39.167,28.632,2.0446,6.0045,,0.0329,,0.8964
2926,100.412,3.928,3.694,bbox,34.979,29.238,39.167,28.662,2.0029,6.0126,,0.0457,,0.9112
2927,100.446,3.882,3.882,pose,34.979,29.281,39.167,28.662,1.9735,6.0207,0.0076,0.0436,0.2886,0.9306
2928,100.48,3.987,3.908,pose,34.979,29.323,39.167,28.662,1.9562,5.9998,0.0117,0.0544,0.5229,0.9237
2929,100.515,3.905,3.908,pose,34.979,29.323,39.167,28.662,1.9464,5.9896,0.038,0.0504,0.2852,0.9365
2930,100.549,3.808,3.905,pose,34.979,29.369,39.167,28.662,1.9303,5.9783,0.026,0.0745,0.2445,0.9025
2931,100.583,3.953,3.905,pose,34.979,29.369,39.167,28.662,1.9166,5.9775,0.0186,0.0613,0.4322,0.9214
2932,100.618,4.071,3.953,pose,34.979,29.369,39.167,28.662,1.9242,5.9801,0.0186,0.0596,0.5721,0.9241
2933,100.652,4.019,3.953,pose,34.979,29.369,39.167,28.662,1.931,5.9739,0.0251,0.0722,0.5768,0.9307
2934,100.686,4.039,4.019,pose,34.979,29.401,39.167,28.662,1.9216,5.9643,0.0016,0.0506,0.5749,0.9373
2935,100.721,3.973,4.019,pose,34.979,29.401,39.167,28.662,1.9429,5.9594,0.0405,0.069,0.5784,0.9356
2936,100.755,3.934,4.019,pose,34.979,29.401,39.167,28.662,1.9565,5.9631,0.0639,0.045,0.5739,0.9403
2937,100.789,3.875,3.973,pose,34.979,29.401,39.198,28.662,1.9706,5.9618,0.1273,0.0478,0.5898,0.948
2938,100.824,3.875,3.934,pose,35.012,29.401,39.198,28.662,1.9997,5.9675,0.1602,0.0421,0.5882,0.9419
2939,100.858,3.838,3.875,pose,35.012,29.401,39.198,28.662,2.0033,5.9709,0.1955,0.0504,0.5695,0.9355
2940,100.892,3.797,3.875,pose,35.055,29.401,39.198,28.662,2.0003,5.9681,0.2409,0.0486,0.5961,0.9478
2941,100.927,3.771,3.838,pose,35.055,29.401,39.198,28.662,2.0008,5.962,0.2859,0.0453,0.6082,0.9233
2942,100.961,3.731,3.797,pose,35.055,29.401,39.198,28.662,2.0073,5.9623,0.3179,0.0547,0.6144,0.9149
2943,100.995,3.735,3.771,pose,35.055,29.401,39.198,28.662,1.9979,5.9607,0.3325,0.0495,0.6056,0.9076
2944,101.03,3.751,3.751,pose,35.055,29.401,39.198,28.662,1.9961,5.9594,0.3439,0.05,0.6144,0.9328
2945,101.064,3.773,3.751,pose,35.055,29.401,39.198,28.662,2.0002,5.9585,0.3273,0.0314,0.6143,0.9242
2946,101.098,3.754,3.751,pose,35.055,29.401,39.198,28.662,2.0093,5.9588,0.3275,0.068,0.6051,0.9346
2947,101.132,3.774,3.754,pose,35.055,29.401,39.198,28.662,2.0175,5.9546,0.3024,0.058,0.599,0.9473
2948,101.167,3.765,3.765,pose,35.055,29.401,39.198,28.662,2.0291,5.943,0.2708,0.0667,0.6086,0.9417
2949,101.201,3.801,3.773,pose,35.055,29.401,39.198,28.662,2.0506,5.9298,0.2187,0.0524,0.5867,0.9269
2950,101.235,3.755,3.765,pose,35.055,29.401,39.198,28.662,2.0844,5.9259,0.11,0.054,0.6221,0.9266
2951,101.27,3.767,3.767,pose,35.106,29.401,39.231,28.662,2.0967,5.9221,0.1426,0.0405,0.5915,0.9234
2952,101.304,3.76,3.765,pose,35.139,29.401,39.231,28.662,2.117,5.9208,0.0053,0.0562,0.6162,0.9191
2953,101.338,3.786,3.767,pose,35.139,29.401,39.231,28.662,2.132,5.9249,0.0098,0.0368,0.5839,0.9057
2954,101.373,3.75,3.76,pose,35.172,29.401,39.231,28.662,2.1467,5.9274,0.006,0.055,0.5791,0.9068
2955,101.407,3.697,3.76,pose,35.172,29.401,39.231,28.662,2.1572,5.9241,0.0153,0.0353,0.5816,0.9147
2956,101.441,3.643,3.75,pose,35.172,29.401,39.231,28.662,2.1742,5.9221,0.0532,0.0381,0.622,0.9124
2957,101.476,3.618,3.697,pose,35.212,29.401,39.231,28.662,2.2002,5.925,0.135,0.0125,0.615,0.9189
2958,101.51,3.484,3.643,pose,35.212,29.401,39.231,28.662,2.256,5.932,0.2844,0.0176,0.616,0.9067
2959,101.544,3.447,3.618,pose,35.255,29.401,39.231,28.662,2.2982,5.9339,0.3426,0.0082,0.6214,0.9312
2960,101.579,3.387,3.484,pose,35.311,29.401,39.231,28.662,2.3257,5.9386,0.3802,0.0246,0.6276,0.9065
2961,101.613,3.314,3.447,pose,35.353,29.401,39.231,28.662,2.371,5.9368,0.4288,0.0357,0.6088,0.9181
2962,101.647,3.292,3.387,pose,35.353,29.401,39.231,28.662,2.4231,5.9357,0.4606,0.0332,0.591,0.9133
2963,101.682,3.27,3.314,pose,35.426,29.401,39.231,28.662,2.4382,5.9386,0.4613,0.0444,0.5953,0.893
2964,101.716,3.256,3.292,pose,35.478,29.401,39.231,28.662,2.439,5.9392,0.4742,0.0441,0.5816,0.9077
2965,101.75,3.208,3.27,pose,35.478,29.401,39.231,28.662,2.448,5.9368,0.4766,0.0731,0.5972,0.9069
2966,101.784,3.221,3.256,pose,35.478,29.401,39.231,28.662,2.4328,5.9324,0.4821,0.0416,0.5921,0.9265
2967,101.819,3.213,3.221,pose,35.478,29.401,39.231,28.662,2.4407,5.9265,0.453,0.0411,0.5714,0.9017
2968,101.853,3.209,3.213,pose,35.478,29.401,39.231,28.662,2.4704,5.9219,0.3982,0.0331,0.5774,0.9044
2969,101.887,3.191,3.209,pose,35.478,29.401,39.231,28.662,2.4873,5.915,0.3624,0.0391,0.6027,0.8865
2970,101.922,3.203,3.209,pose,35.525,29.401,39.231,28.662,2.5204,5.9001,0.2992,0.0376,0.6055,0.8998
2971,101.956,3.216,3.209,pose,35.525,29.401,39.231,28.662,2.5539,5.8967,0.1351,0.0382,0.6181,0.8874
2972,101.99,3.209,3.209,pose,35.575,29.401,39.231,28.662,2.575,5.8939,0.0524,0.0281,0.6016,0.8988
2973,102.025,3.161,3.203,pose,35.609,29.401,39.261,28.662,2.6038,5.8995,0.0133,0.0348,0.6361,0.9206
2974,102.059,3.084,3.203,pose,35.609,29.401,39.261,28.662,2.6229,5.9068,0.039,0.0339,0.6372,0.9397
2975,102.093,3.061,3.161,pose,35.659,29.401,39.261,28.662,2.6259,5.9101,0.0183,0.0356,0.6336,0.9278
2976,102.128,3.076,3.084,pose,35.659,29.401,39.261,28.662,2.6522,5.8985,0.0045,0.0459,0.654,0.9232
2977,102.162,2.873,3.076,pose,35.659,29.401,39.261,28.662,2.6731,5.89,0.3069,0.0431,0.6365,0.9514
2978,102.196,2.862,3.061,pose,35.707,29.401,39.261,28.662,2.6804,5.8868,0.2582,0.0545,0.5887,0.9253
2979,102.231,3.1,3.061,pose,35.707,29.401,39.261,28.662,2.7106,5.8847,0.0323,0.0468,0.5873,0.9249
2980,102.265,2.825,2.873,pose,35.707,29.401,39.261,28.662,2.8026,5.9166,0.291,0.0635,0.5852,0.9233
2981,102.299,,,,35.707,29.401,39.261,28.662,,,,,,
2982,102.334,,,,35.707,29.401,39.261,28.662,,,,,,
2983,102.368,,,,35.707,29.401,39.261,28.662,,,,,,
2984,102.402,4.0,2.873,pose,35.707,29.401,39.261,28.662,2.2898,7.4803,0.0149,0.8526,0.7585,1.0598
2985,102.437,3.982,3.1,pose,35.707,29.401,39.261,28.662,2.2298,7.4245,0.0389,0.8551,0.7549,1.0565
2986,102.471,3.991,3.982,pose,35.707,29.523,39.261,28.829,2.1694,7.3725,0.0371,0.8505,0.739,1.0815
2987,102.505,4.017,3.991,pose,35.707,29.583,39.261,28.829,2.1321,7.3434,0.0116,0.8581,0.7527,1.0649
2988,102.539,4.015,4.0,pose,35.707,29.644,39.261,28.829,2.1077,7.3184,0.0003,0.8558,0.7448,1.0663
2989,102.574,4.034,4.015,pose,35.707,29.681,39.261,28.829,2.1071,7.2891,0.0234,0.8584,0.769,1.065
2990,102.608,4.021,4.017,pose,35.707,29.681,39.315,28.829,2.0974,7.2787,0.0514,0.8749,0.763,1.0547
2991,102.642,4.059,4.021,pose,35.707,29.681,39.315,28.829,2.0829,7.2537,0.0351,0.8523,0.7618,1.0525
2992,102.677,4.062,4.034,pose,35.707,29.716,39.355,28.829,2.0596,7.2414,0.0284,0.8659,0.7612,1.0723
2993,102.711,4.029,4.034,pose,35.707,29.716,39.355,28.829,2.0438,7.222,0.0542,0.8678,0.7725,1.0678
2994,102.745,4.003,4.029,pose,35.707,29.753,39.392,28.829,2.0321,7.2106,0.0619,0.8704,0.7746,1.0493
2995,102.78,3.999,4.029,pose,35.707,29.753,39.392,28.829,2.0136,7.1924,0.0279,0.8744,0.7639,1.0127
2996,102.814,3.979,4.003,pose,35.707,29.753,39.423,28.829,2.0099,7.1908,0.0513,0.8788,0.7751,1.0265
2997,102.848,4.026,4.003,pose,35.707,29.796,39.423,28.829,2.0171,7.2,0.0079,0.8729,0.7753,1.0217
2998,102.883,4.057,4.003,pose,35.707,29.796,39.423,28.829,2.0127,7.1889,0.03,0.8623,0.7498,1.0161
2999,102.917,4.055,4.026,pose,35.707,29.796,39.423,28.829,2.0117,7.1493,0.0315,0.87,0.7642,1.012
3000,102.951,4.069,4.055,pose,35.707,29.796,39.423,28.829,2.005,7.1385,0.0407,0.851,0.7621,1.0082
3001,102.986,4.091,4.057,pose,35.707,29.796,39.484,28.829,1.9917,7.1287,0.0368,0.8372,0.7602,1.0089
3002,103.02,4.078,4.069,pose,35.707,29.796,39.484,28.829,1.9965,7.1038,0.0048,0.8578,0.7562,0.9963
3003,103.054,4.056,4.069,pose,35.707,29.796,39.484,28.829,2.0177,7.109,0.0142,0.8843,0.7554,1.0098
3004,103.089,4.066,4.069,pose,35.707,29.796,39.517,28.829,2.0242,7.1165,0.0136,0.8792,0.7608,1.0257
3005,103.123,4.07,4.07,pose,35.707,29.796,39.517,28.829,2.0301,7.1205,0.0532,0.8691,0.7606,1.0269
3006,103.157,4.066,4.066,pose,35.707,29.796,39.517,28.829,2.0293,7.1198,0.0004,0.8692,0.7536,1.0049
3007,103.191,4.049,4.066,pose,35.707,29.796,39.517,28.829,2.0292,7.1209,0.0066,0.8745,0.7543,1.0197
3008,103.226,4.074,4.066,pose,35.707,29.796,39.517,28.829,2.0468,7.1298,0.0352,0.8712,0.7496,1.0216
3009,103.26,4.085,4.07,pose,35.707,29.796,39.517,28.829,2.0587,7.1565,0.0343,0.8715,0.7595,1.0239
3010,103.294,4.118,4.074,pose,35.707,29.796,39.517,28.829,2.0589,7.1561,0.0275,0.8554,0.7602,1.0327
3011,103.329,4.085,4.085,pose,35.747,29.796,39.517,28.869,2.0573,7.1578,0.0383,0.8587,0.7566,1.0163
3012,103.363,4.064,4.085,pose,35.747,29.796,39.517,28.869,2.0585,7.1595,0.0689,0.8735,0.7665,1.022
3013,103.397,4.067,4.085,pose,35.747,29.796,39.517,28.869,2.0518,7.1536,0.0199,0.8824,0.7597,1.0319
3014,103.432,3.999,4.067,pose,35.747,29.796,39.517,28.869,2.0486,7.1507,0.1736,0.8878,0.7641,1.0374
3015,103.466,3.972,4.064,pose,35.747,29.796,39.517,28.869,2.0505,7.1478,0.2202,0.8661,0.7647,1.0261
3016,103.5,3.943,3.999,pose,35.747,29.796,39.517,28.869,2.0606,7.147,0.2404,0.8803,0.7645,1.0267
3017,103.535,3.907,3.972,pose,35.747,29.796,39.517,28.869,2.0708,7.1462,0.2938,0.879,0.777,1.027
3018,103.569,3.894,3.943,pose,35.747,29.796,39.517,28.869,2.0799,7.1444,0.3136,0.8658,0.7776,1.0249
3019,103.603,3.882,3.907,pose,35.747,29.796,39.517,28.869,2.092,7.1435,0.3194,0.8891,0.7717,1.0171
3020,103.638,3.851,3.894,pose,35.747,29.796,39.517,28.869,2.1004,7.1519,0.3689,0.8624,0.7825,1.0187
3021,103.672,3.814,3.882,pose,35.782,29.796,39.517,28.869,2.1292,7.1538,0.3836,0.8777,0.7699,1.0222
3022,103.706,3.786,3.851,pose,35.782,29.796,39.517,28.869,2.1257,7.1508,0.4151,0.873,0.7813,1.0238
3023,103.741,3.777,3.814,pose,35.816,29.796,39.517,28.869,2.1362,7.1514,0.4299,0.8785,0.7693,1.0271
3024,103.775,3.759,3.786,pose,35.816,29.796,39.517,28.869,2.1788,7.1545,0.4353,0.8683,0.76,1.0164
3025,103.809,3.743,3.777,pose,35.816,29.796,39.517,28.869,2.1881,7.1598,0.446,0.8773,0.7692,1.0237
3026,103.844,3.726,3.759,pose,35.869,29.796,39.517,28.869,2.1945,7.1614,0.449,0.8775,0.7541,1.0222
3027,103.878,3.732,3.743,pose,35.869,29.796,39.517,28.869,2.2074,7.1732,0.4296,0.8486,0.7585,1.0023
3028,103.912,3.724,3.732,pose,35.869,29.796,39.517,28.869,2.2144,7.177,0.4355,0.8486,0.7593,1.0265
3029,103.946,3.728,3.728,pose,35.869,29.796,39.517,28.869,2.2242,7.1668,0.4059,0.8802,0.7549,1.0218
3030,103.981,3.725,3.726,pose,35.905,29.796,39.517,28.869,2.2403,7.1609,0.3854,0.8802,0.7376,1.0063
3031,104.015,3.711,3.725,pose,35.905,29.796,39.517,28.869,2.257,7.1654,0.3696,0.8781,0.7179,1.0225
3032,104.049,3.726,3.725,pose,35.905,29.796,39.517,28.869,2.2818,7.1632,0.3348,0.8751,0.705,1.0132
3033,104.084,3.734,3.726,pose,35.947,29.796,39.517,28.869,2.3109,7.1787,0.2642,0.8716,0.6904,1.0215
3034,104.118,3.745,3.726,pose,35.947,29.796,39.517,28.869,2.3423,7.1777,0.2432,0.8731,0.7068,1.0158
3035,104.152,3.712,3.726,pose,36.001,29.796,39.517,28.869,2.3743,7.177,0.2015,0.8773,0.7127,1.018
3036,104.187,3.703,3.726,pose,36.032,29.796,39.517,28.869,2.4026,7.1784,0.0988,0.8801,0.6958,1.0283
3037,104.221,3.719,3.719,pose,36.064,29.796,39.517,28.869,2.464,7.1716,0.0811,0.872,0.7392,1.0405
3038,104.255,3.687,3.712,pose,36.064,29.796,39.517,28.869,2.5204,7.1772,0.024,0.8657,0.753,1.0299
3039,104.29,3.657,3.703,pose,36.154,29.796,39.517,28.869,2.5618,7.1843,0.0418,0.8632,0.7505,1.0426
3040,104.324,3.612,3.687,pose,36.211,29.796,39.517,28.869,2.5918,7.1794,0.0713,0.8783,0.7449,1.0315
3041,104.358,3.59,3.657,pose,36.252,29.796,39.517,28.869,2.599,7.1798,0.0737,0.8611,0.7518,1.0414
3042,104.393,3.549,3.612,pose,36.252,29.796,39.517,28.869,2.6216,7.1728,0.1342,0.8573,0.7455,1.0272
3043,104.427,3.413,3.59,pose,36.289,29.796,39.517,28.869,2.6462,7.1905,0.2906,0.8933,0.7411,1.037
3044,104.461,3.37,3.549,pose,36.289,29.796,39.517,28.869,2.6765,7.187,0.3378,0.9079,0.7358,1.0109
3045,104.496,3.306,3.413,pose,36.336,29.796,39.517,28.869,2.6605,7.1739,0.3961,0.938,0.7214,1.0019
3046,104.53,3.297,3.37,pose,36.336,29.796,39.517,28.869,2.6606,7.112,0.3613,0.9715,0.7101,1.0055
3047,104.564,3.242,3.306,pose,36.336,29.796,39.517,28.869,2.6745,7.0471,0.3652,1.0651,0.7132,0.9788
3048,104.598,3.175,3.297,pose,36.336,29.796,39.561,28.869,2.6533,6.9936,0.388,1.1214,0.7332,0.9529
3049,104.633,3.126,3.242,pose,36.336,29.796,39.626,28.869,2.6075,6.9353,0.3885,1.1662,0.7189,0.9176
3050,104.667,3.111,3.175,pose,36.336,29.796,39.679,28.869,2.5784,6.8751,0.3517,1.2131,0.6948,0.9087
3051,104.701,3.097,3.126,pose,36.336,29.835,39.738,28.869,2.5561,6.8393,0.3258,1.2594,0.7158,0.8796
3052,104.736,3.717,3.126,bbox,36.336,29.835,39.798,28.869,2.5528,6.8101,,1.2611,,0.8526
3053,104.77,3.681,3.126,bbox,36.336,29.835,39.834,28.869,2.5954,6.782,,1.2425,,0.8583
3054,104.804,3.178,3.178,pose,36.336,29.835,39.834,28.869,2.6587,6.7694,0.0334,1.2694,0.6978,0.8339
3055,104.839,3.5,3.5,bbox,36.336,29.835,39.891,28.869,2.7204,6.7504,,1.2587,,0.8416
3056,104.873,3.413,3.5,bbox,36.388,29.835,39.891,28.869,2.7106,6.6892,,1.2019,,0.841
3057,104.907,3.071,3.413,pose,36.439,29.835,39.923,28.869,2.7293,6.6473,0.0016,1.1683,0.3109,0.8945
3058,104.942,2.922,3.178,pose,36.439,29.835,39.984,28.869,2.732,6.6197,0.2294,1.0837,0.7114,0.851
3059,104.976,2.787,3.071,pose,36.439,29.835,40.026,28.869,2.7653,6.5421,0.3682,1.0365,0.7423,0.9396
3060,105.01,2.767,2.922,pose,36.439,29.835,40.026,28.869,2.7741,6.5199,0.3727,0.9392,0.6875,0.9436
3061,105.045,2.885,2.885,pose,36.494,29.835,40.131,28.869,2.8006,6.4483,0.1649,0.8501,-0.3487,0.958
3062,105.079,3.007,2.885,bbox,36.494,29.835,40.131,28.869,2.9147,6.4019,,0.8687,,0.9728
3063,105.113,2.93,2.885,bbox,36.529,29.835,40.225,28.869,2.978,6.3681,,0.8722,,1.0099
3064,105.148,2.291,2.885,pose,36.643,29.835,40.271,28.869,3.0131,6.3486,0.8006,0.9147,0.662,0.9757
3065,105.182,2.238,2.885,pose,36.707,29.835,40.305,28.869,3.047,6.3224,0.8334,0.9606,0.6575,0.9603
3066,105.216,2.211,2.291,pose,36.742,29.835,40.305,28.869,3.0576,6.2997,0.8675,1.0112,0.6248,0.9224
3067,105.251,2.836,2.291,bbox,36.776,29.835,40.351,28.869,3.0894,6.2673,,0.995,,0.8892
3068,105.285,2.196,2.238,pose,36.776,29.835,40.351,28.869,3.1177,6.2617,0.9409,0.9804,0.6005,0.8932
3069,105.319,2.215,2.215,pose,36.818,29.835,40.406,28.869,3.1042,6.255,0.9408,0.958,0.5913,0.9019
3070,105.353,2.196,2.211,pose,36.818,29.835,40.406,28.869,3.103,6.2526,0.8999,0.9715,0.6023,0.9478
3071,105.388,2.171,2.196,pose,36.818,29.835,40.406,28.869,3.1078,6.2594,0.9171,0.9817,0.6068,0.9713
3072,105.422,2.147,2.196,pose,36.818,29.835,40.406,28.869,3.1014,6.2911,0.9182,0.9683,0.6197,0.9628
3073,105.456,2.146,2.171,pose,36.818,29.835,40.406,28.869,3.0982,6.3135,0.8867,0.9783,0.6281,0.9664
3074,105.491,2.127,2.147,pose,36.818,29.835,40.406,28.869,3.1062,6.3283,0.8991,1.0029,0.6704,0.9698
3075,105.525,2.156,2.147,pose,36.818,29.835,40.406,28.915,3.1076,6.3569,0.8905,1.0088,0.6787,0.9486
3076,105.559,2.207,2.147,pose,36.818,29.835,40.406,28.915,3.1057,6.3521,0.8932,0.997,0.6862,0.9244
3077,105.594,2.236,2.156,pose,36.818,29.835,40.406,28.954,3.1124,6.3923,0.894,1.0034,0.6728,0.8973
3078,105.628,2.234,2.207,pose,36.818,29.835,40.406,28.954,3.1115,6.3695,0.9032,1.0039,0.6585,0.87
3079,105.662,2.239,2.234,pose,36.818,29.835,40.406,28.954,3.1038,6.4032,0.9244,1.0028,0.6406,0.8636
3080,105.697,2.264,2.236,pose,36.818,29.835,40.406,28.994,3.0903,6.4082,0.9486,0.999,0.6039,0.8719
3081,105.731,2.268,2.239,pose,36.818,29.835,40.406,28.994,3.0856,6.4064,0.966,0.9975,0.5833,0.877
3082,105.765,2.256,2.256,pose,36.818,29.835,40.406,28.994,3.074,6.3999,0.9837,0.981,0.5683,0.9035
3083,105.8,2.235,2.256,pose,36.818,29.835,40.406,28.994,3.0691,6.3823,1.0019,0.9785,0.5622,0.9253
3084,105.834,2.215,2.256,pose,36.818,29.835,40.406,28.994,3.0586,6.3296,1.0161,0.9661,0.5855,0.9421
3085,105.868,2.186,2.235,pose,36.818,29.835,40.406,28.994,3.066,6.2694,1.0034,0.9895,0.5801,0.9304
3086,105.903,2.184,2.215,pose,36.818,29.835,40.468,28.994,3.0739,6.2244,0.9785,0.9388,0.5827,0.9233
3087,105.937,2.178,2.186,pose,36.818,29.835,40.529,28.994,3.0806,6.2108,0.9604,0.9325,0.6194,0.9122
3088,105.971,2.189,2.186,pose,36.818,29.835,40.574,28.994,3.0801,6.2219,0.952,0.923,0.6432,0.8767
3089,106.005,2.215,2.186,pose,36.818,29.835,40.574,28.994,3.079,6.1817,0.935,0.8829,0.6418,0.8508
3090,106.04,2.181,2.184,pose,36.818,29.835,40.574,28.994,3.09,6.2218,0.9235,0.9326,0.6457,0.7867
3091,106.074,2.142,2.181,pose,36.818,29.835,40.574,28.994,3.0996,6.2383,0.9262,0.9848,0.646,0.7396
3092,106.108,2.122,2.181,pose,36.818,29.835,40.574,28.994,3.1052,6.1957,0.9452,1.0447,0.6276,0.7305
3093,106.143,2.034,2.142,pose,36.818,29.835,40.574,28.994,3.0996,6.1215,0.9436,1.1402,0.6085,0.7255
3094,106.177,1.917,2.122,pose,36.818,29.835,40.574,28.994,3.0987,6.0653,0.9399,1.2794,0.5733,0.7116
3095,106.211,1.798,2.034,pose,36.818,29.835,40.677,28.994,3.1045,6.0266,0.9621,1.4062,0.5702,0.7114
3096,106.246,1.676,1.917,pose,36.818,29.835,40.733,28.994,3.1138,5.9142,0.9646,1.5277,0.568,0.6762
3097,106.28,1.687,1.798,pose,36.818,29.835,40.771,28.994,3.1104,5.9269,0.9519,1.4939,0.5646,0.6925
3098,106.314,1.72,1.72,pose,36.818,29.835,40.871,28.994,3.1214,5.8617,0.9557,1.436,0.5738,0.7181
3099,106.349,1.625,1.687,pose,36.818,29.835,40.871,28.994,3.1431,5.763,0.9299,1.4556,0.5968,0.6864
3100,106.383,1.766,1.687,pose,36.85,29.835,40.936,28.994,3.1679,5.6346,0.8909,1.2571,0.6032,0.6439
3101,106.417,1.874,1.72,pose,36.85,29.835,41.029,28.994,3.1767,5.7691,0.8742,0.974,0.6042,0.6847
3102,106.452,1.868,1.766,pose,36.85,29.835,41.029,28.994,3.1406,5.6089,0.8732,1.0422,0.5776,0.686
3103,106.486,1.78,1.78,pose,36.85,29.835,41.163,28.994,3.1032,5.5933,0.9172,1.0554,0.5699,0.4122
3104,106.52,1.663,1.78,pose,36.85,29.835,41.163,28.994,3.0591,5.6243,0.9534,1.0147,0.5509,0.7292
3105,106.555,1.617,1.78,pose,36.85,29.835,41.163,28.994,3.0325,5.5329,0.9814,0.8903,0.5562,0.7257
3106,106.589,1.632,1.663,pose,36.85,29.897,41.205,28.994,3.0176,5.4452,0.9614,0.7622,0.5459,0.7135
3107,106.623,1.757,1.663,pose,36.85,29.897,41.265,28.994,3.0344,5.3478,0.941,0.5074,0.5333,0.7476
3108,106.658,1.582,1.632,pose,36.85,29.897,41.353,28.994,3.075,5.2895,0.8971,0.6549,0.5299,0.7472
3109,106.692,1.601,1.617,pose,36.85,29.897,41.45,28.994,3.1071,5.2521,0.8573,0.5998,0.5189,0.7961
3110,106.726,1.523,1.601,pose,36.85,29.897,41.509,28.994,3.1091,5.2454,0.8827,0.6174,0.4963,0.8168
3111,106.76,1.44,1.582,pose,36.883,29.897,41.546,28.994,3.0917,5.2257,0.8745,0.6426,0.5139,0.8253
3112,106.795,1.38,1.523,pose,36.883,29.897,41.546,28.994,3.0766,5.2037,0.8754,0.6928,0.519,0.8532
3113,106.829,1.356,1.44,pose,36.883,29.897,41.546,28.994,3.0746,5.2052,0.8603,0.7101,0.5545,0.8627
3114,106.863,1.394,1.394,pose,36.883,29.897,41.591,28.994,3.0576,5.2073,0.8445,0.7006,0.5914,0.8753
3115,106.898,1.437,1.394,pose,36.883,29.897,41.591,28.994,3.0309,5.2003,0.8339,0.6852,0.6001,0.8602
3116,106.932,1.493,1.394,pose,36.883,29.931,41.591,28.994,2.997,5.1615,0.7795,0.6693,0.5958,0.8428
3117,106.966,1.596,1.437,pose,36.883,29.931,41.591,28.994,2.9506,5.1755,0.6642,0.6651,0.6239,0.8771
3118,107.001,1.844,1.493,pose,36.883,29.992,41.591,28.994,2.903,5.1977,0.3873,0.6668,0.6038,0.8953
3119,107.035,1.76,1.596,pose,36.883,30.038,41.591,28.994,2.8216,5.2094,0.5002,0.6545,0.6718,0.8961
3120,107.069,2.161,1.76,pose,36.883,30.086,41.591,28.994,2.7595,5.2222,0.0394,0.6741,0.269,0.9035
3121,107.104,2.278,1.844,bbox,36.883,30.167,41.591,28.994,2.7115,5.2162,,0.6539,,0.9023
3122,107.138,2.308,2.161,bbox,36.883,30.229,41.591,28.994,2.6711,5.2257,,0.6508,,0.902
3123,107.172,2.331,2.278,bbox,36.883,30.277,41.591,28.994,2.6425,5.2248,,0.6691,,0.8996
3124,107.207,2.378,2.308,bbox,36.883,30.317,41.591,28.994,2.599,5.2457,,0.6904,,0.9044
3125,107.241,2.165,2.308,pose,36.883,30.317,41.591,28.994,2.5009,5.2577,0.2682,0.6773,0.6941,0.8772
3126,107.275,2.184,2.308,pose,36.883,30.39,41.591,29.032,2.4249,5.2527,0.3531,0.6994,0.6745,0.8875
3127,107.31,2.193,2.193,pose,36.883,30.488,41.591,29.032,2.3698,5.2531,0.3919,0.7057,0.6684,0.8813
3128,107.344,2.184,2.184,pose,36.883,30.564,41.591,29.032,2.3175,5.2718,0.5674,0.7266,0.6731,0.9124
3129,107.378,2.224,2.184,pose,36.883,30.619,41.591,29.032,2.2707,5.2848,0.6344,0.704,0.6878,0.907
3130,107.412,2.256,2.193,pose,36.883,30.671,41.591,29.032,2.2426,5.2963,0.6637,0.6964,0.6877,0.8876
3131,107.447,2.293,2.224,pose,36.883,30.718,41.591,29.071,2.2278,5.3013,0.6597,0.6453,0.6902,0.8988
3132,107.481,2.313,2.256,pose,36.883,30.718,41.591,29.071,2.2131,5.3108,0.6443,0.6743,0.7011,0.9145
3133,107.515,2.356,2.293,pose,36.883,30.761,41.591,29.071,2.2089,5.3323,0.6308,0.67,0.7016,0.9052
3134,107.55,2.401,2.313,pose,36.883,30.761,41.591,29.071,2.1876,5.345,0.6038,0.6644,0.7259,0.9096
3135,107.584,2.499,2.356,pose,36.883,30.761,41.591,29.119,2.1299,5.3686,0.5304,0.6362,0.7239,0.933
3136,107.618,2.575,2.401,pose,36.883,30.801,41.591,29.119,2.1026,5.3791,0.4623,0.5931,0.7229,0.9348
3137,107.653,2.691,2.499,pose,36.883,30.859,41.591,29.155,2.0713,5.4107,0.4202,0.4611,0.7522,0.9272
3138,107.687,2.793,2.575,pose,36.883,30.859,41.591,29.155,1.9964,5.4314,0.3707,0.4015,0.7603,0.9268
3139,107.721,3.181,2.691,pose,36.883,30.917,41.591,29.197,1.9617,5.5054,0.1501,0.0932,0.7586,0.9489
3140,107.756,3.21,2.793,pose,36.883,30.992,41.591,29.197,1.9461,5.5733,0.0011,0.1195,0.3182,0.9637
3141,107.79,3.3,3.181,pose,36.883,31.027,41.591,29.292,1.95,5.6304,0.069,0.005,0.7304,0.9334
3142,107.824,3.342,3.21,pose,36.883,31.027,41.591,29.36,1.9645,5.7171,0.0503,0.0254,0.706,0.8053
3143,107.859,3.475,3.3,pose,36.883,31.027,41.591,29.417,1.9497,5.7958,0.0137,0.0159,0.7264,0.5399
3144,107.893,3.871,3.342,pose,36.883,31.027,41.591,29.504,1.9299,5.8276,0.0715,0.0591,0.6907,-0.4993
3145,107.927,3.561,3.475,pose,36.883,31.027,41.591,29.582,1.9295,5.901,0.1658,0.0193,0.7141,0.6512
3146,107.962,3.478,3.478,pose,36.883,31.059,41.591,29.614,1.927,5.9646,0.2651,0.2171,0.7207,0.9453
3147,107.996,3.478,3.478,pose,36.883,31.059,41.591,29.687,1.9254,6.0368,0.286,0.324,0.7312,0.965
3148,108.03,3.508,3.508,pose,36.883,31.059,41.591,29.751,1.9281,6.0879,0.272,0.4068,0.726,0.9314
3149,108.065,3.489,3.489,pose,36.883,31.059,41.591,29.823,1.9242,6.137,0.2818,0.4742,0.7354,0.9432
3150,108.099,,,,36.883,31.059,41.591,29.823,,,,,,
3151,108.133,,,,36.883,31.059,41.591,29.823,,,,,,
3152,108.167,,,,36.883,31.059,41.591,29.823,,,,,,
3153,108.202,2.862,3.478,bbox,36.883,31.059,41.591,29.874,3.0709,6.3211,,1.0678,,0.894
3154,108.236,2.205,3.478,pose,36.883,31.059,41.591,29.924,3.0727,6.3293,0.7086,1.0528,0.6518,0.8983
3155,108.27,2.168,2.862,pose,37.031,31.059,41.591,30.074,3.1302,6.3263,0.7523,1.0884,0.6444,0.9183
3156,108.305,2.194,2.205,pose,37.031,31.059,41.591,30.074,3.1464,6.3501,0.7662,1.095,0.6196,0.9098
3157,108.339,2.22,2.205,pose,37.09,31.059,41.591,30.074,3.1505,6.3683,0.7658,1.0901,0.6305,0.872
3158,108.373,2.212,2.205,pose,37.09,31.059,41.591,30.074,3.1474,6.3634,0.7582,1.0995,0.6609,0.8462
3159,108.408,2.898,2.212,bbox,37.09,31.059,41.591,30.116,3.1489,6.3657,,1.0812,,0.8237
3160,108.442,2.925,2.22,bbox,37.09,31.059,41.591,30.116,3.1438,6.3816,,1.0866,,0.822
3161,108.476,2.247,2.247,pose,37.09,31.059,41.591,30.116,3.1536,6.3936,0.7384,1.0596,0.7007,0.8365
3162,108.511,2.232,2.247,pose,37.09,31.059,41.591,30.116,3.1558,6.418,0.7472,1.0764,0.6956,0.8528
3163,108.545,2.218,2.247,pose,37.09,31.059,41.591,30.146,3.1616,6.477,0.7628,1.0623,0.6975,0.869
3164,108.579,2.192,2.232,pose,37.09,31.059,41.591,30.146,3.1605,6.4953,0.7932,1.073,0.6751,0.8942
3165,108.614,2.205,2.218,pose,37.12,31.059,41.591,30.188,3.1602,6.4353,0.8229,1.0416,0.6708,0.9022
3166,108.648,2.213,2.213,pose,37.12,31.059,41.591,30.188,3.1573,6.4296,0.848,1.0329,0.6593,0.8839
3167,108.682,2.214,2.213,pose,37.12,31.059,41.591,30.188,3.1426,6.3803,0.8672,1.0579,0.6238,0.8935
3168,108.717,2.275,2.213,pose,37.12,31.059,41.591,30.188,3.1233,6.3507,0.8774,1.0166,0.6126,0.8727
3169,108.751,2.303,2.214,pose,37.12,31.059,41.646,30.188,3.1127,6.3123,0.9036,0.9809,0.6038,0.8395
3170,108.785,2.339,2.275,pose,37.12,31.095,41.646,30.188,3.1201,6.3125,0.8882,0.9808,0.5828,0.8304
3171,108.819,2.343,2.303,pose,37.12,31.095,41.697,30.188,3.1319,6.3287,0.8892,1.0045,0.5903,0.8173
3172,108.854,2.349,2.339,pose,37.12,31.095,41.697,30.188,3.1358,6.3611,0.8704,0.9878,0.5968,0.8416
3173,108.888,2.285,2.339,pose,37.12,31.095,41.697,30.188,3.1604,6.4174,0.875,1.0042,0.6065,0.8633
3174,108.922,2.283,2.339,pose,37.12,31.095,41.697,30.22,3.1744,6.4677,0.861,1.0236,0.6305,0.9039
3175,108.957,2.294,2.294,pose,37.157,31.095,41.697,30.276,3.1643,6.4649,0.8516,1.0091,0.6481,0.891
3176,108.991,2.307,2.294,pose,37.157,31.095,41.697,30.324,3.1501,6.5053,0.8391,1.0473,0.6506,0.9373
3177,109.025,2.342,2.294,pose,37.157,31.095,41.697,30.324,3.1259,6.5128,0.8413,1.032,0.6644,0.9316
3178,109.06,2.37,2.307,pose,37.157,31.095,41.697,30.324,3.102,6.4822,0.8433,1.0034,0.6502,0.9149
3179,109.094,2.412,2.342,pose,37.157,31.13,41.697,30.324,3.0835,6.4775,0.8588,1.0056,0.6338,0.8965
3180,109.128,2.445,2.37,pose,37.157,31.13,41.697,30.324,3.0822,6.4834,0.8522,1.0077,0.6161,0.8527
3181,109.163,2.456,2.412,pose,37.157,31.171,41.697,30.324,3.0852,6.4928,0.8623,1.0602,0.5886,0.8461
3182,109.197,2.489,2.445,pose,37.157,31.171,41.697,30.324,3.0884,6.5001,0.8728,1.0776,0.5834,0.8244
3183,109.231,2.442,2.445,pose,37.157,31.171,41.697,30.324,3.0874,6.5133,0.8954,1.058,0.5717,0.8349
3184,109.266,2.423,2.445,pose,37.157,31.171,41.697,30.359,3.0949,6.5226,0.8702,1.0596,0.5787,0.8648
3185,109.3,2.4,2.442,pose,37.157,31.171,41.697,30.359,3.1113,6.5345,0.8472,1.0613,0.6001,0.8841
3186,109.334,2.397,2.423,pose,37.157,31.171,41.697,30.359,3.1467,6.5269,0.8035,1.0672,0.5995,0.9204
3187,109.369,2.405,2.405,pose,37.157,31.171,41.697,30.359,3.1834,6.5265,0.7365,1.084,0.6003,0.9281
3188,109.403,2.403,2.403,pose,37.219,31.171,41.697,30.359,3.2325,6.5418,0.6778,1.0712,0.6323,0.945
3189,109.437,2.439,2.403,pose,37.256,31.171,41.697,30.359,3.2773,6.5129,0.6246,0.9695,0.6377,0.9616
3190,109.472,2.458,2.405,pose,37.305,31.171,41.697,30.359,3.282,6.5069,0.5975,0.979,0.6478,0.9293
3191,109.506,2.445,2.439,pose,37.349,31.171,41.697,30.359,3.2839,6.5093,0.6382,0.9969,0.6491,0.9193
3192,109.54,2.353,2.439,pose,37.349,31.171,41.697,30.359,3.2868,6.5137,0.7339,1.0252,0.6607,0.9032
3193,109.574,2.259,2.439,pose,37.349,31.171,41.697,30.359,3.2946,6.5136,0.832,1.0656,0.6463,0.8378
3194,109.609,2.218,2.353,pose,37.349,31.171,41.697,30.359,3.3194,6.5221,0.8972,1.0479,0.6397,0.8433
3195,109.643,2.176,2.259,pose,37.349,31.171,41.697,30.359,3.3647,6.5274,0.9493,1.0289,0.6294,0.8513
3196,109.677,2.16,2.218,pose,37.392,31.171,41.697,30.359,3.3888,6.5571,0.9355,1.0384,0.618,0.872
3197,109.712,2.171,2.176,pose,37.437,31.171,41.697,30.359,3.4245,6.5776,0.9665,1.0004,0.5975,0.8811
3198,109.746,2.138,2.171,pose,37.437,31.171,41.697,30.416,3.4463,6.5752,0.9694,1.0516,0.5651,0.9332
3199,109.78,2.141,2.16,pose,37.497,31.171,41.697,30.416,3.4518,6.5786,0.9658,1.0395,0.5444,0.9382
3200,109.815,2.146,2.146,pose,37.497,31.171,41.697,30.416,3.4497,6.5844,0.9792,1.0386,0.5514,0.9354
3201,109.849,2.241,2.146,pose,37.497,31.171,41.697,30.416,3.4373,6.5905,0.9736,1.0064,0.5443,0.9254
3202,109.883,2.265,2.146,pose,37.497,31.171,41.697,30.416,3.4258,6.5912,0.9895,1.0288,0.563,0.9173
3203,109.918,2.277,2.241,pose,37.497,31.171,41.697,30.45,3.3877,6.604,0.9976,1.0444,0.6112,0.8825
3204,109.952,2.294,2.265,pose,37.497,31.171,41.697,30.45,3.372,6.6058,0.9702,1.0523,0.6259,0.8499
3205,109.986,2.322,2.277,pose,37.497,31.208,41.697,30.45,3.3398,6.5914,0.9869,1.0531,0.6403,0.837
3206,110.021,2.331,2.294,pose,37.497,31.208,41.697,30.45,3.2987,6.5902,0.9817,1.0432,0.6562,0.8254
3207,110.055,2.368,2.322,pose,37.497,31.255,41.697,30.45,3.2657,6.5943,0.9625,1.0401,0.6629,0.839
3208,110.089,2.377,2.331,pose,37.497,31.297,41.697,30.45,3.2391,6.6066,0.9784,1.0535,0.6434,0.8661
3209,110.124,2.367,2.367,pose,37.497,31.33,41.697,30.45,3.2356,6.6069,0.9903,1.0746,0.6298,0.8951
3210,110.158,2.388,2.368,pose,37.497,31.33,41.697,30.45,3.2373,6.6489,0.9862,1.0824,0.6054,0.9441
3211,110.192,2.403,2.377,pose,37.497,31.33,41.697,30.45,3.2173,6.6746,1.001,1.0701,0.5848,0.9449
3212,110.226,2.419,2.388,pose,37.497,31.36,41.697,30.508,3.2122,6.6731,1.0071,1.0635,0.5928,0.9451
3213,110.261,2.464,2.403,pose,37.497,31.36,41.697,30.508,3.2129,6.6805,1.0086,1.0528,0.5864,0.948
3214,110.295,2.469,2.419,pose,37.497,31.36,41.697,30.508,3.2335,6.6924,0.973,1.0436,0.5972,0.9036
3215,110.329,2.458,2.458,pose,37.497,31.36,41.697,30.54,3.2505,6.6998,0.9533,1.0481,0.6322,0.8839
3216,110.364,2.434,2.458,pose,37.497,31.36,41.697,30.54,3.2723,6.7097,0.8975,1.0817,0.6393,0.8517
3217,110.398,2.409,2.458,pose,37.497,31.36,41.697,30.54,3.303,6.73,0.8634,1.072,0.6676,0.8546
3218,110.432,2.39,2.434,pose,37.533,31.36,41.697,30.54,3.3319,6.7413,0.805,1.0846,0.6769,0.853
3219,110.467,2.368,2.409,pose,37.564,31.36,41.697,30.589,3.3462,6.7411,0.7724,1.0792,0.6881,0.8529
3220,110.501,2.361,2.39,pose,37.564,31.36,41.697,30.589,3.3758,6.7363,0.707,1.0907,0.6964,0.876
3221,110.535,2.356,2.368,pose,37.607,31.36,41.697,30.589,3.3786,6.7397,0.6953,1.0864,0.7081,0.8996
3222,110.57,2.38,2.368,pose,37.607,31.36,41.697,30.589,3.376,6.7425,0.6971,1.0848,0.6868,0.9327
3223,110.604,2.372,2.368,pose,37.607,31.36,41.697,30.589,3.3625,6.7426,0.7136,1.0752,0.6932,0.9367
3224,110.638,2.398,2.372,pose,37.607,31.36,41.697,30.589,3.356,6.7325,0.7254,1.0421,0.693,0.9485
3225,110.673,2.397,2.38,pose,37.607,31.36,41.697,30.589,3.3497,6.7287,0.7158,1.0351,0.6914,0.945
3226,110.707,2.368,2.38,pose,37.607,31.36,41.697,30.589,3.3412,6.7304,0.7309,1.0137,0.7119,0.9374
3227,110.741,2.395,2.395,pose,37.607,31.36,41.697,30.589,3.3247,6.715,0.7091,0.9994,0.728,0.9098
3228,110.776,2.388,2.395,pose,37.607,31.36,41.697,30.589,3.3041,6.7055,0.7077,1.009,0.7321,0.8861
3229,110.81,2.396,2.395,pose,37.607,31.36,41.697,30.589,3.2789,6.6982,0.709,0.9967,0.7237,0.8745
3230,110.844,2.378,2.388,pose,37.607,31.402,41.697,30.589,3.2638,6.6873,0.7306,1.0196,0.7267,0.8851
3231,110.879,2.395,2.395,pose,37.607,31.402,41.729,30.589,3.244,6.6949,0.75,1.0167,0.7233,0.898
3232,110.913,2.395,2.395,pose,37.607,31.442,41.729,30.589,3.2161,6.6837,0.7774,1.0458,0.6781,0.8923
3233,110.947,2.396,2.395,pose,37.607,31.442,41.729,30.589,3.2106,6.6836,0.8128,1.0616,0.6855,0.9314
3234,110.981,2.406,2.395,pose,37.607,31.49,41.729,30.589,3.1882,6.6855,0.8102,1.0643,0.6691,0.9513
3235,111.016,2.42,2.396,pose,37.607,31.49,41.729,30.589,3.1791,6.7029,0.8035,1.0549,0.6697,0.9679
3236,111.05,2.427,2.406,pose,37.607,31.49,41.729,30.589,3.1619,6.7116,0.8161,1.0559,0.6802,0.9527
3237,111.084,2.48,2.42,pose,37.607,31.527,41.729,30.589,3.1466,6.7055,0.8044,1.0522,0.6894,0.9457
3238,111.119,2.499,2.427,pose,37.607,31.527,41.729,30.589,3.1208,6.6873,0.8047,1.0628,0.708,0.8979
3239,111.153,2.514,2.48,pose,37.607,31.559,41.729,30.589,3.1018,6.6804,0.7692,1.0765,0.7195,0.8759
3240,111.187,2.556,2.499,pose,37.607,31.559,41.729,30.589,3.0565,6.6922,0.7037,1.0622,0.7202,0.8603
3241,111.222,2.62,2.514,pose,37.607,31.604,41.729,30.589,3.0134,6.6862,0.6307,1.0643,0.7373,0.8412
3242,111.256,2.651,2.556,pose,37.607,31.649,41.729,30.589,2.9892,6.6589,0.6034,1.0475,0.7478,0.8289
3243,111.29,2.641,2.62,pose,37.607,31.692,41.729,30.589,2.9613,6.609,0.6191,1.0519,0.7455,0.8701
3244,111.325,2.625,2.625,pose,37.607,31.692,41.768,30.589,2.924,6.5765,0.6482,1.0011,0.7064,0.9012
3245,111.359,2.647,2.641,pose,37.607,31.745,41.818,30.589,2.9009,6.547,0.6607,0.9797,0.6996,0.926
3246,111.393,2.571,2.641,pose,37.607,31.779,41.851,30.589,2.9273,6.4164,0.7083,0.9472,0.6887,0.9435
3247,111.428,2.512,2.625,pose,37.607,31.779,41.851,30.589,2.9704,6.3953,0.7696,0.8876,0.6918,0.9323
3248,111.462,2.473,2.571,pose,37.607,31.779,42.011,30.589,3.0199,6.3598,0.8221,0.8305,0.671,0.9681
3249,111.496,2.426,2.512,pose,37.65,31.779,42.011,30.589,3.0542,6.3235,0.8614,0.8125,0.6828,0.9402
3250,111.531,2.397,2.473,pose,37.7,31.779,42.068,30.589,3.064,6.2864,0.8493,0.837,0.6679,0.9235
3251,111.565,2.322,2.426,pose,37.734,31.779,42.104,30.589,3.0616,6.2448,0.8562,0.8933,0.6575,0.8733
3252,111.599,2.231,2.397,pose,37.734,31.779,42.141,30.589,3.084,6.2196,0.8374,1.0121,0.6325,0.8662
3253,111.633,2.089,2.322,pose,37.734,31.779,42.183,30.589,3.0767,6.1891,0.8436,1.1328,0.6185,0.8325
3254,111.668,2.036,2.231,pose,37.734,31.779,42.183,30.589,3.0856,6.1534,0.8306,1.2175,0.5989,0.7866
3255,111.702,1.992,2.089,pose,37.734,31.779,42.238,30.589,3.091,6.1106,0.7994,1.2888,0.5948,0.7574
3256,111.736,1.913,2.036,pose,37.734,31.779,42.274,30.589,3.0783,6.0775,0.8295,1.3564,0.6017,0.7411
3257,111.771,2.841,2.036,bbox,37.734,31.779,42.317,30.589,3.0747,6.0435,0.8073,,0.6237,
3258,111.805,1.849,1.992,pose,37.734,31.779,42.35,30.589,3.0697,6.0047,0.8212,1.4438,0.6489,0.7289
3259,111.839,1.872,1.913,pose,37.734,31.779,42.384,30.589,3.0599,5.9318,0.8333,1.2162,0.6705,0.7254
3260,111.874,1.857,1.872,pose,37.734,31.779,42.423,30.589,2.9976,5.8587,0.8526,1.2761,0.6765,0.7131
3261,111.908,2.056,1.872,pose,37.734,31.779,42.496,30.589,2.9125,5.7831,0.756,1.1385,0.6608,0.7321
3262,111.942,2.124,1.872,pose,37.734,31.835,42.569,30.589,2.8154,5.694,0.7033,1.1006,0.665,0.7101
3263,111.977,2.241,2.056,pose,37.734,31.92,42.644,30.589,2.7572,5.5615,0.6541,0.9938,0.616,0.7601
3264,112.011,2.257,2.124,pose,37.734,32.017,42.733,30.589,2.7247,5.4286,0.6429,0.8133,0.5976,0.7843
3265,112.045,2.284,2.241,pose,37.734,32.076,42.866,30.589,2.7266,5.3129,0.6547,0.5085,0.5672,0.8374
3266,112.08,2.492,2.257,pose,37.734,32.076,42.999,30.589,2.7456,5.2571,0.6355,0.0455,0.5819,0.8406
3267,112.114,2.225,2.257,pose,37.734,32.076,43.114,30.589,2.8048,5.1891,0.6596,0.3613,0.5842,0.8309
3268,112.148,2.167,2.257,bbox,37.734,32.076,43.17,30.589,2.8814,5.1806,,0.3582,,0.7869
3269,112.183,2.093,2.225,pose,37.782,32.076,43.238,30.589,3.031,5.1469,0.6013,0.372,0.6125,0.7938
3270,112.217,1.803,2.167,bbox,37.858,32.076,43.238,30.589,3.1621,5.0868,,0.6127,,0.7769
3271,112.251,1.668,2.093,bbox,38.008,32.076,43.28,30.589,3.2234,5.019,,0.8386,,0.7545
3272,112.286,1.514,1.803,pose,38.055,32.076,43.341,30.589,3.0783,4.9728,0.0646,0.9224,0.738,0.7798
3273,112.32,1.481,1.668,bbox,38.139,32.076,43.408,30.589,3.3375,4.9335,,0.9262,,0.7621
3274,112.354,1.412,1.514,pose,38.2,32.076,43.455,30.589,3.4522,4.9017,0.0974,0.9223,0.7879,0.7623
3275,112.388,1.339,1.481,pose,38.314,32.076,43.494,30.589,3.4955,4.9045,0.1122,0.9033,0.8059,0.776
3276,112.423,1.226,1.412,pose,38.426,32.076,43.494,30.589,3.4491,4.9161,0.155,0.8847,0.7913,0.7984
3277,112.457,1.051,1.339,pose,38.426,32.076,43.494,30.589,3.4478,4.9303,0.3235,0.84,0.8764,0.7678
3278,112.491,0.972,1.226,pose,38.426,32.076,43.494,30.589,3.3918,4.9145,0.3673,0.7903,0.8132,0.7806
3279,112.526,0.972,1.051,pose,38.426,32.076,43.494,30.589,3.2992,4.9084,0.3889,0.7655,0.7742,0.8187
3280,112.56,0.984,0.984,pose,38.426,32.133,43.494,30.589,3.2325,4.8933,0.3781,0.742,0.7535,0.8788
3281,112.594,0.995,0.984,pose,38.426,32.225,43.494,30.589,3.2268,4.8813,0.3789,0.684,0.7472,0.8855
3282,112.629,0.991,0.984,pose,38.426,32.282,43.534,30.589,3.243,4.8752,0.3685,0.6511,0.7377,0.9258
3283,112.663,0.995,0.991,pose,38.426,32.282,43.534,30.589,3.2833,4.8632,0.3463,0.5896,0.7526,0.935
3284,112.697,0.984,0.991,pose,38.426,32.282,43.534,30.589,3.3279,4.8756,0.3399,0.5881,0.7674,0.921
3285,112.732,0.963,0.991,pose,38.466,32.282,43.534,30.589,3.347,4.881,0.3542,0.5657,0.7641,0.9148
3286,112.766,1.055,0.991,pose,38.511,32.282,43.534,30.589,3.3701,4.8858,0.1546,0.5393,0.7834,0.9343
3287,112.8,1.039,0.995,pose,38.511,32.282,43.534,30.589,3.3758,4.8862,0.253,0.5444,0.7962,0.9116
3288,112.835,1.078,1.039,pose,38.511,32.282,43.534,30.589,3.3553,4.8946,0.182,0.5659,0.8161,0.9307
3289,112.869,1.13,1.055,pose,38.511,32.282,43.534,30.589,3.3345,4.8957,0.2117,0.5482,0.8374,0.9216
3290,112.903,1.179,1.078,pose,38.511,32.282,43.534,30.589,3.3118,4.8995,0.1786,0.5306,0.8495,0.8875
3291,112.938,1.304,1.13,pose,38.511,32.282,43.534,30.589,3.2789,4.9048,0.0927,0.4884,0.7808,0.9101
3292,112.972,1.352,1.179,pose,38.511,32.282,43.534,30.589,3.2519,4.9213,0.0267,0.5065,0.7817,0.8982
3293,113.006,1.404,1.304,pose,38.511,32.331,43.534,30.589,3.2467,4.9298,0.0144,0.4785,0.8104,0.9105
3294,113.04,1.586,1.352,pose,38.511,32.331,43.534,30.589,3.2042,4.9498,0.0982,0.0334,0.7821,0.93
3295,113.075,1.579,1.404,pose,38.511,32.363,43.534,30.625,3.1585,4.9563,0.23,0.0548,0.7604,0.9391
3296,113.109,1.411,1.411,pose,38.511,32.405,43.534,30.625,3.1255,4.9569,0.1465,0.4969,0.7852,0.9232
3297,113.143,1.521,1.521,pose,38.511,32.451,43.534,30.625,3.0944,4.992,0.0846,0.4466,0.729,0.9402
3298,113.178,1.416,1.521,pose,38.511,32.484,43.534,30.625,3.0652,5.0406,0.3951,0.4305,0.7515,0.9395
3299,113.212,1.455,1.455,pose,38.511,32.515,43.534,30.688,3.0268,5.072,0.4295,0.3931,0.7675,0.9493
3300,113.246,1.488,1.455,pose,38.511,32.515,43.534,30.736,3.0104,5.1009,0.4442,0.3476,0.7523,0.9294
3301,113.281,1.518,1.488,pose,38.511,32.583,43.534,30.768,3.0195,5.1275,0.4564,0.3229,0.7459,0.9521
3302,113.315,1.537,1.488,pose,38.511,32.583,43.534,30.768,3.0246,5.1548,0.4509,0.2697,0.754,0.93
3303,113.349,1.551,1.518,pose,38.511,32.583,43.534,30.823,3.0367,5.1833,0.4282,0.2519,0.7511,0.9207
3304,113.384,1.599,1.537,pose,38.511,32.583,43.534,30.823,3.0454,5.2119,0.3969,0.2168,0.7764,0.9017
3305,113.418,1.658,1.551,pose,38.511,32.583,43.534,30.879,3.028,5.2122,0.3643,0.1581,0.8006,0.906
3306,113.452,1.674,1.599,pose,38.511,32.583,43.534,30.879,3.0103,5.2184,0.3551,0.1671,0.792,0.9149
3307,113.487,1.703,1.658,pose,38.511,32.583,43.534,30.879,3.0097,5.2406,0.3544,0.1432,0.7809,0.9262
3308,113.521,1.752,1.674,pose,38.511,32.583,43.534,30.914,3.0069,5.2659,0.3374,0.1312,0.765,0.9246
3309,113.555,1.742,1.703,pose,38.511,32.583,43.534,30.914,2.9974,5.3057,0.3316,0.1628,0.7664,0.9214
3310,113.59,1.839,1.742,pose,38.511,32.583,43.534,30.962,3.0072,5.3665,0.2198,0.1635,0.761,0.9006
3311,113.624,,,,38.511,32.583,43.534,30.962,,,,,,
3312,113.658,,,,38.511,32.583,43.534,30.962,,,,,,
3313,113.693,,,,38.511,32.583,43.534,30.962,,,,,,
3314,113.727,3.975,1.752,bbox,38.511,32.583,43.534,31.001,2.0208,6.8278,,0.8466,,0.9788
3315,113.761,3.698,1.839,pose,38.511,32.583,43.534,31.062,2.1096,6.8683,0.0076,0.8395,0.7451,0.9673
3316,113.795,3.623,3.623,pose,38.511,32.762,43.534,31.212,2.1423,6.8922,0.1285,0.8391,0.7549,0.9853
3317,113.83,3.606,3.623,pose,38.511,32.762,43.534,31.253,2.1836,6.9102,0.1678,0.8452,0.7198,0.9874
3318,113.864,3.5,3.623,pose,38.511,32.762,43.534,31.253,2.2167,6.9256,0.3158,0.8525,0.7021,1.0011
3319,113.898,3.443,3.606,pose,38.552,32.762,43.534,31.295,2.2526,6.9218,0.4006,0.8483,0.7227,1.0139
3320,113.933,3.433,3.5,pose,38.585,32.762,43.534,31.295,2.2545,6.9216,0.4045,0.8594,0.7515,1.0112
3321,113.967,3.425,3.443,pose,38.621,32.762,43.534,31.295,2.2529,6.8964,0.4124,0.8481,0.7457,0.9998
3322,114.001,3.416,3.433,pose,38.621,32.762,43.534,31.295,2.2298,6.8692,0.4085,0.8501,0.7488,1.0059
3323,114.036,3.418,3.425,pose,38.621,32.762,43.534,31.295,2.2135,6.856,0.4232,0.8469,0.7254,1.0181
3324,114.07,3.415,3.418,pose,38.621,32.762,43.575,31.295,2.1994,6.8376,0.4116,0.8461,0.7053,1.0075
3325,114.104,3.394,3.416,pose,38.621,32.801,43.575,31.295,2.1971,6.8223,0.3813,0.8436,0.7102,1.0032
3326,114.139,3.403,3.415,pose,38.621,32.801,43.607,31.295,2.2258,6.8024,0.2871,0.8632,0.6736,0.9959
3327,114.173,3.788,3.415,bbox,38.621,32.801,43.607,31.295,2.2629,6.7968,,0.8866,,0.981
3328,114.207,3.347,3.403,pose,38.621,32.801,43.642,31.295,2.3133,6.7614,0.2349,0.9364,0.6989,0.9645
3329,114.242,3.675,3.403,bbox,38.671,32.801,43.642,31.295,2.3613,6.7359,,1.0035,,0.9521
3330,114.276,3.563,3.563,bbox,38.721,32.801,43.683,31.295,2.4185,6.6894,,1.0446,,0.9454
3331,114.31,3.556,3.563,bbox,38.769,32.801,43.683,31.295,2.4363,6.6801,,1.135,,0.9424
3332,114.345,3.51,3.556,bbox,38.826,32.801,43.755,31.295,2.4592,6.6407,,1.1693,,0.9132
3333,114.379,2.981,3.556,pose,38.826,32.801,43.755,31.295,2.4707,6.6273,0.2101,1.1899,0.7566,0.8643
3334,114.413,3.478,3.51,bbox,38.867,32.801,43.804,31.295,2.5172,6.6365,,1.2043,,0.8522
3335,114.447,2.87,3.478,pose,38.867,32.801,43.804,31.295,2.5585,6.6319,0.434,1.1991,0.7303,0.8565
3336,114.482,2.756,2.981,pose,38.925,32.801,43.804,31.295,2.6435,6.6414,0.556,1.2088,0.74,0.8427
3337,114.516,2.731,2.87,pose,38.966,32.801,43.804,31.295,2.7033,6.6439,0.6419,1.1757,0.711,0.8491
3338,114.55,2.698,2.756,pose,39.051,32.801,43.804,31.295,2.7326,6.6282,0.6322,1.1804,0.6658,0.8779
3339,114.585,3.39,2.756,bbox,39.111,32.801,43.804,31.295,2.7599,6.6118,,1.1454,,0.8793
3340,114.619,3.291,2.756,bbox,39.111,32.801,43.804,31.295,2.7892,6.5609,,1.0876,,0.9067
3341,114.653,3.225,3.225,bbox,39.168,32.801,43.804,31.295,2.8134,6.4845,,1.0387,,0.9319
3342,114.688,2.578,3.225,pose,39.168,32.801,43.883,31.295,2.8246,6.4107,0.7554,1.027,0.6472,0.9474
3343,114.722,2.556,3.225,pose,39.221,32.801,43.96,31.295,2.8221,6.3729,0.7663,0.9147,0.6364,0.9535
3344,114.756,2.537,2.578,pose,39.221,32.801,44.034,31.295,2.83,6.3588,0.7553,0.9132,0.6566,0.9778
3345,114.791,2.516,2.556,pose,39.221,32.801,44.071,31.295,2.8421,6.3395,0.7625,0.9503,0.6625,0.9787
3346,114.825,2.485,2.537,pose,39.221,32.801,44.071,31.295,2.8398,6.3243,0.7466,0.9682,0.6935,0.9711
3347,114.859,2.504,2.516,pose,39.221,32.801,44.105,31.295,2.8401,6.2934,0.7256,0.9608,0.7049,0.9384
3348,114.894,2.504,2.504,pose,39.221,32.801,44.105,31.295,2.8366,6.2879,0.7548,0.9702,0.6988,0.8948
3349,114.928,2.512,2.504,pose,39.221,32.801,44.138,31.295,2.8255,6.3058,0.7648,0.9605,0.6985,0.8767
3350,114.962,2.528,2.504,pose,39.221,32.801,44.138,31.295,2.8249,6.3207,0.8015,0.9746,0.6948,0.8898
3351,114.997,2.525,2.512,pose,39.221,32.801,44.138,31.295,2.818,6.3389,0.8419,0.9579,0.6665,0.8962
3352,115.031,2.516,2.516,pose,39.221,32.801,44.138,31.295,2.8069,6.345,0.8794,0.9526,0.658,0.9196
3353,115.065,2.532,2.525,pose,39.221,32.801,44.138,31.328,2.7939,6.3606,0.8879,0.9925,0.6296,0.9303
3354,115.1,2.533,2.528,pose,39.221,32.801,44.138,31.328,2.7804,6.3938,0.9245,0.9752,0.5946,0.9536
3355,115.134,2.547,2.532,pose,39.221,32.801,44.138,31.328,2.7809,6.4189,0.9237,0.917,0.5625,0.9581
3356,115.168,2.569,2.533,pose,39.221,32.834,44.138,31.359,2.7802,6.37,0.931,0.9557,0.5613,0.9394
3357,115.202,2.588,2.547,pose,39.221,32.834,44.138,31.359,2.7747,6.3543,0.9441,0.987,0.5594,0.904
3358,115.237,2.611,2.569,pose,39.221,32.834,44.138,31.359,2.7795,6.3466,0.9395,0.9699,0.5671,0.8833
3359,115.271,2.626,2.588,pose,39.221,32.834,44.138,31.359,2.7876,6.3438,0.9238,0.9471,0.5832,0.8655
3360,115.305,2.641,2.611,pose,39.221,32.834,44.138,31.359,2.7965,6.3642,0.9048,0.983,0.5949,0.8722
3361,115.34,2.621,2.621,pose,39.221,32.834,44.138,31.359,2.8058,6.3812,0.8832,0.9677,0.6262,0.868
3362,115.374,2.608,2.621,pose,39.221,32.834,44.138,31.359,2.82,6.3913,0.8839,0.9755,0.6441,0.8862
3363,115.408,2.587,2.621,pose,39.221,32.834,44.138,31.359,2.8254,6.4115,0.8826,0.9817,0.6512,0.8893
3364,115.443,2.578,2.608,pose,39.26,32.834,44.138,31.359,2.829,6.435,0.8991,0.9814,0.6416,0.9107
3365,115.477,2.586,2.587,pose,39.26,32.834,44.138,31.4,2.8204,6.4293,0.8917,0.9807,0.6417,0.9257
3366,115.511,2.589,2.587,pose,39.26,32.834,44.138,31.4,2.8185,6.3918,0.907,0.9712,0.6306,0.923
3367,115.546,2.572,2.586,pose,39.26,32.834,44.138,31.4,2.8133,6.3726,0.9161,0.973,0.6143,0.9347
3368,115.58,2.58,2.58,pose,39.26,32.834,44.138,31.4,2.8184,6.3459,0.9239,0.9528,0.6061,0.9191
3369,115.614,2.562,2.58,pose,39.26,32.834,44.177,31.4,2.8184,6.3374,0.9133,0.9678,0.6037,0.8966
3370,115.649,2.555,2.572,pose,39.26,32.834,44.177,31.4,2.847,6.3275,0.9316,0.9496,0.6293,0.8783
3371,115.683,2.563,2.563,pose,39.26,32.834,44.208,31.4,2.8575,6.3418,0.8948,0.9839,0.6333,0.869
3372,115.717,2.564,2.563,pose,39.26,32.834,44.208,31.4,2.8659,6.3356,0.8739,0.9801,0.6647,0.8604
3373,115.752,2.529,2.562,pose,39.298,32.834,44.208,31.4,2.8865,6.3393,0.8466,0.9884,0.6689,0.8681
3374,115.786,2.513,2.555,pose,39.298,32.834,44.208,31.4,2.8944,6.3472,0.8093,0.9906,0.7007,0.9045
3375,115.82,2.495,2.529,pose,39.298,32.834,44.208,31.4,2.9233,6.362,0.7525,0.9894,0.7085,0.929
3376,115.854,2.473,2.513,pose,39.335,32.834,44.208,31.4,2.9512,6.3722,0.6879,0.9785,0.7369,0.9311
3377,115.889,2.446,2.495,pose,39.335,32.834,44.208,31.4,2.9821,6.3727,0.6447,0.9904,0.7285,0.938
3378,115.923,2.453,2.473,pose,39.392,32.834,44.208,31.4,2.9845,6.3577,0.6271,0.9691,0.732,0.9238
3379,115.957,2.472,2.472,pose,39.392,32.834,44.208,31.4,2.9749,6.3363,0.6258,0.9914,0.7242,0.9304
3380,115.992,2.471,2.471,pose,39.392,32.834,44.208,31.4,2.9797,6.3312,0.6619,0.981,0.7119,0.9109
3381,116.026,2.463,2.463,pose,39.392,32.834,44.208,31.4,2.9693,6.3169,0.6825,0.9592,0.6774,0.8565
3382,116.06,2.992,2.471,bbox,39.392,32.834,44.208,31.4,2.9769,6.2946,,0.9541,,0.8471
3383,116.095,2.979,2.472,bbox,39.392,32.834,44.208,31.4,3.0094,6.2982,,0.9769,,0.8648
3384,116.129,2.311,2.471,pose,39.392,32.834,44.252,31.4,3.0569,6.2975,0.8558,0.9795,0.6423,0.8862
3385,116.163,2.283,2.463,pose,39.45,32.834,44.252,31.4,3.1009,6.3126,0.8868,0.9699,0.6281,0.896
3386,116.198,2.23,2.311,pose,39.497,32.834,44.252,31.4,3.1232,6.3525,0.9302,0.9915,0.6443,0.9315
3387,116.232,2.908,2.311,bbox,39.541,32.834,44.252,31.4,3.1355,6.3821,,1.0037,,0.9516
3388,116.266,2.964,2.311,bbox,39.541,32.834,44.252,31.455,3.1324,6.3687,,1.0174,,0.9595
3389,116.301,2.318,2.318,pose,39.573,32.834,44.252,31.455,3.1469,6.4052,0.9374,1.0059,0.5811,0.9247
3390,116.335,2.356,2.356,pose,39.573,32.834,44.252,31.455,3.1682,6.428,0.9311,1.0233,0.5522,0.8979
3391,116.369,2.306,2.356,pose,39.573,32.834,44.252,31.507,3.1974,6.4675,0.9398,1.0238,0.5432,0.8995
3392,116.404,2.316,2.318,pose,39.609,32.834,44.252,31.507,3.2183,6.4701,0.9297,1.0214,0.5763,0.8723
3393,116.438,2.314,2.316,pose,39.609,32.834,44.252,31.56,3.2336,6.4577,0.9173,1.033,0.5758,0.8567
3394,116.472,2.326,2.316,pose,39.659,32.834,44.252,31.56,3.2507,6.4425,0.9271,1.0119,0.5991,0.8338
3395,116.507,2.321,2.316,pose,39.659,32.834,44.252,31.56,3.241,6.4592,0.93,1.002,0.62,0.8848
3396,116.541,2.289,2.316,pose,39.659,32.834,44.252,31.56,3.2171,6.462,0.9241,1.0026,0.6328,0.9062
3397,116.575,2.303,2.314,pose,39.659,32.834,44.252,31.56,3.2085,6.452,0.9174,0.9416,0.6482,0.9265
3398,116.609,2.291,2.303,pose,39.659,32.834,44.252,31.56,3.1962,6.4365,0.9084,1.0054,0.6662,0.9471
3399,116.644,2.294,2.294,pose,39.659,32.834,44.252,31.56,3.1888,6.3835,0.8939,1.0346,0.6634,0.9352
3400,116.678,2.319,2.294,pose,39.659,32.834,44.252,31.56,3.1564,6.4656,0.903,0.9133,0.6589,0.9453
3401,116.712,2.343,2.303,pose,39.659,32.834,44.252,31.56,3.1295,6.3572,0.9389,0.9437,0.6295,0.8923
3402,116.747,2.356,2.319,pose,39.659,32.896,44.326,31.56,3.1117,6.3075,0.9552,0.9747,0.6005,0.9086
3403,116.781,2.357,2.343,pose,39.659,32.896,44.326,31.56,3.098,6.303,0.9787,0.9906,0.5776,0.8831
3404,116.815,2.355,2.355,pose,39.659,32.94,44.402,31.56,3.0868,6.2855,0.955,0.9953,0.5762,0.8618
3405,116.85,2.342,2.355,pose,39.659,32.94,44.402,31.56,3.0817,6.2806,0.9523,0.9902,0.5777,0.8613
3406,116.884,2.297,2.355,pose,39.659,32.94,44.402,31.56,3.0836,6.2988,0.9492,0.997,0.6111,0.8675
3407,116.918,2.284,2.342,pose,39.659,32.94,44.402,31.56,3.07,6.3318,0.9542,0.9882,0.628,0.8818
3408,116.953,2.298,2.298,pose,39.659,32.97,44.402,31.56,3.0649,6.3779,0.9175,0.9972,0.6543,0.9299
3409,116.987,2.314,2.298,pose,39.659,32.97,44.402,31.56,3.0674,6.4093,0.903,0.9634,0.649,0.933
3410,117.021,2.316,2.298,pose,39.659,32.97,44.402,31.63,3.0741,6.4334,0.8903,1.0652,0.6421,0.956
3411,117.056,2.324,2.314,pose,39.659,32.97,44.402,31.662,3.0867,6.481,0.9127,1.0462,0.6445,0.9374
3412,117.09,2.39,2.316,pose,39.659,32.97,44.402,31.662,3.1003,6.5104,0.8967,1.0258,0.6444,0.9247
3413,117.124,2.446,2.324,pose,39.659,32.97,44.402,31.733,3.1069,6.5349,0.902,0.9697,0.6301,0.9077
3414,117.159,2.454,2.39,pose,39.659,32.97,44.402,31.733,3.0975,6.5465,0.9175,1.0252,0.6156,0.8576
3415,117.193,2.487,2.446,pose,39.659,32.97,44.402,31.787,3.0737,6.6347,0.9389,1.0402,0.5947,0.8625
3416,117.227,2.479,2.454,pose,39.659,32.97,44.402,31.787,3.0387,6.5799,0.9447,1.0419,0.5831,0.8242
3417,117.261,2.481,2.479,pose,39.659,32.97,44.402,31.82,3.0147,6.5679,0.953,1.0255,0.5835,0.8335
3418,117.296,2.475,2.479,pose,39.659,33.013,44.402,31.82,3.0102,6.5117,0.9562,1.0043,0.5973,0.856
3419,117.33,2.448,2.479,pose,39.659,33.013,44.402,31.82,3.017,6.4998,0.944,0.9973,0.6047,0.8755
3420,117.364,2.431,2.475,pose,39.659,33.013,44.458,31.82,3.0103,6.5041,0.9212,1.0111,0.638,0.8916
3421,117.399,2.42,2.448,pose,39.659,33.013,44.458,31.82,3.0297,6.4932,0.9173,0.9794,0.6619,0.9257
3422,117.433,2.437,2.437,pose,39.659,33.013,44.458,31.82,3.0561,6.4827,0.8836,1.0049,0.6651,0.9171
3423,117.467,2.43,2.431,pose,39.659,33.013,44.458,31.82,3.062,6.4733,0.8887,1.0105,0.6659,0.9203
3424,117.502,2.471,2.431,pose,39.659,33.013,44.458,31.82,3.0497,6.4369,0.8719,0.9796,0.6672,0.9316
3425,117.536,2.454,2.437,pose,39.659,33.013,44.497,31.82,3.0618,6.4229,0.8847,0.9403,0.6376,0.9155
3426,117.57,2.479,2.454,pose,39.659,33.013,44.497,31.82,3.0803,6.4461,0.9021,0.916,0.6037,0.8995
3427,117.605,2.543,2.471,pose,39.659,33.013,44.497,31.82,3.1264,6.4884,0.9051,0.9205,0.5879,0.8624
3428,117.639,2.54,2.479,pose,39.7,33.013,44.497,31.82,3.1629,6.5345,0.9302,0.9346,0.5636,0.8537
3429,117.673,2.521,2.521,pose,39.746,33.013,44.497,31.82,3.1959,6.5816,0.9292,0.9397,0.5695,0.858
3430,117.708,2.458,2.521,pose,39.783,33.013,44.497,31.881,3.2148,6.6039,0.9186,0.9686,0.5849,0.892
3431,117.742,2.444,2.521,pose,39.816,33.013,44.497,31.928,3.2112,6.6258,0.9116,0.9656,0.6177,0.9023
3432,117.776,2.446,2.458,pose,39.816,33.013,44.497,31.928,3.2158,6.6334,0.8933,0.9715,0.6392,0.9534
3433,117.811,2.416,2.446,pose,39.816,33.013,44.497,31.973,3.2267,6.6574,0.9004,1.0331,0.6486,0.9543
3434,117.845,2.41,2.444,pose,39.816,33.013,44.497,31.973,3.2217,6.6814,0.8802,1.0423,0.6838,0.9723
3435,117.879,2.387,2.416,pose,39.816,33.013,44.497,32.004,3.2194,6.7145,0.8837,1.0577,0.6916,0.9721
3436,117.914,2.4,2.41,pose,39.816,33.013,44.497,32.004,3.2349,6.7313,0.8772,1.0623,0.6869,0.8914
3437,117.948,2.438,2.41,pose,39.847,33.013,44.497,32.061,3.2295,6.7206,0.8835,1.096,0.6736,0.9165
3438,117.982,2.448,2.41,pose,39.847,33.013,44.497,32.061,3.2235,6.7095,0.9023,1.0979,0.6605,0.8563
3439,118.016,2.69,2.438,pose,39.847,33.013,44.497,32.061,3.2078,6.6927,0.0073,1.0891,-0.1822,0.8287
3440,118.051,2.508,2.448,pose,39.847,33.013,44.497,32.061,3.2104,6.6843,0.8995,1.0999,0.6404,0.8371
3441,118.085,2.488,2.488,pose,39.847,33.013,44.497,32.061,3.2204,6.6796,0.8769,1.0723,0.6534,0.8275
3442,118.119,2.417,2.488,pose,39.847,33.013,44.527,32.061,3.2305,6.679,0.867,1.0879,0.6755,0.8244
3443,118.154,2.406,2.488,pose,39.847,33.013,44.527,32.061,3.2512,6.6558,0.8599,1.0713,0.6876,0.8506
3444,118.188,2.414,2.417,pose,39.847,33.013,44.527,32.061,3.2781,6.5906,0.834,0.9743,0.6759,0.8656
3445,118.222,2.393,2.414,pose,39.847,33.013,44.527,32.061,3.2825,6.5542,0.8087,0.9408,0.6648,0.8712
3446,118.257,2.383,2.406,pose,39.898,33.013,44.62,32.061,3.2901,6.5009,0.7803,0.9016,0.6566,0.9118
3447,118.291,2.358,2.393,pose,39.898,33.013,44.657,32.061,3.292,6.4718,0.7614,0.8421,0.653,0.9283
3448,118.325,2.362,2.383,pose,39.898,33.013,44.71,32.061,3.2896,6.4087,0.7631,0.7883,0.6333,0.9303
3449,118.36,2.333,2.362,pose,39.898,33.013,44.71,32.061,3.2959,6.3717,0.7613,0.8114,0.6108,0.8876
3450,118.394,2.274,2.358,pose,39.898,33.013,44.802,32.061,3.2895,6.3728,0.7764,0.9252,0.5997,0.864
3451,118.428,2.152,2.333,pose,39.898,33.013,44.838,32.061,3.2721,6.362,0.7805,1.048,0.6076,0.8402
3452,118.463,2.084,2.274,pose,39.898,33.013,44.838,32.061,3.2556,6.3306,0.7959,1.1564,0.5938,0.7825
3453,118.497,1.982,2.152,pose,39.898,33.013,44.838,32.061,3.2628,6.282,0.7781,1.2856,0.6282,0.7591
3454,118.531,1.948,2.084,pose,39.898,33.013,44.88,32.061,3.224,6.2322,0.7628,1.3569,0.6588,0.7145
3455,118.566,1.934,1.982,pose,39.898,33.013,44.929,32.061,3.2149,6.1936,0.7574,1.409,0.7011,0.7085
3456,118.6,2.008,1.982,pose,39.898,33.068,44.979,32.061,3.14,6.1247,0.7195,1.3722,0.6895,0.7237
3457,118.634,2.046,1.982,pose,39.898,33.068,45.017,32.061,3.0927,6.0734,0.6674,1.42,0.6716,0.6927
3458,118.668,2.106,2.008,pose,39.898,33.152,45.086,32.061,3.041,6.0027,0.6869,1.3289,0.651,0.7071
3459,118.703,2.978,2.046,pose,39.898,33.199,45.138,32.061,2.9924,5.9279,0.7628,0.0147,0.6155,0.4018
3460,118.737,2.81,2.106,bbox,39.898,33.251,45.208,32.061,2.9482,5.834,0.805,,0.5739,
3461,118.771,2.138,2.138,pose,39.898,33.299,45.283,32.061,2.9084,5.9154,0.8393,1.0437,0.5827,0.7208
3462,118.806,2.093,2.138,pose,39.898,33.343,45.283,32.061,2.8877,5.5439,0.8805,0.8931,0.5727,0.7464
3463,118.84,2.1,2.138,pose,39.898,33.383,45.377,32.061,2.8731,5.4494,0.9059,0.7575,0.5979,0.7953
3464,118.874,2.419,2.138,bbox,39.898,33.383,45.527,32.061,2.8443,5.3677,,0.6392,,0.8053
3465,118.909,2.367,2.138,bbox,39.898,33.418,45.622,32.061,2.8076,5.3078,,0.4678,,0.7948
3466,118.943,2.571,2.367,pose,39.898,33.418,45.703,32.061,2.7505,5.2948,0.138,0.4671,0.5166,0.828
3467,118.977,2.152,2.367,pose,39.898,33.484,45.763,32.061,2.7165,5.295,0.6328,0.4472,0.6844,0.816
3468,119.012,2.198,2.367,pose,39.898,33.541,45.763,32.061,2.7161,5.275,0.5288,0.4667,0.6591,0.8187
3469,119.046,2.336,2.336,bbox,39.898,33.571,45.763,32.061,2.7201,5.1919,,0.6319,,0.8614
3470,119.08,2.435,2.336,bbox,39.898,33.571,45.796,32.061,2.6585,5.2227,,0.7147,,0.8633
3471,119.115,2.394,2.336,bbox,39.898,33.571,45.848,32.061,2.7127,5.1933,,0.8386,,0.8397
3472,119.149,1.994,2.336,pose,39.898,33.571,45.848,32.061,2.6813,5.1182,0.561,0.9382,0.6038,0.8143
3473,119.183,1.928,2.336,pose,39.898,33.61,45.879,32.061,2.6291,5.0552,0.6329,1.0251,0.632,0.7613
3474,119.218,1.862,1.994,pose,39.898,33.61,45.953,32.061,2.5838,4.9988,0.7268,1.0754,0.6087,0.7185
3475,119.252,2.459,1.994,bbox,39.898,33.662,46.016,32.061,2.5233,4.9596,,1.1857,,0.6815
3476,119.286,2.191,1.994,pose,39.898,33.708,46.072,32.061,2.4662,4.9123,0.205,0.9302,0.5263,0.6513
3477,119.321,2.555,2.191,bbox,39.898,33.768,46.111,32.061,2.4072,4.8712,,1.2239,,0.6105
3478,119.355,2.518,2.459,bbox,39.898,33.825,46.159,32.061,2.3529,4.775,,1.4329,,0.6223
3479,119.389,2.533,2.518,bbox,39.898,33.884,46.2,32.061,2.292,4.7207,,1.477,,0.6307
3480,119.423,2.476,2.518,bbox,39.898,33.939,46.296,32.061,2.2764,4.643,,1.5214,,0.6034
3481,119.458,2.442,2.518,bbox,39.898,34.0,46.35,32.061,2.2298,4.5567,,1.3712,,0.612
3482,119.492,2.433,2.476,bbox,39.898,34.0,46.428,32.061,2.1898,4.4802,,1.3439,,0.6061
3483,119.526,2.422,2.442,bbox,39.898,34.062,46.514,32.061,2.1155,4.3834,,1.3695,,0.5998
3484,119.561,2.356,2.433,bbox,39.898,34.102,46.591,32.061,2.0984,4.2939,,1.1073,,0.6112
3485,119.595,2.292,2.422,bbox,39.898,34.176,46.688,32.061,2.0766,4.202,,0.6934,,0.6202
3486,119.629,2.274,2.356,bbox,39.898,34.176,46.777,32.061,2.0287,4.1385,,1.1406,,0.6307
3487,119.664,2.405,2.356,bbox,39.898,34.215,46.839,32.061,1.9676,4.232,,1.0763,,0.6402
3488,119.698,1.6,2.292,pose,39.898,34.263,46.839,32.061,1.9418,4.0776,0.662,1.0322,0.6241,0.6638
3489,119.732,2.156,2.274,bbox,39.898,34.324,46.932,32.061,1.901,4.025,,0.9793,,0.6705
3490,119.767,2.063,2.156,bbox,39.898,34.324,46.993,32.061,1.8762,4.0061,,0.9536,,0.7122
3491,119.801,2.022,2.063,bbox,39.898,34.391,47.046,32.061,1.8361,3.9915,,0.9155,,0.7391
3492,119.835,2.009,2.022,bbox,39.898,34.391,47.046,32.061,1.7924,3.9636,,0.8896,,0.761
3493,119.87,1.997,2.022,bbox,39.898,34.455,47.079,32.061,1.7726,3.9659,,0.9028,,0.7712
3494,119.904,1.867,2.009,pose,39.898,34.499,47.079,32.061,1.726,3.9595,0.0498,0.9024,0.6169,0.797
3495,119.938,2.078,2.009,pose,39.898,34.499,47.079,32.061,1.6465,3.9568,0.0138,0.921,0.7124,0.8075
3496,119.973,2.171,2.009,pose,39.898,34.566,47.079,32.061,1.5355,3.9799,0.0168,0.8822,0.755,0.8049
3497,120.007,2.31,2.078,pose,39.898,34.645,47.079,32.061,1.5065,4.002,0.0159,0.8759,0.6852,0.7781
3498,120.041,2.303,2.171,pose,39.898,34.756,47.079,32.061,1.4675,4.0225,0.0101,0.9059,0.3651,0.7802
3499,120.075,2.605,2.303,bbox,39.898,34.756,47.079,32.061,1.3844,4.057,,0.9141,,0.7468
3500,120.11,2.782,2.31,bbox,39.898,34.824,47.079,32.092,1.3021,4.099,,0.9272,,0.7415
3501,120.144,2.786,2.605,pose,39.898,34.907,47.079,32.127,1.1933,4.1371,0.038,0.9215,0.6884,0.7337
3502,120.178,3.149,2.782,bbox,39.898,34.989,47.079,32.169,1.0846,4.1609,,0.9222,,0.7159
3503,120.213,3.306,2.786,bbox,39.898,35.098,47.079,32.207,1.0023,4.1819,,0.9378,,0.712
3504,120.247,2.935,2.935,pose,39.898,35.207,47.079,32.207,0.9264,4.2082,0.5092,0.944,0.4931,0.7188
3505,120.281,2.952,2.952,pose,39.898,35.289,47.079,32.252,0.8805,4.2341,0.5408,0.9375,0.5058,0.7258
3506,120.316,2.962,2.962,pose,39.898,35.365,47.079,32.252,0.8497,4.2365,0.5462,0.9371,0.49,0.7726
3507,120.35,2.978,2.962,pose,39.898,35.411,47.079,32.304,0.824,4.2506,0.5897,0.9271,0.5058,0.7674
3508,120.384,2.985,2.962,pose,39.898,35.442,47.079,32.304,0.8171,4.2517,0.5888,0.9083,0.4915,0.7915
3509,120.419,2.939,2.962,pose,39.898,35.442,47.079,32.304,0.8126,4.2604,0.6043,0.888,0.4999,0.8049
3510,120.453,2.913,2.962,pose,39.898,35.474,47.079,32.304,0.8125,4.2622,0.5607,0.8953,0.5239,0.8329
3511,120.487,2.878,2.939,pose,39.898,35.474,47.079,32.304,0.8103,4.2644,0.5695,0.886,0.551,0.8371
3512,120.522,2.888,2.913,pose,39.898,35.474,47.079,32.304,0.7813,4.2494,0.539,0.8877,0.6256,0.8489
3513,120.556,3.437,2.913,bbox,39.898,35.474,47.079,32.304,0.7588,4.2265,,0.8806,,0.831
3514,120.59,3.389,2.913,bbox,39.898,35.51,47.079,32.304,0.74,4.1714,,0.8865,,0.8095
3515,120.625,3.361,3.361,bbox,39.898,35.51,47.079,32.304,0.7141,4.135,,0.8966,,0.7884
3516,120.659,3.328,3.361,bbox,39.898,35.552,47.142,32.304,0.7,4.0759,,0.9431,,0.7672
3517,120.693,3.291,3.361,bbox,39.898,35.552,47.179,32.304,0.6972,4.0219,,0.9736,,0.7408
3518,120.728,3.283,3.328,bbox,39.898,35.552,47.238,32.304,0.7386,4.0146,,1.0218,,0.7408
3519,120.762,3.272,3.291,bbox,39.898,35.552,47.238,32.304,0.8379,4.0649,,1.0734,,0.7114
3520,120.796,3.248,3.283,bbox,39.898,35.552,47.238,32.304,1.002,4.1267,,1.1278,,0.6877
3521,120.83,3.227,3.272,bbox,39.996,35.552,47.238,32.304,1.1127,4.198,,1.1328,,0.688
3522,120.865,3.176,3.248,bbox,40.146,35.552,47.238,32.355,1.2147,4.2583,,1.1506,,0.6934
3523,120.899,3.164,3.227,bbox,40.257,35.552,47.238,32.426,1.3153,4.3402,,1.1748,,0.6844
3524,120.933,3.115,3.176,bbox,40.359,35.552,47.238,32.486,1.3707,4.35,,1.1564,,0.6918
3525,120.968,3.057,3.164,bbox,40.459,35.552,47.238,32.568,1.4224,4.3599,,1.1091,,0.6967
3526,121.002,3.017,3.115,bbox,40.515,35.552,47.238,32.568,1.447,4.344,,1.0366,,0.7051
3527,121.036,2.943,3.057,bbox,40.566,35.552,47.238,32.568,1.4683,4.3015,,0.969,,0.7367
3528,121.071,2.163,3.017,pose,40.566,35.552,47.238,32.568,1.4856,4.2024,0.6309,0.8624,0.5552,0.7568
3529,121.105,2.14,2.943,pose,40.612,35.552,47.276,32.568,1.5205,4.1113,0.6516,0.7738,0.5501,0.815
3530,121.139,2.086,2.163,pose,40.612,35.552,47.376,32.568,1.5497,4.089,0.6305,0.6956,0.5444,0.819
3531,121.174,2.168,2.163,pose,40.665,35.552,47.467,32.568,1.5899,4.0394,0.5115,0.6306,0.5047,0.8404
3532,121.208,2.006,2.14,pose,40.665,35.552,47.467,32.568,1.6237,3.9999,0.6061,0.6451,0.5313,0.8626
3533,121.242,2.383,2.14,bbox,40.734,35.552,47.539,32.568,1.6467,4.0174,,0.6737,,0.8778
3534,121.277,1.85,2.086,pose,40.768,35.552,47.539,32.568,1.68,4.0241,0.5937,0.7247,0.5684,0.869
3535,121.311,2.321,2.168,bbox,40.768,35.552,47.539,32.568,1.7303,4.0379,,0.758,,0.8687
3536,121.345,2.338,2.321,bbox,40.824,35.552,47.539,32.568,1.7836,4.0797,,0.7413,,0.8389
3537,121.38,2.335,2.335,bbox,40.874,35.552,47.539,32.568,1.8221,4.1148,,0.7511,,0.8305
3538,121.414,2.328,2.328,bbox,40.928,35.552,47.539,32.609,1.8872,4.1402,,0.7453,,0.8054
3539,121.448,2.045,2.328,pose,40.966,35.552,47.539,32.644,1.9458,4.2095,0.4121,0.73,0.6371,0.8245
3540,121.482,2.113,2.328,pose,41.031,35.552,47.539,32.644,1.9793,4.3704,0.3753,0.7165,0.6369,0.8268
3541,121.517,2.376,2.328,bbox,41.09,35.552,47.539,32.738,2.0019,4.3013,,0.7086,,0.8527
3542,121.551,2.452,2.328,bbox,41.123,35.552,47.539,32.83,2.0048,4.379,,0.7111,,0.8687
3543,121.585,2.075,2.113,pose,41.123,35.552,47.539,32.899,1.9995,4.4122,0.4469,0.7335,0.5593,0.8897
3544,121.62,2.095,2.113,pose,41.123,35.552,47.539,32.899,1.9945,4.4345,0.4612,0.744,0.5511,0.8732
3545,121.654,2.321,2.321,pose,41.123,35.552,47.539,32.941,1.9994,4.4685,0.0705,0.7538,0.5475,0.8705
3546,121.688,2.098,2.098,pose,41.123,35.552,47.539,32.941,2.0124,4.6678,0.4741,0.7729,0.5329,0.8503
3547,121.723,2.3,2.098,pose,41.123,35.552,47.539,32.997,2.0447,4.6125,0.1931,0.7842,0.5493,0.8266
3548,121.757,2.144,2.144,pose,41.156,35.552,47.539,33.142,2.0843,4.6348,0.4867,0.7924,0.5622,0.8179
3549,121.791,2.198,2.198,pose,41.189,35.552,47.539,33.142,2.1204,4.6556,0.3655,0.7967,0.564,0.8211
3550,121.826,2.096,2.144,pose,41.228,35.552,47.539,33.185,2.1502,4.6793,0.4396,0.7811,0.5555,0.8392
3551,121.86,2.081,2.144,pose,41.264,35.552,47.539,33.185,2.2161,4.703,0.3848,0.8191,0.6256,0.841
3552,121.894,2.475,2.144,bbox,41.264,35.552,47.539,33.185,2.284,4.7256,,0.8163,,0.8277
3553,121.929,2.368,2.198,bbox,41.36,35.552,47.539,33.232,2.3547,4.7114,,0.7947,,0.848
3554,121.963,2.34,2.34,bbox,41.428,35.552,47.539,33.232,2.4064,4.7485,,0.7742,,0.8451
3555,121.997,1.983,2.34,pose,41.499,35.552,47.539,33.232,2.4439,4.7499,0.2849,0.764,0.5882,0.8549
3556,122.032,2.257,2.34,bbox,41.55,35.552,47.539,33.277,2.4863,4.75,,0.7774,,0.8711
3557,122.066,1.826,2.257,pose,41.588,35.552,47.539,33.277,2.5267,4.695,0.3989,0.7486,0.5476,0.8549
3558,122.1,1.773,1.983,pose,41.63,35.552,47.539,33.277,2.5638,4.6799,0.4774,0.707,0.5383,0.8594
3559,122.135,1.681,1.826,pose,41.671,35.552,47.592,33.277,2.6068,4.6856,0.5401,0.6959,0.5399,0.8281
3560,122.169,2.058,1.826,bbox,41.708,35.552,47.592,33.277,2.6736,4.6876,,0.6872,,0.8385
3561,122.203,2.096,1.826,pose,41.751,35.552,47.592,33.277,2.7286,4.7113,0.008,0.6991,0.486,0.8534
3562,122.237,1.592,1.773,pose,41.818,35.552,47.592,33.277,2.7858,4.7452,0.6142,0.7137,0.477,0.85
3563,122.272,1.994,1.994,bbox,41.873,35.552,47.592,33.277,2.8307,4.7871,,0.7501,,0.8577
3564,122.306,1.584,1.994,pose,41.93,35.552,47.592,33.328,2.8416,4.8372,0.6006,0.7589,0.4389,0.8691
3565,122.34,1.635,1.635,pose,41.975,35.552,47.592,33.37,2.8618,4.8799,0.5885,0.7678,0.4281,0.8684
3566,122.375,2.107,1.635,bbox,41.975,35.552,47.592,33.42,2.9051,4.9168,,0.7198,,0.8743
3567,122.409,1.805,1.805,pose,41.975,35.552,47.592,33.462,2.8383,4.937,0.6081,0.6288,0.4324,0.862
3568,122.443,1.935,1.805,pose,41.975,35.552,47.592,33.499,2.7886,5.0928,0.6467,0.5176,0.4637,0.8256
3569,122.478,2.008,1.935,pose,41.975,35.552,47.592,33.499,2.7588,5.0264,0.6532,0.464,0.4972,0.7611
3570,122.512,2.169,2.008,pose,41.975,35.594,47.592,33.609,2.7423,5.0613,0.6623,0.3633,0.5092,0.7375
3571,122.546,2.261,2.008,pose,41.975,35.594,47.592,33.644,2.7389,5.1046,0.661,0.2884,0.4885,0.6934
3572,122.581,2.286,2.169,pose,41.975,35.64,47.592,33.675,2.7081,5.1228,0.6528,0.2963,0.5341,0.6756
3573,122.615,2.385,2.261,pose,41.975,35.64,47.592,33.675,2.6735,5.1354,0.6265,0.2522,0.5293,0.694
3574,122.649,2.324,2.286,pose,41.975,35.674,47.592,33.705,2.6598,5.2861,0.6276,0.3253,0.5262,0.6946
3575,122.684,2.208,2.286,pose,41.975,35.709,47.592,33.705,2.6537,5.2861,0.6221,0.4532,0.5168,0.7015
3576,122.718,2.144,2.286,pose,41.975,35.709,47.592,33.779,2.6486,5.1966,0.6201,0.5075,0.5173,0.7149
3577,122.752,2.017,2.208,pose,41.975,35.709,47.592,33.779,2.6443,5.1943,0.607,0.6426,0.5309,0.7332
3578,122.787,1.874,2.144,pose,41.975,35.709,47.592,33.779,2.6472,5.0785,0.5818,0.7861,0.5111,0.7548
3579,122.821,1.766,2.017,pose,41.975,35.709,47.592,33.779,2.646,4.9905,0.546,0.9019,0.5679,0.7843
3580,122.855,1.678,1.874,pose,41.975,35.709,47.71,33.779,2.62,4.9135,0.4914,0.9902,0.5782,0.8068
3581,122.889,1.694,1.766,pose,41.975,35.709,47.798,33.779,2.6289,4.7981,0.408,1.0056,0.5841,0.7834
3582,122.924,1.713,1.713,pose,41.975,35.709,47.875,33.779,2.6511,4.7399,0.3341,1.0326,0.583,0.7761
3583,122.958,1.692,1.694,pose,41.975,35.709,47.991,33.779,2.6568,4.695,0.4028,0.9562,0.5679,0.7702
3584,122.992,1.683,1.692,pose,41.975,35.709,48.049,33.779,2.6503,4.6363,0.4571,0.8707,0.5449,0.7491
3585,123.027,1.655,1.692,pose,41.975,35.709,48.094,33.779,2.6293,4.5748,0.5004,0.7898,0.5106,0.7318
3586,123.061,1.665,1.683,pose,41.975,35.709,48.152,33.779,2.6019,4.4931,0.5408,0.7193,0.5036,0.7293
3587,123.095,1.658,1.665,pose,41.975,35.753,48.214,33.779,2.5561,4.4732,0.5705,0.6736,0.4939,0.7351
3588,123.13,1.712,1.665,pose,41.975,35.753,48.296,33.779,2.5216,4.4721,0.3681,0.6968,0.5337,0.7027
3589,123.164,1.636,1.658,pose,41.975,35.826,48.296,33.779,2.4839,4.4659,0.5356,0.7887,0.5134,0.6561
3590,123.198,1.485,1.658,pose,41.975,35.861,48.296,33.779,2.4637,4.4398,0.6178,0.8693,0.5079,0.6278
3591,123.233,1.387,1.636,pose,41.975,35.898,48.296,33.779,2.4492,4.4174,0.6051,0.9716,0.5018,0.6259
3592,123.267,1.301,1.485,pose,41.975,35.898,48.349,33.779,2.4477,4.3634,0.5567,1.0967,0.5183,0.6096
3593,123.301,2.103,1.485,bbox,41.975,35.898,48.349,33.779,2.4572,4.3222,,1.0564,,0.6095
3594,123.336,1.994,1.485,bbox,41.975,35.898,48.425,33.779,2.4675,4.2587,,,,
3595,123.37,1.159,1.387,pose,41.975,35.932,48.466,33.779,2.4498,4.187,0.4083,1.2586,0.4901,0.5621
3596,123.404,1.503,1.503,pose,41.975,35.932,48.53,33.779,2.4224,4.1041,0.4493,0.6992,0.4696,0.6097
3597,123.439,1.87,1.87,bbox,41.975,35.932,48.602,33.779,2.4103,3.9962,,1.049,,0.5713
3598,123.473,1.887,1.87,bbox,41.975,35.932,48.685,33.779,2.3462,3.9266,,0.0782,,0.4308
3599,123.507,1.063,1.503,pose,41.975,35.972,48.792,33.779,2.3445,3.8958,0.5251,1.083,0.5054,0.5881
3600,123.542,1.084,1.503,pose,41.975,36.036,48.862,33.779,2.2957,3.8838,0.5201,1.0218,0.5498,0.5908
3601,123.576,1.125,1.125,pose,41.975,36.036,48.893,33.779,2.2784,3.8539,0.496,0.9705,0.529,0.6068
3602,123.61,1.37,1.125,pose,41.975,36.086,48.893,33.779,2.2918,3.8407,0.14,0.9364,0.5656,0.6133
3603,123.644,1.427,1.125,pose,41.975,36.086,48.935,33.779,2.2978,3.8146,0.2305,0.916,0.5452,0.6502
3604,123.679,1.411,1.37,pose,41.975,36.086,48.935,33.779,2.2962,3.8331,0.2069,0.9134,0.5602,0.6743
3605,123.713,1.437,1.411,pose,41.975,36.086,48.935,33.779,2.3012,3.84,0.0932,0.9012,0.5407,0.6897
3606,123.747,1.159,1.411,pose,41.975,36.086,48.935,33.779,2.2896,3.8618,0.4088,0.8638,0.4928,0.7418
3607,123.782,1.63,1.427,pose,41.975,36.086,48.935,33.779,2.2689,3.8775,0.0167,0.8232,0.601,0.767
3608,123.816,1.699,1.437,pose,41.975,36.086,48.935,33.779,2.2555,3.9081,0.0088,0.7797,0.6096,0.7916
3609,123.85,1.822,1.63,pose,41.975,36.086,48.935,33.779,2.2644,3.949,0.0164,0.7091,0.5948,0.7644
3610,123.885,1.855,1.699,pose,41.975,36.118,48.935,33.833,2.2295,3.9983,0.0966,0.6392,0.5838,0.7623
3611,123.919,1.885,1.822,pose,41.975,36.118,48.935,33.874,2.2112,4.0335,0.1867,0.6073,0.5848,0.7796
3612,123.953,1.973,1.855,pose,41.975,36.153,48.935,33.924,2.1792,4.0752,0.1547,0.594,0.548,0.7671
3613,123.988,1.956,1.885,pose,41.975,36.153,48.935,33.959,2.1566,4.1241,0.3046,0.5983,0.5315,0.7052
3614,124.022,2.0,1.956,pose,41.975,36.203,48.935,34.0,2.1391,4.1612,0.3427,0.6089,0.484,0.682
3615,124.056,2.06,1.973,pose,41.975,36.203,48.935,34.049,2.1184,4.1846,0.3964,0.5991,0.4971,0.6657
3616,124.091,2.053,2.0,pose,41.975,36.243,48.935,34.086,2.1038,4.2019,0.4456,0.6307,0.4781,0.6483
3617,124.125,2.057,2.053,pose,41.975,36.243,48.935,34.086,2.0809,4.211,0.4603,0.6343,0.475,0.6541
3618,124.159,2.046,2.053,pose,41.975,36.278,48.935,34.127,2.0631,4.2129,0.4892,0.6165,0.4573,0.6601
3619,124.194,2.036,2.053,pose,41.975,36.278,48.935,34.127,2.0673,4.1942,0.4875,0.5956,0.4554,0.6934
3620,124.228,2.002,2.046,pose,41.975,36.278,48.935,34.127,2.0813,4.1593,0.5001,0.567,0.4533,0.7159
3621,124.262,2.354,2.046,bbox,41.975,36.278,48.935,34.127,2.093,4.1286,,0.5104,,0.7261
3622,124.296,1.935,2.036,pose,41.975,36.278,48.977,34.127,2.1168,4.1058,0.4312,0.4837,0.4573,0.7348
3623,124.331,1.892,2.002,pose,41.975,36.278,49.008,34.127,2.128,4.0685,0.4661,0.4382,0.4784,0.7434
3624,124.365,1.849,1.935,pose,41.975,36.278,49.008,34.127,2.1406,4.0338,0.4181,0.4201,0.5368,0.7656
3625,124.399,1.81,1.892,pose,41.975,36.278,49.068,34.127,2.1534,3.9933,0.4054,0.4324,0.5236,0.7671
3626,124.434,1.707,1.849,pose,42.012,36.278,49.103,34.127,2.1772,3.9826,0.3917,0.5008,0.5553,0.7499
3627,124.468,1.648,1.81,pose,42.012,36.278,49.143,34.127,2.2061,3.9747,0.3938,0.5448,0.5324,0.7696
3628,124.502,1.755,1.755,pose,42.048,36.278,49.143,34.127,2.2375,3.9838,0.2912,0.5492,0.5189,0.7442
3629,124.537,1.683,1.707,pose,42.048,36.278,49.143,34.127,2.2678,3.9694,0.3804,0.5349,0.5156,0.7111
3630,124.571,1.682,1.683,pose,42.108,36.278,49.143,34.127,2.2844,3.99,0.3836,0.5507,0.4997,0.6969
3631,124.605,1.691,1.683,pose,42.139,36.278,49.143,34.127,2.2889,4.0053,0.3985,0.5339,0.5084,0.7274
3632,124.64,1.701,1.691,pose,42.139,36.278,49.143,34.127,2.2837,4.0253,0.4083,0.5252,0.5215,0.719
3633,124.674,1.713,1.691,pose,42.139,36.278,49.143,34.127,2.2867,4.0478,0.3878,0.5592,0.5051,0.7393
3634,124.708,1.836,1.701,pose,42.139,36.278,49.143,34.159,2.283,4.0745,0.2517,0.5559,0.5202,0.7633
3635,124.743,1.934,1.713,pose,42.139,36.278,49.143,34.159,2.2805,4.1113,0.1618,0.5569,0.5079,0.7713
3636,124.777,1.865,1.836,pose,42.139,36.278,49.143,34.208,2.2749,4.1471,0.2677,0.5682,0.55,0.7734
3637,124.811,1.935,1.865,pose,42.139,36.278,49.143,34.245,2.2686,4.1837,0.2467,0.5755,0.5562,0.769
3638,124.846,1.892,1.892,pose,42.139,36.278,49.143,34.281,2.2484,4.2083,0.3195,0.5808,0.5475,0.7594
3639,124.88,1.949,1.934,pose,42.139,36.278,49.143,34.318,2.2329,4.2419,0.3621,0.5851,0.5251,0.7372
3640,124.914,1.976,1.935,pose,42.139,36.278,49.143,34.318,2.2294,4.2693,0.3552,0.5873,0.5285,0.7173
3641,124.949,1.995,1.949,pose,42.139,36.313,49.143,34.376,2.2188,4.279,0.3561,0.583,0.4988,0.7219
3642,124.983,1.997,1.976,pose,42.139,36.313,49.143,34.376,2.2176,4.2808,0.3519,0.5866,0.5025,0.7163
3643,125.017,1.967,1.976,pose,42.139,36.313,49.143,34.413,2.2117,4.2829,0.3709,0.5825,0.5198,0.7245
3644,125.051,1.928,1.976,pose,42.139,36.313,49.143,34.413,2.2104,4.2659,0.3776,0.593,0.5035,0.7376
3645,125.086,1.904,1.967,pose,42.139,36.313,49.143,34.413,2.2143,4.2542,0.3597,0.604,0.5178,0.7372
3646,125.12,1.872,1.928,pose,42.139,36.313,49.143,34.413,2.2234,4.238,0.3657,0.5813,0.5232,0.75
3647,125.154,1.849,1.904,pose,42.139,36.313,49.143,34.413,2.2356,4.2232,0.3389,0.576,0.535,0.77
3648,125.189,1.831,1.872,pose,42.139,36.313,49.184,34.413,2.2543,4.1958,0.3344,0.5737,0.5436,0.7572
3649,125.223,1.809,1.849,pose,42.139,36.313,49.184,34.413,2.2806,4.1833,0.3054,0.5617,0.5515,0.7528
3650,125.257,1.779,1.831,pose,42.139,36.313,49.227,34.413,2.3035,4.1664,0.3464,0.5497,0.5456,0.7333
3651,125.292,1.745,1.809,pose,42.186,36.313,49.227,34.413,2.326,4.1558,0.403,0.5432,0.5307,0.7236
3652,125.326,1.85,1.809,pose,42.186,36.313,49.227,34.413,2.3529,4.1543,0.3278,0.5242,0.44,0.7354
3653,125.36,1.838,1.809,pose,42.232,36.313,49.26,34.413,2.3646,4.1624,0.3197,0.5289,0.4503,0.728
3654,125.395,1.754,1.779,pose,42.232,36.313,49.26,34.413,2.3955,4.1699,0.4199,0.542,0.4808,0.7112
3655,125.429,1.738,1.754,pose,42.27,36.313,49.26,34.413,2.4202,4.1979,0.4471,0.5651,0.4679,0.7312
3656,125.463,1.752,1.754,pose,42.301,36.313,49.26,34.413,2.4411,4.2391,0.4548,0.574,0.4595,0.7578
3657,125.498,1.732,1.752,pose,42.301,36.313,49.26,34.448,2.4329,4.2761,0.4208,0.5935,0.485,0.7852
3658,125.532,1.737,1.738,pose,42.332,36.313,49.26,34.49,2.4259,4.3024,0.4143,0.5919,0.4908,0.7527
3659,125.566,1.781,1.738,pose,42.332,36.313,49.26,34.527,2.4241,4.3226,0.43,0.6095,0.4988,0.7602
3660,125.601,1.835,1.752,pose,42.332,36.313,49.26,34.527,2.4158,4.3523,0.4091,0.5773,0.5161,0.7456
3661,125.635,1.901,1.781,pose,42.332,36.313,49.26,34.573,2.4214,4.394,0.4292,0.5496,0.5065,0.7407
3662,125.669,1.876,1.835,pose,42.332,36.313,49.26,34.573,2.4236,4.4403,0.4512,0.5902,0.5136,0.7169
3663,125.704,1.886,1.876,pose,42.332,36.313,49.26,34.644,2.4221,4.4477,0.4661,0.595,0.5028,0.718
3664,125.738,1.899,1.886,pose,42.332,36.313,49.26,34.691,2.4222,4.4606,0.466,0.5955,0.501,0.7111
3665,125.772,1.902,1.899,pose,42.332,36.313,49.26,34.691,2.4246,4.4689,0.4776,0.5931,0.4791,0.7247
3666,125.806,1.887,1.887,pose,42.332,36.313,49.26,34.691,2.4367,4.4808,0.4694,0.597,0.4232,0.7171
3667,125.841,1.879,1.887,pose,42.332,36.313,49.26,34.691,2.4544,4.4952,0.493,0.5928,0.4251,0.7266
3668,125.875,1.861,1.887,pose,42.332,36.313,49.26,34.731,2.4689,4.4876,0.4788,0.5891,0.4717,0.7446
3669,125.909,1.826,1.879,pose,42.332,36.313,49.26,34.731,2.4782,4.4619,0.487,0.5839,0.4778,0.773
3670,125.944,1.792,1.861,pose,42.375,36.313,49.26,34.731,2.4855,4.4129,0.4644,0.569,0.4375,0.7856
3671,125.978,1.806,1.826,pose,42.375,36.313,49.26,34.731,2.5088,4.3819,0.4012,0.5555,0.4489,0.7939
3672,126.012,1.829,1.826,pose,42.375,36.313,49.328,34.731,2.5649,4.3572,0.3461,0.557,0.4472,0.7759
3673,126.047,1.808,1.808,pose,42.415,36.313,49.359,34.731,2.6362,4.3485,0.3029,0.5566,0.4316,0.7658
3674,126.081,1.987,1.808,bbox,42.471,36.313,49.359,34.731,2.6558,4.3526,,0.5481,,0.7517
3675,126.115,1.962,1.829,bbox,42.542,36.313,49.359,34.731,2.6871,4.3538,,0.5275,,0.7233
3676,126.15,1.945,1.945,bbox,42.542,36.313,49.359,34.731,2.7301,4.3566,,0.5228,,0.7254
3677,126.184,1.926,1.945,bbox,42.593,36.313,49.359,34.731,2.7613,4.3751,,0.5365,,0.7462
3678,126.218,1.944,1.945,bbox,42.636,36.313,49.359,34.731,2.8155,4.4159,,0.5528,,0.5742
3679,126.253,1.929,1.944,bbox,42.667,36.313,49.359,34.731,2.8612,4.452,,0.5369,,0.5399
3680,126.287,1.916,1.929,bbox,42.721,36.313,49.359,34.765,2.9098,4.4833,,0.5156,,0.7649
3681,126.321,1.76,1.926,bbox,42.767,36.313,49.359,34.801,2.989,4.5197,,0.4786,,0.7519
3682,126.356,,,,42.767,36.313,49.359,34.801,,,,,,
3683,126.39,,,,42.767,36.313,49.359,34.801,,,,,,
3684,126.424,,,,42.767,36.313,49.359,34.801,,,,,,
3685,126.458,,,,42.767,36.313,49.359,34.801,,,,,,
3686,126.493,,,,42.767,36.313,49.359,34.801,,,,,,
3687,126.527,1.875,1.916,bbox,42.816,36.313,49.359,34.833,3.0669,4.698,,,,
3688,126.561,,,,42.816,36.313,49.359,34.833,,,,,,
3689,126.596,1.972,1.916,bbox,42.895,36.313,49.359,34.869,3.0118,4.7106,,0.1067,,0.6022
3690,126.63,1.981,1.916,bbox,42.895,36.313,49.359,35.019,2.994,4.7052,,0.1226,,0.5725
3691,126.664,1.863,1.875,pose,42.895,36.313,49.359,35.019,3.0043,4.7095,0.0146,0.0805,-0.0175,0.5877
3692,126.699,2.202,1.972,bbox,42.895,36.313,49.359,35.019,2.9944,4.7025,,0.1156,,0.5927
3693,126.733,2.195,1.981,bbox,42.895,36.313,49.359,35.019,2.9723,4.6935,,0.0974,,0.6032
3694,126.767,2.195,2.195,pose,42.895,36.313,49.359,35.019,2.9611,4.6703,0.4103,0.1364,0.2426,0.6377
3695,126.802,1.965,2.195,pose,42.895,36.313,49.359,35.019,2.9368,4.6522,0.6478,0.3606,0.421,0.5872
3696,126.836,2.04,2.195,bbox,42.895,36.313,49.359,35.019,2.9705,4.6145,,0.544,,0.6069
3697,126.87,1.779,2.04,bbox,42.895,36.313,49.405,35.019,3.0465,4.5526,,0.6155,,0.5981
3698,126.905,1.813,1.965,bbox,42.895,36.313,49.442,35.019,2.9273,4.4897,,0.8009,,0.6193
3699,126.939,1.776,1.813,bbox,42.895,36.366,49.504,35.019,2.8942,4.4453,,0.8858,,0.6195
3700,126.973,2.244,1.813,pose,42.895,36.366,49.567,35.019,2.8499,4.3773,0.6743,0.0153,0.393,0.5048
3701,127.008,0.928,1.779,pose,42.895,36.408,49.612,35.019,2.8196,4.339,0.7505,1.0207,0.3332,0.5885
3702,127.042,0.901,1.776,pose,42.895,36.452,49.68,35.019,2.8193,4.2823,0.6768,1.0455,0.3743,0.5935
3703,127.076,1.833,1.776,bbox,42.895,36.483,49.718,35.019,2.8067,4.2362,,,,
3704,127.111,1.855,1.833,bbox,42.895,36.483,49.775,35.019,2.8036,4.1995,,1.0168,,0.5335
3705,127.145,1.829,1.829,bbox,42.895,36.483,49.821,35.019,2.7988,4.165,,0.9627,,0.5523
3706,127.179,1.654,1.829,bbox,42.895,36.483,49.857,35.019,2.7811,4.1512,,0.9104,,0.5969
3707,127.213,1.081,1.829,pose,42.895,36.483,49.857,35.019,2.7462,4.2111,0.422,0.8485,0.4534,0.6098
3708,127.248,1.188,1.654,pose,42.895,36.521,49.857,35.019,2.706,4.2275,0.3179,0.8142,0.4641,0.6237
3709,127.282,1.927,1.654,bbox,42.895,36.556,49.857,35.019,2.6864,4.2211,,0.7969,,0.6329
3710,127.316,1.593,1.593,pose,42.895,36.596,49.857,35.019,2.6784,4.1572,0.0864,0.7332,0.4269,0.6637
3711,127.351,1.617,1.593,pose,42.895,36.596,49.857,35.019,2.7172,4.0584,0.0017,0.7072,0.4205,0.6749
3712,127.385,1.63,1.617,pose,42.895,36.596,49.9,35.019,2.7881,4.0808,0.0131,0.6649,0.4111,0.6909
3713,127.419,1.861,1.63,bbox,42.895,36.596,49.969,35.019,2.6685,4.0882,,0.6399,,0.6916
3714,127.454,1.935,1.63,bbox,42.895,36.596,49.969,35.019,2.6411,4.1178,,0.6275,,0.6972
3715,127.488,1.997,1.861,bbox,42.895,36.634,49.969,35.019,2.6535,4.1259,,0.6518,,0.6932
3716,127.522,2.083,1.935,bbox,42.895,36.634,49.969,35.019,2.6154,4.1227,,0.6666,,0.6841
3717,127.557,2.222,1.997,bbox,42.895,36.634,49.969,35.054,2.4626,4.1264,,0.6918,,0.654
3718,127.591,1.578,1.997,pose,42.895,36.687,49.969,35.054,2.3202,4.1254,0.6493,0.6941,0.358,0.6323
3719,127.625,1.565,1.997,pose,42.895,36.837,49.969,35.054,2.2661,4.1423,0.6742,0.6978,0.3477,0.6181
3720,127.66,1.739,1.739,pose,42.895,36.979,49.969,35.054,2.239,4.1413,0.5758,0.7128,0.3521,0.5975
3721,127.694,1.773,1.739,pose,42.895,37.033,49.969,35.054,2.205,4.125,0.5366,0.7193,0.3498,0.5891
3722,127.728,1.96,1.739,pose,42.895,37.033,49.969,35.054,2.1943,4.1073,0.3778,0.713,0.3479,0.5783
3723,127.763,1.787,1.773,pose,42.895,37.095,49.969,35.054,2.192,4.0838,0.5045,0.6874,0.374,0.6012
3724,127.797,1.749,1.773,pose,42.895,37.095,49.969,35.054,2.2065,4.0215,0.5131,0.6847,0.4093,0.6201
3725,127.831,1.863,1.787,pose,42.895,37.095,50.008,35.054,2.1971,4.0023,0.343,0.6537,0.402,0.6492
3726,127.865,1.676,1.787,pose,42.895,37.095,50.07,35.054,2.1771,4.0089,0.4608,0.6187,0.4512,0.6636
3727,127.9,1.695,1.749,pose,42.895,37.095,50.07,35.054,2.1998,3.9533,0.4124,0.5664,0.4733,0.6876
3728,127.934,1.691,1.695,pose,42.895,37.095,50.07,35.054,2.2378,3.9351,0.3848,0.5109,0.4652,0.6924
3729,127.968,1.67,1.691,pose,42.895,37.095,50.138,35.054,2.2385,3.9364,0.3585,0.4774,0.4654,0.7206
3730,128.003,1.619,1.676,pose,42.928,37.095,50.138,35.054,2.2461,3.8961,0.3601,0.4663,0.4616,0.7372
3731,128.037,1.569,1.67,pose,42.928,37.095,50.138,35.054,2.2996,3.8787,0.3631,0.4481,0.4529,0.7482
3732,128.071,1.529,1.619,pose,42.928,37.095,50.195,35.054,2.3336,3.8402,0.402,0.4594,0.4504,0.7494
3733,128.106,1.47,1.569,pose,42.989,37.095,50.195,35.054,2.301,3.8061,0.3925,0.4819,0.4543,0.7452
3734,128.14,1.444,1.529,pose,42.989,37.095,50.251,35.054,2.2697,3.7849,0.3963,0.4766,0.4695,0.7413
3735,128.174,1.464,1.47,pose,42.989,37.095,50.285,35.054,2.2556,3.7786,0.3689,0.4723,0.4894,0.7245
3736,128.209,1.52,1.47,pose,42.989,37.095,50.285,35.054,2.2371,3.7811,0.3508,0.4553,0.5022,0.7071
3737,128.243,1.517,1.47,pose,42.989,37.138,50.285,35.054,2.2286,3.7863,0.3495,0.4721,0.5085,0.7163
3738,128.277,1.579,1.517,pose,42.989,37.138,50.285,35.054,2.2218,3.8007,0.3378,0.4737,0.4995,0.7359
3739,128.312,1.529,1.52,pose,42.989,37.138,50.285,35.054,2.2251,3.8271,0.3425,0.5094,0.4973,0.7488
3740,128.346,1.658,1.529,pose,42.989,37.138,50.285,35.054,2.2305,3.8556,0.235,0.5162,0.4846,0.7526
3741,128.38,1.569,1.569,pose,42.989,37.138,50.285,35.054,2.2351,3.8791,0.3586,0.5414,0.4501,0.7562
3742,128.415,1.607,1.579,pose,42.989,37.138,50.285,35.103,2.2412,3.9068,0.3545,0.5356,0.4735,0.7326
3743,128.449,1.634,1.607,pose,42.989,37.138,50.285,35.103,2.2709,3.9676,0.3947,0.5417,0.4294,0.7024
3744,128.483,1.704,1.634,pose,42.989,37.138,50.285,35.154,2.3182,4.0731,0.3564,0.5257,0.4454,0.696
3745,128.518,1.698,1.634,pose,42.989,37.138,50.285,35.215,2.352,4.136,0.357,0.5558,0.4418,0.6784
3746,128.552,1.756,1.698,pose,43.052,37.138,50.285,35.32,2.3749,4.1466,0.3536,0.5396,0.4536,0.673
3747,128.586,1.746,1.704,pose,43.086,37.138,50.285,35.383,2.4132,4.1947,0.3563,0.5648,0.4943,0.6662
3748,128.62,1.751,1.746,pose,43.086,37.138,50.285,35.383,2.4412,4.2307,0.3563,0.5582,0.4928,0.6566
3749,128.655,1.765,1.751,pose,43.147,37.138,50.285,35.442,2.458,4.2509,0.3529,0.5724,0.4927,0.6618
3750,128.689,1.759,1.756,pose,43.147,37.138,50.285,35.478,2.4458,4.2378,0.3576,0.5677,0.4888,0.6638
3751,128.723,1.733,1.751,pose,43.147,37.138,50.285,35.478,2.4109,4.213,0.3548,0.572,0.4837,0.6672
3752,128.758,1.72,1.751,pose,43.147,37.138,50.285,35.478,2.4053,4.1738,0.3674,0.5672,0.472,0.6876
3753,128.792,1.7,1.733,pose,43.147,37.138,50.285,35.478,2.4097,4.1724,0.3759,0.557,0.4647,0.7011
3754,128.826,1.693,1.72,pose,43.147,37.138,50.342,35.478,2.4045,4.1431,0.3739,0.5564,0.4638,0.6902
3755,128.861,1.671,1.7,pose,43.147,37.138,50.342,35.478,2.3987,4.1263,0.3687,0.5463,0.4582,0.7046
3756,128.895,1.667,1.693,pose,43.147,37.138,50.373,35.478,2.3908,4.1114,0.3793,0.5095,0.4583,0.6979
3757,128.929,1.665,1.671,pose,43.147,37.138,50.373,35.478,2.3823,4.0893,0.3618,0.5143,0.4812,0.7098
3758,128.964,1.669,1.669,pose,43.147,37.138,50.404,35.478,2.3541,4.0601,0.355,0.4949,0.4868,0.6955
3759,128.998,1.688,1.669,pose,43.147,37.169,50.404,35.478,2.3491,4.0409,0.3493,0.4959,0.4947,0.7076
3760,129.032,1.728,1.669,pose,43.147,37.169,50.456,35.478,2.3272,4.0437,0.3389,0.4965,0.5116,0.7016
3761,129.067,1.733,1.688,pose,43.147,37.203,50.456,35.478,2.3264,4.0461,0.3358,0.4935,0.494,0.7054
3762,129.101,1.73,1.728,pose,43.147,37.203,50.456,35.478,2.3368,4.0458,0.337,0.4911,0.4859,0.719
3763,129.135,1.835,1.73,pose,43.147,37.203,50.456,35.478,2.3357,4.0496,0.2422,0.4787,0.4872,0.7362
3764,129.17,1.705,1.73,pose,43.147,37.203,50.456,35.478,2.3251,4.0453,0.3303,0.4772,0.4798,0.7488
3765,129.204,1.699,1.73,pose,43.147,37.203,50.456,35.478,2.294,4.0384,0.3475,0.5064,0.4746,0.7486
3766,129.238,1.808,1.73,pose,43.147,37.203,50.456,35.478,2.2765,4.0344,0.2305,0.5098,0.4867,0.764
3767,129.272,1.688,1.705,pose,43.147,37.258,50.456,35.478,2.2749,4.0531,0.3469,0.517,0.4826,0.7647
3768,129.307,1.721,1.705,pose,43.147,37.258,50.456,35.478,2.2769,4.0689,0.3386,0.5146,0.4946,0.7469
3769,129.341,1.725,1.721,pose,43.147,37.258,50.456,35.478,2.2859,4.1106,0.335,0.5251,0.4799,0.7196
3770,129.375,1.736,1.725,pose,43.147,37.258,50.456,35.478,2.2925,4.1114,0.3279,0.5478,0.4829,0.6952
3771,129.41,1.764,1.725,pose,43.147,37.258,50.456,35.527,2.2963,4.109,0.3355,0.5438,0.4833,0.6847
3772,129.444,1.897,1.736,pose,43.147,37.258,50.456,35.527,2.2934,4.0934,0.2288,0.5546,0.4591,0.693
3773,129.478,1.793,1.764,pose,43.147,37.258,50.456,35.527,2.2965,4.1012,0.3394,0.5447,0.4541,0.6832
3774,129.513,1.766,1.766,pose,43.147,37.258,50.456,35.527,2.3204,4.083,0.3528,0.5543,0.4354,0.6959
3775,129.547,1.75,1.766,pose,43.147,37.258,50.456,35.527,2.3583,4.0729,0.3625,0.5305,0.4327,0.7165
3776,129.581,1.707,1.766,pose,43.147,37.258,50.456,35.527,2.4069,4.0572,0.3906,0.5189,0.435,0.717
3777,129.616,1.69,1.75,pose,43.211,37.258,50.492,35.527,2.4316,4.0458,0.3808,0.5147,0.4143,0.7275
3778,129.65,1.678,1.707,pose,43.211,37.258,50.492,35.527,2.3685,4.0256,0.3448,0.5314,0.4007,0.7235
3779,129.684,1.849,1.707,pose,43.211,37.258,50.492,35.527,2.3838,4.0207,0.0154,0.5553,0.4284,0.7226
3780,129.719,1.748,1.707,pose,43.26,37.258,50.539,35.527,2.4781,3.9993,0.2243,0.4983,0.4183,0.7273
3781,129.753,1.782,1.748,pose,43.26,37.258,50.539,35.527,2.4898,3.9734,0.1809,0.4435,0.402,0.7071
3782,129.787,1.807,1.782,pose,43.331,37.258,50.539,35.527,2.5097,3.9575,0.0179,0.4305,0.4423,0.7138
3783,129.822,1.642,1.782,bbox,43.331,37.258,50.591,35.527,2.6069,3.9461,,0.4422,,0.7324
3784,129.856,1.536,1.748,bbox,43.363,37.258,50.591,35.527,2.6949,3.9557,,0.4423,,0.7345
3785,129.89,1.452,1.642,bbox,43.46,37.258,50.591,35.527,2.7474,3.9573,,0.4496,,0.7645
3786,129.925,,,,43.46,37.258,50.591,35.527,,,,,,
3787,129.959,,,,43.46,37.258,50.591,35.527,,,,,,
3788,129.993,,,,43.46,37.258,50.591,35.527,,,,,,
3789,130.027,,,,43.46,37.258,50.591,35.527,,,,,,
3790,130.062,1.243,1.536,bbox,43.548,37.258,50.591,35.527,2.9795,3.9975,,0.265,,0.7419
3791,130.096,1.565,1.536,pose,43.6,37.258,50.591,35.527,3.0194,4.07,0.001,0.2952,0.5396,0.7729
3792,130.13,1.313,1.452,bbox,43.75,37.258,50.591,35.527,3.0874,4.1321,,0.3986,,0.7481
3793,130.165,1.515,1.452,pose,43.79,37.258,50.591,35.624,3.2373,4.2143,0.019,0.4675,-0.0379,0.7044
3794,130.199,,,,43.79,37.258,50.591,35.624,,,,,,
3795,130.233,1.263,1.313,bbox,43.858,37.258,50.591,35.686,3.2555,4.3179,,0.594,,0.6632
3796,130.268,1.374,1.374,pose,44.008,37.258,50.591,35.768,3.2414,4.3465,0.0153,0.6424,0.4295,0.6916
3797,130.302,0.746,1.313,pose,44.008,37.258,50.591,35.871,3.2892,4.3543,0.6202,0.6242,0.4278,0.6609
3798,130.336,1.215,1.263,bbox,44.008,37.258,50.591,35.871,3.3543,4.3928,,0.7059,,0.6699
3799,130.371,1.123,1.215,bbox,44.06,37.258,50.591,35.908,3.4732,4.3971,,0.7102,,0.649
3800,130.405,1.021,1.123,bbox,44.125,37.258,50.591,35.908,3.5411,4.369,,0.702,,0.6152
3801,130.439,0.882,1.021,bbox,44.244,37.258,50.591,35.946,3.6266,4.4108,,0.7096,,0.6072
3802,130.474,0.828,1.021,bbox,44.312,37.258,50.591,35.946,3.6905,4.433,,0.7012,,0.5875
3803,130.508,0.819,0.882,bbox,44.397,37.258,50.591,35.946,3.706,4.4375,,0.7254,,0.5743
3804,130.542,0.88,0.88,bbox,44.443,37.258,50.591,35.987,3.6722,4.4503,,,,
3805,130.577,0.533,0.828,pose,44.443,37.258,50.591,35.987,3.7139,4.4429,0.0154,0.6951,0.5391,0.6281
3806,130.611,0.773,0.819,bbox,44.477,37.258,50.591,35.987,3.7676,4.4365,,0.679,,0.6645
3807,130.645,0.502,0.773,pose,44.477,37.258,50.591,35.987,3.7401,4.4142,0.0134,0.6402,0.4921,0.71
3808,130.679,0.438,0.533,pose,44.511,37.258,50.591,35.987,3.7794,4.3847,0.1007,0.5659,0.5598,0.7248
3809,130.714,0.373,0.502,pose,44.511,37.258,50.591,35.987,3.7903,4.3526,0.1794,0.4835,0.5605,0.7624
3810,130.748,0.645,0.502,bbox,44.544,37.258,50.64,35.987,3.7733,4.332,,0.3362,,0.7689
3811,130.782,0.313,0.438,pose,44.544,37.258,50.672,35.987,3.7985,4.3508,0.2426,0.3741,0.5357,0.7816
3812,130.817,0.637,0.438,bbox,44.544,37.258,50.672,35.987,3.8042,4.3552,,0.422,,0.7842
3813,130.851,0.612,0.612,bbox,44.544,37.258,50.672,35.987,3.8643,4.3851,,0.4096,,0.7754
3814,130.885,0.624,0.624,bbox,44.575,37.258,50.672,35.987,3.8743,4.4073,,0.331,,0.3779
3815,130.92,1.248,0.624,pose,44.635,37.258,50.672,36.019,3.9175,4.4549,0.0035,0.3577,-0.0373,0.7754
3816,130.954,0.688,0.637,bbox,44.635,37.258,50.672,36.019,3.9198,4.5197,,0.295,,0.7705
3817,130.988,0.764,0.688,bbox,44.635,37.258,50.672,36.089,3.8718,4.5452,,0.159,,0.4875
3818,131.023,0.828,0.764,bbox,44.635,37.258,50.672,36.154,3.8264,4.5663,,0.0394,,0.7799
3819,131.057,0.894,0.828,bbox,44.635,37.258,50.672,36.154,3.775,4.5757,,0.0353,,0.7488
3820,131.091,0.933,0.828,bbox,44.635,37.296,50.672,36.2,3.7392,4.5953,,0.0327,,0.7478
3821,131.126,0.987,0.894,bbox,44.635,37.347,50.672,36.2,3.6912,4.607,,0.0053,,0.7451
3822,131.16,1.035,0.933,bbox,44.635,37.383,50.672,36.2,3.6535,4.6056,,0.065,,0.8063
3823,131.194,1.096,0.987,bbox,44.635,37.431,50.672,36.2,3.5746,4.5777,,0.0475,,0.8
3824,131.229,1.081,1.035,bbox,44.635,37.469,50.672,36.2,3.5346,4.535,,0.1781,,0.792
3825,131.263,,,,44.635,37.469,50.672,36.2,,,,,,
3826,131.297,,,,44.635,37.469,50.672,36.2,,,,,,
3827,131.332,,,,44.635,37.469,50.672,36.2,,,,,,
3828,131.366,1.58,1.081,pose,44.635,37.547,50.672,36.24,3.2704,4.8566,0.0082,0.7359,0.0327,0.7461
3829,131.4,,,,44.635,37.547,50.672,36.24,,,,,,
3830,131.434,1.964,1.096,bbox,44.635,37.587,50.672,36.24,3.1669,4.8648,,0.5474,,0.4451
3831,131.469,2.046,1.58,bbox,44.635,37.737,50.672,36.39,3.1493,4.8968,,0.7096,,0.5422
3832,131.503,2.044,1.964,bbox,44.635,37.841,50.672,36.39,3.1447,4.8863,,0.1131,,0.4209
3833,131.537,1.96,1.964,pose,44.635,37.841,50.672,36.39,3.1157,4.8657,0.1985,0.7721,0.6518,0.5283
3834,131.572,1.824,1.964,bbox,44.635,37.841,50.672,36.39,3.1102,4.6537,,0.7472,,0.6694
3835,131.606,2.161,2.044,pose,44.635,37.892,50.672,36.39,3.0819,4.6141,0.1094,0.6909,0.6344,0.6711
3836,131.64,2.123,2.044,pose,44.635,37.892,50.813,36.39,3.0472,4.5959,0.0215,0.6365,0.5237,0.4728
3837,131.675,2.061,2.061,bbox,44.635,37.926,50.852,36.39,2.991,4.5958,,0.6009,,0.4686
3838,131.709,,,,44.635,37.926,50.852,36.39,,,,,,
3839,131.743,,,,44.635,37.926,50.852,36.39,,,,,,
3840,131.778,1.921,2.061,bbox,44.635,37.961,50.852,36.39,2.7776,4.3598,,,,
3841,131.812,1.907,2.061,bbox,44.635,38.017,50.852,36.39,2.6827,4.2865,,,,
3842,131.846,1.983,1.983,bbox,44.635,38.167,51.021,36.39,2.6069,4.2677,0.0249,,0.5944,
3843,131.881,,,,44.635,38.167,51.021,36.39,,,,,,
3844,131.915,1.765,1.921,bbox,44.635,38.262,51.094,36.39,2.5859,4.1427,0.2127,,0.5341,
3845,131.949,2.099,1.921,pose,44.635,38.338,51.094,36.39,2.5928,4.086,0.1851,0.3769,0.4885,0.6377
3846,131.984,2.511,1.983,pose,44.635,38.338,51.238,36.39,2.584,4.0243,0.2274,0.0323,0.4437,0.5004
3847,132.018,1.77,1.983,bbox,44.635,38.338,51.294,36.39,2.5526,3.9563,,0.0181,,0.4749
3848,132.052,,,,44.635,38.338,51.294,36.39,,,,,,
3849,132.086,2.155,2.099,pose,44.635,38.338,51.356,36.39,2.4961,3.862,0.2397,0.3063,0.344,0.0155
3850,132.121,1.952,2.099,pose,44.635,38.392,51.424,36.39,2.4998,3.8215,0.0196,0.2382,0.0686,-0.1405
3851,132.155,1.819,1.952,bbox,44.635,38.423,51.518,36.39,2.5216,3.8076,0.4938,,0.0979,
3852,132.189,2.354,1.952,pose,44.635,38.423,51.559,36.39,2.5292,3.741,0.1772,0.089,0.3449,0.2331
3853,132.224,1.796,1.952,bbox,44.635,38.423,51.559,36.39,2.5248,3.6998,,0.0097,,0.374
3854,132.258,1.779,1.819,bbox,44.635,38.423,51.639,36.39,2.5167,3.6495,,0.0134,,0.3932
3855,132.292,1.713,1.796,bbox,44.635,38.423,51.681,36.39,2.5117,3.6047,,0.7419,,0.531
3856,132.327,1.602,1.779,bbox,44.635,38.423,51.731,36.39,2.5091,3.5222,,0.7163,,0.5386
3857,132.361,1.611,1.713,bbox,44.635,38.423,51.776,36.39,2.5122,3.5065,,0.7067,,0.5304
3858,132.395,1.629,1.629,bbox,44.635,38.423,51.858,36.39,2.5111,3.5199,,0.7007,,0.542
3859,132.43,1.592,1.611,bbox,44.635,38.423,51.858,36.39,2.5192,3.5155,,0.7036,,0.5316
3860,132.464,1.558,1.602,bbox,44.635,38.423,51.858,36.39,2.5129,3.5037,,0.6649,,0.5157
3861,132.498,1.359,1.592,pose,44.635,38.423,51.858,36.39,2.4962,3.4863,0.1197,0.6594,0.3253,0.54
3862,132.533,1.36,1.558,pose,44.635,38.423,51.858,36.39,2.4683,3.4468,0.138,0.6204,0.3529,0.5665
3863,132.567,1.451,1.451,bbox,44.635,38.423,51.894,36.39,2.4573,3.4328,,0.6128,,0.5693
3864,132.601,1.439,1.439,bbox,44.635,38.476,51.934,36.39,2.4492,3.4463,,0.6087,,0.6035
3865,132.636,1.306,1.36,pose,44.635,38.476,51.934,36.39,2.4267,3.4403,0.2053,0.6181,0.4336,0.597
3866,132.67,1.247,1.36,pose,44.635,38.476,51.934,36.39,2.4024,3.4438,0.1978,0.6098,0.4255,0.5778
3867,132.704,1.439,1.439,bbox,44.635,38.518,51.934,36.39,2.3567,3.4371,0.1804,,0.4628,
3868,132.739,1.23,1.306,pose,44.635,38.518,51.934,36.39,2.3411,3.4327,0.1831,0.564,0.4942,0.6289
3869,132.773,1.467,1.306,bbox,44.635,38.588,51.934,36.39,2.3071,3.4481,,0.5225,,0.479
3870,132.807,1.216,1.247,pose,44.635,38.588,51.934,36.39,2.2782,3.4557,0.1864,0.5113,0.5179,0.6179
3871,132.841,1.234,1.234,pose,44.635,38.637,51.934,36.39,2.2579,3.464,0.1762,0.4747,0.5455,0.4006
3872,132.876,1.529,1.234,bbox,44.635,38.637,51.934,36.39,2.2342,3.4742,,0.4537,,0.3621
3873,132.91,1.31,1.31,pose,44.635,38.687,51.934,36.39,2.2082,3.4648,0.0923,0.4041,0.5335,0.3613
3874,132.944,1.513,1.31,bbox,44.635,38.687,51.934,36.39,2.1885,3.4535,,0.2915,,0.3604
3875,132.979,1.522,1.513,bbox,44.635,38.736,51.934,36.39,2.1705,3.4403,,0.256,,0.3157
3876,133.013,1.952,1.522,pose,44.635,38.736,51.934,36.39,2.1584,3.4594,0.0178,0.3223,0.0011,0.6713
3877,133.047,1.952,1.522,pose,44.635,38.774,51.934,36.39,2.1532,3.4724,0.0167,0.3285,0.0256,0.7043
3878,133.082,1.559,1.559,bbox,44.635,38.774,51.934,36.39,2.1575,3.4789,,0.3231,,0.691
3879,133.116,1.97,1.952,pose,44.635,38.774,51.934,36.39,2.1591,3.4857,0.0051,0.31,-0.0006,0.6853
3880,133.15,1.584,1.952,bbox,44.635,38.774,51.934,36.422,2.1525,3.4938,,0.2941,,0.6868
3881,133.185,1.604,1.604,bbox,44.635,38.774,51.934,36.422,2.1421,3.5079,,0.3076,,0.7112
3882,133.219,1.613,1.604,bbox,44.635,38.774,51.934,36.422,2.1372,3.5156,,0.2973,,0.7122
3883,133.253,1.618,1.613,bbox,44.635,38.774,51.934,36.422,2.1212,3.5141,,0.2771,,0.718
3884,133.288,1.594,1.604,bbox,44.635,38.807,51.934,36.456,2.1155,3.5133,,0.043,,0.7227
3885,133.322,1.449,1.604,pose,44.635,38.807,51.934,36.456,2.1058,3.524,0.0472,0.1485,0.3318,0.7155
3886,133.356,1.601,1.601,bbox,44.635,38.807,51.934,36.456,2.1103,3.5427,,0.0988,,0.723
3887,133.391,1.583,1.594,pose,44.635,38.807,51.934,36.456,2.125,3.5599,0.0416,0.041,0.4787,0.7423
3888,133.425,1.581,1.583,pose,44.635,38.807,51.934,36.456,2.1097,3.5572,0.0911,0.01,0.5931,0.7457
3889,133.459,1.591,1.583,pose,44.635,38.807,51.934,36.496,2.0878,3.5533,0.1375,0.0016,0.5875,0.7368
3890,133.493,1.597,1.591,pose,44.635,38.807,51.934,36.496,2.0743,3.5533,0.1497,0.0013,0.6025,0.7079
3891,133.528,1.559,1.583,pose,44.635,38.857,51.934,36.496,2.0789,3.5586,0.2065,0.0433,0.592,0.6678
3892,133.562,1.569,1.581,pose,44.635,38.857,51.934,36.496,2.1077,3.579,0.2082,0.0405,0.5884,0.7039
3893,133.596,1.531,1.569,pose,44.635,38.857,51.934,36.496,2.1521,3.6214,0.2656,0.0506,0.589,0.703
3894,133.631,1.511,1.559,pose,44.635,38.857,51.934,36.496,2.1636,3.65,0.2256,0.0359,0.5161,0.7013
3895,133.665,1.509,1.531,pose,44.699,38.857,51.934,36.564,2.1806,3.661,0.2904,0.0541,0.6157,0.74
3896,133.699,,,,44.699,38.857,51.934,36.564,,,,,,
3897,133.734,,,,44.699,38.857,51.934,36.564,,,,,,
3898,133.768,,,,44.699,38.857,51.934,36.564,,,,,,
3899,133.802,,,,44.699,38.857,51.934,36.564,,,,,,
3900,133.837,2.564,1.531,pose,44.699,38.857,51.934,36.564,2.6176,6.1765,0.756,0.8779,0.6674,0.8301
3901,133.871,2.535,1.531,pose,44.699,38.857,51.934,36.604,2.6258,6.1725,0.758,0.8532,0.6714,0.8182
3902,133.905,2.535,2.535,pose,44.878,38.857,51.934,36.754,2.6397,6.1804,0.7407,0.8857,0.6955,0.8301
3903,133.94,2.551,2.535,pose,44.878,38.857,51.934,36.754,2.6465,6.2016,0.7311,0.9041,0.6979,0.8464
3904,133.974,2.564,2.551,pose,44.878,38.857,51.934,36.754,2.6491,6.2116,0.748,0.9115,0.6949,0.8619
3905,134.008,2.536,2.536,pose,44.878,38.857,51.934,36.754,2.6459,6.2392,0.7658,0.9067,0.6952,0.883
3906,134.043,2.505,2.536,pose,44.878,38.857,51.934,36.793,2.6384,6.2252,0.7807,0.8689,0.6924,0.883
3907,134.077,2.52,2.536,pose,44.878,38.857,51.934,36.793,2.6305,6.1917,0.776,0.8993,0.678,0.8995
3908,134.111,2.528,2.528,pose,44.878,38.857,51.934,36.793,2.6265,6.1796,0.7675,0.8999,0.6684,0.9089
3909,134.146,2.518,2.52,pose,44.878,38.857,51.934,36.793,2.6358,6.1682,0.7804,0.9058,0.6568,0.8949
3910,134.18,2.65,2.52,pose,44.878,38.857,51.966,36.793,2.6355,6.1452,0.6029,0.9093,0.6845,0.8919
3911,134.214,2.526,2.526,pose,44.878,38.857,51.966,36.793,2.6459,6.1409,0.7693,0.8973,0.6937,0.8472
3912,134.248,2.518,2.526,pose,44.878,38.857,51.997,36.793,2.6523,6.1483,0.7589,0.9127,0.6975,0.8386
3913,134.283,2.514,2.518,pose,44.878,38.857,51.997,36.793,2.6631,6.161,0.7491,0.9116,0.6979,0.8303
3914,134.317,2.508,2.518,pose,44.913,38.857,51.997,36.793,2.6653,6.1774,0.7254,0.8946,0.7174,0.8425
3915,134.351,2.497,2.514,pose,44.913,38.857,51.997,36.793,2.6598,6.1848,0.715,0.9181,0.7164,0.8618
3916,134.386,2.473,2.508,pose,44.913,38.857,51.997,36.793,2.6697,6.1953,0.7206,0.9151,0.709,0.876
3917,134.42,2.466,2.497,pose,44.913,38.857,51.997,36.829,2.6729,6.2026,0.7197,0.8974,0.7197,0.8828
3918,134.454,2.444,2.473,pose,44.913,38.857,51.997,36.829,2.6671,6.192,0.7335,0.9169,0.7061,0.8899
3919,134.489,2.461,2.466,pose,44.913,38.857,51.997,36.829,2.6671,6.1745,0.7288,0.8815,0.7056,0.9062
3920,134.523,2.463,2.463,pose,44.913,38.857,51.997,36.829,2.6727,6.1712,0.7407,0.8889,0.6923,0.9315
3921,134.557,2.483,2.463,pose,44.913,38.857,51.997,36.829,2.6693,6.1611,0.7385,0.8881,0.6932,0.9006
3922,134.592,2.5,2.463,pose,44.913,38.857,51.997,36.829,2.661,6.1452,0.721,0.8905,0.7011,0.8657
3923,134.626,2.509,2.483,pose,44.913,38.857,51.997,36.829,2.6529,6.1431,0.727,0.8768,0.7205,0.8512
3924,134.66,2.509,2.5,pose,44.913,38.857,52.037,36.829,2.6509,6.1411,0.7166,0.8987,0.7308,0.8354
3925,134.695,2.493,2.5,pose,44.913,38.857,52.037,36.829,2.652,6.1401,0.72,0.8896,0.7299,0.8368
3926,134.729,2.508,2.508,pose,44.913,38.857,52.037,36.829,2.654,6.1538,0.7094,0.8798,0.7414,0.8636
3927,134.763,2.498,2.508,pose,44.913,38.857,52.037,36.829,2.6511,6.1638,0.7277,0.8909,0.723,0.8869
3928,134.798,2.483,2.498,pose,44.913,38.857,52.037,36.829,2.6446,6.1719,0.7353,0.9104,0.7062,0.9116
3929,134.832,2.47,2.493,pose,44.913,38.857,52.037,36.829,2.6398,6.1646,0.7211,0.8886,0.6665,0.933
3930,134.866,2.488,2.488,pose,44.913,38.857,52.037,36.829,2.6559,6.1545,0.7411,0.8915,0.6414,0.9333
3931,134.9,2.477,2.483,pose,44.913,38.857,52.037,36.829,2.691,6.144,0.7898,0.8867,0.6094,0.9353
3932,134.935,2.396,2.477,pose,44.913,38.857,52.037,36.829,2.718,6.1459,0.8942,0.8753,0.6078,0.9115
3933,134.969,3.047,2.477,bbox,44.951,38.857,52.037,36.829,2.7973,6.136,,0.8711,,0.8881
3934,135.003,3.005,2.488,bbox,44.951,38.857,52.037,36.829,2.8661,6.1307,,0.8805,,0.8597
3935,135.038,2.986,2.986,bbox,45.058,38.857,52.037,36.829,2.9595,6.1252,,0.8713,,0.8395
3936,135.072,2.929,2.986,bbox,45.126,38.857,52.037,36.829,3.0286,6.1204,,0.8675,,0.8482
3937,135.106,2.929,2.986,bbox,45.22,38.857,52.037,36.829,3.0622,6.116,,0.8549,,0.8775
3938,135.141,2.931,2.931,bbox,45.289,38.857,52.037,36.829,3.124,6.1286,,0.8872,,0.9072
3939,135.175,2.874,2.929,bbox,45.323,38.857,52.037,36.829,3.2082,6.1174,,0.8792,,0.9188
3940,135.209,2.892,2.929,bbox,45.384,38.857,52.037,36.829,3.2245,6.1011,,0.8162,,0.9529
3941,135.244,2.935,2.929,bbox,45.469,38.857,52.037,36.829,3.2411,6.0553,,0.7255,,0.9133
3942,135.278,2.971,2.931,bbox,45.469,38.857,52.081,36.829,3.2143,5.9676,,0.6002,,0.8886
3943,135.312,2.905,2.905,bbox,45.469,38.857,52.126,36.829,3.1589,5.9387,,0.5541,,0.8811
3944,135.347,2.967,2.935,bbox,45.469,38.857,52.214,36.829,3.0817,5.9333,,0.5082,,0.8985
3945,135.381,3.009,2.967,bbox,45.469,38.906,52.214,36.829,3.0262,5.9328,,0.5117,,0.8808
3946,135.415,2.979,2.971,bbox,45.469,38.983,52.214,36.829,2.9932,5.9751,,0.6071,,0.8517
3947,135.45,2.944,2.967,bbox,45.469,39.039,52.214,36.829,2.9641,5.939,,0.5931,,0.7684
3948,135.484,3.11,2.979,bbox,45.469,39.072,52.214,36.829,2.9256,6.0698,,0.6101,,0.7453
3949,135.518,2.83,2.979,pose,45.469,39.072,52.214,36.829,2.8645,6.1153,1.0795,0.7751,0.5016,0.7048
3950,135.553,2.997,2.979,pose,45.469,39.139,52.214,36.932,2.8082,6.0839,0.8746,0.8588,0.4704,0.7068
3951,135.587,3.036,2.997,pose,45.469,39.2,52.214,36.932,2.8037,6.0885,0.859,0.8212,0.5724,0.6896
3952,135.621,3.034,3.034,pose,45.469,39.256,52.214,36.932,2.7915,6.0947,0.869,0.8203,0.5675,0.7036
3953,135.655,3.012,3.012,pose,45.469,39.256,52.214,36.932,2.7791,6.0626,0.9099,0.7688,0.5409,0.7058
3954,135.69,2.939,3.012,pose,45.469,39.256,52.214,36.932,2.7513,5.9994,0.9669,0.7196,0.538,0.7479
3955,135.724,2.929,3.012,pose,45.469,39.256,52.214,36.932,2.7193,6.0139,0.9303,0.6832,0.5436,0.7609
3956,135.758,2.897,2.939,pose,45.469,39.313,52.257,36.932,2.6843,6.0271,0.9446,0.6635,0.5321,0.7817
3957,135.793,2.866,2.929,pose,45.469,39.345,52.257,36.932,2.6607,6.0394,0.9441,0.6337,0.5487,0.8161
3958,135.827,2.836,2.897,pose,45.469,39.38,52.257,36.932,2.6413,6.0116,0.9495,0.6705,0.5512,0.8145
3959,135.861,2.858,2.866,pose,45.469,39.38,52.257,36.932,2.6204,6.1877,0.9433,0.7432,0.5606,0.8248
3960,135.896,2.718,2.858,pose,45.469,39.423,52.257,36.932,2.5989,6.2294,0.9038,0.7806,0.6003,0.8367
3961,135.93,2.68,2.836,pose,45.469,39.423,52.257,36.932,2.5943,6.0303,0.8894,0.8239,0.6248,0.8445
3962,135.964,2.696,2.718,pose,45.469,39.466,52.257,36.932,2.5746,5.958,0.8653,0.8349,0.6441,0.8416
3963,135.999,2.731,2.718,pose,45.469,39.466,52.257,36.932,2.5558,5.9305,0.866,0.8023,0.6451,0.8284
3964,136.033,2.743,2.718,pose,45.469,39.466,52.326,36.932,2.5569,5.936,0.8563,0.7971,0.6342,0.8353
3965,136.067,2.744,2.731,pose,45.469,39.501,52.326,36.932,2.5635,5.9103,0.8646,0.7553,0.6373,0.7951
3966,136.102,2.733,2.733,pose,45.469,39.501,52.326,36.932,2.5571,5.9476,0.8788,0.7943,0.6345,0.8361
3967,136.136,2.737,2.737,pose,45.469,39.501,52.326,36.932,2.5567,6.0066,0.8802,0.8134,0.6307,0.8633
3968,136.17,2.707,2.737,pose,45.469,39.501,52.326,36.932,2.5713,6.0258,0.8674,0.8509,0.6465,0.8884
3969,136.205,2.665,2.733,pose,45.469,39.501,52.326,36.98,2.6064,6.0385,0.8677,0.9033,0.6414,0.8999
3970,136.239,2.648,2.707,pose,45.469,39.501,52.326,36.98,2.6323,6.2124,0.8598,0.9846,0.6451,0.9341
3971,136.273,2.621,2.665,pose,45.511,39.501,52.326,37.012,2.6652,6.3033,0.8576,1.0645,0.6625,0.9381
3972,136.307,2.569,2.648,pose,45.511,39.501,52.326,37.162,2.7023,6.4261,0.8268,1.1981,0.6694,0.8891
3973,136.342,3.261,2.648,bbox,45.57,39.501,52.326,37.253,2.7623,6.4757,0.7853,,0.6681,
3974,136.376,2.449,2.621,pose,45.607,39.501,52.326,37.376,2.7968,6.5119,0.7589,1.3828,0.6618,0.8678
3975,136.41,3.318,2.621,bbox,45.667,39.501,52.326,37.425,2.8113,6.5706,,1.4454,,0.823
3976,136.445,2.544,2.569,pose,45.702,39.501,52.326,37.462,2.9049,6.5884,0.6848,1.4733,0.6761,0.7693
3977,136.479,3.334,3.261,bbox,45.702,39.501,52.326,37.52,2.939,6.596,0.6683,,0.6533,
3978,136.513,3.393,3.318,bbox,45.81,39.501,52.326,37.52,2.9627,6.6025,0.6403,,0.6711,
3979,136.548,2.619,3.318,pose,45.844,39.501,52.326,37.52,2.9483,6.6147,0.612,1.4454,0.6853,0.5295
3980,136.582,2.588,2.619,pose,45.844,39.501,52.326,37.552,2.933,6.6298,0.6365,1.3155,0.7035,0.6517
3981,136.616,2.6,2.619,pose,45.844,39.501,52.326,37.552,2.9122,6.6237,0.6472,1.4542,0.6972,0.6826
3982,136.651,2.567,2.6,pose,45.844,39.501,52.326,37.552,2.8991,6.6244,0.6574,1.4874,0.7335,0.6975
3983,136.685,2.563,2.588,pose,45.844,39.501,52.326,37.552,2.8776,6.6188,0.6591,1.6124,0.7191,0.5915
3984,136.719,2.87,2.588,pose,45.844,39.541,52.326,37.552,2.8643,6.544,0.6693,0.2815,0.735,0.5148
3985,136.754,2.499,2.567,pose,45.844,39.541,52.326,37.552,2.8484,6.4218,0.6942,1.3597,0.7371,0.7214
3986,136.788,2.481,2.563,pose,45.844,39.576,52.384,37.552,2.8252,6.2196,0.7383,0.9953,0.7215,0.7934
3987,136.822,2.481,2.499,pose,45.844,39.576,52.507,37.552,2.7948,6.2749,0.7789,0.8853,0.7017,0.8083
3988,136.857,2.468,2.481,pose,45.844,39.615,52.654,37.552,2.7617,6.2363,0.82,0.8403,0.6737,0.8814
3989,136.891,2.445,2.481,pose,45.844,39.645,52.692,37.552,2.7467,5.9622,0.8564,0.6478,0.6407,0.9506
3990,136.925,2.429,2.468,pose,45.844,39.678,52.692,37.552,2.7407,5.871,0.8674,0.5125,0.6543,0.9248
3991,136.96,2.422,2.445,pose,45.844,39.678,52.859,37.552,2.7251,5.8206,0.8915,0.4336,0.6435,0.969
3992,136.994,2.403,2.429,pose,45.844,39.678,52.95,37.552,2.7208,5.7363,0.8756,0.3574,0.6546,0.9517
3993,137.028,2.404,2.422,pose,45.844,39.715,53.0,37.552,2.6951,5.7498,0.8609,0.3147,0.6398,0.9131
3994,137.062,2.367,2.404,pose,45.844,39.715,53.071,37.552,2.648,5.7305,0.8179,0.4134,0.6462,0.8963
3995,137.097,2.359,2.403,pose,45.844,39.745,53.071,37.552,2.5921,5.688,0.752,0.4807,0.6593,0.8981
3996,137.131,2.324,2.367,pose,45.844,39.792,53.071,37.552,2.5216,5.5994,0.6481,0.6296,0.6863,0.8729
3997,137.165,2.321,2.359,pose,45.844,39.848,53.133,37.552,2.5071,5.4955,0.5295,0.7632,0.6548,0.8436
3998,137.2,2.545,2.359,pose,45.844,39.919,53.222,37.552,2.5122,5.4573,0.1827,0.912,0.6603,0.8155
3999,137.234,2.299,2.324,pose,45.844,39.919,53.325,37.552,2.4952,5.3229,0.332,1.0372,0.6676,0.7547
4000,137.268,2.211,2.321,pose,45.844,39.919,53.364,37.552,2.4418,5.2661,0.3724,1.1338,0.6604,0.7539
4001,137.303,2.12,2.299,pose,45.844,39.919,53.498,37.552,2.4136,5.3015,0.4256,1.2244,0.6165,0.7379
4002,137.337,2.74,2.299,bbox,45.844,39.998,53.498,37.552,2.3572,5.1732,,1.3129,,0.7425
4003,137.371,2.826,2.299,bbox,45.844,39.998,53.555,37.552,2.2793,5.1061,,1.3702,,0.7199
4004,137.406,1.929,2.211,pose,45.844,40.083,53.648,37.552,2.2098,5.0745,0.049,1.4623,0.4504,0.7302
4005,137.44,2.879,2.74,bbox,45.844,40.161,53.715,37.552,2.1628,5.0157,,0.0899,,0.697
4006,137.474,2.853,2.826,bbox,45.844,40.23,53.746,37.552,2.1112,4.9921,,1.3362,,0.6876
4007,137.509,2.714,2.826,bbox,45.844,40.277,53.805,37.552,2.0664,4.8598,,0.8427,,0.7387
4008,137.543,1.845,2.714,pose,45.844,40.329,53.805,37.552,2.0419,4.8491,0.8679,1.1581,0.6215,0.7021
4009,137.577,1.944,2.714,pose,45.844,40.374,53.961,37.552,1.9504,4.8169,0.7834,1.0383,0.6018,0.7269
4010,137.612,2.003,2.003,pose,45.844,40.374,53.961,37.552,1.949,4.5299,0.7172,0.9485,0.6298,0.7474
4011,137.646,2.146,2.003,pose,45.844,40.49,54.004,37.552,1.9451,4.4514,0.5649,0.8196,0.6732,0.7846
4012,137.68,2.23,2.003,pose,45.844,40.49,54.154,37.552,1.9709,4.4298,0.5395,0.7216,0.6164,0.8265
4013,137.714,2.213,2.146,pose,45.844,40.49,54.233,37.552,1.9896,4.3704,0.5985,0.5919,0.6254,0.8482
4014,137.749,2.218,2.213,pose,45.844,40.49,54.233,37.552,1.9971,4.3988,0.6287,0.5474,0.5958,0.8703
4015,137.783,2.171,2.213,pose,45.883,40.49,54.233,37.552,2.0173,4.4335,0.7146,0.5082,0.5283,0.88
4016,137.817,2.152,2.213,pose,45.883,40.49,54.233,37.552,2.0816,4.4437,0.729,0.5214,0.528,0.8579
4017,137.852,2.066,2.171,pose,45.883,40.49,54.233,37.552,2.0899,4.4393,0.7537,0.5687,0.5458,0.8384
4018,137.886,1.988,2.152,pose,45.941,40.49,54.233,37.552,2.047,4.4357,0.7592,0.6648,0.5708,0.8272
4019,137.92,1.926,2.066,pose,45.941,40.49,54.233,37.552,2.0396,4.4256,0.7774,0.7701,0.5859,0.8145
4020,137.955,1.847,1.988,pose,45.941,40.49,54.233,37.552,1.9563,4.4225,0.7433,0.8833,0.6321,0.7741
4021,137.989,1.807,1.926,pose,45.941,40.49,54.233,37.552,1.9542,4.4178,0.7081,0.9621,0.6188,0.7603
4022,138.023,2.052,1.926,pose,45.941,40.58,54.233,37.552,1.9572,4.4252,0.4082,1.0256,0.6358,0.7106
4023,138.058,1.844,1.847,pose,45.941,40.58,54.233,37.552,1.9348,4.4312,0.5915,1.1021,0.5779,0.6894
4024,138.092,2.012,1.847,pose,45.941,40.58,54.233,37.552,1.9296,4.4531,0.4323,1.1524,0.6057,0.68
4025,138.126,2.017,2.012,pose,45.941,40.58,54.233,37.552,1.9265,4.4507,0.4321,1.1934,0.5954,0.6769
4026,138.161,1.979,2.012,pose,45.941,40.58,54.233,37.552,1.908,4.4573,0.5006,1.2505,0.6069,0.6616
4027,138.195,1.933,1.979,pose,45.941,40.61,54.233,37.552,1.8551,4.4301,0.5804,1.2836,0.5887,0.6541
4028,138.229,1.91,1.979,pose,45.941,40.61,54.233,37.552,1.836,4.4215,0.6124,1.2817,0.5684,0.6315
4029,138.264,1.885,1.933,pose,45.941,40.682,54.233,37.552,1.8349,4.4168,0.6637,1.223,0.5775,0.6361
4030,138.298,1.87,1.91,pose,45.941,40.682,54.233,37.552,1.8472,4.3669,0.6933,1.1254,0.5713,0.668
4031,138.332,1.87,1.885,pose,45.941,40.682,54.267,37.552,1.8713,4.3181,0.6906,1.0243,0.5889,0.6949
4032,138.367,1.865,1.87,pose,45.941,40.682,54.317,37.552,1.8931,4.2803,0.6683,0.9257,0.6056,0.732
4033,138.401,1.934,1.87,pose,45.941,40.682,54.366,37.552,1.9018,4.2498,0.5968,0.8219,0.6059,0.7746
4034,138.435,1.983,1.87,pose,45.941,40.682,54.404,37.552,1.8782,4.2266,0.4818,0.7185,0.6018,0.8264
4035,138.469,2.281,1.934,pose,45.941,40.682,54.434,37.552,1.8668,4.1917,0.1175,0.61,0.5675,0.8465
4036,138.504,2.337,1.983,bbox,45.941,40.682,54.434,37.552,1.8778,4.1759,,0.5377,,0.8684
4037,138.538,2.327,2.281,bbox,45.941,40.682,54.492,37.552,1.8745,4.1649,,0.4859,,0.858
4038,138.572,2.347,2.327,bbox,45.941,40.682,54.492,37.552,1.879,4.1716,,0.4654,,0.861
4039,138.607,2.402,2.337,bbox,45.941,40.682,54.492,37.552,1.8623,4.1908,,0.472,,0.8477
4040,138.641,2.464,2.347,bbox,45.941,40.682,54.492,37.552,1.8298,4.2002,,0.5264,,0.8119
4041,138.675,2.041,2.347,pose,45.941,40.682,54.492,37.552,1.811,4.2402,0.4993,0.6413,0.5562,0.81
4042,138.71,1.956,2.347,pose,45.941,40.682,54.492,37.552,1.8079,4.2257,0.6021,0.7287,0.539,0.784
4043,138.744,1.861,2.041,pose,45.941,40.682,54.492,37.583,1.829,4.2229,0.661,0.8243,0.5385,0.7585
4044,138.778,1.838,1.956,pose,45.941,40.682,54.492,37.583,1.8469,4.2249,0.6086,0.8771,0.5249,0.7256
4045,138.813,1.879,1.879,pose,45.941,40.682,54.492,37.583,1.8345,4.2249,0.5339,0.9549,0.4816,0.7153
4046,138.847,1.877,1.877,pose,45.941,40.682,54.492,37.583,1.8244,4.2216,0.5053,0.9546,0.5596,0.7085
4047,138.881,2.611,1.877,bbox,45.941,40.682,54.492,37.583,1.8163,4.23,,0.9603,,0.7105
4048,138.916,1.922,1.879,pose,45.941,40.712,54.492,37.583,1.8218,4.2446,0.3612,0.9591,0.608,0.7085
4049,138.95,2.063,1.922,pose,45.941,40.712,54.492,37.583,1.827,4.2423,0.263,0.9237,0.5854,0.7172
4050,138.984,2.135,2.063,pose,45.941,40.712,54.492,37.583,1.8304,4.2026,0.1976,0.8489,0.6073,0.7248
4051,139.019,2.198,2.135,pose,45.941,40.712,54.492,37.583,1.8424,4.1681,0.1613,0.7512,0.5939,0.7345
4052,139.053,2.181,2.135,pose,45.941,40.712,54.492,37.583,1.8428,4.1044,0.1939,0.6497,0.5913,0.7579
4053,139.087,2.294,2.181,bbox,45.941,40.712,54.547,37.583,1.8185,4.0078,,0.5345,,0.7734
4054,139.121,2.283,2.198,bbox,45.941,40.712,54.611,37.583,1.8058,3.9719,,0.4568,,0.8003
4055,139.156,2.073,2.198,pose,45.941,40.712,54.707,37.583,1.8124,3.9576,0.0612,0.385,0.2961,0.7945
4056,139.19,2.158,2.181,pose,45.941,40.712,54.743,37.583,1.8196,3.9358,0.3727,0.3954,0.5393,0.8149
4057,139.224,2.115,2.158,pose,45.941,40.712,54.743,37.583,1.8431,3.9636,0.3976,0.4492,0.5349,0.7692
4058,139.259,1.954,2.115,pose,45.941,40.712,54.743,37.583,1.8494,3.994,0.3903,0.5458,0.5228,0.7404
4059,139.293,2.014,2.073,pose,45.941,40.712,54.743,37.583,1.8653,4.0133,0.118,0.6618,0.5498,0.7313
4060,139.327,1.761,2.014,pose,45.941,40.712,54.743,37.583,1.8836,3.9957,0.4718,0.7278,0.5416,0.7083
4061,139.362,1.689,1.954,pose,45.981,40.712,54.743,37.583,1.9342,3.9957,0.5056,0.8257,0.5353,0.688
4062,139.396,1.718,1.761,pose,45.981,40.712,54.743,37.583,1.9361,3.9922,0.424,0.8873,0.5189,0.6442
4063,139.43,1.825,1.761,pose,46.05,40.712,54.743,37.583,1.9995,4.024,0.3393,0.9088,0.5241,0.6419
4064,139.465,3.013,1.761,pose,46.05,40.712,54.743,37.583,2.0475,4.0486,0.2658,0.0111,0.484,0.6063
4065,139.499,1.981,1.825,pose,46.116,40.712,54.743,37.635,2.0851,4.0358,0.2938,0.0008,0.4718,0.4091
4066,139.533,2.391,1.981,bbox,46.164,40.712,54.743,37.635,2.0904,4.0074,,0.0236,,0.5456
4067,139.568,1.986,1.986,pose,46.201,40.712,54.743,37.635,2.1165,3.9666,0.2979,0.0078,0.4193,0.3169
4068,139.602,1.91,1.986,pose,46.201,40.712,54.743,37.635,2.1711,3.922,0.3157,0.5906,0.4516,0.4365
4069,139.636,,,,46.201,40.712,54.743,37.635,,,,,,
4070,139.671,1.899,1.981,bbox,46.233,40.712,54.801,37.635,2.2486,3.8323,,0.0086,,0.4118
4071,139.705,1.776,1.91,bbox,46.287,40.712,54.845,37.635,2.2501,3.7604,,0.04,,0.3308
4072,139.739,1.782,1.899,bbox,46.365,40.712,54.935,37.635,2.2494,3.6587,,,,
4073,139.774,,,,46.365,40.712,54.935,37.635,,,,,,
4074,139.808,,,,46.365,40.712,54.935,37.635,,,,,,
4075,139.842,,,,46.365,40.712,54.935,37.635,,,,,,
4076,139.876,,,,46.365,40.712,54.935,37.635,,,,,,
4077,139.911,,,,46.365,40.712,54.935,37.635,,,,,,
4078,139.945,,,,46.365,40.712,54.935,37.635,,,,,,
4079,139.979,,,,46.365,40.712,54.935,37.635,,,,,,
4080,140.014,,,,46.365,40.712,54.935,37.635,,,,,,
4081,140.048,0.363,1.782,pose,46.365,40.712,55.007,37.635,2.8259,3.2776,0.2971,0.1926,0.6172,0.5875
4082,140.082,0.33,1.776,pose,46.365,40.712,55.109,37.635,2.7893,3.2775,0.2829,0.1894,0.6362,0.5955
4083,140.117,0.321,0.363,pose,46.516,40.712,55.259,37.635,2.7807,3.3005,0.3076,0.1125,0.6401,0.59
4084,140.151,0.358,0.358,pose,46.516,40.712,55.259,37.635,2.7697,3.2965,0.3317,0.0414,0.6535,0.6233
4085,140.185,0.252,0.33,pose,46.516,40.712,55.259,37.635,2.7702,3.2902,0.3386,0.0573,0.6415,0.6797
4086,140.22,0.296,0.321,pose,46.516,40.712,55.259,37.635,2.7847,3.2492,0.3339,0.0073,0.6503,0.6367
4087,140.254,0.314,0.314,pose,46.516,40.712,55.259,37.635,2.761,3.2102,0.3352,0.0262,0.6435,0.6157
4088,140.288,0.243,0.296,pose,46.516,40.712,55.31,37.635,2.7347,3.1779,0.3258,0.0264,0.6307,0.6383
4089,140.323,0.235,0.252,pose,46.516,40.712,55.349,37.635,2.7352,3.1343,0.318,0.0182,0.6291,0.3456
4090,140.357,0.439,0.296,bbox,46.516,40.758,55.381,37.635,2.7165,3.0893,,0.065,,0.3122
4091,140.391,0.83,0.314,pose,46.516,40.758,55.425,37.635,2.6873,3.0226,0.1659,0.1079,0.6131,-0.2468
4092,140.426,0.369,0.369,bbox,46.516,40.758,55.47,37.635,2.6729,2.9644,0.2138,,0.649,
4093,140.46,0.362,0.369,bbox,46.516,40.806,55.536,37.635,2.6633,2.9476,,,,
4094,140.494,0.266,0.369,pose,46.516,40.806,55.595,37.635,2.6305,2.9371,0.0909,0.0506,0.5909,0.3503
4095,140.528,0.381,0.369,bbox,46.516,40.806,55.595,37.635,2.6214,2.9221,0.0168,,0.6205,
4096,140.563,0.282,0.362,pose,46.516,40.863,55.595,37.635,2.596,2.884,0.0469,0.1991,0.6247,0.5751
4097,140.597,0.194,0.282,pose,46.516,40.863,55.637,37.635,2.5825,2.8694,0.0771,0.2018,0.5824,0.5995
4098,140.631,0.041,0.266,pose,46.516,40.897,55.675,37.635,2.5896,2.8449,0.0113,0.4212,0.5942,0.6147
4099,140.666,,,,46.516,40.897,55.675,37.635,,,,,,
4100,140.7,,,,46.516,40.897,55.675,37.635,,,,,,
4101,140.734,,,,46.516,40.897,55.675,37.635,,,,,,
4102,140.769,,,,46.516,40.897,55.675,37.635,,,,,,
4103,140.803,,,,46.516,40.897,55.675,37.635,,,,,,
4104,140.837,,,,46.516,40.897,55.675,37.635,,,,,,
4105,140.872,,,,46.516,40.897,55.675,37.635,,,,,,
4106,140.906,,,,46.516,40.897,55.675,37.635,,,,,,
4107,140.94,,,,46.516,40.897,55.675,37.635,,,,,,
4108,140.975,,,,46.516,40.897,55.675,37.635,,,,,,
4109,141.009,,,,46.516,40.897,55.675,37.635,,,,,,
4110,141.043,,,,46.516,40.897,55.675,37.635,,,,,,
4111,141.078,,,,46.516,40.897,55.675,37.635,,,,,,
4112,141.112,,,,46.516,40.897,55.675,37.635,,,,,,
4113,141.146,,,,46.516,40.897,55.675,37.635,,,,,,
4114,141.181,,,,46.516,40.897,55.675,37.635,,,,,,
4115,141.215,,,,46.516,40.897,55.675,37.635,,,,,,
4116,141.249,,,,46.516,40.897,55.675,37.635,,,,,,
4117,141.283,,,,46.516,40.897,55.675,37.635,,,,,,
4118,141.318,4.402,0.282,bbox,46.516,40.897,55.675,37.635,1.1979,8.2512,,0.5943,,1.3946
4119,141.352,4.087,0.282,pose,46.516,40.897,55.675,37.635,1.2215,8.1887,0.5861,0.5917,1.0015,1.4052
4120,141.386,4.058,4.058,pose,46.516,41.061,55.675,37.785,1.1966,8.1548,0.605,0.5972,0.9954,1.3519
4121,141.421,4.026,4.058,pose,46.516,41.061,55.675,37.785,1.1642,8.0955,0.6533,0.5906,1.0145,1.4407
4122,141.455,4.039,4.058,pose,46.516,41.061,55.675,37.785,1.1572,8.0581,0.6411,0.6034,0.9998,1.3906
4123,141.489,4.106,4.058,pose,46.516,41.118,55.734,37.785,1.1391,8.0356,0.6219,0.0661,0.9892,1.1322
4124,141.524,4.103,4.058,pose,46.516,41.118,55.772,37.785,1.1269,7.9968,0.5922,0.2536,1.0003,1.446
4125,141.558,4.123,4.103,pose,46.516,41.118,55.772,37.785,1.0833,7.9334,0.4509,0.6296,0.9802,1.3751
4126,141.592,4.08,4.103,pose,46.516,41.155,55.833,37.785,1.0542,7.9029,0.5347,0.2907,0.9989,1.3804
4127,141.627,4.206,4.106,pose,46.516,41.199,55.896,37.785,1.0245,7.8707,0.3275,0.7352,0.9681,1.3499
4128,141.661,4.136,4.123,pose,46.516,41.199,55.927,37.785,1.006,7.8732,0.2655,0.7696,0.9619,1.3788
4129,141.695,4.104,4.123,pose,46.516,41.258,55.927,37.785,1.0223,7.8805,0.2799,0.8699,0.9943,1.3545
4130,141.73,4.124,4.124,pose,46.516,41.258,55.927,37.785,1.0295,7.8922,0.1778,0.9614,0.9503,1.403
4131,141.764,4.059,4.124,pose,46.516,41.258,55.927,37.785,1.0307,7.9031,0.1699,1.0501,0.9827,1.3988
4132,141.798,4.034,4.104,pose,46.516,41.258,55.927,37.785,1.0112,7.8845,0.1664,1.0714,0.9735,1.3755
4133,141.833,4.021,4.059,pose,46.516,41.258,55.927,37.785,0.9978,7.8673,0.167,1.1771,0.9606,1.3744
4134,141.867,4.001,4.034,pose,46.516,41.258,55.927,37.785,0.998,7.8562,0.1014,1.1697,0.962,1.3631
4135,141.901,4.007,4.021,pose,46.516,41.258,55.927,37.785,1.0079,7.8804,0.0888,1.164,0.9593,1.3663
4136,141.935,4.014,4.014,pose,46.516,41.258,55.927,37.785,1.0242,7.9079,0.1346,1.1968,0.9756,1.4013
4137,141.97,4.009,4.009,pose,46.516,41.258,55.927,37.785,1.0463,7.9398,0.1224,1.19,0.9813,1.3772
4138,142.004,4.005,4.007,pose,46.516,41.258,55.927,37.785,1.0873,7.9561,0.1524,1.2251,0.9864,1.3579
4139,142.038,4.036,4.009,pose,46.516,41.258,55.927,37.822,1.1199,7.9949,0.1461,1.1948,1.0082,1.381
4140,142.073,4.023,4.014,pose,46.579,41.258,55.927,37.822,1.1163,8.0155,0.1937,1.2057,0.9979,1.3473
4141,142.107,4.016,4.016,pose,46.579,41.258,55.927,37.877,1.1115,8.019,0.2202,1.2192,0.9821,1.363
4142,142.141,4.032,4.023,pose,46.579,41.258,55.927,37.877,1.1075,8.0328,0.1825,1.2059,0.9923,1.3442
4143,142.176,3.996,4.023,pose,46.579,41.258,55.927,37.877,1.1063,8.0329,0.2458,1.212,0.998,1.3481
4144,142.21,4.088,4.023,pose,46.579,41.258,55.927,37.914,1.0989,8.0317,0.0276,1.2197,0.9611,1.3553
4145,142.244,3.978,4.016,pose,46.579,41.258,55.927,37.914,1.0775,8.0235,0.2501,1.2162,0.9871,1.3576
4146,142.279,3.954,3.996,pose,46.579,41.258,55.927,37.914,1.0624,8.0162,0.2889,1.2048,0.9868,1.3554
4147,142.313,3.945,3.978,pose,46.579,41.258,55.927,37.914,1.055,8.0185,0.2973,1.2177,0.9975,1.368
4148,142.347,3.934,3.954,pose,46.579,41.258,55.927,37.914,1.0499,8.0198,0.3319,1.2085,1.0204,1.3442
4149,142.382,3.924,3.945,pose,46.579,41.29,55.927,37.914,1.0393,8.0036,0.3136,1.2065,1.0231,1.339
4150,142.416,3.918,3.934,pose,46.579,41.29,55.927,37.914,1.0264,7.9965,0.3563,1.2168,1.0123,1.3451
4151,142.45,3.927,3.927,pose,46.579,41.29,55.927,37.914,1.003,7.9687,0.3404,1.2255,1.018,1.3421
4152,142.485,3.91,3.924,pose,46.579,41.29,55.962,37.914,0.9797,7.9518,0.3481,1.2331,1.0309,1.3483
4153,142.519,3.944,3.924,pose,46.579,41.342,55.962,37.914,0.9712,7.9486,0.3218,1.237,1.0225,1.3501
4154,142.553,3.949,3.927,pose,46.579,41.342,56.003,37.914,0.987,7.9554,0.2561,1.2375,1.015,1.3661
4155,142.588,3.941,3.941,pose,46.579,41.342,56.003,37.914,0.9909,7.9538,0.2772,1.2474,1.0288,1.3719
4156,142.622,4.013,3.944,pose,46.579,41.342,56.003,37.914,0.9883,7.9514,0.1635,1.2164,1.031,1.3732
4157,142.656,4.01,3.949,pose,46.579,41.342,56.003,37.914,0.9938,7.9525,0.1924,1.2206,1.0219,1.3729
4158,142.69,4.077,4.01,pose,46.579,41.342,56.003,37.914,1.0247,7.9586,0.0594,1.231,1.0219,1.3984
4159,142.725,4.11,4.013,pose,46.579,41.342,56.003,37.914,1.0367,7.9661,0.0041,1.2333,0.9974,1.3888
4160,142.759,4.134,4.077,pose,46.579,41.342,56.003,37.914,1.0461,7.9746,0.0241,1.2528,1.0115,1.3716
4161,142.793,4.133,4.11,pose,46.613,41.342,56.003,37.914,1.0582,7.9823,0.0272,1.2662,0.9986,1.3778
4162,142.828,4.136,4.133,pose,46.613,41.342,56.003,37.914,1.0702,7.9941,0.0248,1.2621,0.988,1.3514
4163,142.862,4.119,4.133,pose,46.613,41.342,56.003,37.914,1.0764,8.0065,0.0212,1.2827,0.9351,1.3661
4164,142.896,4.15,4.134,pose,46.646,41.342,56.003,37.953,1.0734,8.0115,0.0169,1.2803,0.9233,1.3577
4165,142.931,4.163,4.136,pose,46.646,41.342,56.003,37.953,1.0652,8.0186,0.0287,1.242,0.9414,1.3582
4166,142.965,4.117,4.136,pose,46.646,41.342,56.003,37.953,1.0313,8.0162,0.0791,1.2493,0.9033,1.3612
4167,142.999,4.11,4.119,pose,46.646,41.342,56.003,37.953,0.9956,8.0134,0.0388,1.2336,0.9226,1.3627
4168,143.034,4.076,4.117,pose,46.646,41.381,56.003,37.953,0.9619,8.0112,0.0162,1.2541,0.9701,1.3652
4169,143.068,4.082,4.11,pose,46.646,41.417,56.003,37.953,0.962,8.0077,0.0405,1.2405,0.9664,1.3616
4170,143.102,4.027,4.082,pose,46.646,41.45,56.003,37.953,0.9625,8.012,0.1756,1.2425,0.987,1.3689
4171,143.137,3.954,4.076,pose,46.646,41.45,56.003,37.953,0.9497,8.0019,0.2949,1.2649,0.9749,1.3477
4172,143.171,3.928,4.027,pose,46.646,41.45,56.003,37.953,0.9463,7.987,0.3633,1.274,0.9998,1.3483
4173,143.205,3.879,3.954,pose,46.646,41.45,56.003,37.953,0.9534,7.9601,0.4112,1.2978,1.0163,1.3312
4174,143.24,3.806,3.928,pose,46.646,41.45,56.003,37.953,0.9803,7.9049,0.4835,1.3284,0.9939,1.3279
4175,143.274,3.757,3.879,pose,46.646,41.45,56.037,37.953,1.0209,7.8457,0.5062,1.3986,1.0157,1.3134
4176,143.308,3.696,3.806,pose,46.646,41.45,56.093,37.953,1.018,7.8015,0.535,1.5252,0.9955,1.3097
4177,143.342,3.642,3.757,pose,46.699,41.45,56.152,37.953,1.0149,7.752,0.5396,1.5915,0.9943,1.2684
4178,143.377,3.587,3.696,pose,46.699,41.45,56.196,37.953,1.0505,7.7324,0.545,1.6676,0.9697,1.2302
4179,143.411,3.574,3.642,pose,46.699,41.45,56.245,37.953,1.0554,7.7281,0.5161,1.6903,0.9488,1.2095
4180,143.445,3.582,3.587,pose,46.734,41.45,56.245,37.953,1.0789,7.7401,0.4768,1.7058,0.9444,1.179
4181,143.48,4.212,3.587,bbox,46.734,41.45,56.245,37.953,1.1183,7.7484,,1.7223,,1.1586
4182,143.514,4.266,3.587,bbox,46.734,41.45,56.245,37.953,1.1599,7.7801,,1.7288,,1.1963
4183,143.548,4.265,4.212,bbox,46.802,41.45,56.245,37.953,1.2098,7.7791,,1.7107,,1.1268
4184,143.583,4.176,4.212,bbox,46.844,41.45,56.245,37.953,1.2667,7.7627,,1.7093,,1.1262
4185,143.617,4.042,4.212,bbox,46.894,41.45,56.245,37.953,1.3449,7.7055,,1.6504,,1.1605
4186,143.651,3.963,4.176,bbox,46.95,41.45,56.245,37.953,1.3801,7.6567,,1.5586,,1.1723
4187,143.686,3.593,4.042,pose,47.029,41.45,56.292,37.953,1.4114,7.5236,0.052,1.4421,0.8888,1.1557
4188,143.72,3.544,3.963,pose,47.064,41.45,56.341,37.953,1.4357,7.394,0.0414,1.2546,0.9404,1.1948
4189,143.754,3.702,3.702,bbox,47.095,41.45,56.474,37.953,1.4643,7.3115,,1.0536,,1.2238
4190,143.789,3.592,3.593,bbox,47.095,41.45,56.603,37.953,1.4819,7.2039,,1.044,,1.236
4191,143.823,3.313,3.592,pose,47.148,41.45,56.686,37.953,1.5127,7.1424,0.2173,0.957,1.0258,1.2839
4192,143.857,3.261,3.544,pose,47.148,41.45,56.794,37.953,1.5575,7.1085,0.3047,0.905,1.0206,1.3161
4193,143.892,3.147,3.313,pose,47.196,41.45,56.855,37.953,1.6057,7.0604,0.4303,0.9155,1.0401,1.3531
4194,143.926,3.137,3.261,pose,47.241,41.45,56.889,37.953,1.6417,7.055,0.3522,0.9698,0.981,1.3468
4195,143.96,3.117,3.147,pose,47.289,41.45,56.93,37.953,1.6658,7.0676,0.3086,1.1251,1.0247,1.3351
4196,143.995,3.417,3.147,bbox,47.325,41.45,56.93,37.953,1.7004,7.0981,,1.2848,,1.2988
4197,144.029,2.988,3.137,pose,47.325,41.45,56.93,37.953,1.7726,7.1261,0.3622,1.3688,0.9613,1.2331
4198,144.063,3.481,3.137,bbox,47.384,41.45,56.93,37.983,1.7868,7.1392,,1.3472,,1.194
4199,144.097,3.473,3.417,bbox,47.456,41.45,56.93,37.983,1.8426,7.1711,,1.3332,,1.1762
4200,144.132,3.46,3.46,bbox,47.456,41.45,56.93,38.024,1.8832,7.1913,,1.3368,,1.1782
4201,144.166,3.425,3.46,bbox,47.526,41.45,56.93,38.056,1.9388,7.2031,,1.3123,,1.203
4202,144.2,3.382,3.46,bbox,47.567,41.45,56.93,38.056,2.0068,7.2301,,1.2867,,1.2417
4203,144.235,3.322,3.425,bbox,47.623,41.45,56.93,38.088,2.0562,7.2411,,1.3022,,1.246
4204,144.269,3.232,3.382,bbox,47.691,41.45,56.93,38.088,2.1138,7.2161,,1.3078,,1.2649
4205,144.303,3.165,3.322,bbox,47.74,41.45,56.93,38.088,2.1905,7.179,,1.2737,,1.2745
4206,144.338,3.126,3.232,bbox,47.798,41.45,56.93,38.088,2.2424,7.1474,,1.2846,,1.2955
4207,144.372,3.043,3.165,bbox,47.874,41.45,56.93,38.088,2.3455,7.0698,,1.2948,,1.2902
4208,144.406,3.009,3.126,bbox,47.926,41.45,56.986,38.088,2.4151,7.0699,,1.304,,1.2678
4209,144.441,2.547,3.043,pose,48.029,41.45,57.05,38.088,2.4747,7.0834,0.5773,1.3194,0.9832,1.2205
4210,144.475,3.037,3.037,bbox,48.099,41.45,57.05,38.088,2.5023,7.1061,,1.2978,,1.1752
4211,144.509,2.55,3.009,pose,48.158,41.45,57.05,38.088,2.5137,7.0962,0.6288,1.2926,0.9908,1.1734
4212,144.544,3.04,3.009,bbox,48.158,41.45,57.05,38.088,2.5199,7.0867,,1.2974,,1.1762
4213,144.578,3.003,3.003,bbox,48.197,41.45,57.05,38.088,2.5596,7.0991,,1.3047,,1.1916
4214,144.612,2.984,3.003,bbox,48.197,41.45,57.05,38.088,2.5749,7.1204,,1.2896,,1.2364
4215,144.647,2.489,2.984,pose,48.243,41.45,57.05,38.088,2.5683,7.1381,0.6416,1.2975,0.9708,1.2522
4216,144.681,2.461,2.984,pose,48.243,41.45,57.05,38.125,2.5813,7.1798,0.6385,1.3231,0.9469,1.2524
4217,144.715,2.457,2.489,pose,48.243,41.45,57.05,38.125,2.6,7.2069,0.6361,1.3515,0.9519,1.2375
4218,144.749,2.451,2.461,pose,48.243,41.45,57.05,38.185,2.5907,7.2253,0.6134,1.3934,0.9519,1.2314
4219,144.784,2.484,2.461,pose,48.243,41.45,57.05,38.185,2.5847,7.2271,0.6161,1.3716,0.9497,1.2286
4220,144.818,2.53,2.461,pose,48.243,41.45,57.05,38.23,2.5865,7.2431,0.6455,1.3867,0.9794,1.1709
4221,144.852,2.542,2.484,pose,48.243,41.45,57.05,38.23,2.5857,7.2463,0.6542,1.4305,0.9343,1.1552
4222,144.887,2.551,2.53,pose,48.243,41.45,57.05,38.23,2.5507,7.2391,0.7285,1.4066,0.9724,1.1128
4223,144.921,2.563,2.542,pose,48.243,41.45,57.05,38.23,2.5186,7.2335,0.8084,1.3887,0.9429,1.0854
4224,144.955,2.558,2.551,pose,48.243,41.45,57.05,38.23,2.4868,7.2236,0.8554,1.3809,0.9324,1.1014
4225,144.99,2.569,2.558,pose,48.243,41.491,57.05,38.23,2.4769,7.2143,0.8775,1.3765,0.9107,1.1172
4226,145.024,2.557,2.558,pose,48.243,41.522,57.05,38.23,2.472,7.2231,0.9054,1.3553,0.8741,1.1637
4227,145.058,2.537,2.558,pose,48.243,41.522,57.05,38.23,2.469,7.2071,0.9455,1.3186,0.8706,1.1743
4228,145.093,2.519,2.557,pose,48.243,41.522,57.05,38.23,2.4745,7.156,0.9842,1.3062,0.8676,1.1988
4229,145.127,2.548,2.548,pose,48.243,41.522,57.05,38.23,2.4677,7.1247,1.0125,1.2552,0.8413,1.2301
4230,145.161,2.537,2.537,pose,48.243,41.522,57.119,38.23,2.465,7.1204,1.0405,1.2682,0.8273,1.2522
4231,145.196,2.541,2.537,pose,48.243,41.522,57.15,38.23,2.454,7.1117,1.0603,1.2787,0.8069,1.2266
4232,145.23,2.564,2.541,pose,48.243,41.522,57.15,38.23,2.4625,7.1223,1.0861,1.2723,0.81,1.2011
4233,145.264,2.574,2.548,pose,48.243,41.522,57.15,38.23,2.4698,7.128,1.0924,1.2854,0.8068,1.1552
4234,145.299,2.577,2.564,pose,48.243,41.522,57.15,38.23,2.4554,7.1152,1.0591,1.2937,0.8356,1.1029
4235,145.333,2.568,2.568,pose,48.243,41.554,57.15,38.23,2.4227,7.0842,1.0728,1.271,0.844,1.1149
4236,145.367,2.548,2.568,pose,48.243,41.554,57.15,38.23,2.3835,7.053,1.0493,1.2715,0.8738,1.1254
4237,145.402,2.525,2.568,pose,48.243,41.586,57.191,38.23,2.3934,7.0438,1.0412,1.2796,0.8809,1.1219
4238,145.436,2.499,2.548,pose,48.243,41.586,57.191,38.23,2.4177,7.0583,1.0204,1.272,0.8772,1.1608
4239,145.47,2.488,2.525,pose,48.243,41.586,57.191,38.23,2.436,7.0653,1.0121,1.2252,0.8902,1.1998
4240,145.504,2.477,2.499,pose,48.243,41.586,57.191,38.23,2.4571,7.0738,1.0157,1.2415,0.8901,1.2001
4241,145.539,2.487,2.488,pose,48.243,41.586,57.191,38.23,2.4683,7.0842,1.0435,1.2697,0.8731,1.1932
4242,145.573,2.496,2.488,pose,48.278,41.586,57.191,38.23,2.4727,7.0981,1.0577,1.2845,0.8443,1.1886
4243,145.607,2.497,2.488,pose,48.278,41.586,57.191,38.23,2.4683,7.1135,1.0737,1.3052,0.8225,1.1789
4244,145.642,2.529,2.496,pose,48.278,41.586,57.191,38.23,2.4766,7.1271,1.0601,1.3037,0.8165,1.1581
4245,145.676,2.545,2.497,pose,48.278,41.586,57.191,38.23,2.4889,7.1449,1.0594,1.3334,0.8182,1.1237
4246,145.71,2.544,2.529,pose,48.278,41.586,57.191,38.273,2.5043,7.1562,1.0781,1.3361,0.8209,1.0875
4247,145.745,2.549,2.544,pose,48.31,41.586,57.191,38.273,2.5105,7.1521,1.0558,1.3272,0.8276,1.0652
4248,145.779,2.526,2.544,pose,48.31,41.586,57.191,38.273,2.5161,7.1461,1.0517,1.3272,0.8602,1.088
4249,145.813,2.507,2.544,pose,48.31,41.586,57.191,38.273,2.5207,7.1148,1.0389,1.3076,0.8842,1.1321
4250,145.848,2.492,2.526,pose,48.31,41.586,57.191,38.273,2.5078,7.0511,1.0331,1.2714,0.8854,1.1664
4251,145.882,2.474,2.507,pose,48.31,41.586,57.191,38.273,2.5075,7.0336,1.0357,1.2054,0.8872,1.1784
4252,145.916,2.466,2.492,pose,48.31,41.586,57.267,38.273,2.5048,6.9689,1.0524,1.1222,0.8763,1.1831
4253,145.951,2.466,2.474,pose,48.31,41.586,57.267,38.273,2.4803,6.8822,1.0723,1.0501,0.8647,1.1852
4254,145.985,2.43,2.466,pose,48.31,41.586,57.349,38.273,2.4588,6.813,1.0867,0.9831,0.828,1.1951
4255,146.019,2.452,2.466,pose,48.31,41.586,57.436,38.273,2.4625,6.7607,1.0926,0.9339,0.8081,1.1932
4256,146.054,2.403,2.452,pose,48.31,41.586,57.505,38.273,2.4746,6.7565,1.1063,0.9842,0.7729,1.2027
4257,146.088,2.321,2.43,pose,48.31,41.586,57.557,38.273,2.4836,6.7375,1.1246,1.0968,0.7445,1.216
4258,146.122,2.333,2.403,pose,48.31,41.586,57.557,38.273,2.4874,6.7119,1.1217,1.1743,0.7293,1.1985
4259,146.156,2.36,2.36,pose,48.31,41.586,57.557,38.273,2.4958,6.7322,1.1141,1.1769,0.7465,1.1512
4260,146.191,2.355,2.355,pose,48.31,41.586,57.557,38.273,2.492,6.7244,1.1118,1.1921,0.7773,1.1253
4261,146.225,2.377,2.355,pose,48.31,41.586,57.557,38.273,2.5098,6.7337,1.0815,1.1882,0.8067,1.1458
4262,146.259,2.37,2.36,pose,48.31,41.586,57.557,38.273,2.5355,6.7543,1.0826,1.1732,0.7988,1.1823
4263,146.294,2.391,2.37,pose,48.31,41.586,57.557,38.273,2.5296,6.7785,1.0258,1.2422,0.797,1.1699
4264,146.328,2.453,2.377,pose,48.35,41.586,57.557,38.273,2.533,6.8168,0.9177,1.2986,0.8342,1.1899
4265,146.362,2.534,2.391,pose,48.35,41.586,57.557,38.273,2.5373,6.8709,0.8358,1.4072,0.8419,1.1676
4266,146.397,2.493,2.453,pose,48.35,41.586,57.557,38.329,2.5359,6.9151,0.8367,1.5137,0.8168,1.1397
4267,146.431,2.518,2.493,pose,48.35,41.586,57.557,38.383,2.5213,6.9471,0.8513,1.6193,0.7772,1.1115
4268,146.465,2.545,2.518,pose,48.35,41.586,57.557,38.428,2.5258,6.9824,0.8838,1.7112,0.7704,1.0525
4269,146.5,2.601,2.534,pose,48.35,41.586,57.557,38.46,2.5295,6.9803,0.8769,1.7033,0.7652,1.0047
4270,146.534,2.616,2.545,pose,48.35,41.586,57.557,38.493,2.502,6.9897,0.8726,1.6795,0.7781,0.9911
4271,146.568,2.6,2.6,pose,48.35,41.586,57.557,38.493,2.4614,6.9883,0.8801,1.693,0.7954,0.9648
4272,146.603,2.717,2.601,pose,48.35,41.586,57.557,38.493,2.4193,6.9878,0.614,1.6788,0.8729,0.9854
4273,146.637,2.52,2.601,pose,48.35,41.655,57.557,38.493,2.3867,6.9938,0.8878,1.7259,0.8431,0.9809
4274,146.671,2.482,2.6,pose,48.35,41.697,57.557,38.493,2.397,6.9986,0.8789,1.7337,0.8636,0.9984
4275,146.706,2.413,2.52,pose,48.35,41.697,57.557,38.493,2.4413,6.9812,0.9433,1.7035,0.8721,0.9785
4276,146.74,2.343,2.482,pose,48.35,41.697,57.557,38.493,2.4772,6.9637,1.0116,1.6362,0.8486,1.0161
4277,146.774,2.327,2.413,pose,48.35,41.697,57.557,38.493,2.4864,6.8891,1.0264,1.5448,0.8366,1.0423
4278,146.809,2.325,2.343,pose,48.392,41.697,57.557,38.493,2.461,6.7857,1.0338,1.3958,0.8228,1.0898
4279,146.843,2.284,2.327,pose,48.392,41.697,57.648,38.493,2.4566,6.6561,1.0318,1.2468,0.7826,1.1537
4280,146.877,2.291,2.325,pose,48.392,41.697,57.752,38.493,2.4621,6.5215,1.0392,0.9887,0.7648,1.1569
4281,146.911,2.249,2.291,pose,48.392,41.697,57.881,38.493,2.4618,6.399,1.0284,0.8932,0.7844,1.1275
4282,146.946,2.205,2.284,pose,48.392,41.697,58.016,38.493,2.4616,6.3066,1.035,0.8581,0.7977,1.1633
4283,146.98,2.147,2.249,pose,48.392,41.697,58.138,38.493,2.4572,6.2419,1.0507,0.8465,0.8203,1.1483
4284,147.014,2.122,2.205,pose,48.392,41.697,58.231,38.493,2.4621,6.1901,1.0146,0.872,0.8211,1.1839
4285,147.049,2.082,2.147,pose,48.392,41.697,58.295,38.493,2.4323,6.1407,0.9545,0.978,0.8342,1.1455
4286,147.083,2.071,2.122,pose,48.392,41.697,58.347,38.493,2.3229,6.0279,0.8489,1.1434,0.8414,1.0987
4287,147.117,2.069,2.082,pose,48.392,41.697,58.397,38.493,2.2782,5.9828,0.7765,1.2941,0.8047,1.028
4288,147.152,2.746,2.082,bbox,48.392,41.835,58.51,38.493,2.2489,5.9291,,1.4572,,1.007
4289,147.186,1.991,2.071,pose,48.392,41.88,58.555,38.493,2.1954,5.9343,0.8958,1.4684,0.8073,0.9777
4290,147.22,2.004,2.069,pose,48.392,41.88,58.603,38.493,2.1386,5.9128,0.9648,1.5065,0.7561,0.9478
4291,147.255,2.907,2.069,bbox,48.392,41.962,58.603,38.493,2.1312,5.9227,,1.4942,,0.9307
4292,147.289,2.01,2.01,pose,48.392,42.016,58.603,38.493,2.1417,5.9455,1.0471,1.4609,0.7654,0.9493
4293,147.323,2.017,2.01,pose,48.392,42.016,58.603,38.493,2.1616,5.9567,1.0316,1.4422,0.8132,0.9857
4294,147.358,2.014,2.014,pose,48.392,42.016,58.603,38.493,2.1637,5.9636,1.0319,1.3841,0.8305,1.0102
4295,147.392,2.165,2.017,pose,48.392,42.016,58.603,38.493,2.135,5.9454,0.835,1.3358,0.7314,1.0409
4296,147.426,2.223,2.017,pose,48.392,42.016,58.603,38.493,2.1044,5.914,0.7209,1.2347,0.7676,1.0801
4297,147.461,2.334,2.165,pose,48.392,42.016,58.603,38.493,2.123,5.9063,0.5897,1.1023,0.828,1.0938
4298,147.495,2.386,2.223,pose,48.392,42.016,58.603,38.493,2.1541,5.9157,0.5132,1.0248,0.8682,1.1187
4299,147.529,2.37,2.334,pose,48.392,42.016,58.603,38.493,2.1576,5.9239,0.5437,1.0068,0.8564,1.1319
4300,147.563,2.328,2.334,pose,48.392,42.016,58.603,38.493,2.1199,5.9217,0.6474,1.0665,0.83,1.1282
4301,147.598,2.307,2.334,pose,48.392,42.016,58.603,38.493,2.0873,5.9262,0.7591,1.1728,0.7597,1.0755
4302,147.632,2.25,2.328,pose,48.392,42.016,58.603,38.493,2.0698,5.915,0.8056,1.2448,0.7671,1.0343
4303,147.666,2.244,2.307,pose,48.392,42.07,58.603,38.493,2.0657,5.9252,0.7942,1.3198,0.7664,1.0019
4304,147.701,2.207,2.25,pose,48.392,42.07,58.603,38.493,2.0668,5.9246,0.8098,1.3135,0.7803,1.0256
4305,147.735,2.2,2.244,pose,48.392,42.07,58.603,38.493,2.0859,5.9357,0.7954,1.3311,0.7856,0.9982
4306,147.769,2.167,2.207,pose,48.392,42.07,58.603,38.493,2.1286,5.9441,0.7834,1.3371,0.811,1.0061
4307,147.804,2.158,2.2,pose,48.392,42.07,58.603,38.493,2.1654,5.947,0.7875,1.3393,0.7955,0.9999
4308,147.838,2.148,2.167,pose,48.433,42.07,58.603,38.493,2.2186,5.9635,0.737,1.2944,0.7778,1.008
4309,147.872,2.095,2.158,pose,48.47,42.07,58.603,38.493,2.2816,5.9774,0.76,1.2597,0.7537,1.0288
4310,147.907,2.074,2.148,pose,48.523,42.07,58.603,38.493,2.3294,5.961,0.8018,1.2121,0.7525,1.0813
4311,147.941,2.076,2.095,pose,48.586,42.07,58.603,38.493,2.354,5.9159,0.8073,1.1239,0.7004,1.1159
4312,147.975,2.077,2.077,pose,48.634,42.07,58.603,38.493,2.3681,5.8957,0.8428,1.0704,0.6915,1.1299
4313,148.01,2.054,2.076,pose,48.634,42.07,58.603,38.493,2.3774,5.871,0.8656,1.0193,0.6825,1.1608
4314,148.044,2.018,2.074,pose,48.673,42.07,58.642,38.493,2.3766,5.8668,0.8778,1.0078,0.7124,1.1822
4315,148.078,2.028,2.054,pose,48.673,42.07,58.642,38.493,2.3904,5.8506,0.8872,1.0238,0.7382,1.1779
4316,148.113,2.005,2.028,pose,48.673,42.07,58.642,38.493,2.3903,5.8542,0.9059,1.0427,0.7644,1.1166
4317,148.147,2.027,2.027,pose,48.673,42.07,58.642,38.493,2.3934,5.8844,0.8749,1.0934,0.7828,1.0947
4318,148.181,2.065,2.027,pose,48.673,42.07,58.642,38.493,2.3848,5.8985,0.8198,1.1202,0.7995,1.0669
4319,148.216,2.129,2.028,pose,48.673,42.07,58.642,38.493,2.3817,5.902,0.7735,1.0894,0.8217,1.0723
4320,148.25,2.149,2.065,pose,48.673,42.07,58.642,38.493,2.3697,5.9053,0.755,1.0869,0.8374,1.0702
4321,148.284,2.14,2.129,pose,48.673,42.07,58.642,38.493,2.3679,5.9121,0.8048,1.0772,0.8279,1.108
4322,148.318,2.14,2.14,pose,48.673,42.07,58.642,38.493,2.3436,5.9399,0.8418,1.1111,0.8159,1.1461
4323,148.353,2.158,2.14,pose,48.673,42.07,58.642,38.493,2.329,5.959,0.8945,1.1222,0.7615,1.1485
4324,148.387,2.154,2.149,pose,48.673,42.07,58.642,38.537,2.3359,6.014,0.9162,1.1369,0.7296,1.1689
4325,148.421,2.16,2.154,pose,48.673,42.07,58.642,38.537,2.3406,6.0544,0.9363,1.155,0.7064,1.1698
4326,148.456,2.163,2.158,pose,48.673,42.07,58.642,38.611,2.3382,6.0956,0.9567,1.1854,0.7107,1.1398
4327,148.49,2.173,2.16,pose,48.673,42.103,58.642,38.651,2.3239,6.1263,0.9507,1.2454,0.7304,1.1276
4328,148.524,2.193,2.163,pose,48.673,42.103,58.642,38.693,2.312,6.1424,0.9241,1.2872,0.7571,1.0689
4329,148.559,2.188,2.173,pose,48.673,42.103,58.642,38.723,2.3049,6.1358,0.9217,1.3049,0.7668,1.0298
4330,148.593,2.172,2.173,pose,48.673,42.103,58.642,38.723,2.3052,6.1422,0.9245,1.3101,0.8018,1.0338
4331,148.627,2.184,2.184,pose,48.673,42.133,58.642,38.723,2.2994,6.1363,0.895,1.3246,0.8117,1.0258
4332,148.662,2.189,2.188,pose,48.673,42.133,58.642,38.723,2.2968,6.135,0.8616,1.3095,0.7909,1.0188
4333,148.696,2.2,2.188,pose,48.673,42.133,58.642,38.723,2.2939,6.1382,0.8487,1.3147,0.7811,1.0321
4334,148.73,2.203,2.189,pose,48.673,42.133,58.642,38.723,2.3006,6.1247,0.8553,1.2646,0.7588,1.038
4335,148.765,2.195,2.195,pose,48.673,42.133,58.642,38.723,2.2974,6.0952,0.8749,1.229,0.7593,1.0798
4336,148.799,2.199,2.199,pose,48.673,42.133,58.642,38.723,2.2897,6.0605,0.871,1.1712,0.7569,1.1039
4337,148.833,2.186,2.199,pose,48.673,42.133,58.673,38.723,2.2759,6.0052,0.8987,1.1009,0.7591,1.1112
4338,148.868,2.176,2.195,pose,48.673,42.133,58.707,38.723,2.267,5.9104,0.8915,1.0247,0.7851,1.1203
4339,148.902,2.166,2.186,pose,48.673,42.133,58.763,38.723,2.2406,5.8372,0.8618,0.9264,0.8139,1.1307
4340,148.936,2.17,2.176,pose,48.673,42.172,58.858,38.723,2.2395,5.777,0.8462,0.8794,0.8082,1.1394
4341,148.97,2.178,2.176,pose,48.673,42.172,58.931,38.723,2.2699,5.7776,0.8333,0.8602,0.8042,1.103
4342,149.005,2.119,2.17,pose,48.673,42.172,58.99,38.723,2.298,5.7774,0.8342,1.0176,0.7921,1.0985
4343,149.039,2.059,2.166,pose,48.673,42.172,58.99,38.723,2.3054,5.7824,0.8612,1.1303,0.8027,1.0603
4344,149.073,2.07,2.119,pose,48.704,42.172,58.99,38.723,2.3237,5.8418,0.8828,1.1324,0.7764,1.0158
4345,149.108,2.073,2.073,pose,48.704,42.172,58.99,38.723,2.3725,5.8801,0.8896,1.132,0.7706,1.0272
4346,149.142,2.043,2.07,pose,48.704,42.172,58.99,38.788,2.4002,5.9116,0.8909,1.1458,0.7628,1.0189
4347,149.176,2.029,2.059,pose,48.778,42.172,58.99,38.826,2.4433,5.9223,0.8377,1.1408,0.7662,1.0354
4348,149.211,2.013,2.043,pose,48.778,42.172,58.99,38.857,2.4865,5.9181,0.8252,1.1158,0.7558,1.0676
4349,149.245,2.014,2.029,pose,48.849,42.172,58.99,38.857,2.5185,5.9084,0.7759,1.098,0.7397,1.1055
4350,149.279,1.986,2.014,pose,48.892,42.172,58.99,38.857,2.5233,5.9026,0.7629,1.1178,0.7464,1.1021
4351,149.314,1.974,2.013,pose,48.924,42.172,58.99,38.857,2.519,5.8914,0.7895,1.123,0.716,1.1214
4352,149.348,1.955,1.986,pose,48.924,42.172,58.99,38.857,2.5035,5.8929,0.8089,1.161,0.7441,1.1352
4353,149.382,1.943,1.974,pose,48.924,42.172,58.99,38.857,2.4962,5.8895,0.8241,1.1914,0.7429,1.1274
4354,149.417,1.936,1.955,pose,48.924,42.172,58.99,38.857,2.5072,5.92,0.8274,1.2235,0.7788,1.0966
4355,149.451,1.953,1.953,pose,48.924,42.172,58.99,38.857,2.506,5.939,0.8028,1.2839,0.7943,1.0939
4356,149.485,1.969,1.953,pose,48.924,42.172,58.99,38.857,2.507,5.9463,0.7801,1.3554,0.7959,1.0279
4357,149.52,2.023,1.953,pose,48.924,42.172,58.99,38.857,2.4953,5.9523,0.7633,1.3785,0.8077,1.0174
4358,149.554,2.037,1.969,pose,48.924,42.172,58.99,38.892,2.4882,5.9601,0.768,1.3763,0.7831,0.9958
4359,149.588,2.052,2.023,pose,48.924,42.172,58.99,38.892,2.4837,5.9637,0.8036,1.3855,0.7706,0.9598
4360,149.623,2.048,2.037,pose,48.924,42.172,58.99,38.892,2.4936,5.9811,0.8348,1.3764,0.7462,0.958
4361,149.657,2.054,2.048,pose,48.924,42.202,58.99,38.892,2.4664,6.0027,0.8519,1.3565,0.7603,0.9363
4362,149.691,2.041,2.048,pose,48.924,42.202,58.99,38.927,2.4443,6.0096,0.859,1.3155,0.7591,0.9642
4363,149.725,2.013,2.048,pose,48.924,42.202,58.99,38.927,2.4272,6.0021,0.867,1.2632,0.7789,1.0028
4364,149.76,2.047,2.047,pose,48.924,42.246,58.99,38.927,2.4207,5.9786,0.8291,1.1921,0.7762,1.0326
4365,149.794,2.038,2.041,pose,48.924,42.246,58.99,38.927,2.4496,5.9297,0.812,1.141,0.7877,1.066
4366,149.828,2.097,2.041,pose,48.924,42.246,58.99,38.927,2.4704,5.9002,0.7671,1.0266,0.7741,1.0567
4367,149.863,2.134,2.047,pose,48.924,42.246,59.042,38.927,2.4778,5.874,0.6592,0.9685,0.7672,1.0865
4368,149.897,2.121,2.097,pose,48.924,42.246,59.042,38.927,2.4658,5.8259,0.6906,0.8989,0.7645,1.1165
4369,149.931,2.109,2.109,pose,48.924,42.246,59.098,38.927,2.4517,5.7841,0.7289,0.8799,0.746,1.1006
4370,149.966,2.055,2.109,pose,48.924,42.246,59.146,38.927,2.418,5.7254,0.7441,0.9464,0.7298,1.0963
4371,150.0,1.974,2.109,pose,48.924,42.246,59.187,38.927,2.4083,5.6692,0.757,1.0924,0.7257,1.042
4372,150.034,1.873,2.055,pose,48.924,42.246,59.246,38.927,2.4003,5.6091,0.7512,1.237,0.7487,1.016
4373,150.069,1.781,1.974,pose,48.924,42.282,59.302,38.927,2.3966,5.5787,0.7689,1.3549,0.747,0.9835
4374,150.103,1.714,1.873,pose,48.924,42.282,59.362,38.927,2.4136,5.5591,0.7752,1.4256,0.7371,0.9703
4375,150.137,1.654,1.781,pose,48.924,42.282,59.393,38.927,2.4474,5.542,0.7719,1.4488,0.7688,0.9537
4376,150.172,1.606,1.714,pose,48.924,42.282,59.393,38.927,2.5074,5.5704,0.796,1.4259,0.7358,0.9386
4377,150.206,1.578,1.654,pose,48.963,42.282,59.393,38.927,2.5492,5.5301,0.8055,1.3699,0.7114,0.9255
4378,150.24,1.58,1.606,pose,49.023,42.282,59.429,38.927,2.6017,5.5132,0.7723,1.3258,0.6761,0.9692
4379,150.275,1.568,1.58,pose,49.065,42.282,59.429,38.927,2.6436,5.506,0.8163,1.2655,0.6677,0.9718
4380,150.309,1.555,1.578,pose,49.118,42.282,59.429,38.927,2.6614,5.4765,0.8243,1.188,0.6701,1.0216
4381,150.343,1.555,1.568,pose,49.159,42.282,59.466,38.927,2.6521,5.4733,0.8424,1.1111,0.6707,1.061
4382,150.377,1.54,1.555,pose,49.159,42.282,59.466,38.927,2.6513,5.4849,0.8702,1.0672,0.72,1.0813
4383,150.412,1.553,1.555,pose,49.159,42.282,59.466,38.927,2.6572,5.4895,0.9008,1.0258,0.7299,1.0703
4384,150.446,1.586,1.555,pose,49.159,42.282,59.466,38.927,2.6437,5.5065,0.923,1.0154,0.7328,1.0569
4385,150.48,1.643,1.555,pose,49.159,42.282,59.466,38.927,2.6189,5.5116,0.8745,1.0214,0.7365,1.0553
4386,150.515,1.662,1.586,pose,49.159,42.282,59.466,38.927,2.6037,5.5402,0.8428,1.0559,0.7239,1.0133
4387,150.549,1.727,1.643,pose,49.159,42.282,59.466,38.927,2.6026,5.5809,0.7695,1.0512,0.7561,0.9729
4388,150.583,1.761,1.662,pose,49.159,42.322,59.466,38.961,2.5997,5.6234,0.7147,1.055,0.7623,0.9976
4389,150.618,1.818,1.727,pose,49.159,42.322,59.466,39.002,2.6123,5.645,0.635,1.0539,0.7832,1.0121
4390,150.652,1.872,1.761,pose,49.159,42.322,59.466,39.044,2.6178,5.6551,0.5664,1.064,0.7936,1.0546
4391,150.686,1.887,1.818,pose,49.159,42.322,59.466,39.044,2.609,5.6569,0.5689,1.053,0.7792,1.0512
4392,150.721,1.953,1.872,pose,49.159,42.322,59.466,39.076,2.5833,5.6705,0.5273,1.055,0.7355,1.0792
4393,150.755,2.011,1.887,pose,49.159,42.322,59.466,39.076,2.5833,5.7085,0.5259,1.0505,0.681,1.0985
4394,150.789,2.058,1.953,pose,49.159,42.322,59.466,39.076,2.6027,5.7272,0.5151,1.0392,0.6645,1.1176
4395,150.824,2.066,2.011,pose,49.159,42.322,59.466,39.13,2.624,5.7587,0.5085,1.0461,0.6598,1.1146
4396,150.858,2.082,2.058,pose,49.159,42.322,59.466,39.13,2.6589,5.789,0.4975,1.059,0.643,1.0974
4397,150.892,2.073,2.066,pose,49.159,42.322,59.466,39.18,2.6972,5.8244,0.509,1.088,0.6432,1.0697
4398,150.927,2.05,2.066,pose,49.215,42.322,59.466,39.21,2.7246,5.8558,0.5389,1.0808,0.5915,1.0425
4399,150.961,2.02,2.066,pose,49.253,42.322,59.466,39.245,2.7469,5.863,0.5611,1.0926,0.6314,1.0166
4400,150.995,1.958,2.05,pose,49.253,42.322,59.466,39.245,2.7747,5.8481,0.6178,1.138,0.6485,0.9816
4401,151.03,1.811,2.02,pose,49.303,42.322,59.466,39.245,2.801,5.8318,0.7445,1.1808,0.6438,0.9876
4402,151.064,1.637,1.958,pose,49.303,42.322,59.466,39.245,2.8611,5.7756,0.8852,1.2413,0.6192,0.9731
4403,151.098,1.529,1.811,pose,49.357,42.322,59.466,39.245,2.8972,5.7291,0.8478,1.3395,0.5886,0.9628
4404,151.132,1.487,1.637,pose,49.417,42.322,59.514,39.245,2.9059,5.6396,0.8923,1.4048,0.5659,0.9626
4405,151.167,1.415,1.529,pose,49.417,42.322,59.561,39.245,2.8873,5.5275,0.895,1.4746,0.5802,0.9252
4406,151.201,2.169,1.529,bbox,49.417,42.322,59.65,39.245,2.8567,5.4105,,1.479,,0.8991
4407,151.235,2.125,1.529,bbox,49.417,42.322,59.762,39.245,2.8205,5.3348,,1.4688,,0.9047
4408,151.27,1.469,1.487,pose,49.417,42.322,59.879,39.245,2.7901,5.2561,0.4862,1.4215,0.5932,0.8495
4409,151.304,2.066,2.066,bbox,49.417,42.362,59.955,39.245,2.7932,5.2307,,1.395,,0.8717
4410,151.338,1.45,2.066,pose,49.417,42.362,60.034,39.245,2.7538,5.1989,0.8237,1.3569,0.7391,0.8917
4411,151.373,1.451,1.469,pose,49.417,42.393,60.034,39.245,2.6585,5.1659,0.8363,1.299,0.7375,0.9019
4412,151.407,1.542,1.469,pose,49.417,42.429,60.091,39.245,2.6328,5.1484,0.7579,1.2786,0.7189,0.9436
4413,151.441,1.588,1.542,pose,49.417,42.524,60.124,39.245,2.6253,5.1397,0.7492,1.2366,0.6857,0.972
4414,151.476,1.608,1.542,pose,49.417,42.524,60.124,39.245,2.5942,5.1169,0.8193,1.219,0.6578,0.9888
4415,151.51,1.616,1.588,pose,49.417,42.557,60.124,39.245,2.5693,5.1052,0.8703,1.2272,0.6535,0.9956
4416,151.544,1.639,1.608,pose,49.417,42.588,60.124,39.245,2.531,5.1424,0.9081,1.2137,0.6378,0.9984
4417,151.579,1.663,1.616,pose,49.417,42.588,60.124,39.245,2.4851,5.1476,0.9365,1.1866,0.6422,0.9965
4418,151.613,1.704,1.639,pose,49.417,42.652,60.124,39.245,2.4487,5.1725,0.9381,1.1298,0.669,0.9904
4419,151.647,1.731,1.663,pose,49.417,42.698,60.124,39.245,2.4212,5.1934,0.93,1.1501,0.6283,0.9264
4420,151.682,1.786,1.704,pose,49.417,42.734,60.124,39.245,2.3967,5.2009,0.8942,1.1579,0.6761,0.8991
4421,151.716,1.802,1.731,pose,49.417,42.734,60.124,39.245,2.3879,5.2504,0.8621,1.2054,0.6984,0.8896
4422,151.75,1.864,1.786,pose,49.417,42.786,60.124,39.28,2.3782,5.29,0.774,1.2265,0.7396,0.8915
4423,151.784,1.925,1.802,pose,49.417,42.786,60.124,39.33,2.3644,5.3179,0.7133,1.2269,0.7365,0.8858
4424,151.819,1.956,1.864,pose,49.417,42.786,60.124,39.369,2.3674,5.3367,0.6676,1.2178,0.7837,0.8974
4425,151.853,1.962,1.925,pose,49.417,42.786,60.124,39.369,2.3634,5.356,0.6639,1.2267,0.809,0.9522
4426,151.887,1.951,1.951,pose,49.417,42.818,60.124,39.416,2.3493,5.3729,0.6781,1.2067,0.7972,0.9937
4427,151.922,1.933,1.951,pose,49.417,42.818,60.124,39.416,2.3218,5.3801,0.6964,1.203,0.7742,1.0376
4428,151.956,1.918,1.951,pose,49.417,42.818,60.124,39.452,2.2958,5.4109,0.7141,1.1781,0.7504,1.0877
4429,151.99,1.946,1.946,pose,49.417,42.861,60.124,39.452,2.2773,5.439,0.7424,1.16,0.7282,1.1096
4430,152.025,2.02,1.946,pose,49.417,42.861,60.124,39.49,2.274,5.4947,0.7511,1.0858,0.7197,1.0731
4431,152.059,2.057,1.946,pose,49.417,42.905,60.124,39.49,2.2678,5.5518,0.7564,1.0354,0.7059,1.0695
4432,152.093,2.077,2.02,pose,49.417,42.905,60.124,39.574,2.2762,5.6075,0.7432,1.0013,0.729,1.0158
4433,152.128,2.086,2.057,pose,49.417,42.905,60.124,39.631,2.2812,5.6385,0.717,1.0396,0.7476,1.0086
4434,152.162,2.129,2.077,pose,49.417,42.905,60.124,39.687,2.271,5.65,0.677,1.0341,0.76,0.9733
4435,152.196,2.149,2.086,pose,49.417,42.905,60.124,39.718,2.255,5.6664,0.687,1.0401,0.7598,0.9579
4436,152.231,2.157,2.129,pose,49.417,42.905,60.124,39.718,2.2448,5.67,0.6894,1.0373,0.7697,0.9441
4437,152.265,2.161,2.149,pose,49.417,42.905,60.124,39.718,2.2396,5.6772,0.7021,1.0388,0.7697,0.9826
4438,152.299,2.141,2.149,pose,49.417,42.905,60.124,39.749,2.2693,5.6935,0.713,1.0284,0.7499,1.0265
4439,152.334,2.125,2.149,pose,49.417,42.905,60.124,39.749,2.307,5.7195,0.7237,1.0123,0.7292,1.0334
4440,152.368,2.083,2.141,pose,49.417,42.905,60.124,39.749,2.32,5.7198,0.7454,1.0202,0.7102,1.0461
4441,152.402,2.072,2.125,pose,49.417,42.905,60.124,39.781,2.324,5.7018,0.7535,1.0122,0.7216,1.0356
4442,152.437,2.06,2.083,pose,49.46,42.905,60.124,39.781,2.3419,5.6866,0.7357,0.9893,0.7219,1.0558
4443,152.471,2.038,2.072,pose,49.46,42.905,60.124,39.781,2.3578,5.6838,0.7342,0.9681,0.7431,1.064
4444,152.505,2.032,2.06,pose,49.46,42.905,60.124,39.781,2.3577,5.659,0.7181,0.9494,0.7329,1.0448
4445,152.539,2.057,2.057,pose,49.497,42.905,60.124,39.781,2.3785,5.6521,0.6953,0.9181,0.7485,1.0573
4446,152.574,2.044,2.044,pose,49.497,42.905,60.167,39.781,2.3874,5.6441,0.6755,0.9211,0.7715,1.0202
4447,152.608,2.055,2.044,pose,49.497,42.905,60.167,39.781,2.4013,5.6414,0.6247,0.9379,0.792,0.9993
4448,152.642,2.043,2.044,pose,49.497,42.905,60.167,39.781,2.4,5.6365,0.6068,0.9566,0.7889,1.0051
4449,152.677,2.034,2.044,pose,49.497,42.905,60.167,39.781,2.38,5.6427,0.6097,0.9573,0.7799,1.0396
4450,152.711,2.024,2.043,pose,49.497,42.905,60.167,39.781,2.3703,5.6642,0.6287,0.9623,0.7766,1.067
4451,152.745,2.017,2.034,pose,49.497,42.905,60.167,39.781,2.3756,5.6779,0.6274,0.9666,0.7689,1.0985
4452,152.78,2.001,2.024,pose,49.497,42.905,60.167,39.781,2.3916,5.6929,0.6199,0.9721,0.7704,1.1221
4453,152.814,1.995,2.017,pose,49.497,42.905,60.167,39.781,2.3977,5.7114,0.607,0.9982,0.7802,1.1298
4454,152.848,2.007,2.007,pose,49.531,42.905,60.167,39.815,2.4001,5.7439,0.6093,1.0155,0.7822,1.1425
4455,152.883,2.048,2.007,pose,49.531,42.905,60.167,39.815,2.41,5.8017,0.5984,1.0019,0.7858,1.1344
4456,152.917,2.094,2.007,pose,49.531,42.905,60.167,39.866,2.4259,5.8499,0.5979,1.0049,0.7766,1.124
4457,152.951,2.132,2.048,pose,49.531,42.905,60.167,39.924,2.4325,5.8519,0.5958,0.9946,0.7806,1.0699
4458,152.986,2.147,2.094,pose,49.561,42.905,60.167,39.972,2.4219,5.8711,0.6028,1.0291,0.7921,1.0671
4459,153.02,2.17,2.132,pose,49.561,42.905,60.167,39.972,2.4277,5.885,0.6201,1.0437,0.7611,1.0383
4460,153.054,2.152,2.147,pose,49.561,42.905,60.167,39.972,2.4349,5.8856,0.6382,1.0277,0.7451,1.0334
4461,153.089,2.147,2.147,pose,49.561,42.905,60.167,40.005,2.4277,5.8832,0.6276,1.0213,0.7495,1.0298
4462,153.123,2.131,2.147,pose,49.561,42.905,60.167,40.005,2.4584,5.8823,0.6204,1.0069,0.7424,1.0303
4463,153.157,2.108,2.147,pose,49.561,42.905,60.167,40.005,2.5006,5.8725,0.5981,1.0072,0.7554,1.0278
4464,153.191,2.056,2.131,pose,49.598,42.905,60.167,40.005,2.5263,5.8669,0.5496,1.0126,0.7567,1.03
4465,153.226,2.039,2.108,pose,49.64,42.905,60.167,40.005,2.5522,5.8179,0.4953,1.0078,0.7804,1.05
4466,153.26,2.013,2.056,pose,49.64,42.905,60.167,40.005,2.5816,5.7854,0.4557,1.0002,0.7682,1.0447
4467,153.294,1.992,2.039,pose,49.692,42.905,60.232,40.005,2.6062,5.7601,0.4174,0.9522,0.7975,1.0474
4468,153.329,2.026,2.026,pose,49.692,42.905,60.265,40.005,2.6073,5.7107,0.3978,0.8922,0.781,1.0399
4469,153.363,2.029,2.026,pose,49.744,42.905,60.265,40.005,2.6046,5.6896,0.3986,0.8799,0.7756,1.0462
4470,153.397,2.024,2.024,pose,49.744,42.905,60.339,40.005,2.6006,5.6805,0.401,0.8962,0.7772,1.045
4471,153.432,2.035,2.026,pose,49.744,42.905,60.339,40.005,2.5959,5.679,0.4024,0.8965,0.7669,1.0462
4472,153.466,2.029,2.029,pose,49.744,42.905,60.339,40.005,2.5954,5.7122,0.4384,0.9134,0.7623,1.0601
4473,153.5,1.993,2.029,pose,49.744,42.905,60.339,40.005,2.5977,5.7566,0.4878,0.9363,0.7426,1.0826
4474,153.535,2.003,2.024,pose,49.744,42.905,60.339,40.005,2.5811,5.7855,0.4902,0.9705,0.7458,1.0892
4475,153.569,2.023,2.023,pose,49.744,42.905,60.339,40.051,2.5728,5.8095,0.4973,0.993,0.7423,1.104
4476,153.603,2.061,2.023,pose,49.744,42.905,60.339,40.051,2.5523,5.8395,0.556,0.9791,0.7163,1.086
4477,153.638,2.119,2.023,pose,49.744,42.937,60.339,40.104,2.5371,5.8836,0.5728,0.9456,0.7186,1.0687
4478,153.672,2.156,2.061,pose,49.744,42.937,60.339,40.104,2.5227,5.9112,0.6128,0.9614,0.7018,1.0477
4479,153.706,2.165,2.119,pose,49.744,42.973,60.339,40.178,2.5041,5.9235,0.6305,1.0171,0.7184,1.0191
4480,153.741,2.207,2.156,pose,49.744,42.973,60.339,40.178,2.4857,5.9273,0.636,0.9927,0.7502,1.0021
4481,153.775,2.227,2.165,pose,49.744,43.006,60.339,40.218,2.4622,5.9253,0.6467,0.9901,0.7497,1.0201
4482,153.809,2.209,2.207,pose,49.744,43.006,60.339,40.218,2.4128,5.9053,0.6637,1.0097,0.7471,1.0248
4483,153.844,2.221,2.209,pose,49.744,43.048,60.339,40.218,2.387,5.8935,0.6671,0.9979,0.7341,1.0395
4484,153.878,2.22,2.22,pose,49.744,43.097,60.339,40.218,2.3762,5.8847,0.6733,0.9776,0.7174,1.0607
4485,153.912,2.207,2.22,pose,49.744,43.097,60.339,40.218,2.3828,5.8811,0.6705,0.9532,0.7187,1.0824
4486,153.946,2.191,2.209,pose,49.744,43.097,60.378,40.218,2.3729,5.857,0.6693,0.9429,0.727,1.0872
4487,153.981,2.181,2.207,pose,49.744,43.134,60.378,40.218,2.36,5.8352,0.6545,0.9258,0.7134,1.1226
4488,154.015,2.149,2.191,pose,49.744,43.134,60.378,40.218,2.3502,5.8117,0.6447,0.893,0.7626,1.116
4489,154.049,2.148,2.181,pose,49.744,43.134,60.428,40.218,2.3448,5.7766,0.6249,0.8978,0.7916,1.11
4490,154.084,2.165,2.165,pose,49.744,43.134,60.428,40.218,2.3541,5.7616,0.5848,0.8923,0.7944,1.0898
4491,154.118,2.118,2.149,pose,49.744,43.134,60.486,40.218,2.3612,5.7454,0.5541,0.9566,0.7926,1.0734
4492,154.152,2.096,2.148,pose,49.744,43.134,60.486,40.218,2.3698,5.7136,0.5191,1.0407,0.7925,1.0406
4493,154.187,2.051,2.118,pose,49.744,43.134,60.517,40.218,2.3839,5.6871,0.5134,1.0832,0.8008,0.976
4494,154.221,2.021,2.096,pose,49.744,43.134,60.549,40.218,2.3946,5.6548,0.5036,1.1561,0.7949,0.9488
4495,154.255,1.997,2.051,pose,49.744,43.134,60.549,40.218,2.4108,5.6186,0.5232,1.2177,0.7755,0.9303
4496,154.29,1.924,2.021,pose,49.744,43.134,60.608,40.218,2.4223,5.5984,0.5492,1.3204,0.7287,0.9266
4497,154.324,1.849,1.997,pose,49.779,43.134,60.644,40.218,2.444,5.5569,0.5878,1.3803,0.7084,0.8976
4498,154.358,1.769,1.924,pose,49.779,43.134,60.644,40.218,2.4627,5.5241,0.6059,1.4411,0.6974,0.8743
4499,154.393,1.679,1.849,pose,49.812,43.134,60.706,40.218,2.4604,5.4578,0.6395,1.4612,0.6773,0.8485
4500,154.427,1.545,1.769,pose,49.812,43.134,60.739,40.218,2.4912,5.3971,0.6916,1.5311,0.6821,0.8757
4501,154.461,1.484,1.679,pose,49.812,43.134,60.805,40.218,2.4927,5.3486,0.7207,1.5053,0.6634,0.8527
4502,154.496,1.489,1.545,pose,49.859,43.134,60.866,40.218,2.5318,5.293,0.7396,1.431,0.6437,0.8353
4503,154.53,1.48,1.489,pose,49.859,43.134,60.914,40.218,2.6002,5.2378,0.7296,1.3642,0.6527,0.8061
4504,154.564,2.094,1.489,bbox,49.9,43.134,60.97,40.218,2.6595,5.1131,,1.2427,,0.7962
4505,154.598,1.463,1.484,pose,49.968,43.134,61.025,40.218,2.7033,5.0279,0.7207,1.232,0.6539,0.8197
4506,154.633,1.454,1.48,pose,50.027,43.134,61.15,40.218,2.7569,4.9534,0.6931,1.2125,0.6826,0.8214
4507,154.667,1.44,1.463,pose,50.071,43.134,61.235,40.218,2.7944,4.9087,0.6246,1.1552,0.7116,0.8368
4508,154.701,1.421,1.454,pose,50.109,43.134,61.309,40.218,2.7412,4.8684,0.5585,1.1189,0.7617,0.8712
4509,154.736,1.406,1.44,pose,50.109,43.134,61.354,40.218,3.0458,4.8546,0.4181,1.0777,0.6918,0.8986
4510,154.77,1.359,1.421,bbox,50.162,43.134,61.394,40.218,3.1928,4.8562,,1.0718,,0.953
4511,154.804,1.272,1.406,bbox,50.312,43.134,61.394,40.218,3.2878,4.8397,,1.1013,,0.9533
4512,154.839,1.21,1.359,pose,50.459,43.134,61.394,40.218,3.3338,4.8454,0.0903,1.0207,0.7168,0.9523
4513,154.873,0.984,1.272,pose,50.554,43.134,61.394,40.218,3.3551,4.8444,0.5406,0.9976,0.7277,0.998
4514,154.907,0.856,1.21,pose,50.6,43.134,61.394,40.218,3.3627,4.8546,0.6552,0.971,0.7655,0.9972
4515,154.942,0.848,0.984,pose,50.6,43.134,61.394,40.218,3.3631,4.8892,0.6502,0.9486,0.7326,1.0194
4516,154.976,0.846,0.856,pose,50.6,43.134,61.394,40.218,3.3708,4.919,0.6444,0.9446,0.6881,1.0058
4517,155.01,0.853,0.853,pose,50.6,43.134,61.394,40.218,3.3695,4.9831,0.6092,0.9471,0.6835,1.0127
4518,155.045,0.841,0.848,pose,50.636,43.134,61.394,40.269,3.4006,5.0449,0.5658,0.9766,0.7046,1.0513
4519,155.079,0.856,0.848,pose,50.636,43.134,61.394,40.333,3.4147,5.0783,0.5336,0.9819,0.7342,1.0433
4520,155.113,0.859,0.853,pose,50.667,43.134,61.394,40.395,3.4252,5.1123,0.5252,0.9697,0.7425,1.076
4521,155.148,0.857,0.856,pose,50.667,43.134,61.394,40.428,3.427,5.1203,0.5175,0.9788,0.7725,1.0729
4522,155.182,0.87,0.857,pose,50.667,43.134,61.394,40.462,3.4337,5.144,0.4842,0.9527,0.7904,1.0759
4523,155.216,0.913,0.859,pose,50.667,43.134,61.394,40.462,3.4325,5.1503,0.4508,0.9221,0.8077,1.0579
4524,155.251,0.907,0.87,pose,50.667,43.134,61.394,40.462,3.4295,5.099,0.4416,0.9137,0.821,1.0671
4525,155.285,0.948,0.907,pose,50.699,43.134,61.394,40.462,3.4399,5.088,0.3982,0.8724,0.8258,1.0682
4526,155.319,0.988,0.913,pose,50.699,43.134,61.394,40.462,3.4621,5.1265,0.3702,0.818,0.8686,1.062
4527,155.353,1.033,0.948,pose,50.699,43.134,61.394,40.462,3.47,5.1649,0.347,0.7517,0.869,1.0741
4528,155.388,1.096,0.988,pose,50.699,43.134,61.394,40.462,3.4817,5.2071,0.3518,0.6578,0.8837,1.0683
4529,155.422,1.155,1.033,pose,50.737,43.134,61.394,40.515,3.48,5.2524,0.3576,0.5875,0.8935,1.0832
4530,155.456,1.386,1.096,pose,50.737,43.134,61.394,40.557,3.482,5.2818,0.3537,0.2368,0.8854,1.1274
4531,155.491,1.25,1.155,pose,50.737,43.134,61.394,40.602,3.4826,5.26,0.3853,0.4413,0.9102,1.1128
4532,155.525,1.285,1.25,pose,50.737,43.134,61.394,40.602,3.488,5.2361,0.393,0.4116,0.9102,1.1291
4533,155.559,1.287,1.285,pose,50.737,43.134,61.394,40.602,3.4798,5.2006,0.3756,0.3918,0.9138,1.1319
4534,155.594,1.291,1.287,pose,50.737,43.134,61.394,40.602,3.4338,5.1478,0.3682,0.3869,0.9148,1.1424
4535,155.628,1.29,1.287,pose,50.737,43.134,61.446,40.602,3.3925,5.1054,0.3608,0.3847,0.9231,1.1246
4536,155.662,1.356,1.29,pose,50.737,43.17,61.499,40.602,3.3779,5.0804,0.3483,0.2862,0.9255,1.1251
4537,155.697,1.293,1.291,pose,50.737,43.211,61.541,40.602,3.3462,5.0589,0.353,0.4036,0.9183,1.1297
4538,155.731,1.299,1.293,pose,50.737,43.211,61.541,40.602,3.3336,5.0695,0.3392,0.4112,0.8975,1.1298
4539,155.765,1.313,1.299,pose,50.737,43.258,61.541,40.602,3.3228,5.0831,0.3297,0.4123,0.9027,1.1355
4540,155.8,1.331,1.313,pose,50.737,43.258,61.541,40.602,3.2989,5.1023,0.3068,0.4282,0.9096,1.1475
4541,155.834,1.348,1.313,pose,50.737,43.258,61.541,40.602,3.2881,5.1424,0.2834,0.3928,0.905,1.1409
4542,155.868,1.361,1.331,pose,50.737,43.305,61.541,40.602,3.2922,5.1899,0.2728,0.4185,0.8973,1.1298
4543,155.903,1.363,1.348,pose,50.737,43.305,61.541,40.639,3.3039,5.2359,0.2605,0.4151,0.906,1.1391
4544,155.937,1.387,1.361,pose,50.737,43.305,61.541,40.687,3.3116,5.2781,0.2593,0.4003,0.905,1.1251
4545,155.971,,,,50.737,43.305,61.541,40.687,,,,,,
4546,156.005,,,,50.737,43.305,61.541,40.687,,,,,,
4547,156.04,,,,50.737,43.305,61.541,40.687,,,,,,
4548,156.074,3.897,1.363,pose,50.737,43.305,61.541,40.733,1.3714,7.828,0.3276,0.9549,0.9983,1.3745
4549,156.108,3.847,1.387,pose,50.737,43.305,61.541,40.775,1.3735,7.7943,0.3979,0.9357,0.9905,1.3708
4550,156.143,3.832,3.832,pose,50.737,43.462,61.541,40.925,1.3547,7.7564,0.4059,0.9305,0.9948,1.3657
4551,156.177,3.79,3.832,pose,50.737,43.462,61.541,40.925,1.3243,7.737,0.4686,0.9317,0.9993,1.3944
4552,156.211,3.763,3.832,pose,50.737,43.462,61.541,40.925,1.2855,7.6908,0.4552,0.9279,0.9908,1.3793
4553,156.246,3.748,3.79,pose,50.737,43.511,61.541,40.925,1.2445,7.6899,0.4616,0.9307,0.9936,1.3558
4554,156.28,3.751,3.763,pose,50.737,43.55,61.607,40.925,1.2069,7.6553,0.4647,0.9197,0.9776,1.369
4555,156.314,3.762,3.762,pose,50.737,43.59,61.607,40.925,1.1623,7.6253,0.4785,0.93,0.988,1.3698
4556,156.349,3.805,3.762,pose,50.737,43.628,61.642,40.925,1.1451,7.6216,0.4542,0.9177,0.9703,1.3731
4557,156.383,3.783,3.762,pose,50.737,43.673,61.642,40.925,1.1309,7.6354,0.4427,0.9199,0.9676,1.3722
4558,156.417,3.761,3.762,pose,50.737,43.673,61.642,40.925,1.1028,7.6358,0.4412,0.9246,0.9615,1.3619
4559,156.452,3.736,3.762,pose,50.737,43.704,61.642,40.925,1.0922,7.6437,0.428,0.9343,0.9601,1.3381
4560,156.486,3.763,3.763,pose,50.737,43.704,61.642,40.925,1.1298,7.6526,0.4089,0.9274,0.9382,1.3524
4561,156.52,3.717,3.761,pose,50.737,43.704,61.642,40.925,1.1534,7.6635,0.4293,0.9422,0.926,1.3395
4562,156.555,3.729,3.736,pose,50.737,43.704,61.642,40.925,1.1925,7.6853,0.3848,0.9453,0.9353,1.3488
4563,156.589,3.722,3.729,pose,50.737,43.704,61.642,40.925,1.2388,7.6913,0.3192,0.9439,0.8975,1.3556
4564,156.623,3.703,3.722,pose,50.798,43.704,61.642,40.925,1.2889,7.6728,0.2982,0.9919,0.891,1.3274
4565,156.658,3.707,3.717,pose,50.844,43.704,61.642,40.925,1.3381,7.6027,0.1446,1.0694,0.8561,1.3203
4566,156.692,3.655,3.707,pose,50.895,43.704,61.642,40.925,1.3535,7.5424,0.0952,1.1361,0.8745,1.3084
4567,156.726,3.62,3.703,pose,50.944,43.704,61.695,40.925,1.3582,7.4908,0.0031,1.212,0.9157,1.3123
4568,156.76,3.552,3.655,pose,50.944,43.704,61.755,40.925,1.3726,7.4378,0.0077,1.303,0.8885,1.294
4569,156.795,3.503,3.62,pose,50.944,43.704,61.807,40.925,1.3934,7.4102,0.0322,1.3732,0.9415,1.2626
4570,156.829,3.417,3.552,pose,50.978,43.704,61.86,40.925,1.4114,7.3914,0.0793,1.4718,0.9721,1.2535
4571,156.863,3.375,3.503,pose,50.978,43.704,61.86,40.925,1.4293,7.3623,0.0982,1.5097,0.9843,1.2272
4572,156.898,3.34,3.417,pose,51.017,43.704,61.906,40.925,1.4326,7.3282,0.132,1.5608,1.0055,1.1869
4573,156.932,3.295,3.375,pose,51.017,43.704,61.906,40.925,1.4428,7.3019,0.2055,1.5641,0.9964,1.177
4574,156.966,3.249,3.34,pose,51.017,43.704,61.969,40.925,1.465,7.2945,0.287,1.607,1.0295,1.169
4575,157.001,3.241,3.295,pose,51.048,43.704,61.969,40.925,1.4836,7.3063,0.3394,1.597,1.0309,1.1407
4576,157.035,3.186,3.249,pose,51.048,43.704,61.969,40.925,1.5461,7.3183,0.4241,1.6077,1.0127,1.1133
4577,157.069,3.155,3.241,pose,51.089,43.704,61.969,40.925,1.5885,7.2779,0.4682,1.6027,1.0128,1.0869
4578,157.104,3.151,3.186,pose,51.152,43.704,62.003,40.925,1.6205,7.276,0.4722,1.5991,1.0015,1.0901
4579,157.138,3.088,3.155,pose,51.194,43.704,62.003,40.925,1.6486,7.2808,0.5159,1.5142,1.0052,1.099
4580,157.172,3.062,3.151,pose,51.226,43.704,62.003,40.925,1.7024,7.2343,0.5135,1.472,0.9991,1.1031
4581,157.207,3.085,3.088,pose,51.226,43.704,62.003,40.925,1.7153,7.1565,0.4981,1.347,0.9966,1.1438
4582,157.241,3.072,3.085,pose,51.308,43.704,62.063,40.925,1.732,7.0674,0.4854,1.1643,0.9498,1.1761
4583,157.275,3.045,3.072,pose,51.308,43.704,62.141,40.925,1.7242,7.004,0.5055,1.0292,0.978,1.2617
4584,157.31,3.021,3.062,pose,51.308,43.704,62.23,40.925,1.7298,6.882,0.4856,0.8861,0.9747,1.2814
4585,157.344,2.981,3.045,pose,51.308,43.704,62.294,40.925,1.7463,6.7496,0.4821,0.7759,0.9777,1.3368
4586,157.378,3.179,3.045,bbox,51.308,43.704,62.416,40.925,1.789,6.7351,,0.7093,,1.3427
4587,157.412,3.142,3.045,bbox,51.352,43.704,62.548,40.925,1.8211,6.7411,,0.6054,,1.3588
4588,157.447,3.134,3.134,bbox,51.395,43.704,62.548,40.925,1.8792,6.738,,0.5916,,1.3291
4589,157.481,3.083,3.134,bbox,51.427,43.704,62.548,40.925,1.9182,6.7231,,0.6703,,1.3283
4590,157.515,3.052,3.134,bbox,51.485,43.704,62.548,40.925,1.9745,6.7252,,0.7576,,1.3346
4591,157.55,2.815,3.083,pose,51.524,43.704,62.548,40.925,2.0482,6.6885,0.0254,0.898,0.8869,1.2779
4592,157.584,2.704,3.052,pose,51.58,43.704,62.548,40.925,2.1029,6.616,0.0581,1.0571,0.9401,1.2831
4593,157.618,2.62,2.815,pose,51.654,43.704,62.609,40.925,2.1258,6.5266,0.0261,1.1363,0.9298,1.2379
4594,157.653,2.567,2.704,pose,51.709,43.704,62.682,40.925,2.1384,6.4778,0.0519,1.2004,0.9601,1.2168
4595,157.687,2.866,2.704,bbox,51.709,43.704,62.771,40.925,2.1852,6.4606,,1.2414,,1.138
4596,157.721,2.503,2.62,pose,51.744,43.704,62.812,40.925,2.2335,6.4853,0.2091,1.2523,0.9752,1.121
4597,157.756,2.382,2.567,pose,51.791,43.704,62.812,40.925,2.2732,6.4673,0.3779,1.2402,0.9574,1.1103
4598,157.79,2.82,2.567,bbox,51.839,43.704,62.812,40.925,2.3337,6.4447,,1.2561,,1.1019
4599,157.824,2.272,2.503,pose,51.879,43.704,62.812,40.925,2.3827,6.4546,0.5384,1.235,0.9697,1.1203
4600,157.859,2.21,2.382,pose,51.939,43.704,62.812,40.925,2.4509,6.4789,0.5672,1.231,0.9334,1.165
4601,157.893,2.151,2.272,pose,51.988,43.704,62.812,40.925,2.4697,6.4922,0.6284,1.2079,0.9453,1.1808
4602,157.927,2.143,2.21,pose,52.057,43.704,62.812,40.925,2.4749,6.4984,0.6254,1.2123,0.9379,1.2142
4603,157.962,2.102,2.151,pose,52.057,43.704,62.812,40.925,2.4725,6.4813,0.6475,1.2106,0.9514,1.221
4604,157.996,2.107,2.143,pose,52.057,43.704,62.812,40.925,2.4812,6.4582,0.6533,1.2104,0.9615,1.2282
4605,158.03,2.109,2.109,pose,52.057,43.704,62.812,40.925,2.5131,6.4625,0.6575,1.2066,0.9502,1.2602
4606,158.065,2.137,2.109,pose,52.087,43.704,62.812,40.925,2.5365,6.4566,0.6423,1.1719,0.9504,1.2324
4607,158.099,2.163,2.109,pose,52.119,43.704,62.812,40.925,2.565,6.4419,0.6463,1.1567,0.9487,1.2043
4608,158.133,2.183,2.137,pose,52.119,43.704,62.812,40.925,2.5911,6.4406,0.6358,1.1983,0.9353,1.1496
4609,158.167,2.213,2.163,pose,52.171,43.704,62.849,40.925,2.627,6.4491,0.636,1.1663,0.9254,1.1309
4610,158.202,2.222,2.183,pose,52.171,43.704,62.849,40.925,2.6554,6.511,0.6308,1.1732,0.9164,1.1287
4611,158.236,2.227,2.213,pose,52.233,43.704,62.849,40.925,2.6811,6.5,0.6655,1.1661,0.8795,1.1401
4612,158.27,2.217,2.217,pose,52.233,43.704,62.849,40.976,2.7032,6.5193,0.6879,1.198,0.8772,1.1226
4613,158.305,2.233,2.222,pose,52.287,43.704,62.849,40.976,2.7049,6.5566,0.7197,1.192,0.8652,1.1533
4614,158.339,2.201,2.222,pose,52.287,43.704,62.849,40.976,2.6776,6.5748,0.7741,1.209,0.8467,1.1845
4615,158.373,2.181,2.217,pose,52.287,43.704,62.849,41.018,2.6221,6.542,0.8229,1.1982,0.8293,1.177
4616,158.408,2.168,2.201,pose,52.287,43.704,62.849,41.018,2.5479,6.5159,0.8672,1.2274,0.8254,1.1935
4617,158.442,2.189,2.189,pose,52.287,43.763,62.849,41.018,2.4918,6.5174,0.8935,1.2221,0.8261,1.1932
4618,158.476,2.233,2.189,pose,52.287,43.837,62.849,41.018,2.4624,6.5305,0.9265,1.1868,0.8204,1.1864
4619,158.511,2.255,2.189,pose,52.287,43.893,62.849,41.018,2.435,6.544,0.9254,1.1866,0.8322,1.1508
4620,158.545,2.274,2.233,pose,52.287,43.893,62.849,41.018,2.4233,6.5555,0.931,1.2003,0.8233,1.1163
4621,158.579,2.307,2.255,pose,52.287,43.95,62.849,41.018,2.4173,6.5687,0.9388,1.185,0.8215,1.0946
4622,158.614,2.313,2.274,pose,52.287,43.95,62.849,41.018,2.3981,6.5495,0.9245,1.1684,0.806,1.0773
4623,158.648,2.319,2.307,pose,52.287,43.95,62.849,41.018,2.3862,6.5411,0.9278,1.1648,0.8079,1.0803
4624,158.682,2.295,2.307,pose,52.287,43.987,62.849,41.018,2.3791,6.5324,0.9344,1.1902,0.8064,1.1336
4625,158.717,2.295,2.307,pose,52.287,43.987,62.849,41.018,2.3683,6.5317,0.9378,1.1715,0.8045,1.1729
4626,158.751,2.268,2.295,pose,52.287,43.987,62.849,41.018,2.3854,6.5722,0.9347,1.1974,0.8132,1.1937
4627,158.785,2.261,2.295,pose,52.287,43.987,62.849,41.018,2.3897,6.5762,0.9188,1.1942,0.8133,1.2161
4628,158.819,2.232,2.268,pose,52.287,43.987,62.849,41.048,2.387,6.5746,0.9394,1.1876,0.8196,1.2299
4629,158.854,2.258,2.261,pose,52.287,43.987,62.849,41.048,2.4022,6.5846,0.946,1.1722,0.8106,1.2377
4630,158.888,2.275,2.261,pose,52.287,43.987,62.849,41.048,2.416,6.6343,0.9349,1.1733,0.8169,1.1953
4631,158.922,2.291,2.261,pose,52.287,43.987,62.849,41.048,2.4279,6.6376,0.9307,1.1972,0.8109,1.1486
4632,158.957,2.314,2.275,pose,52.287,43.987,62.849,41.11,2.4324,6.6664,0.9248,1.2084,0.7979,1.1198
4633,158.991,2.316,2.291,pose,52.287,43.987,62.849,41.11,2.4413,6.6885,0.9088,1.2164,0.8089,1.0901
4634,159.025,2.325,2.314,pose,52.321,43.987,62.849,41.142,2.4549,6.7148,0.9274,1.2113,0.8112,1.0714
4635,159.06,2.319,2.316,pose,52.321,43.987,62.849,41.142,2.4602,6.7296,0.922,1.2205,0.8072,1.0803
4636,159.094,2.316,2.316,pose,52.321,43.987,62.849,41.191,2.4618,6.7444,0.9183,1.2132,0.8168,1.1082
4637,159.128,2.299,2.316,pose,52.321,43.987,62.849,41.191,2.4767,6.7527,0.9234,1.2247,0.8222,1.1676
4638,159.163,2.282,2.316,pose,52.321,43.987,62.849,41.191,2.4886,6.7658,0.9214,1.2554,0.8209,1.2008
4639,159.197,2.276,2.299,pose,52.365,43.987,62.849,41.228,2.4796,6.7655,0.9168,1.2377,0.8287,1.2422
4640,159.231,2.279,2.282,pose,52.365,43.987,62.849,41.228,2.4426,6.7624,0.9205,1.2427,0.8342,1.2323
4641,159.266,2.294,2.282,pose,52.365,43.987,62.849,41.228,2.4336,6.7952,0.9111,1.2657,0.8278,1.2306
4642,159.3,2.37,2.282,pose,52.365,44.018,62.849,41.228,2.446,6.8527,0.9129,1.1896,0.819,1.2285
4643,159.334,2.415,2.294,pose,52.365,44.018,62.849,41.271,2.4703,6.8863,0.9315,1.1725,0.8041,1.1863
4644,159.369,2.412,2.37,pose,52.365,44.018,62.849,41.328,2.5001,6.9157,0.9789,1.1936,0.7946,1.1477
4645,159.403,2.376,2.376,pose,52.365,44.018,62.849,41.362,2.5344,6.9224,1.0378,1.21,0.7535,1.0829
4646,159.437,2.306,2.376,pose,52.419,44.018,62.849,41.362,2.5913,6.9019,1.193,1.2084,0.7526,1.0672
4647,159.472,2.254,2.376,pose,52.454,44.018,62.849,41.362,2.6095,6.8956,1.2741,1.2024,0.7374,1.0938
4648,159.506,2.228,2.306,pose,52.511,44.018,62.849,41.362,2.6309,6.894,1.2881,1.1817,0.7804,1.1195
4649,159.54,2.154,2.254,pose,52.511,44.018,62.849,41.362,2.6816,6.9048,1.2834,1.2168,0.7988,1.1951
4650,159.574,2.124,2.228,pose,52.55,44.018,62.849,41.362,2.7256,6.928,1.2296,1.2042,0.7506,1.219
4651,159.609,2.078,2.154,pose,52.601,44.018,62.849,41.362,2.794,6.9338,1.2,1.2422,0.7522,1.2382
4652,159.643,2.083,2.124,pose,52.645,44.018,62.849,41.404,2.9207,6.9657,1.0868,1.2211,0.7619,1.2431
4653,159.677,2.148,2.124,pose,52.713,44.018,62.849,41.404,3.0319,7.0205,0.9593,1.1475,0.8012,1.2507
4654,159.712,2.176,2.124,pose,52.84,44.018,62.849,41.442,3.1151,7.0566,0.9012,1.1281,0.8212,1.2089
4655,159.746,2.165,2.148,pose,52.951,44.018,62.849,41.496,3.1893,7.0828,0.8214,1.1516,0.8362,1.1879
4656,159.78,2.118,2.148,pose,53.034,44.018,62.849,41.532,3.256,7.1512,0.9328,1.1938,0.7864,1.1446
4657,159.815,2.033,2.148,pose,53.109,44.018,62.849,41.532,3.256,7.1965,1.0681,1.2635,0.7782,1.1211
4658,159.849,1.986,2.118,pose,53.175,44.018,62.849,41.627,3.2737,7.2038,1.1744,1.2874,0.7546,1.1277
4659,159.883,1.938,2.033,pose,53.175,44.018,62.849,41.672,3.295,7.2089,1.21,1.3036,0.7648,1.185
4660,159.918,1.942,1.986,pose,53.175,44.018,62.849,41.672,3.3288,7.254,1.2387,1.3052,0.7579,1.2041
4661,159.952,1.94,1.942,pose,53.214,44.018,62.849,41.672,3.349,7.2452,1.2273,1.3118,0.7429,1.2153
4662,159.986,2.685,1.942,bbox,53.248,44.018,62.849,41.721,3.3711,7.2831,,1.3893,,1.2551
4663,160.021,2.077,1.942,pose,53.248,44.018,62.849,41.721,3.3863,7.4667,1.2084,1.3236,0.709,1.3
4664,160.055,2.249,2.077,pose,53.29,44.018,62.849,41.759,3.3995,7.6129,1.2167,1.1839,0.7357,1.258
4665,160.089,2.373,2.249,pose,53.29,44.018,62.849,41.909,3.4003,7.6876,1.2157,1.0835,0.7404,1.2142
4666,160.124,2.535,2.373,pose,53.29,44.018,62.849,42.055,3.3928,7.7013,1.2176,1.0536,0.762,1.1281
4667,160.158,2.522,2.373,pose,53.29,44.018,62.849,42.13,3.3798,7.8045,1.241,1.0437,0.791,1.1367
4668,160.192,2.526,2.522,pose,53.29,44.018,62.849,42.13,3.3566,7.9404,1.2163,1.0332,0.81,1.1436
4669,160.226,2.538,2.526,pose,53.29,44.018,62.849,42.247,3.3373,7.9795,1.2169,1.1875,0.8338,1.1161
4670,160.261,2.616,2.535,pose,53.29,44.018,62.849,42.383,3.3234,8.0341,1.2223,1.4611,0.8288,1.0947
4671,160.295,2.651,2.538,pose,53.29,44.052,62.849,42.422,3.2993,8.0518,1.2259,1.4289,0.8423,1.0248
4672,160.329,2.641,2.616,pose,53.29,44.052,62.849,42.476,3.2719,8.0844,1.2422,1.4011,0.8458,1.0258
4673,160.364,2.648,2.641,pose,53.29,44.09,62.849,42.476,3.2707,8.1133,1.2546,1.4325,0.8433,1.1112
4674,160.398,2.648,2.648,pose,53.29,44.09,62.849,42.527,3.2686,8.1264,1.2584,1.4331,0.828,1.1153
4675,160.432,3.32,2.648,bbox,53.29,44.09,62.849,42.527,3.2414,8.1288,,1.4342,,1.2215
4676,160.467,3.245,2.648,bbox,53.29,44.12,62.849,42.527,3.2113,8.1028,,1.4339,,1.2695
4677,160.501,2.507,2.648,pose,53.29,44.12,62.849,42.527,3.208,8.0944,1.25,1.5369,0.8057,1.279
4678,160.535,2.52,2.648,pose,53.29,44.178,62.849,42.527,3.1858,8.0941,1.2732,1.4374,0.8099,1.2791
4679,160.57,2.554,2.554,pose,53.29,44.178,62.849,42.527,3.1491,8.0984,1.2587,1.407,0.8338,1.2799
4680,160.604,2.553,2.553,pose,53.29,44.178,62.849,42.527,3.1243,8.1037,1.2534,1.4403,0.8432,1.2744
4681,160.638,2.568,2.553,pose,53.29,44.24,62.849,42.527,3.0824,8.1037,1.2304,1.4395,0.8574,1.3019
4682,160.673,2.592,2.554,pose,53.29,44.24,62.849,42.527,3.0146,8.0846,1.187,1.373,0.8714,1.2924
4683,160.707,3.3,2.568,bbox,53.29,44.306,62.849,42.527,2.9414,8.0602,,1.441,,1.2523
4684,160.741,2.666,2.592,pose,53.29,44.374,62.849,42.527,2.901,8.0352,1.1276,1.4005,0.8859,1.2205
4685,160.776,2.691,2.666,pose,53.29,44.447,62.849,42.527,2.8843,8.0233,1.1378,1.3805,0.855,1.217
4686,160.81,2.685,2.685,pose,53.29,44.488,62.898,42.527,2.8831,8.0183,1.1445,1.3963,0.85,1.2094
4687,160.844,2.681,2.685,pose,53.29,44.488,62.898,42.527,2.8845,8.0206,1.123,1.4171,0.8524,1.2256
4688,160.879,2.663,2.681,pose,53.29,44.488,62.898,42.527,2.8868,8.0192,1.1001,1.4069,0.86,1.2354
4689,160.913,2.661,2.681,pose,53.29,44.488,62.898,42.527,2.8744,8.0204,1.0727,1.399,0.8865,1.2837
4690,160.947,2.629,2.663,pose,53.29,44.488,62.898,42.527,2.8755,8.0129,1.0383,1.4102,0.8961,1.3134
4691,160.981,2.582,2.661,pose,53.29,44.488,62.898,42.527,2.8924,8.02,1.0142,1.4183,0.9064,1.3261
4692,161.016,2.587,2.629,pose,53.29,44.488,62.898,42.527,2.9035,8.0082,1.0036,1.4038,0.9201,1.3367
4693,161.05,2.594,2.594,pose,53.29,44.488,62.898,42.527,2.9231,8.0196,0.9644,1.3793,0.9364,1.328
4694,161.084,2.607,2.594,pose,53.29,44.488,62.898,42.527,2.9465,8.0053,0.9291,1.3853,0.9425,1.3295
4695,161.119,2.647,2.594,pose,53.29,44.488,62.898,42.527,2.9552,7.9814,0.8861,1.3689,0.9606,1.2884
4696,161.153,2.64,2.607,pose,53.336,44.488,62.898,42.527,2.9633,7.9725,0.8547,1.3729,0.9636,1.248
4697,161.187,2.654,2.64,pose,53.336,44.488,62.952,42.527,2.9653,7.9474,0.8238,1.3689,0.9601,1.2333
4698,161.222,2.657,2.647,pose,53.336,44.488,62.952,42.527,2.9655,7.9505,0.8174,1.3794,0.948,1.2024
4699,161.256,2.673,2.654,pose,53.336,44.488,62.952,42.527,2.9742,7.9601,0.8252,1.384,0.9159,1.2095
4700,161.29,2.672,2.657,pose,53.336,44.488,62.952,42.527,2.9681,7.9594,0.831,1.363,0.9157,1.2399
4701,161.325,2.673,2.672,pose,53.336,44.488,62.983,42.527,2.9465,7.9378,0.8528,1.3455,0.8973,1.2678
4702,161.359,2.686,2.673,pose,53.336,44.488,62.983,42.527,2.9405,7.919,0.858,1.3661,0.8849,1.2956
4703,161.393,2.657,2.673,pose,53.336,44.488,62.983,42.527,2.9214,7.8927,0.8671,1.3776,0.8781,1.3216
4704,161.428,2.634,2.672,pose,53.336,44.488,63.014,42.527,2.9088,7.8963,0.8903,1.3264,0.8761,1.3343
4705,161.462,2.574,2.657,pose,53.336,44.488,63.014,42.527,2.9072,7.8748,0.9423,1.3721,0.8772,1.3336
4706,161.496,2.5,2.634,pose,53.336,44.488,63.014,42.527,2.9422,7.8354,1.0178,1.4031,0.8628,1.3004
4707,161.531,2.435,2.574,pose,53.336,44.488,63.058,42.527,2.9703,7.7656,1.0745,1.4639,0.8615,1.2898
4708,161.565,2.34,2.5,pose,53.336,44.488,63.098,42.527,2.9959,7.7029,1.149,1.5344,0.8594,1.2416
4709,161.599,2.257,2.435,pose,53.336,44.488,63.167,42.527,2.9943,7.6599,1.1928,1.6769,0.8652,1.1972
4710,161.633,2.212,2.34,pose,53.375,44.488,63.23,42.527,2.9852,7.6146,1.1977,1.7318,0.8573,1.1549
4711,161.668,2.203,2.257,pose,53.375,44.488,63.273,42.527,3.0045,7.5694,1.207,1.7081,0.8754,1.1113
4712,161.702,2.188,2.212,pose,53.375,44.488,63.318,42.527,3.0,7.538,1.163,1.7378,0.8727,1.104
4713,161.736,2.157,2.203,pose,53.375,44.488,63.364,42.527,3.0209,7.5288,1.1038,1.7668,0.8809,1.1423
4714,161.771,2.149,2.188,pose,53.375,44.488,63.395,42.527,3.0679,7.5272,1.0332,1.809,0.8579,1.1375
4715,161.805,2.135,2.157,pose,53.41,44.488,63.395,42.527,3.1255,7.5092,1.0204,1.7893,0.8406,1.1345
4716,161.839,2.033,2.149,pose,53.457,44.488,63.395,42.527,3.1778,7.5009,1.115,1.7159,0.8192,1.1153
4717,161.874,2.003,2.135,pose,53.515,44.488,63.395,42.527,3.215,7.4266,1.1877,1.6521,0.7939,1.1324
4718,161.908,2.016,2.033,pose,53.567,44.488,63.432,42.527,3.2098,7.267,1.2187,1.5901,0.734,1.1661
4719,161.942,1.985,2.016,pose,53.599,44.488,63.506,42.527,3.2208,7.2432,1.2136,1.4911,0.6891,1.1785
4720,161.977,1.958,2.003,pose,53.599,44.488,63.656,42.527,3.2248,7.1959,1.2039,1.292,0.6952,1.1892
4721,162.011,1.951,1.985,pose,53.599,44.488,63.656,42.527,3.2176,7.0931,1.2074,1.2337,0.6985,1.1691
4722,162.045,1.926,1.958,pose,53.599,44.488,63.727,42.527,3.203,7.0457,1.2084,1.1821,0.7345,1.1597
4723,162.08,1.929,1.951,pose,53.599,44.488,63.83,42.527,3.1849,6.9803,1.2314,1.1533,0.7852,1.1653
4724,162.114,1.94,1.94,pose,53.599,44.488,63.878,42.527,3.1422,6.9096,1.2432,1.1186,0.8407,1.1484
4725,162.148,2.007,1.94,pose,53.599,44.488,63.943,42.527,3.106,6.9048,1.1747,1.0826,0.8554,1.1579
4726,162.183,2.082,1.94,pose,53.599,44.555,63.986,42.527,3.0073,6.9372,1.0516,1.1325,0.8791,1.1832
4727,162.217,2.163,2.007,pose,53.599,44.592,63.986,42.527,2.9259,6.9797,0.8953,1.1553,0.8986,1.2036
4728,162.251,2.258,2.082,pose,53.599,44.69,63.986,42.527,2.8876,7.0372,0.7499,1.2035,0.9206,1.2111
4729,162.286,2.327,2.163,pose,53.599,44.772,63.986,42.569,2.8492,7.1029,0.7253,1.2087,0.8972,1.2289
4730,162.32,2.356,2.258,pose,53.599,44.81,63.986,42.627,2.7762,7.1354,0.8029,1.4409,0.859,1.198
4731,162.354,2.377,2.327,pose,53.599,44.848,63.986,42.692,2.6749,7.1774,0.906,1.4989,0.8289,1.1615
4732,162.388,2.364,2.356,pose,53.599,44.921,63.986,42.725,2.6122,7.2267,0.9862,1.8068,0.8148,1.1289
4733,162.423,3.226,2.364,bbox,53.599,45.023,63.986,42.767,2.571,7.2907,,1.8082,,1.1462
4734,162.457,2.574,2.377,pose,53.599,45.085,63.986,42.816,2.5261,7.3381,0.326,1.861,-0.2,1.1153
4735,162.491,2.444,2.444,pose,53.599,45.127,63.986,42.88,2.5198,7.3554,1.1529,1.8759,0.8103,1.0681
4736,162.526,2.492,2.492,pose,53.599,45.172,63.986,42.916,2.5001,7.3264,1.1443,1.863,0.8079,1.0369
4737,162.56,2.509,2.509,pose,53.599,45.172,63.986,42.916,2.486,7.3304,1.1487,1.8668,0.8285,1.0273
4738,162.594,2.523,2.509,pose,53.599,45.172,63.986,42.916,2.4784,7.3324,1.1032,1.8738,0.8677,1.0202
4739,162.629,2.528,2.509,pose,53.599,45.212,63.986,42.916,2.4597,7.3426,1.0466,1.8905,0.9123,1.0294
4740,162.663,2.517,2.517,pose,53.599,45.212,63.986,42.916,2.4219,7.3339,1.0165,1.9056,0.9004,1.0469
4741,162.697,2.52,2.52,pose,53.599,45.212,63.986,42.916,2.3536,7.3248,0.9733,1.8383,0.9076,1.0769
4742,162.732,3.379,2.523,bbox,53.599,45.276,63.986,42.916,2.2851,7.2839,,1.7581,,1.0699
4743,162.766,3.313,2.528,bbox,53.599,45.344,63.986,42.916,2.2547,7.191,,1.69,,1.0978
4744,162.8,2.549,2.549,pose,53.599,45.413,64.029,42.916,2.2309,7.0316,0.8618,1.4301,0.9913,1.11
4745,162.835,2.55,2.55,pose,53.599,45.443,64.122,42.916,2.2139,6.9942,0.9022,1.2514,0.9501,1.16
4746,162.869,2.545,2.55,pose,53.599,45.443,64.272,42.916,2.2086,6.9277,0.9053,1.181,0.9222,1.1848
4747,162.903,2.561,2.55,pose,53.599,45.443,64.309,42.916,2.2296,6.8134,0.9467,0.9431,0.9041,1.1787
4748,162.938,2.569,2.55,pose,53.599,45.484,64.375,42.916,2.1966,6.7041,0.9712,0.7534,0.8651,1.1808
4749,162.972,2.576,2.561,pose,53.599,45.484,64.49,42.916,2.1869,6.6559,0.9494,0.7326,0.8565,1.2137
4750,163.006,2.496,2.561,pose,53.599,45.484,64.599,42.916,2.181,6.5986,0.9619,0.8511,0.8845,1.1619
4751,163.04,2.403,2.561,pose,53.599,45.484,64.647,42.916,2.2029,6.5413,0.9519,1.0707,0.889,1.0846
4752,163.075,2.333,2.496,pose,53.599,45.484,64.705,42.916,2.2043,6.451,0.9438,1.1756,0.9215,1.0615
4753,163.109,2.257,2.403,pose,53.599,45.484,64.762,42.916,2.1709,6.3833,0.8761,1.3444,0.9188,1.0181
4754,163.143,2.168,2.333,pose,53.599,45.517,64.852,42.916,2.1361,6.3156,0.8301,1.587,0.9573,1.0006
4755,163.178,2.156,2.257,pose,53.599,45.517,64.92,42.916,2.0802,6.2408,0.6233,1.772,0.9345,0.9545
4756,163.212,2.108,2.168,pose,53.599,45.562,64.988,42.916,2.063,6.081,0.5674,1.8886,0.9688,0.886
4757,163.246,2.866,2.168,bbox,53.599,45.617,65.062,42.916,2.0533,6.0083,0.5888,,0.9272,
4758,163.281,2.016,2.156,pose,53.599,45.617,65.212,42.916,2.0043,5.9045,0.6645,1.8524,0.8763,0.7708
4759,163.315,2.841,2.156,bbox,53.599,45.617,65.285,42.916,1.9495,5.7907,0.7653,,0.8437,
4760,163.349,1.702,2.108,pose,53.599,45.693,65.389,42.916,1.9023,5.7139,0.8633,2.2348,0.8035,0.8152
4761,163.384,1.665,2.016,pose,53.599,45.748,65.503,42.916,1.8709,5.584,0.9681,2.1685,0.7673,0.832
4762,163.418,1.678,1.702,pose,53.599,45.795,65.579,42.916,1.8194,5.453,1.0127,2.0466,0.7903,0.8272
4763,163.452,2.003,1.702,pose,53.599,45.827,65.709,42.916,1.7837,5.4852,1.1096,1.2508,0.823,0.822
4764,163.487,1.684,1.684,pose,53.599,45.878,65.808,42.916,1.7447,5.2075,1.133,1.9892,0.8023,0.7878
4765,163.521,1.704,1.684,pose,53.599,45.914,65.84,42.916,1.7207,5.1189,1.2161,1.7233,0.8337,0.752
4766,163.555,1.728,1.704,pose,53.599,45.953,65.99,42.916,1.7048,5.0435,1.1985,1.8416,0.8441,0.7788
4767,163.59,1.777,1.728,pose,53.599,45.953,66.079,42.916,1.6738,4.9828,1.1118,1.8056,0.8027,0.8044
4768,163.624,1.879,1.728,pose,53.599,45.993,66.154,42.916,1.6384,4.9243,1.0169,1.5511,0.7915,0.8221
4769,163.658,2.617,1.777,bbox,53.599,46.024,66.215,42.916,1.5854,4.8414,,1.6511,,0.8118
4770,163.693,2.043,1.879,pose,53.599,46.059,66.274,42.916,1.4928,4.7574,0.7493,1.5649,0.8823,0.8104
4771,163.727,2.216,2.043,pose,53.599,46.112,66.356,42.916,1.3995,4.6306,0.5984,1.1858,0.9079,0.8045
4772,163.761,2.46,2.216,bbox,53.599,46.205,66.44,42.916,1.3716,4.5184,,1.2787,,0.8537
4773,163.795,2.362,2.362,pose,53.599,46.298,66.567,42.916,1.3445,4.4108,0.2887,1.1517,0.8679,0.8827
4774,163.83,2.359,2.359,pose,53.599,46.298,66.68,42.916,1.3048,4.3361,0.3147,0.9262,0.8834,0.921
4775,163.864,2.32,2.359,bbox,53.599,46.353,66.787,42.916,1.2344,4.2574,,0.7852,,0.9645
4776,163.898,2.292,2.359,pose,53.599,46.393,66.862,42.916,1.1541,4.2335,0.5321,0.6645,0.8239,0.9841
4777,163.933,2.391,2.359,bbox,53.599,46.463,66.941,42.916,1.074,4.2479,,0.5566,,1.0379
4778,163.967,2.291,2.32,pose,53.599,46.543,66.941,42.916,1.0241,4.2875,0.7197,0.4579,0.8226,1.0848
4779,164.001,2.281,2.292,pose,53.599,46.624,66.941,42.916,0.9724,4.329,0.7736,0.4054,0.7898,1.1103
4780,164.036,2.229,2.291,pose,53.599,46.673,66.941,42.946,0.9512,4.3481,0.8814,0.4579,0.7954,1.102
4781,164.07,2.172,2.281,pose,53.599,46.725,66.941,42.987,0.9333,4.3635,0.9263,0.5397,0.7916,1.0806
4782,164.104,2.151,2.229,pose,53.599,46.725,66.941,42.987,0.9113,4.3486,0.9146,0.6096,0.817,1.0553
4783,164.139,2.107,2.172,pose,53.599,46.764,66.941,42.987,0.8966,4.3584,0.8694,0.6906,0.8446,1.0179
4784,164.173,2.093,2.151,pose,53.599,46.764,66.941,42.987,0.8629,4.3229,0.7818,0.8284,0.8746,1.0319
4785,164.207,2.064,2.107,pose,53.599,46.801,66.941,42.987,0.8138,4.2587,0.7157,0.9118,0.8721,1.0611
4786,164.242,2.144,2.107,pose,53.599,46.835,66.941,42.987,0.7262,4.1994,0.5026,1.0235,0.8901,1.0427
4787,164.276,2.573,2.107,bbox,53.599,46.884,67.011,42.987,0.6381,4.1486,,1.1017,,1.0589
4788,164.31,2.571,2.144,bbox,53.599,46.971,67.07,42.987,0.5905,4.1359,,1.1032,,1.0308
4789,164.345,2.608,2.571,bbox,53.599,47.06,67.121,42.987,0.5328,4.1323,,1.1384,,1.0028
4790,164.379,2.636,2.573,bbox,53.599,47.107,67.121,42.987,0.481,4.1379,,1.1524,,0.9783
4791,164.413,2.71,2.608,bbox,53.599,47.165,67.121,42.987,0.4147,4.1314,,1.1474,,0.9579
4792,164.447,2.545,2.608,pose,53.599,47.217,67.121,42.987,0.377,4.1168,0.0196,1.1474,0.8165,0.958
4793,164.482,2.733,2.636,bbox,53.599,47.283,67.121,42.987,0.3479,4.0984,,1.093,,0.9818
4794,164.516,2.715,2.71,bbox,53.599,47.321,67.153,42.987,0.331,4.0743,,1.0955,,0.9819
4795,164.55,2.706,2.71,bbox,53.599,47.321,67.153,42.987,0.318,4.0364,,1.0199,,1.0165
4796,164.585,2.673,2.706,bbox,53.599,47.367,67.195,42.987,0.3068,3.9792,,0.9572,,1.0314
4797,164.619,2.677,2.706,bbox,53.599,47.367,67.233,42.987,0.3101,3.9825,,0.8672,,1.0638
4798,164.653,2.604,2.677,bbox,53.599,47.367,67.287,42.987,0.313,3.8837,,0.7743,,1.1131
4799,164.688,2.59,2.673,bbox,53.599,47.367,67.287,42.987,0.3193,3.8391,,0.6811,,1.153
4800,164.722,2.565,2.604,bbox,53.599,47.367,67.386,42.987,0.35,3.8218,,0.6335,,1.1567
4801,164.756,2.55,2.59,bbox,53.599,47.367,67.43,42.987,0.3885,3.838,,0.6395,,1.1652
4802,164.791,2.548,2.565,bbox,53.599,47.367,67.43,42.987,0.4409,3.8593,,0.681,,1.1462
4803,164.825,2.552,2.552,bbox,53.657,47.367,67.43,42.987,0.5094,3.9203,,0.7645,,1.1309
4804,164.859,2.622,2.552,bbox,53.709,47.367,67.43,42.987,0.5726,4.0014,,0.8119,,1.0895
4805,164.894,2.643,2.552,bbox,53.778,47.367,67.43,43.069,0.6791,4.0841,,0.8334,,1.0595
4806,164.928,2.65,2.622,bbox,53.841,47.367,67.43,43.15,0.8082,4.1748,,0.8249,,1.0396
4807,164.962,2.612,2.622,bbox,53.947,47.367,67.43,43.232,0.985,4.2814,,0.8889,,1.0356
4808,164.997,2.652,2.643,bbox,54.076,47.367,67.43,43.323,1.083,4.3782,,0.9288,,1.0474
4809,165.031,2.664,2.65,bbox,54.226,47.367,67.43,43.43,1.1647,4.4687,,,,
4810,165.065,2.67,2.652,bbox,54.324,47.367,67.43,43.527,1.256,4.5626,,1.0277,,1.1056
4811,165.1,,,,54.324,47.367,67.43,43.527,,,,,,
4812,165.134,2.722,2.664,bbox,54.406,47.367,67.43,43.617,1.4817,4.8105,,1.0335,,1.0342
4813,165.168,2.5,2.664,bbox,54.497,47.367,67.43,43.711,1.6546,4.9308,,0.9846,,1.0261
4814,165.202,2.145,2.664,pose,54.647,47.367,67.43,43.861,1.771,5.0413,1.3441,0.8311,0.5522,0.9981
4815,165.237,1.907,2.5,pose,54.797,47.367,67.43,43.981,1.866,5.1405,1.5538,0.7322,0.5239,0.9422
4816,165.271,,,,54.797,47.367,67.43,43.981,,,,,,
4817,165.305,,,,54.797,47.367,67.43,43.981,,,,,,
4818,165.34,,,,54.797,47.367,67.43,43.981,,,,,,
4819,165.374,,,,54.797,47.367,67.43,43.981,,,,,,
4820,165.408,,,,54.797,47.367,67.43,43.981,,,,,,
4821,165.443,3.276,2.5,bbox,54.914,47.367,67.43,44.092,1.8489,5.3792,,0.3597,,0.8441
4822,165.477,3.177,2.5,bbox,54.946,47.367,67.43,44.191,1.803,5.3808,,0.4797,,0.8577
4823,165.511,3.104,3.104,bbox,54.946,47.367,67.43,44.341,1.7779,5.3633,,0.6877,,0.8998
4824,165.546,2.781,3.104,bbox,54.946,47.367,67.43,44.341,1.8012,5.3236,,0.878,,0.9142
4825,165.58,2.908,3.104,bbox,54.946,47.367,67.43,44.341,1.8139,5.2832,,1.0847,,0.9306
4826,165.614,1.954,2.908,pose,54.946,47.367,67.47,44.341,1.8274,5.2038,1.2987,1.2021,0.61,0.9532
4827,165.649,1.887,2.781,pose,54.946,47.367,67.511,44.341,1.7945,5.1339,0.9043,1.2656,0.4752,0.9978
4828,165.683,2.756,2.756,bbox,54.946,47.367,67.59,44.341,1.7815,5.0233,,1.1177,,0.9928
4829,165.717,2.647,2.647,bbox,54.946,47.367,67.66,44.341,1.7958,4.9142,,0.9533,,0.9706
4830,165.752,2.568,2.568,bbox,54.946,47.367,67.77,44.341,1.7701,4.7924,,0.7619,,0.9896
4831,165.786,2.452,2.568,bbox,54.946,47.367,67.88,44.341,1.7985,4.7015,,0.5968,,0.9975
4832,165.82,2.338,2.568,bbox,54.946,47.367,68.001,44.341,1.8305,4.6177,,0.494,,0.9989
4833,165.854,1.831,2.452,pose,54.946,47.367,68.092,44.341,1.9079,4.6043,1.1058,0.4837,0.5268,0.9851
4834,165.889,1.779,2.338,pose,54.946,47.367,68.092,44.341,1.9426,4.687,1.1374,0.6145,0.5708,0.9351
4835,165.923,1.691,1.831,pose,55.051,47.367,68.092,44.341,2.0333,4.7334,1.0702,0.7495,0.5439,0.899
4836,165.957,2.267,1.831,bbox,55.085,47.367,68.092,44.341,2.1145,4.7833,,0.8857,,0.8719
4837,165.992,2.255,1.831,bbox,55.176,47.367,68.092,44.373,2.1767,4.8277,,1.133,,0.8398
4838,166.026,1.453,1.779,pose,55.257,47.367,68.092,44.423,2.2242,4.8559,0.7638,1.315,0.5422,0.8361
4839,166.06,1.339,1.691,pose,55.32,47.367,68.092,44.423,2.2605,4.8054,0.7683,1.4506,0.5657,0.811
4840,166.095,2.482,2.255,pose,55.367,47.367,68.092,44.423,2.3029,4.7572,0.6222,0.0192,0.5263,0.8371
4841,166.129,2.412,2.255,pose,55.367,47.367,68.092,44.423,2.2498,4.6924,0.9337,0.0407,0.5417,0.8695
4842,166.163,2.247,2.247,pose,55.367,47.367,68.092,44.423,2.2274,4.6401,0.9549,0.0418,0.5928,0.6952
4843,166.198,0.926,2.247,pose,55.367,47.367,68.183,44.423,2.2118,4.5865,0.9935,1.6427,0.5763,0.8088
4844,166.232,0.949,2.247,pose,55.367,47.367,68.235,44.423,2.2161,4.4277,1.0012,1.5498,0.5862,0.7517
4845,166.266,1.789,1.789,bbox,55.367,47.367,68.289,44.423,2.2018,4.3643,,1.5278,,0.7644
4846,166.301,0.963,0.963,pose,55.367,47.367,68.439,44.423,2.1858,4.2859,0.8181,1.4686,0.6535,0.7764
4847,166.335,1.08,0.963,pose,55.367,47.367,68.503,44.423,2.1632,4.2304,0.694,1.3626,0.6067,0.8136
4848,166.369,1.196,1.08,pose,55.367,47.367,68.581,44.423,2.1948,4.1745,0.53,1.2867,0.5995,0.7994
4849,166.404,1.313,1.196,pose,55.367,47.4,68.636,44.423,2.1906,4.1486,0.3977,1.2103,0.609,0.8242
4850,166.438,1.331,1.196,pose,55.367,47.4,68.692,44.423,2.1721,4.1243,0.5066,1.1543,0.5979,0.8508
4851,166.472,1.32,1.313,pose,55.367,47.4,68.692,44.423,2.1133,4.1138,0.5776,1.1075,0.5486,0.8945
4852,166.507,1.258,1.313,pose,55.367,47.4,68.743,44.423,2.0395,4.1196,0.6131,1.106,0.5161,0.9284
4853,166.541,1.71,1.32,bbox,55.367,47.478,68.743,44.423,1.9223,4.1062,,1.0661,,0.9431
4854,166.575,1.722,1.331,bbox,55.367,47.551,68.743,44.423,1.8742,4.0939,,1.0268,,0.9696
4855,166.609,1.509,1.509,pose,55.367,47.669,68.743,44.423,1.7604,4.055,0.5566,0.9974,0.4665,1.0001
4856,166.644,1.671,1.671,pose,55.367,47.717,68.773,44.423,1.7022,4.0241,0.0045,0.9734,0.2124,0.9893
4857,166.678,1.891,1.71,pose,55.367,47.831,68.812,44.423,1.6986,4.0132,0.0188,0.9656,0.6905,0.99
4858,166.712,1.889,1.722,bbox,55.367,47.889,68.843,44.423,1.6656,4.0213,,0.9616,,0.9913
4859,166.747,1.787,1.787,pose,55.367,47.889,68.843,44.423,1.5814,4.0445,0.2874,0.92,0.7841,0.962
4860,166.781,1.958,1.889,pose,55.367,47.925,68.843,44.423,1.5055,4.0666,0.1042,0.9413,0.8126,0.9714
4861,166.815,2.009,1.891,pose,55.367,48.009,68.843,44.423,1.4469,4.0966,0.1699,0.9558,0.7749,0.9589
4862,166.85,2.192,1.958,pose,55.367,48.085,68.843,44.465,1.3943,4.1145,0.0039,0.8915,0.7021,0.8241
4863,166.884,2.235,2.009,pose,55.367,48.144,68.843,44.495,1.3389,4.1261,0.1139,0.9676,0.7283,0.9285
4864,166.918,2.347,2.192,pose,55.367,48.197,68.843,44.495,1.175,4.1492,0.2154,0.9727,0.7739,0.9451
4865,166.953,2.48,2.235,pose,55.367,48.252,68.843,44.495,1.146,4.1923,0.1569,0.9682,0.724,0.9484
4866,166.987,2.488,2.347,pose,55.367,48.402,68.843,44.548,1.1138,4.2259,0.1505,0.9941,0.726,0.9772
4867,167.021,2.479,2.479,pose,55.367,48.402,68.843,44.591,1.0701,4.2433,0.1241,0.9907,0.7118,1.016
4868,167.056,2.515,2.48,pose,55.367,48.463,68.843,44.625,1.0259,4.3158,0.251,0.9801,0.6636,1.0108
4869,167.09,2.493,2.488,pose,55.367,48.507,68.843,44.625,1.0111,4.3588,0.3241,0.9897,0.5967,1.0302
4870,167.124,2.524,2.493,pose,55.367,48.551,68.843,44.714,0.9979,4.368,0.3024,0.9969,0.5739,1.0301
4871,167.159,2.856,2.515,bbox,55.367,48.551,68.843,44.714,0.9792,4.3398,,1.0337,,0.991
4872,167.193,2.439,2.515,pose,55.367,48.551,68.843,44.714,0.9784,4.3275,0.3268,1.0701,0.6601,0.9792
4873,167.227,2.43,2.493,pose,55.367,48.593,68.843,44.714,0.9837,4.3259,0.2204,1.1207,0.7109,0.9703
4874,167.261,2.35,2.439,pose,55.367,48.593,68.843,44.714,0.9932,4.3174,0.2573,1.1479,0.7521,0.9677
4875,167.296,2.364,2.43,pose,55.367,48.593,68.843,44.714,0.9983,4.2949,0.0995,1.1901,0.785,0.8512
4876,167.33,2.413,2.413,pose,55.367,48.593,68.843,44.714,1.0239,4.2772,0.0209,1.1958,0.7923,0.9027
4877,167.364,2.355,2.364,pose,55.367,48.593,68.843,44.714,1.0603,4.277,0.0703,1.2231,0.7819,0.8739
4878,167.399,2.773,2.364,bbox,55.407,48.593,68.843,44.714,1.1131,4.2862,,1.1939,,0.8581
4879,167.433,2.674,2.413,bbox,55.444,48.593,68.843,44.714,1.1487,4.3057,,1.1457,,0.8629
4880,167.467,2.174,2.413,pose,55.497,48.593,68.843,44.714,1.2032,4.3078,0.2277,1.1069,0.8102,0.8775
4881,167.502,2.044,2.355,pose,55.532,48.593,68.843,44.714,1.2316,4.2946,0.3742,1.0526,0.8111,0.9088
4882,167.536,2.028,2.174,pose,55.587,48.593,68.843,44.714,1.269,4.2364,0.3601,0.9702,0.7645,0.9252
4883,167.57,1.911,2.044,pose,55.587,48.593,68.843,44.714,1.2974,4.1612,0.4702,0.8976,0.775,0.9546
4884,167.605,2.256,2.044,bbox,55.652,48.593,68.922,44.714,1.3325,4.0866,,0.7955,,0.9635
4885,167.639,2.191,2.044,bbox,55.652,48.593,68.997,44.714,1.3826,4.0408,,0.7134,,0.9854
4886,167.673,2.142,2.142,bbox,55.716,48.593,69.072,44.714,1.4201,3.9942,,0.6473,,0.9969
4887,167.708,2.066,2.142,bbox,55.766,48.593,69.118,44.714,1.43,3.92,,0.5879,,1.0098
4888,167.742,2.027,2.142,bbox,55.803,48.593,69.164,44.714,1.4318,3.8671,,0.6008,,0.9901
4889,167.776,1.689,2.066,pose,55.803,48.593,69.239,44.714,1.4262,3.8171,0.4385,0.6827,0.7314,0.9712
4890,167.811,1.558,2.027,pose,55.803,48.593,69.291,44.714,1.4251,3.8101,0.4471,0.8409,0.714,0.9407
4891,167.845,1.457,1.689,pose,55.803,48.593,69.341,44.714,1.4271,3.7372,0.4545,0.9925,0.7033,0.9082
4892,167.879,1.966,1.689,bbox,55.803,48.593,69.341,44.714,1.4149,3.6927,,1.0914,,0.8915
4893,167.914,1.258,1.558,pose,55.803,48.593,69.421,44.714,1.3915,3.641,0.5604,1.246,0.7051,0.8488
4894,167.948,1.178,1.457,pose,55.803,48.593,69.466,44.714,1.3657,3.5897,0.5995,1.3402,0.681,0.8167
4895,167.982,1.092,1.258,pose,55.803,48.593,69.518,44.714,1.3318,3.5403,0.6261,1.436,0.6562,0.7745
4896,168.016,1.751,1.258,pose,55.803,48.648,69.569,44.714,1.3119,3.5181,0.6709,0.1373,0.6493,0.8166
4897,168.051,1.117,1.178,pose,55.803,48.682,69.618,44.714,1.2826,3.4198,0.7071,1.3954,0.666,0.7328
4898,168.085,1.02,1.117,pose,55.803,48.682,69.618,44.714,1.2417,3.34,0.7412,0.9717,0.5929,0.5262
4899,168.119,1.003,1.092,pose,55.803,48.731,69.739,44.714,1.2357,3.285,0.7563,1.3125,0.6319,0.72
4900,168.154,0.995,1.02,pose,55.803,48.772,69.819,44.714,1.2331,3.245,0.7847,1.2524,0.6592,0.7442
4901,168.188,1.028,1.02,pose,55.803,48.772,69.874,44.714,1.1642,3.2491,0.8054,1.1649,0.64,0.773
4902,168.222,1.051,1.02,pose,55.803,48.772,69.909,44.714,1.1992,3.191,0.7676,1.1259,0.6491,0.7895
4903,168.257,1.083,1.028,pose,55.803,48.772,69.909,44.714,1.239,3.2319,0.6966,1.0901,0.6089,0.808
4904,168.291,1.102,1.051,pose,55.803,48.772,69.909,44.714,1.2718,3.1749,0.6801,1.0312,0.5931,0.8128
4905,168.325,1.797,1.083,bbox,55.803,48.772,69.94,44.714,1.3693,3.2187,,1.0034,,0.8371
4906,168.36,1.097,1.097,pose,55.833,48.772,69.94,44.714,1.4808,3.2616,0.6618,1.0085,0.5395,0.8785
4907,168.394,1.113,1.102,pose,55.931,48.772,69.94,44.714,1.4993,3.3198,0.6383,0.9826,0.562,0.8786
4908,168.428,1.106,1.106,pose,56.042,48.772,69.94,44.757,1.5161,3.3063,0.6104,1.0196,0.5565,0.8553
4909,168.463,1.118,1.113,pose,56.042,48.772,69.94,44.802,1.5049,3.3211,0.6304,1.0624,0.5736,0.8219
4910,168.497,1.11,1.11,pose,56.042,48.772,69.94,44.802,1.4972,3.3308,0.6271,1.0872,0.5718,0.8125
4911,168.531,1.098,1.11,pose,56.042,48.772,69.94,44.802,1.5116,3.3219,0.6116,1.0994,0.6259,0.7822
4912,168.566,1.056,1.106,pose,56.073,48.772,69.94,44.802,1.5197,3.3101,0.5965,1.1625,0.654,0.7804
4913,168.6,1.054,1.098,pose,56.073,48.772,69.94,44.802,1.5329,3.2972,0.5674,1.2105,0.6561,0.7725
4914,168.634,1.107,1.098,pose,56.073,48.772,69.94,44.802,1.521,3.2772,0.4897,1.2171,0.6386,0.7586
4915,168.668,1.11,1.098,pose,56.073,48.772,69.94,44.802,1.4997,3.2623,0.4786,1.2218,0.6314,0.7455
4916,168.703,1.099,1.099,pose,56.073,48.772,69.94,44.802,1.4701,3.2653,0.5437,1.1872,0.6152,0.7681
4917,168.737,1.104,1.104,pose,56.073,48.772,69.94,44.802,1.4282,3.2884,0.6011,1.1905,0.5767,0.7779
4918,168.771,1.12,1.107,pose,56.073,48.813,69.94,44.802,1.3856,3.3026,0.6107,1.187,0.5863,0.8031
4919,168.806,1.13,1.11,pose,56.073,48.855,69.94,44.802,1.3531,3.3133,0.6296,1.1873,0.601,0.8467
4920,168.84,1.153,1.12,pose,56.073,48.898,69.94,44.802,1.3256,3.3259,0.661,1.2026,0.6147,0.894
4921,168.874,1.19,1.13,pose,56.073,48.93,69.94,44.802,1.3249,3.3475,0.6695,1.16,0.5858,0.8915
4922,168.909,1.31,1.153,pose,56.073,48.93,69.94,44.802,1.3309,3.3926,0.6249,1.0831,0.5797,0.8895
4923,168.943,1.392,1.19,pose,56.073,48.93,69.94,44.843,1.3454,3.4078,0.6536,0.9767,0.5762,0.8799
4924,168.977,1.52,1.31,pose,56.073,48.93,69.94,44.888,1.3371,3.4063,0.6318,0.8887,0.6143,0.8549
4925,169.012,1.583,1.392,pose,56.073,48.93,69.94,44.888,1.3176,3.3883,0.5883,0.8932,0.6393,0.8335
4926,169.046,1.671,1.52,pose,56.073,48.93,69.94,44.888,1.3163,3.3665,0.4642,0.9056,0.6851,0.8212
4927,169.08,1.709,1.583,pose,56.073,48.966,69.94,44.888,1.312,3.3878,0.4233,0.8993,0.6963,0.8132
4928,169.115,1.741,1.671,pose,56.073,48.966,69.94,44.888,1.2975,3.3964,0.4039,0.8941,0.727,0.8096
4929,169.149,1.733,1.709,pose,56.073,48.966,69.94,44.888,1.2492,3.3941,0.4572,0.8972,0.725,0.841
4930,169.183,1.741,1.733,pose,56.073,48.966,69.94,44.888,1.1972,3.3723,0.4865,0.8863,0.7048,0.852
4931,169.218,1.713,1.733,pose,56.073,49.034,69.94,44.888,1.1588,3.3578,0.5315,0.8805,0.6848,0.8742
4932,169.252,1.718,1.733,pose,56.073,49.086,69.94,44.888,1.1428,3.3352,0.5332,0.8425,0.6623,0.8927
4933,169.286,1.719,1.719,pose,56.073,49.125,69.975,44.888,1.1516,3.3303,0.5309,0.8359,0.6144,0.9147
4934,169.321,1.731,1.719,pose,56.073,49.125,69.975,44.888,1.1668,3.319,0.5069,0.8374,0.5788,0.9222
4935,169.355,1.753,1.719,pose,56.073,49.125,69.975,44.888,1.1697,3.304,0.4696,0.8203,0.5671,0.9375
4936,169.389,1.796,1.731,pose,56.073,49.125,70.013,44.888,1.1995,3.2768,0.4296,0.7756,0.5482,0.9441
4937,169.423,1.861,1.753,pose,56.073,49.125,70.013,44.888,1.2476,3.271,0.4055,0.7491,0.524,0.9421
4938,169.458,1.88,1.796,pose,56.114,49.125,70.056,44.888,1.2815,3.2667,0.4023,0.7322,0.5188,0.9246
4939,169.492,1.906,1.861,pose,56.162,49.125,70.056,44.888,1.3227,3.3126,0.3044,0.7282,0.5502,0.9077
4940,169.526,1.778,1.861,bbox,56.196,49.125,70.056,44.888,1.4004,3.3321,,0.7523,,0.9156
4941,169.561,1.704,1.861,bbox,56.237,49.125,70.056,44.924,1.5168,3.3836,,0.7376,,0.9347
4942,169.595,1.599,1.778,bbox,56.315,49.125,70.056,44.924,1.6226,3.4077,,0.7957,,0.913
4943,169.629,1.556,1.704,bbox,56.431,49.125,70.056,44.995,1.6869,3.4492,,0.7647,,0.9231
4944,169.664,1.512,1.599,bbox,56.537,49.125,70.056,44.995,1.7578,3.4831,,0.834,,0.9321
4945,169.698,1.488,1.556,bbox,56.602,49.125,70.056,45.061,1.8078,3.526,,0.8788,,0.9395
4946,169.732,1.492,1.512,bbox,56.672,49.125,70.056,45.095,1.8678,3.5898,,0.948,,0.9284
4947,169.767,1.314,1.492,pose,56.722,49.125,70.056,45.138,1.9127,3.7186,0.6929,0.9333,0.6637,0.8831
4948,169.801,1.471,1.488,bbox,56.782,49.125,70.056,45.201,1.996,3.6857,,0.0042,,0.6043
4949,169.835,1.467,1.471,bbox,56.827,49.125,70.056,45.297,2.1014,3.8343,,0.9222,,0.7883
4950,169.87,1.589,1.471,bbox,56.911,49.125,70.056,45.33,2.1706,4.0692,,0.9921,,0.7678
4951,169.904,1.401,1.467,pose,57.016,49.125,70.056,45.446,2.2205,4.0939,0.0206,1.0702,0.759,0.7832
4952,169.938,1.393,1.467,bbox,57.085,49.125,70.056,45.596,2.2542,4.0164,,1.1069,,0.7935
4953,169.973,1.363,1.401,bbox,57.135,49.125,70.056,45.647,2.2931,4.0675,,1.1397,,0.7954
4954,170.007,1.446,1.401,bbox,57.169,49.125,70.056,45.647,2.3231,4.161,,1.1212,,0.8572
4955,170.041,1.24,1.393,bbox,57.208,49.125,70.056,45.647,2.5589,4.1737,,1.0801,,0.9014
4956,170.075,1.144,1.363,bbox,57.238,49.125,70.056,45.741,2.6673,4.1872,,1.0596,,0.9509
4957,170.11,1.062,1.24,bbox,57.388,49.125,70.056,45.741,2.8245,4.1993,,1.0294,,0.9548
4958,170.144,1.145,1.145,bbox,57.496,49.125,70.056,45.741,2.795,4.1949,,0.9775,,0.9409
4959,170.178,1.196,1.145,bbox,57.624,49.125,70.056,45.774,2.8141,4.2497,,0.8309,,0.9346
4960,170.213,1.302,1.145,bbox,57.624,49.125,70.056,45.774,2.7982,4.365,,0.6998,,0.9438
4961,170.247,0.982,1.145,pose,57.624,49.125,70.056,45.829,2.8016,4.6063,0.7365,0.5363,0.7084,0.925
4962,170.281,1.35,1.196,bbox,57.624,49.125,70.056,45.945,2.7793,4.4225,0.8082,,0.7193,
4963,170.316,1.451,1.302,bbox,57.624,49.125,70.056,46.002,2.7652,4.4913,,,,
4964,170.35,1.634,1.35,bbox,57.624,49.125,70.056,46.071,2.7382,4.6123,0.8131,,0.7323,
4965,170.384,1.671,1.451,bbox,57.624,49.125,70.056,46.186,2.7381,4.6916,,,,
4966,170.419,1.699,1.634,pose,57.624,49.125,70.056,46.186,2.9291,4.8339,0.8101,0.0763,0.6785,0.6899
4967,170.453,2.0,1.671,bbox,57.624,49.125,70.056,46.271,2.9546,5.2241,,0.0725,,0.6064
4968,170.487,2.455,1.699,bbox,57.624,49.173,70.056,46.413,2.7469,5.4192,,0.8615,,0.6679
4969,170.522,2.595,2.0,bbox,57.624,49.173,70.056,46.563,2.7701,5.5115,,1.0348,,0.7612
4970,170.556,2.581,2.455,bbox,57.797,49.173,70.056,46.713,2.9392,5.6668,,1.1487,,0.6816
4971,170.59,2.542,2.542,pose,57.797,49.173,70.056,46.806,2.991,5.7894,0.1154,0.1588,0.382,0.7816
4972,170.625,1.909,2.542,pose,57.797,49.173,70.056,46.956,3.0048,5.8499,0.7404,1.656,0.3907,0.775
4973,170.659,2.169,2.542,pose,57.837,49.173,70.056,47.078,2.9686,5.8423,0.1809,1.3507,0.4257,0.7805
4974,170.693,2.781,2.542,bbox,57.837,49.173,70.056,47.131,2.9642,5.8765,,1.7227,,0.7599
4975,170.728,1.904,2.169,pose,57.837,49.173,70.056,47.131,2.9325,5.9026,0.0175,1.683,0.2107,0.7508
4976,170.762,1.889,1.909,pose,57.837,49.173,70.056,47.165,3.0488,5.9141,0.0287,1.6536,0.2514,0.7656
4977,170.796,2.293,2.169,pose,57.837,49.173,70.056,47.165,2.9415,5.9326,0.0678,1.6034,0.2823,0.7998
4978,170.83,1.949,1.949,pose,57.837,49.173,70.056,47.203,2.9361,5.9329,0.0266,1.5963,0.3806,0.8139
4979,170.865,1.904,1.904,pose,57.837,49.173,70.056,47.203,2.9634,5.9361,0.4793,1.576,0.3614,0.8103
4980,170.899,1.915,1.915,pose,57.837,49.173,70.056,47.203,2.9637,5.9365,0.5162,1.5789,0.3997,0.8043
4981,170.933,1.835,1.915,pose,57.837,49.173,70.056,47.203,2.9662,5.9291,0.5342,1.6207,0.6176,0.8096
4982,170.968,1.831,1.904,pose,57.837,49.173,70.056,47.203,2.9522,5.9193,0.1324,1.6368,-0.3513,0.806
4983,171.002,1.752,1.835,pose,57.837,49.173,70.056,47.203,2.9335,5.9307,0.5888,1.6363,0.6656,0.8589
4984,171.036,1.695,1.831,pose,57.837,49.173,70.056,47.203,2.9685,5.9254,0.6218,1.6343,0.6645,0.8847
4985,171.071,1.637,1.752,pose,57.837,49.173,70.056,47.203,3.0064,5.9245,0.6474,1.5986,0.5976,0.9093
4986,171.105,1.614,1.695,pose,57.837,49.173,70.056,47.203,3.0043,5.87,0.6395,1.5685,0.5966,0.8856
4987,171.139,1.59,1.637,pose,57.871,49.173,70.056,47.203,3.0031,5.7738,0.6575,1.5029,0.6062,0.8977
4988,171.174,1.59,1.614,pose,57.871,49.173,70.1,47.203,2.973,5.7219,0.6672,1.4615,0.5774,0.9383
4989,171.208,1.559,1.59,pose,57.871,49.173,70.196,47.203,2.972,5.7082,0.6984,1.4066,0.5468,0.9437
4990,171.242,1.585,1.59,pose,57.871,49.203,70.248,47.203,2.9475,5.4059,0.6887,1.2954,0.5536,0.9251
4991,171.277,1.579,1.585,pose,57.871,49.203,70.248,47.203,2.909,5.3114,0.7224,1.2393,0.5568,0.8759
4992,171.311,1.553,1.579,pose,57.871,49.203,70.411,47.203,2.8774,5.2268,0.7472,1.1371,0.5628,0.9051
4993,171.345,1.527,1.559,pose,57.871,49.267,70.506,47.203,2.8589,5.1455,0.7545,1.0146,0.5701,0.913
4994,171.38,1.526,1.553,pose,57.871,49.298,70.591,47.203,2.8559,5.0339,0.7936,0.8893,0.5621,0.9242
4995,171.414,1.545,1.545,pose,57.871,49.298,70.672,47.203,2.8769,4.9433,0.7799,0.761,0.5896,0.9189
4996,171.448,1.548,1.545,pose,57.871,49.298,70.783,47.203,2.9152,4.8579,0.7518,0.5515,0.5894,0.9764
4997,171.482,1.574,1.545,pose,57.871,49.298,70.874,47.203,2.9643,4.7859,0.7396,0.0779,0.5835,0.4409
4998,171.517,1.813,1.548,pose,57.909,49.298,70.959,47.203,3.0073,4.718,0.6805,0.0273,0.4957,0.6241
4999,171.551,1.83,1.574,pose,57.958,49.298,71.031,47.203,3.0679,4.6459,0.5969,0.2261,0.552,0.2673
5000,171.585,1.404,1.574,pose,58.001,49.298,71.099,47.203,3.1254,4.5794,0.5258,0.4243,0.5774,0.9189
5001,171.62,1.168,1.574,pose,58.061,49.298,71.171,47.203,3.178,4.566,0.5174,0.601,0.5308,0.98
5002,171.654,1.026,1.404,pose,58.119,49.298,71.238,47.203,3.2115,4.5708,0.5809,0.7416,0.5783,1.0509
5003,171.688,1.004,1.168,pose,58.172,49.298,71.238,47.203,3.1955,4.5595,0.5869,0.744,0.6086,1.0762
5004,171.723,1.002,1.026,pose,58.172,49.298,71.238,47.203,3.2126,4.5718,0.5893,0.7414,0.6417,1.0144
5005,171.757,1.002,1.004,pose,58.205,49.298,71.238,47.203,3.2417,4.5918,0.574,0.7243,0.6633,0.9928
5006,171.791,0.972,1.002,pose,58.205,49.298,71.238,47.203,3.2597,4.6187,0.5526,0.7488,0.7086,1.0154
5007,171.826,0.968,1.002,pose,58.235,49.298,71.238,47.203,3.2716,4.6306,0.5424,0.7292,0.7236,1.0295
5008,171.86,0.945,0.972,pose,58.235,49.298,71.238,47.242,3.2836,4.6442,0.509,0.7563,0.7241,1.0512
5009,171.894,0.94,0.968,pose,58.235,49.298,71.238,47.242,3.2916,4.6625,0.4949,0.7452,0.7404,0.6702
5010,171.929,0.943,0.945,pose,58.277,49.298,71.238,47.242,3.2961,4.6554,0.4766,0.6998,0.7804,1.0656
5011,171.963,0.956,0.945,pose,58.277,49.298,71.238,47.273,3.2824,4.6492,0.4621,0.6406,0.7843,1.0322
5012,171.997,0.961,0.945,pose,58.277,49.298,71.238,47.273,3.253,4.6557,0.4395,0.5966,0.8092,1.0223
5013,172.032,0.994,0.956,pose,58.277,49.298,71.238,47.273,3.236,4.6437,0.4241,0.5293,0.8147,1.0534
5014,172.066,1.005,0.961,pose,58.277,49.329,71.238,47.273,3.1995,4.6138,0.4181,0.4514,0.8112,1.1234
5015,172.1,1.069,0.994,pose,58.277,49.329,71.238,47.273,3.1636,4.6039,0.3849,0.2028,0.8008,1.1284
5016,172.135,1.052,1.005,pose,58.277,49.382,71.273,47.273,3.1458,4.6133,0.3393,0.1948,0.8179,1.1562
5017,172.169,1.002,1.005,pose,58.277,49.418,71.273,47.273,3.1054,4.6174,0.3458,0.2188,0.824,1.149
5018,172.203,1.016,1.016,pose,58.277,49.418,71.273,47.273,3.1037,4.621,0.2538,0.2406,0.8399,1.1544
5019,172.237,1.049,1.049,pose,58.277,49.459,71.273,47.273,3.1232,4.6188,0.24,0.1746,0.8449,1.1446
5020,172.272,1.045,1.045,pose,58.277,49.459,71.273,47.273,3.139,4.6071,0.0896,0.2236,0.8381,1.1522
5021,172.306,1.014,1.016,pose,58.277,49.459,71.273,47.273,3.1559,4.6046,0.0891,0.2817,0.8672,1.1545
5022,172.34,1.496,1.045,pose,58.277,49.459,71.273,47.273,3.1538,4.5934,0.1114,0.2006,0.1309,1.1725
5023,172.375,1.058,1.049,bbox,58.277,49.459,71.273,47.273,3.1444,4.5769,,0.1942,,1.1562
5024,172.409,1.038,1.045,pose,58.308,49.459,71.273,47.273,3.154,4.5689,0.0349,0.128,0.8549,1.1834
5025,172.443,1.078,1.058,pose,58.308,49.459,71.31,47.273,3.1641,4.569,0.0229,0.0263,0.9029,1.1945
5026,172.478,1.06,1.06,pose,58.308,49.459,71.31,47.273,3.1638,4.5624,0.0949,0.0055,0.9052,1.2133
5027,172.512,1.036,1.058,pose,58.308,49.459,71.31,47.273,3.1682,4.5692,0.195,0.0285,0.924,1.2309
5028,172.546,1.008,1.038,pose,58.308,49.459,71.31,47.273,3.1799,4.588,0.2827,0.0583,0.9026,1.2412
5029,172.581,1.002,1.036,pose,58.308,49.459,71.31,47.273,3.1865,4.6038,0.3063,0.1384,0.9202,1.2515
5030,172.615,0.998,1.008,pose,58.308,49.459,71.31,47.273,3.198,4.639,0.3176,0.2219,0.9149,1.2731
5031,172.649,1.004,1.004,pose,58.341,49.459,71.31,47.273,3.1965,4.6872,0.2822,0.469,0.9276,1.2462
5032,172.684,1.042,1.004,pose,58.341,49.459,71.31,47.335,3.2013,4.7437,0.2305,0.5545,0.9102,1.2327
5033,172.718,1.084,1.004,pose,58.341,49.459,71.31,47.383,3.2208,4.8775,0.1927,0.5848,0.9119,1.2585
5034,172.752,,,,58.341,49.459,71.31,47.383,,,,,,
5035,172.787,,,,58.341,49.459,71.31,47.383,,,,,,
5036,172.821,,,,58.341,49.459,71.31,47.383,,,,,,
5037,172.855,4.376,1.042,bbox,58.341,49.459,71.31,47.44,0.7925,7.8515,0.2325,,0.9448,
5038,172.889,4.193,1.084,pose,58.341,49.459,71.31,47.573,0.7389,7.8435,0.1845,1.2017,0.9683,1.3232
5039,172.924,4.204,4.193,pose,58.341,49.599,71.31,47.723,0.7035,7.787,0.1705,1.1728,0.9763,1.3602
5040,172.958,4.208,4.204,pose,58.341,49.652,71.31,47.723,0.6593,7.7639,0.1653,1.1958,0.9987,1.3466
5041,172.992,4.213,4.208,pose,58.341,49.688,71.31,47.723,0.6389,7.7318,0.1812,1.14,1.0003,1.3558
5042,173.027,4.227,4.208,pose,58.341,49.732,71.31,47.723,0.6339,7.7222,0.1836,1.0755,0.989,1.3643
5043,173.061,4.287,4.213,pose,58.341,49.732,71.365,47.723,0.6205,7.6918,0.021,1.0673,1.0025,1.3649
5044,173.095,4.289,4.227,pose,58.341,49.732,71.365,47.723,0.6022,7.6561,0.18,1.0041,0.9958,1.3216
5045,173.13,4.261,4.261,pose,58.341,49.771,71.405,47.723,0.6031,7.6479,0.2371,0.9921,1.0005,1.3614
5046,173.164,4.33,4.287,pose,58.341,49.771,71.441,47.723,0.5808,7.6254,0.1892,0.8916,0.9975,1.2011
5047,173.198,4.217,4.287,pose,58.341,49.771,71.441,47.723,0.5738,7.6036,0.2873,0.9325,1.034,1.3305
5048,173.233,4.437,4.289,bbox,58.341,49.81,71.472,47.723,0.5562,7.5978,,0.9434,,1.2933
5049,173.267,4.237,4.261,pose,58.341,49.81,71.472,47.723,0.5538,7.6063,0.2874,1.0066,1.0213,1.3821
5050,173.301,4.226,4.237,pose,58.341,49.81,71.472,47.723,0.5099,7.6126,0.3363,1.0045,1.0439,1.385
5051,173.336,4.2,4.226,pose,58.341,49.81,71.472,47.723,0.5068,7.6252,0.3383,1.0329,1.0562,1.3988
5052,173.37,4.199,4.226,pose,58.341,49.881,71.472,47.723,0.5011,7.6419,0.3344,1.0383,1.0694,1.3943
5053,173.404,4.171,4.2,pose,58.341,49.881,71.472,47.723,0.4838,7.6148,0.3493,1.0085,1.0611,1.3952
5054,173.439,4.157,4.199,pose,58.341,49.881,71.472,47.723,0.4788,7.5988,0.3782,1.0215,1.076,1.4047
5055,173.473,4.153,4.171,pose,58.341,49.881,71.472,47.723,0.5005,7.5975,0.3519,1.0436,1.0544,1.4094
5056,173.507,4.15,4.157,pose,58.341,49.881,71.472,47.723,0.5281,7.607,0.3773,1.0044,1.0584,1.394
5057,173.542,4.126,4.153,pose,58.341,49.881,71.472,47.723,0.5409,7.6184,0.3811,1.0466,1.037,1.3964
5058,173.576,4.146,4.15,pose,58.341,49.881,71.472,47.723,0.5491,7.6452,0.3474,1.0432,1.0326,1.3987
5059,173.61,4.132,4.146,pose,58.371,49.881,71.472,47.723,0.561,7.6615,0.2979,1.056,1.0325,1.374
5060,173.644,4.119,4.132,pose,58.371,49.881,71.472,47.723,0.5519,7.6873,0.3576,1.0628,1.0353,1.3313
5061,173.679,4.138,4.132,pose,58.371,49.881,71.472,47.759,0.5527,7.6837,0.3667,1.0439,1.0522,1.3564
5062,173.713,4.15,4.138,pose,58.371,49.881,71.472,47.759,0.5539,7.698,0.3487,1.0411,1.0231,1.3501
5063,173.747,4.148,4.138,pose,58.371,49.881,71.472,47.759,0.5515,7.6821,0.3485,1.0464,1.0275,1.3394
5064,173.782,4.215,4.148,pose,58.371,49.881,71.472,47.759,0.5586,7.6938,0.2447,1.0158,1.0423,1.3361
5065,173.816,4.193,4.15,pose,58.371,49.881,71.472,47.792,0.57,7.707,0.3017,1.0329,1.0359,1.3547
5066,173.85,4.211,4.193,pose,58.371,49.881,71.472,47.792,0.5807,7.7071,0.2642,1.0228,1.023,1.3712
5067,173.885,4.193,4.193,pose,58.371,49.881,71.472,47.792,0.5785,7.7027,0.2726,1.0479,1.0161,1.3546
5068,173.919,4.197,4.197,pose,58.406,49.881,71.472,47.792,0.5757,7.6995,0.2866,1.0319,1.0067,1.3395
5069,173.953,4.188,4.193,pose,58.406,49.881,71.472,47.792,0.5541,7.7111,0.2867,1.0362,1.0083,1.3384
5070,173.988,4.169,4.193,pose,58.406,49.881,71.472,47.792,0.5418,7.7133,0.3408,1.0375,1.0022,1.3256
5071,174.022,4.124,4.188,pose,58.406,49.881,71.472,47.792,0.5396,7.7113,0.3791,1.0661,0.9793,1.3579
5072,174.056,4.093,4.169,pose,58.406,49.881,71.472,47.792,0.5481,7.7224,0.4199,1.0789,0.9881,1.3786
5073,174.091,4.084,4.124,pose,58.406,49.881,71.472,47.792,0.5578,7.7439,0.4375,1.0704,0.9896,1.3594
5074,174.125,4.034,4.093,pose,58.406,49.881,71.472,47.792,0.5853,7.7646,0.4809,1.0511,1.0067,1.3577
5075,174.159,4.018,4.084,pose,58.406,49.881,71.472,47.842,0.6155,7.7718,0.5208,1.0222,1.0178,1.3475
5076,174.194,4.015,4.034,pose,58.406,49.881,71.472,47.842,0.6268,7.7749,0.5495,1.0134,1.0314,1.3528
5077,174.228,3.965,4.018,pose,58.446,49.881,71.472,47.842,0.635,7.7733,0.5389,1.0394,1.0165,1.3401
5078,174.262,3.957,4.015,pose,58.446,49.881,71.472,47.842,0.6823,7.7969,0.5519,1.0415,1.0098,1.3456
5079,174.296,3.939,3.965,pose,58.446,49.881,71.472,47.873,0.7198,7.8471,0.5568,1.0774,0.9955,1.3579
5080,174.331,4.0,3.965,pose,58.513,49.881,71.472,47.873,0.7663,7.8911,0.4296,1.067,0.994,1.3777
5081,174.365,3.904,3.957,pose,58.55,49.881,71.472,47.945,0.8092,7.9251,0.5641,1.0336,0.9725,1.3687
5082,174.399,3.904,3.939,pose,58.597,49.881,71.472,47.989,0.8494,7.978,0.5161,1.0469,0.9995,1.3749
5083,174.434,4.302,3.939,bbox,58.64,49.881,71.472,48.023,0.9346,8.0141,,1.046,,1.381
5084,174.468,3.865,3.904,pose,58.68,49.881,71.472,48.076,0.9754,8.027,0.4605,1.0563,0.9601,1.3766
5085,174.502,3.861,3.904,pose,58.765,49.881,71.472,48.112,1.0319,8.0395,0.418,1.0776,0.9772,1.3824
5086,174.537,3.898,3.898,pose,58.806,49.881,71.472,48.112,1.0755,8.0431,0.3384,1.07,0.9683,1.3815
5087,174.571,3.871,3.871,pose,58.862,49.881,71.472,48.112,1.1429,8.0543,0.3376,1.105,0.9699,1.3898
5088,174.605,3.865,3.865,pose,58.906,49.881,71.472,48.112,1.2068,8.059,0.2347,1.0978,0.9867,1.3912
5089,174.64,3.879,3.871,pose,58.973,49.881,71.472,48.152,1.2522,8.058,0.1471,1.0833,0.965,1.3842
5090,174.674,3.867,3.871,pose,59.037,49.881,71.472,48.152,1.2704,8.053,0.1532,1.0796,0.9361,1.3909
5091,174.708,3.858,3.867,pose,59.083,49.881,71.472,48.152,1.3013,8.0558,0.0642,1.0682,0.9421,1.419
5092,174.743,4.045,3.867,bbox,59.083,49.881,71.472,48.152,1.3231,8.0538,,1.059,,1.3936
5093,174.777,4.013,3.879,bbox,59.132,49.881,71.472,48.152,1.3467,8.0476,,1.0809,,1.3871
5094,174.811,4.013,4.013,bbox,59.132,49.881,71.472,48.152,1.3728,8.0454,,1.0889,,1.3703
5095,174.846,3.652,4.013,pose,59.177,49.881,71.472,48.152,1.3978,8.0392,0.2867,1.0885,1.0169,1.3475
5096,174.88,3.578,4.013,pose,59.177,49.881,71.472,48.152,1.4462,8.0358,0.4083,1.1253,1.0224,1.3386
5097,174.914,3.529,3.652,pose,59.228,49.881,71.472,48.152,1.4498,8.0248,0.4612,1.1825,1.0297,1.3476
5098,174.949,3.519,3.578,pose,59.277,49.881,71.472,48.152,1.5179,7.9412,0.4492,1.2552,1.0052,1.326
5099,174.983,3.469,3.529,pose,59.277,49.881,71.472,48.152,1.558,7.8813,0.4589,1.3605,1.0343,1.3269
5100,175.017,3.347,3.519,pose,59.349,49.881,71.585,48.152,1.587,7.8584,0.5694,1.4445,1.0116,1.2818
5101,175.051,3.311,3.469,pose,59.389,49.881,71.645,48.152,1.5793,7.8132,0.5826,1.5119,1.0162,1.2601
5102,175.086,3.291,3.347,pose,59.389,49.881,71.645,48.152,1.5814,7.7573,0.5751,1.5681,1.0239,1.2364
5103,175.12,3.294,3.311,pose,59.389,49.881,71.713,48.152,1.5946,7.7293,0.5898,1.6023,0.9932,1.172
5104,175.154,3.278,3.294,pose,59.389,49.881,71.769,48.152,1.5955,7.7036,0.5969,1.6535,1.005,1.1617
5105,175.189,3.273,3.291,pose,59.424,49.881,71.769,48.152,1.5933,7.7172,0.6021,1.6839,0.9833,1.1826
5106,175.223,3.254,3.278,pose,59.424,49.881,71.809,48.152,1.5984,7.7125,0.5868,1.6907,0.9704,1.1876
5107,175.257,3.272,3.273,pose,59.424,49.881,71.809,48.152,1.6239,7.699,0.5389,1.6756,0.9663,1.1406
5108,175.292,3.892,3.273,bbox,59.424,49.881,71.809,48.152,1.6367,7.684,,1.7145,,1.1435
5109,175.326,3.841,3.273,bbox,59.454,49.881,71.809,48.152,1.6609,7.6599,,1.6721,,1.1399
5110,175.36,3.742,3.742,bbox,59.454,49.881,71.842,48.152,1.699,7.6173,,1.6142,,1.1603
5111,175.395,3.24,3.742,pose,59.491,49.881,71.842,48.152,1.7755,7.5452,0.1122,1.5249,0.928,1.1848
5112,175.429,3.557,3.742,bbox,59.53,49.881,71.909,48.152,1.8279,7.4754,,1.4091,,1.2254
5113,175.463,3.464,3.557,bbox,59.606,49.881,71.981,48.152,1.8931,7.3603,,1.3422,,1.2483
5114,175.498,3.185,3.464,pose,59.659,49.881,72.051,48.152,1.9574,7.2158,0.0103,1.2339,1.0098,1.2828
5115,175.532,3.027,3.24,pose,59.724,49.881,72.166,48.152,1.9876,7.1644,0.198,1.0367,0.9984,1.2952
5116,175.566,2.923,3.185,pose,59.788,49.881,72.31,48.152,2.0566,7.1199,0.3262,0.9903,0.9953,1.3214
5117,175.601,3.123,3.123,pose,59.818,49.881,72.362,48.152,2.073,7.0755,0.0614,1.0206,0.2165,1.3428
5118,175.635,2.742,3.027,pose,59.887,49.881,72.406,48.152,2.1027,7.0392,0.502,1.0315,0.9435,1.3274
5119,175.669,2.603,2.923,pose,59.887,49.881,72.451,48.152,2.2229,7.0089,0.6458,1.1275,0.9728,1.3082
5120,175.704,2.474,2.742,pose,59.933,49.881,72.487,48.152,2.2699,6.9948,0.7551,1.2644,0.986,1.2931
5121,175.738,2.49,2.603,pose,60.053,49.881,72.517,48.152,2.292,6.9867,0.7914,1.2316,0.9822,1.2576
5122,175.772,2.498,2.498,pose,60.1,49.881,72.517,48.152,2.3189,6.9971,0.8018,1.2132,0.9848,1.2205
5123,175.806,2.501,2.498,pose,60.1,49.881,72.517,48.152,2.3374,7.0066,0.8081,1.1899,0.9588,1.1953
5124,175.841,2.462,2.49,pose,60.15,49.881,72.517,48.152,2.3562,7.0124,0.8384,1.1996,0.9218,1.213
5125,175.875,2.432,2.49,pose,60.15,49.881,72.517,48.152,2.343,7.0019,0.8584,1.1786,0.8946,1.2382
5126,175.909,2.401,2.462,pose,60.15,49.881,72.517,48.152,2.3156,6.9744,0.8482,1.1947,0.9198,1.2695
5127,175.944,2.37,2.432,pose,60.15,49.881,72.517,48.152,2.3026,6.9452,0.8342,1.2085,0.9111,1.3015
5128,175.978,2.344,2.401,pose,60.15,49.881,72.552,48.152,2.2992,6.9318,0.8474,1.2333,0.9328,1.3201
5129,176.012,2.335,2.37,pose,60.15,49.881,72.552,48.152,2.2975,6.9267,0.8314,1.2655,0.9365,1.3229
5130,176.047,2.35,2.35,pose,60.15,49.881,72.594,48.152,2.3162,6.9254,0.8313,1.2392,0.9313,1.3109
5131,176.081,2.365,2.35,pose,60.15,49.881,72.594,48.152,2.3413,6.9462,0.8269,1.2601,0.9531,1.2994
5132,176.115,2.41,2.35,pose,60.15,49.881,72.594,48.152,2.3624,6.9714,0.8274,1.2232,0.9483,1.2501
5133,176.15,2.448,2.365,pose,60.15,49.881,72.594,48.152,2.3544,6.9756,0.8481,1.2399,0.9675,1.2073
5134,176.184,2.468,2.41,pose,60.15,49.881,72.594,48.192,2.3241,6.9761,0.877,1.2099,0.9436,1.1847
5135,176.218,2.453,2.448,pose,60.15,49.881,72.594,48.192,2.2973,6.9591,0.9171,1.2256,0.9385,1.1736
5136,176.253,2.473,2.453,pose,60.15,49.881,72.594,48.192,2.271,6.9611,0.9674,1.1985,0.9276,1.1681
5137,176.287,2.463,2.463,pose,60.15,49.881,72.594,48.192,2.2503,6.9684,1.0107,1.2228,0.9164,1.2328
5138,176.321,2.438,2.463,pose,60.15,49.929,72.594,48.192,2.2301,6.9552,1.0381,1.2116,0.9046,1.2391
5139,176.356,2.425,2.453,pose,60.15,49.929,72.594,48.192,2.1968,6.934,1.0714,1.228,0.879,1.2772
5140,176.39,2.439,2.439,pose,60.15,49.97,72.594,48.192,2.1597,6.9107,1.0996,1.2019,0.8663,1.2815
5141,176.424,2.423,2.438,pose,60.15,50.003,72.632,48.192,2.1385,6.8615,1.1464,1.17,0.8294,1.2801
5142,176.458,2.442,2.438,pose,60.15,50.041,72.632,48.192,2.1363,6.8498,1.1366,1.1807,0.8039,1.2745
5143,176.493,2.467,2.439,pose,60.15,50.041,72.704,48.192,2.1441,6.8543,1.1562,1.1976,0.7854,1.2776
5144,176.527,2.48,2.442,pose,60.15,50.041,72.704,48.192,2.1572,6.8659,1.1669,1.1767,0.7912,1.2594
5145,176.561,2.5,2.467,pose,60.15,50.041,72.704,48.192,2.163,6.8566,1.132,1.1985,0.7878,1.236
5146,176.596,2.496,2.48,pose,60.15,50.041,72.704,48.192,2.1667,6.853,1.1373,1.1767,0.8019,1.2035
5147,176.63,2.486,2.486,pose,60.15,50.041,72.704,48.192,2.1703,6.8578,1.1318,1.1859,0.8144,1.2091
5148,176.664,2.474,2.486,pose,60.15,50.041,72.704,48.192,2.1699,6.8639,1.1364,1.1602,0.8407,1.2104
5149,176.699,2.433,2.486,pose,60.15,50.041,72.704,48.192,2.163,6.8612,1.1145,1.1801,0.8475,1.2148
5150,176.733,2.402,2.474,pose,60.15,50.041,72.704,48.192,2.162,6.8603,1.1097,1.1932,0.8572,1.2188
5151,176.767,2.394,2.433,pose,60.15,50.041,72.704,48.192,2.1762,6.8444,1.0968,1.2089,0.8565,1.2564
5152,176.802,2.374,2.402,pose,60.15,50.041,72.704,48.192,2.1849,6.8432,1.1258,1.2236,0.8517,1.2702
5153,176.836,2.364,2.394,pose,60.15,50.041,72.704,48.192,2.1683,6.8099,1.1126,1.2374,0.8318,1.2547
5154,176.87,2.388,2.388,pose,60.15,50.041,72.704,48.192,2.1473,6.7909,1.1394,1.2387,0.7926,1.2536
5155,176.905,2.428,2.388,pose,60.15,50.041,72.756,48.192,2.1425,6.7776,1.1418,1.2059,0.7883,1.2369
5156,176.939,2.45,2.388,pose,60.15,50.041,72.756,48.192,2.1451,6.7841,1.1479,1.2101,0.7875,1.1862
5157,176.973,2.482,2.428,pose,60.15,50.041,72.756,48.192,2.1585,6.8042,1.1412,1.2154,0.7802,1.1673
5158,177.008,2.46,2.45,pose,60.15,50.041,72.756,48.192,2.1715,6.8344,1.1379,1.1897,0.7832,1.1873
5159,177.042,2.448,2.45,pose,60.15,50.041,72.756,48.192,2.1881,6.8433,1.137,1.197,0.8132,1.1839
5160,177.076,2.41,2.45,pose,60.15,50.041,72.756,48.192,2.1993,6.8547,1.1288,1.225,0.8174,1.2093
5161,177.111,2.376,2.448,pose,60.15,50.041,72.756,48.225,2.2154,6.8553,1.1274,1.1965,0.8301,1.2584
5162,177.145,2.352,2.41,pose,60.189,50.041,72.756,48.225,2.2153,6.8469,1.1164,1.2133,0.8358,1.2492
5163,177.179,2.321,2.376,pose,60.189,50.041,72.756,48.225,2.2209,6.8215,1.107,1.2331,0.8637,1.2563
5164,177.213,2.326,2.352,pose,60.189,50.041,72.756,48.225,2.2312,6.8187,1.1063,1.2129,0.8733,1.2833
5165,177.248,2.333,2.333,pose,60.189,50.041,72.756,48.225,2.2434,6.8343,1.1133,1.2423,0.8412,1.2775
5166,177.282,2.39,2.333,pose,60.221,50.041,72.756,48.225,2.2502,6.8354,1.1109,1.1895,0.8381,1.2693
5167,177.316,2.409,2.333,pose,60.221,50.041,72.756,48.225,2.242,6.8255,1.1306,1.1916,0.8169,1.2263
5168,177.351,2.437,2.39,pose,60.221,50.041,72.756,48.225,2.2386,6.8213,1.1373,1.1734,0.8154,1.2031
5169,177.385,2.433,2.409,pose,60.221,50.041,72.756,48.225,2.2478,6.8356,1.1411,1.1942,0.8128,1.1914
5170,177.419,2.429,2.429,pose,60.221,50.041,72.756,48.225,2.2586,6.8594,1.1391,1.1944,0.8219,1.165
5171,177.454,2.407,2.429,pose,60.221,50.041,72.756,48.225,2.2726,6.8894,1.1342,1.2085,0.8358,1.1953
5172,177.488,2.342,2.429,pose,60.221,50.041,72.756,48.225,2.2807,6.8858,1.1276,1.2314,0.847,1.2421
5173,177.522,2.322,2.407,pose,60.262,50.041,72.756,48.225,2.2809,6.8518,1.1072,1.2176,0.8715,1.2591
5174,177.557,2.324,2.342,pose,60.262,50.041,72.756,48.225,2.2847,6.8263,1.0906,1.179,0.8763,1.2618
5175,177.591,2.325,2.325,pose,60.262,50.041,72.756,48.225,2.2923,6.8273,1.0721,1.1671,0.8754,1.2557
5176,177.625,2.345,2.325,pose,60.262,50.041,72.756,48.225,2.3057,6.8201,1.0323,1.2006,0.9021,1.2696
5177,177.66,2.372,2.325,pose,60.262,50.041,72.756,48.225,2.3162,6.8195,1.0312,1.179,0.8855,1.2581
5178,177.694,2.409,2.345,pose,60.295,50.041,72.756,48.225,2.3073,6.8294,1.0338,1.1736,0.8609,1.2035
5179,177.728,2.433,2.372,pose,60.295,50.041,72.756,48.225,2.302,6.8356,1.0675,1.1473,0.8337,1.1729
5180,177.763,2.432,2.409,pose,60.295,50.041,72.756,48.225,2.303,6.8412,1.1023,1.1436,0.7728,1.1716
5181,177.797,2.448,2.432,pose,60.295,50.041,72.756,48.225,2.3031,6.8532,1.1111,1.1567,0.7533,1.1784
5182,177.831,2.49,2.433,pose,60.295,50.041,72.756,48.225,2.3752,6.8945,0.3787,1.1703,-0.3675,1.2003
5183,177.865,2.973,2.448,bbox,60.295,50.041,72.756,48.225,2.4909,6.9158,,1.2284,,1.2137
5184,177.9,2.853,2.49,bbox,60.365,50.041,72.756,48.276,2.6396,6.9202,,1.2158,,1.229
5185,177.934,2.74,2.74,bbox,60.481,50.041,72.756,48.276,2.7994,6.9151,,1.225,,1.2724
5186,177.968,2.584,2.74,bbox,60.629,50.041,72.756,48.276,3.0694,6.9301,,1.2251,,1.2687
5187,178.003,2.349,2.74,pose,60.779,50.041,72.756,48.276,3.2194,6.955,0.2355,1.2217,0.6646,1.2353
5188,178.037,2.464,2.584,bbox,60.929,50.041,72.756,48.312,3.3406,6.9745,,1.2433,,1.2288
5189,178.071,2.458,2.464,bbox,61.079,50.041,72.756,48.312,3.3977,6.9776,,1.2474,,1.1952
5190,178.106,2.419,2.458,bbox,61.201,50.041,72.756,48.356,3.4523,6.9806,,1.1877,,1.1771
5191,178.14,2.401,2.419,bbox,61.258,50.041,72.756,48.356,3.5095,6.9953,,1.1731,,1.2034
5192,178.174,2.317,2.419,bbox,61.312,50.041,72.756,48.356,3.5966,7.0059,,1.1639,,1.2521
5193,178.209,2.246,2.401,bbox,61.369,50.041,72.756,48.356,3.6512,7.0021,,1.1776,,1.2826
5194,178.243,2.119,2.317,bbox,61.457,50.041,72.756,48.356,3.715,6.8998,,1.0716,,1.3536
5195,178.277,2.086,2.246,pose,61.511,50.041,72.756,48.356,3.7932,6.8943,0.2281,0.6882,0.2145,1.2532
5196,178.312,1.966,2.119,bbox,61.575,50.041,72.83,48.356,3.8777,6.8893,,0.4712,,1.241
5197,178.346,1.878,2.086,bbox,61.653,50.041,72.83,48.356,4.0146,6.8867,,0.3971,,1.1828
5198,178.38,2.212,2.086,pose,61.738,50.041,72.83,48.356,4.18,6.9704,0.1357,0.3847,0.5623,1.1985
5199,178.415,2.266,2.086,pose,61.875,50.041,72.83,48.356,4.3715,7.1005,0.4572,0.5807,0.8658,1.0765
5200,178.449,2.163,2.163,pose,62.025,50.041,72.83,48.427,4.4724,7.2456,0.0157,0.7136,0.9426,1.1469
5201,178.483,2.293,2.212,pose,62.175,50.041,72.83,48.557,4.5122,7.3115,0.0521,0.6794,0.994,1.1358
5202,178.518,2.143,2.212,pose,62.275,50.041,72.83,48.702,4.9138,7.348,0.1086,1.0045,0.9747,1.0557
5203,178.552,1.427,2.163,bbox,62.315,50.041,72.83,48.768,5.0238,7.3609,,1.0501,,0.9692
5204,178.586,1.377,2.143,bbox,62.465,50.041,72.83,48.805,5.0758,7.3658,,1.3746,,0.8058
5205,178.62,1.364,1.427,bbox,62.575,50.041,72.83,48.805,5.0603,7.3883,,1.4905,,0.978
5206,178.655,1.273,1.377,bbox,62.612,50.041,72.83,48.805,5.2499,7.396,,1.4255,,0.8353
5207,178.689,1.341,1.364,bbox,62.612,50.041,72.83,48.845,5.1527,7.4528,,0.766,,0.8613
5208,178.723,1.191,1.341,bbox,62.704,50.041,72.83,48.845,5.4045,7.4662,,0.9311,,0.1905
5209,178.758,1.236,1.273,bbox,62.801,50.041,72.83,48.909,5.4833,7.6158,,1.415,,0.5072
5210,178.792,1.22,1.236,bbox,62.951,50.041,72.83,48.909,5.6191,7.6264,,1.2917,,-0.0161
5211,178.826,0.997,1.22,pose,63.03,50.041,72.83,49.072,5.8249,7.6403,0.6489,1.1591,0.7427,1.1371
5212,178.861,1.044,1.191,bbox,63.166,50.041,72.83,49.072,6.0043,7.7396,,1.0307,,1.2664
5213,178.895,1.056,1.056,bbox,63.316,50.041,72.83,49.072,6.0807,7.8094,,0.7826,,1.1943
5214,178.929,0.908,1.044,bbox,63.466,50.041,72.83,49.196,6.2721,7.8069,,0.8369,,1.2328
5215,178.964,0.778,0.997,pose,63.542,50.041,72.83,49.264,6.3519,7.901,0.9214,0.7366,0.884,1.25
5216,178.998,0.88,0.908,bbox,63.692,50.041,72.83,49.264,6.4152,7.9087,,0.2318,,1.3013
5217,179.032,0.851,0.88,bbox,63.772,50.041,72.83,49.358,6.4949,7.9066,,0.5012,,1.3238
5218,179.067,0.811,0.851,bbox,63.835,50.041,72.83,49.358,6.5484,7.9173,,0.4726,,1.3432
5219,179.101,0.664,0.811,pose,63.915,50.041,72.83,49.358,6.5933,7.9505,0.5212,0.3632,1.0803,1.3653
5220,179.135,0.648,0.811,pose,63.969,50.041,72.83,49.358,6.6385,7.9665,0.2612,0.28,1.158,1.3769
5221,179.17,0.716,0.716,bbox,64.013,50.041,72.83,49.358,6.6475,7.9074,,0.1925,,1.3201
5222,179.204,0.71,0.71,bbox,64.059,50.041,72.83,49.358,6.6663,7.9209,,0.1896,,1.3345
5223,179.238,0.605,0.664,pose,64.059,50.041,72.83,49.358,6.7146,7.8925,0.0742,0.2127,1.1128,1.3386
5224,179.272,0.618,0.648,pose,64.059,50.041,72.83,49.358,6.7466,7.8959,0.0239,0.1503,1.0587,1.389
5225,179.307,0.603,0.618,pose,64.135,50.041,72.83,49.358,6.7682,7.9116,0.0334,0.1901,0.9943,1.368
5226,179.341,0.602,0.605,pose,64.167,50.041,72.83,49.358,6.7771,7.9334,0.1274,0.1605,1.0867,1.3587
5227,179.375,0.543,0.603,pose,64.167,50.041,72.83,49.358,6.7817,7.9507,0.2364,0.1795,1.1404,1.353
5228,179.41,0.515,0.602,pose,64.197,50.041,72.83,49.39,6.7843,7.9865,0.2867,0.1171,1.1647,1.3698
5229,179.444,0.514,0.543,pose,64.197,50.041,72.83,49.39,6.776,8.025,0.2887,0.1559,1.1679,1.3764
5230,179.478,0.519,0.519,pose,64.197,50.041,72.83,49.443,6.7515,8.0445,0.2634,0.1574,1.1839,1.3776
5231,179.513,0.512,0.515,pose,64.197,50.041,72.83,49.482,6.7079,8.0445,0.3157,0.1867,1.1605,1.3412
5232,179.547,0.504,0.514,pose,64.197,50.041,72.83,49.482,6.6634,8.0503,0.2957,0.203,1.208,1.3992
5233,179.581,0.499,0.512,pose,64.197,50.11,72.83,49.482,6.6452,8.0745,0.3713,0.2546,1.2381,1.3738
5234,179.616,0.526,0.512,pose,64.197,50.154,72.83,49.482,6.6114,8.1045,0.4419,0.331,1.2092,1.3478
5235,179.65,0.534,0.512,pose,64.197,50.154,72.83,49.531,6.6161,8.1467,0.5015,0.3168,1.2062,1.2511
5236,179.684,0.512,0.512,pose,64.197,50.194,72.83,49.531,6.6235,8.2374,0.5002,0.4053,1.1937,1.3979
5237,179.719,0.947,0.526,bbox,64.197,50.194,72.83,49.603,6.6588,8.3249,0.5034,,1.1701,
5238,179.753,0.956,0.534,bbox,64.197,50.194,72.83,49.694,6.68,8.3622,0.5185,,1.1047,
5239,179.787,0.98,0.947,bbox,64.197,50.194,72.83,49.782,6.6518,8.3771,0.4632,,1.1135,
5240,179.822,1.022,0.956,bbox,64.197,50.194,72.83,49.819,6.585,8.3857,0.4229,,1.1423,
5241,179.856,0.713,0.956,pose,64.197,50.194,72.83,49.819,6.5427,8.4019,0.1512,0.5855,1.1356,1.4132
5242,179.89,,,,64.197,50.194,72.83,49.819,,,,,,
5243,179.925,,,,64.197,50.194,72.83,49.819,,,,,,
5244,179.959,,,,64.197,50.194,72.83,49.819,,,,,,
5245,179.993,1.101,0.98,bbox,64.197,50.233,72.83,49.819,5.3041,7.0017,,1.0878,,1.2492
