frame,time_s,distance_raw_m,distance_smooth_m,method,f1_advance_m,f1_retreat_m,f2_advance_m,f2_retreat_m
0,0.0,2.653,2.653,pose,0.0,0.0,0.0,0.0
1,0.02,3.245,2.949,bbox,0.073,0.0,0.037,0.0
2,0.04,3.259,3.245,bbox,0.145,0.0,0.037,0.0
3,0.06,2.766,3.005,pose,0.145,0.049,0.037,0.032
4,0.08,3.336,3.245,bbox,0.194,0.049,0.037,0.032
5,0.1,3.374,3.259,bbox,0.194,0.049,0.037,0.032
6,0.12,2.951,3.259,pose,0.194,0.049,0.037,0.032
7,0.14,3.495,3.336,bbox,0.194,0.049,0.037,0.032
8,0.16,3.457,3.374,bbox,0.194,0.049,0.037,0.032
9,0.18,3.099,3.374,pose,0.194,0.049,0.037,0.032
10,0.2,3.464,3.457,bbox,0.194,0.081,0.037,0.032
11,0.22,3.465,3.464,bbox,0.194,0.081,0.037,0.032
12,0.24,3.156,3.457,pose,0.194,0.081,0.037,0.032
13,0.26,3.494,3.464,bbox,0.194,0.118,0.037,0.032
14,0.28,3.511,3.465,bbox,0.194,0.118,0.037,0.032
15,0.3,3.156,3.465,pose,0.194,0.118,0.037,0.032
16,0.32,3.577,3.494,bbox,0.194,0.19,0.037,0.032
17,0.34,3.574,3.511,bbox,0.194,0.19,0.037,0.032
18,0.36,3.166,3.511,pose,0.194,0.225,0.037,0.032
19,0.38,3.635,3.574,bbox,0.194,0.261,0.037,0.032
20,0.4,3.654,3.577,bbox,0.194,0.308,0.037,0.032
21,0.42,3.012,3.574,pose,0.194,0.308,0.037,0.032
22,0.44,3.709,3.635,bbox,0.194,0.308,0.037,0.032
23,0.46,3.731,3.654,bbox,0.194,0.347,0.037,0.032
24,0.48,2.879,3.654,pose,0.194,0.347,0.037,0.032
25,0.5,3.731,3.709,bbox,0.194,0.347,0.072,0.032
26,0.52,3.733,3.731,bbox,0.194,0.347,0.072,0.032
27,0.54,2.806,3.731,pose,0.194,0.347,0.072,0.032
28,0.56,3.778,3.731,bbox,0.194,0.347,0.148,0.032
29,0.58,3.795,3.733,bbox,0.194,0.347,0.148,0.032
30,0.6,2.825,3.733,pose,0.194,0.347,0.148,0.032
31,0.62,3.786,3.778,bbox,0.194,0.347,0.184,0.032
32,0.64,2.077,3.778,bbox,0.194,0.347,0.184,0.032
33,0.66,2.874,2.874,pose,0.194,0.347,0.184,0.032
34,0.68,3.812,2.874,bbox,0.194,0.412,0.184,0.032
35,0.7,3.806,3.786,bbox,0.194,0.412,0.184,0.032
36,0.72,3.028,3.028,pose,0.194,0.452,0.184,0.032
37,0.74,3.658,3.658,bbox,0.194,0.485,0.184,0.032
38,0.76,3.592,3.658,bbox,0.194,0.485,0.229,0.032
39,0.78,3.225,3.592,pose,0.194,0.485,0.273,0.032
40,0.8,3.51,3.51,bbox,0.194,0.485,0.273,0.032
41,0.82,3.44,3.51,bbox,0.194,0.485,0.273,0.032
42,0.84,3.393,3.44,pose,0.194,0.485,0.273,0.032
43,0.86,3.371,3.393,bbox,0.194,0.485,0.359,0.032
44,0.88,2.152,3.393,bbox,0.194,0.485,0.423,0.032
45,0.9,2.106,3.371,pose,0.194,0.485,0.503,0.032
46,0.92,2.187,2.187,bbox,0.194,0.485,0.503,0.032
47,0.94,3.35,2.187,bbox,0.194,0.485,0.503,0.032
48,0.96,3.568,2.187,pose,0.194,0.485,0.503,0.032
49,0.98,2.205,2.205,bbox,0.194,0.485,0.503,0.032
50,1.0,2.198,2.205,bbox,0.194,0.485,0.503,0.032
51,1.02,1.909,2.205,pose,0.194,0.485,0.503,0.032
52,1.04,2.185,2.198,bbox,0.194,0.485,0.503,0.032
53,1.06,2.18,2.185,bbox,0.194,0.485,0.503,0.032
54,1.08,3.292,2.185,pose,0.194,0.485,0.503,0.032
55,1.1,3.2,2.185,bbox,0.194,0.485,0.503,0.032
56,1.12,3.165,3.165,bbox,0.194,0.485,0.503,0.032
57,1.14,2.896,3.165,pose,0.194,0.485,0.503,0.032
58,1.16,3.134,3.165,bbox,0.194,0.485,0.503,0.032
59,1.18,3.07,3.134,bbox,0.194,0.485,0.503,0.032
60,1.2,2.427,3.07,pose,0.194,0.485,0.503,0.032
61,1.22,3.04,3.04,bbox,0.226,0.485,0.534,0.032
62,1.24,2.977,3.04,bbox,0.226,0.485,0.534,0.032
63,1.26,2.073,2.977,pose,0.226,0.485,0.534,0.032
64,1.28,2.931,2.931,bbox,0.291,0.485,0.534,0.032
65,1.3,1.938,2.931,bbox,0.329,0.485,0.534,0.032
66,1.32,1.944,2.073,bbox,0.329,0.485,0.573,0.032
67,1.34,1.963,1.963,bbox,0.329,0.485,0.573,0.032
68,1.36,1.958,1.958,bbox,0.329,0.485,0.573,0.032
69,1.38,2.092,1.958,pose,0.329,0.485,0.573,0.032
70,1.4,3.072,1.963,bbox,0.329,0.485,0.573,0.032
71,1.42,3.063,2.092,bbox,0.329,0.485,0.573,0.032
72,1.44,2.081,2.092,pose,0.329,0.485,0.573,0.032
73,1.46,1.978,2.092,bbox,0.329,0.485,0.573,0.032
74,1.48,1.96,2.081,bbox,0.329,0.485,0.573,0.032
75,1.5,2.074,2.074,pose,0.329,0.485,0.573,0.032
76,1.52,1.955,1.978,bbox,0.329,0.518,0.573,0.032
77,1.54,1.963,1.963,bbox,0.329,0.518,0.573,0.032
78,1.56,1.993,1.963,bbox,0.329,0.518,0.573,0.032
79,1.58,,,,0.329,0.518,0.573,0.032
80,1.6,,,,0.329,0.518,0.573,0.032
81,1.62,,,,0.329,0.518,0.573,0.032
82,1.64,,,,0.329,0.518,0.573,0.032
83,1.66,2.127,1.993,bbox,0.329,0.629,0.573,0.032
84,1.68,2.138,1.993,bbox,0.329,0.661,0.573,0.032
85,1.7,3.29,2.127,bbox,0.329,0.661,0.573,0.032
86,1.72,3.331,2.138,bbox,0.329,0.661,0.573,0.032
87,1.74,2.18,2.18,bbox,0.329,0.661,0.573,0.032
88,1.76,2.188,2.188,bbox,0.329,0.661,0.573,0.032
89,1.78,2.181,2.188,bbox,0.329,0.661,0.573,0.032
90,1.8,2.173,2.181,bbox,0.329,0.661,0.573,0.032
91,1.82,2.147,2.18,bbox,0.329,0.661,0.573,0.032
92,1.84,3.3,2.181,bbox,0.329,0.661,0.573,0.032
93,1.86,2.414,2.181,pose,0.329,0.661,0.573,0.032
94,1.88,3.304,2.414,bbox,0.329,0.661,0.573,0.032
95,1.9,3.259,3.259,bbox,0.329,0.661,0.573,0.032
96,1.92,1.63,3.259,pose,0.329,0.661,0.573,0.032
97,1.94,3.148,3.148,bbox,0.329,0.661,0.573,0.032
98,1.96,2.047,3.148,bbox,0.329,0.661,0.615,0.032
99,1.98,1.613,2.047,pose,0.329,0.661,0.615,0.032
100,2.0,1.974,1.974,bbox,0.386,0.661,0.615,0.032
101,2.02,1.95,1.974,bbox,0.418,0.661,0.615,0.032
102,2.04,2.399,1.974,pose,0.418,0.661,0.615,0.032
103,2.06,2.838,1.974,bbox,0.465,0.661,0.615,0.032
104,2.08,2.841,2.399,bbox,0.465,0.661,0.615,0.032
105,2.1,2.392,2.399,pose,0.465,0.661,0.615,0.032
106,2.12,1.834,2.399,bbox,0.511,0.661,0.615,0.032
107,2.14,1.841,2.392,bbox,0.511,0.661,0.615,0.032
108,2.16,1.841,1.841,bbox,0.511,0.661,0.615,0.032
109,2.18,1.826,1.841,bbox,0.511,0.661,0.615,0.032
110,2.2,1.866,1.841,bbox,0.511,0.661,0.615,0.032
111,2.22,1.934,1.841,pose,0.511,0.661,0.615,0.032
112,2.24,2.776,1.866,bbox,0.542,0.661,0.615,0.032
113,2.26,2.686,1.934,bbox,0.542,0.661,0.615,0.032
114,2.28,1.756,1.934,pose,0.542,0.661,0.615,0.081
115,2.3,2.619,2.619,bbox,0.601,0.661,0.615,0.081
116,2.32,2.286,2.619,bbox,0.601,0.661,0.659,0.081
117,2.34,1.561,2.286,pose,0.601,0.661,0.761,0.081
118,2.36,2.212,2.212,bbox,0.656,0.661,0.761,0.081
119,2.38,2.152,2.212,bbox,0.692,0.661,0.761,0.081
120,2.4,1.934,2.152,pose,0.692,0.661,0.761,0.081
121,2.42,2.152,2.152,bbox,0.73,0.661,0.803,0.081
122,2.44,2.476,2.152,bbox,0.73,0.661,0.803,0.081
123,2.46,1.691,2.152,pose,0.73,0.661,0.803,0.081
124,2.48,2.596,2.152,bbox,0.73,0.706,0.803,0.139
125,2.5,2.606,2.476,bbox,0.73,0.706,0.803,0.139
126,2.52,1.717,2.476,pose,0.73,0.706,0.803,0.139
127,2.54,2.646,2.596,bbox,0.73,0.739,0.803,0.201
128,2.56,2.513,2.596,bbox,0.73,0.739,0.864,0.201
129,2.58,2.654,2.606,bbox,0.73,0.739,0.864,0.262
130,2.6,2.699,2.646,bbox,0.73,0.739,0.864,0.311
131,2.62,2.735,2.654,bbox,0.73,0.739,0.864,0.311
132,2.64,1.831,2.654,pose,0.73,0.739,0.864,0.362
133,2.66,2.493,2.654,bbox,0.73,0.739,0.864,0.362
134,2.68,2.695,2.695,bbox,0.73,0.739,0.864,0.362
135,2.7,2.096,2.493,pose,0.73,0.739,0.864,0.454
136,2.72,2.975,2.493,bbox,0.73,0.782,0.864,0.559
137,2.74,3.037,2.695,bbox,0.73,0.782,0.864,0.623
138,2.76,2.469,2.695,pose,0.73,0.782,0.864,0.623
139,2.78,3.061,2.975,bbox,0.73,0.782,0.864,0.623
140,2.8,3.039,3.037,bbox,0.73,0.782,0.864,0.623
141,2.82,2.236,3.037,pose,0.73,0.782,0.864,0.623
142,2.84,3.134,3.039,bbox,0.73,0.782,0.864,0.623
143,2.86,3.162,3.061,bbox,0.73,0.782,0.864,0.623
144,2.88,2.404,3.039,pose,0.73,0.782,0.864,0.661
145,2.9,3.108,3.108,bbox,0.73,0.782,0.864,0.732
146,2.92,3.085,3.108,bbox,0.73,0.782,0.864,0.732
147,2.94,2.523,3.085,pose,0.73,0.782,0.864,0.732
148,2.96,3.006,3.006,bbox,0.73,0.782,0.864,0.772
149,2.98,2.974,3.006,bbox,0.73,0.782,0.864,0.772
150,3.0,2.592,2.974,pose,0.73,0.782,0.864,0.812
151,3.02,2.932,2.932,bbox,0.761,0.782,0.864,0.875
152,3.04,2.932,2.932,bbox,0.801,0.782,0.864,0.875
153,3.06,2.603,2.932,pose,0.801,0.782,0.864,0.875
154,3.08,2.997,2.932,bbox,0.859,0.782,0.864,0.952
155,3.1,3.016,2.932,bbox,0.859,0.782,0.864,0.984
156,3.12,2.571,2.932,pose,0.859,0.782,0.864,0.984
157,3.14,3.055,2.997,bbox,0.892,0.782,0.864,0.984
158,3.16,3.076,3.016,bbox,0.892,0.782,0.864,1.029
159,3.18,2.439,3.016,pose,0.892,0.782,0.864,1.029
160,3.2,3.109,3.055,bbox,0.892,0.782,0.864,1.029
161,3.22,3.15,3.076,bbox,0.892,0.782,0.864,1.061
162,3.24,2.357,3.076,pose,0.892,0.782,0.864,1.061
163,3.26,2.749,2.749,bbox,0.942,0.782,0.864,1.061
164,3.28,2.9,2.9,bbox,0.942,0.782,0.864,1.061
165,3.3,2.126,2.749,pose,0.942,0.782,0.864,1.061
166,3.32,3.083,2.749,bbox,0.978,0.782,0.864,1.061
167,3.34,3.149,2.9,bbox,0.978,0.782,0.864,1.061
168,3.36,2.275,2.9,pose,0.978,0.782,0.864,1.061
169,3.38,3.156,3.083,bbox,0.978,0.782,0.864,1.061
170,3.4,3.103,3.103,bbox,0.978,0.782,0.864,1.061
171,3.42,2.274,3.103,pose,0.978,0.782,0.864,1.061
172,3.44,3.061,3.061,bbox,0.978,0.782,0.864,1.061
173,3.46,3.054,3.061,bbox,0.978,0.782,0.864,1.061
174,3.48,2.271,3.054,pose,0.978,0.782,0.864,1.061
175,3.5,3.014,3.014,bbox,0.978,0.782,0.864,1.061
176,3.52,3.038,3.038,bbox,0.978,0.782,0.864,1.061
177,3.54,2.34,3.014,pose,0.978,0.782,0.864,1.093
178,3.56,3.048,3.014,bbox,0.978,0.782,0.864,1.093
179,3.58,3.072,3.038,bbox,0.978,0.782,0.864,1.093
180,3.6,2.408,3.038,pose,0.978,0.782,0.864,1.093
181,3.62,3.197,3.048,bbox,0.978,0.782,0.864,1.154
182,3.64,3.25,3.072,bbox,0.978,0.782,0.864,1.154
183,3.66,2.503,3.072,pose,0.978,0.782,0.864,1.154
184,3.68,3.243,3.197,bbox,0.978,0.782,0.864,1.154
185,3.7,3.214,3.214,bbox,0.978,0.782,0.864,1.154
186,3.72,2.469,3.214,pose,0.978,0.782,0.864,1.154
187,3.74,3.308,3.214,bbox,0.978,0.782,0.864,1.154
188,3.76,3.159,3.214,bbox,0.978,0.782,0.937,1.154
189,3.78,2.395,3.159,pose,0.978,0.782,0.937,1.197
190,3.8,3.132,3.132,bbox,0.978,0.782,0.937,1.197
191,3.82,3.083,3.132,bbox,0.978,0.782,1.033,1.197
192,3.84,2.234,3.083,pose,0.978,0.782,1.033,1.197
193,3.86,3.09,3.083,bbox,0.978,0.782,1.085,1.197
194,3.88,3.007,3.083,bbox,0.978,0.782,1.085,1.197
195,3.9,2.136,3.007,pose,0.978,0.782,1.085,1.197
196,3.92,2.972,2.972,bbox,0.978,0.782,1.085,1.197
197,3.94,2.873,2.972,bbox,0.978,0.782,1.129,1.197
198,3.96,2.102,2.873,pose,0.978,0.782,1.129,1.197
199,3.98,2.898,2.873,bbox,0.978,0.782,1.165,1.197
200,4.0,2.866,2.873,bbox,0.978,0.782,1.165,1.197
201,4.02,2.072,2.866,pose,0.978,0.782,1.165,1.197
202,4.04,2.909,2.866,bbox,1.018,0.782,1.165,1.197
203,4.06,2.837,2.866,bbox,1.018,0.782,1.165,1.197
204,4.08,2.106,2.837,pose,1.018,0.782,1.165,1.197
205,4.1,2.897,2.837,bbox,1.057,0.782,1.165,1.197
206,4.12,2.842,2.842,bbox,1.057,0.782,1.165,1.197
207,4.14,2.088,2.837,pose,1.057,0.782,1.165,1.197
208,4.16,2.831,2.831,bbox,1.057,0.782,1.165,1.197
209,4.18,2.831,2.831,bbox,1.057,0.782,1.165,1.197
210,4.2,2.062,2.831,pose,1.057,0.782,1.165,1.197
211,4.22,2.835,2.831,bbox,1.057,0.782,1.165,1.197
212,4.24,2.871,2.831,bbox,1.057,0.782,1.165,1.197
213,4.26,2.136,2.831,pose,1.057,0.782,1.165,1.23
214,4.28,3.03,2.835,bbox,1.057,0.84,1.165,1.312
215,4.3,3.07,2.871,bbox,1.057,0.84,1.165,1.312
216,4.32,2.377,2.871,pose,1.057,0.84,1.165,1.357
217,4.34,3.188,3.03,bbox,1.057,0.924,1.165,1.357
218,4.36,3.315,3.07,bbox,1.057,0.924,1.165,1.357
219,4.38,2.803,3.07,pose,1.057,0.98,1.165,1.357
220,4.4,3.489,3.188,bbox,1.057,1.026,1.165,1.357
221,4.42,3.6,3.315,bbox,1.057,1.061,1.165,1.357
222,4.44,2.851,3.315,pose,1.057,1.094,1.165,1.416
223,4.46,3.756,3.489,bbox,1.057,1.094,1.165,1.416
224,4.48,3.793,3.6,bbox,1.057,1.149,1.165,1.416
225,4.5,2.896,3.6,pose,1.057,1.149,1.165,1.416
226,4.52,3.827,3.756,bbox,1.057,1.185,1.165,1.416
227,4.54,3.822,3.793,bbox,1.057,1.22,1.165,1.416
228,4.56,2.839,3.793,pose,1.057,1.22,1.165,1.416
229,4.58,3.716,3.716,bbox,1.057,1.22,1.165,1.416
230,4.6,3.702,3.716,bbox,1.057,1.22,1.165,1.416
231,4.62,2.791,3.702,pose,1.057,1.22,1.213,1.416
232,4.64,3.636,3.636,bbox,1.057,1.22,1.213,1.416
233,4.66,3.587,3.636,bbox,1.057,1.22,1.213,1.416
234,4.68,2.709,3.587,pose,1.057,1.22,1.213,1.416
235,4.7,3.532,3.532,bbox,1.057,1.254,1.213,1.416
236,4.72,3.515,3.532,bbox,1.057,1.254,1.213,1.416
237,4.74,2.761,3.515,pose,1.057,1.292,1.253,1.416
238,4.76,3.517,3.515,bbox,1.057,1.362,1.295,1.416
239,4.78,3.528,3.517,bbox,1.057,1.362,1.295,1.416
240,4.8,2.977,3.515,pose,1.057,1.362,1.295,1.416
241,4.82,3.502,3.502,bbox,1.057,1.362,1.346,1.416
242,4.84,3.254,3.502,bbox,1.057,1.362,1.346,1.416
243,4.86,3.27,3.27,pose,1.057,1.362,1.346,1.416
244,4.88,3.584,3.27,bbox,1.057,1.362,1.346,1.416
245,4.9,3.594,3.502,bbox,1.057,1.362,1.346,1.416
246,4.92,3.365,3.365,pose,1.057,1.362,1.346,1.416
247,4.94,3.534,3.534,bbox,1.057,1.362,1.346,1.416
248,4.96,3.485,3.534,bbox,1.057,1.362,1.346,1.416
249,4.98,3.246,3.485,pose,1.057,1.362,1.346,1.416
250,5.0,3.418,3.418,bbox,1.057,1.362,1.346,1.416
251,5.02,3.38,3.418,bbox,1.057,1.362,1.346,1.416
252,5.04,3.125,3.38,pose,1.057,1.362,1.392,1.416
253,5.06,3.359,3.359,bbox,1.057,1.362,1.392,1.416
254,5.08,3.274,3.359,bbox,1.057,1.362,1.392,1.416
255,5.1,2.86,3.274,pose,1.057,1.362,1.392,1.416
256,5.12,3.151,3.151,bbox,1.057,1.362,1.392,1.416
257,5.14,3.111,3.151,bbox,1.057,1.362,1.43,1.416
258,5.16,2.469,3.111,pose,1.057,1.362,1.464,1.416
259,5.18,3.015,3.015,bbox,1.057,1.362,1.581,1.416
260,5.2,2.982,3.015,bbox,1.057,1.362,1.581,1.416
261,5.22,2.14,2.982,pose,1.057,1.362,1.581,1.416
262,5.24,2.967,2.967,bbox,1.12,1.362,1.642,1.416
263,5.26,2.921,2.967,bbox,1.157,1.362,1.642,1.416
264,5.28,2.148,2.921,pose,1.157,1.362,1.642,1.416
265,5.3,2.926,2.921,bbox,1.194,1.362,1.642,1.416
266,5.32,2.938,2.926,bbox,1.194,1.362,1.69,1.416
267,5.34,2.173,2.921,pose,1.194,1.362,1.69,1.416
268,5.36,2.98,2.926,bbox,1.194,1.362,1.69,1.416
269,5.38,2.985,2.938,bbox,1.194,1.362,1.69,1.416
270,5.4,2.17,2.938,pose,1.194,1.362,1.69,1.416
271,5.42,2.98,2.98,bbox,1.194,1.362,1.69,1.416
272,5.44,2.981,2.98,bbox,1.194,1.362,1.69,1.416
273,5.46,2.152,2.98,pose,1.194,1.362,1.69,1.416
274,5.48,3.023,2.98,bbox,1.194,1.362,1.69,1.468
275,5.5,3.052,2.981,bbox,1.194,1.362,1.69,1.468
276,5.52,2.285,2.981,pose,1.194,1.362,1.69,1.468
277,5.54,3.116,3.023,bbox,1.194,1.397,1.69,1.521
278,5.56,3.154,3.052,bbox,1.194,1.397,1.69,1.521
279,5.58,2.526,3.052,pose,1.194,1.397,1.69,1.521
280,5.6,3.294,3.116,bbox,1.194,1.464,1.69,1.521
281,5.62,3.373,3.154,bbox,1.194,1.464,1.69,1.521
282,5.64,2.837,3.154,pose,1.194,1.495,1.69,1.567
283,5.66,3.633,3.294,bbox,1.194,1.495,1.69,1.634
284,5.68,3.675,3.373,bbox,1.194,1.495,1.69,1.681
285,5.7,2.906,3.373,pose,1.194,1.495,1.69,1.681
286,5.72,3.645,3.633,bbox,1.194,1.495,1.69,1.714
287,5.74,3.632,3.633,bbox,1.194,1.495,1.69,1.714
288,5.76,2.817,3.632,pose,1.194,1.495,1.69,1.714
289,5.78,3.595,3.595,bbox,1.194,1.495,1.69,1.714
290,5.8,3.549,3.595,bbox,1.194,1.495,1.69,1.714
291,5.82,2.687,3.549,pose,1.194,1.495,1.69,1.714
292,5.84,3.381,3.381,bbox,1.194,1.495,1.69,1.714
293,5.86,3.322,3.381,bbox,1.194,1.495,1.69,1.714
294,5.88,2.461,3.322,pose,1.194,1.495,1.736,1.714
295,5.9,3.22,3.22,bbox,1.194,1.495,1.736,1.714
296,5.92,3.16,3.22,bbox,1.194,1.495,1.775,1.714
297,5.94,2.349,3.16,pose,1.194,1.495,1.775,1.714
298,5.96,3.109,3.109,bbox,1.194,1.495,1.834,1.714
299,5.98,3.085,3.109,bbox,1.194,1.495,1.873,1.714
300,6.0,2.356,3.085,pose,1.194,1.495,1.873,1.714
301,6.02,3.064,3.064,bbox,1.194,1.495,1.905,1.714
302,6.04,3.052,3.064,bbox,1.225,1.495,1.905,1.714
303,6.06,2.37,3.052,pose,1.225,1.495,1.905,1.714
304,6.08,3.052,3.052,bbox,1.264,1.495,1.905,1.714
305,6.1,3.014,3.052,bbox,1.264,1.495,1.905,1.714
306,6.12,2.295,3.014,pose,1.264,1.495,1.905,1.714
307,6.14,2.994,2.994,bbox,1.264,1.495,1.905,1.714
308,6.16,2.983,2.994,bbox,1.264,1.495,1.905,1.714
309,6.18,2.113,2.983,pose,1.264,1.495,1.905,1.714
310,6.2,2.942,2.942,bbox,1.264,1.495,1.905,1.714
311,6.22,2.944,2.944,bbox,1.264,1.495,1.905,1.714
312,6.24,2.062,2.942,pose,1.264,1.495,1.905,1.714
313,6.26,2.983,2.942,bbox,1.316,1.495,1.905,1.769
314,6.28,3.014,2.944,bbox,1.316,1.495,1.905,1.769
315,6.3,2.187,2.944,pose,1.316,1.495,1.905,1.819
316,6.32,3.104,2.983,bbox,1.352,1.495,1.905,1.849
317,6.34,3.118,3.014,bbox,1.352,1.495,1.905,1.899
318,6.36,2.314,3.014,pose,1.352,1.495,1.905,1.899
319,6.38,3.173,3.104,bbox,1.352,1.495,1.905,1.899
320,6.4,3.173,3.118,bbox,1.352,1.495,1.905,1.899
321,6.42,2.366,3.118,pose,1.352,1.495,1.905,1.899
322,6.44,3.218,3.173,bbox,1.352,1.495,1.905,1.899
323,6.46,3.217,3.173,bbox,1.352,1.495,1.905,1.937
324,6.48,2.344,3.173,pose,1.352,1.495,1.905,1.937
325,6.5,3.202,3.202,bbox,1.352,1.495,1.905,1.937
326,6.52,3.172,3.202,bbox,1.352,1.495,1.905,1.937
327,6.54,2.314,3.172,pose,1.352,1.495,1.905,1.937
328,6.56,3.184,3.172,bbox,1.352,1.495,1.905,1.937
329,6.58,3.23,3.184,bbox,1.352,1.495,1.905,1.937
330,6.6,2.424,3.172,pose,1.352,1.495,1.905,1.937
331,6.62,3.262,3.184,bbox,1.352,1.537,1.905,2.001
332,6.64,3.304,3.23,bbox,1.352,1.537,1.905,2.001
333,6.66,2.751,3.23,pose,1.352,1.574,1.905,2.033
334,6.68,3.405,3.262,bbox,1.352,1.622,1.905,2.084
335,6.7,3.47,3.304,bbox,1.352,1.622,1.905,2.084
336,6.72,3.064,3.304,pose,1.352,1.622,1.905,2.084
337,6.74,3.577,3.405,bbox,1.352,1.654,1.905,2.124
338,6.76,3.64,3.47,bbox,1.352,1.654,1.905,2.124
339,6.78,3.33,3.47,pose,1.352,1.654,1.905,2.124
340,6.8,3.785,3.577,bbox,1.352,1.654,1.905,2.171
341,6.82,3.825,3.64,bbox,1.352,1.654,1.905,2.171
342,6.84,3.495,3.64,pose,1.352,1.654,1.905,2.171
343,6.86,3.881,3.785,bbox,1.352,1.654,1.905,2.202
344,6.88,3.908,3.825,bbox,1.352,1.654,1.905,2.202
345,6.9,3.591,3.825,pose,1.352,1.654,1.905,2.202
346,6.92,3.882,3.881,bbox,1.352,1.654,1.905,2.202
347,6.94,3.861,3.881,bbox,1.352,1.654,1.905,2.202
348,6.96,3.458,3.861,pose,1.352,1.654,1.905,2.202
349,6.98,3.821,3.821,bbox,1.352,1.654,1.905,2.202
350,7.0,3.8,3.821,bbox,1.352,1.654,1.905,2.202
351,7.02,3.369,3.8,pose,1.352,1.654,1.905,2.202
352,7.04,3.751,3.751,bbox,1.352,1.685,1.905,2.202
353,7.06,3.702,3.751,bbox,1.352,1.685,1.905,2.202
354,7.08,3.285,3.702,pose,1.352,1.685,1.905,2.202
355,7.1,3.641,3.641,bbox,1.352,1.685,1.905,2.202
356,7.12,3.66,3.66,bbox,1.352,1.685,1.905,2.202
357,7.14,3.303,3.641,pose,1.352,1.685,1.949,2.202
358,7.16,3.587,3.587,bbox,1.352,1.685,1.949,2.202
359,7.18,3.553,3.587,bbox,1.352,1.685,1.984,2.202
360,7.2,3.179,3.553,pose,1.352,1.685,1.984,2.202
361,7.22,3.565,3.553,bbox,1.352,1.685,2.059,2.202
362,7.24,3.573,3.565,bbox,1.352,1.685,2.109,2.202
363,7.26,3.108,3.553,pose,1.352,1.685,2.109,2.202
364,7.28,3.555,3.555,bbox,1.352,1.685,2.151,2.202
365,7.3,3.55,3.555,bbox,1.352,1.685,2.151,2.202
366,7.32,2.945,3.55,pose,1.352,1.685,2.151,2.202
367,7.34,3.54,3.54,bbox,1.352,1.685,2.183,2.202
368,7.36,3.513,3.54,bbox,1.352,1.685,2.183,2.202
369,7.38,2.712,3.513,pose,1.352,1.685,2.183,2.202
370,7.4,3.441,3.441,bbox,1.352,1.685,2.183,2.202
371,7.42,3.366,3.441,bbox,1.352,1.685,2.183,2.202
372,7.44,2.49,3.366,pose,1.352,1.685,2.183,2.202
373,7.46,3.165,3.165,bbox,1.392,1.685,2.183,2.202
374,7.48,3.101,3.165,bbox,1.439,1.685,2.227,2.202
375,7.5,2.368,3.101,pose,1.439,1.685,2.267,2.202
376,7.52,3.077,3.077,bbox,1.494,1.685,2.314,2.202
377,7.54,3.06,3.077,bbox,1.494,1.685,2.364,2.202
378,7.56,2.252,3.06,pose,1.494,1.685,2.364,2.202
379,7.58,3.046,3.046,bbox,1.494,1.685,2.364,2.202
380,7.6,3.022,3.046,bbox,1.494,1.685,2.397,2.202
381,7.62,2.221,3.022,pose,1.494,1.685,2.397,2.202
382,7.64,2.987,2.987,bbox,1.494,1.685,2.449,2.202
383,7.66,2.978,2.987,bbox,1.494,1.685,2.492,2.202
384,7.68,2.191,2.978,pose,1.494,1.685,2.492,2.202
385,7.7,2.965,2.965,bbox,1.494,1.685,2.536,2.202
386,7.72,2.965,2.965,bbox,1.494,1.685,2.536,2.202
387,7.74,2.179,2.965,pose,1.494,1.685,2.536,2.202
388,7.76,2.967,2.965,bbox,1.494,1.685,2.536,2.235
389,7.78,2.984,2.965,bbox,1.494,1.685,2.536,2.235
390,7.8,2.197,2.965,pose,1.494,1.685,2.536,2.235
391,7.82,3.022,2.967,bbox,1.494,1.724,2.536,2.235
392,7.84,3.092,2.984,bbox,1.494,1.724,2.536,2.235
393,7.86,2.355,2.984,pose,1.494,1.77,2.536,2.272
394,7.88,3.211,3.022,bbox,1.494,1.82,2.536,2.336
395,7.9,3.31,3.092,bbox,1.494,1.82,2.536,2.336
396,7.92,2.614,3.092,pose,1.494,1.82,2.536,2.399
397,7.94,3.478,3.211,bbox,1.494,1.855,2.536,2.451
398,7.96,3.561,3.31,bbox,1.494,1.855,2.536,2.493
399,7.98,2.844,3.31,pose,1.494,1.855,2.536,2.493
400,8.0,3.702,3.478,bbox,1.494,1.855,2.536,2.493
401,8.02,3.8,3.561,bbox,1.494,1.855,2.536,2.493
402,8.04,3.081,3.561,pose,1.494,1.855,2.536,2.493
403,8.06,3.755,3.702,bbox,1.494,1.855,2.536,2.493
404,8.08,3.698,3.702,bbox,1.494,1.855,2.536,2.493
405,8.1,3.041,3.698,pose,1.494,1.855,2.536,2.529
406,8.12,3.616,3.616,bbox,1.494,1.855,2.579,2.529
407,8.14,3.571,3.616,bbox,1.494,1.855,2.579,2.529
408,8.16,2.888,3.571,pose,1.494,1.855,2.579,2.529
409,8.18,3.488,3.488,bbox,1.494,1.855,2.579,2.529
410,8.2,3.461,3.488,bbox,1.494,1.855,2.579,2.529
411,8.22,2.847,3.461,pose,1.494,1.855,2.579,2.529
412,8.24,3.47,3.461,bbox,1.494,1.909,2.579,2.529
413,8.26,3.435,3.461,bbox,1.494,1.909,2.579,2.529
414,8.28,2.879,3.435,pose,1.494,1.909,2.579,2.529
415,8.3,3.35,3.35,bbox,1.494,1.909,2.579,2.529
416,8.32,3.322,3.35,bbox,1.494,1.909,2.609,2.529
417,8.34,2.859,3.322,pose,1.494,1.909,2.609,2.529
418,8.36,3.313,3.313,bbox,1.494,1.909,2.696,2.529
419,8.38,3.337,3.322,bbox,1.494,1.909,2.728,2.529
420,8.4,2.838,3.313,pose,1.494,1.909,2.728,2.529
421,8.42,3.37,3.313,bbox,1.494,1.909,2.763,2.529
422,8.44,3.374,3.337,bbox,1.494,1.909,2.763,2.529
423,8.46,3.334,3.337,bbox,1.494,1.909,2.763,2.529
424,8.48,3.334,3.334,bbox,1.494,1.909,2.763,2.529
425,8.5,3.314,3.334,bbox,1.494,1.909,2.763,2.529
426,8.52,2.613,3.334,pose,1.494,1.909,2.763,2.529
427,8.54,3.241,3.314,bbox,1.494,1.909,2.763,2.529
428,8.56,3.175,3.241,bbox,1.494,1.909,2.763,2.529
429,8.58,2.376,3.175,pose,1.494,1.909,2.763,2.529
430,8.6,3.022,3.022,bbox,1.494,1.909,2.763,2.529
431,8.62,2.978,3.022,bbox,1.494,1.909,2.763,2.529
432,8.64,2.266,2.978,pose,1.494,1.909,2.763,2.529
433,8.66,2.876,2.876,bbox,1.557,1.909,2.837,2.529
434,8.68,2.819,2.876,bbox,1.557,1.909,2.873,2.529
435,8.7,2.217,2.819,pose,1.557,1.909,2.873,2.529
436,8.72,2.793,2.793,bbox,1.557,1.909,2.983,2.529
437,8.74,2.783,2.793,bbox,1.557,1.909,3.016,2.529
438,8.76,2.424,2.783,pose,1.557,1.909,3.016,2.529
439,8.78,2.796,2.783,bbox,1.557,1.909,3.016,2.529
440,8.8,2.759,2.783,bbox,1.557,1.909,3.016,2.529
441,8.82,2.042,2.759,pose,1.557,1.909,3.016,2.529
442,8.84,2.801,2.759,bbox,1.557,1.909,3.016,2.56
443,8.86,2.819,2.796,bbox,1.557,1.909,3.016,2.56
444,8.88,3.828,2.801,pose,1.557,1.909,3.016,2.56
445,8.9,2.927,2.819,bbox,1.557,1.955,3.016,2.56
446,8.92,2.745,2.819,bbox,1.557,1.955,3.046,2.56
447,8.94,2.011,2.819,pose,1.557,1.955,3.046,2.56
448,8.96,2.838,2.838,bbox,1.557,2.032,3.046,2.56
449,8.98,2.881,2.838,bbox,1.557,2.032,3.046,2.56
450,9.0,3.103,2.838,bbox,1.557,2.062,3.046,2.56
451,9.02,2.961,2.881,bbox,1.557,2.112,3.046,2.56
452,9.04,2.986,2.961,bbox,1.557,2.112,3.046,2.56
453,9.06,3.132,2.986,bbox,1.557,2.112,3.046,2.56
454,9.08,3.146,3.103,bbox,1.557,2.164,3.046,2.693
455,9.1,3.149,3.132,bbox,1.557,2.164,3.046,2.693
456,9.12,2.195,3.132,pose,1.557,2.164,3.046,2.693
457,9.14,3.199,3.146,bbox,1.557,2.212,3.046,2.693
458,9.16,3.221,3.149,bbox,1.557,2.212,3.046,2.74
459,9.18,3.258,3.199,bbox,1.557,2.212,3.046,2.74
460,9.2,3.284,3.221,bbox,1.557,2.212,3.046,2.784
461,9.22,3.293,3.258,bbox,1.557,2.212,3.046,2.784
462,9.24,3.282,3.282,bbox,1.557,2.212,3.046,2.784
463,9.26,3.254,3.282,bbox,1.557,2.212,3.046,2.784
464,9.28,3.251,3.282,bbox,1.557,2.212,3.046,2.784
465,9.3,3.273,3.273,bbox,1.557,2.212,3.046,2.784
466,9.32,3.313,3.273,bbox,1.557,2.255,3.046,2.784
467,9.34,3.339,3.273,bbox,1.557,2.255,3.046,2.784
468,9.36,3.088,3.273,pose,1.557,2.255,3.046,2.784
469,9.38,3.47,3.313,bbox,1.557,2.255,3.046,2.784
470,9.4,3.49,3.339,bbox,1.557,2.255,3.046,2.83
471,9.42,3.248,3.339,pose,1.557,2.255,3.046,2.83
472,9.44,3.544,3.47,bbox,1.557,2.255,3.046,2.83
473,9.46,3.528,3.49,bbox,1.557,2.255,3.046,2.866
474,9.48,3.251,3.49,pose,1.557,2.255,3.046,2.866
475,9.5,3.473,3.473,bbox,1.557,2.255,3.046,2.866
476,9.52,3.454,3.473,bbox,1.557,2.255,3.046,2.866
477,9.54,3.11,3.454,pose,1.557,2.255,3.046,2.866
478,9.56,3.419,3.419,bbox,1.557,2.255,3.046,2.866
479,9.58,3.364,3.419,bbox,1.557,2.255,3.046,2.866
480,9.6,2.823,3.364,pose,1.557,2.255,3.046,2.866
481,9.62,3.236,3.236,bbox,1.557,2.255,3.046,2.866
482,9.64,3.205,3.236,bbox,1.557,2.255,3.082,2.866
483,9.66,2.499,3.205,pose,1.557,2.255,3.082,2.866
484,9.68,3.137,3.137,bbox,1.557,2.255,3.14,2.866
485,9.7,3.097,3.137,bbox,1.557,2.255,3.14,2.866
486,9.72,2.218,3.097,pose,1.557,2.255,3.14,2.866
487,9.74,3.067,3.067,bbox,1.557,2.255,3.173,2.866
488,9.76,3.06,3.067,bbox,1.557,2.255,3.173,2.866
489,9.78,2.219,3.06,pose,1.557,2.255,3.173,2.866
490,9.8,3.111,3.06,bbox,1.62,2.255,3.173,2.866
491,9.82,3.122,3.067,bbox,1.62,2.255,3.173,2.866
492,9.84,2.532,3.06,pose,1.62,2.255,3.173,2.866
493,9.86,1.987,2.532,bbox,1.651,2.255,3.173,2.866
494,9.88,1.983,2.532,bbox,1.651,2.255,3.173,2.866
495,9.9,1.656,1.987,pose,1.651,2.255,3.173,2.866
496,9.92,2.0,1.987,bbox,1.695,2.255,3.173,2.866
497,9.94,2.002,1.987,bbox,1.695,2.255,3.173,2.866
498,9.96,1.659,1.983,pose,1.695,2.255,3.173,2.866
499,9.98,1.981,1.981,bbox,1.695,2.289,3.173,2.866
500,10.0,1.971,1.981,bbox,1.695,2.289,3.173,2.866
501,10.02,1.632,1.971,pose,1.695,2.289,3.173,2.866
502,10.04,1.997,1.971,bbox,1.695,2.334,3.173,2.866
503,10.06,1.999,1.981,bbox,1.695,2.334,3.173,2.866
504,10.08,1.632,1.971,pose,1.695,2.334,3.173,2.866
505,10.1,2.062,1.997,bbox,1.695,2.372,3.173,2.866
506,10.12,2.1,1.999,bbox,1.695,2.372,3.173,2.866
507,10.14,2.126,2.062,bbox,1.695,2.372,3.173,2.866
508,10.16,2.146,2.1,bbox,1.695,2.41,3.173,2.866
509,10.18,2.169,2.126,bbox,1.695,2.41,3.173,2.866
510,10.2,1.718,2.126,pose,1.695,2.41,3.173,2.866
511,10.22,2.21,2.146,bbox,1.695,2.41,3.173,2.866
512,10.24,3.064,2.169,bbox,1.695,2.41,3.173,2.866
513,10.26,2.298,2.21,pose,1.695,2.41,3.173,2.866
514,10.28,2.214,2.214,bbox,1.695,2.41,3.173,2.866
515,10.3,2.212,2.214,bbox,1.695,2.41,3.173,2.866
516,10.32,1.73,2.214,pose,1.695,2.41,3.173,2.866
517,10.34,2.195,2.212,bbox,1.695,2.41,3.173,2.866
518,10.36,2.181,2.195,bbox,1.695,2.41,3.173,2.866
519,10.38,2.959,2.195,bbox,1.695,2.41,3.173,2.866
520,10.4,2.108,2.181,bbox,1.695,2.41,3.173,2.866
521,10.42,2.811,2.195,bbox,1.695,2.41,3.173,2.866
522,10.44,2.836,2.811,pose,1.695,2.41,3.173,2.866
523,10.46,2.764,2.811,bbox,1.738,2.41,3.173,2.866
524,10.48,2.733,2.764,bbox,1.738,2.41,3.173,2.866
525,10.5,2.087,2.764,pose,1.738,2.41,3.173,2.866
526,10.52,2.666,2.733,bbox,1.738,2.41,3.173,2.866
527,10.54,2.648,2.666,bbox,1.738,2.41,3.173,2.866
528,10.56,2.019,2.648,pose,1.738,2.41,3.173,2.866
529,10.58,2.632,2.632,bbox,1.79,2.41,3.173,2.954
530,10.6,2.593,2.632,bbox,1.79,2.41,3.173,2.954
531,10.62,3.731,2.632,pose,1.79,2.41,3.173,2.954
532,10.64,2.211,2.593,bbox,1.842,2.41,3.173,2.954
533,10.66,1.918,2.593,bbox,1.842,2.41,3.173,2.954
534,10.68,,,,1.842,2.41,3.173,2.954
535,10.7,2.258,2.258,bbox,1.842,2.41,3.173,2.954
536,10.72,2.263,2.258,bbox,1.842,2.41,3.173,2.954
537,10.74,3.542,2.258,pose,1.842,2.41,3.173,2.954
538,10.76,2.49,2.263,bbox,1.842,2.41,3.173,2.954
539,10.78,2.48,2.48,bbox,1.842,2.41,3.173,2.954
540,10.8,2.118,2.48,pose,1.842,2.41,3.173,2.954
541,10.82,2.481,2.481,bbox,1.842,2.41,3.173,2.954
542,10.84,2.509,2.481,bbox,1.842,2.41,3.173,2.954
543,10.86,3.605,2.481,pose,1.842,2.41,3.173,2.954
544,10.88,2.505,2.505,bbox,1.879,2.41,3.173,2.954
545,10.9,2.505,2.505,bbox,1.879,2.41,3.173,2.954
546,10.92,1.832,2.505,pose,1.879,2.41,3.173,2.954
547,10.94,2.506,2.505,bbox,1.909,2.41,3.173,2.954
548,10.96,2.483,2.505,bbox,1.909,2.41,3.173,2.954
549,10.98,2.269,2.483,bbox,1.909,2.41,3.173,2.954
550,11.0,2.909,2.483,bbox,1.909,2.41,3.173,2.954
551,11.02,2.93,2.506,bbox,1.909,2.41,3.173,2.954
552,11.04,2.313,2.483,pose,1.946,2.41,3.173,3.074
553,11.06,2.878,2.878,bbox,1.946,2.41,3.173,3.107
554,11.08,2.816,2.878,bbox,1.978,2.41,3.173,3.107
555,11.1,2.456,2.816,pose,2.014,2.41,3.173,3.107
556,11.12,2.739,2.739,bbox,2.014,2.41,3.173,3.137
557,11.14,2.707,2.739,bbox,2.048,2.41,3.173,3.137
558,11.16,2.484,2.707,pose,2.048,2.41,3.173,3.137
559,11.18,2.579,2.579,bbox,2.088,2.41,3.173,3.137
560,11.2,2.551,2.579,bbox,2.125,2.41,3.173,3.137
561,11.22,2.459,2.551,pose,2.125,2.41,3.173,3.137
562,11.24,2.522,2.522,bbox,2.209,2.41,3.173,3.177
563,11.26,2.564,2.551,bbox,2.253,2.41,3.173,3.177
564,11.28,2.398,2.522,pose,2.253,2.41,3.173,3.222
565,11.3,2.613,2.522,bbox,2.33,2.41,3.173,3.291
566,11.32,2.707,2.564,bbox,2.33,2.41,3.173,3.291
567,11.34,2.262,2.564,pose,2.33,2.41,3.173,3.359
568,11.36,2.835,2.613,bbox,2.33,2.41,3.173,3.479
569,11.38,2.789,2.707,bbox,2.33,2.41,3.173,3.479
570,11.4,2.111,2.707,pose,2.33,2.41,3.173,3.479
571,11.42,2.905,2.789,bbox,2.367,2.41,3.173,3.541
572,11.44,2.88,2.835,bbox,2.405,2.41,3.173,3.541
573,11.46,2.046,2.789,pose,2.405,2.41,3.173,3.541
574,11.48,2.87,2.87,bbox,2.463,2.41,3.173,3.541
575,11.5,2.899,2.88,bbox,2.463,2.41,3.173,3.541
576,11.52,2.034,2.87,pose,2.463,2.41,3.173,3.541
577,11.54,2.912,2.87,bbox,2.496,2.41,3.173,3.541
578,11.56,2.949,2.899,bbox,2.496,2.41,3.173,3.541
579,11.58,2.134,2.899,pose,2.496,2.41,3.173,3.575
580,11.6,2.977,2.912,bbox,2.496,2.41,3.173,3.637
581,11.62,2.966,2.949,bbox,2.496,2.41,3.173,3.637
582,11.64,2.29,2.949,pose,2.496,2.41,3.173,3.637
583,11.66,3.01,2.966,bbox,2.496,2.41,3.173,3.684
584,11.68,3.036,2.977,bbox,2.496,2.41,3.173,3.684
585,11.7,2.403,2.966,pose,2.496,2.41,3.173,3.72
586,11.72,3.044,3.01,bbox,2.496,2.41,3.173,3.72
587,11.74,3.14,3.036,bbox,2.496,2.41,3.173,3.72
588,11.76,2.434,3.036,pose,2.496,2.41,3.173,3.805
589,11.78,3.264,3.044,bbox,2.496,2.445,3.173,3.805
590,11.8,3.333,3.14,bbox,2.496,2.445,3.173,3.852
591,11.82,2.708,3.14,pose,2.496,2.445,3.173,3.852
592,11.84,3.452,3.264,bbox,2.496,2.479,3.173,3.852
593,11.86,3.492,3.333,bbox,2.496,2.479,3.173,3.852
594,11.88,2.729,3.333,pose,2.496,2.511,3.173,3.9
595,11.9,3.586,3.452,bbox,2.496,2.558,3.173,3.9
596,11.92,3.601,3.492,bbox,2.496,2.558,3.173,3.9
597,11.94,3.156,3.492,pose,2.496,2.558,3.173,3.9
598,11.96,3.576,3.576,bbox,2.496,2.558,3.173,3.9
599,11.98,3.575,3.576,bbox,2.496,2.558,3.173,3.9
600,12.0,2.703,3.575,pose,2.496,2.558,3.173,3.9
601,12.02,3.541,3.541,bbox,2.496,2.558,3.173,3.9
602,12.04,3.518,3.541,bbox,2.496,2.558,3.173,3.9
603,12.06,2.72,3.518,pose,2.496,2.558,3.173,3.9
604,12.08,3.479,3.479,bbox,2.496,2.558,3.173,3.931
605,12.1,3.478,3.479,bbox,2.496,2.558,3.173,3.931
606,12.12,2.8,3.478,pose,2.496,2.558,3.173,3.931
607,12.14,3.467,3.467,bbox,2.496,2.558,3.173,3.931
608,12.16,3.462,3.467,bbox,2.496,2.558,3.173,3.931
609,12.18,2.897,3.462,pose,2.496,2.558,3.173,3.931
610,12.2,3.431,3.431,bbox,2.496,2.558,3.173,3.931
611,12.22,3.402,3.431,bbox,2.496,2.558,3.173,3.931
612,12.24,3.017,3.402,pose,2.496,2.558,3.173,3.931
613,12.26,3.369,3.369,bbox,2.496,2.558,3.173,3.931
614,12.28,3.337,3.369,bbox,2.496,2.558,3.173,3.931
615,12.3,3.044,3.337,pose,2.496,2.558,3.173,3.931
616,12.32,3.289,3.289,bbox,2.541,2.558,3.173,3.931
617,12.34,3.266,3.289,bbox,2.541,2.558,3.173,3.931
618,12.36,2.951,3.266,pose,2.541,2.558,3.173,3.931
619,12.38,3.193,3.193,bbox,2.583,2.558,3.173,3.931
620,12.4,3.179,3.193,bbox,2.583,2.558,3.173,3.931
621,12.42,2.754,3.179,pose,2.583,2.558,3.173,3.931
622,12.44,3.128,3.128,bbox,2.583,2.558,3.173,3.931
623,12.46,3.11,3.128,bbox,2.583,2.558,3.173,3.931
624,12.48,2.467,3.11,pose,2.583,2.558,3.173,3.931
625,12.5,3.041,3.041,bbox,2.583,2.558,3.206,3.931
626,12.52,3.004,3.041,bbox,2.583,2.558,3.206,3.931
627,12.54,2.203,3.004,pose,2.583,2.558,3.206,3.931
628,12.56,3.019,3.004,bbox,2.631,2.558,3.242,3.931
629,12.58,2.973,3.004,bbox,2.662,2.558,3.275,3.931
630,12.6,2.154,2.973,pose,2.662,2.558,3.275,3.931
631,12.62,2.98,2.973,bbox,2.662,2.558,3.275,3.931
632,12.64,2.999,2.98,bbox,2.662,2.558,3.334,3.931
633,12.66,2.196,2.973,pose,2.662,2.558,3.334,3.931
634,12.68,3.021,2.98,bbox,2.694,2.558,3.334,3.931
635,12.7,3.031,2.999,bbox,2.694,2.558,3.334,3.931
636,12.72,2.182,2.999,pose,2.694,2.558,3.334,3.931
637,12.74,2.972,2.972,bbox,2.694,2.558,3.334,3.931
638,12.76,2.93,2.972,bbox,2.694,2.558,3.334,3.931
639,12.78,2.149,2.93,pose,2.694,2.558,3.334,3.931
640,12.8,2.949,2.93,bbox,2.694,2.558,3.334,3.931
641,12.82,2.984,2.949,bbox,2.694,2.558,3.334,3.931
642,12.84,2.159,2.93,pose,2.694,2.558,3.334,3.965
643,12.86,3.022,2.949,bbox,2.694,2.588,3.334,4.008
644,12.88,3.063,2.984,bbox,2.694,2.588,3.334,4.008
645,12.9,3.113,3.022,bbox,2.694,2.588,3.334,4.008
646,12.92,3.143,3.063,bbox,2.694,2.588,3.334,4.008
647,12.94,3.541,3.113,bbox,2.694,2.588,3.334,4.008
648,12.96,2.566,3.113,pose,2.694,2.588,3.334,4.008
649,12.98,3.365,3.143,bbox,2.694,2.637,3.334,4.008
650,13.0,3.375,3.365,bbox,2.694,2.637,3.334,4.008
651,13.02,2.876,3.365,pose,2.694,2.637,3.334,4.008
652,13.04,3.448,3.365,bbox,2.694,2.637,3.334,4.008
653,13.06,3.448,3.375,bbox,2.694,2.637,3.334,4.008
654,13.08,2.463,3.375,pose,2.694,2.637,3.334,4.008
655,13.1,3.437,3.437,bbox,2.694,2.637,3.334,4.008
656,13.12,3.391,3.437,bbox,2.694,2.637,3.334,4.008
657,13.14,2.402,3.391,pose,2.694,2.637,3.334,4.008
658,13.16,3.274,3.274,bbox,2.694,2.637,3.334,4.008
659,13.18,3.225,3.274,bbox,2.694,2.637,3.334,4.008
660,13.2,2.335,3.225,pose,2.694,2.637,3.334,4.008
661,13.22,3.085,3.085,bbox,2.694,2.637,3.383,4.008
662,13.24,3.348,3.225,bbox,2.694,2.637,3.383,4.008
663,13.26,2.268,3.085,pose,2.694,2.637,3.383,4.008
664,13.28,2.886,2.886,bbox,2.694,2.637,3.455,4.008
665,13.3,2.856,2.886,bbox,2.724,2.637,3.455,4.008
666,13.32,2.259,2.856,pose,2.724,2.637,3.455,4.008
667,13.34,2.837,2.837,bbox,2.724,2.637,3.509,4.008
668,13.36,2.832,2.837,bbox,2.724,2.637,3.509,4.008
669,13.38,2.281,2.832,pose,2.724,2.637,3.509,4.008
670,13.4,2.864,2.832,bbox,2.724,2.637,3.509,4.008
671,13.42,2.866,2.837,bbox,2.724,2.637,3.509,4.008
672,13.44,2.328,2.832,pose,2.724,2.637,3.509,4.008
673,13.46,2.916,2.864,bbox,2.724,2.637,3.509,4.008
674,13.48,2.926,2.866,bbox,2.724,2.637,3.509,4.008
675,13.5,2.343,2.866,pose,2.724,2.637,3.509,4.008
676,13.52,2.902,2.902,bbox,2.724,2.637,3.509,4.008
677,13.54,2.91,2.91,bbox,2.724,2.637,3.509,4.008
678,13.56,2.292,2.902,pose,2.724,2.637,3.509,4.008
679,13.58,2.914,2.902,bbox,2.724,2.637,3.509,4.048
680,13.6,2.969,2.91,bbox,2.724,2.637,3.509,4.048
681,13.62,2.289,2.91,pose,2.724,2.637,3.509,4.098
682,13.64,3.051,2.914,bbox,2.724,2.678,3.509,4.155
683,13.66,3.098,2.969,bbox,2.724,2.678,3.509,4.155
684,13.68,2.407,2.969,pose,2.724,2.678,3.509,4.196
685,13.7,3.253,3.051,bbox,2.724,2.728,3.509,4.271
686,13.72,3.305,3.098,bbox,2.724,2.728,3.509,4.271
687,13.74,2.697,3.098,pose,2.724,2.759,3.509,4.271
688,13.76,3.456,3.253,bbox,2.724,2.815,3.509,4.318
689,13.78,3.517,3.305,bbox,2.724,2.815,3.509,4.318
690,13.8,3.118,3.305,pose,2.724,2.815,3.509,4.318
691,13.82,3.565,3.456,bbox,2.724,2.815,3.509,4.318
692,13.84,3.59,3.517,bbox,2.724,2.815,3.509,4.318
693,13.86,3.26,3.517,pose,2.724,2.815,3.509,4.318
694,13.88,3.505,3.505,bbox,2.724,2.815,3.509,4.318
695,13.9,3.548,3.548,bbox,2.724,2.815,3.509,4.318
696,13.92,3.591,3.548,pose,2.724,2.815,3.509,4.318
697,13.94,3.525,3.525,bbox,2.724,2.815,3.509,4.318
698,13.96,3.483,3.525,bbox,2.724,2.815,3.509,4.318
699,13.98,3.453,3.525,pose,2.724,2.815,3.509,4.318
700,14.0,3.451,3.483,bbox,2.724,2.815,3.509,4.318
701,14.02,3.411,3.453,bbox,2.724,2.815,3.509,4.318
702,14.04,2.569,3.451,pose,2.724,2.815,3.561,4.318
703,14.06,3.227,3.411,bbox,2.724,2.815,3.561,4.318
704,14.08,3.181,3.227,bbox,2.724,2.815,3.604,4.318
705,14.1,3.152,3.181,bbox,2.724,2.815,3.681,4.318
706,14.12,3.112,3.152,bbox,2.724,2.815,3.681,4.318
707,14.14,3.1,3.152,bbox,2.724,2.815,3.681,4.318
708,14.16,2.194,3.112,pose,2.724,2.815,3.681,4.318
709,14.18,3.113,3.112,bbox,2.782,2.815,3.681,4.318
710,14.2,3.135,3.112,bbox,2.782,2.815,3.681,4.318
711,14.22,2.224,3.1,pose,2.782,2.815,3.681,4.318
712,14.24,3.131,3.113,bbox,2.782,2.815,3.681,4.318
713,14.26,3.125,3.125,bbox,2.782,2.815,3.681,4.318
714,14.28,2.201,3.125,pose,2.782,2.815,3.681,4.318
715,14.3,3.077,3.077,bbox,2.782,2.815,3.681,4.318
716,14.32,3.071,3.077,bbox,2.782,2.815,3.681,4.318
717,14.34,2.2,3.071,pose,2.782,2.815,3.681,4.318
718,14.36,3.076,3.071,bbox,2.782,2.815,3.681,4.318
719,14.38,3.08,3.076,bbox,2.782,2.815,3.681,4.318
720,14.4,2.22,3.071,pose,2.782,2.815,3.681,4.318
721,14.42,3.083,3.076,bbox,2.782,2.815,3.681,4.318
722,14.44,3.093,3.08,bbox,2.782,2.815,3.681,4.318
723,14.46,2.259,3.08,pose,2.782,2.815,3.681,4.318
724,14.48,3.113,3.083,bbox,2.782,2.815,3.681,4.318
725,14.5,3.129,3.093,bbox,2.782,2.815,3.681,4.318
726,14.52,3.164,3.113,bbox,2.782,2.815,3.681,4.318
727,14.54,3.186,3.129,bbox,2.782,2.815,3.681,4.318
728,14.56,3.182,3.164,bbox,2.782,2.815,3.681,4.318
729,14.58,2.28,3.164,pose,2.782,2.815,3.681,4.318
730,14.6,3.182,3.182,bbox,2.782,2.815,3.681,4.318
731,14.62,3.16,3.182,bbox,2.782,2.815,3.681,4.318
732,14.64,2.218,3.16,pose,2.782,2.815,3.681,4.318
733,14.66,3.057,3.057,bbox,2.782,2.815,3.681,4.318
734,14.68,3.014,3.057,bbox,2.782,2.815,3.681,4.318
735,14.7,2.039,3.014,pose,2.782,2.815,3.718,4.318
736,14.72,2.941,2.941,bbox,2.782,2.815,3.718,4.318
737,14.74,2.967,2.967,bbox,2.782,2.815,3.718,4.318
738,14.76,2.032,2.941,pose,2.782,2.815,3.765,4.318
739,14.78,2.909,2.909,bbox,2.782,2.815,3.765,4.318
740,14.8,2.917,2.917,bbox,2.782,2.815,3.765,4.318
741,14.82,2.902,2.909,bbox,2.782,2.815,3.765,4.318
742,14.84,2.832,2.902,bbox,2.782,2.815,3.765,4.318
743,14.86,2.75,2.902,bbox,2.782,2.815,3.765,4.318
744,14.88,2.055,2.832,pose,2.782,2.815,3.765,4.318
745,14.9,2.9,2.832,bbox,2.782,2.815,3.765,4.318
746,14.92,2.552,2.75,bbox,2.782,2.815,3.765,4.318
747,14.94,2.031,2.552,pose,2.782,2.815,3.765,4.318
748,14.96,2.86,2.552,bbox,2.782,2.815,3.765,4.318
749,14.98,2.865,2.86,bbox,2.782,2.815,3.765,4.318
750,15.0,2.083,2.552,pose,2.782,2.815,3.765,4.318
751,15.02,2.933,2.86,bbox,2.782,2.815,3.765,4.377
752,15.04,2.978,2.865,bbox,2.782,2.815,3.765,4.377
753,15.06,2.238,2.865,pose,2.782,2.815,3.765,4.423
754,15.08,3.075,2.933,bbox,2.782,2.815,3.765,4.484
755,15.1,3.122,2.978,bbox,2.782,2.815,3.765,4.536
756,15.12,2.422,2.978,pose,2.782,2.815,3.765,4.536
757,15.14,3.107,3.075,bbox,2.782,2.815,3.765,4.584
758,15.16,3.074,3.075,bbox,2.782,2.815,3.765,4.584
759,15.18,2.39,3.074,pose,2.782,2.815,3.765,4.584
760,15.2,3.039,3.039,bbox,2.814,2.815,3.765,4.584
761,15.22,3.015,3.039,bbox,2.814,2.815,3.765,4.584
762,15.24,2.368,3.015,pose,2.814,2.815,3.765,4.584
763,15.26,2.926,2.926,bbox,2.846,2.815,3.765,4.584
764,15.28,3.55,3.015,bbox,2.846,2.815,3.765,4.584
765,15.3,3.479,3.015,pose,2.846,2.815,3.765,4.584
766,15.32,2.76,2.926,bbox,2.846,2.815,3.765,4.584
767,15.34,2.723,2.926,bbox,2.878,2.815,3.765,4.584
768,15.36,2.312,2.76,pose,2.878,2.846,3.765,4.584
769,15.38,2.728,2.728,bbox,3.027,2.846,3.765,4.638
770,15.4,2.731,2.728,bbox,3.027,2.846,3.765,4.638
771,15.42,2.322,2.723,pose,3.027,2.846,3.765,4.673
772,15.44,2.788,2.728,bbox,3.027,2.846,3.765,4.741
773,15.46,2.821,2.731,bbox,3.027,2.846,3.765,4.741
774,15.48,2.234,2.731,pose,3.027,2.846,3.765,4.741
775,15.5,2.738,2.738,bbox,3.027,2.846,3.765,4.741
776,15.52,2.737,2.738,bbox,3.027,2.846,3.765,4.741
777,15.54,2.106,2.737,pose,3.027,2.846,3.765,4.741
778,15.56,2.756,2.737,bbox,3.092,2.846,3.765,4.741
779,15.58,2.78,2.738,bbox,3.092,2.846,3.765,4.741
780,15.6,2.092,2.737,pose,3.092,2.846,3.765,4.741
781,15.62,2.833,2.756,bbox,3.14,2.846,3.765,4.772
782,15.64,2.844,2.78,bbox,3.14,2.846,3.765,4.772
783,15.66,2.148,2.78,pose,3.14,2.846,3.765,4.772
784,15.68,2.898,2.833,bbox,3.14,2.846,3.765,4.772
785,15.7,2.954,2.844,bbox,3.14,2.846,3.765,4.772
786,15.72,2.948,2.898,bbox,3.14,2.846,3.765,4.772
787,15.74,2.968,2.948,bbox,3.14,2.846,3.765,4.882
788,15.76,2.936,2.948,bbox,3.14,2.846,3.765,4.882
789,15.78,2.807,2.948,bbox,3.14,2.846,3.765,4.882
790,15.8,2.868,2.936,bbox,3.14,2.846,3.765,4.882
791,15.82,2.884,2.884,bbox,3.14,2.846,3.765,4.882
792,15.84,2.881,2.881,bbox,3.14,2.846,3.765,4.882
793,15.86,2.737,2.868,bbox,3.14,2.846,3.765,4.882
794,15.88,2.701,2.868,bbox,3.14,2.846,3.765,4.882
795,15.9,1.992,2.737,pose,3.14,2.846,3.765,4.882
796,15.92,2.918,2.737,bbox,3.14,2.846,3.765,4.882
797,15.94,2.844,2.737,bbox,3.14,2.846,3.844,4.882
798,15.96,2.028,2.701,pose,3.14,2.846,3.844,4.961
799,15.98,2.789,2.789,bbox,3.14,2.846,3.844,4.961
800,16.0,2.791,2.791,bbox,3.14,2.846,3.922,4.961
801,16.02,2.024,2.789,pose,3.14,2.846,3.922,4.961
802,16.04,2.773,2.773,bbox,3.14,2.846,3.922,5.011
803,16.06,2.779,2.779,bbox,3.14,2.846,3.922,5.011
804,16.08,2.755,2.773,bbox,3.174,2.846,3.922,5.011
805,16.1,2.762,2.762,bbox,3.174,2.846,3.922,5.011
806,16.12,2.87,2.773,bbox,3.174,2.846,3.922,5.011
807,16.14,2.25,2.762,pose,3.174,2.846,3.922,5.059
808,16.16,2.908,2.762,bbox,3.174,2.846,3.922,5.137
809,16.18,2.959,2.87,bbox,3.174,2.846,3.922,5.137
810,16.2,2.398,2.87,pose,3.174,2.846,3.922,5.181
811,16.22,3.11,2.908,bbox,3.174,2.89,3.922,5.181
812,16.24,3.168,2.959,bbox,3.174,2.89,3.922,5.181
813,16.26,2.623,2.959,pose,3.174,2.922,3.922,5.235
814,16.28,3.31,3.11,bbox,3.174,3.014,3.922,5.235
815,16.3,3.354,3.168,bbox,3.174,3.014,3.922,5.235
816,16.32,2.884,3.168,pose,3.174,3.014,3.922,5.235
817,16.34,3.432,3.31,bbox,3.174,3.072,3.922,5.235
818,16.36,3.439,3.354,bbox,3.174,3.072,3.922,5.235
819,16.38,3.425,3.425,bbox,3.174,3.072,3.922,5.235
820,16.4,3.426,3.426,bbox,3.174,3.072,3.922,5.235
821,16.42,3.415,3.426,bbox,3.174,3.072,3.922,5.235
822,16.44,3.038,3.425,pose,3.174,3.072,3.922,5.235
823,16.46,3.39,3.415,bbox,3.174,3.147,3.922,5.235
824,16.48,3.395,3.395,bbox,3.174,3.147,3.922,5.235
825,16.5,2.929,3.39,pose,3.174,3.198,3.922,5.235
826,16.52,3.427,3.39,bbox,3.174,3.262,3.977,5.235
827,16.54,3.389,3.39,bbox,3.174,3.294,4.014,5.235
828,16.56,3.071,3.389,pose,3.174,3.294,4.014,5.235
829,16.58,3.413,3.389,bbox,3.174,3.348,4.047,5.235
830,16.6,3.385,3.389,bbox,3.174,3.348,4.047,5.235
831,16.62,2.789,3.385,pose,3.174,3.381,4.047,5.235
832,16.64,3.28,3.28,bbox,3.174,3.381,4.047,5.235
833,16.66,3.27,3.28,bbox,3.174,3.381,4.107,5.235
834,16.68,2.721,3.27,pose,3.174,3.381,4.107,5.235
835,16.7,3.295,3.27,bbox,3.174,3.424,4.181,5.235
836,16.72,3.339,3.28,bbox,3.174,3.424,4.215,5.235
837,16.74,2.774,3.27,pose,3.174,3.424,4.215,5.235
838,16.76,3.328,3.295,bbox,3.174,3.424,4.29,5.235
839,16.78,3.337,3.328,bbox,3.174,3.424,4.29,5.235
840,16.8,2.714,3.328,pose,3.174,3.424,4.29,5.235
841,16.82,3.319,3.319,bbox,3.174,3.466,4.357,5.235
842,16.84,3.286,3.319,bbox,3.174,3.466,4.357,5.235
843,16.86,2.757,3.286,pose,3.174,3.466,4.357,5.235
844,16.88,3.305,3.286,bbox,3.174,3.466,4.414,5.235
845,16.9,3.272,3.286,bbox,3.174,3.466,4.414,5.235
846,16.92,2.405,3.272,pose,3.174,3.466,4.414,5.235
847,16.94,3.135,3.135,bbox,3.174,3.466,4.414,5.235
848,16.96,3.094,3.135,bbox,3.174,3.466,4.414,5.235
849,16.98,2.177,3.094,pose,3.174,3.466,4.476,5.235
850,17.0,2.948,2.948,bbox,3.174,3.466,4.476,5.235
851,17.02,2.925,2.948,bbox,3.174,3.466,4.511,5.235
852,17.04,2.225,2.925,pose,3.174,3.466,4.511,5.235
853,17.06,2.913,2.913,bbox,3.211,3.466,4.577,5.235
854,17.08,2.853,2.913,bbox,3.211,3.466,4.621,5.235
855,17.1,3.572,2.913,pose,3.211,3.466,4.621,5.235
856,17.12,2.773,2.853,bbox,3.211,3.466,4.621,5.235
857,17.14,2.787,2.853,bbox,3.242,3.466,4.699,5.235
858,17.16,2.789,2.789,bbox,3.242,3.466,4.699,5.235
859,17.18,2.782,2.787,bbox,3.242,3.466,4.699,5.235
860,17.2,2.74,2.782,bbox,3.242,3.466,4.699,5.235
861,17.22,1.871,2.782,pose,3.242,3.466,4.759,5.235
862,17.24,2.714,2.74,bbox,3.242,3.466,4.759,5.235
863,17.26,2.707,2.714,bbox,3.242,3.466,4.794,5.235
864,17.28,2.715,2.714,bbox,3.242,3.526,4.9,5.235
865,17.3,2.728,2.714,bbox,3.242,3.568,4.996,5.235
866,17.32,2.802,2.715,bbox,3.242,3.568,5.05,5.235
867,17.34,1.963,2.715,pose,3.242,3.609,5.05,5.235
868,17.36,2.811,2.728,bbox,3.242,3.652,5.085,5.235
869,17.38,2.848,2.802,bbox,3.242,3.652,5.085,5.235
870,17.4,1.842,2.802,pose,3.242,3.652,5.085,5.235
871,17.42,2.959,2.811,bbox,3.242,3.708,5.085,5.235
872,17.44,3.057,2.848,bbox,3.242,3.801,5.085,5.235
873,17.46,3.12,2.959,bbox,3.242,3.867,5.085,5.235
874,17.48,3.165,3.057,bbox,3.242,3.867,5.085,5.235
875,17.5,3.118,3.118,bbox,3.242,3.984,5.085,5.235
876,17.52,2.321,3.118,pose,3.242,3.984,5.085,5.235
877,17.54,3.251,3.12,bbox,3.242,3.984,5.085,5.235
878,17.56,3.245,3.165,bbox,3.242,4.071,5.085,5.235
879,17.58,2.404,3.118,pose,3.242,4.114,5.085,5.235
880,17.6,3.413,3.245,bbox,3.242,4.114,5.085,5.235
881,17.62,3.451,3.251,bbox,3.242,4.183,5.085,5.235
882,17.64,2.602,3.245,pose,3.242,4.252,5.085,5.235
883,17.66,3.548,3.413,bbox,3.242,4.252,5.085,5.304
884,17.68,3.557,3.451,bbox,3.242,4.287,5.085,5.304
885,17.7,2.773,3.451,pose,3.242,4.287,5.085,5.304
886,17.72,3.579,3.548,bbox,3.242,4.287,5.085,5.304
887,17.74,3.6,3.557,bbox,3.242,4.287,5.085,5.304
888,17.76,3.001,3.557,pose,3.242,4.287,5.085,5.304
889,17.78,3.584,3.579,bbox,3.242,4.287,5.085,5.304
890,17.8,3.736,3.584,bbox,3.242,4.287,5.085,5.304
891,17.82,3.206,3.584,pose,3.242,4.287,5.085,5.376
892,17.84,2.127,3.206,bbox,3.242,4.287,5.085,5.376
893,17.86,3.166,3.206,bbox,3.242,4.287,5.123,5.376
894,17.88,3.766,3.206,pose,3.242,4.287,5.202,5.376
895,17.9,2.097,3.166,bbox,3.242,4.287,5.202,5.444
896,17.92,2.101,2.127,bbox,3.242,4.32,5.202,5.444
897,17.94,3.413,3.166,pose,3.242,4.32,5.202,5.444
898,17.96,3.633,3.413,bbox,3.242,4.32,5.202,5.444
899,17.98,3.598,3.413,bbox,3.242,4.32,5.202,5.444
900,18.0,3.422,3.422,pose,3.242,4.32,5.202,5.444
901,18.02,3.542,3.542,bbox,3.242,4.32,5.202,5.444
902,18.04,3.531,3.542,bbox,3.242,4.32,5.202,5.444
903,18.06,3.363,3.531,pose,3.242,4.32,5.243,5.444
904,18.08,3.48,3.48,bbox,3.242,4.32,5.243,5.444
905,18.1,3.478,3.48,bbox,3.242,4.32,5.243,5.444
906,18.12,3.221,3.478,pose,3.242,4.32,5.243,5.444
907,18.14,3.504,3.478,bbox,3.242,4.32,5.301,5.444
908,18.16,3.509,3.48,bbox,3.242,4.32,5.301,5.444
909,18.18,3.111,3.478,pose,3.242,4.32,5.301,5.444
910,18.2,3.516,3.504,bbox,3.242,4.32,5.301,5.444
911,18.22,3.535,3.509,bbox,3.242,4.32,5.301,5.444
912,18.24,2.98,3.509,pose,3.242,4.32,5.301,5.444
913,18.26,3.475,3.475,bbox,3.242,4.32,5.301,5.444
914,18.28,3.423,3.475,bbox,3.242,4.32,5.301,5.444
915,18.3,2.671,3.423,pose,3.242,4.32,5.301,5.444
916,18.32,2.95,2.98,bbox,3.242,4.32,5.301,5.444
917,18.34,3.237,3.237,bbox,3.242,4.32,5.301,5.444
918,18.36,2.32,2.95,pose,3.242,4.32,5.301,5.444
919,18.38,2.868,2.868,bbox,3.302,4.32,5.301,5.444
920,18.4,2.743,2.868,bbox,3.302,4.32,5.301,5.444
921,18.42,2.268,2.743,pose,3.302,4.32,5.301,5.444
922,18.44,3.162,2.743,bbox,3.372,4.32,5.301,5.444
923,18.46,3.138,2.868,bbox,3.372,4.32,5.301,5.444
924,18.48,2.346,2.743,pose,3.372,4.32,5.301,5.444
925,18.5,3.126,3.126,bbox,3.405,4.32,5.353,5.444
926,18.52,3.141,3.138,bbox,3.405,4.32,5.385,5.444
927,18.54,2.375,3.126,pose,3.405,4.32,5.385,5.444
928,18.56,3.111,3.111,bbox,3.405,4.32,5.385,5.444
929,18.58,3.1,3.111,bbox,3.405,4.32,5.385,5.444
930,18.6,2.385,3.1,pose,3.405,4.32,5.385,5.444
931,18.62,3.079,3.079,bbox,3.405,4.32,5.439,5.444
932,18.64,3.061,3.079,bbox,3.405,4.32,5.439,5.444
933,18.66,2.314,3.061,pose,3.405,4.32,5.439,5.444
934,18.68,3.046,3.046,bbox,3.405,4.32,5.469,5.444
935,18.7,3.036,3.046,bbox,3.405,4.32,5.469,5.444
936,18.72,1.831,3.036,pose,3.405,4.32,5.469,5.444
937,18.74,2.665,2.665,bbox,3.405,4.32,5.469,5.444
938,18.76,2.659,2.665,bbox,3.405,4.32,5.469,5.444
939,18.78,1.959,2.659,pose,3.405,4.32,5.469,5.444
940,18.8,2.704,2.659,bbox,3.405,4.32,5.469,5.444
941,18.82,3.008,2.665,bbox,3.405,4.32,5.469,5.444
942,18.84,2.128,2.659,pose,3.405,4.32,5.469,5.444
943,18.86,3.097,2.704,bbox,3.405,4.32,5.469,5.444
944,18.88,3.126,3.008,bbox,3.405,4.32,5.469,5.444
945,18.9,2.158,3.008,pose,3.405,4.32,5.469,5.444
946,18.92,3.108,3.097,bbox,3.405,4.32,5.469,5.444
947,18.94,3.158,3.108,bbox,3.405,4.32,5.469,5.444
948,18.96,2.17,3.108,pose,3.405,4.32,5.469,5.444
949,18.98,3.094,3.094,bbox,3.405,4.32,5.469,5.444
950,19.0,3.111,3.108,bbox,3.405,4.32,5.469,5.444
951,19.02,2.31,3.094,bbox,3.405,4.32,5.469,5.444
952,19.04,,,,3.405,4.32,5.469,5.444
953,19.06,2.775,2.775,bbox,3.405,4.32,5.469,5.444
954,19.08,1.929,2.775,pose,3.405,4.32,5.469,5.444
955,19.1,2.963,2.775,bbox,3.405,4.361,5.469,5.444
956,19.12,3.024,2.775,bbox,3.405,4.442,5.555,5.444
957,19.14,2.381,2.775,pose,3.405,4.487,5.555,5.444
958,19.16,3.12,2.963,bbox,3.405,4.546,5.555,5.475
959,19.18,3.167,3.024,bbox,3.405,4.546,5.555,5.475
960,19.2,2.65,3.024,pose,3.405,4.546,5.555,5.475
961,19.22,2.358,2.65,bbox,3.405,4.546,5.586,5.475
962,19.24,3.231,3.12,bbox,3.405,4.546,5.586,5.475
963,19.26,2.69,2.69,pose,3.405,4.546,5.586,5.475
964,19.28,3.291,2.69,bbox,3.405,4.546,5.586,5.475
965,19.3,3.282,3.231,bbox,3.405,4.546,5.586,5.475
966,19.32,2.731,3.231,pose,3.405,4.546,5.586,5.475
967,19.34,3.331,3.282,bbox,3.405,4.546,5.586,5.508
968,19.36,3.347,3.291,bbox,3.405,4.546,5.586,5.508
969,19.38,2.748,3.282,pose,3.405,4.546,5.586,5.508
970,19.4,3.385,3.331,bbox,3.405,4.546,5.586,5.508
971,19.42,3.38,3.347,bbox,3.405,4.546,5.586,5.508
972,19.44,2.59,3.347,pose,3.405,4.546,5.586,5.508
973,19.46,3.307,3.307,bbox,3.405,4.546,5.586,5.508
974,19.48,3.187,3.307,bbox,3.405,4.546,5.586,5.508
975,19.5,4.608,3.307,pose,3.405,4.546,5.586,5.508
976,19.52,3.188,3.188,bbox,3.454,4.546,5.586,5.508
977,19.54,3.175,3.188,bbox,3.491,4.546,5.586,5.508
978,19.56,2.13,3.187,pose,3.491,4.546,5.586,5.508
979,19.58,3.036,3.175,bbox,3.533,4.546,5.586,5.508
980,19.6,3.058,3.058,bbox,3.533,4.546,5.586,5.508
981,19.62,1.817,3.036,pose,3.533,4.546,5.586,5.508
982,19.64,2.221,2.221,bbox,3.533,4.546,5.586,5.508
983,19.66,2.492,2.492,bbox,3.533,4.546,5.621,5.508
984,19.68,1.99,2.221,pose,3.533,4.546,5.621,5.508
985,19.7,2.896,2.221,bbox,3.585,4.546,5.708,5.508
986,19.72,2.849,2.492,bbox,3.623,4.546,5.708,5.508
987,19.74,2.008,2.492,pose,3.623,4.585,5.708,5.508
988,19.76,2.791,2.791,bbox,3.661,4.585,5.708,5.508
989,19.78,2.678,2.791,bbox,3.762,4.585,5.708,5.508
990,19.8,1.761,2.678,pose,3.793,4.585,5.708,5.508
991,19.82,2.462,2.462,bbox,3.86,4.585,5.708,5.508
992,19.84,3.619,2.678,bbox,3.911,4.585,5.708,5.508
993,19.86,1.562,2.462,pose,3.975,4.585,5.754,5.508
994,19.88,2.203,2.203,bbox,4.058,4.585,5.819,5.508
995,19.9,2.129,2.203,bbox,4.142,4.585,5.851,5.508
996,19.92,1.329,2.129,pose,4.142,4.585,5.933,5.508
997,19.94,3.454,2.129,bbox,4.27,4.585,5.933,5.508
998,19.96,3.46,2.203,bbox,4.27,4.585,5.933,5.508
999,19.98,4.43,3.454,pose,4.27,4.585,5.933,5.508
1000,20.0,3.491,3.46,bbox,4.27,4.585,5.933,5.508
1001,20.02,3.383,3.46,bbox,4.27,4.585,5.933,5.508
1002,20.04,4.411,3.491,pose,4.385,4.585,5.933,5.508
1003,20.06,3.397,3.491,bbox,4.449,4.585,5.933,5.508
1004,20.08,1.917,3.397,bbox,4.449,4.585,5.933,5.508
1005,20.1,0.886,3.383,pose,4.449,4.585,5.933,5.508
1006,20.12,2.015,2.015,bbox,4.449,4.585,5.933,5.508
1007,20.14,2.036,2.015,bbox,4.449,4.585,5.933,5.508
1008,20.16,2.095,2.015,bbox,4.449,4.585,5.933,5.508
1009,20.18,2.165,2.036,bbox,4.449,4.631,5.933,5.508
1010,20.2,2.191,2.095,bbox,4.449,4.631,5.933,5.549
1011,20.22,2.249,2.165,bbox,4.449,4.631,5.933,5.638
1012,20.24,2.288,2.191,bbox,4.449,4.664,5.933,5.702
1013,20.26,2.331,2.249,bbox,4.449,4.664,5.933,5.762
1014,20.28,1.705,2.249,pose,4.449,4.697,5.933,5.826
1015,20.3,5.997,2.288,bbox,4.449,4.697,5.933,5.868
1016,20.32,6.048,2.331,bbox,4.449,4.697,5.933,5.918
1017,20.34,7.211,5.997,pose,4.449,4.697,5.933,5.918
1018,20.36,3.432,5.997,bbox,4.449,4.697,5.933,5.918
1019,20.38,3.31,5.997,bbox,4.449,4.697,5.933,5.918
1020,20.4,1.596,3.432,pose,4.449,4.697,5.933,5.918
1021,20.42,3.072,3.31,bbox,4.449,4.697,5.985,5.918
1022,20.44,3.066,3.072,bbox,4.449,4.697,5.985,5.918
1023,20.46,3.068,3.068,bbox,4.449,4.697,5.985,5.918
1024,20.48,3.068,3.068,bbox,4.449,4.74,5.985,5.918
1025,20.5,3.078,3.068,bbox,4.449,4.74,5.985,5.918
1026,20.52,7.125,3.068,pose,4.449,4.74,5.985,5.918
1027,20.54,5.874,3.078,bbox,4.449,4.74,5.985,5.918
1028,20.56,5.886,5.874,bbox,4.449,4.74,5.985,5.918
1029,20.58,7.304,5.886,pose,4.449,4.74,5.985,5.918
1030,20.6,5.942,5.942,bbox,4.449,4.74,5.985,5.918
1031,20.62,5.935,5.935,bbox,4.449,4.74,5.985,5.918
1032,20.64,7.325,5.942,pose,4.449,4.74,5.985,5.918
1033,20.66,5.874,5.942,bbox,4.449,4.74,5.985,5.918
1034,20.68,5.881,5.935,bbox,4.449,4.74,5.985,5.918
1035,20.7,7.34,5.935,pose,4.449,4.74,5.985,5.918
1036,20.72,5.912,5.912,bbox,4.449,4.74,5.985,5.918
1037,20.74,5.913,5.912,bbox,4.449,4.74,5.985,5.918
1038,20.76,7.328,5.913,pose,4.449,4.74,5.985,5.918
1039,20.78,5.892,5.913,bbox,4.449,4.74,5.985,5.918
1040,20.8,5.881,5.912,bbox,4.449,4.74,5.985,5.918
1041,20.82,7.745,5.913,pose,4.449,4.74,5.985,5.918
1042,20.84,5.877,5.892,bbox,4.449,4.74,5.985,5.918
1043,20.86,5.889,5.889,bbox,4.449,4.74,5.985,5.918
1044,20.88,5.892,5.889,bbox,4.449,4.74,5.985,5.918
1045,20.9,5.882,5.889,bbox,4.449,4.74,5.985,5.918
1046,20.92,5.877,5.882,bbox,4.479,4.74,5.985,5.918
1047,20.94,7.619,5.889,pose,4.479,4.74,5.985,5.918
1048,20.96,5.891,5.891,bbox,4.479,4.74,5.985,5.918
1049,20.98,3.427,5.882,bbox,4.479,4.74,5.985,5.918
1050,21.0,3.426,5.877,bbox,4.479,4.74,5.985,5.918
1051,21.02,3.415,3.427,bbox,4.479,4.74,5.985,5.918
1052,21.04,3.399,3.426,bbox,4.479,4.74,6.043,5.918
1053,21.06,2.801,3.415,pose,4.479,4.74,6.108,5.918
1054,21.08,3.41,3.41,bbox,4.479,4.74,6.108,5.918
1055,21.1,3.444,3.41,bbox,4.479,4.74,6.108,5.918
1056,21.12,3.462,3.41,bbox,4.479,4.74,6.108,5.918
1057,21.14,3.458,3.444,bbox,4.479,4.74,6.108,5.918
1058,21.16,0.537,3.444,bbox,4.479,4.74,6.108,5.918
1059,21.18,2.897,3.444,pose,4.479,4.74,6.108,5.918
1060,21.2,3.476,3.458,bbox,4.479,4.74,6.108,5.918
1061,21.22,3.485,3.458,bbox,4.514,4.74,6.108,5.918
1062,21.24,3.485,3.476,bbox,4.514,4.74,6.108,5.964
1063,21.26,0.686,3.476,bbox,4.514,4.74,6.108,5.964
1064,21.28,0.704,3.476,bbox,4.514,4.74,6.108,5.964
1065,21.3,0.45,0.704,pose,4.514,4.74,6.108,6.034
1066,21.32,2.556,0.704,bbox,4.514,4.74,6.108,6.034
1067,21.34,3.523,0.704,bbox,4.514,4.74,6.108,6.034
1068,21.36,2.783,2.556,pose,4.514,4.868,6.108,6.034
1069,21.38,3.566,2.783,bbox,4.514,4.868,6.108,6.034
1070,21.4,3.575,3.523,bbox,4.514,4.939,6.108,6.034
1071,21.42,2.863,3.523,pose,4.514,4.979,6.108,6.034
1072,21.44,3.574,3.566,bbox,4.514,4.979,6.108,6.034
1073,21.46,0.881,3.566,bbox,4.514,4.979,6.108,6.034
1074,21.48,1.707,2.863,pose,4.514,4.979,6.108,6.034
1075,21.5,,,,4.514,4.979,6.108,6.034
1076,21.52,,,,4.514,4.979,6.108,6.034
1077,21.54,,,,4.514,4.979,6.108,6.034
1078,21.56,,,,4.514,4.979,6.108,6.034
1079,21.58,0.939,1.707,bbox,4.514,4.979,6.108,6.034
1080,21.6,0.361,0.939,pose,4.514,4.979,6.108,6.034
1081,21.62,0.95,0.939,bbox,4.514,5.089,6.108,6.034
1082,21.64,0.979,0.95,bbox,4.514,5.127,6.108,6.034
1083,21.66,0.412,0.939,pose,4.514,5.127,6.108,6.034
1084,21.68,2.157,0.95,bbox,4.514,5.127,6.108,6.034
1085,21.7,3.78,0.979,bbox,4.514,5.127,6.108,6.034
1086,21.72,1.759,1.759,pose,4.514,5.127,6.108,6.034
1087,21.74,3.86,2.157,bbox,4.514,5.127,6.108,6.034
1088,21.76,3.915,3.78,bbox,4.514,5.174,6.108,6.034
1089,21.78,3.373,3.78,pose,4.514,5.209,6.108,6.034
1090,21.8,4.021,3.86,bbox,4.514,5.241,6.108,6.034
1091,21.82,4.053,3.915,bbox,4.514,5.295,6.108,6.034
1092,21.84,3.713,3.915,pose,4.514,5.295,6.108,6.034
1093,21.86,4.131,4.021,bbox,4.514,5.295,6.108,6.076
1094,21.88,,,,4.514,5.295,6.108,6.076
1095,21.9,,,,4.514,5.295,6.108,6.076
1096,21.92,6.518,4.053,bbox,4.514,5.367,6.108,6.076
1097,21.94,1.688,4.053,bbox,4.514,5.367,6.108,6.076
1098,21.96,3.804,3.804,pose,4.514,5.367,6.108,6.076
1099,21.98,4.289,4.131,bbox,4.514,5.367,6.108,6.076
1100,22.0,4.274,4.274,bbox,4.514,5.367,6.108,6.076
1101,22.02,3.734,3.804,pose,4.514,5.367,6.108,6.116
1102,22.04,1.876,3.804,bbox,4.514,5.367,6.108,6.116
1103,22.06,1.855,3.734,bbox,4.514,5.367,6.108,6.116
1104,22.08,3.764,3.734,pose,4.514,5.367,6.108,6.148
1105,22.1,4.37,3.734,bbox,4.514,5.367,6.108,6.181
1106,22.12,2.12,2.12,bbox,4.514,5.367,6.108,6.265
1107,22.14,2.498,2.498,pose,4.555,5.367,6.108,6.265
1108,22.16,2.129,2.498,bbox,4.555,5.367,6.108,6.265
1109,22.18,2.198,2.198,bbox,4.555,5.367,6.108,6.265
1110,22.2,1.616,2.129,pose,4.555,5.367,6.108,6.319
1111,22.22,2.313,2.198,bbox,4.555,5.367,6.108,6.319
1112,22.24,2.395,2.198,bbox,4.555,5.367,6.108,6.368
1113,22.26,2.378,2.313,pose,4.555,5.367,6.108,6.368
1114,22.28,1.831,2.313,bbox,4.555,5.409,6.108,6.368
1115,22.3,3.163,2.378,bbox,4.555,5.409,6.108,6.405
1116,22.32,1.414,2.378,pose,4.555,5.441,6.108,6.405
1117,22.34,2.051,2.051,bbox,4.555,5.441,6.187,6.405
1118,22.36,3.156,2.051,bbox,4.555,5.511,6.187,6.405
1119,22.38,1.718,2.051,pose,4.555,5.511,6.187,6.484
1120,22.4,3.209,2.051,bbox,4.555,5.511,6.187,6.484
1121,22.42,3.306,3.156,bbox,4.555,5.511,6.187,6.484
1122,22.44,1.695,3.156,pose,4.555,5.511,6.187,6.484
1123,22.46,3.278,3.209,bbox,4.555,5.511,6.187,6.573
1124,22.48,3.099,3.209,bbox,4.555,5.511,6.187,6.611
1125,22.5,2.708,3.099,pose,4.555,5.511,6.187,6.611
1126,22.52,3.167,3.099,bbox,4.555,5.511,6.187,6.666
1127,22.54,3.22,3.167,bbox,4.555,5.511,6.187,6.697
1128,22.56,2.633,3.099,pose,4.555,5.511,6.187,6.697
1129,22.58,3.427,3.167,bbox,4.555,5.511,6.187,6.764
1130,22.6,3.465,3.22,bbox,4.555,5.511,6.187,6.801
1131,22.62,2.57,3.22,pose,4.555,5.511,6.187,6.801
1132,22.64,3.402,3.402,bbox,4.555,5.511,6.187,6.866
1133,22.66,3.438,3.427,bbox,4.555,5.511,6.187,6.922
1134,22.68,2.503,3.402,pose,4.555,5.511,6.187,6.922
1135,22.7,3.386,3.386,bbox,4.555,5.511,6.187,6.982
1136,22.72,3.594,3.402,bbox,4.555,5.511,6.187,7.019
1137,22.74,2.664,3.386,pose,4.555,5.511,6.187,7.019
1138,22.76,3.757,3.386,bbox,4.555,5.511,6.187,7.108
1139,22.78,3.832,3.594,bbox,4.555,5.511,6.187,7.108
1140,22.8,3.176,3.594,pose,4.555,5.511,6.187,7.108
1141,22.82,3.954,3.757,bbox,4.555,5.511,6.187,7.168
1142,22.84,3.999,3.832,bbox,4.555,5.511,6.187,7.168
1143,22.86,4.086,3.954,bbox,4.555,5.545,6.187,7.2
1144,22.88,3.964,3.964,bbox,4.555,5.545,6.187,7.279
1145,22.9,3.926,3.964,bbox,4.555,5.584,6.187,7.279
1146,22.92,3.536,3.964,pose,4.555,5.584,6.187,7.279
1147,22.94,3.872,3.926,bbox,4.555,5.584,6.187,7.35
1148,22.96,1.643,3.872,bbox,4.555,5.584,6.187,7.35
1149,22.98,1.391,3.536,pose,4.594,5.584,6.187,7.35
1150,23.0,1.665,1.665,bbox,4.594,5.584,6.187,7.383
1151,23.02,1.679,1.665,bbox,4.594,5.584,6.187,7.413
1152,23.04,4.028,1.665,pose,4.594,5.584,6.187,7.413
1153,23.06,4.46,1.679,bbox,4.594,5.584,6.187,7.454
1154,23.08,4.535,4.028,bbox,4.594,5.584,6.187,7.454
1155,23.1,4.128,4.128,pose,4.594,5.64,6.187,7.454
1156,23.12,4.643,4.46,bbox,4.594,5.716,6.187,7.493
1157,23.14,4.686,4.535,bbox,4.594,5.762,6.187,7.493
1158,23.16,4.2,4.535,pose,4.594,5.762,6.187,7.493
1159,23.18,4.72,4.643,bbox,4.594,5.762,6.187,7.493
1160,23.2,4.741,4.686,bbox,4.594,5.762,6.187,7.493
1161,23.22,4.286,4.686,pose,4.594,5.762,6.187,7.525
1162,23.24,4.767,4.72,bbox,4.594,5.762,6.187,7.525
1163,23.26,4.828,4.741,bbox,4.594,5.762,6.187,7.525
1164,23.28,4.502,4.741,pose,4.594,5.762,6.187,7.525
1165,23.3,4.964,4.767,bbox,4.594,5.762,6.187,7.525
1166,23.32,5.003,4.828,bbox,4.594,5.762,6.187,7.559
1167,23.34,4.816,4.828,pose,4.594,5.821,6.187,7.559
1168,23.36,5.147,4.964,bbox,4.594,5.821,6.187,7.559
1169,23.38,5.153,5.003,bbox,4.594,5.821,6.187,7.559
1170,23.4,5.229,5.147,bbox,4.594,5.864,6.187,7.559
1171,23.42,5.278,5.153,bbox,4.594,5.905,6.187,7.559
1172,23.44,5.348,5.229,bbox,4.594,5.945,6.187,7.559
1173,23.46,5.106,5.229,pose,4.594,5.945,6.187,7.559
1174,23.48,3.846,5.229,bbox,4.594,6.026,6.187,7.559
1175,23.5,3.849,5.106,bbox,4.594,6.071,6.187,7.559
1176,23.52,5.138,5.106,pose,4.594,6.071,6.187,7.559
1177,23.54,5.461,5.106,bbox,4.594,6.142,6.187,7.559
1178,23.56,3.83,3.849,bbox,4.594,6.142,6.187,7.559
1179,23.58,5.102,5.102,pose,4.594,6.142,6.187,7.559
1180,23.6,5.44,5.138,bbox,4.594,6.184,6.187,7.559
1181,23.62,3.788,5.102,bbox,4.594,6.184,6.242,7.559
1182,23.64,3.807,3.83,bbox,4.594,6.184,6.242,7.559
1183,23.66,3.78,3.807,bbox,4.594,6.184,6.321,7.559
1184,23.68,3.772,3.788,bbox,4.594,6.223,6.351,7.559
1185,23.7,3.801,3.788,bbox,4.594,6.223,6.351,7.559
1186,23.72,3.763,3.78,bbox,4.594,6.273,6.351,7.559
1187,23.74,3.777,3.777,bbox,4.594,6.273,6.351,7.559
1188,23.76,2.626,3.772,pose,4.594,6.273,6.351,7.559
1189,23.78,3.734,3.763,bbox,4.594,6.31,6.351,7.559
1190,23.8,3.749,3.749,bbox,4.594,6.351,6.351,7.559
1191,23.82,2.669,3.734,pose,4.594,6.351,6.351,7.559
1192,23.84,3.776,3.734,bbox,4.594,6.351,6.385,7.559
1193,23.86,3.774,3.749,bbox,4.594,6.386,6.385,7.559
1194,23.88,2.972,3.749,pose,4.594,6.386,6.385,7.559
1195,23.9,3.747,3.747,bbox,4.594,6.424,6.435,7.559
1196,23.92,2.631,3.747,bbox,4.594,6.424,6.435,7.559
1197,23.94,3.753,3.747,bbox,4.594,6.424,6.491,7.559
1198,23.96,3.754,3.747,bbox,4.594,6.462,6.491,7.559
1199,23.98,3.748,3.748,bbox,4.594,6.462,6.491,7.559
1200,24.0,4.186,3.753,bbox,4.594,6.462,6.491,7.559
1201,24.02,3.726,3.753,bbox,4.594,6.587,6.524,7.559
1202,24.04,3.697,3.748,bbox,4.594,6.587,6.558,7.559
1203,24.06,3.079,3.726,pose,4.594,6.587,6.597,7.559
1204,24.08,6.015,3.726,bbox,4.594,6.621,6.597,7.559
1205,24.1,6.05,3.726,bbox,4.594,6.621,6.597,7.559
1206,24.12,5.792,5.792,pose,4.594,6.658,6.597,7.559
1207,24.14,6.133,6.015,bbox,4.594,6.658,6.597,7.559
1208,24.16,6.205,6.05,bbox,4.594,6.658,6.597,7.559
1209,24.18,5.893,6.05,pose,4.594,6.734,6.597,7.559
1210,24.2,6.297,6.133,bbox,4.594,6.734,6.597,7.559
1211,24.22,3.628,6.133,bbox,4.594,6.769,6.597,7.559
1212,24.24,,,,4.594,6.769,6.597,7.559
1213,24.26,,,,4.594,6.769,6.597,7.559
1214,24.28,3.645,5.893,bbox,4.594,6.816,6.597,7.559
1215,24.3,,,,4.594,6.816,6.597,7.559
1216,24.32,3.723,3.723,bbox,4.594,6.861,6.597,7.559
1217,24.34,3.758,3.723,bbox,4.594,6.861,6.597,7.559
1218,24.36,,,,4.594,6.861,6.597,7.559
1219,24.38,,,,4.594,6.861,6.597,7.559
1220,24.4,3.847,3.723,bbox,4.594,6.94,6.597,7.559
1221,24.42,3.252,3.723,pose,4.594,6.977,6.597,7.559
1222,24.44,3.896,3.758,bbox,4.594,7.083,6.597,7.559
1223,24.46,3.953,3.847,bbox,4.594,7.125,6.597,7.593
1224,24.48,3.435,3.847,pose,4.594,7.166,6.597,7.593
1225,24.5,3.988,3.896,bbox,4.594,7.197,6.597,7.593
1226,24.52,3.979,3.953,bbox,4.594,7.241,6.597,7.593
1227,24.54,5.492,3.979,bbox,4.594,7.241,6.597,7.593
1228,24.56,5.452,3.988,bbox,4.594,7.241,6.597,7.593
1229,24.58,,,,4.594,7.241,6.597,7.593
1230,24.6,,,,4.594,7.241,6.597,7.593
1231,24.62,,,,4.594,7.241,6.597,7.593
1232,24.64,,,,4.594,7.241,6.597,7.593
1233,24.66,,,,4.594,7.241,6.597,7.593
1234,24.68,,,,4.594,7.241,6.597,7.593
1235,24.7,,,,4.594,7.241,6.597,7.593
1236,24.72,,,,4.594,7.241,6.597,7.593
1237,24.74,,,,4.594,7.241,6.597,7.593
1238,24.76,5.295,5.295,bbox,4.594,7.241,6.597,7.593
1239,24.78,5.153,5.295,pose,4.594,7.364,6.597,7.593
1240,24.8,5.264,5.295,bbox,4.594,7.364,6.597,7.593
1241,24.82,5.261,5.264,bbox,4.717,7.364,6.597,7.593
1242,24.84,5.136,5.261,pose,4.717,7.364,6.597,7.593
1243,24.86,5.271,5.261,bbox,4.717,7.364,6.597,7.593
1244,24.88,5.224,5.261,bbox,4.717,7.364,6.597,7.593
1245,24.9,5.076,5.224,pose,4.717,7.364,6.597,7.593
1246,24.92,5.198,5.198,bbox,4.717,7.364,6.597,7.593
1247,24.94,5.193,5.198,bbox,4.717,7.364,6.597,7.593
1248,24.96,5.029,5.193,pose,4.717,7.364,6.597,7.593
1249,24.98,5.26,5.193,bbox,4.759,7.364,6.597,7.593
1250,25.0,5.177,5.193,bbox,4.759,7.364,6.597,7.593
1251,25.02,5.003,5.177,pose,4.759,7.364,6.597,7.593
1252,25.04,5.156,5.156,bbox,4.759,7.364,6.597,7.593
1253,25.06,5.135,5.156,bbox,4.798,7.364,6.597,7.593
1254,25.08,4.851,5.135,pose,4.798,7.364,6.597,7.593
1255,25.1,5.123,5.123,bbox,4.798,7.364,6.597,7.593
1256,25.12,5.101,5.123,bbox,4.798,7.364,6.597,7.593
1257,25.14,4.878,5.101,pose,4.798,7.364,6.597,7.593
1258,25.16,3.237,4.878,bbox,4.798,7.364,6.597,7.593
1259,25.18,5.144,5.101,bbox,4.798,7.364,6.597,7.593
1260,25.2,2.79,4.878,pose,4.798,7.364,6.638,7.593
1261,25.22,5.177,4.878,bbox,4.857,7.364,6.638,7.593
1262,25.24,3.11,3.237,bbox,4.857,7.364,6.638,7.593
1263,25.26,2.67,3.11,pose,4.857,7.364,6.638,7.593
1264,25.28,3.047,3.047,bbox,4.857,7.364,6.67,7.593
1265,25.3,3.026,3.047,bbox,4.857,7.364,6.67,7.593
1266,25.32,2.557,3.026,pose,4.857,7.364,6.67,7.593
1267,25.34,3.183,3.026,bbox,4.9,7.364,6.67,7.593
1268,25.36,,,,4.9,7.364,6.67,7.593
1269,25.38,4.491,3.047,pose,4.9,7.364,6.67,7.593
1270,25.4,4.903,3.183,bbox,4.9,7.364,6.67,7.593
1271,25.42,4.794,4.491,bbox,4.9,7.364,6.67,7.593
1272,25.44,4.078,4.491,pose,4.9,7.364,6.67,7.648
1273,25.46,4.721,4.721,bbox,4.9,7.364,6.67,7.648
1274,25.48,4.655,4.721,bbox,4.9,7.364,6.726,7.648
1275,25.5,4.02,4.655,pose,4.9,7.364,6.726,7.648
1276,25.52,4.599,4.599,bbox,4.9,7.364,6.787,7.648
1277,25.54,3.124,4.599,bbox,4.9,7.364,6.915,7.648
1278,25.56,3.994,4.02,pose,4.9,7.364,6.915,7.648
1279,25.58,6.178,4.02,bbox,4.9,7.364,6.915,7.648
1280,25.6,6.115,4.599,bbox,4.9,7.364,6.992,7.648
1281,25.62,5.739,5.739,pose,4.9,7.364,6.992,7.648
1282,25.64,6.031,6.031,bbox,4.9,7.364,6.992,7.648
1283,25.66,5.997,6.031,bbox,4.9,7.364,6.992,7.648
1284,25.68,5.615,5.997,pose,4.9,7.364,6.992,7.648
1285,25.7,5.94,5.94,bbox,4.966,7.364,7.041,7.648
1286,25.72,5.972,5.972,bbox,4.966,7.364,7.041,7.648
1287,25.74,5.597,5.94,pose,4.966,7.364,7.041,7.648
1288,25.76,6.015,5.94,bbox,5.002,7.364,7.041,7.648
1289,25.78,6.016,5.972,bbox,5.002,7.364,7.041,7.648
1290,25.8,5.592,5.972,pose,5.002,7.364,7.041,7.648
1291,25.82,5.895,5.895,bbox,5.002,7.364,7.041,7.648
1292,25.84,5.86,5.895,bbox,5.002,7.364,7.041,7.648
1293,25.86,5.492,5.86,pose,5.002,7.364,7.041,7.648
1294,25.88,5.869,5.86,bbox,5.002,7.364,7.13,7.648
1295,25.9,5.871,5.869,bbox,5.002,7.364,7.13,7.648
1296,25.92,5.479,5.86,pose,5.002,7.364,7.13,7.648
1297,25.94,5.847,5.847,bbox,5.002,7.364,7.13,7.648
1298,25.96,5.859,5.859,bbox,5.002,7.364,7.13,7.648
1299,25.98,5.499,5.847,pose,5.002,7.364,7.13,7.648
1300,26.0,5.908,5.847,bbox,5.002,7.364,7.13,7.713
1301,26.02,5.852,5.852,bbox,5.002,7.364,7.13,7.713
1302,26.04,5.457,5.852,pose,5.041,7.364,7.13,7.713
1303,26.06,5.8,5.8,bbox,5.041,7.364,7.13,7.713
1304,26.08,5.763,5.8,bbox,5.041,7.364,7.13,7.713
1305,26.1,5.483,5.763,pose,5.094,7.364,7.13,7.713
1306,26.12,5.717,5.717,bbox,5.094,7.364,7.13,7.713
1307,26.14,5.684,5.717,bbox,5.127,7.364,7.13,7.713
1308,26.16,5.5,5.684,pose,5.127,7.364,7.13,7.713
1309,26.18,5.638,5.638,bbox,5.187,7.364,7.13,7.713
1310,26.2,5.601,5.638,bbox,5.224,7.364,7.13,7.713
1311,26.22,2.295,5.601,pose,5.287,7.364,7.13,7.713
1312,26.24,2.595,5.5,bbox,5.318,7.364,7.13,7.713
1313,26.26,,,,5.318,7.364,7.13,7.713
1314,26.28,2.62,2.62,bbox,5.318,7.364,7.13,7.713
1315,26.3,2.637,2.62,bbox,5.318,7.364,7.13,7.713
1316,26.32,2.636,2.62,bbox,5.318,7.364,7.13,7.713
1317,26.34,2.638,2.636,bbox,5.318,7.364,7.13,7.713
1318,26.36,2.638,2.637,bbox,5.318,7.364,7.13,7.713
1319,26.38,2.642,2.638,bbox,5.318,7.364,7.13,7.713
1320,26.4,,,,5.318,7.364,7.13,7.713
1321,26.42,2.631,2.638,bbox,5.318,7.364,7.13,7.713
1322,26.44,,,,5.318,7.364,7.13,7.713
1323,26.46,2.157,2.638,pose,5.318,7.364,7.13,7.713
1324,26.48,2.622,2.631,bbox,5.318,7.364,7.13,7.713
1325,26.5,2.608,2.622,bbox,5.318,7.364,7.13,7.713
1326,26.52,2.137,2.608,pose,5.318,7.364,7.13,7.713
1327,26.54,2.603,2.603,bbox,5.318,7.364,7.13,7.713
1328,26.56,,,,5.318,7.364,7.13,7.713
1329,26.58,,,,5.318,7.364,7.13,7.713
1330,26.6,,,,5.318,7.364,7.13,7.713
1331,26.62,,,,5.318,7.364,7.13,7.713
1332,26.64,,,,5.318,7.364,7.13,7.713
1333,26.66,,,,5.318,7.364,7.13,7.713
1334,26.68,,,,5.318,7.364,7.13,7.713
1335,26.7,,,,5.318,7.364,7.13,7.713
1336,26.72,,,,5.318,7.364,7.13,7.713
1337,26.74,,,,5.318,7.364,7.13,7.713
1338,26.76,,,,5.318,7.364,7.13,7.713
1339,26.78,,,,5.318,7.364,7.13,7.713
1340,26.8,,,,5.318,7.364,7.13,7.713
1341,26.82,,,,5.318,7.364,7.13,7.713
1342,26.84,,,,5.318,7.364,7.13,7.713
1343,26.86,,,,5.318,7.364,7.13,7.713
1344,26.88,,,,5.318,7.364,7.13,7.713
1345,26.9,,,,5.318,7.364,7.13,7.713
1346,26.92,,,,5.318,7.364,7.13,7.713
1347,26.94,,,,5.318,7.364,7.13,7.713
1348,26.96,,,,5.318,7.364,7.13,7.713
1349,26.98,,,,5.318,7.364,7.13,7.713
1350,27.0,,,,5.318,7.364,7.13,7.713
1351,27.02,,,,5.318,7.364,7.13,7.713
1352,27.04,,,,5.318,7.364,7.13,7.713
1353,27.06,,,,5.318,7.364,7.13,7.713
1354,27.08,,,,5.318,7.364,7.13,7.713
1355,27.1,,,,5.318,7.364,7.13,7.713
1356,27.12,,,,5.318,7.364,7.13,7.713
1357,27.14,,,,5.318,7.364,7.13,7.713
1358,27.16,,,,5.318,7.364,7.13,7.713
1359,27.18,,,,5.318,7.364,7.13,7.713
1360,27.2,,,,5.318,7.364,7.13,7.713
1361,27.22,,,,5.318,7.364,7.13,7.713
1362,27.24,2.365,2.603,pose,5.318,7.364,7.13,7.713
1363,27.26,2.819,2.603,bbox,5.318,7.364,7.13,7.713
1364,27.28,2.812,2.603,bbox,5.318,7.364,7.13,7.713
1365,27.3,2.364,2.603,pose,5.318,7.364,7.13,7.713
1366,27.32,2.846,2.812,bbox,5.318,7.364,7.13,7.713
1367,27.34,2.861,2.819,bbox,5.318,7.364,7.13,7.713
1368,27.36,2.361,2.812,pose,5.318,7.364,7.13,7.713
1369,27.38,2.871,2.846,bbox,5.318,7.364,7.13,7.713
1370,27.4,2.891,2.861,bbox,5.318,7.364,7.13,7.713
1371,27.42,2.897,2.871,bbox,5.318,7.364,7.13,7.713
1372,27.44,2.912,2.891,bbox,5.318,7.364,7.13,7.713
1373,27.46,2.933,2.897,bbox,5.318,7.364,7.13,7.713
1374,27.48,2.402,2.897,pose,5.318,7.364,7.13,7.713
1375,27.5,2.932,2.912,bbox,5.318,7.364,7.13,7.713
1376,27.52,2.923,2.923,bbox,5.318,7.364,7.13,7.713
1377,27.54,2.389,2.923,pose,5.318,7.364,7.13,7.713
1378,27.56,2.907,2.907,bbox,5.318,7.364,7.13,7.713
1379,27.58,2.899,2.907,bbox,5.318,7.364,7.13,7.713
1380,27.6,4.446,2.907,pose,5.318,7.364,7.13,7.713
1381,27.62,4.883,2.907,bbox,5.318,7.364,7.13,7.713
1382,27.64,4.895,4.446,bbox,5.318,7.364,7.13,7.713
1383,27.66,4.466,4.466,pose,5.318,7.364,7.13,7.713
1384,27.68,4.908,4.883,bbox,5.318,7.364,7.13,7.713
1385,27.7,3.505,4.883,bbox,5.318,7.364,7.13,7.713
1386,27.72,4.78,4.78,bbox,5.318,7.364,7.13,7.713
1387,27.74,4.782,4.78,bbox,5.318,7.364,7.13,7.713
1388,27.76,4.808,4.782,bbox,5.318,7.364,7.13,7.713
1389,27.78,4.229,4.78,pose,5.318,7.364,7.13,7.713
1390,27.8,4.863,4.782,bbox,5.318,7.364,7.13,7.713
1391,27.82,4.902,4.808,bbox,5.318,7.364,7.13,7.713
1392,27.84,4.487,4.808,pose,5.318,7.364,7.13,7.713
1393,27.86,5.033,4.863,bbox,5.318,7.364,7.13,7.713
1394,27.88,5.0,4.902,bbox,5.318,7.364,7.13,7.713
1395,27.9,4.467,4.902,pose,5.318,7.364,7.13,7.713
1396,27.92,5.023,5.0,bbox,5.318,7.364,7.13,7.713
1397,27.94,2.788,5.0,bbox,5.351,7.364,7.13,7.713
1398,27.96,2.19,4.467,pose,5.351,7.364,7.13,7.713
1399,27.98,2.747,2.788,bbox,5.351,7.364,7.13,7.713
1400,28.0,2.715,2.747,bbox,5.351,7.364,7.13,7.713
1401,28.02,2.2,2.715,pose,5.351,7.364,7.13,7.713
1402,28.04,2.716,2.715,bbox,5.351,7.364,7.13,7.713
1403,28.06,2.699,2.715,bbox,5.351,7.364,7.13,7.713
1404,28.08,4.476,2.715,pose,5.351,7.364,7.13,7.713
1405,28.1,4.896,2.716,bbox,5.351,7.364,7.13,7.713
1406,28.12,4.888,4.476,bbox,5.351,7.364,7.13,7.713
1407,28.14,4.471,4.476,pose,5.351,7.364,7.13,7.713
1408,28.16,4.85,4.85,bbox,5.351,7.364,7.13,7.713
1409,28.18,4.833,4.85,bbox,5.351,7.364,7.13,7.713
1410,28.2,4.456,4.833,pose,5.351,7.364,7.13,7.713
1411,28.22,4.807,4.807,bbox,5.351,7.364,7.13,7.713
1412,28.24,4.762,4.807,bbox,5.351,7.364,7.13,7.713
1413,28.26,4.413,4.762,pose,5.351,7.364,7.13,7.713
1414,28.28,4.755,4.755,bbox,5.351,7.364,7.13,7.713
1415,28.3,4.744,4.755,bbox,5.351,7.364,7.13,7.713
1416,28.32,4.423,4.744,pose,5.351,7.364,7.13,7.713
1417,28.34,4.734,4.734,bbox,5.351,7.364,7.13,7.713
1418,28.36,4.717,4.734,bbox,5.351,7.364,7.13,7.713
1419,28.38,4.444,4.717,pose,5.351,7.364,7.13,7.713
1420,28.4,4.687,4.687,bbox,5.351,7.364,7.13,7.713
1421,28.42,4.673,4.687,bbox,5.351,7.364,7.13,7.713
1422,28.44,4.462,4.673,pose,5.351,7.364,7.13,7.713
1423,28.46,4.622,4.622,bbox,5.383,7.364,7.13,7.713
1424,28.48,4.601,4.622,bbox,5.383,7.364,7.13,7.713
1425,28.5,4.453,4.601,pose,5.383,7.364,7.13,7.713
1426,28.52,4.57,4.57,bbox,5.413,7.364,7.13,7.713
1427,28.54,4.547,4.57,bbox,5.413,7.364,7.13,7.713
1428,28.56,4.459,4.547,pose,5.413,7.364,7.13,7.713
1429,28.58,4.52,4.52,bbox,5.413,7.364,7.13,7.713
1430,28.6,4.519,4.52,bbox,5.413,7.364,7.13,7.713
1431,28.62,4.452,4.519,pose,5.413,7.364,7.13,7.713
1432,28.64,4.508,4.508,bbox,5.413,7.364,7.13,7.713
1433,28.66,4.515,4.515,bbox,5.413,7.364,7.13,7.713
1434,28.68,4.453,4.508,pose,5.413,7.364,7.13,7.713
1435,28.7,4.485,4.485,bbox,5.413,7.364,7.13,7.713
1436,28.72,4.488,4.488,bbox,5.413,7.364,7.13,7.713
1437,28.74,4.405,4.485,pose,5.413,7.364,7.13,7.713
1438,28.76,4.478,4.478,bbox,5.413,7.364,7.13,7.713
1439,28.78,4.472,4.478,bbox,5.413,7.364,7.13,7.713
1440,28.8,4.392,4.472,pose,5.413,7.364,7.13,7.713
1441,28.82,4.474,4.472,bbox,5.413,7.364,7.13,7.713
1442,28.84,4.477,4.474,bbox,5.413,7.364,7.13,7.713
1443,28.86,4.41,4.472,pose,5.413,7.364,7.13,7.713
1444,28.88,4.523,4.474,bbox,5.413,7.364,7.13,7.713
1445,28.9,4.511,4.477,bbox,5.413,7.364,7.13,7.713
1446,28.92,4.406,4.477,pose,5.413,7.364,7.13,7.713
1447,28.94,4.509,4.509,bbox,5.413,7.364,7.13,7.713
1448,28.96,4.515,4.511,bbox,5.413,7.364,7.13,7.713
1449,28.98,4.402,4.509,pose,5.413,7.364,7.13,7.713
1450,29.0,4.542,4.509,bbox,5.413,7.364,7.13,7.713
1451,29.02,4.538,4.515,bbox,5.413,7.364,7.13,7.713
1452,29.04,4.387,4.515,pose,5.413,7.364,7.13,7.713
1453,29.06,4.514,4.514,bbox,5.413,7.364,7.13,7.713
1454,29.08,4.539,4.538,bbox,5.413,7.364,7.13,7.713
1455,29.1,4.364,4.514,pose,5.413,7.364,7.13,7.713
1456,29.12,4.556,4.514,bbox,5.413,7.364,7.13,7.713
1457,29.14,4.515,4.515,bbox,5.413,7.364,7.13,7.713
1458,29.16,4.392,4.515,pose,5.413,7.364,7.13,7.713
1459,29.18,4.519,4.515,bbox,5.413,7.364,7.13,7.713
1460,29.2,4.51,4.515,bbox,5.413,7.364,7.13,7.713
1461,29.22,4.426,4.51,pose,5.413,7.364,7.13,7.713
1462,29.24,4.523,4.51,bbox,5.413,7.364,7.13,7.713
1463,29.26,4.506,4.51,bbox,5.413,7.364,7.13,7.713
1464,29.28,4.434,4.506,pose,5.413,7.364,7.13,7.713
1465,29.3,4.542,4.506,bbox,5.413,7.364,7.13,7.713
1466,29.32,4.584,4.523,bbox,5.413,7.364,7.13,7.713
1467,29.34,4.475,4.506,pose,5.413,7.364,7.13,7.713
1468,29.36,2.432,4.475,bbox,5.413,7.364,7.13,7.713
1469,29.38,2.443,4.475,bbox,5.452,7.364,7.13,7.713
1470,29.4,2.022,2.443,pose,5.452,7.364,7.13,7.713
1471,29.42,4.697,2.443,bbox,5.452,7.364,7.13,7.713
1472,29.44,4.673,2.443,bbox,5.452,7.364,7.13,7.713
1473,29.46,4.172,4.172,pose,5.452,7.364,7.13,7.713
1474,29.48,2.38,4.172,bbox,5.452,7.364,7.13,7.713
1475,29.5,4.498,4.498,bbox,5.452,7.364,7.13,7.713
1476,29.52,3.87,4.172,pose,5.452,7.364,7.13,7.713
1477,29.54,4.437,4.172,bbox,5.53,7.364,7.172,7.713
1478,29.56,4.41,4.41,bbox,5.57,7.364,7.205,7.713
1479,29.58,3.661,4.41,pose,5.57,7.404,7.205,7.713
1480,29.6,4.397,4.397,bbox,5.611,7.404,7.257,7.713
1481,29.62,4.426,4.41,bbox,5.611,7.404,7.257,7.713
1482,29.64,3.67,4.397,pose,5.611,7.404,7.257,7.713
1483,29.66,4.467,4.397,bbox,5.648,7.404,7.257,7.713
1484,29.68,4.47,4.426,bbox,5.648,7.404,7.257,7.713
1485,29.7,3.66,4.426,pose,5.648,7.404,7.257,7.713
1486,29.72,4.516,4.467,bbox,5.648,7.404,7.257,7.713
1487,29.74,4.511,4.47,bbox,5.648,7.404,7.257,7.713
1488,29.76,3.67,4.47,pose,5.648,7.404,7.257,7.713
1489,29.78,4.427,4.427,bbox,5.648,7.404,7.257,7.713
1490,29.8,4.397,4.427,bbox,5.648,7.404,7.257,7.713
1491,29.82,3.614,4.397,pose,5.648,7.404,7.257,7.713
1492,29.84,4.267,4.267,bbox,5.648,7.404,7.257,7.713
1493,29.86,4.209,4.267,bbox,5.648,7.404,7.257,7.713
1494,29.88,3.492,4.209,pose,5.648,7.404,7.257,7.713
1495,29.9,4.028,4.028,bbox,5.648,7.404,7.257,7.713
1496,29.92,3.963,4.028,bbox,5.648,7.404,7.257,7.713
1497,29.94,3.448,3.963,pose,5.648,7.404,7.257,7.713
1498,29.96,3.826,3.826,bbox,5.648,7.404,7.308,7.713
1499,29.98,3.803,3.826,bbox,5.648,7.404,7.308,7.713
1500,30.0,3.459,3.803,pose,5.648,7.404,7.308,7.713
1501,30.02,3.716,3.716,bbox,5.7,7.404,7.367,7.713
1502,30.04,3.715,3.716,bbox,5.7,7.404,7.367,7.713
1503,30.06,3.516,3.715,pose,5.7,7.404,7.367,7.713
1504,30.08,3.712,3.712,bbox,5.752,7.404,7.413,7.713
1505,30.1,3.716,3.715,bbox,5.752,7.404,7.413,7.713
1506,30.12,3.57,3.712,pose,5.752,7.404,7.413,7.713
1507,30.14,3.724,3.712,bbox,5.796,7.404,7.413,7.713
1508,30.16,3.736,3.716,bbox,5.796,7.404,7.413,7.713
1509,30.18,3.547,3.716,pose,5.796,7.404,7.413,7.713
1510,30.2,3.753,3.724,bbox,5.796,7.404,7.413,7.713
1511,30.22,2.035,3.724,bbox,5.796,7.404,7.413,7.713
1512,30.24,3.313,3.547,pose,5.796,7.404,7.413,7.713
1513,30.26,3.67,3.547,bbox,5.796,7.404,7.413,7.713
1514,30.28,3.635,3.635,bbox,5.796,7.404,7.413,7.713
1515,30.3,2.983,3.313,pose,5.796,7.404,7.413,7.713
1516,30.32,3.54,3.54,bbox,5.796,7.404,7.485,7.713
1517,30.34,3.473,3.54,bbox,5.796,7.404,7.516,7.713
1518,30.36,2.664,3.473,pose,5.796,7.404,7.516,7.713
1519,30.38,3.442,3.442,bbox,5.796,7.404,7.572,7.713
1520,30.4,3.434,3.442,bbox,5.843,7.404,7.572,7.713
1521,30.42,2.52,3.434,pose,5.843,7.404,7.572,7.713
1522,30.44,3.39,3.39,bbox,5.906,7.404,7.572,7.713
1523,30.46,3.421,3.421,bbox,5.94,7.404,7.572,7.713
1524,30.48,2.481,3.39,pose,5.94,7.404,7.572,7.713
1525,30.5,3.451,3.39,bbox,5.999,7.404,7.572,7.713
1526,30.52,3.423,3.421,bbox,5.999,7.404,7.572,7.713
1527,30.54,2.648,3.421,pose,5.999,7.404,7.572,7.713
1528,30.56,3.377,3.377,bbox,5.999,7.404,7.572,7.713
1529,30.58,3.35,3.377,bbox,5.999,7.404,7.572,7.713
1530,30.6,2.426,3.35,pose,5.999,7.404,7.572,7.713
1531,30.62,3.263,3.263,bbox,5.999,7.404,7.572,7.713
1532,30.64,3.218,3.263,bbox,5.999,7.404,7.572,7.713
1533,30.66,2.353,3.218,pose,5.999,7.404,7.572,7.713
1534,30.68,3.096,3.096,bbox,5.999,7.404,7.572,7.713
1535,30.7,3.105,3.105,bbox,5.999,7.404,7.572,7.713
1536,30.72,2.355,3.096,pose,5.999,7.404,7.572,7.713
1537,30.74,3.053,3.053,bbox,5.999,7.404,7.623,7.713
1538,30.76,2.993,3.053,bbox,5.999,7.404,7.623,7.713
1539,30.78,2.17,2.993,pose,5.999,7.404,7.623,7.713
1540,30.8,3.051,2.993,bbox,5.999,7.404,7.659,7.713
1541,30.82,3.142,3.051,bbox,5.999,7.404,7.659,7.713
1542,30.84,2.413,2.993,pose,5.999,7.404,7.659,7.713
1543,30.86,3.161,3.051,bbox,5.999,7.404,7.659,7.713
1544,30.88,3.205,3.142,bbox,5.999,7.404,7.659,7.713
1545,30.9,2.487,3.142,pose,5.999,7.404,7.659,7.713
1546,30.92,3.219,3.161,bbox,5.999,7.404,7.659,7.713
1547,30.94,3.23,3.205,bbox,5.999,7.404,7.659,7.713
1548,30.96,2.477,3.205,pose,5.999,7.404,7.659,7.713
1549,30.98,3.228,3.219,bbox,5.999,7.404,7.659,7.713
1550,31.0,3.207,3.219,bbox,5.999,7.404,7.659,7.713
1551,31.02,2.433,3.207,pose,5.999,7.404,7.659,7.713
1552,31.04,3.198,3.198,bbox,5.999,7.404,7.659,7.713
1553,31.06,3.211,3.207,bbox,5.999,7.404,7.659,7.713
1554,31.08,2.445,3.198,pose,5.999,7.404,7.659,7.713
1555,31.1,3.234,3.198,bbox,5.999,7.404,7.659,7.759
1556,31.12,3.274,3.211,bbox,5.999,7.404,7.659,7.759
1557,31.14,2.677,3.211,pose,5.999,7.404,7.659,7.803
1558,31.16,3.393,3.234,bbox,5.999,7.437,7.659,7.85
1559,31.18,3.434,3.274,bbox,5.999,7.437,7.659,7.85
1560,31.2,2.929,3.274,pose,5.999,7.437,7.659,7.85
1561,31.22,3.528,3.393,bbox,5.999,7.437,7.659,7.85
1562,31.24,3.589,3.434,bbox,5.999,7.437,7.659,7.85
1563,31.26,3.15,3.434,pose,5.999,7.437,7.659,7.85
1564,31.28,3.692,3.528,bbox,5.999,7.437,7.659,7.85
1565,31.3,3.709,3.589,bbox,5.999,7.437,7.659,7.85
1566,31.32,3.294,3.589,pose,5.999,7.437,7.659,7.85
1567,31.34,3.701,3.692,bbox,5.999,7.437,7.659,7.85
1568,31.36,3.687,3.692,bbox,5.999,7.437,7.659,7.85
1569,31.38,3.246,3.687,pose,5.999,7.437,7.659,7.85
1570,31.4,3.623,3.623,bbox,5.999,7.437,7.659,7.85
1571,31.42,3.562,3.623,bbox,5.999,7.437,7.659,7.85
1572,31.44,3.073,3.562,pose,5.999,7.437,7.659,7.85
1573,31.46,3.503,3.503,bbox,5.999,7.437,7.659,7.85
1574,31.48,3.505,3.505,bbox,5.999,7.437,7.659,7.85
1575,31.5,2.988,3.503,pose,5.999,7.437,7.659,7.85
1576,31.52,3.535,3.503,bbox,5.999,7.437,7.659,7.85
1577,31.54,3.509,3.505,bbox,5.999,7.437,7.659,7.85
1578,31.56,2.98,3.505,pose,5.999,7.437,7.659,7.85
1579,31.58,3.5,3.5,bbox,5.999,7.437,7.659,7.85
1580,31.6,3.519,3.509,bbox,6.036,7.437,7.659,7.85
1581,31.62,2.995,3.5,pose,6.036,7.437,7.659,7.85
1582,31.64,3.516,3.5,bbox,6.096,7.437,7.659,7.85
1583,31.66,3.514,3.514,bbox,6.096,7.437,7.659,7.85
1584,31.68,2.957,3.514,pose,6.096,7.437,7.659,7.85
1585,31.7,3.432,3.432,bbox,6.096,7.437,7.659,7.85
1586,31.72,3.407,3.432,bbox,6.096,7.437,7.659,7.85
1587,31.74,2.827,3.407,pose,6.131,7.437,7.659,7.85
1588,31.76,3.344,3.344,bbox,6.171,7.437,7.659,7.85
1589,31.78,3.328,3.344,bbox,6.171,7.437,7.659,7.85
1590,31.8,2.672,3.328,pose,6.171,7.437,7.659,7.85
1591,31.82,3.216,3.216,bbox,6.226,7.437,7.659,7.85
1592,31.84,3.03,3.216,bbox,6.263,7.437,7.659,7.85
1593,31.86,2.688,3.03,bbox,6.263,7.437,7.659,7.85
1594,31.88,2.946,2.946,bbox,6.263,7.437,7.659,7.85
1595,31.9,2.55,2.946,bbox,6.263,7.437,7.659,7.85
1596,31.92,2.164,2.688,pose,6.263,7.437,7.659,7.85
1597,31.94,2.905,2.688,bbox,6.301,7.437,7.71,7.85
1598,31.96,2.896,2.896,bbox,6.301,7.437,7.71,7.85
1599,31.98,2.139,2.55,pose,6.301,7.437,7.71,7.85
1600,32.0,2.869,2.869,bbox,6.339,7.437,7.756,7.85
1601,32.02,2.888,2.888,bbox,6.339,7.437,7.756,7.85
1602,32.04,2.11,2.869,pose,6.339,7.437,7.756,7.85
1603,32.06,2.901,2.869,bbox,6.376,7.437,7.756,7.85
1604,32.08,2.818,2.869,bbox,6.376,7.437,7.756,7.85
1605,32.1,2.063,2.818,pose,6.376,7.437,7.756,7.85
1606,32.12,2.867,2.818,bbox,6.376,7.437,7.756,7.85
1607,32.14,2.813,2.818,bbox,6.376,7.437,7.756,7.85
1608,32.16,2.079,2.813,pose,6.376,7.437,7.756,7.85
1609,32.18,2.875,2.813,bbox,6.376,7.501,7.756,7.85
1610,32.2,2.907,2.867,bbox,6.376,7.501,7.756,7.85
1611,32.22,2.155,2.813,pose,6.376,7.537,7.756,7.85
1612,32.24,2.993,2.875,bbox,6.376,7.61,7.756,7.85
1613,32.26,3.098,2.907,bbox,6.376,7.61,7.756,7.85
1614,32.28,2.37,2.907,pose,6.376,7.653,7.756,7.85
1615,32.3,3.214,2.993,bbox,6.376,7.712,7.756,7.85
1616,32.32,3.336,3.098,bbox,6.376,7.712,7.756,7.85
1617,32.34,2.714,3.098,pose,6.376,7.752,7.756,7.85
1618,32.36,3.413,3.214,bbox,6.376,7.752,7.756,7.85
1619,32.38,3.45,3.336,bbox,6.376,7.752,7.756,7.85
1620,32.4,2.945,3.336,pose,6.376,7.752,7.756,7.85
1621,32.42,3.532,3.413,bbox,6.376,7.752,7.756,7.85
1622,32.44,3.527,3.45,bbox,6.376,7.752,7.756,7.85
1623,32.46,2.958,3.45,pose,6.376,7.752,7.756,7.85
1624,32.48,3.484,3.484,bbox,6.376,7.752,7.756,7.85
1625,32.5,3.463,3.484,bbox,6.376,7.752,7.756,7.85
1626,32.52,2.826,3.463,pose,6.376,7.752,7.756,7.85
1627,32.54,1.942,2.958,bbox,6.376,7.752,7.756,7.85
1628,32.56,1.952,2.826,bbox,6.376,7.752,7.756,7.85
1629,32.58,2.639,2.639,pose,6.376,7.752,7.756,7.85
1630,32.6,3.279,2.639,bbox,6.408,7.752,7.756,7.85
1631,32.62,3.226,2.639,bbox,6.408,7.752,7.756,7.85
1632,32.64,2.446,2.639,pose,6.408,7.752,7.756,7.85
1633,32.66,3.11,3.11,bbox,6.408,7.752,7.756,7.85
1634,32.68,3.086,3.11,bbox,6.408,7.752,7.756,7.85
1635,32.7,2.341,3.086,pose,6.408,7.752,7.756,7.85
1636,32.72,2.973,2.973,bbox,6.462,7.752,7.794,7.85
1637,32.74,2.954,2.973,bbox,6.462,7.752,7.794,7.85
1638,32.76,2.276,2.954,pose,6.462,7.752,7.794,7.85
1639,32.78,2.984,2.954,bbox,6.462,7.752,7.831,7.85
1640,32.8,2.994,2.973,bbox,6.462,7.752,7.831,7.85
1641,32.82,2.278,2.954,pose,6.462,7.752,7.831,7.85
1642,32.84,3.052,2.984,bbox,6.462,7.752,7.831,7.85
1643,32.86,3.041,2.994,bbox,6.462,7.752,7.831,7.85
1644,32.88,2.157,2.994,pose,6.462,7.752,7.831,7.85
1645,32.9,3.001,3.001,bbox,6.462,7.752,7.831,7.85
1646,32.92,2.98,3.001,bbox,6.462,7.752,7.831,7.85
1647,32.94,2.032,2.98,pose,6.462,7.752,7.831,7.85
1648,32.96,1.876,2.157,bbox,6.462,7.752,7.898,7.85
1649,32.98,3.008,2.98,bbox,6.462,7.752,7.898,7.85
1650,33.0,2.102,2.102,pose,6.462,7.796,7.898,7.85
1651,33.02,3.065,2.102,bbox,6.462,7.844,7.935,7.85
1652,33.04,3.094,3.008,bbox,6.462,7.844,7.935,7.85
1653,33.06,2.236,3.008,pose,6.462,7.883,7.935,7.85
1654,33.08,3.15,3.065,bbox,6.462,7.883,7.935,7.85
1655,33.1,3.19,3.094,bbox,6.462,7.883,7.935,7.85
1656,33.12,2.279,3.094,pose,6.462,7.883,7.935,7.85
1657,33.14,3.227,3.15,bbox,6.462,7.883,7.935,7.85
1658,33.16,3.246,3.19,bbox,6.462,7.883,7.935,7.85
1659,33.18,2.31,3.19,pose,6.462,7.883,7.935,7.85
1660,33.2,3.269,3.227,bbox,6.462,7.883,7.935,7.85
1661,33.22,3.256,3.246,bbox,6.462,7.883,7.935,7.85
1662,33.24,2.285,3.246,pose,6.462,7.883,7.935,7.85
1663,33.26,3.236,3.236,bbox,6.462,7.883,7.935,7.85
1664,33.28,3.23,3.236,bbox,6.462,7.883,7.935,7.85
1665,33.3,2.257,3.23,pose,6.462,7.883,7.935,7.85
1666,33.32,3.193,3.193,bbox,6.462,7.883,7.935,7.85
1667,33.34,3.197,3.197,bbox,6.462,7.883,7.935,7.85
1668,33.36,2.349,3.193,pose,6.462,7.883,7.935,7.85
1669,33.38,3.237,3.193,bbox,6.462,7.883,7.935,7.85
1670,33.4,3.282,3.197,bbox,6.462,7.883,7.935,7.85
1671,33.42,2.533,3.197,pose,6.462,7.883,7.935,7.85
1672,33.44,3.356,3.237,bbox,6.462,7.927,7.935,7.85
1673,33.46,3.396,3.282,bbox,6.462,7.927,7.935,7.85
1674,33.48,2.68,3.282,pose,6.462,7.927,7.935,7.85
1675,33.5,3.433,3.356,bbox,6.462,7.927,7.935,7.85
1676,33.52,3.435,3.396,bbox,6.462,7.927,7.935,7.85
1677,33.54,2.815,3.396,pose,6.462,7.927,7.935,7.85
1678,33.56,3.427,3.427,bbox,6.462,7.927,7.935,7.85
1679,33.58,3.409,3.427,bbox,6.462,7.927,7.935,7.85
1680,33.6,2.84,3.409,pose,6.462,7.927,7.935,7.85
1681,33.62,3.323,3.323,bbox,6.462,7.927,7.935,7.85
1682,33.64,3.269,3.323,bbox,6.462,7.927,7.935,7.85
1683,33.66,2.717,3.269,pose,6.462,7.927,7.97,7.85
1684,33.68,3.177,3.177,bbox,6.462,7.927,7.97,7.85
1685,33.7,3.128,3.177,bbox,6.462,7.927,8.0,7.85
1686,33.72,2.535,3.128,pose,6.462,7.927,8.0,7.85
1687,33.74,3.04,3.04,bbox,6.462,7.927,8.052,7.85
1688,33.76,2.974,3.04,bbox,6.462,7.927,8.095,7.85
1689,33.78,2.289,2.974,pose,6.462,7.927,8.095,7.85
1690,33.8,2.906,2.906,bbox,6.462,7.927,8.137,7.85
1691,33.82,2.91,2.91,bbox,6.511,7.927,8.137,7.85
1692,33.84,2.159,2.906,pose,6.511,7.927,8.137,7.85
1693,33.86,2.828,2.828,bbox,6.559,7.927,8.169,7.85
1694,33.88,2.838,2.838,bbox,6.559,7.927,8.169,7.85
1695,33.9,2.18,2.828,pose,6.559,7.927,8.169,7.85
1696,33.92,2.801,2.801,bbox,6.68,7.927,8.2,7.85
1697,33.94,2.813,2.813,bbox,6.68,7.927,8.2,7.85
1698,33.96,2.182,2.801,pose,6.68,7.927,8.2,7.85
1699,33.98,2.826,2.801,bbox,6.712,7.927,8.2,7.85
1700,34.0,2.867,2.813,bbox,6.712,7.927,8.2,7.85
1701,34.02,2.182,2.813,pose,6.712,7.958,8.2,7.85
1702,34.04,2.933,2.826,bbox,6.712,7.958,8.2,7.85
1703,34.06,2.936,2.867,bbox,6.712,7.958,8.2,7.85
1704,34.08,2.195,2.867,pose,6.712,8.05,8.2,7.85
1705,34.1,2.974,2.933,bbox,6.712,8.087,8.2,7.85
1706,34.12,3.036,2.936,bbox,6.712,8.087,8.2,7.85
1707,34.14,2.332,2.936,pose,6.712,8.087,8.2,7.85
1708,34.16,3.134,2.974,bbox,6.712,8.153,8.2,7.883
1709,34.18,3.188,3.036,bbox,6.712,8.153,8.2,7.883
1710,34.2,2.615,3.036,pose,6.712,8.153,8.2,7.883
1711,34.22,3.303,3.134,bbox,6.712,8.193,8.2,7.914
1712,34.24,3.367,3.188,bbox,6.712,8.193,8.2,7.914
1713,34.26,2.729,3.188,pose,6.712,8.193,8.2,7.914
1714,34.28,3.473,3.303,bbox,6.712,8.227,8.2,7.914
1715,34.3,3.49,3.367,bbox,6.712,8.227,8.2,7.914
1716,34.32,2.711,3.367,pose,6.712,8.227,8.2,7.914
1717,34.34,3.478,3.473,bbox,6.712,8.227,8.2,7.914
1718,34.36,3.448,3.473,bbox,6.712,8.227,8.2,7.914
1719,34.38,2.58,3.448,pose,6.712,8.227,8.2,7.914
1720,34.4,3.382,3.382,bbox,6.712,8.227,8.2,7.914
1721,34.42,3.318,3.382,bbox,6.712,8.227,8.2,7.914
1722,34.44,2.049,3.318,bbox,6.742,8.227,8.2,7.914
1723,34.46,2.039,2.58,bbox,6.774,8.227,8.2,7.914
1724,34.48,3.231,3.231,bbox,6.774,8.227,8.2,7.914
1725,34.5,2.291,2.291,pose,6.774,8.227,8.2,7.914
1726,34.52,3.157,2.291,bbox,6.817,8.227,8.242,7.914
1727,34.54,3.091,3.091,bbox,6.817,8.227,8.242,7.914
1728,34.56,2.254,3.091,pose,6.817,8.27,8.242,7.914
1729,34.58,3.044,3.044,bbox,6.86,8.27,8.242,7.914
1730,34.6,3.012,3.044,bbox,6.904,8.27,8.242,7.914
1731,34.62,2.252,3.012,pose,6.904,8.27,8.242,7.914
1732,34.64,2.984,2.984,bbox,6.937,8.27,8.242,7.914
1733,34.66,2.969,2.984,bbox,6.97,8.27,8.242,7.914
1734,34.68,2.28,2.969,pose,6.97,8.27,8.242,7.914
1735,34.7,2.957,2.957,bbox,7.012,8.27,8.242,7.914
1736,34.72,3.058,2.969,bbox,7.012,8.27,8.242,7.914
1737,34.74,1.605,2.957,pose,7.012,8.27,8.242,7.914
1738,34.76,2.957,2.957,bbox,7.063,8.27,8.242,7.914
1739,34.78,1.97,2.957,bbox,7.13,8.27,8.242,7.914
1740,34.8,2.272,2.272,pose,7.13,8.27,8.242,7.914
1741,34.82,2.937,2.272,bbox,7.13,8.27,8.242,7.914
1742,34.84,2.967,2.937,bbox,7.13,8.27,8.242,7.914
1743,34.86,2.214,2.272,pose,7.13,8.356,8.242,7.914
1744,34.88,3.086,2.937,bbox,7.13,8.356,8.242,7.914
1745,34.9,3.025,2.967,bbox,7.177,8.356,8.242,7.914
1746,34.92,2.07,2.967,pose,7.177,8.356,8.242,7.914
1747,34.94,2.971,2.971,bbox,7.21,8.356,8.242,7.914
1748,34.96,2.937,2.971,bbox,7.246,8.356,8.242,7.914
1749,34.98,1.975,2.937,pose,7.3,8.356,8.242,7.914
1750,35.0,2.942,2.937,bbox,7.339,8.356,8.242,7.914
1751,35.02,2.94,2.94,bbox,7.399,8.356,8.242,7.914
1752,35.04,2.643,2.937,pose,7.399,8.356,8.242,7.914
1753,35.06,2.956,2.94,bbox,7.431,8.356,8.242,7.914
1754,35.08,2.077,2.94,bbox,7.431,8.356,8.242,7.914
1755,35.1,1.63,2.643,pose,7.471,8.356,8.242,7.914
1756,35.12,2.077,2.077,bbox,7.471,8.356,8.242,7.914
1757,35.14,2.777,2.077,bbox,7.471,8.356,8.242,7.914
1758,35.16,2.024,2.077,pose,7.471,8.356,8.242,7.914
1759,35.18,2.887,2.077,bbox,7.471,8.356,8.242,7.961
1760,35.2,2.903,2.777,bbox,7.471,8.356,8.242,7.961
1761,35.22,2.35,2.777,pose,7.471,8.356,8.242,7.961
1762,35.24,2.935,2.887,bbox,7.471,8.425,8.242,7.961
1763,35.26,2.973,2.903,bbox,7.471,8.425,8.242,7.961
1764,35.28,3.041,2.935,bbox,7.471,8.464,8.242,7.961
1765,35.3,3.088,2.973,bbox,7.471,8.504,8.242,7.961
1766,35.32,3.156,3.041,bbox,7.471,8.504,8.242,7.961
1767,35.34,3.085,3.085,pose,7.471,8.543,8.242,7.961
1768,35.36,3.265,3.088,bbox,7.471,8.589,8.242,7.961
1769,35.38,3.295,3.156,bbox,7.471,8.67,8.242,7.961
1770,35.4,2.483,3.156,pose,7.471,8.67,8.242,7.961
1771,35.42,3.319,3.265,bbox,7.471,8.67,8.242,7.961
1772,35.44,3.279,3.279,bbox,7.471,8.67,8.242,7.961
1773,35.46,2.198,3.279,bbox,7.471,8.67,8.242,7.961
1774,35.48,3.152,3.152,bbox,7.471,8.67,8.242,7.961
1775,35.5,3.194,3.194,bbox,7.471,8.67,8.242,7.961
1776,35.52,2.189,3.152,pose,7.471,8.67,8.242,7.961
1777,35.54,3.167,3.152,bbox,7.471,8.67,8.297,7.961
1778,35.56,3.132,3.152,bbox,7.471,8.67,8.297,7.961
1779,35.58,2.131,3.132,pose,7.471,8.67,8.297,7.961
1780,35.6,3.072,3.072,bbox,7.471,8.67,8.328,7.961
1781,35.62,3.046,3.072,bbox,7.471,8.67,8.328,7.961
1782,35.64,2.055,3.046,pose,7.471,8.67,8.328,7.961
1783,35.66,2.95,2.95,bbox,7.471,8.67,8.328,7.961
1784,35.68,2.907,2.95,bbox,7.471,8.67,8.328,7.961
1785,35.7,1.972,2.907,pose,7.546,8.67,8.328,7.961
1786,35.72,2.791,2.791,bbox,7.546,8.67,8.328,7.961
1787,35.74,2.692,2.791,bbox,7.546,8.67,8.328,7.961
1788,35.76,1.689,2.692,pose,7.546,8.67,8.328,7.961
1789,35.78,2.563,2.563,bbox,7.628,8.67,8.328,7.961
1790,35.8,4.252,2.692,bbox,7.628,8.67,8.328,7.961
1791,35.82,1.994,2.563,pose,7.628,8.746,8.328,7.961
1792,35.84,2.802,2.563,bbox,7.628,8.746,8.328,7.961
1793,35.86,2.753,2.753,bbox,7.716,8.746,8.328,7.961
1794,35.88,1.979,2.753,pose,7.716,8.746,8.328,7.961
1795,35.9,2.727,2.727,bbox,7.789,8.746,8.328,7.961
1796,35.92,2.743,2.743,bbox,7.824,8.746,8.328,7.961
1797,35.94,1.892,2.727,pose,7.859,8.746,8.328,7.961
1798,35.96,2.802,2.727,bbox,7.859,8.746,8.328,7.961
1799,35.98,2.673,2.727,bbox,7.859,8.746,8.328,7.961
1800,36.0,1.482,2.673,pose,7.859,8.746,8.328,7.961
1801,36.02,2.616,2.616,bbox,7.859,8.746,8.328,7.961
1802,36.04,2.599,2.616,bbox,7.891,8.746,8.328,7.961
1803,36.06,1.619,2.599,pose,7.891,8.746,8.328,7.961
1804,36.08,2.6,2.599,bbox,7.951,8.746,8.328,7.961
1805,36.1,2.563,2.599,bbox,7.984,8.746,8.328,7.961
1806,36.12,1.596,2.563,pose,7.984,8.746,8.328,7.961
1807,36.14,2.548,2.548,bbox,8.034,8.746,8.328,7.961
1808,36.16,2.58,2.563,bbox,8.034,8.746,8.328,7.961
1809,36.18,1.643,2.548,pose,8.034,8.746,8.328,7.992
1810,36.2,2.68,2.548,bbox,8.034,8.779,8.328,8.061
1811,36.22,2.683,2.58,bbox,8.034,8.779,8.328,8.061
1812,36.24,1.83,2.58,pose,8.034,8.779,8.328,8.105
1813,36.26,2.857,2.68,bbox,8.034,8.869,8.328,8.243
1814,36.28,2.902,2.683,bbox,8.034,8.869,8.328,8.243
1815,36.3,2.092,2.683,pose,8.034,8.869,8.328,8.32
1816,36.32,3.087,2.857,bbox,8.034,8.945,8.328,8.32
1817,36.34,5.144,2.902,bbox,8.034,8.945,8.328,8.419
1818,36.36,5.166,3.087,bbox,8.034,9.024,8.328,8.419
1819,36.38,3.351,3.351,bbox,8.034,9.114,8.328,8.458
1820,36.4,3.437,3.437,bbox,8.034,9.167,8.328,8.458
1821,36.42,2.868,3.437,pose,8.034,9.215,8.328,8.458
1822,36.44,3.546,3.437,bbox,8.034,9.215,8.328,8.458
1823,36.46,3.581,3.437,bbox,8.034,9.215,8.328,8.458
1824,36.48,3.021,3.437,pose,8.034,9.215,8.328,8.458
1825,36.5,3.575,3.546,bbox,8.034,9.215,8.328,8.458
1826,36.52,3.556,3.556,bbox,8.034,9.215,8.328,8.458
1827,36.54,2.918,3.556,pose,8.034,9.215,8.328,8.458
1828,36.56,3.502,3.502,bbox,8.034,9.215,8.328,8.458
1829,36.58,3.473,3.502,bbox,8.034,9.215,8.328,8.458
1830,36.6,2.721,3.473,pose,8.034,9.215,8.328,8.458
1831,36.62,3.392,3.392,bbox,8.034,9.215,8.328,8.458
1832,36.64,3.331,3.392,bbox,8.034,9.215,8.328,8.458
1833,36.66,3.272,3.331,bbox,8.034,9.215,8.328,8.458
1834,36.68,3.215,3.272,bbox,8.034,9.215,8.328,8.458
1835,36.7,3.173,3.272,bbox,8.034,9.215,8.328,8.458
1836,36.72,4.15,3.272,pose,8.034,9.215,8.328,8.458
1837,36.74,4.914,3.272,bbox,8.034,9.215,8.384,8.458
1838,36.76,4.938,4.15,bbox,8.034,9.215,8.421,8.458
1839,36.78,4.208,4.208,pose,8.034,9.215,8.421,8.458
1840,36.8,2.974,4.208,bbox,8.034,9.215,8.453,8.458
1841,36.82,4.956,4.914,bbox,8.034,9.215,8.453,8.458
1842,36.84,2.133,4.208,pose,8.034,9.215,8.453,8.458
1843,36.86,2.964,2.974,bbox,8.034,9.215,8.453,8.458
1844,36.88,2.959,2.964,bbox,8.099,9.215,8.453,8.458
1845,36.9,2.155,2.959,pose,8.099,9.251,8.453,8.458
1846,36.92,2.971,2.959,bbox,8.173,9.251,8.453,8.458
1847,36.94,2.983,2.964,bbox,8.173,9.251,8.453,8.458
1848,36.96,2.148,2.959,pose,8.173,9.251,8.453,8.458
1849,36.98,2.996,2.971,bbox,8.173,9.251,8.453,8.458
1850,37.0,3.004,2.983,bbox,8.173,9.251,8.453,8.458
1851,37.02,2.148,2.983,pose,8.173,9.285,8.453,8.458
1852,37.04,3.022,2.996,bbox,8.173,9.32,8.453,8.458
1853,37.06,3.039,3.004,bbox,8.173,9.373,8.453,8.458
1854,37.08,2.221,3.004,pose,8.173,9.373,8.453,8.458
1855,37.1,3.13,3.022,bbox,8.173,9.43,8.496,8.458
1856,37.12,3.2,3.039,bbox,8.173,9.497,8.496,8.458
1857,37.14,5.175,3.13,bbox,8.173,9.571,8.496,8.458
1858,37.16,5.212,3.2,bbox,8.173,9.571,8.496,8.458
1859,37.18,5.186,5.175,bbox,8.173,9.571,8.496,8.458
1860,37.2,2.576,5.175,pose,8.173,9.571,8.496,8.458
1861,37.22,3.429,5.175,bbox,8.173,9.571,8.539,8.458
1862,37.24,3.447,3.447,bbox,8.173,9.571,8.539,8.458
1863,37.26,2.706,3.429,pose,8.173,9.571,8.539,8.458
1864,37.28,3.438,3.429,bbox,8.173,9.571,8.581,8.458
1865,37.3,3.412,3.429,bbox,8.173,9.571,8.581,8.458
1866,37.32,4.054,3.438,pose,8.173,9.571,8.581,8.458
1867,37.34,5.003,3.438,bbox,8.173,9.642,8.642,8.458
1868,37.36,3.282,3.438,bbox,8.231,9.642,8.642,8.458
1869,37.38,2.504,3.412,pose,8.231,9.642,8.642,8.458
1870,37.4,3.222,3.282,bbox,8.231,9.642,8.642,8.458
1871,37.42,3.195,3.222,bbox,8.29,9.642,8.642,8.458
1872,37.44,2.36,3.195,pose,8.29,9.642,8.642,8.458
1873,37.46,3.158,3.158,bbox,8.323,9.642,8.642,8.458
1874,37.48,3.124,3.158,bbox,8.323,9.642,8.642,8.458
1875,37.5,2.218,3.124,pose,8.323,9.642,8.642,8.458
1876,37.52,3.041,3.041,bbox,8.373,9.642,8.642,8.458
1877,37.54,3.005,3.041,bbox,8.373,9.642,8.642,8.458
1878,37.56,2.184,3.005,pose,8.373,9.642,8.642,8.458
1879,37.58,2.965,2.965,bbox,8.42,9.642,8.673,8.458
1880,37.6,2.964,2.965,bbox,8.42,9.642,8.673,8.458
1881,37.62,2.159,2.964,pose,8.42,9.642,8.673,8.458
1882,37.64,3.078,2.964,bbox,8.42,9.696,8.673,8.458
1883,37.66,3.048,2.965,bbox,8.464,9.696,8.673,8.458
1884,37.68,3.014,3.014,bbox,8.464,9.696,8.673,8.458
1885,37.7,3.036,3.036,bbox,8.464,9.696,8.673,8.497
1886,37.72,3.039,3.039,bbox,8.53,9.696,8.673,8.497
1887,37.74,2.627,3.036,pose,8.53,9.696,8.673,8.527
1888,37.76,3.045,3.036,bbox,8.569,9.696,8.673,8.58
1889,37.78,3.114,3.039,bbox,8.644,9.696,8.673,8.58
1890,37.8,3.162,3.045,bbox,8.644,9.696,8.673,8.58
1891,37.82,3.174,3.114,bbox,8.644,9.696,8.673,8.61
1892,37.84,3.171,3.162,bbox,8.644,9.696,8.673,8.61
1893,37.86,2.116,3.162,pose,8.644,9.696,8.673,8.61
1894,37.88,3.092,3.162,bbox,8.644,9.696,8.673,8.61
1895,37.9,3.057,3.092,bbox,8.644,9.696,8.673,8.61
1896,37.92,1.905,3.057,pose,8.644,9.696,8.673,8.61
1897,37.94,3.027,3.027,bbox,8.717,9.696,8.673,8.61
1898,37.96,2.951,3.027,bbox,8.717,9.696,8.673,8.61
1899,37.98,2.089,2.951,pose,8.717,9.696,8.673,8.61
1900,38.0,3.063,2.951,bbox,8.717,9.781,8.673,8.641
1901,38.02,2.95,2.951,bbox,8.8,9.781,8.673,8.641
1902,38.04,2.234,2.95,pose,8.8,9.882,8.673,8.678
1903,38.06,3.091,2.95,bbox,8.8,9.882,8.673,8.74
1904,38.08,3.27,3.063,bbox,8.8,9.882,8.673,8.74
1905,38.1,2.647,2.95,pose,8.8,9.995,8.673,8.74
1906,38.12,3.412,3.091,bbox,8.8,9.995,8.673,8.79
1907,38.14,3.449,3.27,bbox,8.8,10.043,8.673,8.79
1908,38.16,2.961,3.27,pose,8.8,10.043,8.673,8.79
1909,38.18,3.545,3.412,bbox,8.8,10.043,8.673,8.825
1910,38.2,3.579,3.449,bbox,8.8,10.043,8.673,8.825
1911,38.22,3.093,3.449,pose,8.8,10.043,8.673,8.825
1912,38.24,3.612,3.545,bbox,8.8,10.043,8.673,8.825
1913,38.26,3.601,3.579,bbox,8.8,10.043,8.673,8.825
1914,38.28,3.005,3.579,pose,8.8,10.043,8.673,8.825
1915,38.3,3.577,3.577,bbox,8.8,10.043,8.673,8.825
1916,38.32,3.541,3.577,bbox,8.8,10.043,8.673,8.825
1917,38.34,2.819,3.541,pose,8.8,10.043,8.673,8.825
1918,38.36,3.442,3.442,bbox,8.8,10.043,8.673,8.825
1919,38.38,3.405,3.442,bbox,8.8,10.043,8.673,8.825
1920,38.4,2.57,3.405,pose,8.8,10.043,8.673,8.825
1921,38.42,3.263,3.263,bbox,8.8,10.043,8.673,8.825
1922,38.44,3.207,3.263,bbox,8.8,10.043,8.673,8.825
1923,38.46,2.329,3.207,pose,8.8,10.043,8.673,8.825
1924,38.48,2.764,2.764,bbox,8.8,10.043,8.727,8.825
1925,38.5,4.884,3.207,bbox,8.8,10.043,8.727,8.825
1926,38.52,2.219,2.764,pose,8.837,10.043,8.727,8.825
1927,38.54,2.921,2.764,bbox,8.888,10.043,8.783,8.825
1928,38.56,2.901,2.901,bbox,8.888,10.043,8.783,8.825
1929,38.58,2.134,2.901,pose,8.888,10.161,8.783,8.825
1930,38.6,2.972,2.901,bbox,9.003,10.161,8.783,8.825
1931,38.62,4.985,2.921,bbox,9.003,10.161,8.783,8.825
1932,38.64,2.157,2.901,pose,9.003,10.248,8.783,8.825
1933,38.66,2.977,2.972,bbox,9.003,10.248,8.783,8.825
1934,38.68,2.971,2.972,bbox,9.09,10.248,8.783,8.825
1935,38.7,2.17,2.971,pose,9.09,10.335,8.783,8.825
1936,38.72,2.976,2.971,bbox,9.179,10.335,8.783,8.825
1937,38.74,2.981,2.976,bbox,9.179,10.335,8.783,8.825
1938,38.76,2.171,2.971,pose,9.179,10.335,8.783,8.825
1939,38.78,2.994,2.976,bbox,9.179,10.335,8.783,8.825
1940,38.8,2.994,2.981,bbox,9.179,10.335,8.783,8.825
1941,38.82,2.162,2.981,pose,9.179,10.335,8.783,8.825
1942,38.84,3.01,2.994,bbox,9.179,10.335,8.783,8.825
1943,38.86,3.057,2.994,bbox,9.179,10.335,8.783,8.825
1944,38.88,2.31,2.994,pose,9.179,10.367,8.783,8.825
1945,38.9,3.187,3.01,bbox,9.179,10.43,8.783,8.859
1946,38.92,3.242,3.057,bbox,9.179,10.43,8.783,8.859
1947,38.94,2.509,3.057,pose,9.179,10.43,8.783,8.859
1948,38.96,3.342,3.187,bbox,9.179,10.474,8.783,8.859
1949,38.98,3.377,3.242,bbox,9.179,10.474,8.783,8.859
1950,39.0,2.668,3.242,pose,9.179,10.474,8.783,8.859
1951,39.02,3.402,3.342,bbox,9.179,10.474,8.783,8.859
1952,39.04,3.407,3.377,bbox,9.179,10.474,8.783,8.859
1953,39.06,2.754,3.377,pose,9.179,10.474,8.783,8.859
1954,39.08,3.392,3.392,bbox,9.179,10.474,8.783,8.859
1955,39.1,3.362,3.392,bbox,9.179,10.474,8.783,8.859
1956,39.12,2.647,3.362,pose,9.179,10.474,8.783,8.859
1957,39.14,3.267,3.267,bbox,9.179,10.474,8.783,8.859
1958,39.16,3.209,3.267,bbox,9.179,10.474,8.783,8.859
1959,39.18,2.508,3.209,pose,9.179,10.474,8.828,8.859
1960,39.2,4.634,3.209,bbox,9.179,10.52,8.828,8.859
1961,39.22,4.601,3.267,bbox,9.179,10.52,8.858,8.859
1962,39.24,2.33,3.209,pose,9.179,10.52,8.858,8.859
1963,39.26,2.923,2.923,bbox,9.179,10.52,8.912,8.859
1964,39.28,4.506,4.506,bbox,9.179,10.52,8.942,8.859
1965,39.3,2.206,2.923,pose,9.179,10.52,8.942,8.859
1966,39.32,2.841,2.841,bbox,9.215,10.52,8.99,8.859
1967,39.34,2.829,2.841,bbox,9.274,10.52,8.99,8.859
1968,39.36,2.267,2.829,pose,9.274,10.52,8.99,8.859
1969,39.38,2.846,2.829,bbox,9.274,10.52,9.046,8.859
1970,39.4,2.835,2.835,bbox,9.274,10.52,9.078,8.859
1971,39.42,2.269,2.829,pose,9.274,10.52,9.078,8.859
1972,39.44,2.781,2.781,bbox,9.274,10.52,9.129,8.859
1973,39.46,2.763,2.781,bbox,9.274,10.52,9.129,8.859
1974,39.48,2.237,2.763,pose,9.274,10.52,9.129,8.859
1975,39.5,2.705,2.705,bbox,9.274,10.52,9.129,8.859
1976,39.52,2.687,2.705,bbox,9.274,10.52,9.129,8.859
1977,39.54,2.175,2.687,pose,9.274,10.52,9.129,8.859
1978,39.56,2.715,2.687,bbox,9.274,10.551,9.129,8.893
1979,39.58,2.764,2.705,bbox,9.274,10.551,9.129,8.893
1980,39.6,2.808,2.715,bbox,9.274,10.59,9.129,8.893
1981,39.62,2.845,2.764,bbox,9.274,10.63,9.129,8.939
1982,39.64,2.932,2.808,bbox,9.274,10.63,9.129,8.939
1983,39.66,2.589,2.808,pose,9.274,10.672,9.129,8.974
1984,39.68,3.041,2.845,bbox,9.274,10.672,9.129,9.031
1985,39.7,3.073,2.932,bbox,9.274,10.672,9.129,9.031
1986,39.72,2.789,2.932,pose,9.274,10.672,9.129,9.031
1987,39.74,3.142,3.041,bbox,9.274,10.672,9.129,9.031
1988,39.76,3.159,3.073,bbox,9.274,10.672,9.129,9.031
1989,39.78,2.845,3.073,pose,9.274,10.672,9.129,9.031
1990,39.8,3.178,3.142,bbox,9.274,10.672,9.129,9.031
1991,39.82,3.19,3.159,bbox,9.274,10.672,9.129,9.031
1992,39.84,2.676,3.159,pose,9.274,10.672,9.129,9.031
1993,39.86,3.152,3.152,bbox,9.274,10.672,9.129,9.031
1994,39.88,3.126,3.152,bbox,9.274,10.672,9.129,9.031
1995,39.9,2.455,3.126,pose,9.274,10.672,9.129,9.031
1996,39.92,2.762,2.762,bbox,9.274,10.672,9.129,9.031
1997,39.94,2.918,2.918,bbox,9.274,10.672,9.129,9.031
1998,39.96,2.14,2.762,pose,9.274,10.672,9.129,9.031
1999,39.98,2.899,2.762,bbox,9.315,10.672,9.176,9.031
2000,40.0,2.861,2.861,bbox,9.315,10.672,9.176,9.031
2001,40.02,1.973,2.861,pose,9.315,10.672,9.176,9.031
2002,40.04,2.898,2.861,bbox,9.315,10.672,9.176,9.031
2003,40.06,2.843,2.861,bbox,9.315,10.672,9.176,9.031
2004,40.08,2.054,2.843,pose,9.315,10.672,9.176,9.031
2005,40.1,2.945,2.843,bbox,9.367,10.672,9.176,9.031
2006,40.12,2.999,2.898,bbox,9.367,10.672,9.176,9.031
2007,40.14,2.109,2.843,pose,9.367,10.672,9.176,9.031
2008,40.16,3.026,2.945,bbox,9.367,10.672,9.176,9.031
2009,40.18,3.015,2.999,bbox,9.367,10.672,9.176,9.031
2010,40.2,2.057,2.999,pose,9.367,10.672,9.176,9.031
2011,40.22,2.93,2.93,bbox,9.367,10.672,9.176,9.031
2012,40.24,2.887,2.93,bbox,9.414,10.672,9.176,9.031
2013,40.26,2.108,2.887,pose,9.485,10.672,9.176,9.031
2014,40.28,2.891,2.887,bbox,9.485,10.672,9.176,9.075
2015,40.3,2.909,2.891,bbox,9.516,10.672,9.176,9.075
2016,40.32,1.78,2.887,pose,9.585,10.672,9.176,9.111
2017,40.34,3.001,2.891,bbox,9.585,10.672,9.176,9.207
2018,40.36,3.018,2.909,bbox,9.622,10.672,9.176,9.207
2019,40.38,2.983,2.983,bbox,9.672,10.672,9.176,9.207
2020,40.4,2.976,2.983,bbox,9.712,10.672,9.176,9.238
2021,40.42,3.006,3.001,bbox,9.768,10.672,9.176,9.238
2022,40.44,1.899,2.983,pose,9.768,10.672,9.176,9.238
2023,40.46,2.912,2.976,bbox,9.768,10.672,9.176,9.238
2024,40.48,2.886,2.912,bbox,9.768,10.672,9.176,9.269
2025,40.5,1.902,2.886,pose,9.768,10.672,9.176,9.269
2026,40.52,2.923,2.886,bbox,9.768,10.672,9.176,9.269
2027,40.54,2.894,2.894,bbox,9.768,10.672,9.176,9.269
2028,40.56,2.83,2.886,bbox,9.768,10.672,9.176,9.269
2029,40.58,2.735,2.83,bbox,9.768,10.672,9.176,9.269
2030,40.6,2.824,2.83,bbox,9.768,10.672,9.176,9.269
2031,40.62,2.249,2.824,pose,9.768,10.672,9.176,9.269
2032,40.64,2.991,2.824,bbox,9.768,10.672,9.176,9.352
2033,40.66,3.076,2.824,bbox,9.768,10.725,9.176,9.352
2034,40.68,3.128,2.991,bbox,9.768,10.765,9.176,9.388
2035,40.7,3.199,3.076,bbox,9.768,10.765,9.176,9.49
2036,40.72,3.284,3.128,bbox,9.768,10.765,9.176,9.49
2037,40.74,5.454,3.199,bbox,9.768,10.765,9.176,9.564
2038,40.76,3.571,3.284,bbox,9.768,10.765,9.176,9.665
2039,40.78,3.643,3.571,bbox,9.768,10.765,9.176,9.665
2040,40.8,2.897,3.571,pose,9.768,10.765,9.176,9.7
2041,40.82,3.764,3.643,bbox,9.768,10.765,9.176,9.758
2042,40.84,3.799,3.643,bbox,9.768,10.765,9.176,9.758
2043,40.86,2.923,3.643,pose,9.768,10.765,9.176,9.758
2044,40.88,3.816,3.764,bbox,9.768,10.765,9.176,9.789
2045,40.9,3.799,3.799,bbox,9.768,10.765,9.176,9.789
2046,40.92,3.296,3.799,pose,9.768,10.765,9.176,9.789
2047,40.94,3.708,3.708,bbox,9.768,10.765,9.176,9.789
2048,40.96,3.656,3.708,bbox,9.768,10.765,9.176,9.789
2049,40.98,2.759,3.656,pose,9.768,10.765,9.176,9.789
2050,41.0,3.467,3.467,bbox,9.768,10.765,9.176,9.789
2051,41.02,3.44,3.467,bbox,9.804,10.765,9.176,9.789
2052,41.04,2.682,3.44,pose,9.804,10.765,9.176,9.789
2053,41.06,3.125,3.125,bbox,9.804,10.765,9.176,9.789
2054,41.08,3.085,3.125,bbox,9.804,10.765,9.176,9.789
2055,41.1,2.612,3.085,pose,9.856,10.765,9.176,9.789
2056,41.12,2.987,2.987,bbox,9.986,10.765,9.208,9.789
2057,41.14,2.995,2.995,bbox,9.986,10.765,9.208,9.789
2058,41.16,2.611,2.987,pose,9.986,10.765,9.208,9.789
2059,41.18,3.07,2.987,bbox,9.986,10.765,9.208,9.789
2060,41.2,3.05,2.995,bbox,9.986,10.765,9.208,9.789
2061,41.22,4.597,3.05,pose,9.986,10.802,9.208,9.789
2062,41.24,5.207,3.07,bbox,9.986,10.802,9.208,9.789
2063,41.26,2.986,3.07,bbox,10.116,10.802,9.208,9.789
2064,41.28,2.531,3.05,pose,10.116,10.842,9.208,9.789
2065,41.3,2.942,2.986,bbox,10.116,10.842,9.208,9.789
2066,41.32,2.943,2.943,bbox,10.116,10.842,9.208,9.789
2067,41.34,2.377,2.942,pose,10.116,10.842,9.208,9.789
2068,41.36,2.94,2.94,bbox,10.174,10.842,9.208,9.789
2069,41.38,2.931,2.94,bbox,10.174,10.842,9.208,9.789
2070,41.4,2.17,2.931,pose,10.174,10.842,9.208,9.789
2071,41.42,2.885,2.885,bbox,10.174,10.842,9.208,9.789
2072,41.44,2.929,2.929,bbox,10.174,10.842,9.208,9.789
2073,41.46,2.202,2.885,pose,10.174,10.842,9.208,9.789
2074,41.48,2.898,2.885,bbox,10.174,10.842,9.208,9.789
2075,41.5,2.905,2.898,bbox,10.174,10.842,9.208,9.789
2076,41.52,2.16,2.898,pose,10.174,10.842,9.208,9.789
2077,41.54,2.989,2.898,bbox,10.174,10.842,9.208,9.83
2078,41.56,3.038,2.905,bbox,10.174,10.842,9.208,9.83
2079,41.58,2.169,2.905,pose,10.174,10.842,9.208,9.83
2080,41.6,2.975,2.975,bbox,10.174,10.842,9.208,9.83
2081,41.62,3.036,2.989,bbox,10.174,10.842,9.208,9.83
2082,41.64,2.259,2.975,pose,10.174,10.842,9.208,9.83
2083,41.66,3.097,2.975,bbox,10.174,10.879,9.208,9.83
2084,41.68,3.153,3.036,bbox,10.174,10.879,9.208,9.83
2085,41.7,2.349,3.036,pose,10.174,10.912,9.208,9.83
2086,41.72,3.202,3.097,bbox,10.174,10.948,9.208,9.83
2087,41.74,3.186,3.153,bbox,10.174,11.017,9.208,9.83
2088,41.76,2.371,3.153,pose,10.174,11.06,9.208,9.83
2089,41.78,3.176,3.176,bbox,10.174,11.09,9.245,9.83
2090,41.8,3.202,3.186,bbox,10.174,11.126,9.295,9.83
2091,41.82,2.906,3.176,pose,10.174,11.157,9.371,9.83
2092,41.84,3.206,3.176,bbox,10.174,11.187,9.425,9.83
2093,41.86,5.401,3.202,bbox,10.174,11.187,9.495,9.83
2094,41.88,4.324,3.206,pose,10.174,11.294,9.584,9.83
2095,41.9,3.179,3.206,bbox,10.174,11.411,9.584,9.83
2096,41.92,5.361,4.324,bbox,10.174,11.411,9.652,9.83
2097,41.94,2.41,4.324,pose,10.174,11.411,9.748,9.83
2098,41.96,5.151,4.324,bbox,10.174,11.517,9.794,9.83
2099,41.98,5.155,5.151,bbox,10.174,11.551,9.838,9.83
2100,42.0,2.207,5.151,pose,10.174,11.551,9.838,9.83
2101,42.02,2.719,2.719,bbox,10.174,11.551,9.838,9.83
2102,42.04,2.659,2.719,bbox,10.174,11.551,9.935,9.83
2103,42.06,2.013,2.659,pose,10.174,11.551,10.085,9.83
2104,42.08,2.498,2.498,bbox,10.217,11.551,10.135,9.83
2105,42.1,2.441,2.498,bbox,10.217,11.551,10.236,9.83
2106,42.12,1.847,2.441,pose,10.217,11.551,10.271,9.83
2107,42.14,2.337,2.337,bbox,10.217,11.582,10.399,9.83
2108,42.16,2.297,2.337,bbox,10.217,11.582,10.47,9.83
2109,42.18,1.62,2.297,pose,10.217,11.582,10.47,9.83
2110,42.2,2.178,2.178,bbox,10.217,11.582,10.603,9.83
2111,42.22,2.124,2.178,bbox,10.217,11.582,10.648,9.83
2112,42.24,1.462,2.124,pose,10.217,11.582,10.648,9.83
2113,42.26,2.098,2.098,bbox,10.217,11.582,10.736,9.83
2114,42.28,2.109,2.109,bbox,10.217,11.582,10.736,9.83
2115,42.3,1.601,2.098,pose,10.217,11.582,10.736,9.83
2116,42.32,2.055,2.055,bbox,10.217,11.582,10.783,9.83
2117,42.34,2.021,2.055,bbox,10.217,11.582,10.783,9.83
2118,42.36,2.133,2.055,bbox,10.217,11.582,10.783,9.83
2119,42.38,2.205,2.055,bbox,10.217,11.582,10.783,9.895
2120,42.4,2.211,2.133,bbox,10.217,11.582,10.783,9.895
2121,42.42,1.589,2.133,pose,10.217,11.582,10.783,9.895
2122,42.44,2.287,2.205,bbox,10.217,11.582,10.783,9.974
2123,42.46,2.3,2.211,bbox,10.217,11.582,10.783,9.974
2124,42.48,1.707,2.211,pose,10.217,11.582,10.783,10.031
2125,42.5,2.42,2.287,bbox,10.217,11.582,10.783,10.13
2126,42.52,2.461,2.3,bbox,10.217,11.582,10.783,10.13
2127,42.54,2.059,2.3,pose,10.217,11.582,10.783,10.178
2128,42.56,2.51,2.42,bbox,10.217,11.655,10.783,10.178
2129,42.58,2.532,2.461,bbox,10.217,11.655,10.783,10.178
2130,42.6,2.139,2.461,pose,10.217,11.699,10.783,10.178
2131,42.62,2.622,2.51,bbox,10.217,11.75,10.783,10.178
2132,42.64,2.689,2.532,bbox,10.217,11.75,10.783,10.178
2133,42.66,2.174,2.532,pose,10.217,11.75,10.783,10.178
2134,42.68,2.873,2.622,bbox,10.217,11.836,10.783,10.236
2135,42.7,2.999,2.689,bbox,10.217,11.836,10.783,10.236
2136,42.72,2.268,2.689,pose,10.217,11.87,10.783,10.284
2137,42.74,3.116,2.873,bbox,10.217,11.906,10.783,10.358
2138,42.76,3.141,2.999,bbox,10.217,11.906,10.783,10.358
2139,42.78,2.256,2.999,pose,10.217,11.906,10.783,10.397
2140,42.8,4.839,3.116,bbox,10.217,12.036,10.783,10.397
2141,42.82,4.865,3.141,bbox,10.217,12.036,10.783,10.471
2142,42.84,2.395,3.141,pose,10.217,12.069,10.783,10.471
2143,42.86,4.979,4.839,bbox,10.217,12.069,10.783,10.471
2144,42.88,4.983,4.865,bbox,10.217,12.069,10.783,10.471
2145,42.9,2.655,4.865,pose,10.217,12.069,10.783,10.471
2146,42.92,3.307,3.307,bbox,10.217,12.069,10.783,10.471
2147,42.94,3.305,3.307,bbox,10.217,12.069,10.783,10.471
2148,42.96,2.837,3.305,pose,10.217,12.069,10.783,10.471
2149,42.98,3.284,3.284,bbox,10.274,12.069,10.783,10.471
2150,43.0,2.548,3.284,bbox,10.274,12.069,10.783,10.471
2151,43.02,2.54,2.837,bbox,10.274,12.069,10.783,10.471
2152,43.04,2.479,2.548,bbox,10.274,12.069,10.783,10.471
2153,43.06,2.428,2.54,bbox,10.274,12.069,10.783,10.471
2154,43.08,1.893,2.479,pose,10.274,12.069,10.783,10.471
2155,43.1,2.374,2.428,bbox,10.274,12.069,10.783,10.471
2156,43.12,2.356,2.374,bbox,10.274,12.069,10.783,10.471
2157,43.14,2.901,2.374,pose,10.274,12.069,10.783,10.471
2158,43.16,2.315,2.356,bbox,10.274,12.069,10.783,10.471
2159,43.18,2.307,2.356,bbox,10.274,12.069,10.783,10.471
2160,43.2,1.844,2.315,pose,10.274,12.069,10.783,10.471
2161,43.22,2.288,2.307,bbox,10.274,12.069,10.783,10.471
2162,43.24,2.315,2.307,bbox,10.274,12.069,10.783,10.471
2163,43.26,1.78,2.288,pose,10.274,12.069,10.783,10.471
2164,43.28,2.357,2.288,bbox,10.274,12.069,10.783,10.471
2165,43.3,2.361,2.315,bbox,10.274,12.069,10.783,10.471
2166,43.32,1.801,2.315,pose,10.274,12.069,10.783,10.471
2167,43.34,2.331,2.331,bbox,10.274,12.069,10.783,10.471
2168,43.36,3.033,2.357,bbox,10.274,12.069,10.783,10.471
2169,43.38,3.926,2.361,pose,10.274,12.069,10.783,10.471
2170,43.4,4.347,3.033,bbox,10.274,12.069,10.877,10.471
2171,43.42,3.023,3.033,bbox,10.274,12.069,10.909,10.471
2172,43.44,2.044,3.033,pose,10.274,12.069,10.909,10.471
2173,43.46,3.012,3.023,bbox,10.274,12.069,10.952,10.471
2174,43.48,2.994,3.012,bbox,10.321,12.069,10.952,10.471
2175,43.5,2.018,2.994,pose,10.321,12.069,10.952,10.471
2176,43.52,2.947,2.947,bbox,10.321,12.069,10.952,10.471
2177,43.54,2.932,2.947,bbox,10.321,12.069,10.952,10.471
2178,43.56,2.052,2.932,pose,10.321,12.069,10.952,10.471
2179,43.58,2.84,2.84,bbox,10.321,12.069,10.989,10.471
2180,43.6,2.775,2.84,bbox,10.321,12.069,10.989,10.471
2181,43.62,1.836,2.775,pose,10.321,12.069,11.125,10.471
2182,43.64,2.149,2.149,bbox,10.321,12.069,11.162,10.471
2183,43.66,2.71,2.71,bbox,10.321,12.069,11.272,10.471
2184,43.68,1.962,2.149,pose,10.321,12.069,11.272,10.471
2185,43.7,2.208,2.149,bbox,10.321,12.069,11.272,10.471
2186,43.72,2.248,2.208,bbox,10.321,12.069,11.361,10.471
2187,43.74,2.033,2.208,pose,10.321,12.069,11.361,10.471
2188,43.76,2.293,2.208,bbox,10.321,12.069,11.45,10.471
2189,43.78,3.006,2.248,bbox,10.321,12.069,11.45,10.471
2190,43.8,2.771,2.293,pose,10.321,12.113,11.45,10.471
2191,43.82,3.01,2.771,bbox,10.321,12.113,11.45,10.471
2192,43.84,3.004,3.004,bbox,10.321,12.113,11.45,10.471
2193,43.86,2.669,3.004,pose,10.321,12.113,11.45,10.471
2194,43.88,2.919,2.919,bbox,10.321,12.113,11.503,10.471
2195,43.9,3.021,3.004,bbox,10.321,12.113,11.503,10.471
2196,43.92,2.45,2.919,pose,10.321,12.113,11.503,10.471
2197,43.94,2.123,2.669,bbox,10.321,12.113,11.503,10.471
2198,43.96,2.098,2.45,bbox,10.401,12.113,11.503,10.471
2199,43.98,2.102,2.123,bbox,10.401,12.113,11.503,10.471
2200,44.0,2.665,2.123,bbox,10.401,12.113,11.503,10.471
2201,44.02,2.668,2.123,bbox,10.401,12.113,11.503,10.471
2202,44.04,2.211,2.211,pose,10.401,12.113,11.503,10.471
2203,44.06,2.94,2.665,bbox,10.401,12.113,11.503,10.471
2204,44.08,2.189,2.665,bbox,10.401,12.113,11.503,10.524
2205,44.1,1.807,2.211,pose,10.401,12.113,11.503,10.613
2206,44.12,2.258,2.211,bbox,10.401,12.113,11.503,10.759
2207,44.14,2.952,2.258,bbox,10.401,12.113,11.503,10.759
2208,44.16,2.026,2.189,pose,10.401,12.113,11.503,10.828
2209,44.18,3.145,2.258,bbox,10.401,12.113,11.503,10.905
2210,44.2,2.243,2.258,bbox,10.401,12.113,11.503,10.905
2211,44.22,2.144,2.243,pose,10.401,12.143,11.503,10.905
2212,44.24,3.26,2.243,bbox,10.432,12.143,11.503,10.905
2213,44.26,3.287,3.145,bbox,10.432,12.143,11.503,10.905
2214,44.28,2.415,2.415,pose,10.432,12.143,11.503,10.905
2215,44.3,3.288,3.26,bbox,10.432,12.143,11.539,10.905
2216,44.32,3.27,3.27,bbox,10.432,12.143,11.539,10.905
2217,44.34,3.693,3.287,pose,10.432,12.143,11.539,10.905
2218,44.36,3.377,3.288,bbox,10.432,12.197,11.539,10.905
2219,44.38,3.402,3.377,bbox,10.432,12.197,11.539,10.905
2220,44.4,3.446,3.402,bbox,10.432,12.284,11.539,10.905
2221,44.42,2.335,3.402,bbox,10.432,12.284,11.539,10.986
2222,44.44,3.374,3.377,bbox,10.432,12.284,11.539,10.986
2223,44.46,2.049,3.374,pose,10.432,12.284,11.539,11.037
2224,44.48,3.422,3.374,bbox,10.432,12.284,11.539,11.171
2225,44.5,3.447,3.374,bbox,10.432,12.284,11.539,11.171
2226,44.52,3.48,3.422,bbox,10.432,12.284,11.539,11.223
2227,44.54,3.464,3.447,bbox,10.432,12.284,11.539,11.343
2228,44.56,3.521,3.464,bbox,10.432,12.284,11.539,11.343
2229,44.58,3.141,3.464,pose,10.432,12.284,11.539,11.394
2230,44.6,3.513,3.48,bbox,10.432,12.284,11.539,11.43
2231,44.62,3.53,3.513,bbox,10.432,12.315,11.539,11.467
2232,44.64,2.575,3.513,pose,10.432,12.351,11.539,11.467
2233,44.66,2.941,3.141,bbox,10.432,12.351,11.539,11.502
2234,44.68,3.71,3.513,bbox,10.432,12.351,11.539,11.502
2235,44.7,2.577,2.941,pose,10.432,12.46,11.539,11.502
2236,44.72,3.048,2.941,bbox,10.432,12.46,11.539,11.502
2237,44.74,3.073,3.048,bbox,10.432,12.46,11.539,11.502
2238,44.76,2.593,3.048,pose,10.432,12.46,11.539,11.502
2239,44.78,3.083,3.048,bbox,10.432,12.46,11.539,11.502
2240,44.8,3.094,3.073,bbox,10.432,12.46,11.539,11.502
2241,44.82,2.584,3.073,pose,10.432,12.46,11.539,11.502
2242,44.84,3.098,3.083,bbox,10.432,12.46,11.539,11.502
2243,44.86,3.058,3.083,bbox,10.432,12.46,11.539,11.502
2244,44.88,3.628,3.094,pose,10.432,12.46,11.539,11.502
2245,44.9,3.048,3.058,bbox,10.432,12.46,11.539,11.502
2246,44.92,3.023,3.058,bbox,10.432,12.46,11.539,11.502
2247,44.94,2.818,3.048,bbox,10.432,12.46,11.539,11.502
2248,44.96,2.764,3.023,bbox,10.432,12.46,11.539,11.502
2249,44.98,2.719,2.818,bbox,10.432,12.46,11.539,11.502
2250,45.0,2.656,2.764,bbox,10.432,12.46,11.539,11.502
2251,45.02,2.605,2.719,bbox,10.432,12.46,11.539,11.502
2252,45.04,,,,10.432,12.46,11.539,11.502
2253,45.06,,,,10.432,12.46,11.539,11.502
2254,45.08,3.117,2.719,bbox,10.432,12.46,11.539,11.502
2255,45.1,2.501,2.656,bbox,10.432,12.46,11.581,11.502
2256,45.12,2.477,2.605,bbox,10.432,12.46,11.581,11.502
2257,45.14,3.025,2.605,bbox,10.432,12.46,11.581,11.502
2258,45.16,2.989,2.989,bbox,10.432,12.46,11.581,11.502
2259,45.18,2.293,2.501,pose,10.432,12.46,11.581,11.502
2260,45.2,2.856,2.856,bbox,10.432,12.46,11.581,11.502
2261,45.22,2.858,2.858,bbox,10.432,12.46,11.581,11.502
2262,45.24,2.17,2.856,pose,10.432,12.46,11.581,11.502
2263,45.26,2.887,2.856,bbox,10.551,12.46,11.581,11.502
2264,45.28,2.939,2.858,bbox,10.551,12.46,11.581,11.502
2265,45.3,2.961,2.887,bbox,10.551,12.46,11.581,11.502
2266,45.32,2.967,2.939,bbox,10.551,12.46,11.581,11.502
2267,45.34,2.97,2.961,bbox,10.551,12.46,11.581,11.502
2268,45.36,2.21,2.961,pose,10.551,12.46,11.581,11.502
2269,45.38,2.952,2.961,bbox,10.551,12.46,11.581,11.502
2270,45.4,2.963,2.963,bbox,10.551,12.46,11.581,11.502
2271,45.42,2.174,2.952,pose,10.551,12.46,11.581,11.502
2272,45.44,2.915,2.915,bbox,10.551,12.46,11.581,11.502
2273,45.46,2.923,2.923,bbox,10.551,12.46,11.581,11.502
2274,45.48,2.214,2.915,pose,10.551,12.46,11.581,11.502
2275,45.5,2.979,2.915,bbox,10.551,12.508,11.581,11.502
2276,45.52,3.037,2.923,bbox,10.551,12.508,11.581,11.502
2277,45.54,2.405,2.923,pose,10.551,12.546,11.581,11.502
2278,45.56,3.145,2.979,bbox,10.551,12.602,11.581,11.54
2279,45.58,3.197,3.037,bbox,10.551,12.602,11.581,11.54
2280,45.6,2.539,3.037,pose,10.551,12.602,11.581,11.54
2281,45.62,3.317,3.145,bbox,10.551,12.602,11.581,11.575
2282,45.64,3.377,3.197,bbox,10.551,12.602,11.581,11.575
2283,45.66,2.58,3.197,pose,10.551,12.602,11.581,11.575
2284,45.68,3.427,3.317,bbox,10.551,12.602,11.581,11.575
2285,45.7,3.45,3.377,bbox,10.551,12.602,11.581,11.575
2286,45.72,2.679,3.377,pose,10.551,12.602,11.581,11.575
2287,45.74,3.451,3.427,bbox,10.551,12.602,11.581,11.575
2288,45.76,3.426,3.427,bbox,10.551,12.602,11.581,11.575
2289,45.78,2.343,3.426,pose,10.551,12.602,11.581,11.575
2290,45.8,3.297,3.297,bbox,10.551,12.602,11.581,11.575
2291,45.82,3.246,3.297,bbox,10.551,12.602,11.581,11.575
2292,45.84,2.225,3.246,pose,10.551,12.602,11.581,11.575
2293,45.86,3.183,3.183,bbox,10.551,12.602,11.664,11.575
2294,45.88,3.124,3.183,bbox,10.551,12.602,11.664,11.575
2295,45.9,2.197,3.124,pose,10.551,12.602,11.664,11.575
2296,45.92,3.077,3.077,bbox,10.551,12.602,11.664,11.575
2297,45.94,3.047,3.077,bbox,10.551,12.602,11.664,11.575
2298,45.96,2.173,3.047,pose,10.551,12.602,11.664,11.575
2299,45.98,2.965,2.965,bbox,10.591,12.602,11.664,11.575
2300,46.0,2.927,2.965,bbox,10.591,12.602,11.664,11.575
2301,46.02,2.173,2.927,pose,10.591,12.602,11.664,11.575
2302,46.04,2.903,2.903,bbox,10.65,12.602,11.664,11.575
2303,46.06,2.928,2.927,bbox,10.65,12.602,11.664,11.575
2304,46.08,2.184,2.903,pose,10.65,12.602,11.664,11.575
2305,46.1,2.981,2.903,bbox,10.65,12.602,11.664,11.575
2306,46.12,3.038,2.928,bbox,10.65,12.602,11.664,11.575
2307,46.14,2.189,2.928,pose,10.65,12.634,11.664,11.575
2308,46.16,3.065,2.981,bbox,10.65,12.634,11.664,11.612
2309,46.18,3.073,3.038,bbox,10.683,12.634,11.664,11.612
2310,46.2,2.163,3.038,pose,10.683,12.634,11.664,11.649
2311,46.22,3.141,3.065,bbox,10.683,12.634,11.664,11.715
2312,46.24,3.135,3.073,bbox,10.683,12.634,11.664,11.715
2313,46.26,2.111,3.073,pose,10.683,12.634,11.664,11.715
2314,46.28,3.124,3.124,bbox,10.734,12.634,11.664,11.715
2315,46.3,3.137,3.135,bbox,10.734,12.634,11.664,11.715
2316,46.32,2.115,3.124,pose,10.734,12.634,11.664,11.715
2317,46.34,3.15,3.124,bbox,10.766,12.634,11.664,11.715
2318,46.36,3.139,3.137,bbox,10.766,12.634,11.664,11.715
2319,46.38,2.106,3.137,pose,10.766,12.634,11.664,11.715
2320,46.4,3.066,3.066,bbox,10.766,12.634,11.664,11.715
2321,46.42,3.046,3.066,bbox,10.766,12.634,11.664,11.715
2322,46.44,2.096,3.046,pose,10.766,12.634,11.664,11.715
2323,46.46,2.953,2.953,bbox,10.766,12.634,11.664,11.745
2324,46.48,2.937,2.953,bbox,10.766,12.634,11.664,11.745
2325,46.5,2.16,2.937,pose,10.766,12.634,11.664,11.745
2326,46.52,2.933,2.933,bbox,10.831,12.634,11.664,11.797
2327,46.54,2.937,2.937,bbox,10.831,12.634,11.664,11.797
2328,46.56,2.203,2.933,pose,10.831,12.634,11.664,11.797
2329,46.58,2.981,2.933,bbox,10.862,12.634,11.664,11.836
2330,46.6,3.004,2.937,bbox,10.862,12.634,11.664,11.836
2331,46.62,2.838,2.937,bbox,10.862,12.634,11.664,11.836
2332,46.64,2.815,2.838,bbox,10.862,12.634,11.664,11.836
2333,46.66,3.095,2.981,bbox,10.862,12.634,11.664,11.836
2334,46.68,2.263,2.838,pose,10.862,12.634,11.664,11.836
2335,46.7,3.135,2.838,bbox,10.862,12.668,11.664,11.836
2336,46.72,3.108,3.095,bbox,10.862,12.668,11.664,11.836
2337,46.74,2.638,3.095,pose,10.862,12.668,11.664,11.836
2338,46.76,3.074,3.074,bbox,10.901,12.668,11.664,11.836
2339,46.78,3.077,3.077,bbox,10.938,12.668,11.664,11.836
2340,46.8,2.246,3.074,pose,10.938,12.668,11.664,11.836
2341,46.82,3.071,3.071,bbox,10.938,12.668,11.664,11.836
2342,46.84,3.09,3.074,bbox,10.938,12.668,11.664,11.836
2343,46.86,2.269,3.071,pose,10.938,12.668,11.664,11.836
2344,46.88,3.082,3.071,bbox,10.938,12.668,11.664,11.836
2345,46.9,3.065,3.071,bbox,10.938,12.668,11.664,11.836
2346,46.92,2.241,3.065,pose,10.938,12.668,11.664,11.836
2347,46.94,3.032,3.032,bbox,10.938,12.668,11.664,11.836
2348,46.96,3.0,3.032,bbox,10.938,12.668,11.664,11.836
2349,46.98,2.2,3.0,pose,10.938,12.668,11.664,11.836
2350,47.0,2.951,2.951,bbox,10.938,12.668,11.664,11.836
2351,47.02,2.918,2.951,bbox,10.938,12.668,11.664,11.836
2352,47.04,2.169,2.918,pose,10.938,12.668,11.664,11.836
2353,47.06,2.873,2.873,bbox,10.938,12.668,11.664,11.836
2354,47.08,2.885,2.885,bbox,10.938,12.668,11.664,11.836
2355,47.1,2.188,2.873,pose,10.938,12.668,11.664,11.836
2356,47.12,4.97,2.873,bbox,10.938,12.737,11.664,11.836
2357,47.14,2.881,2.881,bbox,11.009,12.737,11.664,11.836
2358,47.16,2.186,2.881,pose,11.009,12.851,11.664,11.836
2359,47.18,2.916,2.881,bbox,11.009,12.851,11.664,11.836
2360,47.2,2.935,2.916,bbox,11.119,12.851,11.664,11.836
2361,47.22,2.143,2.881,pose,11.119,12.851,11.664,11.836
2362,47.24,2.849,2.849,bbox,11.119,12.851,11.664,11.836
2363,47.26,2.81,2.849,bbox,11.119,12.851,11.664,11.836
2364,47.28,3.784,2.849,pose,11.119,12.851,11.664,11.836
2365,47.3,4.62,2.849,bbox,11.119,12.961,11.706,11.836
2366,47.32,4.563,3.784,bbox,11.119,12.961,11.74,11.836
2367,47.34,3.663,3.784,pose,11.119,12.961,11.74,11.836
2368,47.36,2.568,3.784,bbox,11.119,12.961,11.802,11.836
2369,47.38,4.377,4.377,bbox,11.119,12.961,11.852,11.836
2370,47.4,3.66,3.663,pose,11.119,12.961,11.852,11.836
2371,47.42,4.324,3.663,bbox,11.119,12.961,11.971,11.836
2372,47.44,4.288,4.288,bbox,11.119,12.961,12.05,11.836
2373,47.46,1.854,4.288,pose,11.119,12.961,12.05,11.836
2374,47.48,2.462,3.66,bbox,11.119,12.961,12.113,11.836
2375,47.5,2.31,2.462,bbox,11.119,12.961,12.167,11.836
2376,47.52,3.643,2.462,pose,11.119,12.961,12.167,11.836
2377,47.54,2.375,2.375,bbox,11.198,12.961,12.167,11.836
2378,47.56,4.367,2.462,bbox,11.198,12.961,12.167,11.836
2379,47.58,3.654,3.643,pose,11.198,12.961,12.167,11.87
2380,47.6,2.507,3.643,bbox,11.198,12.961,12.167,11.915
2381,47.62,2.584,2.584,bbox,11.198,12.961,12.167,11.915
2382,47.64,1.723,2.584,pose,11.198,13.065,12.167,11.915
2383,47.66,2.645,2.584,bbox,11.26,13.065,12.167,11.977
2384,47.68,2.708,2.584,bbox,11.26,13.065,12.167,11.977
2385,47.7,2.009,2.584,pose,11.26,13.065,12.167,12.01
2386,47.72,2.904,2.645,bbox,11.26,13.104,12.167,12.097
2387,47.74,2.936,2.708,bbox,11.26,13.104,12.167,12.097
2388,47.76,2.888,2.888,pose,11.26,13.104,12.167,12.132
2389,47.78,3.086,2.904,bbox,11.26,13.104,12.167,12.193
2390,47.8,4.851,2.936,bbox,11.26,13.104,12.167,12.193
2391,47.82,4.071,3.086,pose,11.26,13.191,12.167,12.193
2392,47.84,4.906,4.071,bbox,11.26,13.191,12.167,12.193
2393,47.86,4.903,4.851,bbox,11.26,13.191,12.167,12.193
2394,47.88,4.136,4.851,pose,11.26,13.191,12.167,12.193
2395,47.9,4.944,4.903,bbox,11.26,13.228,12.167,12.193
2396,47.92,4.941,4.906,bbox,11.26,13.228,12.167,12.193
2397,47.94,4.174,4.903,pose,11.26,13.228,12.167,12.193
2398,47.96,3.215,4.174,bbox,11.26,13.228,12.167,12.193
2399,47.98,3.205,4.174,bbox,11.26,13.228,12.167,12.193
2400,48.0,4.122,4.122,pose,11.26,13.228,12.167,12.193
2401,48.02,4.801,4.122,bbox,11.293,13.228,12.167,12.193
2402,48.04,2.957,3.215,bbox,11.293,13.228,12.167,12.193
2403,48.06,4.05,4.05,pose,11.293,13.228,12.167,12.193
2404,48.08,4.742,4.122,bbox,11.293,13.228,12.167,12.193
2405,48.1,2.992,4.05,bbox,11.293,13.228,12.167,12.193
2406,48.12,2.202,2.992,pose,11.293,13.228,12.167,12.193
2407,48.14,4.763,4.05,bbox,11.293,13.228,12.167,12.193
2408,48.16,2.93,2.992,bbox,11.293,13.228,12.167,12.193
2409,48.18,2.225,2.93,pose,11.339,13.228,12.167,12.193
2410,48.2,2.913,2.913,bbox,11.339,13.228,12.167,12.193
2411,48.22,2.935,2.93,bbox,11.4,13.228,12.167,12.193
2412,48.24,4.109,2.93,pose,11.4,13.228,12.167,12.193
2413,48.26,4.875,2.935,bbox,11.4,13.303,12.167,12.193
2414,48.28,2.985,2.985,bbox,11.473,13.303,12.167,12.193
2415,48.3,2.235,2.985,pose,11.473,13.357,12.167,12.193
2416,48.32,2.921,2.985,bbox,11.473,13.357,12.167,12.193
2417,48.34,2.969,2.969,bbox,11.531,13.357,12.167,12.193
2418,48.36,2.233,2.921,pose,11.531,13.357,12.167,12.193
2419,48.38,2.912,2.912,bbox,11.531,13.357,12.167,12.193
2420,48.4,5.019,2.921,bbox,11.531,13.357,12.167,12.193
2421,48.42,5.014,2.969,bbox,11.531,13.49,12.167,12.193
2422,48.44,5.062,5.014,bbox,11.531,13.49,12.167,12.193
2423,48.46,5.045,5.019,bbox,11.531,13.49,12.167,12.193
2424,48.48,2.322,5.019,pose,11.531,13.49,12.167,12.193
2425,48.5,3.059,5.014,bbox,11.531,13.49,12.167,12.193
2426,48.52,3.079,3.079,bbox,11.531,13.49,12.167,12.193
2427,48.54,4.5,3.079,pose,11.531,13.49,12.167,12.193
2428,48.56,2.938,3.059,bbox,11.531,13.49,12.167,12.193
2429,48.58,3.142,3.079,bbox,11.531,13.49,12.167,12.193
2430,48.6,2.477,3.079,pose,11.531,13.49,12.167,12.193
2431,48.62,3.199,3.142,bbox,11.531,13.49,12.167,12.193
2432,48.64,3.214,3.142,bbox,11.531,13.49,12.167,12.193
2433,48.66,2.464,3.142,pose,11.531,13.49,12.167,12.193
2434,48.68,3.176,3.176,bbox,11.531,13.49,12.167,12.193
2435,48.7,3.175,3.176,bbox,11.531,13.49,12.167,12.193
2436,48.72,4.78,3.176,pose,11.531,13.49,12.167,12.193
2437,48.74,3.135,3.175,bbox,11.58,13.49,12.167,12.193
2438,48.76,3.072,3.175,bbox,11.58,13.49,12.167,12.193
2439,48.78,2.055,3.135,pose,11.58,13.49,12.167,12.193
2440,48.8,2.941,3.072,bbox,11.58,13.49,12.167,12.193
2441,48.82,2.878,2.941,bbox,11.58,13.49,12.207,12.193
2442,48.84,2.861,2.878,bbox,11.647,13.49,12.207,12.193
2443,48.86,2.849,2.861,bbox,11.716,13.49,12.239,12.193
2444,48.88,2.837,2.861,bbox,11.716,13.49,12.239,12.193
2445,48.9,2.761,2.849,bbox,11.716,13.49,12.239,12.193
2446,48.92,2.63,2.837,bbox,11.747,13.49,12.239,12.193
2447,48.94,2.567,2.761,bbox,11.82,13.49,12.239,12.193
2448,48.96,1.798,2.63,pose,11.896,13.49,12.239,12.193
2449,48.98,2.585,2.585,bbox,11.896,13.49,12.239,12.193
2450,49.0,2.635,2.585,bbox,11.896,13.49,12.239,12.193
2451,49.02,1.858,2.567,pose,11.896,13.49,12.239,12.193
2452,49.04,2.662,2.585,bbox,11.934,13.49,12.239,12.236
2453,49.06,2.635,2.635,bbox,11.934,13.49,12.239,12.236
2454,49.08,1.923,2.635,pose,11.934,13.49,12.239,12.268
2455,49.1,2.748,2.635,bbox,11.934,13.545,12.239,12.353
2456,49.12,2.906,2.662,bbox,11.934,13.545,12.239,12.353
2457,49.14,2.084,2.635,pose,11.934,13.622,12.239,12.414
2458,49.16,3.152,2.748,bbox,11.934,13.675,12.239,12.505
2459,49.18,3.239,2.906,bbox,11.934,13.675,12.239,12.547
2460,49.2,3.306,3.152,bbox,11.934,13.71,12.239,12.578
2461,49.22,3.366,3.239,bbox,11.934,13.71,12.239,12.578
2462,49.24,3.427,3.306,bbox,11.934,13.71,12.239,12.627
2463,49.26,3.496,3.366,bbox,11.934,13.75,12.239,12.627
2464,49.28,3.563,3.427,bbox,11.934,13.784,12.239,12.627
2465,49.3,3.543,3.496,bbox,11.934,13.815,12.239,12.627
2466,49.32,3.607,3.543,bbox,11.934,13.815,12.239,12.627
2467,49.34,3.619,3.563,bbox,11.934,13.815,12.239,12.627
2468,49.36,3.63,3.607,bbox,11.934,13.815,12.239,12.627
2469,49.38,3.667,3.619,bbox,11.934,13.815,12.239,12.627
2470,49.4,3.634,3.63,bbox,11.934,13.815,12.239,12.627
2471,49.42,3.614,3.63,bbox,11.934,13.815,12.239,12.627
2472,49.44,2.716,3.63,pose,11.934,13.815,12.239,12.627
2473,49.46,3.546,3.614,bbox,11.934,13.815,12.239,12.677
2474,49.48,3.505,3.546,bbox,11.934,13.815,12.239,12.677
2475,49.5,2.83,3.505,pose,11.934,13.815,12.239,12.714
2476,49.52,5.89,3.505,bbox,11.934,13.861,12.239,12.714
2477,49.54,3.506,3.506,bbox,11.934,13.861,12.239,12.714
2478,49.56,3.492,3.505,bbox,11.934,13.861,12.239,12.714
2479,49.58,3.478,3.492,bbox,11.934,13.861,12.239,12.714
2480,49.6,3.456,3.492,bbox,11.934,13.861,12.239,12.714
2481,49.62,3.107,3.478,pose,11.934,13.861,12.239,12.714
2482,49.64,3.386,3.456,bbox,11.969,13.861,12.239,12.714
2483,49.66,3.361,3.386,bbox,11.969,13.861,12.239,12.714
2484,49.68,3.006,3.361,pose,12.023,13.861,12.239,12.714
2485,49.7,3.248,3.248,bbox,12.023,13.861,12.239,12.714
2486,49.72,3.253,3.253,bbox,12.023,13.861,12.239,12.714
2487,49.74,2.862,3.248,pose,12.023,13.861,12.239,12.714
2488,49.76,3.242,3.242,bbox,12.107,13.861,12.239,12.714
2489,49.78,3.216,3.242,bbox,12.107,13.861,12.239,12.714
2490,49.8,2.636,3.216,pose,12.107,13.861,12.239,12.714
2491,49.82,3.301,3.216,bbox,12.107,13.861,12.239,12.714
2492,49.84,3.179,3.216,bbox,12.107,13.861,12.239,12.714
2493,49.86,2.43,3.179,pose,12.107,13.861,12.239,12.714
2494,49.88,3.157,3.157,bbox,12.107,13.861,12.277,12.714
2495,49.9,3.234,3.179,bbox,12.107,13.861,12.277,12.714
2496,49.92,2.302,3.157,pose,12.107,13.861,12.277,12.714
2497,49.94,3.067,3.067,bbox,12.107,13.861,12.277,12.714
2498,49.96,2.957,3.067,bbox,12.107,13.861,12.277,12.714
2499,49.98,2.134,2.957,pose,12.186,13.861,12.277,12.714
2500,50.0,2.917,2.917,bbox,12.186,13.861,12.277,12.714
2501,50.02,2.893,2.917,bbox,12.238,13.861,12.277,12.714
2502,50.04,2.142,2.893,pose,12.277,13.861,12.277,12.714
2503,50.06,2.841,2.841,bbox,12.312,13.861,12.31,12.714
2504,50.08,2.808,2.841,bbox,12.312,13.861,12.31,12.714
2505,50.1,2.132,2.808,pose,12.312,13.861,12.31,12.714
2506,50.12,2.865,2.808,bbox,12.379,13.861,12.31,12.773
2507,50.14,2.893,2.841,bbox,12.379,13.861,12.31,12.773
2508,50.16,2.167,2.808,pose,12.379,13.861,12.31,12.773
2509,50.18,2.975,2.865,bbox,12.379,13.861,12.31,12.814
2510,50.2,3.027,2.893,bbox,12.379,13.861,12.31,12.814
2511,50.22,2.17,2.893,pose,12.379,13.861,12.31,12.851
2512,50.24,3.108,2.975,bbox,12.379,13.861,12.31,12.946
2513,50.26,3.135,3.027,bbox,12.379,13.861,12.31,12.946
2514,50.28,2.126,3.027,pose,12.379,13.861,12.31,12.976
2515,50.3,3.154,3.108,bbox,12.379,13.861,12.31,13.051
2516,50.32,3.156,3.135,bbox,12.411,13.861,12.31,13.051
2517,50.34,1.913,3.135,pose,12.445,13.861,12.31,13.087
2518,50.36,3.173,3.154,bbox,12.476,13.861,12.31,13.136
2519,50.38,3.133,3.154,bbox,12.476,13.861,12.31,13.136
2520,50.4,1.859,3.133,pose,12.544,13.861,12.31,13.136
2521,50.42,3.095,3.095,bbox,12.615,13.861,12.31,13.136
2522,50.44,3.07,3.095,bbox,12.667,13.861,12.31,13.136
2523,50.46,1.945,3.07,pose,12.667,13.861,12.31,13.136
2524,50.48,3.051,3.051,bbox,12.758,13.861,12.31,13.136
2525,50.5,3.046,3.051,bbox,12.813,13.861,12.31,13.136
2526,50.52,2.027,3.046,pose,12.813,13.861,12.31,13.136
2527,50.54,3.048,3.046,bbox,12.86,13.861,12.31,13.136
2528,50.56,3.08,3.048,bbox,12.86,13.861,12.31,13.136
2529,50.58,2.161,3.046,pose,12.86,13.861,12.31,13.175
2530,50.6,3.115,3.048,bbox,12.86,13.909,12.31,13.231
2531,50.62,3.14,3.08,bbox,12.86,13.909,12.31,13.231
2532,50.64,2.303,3.08,pose,12.86,13.947,12.31,13.231
2533,50.66,3.133,3.115,bbox,12.86,13.987,12.31,13.262
2534,50.68,3.12,3.12,bbox,12.86,13.987,12.31,13.262
2535,50.7,2.419,3.12,pose,12.86,13.987,12.31,13.262
2536,50.72,3.123,3.12,bbox,12.86,13.987,12.31,13.262
2537,50.74,3.132,3.123,bbox,12.86,13.987,12.31,13.262
2538,50.76,2.463,3.12,pose,12.86,13.987,12.31,13.262
2539,50.78,3.16,3.123,bbox,12.86,14.034,12.31,13.262
2540,50.8,3.189,3.132,bbox,12.86,14.034,12.31,13.262
2541,50.82,2.54,3.132,pose,12.86,14.034,12.31,13.262
2542,50.84,3.203,3.16,bbox,12.86,14.034,12.31,13.262
2543,50.86,3.216,3.189,bbox,12.86,14.034,12.31,13.262
2544,50.88,2.478,3.189,pose,12.86,14.034,12.31,13.262
2545,50.9,3.217,3.203,bbox,12.86,14.034,12.31,13.262
2546,50.92,3.192,3.203,bbox,12.86,14.034,12.31,13.262
2547,50.94,2.293,3.192,pose,12.86,14.034,12.31,13.262
2548,50.96,3.159,3.159,bbox,12.86,14.034,12.31,13.262
2549,50.98,3.13,3.159,bbox,12.86,14.034,12.31,13.262
2550,51.0,2.14,3.13,pose,12.86,14.034,12.31,13.262
2551,51.02,3.093,3.093,bbox,12.86,14.034,12.381,13.262
2552,51.04,3.077,3.093,bbox,12.86,14.034,12.427,13.262
2553,51.06,1.985,3.077,pose,12.86,14.034,12.427,13.262
2554,51.08,2.994,2.994,bbox,12.86,14.034,12.46,13.262
2555,51.1,2.944,2.994,bbox,12.86,14.034,12.46,13.262
2556,51.12,1.739,2.944,pose,12.902,14.034,12.46,13.262
2557,51.14,2.849,2.849,bbox,12.902,14.034,12.46,13.262
2558,51.16,2.777,2.849,bbox,12.902,14.034,12.46,13.262
2559,51.18,1.699,2.777,pose,12.956,14.034,12.46,13.262
2560,51.2,2.6,2.6,bbox,12.999,14.034,12.496,13.262
2561,51.22,2.571,2.6,bbox,13.066,14.034,12.496,13.262
2562,51.24,1.732,2.571,pose,13.066,14.034,12.496,13.262
2563,51.26,2.587,2.571,bbox,13.197,14.034,12.535,13.262
2564,51.28,2.581,2.581,bbox,13.23,14.034,12.535,13.262
2565,51.3,1.735,2.571,pose,13.23,14.034,12.535,13.262
2566,51.32,2.612,2.581,bbox,13.23,14.034,12.535,13.294
2567,51.34,2.615,2.587,bbox,13.23,14.034,12.535,13.294
2568,51.36,1.742,2.581,pose,13.23,14.034,12.535,13.294
2569,51.38,2.596,2.596,bbox,13.23,14.117,12.535,13.294
2570,51.4,2.585,2.596,bbox,13.23,14.117,12.535,13.294
2571,51.42,1.771,2.585,pose,13.23,14.165,12.535,13.294
2572,51.44,2.532,2.532,bbox,13.23,14.165,12.535,13.294
2573,51.46,2.544,2.544,bbox,13.23,14.207,12.535,13.294
2574,51.48,1.951,2.532,pose,13.23,14.207,12.535,13.294
2575,51.5,2.634,2.532,bbox,13.23,14.207,12.611,13.294
2576,51.52,2.69,2.544,bbox,13.23,14.263,12.611,13.294
2577,51.54,2.073,2.544,pose,13.23,14.263,12.611,13.294
2578,51.56,2.801,2.634,bbox,13.23,14.263,12.611,13.294
2579,51.58,2.833,2.69,bbox,13.23,14.263,12.611,13.294
2580,51.6,2.172,2.69,pose,13.23,14.337,12.611,13.294
2581,51.62,3.016,2.801,bbox,13.23,14.337,12.611,13.359
2582,51.64,3.037,2.833,bbox,13.23,14.368,12.611,13.359
2583,51.66,2.136,2.833,pose,13.23,14.413,12.611,13.359
2584,51.68,3.071,3.016,bbox,13.23,14.413,12.611,13.359
2585,51.7,3.036,3.036,bbox,13.23,14.413,12.611,13.359
2586,51.72,1.982,3.036,pose,13.23,14.413,12.611,13.359
2587,51.74,3.039,3.036,bbox,13.23,14.413,12.611,13.359
2588,51.76,3.042,3.039,bbox,13.23,14.413,12.646,13.359
2589,51.78,1.998,3.036,pose,13.23,14.413,12.646,13.359
2590,51.8,3.004,3.004,bbox,13.23,14.446,12.646,13.359
2591,51.82,3.024,3.024,bbox,13.23,14.446,12.646,13.359
2592,51.84,2.104,3.004,pose,13.23,14.485,12.646,13.359
2593,51.86,3.014,3.004,bbox,13.23,14.558,12.646,13.359
2594,51.88,2.975,3.004,bbox,13.23,14.558,12.646,13.359
2595,51.9,2.072,2.975,pose,13.23,14.558,12.646,13.359
2596,51.92,2.895,2.895,bbox,13.23,14.59,12.646,13.359
2597,51.94,2.833,2.895,bbox,13.23,14.59,12.679,13.359
2598,51.96,6.371,2.895,pose,13.23,14.59,12.749,13.359
2599,51.98,6.888,2.895,bbox,13.23,14.639,12.814,13.359
2600,52.0,2.588,2.895,bbox,13.23,14.639,12.881,13.359
2601,52.02,1.905,2.833,pose,13.23,14.751,12.881,13.359
2602,52.04,2.481,2.588,bbox,13.23,14.751,12.881,13.359
2603,52.06,2.428,2.481,bbox,13.318,14.751,12.974,13.359
2604,52.08,1.936,2.428,pose,13.318,14.751,12.974,13.359
2605,52.1,6.348,2.428,bbox,13.318,14.861,12.974,13.359
2606,52.12,2.538,2.481,bbox,13.318,14.861,13.034,13.359
2607,52.14,1.942,2.428,pose,13.318,14.893,13.034,13.359
2608,52.16,2.614,2.538,bbox,13.318,14.928,13.092,13.359
2609,52.18,2.662,2.614,bbox,13.318,14.928,13.092,13.359
2610,52.2,1.954,2.538,pose,13.318,14.928,13.092,13.359
2611,52.22,2.69,2.614,bbox,13.318,14.928,13.092,13.404
2612,52.24,2.694,2.662,bbox,13.318,14.967,13.092,13.404
2613,52.26,2.702,2.69,bbox,13.318,14.967,13.092,13.404
2614,52.28,2.69,2.69,bbox,13.318,14.967,13.092,13.435
2615,52.3,2.736,2.694,bbox,13.318,14.967,13.092,13.435
2616,52.32,2.087,2.694,pose,13.318,14.967,13.092,13.435
2617,52.34,2.738,2.702,bbox,13.318,14.967,13.092,13.435
2618,52.36,2.74,2.736,bbox,13.318,14.967,13.092,13.435
2619,52.38,2.299,2.736,pose,13.318,14.967,13.092,13.435
2620,52.4,2.801,2.738,bbox,13.318,15.003,13.092,13.435
2621,52.42,2.846,2.74,bbox,13.318,15.003,13.092,13.435
2622,52.44,2.56,2.74,pose,13.318,15.003,13.092,13.435
2623,52.46,2.91,2.801,bbox,13.318,15.048,13.092,13.435
2624,52.48,2.922,2.846,bbox,13.318,15.048,13.092,13.435
2625,52.5,2.668,2.846,pose,13.318,15.048,13.092,13.435
2626,52.52,3.026,2.91,bbox,13.318,15.128,13.092,13.435
2627,52.54,3.096,2.922,bbox,13.318,15.128,13.092,13.435
2628,52.56,6.752,3.026,bbox,13.318,15.198,13.092,13.435
2629,52.58,6.75,3.096,bbox,13.318,15.198,13.092,13.435
2630,52.6,3.432,3.432,bbox,13.318,15.284,13.092,13.435
2631,52.62,2.688,3.432,pose,13.318,15.349,13.092,13.435
2632,52.64,3.457,3.457,bbox,13.318,15.349,13.092,13.435
2633,52.66,3.482,3.457,bbox,13.318,15.349,13.092,13.435
2634,52.68,2.592,3.432,pose,13.318,15.349,13.092,13.435
2635,52.7,3.48,3.457,bbox,13.318,15.349,13.153,13.435
2636,52.72,3.482,3.48,bbox,13.318,15.349,13.153,13.435
2637,52.74,2.672,3.48,pose,13.318,15.349,13.153,13.435
2638,52.76,3.45,3.45,bbox,13.318,15.349,13.153,13.435
2639,52.78,3.455,3.455,bbox,13.318,15.349,13.153,13.435
2640,52.8,2.498,3.45,pose,13.318,15.349,13.153,13.435
2641,52.82,3.114,3.114,bbox,13.318,15.349,13.153,13.435
2642,52.84,5.096,3.45,bbox,13.318,15.349,13.153,13.435
2643,52.86,5.046,3.455,bbox,13.318,15.349,13.153,13.435
2644,52.88,3.251,3.251,bbox,13.438,15.349,13.153,13.435
2645,52.9,5.02,5.02,bbox,13.438,15.349,13.153,13.435
2646,52.92,4.983,5.02,pose,13.438,15.349,13.153,13.435
2647,52.94,3.097,4.983,bbox,13.438,15.349,13.153,13.435
2648,52.96,3.069,3.251,bbox,13.438,15.349,13.153,13.435
2649,52.98,4.362,4.362,pose,13.438,15.349,13.153,13.435
2650,53.0,3.036,3.097,bbox,13.438,15.349,13.153,13.435
2651,53.02,4.87,3.097,bbox,13.438,15.349,13.153,13.435
2652,53.04,4.078,4.078,pose,13.438,15.349,13.153,13.435
2653,53.06,4.849,4.362,bbox,13.438,15.349,13.192,13.435
2654,53.08,4.854,4.849,bbox,13.438,15.349,13.192,13.435
2655,53.1,4.1,4.849,pose,13.438,15.349,13.192,13.435
2656,53.12,2.947,4.1,bbox,13.438,15.349,13.192,13.435
2657,53.14,2.901,4.1,bbox,13.438,15.349,13.192,13.435
2658,53.16,2.021,2.947,pose,13.438,15.349,13.192,13.435
2659,53.18,2.867,2.901,bbox,13.481,15.349,13.192,13.435
2660,53.2,2.832,2.867,bbox,13.481,15.349,13.192,13.435
2661,53.22,1.844,2.832,pose,13.562,15.349,13.192,13.435
2662,53.24,2.719,2.719,bbox,13.615,15.349,13.192,13.435
2663,53.26,2.725,2.725,bbox,13.615,15.349,13.192,13.435
2664,53.28,1.776,2.719,pose,13.742,15.349,13.192,13.435
2665,53.3,2.704,2.704,bbox,13.742,15.349,13.192,13.435
2666,53.32,2.702,2.704,bbox,13.742,15.349,13.192,13.435
2667,53.34,1.814,2.702,pose,13.742,15.349,13.192,13.435
2668,53.36,2.723,2.702,bbox,13.784,15.349,13.192,13.501
2669,53.38,2.755,2.704,bbox,13.784,15.349,13.192,13.501
2670,53.4,1.877,2.702,pose,13.784,15.349,13.192,13.543
2671,53.42,2.879,2.723,bbox,13.784,15.349,13.192,13.64
2672,53.44,2.959,2.755,bbox,13.784,15.349,13.192,13.677
2673,53.46,2.083,2.755,pose,13.784,15.349,13.192,13.728
2674,53.48,3.033,2.879,bbox,13.784,15.349,13.192,13.728
2675,53.5,2.997,2.959,bbox,13.784,15.349,13.192,13.784
2676,53.52,2.63,2.959,pose,13.784,15.349,13.192,13.784
2677,53.54,3.032,2.997,bbox,13.784,15.349,13.192,13.784
2678,53.56,7.566,3.032,bbox,13.784,15.349,13.192,13.841
2679,53.58,2.295,2.997,pose,13.784,15.349,13.192,13.841
2680,53.6,3.232,3.032,bbox,13.784,15.349,13.192,13.841
2681,53.62,3.269,3.232,bbox,13.906,15.349,13.192,13.841
2682,53.64,2.354,3.232,pose,13.906,15.349,13.192,13.841
2683,53.66,3.326,3.232,bbox,14.008,15.349,13.192,13.841
2684,53.68,7.723,3.269,bbox,14.008,15.349,13.192,13.841
2685,53.7,2.461,3.269,pose,14.008,15.449,13.192,13.841
2686,53.72,3.481,3.326,bbox,14.008,15.449,13.192,13.841
2687,53.74,3.453,3.453,bbox,14.075,15.449,13.192,13.841
2688,53.76,2.406,3.453,pose,14.075,15.449,13.192,13.841
2689,53.78,7.367,3.453,bbox,14.075,15.449,13.192,13.885
2690,53.8,3.259,3.453,bbox,14.075,15.449,13.192,13.885
2691,53.82,2.468,3.259,pose,14.075,15.449,13.192,13.885
2692,53.84,3.198,3.198,bbox,14.075,15.449,13.192,13.885
2693,53.86,3.173,3.198,bbox,14.075,15.449,13.192,13.885
2694,53.88,2.453,3.173,pose,14.075,15.449,13.192,13.885
2695,53.9,3.186,3.173,bbox,14.075,15.449,13.192,13.885
2696,53.92,3.132,3.173,bbox,14.075,15.449,13.192,13.885
2697,53.94,2.423,3.132,pose,14.075,15.449,13.192,13.885
2698,53.96,3.09,3.09,bbox,14.075,15.449,13.192,13.885
2699,53.98,3.125,3.125,bbox,14.075,15.449,13.192,13.885
2700,54.0,2.426,3.09,pose,14.075,15.449,13.192,13.885
2701,54.02,3.102,3.09,bbox,14.112,15.449,13.192,13.885
2702,54.04,3.121,3.102,bbox,14.112,15.449,13.192,13.885
2703,54.06,2.494,3.102,pose,14.112,15.449,13.192,13.885
2704,54.08,3.157,3.102,bbox,14.155,15.449,13.192,13.885
2705,54.1,3.139,3.121,bbox,14.155,15.449,13.192,13.885
2706,54.12,2.469,3.121,pose,14.155,15.449,13.192,13.885
2707,54.14,3.061,3.061,bbox,14.155,15.449,13.192,13.885
2708,54.16,3.039,3.061,bbox,14.155,15.449,13.192,13.885
2709,54.18,2.365,3.039,pose,14.155,15.449,13.192,13.885
2710,54.2,3.104,3.039,bbox,14.155,15.449,13.192,13.885
2711,54.22,3.099,3.061,bbox,14.155,15.449,13.192,13.885
2712,54.24,2.35,3.039,pose,14.155,15.449,13.192,13.885
2713,54.26,3.076,3.076,bbox,14.155,15.449,13.192,13.885
2714,54.28,3.044,3.076,bbox,14.155,15.449,13.192,13.885
2715,54.3,2.185,3.044,pose,14.214,15.449,13.192,13.885
2716,54.32,3.025,3.025,bbox,14.214,15.449,13.192,13.885
2717,54.34,3.018,3.025,bbox,14.253,15.449,13.192,13.885
2718,54.36,2.132,3.018,pose,14.253,15.449,13.192,13.885
2719,54.38,3.018,3.018,bbox,14.291,15.449,13.192,13.885
2720,54.4,3.013,3.018,bbox,14.291,15.449,13.192,13.885
2721,54.42,2.166,3.013,pose,14.325,15.449,13.192,13.885
2722,54.44,3.005,3.005,bbox,14.325,15.449,13.192,13.885
2723,54.46,2.998,3.005,bbox,14.325,15.449,13.192,13.885
2724,54.48,2.14,2.998,pose,14.325,15.449,13.192,13.885
2725,54.5,2.975,2.975,bbox,14.325,15.449,13.192,13.885
2726,54.52,2.973,2.975,bbox,14.325,15.449,13.192,13.885
2727,54.54,2.145,2.973,pose,14.325,15.449,13.192,13.885
2728,54.56,2.951,2.951,bbox,14.325,15.449,13.192,13.885
2729,54.58,2.979,2.973,bbox,14.325,15.449,13.192,13.885
2730,54.6,2.191,2.951,pose,14.325,15.449,13.192,13.885
2731,54.62,3.121,2.951,bbox,14.325,15.496,13.192,13.951
2732,54.64,3.156,2.979,bbox,14.325,15.496,13.192,13.951
2733,54.66,2.363,2.979,pose,14.325,15.496,13.192,13.951
2734,54.68,3.198,3.121,bbox,14.325,15.537,13.192,13.951
2735,54.7,3.252,3.156,bbox,14.325,15.537,13.192,13.951
2736,54.72,3.276,3.198,bbox,14.325,15.537,13.192,13.951
2737,54.74,3.295,3.252,bbox,14.325,15.537,13.192,13.951
2738,54.76,3.325,3.276,bbox,14.325,15.537,13.192,13.951
2739,54.78,2.5,3.276,pose,14.325,15.537,13.192,13.951
2740,54.8,3.362,3.295,bbox,14.325,15.537,13.192,13.951
2741,54.82,3.369,3.325,bbox,14.325,15.578,13.192,13.951
2742,54.84,2.353,3.325,pose,14.325,15.578,13.192,13.951
2743,54.86,3.256,3.256,bbox,14.325,15.578,13.192,13.951
2744,54.88,3.259,3.259,bbox,14.325,15.578,13.192,13.951
2745,54.9,2.399,3.256,pose,14.325,15.578,13.192,13.951
2746,54.92,3.199,3.199,bbox,14.325,15.578,13.264,13.951
2747,54.94,3.216,3.216,bbox,14.325,15.578,13.264,13.951
2748,54.96,2.167,3.199,pose,14.325,15.578,13.264,13.951
2749,54.98,3.169,3.169,bbox,14.325,15.578,13.321,13.951
2750,55.0,3.108,3.169,bbox,14.325,15.578,13.321,13.951
2751,55.02,2.08,3.108,pose,14.325,15.578,13.321,13.951
2752,55.04,3.121,3.108,bbox,14.325,15.578,13.321,13.951
2753,55.06,3.125,3.121,bbox,14.325,15.578,13.321,13.951
2754,55.08,2.163,3.108,pose,14.325,15.578,13.321,13.951
2755,55.1,3.133,3.121,bbox,14.325,15.578,13.321,13.951
2756,55.12,3.124,3.124,bbox,14.325,15.578,13.321,13.951
2757,55.14,2.177,3.124,pose,14.325,15.578,13.321,13.951
2758,55.16,3.093,3.093,bbox,14.325,15.578,13.321,13.951
2759,55.18,3.126,3.124,bbox,14.325,15.578,13.321,13.951
2760,55.2,2.228,3.093,pose,14.325,15.578,13.321,13.951
2761,55.22,3.182,3.093,bbox,14.325,15.578,13.321,13.951
2762,55.24,3.218,3.126,bbox,14.325,15.578,13.321,13.951
2763,55.26,2.26,3.126,pose,14.325,15.578,13.321,13.951
2764,55.28,3.262,3.182,bbox,14.325,15.578,13.321,13.951
2765,55.3,3.313,3.218,bbox,14.325,15.578,13.321,13.951
2766,55.32,2.309,3.218,pose,14.325,15.578,13.321,13.951
2767,55.34,3.279,3.262,bbox,14.325,15.578,13.321,14.0
2768,55.36,3.295,3.279,bbox,14.325,15.578,13.321,14.0
2769,55.38,2.186,3.279,pose,14.386,15.578,13.321,14.0
2770,55.4,3.27,3.27,bbox,14.386,15.578,13.321,14.0
2771,55.42,3.246,3.27,bbox,14.425,15.578,13.321,14.0
2772,55.44,2.213,3.246,pose,14.458,15.578,13.321,14.0
2773,55.46,3.294,3.246,bbox,14.458,15.578,13.321,14.0
2774,55.48,3.277,3.27,bbox,14.458,15.578,13.321,14.0
2775,55.5,2.189,3.246,pose,14.458,15.578,13.321,14.0
2776,55.52,7.753,3.277,bbox,14.458,15.578,13.321,14.0
2777,55.54,7.764,3.294,bbox,14.458,15.578,13.321,14.0
2778,55.56,2.178,3.277,pose,14.458,15.578,13.321,14.0
2779,55.58,3.138,3.138,bbox,14.458,15.578,13.321,14.0
2780,55.6,3.106,3.138,bbox,14.458,15.578,13.321,14.0
2781,55.62,2.213,3.106,pose,14.458,15.578,13.321,14.0
2782,55.64,3.112,3.106,bbox,14.504,15.578,13.321,14.062
2783,55.66,3.131,3.112,bbox,14.504,15.578,13.321,14.062
2784,55.68,2.389,3.106,pose,14.504,15.578,13.321,14.1
2785,55.7,3.207,3.112,bbox,14.504,15.578,13.321,14.154
2786,55.72,3.231,3.131,bbox,14.504,15.578,13.321,14.154
2787,55.74,2.579,3.131,pose,14.504,15.578,13.321,14.154
2788,55.76,3.28,3.207,bbox,14.504,15.578,13.321,14.154
2789,55.78,3.296,3.231,bbox,14.504,15.578,13.321,14.154
2790,55.8,2.604,3.231,pose,14.504,15.578,13.321,14.154
2791,55.82,3.339,3.28,bbox,14.504,15.578,13.321,14.154
2792,55.84,3.355,3.296,bbox,14.504,15.578,13.321,14.154
2793,55.86,2.587,3.296,pose,14.504,15.578,13.321,14.154
2794,55.88,3.355,3.339,bbox,14.504,15.578,13.321,14.154
2795,55.9,3.348,3.348,bbox,14.504,15.578,13.321,14.154
2796,55.92,2.472,3.348,pose,14.504,15.578,13.321,14.154
2797,55.94,3.263,3.263,bbox,14.504,15.578,13.321,14.154
2798,55.96,3.205,3.263,bbox,14.504,15.578,13.321,14.154
2799,55.98,2.31,3.205,pose,14.504,15.578,13.321,14.154
2800,56.0,3.08,3.08,bbox,14.504,15.578,13.354,14.154
2801,56.02,3.043,3.08,bbox,14.504,15.578,13.354,14.154
2802,56.04,2.281,3.043,pose,14.504,15.578,13.354,14.154
2803,56.06,3.019,3.019,bbox,14.504,15.578,13.392,14.154
2804,56.08,2.999,3.019,bbox,14.504,15.578,13.392,14.154
2805,56.1,2.256,2.999,pose,14.504,15.578,13.392,14.154
2806,56.12,2.947,2.947,bbox,14.537,15.578,13.392,14.154
2807,56.14,2.92,2.947,bbox,14.537,15.578,13.392,14.154
2808,56.16,2.172,2.92,pose,14.537,15.578,13.392,14.154
2809,56.18,2.922,2.92,bbox,14.586,15.578,13.392,14.154
2810,56.2,2.925,2.922,bbox,14.586,15.578,13.392,14.154
2811,56.22,2.169,2.92,pose,14.586,15.578,13.392,14.154
2812,56.24,2.954,2.922,bbox,14.586,15.578,13.392,14.154
2813,56.26,2.977,2.925,bbox,14.586,15.578,13.392,14.154
2814,56.28,2.186,2.925,pose,14.586,15.578,13.392,14.154
2815,56.3,3.038,2.954,bbox,14.586,15.578,13.392,14.154
2816,56.32,3.066,2.977,bbox,14.586,15.578,13.392,14.154
2817,56.34,2.137,2.977,pose,14.586,15.578,13.392,14.188
2818,56.36,3.094,3.038,bbox,14.586,15.578,13.392,14.236
2819,56.38,3.069,3.066,bbox,14.586,15.578,13.392,14.236
2820,56.4,1.914,3.066,pose,14.668,15.578,13.392,14.236
2821,56.42,3.042,3.042,bbox,14.668,15.578,13.392,14.236
2822,56.44,3.019,3.042,bbox,14.706,15.578,13.392,14.236
2823,56.46,1.836,3.019,pose,14.782,15.578,13.392,14.236
2824,56.48,2.925,2.925,bbox,14.782,15.578,13.392,14.236
2825,56.5,2.88,2.925,bbox,14.782,15.578,13.392,14.236
2826,56.52,1.851,2.88,pose,14.852,15.578,13.392,14.236
2827,56.54,2.776,2.776,bbox,14.947,15.578,13.392,14.236
2828,56.56,2.752,2.776,bbox,15.001,15.578,13.392,14.236
2829,56.58,1.875,2.752,pose,15.001,15.578,13.392,14.236
2830,56.6,2.769,2.752,bbox,15.105,15.578,13.392,14.236
2831,56.62,2.781,2.769,bbox,15.105,15.578,13.392,14.236
2832,56.64,1.969,2.752,pose,15.105,15.578,13.392,14.236
2833,56.66,2.898,2.769,bbox,15.105,15.695,13.392,14.271
2834,56.68,2.948,2.781,bbox,15.105,15.695,13.392,14.271
2835,56.7,2.162,2.781,pose,15.105,15.752,13.392,14.271
2836,56.72,3.099,2.898,bbox,15.105,15.809,13.392,14.304
2837,56.74,3.137,2.948,bbox,15.105,15.882,13.392,14.304
2838,56.76,2.217,2.948,pose,15.105,15.936,13.392,14.304
2839,56.78,3.206,3.099,bbox,15.105,15.936,13.392,14.304
2840,56.8,3.236,3.137,bbox,15.105,16.063,13.392,14.304
2841,56.82,2.352,3.137,pose,15.105,16.105,13.392,14.304
2842,56.84,3.34,3.206,bbox,15.105,16.105,13.423,14.304
2843,56.86,3.375,3.236,bbox,15.105,16.25,13.456,14.304
2844,56.88,2.529,3.236,pose,15.105,16.25,13.456,14.304
2845,56.9,3.415,3.34,bbox,15.105,16.311,13.497,14.304
2846,56.92,3.445,3.375,bbox,15.105,16.404,13.497,14.304
2847,56.94,2.588,3.375,pose,15.105,16.404,13.497,14.304
2848,56.96,3.464,3.415,bbox,15.105,16.447,13.564,14.304
2849,56.98,3.464,3.445,bbox,15.105,16.523,13.564,14.304
2850,57.0,2.615,3.445,pose,15.105,16.523,13.564,14.304
2851,57.02,3.418,3.418,bbox,15.105,16.523,13.611,14.304
2852,57.04,3.396,3.418,bbox,15.105,16.561,13.611,14.304
2853,57.06,2.526,3.396,pose,15.105,16.561,13.611,14.304
2854,57.08,3.328,3.328,bbox,15.105,16.561,13.663,14.304
2855,57.1,3.285,3.328,bbox,15.105,16.561,13.663,14.304
2856,57.12,2.623,3.285,pose,15.105,16.561,13.663,14.304
2857,57.14,3.229,3.229,bbox,15.105,16.561,13.704,14.304
2858,57.16,3.172,3.229,bbox,15.105,16.561,13.741,14.304
2859,57.18,2.159,3.172,pose,15.105,16.561,13.741,14.304
2860,57.2,3.088,3.088,bbox,15.105,16.561,13.83,14.304
2861,57.22,3.063,3.088,bbox,15.105,16.561,13.87,14.304
2862,57.24,2.075,3.063,pose,15.105,16.561,13.87,14.304
2863,57.26,3.015,3.015,bbox,15.149,16.561,13.927,14.304
2864,57.28,2.991,3.015,bbox,15.149,16.561,13.927,14.304
2865,57.3,2.047,2.991,pose,15.149,16.561,13.927,14.304
2866,57.32,2.923,2.923,bbox,15.149,16.561,13.962,14.304
2867,57.34,2.859,2.923,bbox,15.149,16.561,14.005,14.304
2868,57.36,1.94,2.859,pose,15.149,16.561,14.077,14.304
2869,57.38,2.76,2.76,bbox,15.149,16.561,14.077,14.304
2870,57.4,2.697,2.76,bbox,15.149,16.561,14.141,14.304
2871,57.42,1.797,2.697,pose,15.149,16.561,14.141,14.304
2872,57.44,2.532,2.532,bbox,15.149,16.561,14.234,14.304
2873,57.46,2.486,2.532,bbox,15.149,16.561,14.287,14.304
2874,57.48,1.785,2.486,pose,15.149,16.561,14.287,14.304
2875,57.5,2.51,2.486,bbox,15.149,16.63,14.426,14.304
2876,57.52,2.581,2.51,bbox,15.149,16.63,14.476,14.304
2877,57.54,1.952,2.486,pose,15.149,16.691,14.476,14.304
2878,57.56,2.67,2.51,bbox,15.149,16.743,14.516,14.304
2879,57.58,2.675,2.581,bbox,15.149,16.806,14.516,14.304
2880,57.6,2.109,2.581,pose,15.149,16.806,14.516,14.304
2881,57.62,2.693,2.67,bbox,15.149,16.838,14.555,14.304
2882,57.64,2.719,2.675,bbox,15.149,16.838,14.599,14.304
2883,57.66,2.132,2.675,pose,15.149,16.892,14.599,14.304
2884,57.68,2.669,2.669,bbox,15.149,16.923,14.675,14.304
2885,57.7,2.659,2.669,bbox,15.149,16.923,14.675,14.304
2886,57.72,2.107,2.659,pose,15.149,16.923,14.675,14.304
2887,57.74,2.672,2.659,bbox,15.149,16.923,14.675,14.304
2888,57.76,2.649,2.659,bbox,15.149,16.923,14.675,14.304
2889,57.78,2.105,2.649,pose,15.149,16.923,14.675,14.304
2890,57.8,2.734,2.649,bbox,15.149,16.994,14.675,14.368
2891,57.82,2.841,2.672,bbox,15.149,16.994,14.675,14.368
2892,57.84,2.318,2.649,pose,15.149,17.053,14.675,14.405
2893,57.86,2.957,2.734,bbox,15.149,17.157,14.675,14.463
2894,57.88,3.016,2.841,bbox,15.149,17.157,14.675,14.463
2895,57.9,2.511,2.841,pose,15.149,17.196,14.675,14.509
2896,57.92,3.07,2.957,bbox,15.149,17.239,14.675,14.547
2897,57.94,3.102,3.016,bbox,15.149,17.239,14.675,14.547
2898,57.96,2.782,3.016,pose,15.149,17.239,14.675,14.547
2899,57.98,3.215,3.07,bbox,15.149,17.29,14.675,14.581
2900,58.0,6.635,3.102,bbox,15.149,17.29,14.675,14.581
2901,58.02,6.048,3.215,pose,15.149,17.29,14.675,14.581
2902,58.04,6.636,6.048,bbox,15.149,17.29,14.675,14.581
2903,58.06,3.345,6.048,bbox,15.149,17.29,14.675,14.581
2904,58.08,3.183,6.048,pose,15.149,17.29,14.675,14.581
2905,58.1,3.37,3.37,bbox,15.149,17.29,14.675,14.581
2906,58.12,3.416,3.37,bbox,15.259,17.29,14.675,14.581
2907,58.14,3.299,3.345,pose,15.259,17.29,14.675,14.581
2908,58.16,3.537,3.37,bbox,15.259,17.343,14.675,14.581
2909,58.18,6.403,3.416,bbox,15.259,17.343,14.675,14.581
2910,58.2,3.255,3.416,pose,15.259,17.46,14.675,14.581
2911,58.22,3.623,3.537,bbox,15.259,17.46,14.675,14.581
2912,58.24,3.636,3.623,bbox,15.259,17.499,14.675,14.581
2913,58.26,3.195,3.623,pose,15.259,17.499,14.675,14.581
2914,58.28,3.622,3.622,bbox,15.259,17.499,14.675,14.581
2915,58.3,3.63,3.623,bbox,15.259,17.55,14.675,14.581
2916,58.32,5.673,3.63,pose,15.259,17.588,14.675,14.581
2917,58.34,3.702,3.63,bbox,15.259,17.588,14.675,14.581
2918,58.36,3.683,3.683,bbox,15.259,17.697,14.675,14.581
2919,58.38,3.254,3.683,pose,15.259,17.697,14.675,14.581
2920,58.4,3.778,3.702,bbox,15.259,17.771,14.719,14.581
2921,58.42,5.773,3.702,bbox,15.259,17.771,14.719,14.581
2922,58.44,5.734,3.778,bbox,15.259,17.771,14.719,14.581
2923,58.46,5.704,5.704,bbox,15.259,17.771,14.766,14.581
2924,58.48,5.71,5.71,bbox,15.259,17.771,14.766,14.581
2925,58.5,3.654,5.71,pose,15.259,17.771,14.766,14.581
2926,58.52,4.002,5.704,bbox,15.259,17.771,14.766,14.581
2927,58.54,4.061,4.061,bbox,15.259,17.771,14.766,14.581
2928,58.56,3.889,4.002,pose,15.259,17.771,14.766,14.581
2929,58.58,4.134,4.002,bbox,15.259,17.771,14.766,14.581
2930,58.6,4.157,4.061,bbox,15.259,17.771,14.766,14.581
2931,58.62,3.883,4.061,pose,15.259,17.771,14.766,14.581
2932,58.64,4.104,4.104,bbox,15.259,17.771,14.766,14.581
2933,58.66,4.039,4.104,bbox,15.259,17.771,14.766,14.581
2934,58.68,3.563,4.039,pose,15.297,17.771,14.766,14.581
2935,58.7,3.893,3.893,bbox,15.297,17.771,14.766,14.581
2936,58.72,3.871,3.893,bbox,15.297,17.771,14.766,14.581
2937,58.74,3.379,3.871,pose,15.366,17.771,14.766,14.581
2938,58.76,3.714,3.714,bbox,15.366,17.771,14.766,14.581
2939,58.78,3.673,3.714,bbox,15.427,17.771,14.766,14.581
2940,58.8,2.979,3.673,pose,15.481,17.771,14.766,14.581
2941,58.82,3.595,3.595,bbox,15.53,17.771,14.766,14.581
2942,58.84,3.548,3.595,bbox,15.564,17.771,14.766,14.581
2943,58.86,2.701,3.548,pose,15.637,17.771,14.766,14.581
2944,58.88,3.454,3.454,bbox,15.668,17.771,14.766,14.622
2945,58.9,3.412,3.454,bbox,15.668,17.771,14.766,14.622
2946,58.92,2.518,3.412,pose,15.742,17.771,14.766,14.622
2947,58.94,3.365,3.365,bbox,15.801,17.771,14.766,14.622
2948,58.96,3.35,3.365,bbox,15.852,17.771,14.766,14.622
2949,58.98,2.317,3.35,pose,15.852,17.771,14.766,14.622
2950,59.0,3.266,3.266,bbox,15.9,17.771,14.766,14.622
2951,59.02,3.175,3.266,bbox,15.9,17.771,14.766,14.622
2952,59.04,2.133,3.175,pose,15.9,17.771,14.892,14.622
2953,59.06,3.057,3.057,bbox,15.9,17.771,14.892,14.622
2954,59.08,2.965,3.057,bbox,15.9,17.771,14.993,14.622
2955,59.1,2.037,2.965,pose,15.9,17.771,14.993,14.622
2956,59.12,2.917,2.917,bbox,15.9,17.771,15.102,14.622
2957,59.14,2.911,2.917,bbox,15.9,17.771,15.162,14.622
2958,59.16,2.018,2.911,pose,15.9,17.771,15.162,14.622
2959,59.18,2.859,2.859,bbox,15.9,17.771,15.222,14.622
2960,59.2,2.856,2.859,bbox,15.9,17.771,15.222,14.622
2961,59.22,2.021,2.856,pose,15.9,17.771,15.222,14.622
2962,59.24,2.879,2.856,bbox,15.9,17.771,15.222,14.622
2963,59.26,2.721,2.856,bbox,15.9,17.771,15.222,14.622
2964,59.28,1.995,2.721,pose,15.9,17.771,15.222,14.622
2965,59.3,2.683,2.683,bbox,15.9,17.771,15.222,14.622
2966,59.32,2.685,2.685,bbox,16.023,17.771,15.222,14.622
2967,59.34,1.987,2.683,pose,16.023,17.771,15.222,14.622
2968,59.36,2.738,2.683,bbox,16.066,17.771,15.222,14.658
2969,59.38,2.761,2.685,bbox,16.066,17.771,15.222,14.658
2970,59.4,2.121,2.685,pose,16.066,17.771,15.222,14.658
2971,59.42,2.882,2.738,bbox,16.066,17.771,15.222,14.735
2972,59.44,2.929,2.761,bbox,16.066,17.771,15.222,14.735
2973,59.46,2.325,2.761,pose,16.066,17.771,15.222,14.785
2974,59.48,3.011,2.882,bbox,16.066,17.771,15.222,14.827
2975,59.5,3.03,2.929,bbox,16.066,17.771,15.222,14.827
2976,59.52,2.36,2.929,pose,16.066,17.771,15.222,14.827
2977,59.54,3.019,3.011,bbox,16.066,17.802,15.222,14.827
2978,59.56,3.006,3.011,bbox,16.066,17.802,15.222,14.827
2979,59.58,2.306,3.006,pose,16.066,17.802,15.222,14.827
2980,59.6,3.149,3.006,bbox,16.066,17.938,15.222,14.827
2981,59.62,3.162,3.019,bbox,16.066,17.938,15.222,14.827
2982,59.64,2.378,3.006,pose,16.066,17.938,15.222,14.827
2983,59.66,3.209,3.149,bbox,16.066,17.987,15.222,14.827
2984,59.68,3.251,3.162,bbox,16.066,17.987,15.222,14.827
2985,59.7,2.526,3.162,pose,16.066,18.022,15.222,14.827
2986,59.72,3.034,3.034,bbox,16.066,18.022,15.222,14.827
2987,59.74,3.022,3.034,bbox,16.101,18.022,15.222,14.827
2988,59.76,3.045,3.034,bbox,16.101,18.022,15.222,14.827
2989,59.78,2.304,3.022,bbox,16.101,18.022,15.222,14.827
2990,59.8,2.289,3.022,bbox,16.101,18.022,15.222,14.827
2991,59.82,1.932,2.304,pose,16.101,18.022,15.222,14.827
2992,59.84,3.334,2.304,bbox,16.101,18.022,15.222,14.827
2993,59.86,3.316,2.304,bbox,16.101,18.022,15.222,14.827
2994,59.88,2.64,2.64,pose,16.101,18.022,15.222,14.827
2995,59.9,3.306,3.306,bbox,16.101,18.022,15.222,14.827
2996,59.92,2.239,3.306,bbox,16.101,18.022,15.222,14.827
2997,59.94,1.769,2.64,pose,16.101,18.022,15.222,14.827
2998,59.96,2.23,2.239,bbox,16.101,18.022,15.222,14.827
2999,59.98,2.184,2.23,bbox,16.101,18.022,15.222,14.827
3000,60.0,1.734,2.184,pose,16.101,18.022,15.222,14.827
3001,60.02,3.036,2.184,bbox,16.101,18.022,15.222,14.827
3002,60.04,3.019,2.23,bbox,16.101,18.022,15.28,14.827
3003,60.06,2.007,2.184,pose,16.101,18.022,15.28,14.827
3004,60.08,3.004,3.004,bbox,16.101,18.022,15.351,14.827
3005,60.1,2.998,3.004,bbox,16.101,18.022,15.351,14.827
3006,60.12,1.946,2.998,pose,16.101,18.022,15.351,14.827
3007,60.14,2.964,2.964,bbox,16.133,18.022,15.381,14.827
3008,60.16,2.933,2.964,bbox,16.133,18.022,15.381,14.827
3009,60.18,1.672,2.933,pose,16.133,18.022,15.445,14.827
3010,60.2,2.833,2.833,bbox,16.133,18.022,15.445,14.827
3011,60.22,2.715,2.833,bbox,16.133,18.022,15.482,14.827
3012,60.24,1.654,2.715,pose,16.133,18.022,15.563,14.827
3013,60.26,2.638,2.638,bbox,16.133,18.022,15.563,14.827
3014,60.28,2.539,2.638,bbox,16.133,18.022,15.61,14.827
3015,60.3,1.459,2.539,pose,16.133,18.06,15.698,14.827
3016,60.32,2.677,2.539,bbox,16.133,18.128,15.698,14.827
3017,60.34,2.719,2.638,bbox,16.133,18.219,15.754,14.827
3018,60.36,1.695,2.539,pose,16.133,18.288,15.833,14.827
3019,60.38,2.792,2.677,bbox,16.133,18.288,15.878,14.827
3020,60.4,2.816,2.719,bbox,16.133,18.38,15.94,14.827
3021,60.42,1.827,2.719,pose,16.133,18.436,15.94,14.827
3022,60.44,2.786,2.786,bbox,16.133,18.436,16.035,14.827
3023,60.46,2.77,2.786,bbox,16.133,18.466,16.035,14.827
3024,60.48,2.017,2.77,pose,16.133,18.504,16.035,14.827
3025,60.5,2.759,2.759,bbox,16.133,18.504,16.096,14.827
3026,60.52,2.762,2.762,bbox,16.133,18.504,16.096,14.827
3027,60.54,1.786,2.759,pose,16.133,18.504,16.096,14.827
3028,60.56,2.551,2.551,bbox,16.133,18.504,16.096,14.869
3029,60.58,2.283,2.551,bbox,16.133,18.504,16.096,14.869
3030,60.6,1.539,2.283,pose,16.133,18.504,16.096,14.869
3031,60.62,2.36,2.283,bbox,16.133,18.562,16.096,14.916
3032,60.64,2.399,2.36,bbox,16.133,18.562,16.096,14.916
3033,60.66,1.757,2.283,pose,16.133,18.606,16.096,14.916
3034,60.68,2.447,2.36,bbox,16.133,18.66,16.096,14.916
3035,60.7,2.866,2.399,bbox,16.133,18.66,16.096,14.916
3036,60.72,2.355,2.399,pose,16.133,18.66,16.096,14.947
3037,60.74,2.597,2.447,bbox,16.133,18.698,16.096,15.008
3038,60.76,2.989,2.597,bbox,16.133,18.698,16.096,15.008
3039,60.78,2.669,2.669,pose,16.133,18.698,16.096,15.048
3040,60.8,2.704,2.669,bbox,16.133,18.747,16.096,15.048
3041,60.82,2.702,2.702,bbox,16.133,18.747,16.096,15.048
3042,60.84,2.379,2.702,pose,16.133,18.747,16.096,15.048
3043,60.86,2.476,2.669,bbox,16.133,18.823,16.096,15.048
3044,60.88,2.757,2.702,bbox,16.133,18.823,16.096,15.048
3045,60.9,2.511,2.511,pose,16.133,18.823,16.096,15.048
3046,60.92,2.851,2.511,bbox,16.133,18.823,16.096,15.08
3047,60.94,2.868,2.757,bbox,16.133,18.823,16.096,15.08
3048,60.96,3.024,2.851,pose,16.133,18.823,16.096,15.08
3049,60.98,2.863,2.863,bbox,16.133,18.823,16.096,15.08
3050,61.0,2.865,2.865,bbox,16.169,18.823,16.096,15.131
3051,61.02,2.568,2.865,pose,16.169,18.823,16.096,15.131
3052,61.04,2.81,2.863,bbox,16.169,18.823,16.096,15.131
3053,61.06,3.27,2.863,bbox,16.207,18.823,16.096,15.179
3054,61.08,2.581,2.81,pose,16.284,18.823,16.096,15.179
3055,61.1,2.768,2.768,bbox,16.284,18.823,16.096,15.179
3056,61.12,3.174,2.81,bbox,16.284,18.823,16.096,15.179
3057,61.14,2.789,2.789,pose,16.343,18.823,16.096,15.179
3058,61.16,3.116,2.789,bbox,16.343,18.823,16.096,15.179
3059,61.18,2.685,2.789,bbox,16.343,18.823,16.096,15.179
3060,61.2,2.167,2.789,pose,16.384,18.823,16.096,15.179
3061,61.22,2.5,2.685,bbox,16.384,18.823,16.096,15.179
3062,61.24,2.506,2.506,bbox,16.441,18.823,16.096,15.179
3063,61.26,2.07,2.5,pose,16.441,18.823,16.096,15.179
3064,61.28,2.508,2.5,bbox,16.441,18.823,16.096,15.179
3065,61.3,2.508,2.506,bbox,16.441,18.823,16.096,15.179
3066,61.32,2.017,2.506,pose,16.441,18.823,16.096,15.179
3067,61.34,2.483,2.483,bbox,16.478,18.823,16.096,15.179
3068,61.36,2.486,2.486,bbox,16.478,18.823,16.096,15.179
3069,61.38,2.02,2.483,pose,16.478,18.823,16.096,15.179
3070,61.4,2.502,2.483,bbox,16.478,18.823,16.096,15.179
3071,61.42,2.498,2.486,bbox,16.478,18.823,16.096,15.179
3072,61.44,2.003,2.486,pose,16.478,18.823,16.096,15.179
3073,61.46,2.498,2.498,bbox,16.478,18.823,16.096,15.179
3074,61.48,2.498,2.498,bbox,16.478,18.823,16.096,15.179
3075,61.5,1.998,2.498,pose,16.478,18.823,16.096,15.179
3076,61.52,2.51,2.498,bbox,16.478,18.823,16.096,15.255
3077,61.54,2.563,2.498,bbox,16.478,18.823,16.096,15.255
3078,61.56,1.748,2.498,pose,16.478,18.823,16.096,15.255
3079,61.58,3.052,2.51,bbox,16.528,18.823,16.096,15.305
3080,61.6,3.132,2.563,bbox,16.528,18.823,16.096,15.305
3081,61.62,2.432,2.563,pose,16.528,18.823,16.096,15.394
3082,61.64,3.245,3.052,bbox,16.528,18.823,16.096,15.431
3083,61.66,3.296,3.132,bbox,16.528,18.823,16.096,15.501
3084,61.68,2.635,3.132,pose,16.528,18.823,16.096,15.532
3085,61.7,3.409,3.245,bbox,16.528,18.823,16.096,15.575
3086,61.72,3.474,3.296,bbox,16.528,18.823,16.096,15.575
3087,61.74,3.547,3.409,bbox,16.528,18.823,16.096,15.575
3088,61.76,3.578,3.474,bbox,16.528,18.823,16.096,15.606
3089,61.78,3.628,3.547,bbox,16.528,18.823,16.096,15.606
3090,61.8,3.643,3.578,bbox,16.528,18.823,16.096,15.606
3091,61.82,3.651,3.628,bbox,16.528,18.823,16.096,15.606
3092,61.84,3.637,3.637,bbox,16.528,18.823,16.096,15.606
3093,61.86,2.884,3.637,pose,16.528,18.823,16.096,15.606
3094,61.88,3.565,3.637,bbox,16.528,18.823,16.096,15.606
3095,61.9,3.523,3.565,bbox,16.528,18.823,16.096,15.606
3096,61.92,2.695,3.523,pose,16.528,18.823,16.096,15.606
3097,61.94,3.411,3.411,bbox,16.528,18.823,16.096,15.606
3098,61.96,3.338,3.411,bbox,16.528,18.823,16.096,15.606
3099,61.98,2.448,3.338,pose,16.567,18.823,16.096,15.606
3100,62.0,3.134,3.134,bbox,16.567,18.823,16.096,15.606
3101,62.02,3.097,3.134,bbox,16.567,18.823,16.096,15.606
3102,62.04,2.327,3.097,pose,16.567,18.823,16.096,15.606
3103,62.06,3.003,3.003,bbox,16.671,18.823,16.147,15.606
3104,62.08,2.981,3.003,bbox,16.671,18.823,16.147,15.606
3105,62.1,2.329,2.981,pose,16.671,18.823,16.147,15.606
3106,62.12,2.95,2.95,bbox,16.734,18.823,16.147,15.606
3107,62.14,2.944,2.95,bbox,16.767,18.823,16.147,15.606
3108,62.16,2.531,2.944,pose,16.767,18.823,16.147,15.606
3109,62.18,2.939,2.939,bbox,16.819,18.823,16.147,15.606
3110,62.2,2.927,2.939,bbox,16.819,18.823,16.147,15.606
3111,62.22,2.385,2.927,pose,16.819,18.823,16.147,15.606
3112,62.24,2.933,2.927,bbox,16.819,18.823,16.147,15.606
3113,62.26,2.947,2.933,bbox,16.819,18.823,16.147,15.606
3114,62.28,2.341,2.927,pose,16.819,18.823,16.147,15.606
3115,62.3,2.943,2.933,bbox,16.819,18.823,16.147,15.606
3116,62.32,2.961,2.943,bbox,16.819,18.823,16.147,15.606
3117,62.34,2.183,2.943,pose,16.819,18.823,16.147,15.606
3118,62.36,2.944,2.943,bbox,16.819,18.823,16.147,15.649
3119,62.38,3.013,2.944,bbox,16.819,18.823,16.147,15.649
3120,62.4,2.21,2.944,pose,16.819,18.823,16.147,15.649
3121,62.42,3.073,2.944,bbox,16.852,18.823,16.147,15.759
3122,62.44,3.021,3.013,bbox,16.852,18.823,16.147,15.759
3123,62.46,2.103,3.013,pose,16.906,18.823,16.147,15.793
3124,62.48,3.029,3.021,bbox,16.993,18.823,16.147,15.793
3125,62.5,3.045,3.029,bbox,16.993,18.823,16.147,15.793
3126,62.52,2.061,3.021,pose,16.993,18.823,16.147,15.793
3127,62.54,3.068,3.029,bbox,17.058,18.823,16.147,15.793
3128,62.56,3.055,3.045,bbox,17.058,18.823,16.147,15.793
3129,62.58,2.083,3.045,pose,17.058,18.823,16.147,15.793
3130,62.6,3.044,3.044,bbox,17.106,18.823,16.147,15.793
3131,62.62,3.025,3.044,bbox,17.106,18.823,16.147,15.825
3132,62.64,2.097,3.025,pose,17.106,18.823,16.147,15.825
3133,62.66,2.991,2.991,bbox,17.149,18.823,16.147,15.825
3134,62.68,2.981,2.991,bbox,17.149,18.823,16.147,15.825
3135,62.7,2.522,2.981,pose,17.149,18.823,16.147,15.825
3136,62.72,2.978,2.978,bbox,17.149,18.823,16.147,15.863
3137,62.74,2.984,2.981,bbox,17.149,18.823,16.147,15.863
3138,62.76,2.994,2.981,bbox,17.149,18.823,16.147,15.897
3139,62.78,3.031,2.984,bbox,17.149,18.823,16.147,15.979
3140,62.8,3.093,2.994,bbox,17.149,18.823,16.147,15.979
3141,62.82,2.428,2.994,pose,17.149,18.823,16.147,16.017
3142,62.84,3.119,3.031,bbox,17.149,18.86,16.147,16.017
3143,62.86,3.166,3.093,bbox,17.149,18.86,16.147,16.017
3144,62.88,2.739,3.093,pose,17.149,18.86,16.147,16.017
3145,62.9,3.231,3.119,bbox,17.149,18.86,16.147,16.057
3146,62.92,3.172,3.166,bbox,17.149,18.86,16.147,16.057
3147,62.94,2.974,3.166,pose,17.149,18.86,16.147,16.091
3148,62.96,3.273,3.172,bbox,17.253,18.86,16.147,16.129
3149,62.98,5.328,3.231,bbox,17.253,18.987,16.147,16.129
3150,63.0,5.076,3.273,pose,17.253,19.116,16.147,16.129
3151,63.02,5.378,5.076,bbox,17.253,19.116,16.147,16.129
3152,63.04,3.456,5.076,bbox,17.253,19.116,16.147,16.129
3153,63.06,5.121,5.121,pose,17.253,19.116,16.147,16.129
3154,63.08,5.405,5.121,bbox,17.253,19.162,16.147,16.129
3155,63.1,5.418,5.378,bbox,17.253,19.162,16.147,16.129
3156,63.12,5.441,5.405,bbox,17.253,19.162,16.147,16.129
3157,63.14,5.507,5.418,bbox,17.253,19.162,16.181,16.129
3158,63.16,3.268,5.418,bbox,17.253,19.162,16.181,16.129
3159,63.18,2.595,5.418,pose,17.253,19.162,16.181,16.129
3160,63.2,5.387,5.387,bbox,17.253,19.162,16.214,16.129
3161,63.22,3.014,3.268,bbox,17.253,19.162,16.214,16.129
3162,63.24,2.257,3.014,pose,17.253,19.162,16.214,16.129
3163,63.26,2.909,2.909,bbox,17.253,19.162,16.214,16.129
3164,63.28,2.853,2.909,bbox,17.33,19.162,16.247,16.129
3165,63.3,1.974,2.853,pose,17.33,19.162,16.324,16.129
3166,63.32,2.769,2.769,bbox,17.33,19.162,16.324,16.129
3167,63.34,2.729,2.769,bbox,17.33,19.162,16.376,16.129
3168,63.36,1.899,2.729,pose,17.33,19.162,16.376,16.129
3169,63.38,2.713,2.713,bbox,17.361,19.162,16.436,16.129
3170,63.4,2.723,2.723,bbox,17.361,19.162,16.436,16.129
3171,63.42,1.866,2.713,pose,17.361,19.162,16.436,16.129
3172,63.44,2.632,2.632,bbox,17.361,19.162,16.507,16.129
3173,63.46,2.649,2.649,bbox,17.361,19.162,16.507,16.129
3174,63.48,1.895,2.632,pose,17.361,19.162,16.507,16.129
3175,63.5,2.694,2.632,bbox,17.361,19.162,16.507,16.129
3176,63.52,2.699,2.649,bbox,17.361,19.162,16.507,16.129
3177,63.54,1.915,2.649,pose,17.361,19.162,16.507,16.129
3178,63.56,2.778,2.694,bbox,17.361,19.21,16.507,16.129
3179,63.58,2.85,2.699,bbox,17.361,19.21,16.507,16.129
3180,63.6,2.249,2.699,pose,17.361,19.253,16.507,16.129
3181,63.62,2.941,2.778,bbox,17.361,19.293,16.507,16.129
3182,63.64,2.973,2.85,bbox,17.361,19.293,16.507,16.129
3183,63.66,2.341,2.85,pose,17.361,19.293,16.507,16.129
3184,63.68,5.153,2.941,bbox,17.361,19.293,16.507,16.129
3185,63.7,5.152,2.973,bbox,17.361,19.293,16.507,16.129
3186,63.72,4.517,4.517,pose,17.361,19.293,16.507,16.129
3187,63.74,5.116,5.116,bbox,17.361,19.293,16.507,16.129
3188,63.76,5.098,5.116,bbox,17.361,19.293,16.507,16.129
3189,63.78,4.479,5.098,pose,17.361,19.293,16.507,16.129
3190,63.8,5.053,5.053,bbox,17.361,19.293,16.507,16.129
3191,63.82,3.141,5.053,bbox,17.361,19.293,16.507,16.129
3192,63.84,4.395,4.479,pose,17.361,19.293,16.507,16.129
3193,63.86,3.007,4.395,bbox,17.361,19.293,16.507,16.129
3194,63.88,5.028,4.395,bbox,17.361,19.293,16.507,16.129
3195,63.9,4.366,4.366,pose,17.361,19.293,16.507,16.129
3196,63.92,3.001,4.366,bbox,17.361,19.293,16.507,16.129
3197,63.94,2.969,3.007,bbox,17.361,19.293,16.507,16.129
3198,63.96,2.942,3.001,bbox,17.361,19.293,16.507,16.129
3199,63.98,2.934,2.969,bbox,17.403,19.293,16.507,16.129
3200,64.0,2.912,2.942,bbox,17.451,19.293,16.507,16.129
3201,64.02,2.152,2.934,pose,17.451,19.293,16.507,16.129
3202,64.04,2.867,2.912,bbox,17.491,19.293,16.507,16.129
3203,64.06,2.908,2.908,bbox,17.548,19.293,16.507,16.129
3204,64.08,2.218,2.867,pose,17.548,19.293,16.507,16.129
3205,64.1,3.025,2.867,bbox,17.548,19.293,16.507,16.163
3206,64.12,5.302,2.908,bbox,17.548,19.293,16.507,16.163
3207,64.14,4.865,3.025,pose,17.548,19.293,16.507,16.163
3208,64.16,5.31,4.865,bbox,17.548,19.293,16.507,16.163
3209,64.18,5.296,5.296,bbox,17.548,19.293,16.507,16.163
3210,64.2,2.208,5.296,pose,17.548,19.293,16.507,16.163
3211,64.22,3.012,4.865,bbox,17.548,19.293,16.507,16.163
3212,64.24,3.051,3.051,bbox,17.548,19.293,16.507,16.163
3213,64.26,2.197,3.012,pose,17.548,19.293,16.507,16.163
3214,64.28,3.067,3.012,bbox,17.615,19.293,16.507,16.163
3215,64.3,3.111,3.051,bbox,17.615,19.293,16.507,16.163
3216,64.32,2.355,3.051,pose,17.615,19.331,16.507,16.163
3217,64.34,3.285,3.067,bbox,17.615,19.375,16.507,16.289
3218,64.36,3.338,3.111,bbox,17.615,19.375,16.507,16.289
3219,64.38,2.617,3.111,pose,17.615,19.375,16.507,16.289
3220,64.4,3.408,3.285,bbox,17.615,19.375,16.507,16.289
3221,64.42,3.427,3.338,bbox,17.615,19.375,16.507,16.289
3222,64.44,5.033,3.408,pose,17.615,19.375,16.507,16.289
3223,64.46,5.535,3.427,bbox,17.615,19.375,16.507,16.289
3224,64.48,3.555,3.555,bbox,17.615,19.464,16.507,16.289
3225,64.5,2.855,3.555,pose,17.615,19.548,16.507,16.289
3226,64.52,3.526,3.555,bbox,17.615,19.548,16.507,16.289
3227,64.54,3.508,3.526,bbox,17.694,19.548,16.507,16.289
3228,64.56,2.747,3.508,pose,17.694,19.548,16.507,16.289
3229,64.58,3.484,3.484,bbox,17.694,19.548,16.541,16.289
3230,64.6,3.447,3.484,bbox,17.694,19.548,16.541,16.289
3231,64.62,3.39,3.447,bbox,17.694,19.548,16.541,16.289
3232,64.64,3.361,3.39,bbox,17.694,19.548,16.584,16.289
3233,64.66,3.289,3.39,bbox,17.694,19.548,16.584,16.289
3234,64.68,2.36,3.361,pose,17.694,19.548,16.617,16.289
3235,64.7,3.171,3.289,bbox,17.694,19.548,16.653,16.289
3236,64.72,3.143,3.171,bbox,17.694,19.548,16.701,16.289
3237,64.74,2.36,3.143,pose,17.694,19.548,16.701,16.289
3238,64.76,3.072,3.072,bbox,17.694,19.548,16.783,16.289
3239,64.78,3.047,3.072,bbox,17.694,19.548,16.783,16.289
3240,64.8,2.249,3.047,pose,17.694,19.548,16.783,16.289
3241,64.82,3.0,3.0,bbox,17.694,19.548,16.783,16.289
3242,64.84,3.001,3.001,bbox,17.694,19.548,16.783,16.289
3243,64.86,2.314,3.0,pose,17.694,19.548,16.783,16.289
3244,64.88,3.051,3.0,bbox,17.742,19.548,16.783,16.289
3245,64.9,3.034,3.001,bbox,17.742,19.548,16.783,16.289
3246,64.92,2.262,3.001,pose,17.742,19.548,16.783,16.289
3247,64.94,2.991,2.991,bbox,17.742,19.548,16.783,16.289
3248,64.96,2.964,2.991,bbox,17.742,19.548,16.783,16.289
3249,64.98,2.15,2.964,pose,17.776,19.548,16.783,16.289
3250,65.0,3.128,2.964,bbox,17.776,19.548,16.783,16.289
3251,65.02,3.08,2.991,bbox,17.776,19.548,16.783,16.289
3252,65.04,2.061,2.964,pose,17.776,19.548,16.783,16.289
3253,65.06,2.94,2.94,bbox,17.776,19.548,16.783,16.289
3254,65.08,2.965,2.965,bbox,17.776,19.548,16.783,16.289
3255,65.1,2.004,2.94,pose,17.776,19.548,16.783,16.289
3256,65.12,2.92,2.92,bbox,17.824,19.548,16.783,16.289
3257,65.14,2.902,2.92,bbox,17.824,19.548,16.783,16.289
3258,65.16,2.066,2.902,pose,17.824,19.548,16.783,16.289
3259,65.18,2.897,2.897,bbox,17.824,19.548,16.783,16.289
3260,65.2,2.948,2.902,bbox,17.824,19.548,16.783,16.289
3261,65.22,2.093,2.897,pose,17.824,19.548,16.783,16.289
3262,65.24,2.919,2.897,bbox,17.862,19.548,16.783,16.32
3263,65.26,2.848,2.897,bbox,17.862,19.548,16.783,16.32
3264,65.28,2.055,2.848,pose,17.862,19.548,16.783,16.32
3265,65.3,2.838,2.838,bbox,17.897,19.548,16.783,16.32
3266,65.32,2.869,2.848,bbox,17.934,19.548,16.783,16.32
3267,65.34,2.125,2.838,pose,17.934,19.548,16.783,16.32
3268,65.36,2.888,2.838,bbox,17.974,19.548,16.783,16.32
3269,65.38,2.906,2.869,bbox,17.974,19.548,16.783,16.32
3270,65.4,2.162,2.869,pose,17.974,19.548,16.783,16.32
3271,65.42,2.954,2.888,bbox,17.974,19.548,16.783,16.386
3272,65.44,2.986,2.906,bbox,17.974,19.548,16.783,16.386
3273,65.46,4.862,2.954,pose,17.974,19.548,16.783,16.419
3274,65.48,5.513,2.986,bbox,17.974,19.622,16.783,16.451
3275,65.5,2.976,2.986,bbox,18.045,19.622,16.783,16.451
3276,65.52,2.059,2.986,pose,18.045,19.622,16.783,16.451
3277,65.54,2.943,2.976,bbox,18.077,19.622,16.783,16.451
3278,65.56,2.909,2.943,bbox,18.077,19.622,16.783,16.451
3279,65.58,2.01,2.909,pose,18.108,19.622,16.783,16.451
3280,65.6,2.855,2.855,bbox,18.108,19.622,16.783,16.451
3281,65.62,2.823,2.855,bbox,18.149,19.622,16.783,16.451
3282,65.64,2.027,2.823,pose,18.149,19.622,16.783,16.451
3283,65.66,2.78,2.78,bbox,18.21,19.622,16.783,16.451
3284,65.68,2.741,2.78,bbox,18.251,19.622,16.783,16.451
3285,65.7,2.031,2.741,pose,18.251,19.622,16.783,16.451
3286,65.72,2.714,2.714,bbox,18.318,19.622,16.783,16.451
3287,65.74,2.72,2.72,bbox,18.318,19.622,16.783,16.451
3288,65.76,2.044,2.714,pose,18.318,19.622,16.783,16.451
3289,65.78,2.794,2.714,bbox,18.318,19.714,16.817,16.451
3290,65.8,2.837,2.72,bbox,18.318,19.714,16.817,16.451
3291,65.82,2.095,2.72,pose,18.318,19.772,16.817,16.451
3292,65.84,2.91,2.794,bbox,18.318,19.836,16.817,16.451
3293,65.86,2.928,2.837,bbox,18.318,19.9,16.817,16.451
3294,65.88,2.054,2.837,pose,18.318,19.953,16.817,16.451
3295,65.9,2.97,2.91,bbox,18.318,19.953,16.851,16.451
3296,65.92,3.01,2.928,bbox,18.318,20.023,16.851,16.451
3297,65.94,2.143,2.928,pose,18.318,20.058,16.851,16.451
3298,65.96,3.114,2.97,bbox,18.318,20.11,16.891,16.451
3299,65.98,3.186,3.01,bbox,18.318,20.163,16.891,16.451
3300,66.0,2.283,3.01,pose,18.318,20.2,16.891,16.451
3301,66.02,3.23,3.114,bbox,18.318,20.233,16.891,16.451
3302,66.04,3.204,3.186,bbox,18.318,20.233,16.891,16.451
3303,66.06,3.194,3.194,bbox,18.318,20.276,16.891,16.451
3304,66.08,3.212,3.204,bbox,18.318,20.276,16.891,16.451
3305,66.1,3.244,3.212,bbox,18.318,20.276,16.925,16.451
3306,66.12,2.748,3.204,pose,18.318,20.276,16.925,16.451
3307,66.14,3.232,3.212,bbox,18.318,20.276,16.925,16.451
3308,66.16,3.226,3.226,bbox,18.318,20.276,16.925,16.451
3309,66.18,2.173,3.226,pose,18.318,20.276,16.925,16.451
3310,66.2,3.152,3.152,bbox,18.318,20.276,16.925,16.451
3311,66.22,3.187,3.187,bbox,18.318,20.276,16.925,16.451
3312,66.24,2.264,3.152,pose,18.318,20.276,16.925,16.451
3313,66.26,2.965,2.965,bbox,18.318,20.276,16.925,16.451
3314,66.28,2.932,2.965,bbox,18.318,20.276,16.925,16.451
3315,66.3,2.444,2.932,pose,18.318,20.276,16.925,16.451
3316,66.32,3.172,2.932,bbox,18.318,20.276,16.925,16.451
3317,66.34,3.149,2.965,bbox,18.318,20.276,16.925,16.451
3318,66.36,2.539,2.932,pose,18.318,20.276,16.925,16.451
3319,66.38,3.143,3.143,bbox,18.318,20.276,16.925,16.451
3320,66.4,3.132,3.143,bbox,18.318,20.276,16.925,16.451
3321,66.42,2.632,3.132,pose,18.318,20.276,16.925,16.451
3322,66.44,3.132,3.132,bbox,18.318,20.276,16.925,16.451
3323,66.46,3.142,3.132,bbox,18.318,20.276,16.925,16.451
3324,66.48,2.747,3.132,pose,18.318,20.276,16.925,16.451
3325,66.5,3.209,3.132,bbox,18.318,20.31,16.925,16.451
3326,66.52,3.258,3.142,bbox,18.318,20.31,16.925,16.451
3327,66.54,2.869,3.142,pose,18.318,20.31,16.925,16.451
3328,66.56,2.923,2.923,bbox,18.318,20.31,16.925,16.451
3329,66.58,2.941,2.941,bbox,18.318,20.31,16.925,16.451
3330,66.6,3.098,2.941,pose,18.318,20.31,16.925,16.451
3331,66.62,3.291,2.941,bbox,18.318,20.31,16.925,16.451
3332,66.64,2.977,2.977,bbox,18.318,20.31,16.925,16.451
3333,66.66,2.831,2.977,pose,18.318,20.31,16.925,16.451
3334,66.68,3.353,3.098,bbox,18.318,20.31,16.925,16.451
3335,66.7,3.312,3.291,bbox,18.318,20.31,16.925,16.451
3336,66.72,2.607,2.977,pose,18.318,20.31,16.925,16.451
3337,66.74,3.234,3.234,bbox,18.318,20.31,16.925,16.451
3338,66.76,5.125,3.312,bbox,18.318,20.31,16.925,16.451
3339,66.78,2.379,3.234,pose,18.318,20.31,16.925,16.451
3340,66.8,3.105,3.105,bbox,18.318,20.31,16.925,16.451
3341,66.82,3.027,3.105,bbox,18.369,20.31,16.925,16.451
3342,66.84,2.221,3.027,pose,18.438,20.31,16.925,16.451
3343,66.86,2.961,2.961,bbox,18.438,20.31,16.925,16.451
3344,66.88,2.892,2.961,bbox,18.497,20.31,16.925,16.451
3345,66.9,2.151,2.892,pose,18.497,20.31,16.925,16.451
3346,66.92,2.855,2.855,bbox,18.571,20.31,16.925,16.451
3347,66.94,2.826,2.855,bbox,18.615,20.31,16.925,16.451
3348,66.96,2.035,2.826,pose,18.615,20.31,16.925,16.451
3349,66.98,2.9,2.826,bbox,18.615,20.31,16.925,16.451
3350,67.0,2.926,2.855,bbox,18.615,20.31,16.925,16.451
3351,67.02,2.139,2.826,pose,18.615,20.31,16.925,16.451
3352,67.04,2.886,2.886,bbox,18.615,20.31,16.925,16.451
3353,67.06,2.912,2.9,bbox,18.615,20.31,16.925,16.451
3354,67.08,2.155,2.886,pose,18.615,20.31,16.925,16.451
3355,67.1,2.951,2.886,bbox,18.615,20.31,16.925,16.451
3356,67.12,2.962,2.912,bbox,18.615,20.31,16.925,16.451
3357,67.14,2.178,2.912,pose,18.615,20.31,16.925,16.451
3358,67.16,3.018,2.951,bbox,18.615,20.371,16.925,16.451
3359,67.18,3.066,2.962,bbox,18.615,20.371,16.925,16.451
3360,67.2,2.271,2.962,pose,18.615,20.407,16.925,16.451
3361,67.22,3.189,3.018,bbox,18.615,20.48,16.925,16.451
3362,67.24,3.281,3.066,bbox,18.615,20.48,16.925,16.451
3363,67.26,2.508,3.066,pose,18.615,20.48,16.925,16.485
3364,67.28,3.371,3.189,bbox,18.615,20.48,16.925,16.534
3365,67.3,3.347,3.281,bbox,18.615,20.48,16.925,16.534
3366,67.32,2.6,3.281,pose,18.615,20.48,16.925,16.534
3367,67.34,2.984,2.984,bbox,18.615,20.48,16.925,16.534
3368,67.36,3.007,3.007,bbox,18.615,20.48,16.925,16.534
3369,67.38,2.689,2.984,pose,18.615,20.48,16.925,16.534
3370,67.4,3.547,2.984,bbox,18.615,20.48,16.925,16.534
3371,67.42,3.54,3.007,bbox,18.615,20.48,16.925,16.534
3372,67.44,2.67,3.007,pose,18.615,20.48,16.925,16.534
3373,67.46,3.501,3.501,bbox,18.615,20.48,16.925,16.534
3374,67.48,3.449,3.501,bbox,18.615,20.48,16.925,16.534
3375,67.5,2.586,3.449,pose,18.615,20.48,16.925,16.534
3376,67.52,3.415,3.415,bbox,18.615,20.48,16.925,16.534
3377,67.54,3.387,3.415,bbox,18.615,20.48,16.925,16.534
3378,67.56,2.563,3.387,pose,18.615,20.48,16.925,16.534
3379,67.58,3.017,3.017,bbox,18.615,20.48,16.979,16.534
3380,67.6,3.023,3.023,bbox,18.615,20.48,16.979,16.534
3381,67.62,2.172,3.017,pose,18.615,20.48,16.979,16.534
3382,67.64,3.026,3.017,bbox,18.615,20.48,16.979,16.534
3383,67.66,3.024,3.023,bbox,18.615,20.48,16.979,16.534
3384,67.68,2.184,3.023,pose,18.615,20.48,16.979,16.534
3385,67.7,3.017,3.017,bbox,18.615,20.48,16.979,16.534
3386,67.72,3.005,3.017,bbox,18.615,20.48,16.979,16.534
3387,67.74,2.175,3.005,pose,18.615,20.48,16.979,16.534
3388,67.76,2.974,2.974,bbox,18.615,20.48,16.979,16.534
3389,67.78,2.951,2.974,bbox,18.615,20.48,16.979,16.534
3390,67.8,2.145,2.951,pose,18.615,20.48,16.979,16.534
3391,67.82,2.898,2.898,bbox,18.615,20.48,16.979,16.534
3392,67.84,2.86,2.898,bbox,18.615,20.48,16.979,16.534
3393,67.86,2.115,2.86,pose,18.615,20.48,16.979,16.534
3394,67.88,2.926,2.86,bbox,18.615,20.48,16.979,16.534
3395,67.9,2.727,2.86,bbox,18.615,20.48,16.979,16.534
3396,67.92,2.295,2.727,pose,18.615,20.48,16.979,16.534
3397,67.94,2.688,2.688,bbox,18.615,20.48,17.023,16.534
3398,67.96,2.675,2.688,bbox,18.615,20.48,17.023,16.534
3399,67.98,2.658,2.675,bbox,18.615,20.48,17.023,16.534
3400,68.0,2.945,2.675,bbox,18.615,20.48,17.058,16.534
3401,68.02,3.002,2.688,bbox,18.615,20.48,17.058,16.534
3402,68.04,2.313,2.675,pose,18.615,20.48,17.058,16.534
3403,68.06,2.593,2.658,bbox,18.615,20.48,17.09,16.534
3404,68.08,2.584,2.593,bbox,18.615,20.48,17.09,16.534
3405,68.1,1.966,2.584,pose,18.615,20.48,17.09,16.534
3406,68.12,2.551,2.551,bbox,18.615,20.48,17.09,16.534
3407,68.14,2.947,2.584,bbox,18.615,20.48,17.09,16.534
3408,68.16,2.102,2.551,pose,18.615,20.48,17.09,16.534
3409,68.18,2.889,2.551,bbox,18.615,20.48,17.132,16.534
3410,68.2,2.794,2.794,bbox,18.615,20.48,17.132,16.534
3411,68.22,1.862,2.794,pose,18.615,20.48,17.132,16.534
3412,68.24,2.681,2.681,bbox,18.615,20.48,17.132,16.534
3413,68.26,2.655,2.681,bbox,18.651,20.48,17.132,16.534
3414,68.28,1.862,2.655,pose,18.737,20.48,17.132,16.534
3415,68.3,2.751,2.655,bbox,18.737,20.48,17.132,16.534
3416,68.32,2.705,2.681,bbox,18.737,20.48,17.132,16.534
3417,68.34,2.657,2.657,bbox,18.835,20.48,17.132,16.534
3418,68.36,2.638,2.657,bbox,18.895,20.48,17.132,16.566
3419,68.38,2.596,2.657,bbox,18.941,20.48,17.132,16.566
3420,68.4,1.864,2.638,pose,18.941,20.48,17.132,16.566
3421,68.42,2.617,2.617,bbox,18.941,20.48,17.132,16.566
3422,68.44,2.647,2.617,bbox,18.941,20.48,17.132,16.566
3423,68.46,1.947,2.596,pose,18.941,20.48,17.132,16.566
3424,68.48,2.808,2.617,bbox,18.941,20.48,17.132,16.693
3425,68.5,2.831,2.647,bbox,18.941,20.48,17.132,16.693
3426,68.52,1.97,2.647,pose,18.941,20.48,17.132,16.724
3427,68.54,2.882,2.808,bbox,18.941,20.48,17.132,16.724
3428,68.56,2.924,2.831,bbox,18.941,20.48,17.132,16.724
3429,68.58,1.983,2.831,pose,18.941,20.48,17.132,16.724
3430,68.6,3.017,2.882,bbox,18.941,20.48,17.132,16.724
3431,68.62,3.035,2.924,bbox,18.941,20.48,17.132,16.724
3432,68.64,2.011,2.924,pose,18.941,20.48,17.132,16.724
3433,68.66,3.075,3.017,bbox,18.941,20.48,17.132,16.724
3434,68.68,3.072,3.035,bbox,18.941,20.48,17.132,16.724
3435,68.7,1.907,3.035,pose,18.941,20.48,17.132,16.724
3436,68.72,3.019,3.019,bbox,18.981,20.48,17.132,16.724
3437,68.74,2.958,3.019,bbox,19.029,20.48,17.132,16.724
3438,68.76,1.587,2.958,pose,19.074,20.48,17.132,16.724
3439,68.78,2.768,2.768,bbox,19.13,20.48,17.132,16.724
3440,68.8,2.686,2.768,bbox,19.13,20.48,17.19,16.724
3441,68.82,1.332,2.686,pose,19.232,20.48,17.19,16.724
3442,68.84,2.37,2.37,bbox,19.267,20.48,17.248,16.724
3443,68.86,2.308,2.37,bbox,19.319,20.48,17.326,16.724
3444,68.88,0.915,2.308,pose,19.369,20.48,17.372,16.724
3445,68.9,2.106,2.106,bbox,19.419,20.48,17.429,16.724
3446,68.92,2.071,2.106,bbox,19.46,20.48,17.429,16.724
3447,68.94,0.653,2.071,pose,19.46,20.48,17.541,16.724
3448,68.96,1.921,1.921,bbox,19.46,20.48,17.541,16.724
3449,68.98,1.906,1.921,bbox,19.46,20.48,17.588,16.724
3450,69.0,0.563,1.906,pose,19.46,20.48,17.662,16.724
3451,69.02,1.8,1.8,bbox,19.46,20.48,17.662,16.724
3452,69.04,1.794,1.8,bbox,19.46,20.48,17.662,16.724
3453,69.06,3.265,1.8,pose,19.46,20.48,17.784,16.724
3454,69.08,1.798,1.798,bbox,19.46,20.48,17.784,16.724
3455,69.1,1.772,1.798,bbox,19.46,20.48,17.824,16.724
3456,69.12,0.571,1.794,pose,19.46,20.48,17.824,16.724
3457,69.14,1.752,1.772,bbox,19.46,20.48,17.824,16.724
3458,69.16,1.702,1.752,bbox,19.46,20.48,17.824,16.724
3459,69.18,0.567,1.702,pose,19.46,20.48,17.824,16.724
3460,69.2,1.585,1.585,bbox,19.46,20.48,17.824,16.724
3461,69.22,1.57,1.585,bbox,19.46,20.48,17.824,16.724
3462,69.24,0.559,1.57,pose,19.46,20.48,17.824,16.724
3463,69.26,1.532,1.532,bbox,19.46,20.48,17.824,16.724
3464,69.28,1.516,1.532,bbox,19.46,20.48,17.824,16.724
3465,69.3,0.611,1.516,pose,19.46,20.48,17.824,16.724
3466,69.32,1.549,1.516,bbox,19.46,20.557,17.824,16.724
3467,69.34,1.551,1.532,bbox,19.46,20.557,17.824,16.724
3468,69.36,0.703,1.516,pose,19.46,20.557,17.824,16.724
3469,69.38,1.596,1.549,bbox,19.46,20.635,17.824,16.724
3470,69.4,1.619,1.551,bbox,19.46,20.635,17.824,16.724
3471,69.42,0.916,1.551,pose,19.46,20.67,17.824,16.724
3472,69.44,1.911,1.596,bbox,19.46,20.67,17.824,16.724
3473,69.46,1.905,1.619,bbox,19.503,20.67,17.824,16.724
3474,69.48,1.444,1.619,pose,19.503,20.67,17.824,16.724
3475,69.5,1.9,1.9,bbox,19.503,20.67,17.824,16.754
3476,69.52,1.913,1.905,bbox,19.537,20.67,17.824,16.754
3477,69.54,1.441,1.9,pose,19.537,20.67,17.824,16.754
3478,69.56,1.883,1.883,bbox,19.537,20.67,17.824,16.754
3479,69.58,1.899,1.899,bbox,19.537,20.67,17.824,16.754
3480,69.6,1.473,1.883,pose,19.537,20.67,17.824,16.754
3481,69.62,1.911,1.883,bbox,19.537,20.67,17.824,16.786
3482,69.64,1.914,1.899,bbox,19.537,20.67,17.824,16.786
3483,69.66,1.493,1.899,pose,19.537,20.67,17.824,16.786
3484,69.68,1.941,1.911,bbox,19.537,20.67,17.824,16.786
3485,69.7,1.95,1.914,bbox,19.537,20.67,17.824,16.822
3486,69.72,1.535,1.914,pose,19.537,20.67,17.824,16.822
3487,69.74,1.954,1.941,bbox,19.537,20.67,17.824,16.822
3488,69.76,2.248,1.95,bbox,19.537,20.67,17.824,16.822
3489,69.78,2.528,1.954,pose,19.537,20.67,17.824,16.822
3490,69.8,2.347,2.248,bbox,19.537,20.67,17.824,16.822
3491,69.82,1.97,2.248,bbox,19.537,20.67,17.824,16.822
3492,69.84,1.701,2.248,pose,19.537,20.67,17.824,16.822
3493,69.86,,,,19.537,20.67,17.824,16.822
3494,69.88,2.044,2.044,bbox,19.537,20.67,17.824,16.822
3495,69.9,,,,19.537,20.67,17.824,16.822
3496,69.92,2.106,2.044,bbox,19.537,20.67,17.824,16.822
3497,69.94,2.11,2.044,bbox,19.537,20.67,17.824,16.91
3498,69.96,2.139,2.106,bbox,19.537,20.67,17.824,16.91
3499,69.98,2.55,2.11,bbox,19.537,20.67,17.824,16.965
3500,70.0,2.812,2.139,bbox,19.537,20.67,17.824,16.965
3501,70.02,1.666,2.139,pose,19.537,20.67,17.824,16.965
3502,70.04,2.14,2.14,bbox,19.537,20.67,17.824,17.027
3503,70.06,2.123,2.14,bbox,19.597,20.67,17.824,17.027
3504,70.08,1.672,2.123,pose,19.64,20.67,17.824,17.027
3505,70.1,2.959,2.123,bbox,19.64,20.67,17.824,17.027
3506,70.12,3.049,2.14,bbox,19.64,20.67,17.824,17.027
3507,70.14,2.433,2.433,pose,19.64,20.67,17.824,17.027
3508,70.16,3.074,2.959,bbox,19.64,20.728,17.824,17.027
3509,70.18,2.139,2.959,bbox,19.64,20.728,17.824,17.027
3510,70.2,1.611,2.433,pose,19.64,20.728,17.824,17.027
3511,70.22,2.075,2.139,bbox,19.64,20.728,17.824,17.027
3512,70.24,2.086,2.086,bbox,19.689,20.728,17.824,17.027
3513,70.26,2.09,2.086,bbox,19.689,20.728,17.824,17.027
3514,70.28,2.091,2.086,bbox,19.689,20.728,17.824,17.027
3515,70.3,2.116,2.09,bbox,19.689,20.728,17.824,17.075
3516,70.32,1.521,2.09,pose,19.689,20.728,17.824,17.12
3517,70.34,2.165,2.091,bbox,19.731,20.728,17.824,17.12
3518,70.36,3.604,2.116,bbox,19.731,20.728,17.824,17.191
3519,70.38,2.898,2.165,pose,19.731,20.728,17.824,17.191
3520,70.4,3.719,2.898,bbox,19.731,20.728,17.824,17.24
3521,70.42,3.771,3.604,bbox,19.731,20.785,17.824,17.24
3522,70.44,3.097,3.604,pose,19.731,20.818,17.824,17.287
3523,70.46,3.84,3.719,bbox,19.731,20.818,17.824,17.287
3524,70.48,2.381,3.719,bbox,19.731,20.818,17.824,17.33
3525,70.5,1.815,3.097,pose,19.731,20.818,17.824,17.33
3526,70.52,2.45,2.45,bbox,19.731,20.818,17.824,17.407
3527,70.54,4.014,2.45,bbox,19.731,20.818,17.824,17.407
3528,70.56,3.551,2.45,pose,19.731,20.818,17.824,17.407
3529,70.58,4.078,3.551,bbox,19.731,20.818,17.824,17.453
3530,70.6,4.128,4.014,bbox,19.731,20.908,17.824,17.453
3531,70.62,1.973,4.014,pose,19.731,20.908,17.824,17.453
3532,70.64,2.468,3.551,bbox,19.731,20.908,17.824,17.453
3533,70.66,2.521,2.521,bbox,19.731,20.908,17.824,17.453
3534,70.68,2.096,2.468,pose,19.731,20.908,17.824,17.453
3535,70.7,2.602,2.468,bbox,19.731,20.908,17.824,17.494
3536,70.72,2.626,2.521,bbox,19.731,20.908,17.824,17.527
3537,70.74,2.062,2.521,pose,19.731,20.908,17.824,17.527
3538,70.76,4.401,2.602,bbox,19.731,20.908,17.824,17.575
3539,70.78,4.413,2.626,bbox,19.731,20.908,17.824,17.575
3540,70.8,3.852,3.852,pose,19.731,20.908,17.824,17.575
3541,70.82,4.462,4.401,bbox,19.731,20.908,17.824,17.575
3542,70.84,4.518,4.413,bbox,19.731,20.947,17.824,17.575
3543,70.86,3.959,4.413,pose,19.731,20.947,17.824,17.615
3544,70.88,4.631,4.462,bbox,19.731,20.947,17.824,17.615
3545,70.9,4.68,4.518,bbox,19.731,20.999,17.824,17.615
3546,70.92,4.72,4.631,bbox,19.731,20.999,17.824,17.649
3547,70.94,4.756,4.68,bbox,19.731,20.999,17.824,17.649
3548,70.96,4.8,4.72,bbox,19.731,20.999,17.824,17.649
3549,70.98,4.858,4.756,pose,19.731,20.999,17.824,17.683
3550,71.0,4.904,4.8,bbox,19.731,20.999,17.824,17.683
3551,71.02,4.951,4.858,bbox,19.731,20.999,17.824,17.742
3552,71.04,4.676,4.858,pose,19.731,20.999,17.824,17.742
3553,71.06,5.007,4.904,bbox,19.731,20.999,17.824,17.742
3554,71.08,5.04,4.951,bbox,19.731,20.999,17.824,17.786
3555,71.1,4.817,4.951,pose,19.731,20.999,17.824,17.786
3556,71.12,5.112,5.007,bbox,19.731,20.999,17.824,17.838
3557,71.14,5.153,5.04,bbox,19.731,21.037,17.824,17.838
3558,71.16,5.187,5.112,bbox,19.731,21.037,17.824,17.912
3559,71.18,5.234,5.153,bbox,19.731,21.037,17.824,17.912
3560,71.2,5.3,5.187,bbox,19.731,21.037,17.824,17.912
3561,71.22,4.953,5.187,pose,19.731,21.037,17.824,17.912
3562,71.24,5.43,5.234,bbox,19.731,21.037,17.824,17.912
3563,71.26,5.394,5.3,bbox,19.731,21.071,17.824,17.912
3564,71.28,4.879,5.3,pose,19.731,21.102,17.824,17.912
3565,71.3,5.418,5.394,bbox,19.731,21.102,17.824,17.912
3566,71.32,5.421,5.418,bbox,19.731,21.102,17.824,17.912
3567,71.34,4.849,5.394,pose,19.731,21.102,17.824,17.912
3568,71.36,5.486,5.418,bbox,19.731,21.102,17.824,17.912
3569,71.38,5.532,5.421,bbox,19.731,21.102,17.824,17.912
3570,71.4,4.931,5.421,pose,19.731,21.102,17.824,17.949
3571,71.42,5.607,5.486,bbox,19.731,21.102,17.824,17.949
3572,71.44,5.646,5.532,bbox,19.731,21.102,17.824,17.949
3573,71.46,4.999,5.532,pose,19.731,21.102,17.824,17.949
3574,71.48,5.67,5.607,bbox,19.731,21.102,17.824,17.949
3575,71.5,5.696,5.646,bbox,19.731,21.141,17.824,17.949
3576,71.52,5.114,5.646,pose,19.731,21.141,17.824,17.949
3577,71.54,5.808,5.67,bbox,19.731,21.141,17.824,17.983
3578,71.56,5.91,5.696,bbox,19.731,21.184,17.824,17.983
3579,71.58,5.49,5.696,pose,19.731,21.184,17.824,17.983
3580,71.6,5.989,5.808,bbox,19.731,21.184,17.824,18.025
3581,71.62,6.028,5.91,bbox,19.731,21.184,17.824,18.025
3582,71.64,5.63,5.91,pose,19.731,21.184,17.824,18.062
3583,71.66,6.098,5.989,bbox,19.731,21.184,17.824,18.062
3584,71.68,6.124,6.028,bbox,19.731,21.184,17.824,18.106
3585,71.7,6.072,6.072,pose,19.731,21.184,17.824,18.106
3586,71.72,6.206,6.098,bbox,19.731,21.184,17.824,18.106
3587,71.74,6.18,6.124,bbox,19.731,21.184,17.824,18.106
3588,71.76,5.966,6.124,pose,19.731,21.184,17.824,18.167
3589,71.78,6.083,6.083,bbox,19.731,21.184,17.824,18.167
3590,71.8,6.047,6.083,bbox,19.731,21.184,17.824,18.167
3591,71.82,5.883,6.047,pose,19.731,21.184,17.824,18.167
3592,71.84,6.151,6.047,bbox,19.731,21.184,17.824,18.167
3593,71.86,6.205,6.083,bbox,19.731,21.184,17.824,18.167
3594,71.88,6.267,6.151,pose,19.731,21.184,17.824,18.167
3595,71.9,6.198,6.198,bbox,19.731,21.184,17.824,18.211
3596,71.92,6.215,6.205,bbox,19.731,21.184,17.824,18.211
3597,71.94,6.128,6.205,pose,19.731,21.184,17.824,18.211
3598,71.96,6.274,6.215,bbox,19.731,21.184,17.824,18.244
3599,71.98,6.267,6.215,bbox,19.731,21.184,17.824,18.244
3600,72.0,6.005,6.215,pose,19.731,21.184,17.824,18.244
3601,72.02,6.408,6.267,bbox,19.731,21.184,17.824,18.244
3602,72.04,6.412,6.274,bbox,19.731,21.184,17.824,18.244
3603,72.06,6.063,6.267,pose,19.731,21.184,17.824,18.244
3604,72.08,6.431,6.408,bbox,19.731,21.184,17.824,18.244
3605,72.1,6.455,6.412,bbox,19.731,21.184,17.824,18.244
3606,72.12,6.474,6.431,bbox,19.731,21.184,17.824,18.244
3607,72.14,6.509,6.455,bbox,19.731,21.184,17.824,18.275
3608,72.16,6.521,6.474,bbox,19.731,21.184,17.824,18.275
3609,72.18,6.18,6.474,pose,19.731,21.184,17.824,18.275
3610,72.2,6.531,6.509,bbox,19.731,21.184,17.824,18.275
3611,72.22,6.504,6.509,bbox,19.731,21.184,17.824,18.275
3612,72.24,6.154,6.504,pose,19.731,21.184,17.824,18.275
3613,72.26,6.449,6.449,bbox,19.731,21.184,17.824,18.275
3614,72.28,6.45,6.45,bbox,19.731,21.184,17.824,18.275
3615,72.3,6.18,6.449,pose,19.731,21.184,17.824,18.275
3616,72.32,6.462,6.449,bbox,19.731,21.184,17.824,18.275
3617,72.34,6.456,6.45,bbox,19.731,21.184,17.824,18.275
3618,72.36,6.181,6.45,pose,19.731,21.184,17.824,18.275
3619,72.38,6.429,6.429,bbox,19.731,21.184,17.824,18.275
3620,72.4,6.417,6.429,bbox,19.731,21.184,17.824,18.275
3621,72.42,6.2,6.417,pose,19.731,21.184,17.824,18.275
3622,72.44,5.287,6.2,bbox,19.731,21.184,17.824,18.275
3623,72.46,,,,19.731,21.184,17.824,18.275
3624,72.48,,,,19.731,21.184,17.824,18.275
3625,72.5,5.364,6.2,bbox,19.731,21.184,17.824,18.275
3626,72.52,,,,19.731,21.184,17.824,18.275
3627,72.54,,,,19.731,21.184,17.824,18.275
3628,72.56,,,,19.731,21.184,17.824,18.275
3629,72.58,,,,19.731,21.184,17.824,18.275
3630,72.6,,,,19.731,21.184,17.824,18.275
3631,72.62,,,,19.731,21.184,17.824,18.275
3632,72.64,,,,19.731,21.184,17.824,18.275
3633,72.66,,,,19.731,21.184,17.824,18.275
3634,72.68,,,,19.731,21.184,17.824,18.275
3635,72.7,5.303,5.364,bbox,19.731,21.184,17.824,18.275
3636,72.72,5.307,5.307,bbox,19.767,21.184,17.824,18.275
3637,72.74,5.302,5.303,bbox,19.767,21.184,17.824,18.275
3638,72.76,5.318,5.307,bbox,19.88,21.184,17.824,18.328
3639,72.78,4.698,5.303,pose,19.951,21.184,17.824,18.455
3640,72.8,5.215,5.302,bbox,20.029,21.184,17.824,18.546
3641,72.82,5.249,5.249,bbox,20.108,21.184,17.824,18.546
3642,72.84,5.305,5.249,bbox,20.228,21.184,17.824,18.589
3643,72.86,5.33,5.249,bbox,20.265,21.184,17.824,18.628
3644,72.88,5.405,5.305,bbox,20.265,21.184,17.824,18.684
3645,72.9,5.392,5.33,bbox,20.306,21.184,17.824,18.744
3646,72.92,5.401,5.392,bbox,20.34,21.184,17.824,18.783
3647,72.94,5.384,5.392,bbox,20.34,21.184,17.824,18.783
3648,72.96,4.82,5.392,pose,20.34,21.184,17.824,18.783
3649,72.98,5.348,5.384,bbox,20.34,21.184,17.824,18.783
3650,73.0,5.436,5.384,bbox,20.34,21.184,17.824,18.783
3651,73.02,4.808,5.348,pose,20.34,21.184,17.824,18.783
3652,73.04,5.422,5.348,bbox,20.34,21.184,17.824,18.783
3653,73.06,5.418,5.418,bbox,20.34,21.23,17.854,18.783
3654,73.08,4.769,5.418,pose,20.34,21.23,17.854,18.813
3655,73.1,5.368,5.368,bbox,20.34,21.23,17.884,18.813
3656,73.12,5.389,5.389,bbox,20.34,21.23,17.884,18.813
3657,73.14,4.884,5.368,pose,20.34,21.23,17.884,18.813
3658,73.16,5.544,5.368,bbox,20.34,21.268,17.884,18.813
3659,73.18,5.54,5.389,bbox,20.34,21.268,17.884,18.813
3660,73.2,4.937,5.389,pose,20.34,21.268,17.884,18.813
3661,73.22,5.595,5.54,bbox,20.34,21.268,17.884,18.862
3662,73.24,5.598,5.544,bbox,20.34,21.268,17.884,18.862
3663,73.26,5.632,5.595,bbox,20.34,21.268,17.884,18.862
3664,73.28,5.664,5.598,bbox,20.34,21.268,17.884,18.862
3665,73.3,5.669,5.632,bbox,20.34,21.268,17.884,18.862
3666,73.32,5.321,5.632,pose,20.34,21.268,17.884,18.862
3667,73.34,5.679,5.664,bbox,20.34,21.268,17.884,18.862
3668,73.36,5.694,5.669,bbox,20.34,21.268,17.884,18.862
3669,73.38,5.693,5.679,bbox,20.34,21.268,17.884,18.862
3670,73.4,5.661,5.679,bbox,20.34,21.268,17.884,18.862
3671,73.42,5.664,5.679,bbox,20.34,21.268,17.884,18.862
3672,73.44,5.69,5.69,bbox,20.34,21.268,17.884,18.862
3673,73.46,5.706,5.69,bbox,20.34,21.268,17.884,18.862
3674,73.48,5.755,5.69,bbox,20.34,21.268,17.884,18.862
3675,73.5,5.735,5.706,bbox,20.34,21.268,17.884,18.862
3676,73.52,5.787,5.735,bbox,20.34,21.268,17.884,18.862
3677,73.54,6.084,5.755,bbox,20.34,21.268,17.884,18.862
3678,73.56,5.849,5.787,pose,20.34,21.268,17.884,18.862
3679,73.58,6.114,5.849,bbox,20.34,21.268,17.884,18.862
3680,73.6,6.132,6.084,bbox,20.34,21.268,17.884,18.862
3681,73.62,5.914,6.084,pose,20.34,21.268,17.884,18.862
3682,73.64,6.083,6.083,bbox,20.34,21.268,17.884,18.862
3683,73.66,6.046,6.083,bbox,20.34,21.268,17.884,18.862
3684,73.68,5.501,6.046,pose,20.34,21.268,17.884,18.862
3685,73.7,5.97,5.97,bbox,20.34,21.268,17.884,18.862
3686,73.72,5.938,5.97,bbox,20.34,21.268,17.925,18.862
3687,73.74,5.37,5.938,pose,20.34,21.268,17.925,18.862
3688,73.76,5.944,5.938,bbox,20.34,21.268,18.012,18.862
3689,73.78,5.958,5.944,bbox,20.34,21.268,18.042,18.862
3690,73.8,5.364,5.938,pose,20.34,21.268,18.042,18.862
3691,73.82,6.015,5.944,bbox,20.34,21.268,18.091,18.862
3692,73.84,6.047,5.958,bbox,20.34,21.268,18.091,18.862
3693,73.86,5.427,5.958,pose,20.34,21.268,18.091,18.862
3694,73.88,5.996,5.996,bbox,20.34,21.268,18.091,18.862
3695,73.9,5.987,5.996,bbox,20.34,21.268,18.091,18.862
3696,73.92,5.45,5.987,pose,20.34,21.268,18.091,18.862
3697,73.94,5.933,5.933,bbox,20.34,21.268,18.091,18.862
3698,73.96,5.909,5.933,bbox,20.34,21.268,18.091,18.862
3699,73.98,5.433,5.909,pose,20.34,21.268,18.091,18.862
3700,74.0,5.885,5.885,bbox,20.34,21.268,18.091,18.862
3701,74.02,5.88,5.885,bbox,20.34,21.268,18.091,18.862
3702,74.04,5.478,5.88,pose,20.34,21.268,18.091,18.862
3703,74.06,5.903,5.88,bbox,20.34,21.268,18.091,18.862
3704,74.08,5.887,5.885,bbox,20.34,21.268,18.091,18.862
3705,74.1,5.472,5.88,pose,20.34,21.268,18.091,18.862
3706,74.12,6.006,5.887,bbox,20.37,21.268,18.091,18.862
3707,74.14,5.745,5.887,bbox,20.37,21.268,18.091,18.862
3708,74.16,5.62,5.745,pose,20.37,21.268,18.158,18.862
3709,74.18,6.126,5.745,bbox,20.37,21.268,18.158,18.862
3710,74.2,5.772,5.772,bbox,20.37,21.268,18.158,18.862
3711,74.22,5.587,5.745,pose,20.37,21.268,18.158,18.862
3712,74.24,5.748,5.748,bbox,20.37,21.268,18.19,18.862
3713,74.26,5.733,5.748,bbox,20.37,21.268,18.19,18.862
3714,74.28,5.544,5.733,pose,20.37,21.268,18.19,18.893
3715,74.3,6.176,5.733,bbox,20.37,21.268,18.233,18.893
3716,74.32,6.185,5.748,bbox,20.37,21.268,18.233,18.893
3717,74.34,5.29,5.733,pose,20.37,21.268,18.233,18.893
3718,74.36,5.585,5.585,bbox,20.37,21.268,18.233,18.893
3719,74.38,5.539,5.585,bbox,20.37,21.268,18.275,18.893
3720,74.4,5.159,5.539,pose,20.37,21.268,18.275,18.935
3721,74.42,5.497,5.497,bbox,20.37,21.268,18.275,18.935
3722,74.44,5.48,5.497,bbox,20.37,21.268,18.316,18.935
3723,74.46,5.1,5.48,pose,20.37,21.268,18.316,18.935
3724,74.48,5.5,5.48,bbox,20.37,21.268,18.363,18.935
3725,74.5,5.505,5.497,bbox,20.37,21.268,18.363,18.935
3726,74.52,5.106,5.48,pose,20.37,21.268,18.363,18.935
3727,74.54,5.455,5.455,bbox,20.37,21.268,18.363,18.935
3728,74.56,5.45,5.455,bbox,20.37,21.268,18.363,18.935
3729,74.58,5.061,5.45,pose,20.37,21.268,18.363,18.935
3730,74.6,5.446,5.446,bbox,20.37,21.268,18.363,18.935
3731,74.62,5.395,5.446,bbox,20.37,21.268,18.363,18.935
3732,74.64,4.994,5.395,pose,20.37,21.268,18.363,18.935
3733,74.66,5.348,5.348,bbox,20.37,21.268,18.363,18.935
3734,74.68,5.329,5.348,bbox,20.37,21.268,18.363,18.935
3735,74.7,4.996,5.329,pose,20.37,21.268,18.363,18.935
3736,74.72,5.333,5.329,bbox,20.37,21.268,18.363,18.935
3737,74.74,5.319,5.329,bbox,20.37,21.268,18.363,18.935
3738,74.76,4.989,5.319,pose,20.37,21.268,18.363,18.935
3739,74.78,5.215,5.215,bbox,20.37,21.268,18.363,18.935
3740,74.8,5.187,5.215,bbox,20.37,21.268,18.363,18.935
3741,74.82,4.965,5.187,pose,20.37,21.268,18.363,18.935
3742,74.84,5.067,5.067,bbox,20.37,21.268,18.363,18.935
3743,74.86,5.065,5.067,bbox,20.37,21.268,18.363,18.935
3744,74.88,4.858,5.065,pose,20.37,21.268,18.363,18.935
3745,74.9,5.069,5.065,bbox,20.37,21.268,18.363,18.935
3746,74.92,5.05,5.065,bbox,20.37,21.268,18.363,18.935
3747,74.94,4.688,5.05,pose,20.37,21.268,18.363,18.935
3748,74.96,5.934,5.05,bbox,20.37,21.308,18.363,18.935
3749,74.98,5.003,5.05,bbox,20.37,21.308,18.363,18.935
3750,75.0,4.565,5.003,pose,20.37,21.308,18.363,18.935
3751,75.02,4.978,4.978,bbox,20.37,21.308,18.491,18.935
3752,75.04,4.934,4.978,bbox,20.37,21.308,18.543,18.935
3753,75.06,4.46,4.934,pose,20.37,21.308,18.543,18.987
3754,75.08,4.962,4.934,bbox,20.37,21.308,18.595,18.987
3755,75.1,5.007,4.962,bbox,20.37,21.308,18.632,18.987
3756,75.12,4.535,4.934,pose,20.37,21.308,18.632,18.987
3757,75.14,4.994,4.962,bbox,20.37,21.34,18.664,18.987
3758,75.16,5.008,4.994,bbox,20.37,21.34,18.664,18.987
3759,75.18,4.564,4.994,pose,20.37,21.34,18.664,18.987
3760,75.2,5.04,4.994,bbox,20.37,21.34,18.664,18.987
3761,75.22,5.035,5.008,bbox,20.37,21.34,18.664,18.987
3762,75.24,4.761,5.008,pose,20.37,21.34,18.664,18.987
3763,75.26,5.046,5.035,bbox,20.37,21.34,18.664,18.987
3764,75.28,5.068,5.04,bbox,20.37,21.34,18.664,18.987
3765,75.3,4.929,5.035,pose,20.37,21.34,18.664,18.987
3766,75.32,5.038,5.038,bbox,20.37,21.34,18.664,18.987
3767,75.34,5.065,5.046,bbox,20.37,21.34,18.664,18.987
3768,75.36,4.767,5.038,pose,20.37,21.34,18.664,18.987
3769,75.38,5.062,5.038,bbox,20.37,21.34,18.664,18.987
3770,75.4,5.076,5.062,bbox,20.37,21.34,18.664,18.987
3771,75.42,4.797,5.062,pose,20.37,21.34,18.664,18.987
3772,75.44,5.131,5.062,bbox,20.37,21.34,18.664,18.987
3773,75.46,5.147,5.076,bbox,20.37,21.34,18.664,18.987
3774,75.48,4.856,5.076,pose,20.37,21.34,18.664,18.987
3775,75.5,5.173,5.131,bbox,20.37,21.34,18.664,18.987
3776,75.52,5.155,5.147,bbox,20.37,21.34,18.664,18.987
3777,75.54,4.854,5.147,pose,20.37,21.34,18.664,18.987
3778,75.56,5.189,5.155,bbox,20.37,21.34,18.664,18.987
3779,75.58,5.176,5.173,bbox,20.37,21.34,18.664,18.987
3780,75.6,4.869,5.155,pose,20.37,21.34,18.664,18.987
3781,75.62,5.155,5.155,bbox,20.37,21.34,18.664,18.987
3782,75.64,5.177,5.176,bbox,20.37,21.34,18.664,18.987
3783,75.66,4.893,5.155,pose,20.37,21.34,18.664,18.987
3784,75.68,5.198,5.155,bbox,20.37,21.34,18.664,18.987
3785,75.7,5.196,5.177,bbox,20.37,21.34,18.664,18.987
3786,75.72,4.941,5.177,pose,20.37,21.34,18.664,18.987
3787,75.74,5.18,5.18,bbox,20.37,21.34,18.664,18.987
3788,75.76,5.235,5.196,bbox,20.37,21.34,18.664,18.987
3789,75.78,4.951,5.18,pose,20.37,21.34,18.664,18.987
3790,75.8,5.263,5.18,bbox,20.37,21.34,18.664,18.987
3791,75.82,3.279,5.18,bbox,20.37,21.34,18.664,18.987
3792,75.84,3.986,4.951,pose,20.37,21.34,18.664,18.987
3793,75.86,3.309,3.986,bbox,20.37,21.34,18.664,18.987
3794,75.88,5.328,3.986,bbox,20.37,21.34,18.664,18.987
3795,75.9,5.078,3.986,pose,20.37,21.34,18.664,18.987
3796,75.92,5.408,5.078,bbox,20.37,21.372,18.664,18.987
3797,75.94,5.434,5.328,bbox,20.37,21.372,18.664,18.987
3798,75.96,5.058,5.328,pose,20.37,21.372,18.664,18.987
3799,75.98,5.451,5.408,bbox,20.37,21.372,18.664,18.987
3800,76.0,5.46,5.434,bbox,20.37,21.372,18.664,18.987
3801,76.02,5.061,5.434,pose,20.37,21.372,18.664,18.987
3802,76.04,5.498,5.451,bbox,20.37,21.372,18.664,18.987
3803,76.06,5.5,5.46,bbox,20.37,21.372,18.664,18.987
3804,76.08,5.488,5.488,bbox,20.37,21.372,18.664,18.987
3805,76.1,5.47,5.488,bbox,20.37,21.372,18.664,18.987
3806,76.12,5.433,5.488,bbox,20.37,21.372,18.664,18.987
3807,76.14,5.254,5.47,pose,20.37,21.372,18.664,18.987
3808,76.16,5.452,5.452,bbox,20.37,21.372,18.664,18.987
3809,76.18,5.474,5.452,bbox,20.37,21.372,18.664,18.987
3810,76.2,5.51,5.452,bbox,20.37,21.372,18.664,18.987
3811,76.22,5.559,5.474,bbox,20.37,21.372,18.664,18.987
3812,76.24,5.564,5.51,bbox,20.37,21.372,18.664,18.987
3813,76.26,5.562,5.559,bbox,20.37,21.372,18.664,18.987
3814,76.28,5.578,5.562,bbox,20.37,21.372,18.664,18.987
3815,76.3,5.618,5.564,bbox,20.37,21.372,18.664,18.987
3816,76.32,5.625,5.578,pose,20.37,21.372,18.664,18.987
3817,76.34,5.606,5.606,bbox,20.37,21.372,18.664,18.987
3818,76.36,5.611,5.611,bbox,20.37,21.372,18.664,18.987
3819,76.38,5.44,5.611,pose,20.37,21.372,18.664,18.987
3820,76.4,5.626,5.611,bbox,20.37,21.372,18.664,18.987
3821,76.42,5.626,5.611,bbox,20.37,21.372,18.664,18.987
3822,76.44,5.426,5.611,pose,20.37,21.372,18.664,18.987
3823,76.46,5.594,5.594,bbox,20.37,21.372,18.664,18.987
3824,76.48,5.606,5.606,bbox,20.37,21.372,18.664,18.987
3825,76.5,5.538,5.594,pose,20.37,21.372,18.664,18.987
3826,76.52,1.893,5.538,bbox,20.37,21.372,18.664,19.04
3827,76.54,1.917,5.538,bbox,20.37,21.372,18.664,19.04
3828,76.56,1.948,1.948,bbox,20.37,21.372,18.664,19.072
3829,76.58,1.981,1.948,bbox,20.37,21.372,18.664,19.155
3830,76.6,2.014,1.948,bbox,20.37,21.372,18.664,19.155
3831,76.62,,,,20.37,21.372,18.664,19.155
3832,76.64,,,,20.37,21.372,18.664,19.155
3833,76.66,,,,20.37,21.372,18.664,19.155
3834,76.68,,,,20.37,21.372,18.664,19.155
3835,76.7,2.113,1.981,bbox,20.37,21.372,18.664,19.208
3836,76.72,2.118,2.014,bbox,20.37,21.372,18.664,19.325
3837,76.74,,,,20.37,21.372,18.664,19.325
3838,76.76,,,,20.37,21.372,18.664,19.325
3839,76.78,,,,20.37,21.372,18.664,19.325
3840,76.8,,,,20.37,21.372,18.664,19.325
3841,76.82,,,,20.37,21.372,18.664,19.325
3842,76.84,,,,20.37,21.372,18.664,19.325
3843,76.86,,,,20.37,21.372,18.664,19.325
3844,76.88,,,,20.37,21.372,18.664,19.325
3845,76.9,,,,20.37,21.372,18.664,19.325
3846,76.92,,,,20.37,21.372,18.664,19.325
3847,76.94,,,,20.37,21.372,18.664,19.325
3848,76.96,,,,20.37,21.372,18.664,19.325
3849,76.98,,,,20.37,21.372,18.664,19.325
3850,77.0,,,,20.37,21.372,18.664,19.325
3851,77.02,,,,20.37,21.372,18.664,19.325
3852,77.04,,,,20.37,21.372,18.664,19.325
3853,77.06,,,,20.37,21.372,18.664,19.325
3854,77.08,,,,20.37,21.372,18.664,19.325
3855,77.1,,,,20.37,21.372,18.664,19.325
3856,77.12,,,,20.37,21.372,18.664,19.325
3857,77.14,,,,20.37,21.372,18.664,19.325
3858,77.16,2.108,2.108,bbox,20.37,21.372,18.664,19.325
3859,77.18,,,,20.37,21.372,18.664,19.325
3860,77.2,,,,20.37,21.372,18.664,19.325
3861,77.22,,,,20.37,21.372,18.664,19.325
3862,77.24,,,,20.37,21.372,18.664,19.325
3863,77.26,2.147,2.113,bbox,20.37,21.372,18.664,19.358
3864,77.28,2.148,2.118,bbox,20.37,21.372,18.664,19.358
3865,77.3,2.146,2.146,bbox,20.37,21.372,18.664,19.358
3866,77.32,2.162,2.147,bbox,20.37,21.372,18.664,19.358
3867,77.34,2.174,2.148,bbox,20.37,21.372,18.664,19.358
3868,77.36,2.199,2.162,bbox,20.37,21.372,18.664,19.358
3869,77.38,2.212,2.174,bbox,20.37,21.372,18.664,19.358
3870,77.4,2.234,2.199,bbox,20.37,21.406,18.664,19.358
3871,77.42,2.285,2.212,bbox,20.37,21.406,18.664,19.358
3872,77.44,2.311,2.234,bbox,20.37,21.406,18.664,19.358
3873,77.46,,,,20.37,21.406,18.664,19.358
3874,77.48,,,,20.37,21.406,18.664,19.358
3875,77.5,,,,20.37,21.406,18.664,19.358
3876,77.52,,,,20.37,21.406,18.664,19.358
3877,77.54,,,,20.37,21.406,18.664,19.358
3878,77.56,,,,20.37,21.406,18.664,19.358
3879,77.58,,,,20.37,21.406,18.664,19.358
3880,77.6,,,,20.37,21.406,18.664,19.358
3881,77.62,,,,20.37,21.406,18.664,19.358
3882,77.64,,,,20.37,21.406,18.664,19.358
3883,77.66,,,,20.37,21.406,18.664,19.358
3884,77.68,,,,20.37,21.406,18.664,19.358
3885,77.7,,,,20.37,21.406,18.664,19.358
3886,77.72,,,,20.37,21.406,18.664,19.358
3887,77.74,,,,20.37,21.406,18.664,19.358
3888,77.76,,,,20.37,21.406,18.664,19.358
3889,77.78,,,,20.37,21.406,18.664,19.358
3890,77.8,,,,20.37,21.406,18.664,19.358
3891,77.82,,,,20.37,21.406,18.664,19.358
3892,77.84,,,,20.37,21.406,18.664,19.358
3893,77.86,,,,20.37,21.406,18.664,19.358
3894,77.88,,,,20.37,21.406,18.664,19.358
3895,77.9,,,,20.37,21.406,18.664,19.358
3896,77.92,,,,20.37,21.406,18.664,19.358
3897,77.94,,,,20.37,21.406,18.664,19.358
3898,77.96,,,,20.37,21.406,18.664,19.358
3899,77.98,,,,20.37,21.406,18.664,19.358
3900,78.0,,,,20.37,21.406,18.664,19.358
3901,78.02,,,,20.37,21.406,18.664,19.358
3902,78.04,,,,20.37,21.406,18.664,19.358
3903,78.06,,,,20.37,21.406,18.664,19.358
3904,78.08,,,,20.37,21.406,18.664,19.358
3905,78.1,,,,20.37,21.406,18.664,19.358
3906,78.12,,,,20.37,21.406,18.664,19.358
3907,78.14,,,,20.37,21.406,18.664,19.358
3908,78.16,,,,20.37,21.406,18.664,19.358
3909,78.18,,,,20.37,21.406,18.664,19.358
3910,78.2,,,,20.37,21.406,18.664,19.358
3911,78.22,,,,20.37,21.406,18.664,19.358
3912,78.24,,,,20.37,21.406,18.664,19.358
3913,78.26,,,,20.37,21.406,18.664,19.358
3914,78.28,,,,20.37,21.406,18.664,19.358
3915,78.3,,,,20.37,21.406,18.664,19.358
3916,78.32,,,,20.37,21.406,18.664,19.358
3917,78.34,,,,20.37,21.406,18.664,19.358
3918,78.36,,,,20.37,21.406,18.664,19.358
3919,78.38,,,,20.37,21.406,18.664,19.358
3920,78.4,,,,20.37,21.406,18.664,19.358
3921,78.42,,,,20.37,21.406,18.664,19.358
3922,78.44,,,,20.37,21.406,18.664,19.358
3923,78.46,,,,20.37,21.406,18.664,19.358
3924,78.48,,,,20.37,21.406,18.664,19.358
3925,78.5,,,,20.37,21.406,18.664,19.358
3926,78.52,,,,20.37,21.406,18.664,19.358
3927,78.54,,,,20.37,21.406,18.664,19.358
3928,78.56,,,,20.37,21.406,18.664,19.358
3929,78.58,,,,20.37,21.406,18.664,19.358
3930,78.6,,,,20.37,21.406,18.664,19.358
3931,78.62,,,,20.37,21.406,18.664,19.358
3932,78.64,,,,20.37,21.406,18.664,19.358
3933,78.66,,,,20.37,21.406,18.664,19.358
3934,78.68,,,,20.37,21.406,18.664,19.358
3935,78.7,,,,20.37,21.406,18.664,19.358
3936,78.72,,,,20.37,21.406,18.664,19.358
3937,78.74,,,,20.37,21.406,18.664,19.358
3938,78.76,,,,20.37,21.406,18.664,19.358
3939,78.78,,,,20.37,21.406,18.664,19.358
3940,78.8,,,,20.37,21.406,18.664,19.358
3941,78.82,,,,20.37,21.406,18.664,19.358
3942,78.84,,,,20.37,21.406,18.664,19.358
3943,78.86,,,,20.37,21.406,18.664,19.358
3944,78.88,,,,20.37,21.406,18.664,19.358
3945,78.9,,,,20.37,21.406,18.664,19.358
3946,78.92,,,,20.37,21.406,18.664,19.358
3947,78.94,,,,20.37,21.406,18.664,19.358
3948,78.96,,,,20.37,21.406,18.664,19.358
3949,78.98,,,,20.37,21.406,18.664,19.358
3950,79.0,,,,20.37,21.406,18.664,19.358
3951,79.02,,,,20.37,21.406,18.664,19.358
3952,79.04,,,,20.37,21.406,18.664,19.358
3953,79.06,,,,20.37,21.406,18.664,19.358
3954,79.08,,,,20.37,21.406,18.664,19.358
3955,79.1,,,,20.37,21.406,18.664,19.358
3956,79.12,,,,20.37,21.406,18.664,19.358
3957,79.14,,,,20.37,21.406,18.664,19.358
3958,79.16,,,,20.37,21.406,18.664,19.358
3959,79.18,,,,20.37,21.406,18.664,19.358
3960,79.2,,,,20.37,21.406,18.664,19.358
3961,79.22,,,,20.37,21.406,18.664,19.358
3962,79.24,,,,20.37,21.406,18.664,19.358
3963,79.26,,,,20.37,21.406,18.664,19.358
3964,79.28,,,,20.37,21.406,18.664,19.358
3965,79.3,,,,20.37,21.406,18.664,19.358
3966,79.32,,,,20.37,21.406,18.664,19.358
3967,79.34,,,,20.37,21.406,18.664,19.358
3968,79.36,,,,20.37,21.406,18.664,19.358
3969,79.38,,,,20.37,21.406,18.664,19.358
3970,79.4,,,,20.37,21.406,18.664,19.358
3971,79.42,,,,20.37,21.406,18.664,19.358
3972,79.44,,,,20.37,21.406,18.664,19.358
3973,79.46,,,,20.37,21.406,18.664,19.358
3974,79.48,,,,20.37,21.406,18.664,19.358
3975,79.5,,,,20.37,21.406,18.664,19.358
3976,79.52,,,,20.37,21.406,18.664,19.358
3977,79.54,,,,20.37,21.406,18.664,19.358
3978,79.56,,,,20.37,21.406,18.664,19.358
3979,79.58,,,,20.37,21.406,18.664,19.358
3980,79.6,,,,20.37,21.406,18.664,19.358
3981,79.62,,,,20.37,21.406,18.664,19.358
3982,79.64,,,,20.37,21.406,18.664,19.358
3983,79.66,,,,20.37,21.406,18.664,19.358
3984,79.68,,,,20.37,21.406,18.664,19.358
3985,79.7,,,,20.37,21.406,18.664,19.358
3986,79.72,,,,20.37,21.406,18.664,19.358
3987,79.74,,,,20.37,21.406,18.664,19.358
3988,79.76,,,,20.37,21.406,18.664,19.358
3989,79.78,,,,20.37,21.406,18.664,19.358
3990,79.8,,,,20.37,21.406,18.664,19.358
3991,79.82,,,,20.37,21.406,18.664,19.358
3992,79.84,,,,20.37,21.406,18.664,19.358
3993,79.86,,,,20.37,21.406,18.664,19.358
3994,79.88,,,,20.37,21.406,18.664,19.358
3995,79.9,,,,20.37,21.406,18.664,19.358
3996,79.92,,,,20.37,21.406,18.664,19.358
3997,79.94,,,,20.37,21.406,18.664,19.358
3998,79.96,,,,20.37,21.406,18.664,19.358
3999,79.98,,,,20.37,21.406,18.664,19.358
4000,80.0,,,,20.37,21.406,18.664,19.358
4001,80.02,,,,20.37,21.406,18.664,19.358
4002,80.04,,,,20.37,21.406,18.664,19.358
4003,80.06,,,,20.37,21.406,18.664,19.358
4004,80.08,,,,20.37,21.406,18.664,19.358
4005,80.1,,,,20.37,21.406,18.664,19.358
4006,80.12,,,,20.37,21.406,18.664,19.358
4007,80.14,,,,20.37,21.406,18.664,19.358
4008,80.16,,,,20.37,21.406,18.664,19.358
4009,80.18,,,,20.37,21.406,18.664,19.358
4010,80.2,,,,20.37,21.406,18.664,19.358
4011,80.22,,,,20.37,21.406,18.664,19.358
4012,80.24,,,,20.37,21.406,18.664,19.358
4013,80.26,,,,20.37,21.406,18.664,19.358
4014,80.28,,,,20.37,21.406,18.664,19.358
4015,80.3,,,,20.37,21.406,18.664,19.358
4016,80.32,,,,20.37,21.406,18.664,19.358
4017,80.34,,,,20.37,21.406,18.664,19.358
4018,80.36,,,,20.37,21.406,18.664,19.358
4019,80.38,,,,20.37,21.406,18.664,19.358
4020,80.4,,,,20.37,21.406,18.664,19.358
4021,80.42,,,,20.37,21.406,18.664,19.358
4022,80.44,,,,20.37,21.406,18.664,19.358
4023,80.46,,,,20.37,21.406,18.664,19.358
4024,80.48,,,,20.37,21.406,18.664,19.358
4025,80.5,,,,20.37,21.406,18.664,19.358
4026,80.52,,,,20.37,21.406,18.664,19.358
4027,80.54,,,,20.37,21.406,18.664,19.358
4028,80.56,,,,20.37,21.406,18.664,19.358
4029,80.58,,,,20.37,21.406,18.664,19.358
4030,80.6,,,,20.37,21.406,18.664,19.358
4031,80.62,,,,20.37,21.406,18.664,19.358
4032,80.64,,,,20.37,21.406,18.664,19.358
4033,80.66,,,,20.37,21.406,18.664,19.358
4034,80.68,,,,20.37,21.406,18.664,19.358
4035,80.7,,,,20.37,21.406,18.664,19.358
4036,80.72,,,,20.37,21.406,18.664,19.358
4037,80.74,,,,20.37,21.406,18.664,19.358
4038,80.76,,,,20.37,21.406,18.664,19.358
4039,80.78,,,,20.37,21.406,18.664,19.358
4040,80.8,,,,20.37,21.406,18.664,19.358
4041,80.82,,,,20.37,21.406,18.664,19.358
4042,80.84,,,,20.37,21.406,18.664,19.358
4043,80.86,,,,20.37,21.406,18.664,19.358
4044,80.88,,,,20.37,21.406,18.664,19.358
4045,80.9,,,,20.37,21.406,18.664,19.358
4046,80.92,,,,20.37,21.406,18.664,19.358
4047,80.94,,,,20.37,21.406,18.664,19.358
4048,80.96,,,,20.37,21.406,18.664,19.358
4049,80.98,,,,20.37,21.406,18.664,19.358
4050,81.0,,,,20.37,21.406,18.664,19.358
4051,81.02,,,,20.37,21.406,18.664,19.358
4052,81.04,,,,20.37,21.406,18.664,19.358
4053,81.06,,,,20.37,21.406,18.664,19.358
4054,81.08,,,,20.37,21.406,18.664,19.358
4055,81.1,,,,20.37,21.406,18.664,19.358
4056,81.12,,,,20.37,21.406,18.664,19.358
4057,81.14,,,,20.37,21.406,18.664,19.358
4058,81.16,,,,20.37,21.406,18.664,19.358
4059,81.18,,,,20.37,21.406,18.664,19.358
4060,81.2,,,,20.37,21.406,18.664,19.358
4061,81.22,,,,20.37,21.406,18.664,19.358
4062,81.24,,,,20.37,21.406,18.664,19.358
4063,81.26,,,,20.37,21.406,18.664,19.358
4064,81.28,,,,20.37,21.406,18.664,19.358
4065,81.3,,,,20.37,21.406,18.664,19.358
4066,81.32,,,,20.37,21.406,18.664,19.358
4067,81.34,,,,20.37,21.406,18.664,19.358
4068,81.36,,,,20.37,21.406,18.664,19.358
4069,81.38,,,,20.37,21.406,18.664,19.358
4070,81.4,,,,20.37,21.406,18.664,19.358
4071,81.42,,,,20.37,21.406,18.664,19.358
4072,81.44,,,,20.37,21.406,18.664,19.358
4073,81.46,,,,20.37,21.406,18.664,19.358
4074,81.48,,,,20.37,21.406,18.664,19.358
4075,81.5,,,,20.37,21.406,18.664,19.358
4076,81.52,,,,20.37,21.406,18.664,19.358
4077,81.54,,,,20.37,21.406,18.664,19.358
4078,81.56,,,,20.37,21.406,18.664,19.358
4079,81.58,,,,20.37,21.406,18.664,19.358
4080,81.6,,,,20.37,21.406,18.664,19.358
4081,81.62,,,,20.37,21.406,18.664,19.358
4082,81.64,,,,20.37,21.406,18.664,19.358
4083,81.66,,,,20.37,21.406,18.664,19.358
4084,81.68,,,,20.37,21.406,18.664,19.358
4085,81.7,,,,20.37,21.406,18.664,19.358
4086,81.72,,,,20.37,21.406,18.664,19.358
4087,81.74,,,,20.37,21.406,18.664,19.358
4088,81.76,,,,20.37,21.406,18.664,19.358
4089,81.78,,,,20.37,21.406,18.664,19.358
4090,81.8,,,,20.37,21.406,18.664,19.358
4091,81.82,,,,20.37,21.406,18.664,19.358
4092,81.84,,,,20.37,21.406,18.664,19.358
4093,81.86,,,,20.37,21.406,18.664,19.358
4094,81.88,,,,20.37,21.406,18.664,19.358
4095,81.9,,,,20.37,21.406,18.664,19.358
4096,81.92,,,,20.37,21.406,18.664,19.358
4097,81.94,,,,20.37,21.406,18.664,19.358
4098,81.96,,,,20.37,21.406,18.664,19.358
4099,81.98,,,,20.37,21.406,18.664,19.358
4100,82.0,,,,20.37,21.406,18.664,19.358
4101,82.02,,,,20.37,21.406,18.664,19.358
4102,82.04,,,,20.37,21.406,18.664,19.358
4103,82.06,,,,20.37,21.406,18.664,19.358
4104,82.08,,,,20.37,21.406,18.664,19.358
4105,82.1,,,,20.37,21.406,18.664,19.358
4106,82.12,,,,20.37,21.406,18.664,19.358
4107,82.14,,,,20.37,21.406,18.664,19.358
4108,82.16,,,,20.37,21.406,18.664,19.358
4109,82.18,,,,20.37,21.406,18.664,19.358
4110,82.2,,,,20.37,21.406,18.664,19.358
4111,82.22,,,,20.37,21.406,18.664,19.358
4112,82.24,,,,20.37,21.406,18.664,19.358
4113,82.26,,,,20.37,21.406,18.664,19.358
4114,82.28,,,,20.37,21.406,18.664,19.358
4115,82.3,,,,20.37,21.406,18.664,19.358
4116,82.32,,,,20.37,21.406,18.664,19.358
4117,82.34,,,,20.37,21.406,18.664,19.358
4118,82.36,,,,20.37,21.406,18.664,19.358
4119,82.38,,,,20.37,21.406,18.664,19.358
4120,82.4,,,,20.37,21.406,18.664,19.358
4121,82.42,,,,20.37,21.406,18.664,19.358
4122,82.44,,,,20.37,21.406,18.664,19.358
4123,82.46,,,,20.37,21.406,18.664,19.358
4124,82.48,,,,20.37,21.406,18.664,19.358
4125,82.5,,,,20.37,21.406,18.664,19.358
4126,82.52,,,,20.37,21.406,18.664,19.358
4127,82.54,3.726,2.285,bbox,20.37,21.437,18.664,19.358
4128,82.56,2.858,2.311,pose,20.37,21.437,18.664,19.358
4129,82.58,3.587,2.858,bbox,20.37,21.437,18.664,19.358
4130,82.6,3.512,3.512,bbox,20.37,21.437,18.707,19.358
4131,82.62,2.584,3.512,pose,20.37,21.437,18.743,19.358
4132,82.64,3.369,3.369,bbox,20.37,21.437,18.743,19.358
4133,82.66,3.291,3.369,bbox,20.37,21.437,18.791,19.358
4134,82.68,2.488,3.291,pose,20.37,21.437,18.791,19.358
4135,82.7,3.246,3.246,bbox,20.41,21.437,18.864,19.358
4136,82.72,3.292,3.291,bbox,20.454,21.437,18.864,19.358
4137,82.74,2.454,3.246,pose,20.454,21.437,18.864,19.358
4138,82.76,3.202,3.202,bbox,20.454,21.437,18.864,19.358
4139,82.78,3.177,3.202,bbox,20.498,21.437,18.864,19.358
4140,82.8,2.43,3.177,pose,20.498,21.481,18.864,19.358
4141,82.82,3.182,3.177,bbox,20.616,21.481,18.864,19.358
4142,82.84,3.176,3.177,bbox,20.651,21.481,18.864,19.358
4143,82.86,2.448,3.176,pose,20.651,21.481,18.864,19.358
4144,82.88,3.192,3.176,bbox,20.651,21.481,18.864,19.358
4145,82.9,3.161,3.176,bbox,20.651,21.481,18.864,19.358
4146,82.92,2.422,3.161,pose,20.651,21.481,18.864,19.358
4147,82.94,3.129,3.129,bbox,20.651,21.481,18.864,19.401
4148,82.96,3.188,3.161,bbox,20.651,21.481,18.864,19.401
4149,82.98,2.48,3.129,pose,20.651,21.481,18.864,19.439
4150,83.0,3.265,3.129,bbox,20.651,21.481,18.864,19.488
4151,83.02,3.329,3.188,bbox,20.651,21.481,18.864,19.488
4152,83.04,2.654,3.188,pose,20.651,21.513,18.864,19.522
4153,83.06,3.427,3.265,bbox,20.651,21.513,18.864,19.566
4154,83.08,3.516,3.329,bbox,20.651,21.513,18.864,19.566
4155,83.1,2.944,3.329,pose,20.651,21.557,18.864,19.566
4156,83.12,3.626,3.427,bbox,20.651,21.588,18.864,19.566
4157,83.14,3.687,3.516,bbox,20.651,21.588,18.864,19.566
4158,83.16,3.216,3.516,pose,20.651,21.627,18.864,19.566
4159,83.18,3.769,3.626,bbox,20.651,21.627,18.864,19.566
4160,83.2,3.769,3.687,bbox,20.691,21.627,18.864,19.566
4161,83.22,3.383,3.687,pose,20.691,21.668,18.864,19.566
4162,83.24,3.722,3.722,bbox,20.733,21.668,18.864,19.566
4163,83.26,3.706,3.722,bbox,20.733,21.668,18.864,19.566
4164,83.28,3.755,3.722,pose,20.733,21.668,18.864,19.566
4165,83.3,3.675,3.706,bbox,20.733,21.668,18.864,19.566
4166,83.32,3.669,3.706,bbox,20.733,21.668,18.864,19.566
4167,83.34,3.184,3.675,pose,20.733,21.706,18.864,19.566
4168,83.36,3.557,3.669,bbox,20.733,21.706,18.864,19.566
4169,83.38,3.488,3.557,bbox,20.733,21.706,18.864,19.566
4170,83.4,2.93,3.488,pose,20.733,21.706,18.912,19.566
4171,83.42,3.418,3.418,bbox,20.733,21.74,18.912,19.566
4172,83.44,3.333,3.418,bbox,20.783,21.74,18.912,19.566
4173,83.46,2.679,3.333,pose,20.783,21.789,18.912,19.566
4174,83.48,3.192,3.192,bbox,20.783,21.789,18.952,19.566
4175,83.5,3.108,3.192,bbox,20.831,21.789,18.952,19.566
4176,83.52,2.552,3.108,pose,20.831,21.789,18.952,19.566
4177,83.54,3.044,3.044,bbox,20.831,21.789,19.03,19.566
4178,83.56,3.033,3.044,bbox,20.831,21.789,19.072,19.566
4179,83.58,2.472,3.033,pose,20.831,21.789,19.072,19.566
4180,83.6,3.01,3.01,bbox,20.863,21.789,19.134,19.566
4181,83.62,3.023,3.023,bbox,20.863,21.789,19.134,19.566
4182,83.64,2.26,3.01,pose,20.863,21.789,19.134,19.566
4183,83.66,3.027,3.01,bbox,20.863,21.789,19.134,19.566
4184,83.68,3.007,3.01,bbox,20.863,21.789,19.134,19.566
4185,83.7,2.079,3.007,pose,20.863,21.789,19.134,19.566
4186,83.72,2.96,2.96,bbox,20.863,21.789,19.134,19.566
4187,83.74,2.955,2.96,bbox,20.863,21.789,19.172,19.566
4188,83.76,2.075,2.955,pose,20.863,21.789,19.172,19.566
4189,83.78,2.968,2.955,bbox,20.863,21.789,19.247,19.566
4190,83.8,3.002,2.96,bbox,20.863,21.789,19.247,19.566
4191,83.82,2.16,2.955,pose,20.863,21.789,19.247,19.566
4192,83.84,3.073,2.968,bbox,20.863,21.824,19.247,19.566
4193,83.86,3.077,3.002,bbox,20.863,21.824,19.247,19.566
4194,83.88,2.529,3.002,pose,20.863,21.824,19.247,19.566
4195,83.9,3.096,3.073,bbox,20.863,21.824,19.247,19.566
4196,83.92,3.107,3.077,bbox,20.863,21.824,19.247,19.566
4197,83.94,2.216,3.077,pose,20.863,21.824,19.247,19.566
4198,83.96,3.16,3.096,bbox,20.863,21.824,19.247,19.566
4199,83.98,3.2,3.107,bbox,20.863,21.824,19.247,19.566
4200,84.0,2.307,3.107,pose,20.863,21.824,19.247,19.566
4201,84.02,3.285,3.16,bbox,20.863,21.824,19.247,19.626
4202,84.04,3.333,3.2,bbox,20.863,21.824,19.247,19.626
4203,84.06,2.455,3.2,pose,20.863,21.824,19.247,19.665
4204,84.08,3.379,3.285,bbox,20.863,21.824,19.247,19.731
4205,84.1,3.39,3.333,bbox,20.863,21.824,19.247,19.731
4206,84.12,2.538,3.333,pose,20.863,21.824,19.247,19.731
4207,84.14,3.369,3.369,bbox,20.863,21.824,19.247,19.731
4208,84.16,3.364,3.369,bbox,20.863,21.824,19.247,19.731
4209,84.18,2.474,3.364,pose,20.863,21.824,19.247,19.731
4210,84.2,3.352,3.352,bbox,20.863,21.824,19.247,19.731
4211,84.22,3.348,3.352,bbox,20.863,21.824,19.247,19.731
4212,84.24,2.426,3.348,pose,20.863,21.824,19.247,19.731
4213,84.26,3.281,3.281,bbox,20.863,21.824,19.247,19.731
4214,84.28,3.246,3.281,bbox,20.863,21.824,19.247,19.731
4215,84.3,2.334,3.246,pose,20.863,21.824,19.247,19.731
4216,84.32,3.216,3.216,bbox,20.952,21.824,19.247,19.731
4217,84.34,3.197,3.216,bbox,20.99,21.824,19.247,19.731
4218,84.36,2.291,3.197,pose,20.99,21.824,19.247,19.731
4219,84.38,3.195,3.195,bbox,21.041,21.824,19.247,19.731
4220,84.4,3.186,3.195,bbox,21.041,21.824,19.247,19.731
4221,84.42,2.307,3.186,pose,21.041,21.824,19.247,19.731
4222,84.44,3.163,3.163,bbox,21.041,21.824,19.247,19.731
4223,84.46,3.131,3.163,bbox,21.041,21.824,19.247,19.731
4224,84.48,2.468,3.131,pose,21.041,21.824,19.247,19.731
4225,84.5,3.083,3.083,bbox,21.041,21.824,19.247,19.731
4226,84.52,3.064,3.083,bbox,21.041,21.824,19.247,19.731
4227,84.54,2.641,3.064,pose,21.041,21.824,19.247,19.731
4228,84.56,3.128,3.064,bbox,21.041,21.824,19.247,19.731
4229,84.58,3.04,3.064,bbox,21.073,21.824,19.247,19.731
4230,84.6,2.663,3.04,pose,21.073,21.855,19.247,19.731
4231,84.62,2.978,2.978,bbox,21.073,21.855,19.247,19.731
4232,84.64,2.976,2.978,bbox,21.151,21.855,19.247,19.731
4233,84.66,2.572,2.976,pose,21.151,21.855,19.247,19.731
4234,84.68,3.031,2.976,bbox,21.191,21.855,19.247,19.731
4235,84.7,3.045,2.978,bbox,21.191,21.855,19.247,19.731
4236,84.72,2.438,2.976,pose,21.191,21.855,19.247,19.731
4237,84.74,3.051,3.031,bbox,21.191,21.855,19.247,19.731
4238,84.76,3.048,3.045,bbox,21.191,21.855,19.247,19.731
4239,84.78,2.286,3.045,pose,21.191,21.855,19.247,19.731
4240,84.8,1.87,2.438,bbox,21.228,21.855,19.247,19.731
4241,84.82,,,,21.228,21.855,19.247,19.731
4242,84.84,,,,21.228,21.855,19.247,19.731
4243,84.86,,,,21.228,21.855,19.247,19.731
4244,84.88,,,,21.228,21.855,19.247,19.731
4245,84.9,1.944,2.286,bbox,21.228,21.855,19.247,19.731
4246,84.92,1.935,1.944,bbox,21.228,21.855,19.247,19.731
4247,84.94,1.919,1.935,bbox,21.228,21.855,19.247,19.785
4248,84.96,,,,21.228,21.855,19.247,19.785
4249,84.98,,,,21.228,21.855,19.247,19.785
4250,85.0,,,,21.228,21.855,19.247,19.785
4251,85.02,,,,21.228,21.855,19.247,19.785
4252,85.04,,,,21.228,21.855,19.247,19.785
4253,85.06,,,,21.228,21.855,19.247,19.785
4254,85.08,,,,21.228,21.855,19.247,19.785
4255,85.1,,,,21.228,21.855,19.247,19.785
4256,85.12,,,,21.228,21.855,19.247,19.785
4257,85.14,,,,21.228,21.855,19.247,19.785
4258,85.16,,,,21.228,21.855,19.247,19.785
4259,85.18,,,,21.228,21.855,19.247,19.785
4260,85.2,,,,21.228,21.855,19.247,19.785
4261,85.22,,,,21.228,21.855,19.247,19.785
4262,85.24,,,,21.228,21.855,19.247,19.785
4263,85.26,,,,21.228,21.855,19.247,19.785
4264,85.28,,,,21.228,21.855,19.247,19.785
4265,85.3,,,,21.228,21.855,19.247,19.785
4266,85.32,2.607,1.935,bbox,21.228,21.855,19.247,19.785
4267,85.34,3.553,1.944,bbox,21.228,21.855,19.247,19.895
4268,85.36,3.509,2.607,bbox,21.228,21.855,19.247,19.895
4269,85.38,2.518,2.607,pose,21.228,21.855,19.247,19.895
4270,85.4,1.774,2.607,bbox,21.228,21.855,19.247,19.895
4271,85.42,1.806,2.518,bbox,21.228,21.855,19.247,19.895
4272,85.44,,,,21.228,21.855,19.247,19.895
4273,85.46,3.191,2.518,bbox,21.228,21.855,19.247,19.895
4274,85.48,1.757,1.806,bbox,21.228,21.855,19.247,19.895
4275,85.5,2.365,1.806,bbox,21.228,21.855,19.247,19.895
4276,85.52,2.324,2.324,bbox,21.228,21.855,19.309,19.895
4277,85.54,2.29,2.324,bbox,21.228,21.956,19.367,19.895
4278,85.56,2.306,2.306,bbox,21.228,21.956,19.367,19.953
4279,85.58,2.859,2.324,bbox,21.228,21.956,19.415,19.953
4280,85.6,2.963,2.324,bbox,21.228,21.956,19.415,19.953
4281,85.62,2.14,2.306,pose,21.228,21.956,19.415,19.953
4282,85.64,2.97,2.859,bbox,21.228,22.044,19.468,19.953
4283,85.66,2.934,2.934,bbox,21.228,22.044,19.468,19.953
4284,85.68,1.813,2.934,pose,21.228,22.044,19.468,19.953
4285,85.7,2.822,2.822,bbox,21.228,22.044,19.468,19.953
4286,85.72,2.79,2.822,bbox,21.228,22.044,19.468,19.953
4287,85.74,1.78,2.79,pose,21.361,22.044,19.468,19.953
4288,85.76,2.75,2.75,bbox,21.361,22.044,19.468,19.953
4289,85.78,2.715,2.75,bbox,21.394,22.044,19.468,19.953
4290,85.8,1.786,2.715,pose,21.476,22.044,19.468,19.953
4291,85.82,2.58,2.58,bbox,21.476,22.044,19.468,19.953
4292,85.84,2.572,2.58,bbox,21.518,22.044,19.468,19.953
4293,85.86,2.561,2.572,bbox,21.661,22.044,19.468,19.953
4294,85.88,2.595,2.572,bbox,21.661,22.044,19.468,19.953
4295,85.9,2.646,2.58,bbox,21.661,22.044,19.468,19.953
4296,85.92,2.685,2.595,bbox,21.661,22.078,19.468,19.953
4297,85.94,2.683,2.646,bbox,21.661,22.119,19.468,20.025
4298,85.96,2.682,2.682,bbox,21.661,22.119,19.468,20.025
4299,85.98,1.94,2.682,pose,21.661,22.119,19.468,20.025
4300,86.0,2.768,2.683,bbox,21.661,22.119,19.468,20.063
4301,86.02,2.818,2.683,bbox,21.661,22.186,19.468,20.063
4302,86.04,2.073,2.682,pose,21.661,22.234,19.468,20.063
4303,86.06,2.896,2.768,bbox,21.661,22.3,19.468,20.063
4304,86.08,2.981,2.818,bbox,21.661,22.3,19.468,20.063
4305,86.1,2.355,2.818,bbox,21.661,22.3,19.468,20.063
4306,86.12,2.35,2.355,bbox,21.661,22.3,19.468,20.063
4307,86.14,2.998,2.896,bbox,21.661,22.3,19.468,20.063
4308,86.16,2.351,2.355,bbox,21.661,22.3,19.468,20.063
4309,86.18,2.353,2.353,bbox,21.661,22.3,19.468,20.063
4310,86.2,2.374,2.353,bbox,21.693,22.3,19.468,20.063
4311,86.22,2.379,2.374,bbox,21.693,22.3,19.468,20.063
4312,86.24,3.229,2.374,bbox,21.693,22.3,19.468,20.063
4313,86.26,3.198,2.379,bbox,21.693,22.3,19.468,20.063
4314,86.28,3.135,3.135,bbox,21.693,22.3,19.468,20.063
4315,86.3,2.289,3.135,bbox,21.693,22.3,19.468,20.063
4316,86.32,2.27,3.135,bbox,21.693,22.3,19.468,20.063
4317,86.34,2.251,2.289,bbox,21.693,22.3,19.468,20.063
4318,86.36,2.258,2.27,bbox,21.693,22.3,19.468,20.063
4319,86.38,2.98,2.27,bbox,21.693,22.3,19.468,20.063
4320,86.4,2.34,2.27,bbox,21.693,22.3,19.468,20.063
4321,86.42,2.956,2.34,bbox,21.693,22.3,19.468,20.063
4322,86.44,2.986,2.956,bbox,21.693,22.3,19.468,20.063
4323,86.46,2.142,2.956,pose,21.693,22.3,19.468,20.063
4324,86.48,3.037,2.956,bbox,21.693,22.3,19.468,20.063
4325,86.5,3.04,2.986,bbox,21.693,22.346,19.468,20.063
4326,86.52,2.215,2.986,pose,21.693,22.346,19.468,20.063
4327,86.54,2.928,2.928,bbox,21.693,22.346,19.468,20.063
4328,86.56,2.966,2.966,bbox,21.693,22.346,19.468,20.063
4329,86.58,2.212,2.928,pose,21.693,22.346,19.468,20.063
4330,86.6,2.992,2.928,bbox,21.785,22.346,19.468,20.063
4331,86.62,2.977,2.966,bbox,21.785,22.346,19.468,20.063
4332,86.64,2.199,2.966,pose,21.785,22.346,19.468,20.063
4333,86.66,2.915,2.915,bbox,21.785,22.346,19.468,20.063
4334,86.68,2.327,2.915,bbox,21.785,22.346,19.468,20.063
4335,86.7,2.065,2.327,pose,21.785,22.403,19.468,20.063
4336,86.72,2.794,2.327,bbox,21.785,22.403,19.468,20.063
4337,86.74,2.807,2.794,bbox,21.785,22.514,19.468,20.063
4338,86.76,2.406,2.406,pose,21.785,22.514,19.468,20.063
4339,86.78,2.818,2.794,bbox,21.785,22.514,19.468,20.063
4340,86.8,2.812,2.807,bbox,21.785,22.547,19.468,20.063
4341,86.82,2.166,2.807,pose,21.785,22.547,19.468,20.063
4342,86.84,3.019,2.812,bbox,21.785,22.547,19.468,20.109
4343,86.86,2.917,2.818,bbox,21.785,22.547,19.559,20.109
4344,86.88,2.097,2.812,pose,21.785,22.547,19.559,20.201
4345,86.9,2.924,2.917,bbox,21.785,22.547,19.559,20.201
4346,86.92,2.912,2.917,bbox,21.785,22.547,19.674,20.201
4347,86.94,2.952,2.917,bbox,21.785,22.547,19.674,20.201
4348,86.96,2.885,2.912,bbox,21.785,22.547,19.674,20.248
4349,86.98,2.957,2.924,bbox,21.785,22.547,19.674,20.248
4350,87.0,2.083,2.912,pose,21.785,22.547,19.674,20.248
4351,87.02,2.946,2.946,bbox,21.785,22.579,19.674,20.3
4352,87.04,2.945,2.945,bbox,21.785,22.579,19.674,20.3
4353,87.06,2.124,2.945,pose,21.785,22.579,19.674,20.3
4354,87.08,2.941,2.941,bbox,21.785,22.665,19.674,20.3
4355,87.1,2.969,2.945,bbox,21.785,22.665,19.674,20.3
4356,87.12,2.423,2.941,pose,21.785,22.696,19.674,20.3
4357,87.14,2.988,2.941,bbox,21.785,22.766,19.714,20.3
4358,87.16,3.017,2.969,bbox,21.785,22.766,19.714,20.3
4359,87.18,2.791,2.969,pose,21.785,22.766,19.714,20.3
4360,87.2,3.334,2.988,bbox,21.785,22.766,19.714,20.3
4361,87.22,3.474,3.017,bbox,21.785,22.766,19.714,20.3
4362,87.24,3.156,3.156,pose,21.785,22.766,19.714,20.34
4363,87.26,3.515,3.334,bbox,21.785,22.766,19.714,20.373
4364,87.28,3.512,3.474,bbox,21.785,22.766,19.714,20.373
4365,87.3,3.165,3.474,pose,21.785,22.766,19.714,20.373
4366,87.32,3.502,3.502,bbox,21.785,22.766,19.714,20.373
4367,87.34,3.516,3.512,bbox,21.785,22.766,19.714,20.373
4368,87.36,3.026,3.502,pose,21.785,22.766,19.714,20.373
4369,87.38,3.466,3.466,bbox,21.785,22.766,19.714,20.373
4370,87.4,3.459,3.466,bbox,21.785,22.766,19.714,20.373
4371,87.42,2.728,3.459,pose,21.785,22.766,19.714,20.373
4372,87.44,3.323,3.323,bbox,21.785,22.766,19.714,20.373
4373,87.46,3.261,3.323,bbox,21.785,22.766,19.714,20.373
4374,87.48,2.296,3.261,pose,21.785,22.766,19.746,20.373
4375,87.5,2.78,2.78,bbox,21.828,22.766,19.746,20.373
4376,87.52,2.554,2.78,bbox,21.828,22.766,19.746,20.373
4377,87.54,2.074,2.554,pose,21.828,22.766,19.746,20.373
4378,87.56,2.803,2.554,bbox,21.882,22.766,19.746,20.373
4379,87.58,2.891,2.78,bbox,21.882,22.766,19.787,20.373
4380,87.6,2.212,2.554,pose,21.882,22.766,19.787,20.373
4381,87.62,2.977,2.803,bbox,21.882,22.766,19.787,20.373
4382,87.64,3.12,2.891,bbox,21.882,22.766,19.787,20.373
4383,87.66,2.248,2.891,pose,21.882,22.766,19.787,20.521
4384,87.68,3.082,2.977,bbox,21.882,22.766,19.787,20.521
4385,87.7,3.023,3.023,bbox,21.882,22.766,19.787,20.521
4386,87.72,2.202,3.023,pose,21.932,22.766,19.787,20.521
4387,87.74,2.642,2.642,bbox,21.987,22.766,19.787,20.521
4388,87.76,2.56,2.642,bbox,22.046,22.766,19.787,20.521
4389,87.78,2.161,2.56,pose,22.085,22.766,19.787,20.521
4390,87.8,2.463,2.463,bbox,22.207,22.766,19.787,20.521
4391,87.82,2.393,2.463,bbox,22.294,22.766,19.787,20.521
4392,87.84,1.874,2.393,bbox,22.294,22.803,19.787,20.521
4393,87.86,2.49,2.393,bbox,22.401,22.803,19.787,20.521
4394,87.88,2.534,2.463,bbox,22.483,22.803,19.787,20.521
4395,87.9,2.252,2.393,pose,22.483,22.803,19.787,20.521
4396,87.92,2.592,2.49,bbox,22.483,22.803,19.787,20.569
4397,87.94,2.557,2.534,bbox,22.517,22.803,19.787,20.649
4398,87.96,1.872,2.534,pose,22.517,22.803,19.787,20.649
4399,87.98,2.538,2.538,bbox,22.568,22.803,19.787,20.649
4400,88.0,2.029,2.538,bbox,22.568,22.858,19.787,20.649
4401,88.02,1.389,2.029,pose,22.608,22.858,19.787,20.679
4402,88.04,2.336,2.029,bbox,22.655,22.858,19.787,20.73
4403,88.06,2.353,2.336,bbox,22.695,22.858,19.787,20.73
4404,88.08,1.313,2.029,pose,22.78,22.858,19.787,20.73
4405,88.1,2.464,2.336,bbox,22.888,22.858,19.787,20.765
4406,88.12,2.425,2.353,bbox,22.888,22.858,19.787,20.765
4407,88.14,1.472,2.353,pose,22.888,22.858,19.787,20.825
4408,88.16,2.486,2.425,bbox,22.932,22.858,19.787,20.944
4409,88.18,2.556,2.464,bbox,23.034,22.858,19.787,20.981
4410,88.2,2.634,2.486,bbox,23.095,22.858,19.787,21.063
4411,88.22,2.699,2.556,bbox,23.095,22.858,19.787,21.103
4412,88.24,2.77,2.634,bbox,23.095,22.858,19.787,21.235
4413,88.26,2.749,2.699,pose,23.095,22.858,19.787,21.235
4414,88.28,2.802,2.749,bbox,23.095,22.858,19.787,21.235
4415,88.3,2.865,2.77,bbox,23.095,22.888,19.787,21.328
4416,88.32,2.88,2.802,bbox,23.095,22.888,19.787,21.369
4417,88.34,2.847,2.847,bbox,23.095,22.888,19.787,21.369
4418,88.36,2.864,2.864,bbox,23.095,22.888,19.787,21.369
4419,88.38,2.418,2.864,pose,23.095,22.888,19.787,21.403
4420,88.4,2.34,2.847,bbox,23.095,22.888,19.787,21.403
4421,88.42,,,,23.095,22.888,19.787,21.403
4422,88.44,,,,23.095,22.888,19.787,21.403
4423,88.46,,,,23.095,22.888,19.787,21.403
4424,88.48,,,,23.095,22.888,19.787,21.403
4425,88.5,,,,23.095,22.888,19.787,21.403
4426,88.52,,,,23.095,22.888,19.787,21.403
4427,88.54,,,,23.095,22.888,19.787,21.403
4428,88.56,,,,23.095,22.888,19.787,21.403
4429,88.58,,,,23.095,22.888,19.787,21.403
4430,88.6,,,,23.095,22.888,19.787,21.403
4431,88.62,6.96,2.847,bbox,23.095,22.888,19.787,21.449
4432,88.64,6.944,2.864,bbox,23.095,22.888,19.787,21.449
4433,88.66,,,,23.095,22.888,19.787,21.449
4434,88.68,,,,23.095,22.888,19.787,21.449
4435,88.7,6.874,6.874,bbox,23.095,22.888,19.787,21.449
4436,88.72,6.996,6.944,bbox,23.095,22.888,19.787,21.449
4437,88.74,6.955,6.955,bbox,23.095,22.927,19.787,21.449
4438,88.76,6.921,6.944,bbox,23.095,22.971,19.787,21.449
4439,88.78,6.866,6.921,bbox,23.095,23.056,19.787,21.449
4440,88.8,1.933,6.921,bbox,23.095,23.056,19.787,21.449
4441,88.82,6.887,6.887,bbox,23.095,23.132,19.787,21.449
4442,88.84,6.966,6.887,bbox,23.095,23.132,19.787,21.449
4443,88.86,1.435,6.866,pose,23.095,23.132,19.787,21.449
4444,88.88,7.013,6.887,bbox,23.095,23.231,19.787,21.449
4445,88.9,7.027,6.966,bbox,23.095,23.287,19.787,21.449
4446,88.92,6.836,6.966,pose,23.095,23.4,19.787,21.449
4447,88.94,4.125,6.836,bbox,23.095,23.4,19.787,21.449
4448,88.96,4.126,6.836,bbox,23.095,23.488,19.787,21.449
4449,88.98,4.091,4.126,pose,23.095,23.488,19.787,21.449
4450,89.0,4.028,4.125,bbox,23.095,23.528,19.841,21.449
4451,89.02,4.012,4.091,bbox,23.095,23.528,19.877,21.449
4452,89.04,4.268,4.091,pose,23.095,23.528,19.877,21.449
4453,89.06,4.053,4.053,bbox,23.095,23.528,19.944,21.449
4454,89.08,3.994,4.028,bbox,23.095,23.528,19.986,21.449
4455,89.1,4.292,4.053,pose,23.095,23.528,19.986,21.449
4456,89.12,4.039,4.053,bbox,23.095,23.528,20.031,21.449
4457,89.14,4.035,4.039,bbox,23.095,23.528,20.061,21.449
4458,89.16,4.264,4.039,pose,23.095,23.528,20.061,21.449
4459,89.18,3.976,4.039,bbox,23.095,23.528,20.061,21.449
4460,89.2,3.951,4.035,bbox,23.095,23.528,20.061,21.449
4461,89.22,3.994,3.994,pose,23.095,23.528,20.061,21.449
4462,89.24,3.976,3.976,bbox,23.095,23.528,20.061,21.449
4463,89.26,7.611,3.976,bbox,23.095,23.528,20.061,21.449
4464,89.28,7.607,3.994,bbox,23.095,23.528,20.061,21.579
4465,89.3,7.561,7.561,bbox,23.095,23.528,20.061,21.579
4466,89.32,7.457,7.561,bbox,23.095,23.528,20.061,21.579
4467,89.34,3.405,7.561,pose,23.095,23.528,20.061,21.579
4468,89.36,7.389,7.457,bbox,23.095,23.528,20.061,21.579
4469,89.38,3.701,7.389,bbox,23.095,23.528,20.061,21.579
4470,89.4,7.316,7.316,bbox,23.218,23.528,20.061,21.579
4471,89.42,3.534,3.701,bbox,23.218,23.528,20.061,21.579
4472,89.44,3.469,3.701,bbox,23.218,23.528,20.177,21.579
4473,89.46,2.707,3.534,pose,23.218,23.528,20.177,21.579
4474,89.48,3.474,3.474,bbox,23.218,23.528,20.177,21.668
4475,89.5,3.472,3.472,bbox,23.273,23.528,20.177,21.668
4476,89.52,2.612,3.469,pose,23.273,23.528,20.177,21.707
4477,89.54,3.529,3.472,bbox,23.306,23.528,20.177,21.804
4478,89.56,3.537,3.474,bbox,23.353,23.528,20.177,21.804
4479,89.58,7.748,3.529,bbox,23.488,23.528,20.177,21.857
4480,89.6,3.464,3.529,bbox,23.541,23.528,20.177,21.92
4481,89.62,3.493,3.529,bbox,23.541,23.528,20.177,21.92
4482,89.64,2.578,3.493,pose,23.631,23.528,20.177,21.976
4483,89.66,3.455,3.464,bbox,23.691,23.528,20.177,22.016
4484,89.68,3.392,3.455,bbox,23.691,23.528,20.177,22.016
4485,89.7,2.455,3.392,pose,23.763,23.528,20.177,22.016
4486,89.72,3.289,3.289,bbox,23.763,23.528,20.177,22.016
4487,89.74,3.237,3.289,bbox,23.763,23.528,20.177,22.016
4488,89.76,2.37,3.237,pose,23.763,23.528,20.177,22.016
4489,89.78,3.168,3.168,bbox,23.796,23.528,20.177,22.016
4490,89.8,3.156,3.168,bbox,23.796,23.528,20.177,22.016
4491,89.82,3.078,3.156,bbox,23.796,23.528,20.217,22.016
4492,89.84,3.061,3.078,bbox,23.834,23.528,20.217,22.016
4493,89.86,3.011,3.078,bbox,23.834,23.528,20.251,22.016
4494,89.88,2.479,3.061,pose,23.834,23.528,20.251,22.016
4495,89.9,2.97,3.011,bbox,23.834,23.528,20.251,22.016
4496,89.92,2.975,2.975,bbox,23.834,23.528,20.251,22.016
4497,89.94,2.456,2.97,pose,23.834,23.528,20.251,22.016
4498,89.96,3.015,2.97,bbox,23.834,23.528,20.283,22.016
4499,89.98,3.025,2.975,bbox,23.834,23.528,20.283,22.016
4500,90.0,3.007,3.007,bbox,23.834,23.528,20.283,22.016
4501,90.02,3.008,3.008,bbox,23.834,23.528,20.283,22.016
4502,90.04,2.946,3.008,bbox,23.834,23.528,20.283,22.016
4503,90.06,2.136,3.007,pose,23.834,23.528,20.283,22.016
4504,90.08,2.872,2.946,bbox,23.872,23.528,20.283,22.016
4505,90.1,2.851,2.872,bbox,23.872,23.528,20.33,22.016
4506,90.12,1.851,2.851,pose,23.872,23.528,20.33,22.016
4507,90.14,2.777,2.777,bbox,23.914,23.528,20.385,22.016
4508,90.16,2.735,2.777,bbox,23.914,23.528,20.385,22.016
4509,90.18,1.731,2.735,pose,23.992,23.528,20.385,22.016
4510,90.2,2.74,2.735,bbox,23.992,23.528,20.385,22.016
4511,90.22,2.78,2.74,bbox,24.04,23.528,20.385,22.016
4512,90.24,2.178,2.735,pose,24.04,23.528,20.385,22.016
4513,90.26,2.848,2.74,bbox,24.087,23.528,20.385,22.016
4514,90.28,2.884,2.78,bbox,24.087,23.528,20.385,22.016
4515,90.3,2.352,2.78,pose,24.087,23.528,20.385,22.016
4516,90.32,2.797,2.797,bbox,24.087,23.528,20.483,22.016
4517,90.34,2.67,2.797,bbox,24.14,23.528,20.584,22.016
4518,90.36,2.506,2.67,bbox,24.193,23.528,20.72,22.016
4519,90.38,2.355,2.506,bbox,24.237,23.528,20.785,22.016
4520,90.4,2.844,2.67,bbox,24.237,23.528,20.785,22.064
4521,90.42,,,,24.237,23.528,20.785,22.064
4522,90.44,,,,24.237,23.528,20.785,22.064
4523,90.46,,,,24.237,23.528,20.785,22.064
4524,90.48,2.857,2.67,bbox,24.237,23.528,20.785,22.119
4525,90.5,3.6,2.844,bbox,24.237,23.528,20.785,22.119
4526,90.52,3.614,2.857,bbox,24.237,23.528,20.785,22.119
4527,90.54,3.572,3.572,bbox,24.237,23.528,20.785,22.119
4528,90.56,,,,24.237,23.528,20.785,22.119
4529,90.58,,,,24.237,23.528,20.785,22.119
4530,90.6,,,,24.237,23.528,20.785,22.119
4531,90.62,1.853,3.572,bbox,24.237,23.528,20.785,22.119
4532,90.64,2.138,3.572,bbox,24.237,23.528,20.785,22.119
4533,90.66,1.401,2.138,pose,24.237,23.528,20.785,22.119
4534,90.68,2.046,2.046,bbox,24.237,23.528,20.785,22.119
4535,90.7,2.02,2.02,bbox,24.237,23.528,20.785,22.119
4536,90.72,3.49,2.046,bbox,24.237,23.528,20.785,22.119
4537,90.74,3.456,2.046,bbox,24.325,23.528,20.785,22.119
4538,90.76,1.47,2.046,bbox,24.407,23.528,20.785,22.119
4539,90.78,1.726,2.02,pose,24.407,23.528,20.861,22.119
4540,90.8,1.277,1.726,bbox,24.407,23.528,20.96,22.119
4541,90.82,1.168,1.47,bbox,24.407,23.528,20.96,22.119
4542,90.84,0.825,1.277,pose,24.407,23.528,20.96,22.119
4543,90.86,1.004,1.168,bbox,24.407,23.571,21.037,22.119
4544,90.88,3.81,1.168,bbox,24.407,23.571,21.083,22.119
4545,90.9,,,,24.407,23.571,21.083,22.119
4546,90.92,,,,24.407,23.571,21.083,22.119
4547,90.94,,,,24.407,23.571,21.083,22.119
4548,90.96,2.55,1.168,pose,24.407,23.571,21.083,22.22
4549,90.98,2.648,2.55,bbox,24.407,23.571,21.083,22.22
4550,91.0,2.674,2.648,bbox,24.407,23.571,21.083,22.257
4551,91.02,1.946,2.648,pose,24.407,23.671,21.083,22.257
4552,91.04,2.753,2.648,bbox,24.407,23.671,21.083,22.257
4553,91.06,2.763,2.674,bbox,24.407,23.701,21.083,22.329
4554,91.08,2.198,2.674,pose,24.407,23.755,21.083,22.329
4555,91.1,2.797,2.753,bbox,24.407,23.755,21.083,22.329
4556,91.12,2.833,2.763,bbox,24.407,23.755,21.083,22.393
4557,91.14,2.593,2.763,pose,24.407,23.805,21.083,22.393
4558,91.16,2.927,2.797,bbox,24.407,23.805,21.083,22.435
4559,91.18,2.97,2.833,bbox,24.407,23.854,21.083,22.435
4560,91.2,2.394,2.833,pose,24.407,23.854,21.083,22.489
4561,91.22,3.1,2.927,bbox,24.407,23.887,21.083,22.489
4562,91.24,1.047,2.927,bbox,24.407,23.887,21.083,22.531
4563,91.26,2.897,2.897,pose,24.407,23.925,21.083,22.531
4564,91.28,3.21,2.897,bbox,24.407,23.925,21.083,22.604
4565,91.3,2.734,2.897,bbox,24.407,23.998,21.083,22.604
4566,91.32,3.569,2.897,pose,24.407,23.998,21.083,22.604
4567,91.34,3.341,3.21,bbox,24.407,23.998,21.083,22.604
4568,91.36,1.118,3.21,bbox,24.407,23.998,21.083,22.665
4569,91.38,0.779,2.734,pose,24.407,23.998,21.083,22.665
4570,91.4,1.106,1.118,bbox,24.407,23.998,21.083,22.739
4571,91.42,1.117,1.117,bbox,24.407,23.998,21.083,22.739
4572,91.44,0.561,1.106,pose,24.407,23.998,21.083,22.739
4573,91.46,1.142,1.106,bbox,24.407,23.998,21.083,22.739
4574,91.48,1.169,1.117,bbox,24.438,23.998,21.083,22.739
4575,91.5,0.561,1.117,pose,24.438,23.998,21.083,22.792
4576,91.52,1.208,1.142,bbox,24.438,23.998,21.083,22.792
4577,91.54,1.229,1.169,bbox,24.438,23.998,21.083,22.792
4578,91.56,0.591,1.169,pose,24.438,23.998,21.083,22.829
4579,91.58,1.256,1.208,bbox,24.438,23.998,21.083,22.829
4580,91.6,1.272,1.229,bbox,24.438,23.998,21.083,22.861
4581,91.62,0.698,1.229,pose,24.438,23.998,21.083,22.861
4582,91.64,1.27,1.256,bbox,24.438,23.998,21.083,22.861
4583,91.66,1.336,1.27,bbox,24.438,23.998,21.083,22.901
4584,91.68,0.93,1.27,pose,24.438,23.998,21.083,22.901
4585,91.7,1.372,1.27,bbox,24.438,23.998,21.083,22.941
4586,91.72,1.401,1.336,bbox,24.438,23.998,21.083,22.941
4587,91.74,1.35,1.35,pose,24.438,23.998,21.083,22.977
4588,91.76,1.492,1.372,bbox,24.438,23.998,21.083,22.977
4589,91.78,1.541,1.401,bbox,24.438,23.998,21.083,23.021
4590,91.8,1.618,1.492,bbox,24.438,23.998,21.083,23.021
4591,91.82,1.644,1.541,bbox,24.438,23.998,21.083,23.021
4592,91.84,1.659,1.618,bbox,24.438,23.998,21.083,23.095
4593,91.86,1.594,1.618,pose,24.438,23.998,21.083,23.128
4594,91.88,1.704,1.644,bbox,24.438,23.998,21.083,23.128
4595,91.9,1.742,1.659,bbox,24.438,23.998,21.083,23.128
4596,91.92,1.366,1.659,pose,24.438,23.998,21.083,23.128
4597,91.94,1.909,1.704,bbox,24.438,24.067,21.083,23.128
4598,91.96,1.995,1.742,bbox,24.438,24.067,21.083,23.128
4599,91.98,1.448,1.742,pose,24.438,24.11,21.083,23.128
4600,92.0,2.085,1.909,bbox,24.438,24.11,21.083,23.173
4601,92.02,2.131,1.995,bbox,24.438,24.186,21.083,23.173
4602,92.04,1.77,1.995,pose,24.438,24.186,21.083,23.173
4603,92.06,2.235,2.085,bbox,24.438,24.186,21.083,23.206
4604,92.08,2.266,2.131,bbox,24.438,24.186,21.083,23.206
4605,92.1,1.702,2.131,pose,24.438,24.186,21.083,23.206
4606,92.12,2.307,2.235,bbox,24.438,24.186,21.083,23.206
4607,92.14,2.3,2.266,bbox,24.438,24.219,21.083,23.206
4608,92.16,2.331,2.3,bbox,24.438,24.219,21.122,23.206
4609,92.18,2.476,2.307,bbox,24.438,24.219,21.122,23.206
4610,92.2,2.531,2.331,bbox,24.438,24.275,21.122,23.206
4611,92.22,2.372,2.372,bbox,24.438,24.275,21.122,23.206
4612,92.24,2.401,2.401,bbox,24.438,24.328,21.122,23.206
4613,92.26,2.442,2.442,bbox,24.438,24.4,21.214,23.206
4614,92.28,2.133,2.401,pose,24.438,24.444,21.214,23.206
4615,92.3,2.811,2.401,bbox,24.438,24.489,21.214,23.206
4616,92.32,2.85,2.442,bbox,24.438,24.489,21.214,23.206
4617,92.34,2.387,2.442,pose,24.438,24.489,21.214,23.206
4618,92.36,3.0,2.811,bbox,24.438,24.489,21.214,23.206
4619,92.38,3.067,2.85,bbox,24.438,24.582,21.214,23.206
4620,92.4,2.598,2.85,pose,24.438,24.582,21.214,23.206
4621,92.42,3.162,3.0,bbox,24.438,24.642,21.214,23.259
4622,92.44,3.264,3.067,bbox,24.438,24.717,21.214,23.259
4623,92.46,2.754,3.067,pose,24.438,24.717,21.214,23.259
4624,92.48,3.382,3.162,bbox,24.438,24.779,21.214,23.259
4625,92.5,3.419,3.264,bbox,24.438,24.864,21.214,23.259
4626,92.52,2.92,3.264,pose,24.438,24.916,21.214,23.259
4627,92.54,3.567,3.382,bbox,24.438,24.978,21.214,23.259
4628,92.56,3.618,3.419,bbox,24.438,25.034,21.214,23.259
4629,92.58,3.08,3.419,pose,24.438,25.142,21.214,23.259
4630,92.6,3.72,3.567,bbox,24.438,25.179,21.214,23.259
4631,92.62,3.758,3.618,bbox,24.438,25.179,21.214,23.259
4632,92.64,3.137,3.618,pose,24.438,25.223,21.214,23.259
4633,92.66,3.798,3.72,bbox,24.438,25.223,21.214,23.259
4634,92.68,3.892,3.758,bbox,24.438,25.223,21.214,23.259
4635,92.7,3.225,3.758,pose,24.438,25.267,21.214,23.259
4636,92.72,4.016,3.798,bbox,24.438,25.267,21.214,23.31
4637,92.74,4.118,3.892,bbox,24.438,25.267,21.214,23.355
4638,92.76,3.479,3.892,pose,24.438,25.298,21.214,23.392
4639,92.78,4.208,4.016,bbox,24.438,25.298,21.214,23.442
4640,92.8,4.221,4.118,bbox,24.438,25.298,21.214,23.442
4641,92.82,3.697,4.118,pose,24.438,25.298,21.214,23.49
4642,92.84,4.362,4.208,bbox,24.438,25.298,21.214,23.521
4643,92.86,4.412,4.221,bbox,24.438,25.298,21.214,23.572
4644,92.88,4.216,4.221,pose,24.438,25.329,21.214,23.572
4645,92.9,1.845,4.216,bbox,24.438,25.329,21.214,23.618
4646,92.92,1.868,4.216,bbox,24.48,25.329,21.214,23.69
4647,92.94,5.41,4.216,bbox,24.48,25.329,21.214,23.69
4648,92.96,1.905,1.905,bbox,24.48,25.329,21.214,23.725
4649,92.98,1.924,1.905,bbox,24.48,25.329,21.214,23.764
4650,93.0,3.611,1.924,pose,24.48,25.329,21.214,23.799
4651,93.02,4.955,3.611,bbox,24.48,25.329,21.214,23.799
4652,93.04,5.022,3.611,bbox,24.48,25.329,21.214,23.799
4653,93.06,4.556,4.556,pose,24.48,25.329,21.214,23.831
4654,93.08,5.104,4.955,bbox,24.48,25.375,21.214,23.876
4655,93.1,5.17,5.022,bbox,24.48,25.375,21.214,23.909
4656,93.12,4.551,5.022,pose,24.48,25.375,21.214,23.909
4657,93.14,5.239,5.104,bbox,24.48,25.375,21.214,23.957
4658,93.16,5.313,5.17,bbox,24.48,25.375,21.214,23.957
4659,93.18,4.614,5.17,pose,24.48,25.413,21.214,23.957
4660,93.2,5.385,5.239,bbox,24.48,25.413,21.214,23.957
4661,93.22,5.409,5.313,bbox,24.48,25.455,21.214,23.957
4662,93.24,4.786,5.313,pose,24.48,25.455,21.214,23.957
4663,93.26,5.401,5.385,bbox,24.48,25.495,21.214,23.957
4664,93.28,5.406,5.401,bbox,24.48,25.495,21.214,23.957
4665,93.3,4.769,5.401,pose,24.48,25.495,21.214,23.957
4666,93.32,5.539,5.401,bbox,24.48,25.495,21.214,23.957
4667,93.34,2.307,5.401,bbox,24.48,25.495,21.214,24.052
4668,93.36,2.318,4.769,bbox,24.48,25.495,21.214,24.088
4669,93.38,2.33,2.33,bbox,24.48,25.495,21.214,24.088
4670,93.4,2.314,2.318,bbox,24.48,25.495,21.214,24.158
4671,93.42,2.326,2.318,bbox,24.48,25.495,21.214,24.158
4672,93.44,2.33,2.326,bbox,24.48,25.495,21.214,24.158
4673,93.46,2.343,2.33,bbox,24.48,25.495,21.214,24.227
4674,93.48,2.343,2.33,bbox,24.513,25.495,21.214,24.264
4675,93.5,2.353,2.343,bbox,24.513,25.495,21.214,24.264
4676,93.52,2.348,2.343,bbox,24.513,25.495,21.214,24.264
4677,93.54,,,,24.513,25.495,21.214,24.264
4678,93.56,,,,24.513,25.495,21.214,24.264
4679,93.58,,,,24.513,25.495,21.214,24.264
4680,93.6,,,,24.513,25.495,21.214,24.264
4681,93.62,,,,24.513,25.495,21.214,24.264
4682,93.64,,,,24.513,25.495,21.214,24.264
4683,93.66,,,,24.513,25.495,21.214,24.264
4684,93.68,,,,24.513,25.495,21.214,24.264
4685,93.7,,,,24.513,25.495,21.214,24.264
4686,93.72,,,,24.513,25.495,21.214,24.264
4687,93.74,,,,24.513,25.495,21.214,24.264
4688,93.76,,,,24.513,25.495,21.214,24.264
4689,93.78,,,,24.513,25.495,21.214,24.264
4690,93.8,,,,24.513,25.495,21.214,24.264
4691,93.82,,,,24.513,25.495,21.214,24.264
4692,93.84,,,,24.513,25.495,21.214,24.264
4693,93.86,,,,24.513,25.495,21.214,24.264
4694,93.88,,,,24.513,25.495,21.214,24.264
4695,93.9,,,,24.513,25.495,21.214,24.264
4696,93.92,,,,24.513,25.495,21.214,24.264
4697,93.94,,,,24.513,25.495,21.214,24.264
4698,93.96,,,,24.513,25.495,21.214,24.264
4699,93.98,,,,24.513,25.495,21.214,24.264
4700,94.0,,,,24.513,25.495,21.214,24.264
4701,94.02,,,,24.513,25.495,21.214,24.264
4702,94.04,7.1,2.348,bbox,24.513,25.495,21.214,24.264
4703,94.06,7.166,2.353,bbox,24.513,25.495,21.214,24.264
4704,94.08,,,,24.513,25.495,21.214,24.264
4705,94.1,7.176,7.1,bbox,24.513,25.531,21.214,24.264
4706,94.12,7.164,7.164,bbox,24.513,25.531,21.214,24.316
4707,94.14,3.377,7.164,bbox,24.513,25.531,21.214,24.316
4708,94.16,,,,24.513,25.531,21.214,24.316
4709,94.18,,,,24.513,25.531,21.214,24.316
4710,94.2,,,,24.513,25.531,21.214,24.316
4711,94.22,,,,24.513,25.531,21.214,24.316
4712,94.24,,,,24.513,25.531,21.214,24.316
4713,94.26,,,,24.513,25.531,21.214,24.316
4714,94.28,,,,24.513,25.531,21.214,24.316
4715,94.3,3.279,7.164,bbox,24.513,25.531,21.214,24.316
4716,94.32,,,,24.513,25.531,21.214,24.316
4717,94.34,,,,24.513,25.531,21.214,24.316
4718,94.36,,,,24.513,25.531,21.214,24.316
4719,94.38,,,,24.513,25.531,21.214,24.316
4720,94.4,,,,24.513,25.531,21.214,24.316
4721,94.42,3.515,3.515,bbox,24.513,25.531,21.214,24.316
4722,94.44,3.513,3.513,bbox,24.513,25.596,21.214,24.316
4723,94.46,3.527,3.513,bbox,24.513,25.596,21.214,24.316
4724,94.48,,,,24.513,25.596,21.214,24.316
4725,94.5,3.488,3.513,bbox,24.513,25.596,21.214,24.316
4726,94.52,3.427,3.513,bbox,24.513,25.596,21.214,24.316
4727,94.54,3.389,3.488,bbox,24.513,25.635,21.26,24.316
4728,94.56,,,,24.513,25.635,21.26,24.316
4729,94.58,,,,24.513,25.635,21.26,24.316
4730,94.6,,,,24.513,25.635,21.26,24.316
4731,94.62,,,,24.513,25.635,21.26,24.316
4732,94.64,,,,24.513,25.635,21.26,24.316
4733,94.66,,,,24.513,25.635,21.26,24.316
4734,94.68,,,,24.513,25.635,21.26,24.316
4735,94.7,,,,24.513,25.635,21.26,24.316
4736,94.72,,,,24.513,25.635,21.26,24.316
4737,94.74,,,,24.513,25.635,21.26,24.316
4738,94.76,3.398,3.427,bbox,24.513,25.635,21.26,24.316
4739,94.78,3.377,3.398,bbox,24.513,25.635,21.26,24.316
4740,94.8,3.365,3.389,bbox,24.513,25.635,21.26,24.316
4741,94.82,3.363,3.377,bbox,24.513,25.635,21.26,24.316
4742,94.84,3.337,3.365,bbox,24.513,25.635,21.26,24.316
4743,94.86,3.335,3.363,bbox,24.513,25.635,21.26,24.316
4744,94.88,3.352,3.352,bbox,24.513,25.635,21.26,24.316
4745,94.9,3.315,3.337,bbox,24.513,25.635,21.26,24.316
4746,94.92,,,,24.513,25.635,21.26,24.316
4747,94.94,,,,24.513,25.635,21.26,24.316
4748,94.96,,,,24.513,25.635,21.26,24.316
4749,94.98,,,,24.513,25.635,21.26,24.316
4750,95.0,,,,24.513,25.635,21.26,24.316
4751,95.02,,,,24.513,25.635,21.26,24.316
4752,95.04,,,,24.513,25.635,21.26,24.316
4753,95.06,,,,24.513,25.635,21.26,24.316
4754,95.08,,,,24.513,25.635,21.26,24.316
4755,95.1,,,,24.513,25.635,21.26,24.316
4756,95.12,,,,24.513,25.635,21.26,24.316
4757,95.14,,,,24.513,25.635,21.26,24.316
4758,95.16,,,,24.513,25.635,21.26,24.316
4759,95.18,,,,24.513,25.635,21.26,24.316
4760,95.2,,,,24.513,25.635,21.26,24.316
4761,95.22,,,,24.513,25.635,21.26,24.316
4762,95.24,,,,24.513,25.635,21.26,24.316
4763,95.26,,,,24.513,25.635,21.26,24.316
4764,95.28,,,,24.513,25.635,21.26,24.316
4765,95.3,,,,24.513,25.635,21.26,24.316
4766,95.32,,,,24.513,25.635,21.26,24.316
4767,95.34,,,,24.513,25.635,21.26,24.316
4768,95.36,,,,24.513,25.635,21.26,24.316
4769,95.38,,,,24.513,25.635,21.26,24.316
4770,95.4,,,,24.513,25.635,21.26,24.316
4771,95.42,,,,24.513,25.635,21.26,24.316
4772,95.44,,,,24.513,25.635,21.26,24.316
4773,95.46,,,,24.513,25.635,21.26,24.316
4774,95.48,,,,24.513,25.635,21.26,24.316
4775,95.5,,,,24.513,25.635,21.26,24.316
4776,95.52,,,,24.513,25.635,21.26,24.316
4777,95.54,,,,24.513,25.635,21.26,24.316
4778,95.56,,,,24.513,25.635,21.26,24.316
4779,95.58,,,,24.513,25.635,21.26,24.316
4780,95.6,,,,24.513,25.635,21.26,24.316
4781,95.62,,,,24.513,25.635,21.26,24.316
4782,95.64,,,,24.513,25.635,21.26,24.316
4783,95.66,,,,24.513,25.635,21.26,24.316
4784,95.68,,,,24.513,25.635,21.26,24.316
4785,95.7,,,,24.513,25.635,21.26,24.316
4786,95.72,,,,24.513,25.635,21.26,24.316
4787,95.74,,,,24.513,25.635,21.26,24.316
4788,95.76,,,,24.513,25.635,21.26,24.316
4789,95.78,,,,24.513,25.635,21.26,24.316
4790,95.8,,,,24.513,25.635,21.26,24.316
4791,95.82,,,,24.513,25.635,21.26,24.316
4792,95.84,,,,24.513,25.635,21.26,24.316
4793,95.86,,,,24.513,25.635,21.26,24.316
4794,95.88,,,,24.513,25.635,21.26,24.316
4795,95.9,,,,24.513,25.635,21.26,24.316
4796,95.92,,,,24.513,25.635,21.26,24.316
4797,95.94,,,,24.513,25.635,21.26,24.316
4798,95.96,,,,24.513,25.635,21.26,24.316
4799,95.98,,,,24.513,25.635,21.26,24.316
4800,96.0,,,,24.513,25.635,21.26,24.316
4801,96.02,,,,24.513,25.635,21.26,24.316
4802,96.04,,,,24.513,25.635,21.26,24.316
4803,96.06,,,,24.513,25.635,21.26,24.316
4804,96.08,,,,24.513,25.635,21.26,24.316
4805,96.1,,,,24.513,25.635,21.26,24.316
4806,96.12,,,,24.513,25.635,21.26,24.316
4807,96.14,,,,24.513,25.635,21.26,24.316
4808,96.16,,,,24.513,25.635,21.26,24.316
4809,96.18,,,,24.513,25.635,21.26,24.316
4810,96.2,,,,24.513,25.635,21.26,24.316
4811,96.22,,,,24.513,25.635,21.26,24.316
4812,96.24,,,,24.513,25.635,21.26,24.316
4813,96.26,,,,24.513,25.635,21.26,24.316
4814,96.28,,,,24.513,25.635,21.26,24.316
4815,96.3,,,,24.513,25.635,21.26,24.316
4816,96.32,,,,24.513,25.635,21.26,24.316
4817,96.34,,,,24.513,25.635,21.26,24.316
4818,96.36,,,,24.513,25.635,21.26,24.316
4819,96.38,,,,24.513,25.635,21.26,24.316
4820,96.4,,,,24.513,25.635,21.26,24.316
4821,96.42,,,,24.513,25.635,21.26,24.316
4822,96.44,,,,24.513,25.635,21.26,24.316
4823,96.46,,,,24.513,25.635,21.26,24.316
4824,96.48,,,,24.513,25.635,21.26,24.316
4825,96.5,,,,24.513,25.635,21.26,24.316
4826,96.52,,,,24.513,25.635,21.26,24.316
4827,96.54,,,,24.513,25.635,21.26,24.316
4828,96.56,,,,24.513,25.635,21.26,24.316
4829,96.58,,,,24.513,25.635,21.26,24.316
4830,96.6,,,,24.513,25.635,21.26,24.316
4831,96.62,,,,24.513,25.635,21.26,24.316
4832,96.64,3.257,3.335,bbox,24.513,25.635,21.26,24.316
4833,96.66,3.257,3.315,bbox,24.513,25.635,21.26,24.316
4834,96.68,3.243,3.257,bbox,24.513,25.635,21.26,24.316
4835,96.7,,,,24.513,25.635,21.26,24.316
4836,96.72,,,,24.513,25.635,21.26,24.316
4837,96.74,,,,24.513,25.635,21.26,24.316
4838,96.76,,,,24.513,25.635,21.26,24.316
4839,96.78,,,,24.513,25.635,21.26,24.316
4840,96.8,,,,24.513,25.635,21.26,24.316
4841,96.82,,,,24.513,25.635,21.26,24.316
4842,96.84,,,,24.513,25.635,21.26,24.316
4843,96.86,,,,24.513,25.635,21.26,24.316
4844,96.88,,,,24.513,25.635,21.26,24.316
4845,96.9,,,,24.513,25.635,21.26,24.316
4846,96.92,,,,24.513,25.635,21.26,24.316
4847,96.94,,,,24.513,25.635,21.26,24.316
4848,96.96,,,,24.513,25.635,21.26,24.316
4849,96.98,,,,24.513,25.635,21.26,24.316
4850,97.0,,,,24.513,25.635,21.26,24.316
4851,97.02,,,,24.513,25.635,21.26,24.316
4852,97.04,,,,24.513,25.635,21.26,24.316
4853,97.06,,,,24.513,25.635,21.26,24.316
4854,97.08,,,,24.513,25.635,21.26,24.316
4855,97.1,,,,24.513,25.635,21.26,24.316
4856,97.12,,,,24.513,25.635,21.26,24.316
4857,97.14,,,,24.513,25.635,21.26,24.316
4858,97.16,,,,24.513,25.635,21.26,24.316
4859,97.18,,,,24.513,25.635,21.26,24.316
4860,97.2,,,,24.513,25.635,21.26,24.316
4861,97.22,,,,24.513,25.635,21.26,24.316
4862,97.24,,,,24.513,25.635,21.26,24.316
4863,97.26,,,,24.513,25.635,21.26,24.316
4864,97.28,,,,24.513,25.635,21.26,24.316
4865,97.3,,,,24.513,25.635,21.26,24.316
4866,97.32,,,,24.513,25.635,21.26,24.316
4867,97.34,,,,24.513,25.635,21.26,24.316
4868,97.36,,,,24.513,25.635,21.26,24.316
4869,97.38,,,,24.513,25.635,21.26,24.316
4870,97.4,,,,24.513,25.635,21.26,24.316
4871,97.42,,,,24.513,25.635,21.26,24.316
4872,97.44,,,,24.513,25.635,21.26,24.316
4873,97.46,,,,24.513,25.635,21.26,24.316
4874,97.48,,,,24.513,25.635,21.26,24.316
4875,97.5,,,,24.513,25.635,21.26,24.316
4876,97.52,,,,24.513,25.635,21.26,24.316
4877,97.54,,,,24.513,25.635,21.26,24.316
4878,97.56,,,,24.513,25.635,21.26,24.316
4879,97.58,,,,24.513,25.635,21.26,24.316
4880,97.6,,,,24.513,25.635,21.26,24.316
4881,97.62,,,,24.513,25.635,21.26,24.316
4882,97.64,,,,24.513,25.635,21.26,24.316
4883,97.66,,,,24.513,25.635,21.26,24.316
4884,97.68,,,,24.513,25.635,21.26,24.316
4885,97.7,,,,24.513,25.635,21.26,24.316
4886,97.72,,,,24.513,25.635,21.26,24.316
4887,97.74,,,,24.513,25.635,21.26,24.316
4888,97.76,,,,24.513,25.635,21.26,24.316
4889,97.78,,,,24.513,25.635,21.26,24.316
4890,97.8,,,,24.513,25.635,21.26,24.316
4891,97.82,,,,24.513,25.635,21.26,24.316
4892,97.84,,,,24.513,25.635,21.26,24.316
4893,97.86,,,,24.513,25.635,21.26,24.316
4894,97.88,,,,24.513,25.635,21.26,24.316
4895,97.9,,,,24.513,25.635,21.26,24.316
4896,97.92,,,,24.513,25.635,21.26,24.316
4897,97.94,,,,24.513,25.635,21.26,24.316
4898,97.96,,,,24.513,25.635,21.26,24.316
4899,97.98,,,,24.513,25.635,21.26,24.316
4900,98.0,,,,24.513,25.635,21.26,24.316
4901,98.02,,,,24.513,25.635,21.26,24.316
4902,98.04,,,,24.513,25.635,21.26,24.316
4903,98.06,,,,24.513,25.635,21.26,24.316
4904,98.08,,,,24.513,25.635,21.26,24.316
4905,98.1,,,,24.513,25.635,21.26,24.316
4906,98.12,,,,24.513,25.635,21.26,24.316
4907,98.14,,,,24.513,25.635,21.26,24.316
4908,98.16,,,,24.513,25.635,21.26,24.316
4909,98.18,,,,24.513,25.635,21.26,24.316
4910,98.2,,,,24.513,25.635,21.26,24.316
4911,98.22,,,,24.513,25.635,21.26,24.316
4912,98.24,,,,24.513,25.635,21.26,24.316
4913,98.26,,,,24.513,25.635,21.26,24.316
4914,98.28,,,,24.513,25.635,21.26,24.316
4915,98.3,,,,24.513,25.635,21.26,24.316
4916,98.32,,,,24.513,25.635,21.26,24.316
4917,98.34,,,,24.513,25.635,21.26,24.316
4918,98.36,,,,24.513,25.635,21.26,24.316
4919,98.38,,,,24.513,25.635,21.26,24.316
4920,98.4,,,,24.513,25.635,21.26,24.316
4921,98.42,,,,24.513,25.635,21.26,24.316
4922,98.44,,,,24.513,25.635,21.26,24.316
4923,98.46,,,,24.513,25.635,21.26,24.316
4924,98.48,,,,24.513,25.635,21.26,24.316
4925,98.5,,,,24.513,25.635,21.26,24.316
4926,98.52,,,,24.513,25.635,21.26,24.316
4927,98.54,,,,24.513,25.635,21.26,24.316
4928,98.56,,,,24.513,25.635,21.26,24.316
4929,98.58,,,,24.513,25.635,21.26,24.316
4930,98.6,,,,24.513,25.635,21.26,24.316
4931,98.62,,,,24.513,25.635,21.26,24.316
4932,98.64,,,,24.513,25.635,21.26,24.316
4933,98.66,,,,24.513,25.635,21.26,24.316
4934,98.68,,,,24.513,25.635,21.26,24.316
4935,98.7,,,,24.513,25.635,21.26,24.316
4936,98.72,,,,24.513,25.635,21.26,24.316
4937,98.74,,,,24.513,25.635,21.26,24.316
4938,98.76,,,,24.513,25.635,21.26,24.316
4939,98.78,,,,24.513,25.635,21.26,24.316
4940,98.8,,,,24.513,25.635,21.26,24.316
4941,98.82,,,,24.513,25.635,21.26,24.316
4942,98.84,,,,24.513,25.635,21.26,24.316
4943,98.86,5.33,3.257,bbox,24.513,25.635,21.26,24.316
4944,98.88,5.307,3.257,bbox,24.513,25.635,21.26,24.316
4945,98.9,5.353,5.307,bbox,24.513,25.635,21.26,24.316
4946,98.92,7.321,5.33,bbox,24.513,25.635,21.26,24.347
4947,98.94,7.328,5.353,bbox,24.513,25.635,21.26,24.404
4948,98.96,5.459,5.459,bbox,24.513,25.635,21.26,24.44
4949,98.98,5.499,5.499,bbox,24.513,25.635,21.26,24.44
4950,99.0,5.5,5.5,bbox,24.513,25.635,21.26,24.501
4951,99.02,5.483,5.499,bbox,24.513,25.635,21.26,24.57
4952,99.04,5.467,5.483,bbox,24.513,25.635,21.26,24.57
4953,99.06,5.528,5.499,bbox,24.513,25.635,21.26,24.57
4954,99.08,5.514,5.5,bbox,24.513,25.635,21.26,24.57
4955,99.1,5.527,5.514,bbox,24.513,25.635,21.26,24.57
4956,99.12,5.511,5.514,bbox,24.513,25.635,21.26,24.57
4957,99.14,5.57,5.527,bbox,24.513,25.635,21.26,24.57
4958,99.16,5.595,5.527,bbox,24.513,25.635,21.26,24.57
4959,99.18,7.32,5.57,bbox,24.513,25.635,21.26,24.57
4960,99.2,5.629,5.595,bbox,24.513,25.635,21.26,24.57
4961,99.22,5.642,5.629,bbox,24.513,25.635,21.26,24.57
4962,99.24,3.135,5.629,bbox,24.513,25.635,21.26,24.57
4963,99.26,,,,24.513,25.635,21.26,24.57
4964,99.28,,,,24.513,25.635,21.26,24.57
4965,99.3,,,,24.513,25.635,21.26,24.57
4966,99.32,,,,24.513,25.635,21.26,24.57
4967,99.34,,,,24.513,25.635,21.26,24.57
4968,99.36,,,,24.513,25.635,21.26,24.57
4969,99.38,,,,24.513,25.635,21.26,24.57
4970,99.4,3.145,5.629,bbox,24.513,25.635,21.26,24.57
4971,99.42,,,,24.513,25.635,21.26,24.57
4972,99.44,,,,24.513,25.635,21.26,24.57
4973,99.46,,,,24.513,25.635,21.26,24.57
4974,99.48,3.361,3.361,bbox,24.513,25.635,21.26,24.57
4975,99.5,3.386,3.361,bbox,24.513,25.635,21.365,24.57
4976,99.52,3.437,3.361,bbox,24.513,25.704,21.365,24.57
4977,99.54,3.454,3.386,bbox,24.513,25.704,21.365,24.57
4978,99.56,3.451,3.437,bbox,24.513,25.704,21.365,24.57
4979,99.58,3.299,3.437,bbox,24.513,25.704,21.365,24.57
4980,99.6,3.267,3.437,bbox,24.513,25.704,21.365,24.57
4981,99.62,3.442,3.442,bbox,24.513,25.704,21.365,24.57
4982,99.64,,,,24.513,25.704,21.365,24.57
4983,99.66,,,,24.513,25.704,21.365,24.57
4984,99.68,,,,24.513,25.704,21.365,24.57
4985,99.7,,,,24.513,25.704,21.365,24.57
4986,99.72,,,,24.513,25.704,21.365,24.57
4987,99.74,,,,24.513,25.704,21.365,24.57
4988,99.76,,,,24.513,25.704,21.365,24.57
4989,99.78,,,,24.513,25.704,21.365,24.57
4990,99.8,,,,24.513,25.704,21.365,24.57
4991,99.82,,,,24.513,25.704,21.365,24.57
4992,99.84,3.222,3.299,bbox,24.513,25.704,21.365,24.57
4993,99.86,,,,24.513,25.704,21.365,24.57
4994,99.88,,,,24.513,25.704,21.365,24.57
4995,99.9,3.225,3.267,bbox,24.513,25.704,21.365,24.57
4996,99.92,3.175,3.225,bbox,24.57,25.704,21.365,24.626
4997,99.94,,,,24.57,25.704,21.365,24.626
4998,99.96,,,,24.57,25.704,21.365,24.626
4999,99.98,,,,24.57,25.704,21.365,24.626
5000,100.0,,,,24.57,25.704,21.365,24.626
5001,100.02,,,,24.57,25.704,21.365,24.626
5002,100.04,3.127,3.222,bbox,24.607,25.704,21.365,24.626
5003,100.06,,,,24.607,25.704,21.365,24.626
5004,100.08,,,,24.607,25.704,21.365,24.626
5005,100.1,,,,24.607,25.704,21.365,24.626
5006,100.12,,,,24.607,25.704,21.365,24.626
5007,100.14,,,,24.607,25.704,21.365,24.626
5008,100.16,,,,24.607,25.704,21.365,24.626
5009,100.18,,,,24.607,25.704,21.365,24.626
5010,100.2,,,,24.607,25.704,21.365,24.626
5011,100.22,,,,24.607,25.704,21.365,24.626
5012,100.24,,,,24.607,25.704,21.365,24.626
5013,100.26,,,,24.607,25.704,21.365,24.626
5014,100.28,,,,24.607,25.704,21.365,24.626
5015,100.3,,,,24.607,25.704,21.365,24.626
5016,100.32,,,,24.607,25.704,21.365,24.626
5017,100.34,,,,24.607,25.704,21.365,24.626
5018,100.36,5.264,3.222,bbox,24.607,25.704,21.365,24.626
5019,100.38,5.242,3.225,bbox,24.638,25.704,21.365,24.626
5020,100.4,5.183,5.183,bbox,24.638,25.704,21.365,24.66
5021,100.42,5.176,5.183,bbox,24.638,25.704,21.365,24.66
5022,100.44,5.166,5.183,bbox,24.638,25.704,21.365,24.66
5023,100.46,5.132,5.176,bbox,24.638,25.704,21.365,24.66
5024,100.48,5.109,5.166,bbox,24.638,25.704,21.365,24.66
5025,100.5,5.097,5.132,bbox,24.638,25.704,21.365,24.66
5026,100.52,5.08,5.109,bbox,24.638,25.704,21.365,24.66
5027,100.54,5.041,5.097,bbox,24.638,25.704,21.365,24.66
5028,100.56,3.891,5.08,pose,24.638,25.704,21.365,24.66
5029,100.58,3.179,5.041,bbox,24.638,25.704,21.365,24.66
5030,100.6,3.17,3.891,bbox,24.638,25.704,21.365,24.66
5031,100.62,3.838,3.838,pose,24.638,25.704,21.365,24.66
5032,100.64,3.156,3.179,bbox,24.638,25.704,21.365,24.66
5033,100.66,3.144,3.17,bbox,24.638,25.704,21.365,24.66
5034,100.68,3.946,3.17,pose,24.638,25.704,21.365,24.66
5035,100.7,3.125,3.156,bbox,24.673,25.704,21.365,24.66
5036,100.72,6.927,3.156,bbox,24.673,25.704,21.365,24.66
5037,100.74,6.607,3.946,pose,24.673,25.704,21.365,24.66
5038,100.76,6.964,6.607,bbox,24.673,25.704,21.365,24.66
5039,100.78,7.134,6.927,bbox,24.673,25.704,21.365,24.716
5040,100.8,7.382,6.964,bbox,24.673,25.704,21.365,24.716
5041,100.82,7.493,7.134,bbox,24.673,25.704,21.365,24.716
5042,100.84,7.537,7.382,bbox,24.673,25.704,21.365,24.716
5043,100.86,7.553,7.493,bbox,24.673,25.704,21.365,24.716
5044,100.88,3.75,7.493,bbox,24.673,25.704,21.365,24.716
5045,100.9,,,,24.673,25.704,21.365,24.716
5046,100.92,3.754,7.493,bbox,24.673,25.704,21.365,24.716
5047,100.94,3.798,3.798,bbox,24.673,25.704,21.365,24.716
5048,100.96,5.237,3.798,bbox,24.673,25.704,21.365,24.716
5049,100.98,7.409,3.798,bbox,24.673,25.704,21.365,24.716
5050,101.0,4.949,4.949,bbox,24.673,25.704,21.365,24.716
5051,101.02,5.03,5.03,bbox,24.673,25.704,21.365,24.716
5052,101.04,4.656,5.03,pose,24.673,25.704,21.365,24.716
5053,101.06,5.091,5.03,bbox,24.673,25.704,21.365,24.716
5054,101.08,5.125,5.03,bbox,24.673,25.704,21.365,24.716
5055,101.1,4.73,5.03,pose,24.673,25.704,21.365,24.716
5056,101.12,5.208,5.091,bbox,24.673,25.754,21.365,24.768
5057,101.14,5.295,5.125,bbox,24.673,25.754,21.365,24.768
5058,101.16,5.035,5.125,pose,24.673,25.754,21.365,24.811
5059,101.18,5.382,5.208,bbox,24.673,25.754,21.365,24.811
5060,101.2,5.394,5.295,bbox,24.673,25.754,21.365,24.811
5061,101.22,,,,24.673,25.754,21.365,24.811
5062,101.24,5.401,5.382,bbox,24.673,25.754,21.365,24.811
5063,101.26,5.445,5.394,bbox,24.673,25.754,21.365,24.811
5064,101.28,5.481,5.401,bbox,24.673,25.754,21.365,24.811
5065,101.3,5.502,5.445,bbox,24.673,25.754,21.365,24.811
5066,101.32,5.528,5.481,bbox,24.673,25.754,21.365,24.811
5067,101.34,5.499,5.499,bbox,24.673,25.754,21.365,24.811
5068,101.36,5.501,5.501,bbox,24.673,25.754,21.365,24.811
5069,101.38,5.466,5.501,bbox,24.673,25.754,21.365,24.811
5070,101.4,5.384,5.499,bbox,24.673,25.754,21.365,24.811
5071,101.42,5.331,5.466,bbox,24.673,25.754,21.365,24.811
5072,101.44,5.322,5.384,bbox,24.673,25.754,21.365,24.811
5073,101.46,5.308,5.331,bbox,24.673,25.754,21.365,24.811
5074,101.48,5.237,5.322,bbox,24.673,25.796,21.365,24.811
5075,101.5,5.272,5.308,bbox,24.673,25.796,21.365,24.811
5076,101.52,5.268,5.272,pose,24.673,25.837,21.365,24.811
5077,101.54,5.425,5.272,bbox,24.673,25.907,21.365,24.811
5078,101.56,5.436,5.272,bbox,24.673,25.907,21.365,24.811
5079,101.58,4.985,5.272,pose,24.673,25.907,21.365,24.811
5080,101.6,5.499,5.425,bbox,24.673,25.977,21.365,24.811
5081,101.62,5.598,5.436,bbox,24.673,25.977,21.365,24.811
5082,101.64,5.618,5.499,pose,24.673,25.977,21.365,24.811
5083,101.66,5.721,5.598,bbox,24.673,25.977,21.365,24.811
5084,101.68,5.785,5.618,bbox,24.673,25.977,21.365,24.811
5085,101.7,5.787,5.721,bbox,24.673,25.977,21.365,24.811
5086,101.72,5.776,5.776,bbox,24.673,25.977,21.365,24.811
5087,101.74,5.771,5.776,bbox,24.673,25.977,21.365,24.811
5088,101.76,,,,24.673,25.977,21.365,24.811
5089,101.78,8.452,5.785,bbox,24.673,25.977,21.365,24.811
5090,101.8,8.448,5.787,bbox,24.673,25.977,21.365,24.811
5091,101.82,8.436,8.436,bbox,24.673,26.024,21.365,24.811
5092,101.84,8.407,8.436,bbox,24.673,26.024,21.365,24.811
5093,101.86,8.45,8.448,bbox,24.673,26.024,21.365,24.811
5094,101.88,,,,24.673,26.024,21.365,24.811
5095,101.9,,,,24.673,26.024,21.365,24.811
5096,101.92,,,,24.673,26.024,21.365,24.811
5097,101.94,7.994,8.436,pose,24.673,26.024,21.365,24.811
5098,101.96,8.348,8.407,bbox,24.673,26.024,21.365,24.811
5099,101.98,8.331,8.348,bbox,24.673,26.024,21.365,24.811
5100,102.0,8.267,8.331,pose,24.673,26.024,21.365,24.811
5101,102.02,,,,24.673,26.024,21.365,24.811
5102,102.04,,,,24.673,26.024,21.365,24.811
5103,102.06,5.562,8.267,pose,24.673,26.088,21.414,24.811
5104,102.08,5.956,8.267,bbox,24.673,26.088,21.414,24.811
5105,102.1,8.335,8.267,bbox,24.673,26.088,21.561,24.811
5106,102.12,5.639,5.956,pose,24.673,26.143,21.561,24.811
5107,102.14,5.932,5.932,bbox,24.718,26.143,21.561,24.811
5108,102.16,5.951,5.951,bbox,24.718,26.143,21.561,24.811
5109,102.18,5.942,5.942,bbox,24.718,26.143,21.561,24.811
5110,102.2,5.925,5.932,bbox,24.718,26.143,21.561,24.811
5111,102.22,5.959,5.942,bbox,24.718,26.143,21.561,24.811
5112,102.24,5.791,5.942,pose,24.718,26.143,21.561,24.811
5113,102.26,5.956,5.942,bbox,24.718,26.143,21.561,24.811
5114,102.28,5.954,5.954,bbox,24.718,26.143,21.603,24.811
5115,102.3,5.878,5.954,bbox,24.718,26.143,21.603,24.811
5116,102.32,5.732,5.878,bbox,24.718,26.143,21.603,24.811
5117,102.34,5.496,5.878,bbox,24.718,26.143,21.603,24.811
5118,102.36,5.176,5.732,pose,24.718,26.143,21.603,24.811
5119,102.38,5.623,5.623,bbox,24.718,26.143,21.603,24.811
5120,102.4,5.635,5.623,bbox,24.718,26.143,21.603,24.811
5121,102.42,5.714,5.623,bbox,24.718,26.143,21.603,24.811
5122,102.44,5.778,5.635,bbox,24.718,26.143,21.603,24.811
5123,102.46,5.754,5.714,bbox,24.718,26.143,21.603,24.811
5124,102.48,5.732,5.732,bbox,24.718,26.143,21.603,24.811
5125,102.5,,,,24.718,26.143,21.603,24.811
5126,102.52,,,,24.718,26.143,21.603,24.811
5127,102.54,,,,24.718,26.143,21.603,24.811
5128,102.56,,,,24.718,26.143,21.603,24.811
5129,102.58,7.526,5.754,bbox,24.718,26.143,21.603,24.811
5130,102.6,6.098,5.778,pose,24.718,26.143,21.603,24.811
5131,102.62,,,,24.718,26.143,21.603,24.811
5132,102.64,,,,24.718,26.143,21.603,24.811
5133,102.66,,,,24.718,26.143,21.603,24.811
5134,102.68,,,,24.718,26.143,21.603,24.811
5135,102.7,,,,24.718,26.143,21.603,24.811
5136,102.72,,,,24.718,26.143,21.603,24.811
5137,102.74,,,,24.718,26.143,21.603,24.811
5138,102.76,,,,24.718,26.143,21.603,24.811
5139,102.78,,,,24.718,26.143,21.603,24.811
5140,102.8,,,,24.718,26.143,21.603,24.811
5141,102.82,5.234,5.754,bbox,24.718,26.143,21.603,24.811
5142,102.84,,,,24.718,26.143,21.603,24.811
5143,102.86,,,,24.718,26.143,21.603,24.811
5144,102.88,,,,24.718,26.143,21.603,24.811
5145,102.9,5.925,5.925,pose,24.718,26.143,21.603,24.811
5146,102.92,6.028,6.028,bbox,24.764,26.143,21.603,24.811
5147,102.94,6.051,6.028,bbox,24.848,26.143,21.603,24.811
5148,102.96,5.949,5.949,pose,24.848,26.143,21.603,24.811
5149,102.98,6.097,6.028,bbox,24.958,26.143,21.603,24.811
5150,103.0,6.133,6.051,bbox,24.958,26.143,21.603,24.811
5151,103.02,5.901,6.051,pose,24.958,26.143,21.603,24.811
5152,103.04,6.172,6.097,bbox,24.958,26.143,21.603,24.811
5153,103.06,6.208,6.133,bbox,24.958,26.143,21.603,24.811
5154,103.08,5.959,6.133,pose,24.958,26.143,21.603,24.811
5155,103.1,6.184,6.172,bbox,24.958,26.143,21.603,24.811
5156,103.12,6.218,6.184,bbox,24.958,26.143,21.603,24.811
5157,103.14,5.958,6.184,pose,24.958,26.143,21.603,24.811
5158,103.16,6.217,6.184,bbox,24.958,26.143,21.603,24.811
5159,103.18,6.201,6.201,bbox,24.958,26.143,21.603,24.811
5160,103.2,6.008,6.201,pose,24.958,26.143,21.603,24.811
5161,103.22,6.196,6.196,bbox,24.958,26.143,21.603,24.811
5162,103.24,6.19,6.196,bbox,24.958,26.143,21.603,24.811
5163,103.26,6.047,6.19,pose,24.958,26.143,21.603,24.811
5164,103.28,6.179,6.179,bbox,24.958,26.143,21.603,24.811
5165,103.3,6.151,6.179,bbox,24.958,26.143,21.603,24.811
5166,103.32,6.011,6.151,pose,24.958,26.143,21.603,24.811
5167,103.34,6.011,6.047,bbox,24.958,26.143,21.603,24.811
5168,103.36,5.879,6.011,bbox,24.958,26.143,21.603,24.811
5169,103.38,5.911,6.011,pose,24.958,26.143,21.603,24.811
5170,103.4,6.065,6.011,bbox,24.988,26.143,21.603,24.811
5171,103.42,6.065,6.011,bbox,24.988,26.143,21.603,24.811
5172,103.44,6.027,6.027,pose,24.988,26.143,21.603,24.811
5173,103.46,6.15,6.065,bbox,24.988,26.143,21.603,24.811
5174,103.48,6.182,6.065,bbox,24.988,26.143,21.603,24.811
5175,103.5,6.176,6.15,pose,24.988,26.143,21.603,24.811
5176,103.52,6.176,6.176,bbox,24.988,26.143,21.603,24.811
5177,103.54,6.117,6.176,bbox,24.988,26.143,21.603,24.811
5178,103.56,5.928,6.176,pose,24.988,26.143,21.603,24.811
5179,103.58,6.118,6.118,bbox,25.022,26.143,21.603,24.811
5180,103.6,6.069,6.117,bbox,25.022,26.143,21.603,24.811
5181,103.62,5.945,6.069,pose,25.022,26.143,21.634,24.811
5182,103.64,6.034,6.034,bbox,25.022,26.143,21.634,24.811
5183,103.66,6.007,6.034,bbox,25.022,26.143,21.634,24.811
5184,103.68,5.887,6.007,pose,25.022,26.143,21.634,24.811
5185,103.7,5.906,5.945,bbox,25.022,26.143,21.634,24.811
5186,103.72,5.883,5.906,bbox,25.022,26.143,21.634,24.811
5187,103.74,5.63,5.887,pose,25.022,26.143,21.634,24.811
5188,103.76,5.844,5.883,bbox,25.022,26.143,21.666,24.811
5189,103.78,5.89,5.883,bbox,25.022,26.143,21.666,24.811
5190,103.8,5.496,5.844,pose,25.022,26.191,21.666,24.811
5191,103.82,5.87,5.844,bbox,25.022,26.191,21.666,24.811
5192,103.84,5.854,5.854,bbox,25.022,26.191,21.666,24.811
5193,103.86,5.398,5.854,pose,25.022,26.191,21.666,24.811
5194,103.88,5.835,5.835,bbox,25.022,26.191,21.666,24.811
5195,103.9,5.795,5.835,bbox,25.022,26.191,21.666,24.811
5196,103.92,5.32,5.795,pose,25.022,26.191,21.666,24.811
5197,103.94,5.799,5.795,bbox,25.022,26.191,21.666,24.811
5198,103.96,5.787,5.795,bbox,25.022,26.191,21.666,24.811
5199,103.98,5.302,5.787,pose,25.022,26.191,21.666,24.811
5200,104.0,5.752,5.752,bbox,25.022,26.191,21.666,24.811
5201,104.02,5.68,5.752,bbox,25.022,26.191,21.666,24.811
5202,104.04,5.226,5.68,pose,25.022,26.191,21.666,24.811
5203,104.06,5.641,5.641,bbox,25.022,26.191,21.666,24.811
5204,104.08,5.619,5.641,bbox,25.022,26.191,21.666,24.811
5205,104.1,5.247,5.619,pose,25.022,26.191,21.666,24.811
5206,104.12,5.612,5.612,bbox,25.022,26.246,21.666,24.811
5207,104.14,5.598,5.612,bbox,25.022,26.246,21.702,24.811
5208,104.16,5.367,5.598,pose,25.022,26.246,21.736,24.811
5209,104.18,5.576,5.576,bbox,25.022,26.284,21.736,24.811
5210,104.2,5.544,5.576,bbox,25.022,26.284,21.769,24.811
5211,104.22,5.402,5.544,pose,25.022,26.284,21.769,24.811
5212,104.24,5.473,5.473,bbox,25.022,26.284,21.855,24.811
5213,104.26,5.465,5.473,bbox,25.022,26.284,21.896,24.811
5214,104.28,5.372,5.465,pose,25.022,26.284,21.896,24.811
5215,104.3,5.43,5.43,bbox,25.022,26.284,21.982,24.811
5216,104.32,5.424,5.43,bbox,25.022,26.284,21.982,24.811
5217,104.34,5.178,5.424,pose,25.022,26.284,21.982,24.811
5218,104.36,5.381,5.381,bbox,25.022,26.284,22.024,24.811
5219,104.38,5.349,5.381,bbox,25.022,26.284,22.024,24.811
5220,104.4,4.926,5.349,pose,25.022,26.284,22.024,24.811
5221,104.42,5.311,5.311,bbox,25.022,26.284,22.055,24.811
5222,104.44,5.283,5.311,bbox,25.022,26.284,22.055,24.811
5223,104.46,4.762,5.283,pose,25.022,26.284,22.055,24.811
5224,104.48,5.24,5.24,bbox,25.058,26.284,22.055,24.811
5225,104.5,5.224,5.24,bbox,25.058,26.284,22.055,24.811
5226,104.52,4.606,5.224,pose,25.058,26.284,22.055,24.811
5227,104.54,5.168,5.168,bbox,25.088,26.284,22.098,24.811
5228,104.56,5.141,5.168,bbox,25.088,26.284,22.098,24.811
5229,104.58,4.568,5.141,pose,25.088,26.284,22.098,24.811
5230,104.6,5.127,5.127,bbox,25.124,26.284,22.098,24.811
5231,104.62,5.111,5.127,bbox,25.124,26.284,22.098,24.811
5232,104.64,4.568,5.111,pose,25.124,26.284,22.098,24.811
5233,104.66,5.103,5.103,bbox,25.155,26.284,22.098,24.811
5234,104.68,5.1,5.103,bbox,25.155,26.284,22.098,24.811
5235,104.7,4.745,5.1,pose,25.155,26.284,22.098,24.811
5236,104.72,5.067,5.067,bbox,25.155,26.284,22.133,24.811
5237,104.74,5.065,5.067,bbox,25.155,26.284,22.133,24.811
5238,104.76,4.597,5.065,pose,25.155,26.284,22.133,24.811
5239,104.78,5.024,5.024,bbox,25.155,26.284,22.177,24.811
5240,104.8,5.019,5.024,bbox,25.155,26.284,22.177,24.811
5241,104.82,4.586,5.019,pose,25.155,26.284,22.177,24.811
5242,104.84,4.959,4.959,bbox,25.155,26.284,22.177,24.811
5243,104.86,4.329,4.959,bbox,25.155,26.284,22.177,24.811
5244,104.88,4.443,4.586,pose,25.155,26.284,22.177,24.811
5245,104.9,4.877,4.586,bbox,25.155,26.284,22.23,24.811
5246,104.92,4.644,4.644,bbox,25.155,26.284,22.23,24.811
5247,104.94,4.57,4.57,pose,25.155,26.284,22.23,24.811
5248,104.96,4.37,4.57,bbox,25.155,26.284,22.23,24.811
5249,104.98,,,,25.155,26.284,22.23,24.811
5250,105.0,4.587,4.587,pose,25.155,26.284,22.23,24.811
5251,105.02,4.912,4.587,bbox,25.155,26.284,22.23,24.811
5252,105.04,4.914,4.587,bbox,25.155,26.284,22.23,24.811
5253,105.06,4.599,4.599,pose,25.155,26.284,22.23,24.811
5254,105.08,4.928,4.912,bbox,25.155,26.284,22.23,24.811
5255,105.1,4.933,4.914,bbox,25.155,26.284,22.23,24.811
5256,105.12,4.609,4.914,pose,25.155,26.284,22.23,24.811
5257,105.14,4.975,4.928,bbox,25.155,26.284,22.23,24.811
5258,105.16,,,,25.155,26.284,22.23,24.811
5259,105.18,,,,25.155,26.284,22.23,24.811
5260,105.2,5.058,4.933,bbox,25.155,26.284,22.23,24.811
5261,105.22,5.083,4.975,bbox,25.155,26.284,22.23,24.877
5262,105.24,4.626,4.975,pose,25.155,26.284,22.23,24.877
5263,105.26,5.135,5.058,bbox,25.155,26.284,22.23,24.877
5264,105.28,5.15,5.083,bbox,25.155,26.284,22.23,24.917
5265,105.3,4.625,5.083,pose,25.155,26.284,22.23,24.917
5266,105.32,5.15,5.135,bbox,25.155,26.284,22.23,24.917
5267,105.34,5.139,5.139,bbox,25.155,26.284,22.23,24.917
5268,105.36,4.61,5.139,pose,25.155,26.284,22.23,24.917
5269,105.38,5.112,5.112,bbox,25.155,26.284,22.23,24.917
5270,105.4,5.08,5.112,bbox,25.155,26.284,22.23,24.917
5271,105.42,4.577,5.08,pose,25.155,26.284,22.23,24.917
5272,105.44,5.087,5.08,bbox,25.155,26.284,22.23,24.917
5273,105.46,5.045,5.08,bbox,25.155,26.284,22.23,24.917
5274,105.48,4.498,5.045,pose,25.155,26.284,22.23,24.917
5275,105.5,5.019,5.019,bbox,25.155,26.284,22.23,24.917
5276,105.52,5.019,5.019,bbox,25.155,26.284,22.23,24.917
5277,105.54,4.522,5.019,pose,25.155,26.284,22.23,24.917
5278,105.56,5.033,5.019,bbox,25.155,26.284,22.23,24.917
5279,105.58,5.042,5.019,bbox,25.155,26.284,22.23,24.917
5280,105.6,4.549,5.019,pose,25.155,26.284,22.23,24.917
5281,105.62,5.102,5.033,bbox,25.155,26.284,22.23,24.962
5282,105.64,5.107,5.042,bbox,25.155,26.284,22.23,24.962
5283,105.66,4.611,5.042,pose,25.155,26.284,22.23,24.962
5284,105.68,5.102,5.102,bbox,25.155,26.284,22.23,24.992
5285,105.7,5.113,5.102,bbox,25.155,26.284,22.23,24.992
5286,105.72,4.738,5.102,pose,25.155,26.284,22.23,24.992
5287,105.74,5.148,5.102,bbox,25.155,26.284,22.23,24.992
5288,105.76,5.107,5.107,bbox,25.155,26.284,22.23,24.992
5289,105.78,4.778,5.107,pose,25.155,26.284,22.23,24.992
5290,105.8,5.098,5.098,bbox,25.155,26.284,22.23,24.992
5291,105.82,5.088,5.098,bbox,25.198,26.284,22.23,24.992
5292,105.84,4.779,5.088,pose,25.198,26.284,22.23,24.992
5293,105.86,5.064,5.064,bbox,25.198,26.284,22.23,24.992
5294,105.88,5.058,5.064,bbox,25.198,26.284,22.23,24.992
5295,105.9,4.752,5.058,pose,25.198,26.284,22.23,24.992
5296,105.92,4.991,4.991,bbox,25.231,26.284,22.23,24.992
5297,105.94,4.954,4.991,bbox,25.231,26.284,22.23,24.992
5298,105.96,4.651,4.954,pose,25.231,26.284,22.23,24.992
5299,105.98,4.902,4.902,bbox,25.231,26.284,22.23,24.992
5300,106.0,4.849,4.902,bbox,25.231,26.284,22.23,24.992
5301,106.02,4.497,4.849,pose,25.231,26.284,22.23,24.992
5302,106.04,4.738,4.738,bbox,25.231,26.284,22.269,24.992
5303,106.06,4.743,4.743,bbox,25.231,26.284,22.269,24.992
5304,106.08,4.414,4.738,pose,25.231,26.284,22.269,24.992
5305,106.1,4.737,4.737,bbox,25.269,26.284,22.316,24.992
5306,106.12,4.724,4.737,bbox,25.269,26.284,22.316,24.992
5307,106.14,4.431,4.724,pose,25.269,26.284,22.316,24.992
5308,106.16,4.73,4.724,bbox,25.269,26.284,22.353,24.992
5309,106.18,4.734,4.73,bbox,25.269,26.284,22.353,24.992
5310,106.2,4.408,4.724,pose,25.269,26.284,22.353,24.992
5311,106.22,4.756,4.73,bbox,25.269,26.284,22.353,24.992
5312,106.24,4.761,4.734,bbox,25.269,26.284,22.353,24.992
5313,106.26,4.43,4.734,pose,25.269,26.284,22.353,24.992
5314,106.28,4.762,4.756,bbox,25.269,26.284,22.353,24.992
5315,106.3,4.774,4.761,bbox,25.269,26.284,22.353,24.992
5316,106.32,4.453,4.761,pose,25.269,26.284,22.353,24.992
5317,106.34,4.775,4.762,bbox,25.269,26.284,22.353,24.992
5318,106.36,4.783,4.774,bbox,25.269,26.284,22.353,24.992
5319,106.38,4.449,4.774,pose,25.269,26.284,22.353,24.992
5320,106.4,4.792,4.775,bbox,25.269,26.284,22.353,24.992
5321,106.42,4.797,4.783,bbox,25.269,26.284,22.353,24.992
5322,106.44,4.472,4.783,pose,25.269,26.284,22.353,24.992
5323,106.46,4.77,4.77,bbox,25.269,26.284,22.353,24.992
5324,106.48,4.749,4.77,bbox,25.269,26.284,22.353,24.992
5325,106.5,4.435,4.749,pose,25.269,26.284,22.353,24.992
5326,106.52,4.689,4.689,bbox,25.269,26.284,22.353,24.992
5327,106.54,4.66,4.689,bbox,25.269,26.284,22.353,24.992
5328,106.56,4.414,4.66,pose,25.269,26.284,22.353,24.992
5329,106.58,4.627,4.627,bbox,25.269,26.284,22.401,24.992
5330,106.6,4.605,4.627,bbox,25.269,26.284,22.401,24.992
5331,106.62,4.432,4.605,pose,25.269,26.284,22.401,24.992
5332,106.64,4.569,4.569,bbox,25.269,26.284,22.447,24.992
5333,106.66,4.536,4.569,bbox,25.269,26.284,22.447,24.992
5334,106.68,4.396,4.536,pose,25.269,26.284,22.447,24.992
5335,106.7,4.503,4.503,bbox,25.269,26.284,22.484,24.992
5336,106.72,4.488,4.503,bbox,25.269,26.284,22.484,24.992
5337,106.74,4.395,4.488,pose,25.269,26.284,22.484,24.992
5338,106.76,4.479,4.479,bbox,25.269,26.284,22.484,24.992
5339,106.78,4.456,4.479,bbox,25.269,26.284,22.484,24.992
5340,106.8,4.363,4.456,pose,25.269,26.284,22.484,24.992
5341,106.82,4.474,4.456,bbox,25.269,26.284,22.484,24.992
5342,106.84,4.476,4.474,bbox,25.269,26.284,22.484,24.992
5343,106.86,4.376,4.456,pose,25.269,26.284,22.484,24.992
5344,106.88,4.437,4.437,bbox,25.269,26.284,22.484,24.992
5345,106.9,4.449,4.449,bbox,25.269,26.284,22.484,24.992
5346,106.92,4.367,4.437,pose,25.269,26.284,22.484,24.992
5347,106.94,4.434,4.434,bbox,25.269,26.284,22.484,24.992
5348,106.96,4.446,4.437,bbox,25.269,26.284,22.484,24.992
5349,106.98,4.342,4.434,pose,25.269,26.284,22.484,24.992
5350,107.0,4.441,4.434,bbox,25.269,26.284,22.484,24.992
5351,107.02,4.448,4.441,bbox,25.269,26.284,22.484,24.992
5352,107.04,4.301,4.441,pose,25.269,26.284,22.484,24.992
5353,107.06,4.46,4.441,bbox,25.269,26.284,22.484,24.992
5354,107.08,4.471,4.448,bbox,25.269,26.284,22.484,24.992
5355,107.1,4.321,4.448,pose,25.269,26.284,22.484,24.992
5356,107.12,4.49,4.46,bbox,25.269,26.284,22.484,24.992
5357,107.14,4.488,4.471,bbox,25.269,26.284,22.484,24.992
5358,107.16,4.323,4.471,pose,25.269,26.284,22.484,24.992
5359,107.18,4.482,4.482,bbox,25.269,26.284,22.484,24.992
5360,107.2,4.471,4.482,bbox,25.269,26.284,22.484,24.992
5361,107.22,4.382,4.471,pose,25.269,26.284,22.484,24.992
5362,107.24,4.475,4.471,bbox,25.269,26.284,22.484,24.992
5363,107.26,4.478,4.475,bbox,25.269,26.284,22.484,24.992
5364,107.28,4.406,4.471,pose,25.269,26.284,22.484,24.992
5365,107.3,4.49,4.475,bbox,25.269,26.284,22.484,24.992
5366,107.32,4.489,4.478,bbox,25.269,26.284,22.484,24.992
5367,107.34,4.396,4.478,pose,25.269,26.284,22.484,24.992
5368,107.36,4.495,4.489,bbox,25.269,26.284,22.484,24.992
5369,107.38,4.496,4.49,bbox,25.269,26.284,22.484,24.992
5370,107.4,4.406,4.489,pose,25.269,26.284,22.484,24.992
5371,107.42,4.501,4.495,bbox,25.269,26.284,22.484,24.992
5372,107.44,4.492,4.495,bbox,25.269,26.284,22.484,24.992
5373,107.46,4.394,4.492,pose,25.269,26.284,22.484,24.992
5374,107.48,4.493,4.492,bbox,25.269,26.284,22.484,24.992
5375,107.5,4.502,4.493,bbox,25.269,26.284,22.484,24.992
5376,107.52,4.405,4.492,pose,25.269,26.284,22.484,24.992
5377,107.54,4.494,4.493,bbox,25.269,26.284,22.484,24.992
5378,107.56,4.483,4.493,bbox,25.269,26.284,22.484,24.992
5379,107.58,4.389,4.483,pose,25.269,26.284,22.484,24.992
5380,107.6,4.488,4.483,bbox,25.269,26.284,22.484,24.992
5381,107.62,4.49,4.488,bbox,25.269,26.284,22.484,24.992
5382,107.64,4.4,4.483,pose,25.269,26.284,22.484,24.992
5383,107.66,4.498,4.488,bbox,25.269,26.284,22.484,24.992
5384,107.68,4.503,4.49,bbox,25.269,26.284,22.484,24.992
5385,107.7,4.434,4.49,pose,25.269,26.284,22.484,24.992
5386,107.72,4.523,4.498,bbox,25.269,26.284,22.484,24.992
5387,107.74,4.522,4.503,bbox,25.269,26.284,22.484,24.992
5388,107.76,4.45,4.503,pose,25.269,26.284,22.484,24.992
5389,107.78,4.543,4.522,bbox,25.269,26.284,22.484,24.992
5390,107.8,4.573,4.523,bbox,25.269,26.284,22.484,24.992
5391,107.82,4.458,4.522,pose,25.269,26.284,22.484,24.992
5392,107.84,4.574,4.543,bbox,25.269,26.284,22.484,24.992
5393,107.86,4.605,4.573,bbox,25.269,26.284,22.484,24.992
5394,107.88,4.397,4.573,pose,25.269,26.284,22.484,24.992
5395,107.9,4.676,4.574,bbox,25.269,26.367,22.484,24.992
5396,107.92,4.659,4.605,bbox,25.269,26.367,22.484,24.992
5397,107.94,4.191,4.605,pose,25.269,26.367,22.484,24.992
5398,107.96,4.522,4.522,bbox,25.269,26.367,22.484,24.992
5399,107.98,4.514,4.522,bbox,25.269,26.367,22.484,24.992
5400,108.0,3.899,4.514,pose,25.269,26.367,22.484,24.992
5401,108.02,4.401,4.401,bbox,25.323,26.367,22.484,24.992
5402,108.04,4.324,4.401,bbox,25.323,26.367,22.484,24.992
5403,108.06,3.729,4.324,pose,25.323,26.367,22.484,24.992
5404,108.08,3.817,3.899,bbox,25.367,26.367,22.536,24.992
5405,108.1,4.36,4.324,bbox,25.367,26.367,22.536,24.992
5406,108.12,3.913,3.913,pose,25.367,26.367,22.536,24.992
5407,108.14,4.447,3.913,bbox,25.367,26.367,22.536,24.992
5408,108.16,4.456,4.36,bbox,25.367,26.367,22.536,24.992
5409,108.18,3.692,4.36,pose,25.367,26.367,22.536,24.992
5410,108.2,4.491,4.447,bbox,25.367,26.367,22.536,24.992
5411,108.22,4.483,4.456,bbox,25.367,26.367,22.536,24.992
5412,108.24,3.926,4.456,pose,25.367,26.367,22.536,24.992
5413,108.26,4.437,4.437,bbox,25.367,26.367,22.536,24.992
5414,108.28,4.391,4.437,bbox,25.367,26.367,22.536,24.992
5415,108.3,3.718,4.391,pose,25.367,26.367,22.536,24.992
5416,108.32,6.358,4.391,bbox,25.367,26.367,22.536,24.992
5417,108.34,4.182,4.391,bbox,25.367,26.367,22.536,24.992
5418,108.36,3.568,4.182,pose,25.367,26.367,22.536,24.992
5419,108.38,4.092,4.092,bbox,25.367,26.367,22.536,24.992
5420,108.4,4.028,4.092,bbox,25.367,26.367,22.536,24.992
5421,108.42,3.511,4.028,pose,25.367,26.367,22.536,24.992
5422,108.44,6.124,4.028,bbox,25.367,26.367,22.581,24.992
5423,108.46,6.119,4.092,bbox,25.367,26.367,22.614,24.992
5424,108.48,5.694,5.694,pose,25.367,26.367,22.614,24.992
5425,108.5,3.791,5.694,bbox,25.367,26.367,22.653,24.992
5426,108.52,3.82,5.694,bbox,25.367,26.367,22.653,24.992
5427,108.54,3.53,3.82,pose,25.367,26.367,22.653,24.992
5428,108.56,3.843,3.82,bbox,25.367,26.367,22.653,24.992
5429,108.58,3.831,3.82,bbox,25.367,26.367,22.653,24.992
5430,108.6,3.551,3.82,pose,25.367,26.367,22.653,24.992
5431,108.62,3.856,3.831,bbox,25.367,26.367,22.653,24.992
5432,108.64,3.846,3.843,bbox,25.367,26.367,22.653,24.992
5433,108.66,3.527,3.831,pose,25.367,26.367,22.653,24.992
5434,108.68,3.854,3.846,bbox,25.367,26.367,22.653,24.992
5435,108.7,3.829,3.846,bbox,25.367,26.367,22.653,24.992
5436,108.72,3.392,3.829,pose,25.367,26.367,22.653,24.992
5437,108.74,3.804,3.804,bbox,25.367,26.367,22.653,24.992
5438,108.76,3.745,3.804,bbox,25.367,26.367,22.653,24.992
5439,108.78,3.088,3.745,pose,25.367,26.367,22.653,24.992
5440,108.8,3.632,3.632,bbox,25.367,26.367,22.706,24.992
5441,108.82,3.549,3.632,bbox,25.367,26.367,22.76,24.992
5442,108.84,2.868,3.549,pose,25.367,26.367,22.76,24.992
5443,108.86,3.469,3.469,bbox,25.404,26.367,22.816,24.992
5444,108.88,3.44,3.469,bbox,25.44,26.367,22.853,24.992
5445,108.9,2.54,3.44,pose,25.44,26.367,22.853,24.992
5446,108.92,3.429,3.429,bbox,25.5,26.367,22.853,24.992
5447,108.94,3.449,3.44,bbox,25.5,26.367,22.853,24.992
5448,108.96,2.669,3.429,pose,25.5,26.367,22.853,24.992
5449,108.98,3.496,3.429,bbox,25.5,26.367,22.853,24.992
5450,109.0,3.503,3.449,bbox,25.5,26.367,22.853,24.992
5451,109.02,6.584,3.496,bbox,25.5,26.367,22.853,24.992
5452,109.04,3.467,3.496,bbox,25.5,26.367,22.853,24.992
5453,109.06,3.448,3.496,bbox,25.5,26.367,22.853,24.992
5454,109.08,2.461,3.467,pose,25.5,26.367,22.853,24.992
5455,109.1,3.345,3.448,bbox,25.5,26.367,22.853,24.992
5456,109.12,3.314,3.345,bbox,25.5,26.367,22.853,24.992
5457,109.14,2.421,3.314,pose,25.5,26.367,22.853,24.992
5458,109.16,3.213,3.213,bbox,25.5,26.367,22.853,24.992
5459,109.18,3.161,3.213,bbox,25.5,26.367,22.853,24.992
5460,109.2,2.402,3.161,pose,25.5,26.367,22.853,24.992
5461,109.22,3.102,3.102,bbox,25.532,26.367,22.853,24.992
5462,109.24,3.074,3.102,bbox,25.532,26.367,22.853,24.992
5463,109.26,2.398,3.074,pose,25.532,26.367,22.853,24.992
5464,109.28,3.046,3.046,bbox,25.532,26.367,22.887,24.992
5465,109.3,3.039,3.046,bbox,25.532,26.367,22.887,24.992
5466,109.32,2.393,3.039,pose,25.532,26.367,22.887,24.992
5467,109.34,3.092,3.039,bbox,25.532,26.367,22.924,24.992
5468,109.36,3.096,3.046,bbox,25.532,26.367,22.924,24.992
5469,109.38,2.463,3.039,pose,25.532,26.367,22.924,24.992
5470,109.4,3.103,3.092,bbox,25.532,26.367,22.924,24.992
5471,109.42,3.131,3.096,bbox,25.532,26.367,22.924,24.992
5472,109.44,2.479,3.096,pose,25.532,26.367,22.924,24.992
5473,109.46,3.155,3.103,bbox,25.532,26.367,22.924,25.025
5474,109.48,3.151,3.131,bbox,25.532,26.367,22.924,25.025
5475,109.5,2.419,3.131,pose,25.532,26.367,22.924,25.025
5476,109.52,3.137,3.137,bbox,25.532,26.367,22.924,25.056
5477,109.54,3.129,3.137,bbox,25.532,26.367,22.924,25.056
5478,109.56,2.4,3.129,pose,25.532,26.367,22.924,25.056
5479,109.58,3.154,3.129,bbox,25.532,26.367,22.924,25.096
5480,109.6,3.199,3.137,bbox,25.532,26.367,22.924,25.096
5481,109.62,2.534,3.129,pose,25.532,26.367,22.924,25.133
5482,109.64,3.293,3.154,bbox,25.532,26.367,22.924,25.196
5483,109.66,3.365,3.199,bbox,25.532,26.367,22.924,25.196
5484,109.68,2.797,3.199,pose,25.532,26.367,22.924,25.245
5485,109.7,3.485,3.293,bbox,25.532,26.367,22.924,25.245
5486,109.72,3.569,3.365,bbox,25.532,26.367,22.924,25.298
5487,109.74,2.966,3.365,pose,25.532,26.367,22.924,25.298
5488,109.76,3.627,3.485,bbox,25.532,26.367,22.924,25.298
5489,109.78,3.677,3.569,bbox,25.532,26.367,22.924,25.298
5490,109.8,3.146,3.569,pose,25.532,26.367,22.924,25.298
5491,109.82,3.718,3.627,bbox,25.532,26.367,22.924,25.298
5492,109.84,3.701,3.677,bbox,25.532,26.367,22.924,25.298
5493,109.86,3.107,3.677,pose,25.532,26.367,22.924,25.298
5494,109.88,3.666,3.666,bbox,25.532,26.367,22.924,25.298
5495,109.9,3.632,3.666,bbox,25.532,26.367,22.924,25.298
5496,109.92,3.012,3.632,pose,25.532,26.367,22.924,25.298
5497,109.94,3.575,3.575,bbox,25.532,26.367,22.924,25.298
5498,109.96,3.561,3.575,bbox,25.532,26.367,22.924,25.298
5499,109.98,2.968,3.561,pose,25.532,26.367,22.924,25.298
5500,110.0,3.596,3.561,bbox,25.532,26.367,22.924,25.383
5501,110.02,3.575,3.575,bbox,25.532,26.367,22.924,25.383
5502,110.04,2.94,3.561,pose,25.532,26.367,22.924,25.383
5503,110.06,3.555,3.555,bbox,25.569,26.367,22.924,25.383
5504,110.08,3.575,3.575,bbox,25.601,26.367,22.924,25.383
5505,110.1,3.104,3.555,pose,25.601,26.367,22.924,25.383
5506,110.12,3.582,3.555,bbox,25.64,26.367,22.924,25.414
5507,110.14,3.615,3.575,bbox,25.64,26.367,22.924,25.414
5508,110.16,3.203,3.575,pose,25.64,26.367,22.924,25.414
5509,110.18,3.629,3.582,bbox,25.67,26.367,22.924,25.414
5510,110.2,3.58,3.582,bbox,25.67,26.367,22.924,25.414
5511,110.22,3.176,3.58,pose,25.708,26.367,22.924,25.414
5512,110.24,3.513,3.513,bbox,25.708,26.367,22.924,25.414
5513,110.26,3.493,3.513,bbox,25.742,26.367,22.924,25.414
5514,110.28,3.068,3.493,pose,25.742,26.367,22.924,25.414
5515,110.3,3.347,3.347,bbox,25.794,26.367,22.924,25.414
5516,110.32,3.286,3.347,bbox,25.794,26.367,22.924,25.414
5517,110.34,3.192,3.286,pose,25.794,26.367,22.924,25.414
5518,110.36,3.177,3.192,bbox,25.853,26.367,22.924,25.414
5519,110.38,3.113,3.192,bbox,25.853,26.367,22.924,25.414
5520,110.4,2.495,3.177,pose,25.853,26.367,22.924,25.414
5521,110.42,2.986,3.113,bbox,25.921,26.367,22.96,25.414
5522,110.44,2.958,2.986,bbox,25.957,26.367,22.96,25.414
5523,110.46,2.329,2.958,pose,25.957,26.367,22.96,25.414
5524,110.48,2.951,2.951,bbox,26.001,26.367,23.031,25.414
5525,110.5,2.951,2.951,bbox,26.001,26.367,23.069,25.414
5526,110.52,2.186,2.951,pose,26.001,26.367,23.069,25.414
5527,110.54,2.941,2.941,bbox,26.001,26.367,23.117,25.414
5528,110.56,2.924,2.941,bbox,26.001,26.367,23.117,25.414
5529,110.58,2.027,2.924,pose,26.001,26.367,23.117,25.414
5530,110.6,2.983,2.924,bbox,26.001,26.367,23.158,25.414
5531,110.62,2.958,2.941,bbox,26.001,26.367,23.158,25.414
5532,110.64,1.971,2.924,pose,26.001,26.367,23.158,25.414
5533,110.66,2.955,2.955,bbox,26.001,26.367,23.158,25.414
5534,110.68,6.192,2.958,bbox,26.001,26.367,23.158,25.414
5535,110.7,2.953,2.955,bbox,26.001,26.367,23.158,25.414
5536,110.72,2.992,2.955,bbox,26.001,26.367,23.158,25.47
5537,110.74,3.016,2.992,bbox,26.001,26.367,23.158,25.47
5538,110.76,2.019,2.992,pose,26.001,26.367,23.158,25.47
5539,110.78,3.05,2.992,bbox,26.001,26.367,23.158,25.535
5540,110.8,3.072,3.016,bbox,26.001,26.367,23.158,25.535
5541,110.82,2.197,3.016,pose,26.001,26.367,23.158,25.598
5542,110.84,3.183,3.05,bbox,26.001,26.367,23.158,25.683
5543,110.86,3.226,3.072,bbox,26.001,26.367,23.158,25.714
5544,110.88,2.983,3.072,pose,26.001,26.367,23.158,25.714
5545,110.9,3.294,3.183,bbox,26.001,26.367,23.158,25.714
5546,110.92,3.335,3.226,bbox,26.001,26.367,23.158,25.756
5547,110.94,2.389,3.226,pose,26.001,26.367,23.158,25.756
5548,110.96,3.441,3.294,bbox,26.001,26.367,23.158,25.756
5549,110.98,3.489,3.335,bbox,26.001,26.367,23.158,25.789
5550,111.0,2.442,3.335,pose,26.001,26.367,23.158,25.789
5551,111.02,3.526,3.441,bbox,26.001,26.399,23.158,25.789
5552,111.04,3.487,3.487,bbox,26.001,26.399,23.158,25.789
5553,111.06,2.437,3.487,pose,26.001,26.399,23.158,25.789
5554,111.08,3.445,3.445,bbox,26.001,26.399,23.158,25.789
5555,111.1,3.436,3.445,bbox,26.001,26.399,23.158,25.789
5556,111.12,2.488,3.436,pose,26.001,26.399,23.158,25.789
5557,111.14,3.374,3.374,bbox,26.001,26.399,23.158,25.789
5558,111.16,3.309,3.374,bbox,26.001,26.399,23.158,25.789
5559,111.18,2.595,3.309,pose,26.001,26.399,23.158,25.789
5560,111.2,3.288,3.288,bbox,26.001,26.399,23.158,25.789
5561,111.22,3.259,3.288,bbox,26.001,26.399,23.158,25.789
5562,111.24,2.779,3.259,pose,26.001,26.399,23.158,25.789
5563,111.26,3.132,3.132,bbox,26.001,26.399,23.158,25.789
5564,111.28,3.124,3.132,bbox,26.001,26.399,23.158,25.789
5565,111.3,2.981,3.124,pose,26.001,26.399,23.158,25.789
5566,111.32,3.053,3.053,bbox,26.001,26.399,23.205,25.789
5567,111.34,3.023,3.053,bbox,26.001,26.399,23.205,25.789
5568,111.36,3.115,3.053,pose,26.001,26.399,23.205,25.789
5569,111.38,2.998,3.023,bbox,26.063,26.399,23.205,25.789
5570,111.4,3.005,3.023,bbox,26.101,26.399,23.205,25.789
5571,111.42,2.814,3.005,pose,26.101,26.399,23.205,25.789
5572,111.44,3.049,3.005,bbox,26.152,26.399,23.205,25.789
5573,111.46,3.054,3.005,bbox,26.152,26.399,23.205,25.789
5574,111.48,2.901,3.005,pose,26.152,26.399,23.205,25.789
5575,111.5,3.125,3.049,bbox,26.152,26.399,23.205,25.789
5576,111.52,3.11,3.054,bbox,26.152,26.399,23.205,25.789
5577,111.54,2.567,3.054,pose,26.152,26.399,23.205,25.789
5578,111.56,3.081,3.081,bbox,26.152,26.399,23.205,25.789
5579,111.58,3.09,3.09,bbox,26.152,26.399,23.205,25.789
5580,111.6,2.285,3.081,pose,26.152,26.399,23.205,25.789
5581,111.62,2.966,2.966,bbox,26.152,26.399,23.243,25.789
5582,111.64,2.932,2.966,bbox,26.152,26.399,23.3,25.789
5583,111.66,2.239,2.932,pose,26.152,26.44,23.3,25.789
5584,111.68,2.761,2.761,bbox,26.152,26.44,23.417,25.789
5585,111.7,2.785,2.785,bbox,26.152,26.44,23.483,25.789
5586,111.72,2.185,2.761,pose,26.152,26.44,23.483,25.789
5587,111.74,2.909,2.761,bbox,26.152,26.494,23.613,25.789
5588,111.76,2.786,2.785,bbox,26.152,26.494,23.651,25.789
5589,111.78,2.303,2.785,pose,26.152,26.494,23.651,25.789
5590,111.8,2.912,2.786,bbox,26.152,26.555,23.703,25.789
5591,111.82,2.941,2.909,bbox,26.152,26.555,23.703,25.789
5592,111.84,2.105,2.786,pose,26.152,26.555,23.703,25.789
5593,111.86,2.998,2.912,bbox,26.152,26.555,23.703,25.835
5594,111.88,3.027,2.941,bbox,26.152,26.555,23.703,25.835
5595,111.9,1.886,2.941,pose,26.152,26.555,23.703,25.875
5596,111.92,3.027,2.998,bbox,26.152,26.555,23.703,25.931
5597,111.94,2.991,2.998,bbox,26.152,26.555,23.703,25.931
5598,111.96,1.858,2.991,pose,26.218,26.555,23.703,25.967
5599,111.98,3.019,2.991,bbox,26.283,26.555,23.703,26.049
5600,112.0,3.025,3.019,bbox,26.323,26.555,23.703,26.049
5601,112.02,2.049,2.991,pose,26.323,26.555,23.703,26.049
5602,112.04,3.08,3.019,bbox,26.396,26.555,23.703,26.049
5603,112.06,3.061,3.025,bbox,26.451,26.555,23.703,26.049
5604,112.08,2.069,3.025,pose,26.451,26.555,23.703,26.049
5605,112.1,3.083,3.061,bbox,26.51,26.555,23.703,26.049
5606,112.12,3.088,3.08,bbox,26.51,26.555,23.703,26.049
5607,112.14,2.035,3.061,pose,26.51,26.555,23.703,26.049
5608,112.16,3.151,3.083,bbox,26.51,26.658,23.703,26.049
5609,112.18,3.127,3.088,bbox,26.51,26.658,23.703,26.049
5610,112.2,2.038,3.088,pose,26.51,26.658,23.703,26.049
5611,112.22,3.11,3.11,bbox,26.51,26.693,23.703,26.049
5612,112.24,3.068,3.11,bbox,26.51,26.693,23.703,26.049
5613,112.26,2.048,3.068,pose,26.51,26.725,23.703,26.049
5614,112.28,3.108,3.068,bbox,26.51,26.725,23.703,26.049
5615,112.3,3.134,3.108,bbox,26.51,26.802,23.703,26.049
5616,112.32,2.158,3.068,pose,26.51,26.802,23.703,26.049
5617,112.34,3.173,3.108,bbox,26.51,26.853,23.757,26.049
5618,112.36,3.184,3.134,bbox,26.51,26.911,23.81,26.049
5619,112.38,2.087,3.134,pose,26.51,26.911,23.81,26.049
5620,112.4,3.204,3.173,bbox,26.51,26.942,23.887,26.049
5621,112.42,3.16,3.173,bbox,26.51,26.995,23.921,26.049
5622,112.44,2.086,3.16,pose,26.51,26.995,23.921,26.049
5623,112.46,3.129,3.129,bbox,26.51,26.995,24.008,26.049
5624,112.48,3.118,3.129,bbox,26.51,26.995,24.039,26.049
5625,112.5,2.926,3.118,pose,26.51,26.995,24.039,26.049
5626,112.52,3.091,3.091,bbox,26.51,26.995,24.039,26.049
5627,112.54,3.084,3.091,bbox,26.51,26.995,24.039,26.049
5628,112.56,2.069,3.084,pose,26.51,26.995,24.039,26.049
5629,112.58,3.188,3.084,bbox,26.51,27.036,24.039,26.098
5630,112.6,3.223,3.091,bbox,26.51,27.036,24.039,26.098
5631,112.62,2.282,3.084,pose,26.51,27.036,24.039,26.098
5632,112.64,3.168,3.168,bbox,26.51,27.036,24.039,26.098
5633,112.66,3.177,3.177,bbox,26.51,27.036,24.039,26.098
5634,112.68,2.474,3.168,pose,26.51,27.036,24.039,26.098
5635,112.7,3.159,3.159,bbox,26.51,27.036,24.039,26.098
5636,112.72,3.177,3.168,bbox,26.51,27.036,24.039,26.098
5637,112.74,2.756,3.159,pose,26.51,27.036,24.039,26.098
5638,112.76,3.281,3.159,bbox,26.51,27.036,24.039,26.143
5639,112.78,3.393,3.177,bbox,26.51,27.036,24.039,26.143
5640,112.8,2.905,3.177,pose,26.51,27.112,24.039,26.143
5641,112.82,3.525,3.281,bbox,26.51,27.168,24.039,26.187
5642,112.84,3.541,3.393,bbox,26.51,27.168,24.039,26.187
5643,112.86,2.903,3.393,pose,26.51,27.168,24.039,26.187
5644,112.88,3.409,3.409,bbox,26.51,27.168,24.039,26.187
5645,112.9,3.391,3.409,bbox,26.51,27.168,24.039,26.187
5646,112.92,2.722,3.391,pose,26.551,27.168,24.039,26.187
5647,112.94,3.298,3.298,bbox,26.652,27.168,24.039,26.187
5648,112.96,3.259,3.298,bbox,26.652,27.168,24.039,26.187
5649,112.98,2.414,3.259,pose,26.652,27.168,24.039,26.187
5650,113.0,3.272,3.259,bbox,26.652,27.168,24.039,26.187
5651,113.02,3.252,3.259,bbox,26.652,27.168,24.039,26.187
5652,113.04,2.287,3.252,pose,26.652,27.168,24.039,26.187
5653,113.06,3.139,3.139,bbox,26.652,27.168,24.039,26.187
5654,113.08,3.079,3.139,bbox,26.652,27.168,24.039,26.187
5655,113.1,2.159,3.079,pose,26.724,27.168,24.039,26.187
5656,113.12,2.947,2.947,bbox,26.767,27.168,24.039,26.187
5657,113.14,2.967,2.967,bbox,26.767,27.168,24.039,26.187
5658,113.16,2.149,2.947,pose,26.767,27.168,24.039,26.187
5659,113.18,2.982,2.947,bbox,26.767,27.168,24.076,26.187
5660,113.2,3.021,2.967,bbox,26.767,27.198,24.076,26.187
5661,113.22,2.196,2.967,pose,26.767,27.198,24.076,26.187
5662,113.24,2.939,2.939,bbox,26.767,27.198,24.114,26.187
5663,113.26,2.97,2.97,bbox,26.767,27.198,24.114,26.187
5664,113.28,2.224,2.939,pose,26.767,27.198,24.114,26.187
5665,113.3,2.936,2.936,bbox,26.767,27.198,24.114,26.187
5666,113.32,2.875,2.936,bbox,26.767,27.198,24.114,26.187
5667,113.34,2.19,2.875,pose,26.767,27.198,24.114,26.187
5668,113.36,2.982,2.875,bbox,26.767,27.268,24.114,26.187
5669,113.38,3.019,2.936,bbox,26.767,27.268,24.114,26.187
5670,113.4,2.288,2.875,pose,26.767,27.305,24.114,26.187
5671,113.42,3.108,2.982,bbox,26.767,27.352,24.114,26.222
5672,113.44,3.167,3.019,bbox,26.767,27.352,24.114,26.222
5673,113.46,2.326,3.019,pose,26.767,27.383,24.114,26.222
5674,113.48,3.217,3.108,bbox,26.767,27.383,24.114,26.28
5675,113.5,3.482,3.167,bbox,26.767,27.383,24.114,26.28
5676,113.52,2.565,3.167,pose,26.767,27.383,24.114,26.331
5677,113.54,3.496,3.217,bbox,26.767,27.383,24.114,26.397
5678,113.56,3.686,3.482,bbox,26.767,27.383,24.114,26.453
5679,113.58,2.798,3.482,pose,26.767,27.383,24.114,26.502
5680,113.6,3.523,3.496,bbox,26.767,27.383,24.114,26.502
5681,113.62,3.578,3.523,bbox,26.767,27.383,24.114,26.562
5682,113.64,2.798,3.523,pose,26.767,27.383,24.114,26.562
5683,113.66,3.68,3.523,bbox,26.767,27.383,24.114,26.562
5684,113.68,3.671,3.578,bbox,26.767,27.383,24.114,26.562
5685,113.7,2.682,3.578,pose,26.806,27.383,24.114,26.562
5686,113.72,3.534,3.534,bbox,26.806,27.383,24.114,26.562
5687,113.74,3.503,3.534,bbox,26.806,27.383,24.114,26.562
5688,113.76,2.702,3.503,pose,26.846,27.383,24.114,26.562
5689,113.78,3.485,3.485,bbox,26.846,27.383,24.114,26.562
5690,113.8,3.445,3.485,bbox,26.885,27.383,24.114,26.562
5691,113.82,2.751,3.445,pose,26.885,27.383,24.114,26.562
5692,113.84,3.407,3.407,bbox,26.97,27.383,24.114,26.562
5693,113.86,3.398,3.407,bbox,27.008,27.383,24.114,26.562
5694,113.88,2.759,3.398,pose,27.008,27.383,24.114,26.562
5695,113.9,3.378,3.378,bbox,27.041,27.383,24.114,26.616
5696,113.92,3.43,3.398,bbox,27.041,27.383,24.114,26.616
5697,113.94,2.807,3.378,pose,27.041,27.383,24.114,26.657
5698,113.96,3.478,3.378,bbox,27.041,27.383,24.114,26.743
5699,113.98,3.46,3.43,bbox,27.041,27.383,24.114,26.743
5700,114.0,2.836,3.43,pose,27.041,27.383,24.114,26.776
5701,114.02,3.432,3.432,bbox,27.083,27.383,24.114,26.809
5702,114.04,3.47,3.46,bbox,27.083,27.383,24.114,26.809
5703,114.06,3.014,3.432,pose,27.083,27.383,24.114,26.809
5704,114.08,3.474,3.432,bbox,27.125,27.383,24.114,26.848
5705,114.1,3.508,3.47,bbox,27.125,27.383,24.114,26.848
5706,114.12,3.199,3.47,pose,27.161,27.383,24.114,26.883
5707,114.14,3.549,3.474,bbox,27.161,27.383,24.114,26.919
5708,114.16,3.506,3.506,bbox,27.161,27.383,24.114,26.919
5709,114.18,3.219,3.506,pose,27.202,27.383,24.114,26.919
5710,114.2,3.477,3.477,bbox,27.233,27.383,24.114,26.919
5711,114.22,3.444,3.477,bbox,27.233,27.383,24.114,26.919
5712,114.24,3.108,3.444,pose,27.288,27.383,24.114,26.919
5713,114.26,3.361,3.361,bbox,27.288,27.383,24.114,26.919
5714,114.28,3.294,3.361,bbox,27.328,27.383,24.114,26.919
5715,114.3,2.891,3.294,pose,27.328,27.383,24.114,26.919
5716,114.32,3.193,3.193,bbox,27.391,27.383,24.114,26.919
5717,114.34,3.145,3.193,bbox,27.438,27.383,24.114,26.919
5718,114.36,2.501,3.145,pose,27.438,27.383,24.114,26.919
5719,114.38,3.067,3.067,bbox,27.478,27.383,24.114,26.919
5720,114.4,3.028,3.067,bbox,27.508,27.383,24.114,26.919
5721,114.42,2.164,3.028,pose,27.508,27.383,24.165,26.919
5722,114.44,2.96,2.96,bbox,27.508,27.383,24.165,26.919
5723,114.46,2.912,2.96,bbox,27.508,27.383,24.165,26.919
5724,114.48,2.205,2.912,pose,27.508,27.383,24.207,26.919
5725,114.5,2.867,2.867,bbox,27.508,27.383,24.258,26.919
5726,114.52,2.875,2.875,bbox,27.508,27.383,24.258,26.919
5727,114.54,1.978,2.867,pose,27.508,27.383,24.258,26.919
5728,114.56,2.831,2.831,bbox,27.508,27.383,24.302,26.919
5729,114.58,2.814,2.831,bbox,27.508,27.383,24.302,26.919
5730,114.6,1.968,2.814,pose,27.508,27.383,24.302,26.919
5731,114.62,2.788,2.788,bbox,27.508,27.443,24.351,26.919
5732,114.64,2.776,2.788,bbox,27.508,27.443,24.406,26.919
5733,114.66,1.994,2.776,pose,27.508,27.443,24.406,26.919
5734,114.68,2.847,2.776,bbox,27.508,27.478,24.537,26.919
5735,114.7,2.86,2.788,bbox,27.508,27.545,24.583,26.919
5736,114.72,2.045,2.776,pose,27.508,27.545,24.583,26.919
5737,114.74,2.882,2.847,bbox,27.508,27.617,24.678,26.919
5738,114.76,2.863,2.86,bbox,27.508,27.702,24.75,26.919
5739,114.78,2.005,2.86,pose,27.508,27.702,24.75,26.919
5740,114.8,2.806,2.806,bbox,27.508,27.748,24.831,26.919
5741,114.82,2.778,2.806,bbox,27.508,27.812,24.883,26.919
5742,114.84,1.981,2.778,pose,27.508,27.812,24.883,26.919
5743,114.86,2.743,2.743,bbox,27.508,27.812,24.945,26.919
5744,114.88,2.762,2.762,bbox,27.508,27.812,24.983,26.919
5745,114.9,2.014,2.743,pose,27.508,27.812,25.027,26.919
5746,114.92,2.788,2.743,bbox,27.508,27.893,25.027,26.919
5747,114.94,2.819,2.762,bbox,27.508,27.893,25.027,26.919
5748,114.96,2.142,2.762,pose,27.508,27.933,25.11,26.919
5749,114.98,2.91,2.788,bbox,27.508,28.047,25.11,26.919
5750,115.0,2.959,2.819,bbox,27.508,28.047,25.14,26.919
5751,115.02,2.231,2.819,pose,27.508,28.101,25.181,26.919
5752,115.04,3.05,2.91,bbox,27.508,28.22,25.181,26.919
5753,115.06,3.06,2.959,bbox,27.508,28.22,25.181,26.919
5754,115.08,2.223,2.959,pose,27.508,28.28,25.22,26.919
5755,115.1,3.159,3.05,bbox,27.508,28.372,25.253,26.919
5756,115.12,3.171,3.06,bbox,27.508,28.435,25.253,26.919
5757,115.14,2.182,3.06,pose,27.508,28.494,25.253,26.919
5758,115.16,3.183,3.159,bbox,27.508,28.494,25.253,26.919
5759,115.18,3.179,3.171,bbox,27.508,28.536,25.253,26.919
5760,115.2,2.241,3.171,pose,27.508,28.573,25.253,26.919
5761,115.22,3.252,3.179,bbox,27.508,28.638,25.253,26.919
5762,115.24,3.32,3.183,bbox,27.508,28.638,25.253,26.919
5763,115.26,2.492,3.179,pose,27.508,28.685,25.253,26.919
5764,115.28,3.477,3.252,bbox,27.508,28.717,25.253,26.968
5765,115.3,3.553,3.32,bbox,27.508,28.749,25.253,26.968
5766,115.32,2.952,3.32,pose,27.508,28.749,25.253,27.021
5767,115.34,3.67,3.477,bbox,27.508,28.749,25.253,27.071
5768,115.36,3.73,3.553,bbox,27.508,28.749,25.253,27.127
5769,115.38,3.379,3.553,pose,27.508,28.749,25.253,27.127
5770,115.4,3.774,3.67,bbox,27.508,28.749,25.253,27.127
5771,115.42,3.768,3.73,bbox,27.508,28.749,25.253,27.16
5772,115.44,3.494,3.73,pose,27.508,28.749,25.253,27.16
5773,115.46,3.737,3.737,bbox,27.508,28.749,25.253,27.16
5774,115.48,3.693,3.737,bbox,27.508,28.749,25.253,27.16
5775,115.5,3.342,3.693,pose,27.508,28.749,25.253,27.16
5776,115.52,3.648,3.648,bbox,27.508,28.749,25.253,27.16
5777,115.54,3.591,3.648,bbox,27.508,28.749,25.253,27.16
5778,115.56,3.083,3.591,pose,27.508,28.749,25.253,27.16
5779,115.58,3.515,3.515,bbox,27.508,28.749,25.253,27.16
5780,115.6,3.468,3.515,bbox,27.508,28.749,25.253,27.16
5781,115.62,2.786,3.468,pose,27.58,28.749,25.253,27.16
5782,115.64,3.397,3.397,bbox,27.58,28.749,25.253,27.16
5783,115.66,3.398,3.398,bbox,27.616,28.749,25.253,27.16
5784,115.68,2.552,3.397,pose,27.616,28.749,25.253,27.16
5785,115.7,3.32,3.32,bbox,27.673,28.749,25.253,27.16
5786,115.72,3.29,3.32,bbox,27.673,28.749,25.253,27.16
5787,115.74,2.39,3.29,pose,27.673,28.749,25.253,27.16
5788,115.76,3.262,3.262,bbox,27.707,28.749,25.307,27.16
5789,115.78,3.244,3.262,bbox,27.707,28.749,25.307,27.16
5790,115.8,2.345,3.244,pose,27.707,28.749,25.307,27.16
5791,115.82,3.232,3.232,bbox,27.707,28.749,25.346,27.16
5792,115.84,3.239,3.239,bbox,27.707,28.749,25.346,27.16
5793,115.86,2.344,3.232,pose,27.707,28.749,25.346,27.16
5794,115.88,3.227,3.227,bbox,27.707,28.749,25.346,27.16
5795,115.9,3.213,3.227,bbox,27.707,28.749,25.346,27.16
5796,115.92,2.337,3.213,pose,27.707,28.749,25.346,27.16
5797,115.94,3.134,3.134,bbox,27.707,28.749,25.346,27.16
5798,115.96,3.12,3.134,bbox,27.707,28.749,25.346,27.16
5799,115.98,2.329,3.12,pose,27.707,28.749,25.346,27.16
5800,116.0,3.081,3.081,bbox,27.755,28.749,25.346,27.16
5801,116.02,3.075,3.081,bbox,27.755,28.749,25.346,27.16
5802,116.04,2.336,3.075,pose,27.755,28.749,25.346,27.16
5803,116.06,3.095,3.075,bbox,27.755,28.749,25.346,27.16
5804,116.08,3.11,3.081,bbox,27.755,28.749,25.346,27.16
5805,116.1,2.736,3.075,pose,27.755,28.749,25.346,27.16
5806,116.12,3.2,3.095,bbox,27.755,28.749,25.346,27.2
5807,116.14,3.245,3.11,bbox,27.755,28.749,25.346,27.2
5808,116.16,2.475,3.11,pose,27.755,28.749,25.346,27.2
5809,116.18,3.341,3.2,bbox,27.755,28.749,25.346,27.262
5810,116.2,3.353,3.245,bbox,27.755,28.749,25.346,27.262
5811,116.22,2.373,3.245,pose,27.755,28.749,25.346,27.262
5812,116.24,3.356,3.341,bbox,27.755,28.749,25.346,27.262
5813,116.26,3.356,3.353,bbox,27.755,28.749,25.346,27.262
5814,116.28,2.303,3.353,pose,27.798,28.749,25.346,27.262
5815,116.3,3.347,3.347,bbox,27.798,28.749,25.346,27.262
5816,116.32,3.316,3.347,bbox,27.798,28.749,25.346,27.262
5817,116.34,2.235,3.316,pose,27.832,28.749,25.346,27.262
5818,116.36,3.041,3.041,bbox,27.832,28.749,25.346,27.262
5819,116.38,6.833,3.316,bbox,27.832,28.749,25.346,27.262
5820,116.4,6.056,3.316,pose,27.832,28.749,25.346,27.262
5821,116.42,3.1,3.1,bbox,27.832,28.749,25.346,27.262
5822,116.44,2.927,3.1,bbox,27.914,28.749,25.346,27.262
5823,116.46,5.977,5.977,pose,27.914,28.749,25.346,27.295
5824,116.48,6.66,5.977,bbox,27.961,28.749,25.346,27.344
5825,116.5,6.721,5.977,bbox,27.961,28.749,25.346,27.344
5826,116.52,2.726,5.977,pose,27.961,28.749,25.346,27.378
5827,116.54,3.273,5.977,bbox,27.961,28.749,25.346,27.468
5828,116.56,3.352,3.352,bbox,27.961,28.749,25.346,27.468
5829,116.58,2.834,3.273,pose,28.006,28.749,25.346,27.532
5830,116.6,3.411,3.273,bbox,28.117,28.749,25.346,27.532
5831,116.62,3.428,3.352,bbox,28.117,28.749,25.346,27.574
5832,116.64,3.047,3.352,pose,28.117,28.749,25.346,27.574
5833,116.66,3.401,3.401,bbox,28.117,28.749,25.346,27.574
5834,116.68,3.353,3.401,bbox,28.117,28.749,25.346,27.574
5835,116.7,3.072,3.353,pose,28.117,28.749,25.346,27.574
5836,116.72,3.271,3.271,bbox,28.117,28.749,25.346,27.574
5837,116.74,3.22,3.271,bbox,28.117,28.749,25.346,27.574
5838,116.76,2.902,3.22,pose,28.117,28.749,25.346,27.574
5839,116.78,3.145,3.145,bbox,28.148,28.749,25.346,27.574
5840,116.8,3.116,3.145,bbox,28.148,28.749,25.346,27.574
5841,116.82,6.455,3.145,pose,28.148,28.749,25.346,27.574
5842,116.84,6.949,3.145,bbox,28.148,28.858,25.346,27.574
5843,116.86,6.853,6.455,bbox,28.148,28.858,25.346,27.574
5844,116.88,6.146,6.455,pose,28.148,28.858,25.346,27.574
5845,116.9,6.655,6.655,bbox,28.148,28.858,25.346,27.574
5846,116.92,6.624,6.655,bbox,28.148,28.858,25.346,27.574
5847,116.94,5.958,6.624,pose,28.148,28.858,25.346,27.574
5848,116.96,6.466,6.466,bbox,28.188,28.858,25.407,27.574
5849,116.98,6.425,6.466,bbox,28.188,28.858,25.407,27.574
5850,117.0,2.135,6.425,pose,28.22,28.858,25.407,27.574
5851,117.02,2.822,5.958,bbox,28.22,28.858,25.463,27.574
5852,117.04,2.822,2.822,bbox,28.22,28.858,25.463,27.574
5853,117.06,2.165,2.822,pose,28.22,28.858,25.463,27.574
5854,117.08,2.779,2.779,bbox,28.324,28.858,25.463,27.574
5855,117.1,6.494,2.822,bbox,28.324,28.858,25.463,27.574
5856,117.12,2.133,2.779,pose,28.324,28.963,25.463,27.574
5857,117.14,2.814,2.779,bbox,28.324,28.963,25.463,27.574
5858,117.16,2.824,2.814,bbox,28.38,28.963,25.463,27.574
5859,117.18,2.117,2.814,pose,28.38,29.047,25.463,27.574
5860,117.2,2.854,2.814,bbox,28.38,29.047,25.463,27.61
5861,117.22,6.528,2.824,bbox,28.38,29.047,25.463,27.61
5862,117.24,5.845,2.854,pose,28.38,29.158,25.463,27.61
5863,117.26,6.589,5.845,bbox,28.38,29.158,25.463,27.655
5864,117.28,6.586,6.528,bbox,28.38,29.158,25.463,27.655
5865,117.3,2.074,6.528,pose,28.38,29.158,25.463,27.655
5866,117.32,6.58,6.58,bbox,28.38,29.158,25.463,27.699
5867,117.34,,,,28.38,29.158,25.463,27.699
5868,117.36,2.674,6.58,pose,28.419,29.158,25.463,27.699
5869,117.38,3.439,3.439,bbox,28.419,29.158,25.463,27.699
5870,117.4,3.425,3.425,bbox,28.419,29.158,25.463,27.699
5871,117.42,2.472,3.425,pose,28.419,29.158,25.463,27.699
5872,117.44,3.009,3.009,bbox,28.419,29.158,25.463,27.699
5873,117.46,3.529,3.425,bbox,28.419,29.158,25.463,27.699
5874,117.48,7.114,3.425,bbox,28.419,29.213,25.463,27.699
5875,117.5,,,,28.419,29.213,25.463,27.699
5876,117.52,2.992,3.009,bbox,28.419,29.213,25.463,27.699
5877,117.54,6.929,3.529,bbox,28.419,29.213,25.463,27.699
5878,117.56,6.741,6.741,bbox,28.419,29.213,25.463,27.699
5879,117.58,3.278,6.741,bbox,28.419,29.213,25.463,27.699
5880,117.6,2.472,3.278,pose,28.419,29.213,25.5,27.699
5881,117.62,3.138,3.278,bbox,28.419,29.213,25.534,27.699
5882,117.64,2.888,3.138,bbox,28.419,29.213,25.587,27.699
5883,117.66,2.236,2.888,pose,28.419,29.213,25.622,27.699
5884,117.68,2.949,2.888,bbox,28.419,29.213,25.66,27.699
5885,117.7,2.88,2.888,bbox,28.46,29.213,25.66,27.699
5886,117.72,2.318,2.88,pose,28.46,29.213,25.751,27.699
5887,117.74,2.803,2.803,bbox,28.46,29.213,25.751,27.699
5888,117.76,2.805,2.805,bbox,28.46,29.213,25.812,27.699
5889,117.78,2.083,2.803,pose,28.46,29.213,25.812,27.699
5890,117.8,2.75,2.75,bbox,28.46,29.213,25.888,27.699
5891,117.82,2.721,2.75,bbox,28.46,29.213,25.936,27.699
5892,117.84,1.977,2.721,pose,28.46,29.213,25.936,27.699
5893,117.86,2.677,2.677,bbox,28.46,29.213,26.01,27.699
5894,117.88,2.666,2.677,bbox,28.46,29.213,26.047,27.699
5895,117.9,1.972,2.666,pose,28.46,29.213,26.047,27.699
5896,117.92,2.283,2.283,bbox,28.46,29.213,26.083,27.699
5897,117.94,2.308,2.308,bbox,28.46,29.213,26.083,27.699
5898,117.96,1.737,2.283,pose,28.46,29.255,26.083,27.699
5899,117.98,2.475,2.283,bbox,28.46,29.292,26.083,27.699
5900,118.0,2.467,2.308,bbox,28.46,29.346,26.083,27.699
5901,118.02,2.013,2.308,pose,28.46,29.382,26.083,27.699
5902,118.04,2.476,2.467,bbox,28.46,29.382,26.083,27.699
5903,118.06,2.454,2.467,bbox,28.46,29.382,26.083,27.699
5904,118.08,1.761,2.454,pose,28.46,29.382,26.083,27.699
5905,118.1,2.511,2.454,bbox,28.46,29.382,26.116,27.699
5906,118.12,3.04,2.476,bbox,28.46,29.427,26.116,27.699
5907,118.14,2.613,2.511,pose,28.46,29.482,26.116,27.699
5908,118.16,3.185,2.613,bbox,28.46,29.527,26.116,27.699
5909,118.18,3.152,3.04,bbox,28.46,29.527,26.116,27.699
5910,118.2,2.126,3.04,pose,28.46,29.527,26.116,27.699
5911,118.22,3.095,3.095,bbox,28.46,29.527,26.116,27.699
5912,118.24,3.081,3.095,bbox,28.46,29.527,26.116,27.699
5913,118.26,2.129,3.081,pose,28.46,29.527,26.116,27.699
5914,118.28,2.996,2.996,bbox,28.46,29.568,26.116,27.699
5915,118.3,2.974,2.996,bbox,28.46,29.568,26.116,27.699
5916,118.32,2.297,2.974,pose,28.46,29.602,26.169,27.699
5917,118.34,2.917,2.917,bbox,28.46,29.671,26.169,27.699
5918,118.36,2.869,2.917,bbox,28.46,29.671,26.203,27.699
5919,118.38,2.446,2.869,pose,28.46,29.671,26.203,27.699
5920,118.4,2.78,2.78,bbox,28.46,29.671,26.264,27.699
5921,118.42,2.78,2.78,bbox,28.46,29.671,26.264,27.699
5922,118.44,2.49,2.78,pose,28.46,29.671,26.264,27.699
5923,118.46,2.795,2.78,bbox,28.46,29.726,26.329,27.699
5924,118.48,2.83,2.78,bbox,28.46,29.726,26.329,27.699
5925,118.5,2.362,2.78,pose,28.46,29.726,26.329,27.699
5926,118.52,2.891,2.795,bbox,28.46,29.779,26.364,27.699
5927,118.54,2.94,2.83,bbox,28.46,29.779,26.364,27.699
5928,118.56,2.234,2.83,pose,28.46,29.809,26.364,27.699
5929,118.58,2.993,2.891,bbox,28.46,29.809,26.364,27.699
5930,118.6,3.015,2.94,bbox,28.46,29.809,26.364,27.699
5931,118.62,2.148,2.94,pose,28.46,29.854,26.364,27.699
5932,118.64,3.07,2.993,bbox,28.46,29.854,26.417,27.699
5933,118.66,3.054,3.015,bbox,28.46,29.854,26.417,27.699
5934,118.68,2.14,3.015,pose,28.46,29.854,26.417,27.699
5935,118.7,3.122,3.054,bbox,28.46,29.854,26.417,27.699
5936,118.72,3.029,3.054,bbox,28.46,29.854,26.417,27.699
5937,118.74,2.07,3.029,pose,28.46,29.854,26.417,27.699
5938,118.76,2.948,2.948,bbox,28.46,29.854,26.417,27.699
5939,118.78,2.897,2.948,bbox,28.46,29.854,26.417,27.699
5940,118.8,2.081,2.897,pose,28.46,29.854,26.417,27.699
5941,118.82,2.928,2.897,bbox,28.46,29.854,26.417,27.699
5942,118.84,2.935,2.928,bbox,28.46,29.854,26.417,27.699
5943,118.86,2.277,2.897,pose,28.46,29.854,26.417,27.699
5944,118.88,2.891,2.891,bbox,28.46,29.854,26.417,27.699
5945,118.9,2.892,2.892,bbox,28.46,29.854,26.417,27.699
5946,118.92,2.44,2.891,pose,28.46,29.854,26.417,27.699
5947,118.94,2.91,2.891,bbox,28.46,29.854,26.417,27.699
5948,118.96,2.948,2.892,bbox,28.46,29.854,26.417,27.699
5949,118.98,1.854,2.892,pose,28.46,29.854,26.417,27.735
5950,119.0,2.368,2.44,bbox,28.46,29.854,26.417,27.784
5951,119.02,2.34,2.368,bbox,28.46,29.854,26.417,27.784
5952,119.04,2.373,2.368,bbox,28.46,29.854,26.417,27.814
5953,119.06,2.396,2.368,bbox,28.495,29.854,26.417,27.896
5954,119.08,2.392,2.373,bbox,28.495,29.854,26.417,27.896
5955,119.1,1.867,2.373,pose,28.536,29.854,26.417,27.896
5956,119.12,2.378,2.378,bbox,28.581,29.854,26.417,27.942
5957,119.14,2.385,2.385,bbox,28.664,29.854,26.417,27.942
5958,119.16,2.398,2.385,bbox,28.664,29.854,26.417,27.994
5959,119.18,2.399,2.385,bbox,28.7,29.854,26.417,27.994
5960,119.2,,,,28.7,29.854,26.417,27.994
5961,119.22,,,,28.7,29.854,26.417,27.994
5962,119.24,2.409,2.398,bbox,28.733,29.854,26.417,28.059
5963,119.26,2.435,2.399,bbox,28.777,29.854,26.417,28.059
5964,119.28,1.828,2.399,pose,28.858,29.854,26.417,28.167
5965,119.3,2.44,2.409,bbox,28.858,29.854,26.417,28.2
5966,119.32,2.492,2.435,bbox,28.858,29.854,26.417,28.241
5967,119.34,1.968,2.435,pose,28.858,29.854,26.417,28.305
5968,119.36,2.608,2.44,bbox,28.858,29.854,26.417,28.342
5969,119.38,2.624,2.492,bbox,28.858,29.854,26.417,28.423
5970,119.4,2.638,2.608,bbox,28.858,29.854,26.417,28.423
5971,119.42,2.652,2.624,bbox,28.858,29.854,26.417,28.423
5972,119.44,2.671,2.638,bbox,28.858,29.854,26.417,28.458
5973,119.46,2.249,2.638,pose,28.858,29.854,26.417,28.458
5974,119.48,2.684,2.652,bbox,28.858,29.854,26.417,28.458
5975,119.5,2.698,2.671,bbox,28.858,29.854,26.417,28.458
5976,119.52,2.193,2.671,pose,28.858,29.854,26.417,28.458
5977,119.54,2.722,2.684,bbox,28.858,29.854,26.417,28.458
5978,119.56,2.721,2.698,bbox,28.858,29.854,26.417,28.458
5979,119.58,2.1,2.698,pose,28.858,29.854,26.417,28.458
5980,119.6,2.708,2.708,bbox,28.858,29.854,26.417,28.458
5981,119.62,2.677,2.708,bbox,28.858,29.854,26.417,28.458
5982,119.64,2.739,2.708,pose,28.858,29.854,26.417,28.458
5983,119.66,3.315,2.708,bbox,28.858,29.854,26.417,28.458
5984,119.68,3.214,2.739,bbox,28.858,29.854,26.417,28.458
5985,119.7,2.305,2.739,pose,28.858,29.9,26.458,28.458
5986,119.72,3.097,3.097,bbox,28.858,29.9,26.458,28.458
5987,119.74,3.041,3.097,bbox,28.905,29.9,26.504,28.458
5988,119.76,2.436,3.041,pose,28.952,29.9,26.504,28.458
5989,119.78,3.03,3.03,bbox,28.991,29.9,26.574,28.458
5990,119.8,2.994,3.03,bbox,29.031,29.9,26.574,28.458
5991,119.82,2.084,2.994,pose,29.031,29.9,26.574,28.458
5992,119.84,2.947,2.947,bbox,29.094,29.9,26.574,28.458
5993,119.86,2.462,2.947,bbox,29.136,29.9,26.574,28.458
5994,119.88,2.438,2.462,bbox,29.136,29.9,26.574,28.458
5995,119.9,2.425,2.438,bbox,29.136,29.9,26.574,28.458
5996,119.92,2.422,2.438,bbox,29.136,29.9,26.574,28.458
5997,119.94,2.414,2.425,bbox,29.136,29.9,26.574,28.458
5998,119.96,3.011,2.425,bbox,29.136,29.9,26.574,28.458
5999,119.98,3.058,2.425,bbox,29.136,29.9,26.574,28.458
6000,120.0,2.167,2.422,pose,29.136,29.9,26.574,28.458
6001,120.02,3.177,3.011,bbox,29.136,29.9,26.574,28.512
6002,120.04,3.201,3.058,bbox,29.136,29.946,26.574,28.512
6003,120.06,2.304,3.058,pose,29.136,29.997,26.574,28.512
6004,120.08,3.327,3.177,bbox,29.136,30.062,26.574,28.594
6005,120.1,3.415,3.201,bbox,29.136,30.062,26.574,28.594
6006,120.12,1.849,3.201,pose,29.136,30.062,26.574,28.647
6007,120.14,2.548,2.548,bbox,29.136,30.062,26.574,28.719
6008,120.16,2.564,2.564,bbox,29.136,30.062,26.574,28.719
6009,120.18,2.24,2.548,pose,29.136,30.062,26.574,28.719
6010,120.2,2.584,2.548,bbox,29.136,30.062,26.574,28.751
6011,120.22,2.605,2.564,bbox,29.136,30.062,26.574,28.751
6012,120.24,2.839,2.584,pose,29.136,30.062,26.574,28.751
6013,120.26,2.587,2.587,bbox,29.136,30.062,26.574,28.821
6014,120.28,2.562,2.587,bbox,29.136,30.062,26.574,28.851
6015,120.3,1.86,2.587,pose,29.262,30.062,26.574,28.851
6016,120.32,3.611,2.587,bbox,29.262,30.062,26.574,28.851
6017,120.34,3.575,2.587,bbox,29.262,30.062,26.574,28.851
6018,120.36,2.708,2.708,pose,29.262,30.062,26.574,28.851
6019,120.38,3.452,3.452,bbox,29.262,30.062,26.574,28.851
6020,120.4,3.441,3.452,bbox,29.262,30.062,26.574,28.851
6021,120.42,1.805,3.441,pose,29.262,30.062,26.637,28.851
6022,120.44,3.256,3.256,bbox,29.262,30.062,26.637,28.851
6023,120.46,2.286,3.256,bbox,29.309,30.062,26.637,28.851
6024,120.48,1.739,2.286,pose,29.309,30.062,26.637,28.851
6025,120.5,3.089,2.286,bbox,29.309,30.062,26.677,28.851
6026,120.52,3.088,3.088,bbox,29.309,30.062,26.677,28.851
6027,120.54,2.45,2.45,pose,29.309,30.062,26.677,28.851
6028,120.56,3.041,3.041,bbox,29.309,30.062,26.749,28.851
6029,120.58,2.164,3.041,bbox,29.309,30.062,26.784,28.851
6030,120.6,1.722,2.45,pose,29.309,30.062,26.784,28.851
6031,120.62,2.174,2.174,bbox,29.309,30.062,26.845,28.851
6032,120.64,2.171,2.171,bbox,29.309,30.062,26.845,28.851
6033,120.66,2.181,2.171,bbox,29.309,30.062,26.845,28.851
6034,120.68,2.194,2.174,bbox,29.309,30.062,26.845,28.851
6035,120.7,3.033,2.181,bbox,29.309,30.062,26.845,28.851
6036,120.72,2.414,2.194,pose,29.309,30.062,26.845,28.851
6037,120.74,3.031,2.414,bbox,29.309,30.062,26.845,28.851
6038,120.76,3.039,3.031,bbox,29.309,30.062,26.845,28.851
6039,120.78,2.407,3.031,pose,29.309,30.062,26.845,28.851
6040,120.8,3.142,3.031,bbox,29.309,30.062,26.845,28.851
6041,120.82,3.262,3.039,bbox,29.309,30.062,26.845,28.851
6042,120.84,2.491,3.039,pose,29.309,30.1,26.845,28.851
6043,120.86,3.161,3.142,bbox,29.309,30.1,26.845,28.907
6044,120.88,3.146,3.146,bbox,29.346,30.1,26.845,28.907
6045,120.9,2.405,3.146,pose,29.346,30.1,26.845,28.907
6046,120.92,3.225,3.146,bbox,29.402,30.1,26.845,28.939
6047,120.94,3.249,3.161,bbox,29.402,30.1,26.845,28.939
6048,120.96,3.313,3.225,bbox,29.402,30.1,26.845,28.939
6049,120.98,3.331,3.249,bbox,29.402,30.1,26.845,28.939
6050,121.0,3.322,3.313,bbox,29.436,30.1,26.845,28.939
6051,121.02,2.289,3.313,pose,29.436,30.1,26.845,28.939
6052,121.04,3.225,3.313,bbox,29.436,30.1,26.845,28.939
6053,121.06,3.171,3.225,bbox,29.518,30.1,26.845,28.939
6054,121.08,2.044,3.171,pose,29.57,30.1,26.845,28.939
6055,121.1,3.203,3.171,bbox,29.57,30.1,26.845,28.939
6056,121.12,3.121,3.171,bbox,29.659,30.1,26.845,28.939
6057,121.14,2.186,3.121,pose,29.659,30.1,26.845,28.939
6058,121.16,3.148,3.121,bbox,29.659,30.1,26.845,28.939
6059,121.18,3.133,3.133,bbox,29.659,30.1,26.845,28.939
6060,121.2,2.192,3.121,pose,29.7,30.1,26.845,28.939
6061,121.22,3.171,3.133,bbox,29.7,30.1,26.845,28.997
6062,121.24,3.194,3.148,bbox,29.7,30.1,26.845,28.997
6063,121.26,2.619,3.133,bbox,29.7,30.1,26.845,29.044
6064,121.28,2.619,2.619,bbox,29.7,30.1,26.845,29.132
6065,121.3,2.646,2.646,bbox,29.7,30.1,26.845,29.132
6066,121.32,2.508,2.619,pose,29.7,30.1,26.845,29.164
6067,121.34,3.326,2.619,bbox,29.7,30.1,26.845,29.195
6068,121.36,3.376,2.646,bbox,29.7,30.1,26.845,29.195
6069,121.38,2.467,2.646,pose,29.7,30.1,26.845,29.195
6070,121.4,3.398,3.326,bbox,29.7,30.134,26.845,29.195
6071,121.42,3.399,3.376,bbox,29.7,30.134,26.845,29.195
6072,121.44,2.449,3.376,pose,29.7,30.134,26.845,29.195
6073,121.46,3.389,3.389,bbox,29.7,30.134,26.845,29.195
6074,121.48,3.382,3.389,bbox,29.7,30.134,26.845,29.195
6075,121.5,2.527,3.382,pose,29.7,30.134,26.845,29.195
6076,121.52,3.378,3.378,bbox,29.7,30.134,26.845,29.195
6077,121.54,3.377,3.378,bbox,29.7,30.134,26.845,29.195
6078,121.56,2.658,3.377,pose,29.7,30.134,26.845,29.195
6079,121.58,3.372,3.372,bbox,29.7,30.134,26.845,29.195
6080,121.6,3.346,3.372,bbox,29.7,30.134,26.845,29.195
6081,121.62,2.708,3.346,pose,29.7,30.134,26.845,29.195
6082,121.64,2.747,2.747,bbox,29.7,30.134,26.845,29.195
6083,121.66,2.73,2.747,bbox,29.7,30.134,26.845,29.195
6084,121.68,2.09,2.73,pose,29.7,30.134,26.845,29.195
6085,121.7,3.359,2.73,bbox,29.7,30.134,26.845,29.266
6086,121.72,3.397,2.747,bbox,29.7,30.134,26.845,29.266
6087,121.74,2.837,2.837,pose,29.7,30.134,26.845,29.299
6088,121.76,3.415,3.359,bbox,29.7,30.134,26.845,29.299
6089,121.78,3.393,3.393,bbox,29.7,30.134,26.845,29.299
6090,121.8,2.801,3.393,pose,29.7,30.134,26.845,29.299
6091,121.82,3.372,3.372,bbox,29.7,30.134,26.845,29.299
6092,121.84,3.351,3.372,bbox,29.7,30.134,26.845,29.299
6093,121.86,2.65,3.351,pose,29.739,30.134,26.845,29.299
6094,121.88,3.298,3.298,bbox,29.739,30.134,26.845,29.299
6095,121.9,3.33,3.33,bbox,29.739,30.134,26.845,29.299
6096,121.92,2.584,3.298,pose,29.739,30.134,26.845,29.299
6097,121.94,3.331,3.298,bbox,29.773,30.134,26.845,29.299
6098,121.96,3.306,3.306,bbox,29.773,30.134,26.845,29.299
6099,121.98,2.377,3.306,pose,29.773,30.134,26.845,29.299
6100,122.0,3.24,3.24,bbox,29.773,30.134,26.845,29.299
6101,122.02,3.215,3.24,bbox,29.773,30.134,26.845,29.299
6102,122.04,2.252,3.215,pose,29.773,30.134,26.845,29.299
6103,122.06,3.143,3.143,bbox,29.773,30.134,26.915,29.299
6104,122.08,3.105,3.143,bbox,29.773,30.134,26.915,29.299
6105,122.1,2.235,3.105,pose,29.773,30.134,26.915,29.299
6106,122.12,3.039,3.039,bbox,29.773,30.134,26.915,29.299
6107,122.14,3.009,3.039,bbox,29.773,30.134,26.915,29.299
6108,122.16,2.249,3.009,pose,29.773,30.134,26.915,29.299
6109,122.18,2.963,2.963,bbox,29.773,30.134,26.915,29.299
6110,122.2,2.944,2.963,bbox,29.773,30.134,26.915,29.299
6111,122.22,2.222,2.944,pose,29.773,30.134,26.915,29.299
6112,122.24,2.92,2.92,bbox,29.815,30.134,26.915,29.299
6113,122.26,2.944,2.944,bbox,29.848,30.134,26.915,29.299
6114,122.28,2.181,2.92,pose,29.848,30.134,26.915,29.299
6115,122.3,3.061,2.92,bbox,29.848,30.134,26.915,29.299
6116,122.32,3.079,2.944,bbox,29.848,30.134,26.915,29.299
6117,122.34,2.343,2.944,pose,29.848,30.168,26.915,29.299
6118,122.36,3.168,3.061,bbox,29.848,30.168,26.915,29.349
6119,122.38,3.2,3.079,bbox,29.848,30.168,26.915,29.349
6120,122.4,2.405,3.079,pose,29.848,30.168,26.915,29.349
6121,122.42,3.249,3.168,bbox,29.848,30.222,26.915,29.349
6122,122.44,3.241,3.2,bbox,29.848,30.222,26.915,29.349
6123,122.46,2.423,3.2,pose,29.848,30.222,26.915,29.349
6124,122.48,3.181,3.181,bbox,29.848,30.222,26.915,29.349
6125,122.5,3.167,3.181,bbox,29.848,30.222,26.915,29.349
6126,122.52,2.368,3.167,pose,29.848,30.222,26.915,29.349
6127,122.54,3.137,3.137,bbox,29.848,30.222,26.915,29.349
6128,122.56,3.103,3.137,bbox,29.848,30.222,26.915,29.349
6129,122.58,2.314,3.103,pose,29.848,30.222,26.915,29.349
6130,122.6,3.08,3.08,bbox,29.848,30.222,26.915,29.349
6131,122.62,3.065,3.08,bbox,29.848,30.222,26.915,29.349
6132,122.64,2.347,3.065,pose,29.848,30.222,26.915,29.349
6133,122.66,3.081,3.065,bbox,29.848,30.222,26.915,29.349
6134,122.68,3.09,3.08,bbox,29.848,30.222,26.915,29.349
6135,122.7,2.438,3.065,pose,29.848,30.222,26.915,29.349
6136,122.72,3.161,3.081,bbox,29.848,30.222,26.915,29.349
6137,122.74,3.201,3.09,bbox,29.848,30.222,26.915,29.349
6138,122.76,2.49,3.09,pose,29.848,30.222,26.915,29.349
6139,122.78,3.244,3.161,bbox,29.848,30.222,26.915,29.349
6140,122.8,3.284,3.201,bbox,29.848,30.222,26.915,29.349
6141,122.82,2.428,3.201,pose,29.848,30.222,26.915,29.349
6142,122.84,3.224,3.224,bbox,29.848,30.222,26.915,29.349
6143,122.86,3.184,3.224,bbox,29.848,30.222,26.915,29.349
6144,122.88,2.143,3.184,pose,29.848,30.222,26.915,29.349
6145,122.9,3.047,3.047,bbox,29.848,30.222,26.915,29.349
6146,122.92,3.003,3.047,bbox,29.848,30.222,26.954,29.349
6147,122.94,1.946,3.003,pose,29.848,30.222,26.954,29.349
6148,122.96,2.962,2.962,bbox,29.886,30.222,27.012,29.349
6149,122.98,2.945,2.962,bbox,29.919,30.222,27.043,29.349
6150,123.0,1.962,2.945,pose,29.919,30.222,27.043,29.349
6151,123.02,2.9,2.9,bbox,29.981,30.222,27.086,29.349
6152,123.04,2.891,2.9,bbox,29.981,30.222,27.086,29.349
6153,123.06,1.954,2.891,pose,29.981,30.222,27.086,29.349
6154,123.08,2.852,2.852,bbox,29.981,30.222,27.134,29.349
6155,123.1,2.836,2.852,bbox,29.981,30.222,27.134,29.349
6156,123.12,1.928,2.836,pose,29.981,30.222,27.134,29.349
6157,123.14,2.832,2.832,bbox,29.981,30.222,27.134,29.349
6158,123.16,2.847,2.836,bbox,29.981,30.222,27.134,29.349
6159,123.18,1.984,2.832,pose,29.981,30.222,27.134,29.349
6160,123.2,2.957,2.832,bbox,29.981,30.273,27.134,29.389
6161,123.22,3.003,2.847,bbox,29.981,30.273,27.134,29.389
6162,123.24,2.297,2.847,pose,29.981,30.329,27.134,29.389
6163,123.26,3.182,2.957,bbox,29.981,30.448,27.134,29.441
6164,123.28,3.292,3.003,bbox,29.981,30.48,27.134,29.441
6165,123.3,2.652,3.003,pose,29.981,30.517,27.134,29.441
6166,123.32,3.451,3.182,bbox,29.981,30.559,27.134,29.441
6167,123.34,3.501,3.292,bbox,29.981,30.598,27.134,29.441
6168,123.36,2.712,3.292,pose,29.981,30.656,27.134,29.441
6169,123.38,3.572,3.451,bbox,29.981,30.656,27.134,29.441
6170,123.4,3.595,3.501,bbox,29.981,30.656,27.134,29.441
6171,123.42,2.681,3.501,pose,29.981,30.656,27.134,29.441
6172,123.44,3.573,3.572,bbox,29.981,30.656,27.134,29.441
6173,123.46,3.524,3.572,bbox,29.981,30.656,27.134,29.441
6174,123.48,2.531,3.524,pose,29.981,30.656,27.134,29.441
6175,123.5,3.443,3.443,bbox,29.981,30.656,27.172,29.441
6176,123.52,3.401,3.443,bbox,29.981,30.656,27.172,29.441
6177,123.54,2.384,3.401,pose,29.981,30.656,27.172,29.441
6178,123.56,3.385,3.385,bbox,29.981,30.656,27.222,29.441
6179,123.58,2.776,3.385,bbox,29.981,30.656,27.222,29.441
6180,123.6,1.914,2.776,pose,29.981,30.656,27.222,29.441
6181,123.62,3.37,2.776,bbox,29.981,30.687,27.222,29.441
6182,123.64,3.355,3.355,bbox,29.981,30.687,27.222,29.441
6183,123.66,2.537,2.776,pose,29.981,30.766,27.222,29.441
6184,123.68,3.347,3.347,bbox,29.981,30.798,27.222,29.441
6185,123.7,3.316,3.347,bbox,29.981,30.798,27.222,29.441
6186,123.72,2.665,3.316,pose,29.981,30.798,27.222,29.441
6187,123.74,2.684,2.684,bbox,29.981,30.798,27.222,29.441
6188,123.76,3.288,3.288,bbox,29.981,30.798,27.253,29.441
6189,123.78,2.687,2.687,pose,29.981,30.837,27.253,29.441
6190,123.8,3.212,2.687,bbox,29.981,30.837,27.286,29.441
6191,123.82,3.154,3.154,bbox,29.981,30.837,27.286,29.441
6192,123.84,2.795,3.154,pose,29.981,30.837,27.327,29.441
6193,123.86,3.08,3.08,bbox,29.981,30.837,27.327,29.441
6194,123.88,3.014,3.08,bbox,29.981,30.837,27.361,29.441
6195,123.9,2.65,3.014,pose,29.981,30.837,27.361,29.441
6196,123.92,2.907,2.907,bbox,29.981,30.837,27.409,29.441
6197,123.94,2.835,2.907,bbox,29.981,30.837,27.446,29.441
6198,123.96,2.33,2.835,pose,29.981,30.837,27.446,29.441
6199,123.98,2.803,2.803,bbox,29.981,30.837,27.504,29.441
6200,124.0,2.824,2.824,bbox,29.981,30.837,27.539,29.441
6201,124.02,2.105,2.803,pose,29.981,30.837,27.539,29.441
6202,124.04,2.807,2.803,bbox,29.981,30.837,27.58,29.441
6203,124.06,2.791,2.803,bbox,29.981,30.837,27.58,29.441
6204,124.08,1.999,2.791,pose,29.981,30.837,27.58,29.441
6205,124.1,2.816,2.791,bbox,29.981,30.837,27.618,29.441
6206,124.12,2.803,2.803,bbox,29.981,30.837,27.618,29.441
6207,124.14,2.152,2.791,pose,29.981,30.837,27.618,29.441
6208,124.16,2.792,2.792,bbox,29.981,30.837,27.618,29.441
6209,124.18,2.809,2.803,bbox,29.981,30.837,27.618,29.441
6210,124.2,2.037,2.792,pose,29.981,30.837,27.618,29.441
6211,124.22,2.844,2.792,bbox,29.981,30.876,27.618,29.441
6212,124.24,2.855,2.809,bbox,29.981,30.876,27.618,29.441
6213,124.26,2.232,2.809,pose,29.981,30.916,27.618,29.441
6214,124.28,2.945,2.844,bbox,29.981,30.991,27.618,29.473
6215,124.3,3.035,2.855,bbox,29.981,30.991,27.618,29.473
6216,124.32,2.504,2.855,pose,29.981,31.052,27.618,29.473
6217,124.34,3.236,2.945,bbox,29.981,31.152,27.618,29.533
6218,124.36,3.364,3.035,bbox,29.981,31.152,27.618,29.533
6219,124.38,2.726,3.035,pose,29.981,31.199,27.618,29.565
6220,124.4,3.547,3.236,bbox,29.981,31.199,27.618,29.612
6221,124.42,3.628,3.364,bbox,29.981,31.269,27.618,29.612
6222,124.44,2.984,3.364,pose,29.981,31.303,27.618,29.612
6223,124.46,3.665,3.547,bbox,29.981,31.303,27.618,29.612
6224,124.48,3.676,3.628,bbox,29.981,31.303,27.618,29.612
6225,124.5,3.069,3.628,pose,29.981,31.303,27.618,29.612
6226,124.52,3.71,3.665,bbox,29.981,31.347,27.618,29.612
6227,124.54,3.74,3.676,bbox,29.981,31.347,27.618,29.612
6228,124.56,3.166,3.676,pose,29.981,31.347,27.618,29.612
6229,124.58,3.746,3.71,bbox,29.981,31.419,27.618,29.612
6230,124.6,3.754,3.74,bbox,29.981,31.419,27.618,29.612
6231,124.62,3.258,3.74,pose,29.981,31.453,27.618,29.612
6232,124.64,3.791,3.746,bbox,29.981,31.562,27.618,29.612
6233,124.66,3.804,3.754,bbox,29.981,31.562,27.618,29.612
6234,124.68,3.338,3.754,pose,29.981,31.618,27.618,29.612
6235,124.7,3.764,3.764,bbox,29.981,31.677,27.618,29.612
6236,124.72,3.748,3.764,bbox,29.981,31.677,27.618,29.612
6237,124.74,2.297,3.748,bbox,29.981,31.677,27.657,29.612
6238,124.76,3.741,3.741,bbox,29.981,31.677,27.697,29.612
6239,124.78,2.272,3.741,bbox,29.981,31.677,27.697,29.612
6240,124.8,3.489,3.489,pose,29.981,31.677,27.697,29.612
6241,124.82,3.856,3.489,bbox,29.981,31.726,27.741,29.612
6242,124.84,3.907,3.741,bbox,29.981,31.798,27.741,29.612
6243,124.86,3.572,3.572,pose,29.981,31.833,27.741,29.612
6244,124.88,3.992,3.856,bbox,29.981,31.877,27.741,29.612
6245,124.9,4.03,3.907,bbox,29.981,31.877,27.741,29.612
6246,124.92,3.618,3.907,pose,29.981,31.91,27.741,29.612
6247,124.94,4.057,3.992,bbox,29.981,31.95,27.741,29.612
6248,124.96,4.068,4.03,bbox,29.981,31.95,27.741,29.612
6249,124.98,3.58,4.03,pose,29.981,31.98,27.741,29.612
6250,125.0,4.071,4.057,bbox,29.981,31.98,27.741,29.612
6251,125.02,4.041,4.057,bbox,29.981,32.017,27.777,29.612
6252,125.04,3.497,4.041,pose,29.981,32.056,27.807,29.612
6253,125.06,3.952,3.952,bbox,29.981,32.056,27.807,29.612
6254,125.08,3.919,3.952,bbox,29.981,32.09,27.883,29.612
6255,125.1,3.509,3.919,pose,29.981,32.09,27.883,29.612
6256,125.12,3.853,3.853,bbox,29.981,32.126,27.92,29.612
6257,125.14,3.834,3.853,bbox,29.981,32.159,27.92,29.612
6258,125.16,3.546,3.834,pose,29.981,32.159,27.968,29.612
6259,125.18,3.719,3.719,bbox,29.981,32.159,27.968,29.612
6260,125.2,3.726,3.726,bbox,29.981,32.159,28.003,29.612
6261,125.22,3.659,3.719,pose,29.981,32.159,28.003,29.612
6262,125.24,3.775,3.719,bbox,29.981,32.159,28.087,29.612
6263,125.26,3.85,3.726,bbox,29.981,32.159,28.125,29.612
6264,125.28,3.816,3.775,pose,29.981,32.198,28.125,29.612
6265,125.3,3.92,3.816,bbox,29.981,32.198,28.181,29.612
6266,125.32,3.944,3.85,bbox,29.981,32.198,28.181,29.612
6267,125.34,3.297,3.85,pose,29.981,32.198,28.181,29.612
6268,125.36,3.518,3.816,bbox,29.981,32.198,28.181,29.612
6269,125.38,3.726,3.726,bbox,29.981,32.198,28.181,29.612
6270,125.4,3.61,3.61,pose,29.981,32.198,28.181,29.612
6271,125.42,3.293,3.518,bbox,29.981,32.198,28.22,29.612
6272,125.44,3.566,3.566,bbox,29.981,32.198,28.22,29.612
6273,125.46,3.165,3.566,pose,29.981,32.198,28.22,29.612
6274,125.48,3.6,3.566,bbox,30.033,32.198,28.266,29.612
6275,125.5,3.574,3.566,bbox,30.033,32.198,28.266,29.612
6276,125.52,2.8,3.566,pose,30.103,32.198,28.266,29.612
6277,125.54,3.54,3.54,bbox,30.103,32.198,28.266,29.612
6278,125.56,3.513,3.54,bbox,30.135,32.198,28.266,29.612
6279,125.58,2.591,3.513,pose,30.191,32.198,28.266,29.612
6280,125.6,3.409,3.409,bbox,30.268,32.198,28.266,29.702
6281,125.62,3.297,3.409,bbox,30.268,32.198,28.266,29.702
6282,125.64,2.39,3.297,pose,30.268,32.198,28.266,29.702
6283,125.66,3.202,3.202,bbox,30.268,32.198,28.266,29.702
6284,125.68,3.175,3.202,bbox,30.35,32.198,28.266,29.749
6285,125.7,2.372,3.175,pose,30.493,32.198,28.266,29.749
6286,125.72,3.111,3.111,bbox,30.493,32.198,28.266,29.749
6287,125.74,3.066,3.111,bbox,30.53,32.198,28.266,29.749
6288,125.76,2.35,3.066,pose,30.637,32.198,28.266,29.749
6289,125.78,3.002,3.002,bbox,30.669,32.198,28.266,29.793
6290,125.8,2.965,3.002,bbox,30.669,32.198,28.266,29.793
6291,125.82,2.242,2.965,pose,30.749,32.198,28.266,29.823
6292,125.84,2.945,2.945,bbox,30.749,32.198,28.266,29.861
6293,125.86,2.922,2.945,bbox,30.8,32.198,28.266,29.861
6294,125.88,2.199,2.922,pose,30.8,32.198,28.266,29.861
6295,125.9,2.917,2.917,bbox,30.843,32.198,28.266,29.898
6296,125.92,2.95,2.922,bbox,30.843,32.198,28.266,29.898
6297,125.94,2.324,2.917,pose,30.843,32.198,28.266,29.93
6298,125.96,3.076,2.917,bbox,30.843,32.198,28.266,29.986
6299,125.98,3.127,2.95,bbox,30.843,32.198,28.266,29.986
6300,126.0,2.489,2.95,pose,30.843,32.234,28.266,29.986
6301,126.02,3.255,3.076,bbox,30.843,32.277,28.266,30.04
6302,126.04,3.318,3.127,bbox,30.843,32.277,28.266,30.04
6303,126.06,2.574,3.127,pose,30.843,32.277,28.266,30.04
6304,126.08,5.417,3.255,bbox,30.843,32.277,28.266,30.081
6305,126.1,5.451,3.318,bbox,30.843,32.277,28.266,30.163
6306,126.12,5.548,5.417,pose,30.843,32.277,28.266,30.163
6307,126.14,5.535,5.451,bbox,30.843,32.277,28.266,30.21
6308,126.16,5.53,5.53,bbox,30.843,32.277,28.266,30.21
6309,126.18,5.933,5.535,pose,30.843,32.277,28.266,30.21
6310,126.2,5.527,5.535,bbox,30.843,32.277,28.266,30.244
6311,126.22,5.55,5.535,bbox,30.843,32.277,28.266,30.244
6312,126.24,5.57,5.55,pose,30.843,32.277,28.266,30.244
6313,126.26,3.77,5.55,bbox,30.843,32.277,28.266,30.244
6314,126.28,5.555,5.55,bbox,30.843,32.277,28.266,30.244
6315,126.3,5.52,5.55,pose,30.843,32.277,28.266,30.244
6316,126.32,5.564,5.555,bbox,30.843,32.277,28.266,30.296
6317,126.34,5.578,5.555,bbox,30.843,32.277,28.266,30.296
6318,126.36,6.014,5.564,pose,30.843,32.277,28.266,30.351
6319,126.38,5.633,5.578,bbox,30.843,32.277,28.266,30.351
6320,126.4,5.615,5.615,bbox,30.843,32.277,28.266,30.351
6321,126.42,6.066,5.633,pose,30.843,32.277,28.266,30.351
6322,126.44,5.648,5.648,bbox,30.843,32.277,28.266,30.351
6323,126.46,5.67,5.648,bbox,30.843,32.277,28.266,30.382
6324,126.48,6.192,5.67,pose,30.843,32.277,28.266,30.382
6325,126.5,5.635,5.67,bbox,30.843,32.277,28.266,30.382
6326,126.52,5.587,5.648,bbox,30.843,32.277,28.266,30.382
6327,126.54,6.544,5.67,pose,30.843,32.277,28.266,30.382
6328,126.56,5.696,5.696,bbox,30.942,32.277,28.266,30.382
6329,126.58,2.635,5.635,bbox,30.942,32.277,28.266,30.382
6330,126.6,6.881,5.696,pose,30.942,32.277,28.266,30.382
6331,126.62,5.83,5.83,bbox,30.942,32.277,28.266,30.382
6332,126.64,5.866,5.83,bbox,30.942,32.277,28.266,30.382
6333,126.66,3.83,5.83,pose,30.942,32.277,28.266,30.382
6334,126.68,2.736,5.83,bbox,30.942,32.277,28.266,30.382
6335,126.7,2.736,3.83,bbox,30.942,32.277,28.266,30.382
6336,126.72,6.758,3.83,pose,30.942,32.277,28.266,30.382
6337,126.74,5.872,3.83,bbox,30.942,32.277,28.266,30.382
6338,126.76,5.832,5.832,bbox,30.942,32.277,28.266,30.382
6339,126.78,6.573,5.872,pose,30.942,32.277,28.266,30.382
6340,126.8,2.797,5.872,bbox,30.942,32.277,28.266,30.382
6341,126.82,2.808,5.832,bbox,30.979,32.277,28.266,30.382
6342,126.84,4.123,4.123,pose,30.979,32.277,28.266,30.382
6343,126.86,2.827,2.827,bbox,30.979,32.277,28.266,30.382
6344,126.88,3.549,2.827,bbox,30.979,32.277,28.266,30.382
6345,126.9,2.8,2.827,pose,31.012,32.277,28.266,30.382
6346,126.92,3.378,3.378,bbox,31.012,32.277,28.266,30.382
6347,126.94,3.307,3.307,bbox,31.012,32.277,28.266,30.382
6348,126.96,2.63,3.307,pose,31.012,32.277,28.266,30.427
6349,126.98,3.205,3.205,bbox,31.074,32.277,28.312,30.427
6350,127.0,3.16,3.205,bbox,31.074,32.277,28.347,30.427
6351,127.02,2.56,3.16,pose,31.074,32.277,28.347,30.427
6352,127.04,5.609,3.16,bbox,31.074,32.338,28.391,30.427
6353,127.06,5.6,3.205,bbox,31.074,32.338,28.391,30.427
6354,127.08,6.265,5.6,pose,31.074,32.338,28.391,30.427
6355,127.1,5.591,5.6,bbox,31.074,32.338,28.391,30.427
6356,127.12,5.569,5.6,bbox,31.074,32.338,28.391,30.427
6357,127.14,5.999,5.6,pose,31.074,32.338,28.391,30.427
6358,127.16,5.507,5.591,bbox,31.074,32.338,28.391,30.427
6359,127.18,5.471,5.569,bbox,31.074,32.338,28.391,30.427
6360,127.2,5.874,5.569,pose,31.074,32.338,28.391,30.427
6361,127.22,5.403,5.507,bbox,31.074,32.338,28.391,30.427
6362,127.24,2.889,5.471,bbox,31.074,32.338,28.391,30.427
6363,127.26,1.991,5.403,pose,31.074,32.338,28.391,30.427
6364,127.28,2.873,2.889,bbox,31.074,32.338,28.391,30.427
6365,127.3,2.857,2.873,bbox,31.074,32.338,28.391,30.427
6366,127.32,3.886,2.873,pose,31.074,32.338,28.391,30.427
6367,127.34,2.819,2.857,bbox,31.105,32.338,28.391,30.427
6368,127.36,2.834,2.857,bbox,31.105,32.338,28.391,30.427
6369,127.38,6.241,2.857,pose,31.105,32.338,28.391,30.427
6370,127.4,2.845,2.845,bbox,31.105,32.338,28.44,30.427
6371,127.42,5.522,2.845,bbox,31.105,32.338,28.44,30.427
6372,127.44,5.577,5.522,bbox,31.105,32.338,28.44,30.427
6373,127.46,5.619,5.577,bbox,31.105,32.338,28.44,30.427
6374,127.48,5.655,5.577,bbox,31.105,32.338,28.44,30.427
6375,127.5,6.816,5.619,pose,31.105,32.338,28.474,30.427
6376,127.52,5.678,5.655,bbox,31.105,32.338,28.474,30.427
6377,127.54,5.672,5.672,bbox,31.105,32.369,28.474,30.427
6378,127.56,5.31,5.672,pose,31.105,32.369,28.53,30.427
6379,127.58,2.649,5.672,bbox,31.105,32.369,28.59,30.427
6380,127.6,2.603,5.31,bbox,31.105,32.369,28.59,30.427
6381,127.62,1.826,2.649,pose,31.105,32.369,28.59,30.427
6382,127.64,2.486,2.603,bbox,31.105,32.369,28.59,30.427
6383,127.66,2.45,2.486,bbox,31.105,32.369,28.59,30.427
6384,127.68,1.64,2.45,pose,31.165,32.369,28.59,30.427
6385,127.7,2.439,2.439,bbox,31.291,32.369,28.59,30.427
6386,127.72,,,,31.291,32.369,28.59,30.427
6387,127.74,,,,31.291,32.369,28.59,30.427
6388,127.76,,,,31.291,32.369,28.59,30.427
6389,127.78,,,,31.291,32.369,28.59,30.427
6390,127.8,7.276,2.45,pose,31.346,32.369,28.59,30.427
6391,127.82,5.54,2.45,bbox,31.402,32.369,28.59,30.427
6392,127.84,5.498,5.498,bbox,31.402,32.369,28.59,30.427
6393,127.86,3.201,5.498,bbox,31.522,32.369,28.59,30.427
6394,127.88,3.254,5.498,bbox,31.522,32.369,28.59,30.427
6395,127.9,3.268,3.268,bbox,31.522,32.369,28.59,30.427
6396,127.92,5.292,3.268,bbox,31.522,32.369,28.59,30.427
6397,127.94,5.28,3.268,bbox,31.522,32.369,28.59,30.427
6398,127.96,2.555,3.268,bbox,31.522,32.369,28.59,30.427
6399,127.98,6.646,5.28,pose,31.522,32.369,28.59,30.427
6400,128.0,5.002,5.28,bbox,31.522,32.369,28.59,30.427
6401,128.02,4.86,5.002,bbox,31.631,32.369,28.659,30.427
6402,128.04,5.133,5.002,pose,31.668,32.369,28.659,30.427
6403,128.06,4.744,5.002,bbox,31.703,32.369,28.659,30.427
6404,128.08,2.217,4.86,bbox,31.703,32.369,28.659,30.427
6405,128.1,2.187,4.744,bbox,31.799,32.369,28.717,30.427
6406,128.12,2.166,2.217,bbox,31.832,32.369,28.717,30.427
6407,128.14,2.166,2.187,bbox,31.832,32.369,28.717,30.427
6408,128.16,4.449,2.187,bbox,31.832,32.369,28.717,30.427
6409,128.18,2.174,2.174,bbox,31.832,32.369,28.717,30.476
6410,128.2,2.582,2.174,bbox,31.832,32.369,28.717,30.476
6411,128.22,4.333,2.582,bbox,31.832,32.369,28.717,30.476
6412,128.24,2.446,2.582,bbox,31.832,32.369,28.717,30.476
6413,128.26,2.369,2.446,bbox,31.832,32.369,28.717,30.476
6414,128.28,3.783,2.582,pose,31.832,32.404,28.717,30.476
6415,128.3,2.236,2.446,bbox,31.865,32.404,28.795,30.476
6416,128.32,3.986,2.446,bbox,31.865,32.404,28.795,30.476
6417,128.34,3.712,3.712,pose,31.865,32.404,28.795,30.476
6418,128.36,3.91,3.783,bbox,31.865,32.404,28.795,30.515
6419,128.38,3.902,3.902,bbox,31.865,32.404,28.795,30.515
6420,128.4,3.974,3.91,pose,31.865,32.404,28.795,30.515
6421,128.42,3.888,3.902,bbox,31.93,32.404,28.795,30.515
6422,128.44,3.901,3.902,bbox,31.93,32.404,28.795,30.515
6423,128.46,2.923,3.901,bbox,32.053,32.404,28.795,30.555
6424,128.48,,,,32.053,32.404,28.795,30.555
6425,128.5,,,,32.053,32.404,28.795,30.555
6426,128.52,,,,32.053,32.404,28.795,30.555
6427,128.54,,,,32.053,32.404,28.795,30.555
6428,128.56,,,,32.053,32.404,28.795,30.555
6429,128.58,2.212,3.888,pose,32.085,32.404,28.795,30.555
6430,128.6,2.961,2.961,bbox,32.085,32.404,28.795,30.555
6431,128.62,2.937,2.937,bbox,32.085,32.404,28.795,30.555
6432,128.64,2.936,2.936,bbox,32.085,32.404,28.795,30.555
6433,128.66,2.914,2.936,bbox,32.085,32.404,28.795,30.555
6434,128.68,2.898,2.936,bbox,32.085,32.404,28.795,30.555
6435,128.7,2.906,2.914,bbox,32.085,32.404,28.795,30.555
6436,128.72,3.16,2.914,bbox,32.085,32.404,28.795,30.597
6437,128.74,2.919,2.914,bbox,32.085,32.404,28.795,30.597
6438,128.76,2.944,2.919,bbox,32.085,32.404,28.795,30.597
6439,128.78,2.423,2.919,bbox,32.085,32.404,28.795,30.597
6440,128.8,2.46,2.919,bbox,32.085,32.404,28.795,30.597
6441,128.82,2.518,2.518,bbox,32.085,32.404,28.795,30.597
6442,128.84,2.592,2.518,bbox,32.085,32.404,28.795,30.597
6443,128.86,2.65,2.518,bbox,32.085,32.404,28.795,30.667
6444,128.88,2.652,2.592,bbox,32.085,32.404,28.795,30.742
6445,128.9,2.741,2.65,bbox,32.085,32.404,28.795,30.742
6446,128.92,2.798,2.652,bbox,32.085,32.404,28.795,30.828
6447,128.94,2.823,2.741,bbox,32.085,32.404,28.795,30.863
6448,128.96,2.849,2.798,bbox,32.085,32.404,28.795,30.863
6449,128.98,3.941,2.823,bbox,32.085,32.404,28.795,30.907
6450,129.0,3.8,2.849,pose,32.085,32.404,28.795,30.907
6451,129.02,4.027,3.8,bbox,32.085,32.404,28.795,30.907
6452,129.04,3.738,3.8,bbox,32.085,32.473,28.837,30.907
6453,129.06,3.764,3.8,bbox,32.085,32.473,28.837,30.907
6454,129.08,3.756,3.764,bbox,32.085,32.543,28.837,30.907
6455,129.1,3.743,3.756,bbox,32.085,32.584,28.837,30.907
6456,129.12,3.864,3.756,pose,32.085,32.584,28.837,30.907
6457,129.14,4.481,3.764,bbox,32.085,32.584,28.837,30.907
6458,129.16,4.572,3.864,bbox,32.085,32.584,28.837,30.907
6459,129.18,3.324,3.864,pose,32.085,32.655,28.837,30.907
6460,129.2,4.646,4.481,bbox,32.085,32.655,28.837,30.975
6461,129.22,3.968,4.481,bbox,32.085,32.655,28.837,30.975
6462,129.24,4.06,4.06,pose,32.085,32.704,28.837,30.975
6463,129.26,4.826,4.06,bbox,32.085,32.742,28.837,30.975
6464,129.28,4.896,4.646,bbox,32.085,32.742,28.837,30.975
6465,129.3,4.247,4.247,pose,32.085,32.842,28.837,30.975
6466,129.32,4.239,4.247,bbox,32.085,32.842,28.837,30.975
6467,129.34,5.075,4.826,bbox,32.085,32.842,28.837,30.975
6468,129.36,4.605,4.605,pose,32.085,32.922,28.837,30.975
6469,129.38,5.231,4.605,bbox,32.085,32.962,28.837,31.024
6470,129.4,3.369,4.605,bbox,32.085,32.962,28.837,31.024
6471,129.42,4.941,4.941,pose,32.085,33.012,28.837,31.024
6472,129.44,5.358,4.941,bbox,32.085,33.012,28.837,31.024
6473,129.46,5.327,5.231,bbox,32.085,33.113,28.837,31.024
6474,129.48,5.198,5.198,pose,32.129,33.113,28.837,31.024
6475,129.5,5.426,5.327,bbox,32.129,33.113,28.837,31.024
6476,129.52,4.428,5.327,bbox,32.129,33.113,28.837,31.024
6477,129.54,5.31,5.31,pose,32.129,33.113,28.837,31.024
6478,129.56,5.491,5.31,bbox,32.129,33.149,28.837,31.064
6479,129.58,4.565,5.31,bbox,32.129,33.149,28.89,31.064
6480,129.6,4.593,4.593,bbox,32.129,33.149,28.89,31.064
6481,129.62,5.545,5.31,bbox,32.129,33.149,28.89,31.064
6482,129.64,5.569,5.491,bbox,32.129,33.149,28.89,31.064
6483,129.66,5.362,5.362,pose,32.129,33.149,28.89,31.129
6484,129.68,4.633,5.362,bbox,32.129,33.149,28.89,31.129
6485,129.7,4.628,5.362,bbox,32.129,33.149,28.89,31.129
6486,129.72,3.592,4.633,bbox,32.129,33.149,28.89,31.129
6487,129.74,3.582,4.628,bbox,32.238,33.149,28.89,31.129
6488,129.76,,,,32.238,33.149,28.89,31.129
6489,129.78,,,,32.238,33.149,28.89,31.129
6490,129.8,,,,32.238,33.149,28.89,31.129
6491,129.82,,,,32.238,33.149,28.89,31.129
6492,129.84,3.537,3.592,bbox,32.238,33.149,28.89,31.129
6493,129.86,4.861,3.592,bbox,32.238,33.149,28.89,31.129
6494,129.88,5.84,3.592,bbox,32.238,33.149,28.89,31.129
6495,129.9,3.966,3.966,bbox,32.238,33.149,28.89,31.129
6496,129.92,4.024,4.024,bbox,32.238,33.149,28.89,31.129
6497,129.94,5.472,4.861,bbox,32.238,33.149,28.89,31.129
6498,129.96,5.119,5.119,bbox,32.238,33.149,28.89,31.129
6499,129.98,5.105,5.105,bbox,32.238,33.221,28.89,31.129
6500,130.0,5.114,5.114,bbox,32.238,33.267,28.89,31.129
6501,130.02,5.27,5.119,pose,32.238,33.267,28.89,31.129
6502,130.04,5.753,5.119,bbox,32.238,33.267,28.89,31.129
6503,130.06,5.783,5.27,bbox,32.238,33.267,28.89,31.129
6504,130.08,5.251,5.27,pose,32.238,33.267,28.89,31.129
6505,130.1,5.287,5.287,bbox,32.238,33.267,28.89,31.129
6506,130.12,5.54,5.54,bbox,32.238,33.267,28.89,31.129
6507,130.14,5.106,5.287,pose,32.238,33.302,28.89,31.129
6508,130.16,5.538,5.287,bbox,32.238,33.302,28.963,31.129
6509,130.18,5.558,5.538,bbox,32.238,33.302,28.963,31.129
6510,130.2,4.971,5.538,pose,32.238,33.302,28.963,31.129
6511,130.22,5.588,5.538,bbox,32.238,33.302,28.963,31.129
6512,130.24,5.61,5.558,bbox,32.238,33.302,28.963,31.129
6513,130.26,4.952,5.558,pose,32.238,33.302,28.963,31.129
6514,130.28,5.487,5.487,bbox,32.238,33.302,28.963,31.129
6515,130.3,5.504,5.504,bbox,32.238,33.336,28.963,31.129
6516,130.32,5.39,5.487,bbox,32.238,33.379,29.032,31.129
6517,130.34,5.406,5.406,bbox,32.238,33.379,29.032,31.129
6518,130.36,3.091,5.406,bbox,32.238,33.379,29.032,31.129
6519,130.38,3.045,5.39,bbox,32.238,33.379,29.032,31.129
6520,130.4,3.038,3.091,bbox,32.238,33.379,29.032,31.129
6521,130.42,2.852,3.045,bbox,32.238,33.379,29.032,31.129
6522,130.44,2.526,3.038,pose,32.238,33.379,29.067,31.129
6523,130.46,2.839,2.852,bbox,32.274,33.379,29.067,31.129
6524,130.48,2.835,2.839,bbox,32.274,33.379,29.067,31.129
6525,130.5,2.61,2.835,pose,32.317,33.379,29.067,31.129
6526,130.52,2.784,2.784,bbox,32.317,33.379,29.067,31.129
6527,130.54,2.778,2.784,bbox,32.317,33.379,29.067,31.129
6528,130.56,2.774,2.778,bbox,32.383,33.379,29.067,31.129
6529,130.58,2.768,2.774,bbox,32.417,33.379,29.067,31.129
6530,130.6,2.729,2.774,bbox,32.467,33.379,29.067,31.129
6531,130.62,,,,32.467,33.379,29.067,31.129
6532,130.64,,,,32.467,33.379,29.067,31.129
6533,130.66,,,,32.467,33.379,29.067,31.129
6534,130.68,5.681,2.774,pose,32.524,33.379,29.067,31.129
6535,130.7,6.464,2.774,bbox,32.524,33.379,29.067,31.129
6536,130.72,6.432,5.681,bbox,32.524,33.379,29.067,31.216
6537,130.74,6.083,6.083,pose,32.524,33.414,29.067,31.216
6538,130.76,6.406,6.406,bbox,32.524,33.414,29.067,31.216
6539,130.78,,,,32.524,33.414,29.067,31.216
6540,130.8,,,,32.524,33.414,29.067,31.216
6541,130.82,,,,32.524,33.414,29.067,31.216
6542,130.84,,,,32.524,33.414,29.067,31.216
6543,130.86,6.531,6.432,bbox,32.524,33.414,29.067,31.216
6544,130.88,5.761,6.406,bbox,32.524,33.448,29.067,31.216
6545,130.9,5.783,6.083,bbox,32.524,33.523,29.067,31.285
6546,130.92,5.522,5.783,pose,32.524,33.523,29.067,31.285
6547,130.94,5.903,5.783,bbox,32.524,33.523,29.067,31.285
6548,130.96,5.924,5.783,bbox,32.524,33.523,29.067,31.285
6549,130.98,6.383,5.903,pose,32.524,33.523,29.124,31.285
6550,131.0,6.75,5.924,bbox,32.524,33.523,29.156,31.285
6551,131.02,6.677,6.383,bbox,32.524,33.523,29.156,31.285
6552,131.04,1.919,6.383,pose,32.524,33.523,29.156,31.285
6553,131.06,6.721,6.677,bbox,32.524,33.554,29.156,31.285
6554,131.08,2.129,6.677,bbox,32.524,33.554,29.156,31.285
6555,131.1,2.133,2.133,bbox,32.524,33.554,29.156,31.285
6556,131.12,2.107,2.129,bbox,32.524,33.554,29.156,31.285
6557,131.14,6.632,2.133,bbox,32.612,33.554,29.156,31.285
6558,131.16,6.11,2.133,pose,32.612,33.554,29.156,31.285
6559,131.18,5.859,5.859,bbox,32.612,33.554,29.156,31.285
6560,131.2,5.843,5.859,bbox,32.612,33.602,29.156,31.285
6561,131.22,5.529,5.859,pose,32.612,33.602,29.156,31.285
6562,131.24,5.844,5.844,bbox,32.612,33.602,29.156,31.285
6563,131.26,6.52,5.844,bbox,32.612,33.602,29.156,31.285
6564,131.28,5.533,5.843,pose,32.612,33.602,29.156,31.285
6565,131.3,5.938,5.844,bbox,32.612,33.602,29.156,31.323
6566,131.32,5.968,5.938,bbox,32.612,33.602,29.156,31.323
6567,131.34,5.592,5.938,pose,32.612,33.602,29.156,31.323
6568,131.36,5.977,5.938,bbox,32.612,33.602,29.156,31.323
6569,131.38,6.001,5.968,bbox,32.612,33.602,29.156,31.323
6570,131.4,5.629,5.968,pose,32.612,33.602,29.156,31.323
6571,131.42,6.022,5.977,bbox,32.612,33.602,29.156,31.323
6572,131.44,2.166,5.977,bbox,32.612,33.602,29.156,31.323
6573,131.46,,,,32.612,33.602,29.156,31.323
6574,131.48,,,,32.612,33.602,29.156,31.323
6575,131.5,,,,32.612,33.602,29.156,31.323
6576,131.52,,,,32.612,33.602,29.156,31.323
6577,131.54,,,,32.612,33.602,29.156,31.323
6578,131.56,,,,32.612,33.602,29.156,31.323
6579,131.58,,,,32.612,33.602,29.156,31.323
6580,131.6,,,,32.612,33.602,29.156,31.323
6581,131.62,,,,32.612,33.602,29.156,31.323
6582,131.64,,,,32.612,33.602,29.156,31.323
6583,131.66,,,,32.612,33.602,29.156,31.323
6584,131.68,,,,32.612,33.602,29.156,31.323
6585,131.7,,,,32.612,33.602,29.156,31.323
6586,131.72,,,,32.612,33.602,29.156,31.323
6587,131.74,,,,32.612,33.602,29.156,31.323
6588,131.76,,,,32.612,33.602,29.156,31.323
6589,131.78,,,,32.612,33.602,29.156,31.323
6590,131.8,,,,32.612,33.602,29.156,31.323
6591,131.82,,,,32.612,33.602,29.156,31.323
6592,131.84,,,,32.612,33.602,29.156,31.323
6593,131.86,,,,32.612,33.602,29.156,31.323
6594,131.88,,,,32.612,33.602,29.156,31.323
6595,131.9,,,,32.612,33.602,29.156,31.323
6596,131.92,,,,32.612,33.602,29.156,31.323
6597,131.94,,,,32.612,33.602,29.156,31.323
6598,131.96,,,,32.612,33.602,29.156,31.323
6599,131.98,,,,32.612,33.602,29.156,31.323
6600,132.0,,,,32.612,33.602,29.156,31.323
6601,132.02,,,,32.612,33.602,29.156,31.323
6602,132.04,,,,32.612,33.602,29.156,31.323
6603,132.06,,,,32.612,33.602,29.156,31.323
6604,132.08,,,,32.612,33.602,29.156,31.323
6605,132.1,,,,32.612,33.602,29.156,31.323
6606,132.12,,,,32.612,33.602,29.156,31.323
6607,132.14,,,,32.612,33.602,29.156,31.323
6608,132.16,,,,32.612,33.602,29.156,31.323
6609,132.18,,,,32.612,33.602,29.156,31.323
6610,132.2,,,,32.612,33.602,29.156,31.323
6611,132.22,,,,32.612,33.602,29.156,31.323
6612,132.24,,,,32.612,33.602,29.156,31.323
6613,132.26,,,,32.612,33.602,29.156,31.323
6614,132.28,1.993,5.629,bbox,32.612,33.602,29.156,31.323
6615,132.3,1.696,2.166,pose,32.612,33.602,29.156,31.323
6616,132.32,,,,32.612,33.602,29.156,31.323
6617,132.34,,,,32.612,33.602,29.156,31.323
6618,132.36,,,,32.612,33.602,29.156,31.323
6619,132.38,,,,32.612,33.602,29.156,31.323
6620,132.4,,,,32.612,33.602,29.156,31.323
6621,132.42,,,,32.612,33.602,29.156,31.323
6622,132.44,,,,32.612,33.602,29.156,31.323
6623,132.46,,,,32.612,33.602,29.156,31.323
6624,132.48,,,,32.612,33.602,29.156,31.323
6625,132.5,,,,32.612,33.602,29.156,31.323
6626,132.52,,,,32.612,33.602,29.156,31.323
6627,132.54,,,,32.612,33.602,29.156,31.323
6628,132.56,,,,32.612,33.602,29.156,31.323
6629,132.58,,,,32.612,33.602,29.156,31.323
6630,132.6,,,,32.612,33.602,29.156,31.323
6631,132.62,,,,32.612,33.602,29.156,31.323
6632,132.64,,,,32.612,33.602,29.156,31.323
6633,132.66,,,,32.612,33.602,29.156,31.323
6634,132.68,,,,32.612,33.602,29.156,31.323
6635,132.7,,,,32.612,33.602,29.156,31.323
6636,132.72,2.103,2.103,bbox,32.715,33.602,29.156,31.323
6637,132.74,2.062,2.062,bbox,32.771,33.602,29.156,31.323
6638,132.76,2.059,2.059,bbox,32.802,33.602,29.156,31.353
6639,132.78,,,,32.802,33.602,29.156,31.353
6640,132.8,,,,32.802,33.602,29.156,31.353
6641,132.82,2.077,2.062,bbox,32.802,33.602,29.156,31.353
6642,132.84,,,,32.802,33.602,29.156,31.353
6643,132.86,,,,32.802,33.602,29.156,31.353
6644,132.88,,,,32.802,33.602,29.156,31.353
6645,132.9,,,,32.802,33.602,29.156,31.353
6646,132.92,,,,32.802,33.602,29.156,31.353
6647,132.94,6.111,2.077,bbox,32.802,33.602,29.156,31.353
6648,132.96,6.316,2.077,bbox,32.802,33.602,29.156,31.353
6649,132.98,6.106,6.106,bbox,32.802,33.602,29.156,31.353
6650,133.0,2.103,6.106,bbox,32.802,33.602,29.156,31.353
6651,133.02,6.122,6.111,pose,32.802,33.602,29.156,31.353
6652,133.04,6.158,6.122,bbox,32.802,33.602,29.156,31.497
6653,133.06,2.189,6.106,bbox,32.802,33.663,29.297,31.497
6654,133.08,2.228,2.228,bbox,32.802,33.695,29.297,31.497
6655,133.1,2.254,2.254,bbox,32.802,33.695,29.297,31.497
6656,133.12,2.228,2.228,bbox,32.802,33.695,29.297,31.497
6657,133.14,5.974,2.228,bbox,32.802,33.695,29.297,31.497
6658,133.16,5.149,2.254,bbox,32.802,33.695,29.297,31.497
6659,133.18,5.197,5.149,bbox,32.802,33.695,29.297,31.497
6660,133.2,4.848,5.149,pose,32.802,33.695,29.297,31.497
6661,133.22,5.21,5.197,bbox,32.802,33.695,29.297,31.497
6662,133.24,5.205,5.197,bbox,32.802,33.695,29.297,31.497
6663,133.26,4.754,5.197,pose,32.802,33.695,29.297,31.497
6664,133.28,5.18,5.18,bbox,32.802,33.695,29.34,31.497
6665,133.3,5.116,5.18,bbox,32.802,33.695,29.34,31.497
6666,133.32,4.641,5.116,pose,32.802,33.695,29.34,31.497
6667,133.34,5.082,5.082,bbox,32.802,33.695,29.379,31.497
6668,133.36,5.101,5.101,bbox,32.802,33.695,29.379,31.497
6669,133.38,4.586,5.082,pose,32.802,33.695,29.379,31.497
6670,133.4,5.09,5.082,bbox,32.802,33.695,29.379,31.497
6671,133.42,5.092,5.09,bbox,32.802,33.695,29.379,31.497
6672,133.44,4.476,5.09,pose,32.802,33.695,29.379,31.497
6673,133.46,5.004,5.004,bbox,32.802,33.695,29.379,31.497
6674,133.48,4.993,5.004,bbox,32.802,33.695,29.379,31.497
6675,133.5,4.39,4.993,pose,32.802,33.695,29.379,31.497
6676,133.52,4.951,4.951,bbox,32.844,33.695,29.379,31.497
6677,133.54,4.961,4.961,bbox,32.844,33.695,29.379,31.497
6678,133.56,4.383,4.951,pose,32.844,33.695,29.379,31.497
6679,133.58,4.977,4.951,bbox,32.844,33.695,29.379,31.497
6680,133.6,4.976,4.961,bbox,32.844,33.695,29.379,31.497
6681,133.62,4.434,4.961,pose,32.844,33.695,29.379,31.497
6682,133.64,4.986,4.976,bbox,32.844,33.695,29.379,31.497
6683,133.66,4.988,4.977,bbox,32.844,33.695,29.379,31.497
6684,133.68,4.449,4.976,pose,32.844,33.695,29.379,31.497
6685,133.7,4.986,4.986,bbox,32.844,33.695,29.379,31.497
6686,133.72,4.952,4.986,bbox,32.844,33.695,29.379,31.497
6687,133.74,4.46,4.952,pose,32.844,33.695,29.379,31.497
6688,133.76,4.961,4.952,bbox,32.844,33.695,29.379,31.497
6689,133.78,4.907,4.952,bbox,32.844,33.695,29.379,31.497
6690,133.8,4.416,4.907,pose,32.844,33.695,29.379,31.497
6691,133.82,4.851,4.851,bbox,32.844,33.695,29.379,31.497
6692,133.84,4.829,4.851,bbox,32.844,33.695,29.379,31.497
6693,133.86,4.421,4.829,pose,32.844,33.695,29.379,31.497
6694,133.88,4.804,4.804,bbox,32.844,33.695,29.422,31.497
6695,133.9,4.774,4.804,bbox,32.844,33.695,29.422,31.497
6696,133.92,4.438,4.774,pose,32.844,33.695,29.422,31.497
6697,133.94,4.734,4.734,bbox,32.844,33.695,29.422,31.497
6698,133.96,4.715,4.734,bbox,32.844,33.695,29.422,31.497
6699,133.98,4.422,4.715,pose,32.844,33.695,29.422,31.497
6700,134.0,4.699,4.699,bbox,32.878,33.695,29.422,31.497
6701,134.02,4.729,4.715,bbox,32.878,33.695,29.422,31.497
6702,134.04,4.486,4.699,pose,32.878,33.695,29.422,31.497
6703,134.06,4.779,4.699,bbox,32.922,33.695,29.422,31.559
6704,134.08,4.785,4.729,bbox,32.922,33.695,29.422,31.559
6705,134.1,4.556,4.729,pose,32.922,33.695,29.422,31.559
6706,134.12,4.803,4.779,bbox,32.978,33.695,29.422,31.559
6707,134.14,4.848,4.785,bbox,32.978,33.695,29.422,31.559
6708,134.16,4.66,4.785,pose,32.978,33.695,29.422,31.559
6709,134.18,4.922,4.803,bbox,33.019,33.695,29.422,31.559
6710,134.2,4.946,4.848,bbox,33.019,33.695,29.422,31.559
6711,134.22,4.737,4.848,pose,33.019,33.695,29.422,31.559
6712,134.24,4.965,4.922,bbox,33.019,33.695,29.422,31.559
6713,134.26,4.99,4.946,bbox,33.019,33.695,29.422,31.559
6714,134.28,4.917,4.946,pose,33.019,33.695,29.422,31.559
6715,134.3,5.119,4.965,bbox,33.019,33.695,29.422,31.559
6716,134.32,5.064,4.99,bbox,33.019,33.695,29.422,31.559
6717,134.34,5.112,5.064,bbox,33.019,33.695,29.422,31.559
6718,134.36,5.113,5.112,bbox,33.019,33.695,29.422,31.559
6719,134.38,5.127,5.113,bbox,33.019,33.695,29.422,31.559
6720,134.4,4.88,5.112,pose,33.019,33.695,29.422,31.559
6721,134.42,5.135,5.113,bbox,33.019,33.695,29.422,31.559
6722,134.44,5.103,5.113,bbox,33.019,33.695,29.422,31.559
6723,134.46,5.116,5.116,bbox,33.019,33.695,29.422,31.559
6724,134.48,5.144,5.116,bbox,33.019,33.695,29.422,31.559
6725,134.5,5.151,5.135,bbox,33.019,33.695,29.422,31.559
6726,134.52,5.155,5.144,bbox,33.019,33.695,29.422,31.559
6727,134.54,6.478,5.151,bbox,33.019,33.695,29.422,31.559
6728,134.56,6.479,5.155,bbox,33.055,33.695,29.422,31.559
6729,134.58,5.315,5.315,bbox,33.055,33.695,29.422,31.559
6730,134.6,6.485,6.478,bbox,33.055,33.695,29.422,31.559
6731,134.62,5.231,6.478,bbox,33.055,33.695,29.422,31.559
6732,134.64,5.29,5.315,bbox,33.055,33.695,29.422,31.559
6733,134.66,5.259,5.29,bbox,33.055,33.695,29.422,31.559
6734,134.68,6.523,5.29,bbox,33.095,33.695,29.422,31.559
6735,134.7,6.511,5.29,bbox,33.095,33.695,29.422,31.559
6736,134.72,5.331,5.331,bbox,33.095,33.695,29.422,31.559
6737,134.74,5.304,5.331,bbox,33.095,33.695,29.422,31.559
6738,134.76,6.379,6.379,bbox,33.095,33.695,29.422,31.559
6739,134.78,5.324,5.331,bbox,33.095,33.695,29.422,31.559
6740,134.8,5.33,5.33,bbox,33.095,33.695,29.422,31.559
6741,134.82,5.36,5.33,bbox,33.095,33.695,29.422,31.559
6742,134.84,5.343,5.343,bbox,33.095,33.695,29.422,31.559
6743,134.86,5.325,5.33,bbox,33.095,33.695,29.422,31.559
6744,134.88,5.297,5.33,bbox,33.095,33.695,29.422,31.559
6745,134.9,5.306,5.325,bbox,33.095,33.695,29.422,31.559
6746,134.92,5.322,5.322,bbox,33.095,33.695,29.422,31.559
6747,134.94,5.323,5.322,bbox,33.095,33.695,29.422,31.559
6748,134.96,5.321,5.321,bbox,33.095,33.695,29.422,31.559
6749,134.98,6.427,5.322,bbox,33.095,33.695,29.422,31.559
6750,135.0,5.3,5.322,bbox,33.095,33.695,29.422,31.559
6751,135.02,5.314,5.321,bbox,33.095,33.695,29.422,31.559
6752,135.04,5.34,5.321,bbox,33.095,33.695,29.422,31.559
6753,135.06,5.334,5.334,bbox,33.095,33.695,29.422,31.559
6754,135.08,5.347,5.334,bbox,33.095,33.695,29.422,31.559
6755,135.1,5.36,5.34,bbox,33.095,33.695,29.422,31.559
6756,135.12,5.379,5.347,bbox,33.095,33.695,29.422,31.559
6757,135.14,5.386,5.36,bbox,33.095,33.695,29.422,31.559
6758,135.16,5.386,5.379,bbox,33.095,33.695,29.422,31.559
6759,135.18,5.375,5.379,bbox,33.095,33.695,29.422,31.559
6760,135.2,5.365,5.379,bbox,33.095,33.695,29.422,31.559
6761,135.22,5.361,5.375,bbox,33.095,33.695,29.422,31.559
6762,135.24,5.361,5.365,bbox,33.095,33.695,29.422,31.559
6763,135.26,5.354,5.361,bbox,33.095,33.695,29.422,31.559
6764,135.28,5.324,5.361,bbox,33.095,33.695,29.422,31.559
6765,135.3,5.285,5.354,bbox,33.095,33.695,29.422,31.559
6766,135.32,5.262,5.324,bbox,33.137,33.695,29.422,31.559
6767,135.34,5.247,5.285,bbox,33.137,33.695,29.422,31.559
6768,135.36,4.979,5.262,pose,33.137,33.695,29.422,31.559
6769,135.38,5.287,5.262,bbox,33.137,33.695,29.422,31.559
6770,135.4,5.227,5.247,bbox,33.137,33.695,29.422,31.559
6771,135.42,4.702,5.227,pose,33.137,33.695,29.422,31.559
6772,135.44,5.109,5.109,bbox,33.137,33.695,29.422,31.559
6773,135.46,5.058,5.109,bbox,33.137,33.695,29.422,31.559
6774,135.48,4.542,5.058,pose,33.137,33.695,29.422,31.559
6775,135.5,4.934,4.934,bbox,33.137,33.695,29.422,31.559
6776,135.52,4.889,4.934,bbox,33.137,33.695,29.422,31.559
6777,135.54,4.408,4.889,pose,33.137,33.695,29.422,31.559
6778,135.56,4.862,4.862,bbox,33.137,33.695,29.422,31.559
6779,135.58,4.852,4.862,bbox,33.137,33.695,29.422,31.559
6780,135.6,4.379,4.852,pose,33.137,33.695,29.422,31.559
6781,135.62,4.813,4.813,bbox,33.137,33.695,29.422,31.559
6782,135.64,4.829,4.829,bbox,33.137,33.695,29.422,31.559
6783,135.66,4.355,4.813,pose,33.137,33.695,29.422,31.559
6784,135.68,4.826,4.813,bbox,33.137,33.695,29.422,31.559
6785,135.7,4.792,4.813,bbox,33.137,33.695,29.422,31.559
6786,135.72,4.343,4.792,pose,33.137,33.695,29.422,31.559
6787,135.74,4.84,4.792,bbox,33.137,33.695,29.422,31.559
6788,135.76,4.816,4.816,bbox,33.137,33.695,29.422,31.559
6789,135.78,4.369,4.792,pose,33.137,33.695,29.422,31.559
6790,135.8,4.817,4.816,bbox,33.137,33.695,29.422,31.559
6791,135.82,4.794,4.816,bbox,33.137,33.695,29.422,31.559
6792,135.84,4.35,4.794,pose,33.137,33.695,29.422,31.559
6793,135.86,4.842,4.794,bbox,33.137,33.695,29.422,31.559
6794,135.88,4.862,4.817,bbox,33.137,33.695,29.422,31.559
6795,135.9,4.379,4.794,pose,33.137,33.695,29.422,31.559
6796,135.92,4.904,4.842,bbox,33.137,33.695,29.422,31.559
6797,135.94,4.924,4.862,bbox,33.137,33.695,29.422,31.559
6798,135.96,4.392,4.862,pose,33.137,33.695,29.422,31.559
6799,135.98,4.934,4.904,bbox,33.137,33.695,29.422,31.559
6800,136.0,4.892,4.904,bbox,33.137,33.695,29.422,31.559
6801,136.02,4.355,4.892,pose,33.137,33.695,29.422,31.559
6802,136.04,4.877,4.877,bbox,33.137,33.695,29.422,31.559
6803,136.06,4.84,4.877,bbox,33.137,33.695,29.458,31.559
6804,136.08,4.375,4.84,pose,33.137,33.695,29.458,31.559
6805,136.1,4.827,4.827,bbox,33.137,33.727,29.49,31.559
6806,136.12,4.832,4.832,bbox,33.137,33.727,29.541,31.559
6807,136.14,4.407,4.827,pose,33.137,33.727,29.541,31.559
6808,136.16,4.858,4.827,bbox,33.137,33.727,29.574,31.559
6809,136.18,4.846,4.832,bbox,33.137,33.727,29.574,31.559
6810,136.2,4.368,4.832,pose,33.137,33.727,29.574,31.559
6811,136.22,4.816,4.816,bbox,33.137,33.727,29.574,31.559
6812,136.24,4.827,4.827,bbox,33.137,33.727,29.574,31.559
6813,136.26,4.353,4.816,pose,33.137,33.727,29.574,31.559
6814,136.28,4.841,4.816,bbox,33.137,33.727,29.574,31.559
6815,136.3,4.848,4.827,bbox,33.137,33.727,29.574,31.559
6816,136.32,4.364,4.827,pose,33.137,33.727,29.574,31.559
6817,136.34,4.797,4.797,bbox,33.137,33.727,29.574,31.559
6818,136.36,4.78,4.797,bbox,33.137,33.727,29.574,31.559
6819,136.38,4.324,4.78,pose,33.137,33.727,29.574,31.559
6820,136.4,4.744,4.744,bbox,33.137,33.727,29.574,31.559
6821,136.42,4.751,4.751,bbox,33.137,33.727,29.574,31.559
6822,136.44,4.359,4.744,pose,33.137,33.727,29.574,31.559
6823,136.46,4.72,4.72,bbox,33.137,33.727,29.574,31.559
6824,136.48,4.702,4.72,bbox,33.137,33.727,29.574,31.559
6825,136.5,4.318,4.702,pose,33.137,33.727,29.574,31.559
6826,136.52,4.627,4.627,bbox,33.137,33.727,29.574,31.559
6827,136.54,4.649,4.649,bbox,33.137,33.727,29.574,31.559
6828,136.56,4.326,4.627,pose,33.137,33.727,29.574,31.559
6829,136.58,5.189,4.627,bbox,33.137,33.727,29.622,31.559
6830,136.6,5.183,4.649,bbox,33.137,33.727,29.622,31.559
6831,136.62,,,,33.137,33.727,29.622,31.559
6832,136.64,,,,33.137,33.727,29.622,31.559
6833,136.66,,,,33.137,33.727,29.622,31.559
6834,136.68,,,,33.137,33.727,29.622,31.559
6835,136.7,5.107,5.107,bbox,33.137,33.727,29.622,31.559
6836,136.72,,,,33.137,33.727,29.622,31.559
6837,136.74,4.378,5.107,pose,33.137,33.727,29.622,31.559
6838,136.76,5.061,5.107,bbox,33.137,33.727,29.622,31.559
6839,136.78,4.675,5.061,bbox,33.137,33.727,29.622,31.559
6840,136.8,5.025,5.025,bbox,33.179,33.727,29.622,31.559
6841,136.82,4.99,4.99,bbox,33.231,33.727,29.622,31.559
6842,136.84,5.001,5.001,bbox,33.265,33.727,29.622,31.559
6843,136.86,4.387,4.99,pose,33.265,33.727,29.622,31.559
6844,136.88,4.639,4.99,bbox,33.265,33.727,29.622,31.559
6845,136.9,4.646,4.646,bbox,33.265,33.727,29.622,31.559
6846,136.92,4.415,4.639,pose,33.265,33.727,29.622,31.559
6847,136.94,4.654,4.639,bbox,33.265,33.727,29.622,31.559
6848,136.96,4.619,4.639,bbox,33.265,33.727,29.622,31.559
6849,136.98,4.375,4.619,pose,33.265,33.727,29.622,31.559
6850,137.0,4.607,4.607,bbox,33.265,33.727,29.622,31.559
6851,137.02,4.597,4.607,bbox,33.265,33.727,29.622,31.559
6852,137.04,4.378,4.597,pose,33.265,33.727,29.622,31.559
6853,137.06,4.612,4.597,bbox,33.265,33.727,29.622,31.559
6854,137.08,4.609,4.607,bbox,33.265,33.727,29.622,31.559
6855,137.1,4.657,4.609,pose,33.265,33.727,29.622,31.559
6856,137.12,4.609,4.609,bbox,33.265,33.727,29.622,31.559
6857,137.14,4.606,4.609,bbox,33.265,33.727,29.622,31.559
6858,137.16,4.405,4.609,pose,33.265,33.727,29.622,31.559
6859,137.18,4.579,4.606,bbox,33.265,33.727,29.622,31.559
6860,137.2,4.564,4.579,bbox,33.265,33.727,29.622,31.559
6861,137.22,4.421,4.564,pose,33.265,33.727,29.622,31.559
6862,137.24,4.531,4.531,bbox,33.313,33.727,29.622,31.559
6863,137.26,4.522,4.531,bbox,33.313,33.727,29.622,31.559
6864,137.28,4.42,4.522,pose,33.313,33.727,29.622,31.559
6865,137.3,4.439,4.439,bbox,33.354,33.727,29.622,31.559
6866,137.32,4.383,4.439,bbox,33.354,33.727,29.622,31.559
6867,137.34,4.37,4.42,pose,33.354,33.727,29.622,31.559
6868,137.36,4.318,4.383,bbox,33.425,33.727,29.622,31.559
6869,137.38,4.276,4.37,bbox,33.466,33.727,29.622,31.559
6870,137.4,4.364,4.364,pose,33.466,33.727,29.622,31.559
6871,137.42,4.245,4.318,bbox,33.525,33.727,29.622,31.559
6872,137.44,4.223,4.276,bbox,33.525,33.727,29.622,31.559
6873,137.46,4.353,4.276,pose,33.525,33.727,29.622,31.559
6874,137.48,4.204,4.245,bbox,33.569,33.727,29.622,31.559
6875,137.5,4.188,4.223,bbox,33.569,33.727,29.622,31.559
6876,137.52,4.365,4.223,pose,33.569,33.727,29.622,31.559
6877,137.54,4.183,4.204,bbox,33.6,33.727,29.622,31.559
6878,137.56,4.183,4.188,bbox,33.6,33.727,29.622,31.559
6879,137.58,4.353,4.188,pose,33.6,33.727,29.622,31.559
6880,137.6,4.224,4.224,bbox,33.6,33.727,29.622,31.559
6881,137.62,4.242,4.224,bbox,33.6,33.727,29.622,31.559
6882,137.64,4.322,4.242,pose,33.6,33.727,29.622,31.559
6883,137.66,4.297,4.297,bbox,33.6,33.727,29.622,31.559
6884,137.68,4.282,4.282,bbox,33.6,33.727,29.622,31.559
6885,137.7,4.33,4.297,pose,33.6,33.727,29.622,31.559
6886,137.72,4.301,4.301,bbox,33.6,33.727,29.622,31.559
6887,137.74,4.318,4.301,bbox,33.6,33.727,29.622,31.559
6888,137.76,3.919,4.301,pose,33.6,33.727,29.622,31.559
6889,137.78,4.26,4.301,bbox,33.6,33.727,29.622,31.559
6890,137.8,4.203,4.26,bbox,33.6,33.727,29.622,31.559
6891,137.82,3.56,4.203,pose,33.6,33.727,29.622,31.559
6892,137.84,4.092,4.092,bbox,33.6,33.727,29.655,31.559
6893,137.86,4.07,4.092,bbox,33.6,33.727,29.655,31.559
6894,137.88,7.607,4.092,bbox,33.6,33.727,29.655,31.559
6895,137.9,,,,33.6,33.727,29.655,31.559
6896,137.92,,,,33.6,33.727,29.655,31.559
6897,137.94,,,,33.6,33.727,29.655,31.559
6898,137.96,,,,33.6,33.727,29.655,31.559
6899,137.98,,,,33.6,33.727,29.655,31.559
6900,138.0,3.16,4.07,pose,33.69,33.727,29.655,31.559
6901,138.02,4.083,4.083,bbox,33.728,33.727,29.655,31.559
6902,138.04,3.658,4.07,bbox,33.728,33.727,29.655,31.559
6903,138.06,2.791,3.658,pose,33.802,33.727,29.655,31.559
6904,138.08,3.608,3.608,bbox,33.802,33.727,29.655,31.559
6905,138.1,3.663,3.658,bbox,33.802,33.727,29.655,31.559
6906,138.12,3.08,3.608,pose,33.802,33.727,29.655,31.559
6907,138.14,3.859,3.608,bbox,33.802,33.727,29.655,31.559
6908,138.16,3.81,3.663,bbox,33.802,33.727,29.655,31.559
6909,138.18,3.039,3.663,pose,33.802,33.727,29.655,31.559
6910,138.2,3.709,3.709,bbox,33.802,33.727,29.655,31.559
6911,138.22,3.685,3.709,bbox,33.802,33.727,29.655,31.559
6912,138.24,3.359,3.685,pose,33.802,33.727,29.655,31.559
6913,138.26,2.602,3.359,bbox,33.802,33.727,29.713,31.559
6914,138.28,2.602,3.359,bbox,33.802,33.727,29.75,31.559
6915,138.3,1.871,2.602,pose,33.802,33.727,29.75,31.559
6916,138.32,2.671,2.602,bbox,33.802,33.76,29.75,31.559
6917,138.34,,,,33.802,33.76,29.75,31.559
6918,138.36,,,,33.802,33.76,29.75,31.559
6919,138.38,,,,33.802,33.76,29.75,31.559
6920,138.4,,,,33.802,33.76,29.75,31.559
6921,138.42,,,,33.802,33.76,29.75,31.559
6922,138.44,,,,33.802,33.76,29.75,31.559
6923,138.46,,,,33.802,33.76,29.75,31.559
6924,138.48,,,,33.802,33.76,29.75,31.559
6925,138.5,,,,33.802,33.76,29.75,31.559
6926,138.52,,,,33.802,33.76,29.75,31.559
6927,138.54,,,,33.802,33.76,29.75,31.559
6928,138.56,,,,33.802,33.76,29.75,31.559
6929,138.58,,,,33.802,33.76,29.75,31.559
6930,138.6,,,,33.802,33.76,29.75,31.559
6931,138.62,,,,33.802,33.76,29.75,31.559
6932,138.64,,,,33.802,33.76,29.75,31.559
6933,138.66,,,,33.802,33.76,29.75,31.559
6934,138.68,,,,33.802,33.76,29.75,31.559
6935,138.7,,,,33.802,33.76,29.75,31.559
6936,138.72,,,,33.802,33.76,29.75,31.559
6937,138.74,,,,33.802,33.76,29.75,31.559
6938,138.76,,,,33.802,33.76,29.75,31.559
6939,138.78,,,,33.802,33.76,29.75,31.559
6940,138.8,,,,33.802,33.76,29.75,31.559
6941,138.82,,,,33.802,33.76,29.75,31.559
6942,138.84,,,,33.802,33.76,29.75,31.559
6943,138.86,,,,33.802,33.76,29.75,31.559
6944,138.88,,,,33.802,33.76,29.75,31.559
6945,138.9,,,,33.802,33.76,29.75,31.559
6946,138.92,3.209,2.602,bbox,33.802,33.76,29.75,31.559
6947,138.94,3.24,2.671,bbox,33.836,33.76,29.785,31.559
6948,138.96,2.519,2.671,pose,33.836,33.76,29.785,31.559
6949,138.98,3.234,3.209,bbox,33.836,33.76,29.902,31.559
6950,139.0,3.195,3.209,bbox,33.836,33.76,29.902,31.559
6951,139.02,2.412,3.195,pose,33.836,33.76,29.902,31.559
6952,139.04,3.156,3.156,bbox,33.868,33.76,29.902,31.559
6953,139.06,3.139,3.156,bbox,33.908,33.76,29.902,31.559
6954,139.08,2.477,3.139,pose,33.908,33.76,29.902,31.559
6955,139.1,3.122,3.122,bbox,33.975,33.76,29.94,31.559
6956,139.12,3.122,3.122,bbox,33.975,33.76,29.94,31.559
6957,139.14,2.494,3.122,pose,33.975,33.76,29.94,31.559
6958,139.16,3.135,3.122,bbox,34.035,33.76,29.94,31.559
6959,139.18,3.155,3.122,bbox,34.035,33.76,29.94,31.559
6960,139.2,2.536,3.122,pose,34.035,33.76,29.94,31.559
6961,139.22,3.123,3.123,bbox,34.079,33.76,29.94,31.559
6962,139.24,3.124,3.124,bbox,34.079,33.76,29.94,31.559
6963,139.26,2.481,3.123,pose,34.079,33.76,29.94,31.559
6964,139.28,3.059,3.059,bbox,34.113,33.76,29.94,31.559
6965,139.3,2.967,3.059,bbox,34.113,33.76,29.94,31.559
6966,139.32,2.306,2.967,pose,34.113,33.76,29.94,31.559
6967,139.34,3.03,2.967,bbox,34.113,33.76,29.94,31.559
6968,139.36,6.392,3.03,bbox,34.173,33.76,29.94,31.559
6969,139.38,2.167,2.967,pose,34.173,33.76,29.94,31.662
6970,139.4,3.035,3.03,bbox,34.173,33.76,29.94,31.662
6971,139.42,3.058,3.035,bbox,34.173,33.76,29.993,31.662
6972,139.44,2.22,3.035,pose,34.173,33.76,29.993,31.757
6973,139.46,3.091,3.035,bbox,34.208,33.76,30.067,31.757
6974,139.48,3.135,3.058,bbox,34.208,33.76,30.067,31.757
6975,139.5,2.263,3.058,pose,34.208,33.76,30.067,31.757
6976,139.52,3.159,3.091,bbox,34.25,33.76,30.067,31.757
6977,139.54,3.192,3.135,bbox,34.25,33.76,30.067,31.757
6978,139.56,2.327,3.135,pose,34.25,33.76,30.067,31.757
6979,139.58,3.152,3.152,bbox,34.25,33.76,30.067,31.757
6980,139.6,3.129,3.152,bbox,34.25,33.76,30.067,31.757
6981,139.62,2.22,3.129,pose,34.25,33.76,30.067,31.757
6982,139.64,3.123,3.123,bbox,34.25,33.76,30.067,31.757
6983,139.66,3.129,3.129,bbox,34.25,33.76,30.067,31.757
6984,139.68,2.227,3.123,pose,34.25,33.76,30.067,31.757
6985,139.7,3.111,3.111,bbox,34.25,33.76,30.067,31.757
6986,139.72,3.055,3.111,bbox,34.25,33.76,30.067,31.757
6987,139.74,2.264,3.055,pose,34.25,33.76,30.067,31.757
6988,139.76,3.106,3.055,bbox,34.25,33.76,30.067,31.788
6989,139.78,3.147,3.106,bbox,34.25,33.76,30.067,31.788
6990,139.8,3.185,3.106,bbox,34.25,33.76,30.067,31.788
6991,139.82,3.241,3.147,bbox,34.25,33.76,30.067,31.788
6992,139.84,3.276,3.185,bbox,34.25,33.76,30.067,31.788
6993,139.86,2.507,3.185,pose,34.25,33.76,30.067,31.788
6994,139.88,3.323,3.241,bbox,34.25,33.76,30.067,31.788
6995,139.9,3.323,3.276,bbox,34.25,33.76,30.067,31.788
6996,139.92,2.494,3.276,pose,34.25,33.76,30.067,31.788
6997,139.94,3.318,3.318,bbox,34.25,33.76,30.067,31.788
6998,139.96,3.29,3.318,bbox,34.25,33.76,30.067,31.788
6999,139.98,2.386,3.29,pose,34.25,33.76,30.067,31.788
7000,140.0,3.21,3.21,bbox,34.25,33.76,30.067,31.788
7001,140.02,3.161,3.21,bbox,34.25,33.76,30.067,31.788
7002,140.04,2.228,3.161,pose,34.25,33.76,30.067,31.788
7003,140.06,3.043,3.043,bbox,34.25,33.76,30.099,31.788
7004,140.08,3.02,3.043,bbox,34.25,33.76,30.099,31.788
7005,140.1,2.225,3.02,pose,34.25,33.76,30.099,31.788
7006,140.12,3.004,3.004,bbox,34.287,33.76,30.148,31.788
7007,140.14,2.974,3.004,bbox,34.287,33.76,30.148,31.788
7008,140.16,2.245,2.974,pose,34.287,33.76,30.148,31.788
7009,140.18,2.919,2.919,bbox,34.329,33.76,30.148,31.788
7010,140.2,2.904,2.919,bbox,34.363,33.76,30.148,31.788
7011,140.22,2.234,2.904,pose,34.363,33.76,30.148,31.788
7012,140.24,2.864,2.864,bbox,34.42,33.76,30.148,31.788
7013,140.26,2.862,2.864,bbox,34.42,33.76,30.148,31.788
7014,140.28,2.291,2.862,pose,34.42,33.76,30.148,31.822
7015,140.3,2.666,2.666,bbox,34.47,33.76,30.148,31.822
7016,140.32,2.867,2.862,bbox,34.47,33.76,30.148,31.822
7017,140.34,2.251,2.666,pose,34.47,33.76,30.148,31.822
7018,140.36,2.975,2.666,bbox,34.47,33.795,30.148,31.875
7019,140.38,6.406,2.867,bbox,34.47,33.795,30.148,31.875
7020,140.4,6.544,2.975,pose,34.47,33.829,30.148,31.875
7021,140.42,6.431,6.406,bbox,34.47,33.929,30.148,31.875
7022,140.44,6.488,6.431,bbox,34.47,33.929,30.148,31.875
7023,140.46,,,,34.47,33.929,30.148,31.875
7024,140.48,6.543,6.488,bbox,34.47,33.967,30.148,31.875
7025,140.5,,,,34.47,33.967,30.148,31.875
7026,140.52,2.706,6.488,pose,34.47,34.031,30.148,31.875
7027,140.54,2.799,6.431,bbox,34.47,34.031,30.148,31.875
7028,140.56,3.432,3.432,bbox,34.47,34.088,30.148,31.875
7029,140.58,2.834,2.834,pose,34.47,34.088,30.234,31.875
7030,140.6,3.233,2.834,bbox,34.47,34.088,30.234,31.875
7031,140.62,3.22,3.22,bbox,34.47,34.088,30.234,31.875
7032,140.64,2.64,3.22,pose,34.47,34.088,30.234,31.875
7033,140.66,3.199,3.199,bbox,34.47,34.088,30.234,31.875
7034,140.68,3.233,3.22,bbox,34.47,34.088,30.234,31.875
7035,140.7,2.583,3.199,pose,34.47,34.088,30.234,31.875
7036,140.72,3.302,3.199,bbox,34.47,34.088,30.272,31.875
7037,140.74,2.659,3.199,bbox,34.47,34.088,30.272,31.875
7038,140.76,,,,34.47,34.088,30.272,31.875
7039,140.78,,,,34.47,34.088,30.272,31.875
7040,140.8,,,,34.47,34.088,30.272,31.875
7041,140.82,,,,34.47,34.088,30.272,31.875
7042,140.84,,,,34.47,34.088,30.272,31.875
7043,140.86,,,,34.47,34.088,30.272,31.875
7044,140.88,,,,34.47,34.088,30.272,31.875
7045,140.9,,,,34.47,34.088,30.272,31.875
7046,140.92,,,,34.47,34.088,30.272,31.875
7047,140.94,,,,34.47,34.088,30.272,31.875
7048,140.96,3.115,3.115,bbox,34.47,34.088,30.325,31.875
7049,140.98,3.117,3.115,bbox,34.47,34.088,30.325,31.875
7050,141.0,2.241,3.115,pose,34.47,34.088,30.325,31.875
7051,141.02,3.14,3.115,bbox,34.47,34.088,30.325,31.875
7052,141.04,3.084,3.115,bbox,34.47,34.088,30.325,31.875
7053,141.06,2.219,3.084,pose,34.47,34.088,30.325,31.875
7054,141.08,3.04,3.04,bbox,34.47,34.088,30.325,31.875
7055,141.1,3.058,3.058,bbox,34.47,34.088,30.325,31.875
7056,141.12,2.296,3.04,pose,34.47,34.088,30.325,31.875
7057,141.14,3.084,3.04,bbox,34.47,34.088,30.325,31.875
7058,141.16,3.107,3.058,bbox,34.47,34.088,30.325,31.875
7059,141.18,2.404,3.058,pose,34.47,34.088,30.325,31.875
7060,141.2,3.144,3.084,bbox,34.47,34.088,30.325,31.875
7061,141.22,3.164,3.107,bbox,34.47,34.088,30.325,31.875
7062,141.24,2.453,3.107,pose,34.47,34.088,30.325,31.875
7063,141.26,3.212,3.144,bbox,34.47,34.088,30.325,31.875
7064,141.28,3.232,3.164,bbox,34.47,34.088,30.325,31.875
7065,141.3,2.48,3.164,pose,34.47,34.088,30.325,31.875
7066,141.32,3.238,3.212,bbox,34.47,34.088,30.325,31.875
7067,141.34,3.228,3.228,bbox,34.47,34.088,30.325,31.875
7068,141.36,2.432,3.228,pose,34.47,34.088,30.325,31.875
7069,141.38,3.159,3.159,bbox,34.47,34.088,30.325,31.875
7070,141.4,6.522,3.228,bbox,34.47,34.088,30.325,31.875
7071,141.42,5.735,3.228,pose,34.47,34.231,30.325,31.875
7072,141.44,6.344,5.735,bbox,34.47,34.231,30.325,31.875
7073,141.46,,,,34.47,34.231,30.325,31.875
7074,141.48,5.527,5.735,pose,34.47,34.265,30.325,31.875
7075,141.5,6.145,6.145,bbox,34.47,34.265,30.325,31.875
7076,141.52,6.163,6.145,bbox,34.505,34.265,30.325,31.875
7077,141.54,5.389,6.145,pose,34.505,34.265,30.325,31.875
7078,141.56,6.119,6.119,bbox,34.505,34.265,30.378,31.875
7079,141.58,6.15,6.145,bbox,34.505,34.265,30.378,31.875
7080,141.6,2.296,6.119,pose,34.505,34.265,30.378,31.875
7081,141.62,2.927,5.389,bbox,34.505,34.265,30.378,31.875
7082,141.64,2.927,2.927,bbox,34.505,34.265,30.378,31.875
7083,141.66,2.128,2.927,pose,34.505,34.265,30.378,31.875
7084,141.68,2.923,2.923,bbox,34.65,34.265,30.378,31.875
7085,141.7,2.952,2.927,bbox,34.65,34.265,30.378,31.875
7086,141.72,2.171,2.923,pose,34.65,34.265,30.378,31.875
7087,141.74,2.986,2.923,bbox,34.65,34.265,30.378,31.875
7088,141.76,2.972,2.952,bbox,34.65,34.265,30.378,31.875
7089,141.78,2.315,2.952,pose,34.65,34.265,30.378,31.875
7090,141.8,2.94,2.94,bbox,34.65,34.265,30.378,31.875
7091,141.82,2.944,2.944,bbox,34.68,34.265,30.378,31.875
7092,141.84,2.181,2.94,pose,34.68,34.265,30.378,31.875
7093,141.86,2.989,2.94,bbox,34.68,34.265,30.378,31.952
7094,141.88,3.008,2.944,bbox,34.68,34.265,30.378,31.952
7095,141.9,2.181,2.944,pose,34.68,34.265,30.378,31.988
7096,141.92,3.125,2.989,bbox,34.68,34.299,30.378,32.103
7097,141.94,3.136,3.008,bbox,34.68,34.299,30.378,32.103
7098,141.96,2.346,3.008,pose,34.68,34.299,30.378,32.103
7099,141.98,3.167,3.125,bbox,34.68,34.332,30.378,32.103
7100,142.0,2.843,3.125,bbox,34.711,34.332,30.378,32.103
7101,142.02,2.16,2.843,pose,34.711,34.332,30.378,32.103
7102,142.04,,,,34.711,34.332,30.378,32.103
7103,142.06,2.091,2.346,bbox,34.711,34.403,30.378,32.103
7104,142.08,3.015,2.843,bbox,34.711,34.403,30.378,32.103
7105,142.1,,,,34.711,34.403,30.378,32.103
7106,142.12,,,,34.711,34.403,30.378,32.103
7107,142.14,,,,34.711,34.403,30.378,32.103
7108,142.16,,,,34.711,34.403,30.378,32.103
7109,142.18,,,,34.711,34.403,30.378,32.103
7110,142.2,,,,34.711,34.403,30.378,32.103
7111,142.22,,,,34.711,34.403,30.378,32.103
7112,142.24,,,,34.711,34.403,30.378,32.103
7113,142.26,,,,34.711,34.403,30.378,32.103
7114,142.28,,,,34.711,34.403,30.378,32.103
7115,142.3,,,,34.711,34.403,30.378,32.103
7116,142.32,,,,34.711,34.403,30.378,32.103
7117,142.34,,,,34.711,34.403,30.378,32.103
7118,142.36,,,,34.711,34.403,30.378,32.103
7119,142.38,,,,34.711,34.403,30.378,32.103
7120,142.4,,,,34.711,34.403,30.378,32.103
7121,142.42,,,,34.711,34.403,30.378,32.103
7122,142.44,,,,34.711,34.403,30.378,32.103
7123,142.46,,,,34.711,34.403,30.378,32.103
7124,142.48,,,,34.711,34.403,30.378,32.103
7125,142.5,,,,34.711,34.403,30.378,32.103
7126,142.52,,,,34.711,34.403,30.378,32.103
7127,142.54,,,,34.711,34.403,30.378,32.103
7128,142.56,,,,34.711,34.403,30.378,32.103
7129,142.58,,,,34.711,34.403,30.378,32.103
7130,142.6,,,,34.711,34.403,30.378,32.103
7131,142.62,,,,34.711,34.403,30.378,32.103
7132,142.64,,,,34.711,34.403,30.378,32.103
7133,142.66,,,,34.711,34.403,30.378,32.103
7134,142.68,,,,34.711,34.403,30.378,32.103
7135,142.7,,,,34.711,34.403,30.378,32.103
7136,142.72,,,,34.711,34.403,30.378,32.103
7137,142.74,,,,34.711,34.403,30.378,32.103
7138,142.76,,,,34.711,34.403,30.378,32.103
7139,142.78,,,,34.711,34.403,30.378,32.103
7140,142.8,,,,34.711,34.403,30.378,32.103
7141,142.82,,,,34.711,34.403,30.378,32.103
7142,142.84,,,,34.711,34.403,30.378,32.103
7143,142.86,,,,34.711,34.403,30.378,32.103
7144,142.88,,,,34.711,34.403,30.378,32.103
7145,142.9,,,,34.711,34.403,30.378,32.103
7146,142.92,,,,34.711,34.403,30.378,32.103
7147,142.94,,,,34.711,34.403,30.378,32.103
7148,142.96,,,,34.711,34.403,30.378,32.103
7149,142.98,,,,34.711,34.403,30.378,32.103
7150,143.0,,,,34.711,34.403,30.378,32.103
7151,143.02,,,,34.711,34.403,30.378,32.103
7152,143.04,5.804,2.843,pose,34.711,34.403,30.378,32.103
7153,143.06,6.58,3.015,bbox,34.711,34.403,30.378,32.103
7154,143.08,6.567,5.804,bbox,34.711,34.403,30.378,32.103
7155,143.1,5.837,5.837,pose,34.711,34.403,30.378,32.103
7156,143.12,3.149,5.837,bbox,34.711,34.403,30.378,32.103
7157,143.14,3.212,5.837,bbox,34.711,34.403,30.439,32.103
7158,143.16,2.576,3.212,pose,34.711,34.403,30.439,32.103
7159,143.18,3.369,3.212,bbox,34.711,34.472,30.508,32.103
7160,143.2,6.464,3.212,bbox,34.768,34.472,30.508,32.103
7161,143.22,,,,34.768,34.472,30.508,32.103
7162,143.24,3.341,3.341,bbox,34.768,34.472,30.508,32.103
7163,143.26,3.401,3.369,bbox,34.768,34.472,30.508,32.103
7164,143.28,6.378,3.401,bbox,34.768,34.472,30.508,32.103
7165,143.3,6.349,6.349,bbox,34.768,34.472,30.508,32.103
7166,143.32,3.34,3.401,bbox,34.768,34.472,30.508,32.103
7167,143.34,2.544,3.401,pose,34.768,34.472,30.508,32.171
7168,143.36,3.279,3.34,bbox,34.768,34.472,30.508,32.171
7169,143.38,6.441,3.34,bbox,34.768,34.472,30.508,32.171
7170,143.4,5.601,3.34,pose,34.768,34.472,30.508,32.171
7171,143.42,3.134,3.279,bbox,34.808,34.472,30.508,32.171
7172,143.44,3.14,3.279,bbox,34.808,34.472,30.561,32.171
7173,143.46,5.563,5.563,pose,34.808,34.472,30.561,32.171
7174,143.48,6.528,5.563,bbox,34.893,34.472,30.598,32.171
7175,143.5,6.546,5.563,bbox,34.893,34.472,30.598,32.171
7176,143.52,2.351,5.563,pose,34.893,34.472,30.598,32.171
7177,143.54,3.129,5.563,bbox,34.893,34.472,30.598,32.171
7178,143.56,3.108,3.129,bbox,34.893,34.472,30.598,32.171
7179,143.58,2.408,3.108,pose,34.893,34.472,30.598,32.171
7180,143.6,3.161,3.108,bbox,34.893,34.472,30.675,32.171
7181,143.62,3.138,3.129,bbox,34.893,34.472,30.675,32.171
7182,143.64,2.392,3.108,pose,34.893,34.472,30.675,32.171
7183,143.66,3.135,3.135,bbox,34.893,34.472,30.675,32.171
7184,143.68,3.152,3.138,bbox,34.893,34.472,30.675,32.171
7185,143.7,2.464,3.135,pose,34.893,34.472,30.675,32.171
7186,143.72,3.212,3.135,bbox,34.893,34.472,30.675,32.171
7187,143.74,3.229,3.152,bbox,34.893,34.472,30.675,32.171
7188,143.76,2.498,3.152,pose,34.893,34.472,30.675,32.171
7189,143.78,3.278,3.212,bbox,34.893,34.472,30.675,32.171
7190,143.8,3.311,3.229,bbox,34.893,34.472,30.675,32.171
7191,143.82,2.553,3.229,pose,34.893,34.472,30.675,32.171
7192,143.84,3.31,3.278,bbox,34.893,34.472,30.675,32.171
7193,143.86,3.291,3.291,bbox,34.893,34.472,30.675,32.171
7194,143.88,3.338,3.31,bbox,34.893,34.472,30.675,32.171
7195,143.9,3.35,3.31,bbox,34.893,34.472,30.675,32.171
7196,143.92,2.771,3.31,bbox,34.893,34.472,30.675,32.171
7197,143.94,4.377,3.338,pose,34.893,34.472,30.675,32.171
7198,143.96,2.738,3.338,bbox,34.893,34.472,30.675,32.171
7199,143.98,3.363,3.35,bbox,34.893,34.472,30.675,32.171
7200,144.0,2.72,2.771,pose,34.893,34.472,30.675,32.171
7201,144.02,3.322,3.322,bbox,34.893,34.472,30.675,32.171
7202,144.04,3.289,3.289,bbox,34.893,34.472,30.675,32.171
7203,144.06,2.672,3.289,pose,34.893,34.472,30.675,32.171
7204,144.08,3.206,3.206,bbox,34.893,34.472,30.675,32.171
7205,144.1,3.193,3.206,bbox,34.893,34.472,30.675,32.171
7206,144.12,2.59,3.193,pose,34.893,34.472,30.675,32.171
7207,144.14,3.136,3.136,bbox,34.964,34.472,30.675,32.171
7208,144.16,3.093,3.136,bbox,34.964,34.472,30.675,32.171
7209,144.18,5.323,3.136,pose,34.964,34.472,30.675,32.171
7210,144.2,6.096,3.136,bbox,35.023,34.472,30.675,32.306
7211,144.22,6.102,5.323,bbox,35.023,34.472,30.675,32.306
7212,144.24,,,,35.023,34.472,30.675,32.306
7213,144.26,,,,35.023,34.472,30.675,32.306
7214,144.28,2.992,5.323,bbox,35.057,34.472,30.675,32.306
7215,144.3,2.302,5.323,pose,35.057,34.472,30.675,32.306
7216,144.32,3.068,3.068,bbox,35.057,34.472,30.675,32.306
7217,144.34,3.061,3.061,bbox,35.057,34.472,30.675,32.306
7218,144.36,2.305,2.992,pose,35.057,34.472,30.675,32.306
7219,144.38,3.044,3.044,bbox,35.057,34.472,30.675,32.306
7220,144.4,3.032,3.044,bbox,35.057,34.472,30.675,32.306
7221,144.42,2.456,3.032,pose,35.057,34.472,30.675,32.306
7222,144.44,3.076,3.032,bbox,35.057,34.535,30.675,32.306
7223,144.46,2.509,3.032,bbox,35.136,34.535,30.675,32.306
7224,144.48,1.697,2.509,pose,35.136,34.535,30.675,32.306
7225,144.5,,,,35.136,34.535,30.675,32.306
7226,144.52,,,,35.136,34.535,30.675,32.306
7227,144.54,,,,35.136,34.535,30.675,32.306
7228,144.56,,,,35.136,34.535,30.675,32.306
7229,144.58,,,,35.136,34.535,30.675,32.306
7230,144.6,,,,35.136,34.535,30.675,32.306
7231,144.62,,,,35.136,34.535,30.675,32.306
7232,144.64,,,,35.136,34.535,30.675,32.306
7233,144.66,,,,35.136,34.535,30.675,32.306
7234,144.68,,,,35.136,34.535,30.675,32.306
7235,144.7,,,,35.136,34.535,30.675,32.306
7236,144.72,,,,35.136,34.535,30.675,32.306
7237,144.74,,,,35.136,34.535,30.675,32.306
7238,144.76,,,,35.136,34.535,30.675,32.306
7239,144.78,,,,35.136,34.535,30.675,32.306
7240,144.8,,,,35.136,34.535,30.675,32.306
7241,144.82,,,,35.136,34.535,30.675,32.306
7242,144.84,,,,35.136,34.535,30.675,32.306
7243,144.86,,,,35.136,34.535,30.675,32.306
7244,144.88,,,,35.136,34.535,30.675,32.306
7245,144.9,,,,35.136,34.535,30.675,32.306
7246,144.92,,,,35.136,34.535,30.675,32.306
7247,144.94,,,,35.136,34.535,30.675,32.306
7248,144.96,,,,35.136,34.535,30.675,32.306
7249,144.98,,,,35.136,34.535,30.675,32.306
7250,145.0,,,,35.136,34.535,30.675,32.306
7251,145.02,,,,35.136,34.535,30.675,32.306
7252,145.04,5.927,2.509,bbox,35.136,34.535,30.675,32.306
7253,145.06,,,,35.136,34.535,30.675,32.306
7254,145.08,5.198,3.076,pose,35.136,34.586,30.675,32.306
7255,145.1,5.947,5.198,bbox,35.136,34.586,30.675,32.306
7256,145.12,,,,35.136,34.586,30.675,32.306
7257,145.14,,,,35.136,34.586,30.675,32.306
7258,145.16,,,,35.136,34.586,30.675,32.306
7259,145.18,,,,35.136,34.586,30.675,32.306
7260,145.2,,,,35.136,34.586,30.675,32.306
7261,145.22,5.96,5.927,bbox,35.186,34.586,30.675,32.306
7262,145.24,6.083,5.947,bbox,35.186,34.586,30.675,32.414
7263,145.26,6.144,5.96,bbox,35.186,34.586,30.675,32.414
7264,145.28,6.206,6.083,bbox,35.186,34.586,30.675,32.504
7265,145.3,3.349,6.083,bbox,35.186,34.586,30.675,32.611
7266,145.32,2.617,6.083,pose,35.186,34.586,30.675,32.611
7267,145.34,3.501,3.501,bbox,35.186,34.586,30.675,32.611
7268,145.36,3.606,3.501,bbox,35.323,34.586,30.675,32.611
7269,145.38,2.623,3.349,pose,35.323,34.586,30.675,32.683
7270,145.4,3.699,3.501,bbox,35.323,34.586,30.675,32.683
7271,145.42,3.742,3.606,bbox,35.323,34.586,30.675,32.732
7272,145.44,2.758,3.606,pose,35.323,34.586,30.675,32.732
7273,145.46,3.708,3.699,bbox,35.323,34.586,30.675,32.732
7274,145.48,3.627,3.699,bbox,35.323,34.586,30.675,32.732
7275,145.5,2.646,3.627,pose,35.323,34.586,30.675,32.732
7276,145.52,3.572,3.572,bbox,35.323,34.586,30.675,32.732
7277,145.54,3.534,3.572,bbox,35.323,34.586,30.675,32.732
7278,145.56,2.632,3.534,pose,35.36,34.586,30.675,32.732
7279,145.58,3.411,3.411,bbox,35.36,34.586,30.675,32.785
7280,145.6,3.365,3.411,bbox,35.36,34.586,30.675,32.785
7281,145.62,2.74,3.365,pose,35.414,34.586,30.675,32.785
7282,145.64,3.341,3.341,bbox,35.414,34.586,30.675,32.867
7283,145.66,3.294,3.341,bbox,35.414,34.586,30.675,32.867
7284,145.68,2.868,3.294,pose,35.414,34.586,30.675,32.899
7285,145.7,3.198,3.198,bbox,35.488,34.586,30.675,32.899
7286,145.72,3.157,3.198,bbox,35.519,34.586,30.675,32.899
7287,145.74,2.996,3.157,pose,35.519,34.586,30.675,32.899
7288,145.76,3.149,3.149,bbox,35.592,34.586,30.675,32.899
7289,145.78,3.138,3.149,bbox,35.622,34.586,30.675,32.899
7290,145.8,3.085,3.138,pose,35.622,34.586,30.675,32.899
7291,145.82,3.154,3.138,bbox,35.671,34.586,30.675,32.899
7292,145.84,3.179,3.149,bbox,35.671,34.586,30.675,32.899
7293,145.86,2.976,3.138,pose,35.671,34.586,30.675,32.899
7294,145.88,3.189,3.154,bbox,35.671,34.586,30.675,32.899
7295,145.9,3.16,3.16,bbox,35.671,34.586,30.675,32.899
7296,145.92,2.736,3.16,pose,35.671,34.586,30.675,32.899
7297,145.94,3.1,3.1,bbox,35.715,34.586,30.675,32.899
7298,145.96,3.099,3.1,bbox,35.756,34.586,30.675,32.899
7299,145.98,2.516,3.099,pose,35.756,34.586,30.675,32.899
7300,146.0,3.058,3.058,bbox,35.825,34.586,30.675,32.899
7301,146.02,3.024,3.058,bbox,35.825,34.586,30.675,32.899
7302,146.04,2.24,3.024,pose,35.825,34.586,30.675,32.899
7303,146.06,3.081,3.024,bbox,35.855,34.586,30.675,32.899
7304,146.08,3.049,3.049,bbox,35.855,34.586,30.675,32.899
7305,146.1,2.143,3.024,pose,35.855,34.586,30.675,32.899
7306,146.12,3.056,3.049,bbox,35.855,34.586,30.712,32.899
7307,146.14,3.056,3.056,bbox,35.855,34.586,30.742,32.899
7308,146.16,2.144,3.049,pose,35.855,34.586,30.742,32.899
7309,146.18,3.026,3.026,bbox,35.855,34.586,30.742,32.899
7310,146.2,3.014,3.026,bbox,35.855,34.586,30.742,32.899
7311,146.22,2.128,3.014,pose,35.855,34.586,30.742,32.899
7312,146.24,3.032,3.014,bbox,35.855,34.586,30.742,32.899
7313,146.26,3.019,3.019,bbox,35.855,34.586,30.742,32.899
7314,146.28,2.274,3.014,pose,35.855,34.586,30.742,32.899
7315,146.3,3.053,3.019,bbox,35.855,34.586,30.742,32.899
7316,146.32,3.049,3.032,bbox,35.855,34.586,30.742,32.899
7317,146.34,2.3,3.019,pose,35.855,34.586,30.742,32.899
7318,146.36,3.249,3.049,bbox,35.855,34.66,30.742,32.985
7319,146.38,3.332,3.053,bbox,35.855,34.66,30.742,33.035
7320,146.4,2.558,3.049,pose,35.855,34.66,30.742,33.094
7321,146.42,3.484,3.249,bbox,35.855,34.66,30.742,33.094
7322,146.44,3.554,3.332,bbox,35.855,34.66,30.742,33.17
7323,146.46,2.838,3.332,pose,35.855,34.66,30.742,33.17
7324,146.48,3.65,3.484,bbox,35.855,34.66,30.742,33.17
7325,146.5,3.69,3.554,bbox,35.855,34.66,30.742,33.218
7326,146.52,3.093,3.554,pose,35.855,34.66,30.742,33.218
7327,146.54,3.722,3.65,bbox,35.855,34.66,30.742,33.218
7328,146.56,3.743,3.69,bbox,35.855,34.66,30.742,33.218
7329,146.58,3.118,3.69,pose,35.855,34.66,30.742,33.218
7330,146.6,3.693,3.693,bbox,35.855,34.66,30.742,33.218
7331,146.62,3.622,3.693,bbox,35.855,34.66,30.742,33.218
7332,146.64,2.928,3.622,pose,35.855,34.66,30.742,33.218
7333,146.66,3.482,3.482,bbox,35.855,34.66,30.742,33.218
7334,146.68,3.398,3.482,bbox,35.855,34.66,30.742,33.218
7335,146.7,2.717,3.398,pose,35.899,34.66,30.742,33.218
7336,146.72,3.266,3.266,bbox,35.899,34.66,30.742,33.218
7337,146.74,3.193,3.266,bbox,35.899,34.66,30.742,33.218
7338,146.76,2.486,3.193,pose,35.899,34.66,30.742,33.218
7339,146.78,3.05,3.05,bbox,35.938,34.66,30.742,33.218
7340,146.8,2.97,3.05,bbox,35.97,34.66,30.742,33.218
7341,146.82,2.238,2.97,pose,35.97,34.66,30.787,33.218
7342,146.84,2.934,2.934,bbox,36.032,34.66,30.787,33.218
7343,146.86,2.92,2.934,bbox,36.032,34.66,30.829,33.218
7344,146.88,2.114,2.92,pose,36.032,34.66,30.829,33.218
7345,146.9,2.913,2.913,bbox,36.032,34.66,30.876,33.218
7346,146.92,2.918,2.918,bbox,36.032,34.66,30.876,33.218
7347,146.94,2.151,2.913,pose,36.032,34.66,30.876,33.218
7348,146.96,2.93,2.913,bbox,36.063,34.66,30.876,33.218
7349,146.98,2.933,2.918,bbox,36.063,34.66,30.876,33.218
7350,147.0,2.142,2.918,pose,36.063,34.66,30.876,33.218
7351,147.02,2.947,2.93,bbox,36.063,34.66,30.876,33.218
7352,147.04,6.997,2.933,bbox,36.063,34.66,30.876,33.218
7353,147.06,6.909,2.947,bbox,36.063,34.809,30.876,33.218
7354,147.08,2.821,2.947,bbox,36.063,34.809,30.876,33.218
7355,147.1,2.799,2.947,bbox,36.113,34.809,30.876,33.218
7356,147.12,2.129,2.821,pose,36.113,34.957,30.876,33.218
7357,147.14,3.105,2.821,bbox,36.2,34.957,30.876,33.299
7358,147.16,3.206,2.821,bbox,36.2,34.957,30.876,33.299
7359,147.18,2.502,2.799,pose,36.2,34.988,30.876,33.348
7360,147.2,3.4,3.105,bbox,36.2,35.045,30.876,33.378
7361,147.22,3.478,3.206,bbox,36.2,35.087,30.876,33.378
7362,147.24,2.908,3.206,pose,36.2,35.136,30.876,33.378
7363,147.26,3.607,3.4,bbox,36.2,35.136,30.876,33.378
7364,147.28,3.688,3.478,bbox,36.2,35.208,30.876,33.378
7365,147.3,4.487,3.607,pose,36.2,35.208,30.876,33.378
7366,147.32,3.794,3.688,bbox,36.2,35.208,30.876,33.378
7367,147.34,3.82,3.794,bbox,36.2,35.208,30.876,33.378
7368,147.36,3.1,3.794,pose,36.2,35.276,30.876,33.378
7369,147.38,3.822,3.82,bbox,36.2,35.276,30.876,33.378
7370,147.4,3.813,3.813,bbox,36.2,35.276,30.876,33.378
7371,147.42,2.986,3.813,pose,36.2,35.276,30.876,33.378
7372,147.44,3.702,3.702,bbox,36.2,35.276,30.876,33.378
7373,147.46,3.638,3.702,bbox,36.2,35.276,30.876,33.378
7374,147.48,2.788,3.638,pose,36.2,35.276,30.908,33.378
7375,147.5,3.592,3.592,bbox,36.2,35.276,30.908,33.378
7376,147.52,3.514,3.592,bbox,36.2,35.276,30.94,33.378
7377,147.54,2.646,3.514,pose,36.2,35.276,30.94,33.378
7378,147.56,3.471,3.471,bbox,36.2,35.337,30.94,33.378
7379,147.58,3.487,3.487,bbox,36.2,35.337,30.98,33.378
7380,147.6,2.756,3.471,pose,36.2,35.383,30.98,33.378
7381,147.62,3.515,3.471,bbox,36.2,35.383,31.088,33.378
7382,147.64,3.502,3.487,bbox,36.2,35.383,31.088,33.378
7383,147.66,2.977,3.487,pose,36.2,35.383,31.088,33.378
7384,147.68,3.536,3.502,bbox,36.2,35.383,31.088,33.378
7385,147.7,3.559,3.515,bbox,36.2,35.383,31.088,33.378
7386,147.72,3.233,3.502,pose,36.2,35.383,31.088,33.378
7387,147.74,3.644,3.536,bbox,36.2,35.383,31.088,33.378
7388,147.76,3.578,3.559,bbox,36.2,35.383,31.088,33.378
7389,147.78,3.203,3.559,pose,36.2,35.383,31.088,33.378
7390,147.8,3.451,3.451,bbox,36.2,35.383,31.126,33.378
7391,147.82,3.415,3.451,bbox,36.2,35.383,31.126,33.378
7392,147.84,3.089,3.415,pose,36.2,35.383,31.193,33.378
7393,147.86,3.223,3.223,bbox,36.2,35.383,31.193,33.378
7394,147.88,3.186,3.223,bbox,36.2,35.383,31.193,33.378
7395,147.9,2.891,3.186,pose,36.2,35.383,31.193,33.378
7396,147.92,3.06,3.089,bbox,36.2,35.383,31.193,33.378
7397,147.94,3.006,3.06,bbox,36.2,35.383,31.228,33.378
7398,147.96,2.561,3.006,pose,36.2,35.383,31.228,33.378
7399,147.98,2.936,2.936,bbox,36.2,35.383,31.309,33.378
7400,148.0,2.913,2.936,bbox,36.2,35.383,31.309,33.378
7401,148.02,2.391,2.913,pose,36.2,35.383,31.309,33.378
7402,148.04,2.921,2.913,bbox,36.237,35.383,31.352,33.378
7403,148.06,2.926,2.921,bbox,36.237,35.383,31.352,33.378
7404,148.08,2.307,2.913,pose,36.237,35.383,31.352,33.378
7405,148.1,2.917,2.917,bbox,36.237,35.383,31.352,33.378
7406,148.12,2.942,2.921,bbox,36.237,35.383,31.352,33.378
7407,148.14,2.317,2.917,pose,36.237,35.383,31.352,33.378
7408,148.16,2.906,2.906,bbox,36.237,35.383,31.352,33.378
7409,148.18,2.955,2.917,bbox,36.237,35.383,31.352,33.378
7410,148.2,2.171,2.906,pose,36.237,35.383,31.352,33.412
7411,148.22,2.989,2.906,bbox,36.237,35.421,31.352,33.412
7412,148.24,2.95,2.95,bbox,36.237,35.421,31.39,33.412
7413,148.26,1.921,2.95,pose,36.237,35.421,31.39,33.412
7414,148.28,2.926,2.926,bbox,36.237,35.488,31.39,33.412
7415,148.3,2.902,2.926,bbox,36.237,35.488,31.425,33.412
7416,148.32,2.008,2.902,pose,36.237,35.541,31.466,33.412
7417,148.34,2.932,2.902,bbox,36.237,35.603,31.466,33.412
7418,148.36,6.225,2.926,bbox,36.237,35.667,31.583,33.412
7419,148.38,6.306,2.932,bbox,36.237,35.71,31.634,33.412
7420,148.4,3.043,3.043,bbox,36.237,35.788,31.734,33.412
7421,148.42,3.09,3.09,bbox,36.237,35.788,31.786,33.412
7422,148.44,2.19,3.09,pose,36.237,35.788,31.786,33.412
7423,148.46,3.183,3.09,bbox,36.237,35.788,31.841,33.412
7424,148.48,3.163,3.09,bbox,36.237,35.788,31.841,33.412
7425,148.5,2.202,3.09,pose,36.237,35.822,31.841,33.412
7426,148.52,3.18,3.163,bbox,36.237,35.822,31.841,33.412
7427,148.54,3.173,3.173,bbox,36.237,35.822,31.841,33.412
7428,148.56,2.181,3.163,pose,36.237,35.822,31.841,33.412
7429,148.58,2.383,2.383,bbox,36.237,35.822,31.841,33.412
7430,148.6,,,,36.237,35.822,31.841,33.412
7431,148.62,,,,36.237,35.822,31.841,33.412
7432,148.64,,,,36.237,35.822,31.841,33.412
7433,148.66,,,,36.237,35.822,31.841,33.412
7434,148.68,,,,36.237,35.822,31.841,33.412
7435,148.7,,,,36.237,35.822,31.841,33.412
7436,148.72,1.946,2.383,bbox,36.237,35.822,31.841,33.412
7437,148.74,3.173,2.383,pose,36.237,35.929,31.841,33.412
7438,148.76,3.483,2.383,bbox,36.237,36.007,31.841,33.412
7439,148.78,3.523,3.173,bbox,36.237,36.095,31.841,33.412
7440,148.8,3.547,3.483,bbox,36.237,36.095,31.841,33.529
7441,148.82,3.562,3.523,bbox,36.237,36.095,31.841,33.529
7442,148.84,3.578,3.547,bbox,36.237,36.095,31.841,33.529
7443,148.86,3.208,3.547,pose,36.237,36.095,31.841,33.529
7444,148.88,3.654,3.562,bbox,36.237,36.126,31.841,33.529
7445,148.9,3.679,3.578,bbox,36.237,36.126,31.841,33.529
7446,148.92,3.378,3.578,pose,36.237,36.126,31.841,33.529
7447,148.94,3.717,3.654,bbox,36.237,36.126,31.841,33.529
7448,148.96,3.727,3.679,bbox,36.237,36.126,31.841,33.529
7449,148.98,3.947,3.717,pose,36.237,36.126,31.841,33.529
7450,149.0,3.428,3.717,bbox,36.237,36.126,31.841,33.529
7451,149.02,3.347,3.717,bbox,36.237,36.126,31.841,33.529
7452,149.04,3.367,3.428,pose,36.237,36.126,31.841,33.529
7453,149.06,3.32,3.367,bbox,36.237,36.126,31.896,33.529
7454,149.08,3.299,3.347,bbox,36.237,36.126,31.896,33.529
7455,149.1,3.021,3.32,pose,36.237,36.126,31.896,33.529
7456,149.12,3.198,3.299,bbox,36.237,36.126,31.896,33.529
7457,149.14,3.143,3.198,bbox,36.237,36.126,31.896,33.529
7458,149.16,2.692,3.143,pose,36.237,36.126,31.896,33.529
7459,149.18,3.158,3.143,bbox,36.237,36.126,31.939,33.529
7460,149.2,3.058,3.143,bbox,36.237,36.126,31.939,33.529
7461,149.22,2.407,3.058,pose,36.237,36.126,31.939,33.529
7462,149.24,2.375,2.692,bbox,36.237,36.126,31.939,33.529
7463,149.26,2.375,2.407,bbox,36.237,36.126,31.939,33.529
7464,149.28,2.293,2.375,pose,36.237,36.126,31.939,33.529
7465,149.3,2.953,2.375,bbox,36.365,36.126,31.939,33.529
7466,149.32,2.945,2.375,bbox,36.365,36.126,31.939,33.529
7467,149.34,3.875,2.945,pose,36.365,36.126,31.939,33.529
7468,149.36,2.377,2.945,bbox,36.365,36.126,31.939,33.529
7469,149.38,2.377,2.945,bbox,36.365,36.126,31.939,33.529
7470,149.4,2.221,2.377,pose,36.365,36.126,31.939,33.56
7471,149.42,2.931,2.377,bbox,36.365,36.126,31.939,33.56
7472,149.44,2.267,2.377,bbox,36.365,36.126,31.939,33.56
7473,149.46,3.732,2.377,pose,36.365,36.126,31.939,33.56
7474,149.48,2.906,2.906,bbox,36.365,36.126,31.939,33.56
7475,149.5,3.094,2.931,bbox,36.365,36.126,31.939,33.56
7476,149.52,2.362,2.906,pose,36.365,36.126,31.939,33.616
7477,149.54,2.484,2.906,bbox,36.365,36.126,31.939,33.616
7478,149.56,2.487,2.487,bbox,36.365,36.126,31.939,33.616
7479,149.58,1.693,2.484,pose,36.365,36.126,31.939,33.616
7480,149.6,2.491,2.484,bbox,36.365,36.174,31.939,33.616
7481,149.62,2.494,2.487,bbox,36.365,36.174,31.939,33.616
7482,149.64,3.917,2.491,pose,36.365,36.174,31.939,33.616
7483,149.66,2.523,2.494,bbox,36.365,36.174,31.939,33.616
7484,149.68,3.638,2.523,bbox,36.365,36.174,31.939,33.616
7485,149.7,3.039,3.039,pose,36.365,36.211,31.939,33.707
7486,149.72,3.69,3.638,bbox,36.365,36.211,31.939,33.707
7487,149.74,3.698,3.638,bbox,36.365,36.211,31.939,33.707
7488,149.76,3.027,3.638,pose,36.365,36.211,31.939,33.707
7489,149.78,2.563,3.039,bbox,36.365,36.211,31.939,33.707
7490,149.8,3.63,3.63,bbox,36.365,36.211,31.939,33.707
7491,149.82,3.906,3.63,pose,36.365,36.211,31.939,33.707
7492,149.84,2.535,3.027,bbox,36.365,36.211,31.939,33.707
7493,149.86,2.498,2.563,bbox,36.365,36.211,31.939,33.707
7494,149.88,3.682,3.63,pose,36.365,36.211,31.939,33.707
7495,149.9,2.14,2.535,bbox,36.365,36.211,31.939,33.707
7496,149.92,2.14,2.498,bbox,36.365,36.211,31.939,33.707
7497,149.94,3.808,2.498,pose,36.365,36.211,31.976,33.707
7498,149.96,3.144,3.144,bbox,36.365,36.211,31.976,33.707
7499,149.98,3.074,3.074,bbox,36.365,36.211,32.049,33.707
7500,150.0,2.441,3.074,pose,36.365,36.211,32.049,33.781
7501,150.02,3.158,3.144,bbox,36.365,36.211,32.049,33.82
7502,150.04,3.115,3.115,bbox,36.365,36.211,32.049,33.82
7503,150.06,2.386,3.074,pose,36.365,36.211,32.049,33.82
7504,150.08,3.099,3.099,bbox,36.404,36.211,32.049,33.82
7505,150.1,2.495,3.099,bbox,36.404,36.211,32.049,33.82
7506,150.12,3.882,3.099,pose,36.459,36.211,32.049,33.82
7507,150.14,2.496,2.496,bbox,36.459,36.211,32.049,33.82
7508,150.16,3.035,3.035,bbox,36.459,36.211,32.049,33.82
7509,150.18,2.431,2.496,pose,36.459,36.211,32.049,33.82
7510,150.2,2.861,2.861,bbox,36.459,36.211,32.049,33.82
7511,150.22,2.815,2.815,bbox,36.459,36.211,32.049,33.82
7512,150.24,2.168,2.815,pose,36.459,36.211,32.049,33.82
7513,150.26,2.802,2.802,bbox,36.459,36.211,32.194,33.82
7514,150.28,2.85,2.815,bbox,36.497,36.211,32.194,33.82
7515,150.3,2.189,2.802,pose,36.497,36.211,32.194,33.851
7516,150.32,2.846,2.802,bbox,36.497,36.278,32.194,33.851
7517,150.34,2.9,2.846,bbox,36.497,36.278,32.233,33.851
7518,150.36,2.924,2.85,bbox,36.497,36.278,32.233,33.851
7519,150.38,2.908,2.9,bbox,36.497,36.278,32.233,33.851
7520,150.4,,,,36.497,36.278,32.233,33.851
7521,150.42,,,,36.497,36.278,32.233,33.851
7522,150.44,,,,36.497,36.278,32.233,33.851
7523,150.46,,,,36.497,36.278,32.233,33.851
7524,150.48,,,,36.497,36.278,32.233,33.851
7525,150.5,,,,36.497,36.278,32.233,33.851
7526,150.52,2.966,2.908,bbox,36.497,36.278,32.233,33.851
7527,150.54,2.966,2.924,bbox,36.497,36.278,32.233,33.851
7528,150.56,,,,36.497,36.278,32.233,33.851
7529,150.58,,,,36.497,36.278,32.233,33.851
7530,150.6,7.723,2.966,pose,36.497,36.308,32.233,33.917
7531,150.62,6.811,2.966,bbox,36.497,36.411,32.233,33.917
7532,150.64,6.775,6.775,bbox,36.497,36.411,32.233,33.953
7533,150.66,6.726,6.775,bbox,36.497,36.411,32.233,33.953
7534,150.68,3.113,6.775,bbox,36.497,36.411,32.233,33.953
7535,150.7,3.128,6.726,bbox,36.497,36.411,32.233,33.953
7536,150.72,6.624,6.624,bbox,36.497,36.411,32.233,33.953
7537,150.74,6.654,6.624,bbox,36.497,36.411,32.233,33.953
7538,150.76,6.65,6.624,bbox,36.497,36.411,32.233,33.953
7539,150.78,6.675,6.65,bbox,36.497,36.411,32.233,33.953
7540,150.8,6.685,6.654,bbox,36.497,36.411,32.233,33.953
7541,150.82,6.75,6.675,bbox,36.497,36.411,32.233,33.953
7542,150.84,6.163,6.675,pose,36.497,36.411,32.233,33.953
7543,150.86,6.955,6.685,bbox,36.497,36.454,32.233,33.953
7544,150.88,3.11,6.685,bbox,36.497,36.454,32.233,33.953
7545,150.9,2.444,6.163,pose,36.497,36.454,32.233,33.953
7546,150.92,3.105,3.11,bbox,36.497,36.454,32.233,33.953
7547,150.94,3.075,3.105,bbox,36.497,36.454,32.305,33.953
7548,150.96,2.405,3.075,pose,36.497,36.454,32.305,33.953
7549,150.98,6.838,3.075,bbox,36.497,36.454,32.305,34.046
7550,151.0,,,,36.497,36.454,32.305,34.046
7551,151.02,,,,36.497,36.454,32.305,34.046
7552,151.04,6.799,3.105,bbox,36.497,36.454,32.305,34.115
7553,151.06,3.036,3.075,bbox,36.497,36.454,32.305,34.115
7554,151.08,2.505,3.036,pose,36.497,36.514,32.305,34.249
7555,151.1,3.104,3.104,bbox,36.568,36.514,32.305,34.249
7556,151.12,3.136,3.104,bbox,36.568,36.514,32.366,34.249
7557,151.14,2.788,3.036,pose,36.568,36.514,32.366,34.249
7558,151.16,3.246,3.104,bbox,36.568,36.514,32.366,34.249
7559,151.18,3.306,3.136,bbox,36.568,36.514,32.366,34.249
7560,151.2,2.983,3.136,pose,36.568,36.514,32.366,34.249
7561,151.22,3.359,3.246,bbox,36.568,36.514,32.366,34.249
7562,151.24,3.375,3.306,bbox,36.568,36.514,32.366,34.249
7563,151.26,2.975,3.306,pose,36.568,36.514,32.366,34.249
7564,151.28,2.694,2.983,bbox,36.568,36.514,32.366,34.249
7565,151.3,2.693,2.975,bbox,36.568,36.514,32.366,34.249
7566,151.32,4.004,2.975,pose,36.568,36.514,32.366,34.249
7567,151.34,3.373,2.975,bbox,36.568,36.514,32.366,34.249
7568,151.36,3.378,3.373,bbox,36.568,36.514,32.366,34.249
7569,151.38,2.149,3.373,pose,36.568,36.514,32.366,34.249
7570,151.4,7.417,3.378,bbox,36.568,36.514,32.366,34.249
7571,151.42,3.26,3.373,bbox,36.568,36.514,32.366,34.249
7572,151.44,,,,36.568,36.514,32.366,34.249
7573,151.46,,,,36.568,36.514,32.366,34.249
7574,151.48,7.356,3.378,bbox,36.568,36.573,32.366,34.356
7575,151.5,,,,36.568,36.573,32.366,34.356
7576,151.52,,,,36.568,36.573,32.366,34.356
7577,151.54,3.037,3.26,bbox,36.568,36.573,32.366,34.356
7578,151.56,2.063,3.26,pose,36.568,36.573,32.366,34.436
7579,151.58,3.029,3.037,bbox,36.568,36.573,32.448,34.436
7580,151.6,3.011,3.029,bbox,36.663,36.573,32.448,34.436
7581,151.62,2.254,3.011,pose,36.663,36.573,32.448,34.436
7582,151.64,3.019,3.011,bbox,36.663,36.573,32.448,34.436
7583,151.66,2.985,3.011,bbox,36.663,36.573,32.448,34.436
7584,151.68,2.041,2.985,pose,36.663,36.573,32.448,34.436
7585,151.7,2.946,2.946,bbox,36.663,36.573,32.448,34.436
7586,151.72,2.961,2.961,bbox,36.663,36.573,32.448,34.436
7587,151.74,2.076,2.946,pose,36.663,36.573,32.448,34.436
7588,151.76,3.053,2.946,bbox,36.663,36.621,32.448,34.498
7589,151.78,3.1,2.961,bbox,36.663,36.621,32.448,34.498
7590,151.8,3.192,3.053,bbox,36.663,36.621,32.448,34.537
7591,151.82,3.26,3.1,bbox,36.663,36.71,32.448,34.572
7592,151.84,3.352,3.192,bbox,36.663,36.71,32.448,34.572
7593,151.86,2.561,3.192,pose,36.663,36.744,32.448,34.612
7594,151.88,3.479,3.26,bbox,36.663,36.78,32.448,34.667
7595,151.9,3.524,3.352,bbox,36.663,36.78,32.448,34.703
7596,151.92,2.85,3.352,pose,36.663,36.78,32.448,34.703
7597,151.94,3.572,3.479,bbox,36.663,36.78,32.448,34.703
7598,151.96,3.629,3.524,bbox,36.663,36.78,32.448,34.703
7599,151.98,2.87,3.524,pose,36.663,36.78,32.448,34.703
7600,152.0,3.654,3.572,bbox,36.663,36.78,32.448,34.703
7601,152.02,3.625,3.625,bbox,36.663,36.78,32.448,34.703
7602,152.04,6.769,3.629,pose,36.663,36.78,32.448,34.703
7603,152.06,7.43,3.654,bbox,36.663,36.866,32.448,34.703
7604,152.08,3.523,3.654,bbox,36.727,36.866,32.448,34.703
7605,152.1,2.58,3.625,pose,36.727,36.929,32.448,34.703
7606,152.12,3.411,3.523,bbox,36.727,36.929,32.448,34.703
7607,152.14,3.344,3.411,bbox,36.8,36.929,32.448,34.703
7608,152.16,2.392,3.344,pose,36.8,36.929,32.448,34.703
7609,152.18,3.231,3.231,bbox,36.831,36.929,32.448,34.703
7610,152.2,3.22,3.231,bbox,36.831,36.929,32.448,34.703
7611,152.22,2.357,3.22,pose,36.831,36.929,32.448,34.703
7612,152.24,3.17,3.17,bbox,36.875,36.929,32.49,34.703
7613,152.26,3.156,3.17,bbox,36.875,36.929,32.49,34.703
7614,152.28,2.38,3.156,pose,36.875,36.929,32.49,34.703
7615,152.3,2.977,2.977,bbox,36.875,36.929,32.557,34.703
7616,152.32,2.954,2.977,bbox,36.875,36.929,32.557,34.703
7617,152.34,2.925,2.954,bbox,36.875,36.929,32.557,34.703
7618,152.36,,,,36.875,36.929,32.557,34.703
7619,152.38,,,,36.875,36.929,32.557,34.703
7620,152.4,,,,36.875,36.929,32.557,34.703
7621,152.42,2.707,2.925,bbox,36.916,36.929,32.557,34.703
7622,152.44,2.717,2.925,bbox,36.916,36.929,32.557,34.703
7623,152.46,2.935,2.925,pose,36.916,36.929,32.693,34.703
7624,152.48,2.676,2.717,bbox,36.916,36.929,32.693,34.703
7625,152.5,,,,36.916,36.929,32.693,34.703
7626,152.52,,,,36.916,36.929,32.693,34.703
7627,152.54,,,,36.916,36.929,32.693,34.703
7628,152.56,,,,36.916,36.929,32.693,34.703
7629,152.58,,,,36.916,36.929,32.693,34.703
7630,152.6,,,,36.916,36.929,32.693,34.703
7631,152.62,3.307,2.717,bbox,36.916,36.929,32.693,34.703
7632,152.64,2.587,2.717,pose,36.916,36.929,32.693,34.703
7633,152.66,3.437,2.935,bbox,36.916,36.929,32.693,34.703
7634,152.68,3.473,3.307,bbox,36.916,36.929,32.833,34.703
7635,152.7,2.781,3.307,pose,36.916,36.959,32.833,34.703
7636,152.72,3.534,3.437,bbox,36.916,36.999,32.833,34.703
7637,152.74,3.559,3.473,bbox,36.916,36.999,32.833,34.703
7638,152.76,2.904,3.473,pose,36.916,36.999,32.833,34.703
7639,152.78,3.56,3.534,bbox,36.916,36.999,32.833,34.703
7640,152.8,3.511,3.534,bbox,36.916,36.999,32.833,34.703
7641,152.82,2.823,3.511,pose,36.916,36.999,32.833,34.703
7642,152.84,3.383,3.383,bbox,36.916,36.999,32.833,34.703
7643,152.86,6.134,3.511,bbox,36.916,36.999,32.833,34.703
7644,152.88,5.428,3.511,pose,36.916,37.055,32.833,34.703
7645,152.9,,,,36.916,37.055,32.833,34.703
7646,152.92,,,,36.916,37.055,32.833,34.703
7647,152.94,,,,36.916,37.055,32.833,34.703
7648,152.96,,,,36.916,37.055,32.833,34.703
7649,152.98,,,,36.916,37.055,32.833,34.703
7650,153.0,,,,36.916,37.055,32.833,34.703
7651,153.02,,,,36.916,37.055,32.833,34.703
7652,153.04,,,,36.916,37.055,32.833,34.703
7653,153.06,,,,36.916,37.055,32.833,34.703
7654,153.08,6.305,5.428,bbox,36.916,37.087,32.833,34.703
7655,153.1,2.869,5.428,bbox,36.916,37.087,32.833,34.703
7656,153.12,2.191,5.428,pose,36.916,37.087,32.833,34.703
7657,153.14,2.89,2.89,bbox,36.916,37.087,32.833,34.703
7658,153.16,2.899,2.89,bbox,36.916,37.137,32.973,34.703
7659,153.18,2.181,2.869,pose,36.916,37.137,32.973,34.703
7660,153.2,2.911,2.89,bbox,36.916,37.137,33.011,34.703
7661,153.22,2.901,2.899,bbox,36.916,37.176,33.011,34.703
7662,153.24,2.348,2.899,pose,36.916,37.176,33.011,34.703
7663,153.26,2.937,2.901,bbox,36.916,37.231,33.052,34.703
7664,153.28,2.963,2.911,bbox,36.916,37.231,33.052,34.703
7665,153.3,2.09,2.901,pose,36.916,37.296,33.052,34.703
7666,153.32,3.026,2.937,bbox,36.916,37.35,33.088,34.703
7667,153.34,3.087,2.963,bbox,36.916,37.456,33.126,34.703
7668,153.36,2.245,2.963,pose,36.916,37.456,33.126,34.703
7669,153.38,3.2,3.026,bbox,36.916,37.493,33.202,34.703
7670,153.4,3.233,3.087,bbox,36.916,37.541,33.202,34.703
7671,153.42,2.231,3.087,pose,36.916,37.594,33.202,34.703
7672,153.44,3.29,3.2,bbox,36.916,37.626,33.202,34.703
7673,153.46,3.264,3.233,bbox,36.916,37.626,33.202,34.703
7674,153.48,2.217,3.233,pose,36.916,37.672,33.202,34.703
7675,153.5,3.221,3.221,bbox,36.916,37.672,33.202,34.703
7676,153.52,3.171,3.221,bbox,36.916,37.672,33.202,34.703
7677,153.54,2.244,3.171,pose,36.916,37.672,33.273,34.703
7678,153.56,3.037,3.037,bbox,36.916,37.672,33.273,34.703
7679,153.58,2.989,3.037,bbox,36.916,37.672,33.273,34.703
7680,153.6,2.325,2.989,pose,36.916,37.714,33.365,34.703
7681,153.62,2.971,2.971,bbox,36.916,37.81,33.365,34.703
7682,153.64,2.936,2.971,bbox,36.916,37.859,33.434,34.703
7683,153.66,2.526,2.936,pose,36.916,37.924,33.474,34.703
7684,153.68,2.887,2.887,bbox,36.916,37.972,33.533,34.703
7685,153.7,2.861,2.887,bbox,36.916,37.972,33.594,34.703
7686,153.72,2.716,2.861,pose,36.916,38.012,33.594,34.703
7687,153.74,2.87,2.861,bbox,36.916,38.068,33.689,34.703
7688,153.76,2.911,2.87,bbox,36.916,38.068,33.733,34.703
7689,153.78,2.767,2.861,pose,36.916,38.068,33.733,34.703
7690,153.8,2.937,2.87,bbox,36.916,38.122,33.788,34.703
7691,153.82,2.948,2.911,bbox,36.916,38.122,33.788,34.703
7692,153.84,2.636,2.911,pose,36.916,38.157,33.788,34.703
7693,153.86,2.999,2.937,bbox,36.916,38.215,33.788,34.703
7694,153.88,3.022,2.948,bbox,36.916,38.215,33.818,34.703
7695,153.9,2.556,2.948,pose,36.916,38.215,33.818,34.703
7696,153.92,3.076,2.999,bbox,36.916,38.27,33.861,34.703
7697,153.94,3.117,3.022,bbox,36.916,38.27,33.861,34.703
7698,153.96,2.548,3.022,pose,36.916,38.303,33.861,34.703
7699,153.98,3.165,3.076,bbox,36.916,38.378,33.861,34.703
7700,154.0,3.202,3.117,bbox,36.916,38.378,33.861,34.703
7701,154.02,2.509,3.117,pose,36.916,38.422,33.861,34.703
7702,154.04,3.242,3.165,bbox,36.916,38.456,33.861,34.703
7703,154.06,3.271,3.202,bbox,36.916,38.509,33.861,34.703
7704,154.08,2.578,3.202,pose,36.916,38.569,33.861,34.703
7705,154.1,3.35,3.242,bbox,36.916,38.569,33.861,34.703
7706,154.12,3.347,3.271,bbox,36.916,38.675,33.861,34.703
7707,154.14,2.681,3.271,pose,36.916,38.675,33.861,34.703
7708,154.16,3.385,3.347,bbox,36.916,38.675,33.861,34.703
7709,154.18,3.266,3.347,bbox,36.916,38.675,33.861,34.703
7710,154.2,2.686,3.266,pose,36.916,38.744,33.861,34.703
7711,154.22,3.402,3.266,bbox,36.916,38.744,33.915,34.703
7712,154.24,3.403,3.385,bbox,36.916,38.785,33.915,34.703
7713,154.26,2.714,3.266,pose,36.916,38.785,33.915,34.703
7714,154.28,3.479,3.402,bbox,36.916,38.785,33.915,34.703
7715,154.3,3.503,3.403,bbox,36.916,38.785,33.915,34.703
7716,154.32,2.786,3.403,pose,36.916,38.785,33.915,34.703
7717,154.34,3.521,3.479,bbox,36.916,38.785,33.915,34.703
7718,154.36,3.516,3.503,bbox,36.916,38.785,33.915,34.703
7719,154.38,2.807,3.503,pose,36.916,38.785,33.915,34.703
7720,154.4,3.532,3.516,bbox,36.916,38.785,33.915,34.703
7721,154.42,3.521,3.521,bbox,36.916,38.785,33.915,34.703
7722,154.44,2.923,3.516,pose,36.916,38.785,33.915,34.703
7723,154.46,3.535,3.521,bbox,36.916,38.853,33.915,34.703
7724,154.48,3.56,3.532,bbox,36.916,38.853,33.915,34.703
7725,154.5,3.07,3.521,pose,36.916,38.903,33.915,34.703
7726,154.52,3.513,3.513,bbox,36.916,38.903,33.915,34.703
7727,154.54,3.549,3.535,bbox,36.916,38.903,33.915,34.703
7728,154.56,3.262,3.513,pose,36.916,38.946,33.915,34.703
7729,154.58,3.457,3.457,bbox,36.916,38.946,33.915,34.703
7730,154.6,3.492,3.492,bbox,36.959,38.946,33.915,34.703
7731,154.62,2.334,3.457,pose,37.028,38.946,33.915,34.703
7732,154.64,,,,37.028,38.946,33.915,34.703
7733,154.66,2.417,3.262,bbox,37.028,38.946,33.915,34.703
7734,154.68,,,,37.028,38.946,33.915,34.703
7735,154.7,,,,37.028,38.946,33.915,34.703
7736,154.72,,,,37.028,38.946,33.915,34.703
7737,154.74,,,,37.028,38.946,33.915,34.703
7738,154.76,,,,37.028,38.946,33.915,34.703
7739,154.78,,,,37.028,38.946,33.915,34.703
7740,154.8,,,,37.028,38.946,33.915,34.703
7741,154.82,,,,37.028,38.946,33.915,34.703
7742,154.84,,,,37.028,38.946,33.915,34.703
7743,154.86,,,,37.028,38.946,33.915,34.703
7744,154.88,,,,37.028,38.946,33.915,34.703
7745,154.9,,,,37.028,38.946,33.915,34.703
7746,154.92,,,,37.028,38.946,33.915,34.703
7747,154.94,,,,37.028,38.946,33.915,34.703
7748,154.96,,,,37.028,38.946,33.915,34.703
7749,154.98,,,,37.028,38.946,33.915,34.703
7750,155.0,,,,37.028,38.946,33.915,34.703
7751,155.02,,,,37.028,38.946,33.915,34.703
7752,155.04,,,,37.028,38.946,33.915,34.703
7753,155.06,,,,37.028,38.946,33.915,34.703
7754,155.08,,,,37.028,38.946,33.915,34.703
7755,155.1,,,,37.028,38.946,33.915,34.703
7756,155.12,,,,37.028,38.946,33.915,34.703
7757,155.14,,,,37.028,38.946,33.915,34.703
7758,155.16,,,,37.028,38.946,33.915,34.703
7759,155.18,,,,37.028,38.946,33.915,34.703
7760,155.2,,,,37.028,38.946,33.915,34.703
7761,155.22,,,,37.028,38.946,33.915,34.703
7762,155.24,,,,37.028,38.946,33.915,34.703
7763,155.26,,,,37.028,38.946,33.915,34.703
7764,155.28,,,,37.028,38.946,33.915,34.703
7765,155.3,,,,37.028,38.946,33.915,34.703
7766,155.32,,,,37.028,38.946,33.915,34.703
7767,155.34,,,,37.028,38.946,33.915,34.703
7768,155.36,,,,37.028,38.946,33.915,34.703
7769,155.38,,,,37.028,38.946,33.915,34.703
7770,155.4,,,,37.028,38.946,33.915,34.703
7771,155.42,,,,37.028,38.946,33.915,34.703
7772,155.44,,,,37.028,38.946,33.915,34.703
7773,155.46,,,,37.028,38.946,33.915,34.703
7774,155.48,,,,37.028,38.946,33.915,34.703
7775,155.5,,,,37.028,38.946,33.915,34.703
7776,155.52,,,,37.028,38.946,33.915,34.703
7777,155.54,,,,37.028,38.946,33.915,34.703
7778,155.56,,,,37.028,38.946,33.915,34.703
7779,155.58,,,,37.028,38.946,33.915,34.703
7780,155.6,,,,37.028,38.946,33.915,34.703
7781,155.62,,,,37.028,38.946,33.915,34.703
7782,155.64,,,,37.028,38.946,33.915,34.703
7783,155.66,,,,37.028,38.946,33.915,34.703
7784,155.68,,,,37.028,38.946,33.915,34.703
7785,155.7,,,,37.028,38.946,33.915,34.703
7786,155.72,,,,37.028,38.946,33.915,34.703
7787,155.74,,,,37.028,38.946,33.915,34.703
7788,155.76,,,,37.028,38.946,33.915,34.703
7789,155.78,,,,37.028,38.946,33.915,34.703
7790,155.8,,,,37.028,38.946,33.915,34.703
7791,155.82,,,,37.028,38.946,33.915,34.703
7792,155.84,,,,37.028,38.946,33.915,34.703
7793,155.86,,,,37.028,38.946,33.915,34.703
7794,155.88,,,,37.028,38.946,33.915,34.703
7795,155.9,,,,37.028,38.946,33.915,34.703
7796,155.92,,,,37.028,38.946,33.915,34.703
7797,155.94,,,,37.028,38.946,33.915,34.703
7798,155.96,,,,37.028,38.946,33.915,34.703
7799,155.98,,,,37.028,38.946,33.915,34.703
7800,156.0,,,,37.028,38.946,33.915,34.703
7801,156.02,,,,37.028,38.946,33.915,34.703
7802,156.04,,,,37.028,38.946,33.915,34.703
7803,156.06,,,,37.028,38.946,33.915,34.703
7804,156.08,,,,37.028,38.946,33.915,34.703
7805,156.1,,,,37.028,38.946,33.915,34.703
7806,156.12,,,,37.028,38.946,33.915,34.703
7807,156.14,,,,37.028,38.946,33.915,34.703
7808,156.16,,,,37.028,38.946,33.915,34.703
7809,156.18,,,,37.028,38.946,33.915,34.703
7810,156.2,,,,37.028,38.946,33.915,34.703
7811,156.22,,,,37.028,38.946,33.915,34.703
7812,156.24,,,,37.028,38.946,33.915,34.703
7813,156.26,,,,37.028,38.946,33.915,34.703
7814,156.28,,,,37.028,38.946,33.915,34.703
7815,156.3,6.427,3.457,bbox,37.028,38.946,33.915,34.703
7816,156.32,6.422,3.492,bbox,37.028,38.946,33.915,34.703
7817,156.34,,,,37.028,38.946,33.915,34.703
7818,156.36,,,,37.028,38.946,33.915,34.703
7819,156.38,,,,37.028,38.946,33.915,34.703
7820,156.4,,,,37.028,38.946,33.915,34.703
7821,156.42,,,,37.028,38.946,33.915,34.703
7822,156.44,,,,37.028,38.946,33.915,34.703
7823,156.46,,,,37.028,38.946,33.915,34.703
7824,156.48,,,,37.028,38.946,33.915,34.703
7825,156.5,,,,37.028,38.946,33.915,34.703
7826,156.52,,,,37.028,38.946,33.915,34.703
7827,156.54,2.419,2.419,pose,37.028,38.946,33.915,34.703
7828,156.56,3.134,3.134,bbox,37.028,38.946,33.915,34.703
7829,156.58,3.13,3.134,bbox,37.028,38.946,33.915,34.703
7830,156.6,2.357,3.13,pose,37.078,38.946,33.915,34.703
7831,156.62,3.122,3.122,bbox,37.217,38.946,33.965,34.703
7832,156.64,3.141,3.13,bbox,37.217,38.946,33.965,34.703
7833,156.66,2.307,3.122,pose,37.217,38.946,33.965,34.703
7834,156.68,3.157,3.122,bbox,37.217,38.946,33.965,34.703
7835,156.7,3.096,3.122,bbox,37.217,38.946,33.965,34.703
7836,156.72,2.282,3.096,pose,37.217,38.946,33.965,34.703
7837,156.74,3.067,3.067,bbox,37.217,38.946,33.965,34.703
7838,156.76,3.055,3.067,bbox,37.217,38.946,34.023,34.703
7839,156.78,2.384,3.055,pose,37.217,38.946,34.023,34.703
7840,156.8,2.996,2.996,bbox,37.217,38.946,34.07,34.703
7841,156.82,3.007,3.007,bbox,37.217,38.946,34.07,34.703
7842,156.84,2.178,2.996,pose,37.217,38.946,34.07,34.703
7843,156.86,3.016,2.996,bbox,37.217,38.946,34.122,34.703
7844,156.88,2.993,2.996,bbox,37.217,38.946,34.122,34.703
7845,156.9,2.179,2.993,pose,37.217,38.946,34.122,34.703
7846,156.92,3.074,2.993,bbox,37.217,38.946,34.122,34.763
7847,156.94,3.271,3.016,bbox,37.217,38.946,34.122,34.763
7848,156.96,2.234,2.993,pose,37.217,38.946,34.122,34.763
7849,156.98,2.788,2.788,bbox,37.283,38.946,34.122,34.763
7850,157.0,2.739,2.788,bbox,37.283,38.946,34.122,34.763
7851,157.02,2.727,2.739,bbox,37.283,38.946,34.122,34.763
7852,157.04,,,,37.283,38.946,34.122,34.763
7853,157.06,,,,37.283,38.946,34.122,34.763
7854,157.08,,,,37.283,38.946,34.122,34.763
7855,157.1,,,,37.283,38.946,34.122,34.763
7856,157.12,,,,37.283,38.946,34.122,34.763
7857,157.14,,,,37.283,38.946,34.122,34.763
7858,157.16,,,,37.283,38.946,34.122,34.763
7859,157.18,,,,37.283,38.946,34.122,34.763
7860,157.2,1.967,2.727,pose,37.34,38.946,34.122,34.763
7861,157.22,,,,37.34,38.946,34.122,34.763
7862,157.24,,,,37.34,38.946,34.122,34.763
7863,157.26,,,,37.34,38.946,34.122,34.763
7864,157.28,,,,37.34,38.946,34.122,34.763
7865,157.3,,,,37.34,38.946,34.122,34.763
7866,157.32,,,,37.34,38.946,34.122,34.763
7867,157.34,,,,37.34,38.946,34.122,34.763
7868,157.36,,,,37.34,38.946,34.122,34.763
7869,157.38,,,,37.34,38.946,34.122,34.763
7870,157.4,,,,37.34,38.946,34.122,34.763
7871,157.42,,,,37.34,38.946,34.122,34.763
7872,157.44,,,,37.34,38.946,34.122,34.763
7873,157.46,,,,37.34,38.946,34.122,34.763
7874,157.48,,,,37.34,38.946,34.122,34.763
7875,157.5,,,,37.34,38.946,34.122,34.763
7876,157.52,,,,37.34,38.946,34.122,34.763
7877,157.54,,,,37.34,38.946,34.122,34.763
7878,157.56,,,,37.34,38.946,34.122,34.763
7879,157.58,,,,37.34,38.946,34.122,34.763
7880,157.6,,,,37.34,38.946,34.122,34.763
7881,157.62,,,,37.34,38.946,34.122,34.763
7882,157.64,,,,37.34,38.946,34.122,34.763
7883,157.66,,,,37.34,38.946,34.122,34.763
7884,157.68,,,,37.34,38.946,34.122,34.763
7885,157.7,,,,37.34,38.946,34.122,34.763
7886,157.72,,,,37.34,38.946,34.122,34.763
7887,157.74,,,,37.34,38.946,34.122,34.763
7888,157.76,,,,37.34,38.946,34.122,34.763
7889,157.78,,,,37.34,38.946,34.122,34.763
7890,157.8,,,,37.34,38.946,34.122,34.763
7891,157.82,,,,37.34,38.946,34.122,34.763
7892,157.84,,,,37.34,38.946,34.122,34.763
7893,157.86,,,,37.34,38.946,34.122,34.763
7894,157.88,,,,37.34,38.946,34.122,34.763
7895,157.9,,,,37.34,38.946,34.122,34.763
7896,157.92,,,,37.34,38.946,34.122,34.763
7897,157.94,,,,37.34,38.946,34.122,34.763
7898,157.96,,,,37.34,38.946,34.122,34.763
7899,157.98,,,,37.34,38.946,34.122,34.763
7900,158.0,,,,37.34,38.946,34.122,34.763
7901,158.02,,,,37.34,38.946,34.122,34.763
7902,158.04,,,,37.34,38.946,34.122,34.763
7903,158.06,,,,37.34,38.946,34.122,34.763
7904,158.08,,,,37.34,38.946,34.122,34.763
7905,158.1,,,,37.34,38.946,34.122,34.763
7906,158.12,,,,37.34,38.946,34.122,34.763
7907,158.14,,,,37.34,38.946,34.122,34.763
7908,158.16,,,,37.34,38.946,34.122,34.763
7909,158.18,,,,37.34,38.946,34.122,34.763
7910,158.2,,,,37.34,38.946,34.122,34.763
7911,158.22,,,,37.34,38.946,34.122,34.763
7912,158.24,,,,37.34,38.946,34.122,34.763
7913,158.26,,,,37.34,38.946,34.122,34.763
7914,158.28,,,,37.34,38.946,34.122,34.763
7915,158.3,,,,37.34,38.946,34.122,34.763
7916,158.32,,,,37.34,38.946,34.122,34.763
7917,158.34,,,,37.34,38.946,34.122,34.763
7918,158.36,,,,37.34,38.946,34.122,34.763
7919,158.38,,,,37.34,38.946,34.122,34.763
7920,158.4,,,,37.34,38.946,34.122,34.763
7921,158.42,,,,37.34,38.946,34.122,34.763
7922,158.44,,,,37.34,38.946,34.122,34.763
7923,158.46,,,,37.34,38.946,34.122,34.763
7924,158.48,,,,37.34,38.946,34.122,34.763
7925,158.5,,,,37.34,38.946,34.122,34.763
7926,158.52,,,,37.34,38.946,34.122,34.763
7927,158.54,,,,37.34,38.946,34.122,34.763
7928,158.56,,,,37.34,38.946,34.122,34.763
7929,158.58,,,,37.34,38.946,34.122,34.763
7930,158.6,,,,37.34,38.946,34.122,34.763
7931,158.62,,,,37.34,38.946,34.122,34.763
7932,158.64,,,,37.34,38.946,34.122,34.763
7933,158.66,,,,37.34,38.946,34.122,34.763
7934,158.68,,,,37.34,38.946,34.122,34.763
7935,158.7,4.144,2.739,bbox,37.38,38.946,34.122,34.763
7936,158.72,2.955,2.739,bbox,37.38,38.946,34.122,34.763
7937,158.74,2.961,2.955,bbox,37.38,38.946,34.122,34.763
7938,158.76,5.19,2.961,pose,37.38,38.997,34.122,34.763
7939,158.78,3.067,3.067,bbox,37.38,38.997,34.122,34.763
7940,158.8,3.14,3.067,bbox,37.442,38.997,34.122,34.817
7941,158.82,2.358,3.067,pose,37.51,38.997,34.122,34.817
7942,158.84,3.225,3.14,bbox,37.51,38.997,34.122,34.817
7943,158.86,3.045,3.067,bbox,37.51,38.997,34.122,34.817
7944,158.88,2.126,3.045,pose,37.572,38.997,34.122,34.817
7945,158.9,3.079,3.045,bbox,37.627,38.997,34.122,34.817
7946,158.92,3.147,3.079,bbox,37.734,38.997,34.122,34.872
7947,158.94,2.263,3.045,pose,37.734,38.997,34.122,34.872
7948,158.96,3.274,3.079,bbox,37.734,39.032,34.122,34.872
7949,158.98,3.324,3.147,bbox,37.734,39.032,34.122,34.872
7950,159.0,2.752,3.147,pose,37.734,39.032,34.122,34.872
7951,159.02,3.351,3.274,bbox,37.734,39.062,34.122,34.872
7952,159.04,3.371,3.324,bbox,37.734,39.062,34.122,34.872
7953,159.06,3.342,3.342,bbox,37.734,39.062,34.122,34.872
7954,159.08,4.438,3.351,bbox,37.734,39.062,34.122,34.872
7955,159.1,4.468,3.371,bbox,37.734,39.062,34.122,34.872
7956,159.12,3.404,3.404,bbox,37.734,39.149,34.122,34.872
7957,159.14,2.646,3.404,bbox,37.734,39.149,34.122,34.872
7958,159.16,2.614,3.404,bbox,37.734,39.149,34.122,34.872
7959,159.18,4.782,3.404,pose,37.734,39.149,34.122,34.872
7960,159.2,3.373,3.373,bbox,37.734,39.149,34.122,34.872
7961,159.22,2.516,2.646,bbox,37.734,39.149,34.122,34.912
7962,159.24,2.814,2.814,pose,37.734,39.149,34.164,34.912
7963,159.26,5.404,3.373,bbox,37.734,39.149,34.164,34.912
7964,159.28,3.007,3.007,bbox,37.734,39.149,34.164,34.912
7965,159.3,5.276,3.007,bbox,37.734,39.149,34.164,35.032
7966,159.32,3.075,3.075,bbox,37.734,39.149,34.164,35.032
7967,159.34,3.05,3.075,bbox,37.734,39.149,34.164,35.032
7968,159.36,3.052,3.052,bbox,37.734,39.149,34.164,35.032
7969,159.38,3.057,3.057,bbox,37.734,39.149,34.164,35.032
7970,159.4,3.027,3.052,bbox,37.734,39.149,34.164,35.032
7971,159.42,2.212,3.05,pose,37.734,39.149,34.164,35.032
7972,159.44,3.027,3.027,bbox,37.734,39.149,34.164,35.032
7973,159.46,3.025,3.027,bbox,37.734,39.149,34.164,35.032
7974,159.48,2.131,3.025,pose,37.734,39.149,34.164,35.032
7975,159.5,3.02,3.02,bbox,37.734,39.149,34.164,35.032
7976,159.52,2.998,3.02,bbox,37.734,39.149,34.164,35.032
7977,159.54,2.117,2.998,pose,37.734,39.149,34.164,35.032
7978,159.56,3.029,2.998,bbox,37.734,39.149,34.164,35.032
7979,159.58,3.021,3.02,bbox,37.776,39.149,34.164,35.032
7980,159.6,2.133,2.998,pose,37.776,39.149,34.164,35.032
7981,159.62,2.983,2.983,bbox,37.776,39.149,34.164,35.032
7982,159.64,2.933,2.983,bbox,37.776,39.149,34.164,35.032
7983,159.66,2.137,2.933,pose,37.776,39.149,34.164,35.032
7984,159.68,2.892,2.892,bbox,37.82,39.149,34.164,35.032
7985,159.7,2.851,2.892,bbox,37.82,39.149,34.164,35.032
7986,159.72,2.058,2.851,pose,37.82,39.149,34.164,35.032
7987,159.74,2.849,2.849,bbox,37.82,39.149,34.164,35.032
7988,159.76,2.842,2.849,bbox,37.82,39.149,34.164,35.032
7989,159.78,1.895,2.842,pose,37.82,39.149,34.164,35.032
7990,159.8,2.814,2.814,bbox,37.82,39.149,34.164,35.032
7991,159.82,2.773,2.814,bbox,37.82,39.149,34.164,35.032
7992,159.84,2.8,2.8,bbox,37.886,39.149,34.164,35.032
7993,159.86,2.771,2.773,bbox,37.928,39.149,34.164,35.032
7994,159.88,2.723,2.773,bbox,37.928,39.149,34.164,35.032
7995,159.9,1.669,2.771,pose,37.985,39.149,34.164,35.032
7996,159.92,,,,37.985,39.149,34.164,35.032
7997,159.94,2.745,2.745,bbox,38.029,39.149,34.164,35.083
7998,159.96,1.902,2.723,pose,38.029,39.149,34.164,35.083
7999,159.98,2.802,2.723,bbox,38.153,39.149,34.164,35.083
8000,160.0,2.804,2.745,bbox,38.153,39.149,34.164,35.083
8001,160.02,1.881,2.745,pose,38.153,39.149,34.164,35.083
8002,160.04,2.832,2.802,bbox,38.153,39.204,34.164,35.083
8003,160.06,2.889,2.804,bbox,38.153,39.204,34.164,35.083
8004,160.08,1.88,2.804,pose,38.153,39.248,34.164,35.125
8005,160.1,2.732,2.732,bbox,38.153,39.248,34.164,35.125
8006,160.12,2.927,2.832,bbox,38.153,39.248,34.164,35.125
8007,160.14,4.29,2.889,pose,38.153,39.248,34.164,35.125
8008,160.16,3.101,2.927,bbox,38.153,39.303,34.164,35.22
8009,160.18,3.2,3.101,bbox,38.153,39.303,34.164,35.22
8010,160.2,4.21,3.2,pose,38.198,39.303,34.164,35.22
8011,160.22,3.376,3.376,bbox,38.198,39.347,34.164,35.329
8012,160.24,3.464,3.376,bbox,38.198,39.405,34.164,35.371
8013,160.26,3.068,3.376,pose,38.198,39.444,34.164,35.431
8014,160.28,2.537,3.376,bbox,38.198,39.444,34.164,35.431
8015,160.3,3.606,3.376,bbox,38.198,39.502,34.164,35.431
8016,160.32,3.226,3.226,pose,38.198,39.502,34.164,35.497
8017,160.34,3.605,3.226,bbox,38.198,39.502,34.164,35.497
8018,160.36,3.6,3.6,bbox,38.198,39.502,34.164,35.497
8019,160.38,3.173,3.6,pose,38.198,39.502,34.164,35.497
8020,160.4,2.489,3.226,bbox,38.198,39.502,34.164,35.497
8021,160.42,2.461,3.173,bbox,38.198,39.502,34.164,35.497
8022,160.44,4.215,3.173,pose,38.198,39.502,34.164,35.497
8023,160.46,2.962,2.962,bbox,38.198,39.502,34.164,35.497
8024,160.48,2.436,2.489,bbox,38.198,39.502,34.164,35.568
8025,160.5,2.604,2.604,pose,38.198,39.502,34.239,35.568
8026,160.52,3.291,2.962,bbox,38.198,39.502,34.239,35.568
8027,160.54,3.229,2.962,bbox,38.198,39.502,34.239,35.568
8028,160.56,2.347,2.604,pose,38.198,39.502,34.239,35.568
8029,160.58,3.13,3.13,bbox,38.198,39.502,34.239,35.568
8030,160.6,3.103,3.13,bbox,38.198,39.502,34.239,35.568
8031,160.62,2.17,3.103,pose,38.198,39.502,34.239,35.568
8032,160.64,3.085,3.085,bbox,38.251,39.502,34.273,35.568
8033,160.66,3.086,3.086,bbox,38.282,39.502,34.273,35.568
8034,160.68,2.128,3.085,pose,38.282,39.502,34.273,35.568
8035,160.7,3.106,3.085,bbox,38.282,39.502,34.273,35.568
8036,160.72,3.118,3.086,bbox,38.282,39.502,34.273,35.568
8037,160.74,2.166,3.086,pose,38.282,39.502,34.273,35.568
8038,160.76,3.117,3.106,bbox,38.282,39.502,34.273,35.568
8039,160.78,3.092,3.106,bbox,38.282,39.502,34.273,35.568
8040,160.8,2.149,3.092,pose,38.282,39.502,34.273,35.568
8041,160.82,3.04,3.04,bbox,38.282,39.502,34.273,35.568
8042,160.84,3.008,3.04,bbox,38.282,39.502,34.273,35.568
8043,160.86,2.119,3.008,pose,38.282,39.502,34.273,35.568
8044,160.88,2.972,2.972,bbox,38.282,39.502,34.273,35.568
8045,160.9,2.962,2.972,bbox,38.282,39.502,34.273,35.568
8046,160.92,2.12,2.962,pose,38.282,39.502,34.273,35.568
8047,160.94,2.948,2.948,bbox,38.282,39.502,34.273,35.568
8048,160.96,2.956,2.956,bbox,38.282,39.502,34.273,35.568
8049,160.98,2.136,2.948,pose,38.282,39.502,34.273,35.568
8050,161.0,2.958,2.948,bbox,38.282,39.502,34.273,35.568
8051,161.02,2.979,2.956,bbox,38.282,39.502,34.273,35.568
8052,161.04,2.213,2.956,pose,38.282,39.502,34.273,35.568
8053,161.06,2.972,2.958,bbox,38.282,39.502,34.273,35.568
8054,161.08,3.0,2.972,bbox,38.282,39.502,34.273,35.568
8055,161.1,2.195,2.972,pose,38.282,39.502,34.273,35.568
8056,161.12,3.008,2.972,bbox,38.282,39.502,34.273,35.568
8057,161.14,3.036,3.0,bbox,38.282,39.502,34.273,35.568
8058,161.16,2.239,3.0,pose,38.282,39.502,34.273,35.568
8059,161.18,5.162,3.008,bbox,38.282,39.502,34.273,35.703
8060,161.2,2.999,3.008,bbox,38.282,39.502,34.402,35.703
8061,161.22,2.137,2.999,pose,38.282,39.502,34.402,35.763
8062,161.24,2.885,2.885,bbox,38.282,39.502,34.402,35.763
8063,161.26,2.815,2.885,bbox,38.313,39.502,34.483,35.763
8064,161.28,2.015,2.815,pose,38.313,39.502,34.529,35.763
8065,161.3,2.626,2.626,bbox,38.313,39.502,34.529,35.763
8066,161.32,2.622,2.626,bbox,38.313,39.502,34.529,35.763
8067,161.34,2.669,2.626,bbox,38.414,39.502,34.657,35.763
8068,161.36,4.346,2.626,bbox,38.414,39.502,34.688,35.763
8069,161.38,4.267,2.669,bbox,38.414,39.502,34.742,35.763
8070,161.4,2.503,2.669,bbox,38.414,39.502,34.794,35.763
8071,161.42,2.93,2.93,bbox,38.414,39.502,34.863,35.763
8072,161.44,2.562,2.93,bbox,38.414,39.502,34.904,35.763
8073,161.46,2.527,2.562,bbox,38.414,39.502,34.904,35.763
8074,161.48,2.531,2.531,bbox,38.525,39.502,34.958,35.763
8075,161.5,2.532,2.532,bbox,38.525,39.502,35.021,35.763
8076,161.52,1.191,2.531,pose,38.525,39.502,35.021,35.811
8077,161.54,2.536,2.531,bbox,38.525,39.54,35.07,35.811
8078,161.56,2.402,2.531,bbox,38.525,39.54,35.07,35.811
8079,161.58,1.238,2.402,pose,38.525,39.54,35.07,35.811
8080,161.6,2.295,2.295,bbox,38.525,39.583,35.142,35.811
8081,161.62,2.278,2.295,bbox,38.525,39.583,35.209,35.811
8082,161.64,1.203,2.278,pose,38.525,39.631,35.245,35.811
8083,161.66,2.369,2.278,bbox,38.525,39.776,35.359,35.811
8084,161.68,2.574,2.295,bbox,38.525,39.776,35.416,35.811
8085,161.7,4.104,2.369,pose,38.611,39.776,35.416,35.811
8086,161.72,2.721,2.574,bbox,38.611,39.83,35.491,35.811
8087,161.74,2.792,2.721,bbox,38.611,39.977,35.491,35.811
8088,161.76,1.645,2.721,pose,38.611,40.025,35.491,35.811
8089,161.78,4.113,2.792,bbox,38.611,40.102,35.491,35.811
8090,161.8,4.144,2.792,bbox,38.611,40.102,35.491,35.811
8091,161.82,4.96,4.113,pose,38.611,40.102,35.491,35.846
8092,161.84,4.109,4.113,bbox,38.611,40.19,35.491,35.846
8093,161.86,4.123,4.123,bbox,38.611,40.19,35.491,35.846
8094,161.88,4.897,4.144,pose,38.611,40.19,35.491,35.846
8095,161.9,3.205,4.123,bbox,38.695,40.19,35.491,35.884
8096,161.92,4.133,4.123,bbox,38.695,40.269,35.491,35.884
8097,161.94,4.913,4.133,pose,38.775,40.269,35.491,35.884
8098,161.96,3.345,4.133,bbox,38.775,40.269,35.491,35.884
8099,161.98,3.433,3.433,bbox,38.775,40.269,35.491,35.884
8100,162.0,4.206,4.133,bbox,38.775,40.269,35.491,35.884
8101,162.02,4.249,4.206,bbox,38.775,40.269,35.491,35.919
8102,162.04,4.273,4.206,bbox,38.775,40.269,35.491,35.953
8103,162.06,2.993,4.206,pose,38.775,40.269,35.491,35.987
8104,162.08,4.303,4.249,bbox,38.775,40.365,35.491,36.019
8105,162.1,3.821,4.249,bbox,38.775,40.365,35.491,36.019
8106,162.12,3.057,3.821,pose,38.775,40.365,35.491,36.019
8107,162.14,3.964,3.821,bbox,38.857,40.365,35.491,36.019
8108,162.16,4.028,3.964,bbox,38.857,40.442,35.491,36.019
8109,162.18,3.167,3.821,pose,38.857,40.442,35.491,36.019
8110,162.2,4.202,3.964,bbox,38.857,40.442,35.491,36.019
8111,162.22,4.276,4.028,bbox,38.857,40.442,35.491,36.019
8112,162.24,3.349,4.028,pose,38.857,40.442,35.491,36.019
8113,162.26,4.41,4.202,bbox,38.857,40.497,35.491,36.019
8114,162.28,4.543,4.276,bbox,38.857,40.61,35.491,36.019
8115,162.3,3.803,4.276,pose,38.857,40.687,35.491,36.019
8116,162.32,4.564,4.41,bbox,38.857,40.77,35.531,36.019
8117,162.34,4.564,4.543,bbox,38.857,40.77,35.531,36.019
8118,162.36,4.124,4.543,pose,38.857,40.829,35.562,36.019
8119,162.38,4.414,4.414,bbox,38.857,40.864,35.607,36.019
8120,162.4,4.343,4.414,bbox,38.857,40.864,35.607,36.019
8121,162.42,4.066,4.343,pose,38.857,40.896,35.689,36.019
8122,162.44,4.161,4.161,bbox,38.857,40.896,35.689,36.019
8123,162.46,4.07,4.161,bbox,38.857,40.896,35.744,36.019
8124,162.48,3.914,4.07,bbox,38.857,40.896,35.744,36.019
8125,162.5,2.039,4.066,bbox,38.857,40.896,35.827,36.019
8126,162.52,2.043,3.914,bbox,38.857,40.896,35.866,36.019
8127,162.54,3.597,3.597,pose,38.857,40.896,35.866,36.019
8128,162.56,2.031,2.043,bbox,38.857,40.896,35.866,36.019
8129,162.58,2.026,2.039,bbox,38.857,40.896,35.866,36.019
8130,162.6,3.436,2.043,pose,38.857,40.896,35.866,36.019
8131,162.62,2.073,2.073,bbox,38.857,40.896,35.866,36.019
8132,162.64,2.065,2.065,bbox,38.857,40.896,35.866,36.019
8133,162.66,3.931,2.073,pose,38.907,40.896,35.866,36.019
8134,162.68,3.486,3.436,bbox,38.907,40.896,35.866,36.141
8135,162.7,3.432,3.432,bbox,38.907,40.896,35.866,36.141
8136,162.72,2.878,3.432,pose,38.907,40.896,35.866,36.141
8137,162.74,3.388,3.432,bbox,38.907,40.896,35.866,36.141
8138,162.76,3.35,3.388,bbox,38.964,40.896,35.866,36.141
8139,162.78,2.619,3.35,pose,39.032,40.896,35.866,36.141
8140,162.8,3.337,3.337,bbox,39.032,40.896,35.866,36.141
8141,162.82,3.37,3.35,bbox,39.072,40.896,35.866,36.141
8142,162.84,2.506,3.337,pose,39.148,40.896,35.866,36.141
8143,162.86,3.351,3.337,bbox,39.148,40.896,35.866,36.141
8144,162.88,3.344,3.344,bbox,39.148,40.896,35.866,36.141
8145,162.9,2.459,3.344,pose,39.211,40.896,35.866,36.141
8146,162.92,3.299,3.299,bbox,39.211,40.896,35.866,36.141
8147,162.94,3.266,3.299,bbox,39.211,40.896,35.866,36.141
8148,162.96,2.383,3.266,pose,39.211,40.896,35.866,36.141
8149,162.98,3.205,3.205,bbox,39.211,40.896,35.866,36.141
8150,163.0,3.174,3.205,bbox,39.211,40.896,35.866,36.141
8151,163.02,2.345,3.174,pose,39.211,40.896,35.866,36.141
8152,163.04,3.123,3.123,bbox,39.211,40.896,35.866,36.141
8153,163.06,3.099,3.123,bbox,39.211,40.896,35.866,36.141
8154,163.08,2.354,3.099,pose,39.211,40.896,35.866,36.141
8155,163.1,3.068,3.068,bbox,39.242,40.896,35.866,36.141
8156,163.12,3.033,3.068,bbox,39.242,40.896,35.866,36.141
8157,163.14,2.381,3.033,pose,39.242,40.896,35.866,36.141
8158,163.16,2.858,2.858,bbox,39.279,40.896,35.866,36.141
8159,163.18,2.81,2.858,bbox,39.279,40.896,35.866,36.141
8160,163.2,2.372,2.81,pose,39.279,40.896,35.866,36.141
8161,163.22,2.774,2.774,bbox,39.279,40.896,36.012,36.141
8162,163.24,2.774,2.774,bbox,39.279,40.896,36.012,36.141
8163,163.26,2.363,2.774,pose,39.279,40.896,36.012,36.141
8164,163.28,2.76,2.76,bbox,39.279,40.896,36.012,36.178
8165,163.3,2.759,2.76,bbox,39.328,40.896,36.012,36.178
8166,163.32,2.224,2.759,pose,39.328,40.896,36.012,36.178
8167,163.34,2.713,2.713,bbox,39.398,40.896,36.012,36.178
8168,163.36,2.676,2.713,bbox,39.398,40.896,36.012,36.178
8169,163.38,1.903,2.676,pose,39.398,40.896,36.012,36.178
8170,163.4,2.612,2.612,bbox,39.398,40.896,36.012,36.178
8171,163.42,2.583,2.612,bbox,39.462,40.896,36.012,36.178
8172,163.44,1.704,2.583,pose,39.462,40.896,36.012,36.178
8173,163.46,2.601,2.583,bbox,39.548,40.896,36.012,36.178
8174,163.48,2.612,2.601,bbox,39.586,40.896,36.012,36.178
8175,163.5,1.73,2.583,pose,39.586,40.896,36.012,36.178
8176,163.52,2.666,2.601,bbox,39.622,40.896,36.012,36.178
8177,163.54,2.679,2.612,bbox,39.658,40.896,36.012,36.178
8178,163.56,1.799,2.612,pose,39.698,40.896,36.012,36.178
8179,163.58,2.634,2.634,bbox,39.733,40.896,36.012,36.178
8180,163.6,2.614,2.634,bbox,39.803,40.896,36.05,36.178
8181,163.62,1.915,2.614,pose,39.845,40.896,36.05,36.178
8182,163.64,2.397,2.397,bbox,39.932,40.896,36.194,36.178
8183,163.66,2.31,2.397,bbox,39.932,40.896,36.224,36.178
8184,163.68,2.197,2.31,bbox,40.053,40.896,36.32,36.178
8185,163.7,2.351,2.31,bbox,40.053,40.965,36.32,36.178
8186,163.72,2.377,2.351,bbox,40.053,40.965,36.366,36.178
8187,163.74,3.269,2.351,pose,40.053,41.062,36.366,36.178
8188,163.76,2.381,2.377,bbox,40.053,41.062,36.366,36.178
8189,163.78,2.374,2.377,bbox,40.053,41.062,36.366,36.178
8190,163.8,3.364,2.381,pose,40.053,41.062,36.366,36.178
8191,163.82,2.394,2.394,bbox,40.053,41.108,36.366,36.178
8192,163.84,2.248,2.381,bbox,40.053,41.108,36.366,36.178
8193,163.86,2.19,2.374,bbox,40.053,41.108,36.366,36.178
8194,163.88,2.228,2.248,bbox,40.156,41.108,36.366,36.178
8195,163.9,2.535,2.248,bbox,40.156,41.108,36.366,36.213
8196,163.92,1.205,2.228,pose,40.156,41.144,36.366,36.213
8197,163.94,2.471,2.228,bbox,40.156,41.144,36.366,36.213
8198,163.96,2.473,2.471,bbox,40.187,41.144,36.366,36.213
8199,163.98,3.37,2.473,pose,40.187,41.144,36.366,36.213
8200,164.0,2.512,2.473,bbox,40.286,41.144,36.366,36.213
8201,164.02,2.498,2.498,bbox,40.286,41.144,36.366,36.285
8202,164.04,3.288,2.512,pose,40.286,41.144,36.366,36.318
8203,164.06,2.561,2.561,bbox,40.286,41.144,36.366,36.355
8204,164.08,2.591,2.561,bbox,40.286,41.144,36.366,36.355
8205,164.1,3.377,2.591,pose,40.317,41.144,36.366,36.42
8206,164.12,2.605,2.605,bbox,40.317,41.144,36.366,36.464
8207,164.14,2.624,2.605,bbox,40.36,41.144,36.366,36.495
8208,164.16,3.498,2.624,pose,40.36,41.144,36.366,36.55
8209,164.18,2.64,2.64,bbox,40.36,41.144,36.366,36.593
8210,164.2,2.615,2.624,bbox,40.36,41.144,36.366,36.593
8211,164.22,3.113,2.64,pose,40.36,41.144,36.366,36.626
8212,164.24,2.61,2.64,bbox,40.36,41.144,36.366,36.626
8213,164.26,2.599,2.615,bbox,40.36,41.144,36.366,36.626
8214,164.28,3.077,2.615,pose,40.36,41.144,36.366,36.626
8215,164.3,2.601,2.61,bbox,40.391,41.144,36.366,36.626
8216,164.32,2.604,2.604,bbox,40.391,41.144,36.366,36.626
8217,164.34,2.613,2.604,bbox,40.391,41.144,36.366,36.626
8218,164.36,2.63,2.613,bbox,40.391,41.144,36.366,36.626
8219,164.38,2.914,2.613,bbox,40.391,41.144,36.366,36.626
8220,164.4,2.629,2.629,bbox,40.391,41.144,36.366,36.626
8221,164.42,2.622,2.629,bbox,40.391,41.144,36.366,36.659
8222,164.44,2.62,2.629,bbox,40.391,41.144,36.366,36.659
8223,164.46,3.175,2.629,pose,40.391,41.144,36.366,36.659
8224,164.48,2.615,2.622,bbox,40.391,41.144,36.366,36.659
8225,164.5,2.587,2.62,bbox,40.391,41.144,36.366,36.659
8226,164.52,3.312,2.62,pose,40.391,41.144,36.366,36.659
8227,164.54,2.594,2.615,bbox,40.391,41.144,36.366,36.659
8228,164.56,2.594,2.594,bbox,40.391,41.144,36.366,36.659
8229,164.58,2.518,2.594,pose,40.391,41.144,36.366,36.659
8230,164.6,3.288,2.594,bbox,40.391,41.144,36.366,36.659
8231,164.62,3.316,2.594,bbox,40.433,41.144,36.366,36.659
8232,164.64,2.642,2.642,pose,40.433,41.144,36.366,36.69
8233,164.66,4.862,3.288,bbox,40.433,41.144,36.366,36.744
8234,164.68,4.889,3.316,bbox,40.433,41.144,36.366,36.796
8235,164.7,5.082,4.862,pose,40.433,41.144,36.366,36.851
8236,164.72,4.935,4.889,bbox,40.433,41.144,36.366,36.851
8237,164.74,4.938,4.935,bbox,40.433,41.144,36.366,36.851
8238,164.76,5.153,4.938,pose,40.433,41.144,36.366,36.851
8239,164.78,4.971,4.971,bbox,40.433,41.144,36.366,36.851
8240,164.8,4.974,4.971,bbox,40.433,41.144,36.366,36.851
8241,164.82,5.427,4.974,pose,40.433,41.144,36.366,36.851
8242,164.84,4.942,4.974,bbox,40.433,41.144,36.366,36.851
8243,164.86,4.906,4.971,bbox,40.433,41.144,36.366,36.851
8244,164.88,5.4,4.974,pose,40.433,41.144,36.366,36.851
8245,164.9,4.894,4.942,bbox,40.433,41.144,36.366,36.851
8246,164.92,4.878,4.906,bbox,40.433,41.144,36.366,36.851
8247,164.94,5.447,4.906,pose,40.433,41.144,36.366,36.851
8248,164.96,4.852,4.894,bbox,40.433,41.144,36.366,36.851
8249,164.98,4.835,4.878,bbox,40.433,41.144,36.366,36.851
8250,165.0,5.197,4.878,pose,40.433,41.144,36.366,36.851
8251,165.02,4.814,4.852,bbox,40.433,41.144,36.366,36.851
8252,165.04,4.832,4.835,bbox,40.433,41.144,36.366,36.851
8253,165.06,4.868,4.835,pose,40.433,41.144,36.366,36.851
8254,165.08,4.833,4.833,bbox,40.433,41.144,36.366,36.851
8255,165.1,4.856,4.833,bbox,40.433,41.144,36.366,36.851
8256,165.12,4.737,4.833,pose,40.433,41.144,36.366,36.851
8257,165.14,4.864,4.856,bbox,40.433,41.144,36.366,36.851
8258,165.16,3.049,4.833,bbox,40.433,41.144,36.366,36.851
8259,165.18,2.419,4.737,pose,40.433,41.144,36.366,36.851
8260,165.2,3.055,3.055,bbox,40.433,41.144,36.366,36.851
8261,165.22,3.067,3.055,bbox,40.579,41.144,36.366,36.851
8262,165.24,2.426,3.049,pose,40.579,41.144,36.366,36.851
8263,165.26,4.92,3.055,bbox,40.579,41.27,36.366,36.851
8264,165.28,4.903,3.067,bbox,40.579,41.27,36.366,36.851
8265,165.3,5.244,4.903,pose,40.579,41.27,36.366,36.851
8266,165.32,4.869,4.903,bbox,40.579,41.27,36.366,36.851
8267,165.34,3.083,4.903,bbox,40.579,41.27,36.366,36.851
8268,165.36,2.372,4.869,pose,40.579,41.27,36.366,36.851
8269,165.38,3.06,3.083,bbox,40.579,41.27,36.366,36.851
8270,165.4,4.733,3.083,bbox,40.579,41.27,36.366,36.851
8271,165.42,5.177,3.083,pose,40.579,41.27,36.366,36.851
8272,165.44,4.65,4.65,bbox,40.579,41.27,36.366,36.851
8273,165.46,4.604,4.65,bbox,40.579,41.27,36.366,36.851
8274,165.48,5.036,4.733,pose,40.579,41.27,36.366,36.851
8275,165.5,4.535,4.65,bbox,40.579,41.27,36.366,36.851
8276,165.52,4.501,4.604,bbox,40.579,41.27,36.366,36.851
8277,165.54,3.927,4.535,pose,40.579,41.27,36.399,36.851
8278,165.56,2.513,4.501,bbox,40.579,41.27,36.399,36.851
8279,165.58,2.5,3.927,bbox,40.579,41.27,36.399,36.851
8280,165.6,3.814,3.814,pose,40.579,41.27,36.399,36.851
8281,165.62,2.49,2.513,bbox,40.579,41.27,36.399,36.851
8282,165.64,2.48,2.5,bbox,40.579,41.27,36.399,36.851
8283,165.66,5.004,2.5,pose,40.579,41.27,36.399,36.851
8284,165.68,4.336,3.814,bbox,40.579,41.27,36.399,36.851
8285,165.7,4.321,4.321,bbox,40.579,41.27,36.399,36.851
8286,165.72,4.505,4.336,pose,40.579,41.27,36.399,36.851
8287,165.74,4.313,4.336,bbox,40.579,41.27,36.399,36.851
8288,165.76,4.323,4.323,bbox,40.579,41.27,36.399,36.851
8289,165.78,2.427,4.321,pose,40.579,41.27,36.399,36.851
8290,165.8,2.99,4.313,bbox,40.669,41.27,36.399,36.851
8291,165.82,2.998,2.998,bbox,40.669,41.27,36.399,36.851
8292,165.84,2.433,2.99,pose,40.669,41.27,36.399,36.851
8293,165.86,4.277,2.99,bbox,40.669,41.27,36.399,36.851
8294,165.88,4.263,2.998,bbox,40.669,41.27,36.399,36.851
8295,165.9,4.741,4.263,pose,40.669,41.27,36.399,36.851
8296,165.92,4.199,4.263,bbox,40.669,41.27,36.399,36.851
8297,165.94,4.189,4.263,bbox,40.669,41.27,36.399,36.851
8298,165.96,4.938,4.263,pose,40.669,41.27,36.399,36.851
8299,165.98,4.153,4.199,bbox,40.722,41.27,36.399,36.851
8300,166.0,4.155,4.189,bbox,40.722,41.27,36.399,36.851
8301,166.02,4.912,4.189,pose,40.722,41.27,36.399,36.851
8302,166.04,4.17,4.17,bbox,40.722,41.27,36.399,36.851
8303,166.06,4.178,4.17,bbox,40.722,41.27,36.399,36.851
8304,166.08,4.753,4.178,pose,40.722,41.27,36.399,36.851
8305,166.1,4.143,4.178,bbox,40.722,41.27,36.399,36.851
8306,166.12,4.144,4.17,bbox,40.722,41.27,36.399,36.851
8307,166.14,4.263,4.178,pose,40.722,41.27,36.399,36.851
8308,166.16,4.127,4.144,bbox,40.722,41.27,36.399,36.851
8309,166.18,4.102,4.143,bbox,40.722,41.27,36.399,36.851
8310,166.2,4.139,4.139,pose,40.722,41.27,36.399,36.851
8311,166.22,4.095,4.127,bbox,40.722,41.27,36.399,36.851
8312,166.24,4.102,4.102,bbox,40.722,41.27,36.399,36.851
8313,166.26,4.396,4.102,pose,40.722,41.27,36.399,36.851
8314,166.28,4.097,4.102,bbox,40.722,41.27,36.399,36.851
8315,166.3,4.096,4.097,bbox,40.722,41.27,36.399,36.851
8316,166.32,4.613,4.102,pose,40.722,41.27,36.399,36.851
8317,166.34,4.127,4.127,bbox,40.722,41.27,36.399,36.851
8318,166.36,4.143,4.127,bbox,40.722,41.27,36.399,36.851
8319,166.38,4.734,4.143,pose,40.722,41.27,36.399,36.851
8320,166.4,4.182,4.182,bbox,40.722,41.27,36.399,36.851
8321,166.42,4.201,4.182,bbox,40.722,41.27,36.399,36.851
8322,166.44,4.761,4.201,pose,40.722,41.27,36.399,36.851
8323,166.46,4.21,4.21,bbox,40.722,41.27,36.399,36.851
8324,166.48,4.207,4.207,bbox,40.722,41.27,36.399,36.851
8325,166.5,4.572,4.21,pose,40.722,41.27,36.399,36.851
8326,166.52,4.218,4.218,bbox,40.722,41.27,36.399,36.851
8327,166.54,4.219,4.218,bbox,40.722,41.27,36.399,36.851
8328,166.56,3.387,4.218,pose,40.722,41.27,36.399,36.851
8329,166.58,2.374,4.218,bbox,40.722,41.27,36.399,36.851
8330,166.6,2.378,3.387,bbox,40.722,41.27,36.399,36.851
8331,166.62,3.306,3.306,pose,40.722,41.27,36.399,36.851
8332,166.64,4.224,3.306,bbox,40.722,41.27,36.399,36.851
8333,166.66,4.233,3.306,bbox,40.722,41.27,36.399,36.851
8334,166.68,4.432,4.224,pose,40.722,41.27,36.399,36.851
8335,166.7,4.219,4.224,bbox,40.722,41.27,36.399,36.851
8336,166.72,4.224,4.224,bbox,40.722,41.27,36.399,36.851
8337,166.74,4.383,4.233,pose,40.722,41.27,36.399,36.851
8338,166.76,4.223,4.224,bbox,40.722,41.27,36.399,36.851
8339,166.78,2.366,4.223,bbox,40.722,41.27,36.399,36.851
8340,166.8,3.068,4.223,pose,40.722,41.27,36.399,36.851
8341,166.82,4.223,4.223,bbox,40.722,41.27,36.399,36.851
8342,166.84,4.22,4.22,bbox,40.722,41.27,36.399,36.851
8343,166.86,4.193,4.193,pose,40.722,41.27,36.399,36.851
8344,166.88,4.198,4.198,bbox,40.722,41.27,36.399,36.851
8345,166.9,4.193,4.198,bbox,40.722,41.27,36.399,36.851
8346,166.92,4.299,4.198,pose,40.722,41.27,36.399,36.851
8347,166.94,4.188,4.193,bbox,40.722,41.27,36.399,36.851
8348,166.96,4.187,4.193,bbox,40.722,41.27,36.399,36.851
8349,166.98,4.083,4.188,pose,40.722,41.27,36.399,36.851
8350,167.0,4.178,4.187,bbox,40.722,41.27,36.399,36.851
8351,167.02,4.163,4.178,bbox,40.722,41.27,36.399,36.851
8352,167.04,4.156,4.163,pose,40.722,41.27,36.399,36.851
8353,167.06,4.158,4.158,bbox,40.722,41.27,36.399,36.851
8354,167.08,4.149,4.158,bbox,40.722,41.27,36.399,36.851
8355,167.1,4.161,4.158,pose,40.722,41.27,36.399,36.851
8356,167.12,4.098,4.156,bbox,40.722,41.27,36.399,36.851
8357,167.14,4.104,4.149,bbox,40.722,41.27,36.399,36.851
8358,167.16,4.054,4.104,pose,40.722,41.27,36.399,36.851
8359,167.18,4.067,4.098,bbox,40.754,41.27,36.399,36.851
8360,167.2,4.052,4.067,bbox,40.754,41.27,36.399,36.851
8361,167.22,3.937,4.054,pose,40.754,41.27,36.399,36.851
8362,167.24,3.998,4.052,bbox,40.754,41.27,36.399,36.851
8363,167.26,3.976,3.998,bbox,40.754,41.27,36.399,36.851
8364,167.28,3.895,3.976,pose,40.754,41.27,36.399,36.851
8365,167.3,3.924,3.937,bbox,40.754,41.27,36.399,36.851
8366,167.32,3.902,3.924,bbox,40.754,41.27,36.399,36.851
8367,167.34,3.893,3.902,pose,40.754,41.27,36.399,36.851
8368,167.36,3.867,3.895,bbox,40.754,41.27,36.399,36.851
8369,167.38,3.837,3.893,bbox,40.754,41.27,36.399,36.851
8370,167.4,3.901,3.893,pose,40.754,41.27,36.399,36.851
8371,167.42,3.792,3.867,bbox,40.754,41.27,36.399,36.851
8372,167.44,3.782,3.837,bbox,40.754,41.27,36.399,36.851
8373,167.46,3.808,3.808,pose,40.754,41.27,36.399,36.851
8374,167.48,3.767,3.792,bbox,40.754,41.27,36.399,36.851
8375,167.5,3.763,3.782,bbox,40.754,41.27,36.399,36.851
8376,167.52,3.802,3.782,pose,40.754,41.27,36.399,36.851
8377,167.54,3.76,3.767,bbox,40.754,41.27,36.399,36.851
8378,167.56,3.76,3.763,bbox,40.754,41.27,36.399,36.851
8379,167.58,3.739,3.76,pose,40.754,41.27,36.399,36.851
8380,167.6,3.756,3.76,bbox,40.754,41.27,36.399,36.851
8381,167.62,3.741,3.756,bbox,40.754,41.27,36.399,36.851
8382,167.64,3.615,3.741,pose,40.754,41.27,36.399,36.851
8383,167.66,3.717,3.739,bbox,40.754,41.27,36.399,36.851
8384,167.68,3.692,3.717,bbox,40.754,41.27,36.399,36.851
8385,167.7,3.701,3.701,pose,40.754,41.27,36.399,36.851
8386,167.72,3.651,3.692,bbox,40.754,41.27,36.399,36.851
8387,167.74,3.632,3.692,bbox,40.754,41.27,36.399,36.851
8388,167.76,3.631,3.651,pose,40.754,41.27,36.399,36.851
8389,167.78,3.587,3.632,bbox,40.754,41.27,36.399,36.851
8390,167.8,3.589,3.631,bbox,40.754,41.27,36.399,36.851
8391,167.82,3.713,3.631,pose,40.754,41.27,36.399,36.851
8392,167.84,3.549,3.589,bbox,40.791,41.27,36.399,36.851
8393,167.86,3.511,3.587,bbox,40.791,41.27,36.399,36.851
8394,167.88,3.451,3.549,pose,40.791,41.27,36.399,36.851
8395,167.9,3.484,3.511,bbox,40.837,41.27,36.399,36.851
8396,167.92,3.468,3.484,bbox,40.837,41.27,36.399,36.851
8397,167.94,3.557,3.484,pose,40.837,41.27,36.399,36.851
8398,167.96,3.446,3.468,bbox,40.882,41.27,36.399,36.851
8399,167.98,3.427,3.468,bbox,40.882,41.27,36.399,36.851
8400,168.0,2.704,3.446,pose,40.95,41.27,36.399,36.851
8401,168.02,2.964,3.427,bbox,40.95,41.27,36.399,36.851
8402,168.04,2.974,2.974,bbox,40.95,41.27,36.399,36.851
8403,168.06,2.697,2.964,pose,40.95,41.27,36.399,36.851
8404,168.08,2.972,2.964,bbox,40.95,41.27,36.399,36.851
8405,168.1,2.975,2.972,bbox,40.95,41.27,36.399,36.851
8406,168.12,2.704,2.972,pose,40.95,41.27,36.399,36.851
8407,168.14,2.957,2.957,bbox,40.981,41.27,36.399,36.851
8408,168.16,2.958,2.958,bbox,40.981,41.27,36.399,36.851
8409,168.18,2.695,2.957,pose,40.981,41.27,36.399,36.851
8410,168.2,2.958,2.957,bbox,40.981,41.27,36.399,36.851
8411,168.22,2.946,2.957,bbox,40.981,41.27,36.399,36.851
8412,168.24,2.69,2.946,pose,40.981,41.27,36.399,36.851
8413,168.26,2.98,2.946,bbox,40.981,41.27,36.399,36.851
8414,168.28,2.96,2.958,bbox,40.981,41.27,36.399,36.851
8415,168.3,2.7,2.946,pose,40.981,41.27,36.399,36.851
8416,168.32,2.961,2.96,bbox,40.981,41.27,36.399,36.851
8417,168.34,2.958,2.96,bbox,40.981,41.27,36.399,36.851
8418,168.36,2.697,2.958,pose,40.981,41.27,36.399,36.851
8419,168.38,2.961,2.958,bbox,40.981,41.27,36.399,36.851
8420,168.4,2.968,2.961,bbox,40.981,41.27,36.399,36.851
8421,168.42,2.685,2.958,pose,40.981,41.27,36.399,36.851
8422,168.44,2.948,2.948,bbox,40.981,41.27,36.399,36.851
8423,168.46,2.939,2.948,bbox,40.981,41.27,36.399,36.851
8424,168.48,2.675,2.939,pose,40.981,41.27,36.399,36.851
8425,168.5,2.932,2.932,bbox,40.981,41.27,36.399,36.851
8426,168.52,2.944,2.939,bbox,40.981,41.27,36.399,36.851
8427,168.54,2.642,2.932,pose,40.981,41.27,36.399,36.851
8428,168.56,2.948,2.932,bbox,40.981,41.27,36.399,36.851
8429,168.58,2.956,2.944,bbox,40.981,41.27,36.399,36.851
8430,168.6,2.62,2.944,pose,40.981,41.27,36.399,36.851
8431,168.62,2.974,2.948,bbox,40.981,41.27,36.399,36.897
8432,168.64,3.01,2.956,bbox,40.981,41.27,36.399,36.897
8433,168.66,2.603,2.956,pose,40.981,41.27,36.399,36.929
8434,168.68,3.051,2.974,bbox,40.981,41.27,36.399,36.963
8435,168.7,3.058,3.01,bbox,40.981,41.27,36.399,36.963
8436,168.72,2.606,3.01,pose,40.981,41.27,36.399,36.963
8437,168.74,3.034,3.034,bbox,40.981,41.27,36.399,36.963
8438,168.76,3.041,3.041,bbox,40.981,41.27,36.399,36.963
8439,168.78,2.604,3.034,pose,40.981,41.27,36.399,36.963
8440,168.8,3.024,3.024,bbox,40.981,41.27,36.399,36.963
8441,168.82,3.026,3.026,bbox,40.981,41.27,36.399,36.963
8442,168.84,2.615,3.024,pose,40.981,41.27,36.399,36.963
8443,168.86,3.045,3.024,bbox,40.981,41.27,36.399,36.963
8444,168.88,3.047,3.026,bbox,40.981,41.27,36.399,36.963
8445,168.9,2.668,3.026,pose,40.981,41.27,36.399,36.963
8446,168.92,3.081,3.045,bbox,40.981,41.27,36.399,36.963
8447,168.94,3.096,3.047,bbox,40.981,41.27,36.399,36.963
8448,168.96,2.733,3.047,pose,40.981,41.27,36.399,36.963
8449,168.98,3.108,3.081,bbox,40.981,41.27,36.399,36.963
8450,169.0,3.107,3.096,bbox,40.981,41.27,36.399,36.963
8451,169.02,2.797,3.096,pose,40.981,41.27,36.399,36.963
8452,169.04,3.105,3.105,bbox,40.981,41.27,36.399,36.963
8453,169.06,3.106,3.106,bbox,40.981,41.27,36.399,36.963
8454,169.08,2.847,3.105,pose,40.981,41.27,36.399,36.963
8455,169.1,3.091,3.091,bbox,40.981,41.27,36.399,36.963
8456,169.12,3.095,3.095,bbox,40.981,41.27,36.399,36.963
8457,169.14,2.872,3.091,pose,40.981,41.27,36.399,36.963
8458,169.16,3.062,3.062,bbox,40.981,41.27,36.399,36.963
8459,169.18,3.06,3.062,bbox,40.981,41.27,36.399,36.963
8460,169.2,2.833,3.06,pose,40.981,41.27,36.399,36.963
8461,169.22,3.045,3.045,bbox,40.981,41.27,36.399,36.963
8462,169.24,3.051,3.051,bbox,40.981,41.27,36.399,36.963
8463,169.26,2.841,3.045,pose,40.981,41.27,36.399,36.963
8464,169.28,3.056,3.045,bbox,40.981,41.27,36.399,36.963
8465,169.3,3.055,3.051,bbox,40.981,41.27,36.399,36.963
8466,169.32,3.079,3.055,pose,40.981,41.27,36.399,36.963
8467,169.34,3.075,3.056,bbox,40.981,41.27,36.399,36.963
8468,169.36,3.076,3.075,bbox,40.981,41.27,36.399,36.963
8469,169.38,2.908,3.075,pose,40.981,41.27,36.399,36.963
8470,169.4,3.061,3.075,bbox,40.981,41.27,36.399,36.963
8471,169.42,3.073,3.073,bbox,40.981,41.27,36.399,36.963
8472,169.44,2.647,3.061,pose,40.981,41.27,36.399,36.963
8473,169.46,3.055,3.055,bbox,40.981,41.27,36.399,36.963
8474,169.48,3.055,3.055,bbox,40.981,41.27,36.399,36.963
8475,169.5,2.595,3.055,pose,40.981,41.27,36.399,36.963
8476,169.52,3.052,3.052,bbox,40.981,41.27,36.433,36.963
8477,169.54,3.069,3.055,bbox,40.981,41.27,36.433,36.963
8478,169.56,2.892,3.052,pose,40.981,41.27,36.433,36.963
8479,169.58,3.088,3.052,bbox,40.981,41.27,36.433,36.963
8480,169.6,3.111,3.069,bbox,40.981,41.27,36.433,36.963
8481,169.62,2.67,3.069,pose,40.981,41.27,36.433,36.963
8482,169.64,3.127,3.088,bbox,40.981,41.27,36.433,36.963
8483,169.66,3.132,3.111,bbox,40.981,41.27,36.433,36.963
8484,169.68,2.625,3.111,pose,40.981,41.27,36.433,36.963
8485,169.7,3.141,3.127,bbox,40.981,41.27,36.433,36.963
8486,169.72,3.146,3.132,bbox,40.981,41.27,36.433,36.963
8487,169.74,2.613,3.132,pose,40.981,41.27,36.433,36.963
8488,169.76,3.167,3.141,bbox,40.981,41.27,36.433,36.963
8489,169.78,3.166,3.146,bbox,40.981,41.27,36.433,36.963
8490,169.8,2.602,3.146,pose,40.981,41.27,36.433,36.963
8491,169.82,3.122,3.122,bbox,40.981,41.27,36.433,36.963
8492,169.84,3.113,3.122,bbox,40.981,41.27,36.433,36.963
8493,169.86,2.58,3.113,pose,40.981,41.27,36.433,36.963
8494,169.88,3.093,3.093,bbox,40.981,41.27,36.433,36.963
8495,169.9,3.084,3.093,bbox,40.981,41.27,36.433,36.963
8496,169.92,2.989,3.084,pose,40.981,41.27,36.433,36.963
8497,169.94,3.198,3.084,bbox,40.981,41.27,36.433,36.963
8498,169.96,3.163,3.093,bbox,40.981,41.27,36.433,36.963
8499,169.98,2.939,3.084,pose,40.981,41.27,36.433,36.963
8500,170.0,3.111,3.111,bbox,40.981,41.27,36.433,36.963
8501,170.02,3.086,3.111,bbox,40.981,41.27,36.465,36.963
8502,170.04,2.877,3.086,pose,40.981,41.27,36.465,36.963
8503,170.06,3.062,3.062,bbox,40.981,41.27,36.499,36.963
8504,170.08,3.047,3.062,bbox,40.981,41.27,36.499,36.963
8505,170.1,2.873,3.047,pose,40.981,41.27,36.499,36.963
8506,170.12,3.04,3.04,bbox,40.981,41.27,36.499,36.963
8507,170.14,3.041,3.041,bbox,40.981,41.27,36.499,36.963
8508,170.16,2.845,3.04,pose,40.981,41.27,36.499,36.963
8509,170.18,3.071,3.04,bbox,40.981,41.27,36.499,36.963
8510,170.2,3.096,3.041,bbox,40.981,41.27,36.499,36.963
8511,170.22,2.838,3.041,pose,40.981,41.27,36.499,36.963
8512,170.24,3.148,3.071,bbox,40.981,41.27,36.499,36.963
8513,170.26,3.167,3.096,bbox,40.981,41.27,36.499,36.963
8514,170.28,2.849,3.096,pose,40.981,41.27,36.499,36.963
8515,170.3,3.192,3.148,bbox,40.981,41.27,36.499,36.963
8516,170.32,3.2,3.167,bbox,40.981,41.27,36.499,36.963
8517,170.34,2.835,3.167,pose,40.981,41.27,36.499,36.963
8518,170.36,3.223,3.192,bbox,40.981,41.27,36.499,36.963
8519,170.38,3.231,3.2,bbox,40.981,41.27,36.499,36.963
8520,170.4,2.844,3.2,pose,40.981,41.27,36.499,36.963
8521,170.42,3.242,3.223,bbox,40.981,41.27,36.499,36.963
8522,170.44,3.263,3.231,bbox,40.981,41.27,36.499,36.963
8523,170.46,2.858,3.231,pose,40.981,41.27,36.499,36.963
8524,170.48,3.256,3.242,bbox,40.981,41.27,36.499,36.963
8525,170.5,3.26,3.256,bbox,40.981,41.27,36.499,36.963
8526,170.52,2.838,3.256,pose,40.981,41.27,36.499,36.963
8527,170.54,3.244,3.244,bbox,40.981,41.27,36.499,36.963
8528,170.56,3.25,3.25,bbox,40.981,41.27,36.499,36.963
8529,170.58,2.849,3.244,pose,40.981,41.27,36.499,36.963
8530,170.6,3.263,3.244,bbox,40.981,41.27,36.499,36.963
8531,170.62,3.275,3.25,bbox,40.981,41.27,36.499,36.963
8532,170.64,2.902,3.25,pose,40.981,41.27,36.499,36.963
8533,170.66,3.293,3.263,bbox,40.981,41.27,36.499,36.963
8534,170.68,3.302,3.275,bbox,40.981,41.27,36.499,36.963
8535,170.7,2.939,3.275,pose,40.981,41.27,36.499,36.963
8536,170.72,3.332,3.293,bbox,40.981,41.27,36.499,36.963
8537,170.74,3.339,3.302,bbox,40.981,41.27,36.499,36.963
8538,170.76,2.953,3.302,pose,40.981,41.27,36.499,36.963
8539,170.78,3.363,3.332,bbox,40.981,41.27,36.499,36.963
8540,170.8,3.36,3.339,bbox,40.981,41.27,36.499,36.963
8541,170.82,2.983,3.339,pose,40.981,41.27,36.499,36.963
8542,170.84,3.379,3.36,bbox,40.981,41.27,36.499,36.963
8543,170.86,3.388,3.363,bbox,40.981,41.27,36.499,36.963
8544,170.88,3.071,3.36,pose,40.981,41.27,36.499,36.963
8545,170.9,3.402,3.379,bbox,40.981,41.27,36.499,36.963
8546,170.92,3.4,3.388,bbox,40.981,41.27,36.499,36.963
8547,170.94,3.077,3.388,pose,40.981,41.27,36.499,36.963
8548,170.96,3.405,3.4,bbox,40.981,41.27,36.499,36.963
8549,170.98,3.403,3.402,bbox,40.981,41.27,36.499,36.963
8550,171.0,3.117,3.4,pose,40.981,41.27,36.499,36.963
8551,171.02,3.403,3.403,bbox,40.981,41.27,36.499,36.963
8552,171.04,3.4,3.403,bbox,40.981,41.27,36.499,36.963
8553,171.06,3.099,3.4,pose,40.981,41.27,36.499,36.963
8554,171.08,3.411,3.4,bbox,40.981,41.27,36.499,36.963
8555,171.1,3.417,3.403,bbox,40.981,41.27,36.499,36.963
8556,171.12,3.147,3.4,pose,40.981,41.27,36.499,36.963
8557,171.14,3.434,3.411,bbox,40.981,41.27,36.499,36.963
8558,171.16,3.43,3.417,bbox,40.981,41.27,36.499,36.963
8559,171.18,3.154,3.417,pose,40.981,41.27,36.499,36.963
8560,171.2,3.412,3.412,bbox,40.981,41.27,36.499,36.963
8561,171.22,3.399,3.412,bbox,40.981,41.27,36.499,36.963
8562,171.24,3.088,3.399,pose,40.981,41.27,36.499,36.963
8563,171.26,3.388,3.388,bbox,40.981,41.27,36.499,36.963
8564,171.28,3.383,3.388,bbox,40.981,41.27,36.499,36.963
8565,171.3,3.038,3.383,pose,40.981,41.27,36.499,36.963
8566,171.32,3.34,3.34,bbox,40.981,41.27,36.499,36.963
8567,171.34,3.337,3.34,bbox,40.981,41.27,36.499,36.963
8568,171.36,3.092,3.337,pose,40.981,41.27,36.499,36.963
8569,171.38,3.363,3.337,bbox,40.981,41.27,36.532,36.963
8570,171.4,3.344,3.34,bbox,40.981,41.27,36.532,36.963
8571,171.42,3.035,3.337,pose,40.981,41.27,36.532,36.963
8572,171.44,3.288,3.288,bbox,40.981,41.27,36.532,36.963
8573,171.46,3.275,3.288,bbox,40.981,41.27,36.532,36.963
8574,171.48,3.006,3.275,pose,40.981,41.27,36.532,36.963
8575,171.5,3.269,3.269,bbox,40.981,41.27,36.532,36.963
8576,171.52,3.273,3.273,bbox,40.981,41.27,36.532,36.963
8577,171.54,2.999,3.269,pose,40.981,41.27,36.532,36.963
8578,171.56,3.275,3.269,bbox,40.981,41.27,36.532,36.963
8579,171.58,3.3,3.273,bbox,40.981,41.27,36.532,36.963
8580,171.6,3.008,3.273,pose,40.981,41.27,36.532,36.963
8581,171.62,3.275,3.275,bbox,40.981,41.27,36.532,36.963
8582,171.64,3.288,3.275,bbox,40.981,41.27,36.532,36.963
8583,171.66,3.059,3.275,pose,40.981,41.27,36.532,36.963
8584,171.68,3.328,3.275,bbox,40.981,41.27,36.532,36.963
8585,171.7,3.35,3.288,bbox,40.981,41.27,36.532,36.963
8586,171.72,3.09,3.288,pose,40.981,41.27,36.532,36.963
8587,171.74,3.333,3.328,bbox,40.981,41.27,36.532,36.963
8588,171.76,3.323,3.328,bbox,40.981,41.27,36.532,36.963
8589,171.78,3.062,3.323,pose,40.981,41.27,36.532,36.963
8590,171.8,0.806,3.09,bbox,40.981,41.27,36.532,36.963
8591,171.82,0.807,3.062,bbox,40.981,41.27,36.532,36.963
8592,171.84,0.543,0.807,pose,40.981,41.27,36.532,36.963
8593,171.86,0.795,0.806,bbox,40.981,41.27,36.532,36.963
8594,171.88,0.794,0.795,bbox,40.981,41.27,36.532,36.963
8595,171.9,2.604,0.795,pose,40.981,41.27,36.532,36.963
8596,171.92,0.776,0.794,bbox,40.981,41.27,36.532,36.963
8597,171.94,2.909,0.795,bbox,40.981,41.27,36.532,36.963
8598,171.96,0.414,0.794,pose,40.981,41.27,36.532,36.963
8599,171.98,0.756,0.776,bbox,40.981,41.27,36.532,36.963
8600,172.0,0.746,0.756,bbox,40.981,41.27,36.532,36.963
8601,172.02,0.388,0.746,pose,40.981,41.27,36.532,36.963
8602,172.04,2.9,0.746,bbox,40.981,41.27,36.532,36.963
8603,172.06,2.897,0.756,bbox,40.981,41.27,36.532,36.963
8604,172.08,2.621,2.621,pose,40.981,41.27,36.532,36.963
8605,172.1,2.914,2.897,bbox,40.981,41.27,36.532,36.963
8606,172.12,2.921,2.9,bbox,40.981,41.27,36.532,36.963
8607,172.14,2.62,2.897,pose,40.981,41.27,36.532,36.963
8608,172.16,2.938,2.914,bbox,40.981,41.27,36.532,36.963
8609,172.18,2.947,2.921,bbox,40.981,41.27,36.532,36.963
8610,172.2,2.613,2.921,pose,40.981,41.27,36.532,36.963
8611,172.22,2.982,2.938,bbox,40.981,41.27,36.532,36.963
8612,172.24,3.0,2.947,bbox,40.981,41.27,36.532,36.963
8613,172.26,3.049,2.982,pose,40.981,41.27,36.532,36.963
8614,172.28,3.362,3.0,bbox,40.981,41.27,36.532,37.013
8615,172.3,3.36,3.049,bbox,40.981,41.27,36.532,37.013
8616,172.32,3.029,3.049,pose,40.981,41.27,36.532,37.013
8617,172.34,3.362,3.36,bbox,40.981,41.27,36.532,37.013
8618,172.36,3.365,3.362,bbox,40.981,41.27,36.532,37.013
8619,172.38,2.7,3.36,pose,40.981,41.27,36.532,37.013
8620,172.4,3.049,3.049,bbox,40.981,41.27,36.532,37.013
8621,172.42,3.049,3.049,bbox,40.981,41.27,36.532,37.013
8622,172.44,2.627,3.049,pose,40.981,41.27,36.532,37.013
8623,172.46,3.053,3.049,bbox,40.981,41.27,36.58,37.013
8624,172.48,3.349,3.049,bbox,40.981,41.27,36.58,37.013
8625,172.5,2.446,3.049,bbox,40.981,41.27,36.58,37.013
8626,172.52,2.404,2.627,bbox,40.981,41.27,36.58,37.013
8627,172.54,2.391,2.446,bbox,40.981,41.27,36.58,37.013
8628,172.56,2.008,2.404,pose,40.981,41.27,36.58,37.013
8629,172.58,2.382,2.391,bbox,40.981,41.27,36.58,37.013
8630,172.6,,,,40.981,41.27,36.58,37.013
8631,172.62,2.395,2.391,bbox,40.981,41.27,36.58,37.013
8632,172.64,,,,40.981,41.27,36.58,37.013
8633,172.66,,,,40.981,41.27,36.58,37.013
8634,172.68,,,,40.981,41.27,36.58,37.013
8635,172.7,,,,40.981,41.27,36.58,37.013
8636,172.72,,,,40.981,41.27,36.58,37.013
8637,172.74,,,,40.981,41.27,36.58,37.013
8638,172.76,,,,40.981,41.27,36.58,37.013
8639,172.78,,,,40.981,41.27,36.58,37.013
8640,172.8,,,,40.981,41.27,36.58,37.013
8641,172.82,,,,40.981,41.27,36.58,37.013
8642,172.84,,,,40.981,41.27,36.58,37.013
8643,172.86,,,,40.981,41.27,36.58,37.013
8644,172.88,,,,40.981,41.27,36.58,37.013
8645,172.9,,,,40.981,41.27,36.58,37.013
8646,172.92,,,,40.981,41.27,36.58,37.013
8647,172.94,,,,40.981,41.27,36.58,37.013
8648,172.96,,,,40.981,41.27,36.58,37.013
8649,172.98,,,,40.981,41.27,36.58,37.013
8650,173.0,,,,40.981,41.27,36.58,37.013
8651,173.02,,,,40.981,41.27,36.58,37.013
8652,173.04,,,,40.981,41.27,36.58,37.013
8653,173.06,,,,40.981,41.27,36.58,37.013
8654,173.08,,,,40.981,41.27,36.58,37.013
8655,173.1,,,,40.981,41.27,36.58,37.013
8656,173.12,,,,40.981,41.27,36.58,37.013
8657,173.14,,,,40.981,41.27,36.58,37.013
8658,173.16,3.26,2.391,pose,40.981,41.27,36.58,37.013
8659,173.18,3.545,2.395,bbox,40.981,41.27,36.58,37.013
8660,173.2,3.529,3.26,bbox,40.981,41.27,36.58,37.013
8661,173.22,3.173,3.26,pose,40.981,41.27,36.58,37.013
8662,173.24,3.475,3.475,bbox,40.981,41.27,36.69,37.013
8663,173.26,3.467,3.475,bbox,40.981,41.27,36.69,37.013
8664,173.28,3.115,3.467,pose,40.981,41.27,36.69,37.013
8665,173.3,3.443,3.443,bbox,40.981,41.27,36.741,37.013
8666,173.32,3.431,3.443,bbox,40.981,41.27,36.741,37.013
8667,173.34,3.061,3.431,pose,40.981,41.27,36.741,37.013
8668,173.36,3.416,3.416,bbox,40.981,41.27,36.771,37.013
8669,173.38,3.028,3.416,bbox,40.981,41.27,36.771,37.013
8670,173.4,2.633,3.061,pose,40.981,41.27,36.771,37.013
8671,173.42,3.007,3.028,bbox,40.981,41.27,36.771,37.013
8672,173.44,2.999,3.007,bbox,40.981,41.27,36.771,37.013
8673,173.46,2.626,2.999,pose,40.981,41.27,36.771,37.013
8674,173.48,2.968,2.968,bbox,40.981,41.27,36.771,37.013
8675,173.5,3.409,2.999,bbox,40.981,41.27,36.771,37.013
8676,173.52,3.049,2.999,pose,40.981,41.27,36.771,37.013
8677,173.54,3.404,3.049,bbox,40.981,41.27,36.771,37.013
8678,173.56,3.386,3.386,bbox,40.981,41.27,36.771,37.013
8679,173.58,3.049,3.386,pose,40.981,41.27,36.771,37.013
8680,173.6,3.393,3.386,bbox,40.981,41.27,36.771,37.013
8681,173.62,3.392,3.392,bbox,40.981,41.27,36.771,37.013
8682,173.64,3.042,3.386,pose,40.981,41.27,36.771,37.013
8683,173.66,3.407,3.392,bbox,40.981,41.27,36.771,37.013
8684,173.68,3.404,3.393,bbox,40.981,41.27,36.771,37.013
8685,173.7,3.046,3.392,pose,40.981,41.27,36.771,37.013
8686,173.72,3.39,3.39,bbox,40.981,41.27,36.771,37.013
8687,173.74,3.395,3.395,bbox,40.981,41.27,36.771,37.013
8688,173.76,3.1,3.39,pose,40.981,41.27,36.771,37.013
8689,173.78,3.387,3.387,bbox,40.981,41.27,36.771,37.013
8690,173.8,3.39,3.39,bbox,40.981,41.27,36.771,37.013
8691,173.82,3.018,3.387,pose,40.981,41.27,36.771,37.013
8692,173.84,3.391,3.387,bbox,40.981,41.27,36.771,37.013
8693,173.86,3.386,3.387,bbox,40.981,41.27,36.771,37.013
8694,173.88,3.017,3.386,pose,40.981,41.27,36.771,37.013
8695,173.9,2.865,3.018,bbox,40.981,41.27,36.771,37.013
8696,173.92,3.382,3.382,bbox,40.981,41.27,36.771,37.013
8697,173.94,3.047,3.047,pose,40.981,41.27,36.771,37.013
8698,173.96,3.383,3.047,bbox,40.981,41.27,36.771,37.013
8699,173.98,3.38,3.38,bbox,40.981,41.27,36.771,37.013
8700,174.0,2.584,3.38,pose,40.981,41.27,36.771,37.013
8701,174.02,2.814,3.047,bbox,40.981,41.27,36.771,37.013
8702,174.04,2.796,2.814,bbox,40.981,41.27,36.771,37.013
8703,174.06,3.043,2.814,pose,40.981,41.27,36.771,37.013
8704,174.08,3.333,2.814,bbox,40.981,41.27,36.771,37.013
8705,174.1,3.337,3.043,bbox,40.981,41.27,36.771,37.013
8706,174.12,3.08,3.08,pose,40.981,41.27,36.771,37.013
8707,174.14,3.339,3.333,bbox,40.981,41.27,36.771,37.013
8708,174.16,3.317,3.333,bbox,40.981,41.27,36.771,37.013
8709,174.18,3.033,3.317,pose,40.981,41.27,36.771,37.013
8710,174.2,2.808,3.08,bbox,40.981,41.27,36.771,37.013
8711,174.22,0.703,3.033,bbox,40.981,41.27,36.771,37.013
8712,174.24,0.408,2.808,pose,40.981,41.27,36.771,37.013
8713,174.26,0.713,0.713,bbox,40.981,41.301,36.771,37.013
8714,174.28,2.843,0.713,bbox,40.981,41.301,36.771,37.013
8715,174.3,2.638,0.713,pose,40.981,41.301,36.771,37.013
8716,174.32,2.848,2.638,bbox,40.981,41.301,36.771,37.013
8717,174.34,2.86,2.843,bbox,40.981,41.301,36.771,37.013
8718,174.36,2.707,2.843,pose,40.981,41.301,36.771,37.013
8719,174.38,2.861,2.848,bbox,40.981,41.301,36.771,37.013
8720,174.4,2.862,2.86,bbox,40.981,41.301,36.771,37.013
8721,174.42,3.066,2.861,pose,40.981,41.301,36.771,37.013
8722,174.44,2.893,2.862,bbox,40.981,41.339,36.771,37.013
8723,174.46,2.899,2.893,bbox,40.981,41.339,36.771,37.013
8724,174.48,2.61,2.893,pose,40.981,41.339,36.771,37.013
8725,174.5,2.918,2.899,bbox,40.981,41.339,36.771,37.013
8726,174.52,2.943,2.899,bbox,40.981,41.339,36.771,37.013
8727,174.54,2.662,2.899,pose,40.981,41.339,36.771,37.013
8728,174.56,2.939,2.918,bbox,40.981,41.339,36.771,37.013
8729,174.58,2.858,2.918,bbox,40.981,41.339,36.771,37.013
8730,174.6,0.391,2.858,pose,40.981,41.339,36.771,37.013
8731,174.62,0.614,2.662,bbox,40.981,41.339,36.771,37.013
8732,174.64,0.619,0.619,bbox,40.981,41.339,36.771,37.013
8733,174.66,0.402,0.614,pose,40.981,41.339,36.771,37.013
8734,174.68,0.599,0.599,bbox,40.981,41.339,36.771,37.013
8735,174.7,0.59,0.599,bbox,40.981,41.339,36.771,37.013
8736,174.72,0.381,0.59,pose,40.981,41.339,36.771,37.013
8737,174.74,2.974,0.59,bbox,40.981,41.339,36.771,37.013
8738,174.76,0.587,0.59,bbox,40.981,41.339,36.771,37.013
8739,174.78,2.586,0.59,pose,40.981,41.339,36.771,37.013
8740,174.8,2.99,2.586,bbox,40.981,41.339,36.771,37.013
8741,174.82,3.01,2.974,bbox,40.981,41.339,36.771,37.013
8742,174.84,2.605,2.605,pose,40.981,41.339,36.771,37.013
8743,174.86,3.03,2.99,bbox,40.981,41.339,36.771,37.013
8744,174.88,3.028,3.01,bbox,40.981,41.339,36.771,37.013
8745,174.9,2.639,3.01,pose,40.981,41.339,36.771,37.013
8746,174.92,3.016,3.016,bbox,40.981,41.339,36.771,37.013
8747,174.94,3.015,3.016,bbox,40.981,41.339,36.771,37.013
8748,174.96,2.624,3.015,pose,40.981,41.339,36.771,37.013
8749,174.98,3.027,3.015,bbox,40.981,41.339,36.771,37.013
8750,175.0,3.03,3.016,bbox,40.981,41.339,36.771,37.013
8751,175.02,2.67,3.015,pose,40.981,41.339,36.771,37.013
8752,175.04,3.082,3.027,bbox,40.981,41.339,36.771,37.048
8753,175.06,3.077,3.03,bbox,40.981,41.339,36.771,37.048
8754,175.08,2.742,3.03,pose,40.981,41.339,36.771,37.048
8755,175.1,0.586,2.742,bbox,40.981,41.339,36.771,37.048
8756,175.12,0.584,2.742,bbox,40.981,41.339,36.771,37.048
8757,175.14,0.362,0.586,pose,40.981,41.339,36.771,37.048
8758,175.16,0.584,0.584,bbox,40.981,41.339,36.771,37.048
8759,175.18,0.579,0.584,bbox,40.981,41.339,36.771,37.048
8760,175.2,0.362,0.579,pose,40.981,41.339,36.771,37.048
8761,175.22,0.568,0.568,bbox,40.981,41.339,36.771,37.048
8762,175.24,0.567,0.568,bbox,40.981,41.339,36.771,37.048
8763,175.26,0.382,0.567,pose,40.981,41.339,36.771,37.048
8764,175.28,0.57,0.567,bbox,40.981,41.339,36.771,37.048
8765,175.3,0.57,0.568,bbox,40.981,41.339,36.771,37.048
8766,175.32,0.363,0.567,pose,40.981,41.339,36.771,37.048
8767,175.34,0.572,0.57,bbox,40.981,41.339,36.771,37.048
8768,175.36,0.572,0.57,bbox,40.981,41.339,36.771,37.048
8769,175.38,0.382,0.57,pose,40.981,41.339,36.771,37.048
8770,175.4,0.57,0.57,bbox,40.981,41.339,36.771,37.048
8771,175.42,0.57,0.57,bbox,40.981,41.339,36.771,37.048
8772,175.44,0.361,0.57,pose,40.981,41.339,36.771,37.048
8773,175.46,0.568,0.568,bbox,40.981,41.339,36.771,37.048
8774,175.48,0.566,0.568,bbox,40.981,41.339,36.771,37.048
8775,175.5,0.363,0.566,pose,40.981,41.339,36.771,37.048
8776,175.52,0.555,0.555,bbox,40.981,41.339,36.771,37.048
8777,175.54,0.56,0.56,bbox,40.981,41.339,36.771,37.048
8778,175.56,0.36,0.555,pose,40.981,41.339,36.771,37.048
8779,175.58,0.574,0.555,bbox,40.981,41.339,36.771,37.048
8780,175.6,0.578,0.56,bbox,40.981,41.339,36.771,37.048
8781,175.62,0.37,0.56,pose,40.981,41.339,36.771,37.048
8782,175.64,0.589,0.574,bbox,40.981,41.339,36.771,37.048
8783,175.66,0.591,0.578,bbox,40.981,41.339,36.771,37.048
8784,175.68,0.381,0.578,pose,40.981,41.339,36.771,37.048
8785,175.7,0.598,0.589,bbox,40.981,41.339,36.771,37.048
8786,175.72,0.6,0.591,bbox,40.981,41.339,36.771,37.048
8787,175.74,0.382,0.591,pose,40.981,41.339,36.771,37.048
8788,175.76,0.593,0.593,bbox,40.981,41.339,36.771,37.048
8789,175.78,0.597,0.597,bbox,40.981,41.339,36.771,37.048
8790,175.8,3.855,0.597,pose,40.981,41.339,36.771,37.048
8791,175.82,4.191,0.597,bbox,40.981,41.339,36.771,37.048
8792,175.84,4.183,3.855,bbox,40.981,41.339,36.771,37.048
8793,175.86,0.405,3.855,pose,40.981,41.339,36.771,37.048
8794,175.88,0.612,3.855,bbox,40.981,41.339,36.771,37.048
8795,175.9,0.614,0.614,bbox,40.981,41.339,36.771,37.048
8796,175.92,0.387,0.612,pose,40.981,41.339,36.771,37.048
8797,175.94,0.608,0.608,bbox,40.981,41.339,36.771,37.048
8798,175.96,0.604,0.608,bbox,40.981,41.339,36.771,37.048
8799,175.98,0.402,0.604,pose,40.981,41.339,36.771,37.048
8800,176.0,0.597,0.597,bbox,40.981,41.339,36.771,37.048
8801,176.02,0.602,0.602,bbox,40.981,41.339,36.771,37.048
8802,176.04,0.412,0.597,pose,40.981,41.339,36.771,37.048
8803,176.06,0.594,0.594,bbox,40.981,41.339,36.771,37.048
8804,176.08,0.589,0.594,bbox,40.981,41.339,36.771,37.048
8805,176.1,0.393,0.589,pose,40.981,41.339,36.771,37.048
8806,176.12,0.588,0.588,bbox,40.981,41.339,36.771,37.048
8807,176.14,0.578,0.588,bbox,40.981,41.339,36.771,37.048
8808,176.16,0.397,0.578,pose,40.981,41.339,36.771,37.048
8809,176.18,0.578,0.578,bbox,40.981,41.339,36.771,37.048
8810,176.2,0.58,0.578,bbox,40.981,41.339,36.771,37.048
8811,176.22,0.388,0.578,pose,40.981,41.339,36.771,37.048
8812,176.24,0.571,0.571,bbox,40.981,41.339,36.771,37.048
8813,176.26,0.57,0.571,bbox,40.981,41.339,36.771,37.048
8814,176.28,0.402,0.57,pose,40.981,41.339,36.771,37.048
8815,176.3,0.584,0.57,bbox,40.981,41.339,36.771,37.048
8816,176.32,0.58,0.571,bbox,40.981,41.339,36.771,37.048
8817,176.34,0.402,0.57,pose,40.981,41.339,36.771,37.048
8818,176.36,0.574,0.574,bbox,40.981,41.339,36.771,37.048
8819,176.38,0.579,0.579,bbox,40.981,41.339,36.771,37.048
8820,176.4,0.396,0.574,pose,40.981,41.339,36.771,37.048
8821,176.42,0.577,0.574,bbox,40.981,41.339,36.771,37.048
8822,176.44,0.573,0.574,bbox,40.981,41.339,36.771,37.048
8823,176.46,0.382,0.573,pose,40.981,41.339,36.771,37.048
8824,176.48,0.57,0.57,bbox,40.981,41.339,36.771,37.048
8825,176.5,0.569,0.57,bbox,40.981,41.339,36.771,37.048
8826,176.52,0.383,0.569,pose,40.981,41.339,36.771,37.048
8827,176.54,0.572,0.569,bbox,40.981,41.339,36.771,37.048
8828,176.56,0.572,0.57,bbox,40.981,41.339,36.771,37.048
8829,176.58,0.389,0.569,pose,40.981,41.339,36.771,37.048
8830,176.6,0.578,0.572,bbox,40.981,41.339,36.771,37.048
8831,176.62,0.581,0.572,bbox,40.981,41.339,36.771,37.048
8832,176.64,0.391,0.572,pose,40.981,41.339,36.771,37.048
8833,176.66,0.583,0.578,bbox,40.981,41.339,36.771,37.048
8834,176.68,0.579,0.579,bbox,40.981,41.339,36.771,37.048
8835,176.7,0.375,0.579,pose,40.981,41.339,36.771,37.048
8836,176.72,0.588,0.579,bbox,40.981,41.339,36.771,37.048
8837,176.74,0.586,0.583,bbox,40.981,41.339,36.771,37.048
8838,176.76,0.386,0.579,pose,40.981,41.339,36.771,37.048
8839,176.78,0.588,0.586,bbox,40.981,41.339,36.771,37.048
8840,176.8,0.589,0.588,bbox,40.981,41.339,36.771,37.048
8841,176.82,0.386,0.586,pose,40.981,41.339,36.771,37.048
8842,176.84,0.594,0.588,bbox,40.981,41.339,36.771,37.048
8843,176.86,0.594,0.589,bbox,40.981,41.339,36.771,37.048
8844,176.88,0.385,0.589,pose,40.981,41.339,36.771,37.048
8845,176.9,0.589,0.589,bbox,40.981,41.339,36.771,37.048
8846,176.92,0.592,0.592,bbox,40.981,41.339,36.771,37.048
8847,176.94,0.383,0.589,pose,40.981,41.339,36.771,37.048
8848,176.96,0.605,0.589,bbox,40.981,41.339,36.771,37.048
8849,176.98,0.602,0.592,bbox,40.981,41.339,36.771,37.048
8850,177.0,0.373,0.592,pose,40.981,41.339,36.771,37.048
8851,177.02,0.611,0.602,bbox,40.981,41.339,36.771,37.048
8852,177.04,0.611,0.605,bbox,40.981,41.339,36.771,37.048
8853,177.06,0.39,0.602,pose,40.981,41.339,36.771,37.048
8854,177.08,0.613,0.611,bbox,40.981,41.339,36.771,37.048
8855,177.1,0.61,0.611,bbox,40.981,41.339,36.771,37.048
8856,177.12,0.392,0.61,pose,40.981,41.339,36.771,37.048
8857,177.14,0.617,0.61,bbox,40.981,41.339,36.771,37.048
8858,177.16,0.616,0.613,bbox,40.981,41.339,36.771,37.048
8859,177.18,0.398,0.61,pose,40.981,41.339,36.771,37.048
8860,177.2,0.601,0.601,bbox,40.981,41.339,36.771,37.048
8861,177.22,0.603,0.603,bbox,40.981,41.339,36.771,37.048
8862,177.24,0.378,0.601,pose,40.981,41.339,36.771,37.048
8863,177.26,0.601,0.601,bbox,40.981,41.339,36.771,37.048
8864,177.28,0.602,0.601,bbox,40.981,41.339,36.771,37.048
8865,177.3,0.389,0.601,pose,40.981,41.339,36.771,37.048
8866,177.32,0.598,0.598,bbox,40.981,41.339,36.771,37.048
8867,177.34,0.6,0.6,bbox,40.981,41.339,36.771,37.048
8868,177.36,0.38,0.598,pose,40.981,41.339,36.771,37.048
8869,177.38,0.613,0.598,bbox,40.981,41.339,36.771,37.048
8870,177.4,0.609,0.6,bbox,40.981,41.339,36.771,37.048
8871,177.42,0.378,0.6,pose,40.981,41.339,36.771,37.048
8872,177.44,0.62,0.609,bbox,40.981,41.339,36.771,37.048
8873,177.46,0.616,0.613,bbox,40.981,41.339,36.771,37.048
8874,177.48,0.386,0.609,pose,40.981,41.339,36.771,37.048
8875,177.5,0.614,0.614,bbox,40.981,41.339,36.771,37.048
8876,177.52,0.605,0.614,bbox,40.981,41.339,36.771,37.048
8877,177.54,0.366,0.605,pose,40.981,41.339,36.771,37.048
8878,177.56,0.599,0.599,bbox,40.981,41.339,36.771,37.048
8879,177.58,0.604,0.604,bbox,40.981,41.339,36.771,37.048
8880,177.6,0.404,0.599,pose,40.981,41.339,36.771,37.048
8881,177.62,0.613,0.599,bbox,40.981,41.339,36.771,37.048
8882,177.64,3.941,0.604,bbox,40.981,41.339,36.771,37.048
8883,177.66,3.954,0.613,bbox,40.981,41.339,36.771,37.048
8884,177.68,3.961,3.941,bbox,40.981,41.339,36.771,37.048
8885,177.7,3.515,3.941,bbox,40.981,41.339,36.771,37.048
8886,177.72,3.138,3.941,pose,40.981,41.339,36.771,37.048
8887,177.74,3.465,3.515,bbox,40.981,41.339,36.771,37.048
8888,177.76,3.47,3.47,bbox,40.981,41.339,36.771,37.048
8889,177.78,3.081,3.465,pose,40.981,41.38,36.771,37.048
8890,177.8,3.448,3.448,bbox,41.021,41.38,36.771,37.048
8891,177.82,3.453,3.453,bbox,41.021,41.38,36.771,37.048
8892,177.84,3.087,3.448,pose,41.021,41.38,36.771,37.048
8893,177.86,3.48,3.448,bbox,41.021,41.38,36.771,37.048
8894,177.88,3.461,3.453,bbox,41.021,41.38,36.771,37.048
8895,177.9,3.077,3.453,pose,41.021,41.38,36.771,37.048
8896,177.92,3.444,3.444,bbox,41.021,41.38,36.771,37.048
8897,177.94,3.446,3.446,bbox,41.021,41.38,36.771,37.048
8898,177.96,3.019,3.444,pose,41.021,41.38,36.771,37.048
8899,177.98,3.436,3.436,bbox,41.021,41.38,36.771,37.048
8900,178.0,3.451,3.444,bbox,41.021,41.38,36.771,37.048
8901,178.02,3.047,3.436,pose,41.021,41.38,36.771,37.048
8902,178.04,3.461,3.436,bbox,41.021,41.38,36.771,37.048
8903,178.06,3.465,3.451,bbox,41.021,41.38,36.771,37.048
8904,178.08,3.198,3.451,pose,41.021,41.38,36.771,37.048
8905,178.1,3.443,3.443,bbox,41.021,41.38,36.771,37.048
8906,178.12,3.439,3.443,bbox,41.021,41.38,36.771,37.048
8907,178.14,3.234,3.439,pose,41.021,41.38,36.771,37.048
8908,178.16,3.445,3.439,bbox,41.021,41.38,36.771,37.048
8909,178.18,3.44,3.44,bbox,41.021,41.38,36.771,37.048
8910,178.2,3.031,3.439,pose,41.021,41.38,36.771,37.048
8911,178.22,3.006,3.234,bbox,41.021,41.38,36.771,37.048
8912,178.24,2.998,3.031,bbox,41.021,41.38,36.771,37.048
8913,178.26,2.6,3.006,pose,41.021,41.38,36.771,37.048
8914,178.28,2.983,2.998,bbox,41.021,41.38,36.84,37.048
8915,178.3,2.979,2.983,bbox,41.021,41.38,36.84,37.048
8916,178.32,3.045,2.983,pose,41.021,41.38,36.84,37.048
8917,178.34,3.378,2.983,bbox,41.021,41.38,36.84,37.117
8918,178.36,3.361,3.045,bbox,41.021,41.38,36.84,37.117
8919,178.38,3.017,3.045,pose,41.021,41.38,36.84,37.117
8920,178.4,3.33,3.33,bbox,41.021,41.38,36.84,37.117
8921,178.42,3.324,3.33,bbox,41.021,41.38,36.84,37.117
8922,178.44,3.02,3.324,pose,41.021,41.38,36.84,37.117
8923,178.46,3.311,3.311,bbox,41.021,41.38,36.84,37.117
8924,178.48,3.314,3.314,bbox,41.021,41.38,36.84,37.117
8925,178.5,3.025,3.311,pose,41.021,41.38,36.84,37.117
8926,178.52,3.313,3.311,bbox,41.021,41.38,36.84,37.117
8927,178.54,3.318,3.313,bbox,41.021,41.38,36.84,37.117
8928,178.56,3.017,3.313,pose,41.021,41.38,36.84,37.117
8929,178.58,3.327,3.313,bbox,41.021,41.38,36.84,37.117
8930,178.6,3.326,3.318,bbox,41.021,41.38,36.84,37.117
8931,178.62,3.03,3.318,pose,41.021,41.38,36.84,37.117
8932,178.64,0.58,3.03,bbox,41.021,41.38,36.84,37.117
8933,178.66,0.581,3.03,bbox,41.021,41.38,36.84,37.117
8934,178.68,0.365,0.581,pose,41.021,41.38,36.84,37.117
8935,178.7,0.577,0.58,bbox,41.021,41.38,36.84,37.117
8936,178.72,0.574,0.577,bbox,41.021,41.38,36.84,37.117
8937,178.74,0.362,0.574,pose,41.021,41.38,36.84,37.117
8938,178.76,0.575,0.574,bbox,41.021,41.38,36.84,37.117
8939,178.78,0.574,0.574,bbox,41.021,41.38,36.84,37.117
8940,178.8,0.386,0.574,pose,41.021,41.38,36.84,37.117
8941,178.82,0.572,0.572,bbox,41.021,41.38,36.84,37.117
8942,178.84,3.389,0.574,bbox,41.021,41.38,36.84,37.117
8943,178.86,3.016,0.574,pose,41.021,41.38,36.84,37.117
8944,178.88,3.387,3.016,bbox,41.021,41.38,36.84,37.117
8945,178.9,3.392,3.387,bbox,41.021,41.38,36.84,37.117
8946,178.92,3.016,3.387,pose,41.021,41.38,36.84,37.117
8947,178.94,3.412,3.387,bbox,41.021,41.38,36.84,37.117
8948,178.96,3.419,3.392,bbox,41.021,41.38,36.84,37.117
8949,178.98,3.012,3.392,pose,41.021,41.38,36.84,37.117
8950,179.0,3.428,3.412,bbox,41.021,41.38,36.84,37.117
8951,179.02,3.442,3.419,bbox,41.021,41.38,36.84,37.117
8952,179.04,3.056,3.419,pose,41.021,41.38,36.84,37.117
8953,179.06,3.448,3.428,bbox,41.021,41.38,36.84,37.117
8954,179.08,3.439,3.439,bbox,41.021,41.38,36.84,37.117
8955,179.1,3.057,3.439,pose,41.021,41.38,36.84,37.117
8956,179.12,3.431,3.431,bbox,41.021,41.38,36.84,37.117
8957,179.14,3.428,3.431,bbox,41.021,41.38,36.84,37.117
8958,179.16,3.028,3.428,pose,41.021,41.38,36.84,37.117
8959,179.18,3.445,3.428,bbox,41.021,41.38,36.84,37.117
8960,179.2,3.452,3.431,bbox,41.021,41.38,36.84,37.117
8961,179.22,3.059,3.428,pose,41.021,41.38,36.84,37.117
8962,179.24,3.445,3.445,bbox,41.021,41.38,36.84,37.117
8963,179.26,3.45,3.445,bbox,41.021,41.38,36.84,37.117
8964,179.28,3.085,3.445,pose,41.021,41.38,36.84,37.117
8965,179.3,3.459,3.445,bbox,41.021,41.38,36.84,37.117
8966,179.32,3.475,3.45,bbox,41.021,41.38,36.84,37.117
8967,179.34,3.107,3.45,pose,41.021,41.38,36.84,37.117
8968,179.36,3.491,3.459,bbox,41.021,41.38,36.84,37.117
8969,179.38,3.492,3.475,bbox,41.021,41.38,36.84,37.117
8970,179.4,3.114,3.475,pose,41.021,41.38,36.84,37.117
8971,179.42,3.502,3.491,bbox,41.021,41.38,36.84,37.117
8972,179.44,3.503,3.492,bbox,41.021,41.38,36.84,37.117
8973,179.46,3.149,3.492,pose,41.021,41.38,36.84,37.117
8974,179.48,3.489,3.489,bbox,41.021,41.38,36.84,37.117
8975,179.5,3.5,3.5,bbox,41.021,41.38,36.84,37.117
8976,179.52,3.186,3.489,pose,41.021,41.38,36.84,37.117
8977,179.54,3.511,3.489,bbox,41.021,41.418,36.84,37.117
8978,179.56,3.529,3.5,bbox,41.021,41.418,36.84,37.117
8979,179.58,3.253,3.5,pose,41.021,41.418,36.84,37.117
8980,179.6,3.572,3.511,bbox,41.021,41.461,36.84,37.117
8981,179.62,3.592,3.529,bbox,41.021,41.461,36.84,37.117
8982,179.64,3.818,3.572,pose,41.021,41.461,36.84,37.117
8983,179.66,3.646,3.592,bbox,41.021,41.494,36.84,37.117
8984,179.68,3.659,3.646,bbox,41.021,41.494,36.84,37.117
8985,179.7,3.859,3.659,pose,41.021,41.494,36.84,37.117
8986,179.72,3.687,3.687,bbox,41.021,41.494,36.84,37.117
8987,179.74,4.12,3.687,bbox,41.021,41.494,36.84,37.117
8988,179.76,3.6,3.687,pose,41.021,41.494,36.84,37.117
8989,179.78,4.098,3.859,bbox,41.021,41.494,36.84,37.117
8990,179.8,4.099,4.098,bbox,41.021,41.494,36.84,37.117
8991,179.82,3.611,4.098,pose,41.021,41.494,36.84,37.117
8992,179.84,4.105,4.098,bbox,41.021,41.494,36.84,37.117
8993,179.86,4.111,4.099,bbox,41.021,41.494,36.84,37.117
8994,179.88,3.647,4.099,pose,41.021,41.494,36.84,37.117
8995,179.9,4.123,4.105,bbox,41.021,41.494,36.84,37.117
8996,179.92,4.127,4.111,bbox,41.021,41.494,36.84,37.117
8997,179.94,3.676,4.111,pose,41.021,41.494,36.84,37.117
8998,179.96,0.509,3.676,bbox,41.021,41.494,36.84,37.117
8999,179.98,0.519,3.676,bbox,41.021,41.494,36.84,37.117
