frame,time_s,distance_raw_m,distance_smooth_m,method,f1_advance_m,f1_retreat_m,f2_advance_m,f2_retreat_m
0,0.0,4.244,4.244,pose,0.0,0.0,0.0,0.0
1,0.034,4.748,4.496,bbox,0.057,0.0,0.099,0.0
2,0.069,4.777,4.748,bbox,0.11,0.0,0.198,0.0
3,0.103,4.726,4.737,bbox,0.11,0.041,0.198,0.0
4,0.137,4.751,4.748,bbox,0.151,0.041,0.198,0.0
5,0.172,4.702,4.748,bbox,0.151,0.041,0.247,0.0
6,0.206,4.207,4.726,pose,0.151,0.041,0.247,0.0
7,0.24,4.72,4.72,bbox,0.151,0.041,0.247,0.0
8,0.275,4.737,4.72,bbox,0.151,0.041,0.247,0.0
9,0.309,4.476,4.702,pose,0.151,0.041,0.247,0.0
10,0.343,4.694,4.694,bbox,0.151,0.041,0.247,0.0
11,0.377,4.578,4.694,bbox,0.151,0.041,0.323,0.0
12,0.412,3.96,4.578,pose,0.151,0.041,0.383,0.0
13,0.446,4.566,4.566,bbox,0.151,0.041,0.383,0.0
14,0.48,4.63,4.578,bbox,0.151,0.041,0.383,0.0
15,0.515,3.98,4.566,pose,0.151,0.041,0.416,0.0
16,0.549,4.67,4.566,bbox,0.151,0.081,0.416,0.0
17,0.583,4.697,4.63,bbox,0.151,0.081,0.416,0.0
18,0.618,4.041,4.63,pose,0.151,0.081,0.416,0.0
19,0.652,4.671,4.67,bbox,0.151,0.117,0.468,0.0
20,0.686,4.598,4.67,bbox,0.151,0.117,0.539,0.0
21,0.721,4.097,4.598,pose,0.151,0.117,0.539,0.0
22,0.755,4.635,4.598,bbox,0.151,0.117,0.539,0.0
23,0.789,4.569,4.598,bbox,0.151,0.117,0.59,0.0
24,0.824,4.071,4.569,pose,0.151,0.117,0.59,0.0
25,0.858,4.541,4.541,bbox,0.151,0.117,0.59,0.0
26,0.892,4.532,4.541,bbox,0.151,0.117,0.59,0.0
27,0.927,4.028,4.532,pose,0.151,0.117,0.59,0.0
28,0.961,4.57,4.532,bbox,0.151,0.117,0.59,0.0
29,0.995,4.601,4.541,bbox,0.151,0.117,0.59,0.0
30,1.03,4.007,4.532,pose,0.151,0.117,0.59,0.0
31,1.064,4.543,4.543,bbox,0.151,0.117,0.59,0.0
32,1.098,4.586,4.57,bbox,0.151,0.117,0.59,0.0
33,1.132,3.993,4.543,pose,0.151,0.117,0.59,0.063
34,1.167,4.624,4.543,bbox,0.151,0.117,0.59,0.063
35,1.201,4.579,4.579,bbox,0.151,0.117,0.59,0.063
36,1.235,3.958,4.579,pose,0.151,0.117,0.59,0.063
37,1.27,4.564,4.564,bbox,0.151,0.117,0.59,0.063
38,1.304,4.522,4.564,bbox,0.151,0.117,0.59,0.063
39,1.338,3.932,4.522,pose,0.151,0.117,0.59,0.063
40,1.373,4.505,4.505,bbox,0.151,0.117,0.59,0.063
41,1.407,4.454,4.505,bbox,0.151,0.117,0.622,0.063
42,1.441,3.881,4.454,pose,0.151,0.117,0.622,0.063
43,1.476,4.463,4.454,bbox,0.151,0.117,0.622,0.063
44,1.51,4.424,4.454,bbox,0.151,0.117,0.622,0.063
45,1.544,3.9,4.424,pose,0.151,0.117,0.622,0.063
46,1.579,4.395,4.395,bbox,0.151,0.117,0.622,0.063
47,1.613,4.378,4.395,bbox,0.151,0.117,0.622,0.063
48,1.647,3.91,4.378,pose,0.151,0.117,0.622,0.063
49,1.682,4.336,4.336,bbox,0.151,0.117,0.667,0.063
50,1.716,4.358,4.358,bbox,0.151,0.117,0.667,0.063
51,1.75,3.925,4.336,pose,0.151,0.117,0.667,0.063
52,1.784,4.374,4.336,bbox,0.151,0.117,0.667,0.063
53,1.819,4.387,4.358,bbox,0.151,0.117,0.667,0.063
54,1.853,3.909,4.358,pose,0.151,0.117,0.667,0.063
55,1.887,4.44,4.374,bbox,0.151,0.117,0.667,0.096
56,1.922,4.463,4.387,bbox,0.151,0.117,0.667,0.096
57,1.956,3.949,4.387,pose,0.151,0.117,0.667,0.096
58,1.99,4.52,4.44,bbox,0.151,0.117,0.667,0.131
59,2.025,4.534,4.463,bbox,0.151,0.117,0.667,0.131
60,2.059,3.93,4.463,pose,0.151,0.117,0.667,0.131
61,2.093,4.492,4.492,bbox,0.151,0.117,0.667,0.131
62,2.128,4.414,4.492,bbox,0.151,0.117,0.667,0.131
63,2.162,3.9,4.414,pose,0.151,0.117,0.667,0.131
64,2.196,4.321,4.321,bbox,0.151,0.117,0.667,0.131
65,2.231,4.271,4.321,bbox,0.151,0.117,0.667,0.131
66,2.265,3.887,4.271,pose,0.198,0.117,0.667,0.131
67,2.299,4.109,4.109,bbox,0.198,0.117,0.667,0.131
68,2.334,4.057,4.109,bbox,0.243,0.117,0.667,0.131
69,2.368,3.852,4.057,pose,0.243,0.117,0.667,0.131
70,2.402,3.975,3.975,bbox,0.336,0.117,0.667,0.131
71,2.437,3.934,3.975,bbox,0.388,0.117,0.667,0.131
72,2.471,3.65,3.934,pose,0.388,0.117,0.667,0.131
73,2.505,3.898,3.898,bbox,0.448,0.117,0.667,0.163
74,2.539,3.909,3.909,bbox,0.48,0.117,0.667,0.163
75,2.574,3.474,3.898,pose,0.48,0.117,0.667,0.198
76,2.608,3.891,3.891,bbox,0.517,0.117,0.667,0.198
77,2.642,3.929,3.898,bbox,0.517,0.117,0.667,0.198
78,2.677,3.449,3.891,pose,0.517,0.117,0.667,0.198
79,2.711,3.898,3.891,bbox,0.517,0.117,0.667,0.198
80,2.745,3.83,3.891,bbox,0.517,0.117,0.667,0.198
81,2.78,3.356,3.83,pose,0.517,0.117,0.667,0.198
82,2.814,3.697,3.697,bbox,0.557,0.117,0.667,0.198
83,2.848,3.638,3.697,bbox,0.602,0.117,0.667,0.198
84,2.883,2.993,3.638,pose,0.649,0.117,0.667,0.198
85,2.917,3.728,3.638,bbox,0.706,0.117,0.74,0.198
86,2.951,3.697,3.697,bbox,0.758,0.117,0.74,0.198
87,2.986,3.236,3.638,pose,0.758,0.117,0.74,0.198
88,3.02,3.58,3.58,bbox,0.758,0.117,0.74,0.198
89,3.054,3.536,3.58,bbox,0.758,0.117,0.74,0.198
90,3.089,3.018,3.536,pose,0.845,0.117,0.74,0.198
91,3.123,3.265,3.265,bbox,0.845,0.117,0.74,0.198
92,3.157,3.189,3.265,bbox,0.845,0.117,0.793,0.198
93,3.191,3.076,3.189,bbox,0.845,0.117,0.793,0.198
94,3.226,3.032,3.076,bbox,0.887,0.117,0.833,0.198
95,3.26,3.002,3.076,bbox,0.929,0.117,0.872,0.198
96,3.294,2.295,3.032,pose,0.929,0.117,0.932,0.198
97,3.329,2.941,3.002,bbox,0.929,0.117,0.98,0.198
98,3.363,2.927,2.941,bbox,0.929,0.117,1.031,0.198
99,3.397,2.338,2.927,pose,0.929,0.117,1.031,0.198
100,3.432,2.91,2.91,bbox,0.963,0.117,1.065,0.198
101,3.466,2.948,2.927,bbox,0.963,0.117,1.065,0.198
102,3.5,2.318,2.91,pose,0.963,0.117,1.065,0.233
103,3.535,2.948,2.91,bbox,0.963,0.117,1.065,0.233
104,3.569,2.966,2.948,bbox,0.963,0.117,1.065,0.233
105,3.603,2.322,2.948,pose,0.963,0.117,1.065,0.233
106,3.638,3.107,2.948,bbox,0.963,0.117,1.065,0.284
107,3.672,3.116,2.966,bbox,0.963,0.117,1.065,0.284
108,3.706,2.394,2.966,pose,0.963,0.117,1.065,0.284
109,3.741,3.129,3.107,bbox,0.963,0.117,1.065,0.284
110,3.775,3.127,3.116,bbox,0.963,0.117,1.065,0.284
111,3.809,2.378,3.116,pose,0.963,0.117,1.065,0.284
112,3.844,3.081,3.081,bbox,0.963,0.117,1.065,0.284
113,3.878,3.088,3.088,bbox,0.963,0.117,1.065,0.284
114,3.912,2.317,3.081,pose,0.963,0.117,1.065,0.284
115,3.946,3.003,3.003,bbox,0.963,0.117,1.065,0.284
116,3.981,2.979,3.003,bbox,0.963,0.117,1.065,0.284
117,4.015,2.291,2.979,pose,0.963,0.117,1.065,0.284
118,4.049,2.992,2.979,bbox,0.963,0.117,1.065,0.284
119,4.084,3.004,2.992,bbox,0.963,0.117,1.065,0.284
120,4.118,2.338,2.979,pose,0.963,0.117,1.065,0.284
121,4.152,3.025,2.992,bbox,0.963,0.117,1.065,0.284
122,4.187,3.022,3.004,bbox,0.963,0.117,1.065,0.284
123,4.221,2.345,3.004,pose,0.963,0.117,1.065,0.284
124,4.255,3.021,3.021,bbox,0.963,0.117,1.065,0.284
125,4.29,3.035,3.022,bbox,0.963,0.117,1.065,0.284
126,4.324,2.402,3.021,pose,0.963,0.117,1.065,0.284
127,4.358,3.112,3.021,bbox,0.963,0.117,1.065,0.336
128,4.393,3.119,3.035,bbox,0.963,0.117,1.065,0.336
129,4.427,2.485,3.035,pose,0.963,0.117,1.065,0.336
130,4.461,3.146,3.112,bbox,0.963,0.117,1.065,0.336
131,4.496,3.147,3.119,bbox,0.963,0.117,1.065,0.336
132,4.53,2.477,3.119,pose,0.963,0.117,1.065,0.336
133,4.564,3.15,3.146,bbox,0.963,0.117,1.065,0.336
134,4.598,3.117,3.146,bbox,0.963,0.117,1.065,0.336
135,4.633,2.411,3.117,pose,0.963,0.117,1.065,0.336
136,4.667,3.062,3.062,bbox,0.963,0.117,1.065,0.336
137,4.701,2.97,3.062,bbox,0.963,0.117,1.065,0.336
138,4.736,2.371,2.97,pose,1.028,0.117,1.065,0.336
139,4.77,2.878,2.878,bbox,1.028,0.117,1.065,0.336
140,4.804,2.876,2.878,bbox,1.065,0.117,1.065,0.336
141,4.839,2.265,2.876,pose,1.117,0.117,1.065,0.336
142,4.873,2.882,2.876,bbox,1.117,0.117,1.065,0.336
143,4.907,2.969,2.878,bbox,1.117,0.117,1.065,0.336
144,4.942,2.47,2.876,pose,1.189,0.117,1.065,0.378
145,4.976,2.931,2.882,bbox,1.226,0.117,1.065,0.378
146,5.01,2.854,2.882,bbox,1.277,0.117,1.065,0.378
147,5.045,2.798,2.854,bbox,1.352,0.117,1.065,0.378
148,5.079,2.687,2.798,bbox,1.407,0.117,1.065,0.378
149,5.113,2.601,2.798,bbox,1.407,0.117,1.099,0.378
150,5.148,2.515,2.687,bbox,1.469,0.117,1.208,0.378
151,5.182,2.381,2.601,bbox,1.469,0.117,1.32,0.378
152,5.216,2.361,2.515,bbox,1.469,0.117,1.387,0.378
153,5.251,2.338,2.381,bbox,1.469,0.117,1.504,0.378
154,5.285,2.306,2.361,bbox,1.469,0.164,1.554,0.378
155,5.319,2.259,2.338,bbox,1.469,0.164,1.554,0.378
156,5.353,1.654,2.306,pose,1.469,0.164,1.662,0.378
157,5.388,2.271,2.271,bbox,1.469,0.218,1.662,0.378
158,5.422,2.195,2.259,bbox,1.469,0.353,1.781,0.378
159,5.456,1.831,2.195,pose,1.469,0.392,1.781,0.378
160,5.491,2.154,2.154,bbox,1.469,0.424,1.781,0.378
161,5.525,2.151,2.154,bbox,1.469,0.424,1.866,0.378
162,5.559,2.182,2.154,bbox,1.469,0.424,1.866,0.378
163,5.594,2.183,2.154,bbox,1.469,0.424,1.898,0.378
164,5.628,2.236,2.182,bbox,1.469,0.424,1.898,0.378
165,5.662,2.282,2.183,bbox,1.469,0.424,1.898,0.378
166,5.697,2.458,2.236,bbox,1.469,0.464,1.898,0.378
167,5.731,2.595,2.282,bbox,1.469,0.5,1.898,0.378
168,5.765,2.724,2.458,bbox,1.469,0.629,1.898,0.378
169,5.8,2.774,2.595,bbox,1.469,0.749,1.898,0.378
170,5.834,2.844,2.724,bbox,1.469,0.847,1.898,0.378
171,5.868,2.09,2.724,pose,1.469,0.905,1.898,0.378
172,5.903,2.941,2.774,bbox,1.469,0.97,1.898,0.378
173,5.937,2.85,2.844,bbox,1.469,1.044,1.898,0.378
174,5.971,2.835,2.844,bbox,1.469,1.044,1.965,0.378
175,6.005,2.795,2.835,bbox,1.469,1.044,1.965,0.378
176,6.04,2.713,2.835,bbox,1.469,1.118,1.965,0.378
177,6.074,2.174,2.795,pose,1.469,1.118,1.965,0.378
178,6.108,2.615,2.713,bbox,1.469,1.118,2.013,0.378
179,6.143,2.582,2.615,bbox,1.469,1.118,2.047,0.378
180,6.177,2.261,2.582,pose,1.469,1.118,2.047,0.378
181,6.211,2.637,2.582,bbox,1.469,1.166,2.114,0.378
182,6.246,2.693,2.615,bbox,1.469,1.166,2.114,0.378
183,6.28,2.354,2.582,pose,1.469,1.209,2.114,0.378
184,6.314,2.846,2.637,bbox,1.469,1.326,2.148,0.378
185,6.349,2.908,2.693,bbox,1.469,1.326,2.148,0.378
186,6.383,2.335,2.693,pose,1.469,1.37,2.148,0.378
187,6.417,2.923,2.846,bbox,1.469,1.37,2.148,0.378
188,6.452,2.889,2.889,bbox,1.469,1.37,2.148,0.378
189,6.486,2.295,2.889,pose,1.469,1.37,2.148,0.378
190,6.52,2.862,2.862,bbox,1.469,1.37,2.148,0.378
191,6.555,2.871,2.871,bbox,1.469,1.37,2.148,0.378
192,6.589,2.323,2.862,pose,1.469,1.37,2.148,0.378
193,6.623,2.866,2.862,bbox,1.469,1.37,2.148,0.378
194,6.658,2.876,2.866,bbox,1.469,1.37,2.148,0.378
195,6.692,2.344,2.866,pose,1.469,1.37,2.148,0.378
196,6.726,2.867,2.866,bbox,1.469,1.37,2.148,0.378
197,6.76,2.872,2.867,bbox,1.469,1.37,2.148,0.378
198,6.795,2.358,2.867,pose,1.469,1.37,2.148,0.378
199,6.829,2.908,2.867,bbox,1.469,1.37,2.148,0.431
200,6.863,2.915,2.872,bbox,1.469,1.37,2.148,0.431
201,6.898,2.259,2.872,pose,1.469,1.37,2.148,0.431
202,6.932,2.916,2.908,bbox,1.469,1.37,2.148,0.484
203,6.966,2.918,2.915,bbox,1.469,1.37,2.148,0.484
204,7.001,2.921,2.916,bbox,1.504,1.37,2.148,0.484
205,7.035,2.912,2.916,bbox,1.539,1.37,2.148,0.484
206,7.069,2.939,2.918,bbox,1.603,1.37,2.148,0.484
207,7.104,2.922,2.921,bbox,1.643,1.37,2.148,0.547
208,7.138,2.911,2.921,bbox,1.713,1.37,2.148,0.547
209,7.172,2.928,2.922,bbox,1.83,1.37,2.148,0.547
210,7.207,2.773,2.922,bbox,1.867,1.37,2.148,0.547
211,7.241,2.721,2.911,bbox,1.912,1.37,2.148,0.547
212,7.275,2.728,2.773,bbox,1.96,1.37,2.148,0.547
213,7.31,2.318,2.728,pose,1.96,1.37,2.148,0.547
214,7.344,2.804,2.728,bbox,1.96,1.37,2.274,0.547
215,7.378,2.839,2.728,bbox,1.96,1.37,2.306,0.547
216,7.412,2.418,2.728,pose,1.96,1.37,2.306,0.547
217,7.447,2.868,2.804,bbox,1.96,1.37,2.358,0.547
218,7.481,2.921,2.839,bbox,1.96,1.37,2.358,0.547
219,7.515,2.427,2.839,pose,1.96,1.44,2.358,0.547
220,7.55,2.979,2.868,bbox,1.96,1.495,2.358,0.547
221,7.584,2.963,2.921,bbox,1.96,1.495,2.358,0.547
222,7.618,2.895,2.921,bbox,1.96,1.565,2.358,0.547
223,7.653,2.881,2.895,bbox,1.96,1.565,2.358,0.547
224,7.687,2.855,2.895,bbox,1.96,1.565,2.358,0.547
225,7.721,2.462,2.881,pose,1.96,1.596,2.358,0.547
226,7.756,2.839,2.855,bbox,1.96,1.596,2.394,0.547
227,7.79,2.818,2.839,bbox,1.96,1.596,2.394,0.547
228,7.824,2.795,2.818,bbox,1.96,1.596,2.394,0.547
229,7.859,2.742,2.795,bbox,1.96,1.596,2.394,0.547
230,7.893,2.724,2.795,bbox,1.96,1.596,2.394,0.547
231,7.927,2.744,2.744,bbox,2.063,1.596,2.394,0.547
232,7.962,2.739,2.742,bbox,2.115,1.596,2.394,0.547
233,7.996,2.766,2.742,bbox,2.115,1.596,2.394,0.547
234,8.03,2.197,2.739,pose,2.115,1.596,2.394,0.589
235,8.065,2.747,2.744,bbox,2.115,1.596,2.394,0.653
236,8.099,2.718,2.739,bbox,2.115,1.596,2.394,0.653
237,8.133,2.102,2.718,pose,2.115,1.596,2.394,0.653
238,8.167,2.989,2.718,bbox,2.115,1.691,2.394,0.716
239,8.202,3.168,2.747,bbox,2.115,1.691,2.394,0.823
240,8.236,2.554,2.718,pose,2.115,1.724,2.394,0.823
241,8.27,3.369,2.989,bbox,2.115,1.724,2.394,0.903
242,8.305,3.434,3.168,bbox,2.115,1.783,2.394,0.903
243,8.339,2.773,3.168,pose,2.115,1.783,2.394,0.971
244,8.373,3.558,3.369,bbox,2.115,1.783,2.394,1.017
245,8.408,3.555,3.434,bbox,2.115,1.783,2.394,1.017
246,8.442,2.763,3.434,pose,2.115,1.783,2.394,1.017
247,8.476,3.432,3.432,bbox,2.115,1.783,2.394,1.017
248,8.511,3.34,3.432,bbox,2.115,1.783,2.394,1.017
249,8.545,2.525,3.34,pose,2.115,1.783,2.394,1.017
250,8.579,3.131,3.131,bbox,2.115,1.783,2.394,1.017
251,8.614,3.094,3.131,bbox,2.152,1.783,2.394,1.017
252,8.648,2.462,3.094,pose,2.152,1.783,2.394,1.017
253,8.682,2.957,2.957,bbox,2.152,1.783,2.394,1.017
254,8.717,2.915,2.957,bbox,2.152,1.783,2.394,1.017
255,8.751,2.451,2.915,pose,2.152,1.783,2.394,1.017
256,8.785,2.916,2.915,bbox,2.152,1.783,2.443,1.017
257,8.819,2.978,2.916,bbox,2.152,1.783,2.443,1.017
258,8.854,2.408,2.915,pose,2.186,1.783,2.443,1.017
259,8.888,2.929,2.916,bbox,2.186,1.783,2.443,1.017
260,8.922,2.913,2.916,bbox,2.186,1.783,2.443,1.017
261,8.957,2.153,2.913,pose,2.247,1.783,2.443,1.017
262,8.991,2.905,2.905,bbox,2.247,1.783,2.443,1.072
263,9.025,2.932,2.913,bbox,2.285,1.783,2.443,1.109
264,9.06,2.135,2.905,pose,2.341,1.783,2.443,1.154
265,9.094,2.938,2.905,bbox,2.341,1.783,2.443,1.154
266,9.128,2.945,2.932,bbox,2.397,1.783,2.443,1.154
267,9.163,2.252,2.932,pose,2.397,1.783,2.443,1.184
268,9.197,2.994,2.938,bbox,2.397,1.783,2.443,1.184
269,9.231,3.001,2.945,bbox,2.397,1.783,2.443,1.223
270,9.266,2.284,2.945,pose,2.397,1.783,2.443,1.223
271,9.3,2.979,2.979,bbox,2.397,1.783,2.443,1.223
272,9.334,2.996,2.994,bbox,2.397,1.783,2.443,1.223
273,9.369,2.085,2.979,pose,2.397,1.783,2.443,1.223
274,9.403,2.857,2.857,bbox,2.397,1.783,2.443,1.223
275,9.437,2.816,2.857,bbox,2.397,1.783,2.554,1.223
276,9.472,2.736,2.816,bbox,2.397,1.783,2.651,1.223
277,9.506,2.661,2.736,bbox,2.397,1.783,2.712,1.223
278,9.54,2.573,2.736,bbox,2.397,1.783,2.838,1.223
279,9.574,2.482,2.661,bbox,2.397,1.783,2.905,1.223
280,9.609,2.492,2.573,bbox,2.397,1.783,3.014,1.223
281,9.643,2.374,2.492,bbox,2.397,1.84,3.103,1.223
282,9.677,2.108,2.482,pose,2.397,1.84,3.103,1.223
283,9.712,2.38,2.38,bbox,2.397,1.84,3.224,1.223
284,9.746,2.424,2.38,bbox,2.397,1.875,3.297,1.223
285,9.78,1.812,2.374,pose,2.397,1.933,3.297,1.223
286,9.815,2.519,2.38,bbox,2.397,2.003,3.297,1.223
287,9.849,2.592,2.424,bbox,2.397,2.003,3.297,1.223
288,9.883,1.452,2.424,pose,2.397,2.003,3.297,1.223
289,9.918,2.336,2.336,bbox,2.397,2.003,3.297,1.223
290,9.952,2.26,2.336,bbox,2.397,2.069,3.366,1.223
291,9.986,2.247,2.26,bbox,2.397,2.069,3.502,1.223
292,10.021,2.247,2.247,bbox,2.397,2.069,3.564,1.223
293,10.055,2.144,2.247,bbox,2.397,2.069,3.611,1.223
294,10.089,1.65,2.247,pose,2.397,2.069,3.76,1.223
295,10.124,2.391,2.247,bbox,2.397,2.123,3.76,1.223
296,10.158,2.385,2.247,bbox,2.397,2.123,3.822,1.223
297,10.192,2.294,2.294,bbox,2.397,2.123,3.924,1.223
298,10.226,2.273,2.294,bbox,2.397,2.123,3.957,1.223
299,10.261,2.291,2.294,bbox,2.397,2.123,4.003,1.223
300,10.295,2.399,2.294,bbox,2.397,2.172,4.003,1.223
301,10.329,2.361,2.294,bbox,2.397,2.172,4.045,1.223
302,10.364,2.273,2.291,bbox,2.397,2.172,4.078,1.223
303,10.398,2.254,2.291,pose,2.397,2.262,4.078,1.223
304,10.432,2.401,2.361,bbox,2.397,2.262,4.078,1.223
305,10.467,2.473,2.361,bbox,2.397,2.262,4.078,1.223
306,10.501,2.275,2.275,pose,2.397,2.309,4.078,1.223
307,10.535,2.339,2.339,bbox,2.397,2.404,4.078,1.223
308,10.57,2.623,2.401,bbox,2.397,2.404,4.078,1.223
309,10.604,2.264,2.339,pose,2.397,2.404,4.078,1.223
310,10.638,2.689,2.339,bbox,2.397,2.47,4.078,1.223
311,10.673,2.737,2.623,bbox,2.397,2.47,4.078,1.223
312,10.707,2.139,2.623,pose,2.397,2.47,4.078,1.258
313,10.741,2.656,2.656,bbox,2.397,2.47,4.078,1.258
314,10.776,2.577,2.656,bbox,2.397,2.47,4.078,1.258
315,10.81,1.893,2.577,pose,2.397,2.47,4.078,1.258
316,10.844,2.462,2.462,bbox,2.438,2.47,4.078,1.258
317,10.879,2.426,2.462,bbox,2.438,2.47,4.078,1.258
318,10.913,1.926,2.426,pose,2.438,2.47,4.078,1.258
319,10.947,2.348,2.348,bbox,2.507,2.47,4.078,1.258
320,10.981,2.329,2.348,bbox,2.547,2.47,4.078,1.258
321,11.016,1.902,2.329,pose,2.547,2.47,4.078,1.258
322,11.05,2.328,2.328,bbox,2.607,2.47,4.112,1.258
323,11.084,2.383,2.329,bbox,2.607,2.47,4.112,1.258
324,11.119,1.915,2.328,pose,2.607,2.47,4.112,1.258
325,11.153,2.453,2.328,bbox,2.607,2.47,4.112,1.258
326,11.187,2.539,2.383,bbox,2.607,2.47,4.112,1.322
327,11.222,1.972,2.383,pose,2.607,2.47,4.112,1.322
328,11.256,2.694,2.453,bbox,2.607,2.503,4.112,1.393
329,11.29,2.808,2.539,bbox,2.607,2.503,4.112,1.465
330,11.325,2.228,2.539,pose,2.607,2.503,4.112,1.534
331,11.359,2.914,2.694,bbox,2.607,2.539,4.112,1.582
332,11.393,2.95,2.808,bbox,2.607,2.539,4.112,1.612
333,11.428,2.239,2.808,pose,2.607,2.539,4.112,1.672
334,11.462,2.93,2.914,bbox,2.607,2.539,4.112,1.672
335,11.496,2.898,2.914,bbox,2.607,2.539,4.112,1.672
336,11.531,2.181,2.898,pose,2.607,2.539,4.112,1.672
337,11.565,2.792,2.792,bbox,2.607,2.539,4.112,1.672
338,11.599,2.716,2.792,bbox,2.607,2.539,4.112,1.672
339,11.633,2.247,2.716,pose,2.607,2.539,4.112,1.672
340,11.668,2.602,2.602,bbox,2.665,2.539,4.112,1.672
341,11.702,2.547,2.602,bbox,2.703,2.539,4.112,1.672
342,11.736,2.297,2.547,pose,2.703,2.539,4.112,1.672
343,11.771,2.569,2.547,bbox,2.796,2.539,4.112,1.672
344,11.805,2.55,2.55,bbox,2.831,2.539,4.112,1.672
345,11.839,2.069,2.547,pose,2.831,2.539,4.112,1.672
346,11.874,,,,2.831,2.539,4.112,1.672
347,11.908,2.706,2.55,bbox,2.831,2.539,4.112,1.73
348,11.942,2.726,2.569,bbox,2.831,2.539,4.112,1.767
349,11.977,2.714,2.706,bbox,2.928,2.539,4.112,1.824
350,12.011,2.691,2.706,bbox,2.928,2.539,4.112,1.888
351,12.045,2.047,2.706,pose,2.928,2.539,4.112,1.888
352,12.08,2.746,2.714,bbox,2.928,2.539,4.112,1.888
353,12.114,2.769,2.714,bbox,2.928,2.539,4.112,1.888
354,12.148,2.134,2.691,pose,2.928,2.539,4.112,1.888
355,12.183,2.83,2.746,bbox,2.928,2.573,4.112,1.922
356,12.217,2.824,2.769,bbox,2.928,2.573,4.112,1.958
357,12.251,2.173,2.769,pose,2.928,2.573,4.112,1.958
358,12.286,2.877,2.824,bbox,2.928,2.573,4.112,1.958
359,12.32,2.907,2.83,bbox,2.928,2.573,4.112,1.958
360,12.354,2.173,2.824,pose,2.928,2.573,4.112,1.994
361,12.388,2.837,2.837,bbox,2.928,2.573,4.112,1.994
362,12.423,2.835,2.837,bbox,2.928,2.573,4.112,1.994
363,12.457,2.14,2.835,pose,2.928,2.573,4.112,1.994
364,12.491,2.768,2.768,bbox,2.928,2.573,4.112,1.994
365,12.526,2.743,2.768,bbox,2.928,2.573,4.112,2.028
366,12.56,2.279,2.743,pose,2.928,2.573,4.112,2.028
367,12.594,2.84,2.743,bbox,2.928,2.573,4.112,2.028
368,12.629,2.856,2.768,bbox,2.928,2.573,4.112,2.078
369,12.663,2.869,2.84,bbox,2.928,2.573,4.112,2.078
370,12.697,2.884,2.856,bbox,2.928,2.573,4.112,2.078
371,12.732,2.881,2.869,bbox,2.928,2.573,4.112,2.132
372,12.766,2.162,2.869,pose,2.928,2.573,4.112,2.132
373,12.8,2.803,2.869,bbox,2.928,2.573,4.112,2.132
374,12.835,2.775,2.803,bbox,2.928,2.573,4.112,2.132
375,12.869,1.958,2.775,pose,2.928,2.573,4.154,2.132
376,12.903,2.596,2.596,bbox,2.966,2.573,4.154,2.132
377,12.938,2.52,2.596,bbox,2.966,2.573,4.219,2.132
378,12.972,1.9,2.52,pose,3.029,2.573,4.219,2.132
379,13.006,2.52,2.52,bbox,3.029,2.573,4.219,2.132
380,13.04,2.555,2.52,bbox,3.029,2.573,4.219,2.132
381,13.075,1.948,2.52,pose,3.029,2.573,4.219,2.132
382,13.109,2.525,2.52,bbox,3.029,2.573,4.219,2.132
383,13.143,2.568,2.525,bbox,3.029,2.573,4.219,2.132
384,13.178,1.906,2.525,pose,3.029,2.573,4.219,2.172
385,13.212,2.624,2.525,bbox,3.029,2.573,4.219,2.172
386,13.246,2.687,2.568,bbox,3.029,2.573,4.219,2.205
387,13.281,2.012,2.568,pose,3.029,2.573,4.219,2.205
388,13.315,2.814,2.624,bbox,3.029,2.573,4.219,2.251
389,13.349,2.893,2.687,bbox,3.029,2.573,4.219,2.251
390,13.384,2.123,2.687,pose,3.029,2.573,4.219,2.251
391,13.418,2.954,2.814,bbox,3.029,2.573,4.219,2.251
392,13.452,2.908,2.893,bbox,3.029,2.573,4.219,2.251
393,13.487,2.081,2.893,pose,3.029,2.573,4.219,2.251
394,13.521,2.756,2.756,bbox,3.029,2.573,4.219,2.251
395,13.555,2.763,2.763,bbox,3.029,2.573,4.219,2.251
396,13.59,2.12,2.756,pose,3.029,2.573,4.219,2.251
397,13.624,2.739,2.739,bbox,3.029,2.573,4.219,2.251
398,13.658,2.687,2.739,bbox,3.029,2.604,4.219,2.251
399,13.693,2.072,2.687,pose,3.029,2.604,4.257,2.251
400,13.727,2.707,2.687,bbox,3.029,2.638,4.257,2.251
401,13.761,2.804,2.707,bbox,3.029,2.638,4.257,2.251
402,13.795,2.17,2.687,pose,3.029,2.638,4.257,2.251
403,13.83,2.833,2.707,bbox,3.029,2.638,4.299,2.251
404,13.864,2.714,2.714,bbox,3.029,2.638,4.299,2.251
405,13.898,2.111,2.714,pose,3.029,2.638,4.299,2.251
406,13.933,2.727,2.714,bbox,3.029,2.638,4.299,2.251
407,13.967,2.77,2.727,bbox,3.029,2.638,4.299,2.251
408,14.001,2.146,2.714,pose,3.029,2.638,4.299,2.251
409,14.036,2.863,2.727,bbox,3.029,2.638,4.299,2.251
410,14.07,2.948,2.77,bbox,3.029,2.638,4.299,2.281
411,14.104,2.267,2.77,pose,3.029,2.638,4.299,2.281
412,14.139,3.069,2.863,bbox,3.029,2.638,4.299,2.281
413,14.173,3.084,2.948,bbox,3.029,2.638,4.299,2.281
414,14.207,2.302,2.948,pose,3.029,2.638,4.299,2.281
415,14.242,2.855,2.855,bbox,3.029,2.638,4.299,2.281
416,14.276,2.791,2.855,bbox,3.08,2.638,4.299,2.281
417,14.31,2.227,2.791,pose,3.08,2.638,4.381,2.281
418,14.345,2.567,2.567,bbox,3.116,2.638,4.381,2.281
419,14.379,2.512,2.567,bbox,3.116,2.638,4.381,2.281
420,14.413,1.978,2.512,pose,3.116,2.638,4.451,2.281
421,14.447,2.411,2.411,bbox,3.151,2.638,4.451,2.281
422,14.482,2.397,2.411,bbox,3.151,2.638,4.451,2.281
423,14.516,1.989,2.397,pose,3.151,2.638,4.451,2.281
424,14.55,2.437,2.397,bbox,3.199,2.638,4.519,2.281
425,14.585,2.455,2.411,bbox,3.244,2.638,4.519,2.281
426,14.619,1.781,2.397,pose,3.244,2.638,4.519,2.281
427,14.653,2.434,2.434,bbox,3.244,2.681,4.519,2.281
428,14.688,2.425,2.434,bbox,3.244,2.681,4.554,2.281
429,14.722,1.593,2.425,pose,3.244,2.681,4.619,2.281
430,14.756,2.35,2.35,bbox,3.244,2.739,4.619,2.281
431,14.791,2.409,2.409,bbox,3.244,2.739,4.651,2.281
432,14.825,2.677,2.409,pose,3.244,2.79,4.723,2.281
433,14.859,2.348,2.35,bbox,3.244,2.887,4.723,2.281
434,14.894,2.327,2.35,bbox,3.244,2.932,4.763,2.281
435,14.928,1.569,2.348,pose,3.244,2.932,4.763,2.281
436,14.962,2.252,2.327,bbox,3.244,2.98,4.867,2.281
437,14.997,2.169,2.252,bbox,3.244,3.061,4.867,2.281
438,15.031,1.782,2.169,pose,3.244,3.061,4.971,2.281
439,15.065,2.055,2.055,bbox,3.244,3.061,4.971,2.281
440,15.1,2.057,2.057,bbox,3.244,3.061,5.059,2.281
441,15.134,1.844,2.055,pose,3.244,3.061,5.059,2.281
442,15.168,2.11,2.055,bbox,3.244,3.158,5.147,2.281
443,15.202,2.178,2.057,bbox,3.244,3.158,5.147,2.281
444,15.237,1.704,2.057,pose,3.244,3.24,5.147,2.281
445,15.271,2.333,2.11,bbox,3.244,3.291,5.18,2.281
446,15.305,2.398,2.178,bbox,3.244,3.363,5.18,2.281
447,15.34,1.783,2.178,pose,3.244,3.363,5.18,2.281
448,15.374,2.454,2.333,bbox,3.244,3.395,5.18,2.281
449,15.408,2.508,2.398,bbox,3.244,3.439,5.18,2.281
450,15.443,2.042,2.398,pose,3.244,3.439,5.18,2.281
451,15.477,2.47,2.454,bbox,3.244,3.439,5.18,2.281
452,15.511,2.474,2.47,bbox,3.244,3.439,5.18,2.281
453,15.546,2.171,2.47,pose,3.244,3.439,5.18,2.281
454,15.58,2.48,2.47,bbox,3.244,3.439,5.18,2.281
455,15.614,2.519,2.474,bbox,3.244,3.439,5.18,2.281
456,15.649,2.57,2.48,bbox,3.244,3.439,5.18,2.281
457,15.683,2.615,2.519,bbox,3.244,3.47,5.18,2.281
458,15.717,2.696,2.57,bbox,3.244,3.47,5.18,2.281
459,15.752,2.247,2.57,pose,3.244,3.47,5.18,2.281
460,15.786,2.814,2.615,bbox,3.244,3.47,5.18,2.281
461,15.82,2.751,2.696,bbox,3.244,3.529,5.18,2.281
462,15.854,2.216,2.696,pose,3.244,3.562,5.18,2.281
463,15.889,2.687,2.687,bbox,3.244,3.562,5.18,2.281
464,15.923,2.655,2.687,bbox,3.244,3.562,5.18,2.281
465,15.957,2.128,2.655,pose,3.244,3.562,5.18,2.281
466,15.992,2.532,2.532,bbox,3.244,3.562,5.18,2.281
467,16.026,2.518,2.532,bbox,3.244,3.562,5.18,2.281
468,16.06,2.033,2.518,pose,3.244,3.562,5.18,2.281
469,16.095,2.524,2.518,bbox,3.244,3.562,5.18,2.281
470,16.129,2.548,2.524,bbox,3.244,3.562,5.18,2.281
471,16.163,2.084,2.518,pose,3.244,3.562,5.18,2.281
472,16.198,2.534,2.524,bbox,3.244,3.562,5.18,2.281
473,16.232,2.516,2.524,bbox,3.244,3.562,5.18,2.281
474,16.266,1.915,2.516,pose,3.296,3.562,5.18,2.281
475,16.301,2.459,2.459,bbox,3.296,3.562,5.18,2.312
476,16.335,2.469,2.469,bbox,3.338,3.562,5.18,2.358
477,16.369,1.874,2.459,pose,3.338,3.562,5.18,2.358
478,16.404,2.596,2.459,bbox,3.384,3.562,5.18,2.404
479,16.438,2.657,2.469,bbox,3.384,3.562,5.18,2.468
480,16.472,2.049,2.469,pose,3.384,3.562,5.18,2.533
481,16.507,2.677,2.596,bbox,3.384,3.562,5.18,2.533
482,16.541,2.706,2.657,bbox,3.384,3.562,5.18,2.533
483,16.575,2.075,2.657,pose,3.384,3.562,5.18,2.533
484,16.609,2.691,2.677,bbox,3.384,3.562,5.18,2.533
485,16.644,2.688,2.688,bbox,3.384,3.562,5.18,2.533
486,16.678,2.047,2.688,pose,3.384,3.562,5.18,2.533
487,16.712,2.642,2.642,bbox,3.384,3.595,5.18,2.533
488,16.747,2.64,2.642,bbox,3.384,3.595,5.18,2.533
489,16.781,2.04,2.64,pose,3.384,3.595,5.18,2.533
490,16.815,2.553,2.553,bbox,3.384,3.595,5.18,2.533
491,16.85,2.534,2.553,bbox,3.384,3.595,5.18,2.533
492,16.884,2.018,2.534,pose,3.384,3.595,5.18,2.533
493,16.918,2.523,2.523,bbox,3.384,3.595,5.237,2.533
494,16.953,2.484,2.523,bbox,3.384,3.595,5.237,2.533
495,16.987,2.038,2.484,pose,3.384,3.595,5.237,2.533
496,17.021,2.411,2.411,bbox,3.437,3.595,5.237,2.563
497,17.056,2.446,2.446,bbox,3.474,3.595,5.237,2.563
498,17.09,2.016,2.411,pose,3.474,3.595,5.237,2.615
499,17.124,2.55,2.411,bbox,3.558,3.595,5.237,2.615
500,17.159,2.72,2.446,bbox,3.558,3.595,5.237,2.719
501,17.193,2.313,2.446,pose,3.558,3.595,5.237,2.719
502,17.227,2.911,2.55,bbox,3.558,3.595,5.237,2.83
503,17.261,2.935,2.72,bbox,3.558,3.595,5.237,2.83
504,17.296,2.317,2.72,pose,3.558,3.595,5.237,2.931
505,17.33,3.039,2.911,bbox,3.558,3.638,5.237,3.003
506,17.364,3.041,2.935,bbox,3.558,3.638,5.237,3.003
507,17.399,2.387,2.935,pose,3.558,3.638,5.237,3.003
508,17.433,3.116,3.039,bbox,3.558,3.638,5.237,3.034
509,17.467,3.093,3.041,bbox,3.558,3.638,5.237,3.034
510,17.502,2.421,3.041,pose,3.558,3.638,5.237,3.034
511,17.536,3.112,3.093,bbox,3.558,3.638,5.237,3.034
512,17.57,3.01,3.093,bbox,3.558,3.638,5.237,3.095
513,17.605,2.637,3.01,pose,3.558,3.638,5.237,3.095
514,17.639,2.959,2.959,bbox,3.558,3.638,5.237,3.095
515,17.673,2.879,2.959,bbox,3.558,3.638,5.237,3.095
516,17.708,2.937,2.937,pose,3.59,3.638,5.237,3.095
517,17.742,2.889,2.889,bbox,3.59,3.638,5.237,3.152
518,17.776,2.943,2.937,bbox,3.634,3.638,5.237,3.152
519,17.811,3.09,2.937,pose,3.634,3.638,5.237,3.152
520,17.845,2.973,2.943,bbox,3.671,3.638,5.237,3.152
521,17.879,2.957,2.957,bbox,3.671,3.638,5.237,3.152
522,17.914,2.939,2.957,pose,3.671,3.638,5.237,3.152
523,17.948,2.936,2.957,bbox,3.671,3.638,5.237,3.152
524,17.982,2.86,2.939,bbox,3.739,3.638,5.237,3.152
525,18.016,2.51,2.936,pose,3.77,3.638,5.237,3.152
526,18.051,2.839,2.86,bbox,3.822,3.638,5.237,3.195
527,18.085,2.807,2.839,bbox,3.822,3.638,5.237,3.195
528,18.119,2.029,2.807,pose,3.915,3.638,5.237,3.195
529,18.154,2.665,2.665,bbox,3.915,3.638,5.237,3.195
530,18.188,2.643,2.665,bbox,3.915,3.638,5.351,3.195
531,18.222,1.668,2.643,pose,3.915,3.638,5.351,3.195
532,18.257,2.505,2.505,bbox,3.952,3.638,5.417,3.195
533,18.291,2.469,2.505,bbox,3.952,3.638,5.497,3.195
534,18.325,1.525,2.469,pose,3.952,3.638,5.575,3.195
535,18.36,2.267,2.267,bbox,3.952,3.68,5.575,3.195
536,18.394,2.336,2.336,bbox,3.952,3.68,5.633,3.195
537,18.428,1.659,2.267,pose,3.952,3.726,5.633,3.195
538,18.463,2.377,2.267,bbox,3.952,3.772,5.676,3.195
539,18.497,2.407,2.336,bbox,3.952,3.772,5.676,3.195
540,18.531,1.718,2.336,pose,3.952,3.806,5.676,3.195
541,18.566,2.343,2.343,bbox,3.952,3.806,5.709,3.195
542,18.6,2.283,2.343,bbox,3.952,3.806,5.709,3.195
543,18.634,1.786,2.283,pose,3.952,3.806,5.709,3.195
544,18.668,2.223,2.223,bbox,3.952,3.806,5.814,3.195
545,18.703,2.202,2.223,bbox,3.952,3.806,5.874,3.195
546,18.737,2.133,2.202,bbox,4.026,3.806,5.874,3.195
547,18.771,2.04,2.133,bbox,4.075,3.806,5.874,3.195
548,18.806,1.805,2.133,bbox,4.13,3.806,5.874,3.195
549,18.84,1.676,2.04,bbox,4.197,3.806,5.909,3.195
550,18.874,1.52,1.805,bbox,4.197,3.806,5.947,3.195
551,18.909,1.47,1.676,bbox,4.197,3.806,5.989,3.195
552,18.943,2.616,1.676,pose,4.197,3.806,6.02,3.195
553,18.977,1.357,1.52,bbox,4.197,3.806,6.053,3.195
554,19.012,1.258,1.47,bbox,4.197,3.806,6.093,3.195
555,19.046,1.174,1.357,bbox,4.197,3.806,6.093,3.195
556,19.08,1.062,1.258,bbox,4.254,3.806,6.132,3.195
557,19.115,1.035,1.174,bbox,4.295,3.806,6.17,3.195
558,19.149,0.483,1.062,pose,4.295,3.806,6.17,3.195
559,19.183,0.806,1.035,bbox,4.403,3.806,6.206,3.195
560,19.218,0.73,0.806,bbox,4.403,3.806,6.276,3.195
561,19.252,0.443,0.73,pose,4.403,3.806,6.276,3.195
562,19.286,0.622,0.622,bbox,4.524,3.806,6.339,3.195
563,19.321,0.622,0.622,bbox,4.524,3.806,6.339,3.195
564,19.355,0.415,0.622,pose,4.524,3.806,6.339,3.195
565,19.389,0.699,0.622,bbox,4.524,3.806,6.339,3.195
566,19.423,0.697,0.622,bbox,4.524,3.806,6.339,3.195
567,19.458,0.265,0.622,pose,4.524,3.806,6.339,3.195
568,19.492,0.73,0.697,bbox,4.524,3.843,6.339,3.195
569,19.526,0.739,0.699,bbox,4.524,3.843,6.339,3.195
570,19.561,0.232,0.697,pose,4.524,3.843,6.339,3.195
571,19.595,0.748,0.73,bbox,4.524,3.843,6.339,3.195
572,19.629,0.725,0.73,bbox,4.524,3.843,6.339,3.195
573,19.664,0.723,0.725,bbox,4.524,3.843,6.339,3.195
574,19.698,0.718,0.723,bbox,4.524,3.843,6.339,3.195
575,19.732,0.719,0.723,bbox,4.524,3.843,6.339,3.195
576,19.767,0.326,0.719,pose,4.524,3.843,6.339,3.195
577,19.801,0.736,0.719,bbox,4.524,3.843,6.339,3.195
578,19.835,0.782,0.719,bbox,4.524,3.843,6.339,3.195
579,19.87,0.28,0.719,pose,4.524,3.843,6.339,3.195
580,19.904,,,,4.524,3.843,6.339,3.195
581,19.938,,,,4.524,3.843,6.339,3.195
582,19.973,,,,4.524,3.843,6.339,3.195
583,20.007,4.36,0.736,bbox,4.524,3.843,6.339,3.195
584,20.041,4.362,0.782,bbox,4.524,3.876,6.339,3.195
585,20.075,4.004,4.004,pose,4.524,3.876,6.339,3.195
586,20.11,4.357,4.357,bbox,4.524,3.876,6.339,3.195
587,20.144,4.36,4.36,bbox,4.524,3.876,6.339,3.195
588,20.178,3.951,4.357,pose,4.524,3.876,6.339,3.195
589,20.213,4.319,4.319,bbox,4.524,3.876,6.339,3.195
590,20.247,4.311,4.319,bbox,4.524,3.876,6.339,3.195
591,20.281,3.849,4.311,pose,4.524,3.876,6.339,3.195
592,20.316,4.257,4.257,bbox,4.524,3.876,6.387,3.195
593,20.35,4.253,4.257,bbox,4.524,3.876,6.387,3.195
594,20.384,3.766,4.253,pose,4.524,3.876,6.387,3.195
595,20.419,4.277,4.253,bbox,4.524,3.876,6.444,3.195
596,20.453,4.267,4.257,bbox,4.524,3.876,6.444,3.195
597,20.487,3.779,4.253,pose,4.524,3.876,6.444,3.195
598,20.522,4.302,4.267,bbox,4.524,3.876,6.444,3.195
599,20.556,4.291,4.277,bbox,4.524,3.876,6.444,3.195
600,20.59,3.732,4.267,pose,4.524,3.876,6.444,3.195
601,20.625,4.275,4.275,bbox,4.524,3.876,6.444,3.195
602,20.659,4.261,4.275,bbox,4.524,3.876,6.444,3.195
603,20.693,3.729,4.261,pose,4.524,3.876,6.444,3.195
604,20.728,4.194,4.194,bbox,4.524,3.876,6.444,3.195
605,20.762,4.178,4.194,bbox,4.524,3.876,6.509,3.195
606,20.796,3.759,4.178,pose,4.524,3.876,6.542,3.195
607,20.83,4.079,4.079,bbox,4.524,3.876,6.575,3.195
608,20.865,4.083,4.083,bbox,4.524,3.876,6.575,3.195
609,20.899,3.749,4.079,pose,4.524,3.876,6.575,3.195
610,20.933,4.09,4.079,bbox,4.524,3.876,6.575,3.195
611,20.968,4.073,4.079,bbox,4.524,3.876,6.575,3.195
612,21.002,3.758,4.073,pose,4.524,3.876,6.575,3.195
613,21.036,4.161,4.073,bbox,4.524,3.876,6.575,3.195
614,21.071,4.192,4.09,bbox,4.524,3.876,6.575,3.195
615,21.105,3.812,4.073,pose,4.524,3.876,6.575,3.195
616,21.139,4.129,4.129,bbox,4.524,3.876,6.575,3.195
617,21.174,4.105,4.129,bbox,4.524,3.876,6.575,3.195
618,21.208,3.81,4.105,pose,4.524,3.876,6.575,3.195
619,21.242,4.068,4.068,bbox,4.524,3.876,6.575,3.195
620,21.277,4.007,4.068,bbox,4.524,3.876,6.575,3.195
621,21.311,3.745,4.007,pose,4.558,3.876,6.575,3.195
622,21.345,3.911,3.911,bbox,4.558,3.876,6.575,3.231
623,21.38,3.869,3.911,bbox,4.558,3.876,6.575,3.231
624,21.414,3.847,3.869,bbox,4.626,3.876,6.575,3.231
625,21.448,3.89,3.869,bbox,4.626,3.876,6.575,3.231
626,21.482,3.868,3.869,bbox,4.626,3.876,6.575,3.231
627,21.517,3.878,3.869,bbox,4.626,3.876,6.575,3.231
628,21.551,3.852,3.868,bbox,4.626,3.876,6.575,3.231
629,21.585,3.869,3.869,bbox,4.626,3.876,6.575,3.231
630,21.62,3.869,3.869,bbox,4.626,3.876,6.575,3.231
631,21.654,3.842,3.869,bbox,4.68,3.876,6.575,3.231
632,21.688,3.855,3.855,bbox,4.68,3.876,6.575,3.231
633,21.723,3.832,3.855,bbox,4.68,3.876,6.575,3.231
634,21.757,3.741,3.842,bbox,4.68,3.876,6.575,3.231
635,21.791,3.683,3.832,bbox,4.68,3.876,6.575,3.231
636,21.826,3.618,3.741,bbox,4.711,3.876,6.575,3.231
637,21.86,3.535,3.683,bbox,4.747,3.876,6.575,3.231
638,21.894,3.423,3.618,bbox,4.789,3.876,6.575,3.231
639,21.929,3.423,3.535,bbox,4.83,3.876,6.575,3.231
640,21.963,3.395,3.423,bbox,4.881,3.876,6.575,3.231
641,21.997,3.354,3.423,bbox,4.919,3.876,6.619,3.231
642,22.032,3.25,3.395,pose,4.919,3.876,6.619,3.231
643,22.066,3.357,3.357,bbox,4.919,3.876,6.619,3.231
644,22.1,3.343,3.354,bbox,4.951,3.876,6.619,3.231
645,22.135,3.343,3.343,bbox,4.983,3.876,6.619,3.231
646,22.169,3.293,3.343,bbox,4.983,3.876,6.619,3.231
647,22.203,3.308,3.343,bbox,4.983,3.876,6.619,3.231
648,22.237,2.581,3.308,pose,5.021,3.876,6.619,3.231
649,22.272,3.192,3.293,bbox,5.021,3.876,6.619,3.231
650,22.306,3.203,3.203,bbox,5.021,3.876,6.619,3.231
651,22.34,2.431,3.192,pose,5.115,3.876,6.619,3.231
652,22.375,3.072,3.072,bbox,5.115,3.876,6.657,3.231
653,22.409,3.058,3.072,bbox,5.115,3.876,6.657,3.231
654,22.443,2.407,3.058,pose,5.214,3.876,6.657,3.231
655,22.478,3.005,3.005,bbox,5.214,3.876,6.657,3.231
656,22.512,3.01,3.01,bbox,5.214,3.876,6.657,3.231
657,22.546,2.362,3.005,pose,5.214,3.876,6.657,3.231
658,22.581,2.953,2.953,bbox,5.214,3.876,6.657,3.231
659,22.615,2.925,2.953,bbox,5.214,3.876,6.657,3.231
660,22.649,2.367,2.925,pose,5.214,3.876,6.657,3.231
661,22.684,2.955,2.925,bbox,5.214,3.876,6.657,3.231
662,22.718,2.886,2.925,bbox,5.214,3.876,6.657,3.231
663,22.752,2.354,2.886,pose,5.214,3.876,6.657,3.231
664,22.787,2.894,2.886,bbox,5.214,3.876,6.657,3.231
665,22.821,2.968,2.894,bbox,5.214,3.876,6.657,3.231
666,22.855,2.378,2.886,pose,5.214,3.876,6.657,3.231
667,22.889,2.981,2.894,bbox,5.214,3.876,6.657,3.231
668,22.924,2.941,2.941,bbox,5.214,3.876,6.657,3.231
669,22.958,2.365,2.941,pose,5.214,3.876,6.657,3.231
670,22.992,2.915,2.915,bbox,5.214,3.876,6.657,3.231
671,23.027,2.909,2.915,bbox,5.214,3.876,6.657,3.231
672,23.061,2.361,2.909,pose,5.214,3.876,6.657,3.231
673,23.095,2.887,2.887,bbox,5.214,3.876,6.657,3.231
674,23.13,2.882,2.887,bbox,5.214,3.876,6.657,3.231
675,23.164,2.372,2.882,pose,5.214,3.876,6.657,3.231
676,23.198,2.937,2.882,bbox,5.214,3.876,6.657,3.231
677,23.233,2.953,2.887,bbox,5.214,3.876,6.657,3.231
678,23.267,2.364,2.882,pose,5.214,3.876,6.657,3.231
679,23.301,2.951,2.937,bbox,5.214,3.876,6.657,3.231
680,23.336,2.929,2.937,bbox,5.214,3.876,6.657,3.231
681,23.37,2.328,2.929,pose,5.214,3.876,6.657,3.231
682,23.404,2.905,2.905,bbox,5.214,3.876,6.657,3.231
683,23.439,2.857,2.905,bbox,5.214,3.876,6.657,3.231
684,23.473,2.191,2.857,pose,5.214,3.876,6.657,3.231
685,23.507,2.828,2.828,bbox,5.214,3.876,6.657,3.231
686,23.542,2.787,2.828,bbox,5.259,3.876,6.657,3.231
687,23.576,2.177,2.787,pose,5.259,3.876,6.657,3.231
688,23.61,2.866,2.787,bbox,5.315,3.876,6.657,3.231
689,23.644,2.832,2.828,bbox,5.315,3.876,6.657,3.231
690,23.679,2.137,2.787,pose,5.315,3.876,6.657,3.231
691,23.713,2.84,2.832,bbox,5.315,3.876,6.657,3.285
692,23.747,2.796,2.832,bbox,5.315,3.876,6.657,3.285
693,23.782,2.116,2.796,pose,5.315,3.876,6.657,3.285
694,23.816,2.763,2.763,bbox,5.315,3.876,6.657,3.285
695,23.85,2.751,2.763,bbox,5.315,3.876,6.657,3.285
696,23.885,2.145,2.751,pose,5.315,3.876,6.657,3.285
697,23.919,2.754,2.751,bbox,5.315,3.876,6.657,3.327
698,23.953,2.749,2.751,bbox,5.315,3.876,6.657,3.327
699,23.988,2.139,2.749,pose,5.315,3.876,6.657,3.327
700,24.022,2.754,2.749,bbox,5.315,3.876,6.657,3.327
701,24.056,2.794,2.754,bbox,5.315,3.876,6.657,3.327
702,24.091,2.125,2.749,pose,5.315,3.876,6.657,3.327
703,24.125,2.821,2.754,bbox,5.315,3.876,6.657,3.327
704,24.159,2.784,2.784,bbox,5.315,3.876,6.657,3.327
705,24.194,2.012,2.784,pose,5.315,3.876,6.657,3.327
706,24.228,2.754,2.754,bbox,5.315,3.876,6.657,3.327
707,24.262,2.768,2.768,bbox,5.364,3.876,6.657,3.327
708,24.296,2.056,2.754,pose,5.364,3.876,6.657,3.327
709,24.331,2.833,2.754,bbox,5.403,3.876,6.657,3.327
710,24.365,2.911,2.768,bbox,5.403,3.876,6.657,3.327
711,24.399,2.094,2.768,pose,5.403,3.876,6.657,3.327
712,24.434,2.773,2.773,bbox,5.451,3.876,6.657,3.327
713,24.468,2.718,2.773,bbox,5.451,3.876,6.657,3.327
714,24.502,1.758,2.718,pose,5.451,3.876,6.724,3.327
715,24.537,2.685,2.685,bbox,5.451,3.926,6.77,3.327
716,24.571,2.605,2.685,bbox,5.451,3.926,6.77,3.327
717,24.605,1.664,2.605,pose,5.451,3.959,6.77,3.327
718,24.64,2.608,2.605,bbox,5.451,3.959,6.77,3.327
719,24.674,2.528,2.605,bbox,5.451,3.959,6.811,3.327
720,24.708,2.164,2.528,pose,5.451,3.959,6.811,3.327
721,24.743,2.481,2.481,bbox,5.451,3.994,6.881,3.327
722,24.777,2.365,2.481,bbox,5.451,4.092,6.924,3.327
723,24.811,2.333,2.365,bbox,5.451,4.092,7.057,3.327
724,24.846,2.331,2.333,bbox,5.451,4.092,7.129,3.327
725,24.88,2.369,2.365,bbox,5.451,4.092,7.129,3.327
726,24.914,2.432,2.365,bbox,5.451,4.092,7.129,3.327
727,24.949,2.501,2.369,bbox,5.451,4.092,7.129,3.327
728,24.983,,,,5.451,4.092,7.129,3.327
729,25.017,2.779,2.432,bbox,5.451,4.182,7.129,3.327
730,25.051,,,,5.451,4.182,7.129,3.327
731,25.086,2.945,2.501,bbox,5.451,4.262,7.129,3.405
732,25.12,2.635,2.635,pose,5.451,4.262,7.129,3.521
733,25.154,3.115,2.779,bbox,5.451,4.357,7.225,3.521
734,25.189,3.154,2.945,bbox,5.451,4.423,7.225,3.521
735,25.223,2.608,2.945,pose,5.451,4.466,7.225,3.521
736,25.257,3.17,3.115,bbox,5.451,4.466,7.225,3.521
737,25.292,3.148,3.148,bbox,5.451,4.508,7.225,3.521
738,25.326,3.199,3.154,bbox,5.451,4.548,7.225,3.521
739,25.36,3.149,3.149,bbox,5.451,4.548,7.225,3.557
740,25.395,3.126,3.149,bbox,5.451,4.584,7.265,3.557
741,25.429,2.868,3.148,pose,5.451,4.615,7.265,3.557
742,25.463,3.154,3.149,bbox,5.451,4.661,7.265,3.557
743,25.498,3.178,3.149,bbox,5.451,4.708,7.319,3.557
744,25.532,2.929,3.126,pose,5.451,4.766,7.319,3.557
745,25.566,3.151,3.151,bbox,5.451,4.81,7.352,3.557
746,25.601,3.161,3.154,bbox,5.451,4.81,7.352,3.557
747,25.635,3.191,3.161,bbox,5.451,4.81,7.352,3.557
748,25.669,3.186,3.161,bbox,5.451,4.81,7.352,3.557
749,25.704,3.153,3.161,bbox,5.451,4.81,7.352,3.557
750,25.738,2.29,3.161,pose,5.451,4.81,7.352,3.557
751,25.772,3.081,3.153,bbox,5.451,4.81,7.352,3.557
752,25.806,3.023,3.081,bbox,5.49,4.81,7.352,3.557
753,25.841,2.395,3.023,pose,5.49,4.81,7.352,3.557
754,25.875,2.989,2.989,bbox,5.542,4.81,7.352,3.557
755,25.909,2.89,2.989,bbox,5.542,4.81,7.388,3.557
756,25.944,2.124,2.89,pose,5.542,4.81,7.388,3.557
757,25.978,2.774,2.774,bbox,5.542,4.81,7.425,3.557
758,26.012,2.724,2.774,bbox,5.542,4.81,7.472,3.557
759,26.047,1.974,2.724,pose,5.542,4.81,7.533,3.557
760,26.081,2.654,2.654,bbox,5.542,4.81,7.533,3.557
761,26.115,2.671,2.671,bbox,5.542,4.81,7.57,3.557
762,26.15,1.973,2.654,pose,5.542,4.81,7.57,3.557
763,26.184,2.645,2.645,bbox,5.542,4.81,7.621,3.557
764,26.218,2.669,2.654,bbox,5.542,4.81,7.621,3.557
765,26.253,2.173,2.645,pose,5.542,4.81,7.621,3.557
766,26.287,2.717,2.645,bbox,5.542,4.81,7.621,3.557
767,26.321,2.754,2.669,bbox,5.542,4.81,7.621,3.557
768,26.356,2.215,2.669,pose,5.542,4.841,7.621,3.557
769,26.39,2.776,2.717,bbox,5.542,4.841,7.621,3.557
770,26.424,2.803,2.754,bbox,5.542,4.841,7.621,3.557
771,26.458,2.23,2.754,pose,5.542,4.841,7.621,3.557
772,26.493,2.83,2.776,bbox,5.542,4.841,7.621,3.557
773,26.527,2.837,2.803,bbox,5.542,4.841,7.621,3.557
774,26.561,2.274,2.803,pose,5.542,4.841,7.621,3.557
775,26.596,2.794,2.794,bbox,5.542,4.841,7.621,3.557
776,26.63,2.77,2.794,bbox,5.542,4.841,7.621,3.557
777,26.664,2.698,2.77,bbox,5.605,4.841,7.621,3.557
778,26.699,2.649,2.698,bbox,5.636,4.841,7.621,3.557
779,26.733,2.634,2.698,bbox,5.71,4.841,7.621,3.557
780,26.767,2.012,2.649,pose,5.71,4.841,7.621,3.557
781,26.802,2.591,2.634,bbox,5.71,4.841,7.621,3.557
782,26.836,2.575,2.591,bbox,5.71,4.841,7.621,3.557
783,26.87,1.992,2.575,pose,5.71,4.841,7.661,3.557
784,26.905,2.565,2.565,bbox,5.71,4.841,7.661,3.557
785,26.939,2.561,2.565,bbox,5.71,4.841,7.661,3.557
786,26.973,1.957,2.561,pose,5.71,4.841,7.661,3.557
787,27.008,2.512,2.512,bbox,5.71,4.841,7.661,3.557
788,27.042,2.532,2.532,bbox,5.71,4.841,7.696,3.557
789,27.076,2.03,2.512,pose,5.71,4.841,7.696,3.557
790,27.111,2.641,2.512,bbox,5.71,4.897,7.696,3.603
791,27.145,2.71,2.532,bbox,5.71,4.897,7.696,3.603
792,27.179,2.104,2.532,pose,5.71,4.931,7.696,3.603
793,27.213,2.848,2.641,bbox,5.71,4.962,7.696,3.649
794,27.248,2.924,2.71,bbox,5.71,4.962,7.696,3.702
795,27.282,2.337,2.71,pose,5.71,4.962,7.696,3.702
796,27.316,2.928,2.848,bbox,5.71,4.962,7.696,3.737
797,27.351,2.861,2.861,bbox,5.71,4.962,7.696,3.737
798,27.385,2.27,2.861,pose,5.71,4.962,7.696,3.737
799,27.419,2.902,2.861,bbox,5.71,4.962,7.696,3.832
800,27.454,2.835,2.861,bbox,5.71,4.962,7.696,3.832
801,27.488,2.099,2.835,pose,5.71,4.962,7.696,3.832
802,27.522,2.724,2.724,bbox,5.71,4.962,7.696,3.832
803,27.557,2.736,2.736,bbox,5.71,4.962,7.696,3.832
804,27.591,2.02,2.724,pose,5.71,4.962,7.696,3.832
805,27.625,2.706,2.706,bbox,5.742,4.962,7.696,3.832
806,27.66,2.703,2.706,bbox,5.742,4.962,7.696,3.832
807,27.694,2.053,2.703,pose,5.742,4.962,7.696,3.832
808,27.728,2.737,2.703,bbox,5.742,4.962,7.696,3.832
809,27.763,2.769,2.706,bbox,5.742,4.962,7.696,3.832
810,27.797,2.136,2.703,pose,5.742,4.962,7.696,3.832
811,27.831,2.782,2.737,bbox,5.742,4.962,7.696,3.832
812,27.865,2.766,2.766,bbox,5.742,4.962,7.696,3.832
813,27.9,2.101,2.766,pose,5.742,4.962,7.696,3.832
814,27.934,2.737,2.737,bbox,5.742,4.962,7.696,3.832
815,27.968,2.761,2.761,bbox,5.742,4.962,7.696,3.832
816,28.003,2.131,2.737,pose,5.742,4.962,7.696,3.877
817,28.037,2.839,2.737,bbox,5.742,4.962,7.696,3.877
818,28.071,2.927,2.761,bbox,5.742,4.962,7.696,3.944
819,28.106,2.273,2.761,pose,5.742,4.962,7.696,3.944
820,28.14,2.992,2.839,bbox,5.742,4.962,7.696,3.944
821,28.174,2.951,2.927,bbox,5.742,4.962,7.696,3.944
822,28.209,2.288,2.927,pose,5.742,4.962,7.696,3.976
823,28.243,2.952,2.951,bbox,5.742,4.962,7.696,3.976
824,28.277,2.913,2.951,bbox,5.742,4.962,7.696,3.976
825,28.312,2.223,2.913,pose,5.742,4.962,7.696,3.976
826,28.346,2.856,2.856,bbox,5.742,4.962,7.696,3.976
827,28.38,2.87,2.87,bbox,5.742,4.962,7.696,3.976
828,28.415,2.203,2.856,pose,5.742,4.962,7.696,3.976
829,28.449,2.843,2.843,bbox,5.742,4.962,7.696,3.976
830,28.483,2.807,2.843,bbox,5.742,4.962,7.696,3.976
831,28.518,2.241,2.807,pose,5.742,4.962,7.696,3.976
832,28.552,2.769,2.769,bbox,5.742,4.962,7.696,3.976
833,28.586,2.736,2.769,bbox,5.742,4.962,7.743,3.976
834,28.62,2.226,2.736,pose,5.742,4.962,7.743,3.976
835,28.655,2.737,2.736,bbox,5.742,4.962,7.774,3.976
836,28.689,2.747,2.737,bbox,5.742,4.962,7.774,3.976
837,28.723,2.157,2.736,pose,5.742,4.962,7.774,3.976
838,28.758,2.757,2.737,bbox,5.742,4.962,7.774,4.047
839,28.792,2.765,2.747,bbox,5.742,4.962,7.774,4.047
840,28.826,2.241,2.747,pose,5.742,4.962,7.774,4.047
841,28.861,2.752,2.752,bbox,5.779,4.962,7.774,4.047
842,28.895,2.828,2.757,bbox,5.779,4.962,7.774,4.047
843,28.929,2.051,2.752,pose,5.819,4.962,7.774,4.047
844,28.964,2.798,2.752,bbox,5.857,4.962,7.774,4.047
845,28.998,2.785,2.785,bbox,5.857,4.962,7.774,4.084
846,29.032,2.064,2.785,pose,5.857,4.962,7.774,4.084
847,29.067,2.732,2.732,bbox,5.946,4.962,7.774,4.084
848,29.101,2.706,2.732,bbox,5.983,4.962,7.774,4.084
849,29.135,2.019,2.706,pose,5.983,4.962,7.774,4.084
850,29.17,2.629,2.629,bbox,6.019,4.962,7.809,4.084
851,29.204,2.618,2.629,bbox,6.019,4.962,7.809,4.084
852,29.238,1.92,2.618,pose,6.019,4.998,7.809,4.084
853,29.272,2.538,2.538,bbox,6.019,5.05,7.809,4.084
854,29.307,2.569,2.569,bbox,6.019,5.05,7.842,4.084
855,29.341,1.967,2.538,pose,6.019,5.09,7.842,4.084
856,29.375,2.668,2.538,bbox,6.019,5.09,7.909,4.084
857,29.41,2.669,2.569,bbox,6.019,5.09,7.909,4.084
858,29.444,2.045,2.569,pose,6.019,5.09,7.909,4.084
859,29.478,2.667,2.667,bbox,6.019,5.09,7.909,4.084
860,29.513,2.711,2.668,bbox,6.019,5.09,7.909,4.084
861,29.547,2.07,2.667,pose,6.019,5.09,7.909,4.145
862,29.581,2.751,2.667,bbox,6.019,5.09,7.909,4.145
863,29.616,2.791,2.711,bbox,6.019,5.09,7.909,4.202
864,29.65,2.169,2.711,pose,6.019,5.09,7.909,4.202
865,29.684,2.854,2.751,bbox,6.019,5.09,7.909,4.241
866,29.719,2.865,2.791,bbox,6.019,5.09,7.909,4.241
867,29.753,2.189,2.791,pose,6.019,5.09,7.909,4.241
868,29.787,2.872,2.854,bbox,6.019,5.09,7.909,4.241
869,29.822,2.841,2.854,bbox,6.019,5.09,7.909,4.241
870,29.856,2.081,2.841,pose,6.019,5.09,7.909,4.241
871,29.89,2.717,2.717,bbox,6.019,5.09,7.909,4.241
872,29.925,2.633,2.717,bbox,6.019,5.09,7.948,4.241
873,29.959,1.989,2.633,pose,6.019,5.09,7.948,4.241
874,29.993,2.543,2.543,bbox,6.063,5.09,7.948,4.241
875,30.027,2.524,2.543,bbox,6.099,5.09,7.948,4.241
876,30.062,1.971,2.524,pose,6.099,5.09,7.984,4.241
877,30.096,2.589,2.524,bbox,6.166,5.09,7.984,4.241
878,30.13,2.607,2.543,bbox,6.166,5.09,8.028,4.241
879,30.165,1.684,2.524,pose,6.166,5.09,8.028,4.241
880,30.199,2.577,2.577,bbox,6.166,5.16,8.028,4.241
881,30.233,2.6,2.589,bbox,6.166,5.16,8.028,4.241
882,30.268,1.626,2.577,pose,6.166,5.191,8.161,4.241
883,30.302,2.643,2.577,bbox,6.166,5.229,8.161,4.241
884,30.336,2.631,2.6,bbox,6.166,5.229,8.205,4.241
885,30.371,2.628,2.628,bbox,6.166,5.278,8.244,4.241
886,30.405,2.679,2.631,bbox,6.166,5.331,8.316,4.241
887,30.439,2.664,2.643,bbox,6.166,5.387,8.316,4.241
888,30.474,2.552,2.631,bbox,6.166,5.387,8.357,4.241
889,30.508,2.205,2.628,bbox,6.166,5.387,8.442,4.241
890,30.542,2.14,2.552,bbox,6.166,5.44,8.442,4.241
891,30.577,1.858,2.205,pose,6.166,5.44,8.442,4.241
892,30.611,2.162,2.162,bbox,6.166,5.48,8.442,4.241
893,30.645,2.168,2.162,bbox,6.166,5.566,8.529,4.241
894,30.679,1.926,2.14,pose,6.166,5.608,8.529,4.241
895,30.714,2.029,2.029,bbox,6.166,5.608,8.599,4.241
896,30.748,1.9,2.029,bbox,6.166,5.608,8.599,4.241
897,30.782,1.79,1.926,pose,6.166,5.687,8.599,4.241
898,30.817,1.99,1.926,bbox,6.166,5.687,8.66,4.241
899,30.851,2.083,1.99,bbox,6.166,5.687,8.66,4.241
900,30.885,1.824,1.9,pose,6.166,5.765,8.66,4.241
901,30.92,2.162,1.99,bbox,6.166,5.86,8.66,4.241
902,30.954,2.192,2.083,bbox,6.166,5.891,8.66,4.241
903,30.988,1.725,2.083,pose,6.166,5.939,8.66,4.241
904,31.023,2.218,2.162,bbox,6.166,5.939,8.66,4.241
905,31.057,2.29,2.192,bbox,6.166,6.033,8.66,4.241
906,31.091,1.532,2.192,pose,6.166,6.033,8.66,4.241
907,31.126,2.187,2.187,bbox,6.166,6.072,8.66,4.241
908,31.16,2.334,2.218,bbox,6.166,6.114,8.66,4.241
909,31.194,1.966,2.187,pose,6.166,6.172,8.66,4.241
910,31.229,2.504,2.187,bbox,6.166,6.241,8.71,4.241
911,31.263,2.508,2.334,bbox,6.166,6.311,8.71,4.241
912,31.297,1.831,2.334,pose,6.166,6.311,8.71,4.241
913,31.332,2.574,2.504,bbox,6.166,6.311,8.71,4.241
914,31.366,2.618,2.508,bbox,6.166,6.311,8.71,4.241
915,31.4,2.665,2.574,bbox,6.166,6.358,8.71,4.241
916,31.434,2.628,2.618,bbox,6.166,6.439,8.71,4.241
917,31.469,2.683,2.628,bbox,6.166,6.51,8.79,4.241
918,31.503,2.661,2.661,bbox,6.166,6.562,8.79,4.241
919,31.537,2.608,2.661,bbox,6.166,6.626,8.823,4.241
920,31.572,2.552,2.628,bbox,6.166,6.668,8.924,4.241
921,31.606,2.335,2.608,pose,6.166,6.668,8.924,4.241
922,31.64,2.438,2.552,bbox,6.166,6.668,8.968,4.241
923,31.675,2.425,2.438,bbox,6.166,6.668,9.018,4.241
924,31.709,2.146,2.425,pose,6.166,6.668,9.018,4.241
925,31.743,2.387,2.387,bbox,6.166,6.668,9.121,4.241
926,31.778,2.361,2.387,bbox,6.166,6.668,9.156,4.241
927,31.812,1.891,2.361,pose,6.166,6.668,9.156,4.241
928,31.846,2.341,2.341,bbox,6.166,6.668,9.209,4.241
929,31.881,2.344,2.344,bbox,6.166,6.668,9.209,4.241
930,31.915,1.699,2.341,pose,6.166,6.668,9.209,4.241
931,31.949,2.342,2.341,bbox,6.166,6.668,9.209,4.241
932,31.984,2.287,2.341,bbox,6.166,6.668,9.209,4.241
933,32.018,1.641,2.287,pose,6.166,6.668,9.209,4.241
934,32.052,2.186,2.186,bbox,6.221,6.668,9.209,4.241
935,32.086,2.128,2.186,bbox,6.268,6.668,9.252,4.241
936,32.121,1.599,2.128,pose,6.268,6.668,9.286,4.241
937,32.155,2.092,2.092,bbox,6.314,6.668,9.286,4.241
938,32.189,2.053,2.092,bbox,6.314,6.668,9.335,4.241
939,32.224,1.551,2.053,pose,6.314,6.668,9.369,4.241
940,32.258,2.067,2.053,bbox,6.314,6.714,9.369,4.241
941,32.292,2.089,2.067,bbox,6.314,6.714,9.369,4.241
942,32.327,1.621,2.053,pose,6.314,6.752,9.369,4.241
943,32.361,2.163,2.067,bbox,6.314,6.843,9.369,4.241
944,32.395,2.222,2.089,bbox,6.314,6.843,9.369,4.241
945,32.43,2.271,2.163,bbox,6.314,6.901,9.369,4.241
946,32.464,2.259,2.222,bbox,6.314,6.901,9.369,4.287
947,32.498,2.211,2.222,bbox,6.314,6.901,9.369,4.287
948,32.533,1.912,2.222,pose,6.314,6.901,9.369,4.287
949,32.567,2.315,2.259,bbox,6.314,6.901,9.369,4.287
950,32.601,2.423,2.259,bbox,6.314,6.933,9.369,4.287
951,32.636,2.07,2.211,pose,6.314,6.968,9.369,4.287
952,32.67,2.568,2.315,bbox,6.314,7.045,9.369,4.287
953,32.704,2.639,2.423,bbox,6.314,7.045,9.369,4.32
954,32.739,2.127,2.423,pose,6.314,7.075,9.369,4.32
955,32.773,2.706,2.568,bbox,6.314,7.075,9.369,4.32
956,32.807,2.677,2.639,bbox,6.314,7.075,9.369,4.32
957,32.841,2.109,2.639,pose,6.314,7.075,9.369,4.32
958,32.876,2.612,2.612,bbox,6.314,7.075,9.369,4.32
959,32.91,2.588,2.612,bbox,6.314,7.075,9.369,4.32
960,32.944,1.958,2.588,pose,6.314,7.075,9.369,4.32
961,32.979,2.46,2.46,bbox,6.314,7.075,9.411,4.32
962,33.013,2.467,2.467,bbox,6.314,7.075,9.45,4.32
963,33.047,2.493,2.467,bbox,6.314,7.075,9.45,4.32
964,33.082,2.474,2.467,bbox,6.314,7.075,9.45,4.32
965,33.116,2.461,2.467,bbox,6.314,7.075,9.45,4.32
966,33.15,1.857,2.467,pose,6.314,7.075,9.45,4.32
967,33.185,2.446,2.461,bbox,6.314,7.075,9.45,4.32
968,33.219,2.418,2.446,bbox,6.314,7.075,9.45,4.32
969,33.253,1.806,2.418,pose,6.314,7.075,9.45,4.32
970,33.288,2.36,2.36,bbox,6.314,7.075,9.45,4.32
971,33.322,2.347,2.36,bbox,6.314,7.075,9.45,4.32
972,33.356,1.857,2.347,pose,6.314,7.075,9.45,4.32
973,33.391,2.434,2.347,bbox,6.314,7.075,9.45,4.32
974,33.425,2.478,2.36,bbox,6.314,7.075,9.45,4.384
975,33.459,2.526,2.434,bbox,6.314,7.075,9.45,4.384
976,33.493,2.588,2.478,bbox,6.314,7.075,9.45,4.384
977,33.528,2.649,2.526,bbox,6.314,7.075,9.45,4.384
978,33.562,2.677,2.588,bbox,6.314,7.075,9.45,4.42
979,33.596,2.721,2.649,bbox,6.314,7.075,9.45,4.42
980,33.631,2.689,2.677,bbox,6.314,7.075,9.45,4.42
981,33.665,2.028,2.677,pose,6.314,7.075,9.45,4.42
982,33.699,2.594,2.677,bbox,6.314,7.075,9.45,4.454
983,33.734,2.564,2.594,bbox,6.314,7.075,9.45,4.454
984,33.768,2.03,2.564,pose,6.314,7.075,9.45,4.454
985,33.802,2.578,2.564,bbox,6.314,7.075,9.45,4.454
986,33.837,2.583,2.578,bbox,6.314,7.075,9.45,4.454
987,33.871,2.106,2.564,pose,6.314,7.075,9.45,4.454
988,33.905,2.658,2.578,bbox,6.314,7.075,9.45,4.454
989,33.94,2.687,2.583,bbox,6.314,7.075,9.45,4.454
990,33.974,2.187,2.583,pose,6.314,7.075,9.45,4.454
991,34.008,2.663,2.658,bbox,6.314,7.075,9.45,4.454
992,34.043,2.593,2.658,bbox,6.314,7.075,9.45,4.454
993,34.077,2.079,2.593,pose,6.314,7.075,9.45,4.454
994,34.111,2.453,2.453,bbox,6.314,7.075,9.45,4.454
995,34.146,2.391,2.453,bbox,6.314,7.075,9.45,4.454
996,34.18,2.315,2.391,bbox,6.393,7.075,9.45,4.454
997,34.214,2.228,2.315,bbox,6.431,7.075,9.45,4.454
998,34.248,2.18,2.315,bbox,6.483,7.075,9.45,4.454
999,34.283,1.948,2.228,pose,6.483,7.075,9.45,4.454
1000,34.317,2.232,2.228,bbox,6.545,7.075,9.45,4.454
1001,34.351,2.179,2.18,bbox,6.545,7.075,9.45,4.454
1002,34.386,1.771,2.179,pose,6.545,7.075,9.45,4.454
1003,34.42,2.183,2.179,bbox,6.545,7.075,9.45,4.454
1004,34.454,2.205,2.183,bbox,6.608,7.075,9.45,4.454
1005,34.489,2.178,2.179,bbox,6.678,7.075,9.45,4.454
1006,34.523,2.193,2.183,bbox,6.678,7.075,9.45,4.454
1007,34.557,2.218,2.193,bbox,6.734,7.075,9.45,4.545
1008,34.592,,,,6.734,7.075,9.45,4.545
1009,34.626,2.255,2.205,bbox,6.794,7.075,9.45,4.545
1010,34.66,2.26,2.218,bbox,6.844,7.075,9.45,4.545
1011,34.695,2.285,2.255,bbox,6.989,7.075,9.45,4.677
1012,34.729,2.39,2.26,bbox,7.081,7.075,9.45,4.714
1013,34.763,2.447,2.285,bbox,7.175,7.075,9.45,4.759
1014,34.798,2.482,2.39,bbox,7.175,7.075,9.45,4.851
1015,34.832,2.519,2.447,bbox,7.208,7.075,9.45,4.851
1016,34.866,2.532,2.482,bbox,7.208,7.075,9.45,4.851
1017,34.9,2.535,2.519,bbox,7.208,7.075,9.45,4.851
1018,34.935,2.372,2.519,bbox,7.208,7.075,9.45,4.851
1019,34.969,2.271,2.519,bbox,7.208,7.127,9.579,4.851
1020,35.003,2.139,2.372,bbox,7.208,7.127,9.579,4.851
1021,35.038,,,,7.208,7.127,9.579,4.851
1022,35.072,1.96,2.271,bbox,7.208,7.127,9.66,4.851
1023,35.106,,,,7.208,7.127,9.66,4.851
1024,35.141,,,,7.208,7.127,9.66,4.851
1025,35.175,,,,7.208,7.127,9.66,4.851
1026,35.209,1.693,2.139,bbox,7.208,7.127,9.74,4.851
1027,35.244,1.66,1.96,bbox,7.208,7.164,9.849,4.851
1028,35.278,1.638,1.693,bbox,7.208,7.255,9.849,4.851
1029,35.312,2.57,1.693,pose,7.208,7.255,9.927,4.851
1030,35.347,1.663,1.663,bbox,7.208,7.255,9.981,4.851
1031,35.381,1.707,1.663,bbox,7.208,7.255,9.981,4.851
1032,35.415,1.567,1.663,bbox,7.208,7.255,9.981,4.851
1033,35.45,1.55,1.663,bbox,7.208,7.255,9.981,4.851
1034,35.484,1.549,1.567,bbox,7.208,7.255,10.09,4.851
1035,35.518,1.612,1.567,bbox,7.208,7.255,10.169,4.851
1036,35.553,1.641,1.567,bbox,7.208,7.287,10.169,4.851
1037,35.587,1.677,1.612,bbox,7.208,7.354,10.169,4.851
1038,35.621,1.637,1.637,bbox,7.208,7.354,10.169,4.851
1039,35.655,1.578,1.637,bbox,7.208,7.386,10.169,4.851
1040,35.69,1.576,1.637,bbox,7.208,7.386,10.169,4.851
1041,35.724,1.186,1.578,pose,7.208,7.386,10.169,4.851
1042,35.758,1.568,1.576,bbox,7.208,7.386,10.169,4.851
1043,35.793,1.617,1.576,bbox,7.208,7.386,10.169,4.851
1044,35.827,1.563,1.568,bbox,7.208,7.386,10.221,4.851
1045,35.861,1.616,1.568,bbox,7.208,7.386,10.221,4.851
1046,35.896,1.563,1.568,bbox,7.208,7.386,10.221,4.851
1047,35.93,1.579,1.579,bbox,7.208,7.386,10.221,4.851
1048,35.964,1.54,1.563,bbox,7.208,7.386,10.221,4.851
1049,35.999,1.501,1.563,bbox,7.208,7.386,10.221,4.851
1050,36.033,1.49,1.54,bbox,7.243,7.386,10.221,4.896
1051,36.067,1.482,1.501,bbox,7.282,7.386,10.221,4.896
1052,36.102,1.489,1.49,bbox,7.282,7.386,10.221,4.896
1053,36.136,1.218,1.489,pose,7.282,7.386,10.221,4.896
1054,36.17,1.487,1.487,bbox,7.282,7.386,10.221,4.896
1055,36.205,1.43,1.482,bbox,7.282,7.386,10.221,4.896
1056,36.239,1.454,1.454,bbox,7.282,7.386,10.221,4.896
1057,36.273,,,,7.282,7.386,10.221,4.896
1058,36.307,,,,7.282,7.386,10.221,4.896
1059,36.342,,,,7.282,7.386,10.221,4.896
1060,36.376,3.209,1.454,bbox,7.282,7.386,10.221,4.896
1061,36.41,3.203,1.487,bbox,7.282,7.386,10.221,4.896
1062,36.445,2.708,2.708,pose,7.282,7.386,10.221,4.896
1063,36.479,3.222,3.203,bbox,7.331,7.386,10.221,4.896
1064,36.513,3.204,3.204,bbox,7.366,7.386,10.221,4.896
1065,36.548,2.672,3.203,pose,7.366,7.386,10.221,4.896
1066,36.582,3.121,3.121,bbox,7.366,7.386,10.221,4.896
1067,36.616,3.058,3.121,bbox,7.366,7.386,10.221,4.896
1068,36.651,2.473,3.058,pose,7.366,7.386,10.221,4.896
1069,36.685,3.078,3.058,bbox,7.401,7.386,10.221,4.896
1070,36.719,3.064,3.064,bbox,7.401,7.386,10.221,4.896
1071,36.754,2.467,3.058,pose,7.401,7.386,10.221,4.896
1072,36.788,3.052,3.052,bbox,7.433,7.386,10.221,4.896
1073,36.822,3.038,3.052,bbox,7.478,7.386,10.221,4.896
1074,36.857,2.42,3.038,pose,7.478,7.386,10.221,4.896
1075,36.891,3.031,3.031,bbox,7.548,7.386,10.221,4.896
1076,36.925,3.016,3.031,bbox,7.548,7.386,10.221,4.896
1077,36.96,2.387,3.016,pose,7.548,7.386,10.221,4.896
1078,36.994,3.03,3.016,bbox,7.548,7.386,10.221,4.896
1079,37.028,3.018,3.018,bbox,7.548,7.386,10.221,4.896
1080,37.062,2.333,3.016,pose,7.548,7.386,10.221,4.896
1081,37.097,2.924,2.924,bbox,7.548,7.386,10.221,4.896
1082,37.131,2.9,2.924,bbox,7.548,7.386,10.221,4.896
1083,37.165,2.351,2.9,pose,7.548,7.386,10.221,4.896
1084,37.2,2.926,2.9,bbox,7.548,7.386,10.221,4.896
1085,37.234,2.952,2.924,bbox,7.548,7.386,10.221,4.896
1086,37.268,2.386,2.9,pose,7.548,7.386,10.221,4.896
1087,37.303,2.954,2.926,bbox,7.548,7.386,10.221,4.896
1088,37.337,2.968,2.952,bbox,7.548,7.386,10.221,4.896
1089,37.371,2.404,2.952,pose,7.548,7.386,10.221,4.896
1090,37.406,3.032,2.954,bbox,7.548,7.386,10.221,4.896
1091,37.44,3.093,2.968,bbox,7.548,7.386,10.221,4.896
1092,37.474,2.414,2.968,pose,7.548,7.386,10.221,4.927
1093,37.509,3.254,3.032,bbox,7.548,7.386,10.221,4.927
1094,37.543,3.34,3.093,bbox,7.548,7.386,10.221,4.927
1095,37.577,2.532,3.093,pose,7.548,7.386,10.221,4.985
1096,37.612,3.207,3.207,bbox,7.548,7.386,10.221,4.985
1097,37.646,3.201,3.207,bbox,7.548,7.386,10.221,4.985
1098,37.68,2.511,3.201,pose,7.548,7.386,10.221,4.985
1099,37.714,3.224,3.201,bbox,7.548,7.386,10.221,4.985
1100,37.749,3.204,3.204,bbox,7.548,7.386,10.221,5.024
1101,37.783,2.461,3.201,pose,7.548,7.386,10.221,5.024
1102,37.817,3.172,3.172,bbox,7.548,7.386,10.221,5.024
1103,37.852,3.111,3.172,bbox,7.548,7.386,10.221,5.024
1104,37.886,2.428,3.111,pose,7.548,7.386,10.273,5.024
1105,37.92,3.025,3.025,bbox,7.548,7.386,10.273,5.024
1106,37.955,3.023,3.025,bbox,7.548,7.386,10.324,5.024
1107,37.989,2.405,3.023,pose,7.548,7.386,10.324,5.024
1108,38.023,2.964,2.964,bbox,7.548,7.386,10.324,5.024
1109,38.058,2.955,2.964,bbox,7.548,7.386,10.324,5.024
1110,38.092,2.424,2.955,pose,7.548,7.386,10.324,5.024
1111,38.126,2.987,2.955,bbox,7.548,7.386,10.366,5.024
1112,38.161,3.011,2.964,bbox,7.548,7.386,10.366,5.024
1113,38.195,2.421,2.955,pose,7.548,7.386,10.366,5.057
1114,38.229,2.973,2.973,bbox,7.548,7.386,10.366,5.057
1115,38.264,2.984,2.984,bbox,7.548,7.386,10.366,5.057
1116,38.298,2.386,2.973,pose,7.548,7.386,10.366,5.057
1117,38.332,3.074,2.973,bbox,7.548,7.386,10.366,5.057
1118,38.367,3.119,2.984,bbox,7.548,7.386,10.366,5.057
1119,38.401,2.255,2.984,pose,7.548,7.386,10.366,5.101
1120,38.435,3.095,3.074,bbox,7.548,7.386,10.366,5.101
1121,38.469,3.127,3.095,bbox,7.548,7.386,10.366,5.147
1122,38.504,2.225,3.095,pose,7.633,7.386,10.366,5.147
1123,38.538,3.042,3.042,bbox,7.669,7.386,10.366,5.147
1124,38.572,3.05,3.05,bbox,7.669,7.386,10.366,5.147
1125,38.607,2.879,3.042,bbox,7.804,7.386,10.366,5.147
1126,38.641,2.8,2.879,bbox,7.836,7.386,10.401,5.147
1127,38.675,2.76,2.879,bbox,7.889,7.386,10.496,5.147
1128,38.71,2.66,2.8,bbox,7.889,7.386,10.541,5.147
1129,38.744,2.6,2.76,bbox,7.889,7.386,10.541,5.147
1130,38.778,2.582,2.66,bbox,7.889,7.386,10.541,5.147
1131,38.813,2.535,2.6,bbox,7.889,7.386,10.541,5.147
1132,38.847,2.538,2.582,bbox,7.889,7.442,10.541,5.147
1133,38.881,2.576,2.576,bbox,7.889,7.442,10.586,5.147
1134,38.916,2.137,2.538,pose,7.889,7.474,10.586,5.147
1135,38.95,2.78,2.538,bbox,7.889,7.513,10.642,5.147
1136,38.984,2.825,2.576,bbox,7.889,7.648,10.642,5.147
1137,39.019,2.873,2.78,bbox,7.889,7.685,10.642,5.147
1138,39.053,2.828,2.825,bbox,7.889,7.685,10.642,5.147
1139,39.087,2.823,2.825,bbox,7.889,7.717,10.642,5.147
1140,39.121,1.896,2.825,pose,7.889,7.758,10.642,5.147
1141,39.156,2.72,2.823,bbox,7.889,7.758,10.642,5.147
1142,39.19,2.716,2.72,bbox,7.889,7.758,10.642,5.147
1143,39.224,2.605,2.716,bbox,7.889,7.758,10.786,5.147
1144,39.259,2.528,2.605,bbox,7.889,7.758,10.859,5.147
1145,39.293,2.416,2.605,bbox,7.889,7.758,10.859,5.147
1146,39.327,1.741,2.528,pose,7.889,7.822,10.969,5.147
1147,39.362,2.602,2.528,bbox,7.889,7.822,11.054,5.147
1148,39.396,2.31,2.416,bbox,7.889,7.963,11.139,5.147
1149,39.43,1.788,2.31,pose,7.889,8.005,11.139,5.147
1150,39.465,2.244,2.244,bbox,7.889,8.005,11.139,5.147
1151,39.499,2.308,2.308,bbox,7.889,8.102,11.223,5.147
1152,39.533,1.917,2.244,pose,7.889,8.148,11.324,5.147
1153,39.568,1.88,1.917,bbox,7.889,8.148,11.324,5.147
1154,39.602,2.113,2.113,bbox,7.889,8.148,11.449,5.147
1155,39.636,1.94,1.94,bbox,7.889,8.148,11.5,5.147
1156,39.671,2.269,1.94,bbox,7.889,8.214,11.578,5.147
1157,39.705,2.117,2.113,bbox,7.889,8.214,11.629,5.147
1158,39.739,2.1,2.113,bbox,7.889,8.293,11.629,5.147
1159,39.774,2.153,2.117,bbox,7.889,8.392,11.629,5.147
1160,39.808,2.245,2.153,bbox,7.889,8.457,11.629,5.147
1161,39.842,1.575,2.117,pose,7.889,8.545,11.629,5.147
1162,39.876,2.263,2.153,bbox,7.889,8.633,11.737,5.147
1163,39.911,2.289,2.245,bbox,7.889,8.712,11.779,5.147
1164,39.945,1.951,2.245,pose,7.889,8.712,11.875,5.147
1165,39.979,2.217,2.217,bbox,7.889,8.712,11.875,5.147
1166,40.014,2.178,2.217,bbox,7.889,8.712,11.875,5.147
1167,40.048,1.985,2.178,pose,7.889,8.747,11.947,5.147
1168,40.082,2.153,2.153,bbox,7.889,8.851,12.003,5.147
1169,40.117,2.192,2.178,bbox,7.889,8.851,12.126,5.147
1170,40.151,1.958,2.153,pose,7.889,8.941,12.126,5.147
1171,40.185,2.137,2.137,bbox,7.889,8.941,12.197,5.147
1172,40.22,2.135,2.137,bbox,7.889,8.941,12.274,5.147
1173,40.254,1.878,2.135,pose,7.889,9.045,12.397,5.147
1174,40.288,2.212,2.135,bbox,7.889,9.045,12.397,5.147
1175,40.323,2.175,2.137,bbox,7.889,9.08,12.477,5.147
1176,40.357,1.548,2.135,pose,7.889,9.221,12.477,5.147
1177,40.391,2.165,2.165,bbox,7.889,9.221,12.563,5.147
1178,40.426,2.197,2.175,bbox,7.889,9.253,12.613,5.147
1179,40.46,1.776,2.165,pose,7.889,9.253,12.613,5.147
1180,40.494,2.205,2.165,bbox,7.889,9.3,12.686,5.147
1181,40.528,2.198,2.197,bbox,7.889,9.34,12.686,5.147
1182,40.563,2.169,2.197,pose,7.889,9.34,12.686,5.147
1183,40.597,2.261,2.198,bbox,7.889,9.34,12.686,5.147
1184,40.631,2.337,2.205,bbox,7.889,9.34,12.686,5.147
1185,40.666,2.319,2.261,pose,7.889,9.396,12.686,5.147
1186,40.7,2.456,2.319,bbox,7.889,9.457,12.686,5.2
1187,40.734,2.576,2.337,bbox,7.889,9.457,12.686,5.2
1188,40.769,2.442,2.442,pose,7.889,9.529,12.686,5.2
1189,40.803,2.866,2.456,bbox,7.889,9.657,12.686,5.241
1190,40.837,2.965,2.576,bbox,7.889,9.657,12.686,5.28
1191,40.872,3.07,2.866,bbox,7.889,9.708,12.686,5.28
1192,40.906,3.147,2.965,bbox,7.889,9.764,12.686,5.28
1193,40.94,3.223,3.07,bbox,7.889,9.764,12.686,5.28
1194,40.975,2.605,3.07,pose,7.889,9.798,12.686,5.28
1195,41.009,3.218,3.147,bbox,7.889,9.798,12.686,5.28
1196,41.043,3.157,3.157,bbox,7.889,9.798,12.686,5.28
1197,41.078,3.086,3.157,bbox,7.889,9.798,12.686,5.28
1198,41.112,2.957,3.086,bbox,7.889,9.798,12.717,5.28
1199,41.146,2.883,3.086,bbox,7.889,9.798,12.753,5.28
1200,41.181,2.812,2.957,bbox,7.889,9.798,12.753,5.28
1201,41.215,2.756,2.883,bbox,7.889,9.798,12.791,5.28
1202,41.249,2.687,2.812,bbox,7.889,9.798,12.791,5.28
1203,41.283,2.383,2.756,pose,7.929,9.798,12.791,5.28
1204,41.318,2.629,2.687,bbox,7.929,9.798,12.791,5.28
1205,41.352,2.635,2.635,bbox,7.929,9.798,12.791,5.28
1206,41.386,2.328,2.629,pose,7.929,9.798,12.791,5.28
1207,41.421,2.635,2.629,bbox,7.929,9.798,12.791,5.28
1208,41.455,2.611,2.629,bbox,7.929,9.798,12.791,5.28
1209,41.489,2.622,2.622,bbox,7.929,9.798,12.791,5.28
1210,41.524,2.668,2.622,bbox,7.974,9.798,12.791,5.344
1211,41.558,2.668,2.635,bbox,7.974,9.798,12.791,5.344
1212,41.592,2.703,2.668,bbox,7.974,9.798,12.791,5.344
1213,41.627,2.741,2.668,bbox,7.974,9.798,12.791,5.344
1214,41.661,2.726,2.703,bbox,8.054,9.798,12.791,5.404
1215,41.695,2.689,2.703,bbox,8.054,9.798,12.791,5.404
1216,41.73,2.706,2.706,bbox,8.106,9.798,12.791,5.404
1217,41.764,2.655,2.706,bbox,8.173,9.798,12.791,5.404
1218,41.798,2.649,2.689,bbox,8.173,9.798,12.791,5.404
1219,41.833,2.633,2.655,bbox,8.237,9.798,12.791,5.404
1220,41.867,2.588,2.649,bbox,8.267,9.798,12.791,5.404
1221,41.901,2.654,2.649,bbox,8.267,9.798,12.791,5.404
1222,41.935,2.593,2.633,bbox,8.267,9.798,12.845,5.404
1223,41.97,2.516,2.593,bbox,8.267,9.798,12.845,5.404
1224,42.004,1.933,2.588,pose,8.267,9.798,12.845,5.404
1225,42.038,2.454,2.516,bbox,8.267,9.798,12.845,5.404
1226,42.073,2.423,2.454,bbox,8.267,9.798,12.876,5.404
1227,42.107,1.997,2.423,pose,8.267,9.798,12.876,5.404
1228,42.141,2.493,2.423,bbox,8.267,9.841,12.876,5.457
1229,42.176,2.554,2.454,bbox,8.267,9.841,12.876,5.457
1230,42.21,2.276,2.423,pose,8.267,9.841,12.876,5.504
1231,42.244,2.71,2.493,bbox,8.267,9.841,12.876,5.65
1232,42.279,2.78,2.554,bbox,8.267,9.841,12.876,5.65
1233,42.313,2.325,2.554,pose,8.267,9.841,12.876,5.697
1234,42.347,2.902,2.71,bbox,8.267,9.841,12.876,5.792
1235,42.382,2.96,2.78,bbox,8.267,9.841,12.876,5.792
1236,42.416,2.332,2.78,pose,8.267,9.841,12.876,5.839
1237,42.45,2.929,2.902,bbox,8.267,9.841,12.876,5.88
1238,42.485,2.922,2.922,bbox,8.267,9.841,12.876,5.88
1239,42.519,2.253,2.922,pose,8.267,9.841,12.876,5.88
1240,42.553,2.821,2.821,bbox,8.267,9.841,12.876,5.88
1241,42.588,2.783,2.821,bbox,8.267,9.841,12.876,5.88
1242,42.622,2.155,2.783,pose,8.267,9.841,12.876,5.88
1243,42.656,2.621,2.621,bbox,8.308,9.841,12.876,5.88
1244,42.69,2.576,2.621,bbox,8.308,9.841,12.876,5.88
1245,42.725,2.059,2.576,pose,8.308,9.841,12.935,5.88
1246,42.759,2.524,2.524,bbox,8.344,9.841,12.935,5.88
1247,42.793,2.53,2.53,bbox,8.344,9.841,12.935,5.88
1248,42.828,2.009,2.524,pose,8.344,9.841,12.935,5.88
1249,42.862,2.531,2.524,bbox,8.344,9.841,12.978,5.88
1250,42.896,2.531,2.53,bbox,8.344,9.841,12.978,5.88
1251,42.931,1.749,2.53,pose,8.385,9.841,12.978,5.88
1252,42.965,2.529,2.529,bbox,8.385,9.841,12.978,5.88
1253,42.999,2.439,2.529,bbox,8.385,9.841,12.978,5.88
1254,43.034,2.342,2.439,bbox,8.43,9.841,13.02,5.88
1255,43.068,2.282,2.342,bbox,8.43,9.841,13.069,5.88
1256,43.102,2.288,2.342,bbox,8.43,9.841,13.153,5.88
1257,43.137,2.286,2.288,bbox,8.514,9.841,13.195,5.88
1258,43.171,2.038,2.286,bbox,8.514,9.841,13.195,5.88
1259,43.205,1.98,2.282,bbox,8.514,9.841,13.195,5.88
1260,43.24,1.832,2.038,bbox,8.514,9.841,13.285,5.88
1261,43.274,1.71,1.98,bbox,8.514,9.841,13.285,5.88
1262,43.308,1.613,1.832,bbox,8.514,9.841,13.41,5.88
1263,43.342,1.558,1.71,bbox,8.514,9.841,13.41,5.88
1264,43.377,1.587,1.613,bbox,8.514,9.841,13.479,5.88
1265,43.411,1.724,1.613,bbox,8.514,9.841,13.479,5.88
1266,43.445,1.815,1.613,bbox,8.514,9.88,13.479,5.915
1267,43.48,1.84,1.724,bbox,8.514,9.92,13.479,5.915
1268,43.514,1.748,1.748,bbox,8.514,9.92,13.54,5.915
1269,43.548,1.575,1.748,pose,8.514,10.009,13.54,5.915
1270,43.583,2.139,1.815,bbox,8.514,10.009,13.54,5.915
1271,43.617,1.985,1.84,bbox,8.514,10.065,13.54,5.915
1272,43.651,1.969,1.969,bbox,8.514,10.065,13.54,5.915
1273,43.686,1.999,1.985,bbox,8.514,10.065,13.54,6.013
1274,43.72,2.022,1.999,bbox,8.514,10.065,13.54,6.013
1275,43.754,1.957,1.985,pose,8.514,10.065,13.54,6.013
1276,43.789,2.093,1.999,bbox,8.514,10.065,13.54,6.013
1277,43.823,2.158,2.022,bbox,8.514,10.12,13.54,6.013
1278,43.857,1.949,2.022,pose,8.514,10.12,13.54,6.013
1279,43.892,2.216,2.093,bbox,8.514,10.154,13.54,6.013
1280,43.926,2.233,2.158,bbox,8.514,10.154,13.54,6.013
1281,43.96,2.269,2.216,bbox,8.514,10.207,13.54,6.013
1282,43.995,2.331,2.233,bbox,8.514,10.207,13.54,6.013
1283,44.029,2.335,2.269,bbox,8.514,10.207,13.54,6.013
1284,44.063,2.344,2.331,bbox,8.514,10.266,13.54,6.013
1285,44.097,2.374,2.335,bbox,8.514,10.266,13.54,6.013
1286,44.132,2.345,2.344,bbox,8.514,10.266,13.54,6.013
1287,44.166,2.399,2.345,bbox,8.514,10.266,13.54,6.013
1288,44.2,2.454,2.374,bbox,8.514,10.266,13.54,6.059
1289,44.235,2.507,2.399,bbox,8.514,10.266,13.54,6.108
1290,44.269,2.558,2.454,bbox,8.514,10.266,13.54,6.108
1291,44.303,2.684,2.507,bbox,8.514,10.266,13.54,6.143
1292,44.338,2.627,2.558,bbox,8.514,10.266,13.54,6.206
1293,44.372,2.446,2.558,pose,8.514,10.266,13.54,6.275
1294,44.406,2.684,2.627,bbox,8.514,10.266,13.54,6.275
1295,44.441,,,,8.514,10.266,13.54,6.275
1296,44.475,,,,8.514,10.266,13.54,6.275
1297,44.509,,,,8.514,10.266,13.54,6.275
1298,44.544,3.073,2.684,bbox,8.514,10.266,13.54,6.326
1299,44.578,2.77,2.684,pose,8.514,10.266,13.54,6.326
1300,44.612,3.115,2.77,bbox,8.514,10.266,13.54,6.326
1301,44.647,3.063,3.063,bbox,8.594,10.266,13.54,6.326
1302,44.681,2.55,3.063,pose,8.594,10.266,13.54,6.326
1303,44.715,3.07,3.063,bbox,8.594,10.266,13.54,6.326
1304,44.749,3.01,3.063,bbox,8.594,10.266,13.54,6.326
1305,44.784,2.305,3.01,pose,8.639,10.266,13.54,6.326
1306,44.818,3.003,3.003,bbox,8.639,10.266,13.54,6.326
1307,44.852,2.939,3.003,bbox,8.718,10.266,13.54,6.326
1308,44.887,2.217,2.939,pose,8.718,10.266,13.54,6.326
1309,44.921,2.912,2.912,bbox,8.778,10.266,13.54,6.326
1310,44.955,2.892,2.912,bbox,8.778,10.266,13.54,6.326
1311,44.99,2.217,2.892,pose,8.778,10.266,13.54,6.326
1312,45.024,2.903,2.892,bbox,8.839,10.266,13.54,6.326
1313,45.058,2.937,2.903,bbox,8.839,10.266,13.54,6.326
1314,45.093,2.222,2.892,pose,8.839,10.266,13.54,6.326
1315,45.127,2.89,2.89,bbox,8.839,10.266,13.54,6.326
1316,45.161,2.893,2.893,bbox,8.839,10.266,13.54,6.326
1317,45.196,2.222,2.89,pose,8.839,10.266,13.54,6.361
1318,45.23,2.917,2.89,bbox,8.839,10.266,13.54,6.361
1319,45.264,2.967,2.893,bbox,8.839,10.266,13.54,6.361
1320,45.299,2.248,2.893,pose,8.839,10.266,13.54,6.397
1321,45.333,3.075,2.917,bbox,8.839,10.266,13.54,6.397
1322,45.367,3.115,2.967,bbox,8.839,10.266,13.54,6.397
1323,45.402,2.36,2.967,pose,8.839,10.266,13.54,6.397
1324,45.436,3.167,3.075,bbox,8.839,10.266,13.54,6.397
1325,45.47,3.201,3.115,bbox,8.839,10.266,13.54,6.397
1326,45.504,2.358,3.115,pose,8.839,10.266,13.54,6.397
1327,45.539,3.122,3.122,bbox,8.839,10.266,13.54,6.397
1328,45.573,3.124,3.124,bbox,8.839,10.266,13.54,6.397
1329,45.607,2.329,3.122,pose,8.839,10.266,13.54,6.397
1330,45.642,3.049,3.049,bbox,8.839,10.266,13.54,6.397
1331,45.676,3.038,3.049,bbox,8.839,10.266,13.54,6.397
1332,45.71,2.343,3.038,pose,8.839,10.266,13.54,6.397
1333,45.745,3.069,3.038,bbox,8.839,10.266,13.54,6.397
1334,45.779,3.109,3.049,bbox,8.839,10.266,13.54,6.397
1335,45.813,2.407,3.038,pose,8.839,10.266,13.54,6.397
1336,45.848,3.213,3.069,bbox,8.839,10.266,13.54,6.397
1337,45.882,3.205,3.109,bbox,8.839,10.266,13.54,6.397
1338,45.916,2.439,3.109,pose,8.839,10.266,13.54,6.397
1339,45.951,3.188,3.188,bbox,8.839,10.266,13.54,6.397
1340,45.985,3.161,3.188,bbox,8.839,10.266,13.54,6.397
1341,46.019,2.386,3.161,pose,8.839,10.266,13.54,6.397
1342,46.054,3.116,3.116,bbox,8.839,10.266,13.54,6.397
1343,46.088,3.083,3.116,bbox,8.839,10.266,13.54,6.397
1344,46.122,2.391,3.083,pose,8.839,10.266,13.54,6.397
1345,46.156,3.046,3.046,bbox,8.839,10.266,13.54,6.397
1346,46.191,3.06,3.06,bbox,8.839,10.266,13.54,6.397
1347,46.225,2.376,3.046,pose,8.839,10.266,13.54,6.397
1348,46.259,3.108,3.046,bbox,8.839,10.266,13.54,6.397
1349,46.294,3.064,3.06,bbox,8.839,10.266,13.54,6.397
1350,46.328,2.339,3.06,pose,8.839,10.266,13.54,6.397
1351,46.362,3.207,3.064,bbox,8.839,10.266,13.54,6.397
1352,46.397,3.157,3.108,bbox,8.879,10.266,13.54,6.397
1353,46.431,3.155,3.155,bbox,8.879,10.266,13.54,6.397
1354,46.465,2.968,3.155,bbox,8.879,10.266,13.54,6.397
1355,46.5,2.971,3.155,bbox,8.941,10.266,13.54,6.397
1356,46.534,2.787,2.971,bbox,8.941,10.266,13.575,6.397
1357,46.568,2.7,2.968,bbox,8.982,10.266,13.684,6.397
1358,46.603,2.658,2.787,bbox,8.982,10.266,13.832,6.397
1359,46.637,2.846,2.787,bbox,9.032,10.266,13.878,6.397
1360,46.671,2.858,2.787,bbox,9.032,10.266,13.878,6.397
1361,46.706,2.898,2.846,bbox,9.032,10.266,13.878,6.397
1362,46.74,3.241,2.858,pose,9.032,10.317,13.878,6.397
1363,46.774,2.735,2.858,bbox,9.032,10.382,13.878,6.397
1364,46.809,2.609,2.858,bbox,9.032,10.506,13.878,6.397
1365,46.843,2.744,2.744,bbox,9.032,10.506,13.959,6.397
1366,46.877,2.34,2.735,bbox,9.032,10.552,14.014,6.397
1367,46.911,2.333,2.609,bbox,9.032,10.552,14.138,6.397
1368,46.946,2.412,2.412,bbox,9.032,10.552,14.138,6.397
1369,46.98,2.489,2.412,bbox,9.032,10.614,14.138,6.397
1370,47.014,2.596,2.412,bbox,9.032,10.614,14.175,6.397
1371,47.049,2.621,2.489,bbox,9.032,10.655,14.175,6.397
1372,47.083,2.613,2.596,bbox,9.032,10.655,14.175,6.437
1373,47.117,2.623,2.613,bbox,9.032,10.655,14.175,6.437
1374,47.152,2.672,2.621,pose,9.032,10.655,14.175,6.437
1375,47.186,2.496,2.621,bbox,9.032,10.655,14.175,6.437
1376,47.22,2.392,2.613,bbox,9.032,10.655,14.175,6.437
1377,47.255,2.229,2.496,bbox,9.141,10.655,14.175,6.437
1378,47.289,2.199,2.392,bbox,9.264,10.655,14.209,6.437
1379,47.323,2.106,2.229,bbox,9.264,10.655,14.209,6.437
1380,47.358,2.103,2.199,bbox,9.264,10.655,14.209,6.474
1381,47.392,2.057,2.106,bbox,9.375,10.655,14.209,6.557
1382,47.426,2.089,2.103,bbox,9.426,10.655,14.209,6.59
1383,47.461,2.027,2.089,bbox,9.489,10.655,14.209,6.59
1384,47.495,1.965,2.057,bbox,9.576,10.655,14.209,6.59
1385,47.529,1.966,2.027,bbox,9.576,10.655,14.209,6.702
1386,47.563,,,,9.576,10.655,14.209,6.702
1387,47.598,,,,9.576,10.655,14.209,6.702
1388,47.632,1.969,1.969,bbox,9.576,10.655,14.209,6.702
1389,47.666,,,,9.576,10.655,14.209,6.702
1390,47.701,1.869,1.966,bbox,9.643,10.655,14.209,6.822
1391,47.735,1.802,1.965,bbox,9.76,10.655,14.209,6.822
1392,47.769,1.76,1.869,bbox,9.76,10.655,14.209,6.822
1393,47.804,1.798,1.802,bbox,9.892,10.655,14.209,6.905
1394,47.838,1.935,1.802,bbox,9.967,10.655,14.209,7.016
1395,47.872,1.997,1.802,bbox,10.039,10.655,14.209,7.126
1396,47.907,1.849,1.849,bbox,10.089,10.655,14.209,7.126
1397,47.941,1.992,1.935,bbox,10.089,10.655,14.209,7.126
1398,47.975,2.135,1.992,bbox,10.089,10.655,14.209,7.126
1399,48.01,2.266,1.997,bbox,10.134,10.655,14.209,7.171
1400,48.044,2.412,2.135,bbox,10.134,10.655,14.209,7.266
1401,48.078,2.324,2.266,bbox,10.134,10.743,14.209,7.266
1402,48.113,2.548,2.324,bbox,10.134,10.743,14.209,7.4
1403,48.147,2.591,2.412,bbox,10.134,10.743,14.209,7.4
1404,48.181,2.722,2.548,bbox,10.134,10.743,14.209,7.49
1405,48.216,2.793,2.591,bbox,10.134,10.743,14.209,7.547
1406,48.25,2.915,2.722,bbox,10.134,10.743,14.209,7.64
1407,48.284,3.071,2.793,bbox,10.134,10.743,14.209,7.731
1408,48.318,3.128,2.915,bbox,10.134,10.743,14.209,7.829
1409,48.353,3.403,3.071,bbox,10.134,10.787,14.209,7.829
1410,48.387,,,,10.134,10.787,14.209,7.829
1411,48.421,,,,10.134,10.787,14.209,7.829
1412,48.456,,,,10.134,10.787,14.209,7.829
1413,48.49,,,,10.134,10.787,14.209,7.829
1414,48.524,,,,10.134,10.787,14.209,7.829
1415,48.559,,,,10.134,10.787,14.209,7.829
1416,48.593,,,,10.134,10.787,14.209,7.829
1417,48.627,,,,10.134,10.787,14.209,7.829
1418,48.662,,,,10.134,10.787,14.209,7.829
1419,48.696,,,,10.134,10.787,14.209,7.829
1420,48.73,,,,10.134,10.787,14.209,7.829
1421,48.765,,,,10.134,10.787,14.209,7.829
1422,48.799,,,,10.134,10.787,14.209,7.829
1423,48.833,,,,10.134,10.787,14.209,7.829
1424,48.868,,,,10.134,10.787,14.209,7.829
1425,48.902,,,,10.134,10.787,14.209,7.829
1426,48.936,,,,10.134,10.787,14.209,7.829
1427,48.97,,,,10.134,10.787,14.209,7.829
1428,49.005,,,,10.134,10.787,14.209,7.829
1429,49.039,,,,10.134,10.787,14.209,7.829
1430,49.073,,,,10.134,10.787,14.209,7.829
1431,49.108,,,,10.134,10.787,14.209,7.829
1432,49.142,,,,10.134,10.787,14.209,7.829
1433,49.176,,,,10.134,10.787,14.209,7.829
1434,49.211,2.336,3.071,pose,10.134,10.787,14.209,7.829
1435,49.245,3.122,3.122,bbox,10.134,10.787,14.209,7.829
1436,49.279,3.045,3.122,bbox,10.134,10.787,14.209,7.829
1437,49.314,2.331,3.045,pose,10.134,10.787,14.209,7.829
1438,49.348,3.049,3.045,bbox,10.134,10.787,14.209,7.829
1439,49.382,3.062,3.049,bbox,10.134,10.787,14.209,7.829
1440,49.417,2.357,3.045,pose,10.134,10.787,14.209,7.829
1441,49.451,3.056,3.049,bbox,10.134,10.787,14.209,7.829
1442,49.485,3.076,3.056,bbox,10.134,10.787,14.209,7.829
1443,49.52,2.385,3.056,pose,10.134,10.787,14.209,7.829
1444,49.554,3.112,3.056,bbox,10.134,10.787,14.209,7.829
1445,49.588,3.139,3.076,bbox,10.134,10.787,14.209,7.829
1446,49.623,2.41,3.076,pose,10.134,10.787,14.209,7.829
1447,49.657,3.166,3.112,bbox,10.134,10.787,14.209,7.829
1448,49.691,3.161,3.139,bbox,10.134,10.787,14.209,7.829
1449,49.725,2.397,3.139,pose,10.134,10.787,14.209,7.829
1450,49.76,3.132,3.132,bbox,10.134,10.787,14.209,7.829
1451,49.794,3.11,3.132,bbox,10.134,10.787,14.209,7.829
1452,49.828,2.368,3.11,pose,10.134,10.787,14.209,7.829
1453,49.863,3.099,3.099,bbox,10.134,10.787,14.209,7.829
1454,49.897,3.097,3.099,bbox,10.134,10.787,14.209,7.829
1455,49.931,2.446,3.097,pose,10.134,10.787,14.209,7.829
1456,49.966,3.079,3.079,bbox,10.134,10.787,14.209,7.829
1457,50.0,3.073,3.079,bbox,10.134,10.787,14.241,7.829
1458,50.034,2.41,3.073,pose,10.134,10.787,14.241,7.829
1459,50.069,2.974,2.974,bbox,10.134,10.787,14.287,7.829
1460,50.103,2.957,2.974,bbox,10.134,10.787,14.287,7.829
1461,50.137,2.358,2.957,pose,10.134,10.787,14.287,7.829
1462,50.172,2.911,2.911,bbox,10.134,10.787,14.321,7.829
1463,50.206,2.905,2.911,bbox,10.134,10.787,14.321,7.829
1464,50.24,2.349,2.905,pose,10.134,10.787,14.321,7.829
1465,50.275,2.941,2.905,bbox,10.134,10.787,14.321,7.829
1466,50.309,2.966,2.911,bbox,10.134,10.787,14.321,7.829
1467,50.343,2.4,2.905,pose,10.134,10.787,14.321,7.829
1468,50.377,3.054,2.941,bbox,10.134,10.787,14.321,7.863
1469,50.412,3.105,2.966,bbox,10.134,10.787,14.321,7.863
1470,50.446,2.382,2.966,pose,10.134,10.787,14.321,7.863
1471,50.48,3.091,3.054,bbox,10.134,10.787,14.321,7.918
1472,50.515,3.065,3.065,bbox,10.134,10.787,14.321,7.918
1473,50.549,2.305,3.065,pose,10.134,10.787,14.321,7.918
1474,50.583,3.076,3.065,bbox,10.134,10.787,14.321,7.96
1475,50.618,3.088,3.076,bbox,10.134,10.787,14.321,7.96
1476,50.652,2.328,3.065,pose,10.134,10.787,14.321,7.96
1477,50.686,3.162,3.076,bbox,10.134,10.787,14.321,7.96
1478,50.721,3.199,3.088,bbox,10.134,10.787,14.321,7.96
1479,50.755,2.434,3.088,pose,10.134,10.787,14.321,7.96
1480,50.789,3.246,3.162,bbox,10.134,10.787,14.321,7.96
1481,50.824,3.238,3.199,bbox,10.134,10.787,14.321,7.96
1482,50.858,2.384,3.199,pose,10.134,10.787,14.321,7.96
1483,50.892,3.154,3.154,bbox,10.134,10.787,14.321,7.96
1484,50.927,3.092,3.154,bbox,10.134,10.787,14.321,7.96
1485,50.961,2.326,3.092,pose,10.134,10.787,14.321,7.96
1486,50.995,3.04,3.04,bbox,10.171,10.787,14.321,7.96
1487,51.03,3.011,3.04,bbox,10.171,10.787,14.321,7.96
1488,51.064,2.292,3.011,pose,10.171,10.787,14.321,7.96
1489,51.098,3.0,3.0,bbox,10.171,10.787,14.321,7.96
1490,51.132,3.041,3.011,bbox,10.171,10.787,14.321,7.96
1491,51.167,2.34,3.0,pose,10.171,10.787,14.321,7.96
1492,51.201,3.051,3.0,bbox,10.171,10.787,14.321,7.96
1493,51.235,3.054,3.041,bbox,10.171,10.787,14.321,7.96
1494,51.27,2.329,3.041,pose,10.171,10.787,14.321,7.96
1495,51.304,3.051,3.051,bbox,10.171,10.787,14.321,7.96
1496,51.338,3.049,3.051,bbox,10.171,10.787,14.321,7.96
1497,51.373,2.32,3.049,pose,10.171,10.787,14.321,7.96
1498,51.407,3.052,3.049,bbox,10.171,10.787,14.321,7.96
1499,51.441,3.083,3.051,bbox,10.171,10.787,14.321,7.96
1500,51.476,2.345,3.049,pose,10.171,10.787,14.321,7.96
1501,51.51,3.112,3.052,bbox,10.171,10.787,14.321,7.96
1502,51.544,3.131,3.083,bbox,10.171,10.787,14.321,7.96
1503,51.579,2.361,3.083,pose,10.171,10.787,14.321,7.96
1504,51.613,3.2,3.112,bbox,10.171,10.787,14.321,7.96
1505,51.647,3.209,3.131,bbox,10.171,10.787,14.321,7.96
1506,51.682,2.347,3.131,pose,10.171,10.787,14.321,7.96
1507,51.716,3.136,3.136,bbox,10.171,10.787,14.321,7.96
1508,51.75,3.106,3.136,bbox,10.171,10.787,14.321,7.96
1509,51.784,2.328,3.106,pose,10.171,10.787,14.321,7.96
1510,51.819,3.105,3.105,bbox,10.171,10.787,14.321,7.96
1511,51.853,3.103,3.105,bbox,10.171,10.787,14.321,7.96
1512,51.887,2.37,3.103,pose,10.171,10.787,14.321,7.96
1513,51.922,3.113,3.103,bbox,10.171,10.787,14.321,7.96
1514,51.956,3.153,3.105,bbox,10.171,10.787,14.321,7.96
1515,51.99,2.383,3.103,pose,10.171,10.787,14.321,7.96
1516,52.025,3.172,3.113,bbox,10.171,10.787,14.321,7.96
1517,52.059,3.162,3.153,bbox,10.171,10.787,14.321,7.96
1518,52.093,2.365,3.153,pose,10.171,10.787,14.321,7.96
1519,52.128,3.14,3.14,bbox,10.171,10.787,14.321,7.96
1520,52.162,3.133,3.14,bbox,10.171,10.787,14.321,7.96
1521,52.196,2.389,3.133,pose,10.171,10.787,14.321,7.96
1522,52.231,3.141,3.133,bbox,10.171,10.787,14.321,7.96
1523,52.265,3.167,3.14,bbox,10.171,10.787,14.321,7.96
1524,52.299,2.45,3.133,pose,10.171,10.787,14.321,7.96
1525,52.334,3.289,3.141,bbox,10.171,10.787,14.321,7.96
1526,52.368,3.32,3.167,bbox,10.171,10.787,14.321,7.96
1527,52.402,2.301,3.167,pose,10.171,10.787,14.321,7.96
1528,52.437,3.196,3.196,bbox,10.171,10.787,14.321,7.96
1529,52.471,3.146,3.196,bbox,10.253,10.787,14.321,7.96
1530,52.505,2.079,3.146,pose,10.253,10.787,14.321,7.96
1531,52.539,2.971,2.971,bbox,10.285,10.787,14.321,7.96
1532,52.574,2.878,2.971,bbox,10.394,10.787,14.321,7.96
1533,52.608,2.859,2.878,bbox,10.464,10.787,14.321,7.96
1534,52.642,3.0,2.878,bbox,10.579,10.787,14.321,7.995
1535,52.677,2.869,2.878,bbox,10.695,10.787,14.321,7.995
1536,52.711,1.92,2.869,pose,10.731,10.787,14.321,7.995
1537,52.745,2.815,2.859,bbox,10.731,10.787,14.321,7.995
1538,52.78,2.767,2.815,bbox,10.766,10.787,14.321,7.995
1539,52.814,1.901,2.767,pose,10.799,10.787,14.321,7.995
1540,52.848,2.848,2.767,bbox,10.847,10.787,14.321,7.995
1541,52.883,2.82,2.815,bbox,10.904,10.787,14.321,8.047
1542,52.917,2.862,2.82,pose,10.904,10.787,14.321,8.142
1543,52.951,2.77,2.82,bbox,10.967,10.787,14.321,8.142
1544,52.986,2.82,2.82,bbox,10.967,10.787,14.321,8.142
1545,53.02,2.253,2.82,pose,10.967,10.787,14.321,8.142
1546,53.054,2.815,2.815,bbox,10.967,10.787,14.321,8.187
1547,53.089,2.842,2.815,bbox,10.967,10.787,14.321,8.187
1548,53.123,2.352,2.815,pose,10.967,10.787,14.321,8.222
1549,53.157,3.016,2.815,bbox,10.967,10.832,14.321,8.222
1550,53.191,3.115,2.842,bbox,10.967,10.832,14.321,8.222
1551,53.226,2.412,2.842,pose,10.967,10.88,14.321,8.295
1552,53.26,3.212,3.016,bbox,10.967,10.946,14.321,8.295
1553,53.294,3.247,3.115,bbox,10.967,10.946,14.321,8.295
1554,53.329,2.395,3.115,pose,10.967,10.946,14.321,8.295
1555,53.363,3.156,3.156,bbox,10.967,10.946,14.321,8.295
1556,53.397,3.081,3.156,bbox,11.002,10.946,14.321,8.295
1557,53.432,2.349,3.081,pose,11.002,10.946,14.321,8.295
1558,53.466,2.918,2.918,bbox,11.06,10.946,14.321,8.295
1559,53.5,2.915,2.918,bbox,11.146,10.946,14.321,8.33
1560,53.535,2.383,2.915,pose,11.146,10.946,14.321,8.33
1561,53.569,2.803,2.803,bbox,11.189,10.946,14.321,8.33
1562,53.603,2.763,2.803,bbox,11.189,10.946,14.321,8.33
1563,53.638,2.319,2.763,pose,11.289,10.946,14.321,8.33
1564,53.672,2.759,2.759,bbox,11.289,10.946,14.321,8.33
1565,53.706,2.758,2.759,bbox,11.349,10.946,14.321,8.33
1566,53.741,2.113,2.758,pose,11.349,10.946,14.321,8.33
1567,53.775,2.643,2.643,bbox,11.349,10.946,14.321,8.33
1568,53.809,2.705,2.705,bbox,11.349,10.946,14.321,8.33
1569,53.844,1.929,2.643,pose,11.425,10.946,14.321,8.33
1570,53.878,2.64,2.64,bbox,11.425,10.946,14.321,8.33
1571,53.912,2.501,2.64,bbox,11.425,10.946,14.321,8.33
1572,53.946,2.121,2.501,pose,11.563,10.946,14.321,8.33
1573,53.981,2.398,2.398,bbox,11.62,10.946,14.321,8.33
1574,54.015,2.303,2.398,bbox,11.62,10.946,14.321,8.33
1575,54.049,1.821,2.303,pose,11.62,10.946,14.321,8.368
1576,54.084,2.189,2.189,bbox,11.665,10.946,14.321,8.368
1577,54.118,2.2,2.2,bbox,11.772,10.946,14.321,8.427
1578,54.152,1.601,2.189,pose,11.865,10.946,14.321,8.427
1579,54.187,2.265,2.189,bbox,11.907,10.946,14.321,8.427
1580,54.221,2.26,2.2,bbox,11.947,10.946,14.321,8.536
1581,54.255,2.173,2.2,bbox,12.02,10.946,14.321,8.536
1582,54.29,2.125,2.173,bbox,12.087,10.946,14.321,8.587
1583,54.324,2.075,2.173,bbox,12.162,10.946,14.321,8.587
1584,54.358,2.059,2.125,bbox,12.206,10.946,14.321,8.587
1585,54.393,1.974,2.075,bbox,12.271,10.946,14.321,8.587
1586,54.427,1.93,2.059,bbox,12.379,10.946,14.321,8.587
1587,54.461,1.878,1.974,bbox,12.379,10.946,14.321,8.587
1588,54.496,1.811,1.93,bbox,12.478,10.946,14.321,8.649
1589,54.53,,,,12.478,10.946,14.321,8.649
1590,54.564,,,,12.478,10.946,14.321,8.649
1591,54.598,,,,12.478,10.946,14.321,8.649
1592,54.633,,,,12.478,10.946,14.321,8.649
1593,54.667,,,,12.478,10.946,14.321,8.649
1594,54.701,,,,12.478,10.946,14.321,8.649
1595,54.736,,,,12.478,10.946,14.321,8.649
1596,54.77,,,,12.478,10.946,14.321,8.649
1597,54.804,,,,12.478,10.946,14.321,8.649
1598,54.839,2.407,1.93,bbox,12.478,10.946,14.321,8.758
1599,54.873,2.494,1.93,bbox,12.582,10.946,14.321,8.819
1600,54.907,,,,12.582,10.946,14.321,8.819
1601,54.942,2.673,2.407,bbox,12.582,10.946,14.321,8.819
1602,54.976,2.364,2.407,pose,12.617,10.946,14.321,8.926
1603,55.01,2.769,2.494,bbox,12.662,10.946,14.321,8.926
1604,55.045,2.772,2.673,bbox,12.711,10.946,14.321,9.021
1605,55.079,2.787,2.769,bbox,12.749,10.946,14.321,9.059
1606,55.113,2.822,2.772,bbox,12.749,10.946,14.321,9.059
1607,55.148,2.915,2.787,bbox,12.749,10.946,14.321,9.059
1608,55.182,2.874,2.822,bbox,12.749,10.946,14.321,9.11
1609,55.216,2.805,2.822,bbox,12.749,10.946,14.321,9.158
1610,55.251,2.791,2.822,bbox,12.828,10.946,14.321,9.158
1611,55.285,3.517,2.874,pose,12.942,10.946,14.321,9.158
1612,55.319,2.731,2.805,bbox,12.942,10.946,14.321,9.289
1613,55.353,2.743,2.791,bbox,12.942,10.946,14.321,9.435
1614,55.388,2.664,2.743,bbox,13.011,10.946,14.321,9.435
1615,55.422,2.633,2.731,bbox,13.15,10.946,14.321,9.499
1616,55.456,2.594,2.664,bbox,13.262,10.946,14.321,9.538
1617,55.491,2.649,2.649,bbox,13.31,10.946,14.321,9.574
1618,55.525,2.624,2.633,bbox,13.377,10.946,14.321,9.621
1619,55.559,2.554,2.624,bbox,13.377,10.946,14.321,9.621
1620,55.594,2.535,2.594,bbox,13.521,10.946,14.321,9.621
1621,55.628,2.441,2.554,bbox,13.589,10.946,14.321,9.621
1622,55.662,2.351,2.535,bbox,13.589,10.946,14.321,9.621
1623,55.697,2.296,2.441,bbox,13.714,10.946,14.321,9.621
1624,55.731,2.211,2.351,bbox,13.714,10.946,14.356,9.621
1625,55.765,2.094,2.296,bbox,13.78,10.946,14.408,9.621
1626,55.8,2.055,2.211,bbox,13.917,10.946,14.456,9.621
1627,55.834,1.914,2.094,bbox,13.984,10.946,14.504,9.621
1628,55.868,1.873,2.055,bbox,13.984,10.946,14.579,9.621
1629,55.903,1.848,1.914,bbox,14.097,10.946,14.579,9.621
1630,55.937,1.772,1.873,bbox,14.171,10.946,14.579,9.621
1631,55.971,1.775,1.848,bbox,14.223,10.946,14.579,9.621
1632,56.005,1.27,1.775,pose,14.332,10.946,14.579,9.621
1633,56.04,1.803,1.775,bbox,14.426,10.946,14.579,9.621
1634,56.074,1.789,1.775,bbox,14.497,10.946,14.579,9.621
1635,56.108,1.081,1.775,pose,14.631,10.946,14.579,9.72
1636,56.143,1.813,1.789,bbox,14.701,10.946,14.579,9.767
1637,56.177,1.752,1.789,bbox,14.701,10.946,14.579,9.767
1638,56.211,1.152,1.752,pose,14.701,10.946,14.579,9.767
1639,56.246,1.75,1.75,bbox,14.754,10.946,14.579,9.813
1640,56.28,1.752,1.752,bbox,14.754,10.946,14.579,9.813
1641,56.314,1.244,1.75,pose,14.754,10.98,14.579,9.813
1642,56.349,1.748,1.748,bbox,14.754,10.98,14.579,9.813
1643,56.383,1.75,1.75,bbox,14.754,10.98,14.579,9.813
1644,56.417,1.291,1.748,pose,14.754,10.98,14.579,9.849
1645,56.452,1.888,1.748,bbox,14.754,10.98,14.579,9.915
1646,56.486,2.061,1.75,bbox,14.754,10.98,14.579,9.915
1647,56.52,2.016,1.888,bbox,14.754,11.04,14.579,9.97
1648,56.555,2.047,2.016,bbox,14.754,11.04,14.579,9.97
1649,56.589,2.095,2.047,bbox,14.754,11.04,14.579,9.97
1650,56.623,2.119,2.061,bbox,14.754,11.04,14.579,9.97
1651,56.658,2.108,2.095,bbox,14.754,11.04,14.579,9.97
1652,56.692,2.106,2.106,bbox,14.754,11.04,14.579,9.97
1653,56.726,1.748,2.106,pose,14.754,11.04,14.579,9.97
1654,56.76,2.105,2.106,bbox,14.754,11.04,14.579,9.97
1655,56.795,2.102,2.105,bbox,14.754,11.04,14.579,9.97
1656,56.829,1.72,2.102,pose,14.754,11.04,14.579,9.97
1657,56.863,2.085,2.085,bbox,14.754,11.084,14.627,9.97
1658,56.898,2.156,2.102,bbox,14.754,11.084,14.627,9.97
1659,56.932,1.751,2.085,pose,14.754,11.084,14.627,9.97
1660,56.966,2.229,2.085,bbox,14.754,11.084,14.627,10.004
1661,57.001,2.217,2.156,bbox,14.754,11.084,14.627,10.004
1662,57.035,1.772,2.156,pose,14.754,11.084,14.627,10.004
1663,57.069,2.239,2.217,bbox,14.754,11.084,14.627,10.004
1664,57.104,2.289,2.229,bbox,14.754,11.084,14.627,10.004
1665,57.138,1.802,2.217,pose,14.754,11.084,14.627,10.047
1666,57.172,2.309,2.239,bbox,14.754,11.084,14.627,10.047
1667,57.207,2.273,2.273,bbox,14.754,11.084,14.627,10.047
1668,57.241,1.751,2.273,pose,14.754,11.084,14.627,10.047
1669,57.275,2.303,2.273,bbox,14.754,11.084,14.627,10.094
1670,57.31,2.222,2.273,bbox,14.754,11.084,14.674,10.094
1671,57.344,1.752,2.222,pose,14.754,11.084,14.674,10.141
1672,57.378,2.25,2.222,bbox,14.754,11.084,14.674,10.141
1673,57.412,2.282,2.25,bbox,14.754,11.084,14.674,10.141
1674,57.447,1.842,2.222,pose,14.754,11.084,14.674,10.141
1675,57.481,2.211,2.211,bbox,14.754,11.084,14.674,10.141
1676,57.515,2.188,2.211,bbox,14.754,11.084,14.674,10.141
1677,57.55,1.785,2.188,pose,14.754,11.116,14.674,10.141
1678,57.584,2.258,2.188,bbox,14.754,11.116,14.674,10.141
1679,57.618,2.298,2.211,bbox,14.754,11.116,14.674,10.141
1680,57.653,1.742,2.188,pose,14.754,11.116,14.674,10.178
1681,57.687,2.578,2.258,bbox,14.754,11.151,14.674,10.178
1682,57.721,2.519,2.298,bbox,14.754,11.2,14.674,10.178
1683,57.756,2.235,2.298,pose,14.754,11.2,14.674,10.178
1684,57.79,2.558,2.519,bbox,14.754,11.2,14.674,10.178
1685,57.824,2.513,2.519,bbox,14.754,11.2,14.674,10.178
1686,57.859,1.94,2.513,pose,14.754,11.2,14.674,10.178
1687,57.893,2.46,2.46,bbox,14.754,11.2,14.706,10.178
1688,57.927,2.394,2.46,bbox,14.754,11.2,14.706,10.178
1689,57.962,2.272,2.394,bbox,14.754,11.2,14.706,10.178
1690,57.996,2.208,2.272,bbox,14.808,11.2,14.739,10.178
1691,58.03,2.104,2.272,bbox,14.808,11.2,14.822,10.178
1692,58.065,2.111,2.208,bbox,14.808,11.2,14.822,10.178
1693,58.099,2.112,2.112,bbox,14.873,11.2,14.822,10.178
1694,58.133,2.049,2.111,bbox,14.873,11.2,14.822,10.178
1695,58.167,1.277,2.104,pose,14.873,11.2,14.822,10.178
1696,58.202,1.971,2.049,bbox,14.873,11.2,14.822,10.178
1697,58.236,1.93,1.971,bbox,14.938,11.2,14.822,10.178
1698,58.27,1.169,1.93,pose,14.938,11.2,14.856,10.178
1699,58.305,1.858,1.858,bbox,14.938,11.2,14.856,10.178
1700,58.339,1.795,1.858,bbox,15.019,11.2,14.856,10.178
1701,58.373,2.014,1.858,pose,15.063,11.2,14.856,10.178
1702,58.408,1.69,1.795,bbox,15.108,11.2,14.856,10.178
1703,58.442,1.61,1.795,bbox,15.153,11.2,14.856,10.178
1704,58.476,1.502,1.69,bbox,15.153,11.2,14.856,10.178
1705,58.511,1.517,1.61,bbox,15.187,11.2,14.856,10.178
1706,58.545,1.452,1.517,bbox,15.249,11.2,14.856,10.178
1707,58.579,1.409,1.502,bbox,15.249,11.2,14.856,10.178
1708,58.614,1.391,1.452,bbox,15.279,11.2,14.856,10.178
1709,58.648,1.403,1.409,bbox,15.312,11.2,14.856,10.178
1710,58.682,1.315,1.403,pose,15.312,11.2,14.856,10.178
1711,58.717,1.47,1.403,bbox,15.36,11.2,14.856,10.178
1712,58.751,1.505,1.403,bbox,15.36,11.2,14.856,10.178
1713,58.785,1.238,1.403,pose,15.36,11.2,14.856,10.178
1714,58.819,1.56,1.47,bbox,15.36,11.2,14.856,10.178
1715,58.854,1.61,1.505,bbox,15.36,11.2,14.856,10.178
1716,58.888,1.217,1.505,pose,15.36,11.2,14.856,10.178
1717,58.922,1.612,1.56,bbox,15.36,11.2,14.856,10.178
1718,58.957,1.616,1.61,bbox,15.36,11.241,14.856,10.178
1719,58.991,1.025,1.61,pose,15.36,11.286,14.856,10.178
1720,59.025,1.581,1.581,bbox,15.36,11.286,14.856,10.178
1721,59.06,1.604,1.604,bbox,15.36,11.286,14.856,10.178
1722,59.094,0.967,1.581,pose,15.36,11.286,14.856,10.178
1723,59.128,1.677,1.581,bbox,15.36,11.286,14.856,10.178
1724,59.163,1.721,1.604,bbox,15.36,11.286,14.856,10.178
1725,59.197,1.124,1.604,pose,15.36,11.286,14.856,10.178
1726,59.231,1.727,1.677,bbox,15.36,11.286,14.856,10.178
1727,59.266,1.715,1.715,bbox,15.36,11.286,14.856,10.178
1728,59.3,1.323,1.715,pose,15.36,11.286,14.856,10.178
1729,59.334,1.72,1.715,bbox,15.36,11.286,14.856,10.178
1730,59.369,1.748,1.72,bbox,15.36,11.286,14.856,10.178
1731,59.403,1.178,1.715,pose,15.36,11.286,14.856,10.178
1732,59.437,1.793,1.72,bbox,15.36,11.286,14.856,10.178
1733,59.472,1.805,1.748,bbox,15.36,11.286,14.856,10.178
1734,59.506,1.279,1.748,pose,15.36,11.286,14.856,10.178
1735,59.54,1.823,1.793,bbox,15.36,11.286,14.856,10.178
1736,59.574,1.831,1.805,bbox,15.36,11.286,14.856,10.178
1737,59.609,1.295,1.805,pose,15.36,11.286,14.856,10.178
1738,59.643,1.813,1.813,bbox,15.36,11.286,14.856,10.178
1739,59.677,1.845,1.823,bbox,15.36,11.286,14.856,10.178
1740,59.712,1.497,1.813,pose,15.36,11.286,14.856,10.178
1741,59.746,1.879,1.813,bbox,15.36,11.286,14.856,10.178
1742,59.78,1.924,1.845,bbox,15.36,11.286,14.856,10.178
1743,59.815,1.367,1.845,pose,15.36,11.286,14.856,10.178
1744,59.849,1.996,1.879,bbox,15.36,11.286,14.856,10.178
1745,59.883,2.032,1.924,bbox,15.36,11.286,14.856,10.178
1746,59.918,1.593,1.924,pose,15.36,11.286,14.856,10.178
1747,59.952,2.064,1.996,bbox,15.36,11.326,14.856,10.178
1748,59.986,2.02,2.02,bbox,15.36,11.326,14.856,10.178
1749,60.021,1.447,2.02,pose,15.36,11.326,14.856,10.178
1750,60.055,1.974,1.974,bbox,15.36,11.326,14.856,10.178
1751,60.089,1.947,1.974,bbox,15.36,11.326,14.856,10.178
1752,60.124,1.534,1.947,pose,15.36,11.326,14.856,10.178
1753,60.158,1.931,1.931,bbox,15.403,11.326,14.856,10.178
1754,60.192,1.935,1.935,bbox,15.403,11.326,14.856,10.178
1755,60.226,1.427,1.931,pose,15.403,11.326,14.856,10.178
1756,60.261,1.925,1.925,bbox,15.403,11.326,14.856,10.178
1757,60.295,1.936,1.931,bbox,15.403,11.326,14.856,10.178
1758,60.329,1.441,1.925,pose,15.403,11.326,14.856,10.178
1759,60.364,1.949,1.925,bbox,15.403,11.326,14.856,10.178
1760,60.398,1.953,1.936,bbox,15.403,11.326,14.856,10.178
1761,60.432,1.476,1.936,pose,15.403,11.326,14.856,10.178
1762,60.467,2.0,1.949,bbox,15.403,11.326,14.856,10.178
1763,60.501,2.019,1.953,bbox,15.403,11.326,14.856,10.178
1764,60.535,1.704,1.953,pose,15.403,11.326,14.856,10.178
1765,60.57,2.081,2.0,bbox,15.403,11.326,14.856,10.178
1766,60.604,2.115,2.019,bbox,15.403,11.326,14.856,10.178
1767,60.638,1.55,2.019,pose,15.403,11.326,14.856,10.178
1768,60.673,2.207,2.081,bbox,15.403,11.369,14.856,10.178
1769,60.707,2.186,2.115,bbox,15.403,11.369,14.856,10.178
1770,60.741,1.558,2.115,pose,15.403,11.416,14.856,10.178
1771,60.776,2.143,2.143,bbox,15.403,11.451,14.856,10.178
1772,60.81,2.138,2.143,bbox,15.403,11.451,14.891,10.178
1773,60.844,1.553,2.138,pose,15.403,11.451,14.891,10.178
1774,60.879,2.057,2.057,bbox,15.403,11.451,14.891,10.178
1775,60.913,1.989,2.057,bbox,15.403,11.451,14.891,10.178
1776,60.947,1.417,1.989,pose,15.403,11.451,14.927,10.178
1777,60.981,2.051,1.989,bbox,15.403,11.451,14.927,10.178
1778,61.016,1.99,1.99,bbox,15.403,11.451,14.972,10.178
1779,61.05,1.629,1.989,pose,15.403,11.451,14.972,10.178
1780,61.084,2.05,1.99,bbox,15.403,11.451,14.972,10.178
1781,61.119,2.05,2.05,bbox,15.403,11.451,14.972,10.178
1782,61.153,1.506,1.99,pose,15.403,11.451,14.972,10.178
1783,61.187,2.061,2.05,bbox,15.403,11.451,14.972,10.178
1784,61.222,2.059,2.05,bbox,15.403,11.451,14.972,10.178
1785,61.256,1.504,2.05,pose,15.403,11.482,14.972,10.178
1786,61.29,2.119,2.059,bbox,15.403,11.482,14.972,10.178
1787,61.325,2.183,2.061,bbox,15.403,11.482,14.972,10.178
1788,61.359,1.604,2.059,pose,15.403,11.533,14.972,10.178
1789,61.393,2.258,2.119,bbox,15.403,11.533,14.972,10.178
1790,61.428,2.26,2.183,bbox,15.403,11.533,14.972,10.178
1791,61.462,1.573,2.183,pose,15.403,11.569,14.972,10.178
1792,61.496,2.224,2.224,bbox,15.403,11.569,14.972,10.178
1793,61.531,2.198,2.224,bbox,15.403,11.569,14.972,10.178
1794,61.565,1.528,2.198,pose,15.403,11.569,14.972,10.178
1795,61.599,2.156,2.156,bbox,15.403,11.569,14.972,10.178
1796,61.633,2.164,2.164,bbox,15.403,11.569,14.972,10.178
1797,61.668,1.575,2.156,pose,15.403,11.569,14.972,10.178
1798,61.702,2.174,2.156,bbox,15.403,11.569,14.972,10.178
1799,61.736,2.136,2.156,bbox,15.403,11.569,14.972,10.178
1800,61.771,1.584,2.136,pose,15.403,11.569,14.972,10.178
1801,61.805,2.132,2.132,bbox,15.403,11.569,14.972,10.178
1802,61.839,2.129,2.132,bbox,15.403,11.569,14.972,10.178
1803,61.874,1.52,2.129,pose,15.403,11.569,14.972,10.178
1804,61.908,2.074,2.074,bbox,15.403,11.569,14.972,10.178
1805,61.942,2.104,2.104,bbox,15.403,11.569,14.972,10.178
1806,61.977,1.602,2.074,pose,15.403,11.569,15.044,10.178
1807,62.011,2.157,2.074,bbox,15.403,11.569,15.077,10.178
1808,62.045,2.25,2.104,bbox,15.403,11.603,15.077,10.178
1809,62.08,1.725,2.104,pose,15.403,11.603,15.077,10.178
1810,62.114,2.372,2.157,bbox,15.403,11.603,15.077,10.178
1811,62.148,2.38,2.25,bbox,15.403,11.644,15.077,10.178
1812,62.183,1.828,2.25,pose,15.403,11.644,15.077,10.178
1813,62.217,2.443,2.372,bbox,15.403,11.644,15.077,10.178
1814,62.251,2.449,2.38,bbox,15.403,11.644,15.077,10.178
1815,62.286,2.249,2.38,pose,15.403,11.644,15.077,10.242
1816,62.32,2.364,2.364,bbox,15.462,11.644,15.077,10.272
1817,62.354,2.307,2.364,bbox,15.527,11.644,15.077,10.272
1818,62.388,2.754,2.364,bbox,15.527,11.644,15.077,10.272
1819,62.423,2.278,2.307,bbox,15.598,11.644,15.077,10.272
1820,62.457,2.239,2.307,bbox,15.598,11.644,15.077,10.272
1821,62.491,1.474,2.278,pose,15.659,11.644,15.077,10.272
1822,62.526,2.146,2.239,bbox,15.702,11.644,15.077,10.272
1823,62.56,2.084,2.146,bbox,15.757,11.644,15.077,10.272
1824,62.594,1.391,2.084,pose,15.792,11.644,15.077,10.272
1825,62.629,2.079,2.079,bbox,15.842,11.644,15.077,10.329
1826,62.663,2.137,2.084,bbox,15.878,11.644,15.077,10.329
1827,62.697,2.073,2.079,bbox,15.909,11.644,15.077,10.387
1828,62.732,2.034,2.073,bbox,15.909,11.644,15.077,10.387
1829,62.766,1.978,2.073,bbox,15.95,11.644,15.077,10.387
1830,62.8,1.776,2.034,pose,15.98,11.644,15.077,10.387
1831,62.835,2.02,2.02,bbox,16.046,11.644,15.077,10.387
1832,62.869,1.974,1.978,bbox,16.077,11.644,15.077,10.387
1833,62.903,2.721,1.978,pose,16.077,11.644,15.077,10.387
1834,62.938,2.282,2.02,bbox,16.077,11.644,15.077,10.387
1835,62.972,2.347,2.282,bbox,16.077,11.644,15.077,10.387
1836,63.006,,,,16.077,11.644,15.077,10.387
1837,63.04,,,,16.077,11.644,15.077,10.387
1838,63.075,,,,16.077,11.644,15.077,10.387
1839,63.109,,,,16.077,11.644,15.077,10.387
1840,63.143,1.672,2.282,bbox,16.133,11.644,15.077,10.387
1841,63.178,1.615,2.282,bbox,16.177,11.644,15.077,10.387
1842,63.212,1.527,1.672,bbox,16.177,11.644,15.077,10.387
1843,63.246,1.4,1.615,bbox,16.177,11.644,15.077,10.387
1844,63.281,1.342,1.527,bbox,16.234,11.644,15.077,10.387
1845,63.315,1.256,1.4,bbox,16.234,11.644,15.109,10.387
1846,63.349,1.241,1.342,bbox,16.234,11.644,15.158,10.387
1847,63.384,1.232,1.256,bbox,16.234,11.644,15.158,10.387
1848,63.418,1.059,1.241,pose,16.234,11.644,15.158,10.387
1849,63.452,1.36,1.241,bbox,16.234,11.644,15.158,10.387
1850,63.487,1.386,1.241,bbox,16.234,11.644,15.158,10.449
1851,63.521,1.042,1.232,pose,16.234,11.644,15.158,10.449
1852,63.555,1.352,1.352,bbox,16.234,11.644,15.158,10.449
1853,63.59,1.42,1.36,bbox,16.234,11.644,15.158,10.449
1854,63.624,1.414,1.386,bbox,16.234,11.644,15.197,10.449
1855,63.658,1.264,1.352,bbox,16.234,11.681,15.197,10.449
1856,63.693,1.322,1.352,bbox,16.234,11.681,15.265,10.449
1857,63.727,1.23,1.322,bbox,16.234,11.681,15.33,10.449
1858,63.761,1.233,1.264,bbox,16.234,11.681,15.422,10.449
1859,63.795,1.253,1.253,bbox,16.234,11.681,15.422,10.449
1860,63.83,1.255,1.253,bbox,16.234,11.681,15.422,10.449
1861,63.864,1.265,1.253,bbox,16.234,11.729,15.455,10.449
1862,63.898,1.29,1.255,bbox,16.234,11.803,15.455,10.449
1863,63.933,1.371,1.265,pose,16.234,11.846,15.455,10.449
1864,63.967,1.358,1.29,bbox,16.234,11.846,15.455,10.449
1865,64.001,1.427,1.358,bbox,16.234,11.905,15.455,10.449
1866,64.036,1.542,1.371,pose,16.234,11.948,15.455,10.449
1867,64.07,1.497,1.427,bbox,16.234,11.979,15.455,10.449
1868,64.104,1.468,1.468,bbox,16.234,11.979,15.455,10.449
1869,64.139,1.451,1.468,pose,16.234,12.029,15.455,10.449
1870,64.173,1.478,1.478,bbox,16.234,12.029,15.455,10.449
1871,64.207,1.491,1.478,bbox,16.234,12.029,15.455,10.449
1872,64.242,1.216,1.468,pose,16.234,12.088,15.455,10.449
1873,64.276,1.51,1.478,bbox,16.234,12.088,15.455,10.449
1874,64.31,1.53,1.491,bbox,16.234,12.123,15.455,10.449
1875,64.345,1.06,1.491,pose,16.234,12.166,15.487,10.449
1876,64.379,1.574,1.51,bbox,16.234,12.228,15.525,10.449
1877,64.413,1.582,1.53,bbox,16.234,12.228,15.525,10.449
1878,64.447,1.613,1.574,bbox,16.234,12.274,15.525,10.449
1879,64.482,1.584,1.582,bbox,16.234,12.274,15.525,10.449
1880,64.516,1.544,1.582,bbox,16.234,12.274,15.525,10.449
1881,64.55,1.621,1.584,bbox,16.234,12.274,15.583,10.449
1882,64.585,1.588,1.588,bbox,16.234,12.274,15.583,10.449
1883,64.619,1.535,1.584,bbox,16.234,12.336,15.583,10.449
1884,64.653,,,,16.234,12.336,15.583,10.449
1885,64.688,,,,16.234,12.336,15.583,10.449
1886,64.722,,,,16.234,12.336,15.583,10.449
1887,64.756,3.709,1.588,pose,16.234,12.336,15.583,10.449
1888,64.791,3.814,1.621,bbox,16.234,12.41,15.583,10.449
1889,64.825,3.775,3.709,bbox,16.234,12.41,15.583,10.449
1890,64.859,3.607,3.709,pose,16.234,12.41,15.583,10.449
1891,64.894,3.661,3.709,bbox,16.234,12.41,15.583,10.449
1892,64.928,3.649,3.661,bbox,16.234,12.41,15.583,10.449
1893,64.962,3.362,3.649,pose,16.234,12.41,15.583,10.449
1894,64.997,3.531,3.607,bbox,16.32,12.41,15.583,10.449
1895,65.031,3.503,3.531,bbox,16.36,12.41,15.583,10.449
1896,65.065,3.269,3.503,pose,16.36,12.41,15.583,10.449
1897,65.1,3.435,3.435,bbox,16.36,12.41,15.643,10.449
1898,65.134,3.426,3.435,bbox,16.36,12.41,15.643,10.449
1899,65.168,3.265,3.426,pose,16.36,12.41,15.643,10.449
1900,65.202,3.487,3.426,bbox,16.36,12.46,15.676,10.449
1901,65.237,3.525,3.435,bbox,16.36,12.46,15.676,10.449
1902,65.271,3.253,3.426,pose,16.36,12.46,15.676,10.449
1903,65.305,3.541,3.487,bbox,16.36,12.501,15.676,10.449
1904,65.34,3.539,3.525,bbox,16.36,12.501,15.676,10.449
1905,65.374,3.531,3.531,bbox,16.36,12.501,15.676,10.449
1906,65.408,3.511,3.531,bbox,16.36,12.501,15.676,10.449
1907,65.443,3.469,3.531,bbox,16.36,12.501,15.676,10.449
1908,65.477,3.431,3.511,bbox,16.36,12.501,15.676,10.449
1909,65.511,3.378,3.469,bbox,16.36,12.501,15.727,10.449
1910,65.546,3.366,3.431,bbox,16.36,12.501,15.727,10.449
1911,65.58,3.359,3.378,bbox,16.36,12.501,15.791,10.449
1912,65.614,3.333,3.366,bbox,16.396,12.501,15.825,10.449
1913,65.649,3.287,3.359,bbox,16.396,12.501,15.825,10.449
1914,65.683,3.288,3.333,bbox,16.396,12.501,15.825,10.449
1915,65.717,3.306,3.306,bbox,16.396,12.501,15.855,10.449
1916,65.752,3.28,3.288,bbox,16.396,12.501,15.855,10.449
1917,65.786,2.795,3.287,pose,16.396,12.501,15.855,10.449
1918,65.82,3.211,3.28,bbox,16.396,12.501,15.855,10.449
1919,65.854,3.163,3.211,bbox,16.396,12.501,15.855,10.449
1920,65.889,2.561,3.163,pose,16.396,12.501,15.855,10.449
1921,65.923,3.055,3.055,bbox,16.396,12.501,15.887,10.449
1922,65.957,2.999,3.055,bbox,16.396,12.501,15.887,10.449
1923,65.992,2.417,2.999,pose,16.396,12.501,15.887,10.449
1924,66.026,2.89,2.89,bbox,16.396,12.501,15.921,10.449
1925,66.06,2.876,2.89,bbox,16.396,12.501,15.921,10.449
1926,66.095,2.894,2.89,pose,16.396,12.501,15.921,10.449
1927,66.129,2.908,2.89,bbox,16.513,12.501,15.921,10.449
1928,66.163,2.912,2.894,bbox,16.513,12.501,15.921,10.449
1929,66.198,2.293,2.894,pose,16.513,12.501,15.921,10.449
1930,66.232,2.864,2.894,bbox,16.513,12.501,15.954,10.449
1931,66.266,2.849,2.864,bbox,16.513,12.501,15.954,10.449
1932,66.301,2.301,2.849,pose,16.513,12.501,15.954,10.449
1933,66.335,2.843,2.843,bbox,16.513,12.501,16.008,10.449
1934,66.369,2.794,2.843,bbox,16.513,12.501,16.008,10.449
1935,66.404,2.22,2.794,pose,16.513,12.501,16.008,10.449
1936,66.438,2.76,2.76,bbox,16.513,12.501,16.008,10.449
1937,66.472,2.752,2.76,bbox,16.513,12.501,16.008,10.449
1938,66.507,2.295,2.752,pose,16.513,12.501,16.008,10.449
1939,66.541,2.761,2.752,bbox,16.513,12.501,16.053,10.449
1940,66.575,2.76,2.76,bbox,16.513,12.501,16.053,10.449
1941,66.609,2.328,2.752,pose,16.513,12.501,16.053,10.449
1942,66.644,2.788,2.76,bbox,16.513,12.501,16.091,10.449
1943,66.678,2.769,2.761,bbox,16.513,12.501,16.091,10.449
1944,66.712,2.292,2.76,pose,16.513,12.501,16.091,10.449
1945,66.747,2.779,2.769,bbox,16.513,12.501,16.091,10.449
1946,66.781,2.801,2.779,bbox,16.513,12.501,16.091,10.449
1947,66.815,2.327,2.769,pose,16.513,12.501,16.091,10.449
1948,66.85,2.864,2.779,bbox,16.513,12.537,16.091,10.449
1949,66.884,2.913,2.801,bbox,16.513,12.537,16.091,10.449
1950,66.918,2.444,2.801,pose,16.513,12.537,16.091,10.449
1951,66.953,2.887,2.864,bbox,16.513,12.537,16.091,10.449
1952,66.987,2.919,2.887,bbox,16.513,12.537,16.091,10.449
1953,67.021,2.436,2.887,pose,16.513,12.537,16.091,10.449
1954,67.056,2.97,2.887,bbox,16.513,12.537,16.091,10.449
1955,67.09,2.936,2.919,bbox,16.513,12.537,16.091,10.449
1956,67.124,2.327,2.919,pose,16.513,12.537,16.091,10.449
1957,67.159,2.94,2.936,bbox,16.513,12.575,16.091,10.449
1958,67.193,2.934,2.936,bbox,16.513,12.575,16.091,10.449
1959,67.227,2.174,2.934,pose,16.513,12.575,16.091,10.449
1960,67.261,2.801,2.801,bbox,16.513,12.575,16.143,10.449
1961,67.296,2.784,2.801,bbox,16.513,12.575,16.143,10.449
1962,67.33,2.176,2.784,pose,16.513,12.575,16.143,10.449
1963,67.364,2.786,2.784,bbox,16.513,12.575,16.234,10.449
1964,67.399,2.758,2.784,bbox,16.513,12.575,16.272,10.449
1965,67.433,2.198,2.758,pose,16.513,12.575,16.272,10.449
1966,67.467,2.809,2.758,bbox,16.513,12.575,16.272,10.449
1967,67.502,2.824,2.786,bbox,16.513,12.575,16.272,10.449
1968,67.536,2.179,2.758,pose,16.513,12.575,16.272,10.481
1969,67.57,2.879,2.809,bbox,16.513,12.575,16.272,10.527
1970,67.605,2.891,2.824,bbox,16.513,12.575,16.272,10.527
1971,67.639,2.157,2.824,pose,16.513,12.575,16.272,10.527
1972,67.673,2.938,2.879,bbox,16.513,12.575,16.272,10.527
1973,67.708,2.97,2.891,bbox,16.513,12.575,16.272,10.527
1974,67.742,2.212,2.891,pose,16.513,12.575,16.272,10.527
1975,67.776,3.028,2.938,bbox,16.513,12.575,16.272,10.527
1976,67.811,3.064,2.97,bbox,16.513,12.575,16.272,10.527
1977,67.845,2.294,2.97,pose,16.513,12.575,16.272,10.527
1978,67.879,3.047,3.028,bbox,16.513,12.575,16.272,10.527
1979,67.914,3.052,3.047,bbox,16.513,12.575,16.272,10.527
1980,67.948,2.369,3.047,pose,16.513,12.575,16.272,10.527
1981,67.982,2.989,2.989,bbox,16.513,12.575,16.272,10.597
1982,68.016,2.934,2.989,bbox,16.575,12.575,16.272,10.597
1983,68.051,2.495,2.934,pose,16.575,12.575,16.272,10.597
1984,68.085,2.815,2.815,bbox,16.575,12.575,16.272,10.597
1985,68.119,2.73,2.815,bbox,16.658,12.575,16.272,10.597
1986,68.154,2.478,2.73,pose,16.713,12.575,16.272,10.597
1987,68.188,2.66,2.66,bbox,16.713,12.575,16.272,10.597
1988,68.222,2.694,2.694,bbox,16.761,12.575,16.272,10.597
1989,68.257,2.36,2.66,pose,16.802,12.575,16.272,10.597
1990,68.291,2.682,2.66,bbox,16.845,12.575,16.272,10.597
1991,68.325,2.692,2.682,bbox,16.845,12.575,16.272,10.597
1992,68.36,2.103,2.682,pose,16.906,12.575,16.272,10.597
1993,68.394,2.641,2.641,bbox,16.906,12.575,16.272,10.679
1994,68.428,2.647,2.647,bbox,16.95,12.575,16.272,10.679
1995,68.463,2.661,2.647,bbox,16.95,12.575,16.272,10.727
1996,68.497,2.668,2.647,bbox,16.983,12.575,16.272,10.779
1997,68.531,2.626,2.647,bbox,16.983,12.575,16.272,10.813
1998,68.566,2.671,2.661,bbox,17.013,12.575,16.272,10.813
1999,68.6,2.754,2.668,bbox,17.081,12.575,16.272,10.813
2000,68.634,2.784,2.671,bbox,17.135,12.575,16.272,10.885
2001,68.668,2.632,2.671,bbox,17.135,12.575,16.272,10.919
2002,68.703,2.62,2.671,bbox,17.22,12.575,16.272,10.919
2003,68.737,2.442,2.632,bbox,17.305,12.575,16.272,10.919
2004,68.771,2.442,2.62,bbox,17.359,12.575,16.272,10.919
2005,68.806,2.473,2.473,bbox,17.359,12.575,16.272,10.962
2006,68.84,2.45,2.45,bbox,17.44,12.575,16.272,10.994
2007,68.874,2.463,2.45,bbox,17.505,12.575,16.272,11.07
2008,68.909,2.472,2.463,bbox,17.587,12.575,16.272,11.148
2009,68.943,2.426,2.463,bbox,17.587,12.575,16.272,11.27
2010,68.977,2.404,2.45,bbox,17.712,12.575,16.272,11.369
2011,69.012,2.334,2.426,bbox,17.712,12.575,16.272,11.414
2012,69.046,2.313,2.404,bbox,17.748,12.575,16.272,11.461
2013,69.08,2.298,2.334,bbox,17.789,12.575,16.272,11.461
2014,69.115,2.315,2.315,bbox,17.837,12.575,16.272,11.461
2015,69.149,2.391,2.315,bbox,17.837,12.575,16.272,11.494
2016,69.183,2.067,2.313,pose,17.837,12.575,16.272,11.494
2017,69.218,2.387,2.315,bbox,17.837,12.575,16.272,11.547
2018,69.252,2.374,2.374,bbox,17.837,12.575,16.272,11.599
2019,69.286,1.936,2.374,pose,17.837,12.575,16.272,11.638
2020,69.321,2.48,2.374,bbox,17.909,12.575,16.272,11.683
2021,69.355,2.571,2.387,bbox,17.909,12.575,16.272,11.739
2022,69.389,1.983,2.374,pose,17.909,12.575,16.272,11.786
2023,69.423,2.787,2.48,bbox,17.909,12.575,16.272,11.786
2024,69.458,2.809,2.571,bbox,17.909,12.575,16.272,11.908
2025,69.492,2.832,2.787,bbox,17.909,12.575,16.272,11.908
2026,69.526,2.795,2.795,bbox,17.909,12.575,16.272,11.941
2027,69.561,2.726,2.795,bbox,17.909,12.575,16.272,11.984
2028,69.595,2.683,2.795,bbox,17.953,12.575,16.272,11.984
2029,69.629,2.606,2.726,bbox,17.953,12.575,16.272,11.984
2030,69.664,2.578,2.683,bbox,17.992,12.575,16.272,11.984
2031,69.698,2.324,2.606,pose,17.992,12.575,16.272,12.029
2032,69.732,2.571,2.578,bbox,17.992,12.575,16.272,12.029
2033,69.767,2.602,2.578,bbox,17.992,12.575,16.272,12.029
2034,69.801,2.139,2.571,pose,18.045,12.575,16.272,12.085
2035,69.835,2.695,2.571,bbox,18.045,12.575,16.272,12.119
2036,69.87,2.67,2.602,bbox,18.077,12.575,16.272,12.119
2037,69.904,2.199,2.602,pose,18.077,12.575,16.272,12.154
2038,69.938,2.757,2.67,bbox,18.077,12.575,16.272,12.154
2039,69.973,2.743,2.695,bbox,18.077,12.575,16.272,12.154
2040,70.007,2.248,2.67,pose,18.077,12.575,16.272,12.154
2041,70.041,2.684,2.684,bbox,18.077,12.575,16.272,12.154
2042,70.075,2.614,2.684,bbox,18.077,12.575,16.272,12.154
2043,70.11,2.537,2.614,bbox,18.077,12.575,16.272,12.154
2044,70.144,2.48,2.537,bbox,18.077,12.575,16.272,12.154
2045,70.178,2.45,2.537,bbox,18.077,12.575,16.272,12.154
2046,70.213,2.417,2.48,bbox,18.077,12.575,16.308,12.154
2047,70.247,2.421,2.45,bbox,18.077,12.575,16.308,12.154
2048,70.281,2.414,2.421,bbox,18.077,12.575,16.358,12.154
2049,70.316,2.434,2.421,bbox,18.077,12.575,16.358,12.154
2050,70.35,2.447,2.421,bbox,18.113,12.575,16.392,12.154
2051,70.384,2.439,2.434,bbox,18.113,12.575,16.392,12.154
2052,70.419,2.419,2.434,bbox,18.113,12.575,16.392,12.154
2053,70.453,2.384,2.434,bbox,18.113,12.612,16.392,12.154
2054,70.487,2.406,2.419,bbox,18.113,12.612,16.392,12.154
2055,70.522,1.85,2.406,pose,18.113,12.644,16.434,12.154
2056,70.556,2.439,2.406,bbox,18.113,12.644,16.434,12.154
2057,70.59,2.493,2.406,bbox,18.113,12.714,16.434,12.154
2058,70.625,1.956,2.406,pose,18.113,12.714,16.434,12.154
2059,70.659,2.517,2.439,bbox,18.113,12.747,16.465,12.154
2060,70.693,2.621,2.493,bbox,18.113,12.784,16.465,12.154
2061,70.728,2.087,2.493,pose,18.113,12.832,16.465,12.154
2062,70.762,2.721,2.517,bbox,18.113,12.832,16.465,12.154
2063,70.796,2.765,2.621,bbox,18.113,12.873,16.465,12.154
2064,70.83,2.122,2.621,pose,18.113,12.873,16.465,12.154
2065,70.865,2.798,2.721,bbox,18.113,12.873,16.465,12.154
2066,70.899,2.765,2.765,bbox,18.113,12.873,16.465,12.154
2067,70.933,2.083,2.765,pose,18.113,12.873,16.465,12.154
2068,70.968,2.68,2.68,bbox,18.113,12.873,16.465,12.154
2069,71.002,2.65,2.68,bbox,18.113,12.873,16.465,12.154
2070,71.036,2.01,2.65,pose,18.113,12.873,16.465,12.154
2071,71.071,2.601,2.601,bbox,18.145,12.873,16.465,12.154
2072,71.105,2.585,2.601,bbox,18.145,12.873,16.465,12.154
2073,71.139,2.023,2.585,pose,18.145,12.873,16.465,12.154
2074,71.174,2.61,2.585,bbox,18.145,12.873,16.465,12.154
2075,71.208,2.621,2.601,bbox,18.145,12.873,16.465,12.154
2076,71.242,2.041,2.585,pose,18.145,12.873,16.465,12.154
2077,71.277,2.599,2.599,bbox,18.145,12.873,16.465,12.154
2078,71.311,2.592,2.599,bbox,18.145,12.873,16.465,12.154
2079,71.345,2.0,2.592,pose,18.145,12.873,16.465,12.154
2080,71.38,2.641,2.592,bbox,18.145,12.873,16.465,12.154
2081,71.414,2.683,2.599,bbox,18.145,12.924,16.465,12.154
2082,71.448,2.117,2.592,pose,18.145,12.924,16.465,12.154
2083,71.482,2.836,2.641,bbox,18.145,12.924,16.465,12.154
2084,71.517,2.93,2.683,bbox,18.145,12.924,16.465,12.154
2085,71.551,2.284,2.683,pose,18.145,12.991,16.465,12.154
2086,71.585,2.99,2.836,bbox,18.145,12.991,16.465,12.154
2087,71.62,2.989,2.93,bbox,18.145,12.991,16.465,12.154
2088,71.654,2.252,2.93,pose,18.145,12.991,16.465,12.154
2089,71.688,2.979,2.979,bbox,18.145,12.991,16.465,12.154
2090,71.723,2.941,2.979,bbox,18.145,12.991,16.465,12.154
2091,71.757,2.179,2.941,pose,18.145,12.991,16.465,12.154
2092,71.791,2.796,2.796,bbox,18.145,12.991,16.465,12.154
2093,71.826,2.751,2.796,bbox,18.145,12.991,16.526,12.154
2094,71.86,2.175,2.751,pose,18.145,12.991,16.526,12.154
2095,71.894,2.647,2.647,bbox,18.145,12.991,16.561,12.154
2096,71.929,2.66,2.66,bbox,18.145,12.991,16.561,12.154
2097,71.963,2.123,2.647,pose,18.145,12.991,16.624,12.154
2098,71.997,2.661,2.647,bbox,18.145,12.991,16.624,12.154
2099,72.032,2.693,2.66,bbox,18.145,12.991,16.624,12.154
2100,72.066,2.148,2.66,pose,18.145,12.991,16.624,12.154
2101,72.1,2.698,2.661,bbox,18.145,12.991,16.656,12.154
2102,72.135,2.696,2.693,bbox,18.145,12.991,16.656,12.154
2103,72.169,2.116,2.693,pose,18.145,12.991,16.656,12.154
2104,72.203,2.755,2.696,bbox,18.145,12.991,16.656,12.197
2105,72.237,2.815,2.698,bbox,18.145,13.061,16.656,12.197
2106,72.272,2.284,2.696,pose,18.145,13.061,16.656,12.197
2107,72.306,2.912,2.755,bbox,18.145,13.123,16.656,12.197
2108,72.34,2.983,2.815,bbox,18.145,13.123,16.656,12.247
2109,72.375,2.541,2.815,pose,18.145,13.154,16.656,12.247
2110,72.409,3.152,2.912,bbox,18.145,13.184,16.656,12.281
2111,72.443,3.131,2.983,bbox,18.145,13.184,16.656,12.281
2112,72.478,2.512,2.983,pose,18.145,13.184,16.656,12.281
2113,72.512,3.018,3.018,bbox,18.145,13.227,16.656,12.281
2114,72.546,2.972,3.018,bbox,18.145,13.227,16.656,12.281
2115,72.581,2.385,2.972,pose,18.145,13.227,16.656,12.281
2116,72.615,2.758,2.758,bbox,18.145,13.227,16.656,12.281
2117,72.649,2.714,2.758,bbox,18.202,13.227,16.656,12.281
2118,72.684,2.274,2.714,pose,18.202,13.227,16.692,12.281
2119,72.718,2.682,2.682,bbox,18.202,13.227,16.692,12.281
2120,72.752,2.726,2.714,bbox,18.202,13.227,16.692,12.281
2121,72.787,2.098,2.682,pose,18.267,13.227,16.692,12.281
2122,72.821,2.66,2.66,bbox,18.267,13.227,16.692,12.281
2123,72.855,2.632,2.66,bbox,18.267,13.227,16.692,12.281
2124,72.889,1.848,2.632,pose,18.339,13.227,16.692,12.281
2125,72.924,2.564,2.564,bbox,18.38,13.227,16.744,12.281
2126,72.958,2.571,2.571,bbox,18.38,13.227,16.744,12.281
2127,72.992,1.597,2.564,pose,18.496,13.227,16.744,12.281
2128,73.027,2.5,2.5,bbox,18.496,13.227,16.744,12.356
2129,73.061,2.56,2.56,bbox,18.542,13.227,16.744,12.356
2130,73.095,3.467,2.56,pose,18.542,13.227,16.744,12.392
2131,73.13,2.452,2.5,bbox,18.606,13.227,16.744,12.443
2132,73.164,2.335,2.5,bbox,18.689,13.227,16.744,12.443
2133,73.198,2.215,2.452,bbox,18.689,13.227,16.744,12.443
2134,73.233,2.202,2.335,bbox,18.689,13.227,16.744,12.443
2135,73.267,2.173,2.215,bbox,18.779,13.227,16.744,12.443
2136,73.301,2.219,2.215,bbox,18.779,13.227,16.744,12.443
2137,73.336,2.263,2.215,bbox,18.779,13.227,16.744,12.476
2138,73.37,2.347,2.219,bbox,18.83,13.227,16.744,12.53
2139,73.404,1.894,2.219,pose,18.83,13.227,16.744,12.587
2140,73.439,2.359,2.263,bbox,18.83,13.227,16.744,12.665
2141,73.473,2.406,2.347,bbox,18.83,13.227,16.744,12.722
2142,73.507,2.129,2.347,pose,18.83,13.227,16.744,12.722
2143,73.542,2.54,2.359,bbox,18.83,13.227,16.744,12.722
2144,73.576,2.506,2.406,bbox,18.83,13.227,16.744,12.827
2145,73.61,2.493,2.493,bbox,18.83,13.227,16.744,12.827
2146,73.644,2.469,2.493,bbox,18.83,13.227,16.744,12.827
2147,73.679,2.475,2.493,bbox,18.83,13.227,16.744,12.827
2148,73.713,2.485,2.485,bbox,18.83,13.227,16.744,12.827
2149,73.747,2.526,2.485,bbox,18.83,13.227,16.744,12.827
2150,73.782,2.518,2.485,bbox,18.83,13.227,16.744,12.866
2151,73.816,2.201,2.485,pose,18.83,13.227,16.744,12.902
2152,73.85,2.563,2.518,bbox,18.83,13.227,16.744,12.902
2153,73.885,2.583,2.526,bbox,18.83,13.227,16.744,12.902
2154,73.919,2.164,2.518,pose,18.83,13.227,16.744,12.936
2155,73.953,2.674,2.563,bbox,18.83,13.275,16.744,12.936
2156,73.988,2.618,2.583,bbox,18.878,13.275,16.744,12.936
2157,74.022,1.945,2.583,pose,18.878,13.323,16.744,12.936
2158,74.056,2.52,2.52,bbox,18.878,13.323,16.744,12.936
2159,74.091,2.447,2.52,bbox,18.929,13.323,16.808,12.936
2160,74.125,1.824,2.447,pose,18.929,13.323,16.808,12.936
2161,74.159,2.355,2.355,bbox,18.972,13.323,16.808,12.936
2162,74.194,2.349,2.355,bbox,18.972,13.323,16.893,12.936
2163,74.228,1.624,2.349,pose,18.972,13.323,16.893,12.936
2164,74.262,2.305,2.305,bbox,18.972,13.323,16.923,12.936
2165,74.296,2.243,2.305,bbox,18.972,13.323,16.923,12.936
2166,74.331,2.167,2.243,bbox,18.972,13.323,16.976,12.936
2167,74.365,2.158,2.167,bbox,18.972,13.323,17.034,12.936
2168,74.399,2.135,2.167,bbox,19.019,13.323,17.077,12.936
2169,74.434,2.104,2.158,bbox,19.019,13.323,17.077,12.936
2170,74.468,2.119,2.135,bbox,19.019,13.323,17.077,12.936
2171,74.502,2.15,2.135,bbox,19.019,13.323,17.077,12.936
2172,74.537,2.186,2.135,bbox,19.019,13.323,17.077,12.973
2173,74.571,2.257,2.15,bbox,19.019,13.323,17.077,13.027
2174,74.605,2.241,2.186,bbox,19.019,13.323,17.077,13.074
2175,74.64,2.243,2.241,bbox,19.019,13.323,17.077,13.144
2176,74.674,2.286,2.243,bbox,19.019,13.323,17.077,13.144
2177,74.708,2.311,2.257,bbox,19.019,13.323,17.077,13.144
2178,74.743,2.317,2.286,bbox,19.019,13.323,17.077,13.144
2179,74.777,2.307,2.307,bbox,19.019,13.323,17.077,13.144
2180,74.811,2.318,2.311,bbox,19.019,13.323,17.077,13.144
2181,74.846,1.729,2.311,pose,19.019,13.323,17.077,13.144
2182,74.88,2.419,2.317,bbox,19.019,13.323,17.077,13.144
2183,74.914,2.413,2.318,bbox,19.019,13.323,17.077,13.225
2184,74.949,1.502,2.318,pose,19.094,13.323,17.077,13.276
2185,74.983,,,,19.094,13.323,17.077,13.276
2186,75.017,,,,19.094,13.323,17.077,13.276
2187,75.051,,,,19.094,13.323,17.077,13.276
2188,75.086,,,,19.094,13.323,17.077,13.276
2189,75.12,2.282,2.282,bbox,19.147,13.323,17.077,13.276
2190,75.154,1.521,2.282,pose,19.226,13.323,17.077,13.37
2191,75.189,2.223,2.223,bbox,19.226,13.323,17.077,13.427
2192,75.223,2.211,2.211,bbox,19.226,13.323,17.077,13.466
2193,75.257,1.438,2.211,pose,19.288,13.323,17.077,13.466
2194,75.292,2.148,2.148,bbox,19.327,13.323,17.077,13.466
2195,75.326,2.003,2.148,bbox,19.387,13.323,17.077,13.466
2196,75.36,1.418,2.003,pose,19.387,13.323,17.077,13.466
2197,75.395,1.974,1.974,bbox,19.451,13.323,17.077,13.466
2198,75.429,1.966,1.974,bbox,19.519,13.323,17.077,13.466
2199,75.463,1.382,1.966,pose,19.519,13.323,17.077,13.466
2200,75.498,1.752,1.752,bbox,19.519,13.323,17.077,13.466
2201,75.532,1.753,1.753,bbox,19.519,13.323,17.077,13.466
2202,75.566,1.428,1.752,pose,19.572,13.323,17.077,13.466
2203,75.601,1.556,1.556,bbox,19.636,13.323,17.077,13.466
2204,75.635,1.522,1.556,bbox,19.636,13.323,17.077,13.466
2205,75.669,2.003,1.556,pose,19.636,13.323,17.077,13.466
2206,75.704,1.578,1.556,bbox,19.668,13.323,17.077,13.52
2207,75.738,1.572,1.572,bbox,19.726,13.323,17.077,13.52
2208,75.772,1.79,1.578,pose,19.808,13.323,17.077,13.598
2209,75.806,1.76,1.76,bbox,19.857,13.323,17.077,13.673
2210,75.841,1.792,1.76,bbox,19.892,13.323,17.077,13.711
2211,75.875,1.82,1.79,bbox,19.976,13.323,17.077,13.832
2212,75.909,1.699,1.79,bbox,20.045,13.323,17.077,13.832
2213,75.944,1.685,1.76,bbox,20.114,13.323,17.077,13.832
2214,75.978,1.627,1.699,bbox,20.176,13.323,17.077,13.832
2215,76.012,1.613,1.685,bbox,20.218,13.323,17.077,13.832
2216,76.047,1.581,1.627,bbox,20.218,13.323,17.077,13.832
2217,76.081,1.709,1.627,pose,20.267,13.323,17.077,13.891
2218,76.115,1.514,1.613,bbox,20.297,13.323,17.077,13.962
2219,76.15,1.735,1.613,bbox,20.337,13.323,17.077,13.962
2220,76.184,1.696,1.696,pose,20.337,13.323,17.077,14.041
2221,76.218,1.747,1.709,bbox,20.388,13.323,17.077,14.074
2222,76.253,1.826,1.735,bbox,20.388,13.323,17.077,14.187
2223,76.287,1.821,1.747,pose,20.388,13.323,17.077,14.262
2224,76.321,2.005,1.821,bbox,20.445,13.323,17.077,14.262
2225,76.356,2.091,1.826,bbox,20.445,13.323,17.077,14.362
2226,76.39,1.803,1.826,pose,20.445,13.323,17.077,14.401
2227,76.424,2.305,2.005,bbox,20.445,13.323,17.077,14.401
2228,76.458,2.4,2.091,bbox,20.476,13.323,17.077,14.506
2229,76.493,1.692,2.091,pose,20.476,13.354,17.077,14.551
2230,76.527,2.487,2.305,bbox,20.476,13.354,17.077,14.629
2231,76.561,2.477,2.4,bbox,20.515,13.354,17.077,14.629
2232,76.596,1.784,2.4,pose,20.515,13.354,17.077,14.726
2233,76.63,2.467,2.467,bbox,20.575,13.354,17.077,14.726
2234,76.664,2.433,2.467,bbox,20.575,13.354,17.077,14.726
2235,76.699,1.763,2.433,pose,20.575,13.354,17.077,14.726
2236,76.733,2.422,2.422,bbox,20.575,13.354,17.077,14.726
2237,76.767,2.371,2.422,bbox,20.575,13.354,17.077,14.767
2238,76.802,1.73,2.371,pose,20.606,13.354,17.077,14.767
2239,76.836,2.217,2.217,bbox,20.66,13.354,17.077,14.767
2240,76.87,2.184,2.217,bbox,20.75,13.354,17.077,14.767
2241,76.905,1.733,2.184,pose,20.75,13.354,17.077,14.767
2242,76.939,2.16,2.16,bbox,20.79,13.354,17.077,14.767
2243,76.973,2.118,2.16,bbox,20.79,13.354,17.077,14.767
2244,77.008,1.677,2.118,pose,20.79,13.354,17.077,14.767
2245,77.042,2.089,2.089,bbox,20.79,13.354,17.077,14.767
2246,77.076,2.097,2.097,bbox,20.831,13.354,17.077,14.767
2247,77.111,1.718,2.089,pose,20.831,13.354,17.077,14.767
2248,77.145,2.096,2.089,bbox,20.831,13.354,17.077,14.767
2249,77.179,2.072,2.089,bbox,20.831,13.354,17.077,14.767
2250,77.213,2.061,2.072,bbox,20.831,13.354,17.077,14.767
2251,77.248,2.066,2.066,bbox,20.831,13.354,17.077,14.767
2252,77.282,2.066,2.066,bbox,20.831,13.354,17.077,14.767
2253,77.316,1.661,2.066,pose,20.831,13.354,17.077,14.767
2254,77.351,2.097,2.066,bbox,20.831,13.354,17.077,14.767
2255,77.385,2.111,2.066,bbox,20.831,13.354,17.077,14.767
2256,77.419,1.696,2.066,pose,20.831,13.354,17.077,14.767
2257,77.454,2.105,2.097,bbox,20.831,13.354,17.077,14.767
2258,77.488,2.085,2.097,bbox,20.831,13.354,17.077,14.767
2259,77.522,1.735,2.085,pose,20.831,13.354,17.13,14.767
2260,77.557,2.031,2.031,bbox,20.831,13.398,17.13,14.767
2261,77.591,1.971,2.031,bbox,20.831,13.398,17.13,14.767
2262,77.625,1.657,1.971,pose,20.831,13.398,17.13,14.767
2263,77.66,1.921,1.921,bbox,20.831,13.398,17.185,14.767
2264,77.694,1.888,1.921,bbox,20.831,13.398,17.227,14.767
2265,77.728,1.857,1.888,bbox,20.831,13.398,17.262,14.767
2266,77.763,1.86,1.86,bbox,20.831,13.398,17.293,14.767
2267,77.797,1.844,1.86,bbox,20.831,13.398,17.333,14.767
2268,77.831,1.826,1.857,bbox,20.831,13.398,17.333,14.767
2269,77.865,,,,20.831,13.398,17.333,14.767
2270,77.9,,,,20.831,13.398,17.333,14.767
2271,77.934,1.718,1.844,bbox,20.831,13.398,17.375,14.767
2272,77.968,1.775,1.826,bbox,20.831,13.398,17.425,14.767
2273,78.003,1.832,1.826,bbox,20.831,13.398,17.425,14.767
2274,78.037,1.917,1.826,bbox,20.831,13.47,17.425,14.767
2275,78.071,1.952,1.832,bbox,20.831,13.47,17.425,14.767
2276,78.106,,,,20.831,13.47,17.425,14.767
2277,78.14,1.994,1.917,bbox,20.831,13.47,17.425,14.767
2278,78.174,2.001,1.952,bbox,20.831,13.527,17.425,14.767
2279,78.209,2.047,1.994,bbox,20.831,13.527,17.425,14.767
2280,78.243,2.048,2.001,bbox,20.831,13.587,17.425,14.767
2281,78.277,2.15,2.047,bbox,20.831,13.587,17.425,14.767
2282,78.312,2.099,2.048,bbox,20.831,13.587,17.425,14.767
2283,78.346,2.064,2.064,bbox,20.831,13.587,17.425,14.853
2284,78.38,2.087,2.087,bbox,20.831,13.587,17.425,14.853
2285,78.415,2.191,2.099,bbox,20.831,13.587,17.425,14.853
2286,78.449,2.164,2.099,bbox,20.877,13.587,17.425,14.891
2287,78.483,2.073,2.087,bbox,20.911,13.587,17.425,14.98
2288,78.518,,,,20.911,13.587,17.425,14.98
2289,78.552,,,,20.911,13.587,17.425,14.98
2290,78.586,,,,20.911,13.587,17.425,14.98
2291,78.62,,,,20.911,13.587,17.425,14.98
2292,78.655,,,,20.911,13.587,17.425,14.98
2293,78.689,,,,20.911,13.587,17.425,14.98
2294,78.723,1.61,2.087,bbox,20.944,13.587,17.425,14.98
2295,78.758,1.628,2.073,bbox,20.99,13.587,17.425,14.98
2296,78.792,1.525,1.628,bbox,20.99,13.587,17.425,14.98
2297,78.826,1.487,1.61,bbox,21.056,13.587,17.425,14.98
2298,78.861,1.579,1.579,bbox,21.137,13.587,17.425,15.019
2299,78.895,1.643,1.579,bbox,21.137,13.587,17.425,15.019
2300,78.929,1.887,1.579,bbox,21.137,13.587,17.425,15.088
2301,78.964,1.416,1.579,pose,21.193,13.587,17.425,15.122
2302,78.998,2.039,1.643,bbox,21.193,13.587,17.425,15.122
2303,79.032,1.981,1.887,bbox,21.193,13.587,17.425,15.239
2304,79.067,2.151,1.981,bbox,21.302,13.587,17.425,15.35
2305,79.101,2.162,2.039,bbox,21.302,13.587,17.425,15.35
2306,79.135,2.253,2.151,bbox,21.302,13.636,17.425,15.424
2307,79.17,2.236,2.162,bbox,21.302,13.636,17.425,15.424
2308,79.204,2.418,2.236,bbox,21.302,13.636,17.425,15.424
2309,79.238,2.597,2.253,bbox,21.302,13.636,17.425,15.424
2310,79.272,2.647,2.418,bbox,21.302,13.636,17.425,15.526
2311,79.307,2.699,2.597,bbox,21.302,13.636,17.425,15.632
2312,79.341,2.754,2.647,bbox,21.302,13.636,17.425,15.686
2313,79.375,2.744,2.699,bbox,21.302,13.636,17.425,15.746
2314,79.41,2.675,2.699,bbox,21.302,13.636,17.425,15.806
2315,79.444,2.583,2.699,bbox,21.302,13.636,17.425,15.806
2316,79.478,2.458,2.675,bbox,21.302,13.636,17.425,15.806
2317,79.513,2.364,2.583,bbox,21.373,13.636,17.425,15.806
2318,79.547,2.234,2.458,bbox,21.373,13.636,17.462,15.806
2319,79.581,2.164,2.364,bbox,21.454,13.636,17.495,15.806
2320,79.616,2.02,2.234,bbox,21.509,13.636,17.495,15.806
2321,79.65,1.976,2.164,bbox,21.509,13.636,17.495,15.806
2322,79.684,1.904,2.02,bbox,21.547,13.636,17.495,15.806
2323,79.719,1.886,1.976,bbox,21.547,13.636,17.495,15.806
2324,79.753,1.861,1.904,bbox,21.595,13.636,17.495,15.806
2325,79.787,1.825,1.886,bbox,21.595,13.636,17.495,15.806
2326,79.822,1.793,1.861,bbox,21.628,13.636,17.495,15.806
2327,79.856,1.798,1.825,bbox,21.628,13.636,17.495,15.806
2328,79.89,1.796,1.798,bbox,21.628,13.636,17.495,15.806
2329,79.925,1.795,1.796,bbox,21.628,13.636,17.495,15.806
2330,79.959,1.81,1.796,bbox,21.628,13.636,17.495,15.806
2331,79.993,1.435,1.796,pose,21.628,13.636,17.495,15.806
2332,80.027,1.836,1.796,bbox,21.628,13.636,17.495,15.806
2333,80.062,1.852,1.81,bbox,21.628,13.636,17.495,15.806
2334,80.096,1.885,1.836,bbox,21.628,13.636,17.495,15.806
2335,80.13,1.897,1.852,bbox,21.628,13.636,17.495,15.806
2336,80.165,1.91,1.885,bbox,21.628,13.681,17.495,15.806
2337,80.199,1.672,1.885,pose,21.628,13.681,17.495,15.806
2338,80.233,1.959,1.897,bbox,21.628,13.681,17.495,15.806
2339,80.268,1.945,1.91,bbox,21.628,13.681,17.495,15.806
2340,80.302,1.942,1.942,bbox,21.628,13.681,17.495,15.806
2341,80.336,1.944,1.944,bbox,21.628,13.681,17.495,15.806
2342,80.371,1.934,1.944,bbox,21.628,13.681,17.532,15.806
2343,80.405,1.923,1.942,bbox,21.628,13.681,17.532,15.806
2344,80.439,1.885,1.934,bbox,21.628,13.681,17.532,15.806
2345,80.474,1.81,1.923,bbox,21.628,13.681,17.532,15.806
2346,80.508,1.782,1.885,bbox,21.672,13.681,17.532,15.806
2347,80.542,1.799,1.81,bbox,21.672,13.681,17.532,15.806
2348,80.577,1.849,1.81,bbox,21.704,13.681,17.532,15.806
2349,80.611,1.79,1.799,bbox,21.704,13.681,17.532,15.806
2350,80.645,1.703,1.79,bbox,21.704,13.681,17.574,15.806
2351,80.679,1.715,1.79,bbox,21.704,13.681,17.628,15.806
2352,80.714,1.622,1.715,bbox,21.704,13.681,17.711,15.806
2353,80.748,1.704,1.704,bbox,21.704,13.681,17.711,15.806
2354,80.782,1.906,1.704,bbox,21.704,13.681,17.788,15.806
2355,80.817,1.853,1.715,bbox,21.704,13.681,17.891,15.806
2356,80.851,1.786,1.786,bbox,21.704,13.681,17.891,15.806
2357,80.885,1.917,1.853,bbox,21.704,13.681,17.891,15.806
2358,80.92,1.951,1.906,bbox,21.704,13.681,17.891,15.897
2359,80.954,1.952,1.917,bbox,21.704,13.681,17.891,15.94
2360,80.988,1.976,1.951,bbox,21.704,13.719,17.891,16.01
2361,81.023,2.027,1.952,bbox,21.704,13.719,17.891,16.07
2362,81.057,2.036,1.976,bbox,21.704,13.755,17.891,16.07
2363,81.091,2.074,2.027,bbox,21.704,13.755,17.891,16.175
2364,81.126,1.621,2.027,pose,21.704,13.755,17.891,16.217
2365,81.16,2.129,2.036,bbox,21.704,13.755,17.891,16.217
2366,81.194,2.109,2.074,bbox,21.704,13.755,17.891,16.217
2367,81.229,1.703,2.074,pose,21.738,13.755,17.891,16.217
2368,81.263,1.98,1.98,bbox,21.738,13.755,17.891,16.217
2369,81.297,1.907,1.98,bbox,21.801,13.755,17.891,16.217
2370,81.332,1.792,1.907,bbox,21.855,13.755,17.891,16.217
2371,81.366,1.701,1.792,bbox,21.899,13.755,17.922,16.217
2372,81.4,1.698,1.792,bbox,21.929,13.755,18.003,16.217
2373,81.434,1.342,1.701,pose,22.044,13.755,18.003,16.217
2374,81.469,1.606,1.698,bbox,22.094,13.755,18.003,16.217
2375,81.503,1.629,1.629,bbox,22.094,13.755,18.003,16.217
2376,81.537,1.233,1.606,pose,22.167,13.755,18.003,16.217
2377,81.572,1.715,1.606,bbox,22.167,13.755,18.003,16.217
2378,81.606,1.704,1.629,bbox,22.167,13.755,18.003,16.217
2379,81.64,1.283,1.629,pose,22.167,13.755,18.003,16.217
2380,81.675,1.643,1.643,bbox,22.219,13.755,18.003,16.217
2381,81.709,1.605,1.643,bbox,22.219,13.755,18.003,16.217
2382,81.743,1.308,1.605,pose,22.219,13.755,18.003,16.217
2383,81.778,1.538,1.538,bbox,22.219,13.755,18.003,16.217
2384,81.812,1.586,1.586,bbox,22.219,13.755,18.003,16.217
2385,81.846,1.168,1.538,pose,22.219,13.787,18.003,16.217
2386,81.881,1.619,1.538,bbox,22.219,13.787,18.003,16.274
2387,81.915,1.536,1.538,bbox,22.25,13.787,18.003,16.274
2388,81.949,1.048,1.536,pose,22.25,13.787,18.003,16.274
2389,81.984,1.607,1.536,bbox,22.25,13.787,18.003,16.357
2390,82.018,1.577,1.577,bbox,22.342,13.787,18.003,16.357
2391,82.052,2.044,1.577,pose,22.342,13.787,18.003,16.357
2392,82.086,1.614,1.607,bbox,22.382,13.787,18.003,16.357
2393,82.121,1.648,1.614,bbox,22.453,13.787,18.003,16.357
2394,82.155,1.087,1.614,pose,22.493,13.787,18.003,16.357
2395,82.189,1.568,1.614,bbox,22.493,13.787,18.003,16.357
2396,82.224,1.552,1.568,bbox,22.493,13.787,18.003,16.357
2397,82.258,1.079,1.552,pose,22.551,13.787,18.003,16.357
2398,82.292,1.453,1.453,bbox,22.551,13.787,18.045,16.357
2399,82.327,1.425,1.453,bbox,22.551,13.787,18.045,16.357
2400,82.361,1.382,1.425,bbox,22.551,13.787,18.089,16.357
2401,82.395,1.329,1.382,bbox,22.551,13.787,18.089,16.357
2402,82.43,1.269,1.382,bbox,22.551,13.787,18.089,16.357
2403,82.464,1.251,1.329,bbox,22.551,13.787,18.142,16.357
2404,82.498,1.327,1.327,bbox,22.551,13.787,18.198,16.357
2405,82.533,1.289,1.289,bbox,22.551,13.787,18.198,16.357
2406,82.567,1.133,1.269,bbox,22.551,13.787,18.198,16.357
2407,82.601,1.075,1.251,bbox,22.551,13.787,18.239,16.357
2408,82.636,1.074,1.133,bbox,22.551,13.787,18.293,16.357
2409,82.67,0.807,1.075,pose,22.551,13.787,18.293,16.357
2410,82.704,1.114,1.075,bbox,22.551,13.787,18.293,16.357
2411,82.739,1.081,1.075,bbox,22.551,13.787,18.293,16.357
2412,82.773,1.083,1.081,bbox,22.551,13.787,18.293,16.357
2413,82.807,1.069,1.081,bbox,22.551,13.787,18.293,16.357
2414,82.841,1.036,1.081,bbox,22.551,13.787,18.293,16.357
2415,82.876,0.621,1.069,pose,22.551,13.787,18.293,16.357
2416,82.91,0.981,1.036,bbox,22.551,13.787,18.293,16.357
2417,82.944,0.812,0.981,bbox,22.551,13.787,18.293,16.357
2418,82.979,0.744,0.812,bbox,22.551,13.787,18.416,16.357
2419,83.013,0.717,0.744,bbox,22.551,13.787,18.416,16.357
2420,83.047,0.74,0.744,bbox,22.551,13.787,18.416,16.357
2421,83.082,0.975,0.744,pose,22.551,13.787,18.416,16.357
2422,83.116,0.828,0.744,bbox,22.551,13.787,18.416,16.357
2423,83.15,0.806,0.806,bbox,22.551,13.787,18.416,16.44
2424,83.185,0.631,0.806,pose,22.551,13.787,18.416,16.44
2425,83.219,0.614,0.806,bbox,22.551,13.787,18.416,16.44
2426,83.253,0.563,0.631,bbox,22.584,13.787,18.45,16.44
2427,83.288,0.469,0.614,bbox,22.634,13.787,18.45,16.44
2428,83.322,0.473,0.563,bbox,22.634,13.787,18.45,16.44
2429,83.356,0.449,0.473,bbox,22.634,13.787,18.543,16.44
2430,83.391,0.499,0.473,bbox,22.634,13.787,18.543,16.44
2431,83.425,,,,22.634,13.787,18.543,16.44
2432,83.459,,,,22.634,13.787,18.543,16.44
2433,83.493,0.6,0.473,bbox,22.634,13.787,18.543,16.44
2434,83.528,0.6,0.499,bbox,22.634,13.787,18.543,16.44
2435,83.562,0.613,0.6,bbox,22.634,13.787,18.543,16.44
2436,83.596,0.622,0.6,bbox,22.634,13.787,18.543,16.44
2437,83.631,0.609,0.609,bbox,22.634,13.935,18.543,16.44
2438,83.665,0.597,0.609,bbox,22.634,13.935,18.543,16.44
2439,83.699,0.591,0.609,bbox,22.634,13.935,18.543,16.44
2440,83.734,0.626,0.609,bbox,22.634,13.935,18.543,16.44
2441,83.768,0.613,0.609,bbox,22.634,13.935,18.543,16.44
2442,83.802,0.606,0.606,bbox,22.634,13.935,18.543,16.44
2443,83.837,0.606,0.606,bbox,22.634,13.935,18.543,16.44
2444,83.871,0.627,0.613,bbox,22.634,13.935,18.543,16.44
2445,83.905,0.624,0.613,bbox,22.634,13.935,18.543,16.44
2446,83.94,0.623,0.623,bbox,22.634,13.935,18.543,16.44
2447,83.974,0.602,0.623,bbox,22.634,13.935,18.543,16.44
2448,84.008,0.586,0.623,bbox,22.634,13.935,18.543,16.44
2449,84.043,0.592,0.602,bbox,22.68,13.935,18.543,16.44
2450,84.077,0.593,0.593,bbox,22.68,13.935,18.543,16.44
2451,84.111,0.585,0.592,bbox,22.68,13.935,18.543,16.44
2452,84.146,0.597,0.592,bbox,22.68,13.935,18.543,16.44
2453,84.18,0.599,0.593,bbox,22.68,13.935,18.543,16.44
2454,84.214,0.609,0.597,bbox,22.68,13.935,18.543,16.44
2455,84.248,0.619,0.599,bbox,22.68,13.935,18.543,16.44
2456,84.283,0.623,0.609,bbox,22.68,13.935,18.543,16.44
2457,84.317,0.629,0.619,bbox,22.68,13.935,18.543,16.44
2458,84.351,0.631,0.623,bbox,22.68,13.935,18.543,16.44
2459,84.386,0.666,0.629,bbox,22.68,13.935,18.543,16.44
2460,84.42,0.67,0.631,bbox,22.68,13.935,18.543,16.44
2461,84.454,0.71,0.666,bbox,22.68,13.935,18.543,16.44
2462,84.489,0.767,0.67,bbox,22.68,13.935,18.543,16.44
2463,84.523,0.739,0.71,bbox,22.68,13.99,18.543,16.44
2464,84.557,0.748,0.739,bbox,22.68,13.99,18.543,16.44
2465,84.592,0.801,0.748,bbox,22.68,13.99,18.543,16.44
2466,84.626,0.853,0.767,bbox,22.68,13.99,18.543,16.44
2467,84.66,0.939,0.801,bbox,22.68,13.99,18.543,16.44
2468,84.695,0.856,0.853,bbox,22.68,14.05,18.543,16.44
2469,84.729,0.933,0.856,bbox,22.68,14.167,18.543,16.44
2470,84.763,1.032,0.933,bbox,22.68,14.218,18.543,16.44
2471,84.798,0.997,0.939,bbox,22.68,14.285,18.543,16.44
2472,84.832,1.094,0.997,bbox,22.68,14.285,18.543,16.44
2473,84.866,1.156,1.032,bbox,22.68,14.285,18.543,16.44
2474,84.9,1.27,1.094,bbox,22.68,14.365,18.543,16.476
2475,84.935,1.176,1.156,bbox,22.68,14.365,18.543,16.476
2476,84.969,1.253,1.176,bbox,22.68,14.426,18.543,16.476
2477,85.003,1.332,1.253,bbox,22.68,14.426,18.543,16.476
2478,85.038,1.417,1.27,bbox,22.68,14.426,18.543,16.559
2479,85.072,1.386,1.332,bbox,22.68,14.426,18.543,16.595
2480,85.106,1.39,1.386,bbox,22.68,14.426,18.543,16.628
2481,85.141,1.414,1.39,bbox,22.68,14.426,18.543,16.659
2482,85.175,1.419,1.414,bbox,22.68,14.466,18.543,16.659
2483,85.209,1.376,1.39,bbox,22.68,14.466,18.543,16.659
2484,85.244,1.452,1.414,bbox,22.68,14.466,18.543,16.659
2485,85.278,1.365,1.414,bbox,22.68,14.538,18.543,16.659
2486,85.312,1.377,1.377,bbox,22.68,14.538,18.543,16.659
2487,85.347,1.443,1.377,bbox,22.68,14.538,18.543,16.659
2488,85.381,1.475,1.443,bbox,22.68,14.538,18.543,16.659
2489,85.415,1.491,1.443,bbox,22.68,14.59,18.543,16.659
2490,85.45,1.525,1.475,bbox,22.68,14.59,18.543,16.659
2491,85.484,,,,22.68,14.59,18.543,16.659
2492,85.518,,,,22.68,14.59,18.543,16.659
2493,85.553,,,,22.68,14.59,18.543,16.659
2494,85.587,3.859,1.491,bbox,22.68,14.59,18.543,16.659
2495,85.621,3.817,1.525,bbox,22.73,14.59,18.543,16.659
2496,85.655,3.75,3.75,pose,22.73,14.59,18.543,16.659
2497,85.69,3.8,3.8,bbox,22.73,14.59,18.543,16.659
2498,85.724,3.785,3.8,bbox,22.73,14.59,18.543,16.659
2499,85.758,3.601,3.785,pose,22.73,14.59,18.543,16.659
2500,85.793,3.718,3.75,bbox,22.73,14.59,18.588,16.659
2501,85.827,3.67,3.718,bbox,22.73,14.59,18.618,16.659
2502,85.861,3.15,3.67,pose,22.73,14.59,18.618,16.659
2503,85.896,3.634,3.634,bbox,22.764,14.59,18.665,16.659
2504,85.93,3.628,3.634,bbox,22.805,14.59,18.704,16.659
2505,85.964,3.029,3.628,pose,22.805,14.59,18.704,16.659
2506,85.999,3.683,3.628,bbox,22.873,14.59,18.704,16.659
2507,86.033,3.708,3.634,bbox,22.873,14.59,18.704,16.659
2508,86.067,3.109,3.628,pose,22.873,14.59,18.704,16.659
2509,86.102,3.607,3.607,bbox,22.873,14.59,18.704,16.659
2510,86.136,3.556,3.607,bbox,22.873,14.59,18.704,16.659
2511,86.17,3.477,3.556,bbox,22.873,14.59,18.739,16.659
2512,86.205,3.394,3.477,bbox,22.873,14.59,18.739,16.659
2513,86.239,3.245,3.477,bbox,22.91,14.59,18.785,16.659
2514,86.273,2.825,3.394,pose,22.971,14.59,18.785,16.659
2515,86.307,3.17,3.245,bbox,22.971,14.59,18.785,16.659
2516,86.342,3.127,3.17,bbox,22.971,14.59,18.851,16.659
2517,86.376,3.137,3.137,bbox,22.971,14.59,18.851,16.659
2518,86.41,3.119,3.127,bbox,22.971,14.59,18.851,16.659
2519,86.445,3.156,3.137,bbox,22.971,14.59,18.851,16.659
2520,86.479,2.399,3.127,pose,22.971,14.59,18.851,16.659
2521,86.513,2.999,3.119,bbox,22.971,14.59,18.851,16.659
2522,86.548,3.043,3.043,bbox,22.971,14.59,18.851,16.659
2523,86.582,2.323,2.999,pose,22.971,14.59,18.917,16.659
2524,86.616,2.967,2.967,bbox,23.007,14.59,18.967,16.659
2525,86.651,2.896,2.967,bbox,23.007,14.59,18.967,16.659
2526,86.685,2.177,2.896,pose,23.007,14.59,19.037,16.659
2527,86.719,2.917,2.896,bbox,23.007,14.621,19.037,16.659
2528,86.754,2.833,2.896,bbox,23.037,14.621,19.094,16.659
2529,86.788,2.126,2.833,pose,23.037,14.651,19.094,16.659
2530,86.822,2.852,2.833,bbox,23.037,14.651,19.125,16.659
2531,86.857,2.871,2.852,bbox,23.069,14.651,19.125,16.659
2532,86.891,2.246,2.833,pose,23.069,14.651,19.125,16.659
2533,86.925,2.9,2.852,bbox,23.069,14.651,19.125,16.659
2534,86.96,2.88,2.871,bbox,23.069,14.651,19.125,16.659
2535,86.994,2.252,2.871,pose,23.069,14.651,19.125,16.659
2536,87.028,2.875,2.875,bbox,23.069,14.651,19.168,16.659
2537,87.062,2.896,2.88,bbox,23.069,14.7,19.168,16.659
2538,87.097,2.218,2.875,pose,23.069,14.7,19.168,16.659
2539,87.131,2.94,2.875,bbox,23.069,14.749,19.216,16.659
2540,87.165,3.015,2.896,bbox,23.069,14.749,19.216,16.659
2541,87.2,2.429,2.896,pose,23.069,14.749,19.216,16.659
2542,87.234,3.08,2.94,bbox,23.069,14.749,19.216,16.659
2543,87.268,3.136,3.015,bbox,23.069,14.749,19.216,16.659
2544,87.303,2.533,3.015,pose,23.069,14.749,19.216,16.659
2545,87.337,3.224,3.08,bbox,23.069,14.749,19.216,16.659
2546,87.371,3.24,3.136,bbox,23.069,14.749,19.216,16.659
2547,87.406,2.491,3.136,pose,23.069,14.749,19.216,16.659
2548,87.44,3.235,3.224,bbox,23.069,14.749,19.216,16.694
2549,87.474,3.218,3.224,bbox,23.069,14.749,19.216,16.694
2550,87.509,2.403,3.218,pose,23.069,14.749,19.216,16.694
2551,87.543,3.203,3.203,bbox,23.069,14.786,19.216,16.694
2552,87.577,3.16,3.203,bbox,23.069,14.786,19.216,16.694
2553,87.612,2.44,3.16,pose,23.117,14.786,19.216,16.694
2554,87.646,3.259,3.16,bbox,23.117,14.786,19.216,16.694
2555,87.68,3.27,3.203,bbox,23.117,14.786,19.216,16.724
2556,87.714,2.532,3.16,pose,23.117,14.786,19.216,16.724
2557,87.749,3.42,3.259,bbox,23.117,14.786,19.216,16.724
2558,87.783,3.469,3.27,bbox,23.117,14.786,19.216,16.724
2559,87.817,2.516,3.27,pose,23.117,14.786,19.216,16.724
2560,87.852,3.363,3.363,bbox,23.117,14.786,19.216,16.724
2561,87.886,3.266,3.363,bbox,23.117,14.786,19.216,16.724
2562,87.92,2.16,3.266,pose,23.154,14.786,19.216,16.724
2563,87.955,3.15,3.15,bbox,23.154,14.786,19.216,16.724
2564,87.989,3.071,3.15,bbox,23.263,14.786,19.216,16.724
2565,88.023,1.937,3.071,pose,23.263,14.786,19.216,16.724
2566,88.058,3.086,3.071,bbox,23.334,14.786,19.216,16.724
2567,88.092,3.013,3.071,bbox,23.473,14.786,19.216,16.724
2568,88.126,2.379,3.013,pose,23.473,14.786,19.216,16.724
2569,88.161,2.81,2.81,bbox,23.473,14.786,19.216,16.724
2570,88.195,2.806,2.81,bbox,23.527,14.786,19.216,16.724
2571,88.229,2.118,2.806,pose,23.636,14.786,19.216,16.724
2572,88.264,2.911,2.806,bbox,23.636,14.786,19.216,16.789
2573,88.298,2.738,2.806,bbox,23.636,14.786,19.216,16.789
2574,88.332,2.527,2.738,pose,23.669,14.786,19.216,16.84
2575,88.367,2.694,2.694,bbox,23.759,14.786,19.216,16.84
2576,88.401,2.578,2.694,bbox,23.813,14.786,19.216,16.911
2577,88.435,2.372,2.578,pose,23.813,14.786,19.216,16.911
2578,88.469,2.703,2.578,bbox,23.919,14.786,19.216,16.911
2579,88.504,2.771,2.694,bbox,23.919,14.786,19.216,16.911
2580,88.538,2.761,2.703,bbox,23.919,14.817,19.216,16.911
2581,88.572,2.637,2.703,bbox,23.919,14.817,19.216,16.911
2582,88.607,2.562,2.703,bbox,23.969,14.817,19.216,16.911
2583,88.641,2.199,2.637,pose,23.969,14.817,19.216,16.911
2584,88.675,2.349,2.562,bbox,24.047,14.817,19.216,16.911
2585,88.71,2.348,2.349,bbox,24.082,14.817,19.216,16.911
2586,88.744,2.249,2.348,bbox,24.082,14.817,19.316,16.911
2587,88.778,2.201,2.249,bbox,24.082,14.878,19.39,16.911
2588,88.813,2.192,2.249,bbox,24.082,14.878,19.39,16.911
2589,88.847,2.37,2.249,bbox,24.082,14.955,19.436,16.911
2590,88.881,2.434,2.249,bbox,24.082,14.955,19.436,16.911
2591,88.916,2.235,2.235,bbox,24.082,15.102,19.485,16.911
2592,88.95,2.235,2.235,bbox,24.082,15.102,19.555,16.911
2593,88.984,2.367,2.367,bbox,24.082,15.2,19.555,16.911
2594,89.019,2.266,2.266,bbox,24.082,15.299,19.669,16.911
2595,89.053,2.12,2.235,bbox,24.082,15.439,19.669,16.911
2596,89.087,2.082,2.235,bbox,24.082,15.439,19.669,16.911
2597,89.121,2.077,2.12,bbox,24.082,15.491,19.807,16.911
2598,89.156,1.933,2.082,bbox,24.082,15.547,19.919,16.911
2599,89.19,1.814,2.077,bbox,24.082,15.583,20.013,16.911
2600,89.224,1.704,1.933,bbox,24.082,15.583,20.131,16.911
2601,89.259,1.639,1.814,bbox,24.082,15.583,20.131,16.911
2602,89.293,1.583,1.704,bbox,24.082,15.583,20.211,16.911
2603,89.327,1.573,1.639,bbox,24.082,15.583,20.312,16.911
2604,89.362,1.479,1.583,bbox,24.082,15.675,20.35,16.911
2605,89.396,1.455,1.573,bbox,24.082,15.675,20.415,16.911
2606,89.43,1.358,1.479,bbox,24.082,15.675,20.504,16.911
2607,89.465,0.513,1.455,pose,24.082,15.762,20.538,16.911
2608,89.499,1.381,1.381,bbox,24.082,15.792,20.605,16.911
2609,89.533,1.37,1.37,bbox,24.082,15.895,20.709,16.911
2610,89.568,0.689,1.358,pose,24.082,15.959,20.709,16.911
2611,89.602,1.442,1.37,bbox,24.082,15.991,20.808,16.911
2612,89.636,1.501,1.381,bbox,24.082,15.991,20.808,16.911
2613,89.671,0.962,1.37,pose,24.082,16.086,20.808,16.945
2614,89.705,1.579,1.442,bbox,24.082,16.086,20.808,16.945
2615,89.739,1.607,1.501,bbox,24.082,16.149,20.808,16.945
2616,89.774,1.231,1.501,pose,24.082,16.149,20.808,16.945
2617,89.808,1.595,1.579,bbox,24.082,16.194,20.808,16.945
2618,89.842,1.644,1.595,bbox,24.082,16.237,20.808,16.945
2619,89.876,1.358,1.595,pose,24.082,16.237,20.808,16.945
2620,89.911,1.645,1.595,bbox,24.082,16.237,20.808,16.945
2621,89.945,1.628,1.628,bbox,24.082,16.283,20.808,16.945
2622,89.979,1.401,1.628,pose,24.082,16.283,20.808,16.945
2623,90.014,1.638,1.628,bbox,24.082,16.283,20.808,16.945
2624,90.048,1.652,1.638,bbox,24.082,16.283,20.808,16.945
2625,90.082,1.55,1.628,pose,24.082,16.283,20.808,16.945
2626,90.117,1.712,1.638,bbox,24.082,16.283,20.808,16.987
2627,90.151,1.75,1.652,bbox,24.082,16.283,20.808,16.987
2628,90.185,1.694,1.694,pose,24.082,16.319,20.808,16.987
2629,90.22,1.868,1.712,bbox,24.082,16.319,20.808,17.053
2630,90.254,,,,24.082,16.319,20.808,17.053
2631,90.288,,,,24.082,16.319,20.808,17.053
2632,90.323,,,,24.082,16.319,20.808,17.053
2633,90.357,4.97,1.75,bbox,24.082,16.319,20.808,17.053
2634,90.391,4.946,1.868,bbox,24.082,16.378,20.808,17.14
2635,90.426,4.909,4.909,bbox,24.082,16.509,20.808,17.14
2636,90.46,4.847,4.909,bbox,24.082,16.509,20.808,17.14
2637,90.494,4.842,4.909,bbox,24.082,16.569,20.808,17.14
2638,90.528,4.791,4.847,bbox,24.141,16.569,20.808,17.14
2639,90.563,4.754,4.842,bbox,24.141,16.569,20.808,17.14
2640,90.597,4.701,4.791,pose,24.141,16.569,20.808,17.14
2641,90.631,4.767,4.767,bbox,24.141,16.569,20.808,17.14
2642,90.666,4.784,4.767,bbox,24.141,16.569,20.808,17.14
2643,90.7,4.687,4.754,pose,24.141,16.569,20.808,17.14
2644,90.734,4.755,4.755,bbox,24.141,16.569,20.808,17.14
2645,90.769,4.72,4.755,bbox,24.141,16.569,20.808,17.14
2646,90.803,4.548,4.72,pose,24.141,16.569,20.808,17.14
2647,90.837,4.702,4.702,bbox,24.141,16.569,20.808,17.14
2648,90.872,4.685,4.702,bbox,24.141,16.569,20.808,17.14
2649,90.906,4.566,4.685,pose,24.141,16.569,20.808,17.14
2650,90.94,4.642,4.642,bbox,24.141,16.569,20.808,17.14
2651,90.975,4.648,4.648,bbox,24.141,16.569,20.808,17.14
2652,91.009,4.332,4.642,pose,24.141,16.569,20.808,17.14
2653,91.043,4.593,4.593,bbox,24.141,16.569,20.808,17.14
2654,91.078,4.552,4.593,bbox,24.141,16.569,20.808,17.14
2655,91.112,4.231,4.552,pose,24.141,16.569,20.808,17.14
2656,91.146,4.536,4.536,bbox,24.141,16.569,20.808,17.14
2657,91.181,4.508,4.536,bbox,24.141,16.569,20.808,17.14
2658,91.215,4.325,4.508,pose,24.141,16.569,20.808,17.14
2659,91.249,4.483,4.483,bbox,24.141,16.569,20.808,17.14
2660,91.283,4.47,4.483,bbox,24.141,16.569,20.808,17.14
2661,91.318,4.103,4.47,pose,24.141,16.569,20.808,17.14
2662,91.352,4.484,4.47,bbox,24.141,16.569,20.808,17.14
2663,91.386,4.478,4.478,bbox,24.141,16.569,20.808,17.14
2664,91.421,4.15,4.47,pose,24.141,16.569,20.808,17.14
2665,91.455,4.444,4.444,bbox,24.141,16.569,20.808,17.14
2666,91.489,4.435,4.444,bbox,24.141,16.569,20.839,17.14
2667,91.524,4.186,4.435,pose,24.141,16.569,20.839,17.14
2668,91.558,4.417,4.417,bbox,24.141,16.569,20.839,17.14
2669,91.592,4.385,4.417,bbox,24.141,16.569,20.839,17.14
2670,91.627,4.172,4.385,pose,24.141,16.569,20.839,17.14
2671,91.661,4.341,4.341,bbox,24.141,16.569,20.839,17.14
2672,91.695,4.304,4.341,bbox,24.141,16.569,20.839,17.14
2673,91.73,4.072,4.304,pose,24.141,16.569,20.886,17.14
2674,91.764,4.244,4.244,bbox,24.141,16.569,20.886,17.14
2675,91.798,4.215,4.244,bbox,24.141,16.569,20.886,17.14
2676,91.833,4.268,4.244,bbox,24.141,16.569,20.886,17.14
2677,91.867,4.194,4.215,bbox,24.141,16.569,20.886,17.14
2678,91.901,4.104,4.215,bbox,24.141,16.569,20.886,17.14
2679,91.935,3.626,4.194,pose,24.141,16.569,20.886,17.14
2680,91.97,4.104,4.104,bbox,24.141,16.569,20.886,17.14
2681,92.004,4.034,4.104,bbox,24.197,16.569,20.925,17.14
2682,92.038,3.974,4.034,bbox,24.197,16.569,20.964,17.14
2683,92.073,3.898,3.974,bbox,24.197,16.569,20.964,17.14
2684,92.107,3.878,3.974,bbox,24.291,16.569,21.026,17.14
2685,92.141,3.304,3.898,pose,24.291,16.569,21.026,17.14
2686,92.176,3.934,3.898,bbox,24.338,16.569,21.056,17.14
2687,92.21,3.916,3.898,bbox,24.338,16.569,21.056,17.14
2688,92.244,3.27,3.878,pose,24.338,16.569,21.056,17.14
2689,92.279,3.855,3.855,bbox,24.338,16.569,21.056,17.14
2690,92.313,3.807,3.855,bbox,24.373,16.569,21.056,17.14
2691,92.347,3.299,3.807,pose,24.373,16.569,21.056,17.14
2692,92.382,3.685,3.685,bbox,24.373,16.569,21.096,17.14
2693,92.416,3.59,3.685,bbox,24.442,16.569,21.096,17.14
2694,92.45,3.474,3.59,bbox,24.442,16.569,21.14,17.14
2695,92.485,3.375,3.474,bbox,24.486,16.569,21.173,17.14
2696,92.519,3.312,3.474,bbox,24.486,16.569,21.217,17.14
2697,92.553,3.166,3.375,pose,24.486,16.569,21.217,17.14
2698,92.588,3.294,3.312,bbox,24.549,16.569,21.256,17.14
2699,92.622,3.283,3.294,bbox,24.58,16.569,21.256,17.14
2700,92.656,2.924,3.283,pose,24.58,16.569,21.256,17.14
2701,92.69,3.233,3.233,bbox,24.617,16.569,21.256,17.14
2702,92.725,3.247,3.247,bbox,24.617,16.569,21.286,17.14
2703,92.759,3.236,3.236,bbox,24.617,16.569,21.326,17.14
2704,92.793,3.202,3.233,bbox,24.617,16.569,21.326,17.14
2705,92.828,3.192,3.233,bbox,24.617,16.569,21.326,17.14
2706,92.862,2.537,3.202,pose,24.617,16.569,21.326,17.14
2707,92.896,3.171,3.192,bbox,24.617,16.569,21.364,17.14
2708,92.931,3.066,3.171,bbox,24.617,16.569,21.364,17.14
2709,92.965,2.386,3.066,pose,24.617,16.569,21.396,17.14
2710,92.999,3.091,3.066,bbox,24.617,16.569,21.396,17.14
2711,93.034,3.031,3.066,bbox,24.617,16.569,21.468,17.14
2712,93.068,2.348,3.031,pose,24.617,16.569,21.468,17.14
2713,93.102,3.012,3.012,bbox,24.617,16.569,21.468,17.14
2714,93.137,2.987,3.012,bbox,24.617,16.569,21.501,17.14
2715,93.171,2.381,2.987,pose,24.617,16.569,21.559,17.14
2716,93.205,2.938,2.938,bbox,24.617,16.569,21.559,17.14
2717,93.24,2.94,2.94,bbox,24.617,16.569,21.559,17.14
2718,93.274,2.383,2.938,pose,24.617,16.569,21.559,17.14
2719,93.308,2.942,2.938,bbox,24.617,16.621,21.59,17.14
2720,93.342,2.915,2.938,bbox,24.617,16.621,21.59,17.14
2721,93.377,2.375,2.915,pose,24.617,16.621,21.59,17.14
2722,93.411,2.953,2.915,bbox,24.617,16.658,21.59,17.14
2723,93.445,2.997,2.942,bbox,24.617,16.658,21.59,17.14
2724,93.48,2.46,2.915,pose,24.617,16.658,21.59,17.14
2725,93.514,3.115,2.953,bbox,24.617,16.658,21.59,17.171
2726,93.548,3.144,2.997,bbox,24.617,16.658,21.59,17.171
2727,93.583,2.53,2.997,pose,24.617,16.658,21.59,17.171
2728,93.617,3.24,3.115,bbox,24.617,16.658,21.59,17.171
2729,93.651,3.241,3.144,bbox,24.617,16.658,21.59,17.171
2730,93.686,2.536,3.144,pose,24.617,16.658,21.59,17.171
2731,93.72,3.217,3.217,bbox,24.617,16.658,21.59,17.171
2732,93.754,3.197,3.217,bbox,24.617,16.658,21.59,17.171
2733,93.789,2.484,3.197,pose,24.617,16.658,21.59,17.171
2734,93.823,3.191,3.191,bbox,24.617,16.658,21.59,17.171
2735,93.857,3.191,3.191,bbox,24.617,16.658,21.59,17.171
2736,93.892,2.492,3.191,pose,24.617,16.658,21.59,17.171
2737,93.926,3.225,3.191,bbox,24.617,16.658,21.59,17.171
2738,93.96,3.239,3.191,bbox,24.617,16.658,21.59,17.171
2739,93.995,2.534,3.191,pose,24.617,16.658,21.59,17.171
2740,94.029,3.286,3.225,bbox,24.617,16.658,21.59,17.171
2741,94.063,3.285,3.239,bbox,24.617,16.658,21.59,17.171
2742,94.097,2.548,3.239,pose,24.617,16.658,21.59,17.171
2743,94.132,3.273,3.273,bbox,24.617,16.658,21.59,17.171
2744,94.166,3.272,3.273,bbox,24.617,16.658,21.59,17.171
2745,94.2,2.588,3.272,pose,24.617,16.658,21.59,17.171
2746,94.235,3.302,3.272,bbox,24.617,16.658,21.59,17.171
2747,94.269,3.295,3.273,bbox,24.617,16.692,21.59,17.171
2748,94.303,2.684,3.272,pose,24.617,16.752,21.59,17.171
2749,94.338,3.257,3.257,bbox,24.617,16.752,21.59,17.171
2750,94.372,3.211,3.257,bbox,24.617,16.752,21.59,17.171
2751,94.406,2.651,3.211,pose,24.617,16.752,21.59,17.171
2752,94.441,3.128,3.128,bbox,24.617,16.807,21.59,17.171
2753,94.475,3.114,3.128,bbox,24.617,16.807,21.636,17.171
2754,94.509,2.621,3.114,pose,24.617,16.807,21.636,17.171
2755,94.544,3.26,3.114,bbox,24.617,16.807,21.704,17.171
2756,94.578,3.3,3.128,bbox,24.617,16.807,21.704,17.171
2757,94.612,2.457,3.114,pose,24.617,16.807,21.704,17.171
2758,94.647,3.224,3.224,bbox,24.617,16.864,21.704,17.171
2759,94.681,3.22,3.224,bbox,24.617,16.864,21.704,17.171
2760,94.715,2.252,3.22,pose,24.617,16.864,21.748,17.171
2761,94.749,3.043,3.043,bbox,24.617,16.864,21.748,17.171
2762,94.784,3.015,3.043,bbox,24.617,16.864,21.748,17.171
2763,94.818,2.195,3.015,pose,24.617,16.864,21.865,17.171
2764,94.852,2.916,2.916,bbox,24.617,16.864,21.903,17.171
2765,94.887,2.905,2.916,bbox,24.617,16.864,21.903,17.171
2766,94.921,2.112,2.905,pose,24.617,16.864,21.981,17.171
2767,94.955,2.838,2.838,bbox,24.617,16.864,21.981,17.171
2768,94.99,2.809,2.838,bbox,24.617,16.864,22.023,17.171
2769,95.024,2.096,2.809,pose,24.617,16.864,22.023,17.171
2770,95.058,3.001,2.809,bbox,24.617,16.864,22.074,17.171
2771,95.093,3.037,2.838,bbox,24.617,16.94,22.074,17.171
2772,95.127,2.387,2.809,pose,24.617,16.999,22.074,17.171
2773,95.161,3.145,3.001,bbox,24.617,16.999,22.074,17.208
2774,95.196,3.181,3.037,bbox,24.617,16.999,22.074,17.208
2775,95.23,2.475,3.037,pose,24.617,17.059,22.074,17.208
2776,95.264,3.211,3.145,bbox,24.617,17.059,22.074,17.208
2777,95.299,3.257,3.181,bbox,24.617,17.097,22.074,17.208
2778,95.333,2.342,3.181,pose,24.617,17.097,22.074,17.208
2779,95.367,3.237,3.211,bbox,24.617,17.097,22.074,17.208
2780,95.402,3.194,3.211,bbox,24.617,17.097,22.074,17.208
2781,95.436,2.152,3.194,pose,24.617,17.097,22.074,17.208
2782,95.47,3.028,3.028,bbox,24.679,17.097,22.074,17.208
2783,95.504,2.981,3.028,bbox,24.679,17.097,22.074,17.208
2784,95.539,1.95,2.981,pose,24.731,17.097,22.074,17.208
2785,95.573,2.679,2.679,bbox,24.775,17.097,22.074,17.208
2786,95.607,2.579,2.679,bbox,24.898,17.097,22.113,17.208
2787,95.642,1.976,2.579,pose,24.898,17.097,22.212,17.208
2788,95.676,2.881,2.579,bbox,24.898,17.097,22.212,17.208
2789,95.71,2.799,2.679,bbox,24.942,17.097,22.212,17.208
2790,95.745,2.915,2.799,bbox,24.942,17.097,22.212,17.208
2791,95.779,2.73,2.799,bbox,24.942,17.129,22.212,17.208
2792,95.813,2.587,2.799,bbox,24.942,17.129,22.212,17.208
2793,95.848,2.567,2.73,bbox,24.973,17.129,22.212,17.208
2794,95.882,2.585,2.587,bbox,25.022,17.129,22.212,17.208
2795,95.916,2.611,2.587,bbox,25.072,17.129,22.212,17.208
2796,95.951,2.252,2.585,pose,25.072,17.129,22.212,17.208
2797,95.985,2.851,2.585,bbox,25.072,17.18,22.212,17.208
2798,96.019,2.947,2.611,bbox,25.072,17.18,22.212,17.298
2799,96.054,2.521,2.611,pose,25.072,17.243,22.212,17.348
2800,96.088,2.966,2.851,bbox,25.072,17.243,22.212,17.348
2801,96.122,3.023,2.947,bbox,25.072,17.243,22.212,17.348
2802,96.156,3.145,2.966,bbox,25.072,17.31,22.262,17.348
2803,96.191,3.09,3.023,bbox,25.072,17.408,22.298,17.348
2804,96.225,3.257,3.09,bbox,25.072,17.408,22.298,17.348
2805,96.259,2.947,3.09,pose,25.072,17.408,22.298,17.348
2806,96.294,3.199,3.145,bbox,25.072,17.408,22.298,17.348
2807,96.328,3.021,3.09,bbox,25.072,17.408,22.298,17.348
2808,96.362,2.605,3.021,pose,25.072,17.408,22.298,17.348
2809,96.397,2.995,2.995,bbox,25.072,17.408,22.298,17.348
2810,96.431,2.773,2.995,bbox,25.102,17.408,22.298,17.348
2811,96.465,2.939,2.939,pose,25.102,17.408,22.298,17.348
2812,96.5,2.871,2.871,bbox,25.102,17.408,22.298,17.48
2813,96.534,2.802,2.871,bbox,25.102,17.408,22.298,17.48
2814,96.568,2.431,2.802,pose,25.227,17.408,22.298,17.48
2815,96.603,2.674,2.802,bbox,25.275,17.408,22.298,17.48
2816,96.637,2.579,2.674,bbox,25.417,17.408,22.298,17.48
2817,96.671,1.932,2.579,pose,25.417,17.408,22.298,17.48
2818,96.706,2.503,2.503,bbox,25.535,17.408,22.298,17.518
2819,96.74,2.626,2.579,bbox,25.626,17.408,22.298,17.518
2820,96.774,2.523,2.523,bbox,25.682,17.408,22.298,17.518
2821,96.809,2.495,2.503,bbox,25.746,17.408,22.298,17.518
2822,96.843,2.553,2.523,bbox,25.746,17.408,22.298,17.565
2823,96.877,1.836,2.523,pose,25.777,17.408,22.298,17.565
2824,96.911,2.848,2.523,bbox,25.777,17.408,22.298,17.565
2825,96.946,2.836,2.553,bbox,25.777,17.408,22.298,17.706
2826,96.98,2.569,2.569,bbox,25.777,17.408,22.298,17.751
2827,97.014,2.474,2.569,bbox,25.889,17.408,22.298,17.751
2828,97.049,2.479,2.569,bbox,25.889,17.408,22.298,17.824
2829,97.083,1.872,2.479,pose,25.985,17.408,22.298,17.862
2830,97.117,2.381,2.474,bbox,26.041,17.408,22.298,17.951
2831,97.152,2.337,2.381,bbox,26.041,17.408,22.298,18.004
2832,97.186,2.132,2.337,pose,26.123,17.408,22.298,18.004
2833,97.22,2.293,2.293,bbox,26.199,17.408,22.298,18.004
2834,97.255,2.354,2.337,bbox,26.253,17.408,22.298,18.004
2835,97.289,1.932,2.293,pose,26.253,17.408,22.298,18.054
2836,97.323,2.473,2.293,bbox,26.3,17.408,22.298,18.202
2837,97.358,2.494,2.354,bbox,26.3,17.408,22.298,18.202
2838,97.392,2.476,2.473,pose,26.3,17.408,22.298,18.24
2839,97.426,2.658,2.476,bbox,26.3,17.408,22.298,18.33
2840,97.461,2.707,2.494,bbox,26.3,17.408,22.298,18.33
2841,97.495,2.484,2.494,pose,26.3,17.408,22.298,18.4
2842,97.529,2.745,2.658,bbox,26.3,17.408,22.298,18.451
2843,97.563,2.731,2.707,bbox,26.3,17.408,22.298,18.502
2844,97.598,2.654,2.707,bbox,26.3,17.408,22.298,18.545
2845,97.632,2.721,2.721,bbox,26.3,17.408,22.298,18.545
2846,97.666,2.771,2.731,bbox,26.3,17.408,22.298,18.593
2847,97.701,2.618,2.721,pose,26.3,17.408,22.298,18.663
2848,97.735,2.823,2.721,bbox,26.3,17.408,22.298,18.751
2849,97.769,2.963,2.771,bbox,26.3,17.408,22.298,18.784
2850,97.804,2.867,2.823,pose,26.3,17.408,22.298,18.837
2851,97.838,3.211,2.867,bbox,26.3,17.408,22.298,18.837
2852,97.872,3.327,2.963,bbox,26.3,17.408,22.298,18.837
2853,97.907,2.906,2.963,pose,26.3,17.408,22.298,18.837
2854,97.941,3.572,3.211,bbox,26.3,17.408,22.298,18.885
2855,97.975,3.651,3.327,bbox,26.3,17.408,22.298,18.932
2856,98.01,3.006,3.327,pose,26.3,17.408,22.298,19.017
2857,98.044,3.67,3.572,bbox,26.3,17.408,22.298,19.05
2858,98.078,3.592,3.592,bbox,26.3,17.408,22.298,19.109
2859,98.113,3.197,3.592,pose,26.339,17.408,22.298,19.109
2860,98.147,3.425,3.425,bbox,26.422,17.408,22.298,19.145
2861,98.181,3.294,3.425,bbox,26.486,17.408,22.298,19.145
2862,98.216,3.097,3.294,pose,26.486,17.408,22.298,19.145
2863,98.25,3.205,3.205,bbox,26.589,17.408,22.298,19.145
2864,98.284,3.046,3.205,bbox,26.589,17.408,22.298,19.145
2865,98.318,3.016,3.097,pose,26.589,17.408,22.298,19.145
2866,98.353,2.872,3.046,bbox,26.733,17.408,22.298,19.145
2867,98.387,2.969,3.016,bbox,26.766,17.408,22.298,19.145
2868,98.421,2.906,2.969,pose,26.812,17.408,22.298,19.145
2869,98.456,2.794,2.906,bbox,26.848,17.408,22.298,19.145
2870,98.49,2.88,2.88,bbox,26.912,17.408,22.298,19.145
2871,98.524,2.637,2.88,pose,27.037,17.408,22.298,19.18
2872,98.559,2.793,2.794,bbox,27.037,17.408,22.298,19.245
2873,98.593,2.77,2.793,bbox,27.037,17.408,22.298,19.245
2874,98.627,2.158,2.77,pose,27.037,17.408,22.298,19.245
2875,98.662,2.712,2.712,bbox,27.037,17.408,22.298,19.245
2876,98.696,2.724,2.724,bbox,27.114,17.408,22.298,19.245
2877,98.73,1.977,2.712,pose,27.259,17.408,22.298,19.277
2878,98.765,2.76,2.712,bbox,27.259,17.408,22.298,19.277
2879,98.799,2.738,2.724,bbox,27.259,17.408,22.298,19.277
2880,98.833,1.938,2.724,pose,27.297,17.408,22.298,19.277
2881,98.868,2.683,2.683,bbox,27.33,17.408,22.298,19.312
2882,98.902,2.578,2.683,bbox,27.428,17.408,22.298,19.312
2883,98.936,2.083,2.578,pose,27.466,17.408,22.298,19.312
2884,98.97,2.419,2.419,bbox,27.519,17.408,22.298,19.312
2885,99.005,2.33,2.419,bbox,27.589,17.408,22.298,19.312
2886,99.039,2.129,2.33,pose,27.643,17.408,22.298,19.312
2887,99.073,2.295,2.295,bbox,27.692,17.408,22.298,19.343
2888,99.108,2.311,2.311,bbox,27.692,17.408,22.298,19.343
2889,99.142,2.137,2.295,pose,27.743,17.408,22.298,19.343
2890,99.176,2.376,2.295,bbox,27.743,17.408,22.298,19.39
2891,99.211,2.412,2.311,bbox,27.743,17.408,22.298,19.39
2892,99.245,2.119,2.311,pose,27.743,17.408,22.298,19.39
2893,99.279,2.452,2.376,bbox,27.743,17.408,22.298,19.436
2894,99.314,2.474,2.412,bbox,27.743,17.408,22.298,19.436
2895,99.348,2.198,2.412,pose,27.743,17.408,22.298,19.436
2896,99.382,2.559,2.452,bbox,27.743,17.408,22.298,19.491
2897,99.417,2.586,2.474,bbox,27.743,17.408,22.298,19.491
2898,99.451,2.616,2.559,bbox,27.743,17.408,22.298,19.491
2899,99.485,2.618,2.586,bbox,27.743,17.408,22.298,19.491
2900,99.52,2.708,2.616,bbox,27.743,17.408,22.298,19.491
2901,99.554,2.495,2.616,pose,27.743,17.447,22.298,19.491
2902,99.588,2.93,2.618,bbox,27.743,17.478,22.298,19.535
2903,99.623,2.942,2.708,bbox,27.743,17.478,22.298,19.644
2904,99.657,2.71,2.71,pose,27.743,17.515,22.298,19.644
2905,99.691,3.073,2.93,bbox,27.743,17.558,22.298,19.674
2906,99.725,3.1,2.942,bbox,27.743,17.558,22.298,19.674
2907,99.76,3.153,3.073,bbox,27.743,17.591,22.298,19.711
2908,99.794,3.178,3.1,bbox,27.743,17.591,22.298,19.711
2909,99.828,3.199,3.153,bbox,27.743,17.591,22.298,19.711
2910,99.863,3.202,3.178,bbox,27.743,17.591,22.298,19.742
2911,99.897,3.238,3.199,bbox,27.743,17.591,22.298,19.778
2912,99.931,3.303,3.202,bbox,27.743,17.591,22.298,19.778
2913,99.966,3.372,3.238,bbox,27.743,17.591,22.298,19.809
2914,100.0,3.446,3.303,bbox,27.743,17.64,22.298,19.853
2915,100.034,3.464,3.372,bbox,27.743,17.64,22.298,19.891
2916,100.069,3.505,3.446,bbox,27.743,17.64,22.298,19.891
2917,100.103,3.538,3.464,bbox,27.743,17.64,22.298,19.891
2918,100.137,3.555,3.505,bbox,27.743,17.683,22.298,19.891
2919,100.172,3.618,3.538,bbox,27.743,17.683,22.298,19.891
2920,100.206,3.662,3.555,bbox,27.743,17.683,22.298,19.891
2921,100.24,3.708,3.618,bbox,27.743,17.683,22.298,19.921
2922,100.275,3.792,3.662,bbox,27.743,17.683,22.298,19.96
2923,100.309,3.703,3.703,bbox,27.743,17.683,22.298,20.007
2924,100.343,3.706,3.706,bbox,27.743,17.683,22.298,20.007
2925,100.377,3.845,3.708,bbox,27.743,17.683,22.298,20.007
2926,100.412,3.912,3.792,bbox,27.743,17.683,22.298,20.007
2927,100.446,3.909,3.845,bbox,27.743,17.683,22.298,20.039
2928,100.48,3.917,3.909,pose,27.743,17.683,22.298,20.081
2929,100.515,3.837,3.909,bbox,27.743,17.683,22.298,20.119
2930,100.549,3.85,3.909,bbox,27.743,17.683,22.298,20.119
2931,100.583,3.886,3.886,pose,27.743,17.683,22.298,20.119
2932,100.618,3.876,3.876,bbox,27.743,17.683,22.298,20.119
2933,100.652,3.831,3.85,bbox,27.743,17.683,22.298,20.119
2934,100.686,4.025,3.876,pose,27.743,17.683,22.298,20.119
2935,100.721,3.769,3.876,bbox,27.743,17.683,22.298,20.119
2936,100.755,3.738,3.831,bbox,27.743,17.683,22.298,20.119
2937,100.789,3.886,3.831,pose,27.743,17.683,22.298,20.119
2938,100.824,3.695,3.769,bbox,27.743,17.683,22.298,20.119
2939,100.858,3.732,3.738,bbox,27.743,17.683,22.298,20.119
2940,100.892,3.764,3.738,pose,27.743,17.683,22.298,20.119
2941,100.927,3.712,3.732,bbox,27.743,17.683,22.298,20.119
2942,100.961,3.701,3.712,bbox,27.743,17.683,22.298,20.119
2943,100.995,3.776,3.732,pose,27.743,17.683,22.298,20.119
2944,101.03,3.747,3.747,bbox,27.743,17.683,22.298,20.119
2945,101.064,3.766,3.747,bbox,27.743,17.683,22.298,20.119
2946,101.098,3.743,3.747,pose,27.743,17.683,22.298,20.119
2947,101.132,3.75,3.75,bbox,27.743,17.683,22.298,20.119
2948,101.167,3.733,3.747,bbox,27.743,17.683,22.298,20.119
2949,101.201,3.777,3.75,pose,27.743,17.683,22.298,20.119
2950,101.235,3.628,3.743,bbox,27.743,17.683,22.298,20.119
2951,101.27,3.61,3.733,bbox,27.743,17.683,22.298,20.119
2952,101.304,3.779,3.733,pose,27.743,17.683,22.298,20.119
2953,101.338,3.644,3.644,bbox,27.743,17.683,22.335,20.119
2954,101.373,3.598,3.628,bbox,27.743,17.683,22.335,20.119
2955,101.407,3.711,3.644,pose,27.743,17.683,22.335,20.119
2956,101.441,3.525,3.644,bbox,27.743,17.683,22.335,20.119
2957,101.476,3.526,3.598,bbox,27.743,17.683,22.335,20.119
2958,101.51,3.499,3.526,pose,27.743,17.683,22.335,20.119
2959,101.544,3.43,3.525,bbox,27.743,17.683,22.335,20.119
2960,101.579,3.453,3.499,bbox,27.743,17.683,22.335,20.119
2961,101.613,3.512,3.499,pose,27.743,17.683,22.391,20.119
2962,101.647,3.366,3.453,bbox,27.743,17.683,22.391,20.119
2963,101.682,3.326,3.43,bbox,27.743,17.683,22.391,20.119
2964,101.716,3.237,3.366,pose,27.743,17.683,22.435,20.119
2965,101.75,3.282,3.326,bbox,27.743,17.683,22.435,20.119
2966,101.784,3.254,3.282,bbox,27.743,17.683,22.488,20.119
2967,101.819,3.227,3.254,pose,27.743,17.683,22.488,20.119
2968,101.853,3.213,3.237,bbox,27.743,17.683,22.488,20.119
2969,101.887,3.196,3.227,bbox,27.743,17.683,22.488,20.119
2970,101.922,3.174,3.213,pose,27.743,17.683,22.535,20.119
2971,101.956,3.104,3.196,bbox,27.743,17.683,22.566,20.119
2972,101.99,3.074,3.174,bbox,27.743,17.683,22.566,20.119
2973,102.025,3.131,3.131,pose,27.743,17.683,22.614,20.119
2974,102.059,2.998,3.104,bbox,27.743,17.683,22.614,20.119
2975,102.093,2.986,3.074,bbox,27.743,17.683,22.614,20.119
2976,102.128,2.972,2.998,pose,27.743,17.683,22.654,20.119
2977,102.162,2.966,2.986,bbox,27.743,17.683,22.654,20.119
2978,102.196,2.933,2.972,bbox,27.743,17.683,22.654,20.119
2979,102.231,2.983,2.972,pose,27.743,17.683,22.699,20.119
2980,102.265,2.873,2.966,bbox,27.743,17.683,22.699,20.119
2981,102.299,,,,27.743,17.683,22.699,20.119
2982,102.334,,,,27.743,17.683,22.699,20.119
2983,102.368,,,,27.743,17.683,22.699,20.119
2984,102.402,4.239,2.966,bbox,27.743,17.683,22.737,20.119
2985,102.437,3.976,2.983,pose,27.743,17.683,22.737,20.119
2986,102.471,4.275,3.976,bbox,27.743,17.683,22.737,20.119
2987,102.505,4.278,4.239,bbox,27.743,17.683,22.737,20.119
2988,102.539,4.292,4.275,bbox,27.743,17.683,22.737,20.119
2989,102.574,4.277,4.277,bbox,27.743,17.683,22.737,20.119
2990,102.608,4.277,4.277,bbox,27.743,17.683,22.737,20.119
2991,102.642,4.294,4.278,bbox,27.743,17.683,22.737,20.119
2992,102.677,4.295,4.292,bbox,27.743,17.683,22.737,20.119
2993,102.711,4.264,4.277,bbox,27.743,17.683,22.737,20.119
2994,102.745,4.009,4.277,pose,27.743,17.683,22.737,20.119
2995,102.78,4.246,4.264,bbox,27.743,17.683,22.737,20.119
2996,102.814,4.253,4.253,bbox,27.743,17.683,22.737,20.119
2997,102.848,4.009,4.246,pose,27.743,17.683,22.737,20.119
2998,102.883,4.281,4.246,bbox,27.743,17.683,22.737,20.119
2999,102.917,4.261,4.253,bbox,27.743,17.683,22.737,20.119
3000,102.951,4.042,4.253,pose,27.743,17.683,22.737,20.119
3001,102.986,4.29,4.261,bbox,27.743,17.683,22.737,20.119
3002,103.02,4.249,4.261,bbox,27.774,17.683,22.737,20.119
3003,103.054,4.065,4.249,pose,27.774,17.683,22.737,20.119
3004,103.089,4.231,4.231,bbox,27.774,17.683,22.737,20.119
3005,103.123,4.242,4.242,bbox,27.774,17.683,22.737,20.119
3006,103.157,4.051,4.231,pose,27.774,17.683,22.737,20.119
3007,103.191,4.23,4.23,bbox,27.774,17.683,22.737,20.119
3008,103.226,4.26,4.231,bbox,27.774,17.683,22.737,20.119
3009,103.26,4.082,4.23,pose,27.774,17.683,22.737,20.119
3010,103.294,4.28,4.23,bbox,27.774,17.683,22.737,20.119
3011,103.329,4.275,4.26,bbox,27.774,17.683,22.737,20.119
3012,103.363,4.051,4.26,pose,27.774,17.683,22.737,20.119
3013,103.397,4.276,4.275,bbox,27.774,17.683,22.737,20.119
3014,103.432,4.273,4.275,bbox,27.774,17.683,22.737,20.119
3015,103.466,3.964,4.273,pose,27.774,17.683,22.737,20.119
3016,103.5,4.29,4.273,bbox,27.774,17.683,22.737,20.119
3017,103.535,4.27,4.273,bbox,27.774,17.683,22.737,20.119
3018,103.569,4.106,4.27,pose,27.774,17.683,22.737,20.119
3019,103.603,4.267,4.267,bbox,27.774,17.683,22.737,20.119
3020,103.638,4.278,4.27,bbox,27.774,17.683,22.737,20.119
3021,103.672,3.92,4.267,pose,27.774,17.683,22.737,20.119
3022,103.706,4.243,4.243,bbox,27.774,17.683,22.737,20.119
3023,103.741,4.24,4.243,bbox,27.774,17.683,22.737,20.119
3024,103.775,3.77,4.24,pose,27.774,17.683,22.737,20.119
3025,103.809,4.208,4.208,bbox,27.774,17.683,22.737,20.119
3026,103.844,4.186,4.208,bbox,27.774,17.683,22.737,20.119
3027,103.878,3.738,4.186,pose,27.774,17.683,22.77,20.119
3028,103.912,4.173,4.173,bbox,27.774,17.683,22.77,20.119
3029,103.946,4.171,4.173,bbox,27.774,17.683,22.77,20.119
3030,103.981,3.758,4.171,pose,27.774,17.683,22.77,20.119
3031,104.015,4.096,4.096,bbox,27.774,17.683,22.77,20.119
3032,104.049,4.081,4.096,bbox,27.774,17.683,22.77,20.119
3033,104.084,3.725,4.081,pose,27.774,17.683,22.77,20.119
3034,104.118,4.03,4.03,bbox,27.774,17.683,22.77,20.119
3035,104.152,3.989,4.03,bbox,27.774,17.683,22.77,20.119
3036,104.187,3.691,3.989,pose,27.774,17.683,22.77,20.119
3037,104.221,3.912,3.912,bbox,27.774,17.683,22.77,20.119
3038,104.255,3.853,3.912,bbox,27.774,17.683,22.77,20.119
3039,104.29,3.666,3.853,pose,27.774,17.683,22.77,20.119
3040,104.324,3.793,3.793,bbox,27.774,17.683,22.836,20.119
3041,104.358,3.793,3.793,bbox,27.774,17.683,22.882,20.119
3042,104.393,3.546,3.793,pose,27.774,17.683,22.882,20.119
3043,104.427,3.736,3.736,bbox,27.774,17.683,22.935,20.119
3044,104.461,3.727,3.736,bbox,27.774,17.683,22.935,20.119
3045,104.496,3.323,3.727,pose,27.774,17.683,22.935,20.119
3046,104.53,3.675,3.675,bbox,27.774,17.683,22.982,20.119
3047,104.564,3.644,3.675,bbox,27.774,17.683,23.014,20.119
3048,104.598,3.183,3.644,pose,27.774,17.683,23.014,20.119
3049,104.633,3.616,3.616,bbox,27.846,17.683,23.014,20.119
3050,104.667,3.642,3.642,bbox,27.898,17.683,23.014,20.119
3051,104.701,3.13,3.616,pose,27.898,17.683,23.014,20.119
3052,104.736,3.688,3.616,bbox,27.953,17.683,23.014,20.119
3053,104.77,3.67,3.642,bbox,27.953,17.683,23.014,20.119
3054,104.804,3.599,3.642,bbox,27.953,17.683,23.014,20.119
3055,104.839,3.507,3.599,bbox,27.953,17.683,23.054,20.119
3056,104.873,3.42,3.599,bbox,27.953,17.683,23.111,20.119
3057,104.907,3.371,3.507,bbox,27.953,17.683,23.164,20.119
3058,104.942,3.338,3.42,bbox,27.985,17.683,23.164,20.119
3059,104.976,3.257,3.371,bbox,28.063,17.683,23.164,20.119
3060,105.01,2.827,3.338,pose,28.063,17.683,23.164,20.119
3061,105.045,3.156,3.257,bbox,28.063,17.683,23.164,20.119
3062,105.079,3.07,3.156,bbox,28.107,17.683,23.164,20.119
3063,105.113,2.855,3.07,pose,28.144,17.683,23.197,20.119
3064,105.148,2.935,2.935,bbox,28.144,17.683,23.197,20.119
3065,105.182,2.954,2.954,bbox,28.182,17.683,23.246,20.119
3066,105.216,2.244,2.935,pose,28.182,17.683,23.288,20.119
3067,105.251,2.825,2.855,bbox,28.182,17.683,23.321,20.119
3068,105.285,2.82,2.825,bbox,28.213,17.683,23.321,20.119
3069,105.319,2.229,2.82,pose,28.213,17.683,23.395,20.119
3070,105.353,2.828,2.82,bbox,28.256,17.683,23.436,20.119
3071,105.388,2.822,2.822,bbox,28.256,17.683,23.436,20.119
3072,105.422,2.146,2.82,pose,28.256,17.683,23.436,20.119
3073,105.456,2.835,2.822,bbox,28.256,17.734,23.436,20.119
3074,105.491,2.852,2.828,bbox,28.256,17.734,23.436,20.119
3075,105.525,2.153,2.822,pose,28.256,17.734,23.436,20.119
3076,105.559,2.912,2.835,bbox,28.256,17.734,23.436,20.119
3077,105.594,2.969,2.852,bbox,28.256,17.734,23.436,20.119
3078,105.628,2.244,2.852,pose,28.256,17.734,23.436,20.119
3079,105.662,3.002,2.912,bbox,28.256,17.734,23.436,20.119
3080,105.697,3.046,2.969,bbox,28.256,17.734,23.436,20.119
3081,105.731,2.256,2.969,pose,28.256,17.734,23.436,20.119
3082,105.765,3.085,3.002,bbox,28.256,17.734,23.436,20.119
3083,105.8,3.066,3.046,bbox,28.256,17.734,23.436,20.119
3084,105.834,2.225,3.046,pose,28.256,17.734,23.436,20.119
3085,105.868,2.96,2.96,bbox,28.299,17.734,23.436,20.119
3086,105.903,2.931,2.96,bbox,28.299,17.734,23.436,20.119
3087,105.937,2.164,2.931,pose,28.331,17.734,23.436,20.119
3088,105.971,2.918,2.918,bbox,28.331,17.734,23.436,20.119
3089,106.005,2.927,2.927,bbox,28.367,17.734,23.436,20.119
3090,106.04,2.193,2.918,pose,28.367,17.734,23.436,20.119
3091,106.074,2.963,2.918,bbox,28.367,17.734,23.436,20.119
3092,106.108,2.949,2.927,bbox,28.367,17.734,23.436,20.119
3093,106.143,2.006,2.927,pose,28.367,17.734,23.436,20.119
3094,106.177,2.882,2.882,bbox,28.405,17.734,23.436,20.119
3095,106.211,2.782,2.882,bbox,28.471,17.734,23.436,20.119
3096,106.246,1.657,2.782,pose,28.551,17.734,23.436,20.119
3097,106.28,2.816,2.782,bbox,28.63,17.734,23.436,20.119
3098,106.314,2.702,2.782,bbox,28.673,17.734,23.436,20.119
3099,106.349,1.595,2.702,pose,28.736,17.734,23.436,20.119
3100,106.383,2.566,2.566,bbox,28.823,17.734,23.436,20.119
3101,106.417,2.712,2.702,bbox,28.823,17.734,23.436,20.119
3102,106.452,2.017,2.566,pose,28.889,17.734,23.436,20.119
3103,106.486,2.526,2.526,bbox,29.007,17.734,23.436,20.157
3104,106.52,2.565,2.565,bbox,29.049,17.734,23.436,20.157
3105,106.555,1.63,2.526,pose,29.049,17.734,23.436,20.197
3106,106.589,2.413,2.413,bbox,29.08,17.734,23.436,20.229
3107,106.623,2.28,2.413,bbox,29.195,17.734,23.436,20.229
3108,106.658,1.556,2.28,pose,29.233,17.734,23.436,20.229
3109,106.692,2.132,2.132,bbox,29.286,17.734,23.436,20.229
3110,106.726,2.069,2.132,bbox,29.335,17.734,23.436,20.229
3111,106.76,1.456,2.069,pose,29.391,17.734,23.436,20.229
3112,106.795,2.031,2.031,bbox,29.391,17.734,23.436,20.229
3113,106.829,2.031,2.031,bbox,29.391,17.734,23.436,20.229
3114,106.863,1.389,2.031,pose,29.427,17.734,23.436,20.229
3115,106.898,2.058,2.031,bbox,29.427,17.734,23.436,20.291
3116,106.932,2.053,2.031,bbox,29.427,17.734,23.436,20.291
3117,106.966,2.203,2.053,pose,29.427,17.734,23.436,20.291
3118,107.001,2.227,2.058,bbox,29.427,17.734,23.436,20.381
3119,107.035,2.259,2.203,bbox,29.427,17.734,23.436,20.473
3120,107.069,2.276,2.227,bbox,29.427,17.734,23.436,20.51
3121,107.104,2.281,2.259,bbox,29.427,17.734,23.436,20.51
3122,107.138,2.3,2.276,bbox,29.427,17.734,23.436,20.51
3123,107.172,2.327,2.281,bbox,29.427,17.734,23.436,20.544
3124,107.207,2.357,2.3,bbox,29.427,17.734,23.436,20.579
3125,107.241,2.442,2.327,bbox,29.427,17.734,23.436,20.622
3126,107.275,2.493,2.357,bbox,29.427,17.734,23.436,20.661
3127,107.31,2.523,2.442,bbox,29.427,17.734,23.436,20.729
3128,107.344,2.641,2.493,bbox,29.427,17.734,23.436,20.788
3129,107.378,2.391,2.493,pose,29.427,17.734,23.436,20.788
3130,107.412,2.751,2.523,bbox,29.427,17.734,23.436,20.882
3131,107.447,2.797,2.641,bbox,29.427,17.734,23.436,20.96
3132,107.481,2.333,2.641,pose,29.427,17.734,23.436,20.96
3133,107.515,2.85,2.751,bbox,29.427,17.734,23.436,20.96
3134,107.55,2.927,2.797,bbox,29.427,17.734,23.436,20.96
3135,107.584,2.511,2.797,pose,29.427,17.734,23.436,21.008
3136,107.618,2.983,2.85,bbox,29.427,17.734,23.436,21.008
3137,107.653,2.995,2.927,bbox,29.427,17.734,23.436,21.008
3138,107.687,2.818,2.927,pose,29.427,17.734,23.436,21.008
3139,107.721,3.16,2.983,bbox,29.427,17.831,23.436,21.008
3140,107.756,3.216,2.995,bbox,29.427,17.831,23.436,21.053
3141,107.79,3.293,3.16,pose,29.427,17.891,23.436,21.053
3142,107.824,3.323,3.216,bbox,29.427,17.947,23.436,21.053
3143,107.859,3.383,3.293,bbox,29.427,17.984,23.436,21.053
3144,107.893,3.451,3.323,bbox,29.427,18.017,23.436,21.053
3145,107.927,3.522,3.383,bbox,29.427,18.017,23.436,21.106
3146,107.962,3.595,3.451,bbox,29.427,18.017,23.436,21.106
3147,107.996,3.489,3.489,pose,29.427,18.049,23.436,21.106
3148,108.03,3.696,3.522,bbox,29.427,18.089,23.436,21.106
3149,108.065,3.736,3.595,bbox,29.427,18.089,23.436,21.106
3150,108.099,,,,29.427,18.089,23.436,21.106
3151,108.133,,,,29.427,18.089,23.436,21.106
3152,108.167,,,,29.427,18.089,23.436,21.106
3153,108.202,2.267,3.595,pose,29.427,18.134,23.436,21.106
3154,108.236,2.923,3.489,bbox,29.427,18.183,23.436,21.106
3155,108.27,2.869,2.923,bbox,29.427,18.183,23.436,21.106
3156,108.305,2.216,2.869,pose,29.427,18.183,23.525,21.106
3157,108.339,2.9,2.869,bbox,29.427,18.183,23.562,21.106
3158,108.373,2.909,2.9,bbox,29.427,18.183,23.622,21.106
3159,108.408,2.246,2.869,pose,29.427,18.183,23.622,21.106
3160,108.442,2.919,2.9,bbox,29.427,18.183,23.622,21.106
3161,108.476,2.891,2.9,bbox,29.427,18.183,23.622,21.106
3162,108.511,2.215,2.891,pose,29.427,18.183,23.622,21.106
3163,108.545,2.947,2.891,bbox,29.427,18.183,23.622,21.106
3164,108.579,2.95,2.919,bbox,29.427,18.183,23.622,21.106
3165,108.614,2.199,2.891,pose,29.427,18.183,23.622,21.106
3166,108.648,2.951,2.947,bbox,29.427,18.183,23.622,21.106
3167,108.682,2.971,2.95,bbox,29.427,18.183,23.622,21.106
3168,108.717,2.27,2.95,pose,29.427,18.183,23.622,21.106
3169,108.751,2.974,2.951,bbox,29.427,18.183,23.622,21.106
3170,108.785,2.98,2.971,bbox,29.427,18.183,23.622,21.106
3171,108.819,2.331,2.971,pose,29.427,18.183,23.622,21.106
3172,108.854,3.023,2.974,bbox,29.427,18.183,23.622,21.106
3173,108.888,2.954,2.974,bbox,29.427,18.183,23.622,21.106
3174,108.922,2.256,2.954,pose,29.427,18.183,23.622,21.106
3175,108.957,2.988,2.954,bbox,29.427,18.226,23.622,21.106
3176,108.991,3.055,2.988,bbox,29.427,18.226,23.622,21.106
3177,109.025,2.314,2.954,pose,29.427,18.268,23.622,21.106
3178,109.06,3.09,2.988,bbox,29.427,18.268,23.622,21.106
3179,109.094,3.074,3.055,bbox,29.427,18.268,23.622,21.106
3180,109.128,2.425,3.055,pose,29.427,18.268,23.622,21.106
3181,109.163,3.148,3.074,bbox,29.427,18.268,23.622,21.106
3182,109.197,3.177,3.09,bbox,29.427,18.268,23.622,21.106
3183,109.231,2.413,3.074,pose,29.427,18.268,23.622,21.106
3184,109.266,3.117,3.117,bbox,29.427,18.268,23.622,21.106
3185,109.3,3.109,3.117,bbox,29.427,18.268,23.622,21.106
3186,109.334,2.395,3.109,pose,29.427,18.268,23.622,21.106
3187,109.369,3.037,3.037,bbox,29.427,18.268,23.622,21.106
3188,109.403,2.991,3.037,bbox,29.427,18.268,23.622,21.106
3189,109.437,2.442,2.991,pose,29.427,18.268,23.622,21.106
3190,109.472,2.892,2.892,bbox,29.427,18.268,23.658,21.106
3191,109.506,2.909,2.909,bbox,29.427,18.268,23.712,21.106
3192,109.54,2.363,2.892,pose,29.427,18.268,23.712,21.106
3193,109.574,2.904,2.892,bbox,29.427,18.268,23.762,21.106
3194,109.609,2.883,2.892,bbox,29.427,18.268,23.762,21.106
3195,109.643,2.183,2.883,pose,29.427,18.268,23.762,21.106
3196,109.677,2.875,2.875,bbox,29.427,18.268,23.762,21.106
3197,109.712,2.89,2.883,bbox,29.427,18.268,23.762,21.106
3198,109.746,2.131,2.875,pose,29.427,18.268,23.798,21.106
3199,109.78,2.886,2.875,bbox,29.427,18.268,23.798,21.106
3200,109.815,2.935,2.886,bbox,29.427,18.268,23.838,21.106
3201,109.849,2.229,2.886,pose,29.427,18.268,23.838,21.106
3202,109.883,2.979,2.886,bbox,29.427,18.268,23.883,21.106
3203,109.918,3.004,2.935,bbox,29.427,18.268,23.883,21.106
3204,109.952,2.283,2.935,pose,29.427,18.268,23.883,21.148
3205,109.986,3.018,2.979,bbox,29.427,18.268,23.883,21.148
3206,110.021,3.056,3.004,bbox,29.427,18.268,23.883,21.148
3207,110.055,2.345,3.004,pose,29.427,18.268,23.883,21.148
3208,110.089,3.094,3.018,bbox,29.427,18.268,23.883,21.148
3209,110.124,3.114,3.056,bbox,29.427,18.268,23.883,21.148
3210,110.158,2.404,3.056,pose,29.427,18.268,23.883,21.148
3211,110.192,3.2,3.094,bbox,29.427,18.305,23.883,21.148
3212,110.226,3.23,3.114,bbox,29.427,18.305,23.883,21.148
3213,110.261,2.453,3.114,pose,29.427,18.305,23.883,21.148
3214,110.295,3.159,3.159,bbox,29.427,18.305,23.883,21.148
3215,110.329,3.129,3.159,bbox,29.427,18.305,23.883,21.148
3216,110.364,2.444,3.129,pose,29.427,18.305,23.883,21.148
3217,110.398,3.063,3.063,bbox,29.427,18.305,23.883,21.148
3218,110.432,3.033,3.063,bbox,29.427,18.305,23.883,21.148
3219,110.467,2.38,3.033,pose,29.427,18.305,23.883,21.148
3220,110.501,2.981,2.981,bbox,29.427,18.305,23.883,21.148
3221,110.535,2.959,2.981,bbox,29.427,18.305,23.883,21.148
3222,110.57,2.358,2.959,pose,29.427,18.305,23.883,21.148
3223,110.604,2.984,2.959,bbox,29.427,18.305,23.932,21.148
3224,110.638,2.982,2.981,bbox,29.427,18.305,23.932,21.148
3225,110.673,2.391,2.959,pose,29.427,18.305,23.932,21.148
3226,110.707,2.963,2.963,bbox,29.427,18.305,23.932,21.148
3227,110.741,2.969,2.969,bbox,29.427,18.305,23.932,21.148
3228,110.776,2.389,2.963,pose,29.427,18.305,23.932,21.148
3229,110.81,2.982,2.963,bbox,29.427,18.305,23.932,21.148
3230,110.844,3.003,2.969,bbox,29.427,18.305,23.932,21.148
3231,110.879,2.352,2.969,pose,29.427,18.305,23.932,21.148
3232,110.913,3.042,2.982,bbox,29.427,18.305,23.932,21.148
3233,110.947,3.089,3.003,bbox,29.427,18.305,23.932,21.148
3234,110.981,2.409,3.003,pose,29.427,18.305,23.932,21.148
3235,111.016,3.134,3.042,bbox,29.427,18.347,23.932,21.148
3236,111.05,3.187,3.089,bbox,29.427,18.347,23.932,21.148
3237,111.084,2.472,3.089,pose,29.427,18.347,23.932,21.148
3238,111.119,3.194,3.134,bbox,29.427,18.347,23.932,21.148
3239,111.153,3.176,3.176,bbox,29.427,18.347,23.932,21.148
3240,111.187,2.549,3.176,pose,29.427,18.347,23.932,21.148
3241,111.222,3.255,3.176,bbox,29.427,18.347,23.932,21.193
3242,111.256,3.264,3.194,bbox,29.427,18.347,23.932,21.193
3243,111.29,2.64,3.176,pose,29.427,18.347,23.932,21.193
3244,111.325,3.263,3.255,bbox,29.427,18.347,23.932,21.193
3245,111.359,3.268,3.263,bbox,29.427,18.347,23.932,21.193
3246,111.393,2.541,3.263,pose,29.427,18.347,23.932,21.193
3247,111.428,3.069,3.069,bbox,29.427,18.347,23.932,21.193
3248,111.462,2.995,3.069,bbox,29.472,18.347,23.932,21.193
3249,111.496,2.404,2.995,pose,29.515,18.347,23.987,21.193
3250,111.531,2.889,2.889,bbox,29.515,18.347,23.987,21.193
3251,111.565,2.901,2.901,bbox,29.566,18.347,23.987,21.193
3252,111.599,2.187,2.889,pose,29.566,18.347,23.987,21.193
3253,111.633,2.88,2.88,bbox,29.637,18.347,24.044,21.193
3254,111.668,2.903,2.889,bbox,29.637,18.347,24.044,21.193
3255,111.702,1.987,2.88,pose,29.637,18.347,24.044,21.193
3256,111.736,2.863,2.863,bbox,29.682,18.347,24.044,21.193
3257,111.771,2.845,2.863,bbox,29.716,18.347,24.044,21.193
3258,111.805,1.832,2.845,pose,29.774,18.347,24.044,21.193
3259,111.839,2.722,2.722,bbox,29.774,18.347,24.044,21.193
3260,111.874,2.721,2.722,bbox,29.774,18.347,24.044,21.193
3261,111.908,1.997,2.721,pose,29.866,18.347,24.044,21.251
3262,111.942,2.766,2.721,bbox,29.952,18.347,24.044,21.251
3263,111.977,2.682,2.721,bbox,30.017,18.347,24.044,21.335
3264,112.011,2.26,2.682,pose,30.1,18.347,24.044,21.398
3265,112.045,2.474,2.474,bbox,30.249,18.347,24.044,21.455
3266,112.08,2.373,2.474,bbox,30.249,18.347,24.044,21.455
3267,112.114,2.25,2.373,pose,30.384,18.347,24.044,21.455
3268,112.148,2.203,2.26,bbox,30.513,18.347,24.044,21.455
3269,112.183,2.027,2.25,bbox,30.586,18.347,24.044,21.455
3270,112.217,1.591,2.203,pose,30.586,18.347,24.163,21.455
3271,112.251,1.79,2.027,bbox,30.637,18.347,24.29,21.455
3272,112.286,1.77,1.79,bbox,30.637,18.347,24.29,21.455
3273,112.32,1.461,1.77,pose,30.7,18.347,24.29,21.455
3274,112.354,1.316,1.591,bbox,30.779,18.347,24.333,21.455
3275,112.388,1.27,1.461,bbox,30.826,18.347,24.333,21.455
3276,112.423,1.206,1.316,pose,30.826,18.347,24.333,21.455
3277,112.457,1.313,1.313,bbox,30.9,18.347,24.333,21.455
3278,112.491,1.356,1.313,bbox,30.9,18.347,24.333,21.455
3279,112.526,1.444,1.313,bbox,30.9,18.347,24.333,21.516
3280,112.56,1.487,1.356,bbox,30.9,18.347,24.333,21.587
3281,112.594,1.5,1.444,bbox,30.9,18.347,24.333,21.587
3282,112.629,0.976,1.444,pose,30.9,18.347,24.333,21.587
3283,112.663,1.396,1.444,bbox,30.9,18.347,24.333,21.587
3284,112.697,1.353,1.396,bbox,30.9,18.347,24.333,21.587
3285,112.732,0.986,1.353,pose,30.9,18.347,24.333,21.587
3286,112.766,1.286,1.286,bbox,30.9,18.347,24.333,21.587
3287,112.8,1.278,1.286,bbox,30.9,18.347,24.333,21.587
3288,112.835,1.096,1.278,pose,30.9,18.347,24.333,21.587
3289,112.869,1.313,1.278,bbox,30.9,18.347,24.333,21.587
3290,112.903,1.355,1.286,bbox,30.9,18.347,24.333,21.587
3291,112.938,1.361,1.313,pose,30.9,18.347,24.333,21.619
3292,112.972,1.406,1.355,bbox,30.9,18.347,24.333,21.667
3293,113.006,1.429,1.361,bbox,30.9,18.347,24.333,21.667
3294,113.04,1.469,1.406,pose,30.9,18.347,24.333,21.667
3295,113.075,1.529,1.429,bbox,30.9,18.347,24.333,21.703
3296,113.109,1.557,1.469,bbox,30.9,18.347,24.333,21.748
3297,113.143,1.529,1.529,pose,30.9,18.347,24.333,21.748
3298,113.178,1.673,1.529,bbox,30.9,18.408,24.333,21.78
3299,113.212,1.731,1.557,bbox,30.9,18.408,24.333,21.78
3300,113.246,1.504,1.557,pose,30.9,18.408,24.333,21.821
3301,113.281,1.795,1.673,bbox,30.9,18.408,24.333,21.821
3302,113.315,1.818,1.731,bbox,30.9,18.408,24.333,21.821
3303,113.349,1.574,1.731,pose,30.9,18.408,24.333,21.855
3304,113.384,1.85,1.795,bbox,30.9,18.408,24.333,21.855
3305,113.418,1.86,1.818,bbox,30.9,18.408,24.333,21.855
3306,113.452,1.68,1.818,pose,30.9,18.408,24.333,21.855
3307,113.487,1.903,1.85,bbox,30.9,18.408,24.333,21.855
3308,113.521,1.936,1.86,bbox,30.9,18.408,24.333,21.855
3309,113.555,1.797,1.86,pose,30.9,18.408,24.333,21.855
3310,113.59,2.02,1.903,bbox,30.9,18.408,24.333,21.898
3311,113.624,,,,30.9,18.408,24.333,21.898
3312,113.658,,,,30.9,18.408,24.333,21.898
3313,113.693,,,,30.9,18.408,24.333,21.898
3314,113.727,3.982,1.936,bbox,30.9,18.408,24.333,21.933
3315,113.761,3.674,2.02,pose,30.9,18.455,24.333,21.933
3316,113.795,3.881,3.674,bbox,30.9,18.455,24.333,21.933
3317,113.83,3.905,3.881,bbox,30.9,18.455,24.333,21.933
3318,113.864,3.479,3.881,pose,30.9,18.455,24.333,21.933
3319,113.898,3.854,3.854,bbox,30.9,18.455,24.333,21.933
3320,113.933,3.852,3.854,bbox,30.9,18.455,24.333,21.933
3321,113.967,3.436,3.852,pose,30.9,18.455,24.333,21.933
3322,114.001,3.806,3.806,bbox,30.9,18.455,24.383,21.933
3323,114.036,3.823,3.823,bbox,30.9,18.455,24.383,21.933
3324,114.07,3.399,3.806,pose,30.9,18.455,24.383,21.933
3325,114.104,3.793,3.793,bbox,30.9,18.455,24.383,21.933
3326,114.139,3.772,3.793,bbox,30.9,18.455,24.383,21.933
3327,114.173,3.391,3.772,pose,30.9,18.455,24.383,21.933
3328,114.207,3.724,3.724,bbox,30.9,18.455,24.383,21.933
3329,114.242,3.677,3.724,bbox,30.9,18.455,24.43,21.933
3330,114.276,3.574,3.677,bbox,30.9,18.455,24.43,21.933
3331,114.31,3.543,3.574,bbox,30.939,18.455,24.467,21.933
3332,114.345,3.492,3.574,bbox,30.97,18.455,24.526,21.933
3333,114.379,3.481,3.543,bbox,30.97,18.455,24.526,21.933
3334,114.413,3.49,3.492,bbox,31.0,18.455,24.526,21.933
3335,114.447,3.569,3.492,bbox,31.035,18.455,24.526,21.933
3336,114.482,2.998,3.49,pose,31.035,18.455,24.526,21.933
3337,114.516,3.543,3.49,bbox,31.035,18.455,24.526,21.933
3338,114.55,3.418,3.49,bbox,31.035,18.455,24.526,21.933
3339,114.585,2.694,3.418,pose,31.035,18.455,24.585,21.933
3340,114.619,3.287,3.287,bbox,31.035,18.455,24.585,21.933
3341,114.653,3.235,3.287,bbox,31.108,18.455,24.681,21.933
3342,114.688,2.596,3.235,pose,31.108,18.455,24.681,21.933
3343,114.722,3.118,3.118,bbox,31.172,18.455,24.729,21.933
3344,114.756,3.085,3.118,bbox,31.172,18.455,24.729,21.933
3345,114.791,2.512,3.085,pose,31.172,18.455,24.729,21.933
3346,114.825,3.049,3.049,bbox,31.234,18.455,24.729,21.933
3347,114.859,3.046,3.049,bbox,31.267,18.455,24.729,21.933
3348,114.894,2.495,3.046,pose,31.267,18.455,24.729,21.933
3349,114.928,3.055,3.046,bbox,31.298,18.455,24.729,21.933
3350,114.962,3.082,3.049,bbox,31.298,18.455,24.729,21.933
3351,114.997,2.51,3.046,pose,31.298,18.455,24.729,21.933
3352,115.031,3.162,3.055,bbox,31.298,18.455,24.729,21.933
3353,115.065,3.233,3.082,bbox,31.298,18.455,24.729,21.933
3354,115.1,2.546,3.082,pose,31.298,18.455,24.729,21.933
3355,115.134,3.324,3.162,bbox,31.298,18.496,24.729,21.933
3356,115.168,3.299,3.233,bbox,31.339,18.496,24.729,21.933
3357,115.202,2.589,3.233,pose,31.339,18.53,24.729,21.933
3358,115.237,3.295,3.295,bbox,31.339,18.53,24.729,21.933
3359,115.271,3.269,3.295,bbox,31.375,18.53,24.729,21.933
3360,115.305,2.617,3.269,pose,31.375,18.53,24.729,21.933
3361,115.34,3.231,3.231,bbox,31.375,18.53,24.729,21.933
3362,115.374,3.225,3.231,bbox,31.375,18.53,24.729,21.933
3363,115.408,2.594,3.225,pose,31.375,18.53,24.729,21.933
3364,115.443,3.297,3.225,bbox,31.375,18.53,24.729,21.933
3365,115.477,3.278,3.231,bbox,31.375,18.53,24.729,21.933
3366,115.511,3.271,3.271,bbox,31.375,18.53,24.729,21.933
3367,115.546,3.269,3.271,bbox,31.375,18.53,24.729,21.933
3368,115.58,3.243,3.271,bbox,31.375,18.53,24.729,21.933
3369,115.614,2.552,3.269,pose,31.375,18.53,24.729,21.933
3370,115.649,3.204,3.243,bbox,31.418,18.53,24.729,21.933
3371,115.683,3.186,3.204,bbox,31.418,18.53,24.729,21.933
3372,115.717,2.549,3.186,pose,31.418,18.53,24.729,21.933
3373,115.752,3.16,3.16,bbox,31.418,18.53,24.729,21.933
3374,115.786,3.104,3.16,bbox,31.418,18.53,24.729,21.933
3375,115.82,2.489,3.104,pose,31.418,18.53,24.729,21.933
3376,115.854,3.057,3.057,bbox,31.418,18.53,24.729,21.933
3377,115.889,3.027,3.057,bbox,31.418,18.53,24.729,21.933
3378,115.923,2.466,3.027,pose,31.418,18.53,24.729,21.933
3379,115.957,3.013,3.013,bbox,31.418,18.53,24.729,21.933
3380,115.992,3.005,3.013,bbox,31.418,18.53,24.729,21.933
3381,116.026,2.447,3.005,pose,31.418,18.53,24.729,21.933
3382,116.06,3.007,3.005,bbox,31.418,18.53,24.729,21.933
3383,116.095,3.008,3.007,bbox,31.418,18.53,24.729,21.933
3384,116.129,2.333,3.005,pose,31.418,18.53,24.729,21.933
3385,116.163,2.935,2.935,bbox,31.418,18.53,24.729,21.933
3386,116.198,2.911,2.935,bbox,31.418,18.53,24.729,21.933
3387,116.232,2.208,2.911,pose,31.418,18.53,24.833,21.933
3388,116.266,2.964,2.911,bbox,31.418,18.581,24.833,21.933
3389,116.301,3.013,2.935,bbox,31.418,18.581,24.87,21.933
3390,116.335,2.343,2.911,pose,31.418,18.632,24.87,21.933
3391,116.369,2.976,2.964,bbox,31.418,18.632,24.87,21.933
3392,116.404,2.976,2.976,bbox,31.418,18.632,24.87,21.933
3393,116.438,2.318,2.976,pose,31.418,18.632,24.904,21.933
3394,116.472,2.957,2.957,bbox,31.418,18.632,24.904,21.933
3395,116.507,2.96,2.96,bbox,31.418,18.632,24.904,21.933
3396,116.541,2.307,2.957,pose,31.418,18.632,24.904,21.933
3397,116.575,2.949,2.949,bbox,31.418,18.632,24.904,21.933
3398,116.609,2.928,2.949,bbox,31.418,18.632,24.904,21.933
3399,116.644,2.302,2.928,pose,31.418,18.632,24.904,21.933
3400,116.678,3.006,2.928,bbox,31.418,18.632,24.904,21.933
3401,116.712,2.976,2.949,bbox,31.418,18.632,24.904,21.933
3402,116.747,2.337,2.928,pose,31.418,18.632,24.904,21.933
3403,116.781,2.945,2.945,bbox,31.418,18.632,24.904,21.933
3404,116.815,2.935,2.945,bbox,31.496,18.632,24.904,21.933
3405,116.85,2.335,2.935,pose,31.496,18.632,24.904,21.933
3406,116.884,2.886,2.886,bbox,31.535,18.632,24.904,21.933
3407,116.918,2.916,2.916,bbox,31.535,18.632,24.904,21.933
3408,116.953,2.316,2.886,pose,31.535,18.632,24.904,21.933
3409,116.987,2.989,2.886,bbox,31.535,18.687,24.904,21.933
3410,117.021,3.011,2.916,bbox,31.535,18.687,24.904,21.933
3411,117.056,2.329,2.916,pose,31.535,18.687,24.904,21.933
3412,117.09,3.063,2.989,bbox,31.535,18.749,24.904,21.933
3413,117.124,3.111,3.011,bbox,31.535,18.749,24.904,21.933
3414,117.159,2.45,3.011,pose,31.535,18.749,24.904,21.933
3415,117.193,3.313,3.063,bbox,31.535,18.781,24.904,21.933
3416,117.227,3.294,3.111,bbox,31.535,18.781,24.904,21.933
3417,117.261,2.475,3.111,pose,31.535,18.781,24.904,21.933
3418,117.296,3.212,3.212,bbox,31.535,18.781,24.904,21.933
3419,117.33,3.178,3.212,bbox,31.535,18.781,24.904,21.933
3420,117.364,2.435,3.178,pose,31.57,18.781,24.904,21.933
3421,117.399,3.122,3.122,bbox,31.57,18.781,24.904,21.933
3422,117.433,3.124,3.124,bbox,31.57,18.781,24.904,21.933
3423,117.467,2.426,3.122,pose,31.57,18.781,24.904,21.933
3424,117.502,3.087,3.087,bbox,31.57,18.781,24.904,21.933
3425,117.536,3.083,3.087,bbox,31.57,18.781,24.904,21.933
3426,117.57,2.477,3.083,pose,31.57,18.781,24.904,21.933
3427,117.605,3.161,3.083,bbox,31.638,18.781,24.904,21.933
3428,117.639,3.186,3.087,bbox,31.638,18.781,24.904,21.933
3429,117.673,2.518,3.083,pose,31.638,18.781,24.904,21.933
3430,117.708,3.135,3.135,bbox,31.638,18.781,24.904,21.933
3431,117.742,3.116,3.135,bbox,31.638,18.781,24.904,21.933
3432,117.776,2.433,3.116,pose,31.638,18.781,24.904,21.933
3433,117.811,3.118,3.116,bbox,31.638,18.781,24.904,21.933
3434,117.845,3.128,3.118,bbox,31.638,18.781,24.904,21.933
3435,117.879,2.387,3.116,pose,31.638,18.781,24.904,21.933
3436,117.914,3.139,3.118,bbox,31.638,18.781,24.904,21.933
3437,117.948,3.178,3.128,bbox,31.638,18.781,24.904,21.933
3438,117.982,2.457,3.128,pose,31.638,18.781,24.904,21.933
3439,118.016,3.257,3.139,bbox,31.638,18.781,24.904,21.933
3440,118.051,3.268,3.178,bbox,31.638,18.781,24.904,21.933
3441,118.085,2.499,3.178,pose,31.638,18.781,24.904,21.933
3442,118.119,3.191,3.191,bbox,31.638,18.781,24.904,21.933
3443,118.154,3.105,3.191,bbox,31.638,18.781,24.904,21.933
3444,118.188,2.398,3.105,pose,31.638,18.781,24.904,21.933
3445,118.222,2.998,2.998,bbox,31.638,18.781,24.904,21.933
3446,118.257,3.228,3.105,bbox,31.638,18.781,24.904,21.933
3447,118.291,2.368,2.998,pose,31.682,18.781,24.904,21.933
3448,118.325,2.857,2.857,bbox,31.682,18.781,24.904,21.933
3449,118.36,2.845,2.857,bbox,31.742,18.781,24.904,21.933
3450,118.394,2.276,2.845,pose,31.783,18.781,24.904,21.933
3451,118.428,2.854,2.845,bbox,31.852,18.781,24.904,21.933
3452,118.463,2.87,2.854,bbox,31.882,18.781,24.904,21.933
3453,118.497,1.998,2.845,pose,31.882,18.781,24.904,21.933
3454,118.531,2.836,2.836,bbox,31.882,18.781,24.904,21.933
3455,118.566,2.842,2.842,bbox,31.882,18.781,24.904,21.933
3456,118.6,1.983,2.836,pose,31.973,18.781,24.904,21.933
3457,118.634,2.82,2.82,bbox,31.973,18.781,24.904,21.978
3458,118.668,2.832,2.832,bbox,31.973,18.781,24.904,22.045
3459,118.703,2.846,2.832,bbox,32.082,18.781,24.904,22.045
3460,118.737,2.806,2.82,bbox,32.139,18.781,24.904,22.045
3461,118.771,2.735,2.82,bbox,32.208,18.781,24.904,22.12
3462,118.806,2.077,2.806,pose,32.306,18.781,24.904,22.12
3463,118.84,2.504,2.735,bbox,32.384,18.781,24.904,22.156
3464,118.874,2.432,2.504,bbox,32.384,18.781,24.904,22.156
3465,118.909,2.127,2.432,pose,32.528,18.781,24.904,22.195
3466,118.943,2.353,2.353,bbox,32.651,18.781,24.904,22.195
3467,118.977,2.375,2.375,bbox,32.735,18.781,24.904,22.274
3468,119.012,2.161,2.353,pose,32.735,18.781,24.904,22.274
3469,119.046,2.336,2.336,bbox,32.805,18.781,24.904,22.274
3470,119.08,2.433,2.353,bbox,32.805,18.781,24.904,22.274
3471,119.115,2.382,2.375,bbox,32.805,18.781,24.904,22.274
3472,119.149,2.353,2.353,bbox,32.903,18.781,24.904,22.274
3473,119.183,2.405,2.382,bbox,32.903,18.781,24.904,22.274
3474,119.218,2.43,2.405,bbox,32.943,18.781,24.904,22.274
3475,119.252,2.498,2.405,bbox,33.004,18.781,24.904,22.308
3476,119.286,2.512,2.43,bbox,33.063,18.781,24.904,22.359
3477,119.321,2.559,2.498,bbox,33.063,18.781,24.904,22.435
3478,119.355,2.579,2.512,bbox,33.153,18.781,24.904,22.491
3479,119.389,2.557,2.557,bbox,33.194,18.781,24.904,22.559
3480,119.423,2.477,2.557,bbox,33.3,18.781,24.904,22.622
3481,119.458,2.451,2.557,bbox,33.407,18.781,24.904,22.677
3482,119.492,2.472,2.477,bbox,33.497,18.781,24.904,22.762
3483,119.526,2.455,2.472,bbox,33.594,18.781,24.904,22.835
3484,119.561,2.346,2.455,bbox,33.685,18.781,24.904,22.835
3485,119.595,2.406,2.451,bbox,33.737,18.781,24.904,22.882
3486,119.629,2.272,2.406,bbox,33.737,18.781,24.904,22.882
3487,119.664,2.248,2.346,bbox,33.737,18.781,24.904,22.927
3488,119.698,2.292,2.292,bbox,33.785,18.781,24.904,22.977
3489,119.732,2.15,2.272,bbox,33.869,18.781,24.904,23.041
3490,119.767,2.071,2.248,bbox,33.869,18.781,24.904,23.075
3491,119.801,2.107,2.15,bbox,33.928,18.781,24.904,23.075
3492,119.835,2.035,2.107,bbox,33.928,18.833,24.904,23.113
3493,119.87,2.011,2.071,bbox,34.051,18.833,24.904,23.212
3494,119.904,2.029,2.035,bbox,34.051,18.833,24.904,23.212
3495,119.938,2.094,2.035,pose,34.051,18.833,24.904,23.212
3496,119.973,2.257,2.035,bbox,34.081,18.833,24.904,23.212
3497,120.007,2.388,2.094,bbox,34.081,18.833,24.904,23.212
3498,120.041,2.453,2.257,bbox,34.081,18.833,24.904,23.263
3499,120.075,2.598,2.388,bbox,34.081,18.895,24.904,23.263
3500,120.11,2.772,2.453,bbox,34.081,18.895,24.904,23.263
3501,120.144,2.975,2.598,bbox,34.081,18.928,24.904,23.327
3502,120.178,3.145,2.772,bbox,34.081,18.968,24.904,23.414
3503,120.213,3.3,2.975,bbox,34.081,18.968,24.904,23.523
3504,120.247,3.454,3.145,bbox,34.081,18.968,24.904,23.637
3505,120.281,3.564,3.3,bbox,34.081,18.968,24.904,23.712
3506,120.316,3.599,3.454,bbox,34.081,18.968,24.904,23.798
3507,120.35,2.981,3.454,pose,34.081,18.968,24.904,23.862
3508,120.384,3.649,3.564,bbox,34.081,18.968,24.904,23.862
3509,120.419,3.576,3.576,bbox,34.081,18.968,24.904,23.898
3510,120.453,2.934,3.576,pose,34.081,18.968,24.904,23.898
3511,120.487,3.517,3.517,bbox,34.081,18.968,24.904,23.942
3512,120.522,3.481,3.517,bbox,34.081,18.968,24.904,23.942
3513,120.556,2.856,3.481,pose,34.081,18.968,24.904,23.942
3514,120.59,3.374,3.374,bbox,34.081,18.968,24.904,23.942
3515,120.625,3.361,3.374,bbox,34.081,18.968,24.904,23.942
3516,120.659,3.316,3.361,bbox,34.081,18.968,24.904,23.942
3517,120.693,3.293,3.316,bbox,34.081,18.968,24.904,23.942
3518,120.728,3.289,3.316,bbox,34.081,18.968,24.904,23.942
3519,120.762,3.26,3.293,bbox,34.081,18.968,24.904,23.942
3520,120.796,3.249,3.289,bbox,34.154,18.968,24.937,23.942
3521,120.83,,,,34.154,18.968,24.937,23.942
3522,120.865,3.187,3.26,bbox,34.154,18.968,24.977,23.942
3523,120.899,,,,34.154,18.968,24.977,23.942
3524,120.933,3.109,3.249,bbox,34.154,18.968,25.028,23.942
3525,120.968,3.085,3.187,bbox,34.189,18.968,25.082,23.942
3526,121.002,3.025,3.109,bbox,34.265,18.968,25.082,23.942
3527,121.036,2.942,3.085,bbox,34.329,18.968,25.082,23.942
3528,121.071,2.155,3.025,pose,34.361,18.968,25.082,23.942
3529,121.105,2.671,2.942,bbox,34.396,18.968,25.082,23.942
3530,121.139,2.56,2.671,bbox,34.545,18.968,25.082,23.942
3531,121.174,2.064,2.56,pose,34.609,18.968,25.082,23.942
3532,121.208,2.43,2.43,bbox,34.649,18.968,25.112,23.942
3533,121.242,2.433,2.433,bbox,34.691,18.968,25.112,23.942
3534,121.277,1.849,2.43,pose,34.742,18.968,25.112,23.942
3535,121.311,2.325,2.325,bbox,34.804,18.968,25.112,23.942
3536,121.345,2.516,2.43,bbox,34.804,18.968,25.112,23.942
3537,121.38,2.098,2.325,pose,34.804,18.968,25.112,23.942
3538,121.414,2.541,2.325,bbox,34.804,19.01,25.112,23.942
3539,121.448,2.566,2.516,bbox,34.804,19.01,25.112,23.942
3540,121.482,2.092,2.516,pose,34.804,19.01,25.112,23.942
3541,121.517,2.464,2.464,bbox,34.878,19.01,25.112,23.942
3542,121.551,2.474,2.474,bbox,34.915,19.01,25.112,23.942
3543,121.585,2.051,2.464,pose,34.915,19.01,25.112,23.942
3544,121.62,2.494,2.464,bbox,34.915,19.01,25.112,23.988
3545,121.654,2.635,2.474,bbox,34.915,19.01,25.112,23.988
3546,121.688,2.124,2.474,pose,34.915,19.01,25.112,23.988
3547,121.723,2.661,2.494,bbox,34.915,19.01,25.112,23.988
3548,121.757,2.66,2.635,bbox,34.915,19.01,25.112,23.988
3549,121.791,2.134,2.635,pose,34.915,19.01,25.112,23.988
3550,121.826,2.616,2.616,bbox,34.915,19.01,25.112,23.988
3551,121.86,2.542,2.616,bbox,34.915,19.01,25.112,23.988
3552,121.894,2.059,2.542,pose,34.915,19.01,25.112,23.988
3553,121.929,2.389,2.389,bbox,34.915,19.01,25.112,23.988
3554,121.963,2.33,2.389,bbox,34.949,19.01,25.152,23.988
3555,121.997,1.952,2.33,pose,34.949,19.01,25.152,23.988
3556,122.032,2.273,2.273,bbox,34.949,19.01,25.223,23.988
3557,122.066,2.155,2.273,bbox,34.989,19.01,25.223,23.988
3558,122.1,2.115,2.155,bbox,35.019,19.01,25.223,23.988
3559,122.135,2.101,2.115,bbox,35.072,19.01,25.223,23.988
3560,122.169,2.076,2.115,bbox,35.072,19.01,25.223,23.988
3561,122.203,2.071,2.101,bbox,35.072,19.01,25.223,23.988
3562,122.237,2.086,2.086,bbox,35.072,19.01,25.27,23.988
3563,122.272,2.03,2.076,bbox,35.072,19.01,25.306,23.988
3564,122.306,2.076,2.076,bbox,35.072,19.01,25.352,23.988
3565,122.34,2.117,2.076,bbox,35.072,19.01,25.385,23.988
3566,122.375,2.157,2.086,bbox,35.072,19.053,25.385,23.988
3567,122.409,1.795,2.076,pose,35.072,19.053,25.385,23.988
3568,122.443,2.261,2.117,bbox,35.072,19.094,25.385,23.988
3569,122.478,2.303,2.157,bbox,35.072,19.16,25.385,24.029
3570,122.512,2.116,2.157,pose,35.072,19.16,25.385,24.029
3571,122.546,2.418,2.261,bbox,35.072,19.16,25.385,24.067
3572,122.581,2.476,2.303,bbox,35.072,19.19,25.385,24.067
3573,122.615,2.371,2.371,pose,35.072,19.19,25.385,24.111
3574,122.649,2.748,2.418,bbox,35.072,19.19,25.385,24.158
3575,122.684,2.754,2.476,bbox,35.072,19.19,25.385,24.158
3576,122.718,2.104,2.476,pose,35.072,19.19,25.385,24.158
3577,122.752,2.67,2.67,bbox,35.072,19.308,25.385,24.158
3578,122.787,2.625,2.67,bbox,35.072,19.308,25.385,24.158
3579,122.821,1.729,2.625,pose,35.102,19.308,25.385,24.158
3580,122.855,2.34,2.34,bbox,35.25,19.308,25.385,24.21
3581,122.889,2.253,2.34,bbox,35.39,19.308,25.385,24.21
3582,122.924,1.672,2.253,pose,35.439,19.308,25.385,24.21
3583,122.958,2.166,2.166,bbox,35.56,19.308,25.385,24.21
3584,122.992,2.097,2.166,bbox,35.56,19.308,25.385,24.21
3585,123.027,1.643,2.097,pose,35.669,19.308,25.385,24.21
3586,123.061,2.017,2.017,bbox,35.746,19.308,25.385,24.269
3587,123.095,2.064,2.064,bbox,35.746,19.308,25.385,24.269
3588,123.13,1.607,2.017,pose,35.829,19.308,25.385,24.313
3589,123.164,2.126,2.017,bbox,35.914,19.308,25.385,24.361
3590,123.198,2.125,2.064,bbox,35.914,19.308,25.385,24.361
3591,123.233,1.347,2.064,pose,35.914,19.308,25.385,24.361
3592,123.267,2.104,2.104,bbox,35.914,19.308,25.385,24.361
3593,123.301,2.093,2.104,bbox,35.914,19.308,25.385,24.361
3594,123.336,1.408,2.093,pose,35.997,19.308,25.385,24.361
3595,123.37,1.988,1.988,bbox,36.044,19.308,25.385,24.361
3596,123.404,1.869,1.988,bbox,36.119,19.308,25.385,24.361
3597,123.439,1.872,1.872,bbox,36.207,19.308,25.385,24.361
3598,123.473,1.868,1.869,bbox,36.316,19.308,25.385,24.361
3599,123.507,1.868,1.869,bbox,36.447,19.308,25.385,24.361
3600,123.542,1.658,1.868,pose,36.541,19.308,25.385,24.453
3601,123.576,1.883,1.868,bbox,36.541,19.308,25.385,24.453
3602,123.61,1.828,1.868,bbox,36.584,19.308,25.385,24.504
3603,123.644,1.756,1.828,bbox,36.627,19.308,25.385,24.504
3604,123.679,1.741,1.756,bbox,36.627,19.308,25.385,24.504
3605,123.713,1.678,1.756,bbox,36.627,19.308,25.385,24.504
3606,123.747,1.468,1.741,pose,36.627,19.308,25.385,24.504
3607,123.782,1.739,1.739,bbox,36.627,19.308,25.385,24.504
3608,123.816,1.784,1.739,bbox,36.627,19.308,25.385,24.599
3609,123.85,1.891,1.739,pose,36.627,19.308,25.385,24.65
3610,123.885,1.936,1.784,bbox,36.627,19.308,25.385,24.742
3611,123.919,1.988,1.891,bbox,36.627,19.308,25.385,24.742
3612,123.953,1.953,1.936,pose,36.627,19.308,25.385,24.799
3613,123.988,2.238,1.953,bbox,36.627,19.308,25.385,24.879
3614,124.022,2.345,1.988,bbox,36.627,19.308,25.385,24.944
3615,124.056,2.022,2.022,pose,36.627,19.308,25.385,24.996
3616,124.091,2.555,2.238,bbox,36.627,19.308,25.385,24.996
3617,124.125,2.575,2.345,bbox,36.627,19.308,25.385,25.046
3618,124.159,2.028,2.345,pose,36.627,19.308,25.385,25.1
3619,124.194,2.539,2.539,bbox,36.627,19.308,25.385,25.139
3620,124.228,2.464,2.539,bbox,36.627,19.308,25.385,25.139
3621,124.262,1.961,2.464,pose,36.676,19.308,25.385,25.139
3622,124.296,2.267,2.267,bbox,36.676,19.308,25.385,25.139
3623,124.331,2.203,2.267,bbox,36.763,19.308,25.385,25.139
3624,124.365,1.849,2.203,pose,36.763,19.308,25.385,25.139
3625,124.399,2.057,2.057,bbox,36.819,19.308,25.385,25.139
3626,124.434,2.038,2.057,bbox,36.819,19.308,25.385,25.139
3627,124.468,1.655,2.038,pose,36.907,19.308,25.385,25.139
3628,124.502,2.01,2.01,bbox,36.907,19.308,25.385,25.139
3629,124.537,1.98,2.01,bbox,36.949,19.308,25.385,25.139
3630,124.571,1.685,1.98,pose,36.949,19.308,25.385,25.139
3631,124.605,2.016,1.98,bbox,37.015,19.308,25.385,25.139
3632,124.64,2.051,2.01,bbox,37.015,19.308,25.385,25.139
3633,124.674,1.781,1.98,pose,37.015,19.308,25.385,25.139
3634,124.708,2.063,2.016,bbox,37.015,19.339,25.385,25.139
3635,124.743,2.092,2.051,bbox,37.015,19.339,25.385,25.139
3636,124.777,1.908,2.051,pose,37.015,19.375,25.385,25.139
3637,124.811,2.181,2.063,bbox,37.015,19.375,25.385,25.139
3638,124.846,2.247,2.092,bbox,37.015,19.415,25.385,25.139
3639,124.88,1.933,2.092,pose,37.015,19.415,25.385,25.17
3640,124.914,2.382,2.181,bbox,37.015,19.415,25.385,25.215
3641,124.949,2.46,2.247,bbox,37.015,19.415,25.385,25.215
3642,124.983,2.001,2.247,pose,37.015,19.415,25.385,25.215
3643,125.017,2.432,2.382,bbox,37.015,19.415,25.385,25.215
3644,125.051,2.386,2.386,bbox,37.015,19.415,25.385,25.215
3645,125.086,1.888,2.386,pose,37.015,19.415,25.385,25.215
3646,125.12,2.262,2.262,bbox,37.015,19.415,25.385,25.215
3647,125.154,2.213,2.262,bbox,37.015,19.415,25.385,25.215
3648,125.189,2.173,2.213,bbox,37.015,19.415,25.385,25.215
3649,125.223,2.129,2.173,bbox,37.015,19.415,25.385,25.215
3650,125.257,2.106,2.173,bbox,37.059,19.415,25.385,25.215
3651,125.292,1.761,2.129,pose,37.059,19.415,25.385,25.215
3652,125.326,2.09,2.106,bbox,37.059,19.415,25.385,25.215
3653,125.36,2.102,2.102,bbox,37.059,19.415,25.385,25.215
3654,125.395,1.817,2.09,pose,37.059,19.415,25.385,25.215
3655,125.429,2.096,2.09,bbox,37.099,19.415,25.385,25.215
3656,125.463,2.133,2.096,bbox,37.099,19.415,25.385,25.215
3657,125.498,1.72,2.096,pose,37.099,19.448,25.385,25.215
3658,125.532,2.18,2.096,bbox,37.099,19.448,25.416,25.215
3659,125.566,2.215,2.133,bbox,37.099,19.488,25.416,25.215
3660,125.601,1.964,2.133,pose,37.099,19.488,25.416,25.215
3661,125.635,2.295,2.18,bbox,37.099,19.488,25.416,25.215
3662,125.669,2.344,2.215,bbox,37.099,19.526,25.416,25.215
3663,125.704,2.203,2.215,pose,37.099,19.569,25.416,25.215
3664,125.738,2.417,2.295,bbox,37.099,19.569,25.416,25.215
3665,125.772,2.442,2.344,bbox,37.099,19.569,25.416,25.215
3666,125.806,2.04,2.344,pose,37.099,19.569,25.416,25.215
3667,125.841,2.429,2.417,bbox,37.099,19.604,25.416,25.215
3668,125.875,2.384,2.417,bbox,37.099,19.604,25.416,25.215
3669,125.909,1.82,2.384,pose,37.099,19.604,25.416,25.215
3670,125.944,2.235,2.235,bbox,37.134,19.604,25.416,25.215
3671,125.978,2.136,2.235,bbox,37.134,19.604,25.416,25.215
3672,126.012,1.822,2.136,pose,37.134,19.604,25.467,25.215
3673,126.047,2.018,2.018,bbox,37.134,19.604,25.467,25.215
3674,126.081,1.971,2.018,bbox,37.165,19.604,25.497,25.215
3675,126.115,1.949,1.971,bbox,37.165,19.604,25.643,25.215
3676,126.15,1.931,1.949,bbox,37.165,19.604,25.643,25.215
3677,126.184,1.917,1.949,bbox,37.165,19.604,25.643,25.215
3678,126.218,1.932,1.932,bbox,37.165,19.604,25.68,25.215
3679,126.253,1.925,1.931,bbox,37.165,19.604,25.68,25.215
3680,126.287,1.929,1.929,bbox,37.165,19.604,25.726,25.215
3681,126.321,1.803,1.925,bbox,37.165,19.666,25.777,25.215
3682,126.356,,,,37.165,19.666,25.777,25.215
3683,126.39,,,,37.165,19.666,25.777,25.215
3684,126.424,,,,37.165,19.666,25.777,25.215
3685,126.458,,,,37.165,19.666,25.777,25.215
3686,126.493,,,,37.165,19.666,25.777,25.215
3687,126.527,1.902,1.925,bbox,37.165,19.666,25.777,25.215
3688,126.561,2.036,1.925,bbox,37.165,19.726,25.84,25.215
3689,126.596,,,,37.165,19.726,25.84,25.215
3690,126.63,,,,37.165,19.726,25.84,25.215
3691,126.664,2.081,1.929,bbox,37.165,19.726,25.84,25.215
3692,126.699,2.147,2.036,bbox,37.165,19.854,25.84,25.215
3693,126.733,2.162,2.081,bbox,37.165,19.854,25.84,25.215
3694,126.767,2.163,2.147,bbox,37.165,19.854,25.84,25.215
3695,126.802,2.179,2.162,bbox,37.165,19.854,25.84,25.215
3696,126.836,,,,37.165,19.854,25.84,25.215
3697,126.87,,,,37.165,19.854,25.84,25.215
3698,126.905,1.831,2.162,bbox,37.165,19.854,25.84,25.215
3699,126.939,1.862,2.162,bbox,37.165,19.854,25.84,25.264
3700,126.973,1.902,1.902,bbox,37.165,19.854,25.84,25.264
3701,127.008,2.026,1.902,bbox,37.165,19.854,25.84,25.305
3702,127.042,1.978,1.902,bbox,37.262,19.854,25.84,25.364
3703,127.076,1.838,1.902,bbox,37.262,19.854,25.84,25.411
3704,127.111,1.86,1.902,bbox,37.262,19.854,25.84,25.411
3705,127.145,1.812,1.86,bbox,37.262,19.854,25.84,25.411
3706,127.179,1.769,1.838,bbox,37.324,19.854,25.84,25.411
3707,127.213,1.806,1.812,bbox,37.324,19.854,25.84,25.411
3708,127.248,1.488,1.806,pose,37.324,19.854,25.84,25.411
3709,127.282,2.017,1.806,bbox,37.324,19.854,25.84,25.464
3710,127.316,2.015,1.806,bbox,37.324,19.854,25.84,25.554
3711,127.351,1.76,1.806,bbox,37.324,19.854,25.84,25.554
3712,127.385,1.858,1.858,bbox,37.398,19.854,25.84,25.554
3713,127.419,1.999,1.999,bbox,37.456,19.854,25.84,25.554
3714,127.454,2.005,1.999,bbox,37.456,19.854,25.84,25.586
3715,127.488,2.026,1.999,bbox,37.456,19.854,25.84,25.586
3716,127.522,2.126,2.005,bbox,37.456,19.854,25.84,25.586
3717,127.557,2.22,2.026,bbox,37.456,19.854,25.84,25.639
3718,127.591,2.39,2.126,bbox,37.456,19.854,25.84,25.639
3719,127.625,2.51,2.22,bbox,37.456,19.854,25.84,25.639
3720,127.66,1.798,2.22,pose,37.456,19.854,25.84,25.639
3721,127.694,2.559,2.39,bbox,37.456,19.854,25.84,25.723
3722,127.728,2.537,2.51,bbox,37.456,19.854,25.84,25.723
3723,127.763,1.893,2.51,pose,37.456,19.854,25.84,25.778
3724,127.797,2.355,2.355,bbox,37.487,19.854,25.84,25.778
3725,127.831,2.263,2.355,bbox,37.582,19.854,25.84,25.778
3726,127.865,1.664,2.263,pose,37.582,19.854,25.84,25.778
3727,127.9,2.149,2.149,bbox,37.582,19.854,25.84,25.778
3728,127.934,2.013,2.149,bbox,37.582,19.854,25.84,25.778
3729,127.968,1.642,2.013,pose,37.616,19.854,25.84,25.778
3730,128.003,1.986,1.986,bbox,37.661,19.854,25.84,25.778
3731,128.037,1.878,1.986,bbox,37.696,19.854,25.84,25.778
3732,128.071,1.513,1.878,pose,37.696,19.854,25.84,25.778
3733,128.106,1.809,1.809,bbox,37.696,19.854,25.84,25.778
3734,128.14,1.805,1.809,bbox,37.728,19.854,25.84,25.778
3735,128.174,1.518,1.805,pose,37.767,19.854,25.84,25.778
3736,128.209,1.876,1.805,bbox,37.767,19.854,25.84,25.82
3737,128.243,1.879,1.809,bbox,37.767,19.854,25.84,25.82
3738,128.277,1.546,1.805,pose,37.767,19.854,25.84,25.82
3739,128.312,1.918,1.876,bbox,37.767,19.854,25.84,25.82
3740,128.346,1.934,1.879,bbox,37.767,19.854,25.84,25.82
3741,128.38,1.558,1.879,pose,37.767,19.854,25.84,25.82
3742,128.415,2.034,1.918,bbox,37.767,19.854,25.84,25.82
3743,128.449,2.1,1.934,bbox,37.767,19.854,25.84,25.82
3744,128.483,1.695,1.934,pose,37.767,19.886,25.84,25.82
3745,128.518,2.168,2.034,bbox,37.767,19.886,25.84,25.82
3746,128.552,2.131,2.1,bbox,37.767,19.886,25.84,25.82
3747,128.586,1.731,2.1,pose,37.767,19.918,25.84,25.82
3748,128.62,2.166,2.131,bbox,37.767,19.918,25.84,25.82
3749,128.655,2.175,2.166,bbox,37.767,19.918,25.84,25.82
3750,128.689,1.73,2.131,pose,37.767,19.918,25.84,25.82
3751,128.723,2.198,2.166,bbox,37.767,19.951,25.84,25.82
3752,128.758,2.15,2.166,bbox,37.767,19.951,25.84,25.82
3753,128.792,1.658,2.15,pose,37.767,19.951,25.84,25.82
3754,128.826,2.107,2.107,bbox,37.8,19.951,25.84,25.82
3755,128.861,2.107,2.107,bbox,37.8,19.951,25.84,25.82
3756,128.895,1.648,2.107,pose,37.8,19.951,25.84,25.82
3757,128.929,2.056,2.056,bbox,37.8,19.951,25.84,25.82
3758,128.964,2.061,2.061,bbox,37.8,19.951,25.84,25.82
3759,128.998,1.67,2.056,pose,37.8,19.951,25.84,25.82
3760,129.032,2.087,2.056,bbox,37.8,19.951,25.84,25.82
3761,129.067,2.085,2.061,bbox,37.8,19.951,25.84,25.82
3762,129.101,1.73,2.061,pose,37.8,19.951,25.84,25.82
3763,129.135,2.07,2.07,bbox,37.8,19.951,25.84,25.82
3764,129.17,2.054,2.07,bbox,37.8,19.951,25.84,25.82
3765,129.204,1.696,2.054,pose,37.8,19.951,25.84,25.82
3766,129.238,2.074,2.054,bbox,37.8,19.951,25.84,25.82
3767,129.272,2.084,2.07,bbox,37.8,19.951,25.84,25.82
3768,129.307,1.85,2.054,pose,37.8,19.951,25.84,25.82
3769,129.341,2.178,2.074,bbox,37.8,19.985,25.84,25.82
3770,129.375,2.184,2.084,bbox,37.8,19.985,25.84,25.82
3771,129.41,1.854,2.084,pose,37.8,19.985,25.84,25.82
3772,129.444,2.206,2.178,bbox,37.8,19.985,25.84,25.82
3773,129.478,2.226,2.184,bbox,37.8,19.985,25.84,25.82
3774,129.513,1.826,2.184,pose,37.8,19.985,25.84,25.82
3775,129.547,2.137,2.137,bbox,37.852,19.985,25.84,25.82
3776,129.581,2.043,2.137,bbox,37.852,19.985,25.84,25.82
3777,129.616,1.685,2.043,pose,37.886,19.985,25.874,25.82
3778,129.65,2.024,2.024,bbox,37.921,19.985,25.874,25.82
3779,129.684,1.932,2.024,bbox,37.921,19.985,25.874,25.82
3780,129.719,1.738,1.932,pose,37.921,19.985,25.874,25.82
3781,129.753,1.822,1.822,bbox,37.982,19.985,25.874,25.82
3782,129.787,1.767,1.822,bbox,37.982,19.985,25.906,25.82
3783,129.822,1.74,1.767,pose,37.982,19.985,25.961,25.82
3784,129.856,1.535,1.74,bbox,37.982,19.985,25.961,25.82
3785,129.89,1.433,1.74,bbox,37.982,19.985,25.961,25.82
3786,129.925,,,,37.982,19.985,25.961,25.82
3787,129.959,,,,37.982,19.985,25.961,25.82
3788,129.993,,,,37.982,19.985,25.961,25.82
3789,130.027,1.874,1.74,bbox,37.982,19.985,25.961,25.82
3790,130.062,1.892,1.74,bbox,37.982,19.985,26.059,25.82
3791,130.096,1.958,1.874,bbox,37.982,19.985,26.059,25.82
3792,130.13,1.302,1.874,bbox,37.982,20.05,26.114,25.82
3793,130.165,1.253,1.874,bbox,37.982,20.05,26.18,25.82
3794,130.199,,,,37.982,20.05,26.18,25.82
3795,130.233,1.327,1.327,bbox,37.982,20.05,26.271,25.82
3796,130.268,,,,37.982,20.05,26.271,25.82
3797,130.302,1.251,1.302,bbox,37.982,20.05,26.367,25.82
3798,130.336,1.254,1.254,bbox,37.982,20.05,26.448,25.82
3799,130.371,,,,37.982,20.05,26.448,25.82
3800,130.405,1.084,1.253,bbox,37.982,20.05,26.448,25.82
3801,130.439,0.944,1.251,bbox,37.982,20.05,26.448,25.82
3802,130.474,0.895,1.084,bbox,37.982,20.168,26.448,25.82
3803,130.508,0.833,0.944,bbox,37.982,20.213,26.533,25.82
3804,130.542,0.886,0.895,bbox,37.982,20.25,26.58,25.82
3805,130.577,0.961,0.895,bbox,37.982,20.25,26.58,25.82
3806,130.611,0.875,0.886,bbox,37.982,20.25,26.58,25.82
3807,130.645,0.75,0.875,bbox,37.982,20.25,26.58,25.82
3808,130.679,0.68,0.875,bbox,37.982,20.25,26.58,25.82
3809,130.714,0.644,0.75,bbox,38.039,20.25,26.668,25.82
3810,130.748,0.636,0.68,bbox,38.039,20.25,26.668,25.82
3811,130.782,0.629,0.644,bbox,38.039,20.25,26.668,25.82
3812,130.817,0.622,0.636,bbox,38.069,20.25,26.668,25.82
3813,130.851,0.624,0.629,bbox,38.069,20.25,26.668,25.82
3814,130.885,0.634,0.629,bbox,38.069,20.311,26.668,25.82
3815,130.92,0.612,0.624,bbox,38.069,20.311,26.705,25.82
3816,130.954,0.562,0.622,pose,38.069,20.358,26.705,25.82
3817,130.988,0.765,0.624,bbox,38.069,20.358,26.705,25.82
3818,131.023,0.828,0.634,bbox,38.069,20.358,26.705,25.82
3819,131.057,0.868,0.765,bbox,38.069,20.443,26.705,25.863
3820,131.091,0.944,0.828,bbox,38.069,20.443,26.705,25.92
3821,131.126,0.965,0.868,bbox,38.069,20.443,26.705,25.92
3822,131.16,1.037,0.944,bbox,38.069,20.443,26.705,25.977
3823,131.194,1.093,0.965,bbox,38.069,20.443,26.705,26.014
3824,131.229,1.154,1.037,bbox,38.069,20.443,26.705,26.073
3825,131.263,,,,38.069,20.443,26.705,26.073
3826,131.297,,,,38.069,20.443,26.705,26.073
3827,131.332,,,,38.069,20.443,26.705,26.073
3828,131.366,1.797,1.093,bbox,38.069,20.443,26.705,26.162
3829,131.4,,,,38.069,20.443,26.705,26.162
3830,131.434,1.997,1.154,bbox,38.069,20.588,26.705,26.215
3831,131.469,,,,38.069,20.588,26.705,26.215
3832,131.503,2.059,1.797,bbox,38.069,20.588,26.705,26.215
3833,131.537,2.042,1.997,bbox,38.069,20.588,26.705,26.34
3834,131.572,2.03,2.03,bbox,38.069,20.588,26.705,26.34
3835,131.606,1.848,2.03,bbox,38.069,20.588,26.705,26.382
3836,131.64,1.835,2.03,bbox,38.193,20.588,26.705,26.382
3837,131.675,1.903,1.903,bbox,38.303,20.588,26.705,26.424
3838,131.709,,,,38.303,20.588,26.705,26.424
3839,131.743,1.857,1.857,bbox,38.367,20.588,26.705,26.462
3840,131.778,1.912,1.857,bbox,38.408,20.588,26.705,26.541
3841,131.812,1.906,1.903,bbox,38.408,20.588,26.705,26.541
3842,131.846,1.992,1.906,bbox,38.463,20.588,26.705,26.618
3843,131.881,,,,38.463,20.588,26.705,26.618
3844,131.915,1.773,1.906,bbox,38.535,20.588,26.705,26.725
3845,131.949,1.761,1.906,bbox,38.567,20.588,26.705,26.824
3846,131.984,2.536,1.906,pose,38.685,20.588,26.705,26.824
3847,132.018,1.789,1.789,bbox,38.685,20.588,26.705,26.824
3848,132.052,1.806,1.789,bbox,38.758,20.588,26.705,26.869
3849,132.086,1.833,1.806,bbox,38.758,20.588,26.705,26.944
3850,132.121,1.834,1.833,bbox,38.863,20.588,26.705,26.944
3851,132.155,,,,38.863,20.588,26.705,26.944
3852,132.189,1.763,1.806,bbox,38.939,20.588,26.705,26.944
3853,132.224,1.735,1.806,bbox,38.939,20.588,26.705,26.944
3854,132.258,1.758,1.763,bbox,39.085,20.588,26.705,26.944
3855,132.292,1.643,1.758,bbox,39.134,20.588,26.705,26.944
3856,132.327,1.61,1.735,bbox,39.23,20.588,26.705,26.944
3857,132.361,1.626,1.643,bbox,39.346,20.588,26.705,26.944
3858,132.395,1.631,1.631,bbox,39.405,20.588,26.705,26.944
3859,132.43,1.577,1.626,bbox,39.457,20.588,26.705,26.944
3860,132.464,1.553,1.61,bbox,39.457,20.588,26.705,26.944
3861,132.498,1.53,1.577,bbox,39.457,20.588,26.705,26.944
3862,132.533,1.486,1.553,bbox,39.457,20.588,26.705,26.944
3863,132.567,1.455,1.53,bbox,39.505,20.588,26.705,26.944
3864,132.601,1.448,1.486,bbox,39.505,20.588,26.705,26.944
3865,132.636,1.421,1.455,bbox,39.505,20.588,26.705,26.944
3866,132.67,1.422,1.448,bbox,39.505,20.588,26.705,26.944
3867,132.704,1.288,1.422,pose,39.505,20.588,26.705,26.944
3868,132.739,1.424,1.422,bbox,39.505,20.588,26.705,26.979
3869,132.773,1.457,1.422,bbox,39.505,20.588,26.705,27.05
3870,132.807,1.481,1.424,bbox,39.505,20.588,26.705,27.092
3871,132.841,1.49,1.457,bbox,39.505,20.588,26.705,27.125
3872,132.876,1.527,1.481,bbox,39.505,20.588,26.705,27.125
3873,132.91,1.286,1.481,pose,39.505,20.588,26.705,27.125
3874,132.944,1.511,1.49,bbox,39.505,20.588,26.705,27.16
3875,132.979,1.529,1.511,bbox,39.505,20.588,26.705,27.212
3876,133.013,1.55,1.527,bbox,39.505,20.588,26.705,27.212
3877,133.047,1.545,1.529,bbox,39.505,20.588,26.705,27.212
3878,133.082,1.537,1.537,bbox,39.505,20.588,26.705,27.212
3879,133.116,1.546,1.545,bbox,39.505,20.588,26.705,27.212
3880,133.15,1.558,1.546,bbox,39.505,20.588,26.705,27.212
3881,133.185,1.582,1.546,bbox,39.505,20.588,26.705,27.212
3882,133.219,1.605,1.558,bbox,39.505,20.588,26.705,27.212
3883,133.253,1.615,1.582,bbox,39.505,20.588,26.705,27.212
3884,133.288,1.595,1.595,bbox,39.505,20.588,26.705,27.212
3885,133.322,1.59,1.595,bbox,39.505,20.588,26.705,27.212
3886,133.356,1.592,1.595,bbox,39.505,20.588,26.705,27.212
3887,133.391,1.591,1.592,bbox,39.505,20.588,26.705,27.212
3888,133.425,1.547,1.591,pose,39.505,20.588,26.705,27.212
3889,133.459,1.598,1.591,bbox,39.505,20.588,26.705,27.212
3890,133.493,1.611,1.592,bbox,39.505,20.588,26.705,27.212
3891,133.528,1.549,1.591,pose,39.505,20.588,26.705,27.212
3892,133.562,1.621,1.598,bbox,39.505,20.588,26.705,27.212
3893,133.596,1.621,1.611,bbox,39.505,20.588,26.705,27.212
3894,133.631,1.648,1.621,bbox,39.505,20.588,26.705,27.212
3895,133.665,1.629,1.621,bbox,39.505,20.588,26.705,27.212
3896,133.699,,,,39.505,20.588,26.705,27.212
3897,133.734,,,,39.505,20.588,26.705,27.212
3898,133.768,,,,39.505,20.588,26.705,27.212
3899,133.802,,,,39.505,20.588,26.705,27.212
3900,133.837,2.551,1.629,pose,39.505,20.588,26.705,27.212
3901,133.871,3.111,1.648,bbox,39.505,20.588,26.705,27.212
3902,133.905,3.113,2.551,bbox,39.505,20.588,26.705,27.212
3903,133.94,2.55,2.551,pose,39.505,20.588,26.705,27.212
3904,133.974,3.146,3.111,bbox,39.505,20.588,26.735,27.212
3905,134.008,3.183,3.113,bbox,39.505,20.588,26.735,27.212
3906,134.043,2.531,3.113,pose,39.505,20.588,26.735,27.212
3907,134.077,3.178,3.146,bbox,39.505,20.588,26.735,27.212
3908,134.111,3.189,3.178,bbox,39.505,20.588,26.735,27.212
3909,134.146,2.522,3.178,pose,39.505,20.588,26.735,27.212
3910,134.18,3.153,3.153,bbox,39.505,20.588,26.735,27.212
3911,134.214,3.116,3.153,bbox,39.505,20.588,26.735,27.212
3912,134.248,2.519,3.116,pose,39.505,20.588,26.735,27.212
3913,134.283,3.116,3.116,bbox,39.539,20.588,26.735,27.212
3914,134.317,3.11,3.116,bbox,39.539,20.588,26.735,27.212
3915,134.351,2.503,3.11,pose,39.539,20.588,26.735,27.212
3916,134.386,3.1,3.1,bbox,39.539,20.618,26.735,27.212
3917,134.42,3.08,3.1,bbox,39.539,20.618,26.735,27.212
3918,134.454,2.461,3.08,pose,39.539,20.618,26.735,27.212
3919,134.489,3.088,3.08,bbox,39.539,20.618,26.735,27.212
3920,134.523,3.085,3.085,bbox,39.539,20.618,26.735,27.212
3921,134.557,2.472,3.08,pose,39.539,20.618,26.735,27.212
3922,134.592,3.09,3.085,bbox,39.539,20.618,26.735,27.212
3923,134.626,3.082,3.085,bbox,39.539,20.618,26.735,27.212
3924,134.66,2.505,3.082,pose,39.539,20.618,26.735,27.212
3925,134.695,3.09,3.082,bbox,39.539,20.618,26.735,27.212
3926,134.729,3.108,3.09,bbox,39.539,20.618,26.735,27.212
3927,134.763,2.498,3.082,pose,39.539,20.618,26.735,27.212
3928,134.798,3.123,3.09,bbox,39.539,20.618,26.735,27.212
3929,134.832,3.119,3.108,bbox,39.539,20.618,26.735,27.212
3930,134.866,2.493,3.108,pose,39.539,20.618,26.735,27.212
3931,134.9,3.119,3.119,bbox,39.539,20.618,26.735,27.212
3932,134.935,3.123,3.119,bbox,39.539,20.618,26.735,27.212
3933,134.969,3.053,3.119,bbox,39.539,20.618,26.776,27.212
3934,135.003,3.008,3.053,bbox,39.539,20.618,26.776,27.212
3935,135.038,3.028,3.053,bbox,39.539,20.618,26.845,27.212
3936,135.072,2.941,3.028,bbox,39.539,20.618,26.906,27.212
3937,135.106,2.946,3.008,bbox,39.539,20.618,26.952,27.212
3938,135.141,2.935,2.946,bbox,39.539,20.618,27.068,27.212
3939,135.175,2.886,2.941,bbox,39.539,20.618,27.121,27.212
3940,135.209,2.908,2.935,bbox,39.539,20.618,27.196,27.212
3941,135.244,2.941,2.935,bbox,39.539,20.618,27.287,27.212
3942,135.278,2.965,2.935,bbox,39.539,20.618,27.287,27.212
3943,135.312,2.95,2.941,bbox,39.539,20.618,27.287,27.212
3944,135.347,2.992,2.95,bbox,39.582,20.618,27.287,27.212
3945,135.381,3.014,2.965,bbox,39.582,20.618,27.287,27.262
3946,135.415,2.979,2.979,bbox,39.631,20.618,27.287,27.337
3947,135.45,2.95,2.979,bbox,39.631,20.618,27.287,27.375
3948,135.484,3.096,2.992,bbox,39.631,20.618,27.287,27.375
3949,135.518,3.238,3.014,bbox,39.631,20.618,27.287,27.375
3950,135.553,3.251,3.096,bbox,39.689,20.618,27.287,27.412
3951,135.587,3.034,3.096,pose,39.689,20.676,27.287,27.492
3952,135.621,3.175,3.175,bbox,39.689,20.676,27.287,27.531
3953,135.655,3.138,3.175,bbox,39.731,20.676,27.287,27.531
3954,135.69,2.947,3.138,pose,39.731,20.676,27.287,27.531
3955,135.724,3.085,3.085,bbox,39.731,20.676,27.287,27.595
3956,135.758,3.126,3.126,bbox,39.731,20.676,27.287,27.595
3957,135.793,2.869,3.085,pose,39.731,20.676,27.287,27.626
3958,135.827,3.209,3.085,bbox,39.731,20.676,27.287,27.626
3959,135.861,3.489,3.126,bbox,39.731,20.676,27.287,27.626
3960,135.896,2.703,3.126,pose,39.731,20.812,27.287,27.626
3961,135.93,3.291,3.209,bbox,39.731,20.812,27.287,27.626
3962,135.964,3.061,3.209,bbox,39.731,20.812,27.287,27.626
3963,135.999,2.708,3.061,pose,39.731,20.812,27.287,27.626
3964,136.033,3.019,3.019,bbox,39.761,20.812,27.287,27.626
3965,136.067,3.024,3.024,bbox,39.761,20.812,27.287,27.626
3966,136.102,2.739,3.019,pose,39.761,20.812,27.287,27.626
3967,136.136,3.062,3.019,bbox,39.761,20.812,27.287,27.626
3968,136.17,3.111,3.024,bbox,39.761,20.812,27.287,27.626
3969,136.205,2.653,3.024,pose,39.761,20.878,27.287,27.626
3970,136.239,3.175,3.062,bbox,39.761,21.004,27.287,27.626
3971,136.273,3.291,3.111,bbox,39.761,21.004,27.287,27.626
3972,136.307,3.337,3.175,bbox,39.761,21.123,27.287,27.626
3973,136.342,3.246,3.246,bbox,39.761,21.123,27.287,27.626
3974,136.376,3.228,3.246,bbox,39.761,21.186,27.287,27.626
3975,136.41,2.493,3.246,pose,39.761,21.186,27.287,27.626
3976,136.445,3.398,3.246,bbox,39.761,21.186,27.339,27.626
3977,136.479,3.353,3.246,bbox,39.761,21.186,27.339,27.626
3978,136.513,2.599,3.228,pose,39.761,21.186,27.339,27.626
3979,136.548,3.422,3.353,bbox,39.761,21.186,27.339,27.626
3980,136.582,3.457,3.398,bbox,39.761,21.186,27.339,27.626
3981,136.616,2.597,3.353,pose,39.761,21.186,27.339,27.626
3982,136.651,3.47,3.422,bbox,39.761,21.186,27.339,27.658
3983,136.685,3.466,3.457,bbox,39.761,21.186,27.339,27.658
3984,136.719,2.523,3.457,pose,39.761,21.186,27.339,27.658
3985,136.754,3.257,3.257,bbox,39.817,21.186,27.339,27.691
3986,136.788,3.08,3.257,bbox,39.93,21.186,27.339,27.691
3987,136.822,2.476,3.08,pose,39.93,21.186,27.339,27.691
3988,136.857,3.061,3.061,bbox,39.93,21.186,27.339,27.691
3989,136.891,2.871,3.061,bbox,39.974,21.186,27.339,27.691
3990,136.925,2.407,2.871,pose,39.974,21.186,27.339,27.691
3991,136.96,2.77,2.77,bbox,40.1,21.186,27.339,27.691
3992,136.994,2.693,2.77,bbox,40.141,21.186,27.339,27.691
3993,137.028,2.379,2.693,pose,40.223,21.186,27.339,27.691
3994,137.062,2.801,2.693,bbox,40.264,21.186,27.339,27.722
3995,137.097,2.81,2.77,bbox,40.347,21.186,27.339,27.722
3996,137.131,2.383,2.693,pose,40.347,21.186,27.339,27.758
3997,137.165,2.795,2.795,bbox,40.347,21.186,27.339,27.818
3998,137.2,2.799,2.799,bbox,40.347,21.186,27.339,27.818
3999,137.234,2.298,2.795,pose,40.472,21.186,27.339,27.818
4000,137.268,2.736,2.736,bbox,40.472,21.186,27.339,27.857
4001,137.303,2.822,2.795,bbox,40.51,21.186,27.339,27.857
4002,137.337,2.006,2.736,pose,40.628,21.186,27.339,27.89
4003,137.371,2.87,2.736,bbox,40.662,21.186,27.339,27.992
4004,137.406,2.882,2.822,bbox,40.662,21.186,27.339,27.992
4005,137.44,2.899,2.87,bbox,40.747,21.186,27.339,28.024
4006,137.474,2.864,2.87,bbox,40.817,21.186,27.339,28.065
4007,137.509,2.796,2.87,bbox,40.921,21.186,27.339,28.139
4008,137.543,1.896,2.864,pose,40.921,21.186,27.339,28.171
4009,137.577,2.847,2.847,bbox,41.018,21.186,27.339,28.219
4010,137.612,2.541,2.796,bbox,41.102,21.186,27.339,28.329
4011,137.646,2.105,2.541,pose,41.157,21.186,27.339,28.329
4012,137.68,2.378,2.378,bbox,41.296,21.186,27.339,28.329
4013,137.714,2.282,2.378,bbox,41.39,21.186,27.339,28.388
4014,137.749,2.214,2.282,pose,41.39,21.186,27.339,28.434
4015,137.783,2.308,2.282,bbox,41.39,21.186,27.339,28.434
4016,137.817,2.272,2.282,bbox,41.513,21.186,27.339,28.498
4017,137.852,2.06,2.272,pose,41.513,21.186,27.339,28.498
4018,137.886,2.297,2.272,bbox,41.575,21.186,27.339,28.498
4019,137.92,2.327,2.297,bbox,41.615,21.186,27.339,28.566
4020,137.955,1.868,2.272,pose,41.615,21.186,27.339,28.566
4021,137.989,2.46,2.297,bbox,41.683,21.186,27.339,28.566
4022,138.023,2.492,2.327,bbox,41.716,21.186,27.339,28.681
4023,138.058,1.837,2.327,pose,41.716,21.186,27.339,28.727
4024,138.092,2.639,2.46,bbox,41.793,21.186,27.339,28.727
4025,138.126,2.651,2.492,bbox,41.793,21.186,27.339,28.793
4026,138.161,1.965,2.492,pose,41.793,21.186,27.339,28.84
4027,138.195,2.743,2.639,bbox,41.838,21.186,27.339,28.886
4028,138.229,2.735,2.651,bbox,41.882,21.186,27.339,28.917
4029,138.264,1.877,2.651,pose,41.981,21.186,27.339,29.032
4030,138.298,2.672,2.672,bbox,42.028,21.186,27.339,29.071
4031,138.332,2.59,2.672,bbox,42.058,21.186,27.339,29.071
4032,138.367,1.879,2.59,pose,42.179,21.186,27.339,29.151
4033,138.401,2.461,2.461,bbox,42.249,21.186,27.339,29.151
4034,138.435,2.41,2.461,bbox,42.249,21.186,27.339,29.182
4035,138.469,2.37,2.41,bbox,42.372,21.186,27.339,29.215
4036,138.504,2.341,2.37,bbox,42.372,21.186,27.339,29.215
4037,138.538,2.347,2.37,bbox,42.426,21.186,27.339,29.269
4038,138.572,2.343,2.347,bbox,42.463,21.186,27.339,29.269
4039,138.607,2.39,2.347,bbox,42.563,21.186,27.339,29.323
4040,138.641,2.453,2.347,bbox,42.614,21.186,27.339,29.323
4041,138.675,2.037,2.347,pose,42.614,21.186,27.339,29.373
4042,138.71,2.555,2.39,bbox,42.679,21.186,27.339,29.439
4043,138.744,2.544,2.453,bbox,42.679,21.186,27.339,29.537
4044,138.778,1.834,2.453,pose,42.679,21.186,27.339,29.537
4045,138.813,2.631,2.544,bbox,42.729,21.186,27.339,29.537
4046,138.847,2.644,2.555,bbox,42.786,21.186,27.339,29.62
4047,138.881,2.603,2.603,bbox,42.871,21.186,27.339,29.62
4048,138.916,2.572,2.603,bbox,42.871,21.186,27.339,29.666
4049,138.95,2.572,2.603,bbox,42.871,21.186,27.339,29.666
4050,138.984,2.187,2.572,pose,42.922,21.186,27.339,29.666
4051,139.019,2.458,2.572,bbox,42.954,21.186,27.339,29.666
4052,139.053,2.382,2.458,bbox,43.063,21.186,27.339,29.71
4053,139.087,2.229,2.382,pose,43.063,21.186,27.339,29.71
4054,139.121,2.267,2.267,bbox,43.15,21.186,27.339,29.71
4055,139.156,2.264,2.267,bbox,43.187,21.186,27.339,29.71
4056,139.19,2.109,2.264,pose,43.305,21.186,27.339,29.782
4057,139.224,2.33,2.264,bbox,43.344,21.186,27.339,29.814
4058,139.259,2.35,2.267,bbox,43.404,21.186,27.339,29.852
4059,139.293,1.84,2.264,pose,43.436,21.186,27.339,29.852
4060,139.327,2.342,2.33,bbox,43.436,21.186,27.339,29.882
4061,139.362,2.369,2.342,bbox,43.474,21.186,27.339,29.882
4062,139.396,2.391,2.35,bbox,43.555,21.186,27.339,29.882
4063,139.43,2.412,2.369,bbox,43.602,21.186,27.339,29.882
4064,139.465,2.372,2.372,bbox,43.632,21.186,27.339,29.882
4065,139.499,3.069,2.391,pose,43.632,21.186,27.339,29.882
4066,139.533,2.372,2.391,bbox,43.674,21.186,27.339,29.882
4067,139.568,2.282,2.372,bbox,43.722,21.186,27.339,29.882
4068,139.602,2.686,2.372,pose,43.794,21.186,27.339,29.882
4069,139.636,2.003,2.372,bbox,43.881,21.186,27.339,29.882
4070,139.671,1.905,2.282,bbox,43.881,21.186,27.339,29.882
4071,139.705,1.841,2.003,bbox,43.881,21.186,27.339,29.882
4072,139.739,1.631,1.905,bbox,43.988,21.186,27.339,29.953
4073,139.774,1.341,1.841,bbox,43.988,21.186,27.423,29.953
4074,139.808,1.165,1.631,bbox,44.057,21.186,27.423,29.953
4075,139.842,1.027,1.341,bbox,44.057,21.186,27.486,29.953
4076,139.876,0.924,1.165,bbox,44.089,21.186,27.486,29.953
4077,139.911,0.758,1.027,bbox,44.089,21.186,27.486,29.953
4078,139.945,0.686,0.924,bbox,44.089,21.186,27.588,29.953
4079,139.979,0.641,0.758,bbox,44.089,21.186,27.628,29.953
4080,140.014,0.441,0.686,pose,44.089,21.186,27.628,29.953
4081,140.048,0.553,0.641,bbox,44.125,21.186,27.628,29.953
4082,140.082,0.564,0.564,bbox,44.25,21.186,27.628,29.985
4083,140.117,0.299,0.553,pose,44.25,21.186,27.628,29.985
4084,140.151,0.633,0.553,bbox,44.25,21.186,27.628,30.027
4085,140.185,0.582,0.564,bbox,44.25,21.186,27.628,30.027
4086,140.22,0.269,0.564,pose,44.25,21.186,27.628,30.027
4087,140.254,0.522,0.522,bbox,44.332,21.186,27.628,30.027
4088,140.288,0.517,0.522,bbox,44.332,21.186,27.628,30.027
4089,140.323,0.468,0.517,bbox,44.376,21.186,27.628,30.067
4090,140.357,0.393,0.468,bbox,44.436,21.186,27.628,30.067
4091,140.391,0.38,0.468,bbox,44.436,21.186,27.628,30.067
4092,140.426,0.356,0.393,bbox,44.54,21.186,27.628,30.067
4093,140.46,0.39,0.39,bbox,44.588,21.186,27.628,30.067
4094,140.494,0.398,0.39,bbox,44.63,21.186,27.628,30.067
4095,140.528,0.399,0.39,bbox,44.63,21.186,27.628,30.112
4096,140.563,0.377,0.39,bbox,44.63,21.186,27.628,30.112
4097,140.597,0.361,0.39,bbox,44.669,21.186,27.628,30.112
4098,140.631,0.349,0.377,bbox,44.669,21.186,27.628,30.112
4099,140.666,,,,44.669,21.186,27.628,30.112
4100,140.7,,,,44.669,21.186,27.628,30.112
4101,140.734,,,,44.669,21.186,27.628,30.112
4102,140.769,,,,44.669,21.186,27.628,30.112
4103,140.803,,,,44.669,21.186,27.628,30.112
4104,140.837,,,,44.669,21.186,27.628,30.112
4105,140.872,,,,44.669,21.186,27.628,30.112
4106,140.906,,,,44.669,21.186,27.628,30.112
4107,140.94,,,,44.669,21.186,27.628,30.112
4108,140.975,,,,44.669,21.186,27.628,30.112
4109,141.009,,,,44.669,21.186,27.628,30.112
4110,141.043,,,,44.669,21.186,27.628,30.112
4111,141.078,,,,44.669,21.186,27.628,30.112
4112,141.112,,,,44.669,21.186,27.628,30.112
4113,141.146,,,,44.669,21.186,27.628,30.112
4114,141.181,,,,44.669,21.186,27.628,30.112
4115,141.215,,,,44.669,21.186,27.628,30.112
4116,141.249,4.453,0.377,bbox,44.669,21.186,27.628,30.112
4117,141.283,4.442,0.377,bbox,44.669,21.186,27.628,30.112
4118,141.318,4.409,4.409,bbox,44.669,21.186,27.628,30.112
4119,141.352,4.085,4.409,pose,44.669,21.186,27.628,30.112
4120,141.386,4.33,4.409,bbox,44.669,21.186,27.628,30.112
4121,141.421,4.281,4.33,bbox,44.669,21.186,27.628,30.112
4122,141.455,4.112,4.281,pose,44.669,21.186,27.628,30.112
4123,141.489,4.286,4.281,bbox,44.701,21.186,27.628,30.112
4124,141.524,4.308,4.286,bbox,44.701,21.186,27.628,30.112
4125,141.558,4.045,4.281,pose,44.701,21.186,27.628,30.112
4126,141.592,4.317,4.286,bbox,44.701,21.186,27.628,30.112
4127,141.627,4.301,4.301,bbox,44.701,21.186,27.628,30.112
4128,141.661,4.106,4.301,pose,44.701,21.186,27.628,30.112
4129,141.695,4.286,4.286,bbox,44.701,21.244,27.628,30.112
4130,141.73,4.316,4.301,bbox,44.701,21.244,27.628,30.112
4131,141.764,4.086,4.286,pose,44.701,21.244,27.628,30.112
4132,141.798,4.247,4.247,bbox,44.701,21.279,27.673,30.112
4133,141.833,4.236,4.247,bbox,44.701,21.279,27.673,30.112
4134,141.867,3.999,4.236,pose,44.701,21.279,27.673,30.112
4135,141.901,4.214,4.214,bbox,44.701,21.279,27.673,30.112
4136,141.935,4.234,4.234,bbox,44.701,21.279,27.673,30.112
4137,141.97,3.997,4.214,pose,44.701,21.279,27.673,30.112
4138,142.004,4.248,4.214,bbox,44.701,21.279,27.673,30.112
4139,142.038,4.269,4.234,bbox,44.701,21.279,27.673,30.112
4140,142.073,4.036,4.234,pose,44.701,21.279,27.673,30.112
4141,142.107,4.265,4.248,bbox,44.701,21.279,27.673,30.112
4142,142.141,4.272,4.265,bbox,44.701,21.279,27.673,30.112
4143,142.176,4.002,4.265,pose,44.701,21.279,27.673,30.112
4144,142.21,4.26,4.26,bbox,44.701,21.279,27.673,30.112
4145,142.244,4.247,4.26,bbox,44.701,21.279,27.673,30.112
4146,142.279,3.941,4.247,pose,44.701,21.279,27.673,30.112
4147,142.313,4.245,4.245,bbox,44.701,21.279,27.673,30.112
4148,142.347,4.251,4.247,bbox,44.701,21.279,27.673,30.112
4149,142.382,3.923,4.245,pose,44.701,21.279,27.673,30.112
4150,142.416,4.263,4.245,bbox,44.701,21.279,27.673,30.112
4151,142.45,4.268,4.251,bbox,44.701,21.279,27.673,30.112
4152,142.485,3.952,4.251,pose,44.701,21.279,27.673,30.112
4153,142.519,4.28,4.263,bbox,44.701,21.279,27.673,30.112
4154,142.553,4.262,4.263,bbox,44.701,21.279,27.673,30.112
4155,142.588,3.955,4.262,pose,44.701,21.279,27.673,30.112
4156,142.622,4.266,4.262,bbox,44.701,21.279,27.673,30.112
4157,142.656,4.26,4.262,bbox,44.701,21.279,27.673,30.112
4158,142.69,4.068,4.26,pose,44.701,21.279,27.673,30.112
4159,142.725,4.256,4.256,bbox,44.701,21.279,27.673,30.112
4160,142.759,4.271,4.26,bbox,44.701,21.279,27.673,30.112
4161,142.793,4.121,4.256,pose,44.701,21.279,27.673,30.112
4162,142.828,4.274,4.256,bbox,44.701,21.279,27.673,30.112
4163,142.862,4.28,4.271,bbox,44.701,21.279,27.673,30.112
4164,142.896,4.134,4.271,pose,44.701,21.279,27.673,30.112
4165,142.931,4.295,4.274,bbox,44.701,21.279,27.673,30.112
4166,142.965,4.292,4.28,bbox,44.701,21.279,27.673,30.112
4167,142.999,4.095,4.28,pose,44.701,21.279,27.673,30.112
4168,143.034,4.296,4.292,bbox,44.701,21.279,27.673,30.112
4169,143.068,4.307,4.295,bbox,44.701,21.279,27.673,30.112
4170,143.102,3.993,4.292,pose,44.701,21.279,27.673,30.112
4171,143.137,4.332,4.296,bbox,44.701,21.279,27.673,30.112
4172,143.171,4.347,4.307,bbox,44.701,21.279,27.673,30.112
4173,143.205,3.889,4.307,pose,44.701,21.279,27.673,30.112
4174,143.24,4.309,4.309,bbox,44.701,21.279,27.673,30.112
4175,143.274,4.239,4.309,bbox,44.701,21.279,27.673,30.112
4176,143.308,3.714,4.239,pose,44.701,21.279,27.673,30.112
4177,143.342,4.206,4.206,bbox,44.701,21.279,27.673,30.112
4178,143.377,4.177,4.206,bbox,44.758,21.279,27.673,30.112
4179,143.411,3.573,4.177,pose,44.758,21.279,27.673,30.112
4180,143.445,4.204,4.177,bbox,44.822,21.279,27.673,30.112
4181,143.48,4.219,4.204,bbox,44.822,21.279,27.673,30.112
4182,143.514,3.646,4.177,pose,44.822,21.279,27.673,30.112
4183,143.548,4.256,4.204,bbox,44.822,21.279,27.673,30.112
4184,143.583,4.15,4.204,bbox,44.822,21.279,27.704,30.112
4185,143.617,3.609,4.15,pose,44.822,21.279,27.704,30.112
4186,143.651,3.962,3.962,bbox,44.822,21.279,27.742,30.112
4187,143.686,3.875,3.962,bbox,44.896,21.279,27.742,30.112
4188,143.72,3.522,3.875,pose,44.934,21.279,27.742,30.112
4189,143.754,3.708,3.708,bbox,44.975,21.279,27.789,30.112
4190,143.789,3.593,3.708,bbox,45.043,21.279,27.789,30.112
4191,143.823,3.318,3.593,pose,45.104,21.279,27.789,30.112
4192,143.857,3.494,3.522,bbox,45.104,21.279,27.789,30.112
4193,143.892,3.398,3.494,bbox,45.172,21.279,27.789,30.112
4194,143.926,3.134,3.398,pose,45.172,21.279,27.789,30.112
4195,143.96,3.403,3.398,bbox,45.206,21.279,27.825,30.112
4196,143.995,3.415,3.403,bbox,45.265,21.279,27.825,30.112
4197,144.029,3.081,3.398,pose,45.265,21.279,27.825,30.112
4198,144.063,3.473,3.403,bbox,45.295,21.279,27.825,30.112
4199,144.097,3.457,3.415,bbox,45.295,21.279,27.825,30.112
4200,144.132,3.453,3.453,bbox,45.295,21.279,27.825,30.112
4201,144.166,3.415,3.453,bbox,45.295,21.279,27.825,30.112
4202,144.2,3.403,3.453,bbox,45.295,21.279,27.825,30.112
4203,144.235,3.324,3.415,bbox,45.295,21.279,27.825,30.112
4204,144.269,3.233,3.403,bbox,45.295,21.279,27.825,30.112
4205,144.303,3.176,3.324,bbox,45.326,21.279,27.86,30.112
4206,144.338,3.129,3.233,bbox,45.361,21.279,27.86,30.112
4207,144.372,3.03,3.176,bbox,45.361,21.279,27.86,30.112
4208,144.406,3.022,3.129,bbox,45.361,21.279,27.86,30.112
4209,144.441,3.013,3.03,bbox,45.361,21.279,27.93,30.112
4210,144.475,3.033,3.03,bbox,45.402,21.279,27.962,30.112
4211,144.509,3.031,3.03,bbox,45.402,21.279,27.962,30.112
4212,144.544,2.536,3.022,pose,45.402,21.279,27.962,30.112
4213,144.578,2.998,3.013,bbox,45.402,21.279,27.962,30.112
4214,144.612,2.987,2.998,bbox,45.402,21.279,27.962,30.112
4215,144.647,2.479,2.987,pose,45.402,21.279,27.962,30.112
4216,144.681,3.024,2.987,bbox,45.402,21.279,27.962,30.112
4217,144.715,3.017,2.998,bbox,45.402,21.279,27.962,30.112
4218,144.749,2.46,2.987,pose,45.402,21.279,27.962,30.112
4219,144.784,3.046,3.017,bbox,45.402,21.279,27.962,30.112
4220,144.818,3.089,3.024,bbox,45.402,21.279,27.962,30.112
4221,144.852,2.536,3.017,pose,45.402,21.279,27.962,30.112
4222,144.887,3.15,3.046,bbox,45.402,21.279,27.962,30.112
4223,144.921,3.187,3.089,bbox,45.402,21.279,27.962,30.112
4224,144.955,2.568,3.089,pose,45.402,21.279,27.962,30.112
4225,144.99,3.218,3.15,bbox,45.402,21.279,27.962,30.112
4226,145.024,3.216,3.187,bbox,45.402,21.279,27.962,30.112
4227,145.058,2.533,3.187,pose,45.402,21.279,27.962,30.112
4228,145.093,3.169,3.169,bbox,45.402,21.279,27.962,30.112
4229,145.127,3.15,3.169,bbox,45.402,21.279,27.962,30.112
4230,145.161,2.544,3.15,pose,45.402,21.279,27.962,30.112
4231,145.196,3.205,3.15,bbox,45.402,21.279,27.962,30.112
4232,145.23,3.254,3.169,bbox,45.402,21.279,27.962,30.112
4233,145.264,2.571,3.15,pose,45.402,21.279,27.962,30.112
4234,145.299,3.275,3.205,bbox,45.402,21.279,27.962,30.112
4235,145.333,3.264,3.254,bbox,45.402,21.279,27.962,30.112
4236,145.367,2.549,3.254,pose,45.402,21.279,27.962,30.112
4237,145.402,3.214,3.214,bbox,45.402,21.279,27.962,30.112
4238,145.436,3.161,3.214,bbox,45.402,21.279,27.962,30.112
4239,145.47,2.463,3.161,pose,45.402,21.279,27.962,30.112
4240,145.504,3.142,3.142,bbox,45.402,21.279,27.962,30.112
4241,145.539,3.161,3.161,bbox,45.402,21.279,27.962,30.112
4242,145.573,2.482,3.142,pose,45.402,21.279,27.962,30.112
4243,145.607,3.213,3.142,bbox,45.402,21.279,27.962,30.112
4244,145.642,3.263,3.161,bbox,45.402,21.279,27.962,30.112
4245,145.676,2.527,3.161,pose,45.402,21.279,27.962,30.112
4246,145.71,3.294,3.213,bbox,45.402,21.279,27.962,30.112
4247,145.745,3.289,3.263,bbox,45.402,21.279,27.962,30.112
4248,145.779,2.538,3.263,pose,45.402,21.279,27.962,30.112
4249,145.813,3.195,3.195,bbox,45.402,21.279,27.962,30.112
4250,145.848,3.146,3.195,bbox,45.402,21.279,27.962,30.112
4251,145.882,2.471,3.146,pose,45.402,21.279,27.962,30.112
4252,145.916,3.055,3.055,bbox,45.402,21.279,27.962,30.112
4253,145.951,3.007,3.055,bbox,45.456,21.279,27.962,30.112
4254,145.985,2.983,3.007,bbox,45.456,21.279,27.962,30.112
4255,146.019,2.992,2.992,bbox,45.456,21.279,27.962,30.112
4256,146.054,3.009,3.007,bbox,45.456,21.279,27.962,30.112
4257,146.088,2.34,2.992,pose,45.496,21.279,27.962,30.112
4258,146.122,3.039,2.992,bbox,45.496,21.279,27.962,30.112
4259,146.156,3.062,3.009,bbox,45.496,21.279,27.962,30.112
4260,146.191,2.368,3.009,pose,45.496,21.279,27.962,30.112
4261,146.225,3.065,3.039,bbox,45.496,21.279,27.962,30.112
4262,146.259,3.027,3.039,bbox,45.496,21.279,27.962,30.112
4263,146.294,2.367,3.027,pose,45.496,21.279,27.962,30.112
4264,146.328,3.047,3.027,bbox,45.496,21.279,27.962,30.112
4265,146.362,3.095,3.047,bbox,45.496,21.279,27.962,30.112
4266,146.397,2.497,3.027,pose,45.496,21.321,27.962,30.112
4267,146.431,3.189,3.047,bbox,45.496,21.321,27.962,30.147
4268,146.465,3.258,3.095,bbox,45.496,21.355,27.962,30.147
4269,146.5,2.623,3.095,pose,45.496,21.355,27.962,30.147
4270,146.534,3.375,3.189,bbox,45.496,21.355,27.962,30.178
4271,146.568,3.393,3.258,bbox,45.496,21.355,27.962,30.178
4272,146.603,2.558,3.258,pose,45.496,21.355,27.962,30.178
4273,146.637,3.406,3.375,bbox,45.496,21.355,27.962,30.232
4274,146.671,3.371,3.375,bbox,45.496,21.355,27.962,30.232
4275,146.706,2.421,3.371,pose,45.496,21.355,27.962,30.232
4276,146.74,3.218,3.218,bbox,45.496,21.355,27.962,30.232
4277,146.774,3.18,3.218,bbox,45.532,21.355,27.992,30.232
4278,146.809,2.303,3.18,pose,45.566,21.355,27.992,30.232
4279,146.843,3.006,3.006,bbox,45.566,21.355,27.992,30.232
4280,146.877,2.903,3.006,bbox,45.566,21.355,27.992,30.232
4281,146.911,2.251,2.903,pose,45.598,21.355,27.992,30.232
4282,146.946,2.738,2.738,bbox,45.665,21.355,27.992,30.232
4283,146.98,2.689,2.738,bbox,45.732,21.355,27.992,30.232
4284,147.014,2.128,2.689,pose,45.817,21.355,27.992,30.232
4285,147.049,2.694,2.689,bbox,45.849,21.355,27.992,30.232
4286,147.083,2.717,2.694,bbox,45.849,21.355,27.992,30.281
4287,147.117,2.069,2.689,pose,45.929,21.355,27.992,30.337
4288,147.152,2.77,2.694,bbox,45.976,21.355,27.992,30.377
4289,147.186,2.816,2.717,bbox,46.029,21.355,27.992,30.455
4290,147.22,2.023,2.717,pose,46.111,21.355,27.992,30.455
4291,147.255,2.917,2.77,bbox,46.143,21.355,27.992,30.511
4292,147.289,2.897,2.816,bbox,46.143,21.355,27.992,30.511
4293,147.323,2.013,2.816,pose,46.179,21.355,27.992,30.575
4294,147.358,2.871,2.871,bbox,46.179,21.355,27.992,30.575
4295,147.392,2.845,2.871,bbox,46.212,21.355,27.992,30.616
4296,147.426,2.214,2.845,pose,46.212,21.355,27.992,30.616
4297,147.461,2.786,2.786,bbox,46.212,21.355,27.992,30.616
4298,147.495,2.783,2.786,bbox,46.252,21.355,27.992,30.676
4299,147.529,2.378,2.783,pose,46.252,21.355,27.992,30.676
4300,147.563,2.821,2.783,bbox,46.252,21.355,27.992,30.676
4301,147.598,2.907,2.786,bbox,46.286,21.355,27.992,30.74
4302,147.632,2.273,2.783,pose,46.286,21.355,27.992,30.788
4303,147.666,2.951,2.821,bbox,46.36,21.355,27.992,30.788
4304,147.701,2.96,2.907,bbox,46.36,21.355,27.992,30.846
4305,147.735,2.204,2.907,pose,46.36,21.355,27.992,30.846
4306,147.769,2.909,2.909,bbox,46.406,21.355,27.992,30.846
4307,147.804,2.886,2.909,bbox,46.406,21.355,27.992,30.846
4308,147.838,2.14,2.886,pose,46.406,21.355,27.992,30.846
4309,147.872,2.799,2.799,bbox,46.406,21.355,27.992,30.846
4310,147.907,2.718,2.799,bbox,46.406,21.355,27.992,30.846
4311,147.941,2.09,2.718,pose,46.406,21.355,27.992,30.846
4312,147.975,2.638,2.638,bbox,46.406,21.355,28.042,30.846
4313,148.01,2.616,2.638,bbox,46.472,21.355,28.042,30.846
4314,148.044,2.039,2.616,pose,46.472,21.355,28.042,30.846
4315,148.078,2.597,2.597,bbox,46.472,21.355,28.042,30.846
4316,148.113,2.614,2.614,bbox,46.472,21.355,28.042,30.846
4317,148.147,2.042,2.597,pose,46.52,21.355,28.042,30.846
4318,148.181,2.635,2.597,bbox,46.52,21.355,28.042,30.846
4319,148.216,2.654,2.614,bbox,46.52,21.355,28.042,30.846
4320,148.25,2.176,2.614,pose,46.52,21.355,28.042,30.846
4321,148.284,2.66,2.635,bbox,46.52,21.355,28.042,30.846
4322,148.318,2.686,2.654,bbox,46.52,21.355,28.042,30.846
4323,148.353,2.16,2.654,pose,46.52,21.355,28.042,30.846
4324,148.387,2.763,2.66,bbox,46.52,21.355,28.042,30.895
4325,148.421,2.797,2.686,bbox,46.52,21.355,28.042,30.895
4326,148.456,2.169,2.686,pose,46.52,21.355,28.042,30.895
4327,148.49,2.901,2.763,bbox,46.52,21.355,28.042,30.931
4328,148.524,2.917,2.797,bbox,46.52,21.355,28.042,30.931
4329,148.559,2.181,2.797,pose,46.52,21.355,28.042,30.931
4330,148.593,2.933,2.901,bbox,46.52,21.355,28.042,30.931
4331,148.627,2.941,2.917,bbox,46.52,21.355,28.042,30.931
4332,148.662,2.199,2.917,pose,46.52,21.355,28.042,30.931
4333,148.696,2.94,2.933,bbox,46.52,21.355,28.042,30.931
4334,148.73,2.913,2.933,bbox,46.52,21.355,28.042,30.931
4335,148.765,2.183,2.913,pose,46.52,21.355,28.042,30.931
4336,148.799,2.868,2.868,bbox,46.52,21.355,28.042,30.931
4337,148.833,2.801,2.868,bbox,46.56,21.355,28.042,30.931
4338,148.868,2.178,2.801,pose,46.608,21.355,28.042,30.931
4339,148.902,2.676,2.676,bbox,46.608,21.355,28.042,30.931
4340,148.936,2.652,2.676,bbox,46.679,21.355,28.042,30.931
4341,148.97,2.164,2.652,pose,46.679,21.355,28.042,30.931
4342,149.005,2.646,2.646,bbox,46.717,21.355,28.042,30.931
4343,149.039,2.663,2.652,bbox,46.717,21.355,28.042,30.931
4344,149.073,2.065,2.646,pose,46.768,21.355,28.042,30.931
4345,149.108,2.74,2.646,bbox,46.768,21.355,28.042,30.967
4346,149.142,2.733,2.663,bbox,46.768,21.355,28.042,30.967
4347,149.176,2.032,2.663,pose,46.768,21.355,28.042,30.967
4348,149.211,2.617,2.617,bbox,46.768,21.355,28.042,30.967
4349,149.245,2.578,2.617,bbox,46.768,21.355,28.042,30.967
4350,149.279,2.006,2.578,pose,46.768,21.355,28.042,30.967
4351,149.314,2.549,2.549,bbox,46.768,21.355,28.109,30.967
4352,149.348,2.546,2.549,bbox,46.768,21.355,28.109,30.967
4353,149.382,1.941,2.546,pose,46.768,21.355,28.109,30.967
4354,149.417,2.577,2.546,bbox,46.768,21.355,28.109,30.967
4355,149.451,2.581,2.549,bbox,46.768,21.355,28.109,30.967
4356,149.485,1.975,2.546,pose,46.768,21.355,28.109,30.967
4357,149.52,2.662,2.577,bbox,46.768,21.355,28.109,30.967
4358,149.554,2.7,2.581,bbox,46.768,21.355,28.109,30.967
4359,149.588,2.052,2.581,pose,46.768,21.355,28.109,30.967
4360,149.623,2.75,2.662,bbox,46.768,21.355,28.109,30.967
4361,149.657,2.758,2.7,bbox,46.768,21.355,28.109,30.967
4362,149.691,2.04,2.7,pose,46.768,21.355,28.109,30.967
4363,149.725,2.759,2.75,bbox,46.768,21.355,28.109,31.037
4364,149.76,2.742,2.75,bbox,46.768,21.355,28.109,31.037
4365,149.794,2.058,2.742,pose,46.768,21.355,28.109,31.037
4366,149.828,2.618,2.618,bbox,46.828,21.355,28.109,31.037
4367,149.863,2.58,2.618,bbox,46.872,21.355,28.109,31.037
4368,149.897,2.128,2.58,pose,46.916,21.355,28.109,31.037
4369,149.931,2.562,2.562,bbox,46.916,21.355,28.109,31.069
4370,149.966,2.569,2.569,bbox,46.967,21.355,28.109,31.069
4371,150.0,1.977,2.562,pose,46.967,21.355,28.109,31.1
4372,150.034,2.531,2.531,bbox,46.967,21.355,28.109,31.1
4373,150.069,2.512,2.531,bbox,46.967,21.355,28.109,31.1
4374,150.103,1.71,2.512,pose,47.061,21.355,28.109,31.1
4375,150.137,2.433,2.433,bbox,47.061,21.355,28.109,31.1
4376,150.172,2.428,2.433,bbox,47.096,21.355,28.109,31.1
4377,150.206,1.586,2.428,pose,47.127,21.355,28.109,31.1
4378,150.24,2.334,2.334,bbox,47.127,21.355,28.109,31.1
4379,150.275,2.293,2.334,bbox,47.174,21.355,28.145,31.1
4380,150.309,1.564,2.293,pose,47.174,21.355,28.145,31.1
4381,150.343,2.236,2.236,bbox,47.174,21.355,28.145,31.1
4382,150.377,2.213,2.236,bbox,47.228,21.355,28.145,31.1
4383,150.412,1.558,2.213,pose,47.228,21.355,28.145,31.1
4384,150.446,2.255,2.213,bbox,47.228,21.355,28.145,31.136
4385,150.48,2.297,2.236,bbox,47.228,21.355,28.145,31.136
4386,150.515,1.664,2.213,pose,47.228,21.355,28.145,31.168
4387,150.549,2.376,2.255,bbox,47.228,21.355,28.145,31.206
4388,150.583,2.401,2.297,bbox,47.228,21.355,28.145,31.206
4389,150.618,1.811,2.297,pose,47.228,21.355,28.145,31.206
4390,150.652,2.425,2.376,bbox,47.228,21.355,28.145,31.206
4391,150.686,2.404,2.401,bbox,47.228,21.355,28.145,31.206
4392,150.721,1.94,2.401,pose,47.228,21.355,28.145,31.206
4393,150.755,2.46,2.404,bbox,47.228,21.355,28.145,31.255
4394,150.789,2.467,2.425,bbox,47.228,21.355,28.145,31.255
4395,150.824,2.082,2.404,pose,47.228,21.355,28.145,31.255
4396,150.858,2.517,2.46,bbox,47.228,21.355,28.145,31.255
4397,150.892,2.509,2.467,bbox,47.228,21.355,28.145,31.255
4398,150.927,2.038,2.467,pose,47.228,21.355,28.145,31.255
4399,150.961,2.53,2.509,bbox,47.228,21.355,28.145,31.255
4400,150.995,2.537,2.517,bbox,47.228,21.355,28.145,31.255
4401,151.03,1.791,2.509,pose,47.228,21.355,28.145,31.255
4402,151.064,2.409,2.409,bbox,47.228,21.355,28.145,31.255
4403,151.098,2.368,2.409,bbox,47.266,21.355,28.145,31.255
4404,151.132,1.49,2.368,pose,47.266,21.355,28.145,31.255
4405,151.167,2.238,2.238,bbox,47.309,21.355,28.23,31.255
4406,151.201,2.172,2.238,bbox,47.39,21.355,28.23,31.255
4407,151.235,1.315,2.172,pose,47.474,21.355,28.23,31.255
4408,151.27,2.082,2.082,bbox,47.559,21.355,28.23,31.293
4409,151.304,2.058,2.082,bbox,47.559,21.355,28.23,31.293
4410,151.338,1.414,2.058,pose,47.648,21.355,28.23,31.293
4411,151.373,2.068,2.058,bbox,47.683,21.355,28.23,31.368
4412,151.407,2.107,2.068,bbox,47.724,21.355,28.23,31.368
4413,151.441,1.573,2.058,pose,47.724,21.355,28.23,31.405
4414,151.476,2.11,2.068,bbox,47.788,21.355,28.23,31.405
4415,151.51,2.114,2.107,bbox,47.788,21.355,28.23,31.405
4416,151.544,1.633,2.107,pose,47.788,21.355,28.23,31.405
4417,151.579,2.192,2.11,bbox,47.788,21.355,28.23,31.463
4418,151.613,2.224,2.114,bbox,47.788,21.355,28.23,31.463
4419,151.647,1.745,2.114,pose,47.788,21.355,28.23,31.499
4420,151.682,2.312,2.192,bbox,47.788,21.355,28.23,31.499
4421,151.716,2.367,2.224,bbox,47.788,21.355,28.23,31.499
4422,151.75,2.429,2.312,bbox,47.788,21.398,28.23,31.499
4423,151.784,2.471,2.367,bbox,47.788,21.453,28.23,31.499
4424,151.819,2.483,2.429,bbox,47.788,21.453,28.23,31.499
4425,151.853,1.979,2.429,pose,47.788,21.453,28.23,31.499
4426,151.887,2.482,2.471,bbox,47.788,21.453,28.23,31.499
4427,151.922,2.485,2.482,bbox,47.788,21.453,28.23,31.499
4428,151.956,1.94,2.482,pose,47.788,21.453,28.23,31.499
4429,151.99,2.526,2.482,bbox,47.788,21.453,28.23,31.499
4430,152.025,2.593,2.485,bbox,47.788,21.453,28.23,31.499
4431,152.059,2.062,2.485,pose,47.788,21.453,28.23,31.499
4432,152.093,2.686,2.526,bbox,47.788,21.453,28.23,31.499
4433,152.128,2.728,2.593,bbox,47.788,21.492,28.23,31.499
4434,152.162,2.127,2.593,pose,47.788,21.492,28.23,31.499
4435,152.196,2.794,2.686,bbox,47.788,21.551,28.23,31.499
4436,152.231,2.806,2.728,bbox,47.788,21.551,28.23,31.499
4437,152.265,2.148,2.728,pose,47.788,21.551,28.23,31.499
4438,152.299,2.807,2.794,bbox,47.788,21.551,28.23,31.499
4439,152.334,2.782,2.794,bbox,47.788,21.551,28.23,31.499
4440,152.368,2.082,2.782,pose,47.788,21.551,28.23,31.499
4441,152.402,2.706,2.706,bbox,47.824,21.551,28.23,31.499
4442,152.437,2.667,2.706,bbox,47.824,21.551,28.23,31.499
4443,152.471,2.024,2.667,pose,47.824,21.551,28.23,31.499
4444,152.505,2.61,2.61,bbox,47.855,21.551,28.23,31.499
4445,152.539,2.61,2.61,bbox,47.855,21.551,28.23,31.499
4446,152.574,2.038,2.61,pose,47.855,21.551,28.23,31.499
4447,152.608,2.597,2.597,bbox,47.855,21.551,28.23,31.499
4448,152.642,2.608,2.608,bbox,47.855,21.551,28.23,31.499
4449,152.677,2.043,2.597,pose,47.855,21.551,28.23,31.499
4450,152.711,2.623,2.597,bbox,47.855,21.551,28.23,31.499
4451,152.745,2.608,2.608,bbox,47.855,21.551,28.23,31.499
4452,152.78,2.022,2.608,pose,47.855,21.551,28.23,31.499
4453,152.814,2.571,2.571,bbox,47.855,21.551,28.23,31.499
4454,152.848,2.572,2.572,bbox,47.855,21.551,28.23,31.499
4455,152.883,2.052,2.571,pose,47.855,21.551,28.23,31.499
4456,152.917,2.659,2.571,bbox,47.855,21.551,28.23,31.499
4457,152.951,2.686,2.572,bbox,47.855,21.551,28.23,31.499
4458,152.986,2.144,2.572,pose,47.855,21.604,28.23,31.499
4459,153.02,2.785,2.659,bbox,47.855,21.604,28.23,31.499
4460,153.054,2.791,2.686,bbox,47.855,21.604,28.23,31.499
4461,153.089,2.131,2.686,pose,47.855,21.604,28.23,31.499
4462,153.123,2.746,2.746,bbox,47.855,21.604,28.23,31.499
4463,153.157,2.679,2.746,bbox,47.855,21.604,28.23,31.499
4464,153.191,2.048,2.679,pose,47.855,21.604,28.23,31.499
4465,153.226,2.562,2.562,bbox,47.855,21.604,28.23,31.499
4466,153.26,2.495,2.562,bbox,47.898,21.604,28.264,31.499
4467,153.294,1.989,2.495,pose,47.939,21.604,28.264,31.499
4468,153.329,2.441,2.441,bbox,47.939,21.604,28.264,31.499
4469,153.363,2.438,2.441,bbox,47.939,21.604,28.264,31.499
4470,153.397,2.011,2.438,pose,47.939,21.604,28.264,31.499
4471,153.432,2.433,2.433,bbox,47.939,21.604,28.264,31.499
4472,153.466,2.453,2.438,bbox,47.939,21.604,28.264,31.499
4473,153.5,1.973,2.433,pose,47.939,21.604,28.264,31.499
4474,153.535,2.5,2.433,bbox,47.939,21.604,28.264,31.499
4475,153.569,2.538,2.453,bbox,47.939,21.604,28.264,31.499
4476,153.603,2.056,2.453,pose,47.939,21.604,28.264,31.499
4477,153.638,2.646,2.5,bbox,47.939,21.636,28.264,31.499
4478,153.672,2.721,2.538,bbox,47.939,21.636,28.264,31.499
4479,153.706,2.171,2.538,pose,47.939,21.636,28.264,31.499
4480,153.741,2.81,2.646,bbox,47.939,21.702,28.264,31.499
4481,153.775,2.837,2.721,bbox,47.939,21.702,28.264,31.499
4482,153.809,2.201,2.721,pose,47.939,21.702,28.264,31.499
4483,153.844,2.845,2.81,bbox,47.939,21.702,28.264,31.499
4484,153.878,2.824,2.824,bbox,47.939,21.702,28.264,31.499
4485,153.912,2.2,2.824,pose,47.939,21.702,28.264,31.499
4486,153.946,2.768,2.768,bbox,47.939,21.702,28.264,31.499
4487,153.981,2.746,2.768,bbox,47.939,21.702,28.264,31.499
4488,154.015,2.187,2.746,pose,47.939,21.702,28.264,31.499
4489,154.049,2.687,2.687,bbox,47.98,21.702,28.264,31.499
4490,154.084,2.693,2.693,bbox,47.98,21.702,28.264,31.499
4491,154.118,2.136,2.687,pose,47.98,21.702,28.264,31.499
4492,154.152,2.675,2.675,bbox,47.98,21.702,28.264,31.499
4493,154.187,2.665,2.675,bbox,47.98,21.702,28.264,31.499
4494,154.221,2.03,2.665,pose,48.021,21.702,28.264,31.499
4495,154.255,2.647,2.647,bbox,48.021,21.702,28.264,31.499
4496,154.29,2.649,2.649,bbox,48.021,21.702,28.264,31.499
4497,154.324,1.988,2.647,pose,48.085,21.702,28.264,31.499
4498,154.358,2.597,2.597,bbox,48.085,21.702,28.264,31.499
4499,154.393,2.571,2.597,bbox,48.085,21.702,28.264,31.499
4500,154.427,1.529,2.571,pose,48.137,21.702,28.264,31.499
4501,154.461,2.387,2.387,bbox,48.174,21.702,28.264,31.499
4502,154.496,2.346,2.387,bbox,48.27,21.702,28.264,31.499
4503,154.53,1.502,2.346,pose,48.334,21.702,28.264,31.499
4504,154.564,2.109,2.109,bbox,48.437,21.702,28.298,31.499
4505,154.598,2.008,2.109,bbox,48.437,21.702,28.298,31.499
4506,154.633,1.47,2.008,pose,48.489,21.702,28.381,31.499
4507,154.667,1.8,1.8,bbox,48.541,21.702,28.381,31.499
4508,154.701,1.751,1.8,bbox,48.541,21.702,28.44,31.499
4509,154.736,1.442,1.751,pose,48.541,21.702,28.511,31.499
4510,154.77,1.352,1.47,bbox,48.622,21.702,28.511,31.499
4511,154.804,1.248,1.442,bbox,48.656,21.702,28.511,31.499
4512,154.839,1.247,1.352,bbox,48.656,21.702,28.511,31.499
4513,154.873,1.201,1.248,bbox,48.656,21.702,28.591,31.499
4514,154.907,1.15,1.247,bbox,48.656,21.702,28.591,31.499
4515,154.942,0.849,1.201,pose,48.656,21.702,28.591,31.499
4516,154.976,1.205,1.201,bbox,48.656,21.78,28.591,31.499
4517,155.01,1.288,1.201,bbox,48.656,21.78,28.591,31.499
4518,155.045,0.847,1.15,pose,48.656,21.856,28.591,31.499
4519,155.079,1.311,1.205,bbox,48.656,21.856,28.591,31.499
4520,155.113,1.323,1.288,bbox,48.656,21.856,28.591,31.499
4521,155.148,0.862,1.288,pose,48.656,21.856,28.591,31.499
4522,155.182,1.34,1.311,bbox,48.656,21.856,28.624,31.499
4523,155.216,1.348,1.323,bbox,48.656,21.856,28.624,31.499
4524,155.251,0.911,1.323,pose,48.656,21.856,28.624,31.499
4525,155.285,1.26,1.26,bbox,48.656,21.856,28.624,31.499
4526,155.319,1.261,1.261,bbox,48.656,21.856,28.624,31.499
4527,155.353,1.27,1.261,pose,48.656,21.856,28.624,31.499
4528,155.388,1.295,1.261,bbox,48.656,21.902,28.624,31.499
4529,155.422,1.323,1.27,bbox,48.656,21.902,28.624,31.499
4530,155.456,1.213,1.27,pose,48.656,21.94,28.624,31.499
4531,155.491,1.328,1.295,bbox,48.656,21.94,28.624,31.499
4532,155.525,1.309,1.309,bbox,48.656,21.94,28.624,31.499
4533,155.559,1.311,1.311,pose,48.656,21.94,28.624,31.499
4534,155.594,1.273,1.309,bbox,48.656,21.94,28.624,31.499
4535,155.628,1.271,1.309,bbox,48.689,21.94,28.624,31.499
4536,155.662,1.371,1.309,pose,48.689,21.94,28.624,31.499
4537,155.697,1.294,1.294,bbox,48.736,21.94,28.624,31.543
4538,155.731,1.298,1.294,bbox,48.736,21.94,28.624,31.543
4539,155.765,1.369,1.298,pose,48.736,21.94,28.624,31.543
4540,155.8,1.342,1.342,bbox,48.736,21.94,28.624,31.578
4541,155.834,1.372,1.342,bbox,48.736,21.94,28.624,31.578
4542,155.868,1.342,1.342,pose,48.736,21.94,28.624,31.578
4543,155.903,1.429,1.369,bbox,48.736,21.985,28.624,31.578
4544,155.937,1.45,1.372,bbox,48.736,21.985,28.624,31.578
4545,155.971,,,,48.736,21.985,28.624,31.578
4546,156.005,,,,48.736,21.985,28.624,31.578
4547,156.04,,,,48.736,21.985,28.624,31.578
4548,156.074,3.871,1.429,pose,48.736,21.985,28.624,31.578
4549,156.108,4.035,1.45,bbox,48.736,22.062,28.624,31.626
4550,156.143,4.004,3.871,bbox,48.736,22.062,28.624,31.626
4551,156.177,3.798,3.871,pose,48.736,22.062,28.624,31.626
4552,156.211,3.994,3.994,bbox,48.736,22.062,28.624,31.626
4553,156.246,3.991,3.994,bbox,48.736,22.062,28.624,31.626
4554,156.28,3.742,3.991,pose,48.736,22.062,28.624,31.626
4555,156.314,4.021,3.991,bbox,48.736,22.062,28.624,31.626
4556,156.349,4.06,3.994,bbox,48.736,22.062,28.624,31.626
4557,156.383,3.756,3.991,pose,48.736,22.062,28.624,31.626
4558,156.417,4.065,4.021,bbox,48.736,22.099,28.624,31.626
4559,156.452,4.063,4.06,bbox,48.736,22.099,28.624,31.626
4560,156.486,3.743,4.06,pose,48.736,22.099,28.624,31.626
4561,156.52,4.044,4.044,bbox,48.736,22.099,28.624,31.626
4562,156.555,4.029,4.044,bbox,48.736,22.099,28.624,31.626
4563,156.589,3.767,4.029,pose,48.736,22.099,28.624,31.626
4564,156.623,3.988,3.988,bbox,48.736,22.099,28.624,31.626
4565,156.658,3.915,3.988,bbox,48.736,22.099,28.624,31.626
4566,156.692,3.64,3.915,pose,48.736,22.099,28.624,31.626
4567,156.726,3.824,3.824,bbox,48.736,22.099,28.624,31.626
4568,156.76,3.798,3.824,bbox,48.787,22.099,28.624,31.626
4569,156.795,3.49,3.798,pose,48.787,22.099,28.624,31.626
4570,156.829,3.79,3.79,bbox,48.854,22.099,28.624,31.626
4571,156.863,3.797,3.797,bbox,48.884,22.099,28.624,31.626
4572,156.898,3.321,3.79,pose,48.884,22.099,28.624,31.626
4573,156.932,3.795,3.79,bbox,48.921,22.099,28.624,31.626
4574,156.966,3.769,3.79,bbox,48.921,22.099,28.624,31.626
4575,157.001,3.21,3.769,pose,48.921,22.099,28.624,31.626
4576,157.035,3.798,3.769,bbox,48.962,22.099,28.624,31.626
4577,157.069,3.733,3.769,bbox,48.962,22.099,28.624,31.626
4578,157.104,3.136,3.733,pose,48.962,22.099,28.624,31.626
4579,157.138,3.639,3.639,bbox,48.962,22.099,28.664,31.626
4580,157.172,3.579,3.639,bbox,48.995,22.099,28.664,31.626
4581,157.207,3.094,3.579,pose,49.027,22.099,28.664,31.626
4582,157.241,3.486,3.486,bbox,49.027,22.099,28.664,31.626
4583,157.275,3.421,3.486,bbox,49.139,22.099,28.664,31.626
4584,157.31,3.116,3.421,pose,49.139,22.099,28.664,31.626
4585,157.344,3.219,3.219,bbox,49.139,22.099,28.664,31.626
4586,157.378,3.169,3.219,bbox,49.207,22.099,28.664,31.626
4587,157.412,3.144,3.169,bbox,49.243,22.099,28.664,31.626
4588,157.447,3.114,3.144,bbox,49.297,22.099,28.664,31.626
4589,157.481,3.072,3.144,bbox,49.341,22.099,28.664,31.626
4590,157.515,3.026,3.114,bbox,49.341,22.099,28.664,31.626
4591,157.55,3.001,3.072,bbox,49.384,22.099,28.664,31.626
4592,157.584,2.966,3.026,bbox,49.384,22.099,28.664,31.626
4593,157.618,2.645,3.001,pose,49.384,22.099,28.664,31.626
4594,157.653,2.856,2.966,bbox,49.423,22.099,28.664,31.626
4595,157.687,2.875,2.875,bbox,49.466,22.099,28.7,31.626
4596,157.721,2.467,2.856,pose,49.466,22.099,28.7,31.626
4597,157.756,2.848,2.848,bbox,49.552,22.099,28.7,31.626
4598,157.79,2.827,2.848,bbox,49.552,22.099,28.733,31.626
4599,157.824,2.246,2.827,pose,49.552,22.099,28.733,31.626
4600,157.859,2.742,2.742,bbox,49.552,22.099,28.783,31.626
4601,157.893,2.696,2.742,bbox,49.552,22.099,28.822,31.626
4602,157.927,2.129,2.696,pose,49.552,22.099,28.822,31.626
4603,157.962,2.637,2.637,bbox,49.552,22.099,28.882,31.626
4604,157.996,2.622,2.637,bbox,49.552,22.099,28.882,31.626
4605,158.03,2.105,2.622,pose,49.552,22.099,28.882,31.626
4606,158.065,2.638,2.622,bbox,49.552,22.099,28.882,31.626
4607,158.099,2.618,2.622,bbox,49.552,22.099,28.882,31.626
4608,158.133,2.195,2.618,pose,49.552,22.099,28.882,31.626
4609,158.167,2.633,2.618,bbox,49.552,22.099,28.882,31.626
4610,158.202,2.667,2.633,bbox,49.552,22.099,28.882,31.626
4611,158.236,2.215,2.618,pose,49.552,22.099,28.882,31.626
4612,158.27,2.654,2.633,bbox,49.552,22.099,28.921,31.626
4613,158.305,2.671,2.654,bbox,49.552,22.099,28.921,31.626
4614,158.339,2.192,2.654,pose,49.552,22.099,28.921,31.626
4615,158.373,2.685,2.654,bbox,49.552,22.099,28.921,31.662
4616,158.408,2.695,2.671,bbox,49.552,22.099,28.921,31.662
4617,158.442,2.198,2.671,pose,49.552,22.099,28.921,31.662
4618,158.476,2.78,2.685,bbox,49.552,22.099,28.921,31.697
4619,158.511,2.83,2.695,bbox,49.552,22.099,28.921,31.697
4620,158.545,2.267,2.695,pose,49.552,22.099,28.921,31.697
4621,158.579,2.897,2.78,bbox,49.552,22.099,28.921,31.697
4622,158.614,2.913,2.83,bbox,49.552,22.099,28.921,31.697
4623,158.648,2.3,2.83,pose,49.552,22.099,28.921,31.697
4624,158.682,2.915,2.897,bbox,49.552,22.099,28.921,31.697
4625,158.717,2.896,2.897,bbox,49.552,22.099,28.921,31.697
4626,158.751,2.258,2.896,pose,49.552,22.099,28.921,31.697
4627,158.785,2.861,2.861,bbox,49.552,22.099,28.921,31.697
4628,158.819,2.855,2.861,bbox,49.552,22.099,28.921,31.697
4629,158.854,2.26,2.855,pose,49.552,22.099,28.921,31.697
4630,158.888,2.9,2.855,bbox,49.552,22.099,28.921,31.697
4631,158.922,2.914,2.861,bbox,49.552,22.099,28.921,31.697
4632,158.957,2.312,2.855,pose,49.552,22.099,28.921,31.697
4633,158.991,2.951,2.9,bbox,49.552,22.099,28.921,31.697
4634,159.025,2.969,2.914,bbox,49.552,22.099,28.921,31.697
4635,159.06,2.325,2.914,pose,49.552,22.099,28.921,31.697
4636,159.094,2.961,2.951,bbox,49.552,22.099,28.921,31.697
4637,159.128,2.94,2.951,bbox,49.552,22.099,28.921,31.697
4638,159.163,2.285,2.94,pose,49.552,22.099,28.921,31.697
4639,159.197,2.9,2.9,bbox,49.552,22.099,28.921,31.697
4640,159.231,2.906,2.906,bbox,49.552,22.099,28.921,31.697
4641,159.266,2.296,2.9,pose,49.552,22.099,28.921,31.697
4642,159.3,2.994,2.9,bbox,49.552,22.099,28.921,31.697
4643,159.334,3.044,2.906,bbox,49.552,22.131,28.921,31.697
4644,159.369,2.393,2.906,pose,49.552,22.131,28.921,31.697
4645,159.403,3.072,2.994,bbox,49.552,22.131,28.921,31.697
4646,159.437,3.05,3.044,bbox,49.552,22.165,28.921,31.697
4647,159.472,2.247,3.044,pose,49.552,22.165,28.921,31.697
4648,159.506,2.98,2.98,bbox,49.552,22.165,28.955,31.697
4649,159.54,2.922,2.98,bbox,49.552,22.165,28.992,31.697
4650,159.574,2.097,2.922,pose,49.552,22.165,29.024,31.697
4651,159.609,2.78,2.78,bbox,49.552,22.165,29.024,31.697
4652,159.643,2.71,2.78,bbox,49.552,22.165,29.024,31.697
4653,159.677,2.127,2.71,pose,49.552,22.165,29.097,31.697
4654,159.712,2.637,2.637,bbox,49.552,22.165,29.097,31.697
4655,159.746,2.618,2.637,bbox,49.552,22.165,29.168,31.697
4656,159.78,2.101,2.618,pose,49.552,22.165,29.168,31.697
4657,159.815,2.63,2.618,bbox,49.552,22.215,29.297,31.697
4658,159.849,2.706,2.63,bbox,49.552,22.215,29.35,31.697
4659,159.883,1.949,2.618,pose,49.552,22.215,29.35,31.697
4660,159.918,2.709,2.63,bbox,49.552,22.281,29.386,31.697
4661,159.952,2.68,2.68,bbox,49.552,22.281,29.416,31.697
4662,159.986,1.968,2.68,pose,49.552,22.281,29.416,31.727
4663,160.021,2.822,2.68,bbox,49.552,22.281,29.447,31.727
4664,160.055,2.953,2.709,bbox,49.552,22.342,29.447,31.727
4665,160.089,2.401,2.68,pose,49.552,22.428,29.447,31.727
4666,160.124,3.038,2.822,bbox,49.552,22.491,29.447,31.727
4667,160.158,3.077,2.953,bbox,49.552,22.536,29.447,31.727
4668,160.192,2.523,2.953,pose,49.552,22.594,29.447,31.727
4669,160.226,3.12,3.038,bbox,49.552,22.652,29.447,31.759
4670,160.261,3.239,3.077,bbox,49.552,22.688,29.447,31.759
4671,160.295,2.632,3.077,pose,49.552,22.789,29.447,31.759
4672,160.329,3.334,3.12,bbox,49.552,22.789,29.447,31.759
4673,160.364,3.354,3.239,bbox,49.552,22.789,29.447,31.759
4674,160.398,2.643,3.239,pose,49.552,22.789,29.447,31.759
4675,160.432,3.315,3.315,bbox,49.552,22.789,29.447,31.759
4676,160.467,3.243,3.315,bbox,49.552,22.789,29.447,31.759
4677,160.501,2.506,3.243,pose,49.552,22.789,29.447,31.759
4678,160.535,3.193,3.193,bbox,49.552,22.789,29.447,31.759
4679,160.57,3.207,3.207,bbox,49.552,22.789,29.447,31.759
4680,160.604,2.537,3.193,pose,49.552,22.789,29.447,31.759
4681,160.638,3.23,3.193,bbox,49.552,22.789,29.447,31.759
4682,160.673,3.267,3.207,bbox,49.552,22.824,29.447,31.759
4683,160.707,2.625,3.207,pose,49.552,22.824,29.447,31.759
4684,160.741,3.34,3.23,bbox,49.552,22.824,29.447,31.79
4685,160.776,3.37,3.267,bbox,49.552,22.824,29.447,31.79
4686,160.81,2.682,3.267,pose,49.552,22.824,29.447,31.79
4687,160.844,3.384,3.34,bbox,49.552,22.824,29.447,31.79
4688,160.879,3.383,3.37,bbox,49.552,22.824,29.447,31.79
4689,160.913,2.646,3.37,pose,49.552,22.824,29.447,31.79
4690,160.947,3.33,3.33,bbox,49.552,22.824,29.447,31.79
4691,160.981,3.265,3.33,bbox,49.552,22.824,29.447,31.79
4692,161.016,2.604,3.265,pose,49.552,22.824,29.447,31.79
4693,161.05,3.23,3.23,bbox,49.552,22.824,29.447,31.79
4694,161.084,3.217,3.23,bbox,49.552,22.824,29.447,31.79
4695,161.119,2.66,3.217,pose,49.552,22.824,29.447,31.79
4696,161.153,3.209,3.209,bbox,49.552,22.824,29.447,31.79
4697,161.187,3.216,3.216,bbox,49.552,22.824,29.447,31.79
4698,161.222,2.635,3.209,pose,49.552,22.824,29.447,31.79
4699,161.256,3.231,3.209,bbox,49.552,22.824,29.489,31.79
4700,161.29,3.247,3.216,bbox,49.552,22.824,29.489,31.79
4701,161.325,2.676,3.216,pose,49.552,22.824,29.489,31.79
4702,161.359,3.264,3.231,bbox,49.552,22.824,29.489,31.79
4703,161.393,3.263,3.247,bbox,49.552,22.824,29.489,31.79
4704,161.428,2.621,3.247,pose,49.552,22.824,29.489,31.79
4705,161.462,3.219,3.219,bbox,49.552,22.824,29.489,31.79
4706,161.496,3.194,3.219,bbox,49.552,22.824,29.489,31.79
4707,161.531,2.418,3.194,pose,49.552,22.824,29.489,31.79
4708,161.565,3.096,3.096,bbox,49.552,22.824,29.489,31.79
4709,161.599,3.082,3.096,bbox,49.552,22.824,29.489,31.79
4710,161.633,2.214,3.082,pose,49.552,22.824,29.489,31.79
4711,161.668,3.058,3.058,bbox,49.62,22.824,29.523,31.79
4712,161.702,3.043,3.058,bbox,49.62,22.824,29.523,31.79
4713,161.736,2.165,3.043,pose,49.62,22.824,29.523,31.79
4714,161.771,3.001,3.001,bbox,49.656,22.824,29.523,31.79
4715,161.805,2.947,3.001,bbox,49.656,22.824,29.523,31.79
4716,161.839,2.041,2.947,pose,49.656,22.824,29.584,31.79
4717,161.874,2.848,2.848,bbox,49.656,22.824,29.584,31.79
4718,161.908,2.779,2.848,bbox,49.714,22.824,29.584,31.79
4719,161.942,1.983,2.779,pose,49.714,22.824,29.623,31.79
4720,161.977,2.707,2.707,bbox,49.788,22.824,29.623,31.79
4721,162.011,2.669,2.707,bbox,49.821,22.824,29.623,31.79
4722,162.045,1.932,2.669,pose,49.821,22.824,29.623,31.79
4723,162.08,2.6,2.6,bbox,49.876,22.824,29.623,31.79
4724,162.114,2.56,2.6,bbox,49.876,22.824,29.623,31.79
4725,162.148,1.993,2.56,pose,49.911,22.824,29.623,31.79
4726,162.183,2.633,2.56,bbox,49.911,22.824,29.623,31.79
4727,162.217,2.717,2.6,bbox,49.911,22.824,29.623,31.863
4728,162.251,2.25,2.56,pose,49.911,22.824,29.623,31.897
4729,162.286,2.846,2.633,bbox,49.911,22.868,29.623,31.897
4730,162.32,2.948,2.717,bbox,49.911,22.868,29.623,31.96
4731,162.354,2.389,2.717,pose,49.911,22.902,29.623,31.96
4732,162.388,3.174,2.846,bbox,49.911,22.902,29.623,31.993
4733,162.423,3.293,2.948,bbox,49.911,22.966,29.623,32.045
4734,162.457,2.407,2.948,pose,49.911,23.002,29.623,32.101
4735,162.491,3.376,3.174,bbox,49.911,23.002,29.623,32.101
4736,162.526,3.426,3.293,bbox,49.911,23.002,29.623,32.101
4737,162.56,2.521,3.293,pose,49.911,23.002,29.623,32.138
4738,162.594,3.477,3.376,bbox,49.911,23.002,29.623,32.138
4739,162.629,3.457,3.426,bbox,49.911,23.002,29.623,32.138
4740,162.663,2.51,3.426,pose,49.911,23.002,29.623,32.138
4741,162.697,3.426,3.426,bbox,49.911,23.002,29.623,32.184
4742,162.732,3.397,3.426,bbox,49.911,23.002,29.623,32.184
4743,162.766,3.298,3.397,bbox,49.911,23.002,29.623,32.184
4744,162.8,3.236,3.298,bbox,49.911,23.002,29.623,32.184
4745,162.835,3.219,3.298,bbox,49.911,23.002,29.623,32.184
4746,162.869,2.537,3.236,pose,49.911,23.002,29.623,32.184
4747,162.903,3.103,3.219,bbox,49.911,23.002,29.623,32.184
4748,162.938,3.071,3.103,bbox,49.981,23.002,29.623,32.184
4749,162.972,2.539,3.071,pose,50.044,23.002,29.623,32.184
4750,163.006,3.051,3.051,bbox,50.091,23.002,29.623,32.184
4751,163.04,3.029,3.051,bbox,50.123,23.002,29.623,32.184
4752,163.075,2.337,3.029,pose,50.189,23.002,29.623,32.184
4753,163.109,2.965,2.965,bbox,50.189,23.002,29.623,32.184
4754,163.143,2.961,2.965,bbox,50.189,23.002,29.623,32.184
4755,163.178,2.28,2.961,pose,50.308,23.002,29.623,32.218
4756,163.212,2.863,2.863,bbox,50.365,23.002,29.623,32.218
4757,163.246,2.924,2.924,bbox,50.409,23.002,29.623,32.218
4758,163.281,2.005,2.863,pose,50.409,23.002,29.623,32.218
4759,163.315,2.936,2.863,bbox,50.449,23.002,29.623,32.267
4760,163.349,2.807,2.863,bbox,50.506,23.002,29.623,32.267
4761,163.384,2.784,2.807,bbox,50.606,23.002,29.623,32.267
4762,163.418,2.833,2.807,bbox,50.685,23.002,29.623,32.267
4763,163.452,2.886,2.833,bbox,50.792,23.002,29.623,32.315
4764,163.487,2.282,2.807,pose,50.792,23.002,29.623,32.352
4765,163.521,2.72,2.784,bbox,50.841,23.002,29.623,32.388
4766,163.555,2.706,2.72,bbox,50.841,23.002,29.623,32.433
4767,163.59,2.682,2.706,bbox,50.893,23.002,29.623,32.433
4768,163.624,2.652,2.682,bbox,50.956,23.002,29.623,32.433
4769,163.658,2.611,2.682,bbox,50.956,23.002,29.623,32.433
4770,163.693,2.488,2.652,pose,51.044,23.002,29.623,32.468
4771,163.727,2.56,2.611,bbox,51.08,23.002,29.623,32.519
4772,163.761,2.485,2.56,bbox,51.116,23.002,29.623,32.667
4773,163.795,2.396,2.488,pose,51.173,23.002,29.623,32.667
4774,163.83,2.334,2.485,bbox,51.268,23.002,29.623,32.667
4775,163.864,2.311,2.396,bbox,51.328,23.002,29.623,32.667
4776,163.898,2.288,2.334,pose,51.328,23.002,29.623,32.719
4777,163.933,2.39,2.334,bbox,51.328,23.002,29.623,32.719
4778,163.967,2.434,2.334,bbox,51.377,23.002,29.623,32.81
4779,164.001,2.24,2.311,pose,51.377,23.002,29.623,32.81
4780,164.036,2.506,2.39,bbox,51.377,23.002,29.623,32.845
4781,164.07,2.547,2.434,bbox,51.377,23.002,29.623,32.905
4782,164.104,2.155,2.434,pose,51.377,23.034,29.623,32.905
4783,164.139,2.59,2.506,bbox,51.377,23.034,29.623,32.905
4784,164.173,2.576,2.547,bbox,51.377,23.034,29.623,32.953
4785,164.207,2.554,2.554,bbox,51.377,23.034,29.623,32.953
4786,164.242,2.573,2.573,bbox,51.377,23.034,29.623,32.996
4787,164.276,2.585,2.576,bbox,51.377,23.034,29.623,32.996
4788,164.31,2.584,2.576,bbox,51.377,23.034,29.623,33.053
4789,164.345,2.607,2.584,bbox,51.457,23.034,29.623,33.125
4790,164.379,2.643,2.585,bbox,51.497,23.034,29.623,33.155
4791,164.413,2.432,2.585,pose,51.497,23.034,29.623,33.192
4792,164.447,2.715,2.607,bbox,51.497,23.034,29.623,33.233
4793,164.482,2.736,2.643,bbox,51.497,23.034,29.623,33.305
4794,164.516,2.606,2.643,pose,51.497,23.034,29.623,33.305
4795,164.55,2.707,2.707,bbox,51.497,23.034,29.623,33.305
4796,164.585,2.67,2.707,bbox,51.54,23.034,29.623,33.305
4797,164.619,2.579,2.67,pose,51.57,23.034,29.623,33.305
4798,164.653,2.614,2.614,bbox,51.57,23.034,29.623,33.349
4799,164.688,2.575,2.614,bbox,51.627,23.034,29.623,33.349
4800,164.722,2.444,2.579,pose,51.674,23.034,29.623,33.349
4801,164.756,2.542,2.575,bbox,51.674,23.034,29.623,33.349
4802,164.791,2.538,2.542,bbox,51.729,23.034,29.623,33.349
4803,164.825,2.566,2.542,bbox,51.729,23.034,29.623,33.349
4804,164.859,2.617,2.542,bbox,51.793,23.034,29.623,33.349
4805,164.894,2.669,2.566,bbox,51.824,23.034,29.623,33.349
4806,164.928,,,,51.824,23.034,29.623,33.349
4807,164.962,2.607,2.607,bbox,51.824,23.034,29.623,33.349
4808,164.997,2.644,2.617,bbox,51.824,23.034,29.623,33.349
4809,165.031,2.657,2.644,bbox,51.824,23.034,29.739,33.349
4810,165.065,2.684,2.657,bbox,51.824,23.034,29.777,33.349
4811,165.1,,,,51.824,23.034,29.777,33.349
4812,165.134,2.746,2.657,bbox,51.824,23.101,29.777,33.349
4813,165.168,,,,51.824,23.101,29.777,33.349
4814,165.202,2.658,2.658,bbox,51.824,23.101,29.808,33.349
4815,165.237,,,,51.824,23.101,29.808,33.349
4816,165.271,,,,51.824,23.101,29.808,33.349
4817,165.305,,,,51.824,23.101,29.808,33.349
4818,165.34,3.019,2.684,pose,51.824,23.236,29.928,33.349
4819,165.374,3.279,2.746,bbox,51.824,23.327,29.962,33.349
4820,165.408,3.283,3.019,bbox,51.824,23.423,29.962,33.349
4821,165.443,3.248,3.248,bbox,51.824,23.423,29.962,33.349
4822,165.477,,,,51.824,23.423,29.962,33.349
4823,165.511,,,,51.824,23.423,29.962,33.349
4824,165.546,,,,51.824,23.423,29.962,33.349
4825,165.58,2.969,3.248,bbox,51.824,23.423,29.962,33.394
4826,165.614,2.88,3.248,bbox,51.824,23.423,29.962,33.394
4827,165.649,2.818,2.969,bbox,51.897,23.423,29.962,33.434
4828,165.683,2.726,2.88,bbox,51.979,23.423,29.962,33.434
4829,165.717,2.629,2.818,bbox,51.979,23.423,29.962,33.465
4830,165.752,2.54,2.726,bbox,52.015,23.423,29.962,33.465
4831,165.786,2.427,2.629,bbox,52.105,23.423,29.962,33.465
4832,165.82,2.353,2.54,bbox,52.17,23.423,29.962,33.465
4833,165.854,2.283,2.427,bbox,52.17,23.423,29.962,33.465
4834,165.889,2.3,2.353,bbox,52.17,23.423,29.962,33.465
4835,165.923,2.283,2.3,bbox,52.247,23.423,29.962,33.465
4836,165.957,2.269,2.283,bbox,52.294,23.423,29.962,33.465
4837,165.992,2.27,2.283,bbox,52.341,23.423,29.962,33.465
4838,166.026,2.284,2.283,bbox,52.341,23.423,29.962,33.503
4839,166.06,2.216,2.27,bbox,52.444,23.423,29.962,33.548
4840,166.095,2.108,2.269,bbox,52.478,23.423,29.962,33.548
4841,166.129,2.101,2.216,bbox,52.597,23.423,29.962,33.548
4842,166.163,2.01,2.108,bbox,52.688,23.423,29.962,33.645
4843,166.198,1.939,2.101,bbox,52.745,23.423,29.962,33.645
4844,166.232,1.833,2.01,bbox,52.852,23.423,29.962,33.645
4845,166.266,,,,52.852,23.423,29.962,33.645
4846,166.301,1.76,1.939,bbox,52.893,23.423,29.962,33.645
4847,166.335,1.756,1.833,bbox,53.009,23.423,29.962,33.645
4848,166.369,1.209,1.76,pose,53.009,23.423,29.962,33.722
4849,166.404,1.668,1.756,bbox,53.087,23.423,29.962,33.772
4850,166.438,1.644,1.668,bbox,53.087,23.423,29.962,33.772
4851,166.472,1.28,1.644,pose,53.169,23.423,29.962,33.809
4852,166.507,1.64,1.64,bbox,53.169,23.423,29.962,33.94
4853,166.541,,,,53.169,23.423,29.962,33.94
4854,166.575,1.707,1.644,bbox,53.169,23.423,29.962,33.94
4855,166.609,1.807,1.644,bbox,53.203,23.423,29.962,34.071
4856,166.644,1.847,1.707,bbox,53.237,23.423,29.962,34.131
4857,166.678,1.882,1.807,pose,53.237,23.423,29.962,34.185
4858,166.712,1.9,1.847,bbox,53.309,23.423,29.962,34.239
4859,166.747,1.971,1.882,bbox,53.344,23.423,29.962,34.279
4860,166.781,1.957,1.9,pose,53.344,23.423,29.962,34.342
4861,166.815,2.218,1.957,bbox,53.344,23.455,29.962,34.342
4862,166.85,2.287,1.971,bbox,53.344,23.455,29.962,34.461
4863,166.884,2.266,2.218,pose,53.344,23.455,29.962,34.499
4864,166.918,2.62,2.266,bbox,53.344,23.489,29.962,34.499
4865,166.953,2.689,2.287,bbox,53.344,23.489,29.962,34.593
4866,166.987,2.534,2.534,pose,53.344,23.52,29.962,34.689
4867,167.021,2.706,2.62,bbox,53.344,23.562,29.962,34.689
4868,167.056,2.802,2.689,bbox,53.344,23.562,29.962,34.726
4869,167.09,2.521,2.689,pose,53.344,23.562,29.962,34.772
4870,167.124,2.894,2.706,bbox,53.344,23.594,29.962,34.807
4871,167.159,2.863,2.802,bbox,53.344,23.594,29.962,34.807
4872,167.193,2.846,2.846,bbox,53.344,23.594,29.962,34.807
4873,167.227,2.818,2.846,bbox,53.344,23.594,29.962,34.807
4874,167.261,2.793,2.846,bbox,53.344,23.594,29.962,34.807
4875,167.296,2.369,2.818,pose,53.344,23.594,29.962,34.807
4876,167.33,2.773,2.793,bbox,53.344,23.594,29.962,34.807
4877,167.364,2.755,2.773,bbox,53.377,23.594,29.962,34.807
4878,167.399,2.327,2.755,pose,53.377,23.594,29.962,34.807
4879,167.433,2.687,2.687,bbox,53.377,23.594,29.962,34.807
4880,167.467,2.6,2.687,bbox,53.377,23.594,29.962,34.807
4881,167.502,2.214,2.6,pose,53.377,23.594,29.962,34.807
4882,167.536,2.478,2.478,bbox,53.427,23.594,29.962,34.807
4883,167.57,2.348,2.478,bbox,53.427,23.594,29.996,34.807
4884,167.605,1.875,2.348,pose,53.507,23.594,29.996,34.807
4885,167.639,2.183,2.214,bbox,53.564,23.594,29.996,34.807
4886,167.673,2.122,2.183,bbox,53.663,23.594,29.996,34.807
4887,167.708,1.805,2.122,pose,53.717,23.594,29.996,34.807
4888,167.742,2.028,2.028,bbox,53.717,23.594,29.996,34.807
4889,167.776,2.011,2.028,bbox,53.778,23.594,29.996,34.807
4890,167.811,1.573,2.011,pose,53.811,23.594,29.996,34.807
4891,167.845,1.952,1.952,bbox,53.847,23.594,29.996,34.807
4892,167.879,1.961,1.961,bbox,53.847,23.594,29.996,34.807
4893,167.914,1.265,1.952,pose,53.91,23.594,29.996,34.807
4894,167.948,1.979,1.952,bbox,53.953,23.594,29.996,34.875
4895,167.982,1.987,1.961,bbox,53.953,23.594,29.996,34.875
4896,168.016,2.018,1.979,bbox,54.047,23.594,29.996,34.912
4897,168.051,1.979,1.979,bbox,54.093,23.594,29.996,34.912
4898,168.085,2.022,1.987,bbox,54.093,23.594,29.996,34.912
4899,168.119,1.04,1.987,pose,54.191,23.594,29.996,34.912
4900,168.154,1.934,1.979,bbox,54.231,23.594,29.996,34.954
4901,168.188,1.955,1.955,bbox,54.34,23.594,29.996,34.954
4902,168.222,1.071,1.934,pose,54.378,23.594,29.996,35.012
4903,168.257,1.835,1.835,bbox,54.378,23.594,29.996,35.012
4904,168.291,1.857,1.857,bbox,54.425,23.594,29.996,35.012
4905,168.325,1.512,1.835,pose,54.425,23.594,29.996,35.012
4906,168.36,1.635,1.635,bbox,54.425,23.594,29.996,35.012
4907,168.394,1.638,1.638,bbox,54.425,23.594,30.029,35.012
4908,168.428,1.133,1.635,pose,54.425,23.594,30.029,35.045
4909,168.463,1.7,1.635,bbox,54.425,23.594,30.155,35.045
4910,168.497,1.717,1.638,bbox,54.425,23.594,30.155,35.045
4911,168.531,1.105,1.638,pose,54.425,23.594,30.155,35.045
4912,168.566,1.712,1.7,bbox,54.425,23.594,30.155,35.045
4913,168.6,1.697,1.7,bbox,54.425,23.594,30.155,35.045
4914,168.634,1.119,1.697,pose,54.425,23.594,30.155,35.045
4915,168.668,1.67,1.67,bbox,54.425,23.594,30.155,35.045
4916,168.703,1.675,1.675,bbox,54.425,23.594,30.155,35.045
4917,168.737,1.083,1.67,pose,54.458,23.594,30.155,35.081
4918,168.771,1.783,1.67,bbox,54.458,23.594,30.155,35.172
4919,168.806,1.835,1.675,bbox,54.458,23.594,30.155,35.172
4920,168.84,1.16,1.675,pose,54.458,23.594,30.155,35.172
4921,168.874,1.895,1.783,bbox,54.458,23.594,30.155,35.207
4922,168.909,1.957,1.835,bbox,54.458,23.594,30.155,35.207
4923,168.943,1.392,1.835,pose,54.458,23.594,30.155,35.207
4924,168.977,2.002,1.895,bbox,54.458,23.625,30.155,35.207
4925,169.012,1.957,1.957,bbox,54.458,23.625,30.155,35.207
4926,169.046,1.717,1.957,pose,54.458,23.625,30.155,35.207
4927,169.08,1.947,1.947,bbox,54.458,23.625,30.155,35.207
4928,169.115,2.017,1.957,bbox,54.458,23.625,30.155,35.207
4929,169.149,1.717,1.947,pose,54.458,23.625,30.155,35.207
4930,169.183,2.021,1.947,bbox,54.458,23.625,30.155,35.302
4931,169.218,2.009,2.009,bbox,54.458,23.625,30.155,35.302
4932,169.252,1.721,2.009,pose,54.458,23.625,30.155,35.335
4933,169.286,1.991,1.991,bbox,54.458,23.625,30.155,35.335
4934,169.321,1.968,1.991,bbox,54.458,23.625,30.155,35.335
4935,169.355,1.763,1.968,pose,54.458,23.625,30.155,35.335
4936,169.389,1.889,1.889,bbox,54.458,23.625,30.155,35.335
4937,169.423,1.84,1.889,bbox,54.458,23.625,30.155,35.335
4938,169.458,1.839,1.84,bbox,54.458,23.625,30.202,35.335
4939,169.492,1.832,1.839,bbox,54.5,23.625,30.237,35.335
4940,169.526,1.766,1.839,bbox,54.5,23.625,30.237,35.335
4941,169.561,1.692,1.832,bbox,54.5,23.625,30.237,35.335
4942,169.595,1.599,1.766,bbox,54.5,23.676,30.301,35.335
4943,169.629,1.565,1.692,bbox,54.5,23.676,30.386,35.335
4944,169.664,1.505,1.599,bbox,54.5,23.708,30.468,35.335
4945,169.698,1.495,1.565,bbox,54.5,23.708,30.511,35.335
4946,169.732,1.478,1.505,bbox,54.5,23.708,30.543,35.335
4947,169.767,1.528,1.505,bbox,54.5,23.708,30.543,35.335
4948,169.801,1.46,1.495,bbox,54.5,23.708,30.581,35.335
4949,169.835,1.582,1.495,bbox,54.5,23.779,30.581,35.335
4950,169.87,1.61,1.528,bbox,54.5,23.779,30.672,35.335
4951,169.904,1.545,1.545,bbox,54.5,23.779,30.719,35.335
4952,169.938,1.547,1.547,bbox,54.5,23.868,30.766,35.335
4953,169.973,1.533,1.547,bbox,54.5,23.868,30.82,35.335
4954,170.007,1.571,1.547,bbox,54.5,23.868,30.857,35.335
4955,170.041,1.285,1.545,bbox,54.5,23.868,30.857,35.335
4956,170.075,1.137,1.533,bbox,54.5,23.868,30.926,35.335
4957,170.11,1.04,1.285,bbox,54.5,23.868,31.037,35.335
4958,170.144,1.141,1.141,bbox,54.5,23.868,31.131,35.335
4959,170.178,1.133,1.137,bbox,54.5,23.868,31.231,35.335
4960,170.213,1.358,1.137,bbox,54.5,23.933,31.231,35.335
4961,170.247,1.497,1.141,bbox,54.5,24.058,31.231,35.335
4962,170.281,1.36,1.358,bbox,54.5,24.058,31.231,35.335
4963,170.316,1.434,1.36,bbox,54.5,24.058,31.231,35.335
4964,170.35,1.637,1.434,bbox,54.5,24.058,31.231,35.335
4965,170.384,1.694,1.497,bbox,54.5,24.18,31.231,35.335
4966,170.419,1.738,1.637,bbox,54.5,24.18,31.231,35.335
4967,170.453,2.107,1.694,bbox,54.5,24.251,31.231,35.335
4968,170.487,1.815,1.738,pose,54.5,24.351,31.231,35.335
4969,170.522,2.652,1.815,bbox,54.5,24.351,31.231,35.335
4970,170.556,2.671,2.107,bbox,54.5,24.397,31.309,35.335
4971,170.59,2.119,2.119,pose,54.5,24.397,31.309,35.335
4972,170.625,2.762,2.652,bbox,54.5,24.397,31.35,35.335
4973,170.659,,,,54.5,24.397,31.35,35.335
4974,170.693,,,,54.5,24.397,31.35,35.335
4975,170.728,,,,54.5,24.397,31.35,35.335
4976,170.762,2.767,2.671,bbox,54.5,24.477,31.35,35.335
4977,170.796,2.799,2.762,bbox,54.5,24.477,31.417,35.335
4978,170.83,2.746,2.762,bbox,54.5,24.536,31.417,35.335
4979,170.865,2.712,2.762,bbox,54.5,24.536,31.417,35.335
4980,170.899,2.264,2.746,pose,54.5,24.536,31.417,35.335
4981,170.933,2.588,2.712,bbox,54.5,24.536,31.417,35.335
4982,170.968,2.588,2.588,bbox,54.5,24.536,31.417,35.335
4983,171.002,1.759,2.588,pose,54.5,24.536,31.417,35.335
4984,171.036,2.464,2.464,bbox,54.5,24.536,31.417,35.335
4985,171.071,2.381,2.464,bbox,54.5,24.536,31.417,35.335
4986,171.105,1.608,2.381,pose,54.5,24.536,31.417,35.335
4987,171.139,2.19,2.19,bbox,54.5,24.536,31.417,35.335
4988,171.174,2.105,2.19,bbox,54.585,24.536,31.417,35.335
4989,171.208,1.553,2.105,pose,54.664,24.536,31.417,35.335
4990,171.242,2.002,2.002,bbox,54.664,24.536,31.417,35.381
4991,171.277,1.944,2.002,bbox,54.752,24.536,31.417,35.381
4992,171.311,1.665,1.944,pose,54.85,24.536,31.417,35.413
4993,171.345,1.8,1.8,bbox,54.904,24.536,31.417,35.413
4994,171.38,1.715,1.8,bbox,54.937,24.536,31.417,35.413
4995,171.414,1.626,1.715,bbox,55.063,24.536,31.417,35.413
4996,171.448,1.549,1.665,bbox,55.143,24.536,31.417,35.413
4997,171.482,1.494,1.626,bbox,55.143,24.536,31.417,35.413
4998,171.517,1.789,1.626,pose,55.239,24.536,31.417,35.413
4999,171.551,1.299,1.549,bbox,55.296,24.536,31.417,35.413
5000,171.585,1.262,1.494,bbox,55.361,24.536,31.455,35.413
5001,171.62,1.175,1.299,pose,55.361,24.536,31.455,35.413
5002,171.654,1.108,1.262,bbox,55.473,24.536,31.537,35.413
5003,171.688,1.12,1.175,bbox,55.524,24.536,31.584,35.413
5004,171.723,1.014,1.12,pose,55.524,24.536,31.584,35.413
5005,171.757,1.084,1.108,bbox,55.524,24.536,31.624,35.413
5006,171.791,1.097,1.097,bbox,55.524,24.536,31.624,35.413
5007,171.826,0.957,1.084,pose,55.524,24.567,31.624,35.413
5008,171.86,1.068,1.068,bbox,55.524,24.567,31.67,35.413
5009,171.894,1.068,1.068,bbox,55.524,24.567,31.67,35.413
5010,171.929,0.978,1.068,pose,55.524,24.567,31.67,35.413
5011,171.963,1.063,1.063,bbox,55.524,24.567,31.67,35.413
5012,171.997,1.082,1.068,bbox,55.524,24.567,31.67,35.413
5013,172.032,0.975,1.063,pose,55.524,24.567,31.67,35.413
5014,172.066,1.083,1.063,bbox,55.524,24.567,31.67,35.45
5015,172.1,1.093,1.082,bbox,55.524,24.567,31.67,35.45
5016,172.135,1.022,1.082,pose,55.524,24.567,31.67,35.45
5017,172.169,1.137,1.083,bbox,55.524,24.567,31.67,35.494
5018,172.203,1.145,1.093,bbox,55.524,24.567,31.67,35.494
5019,172.237,1.03,1.093,pose,55.524,24.567,31.67,35.494
5020,172.272,1.09,1.09,bbox,55.524,24.567,31.67,35.494
5021,172.306,1.074,1.09,bbox,55.524,24.567,31.67,35.494
5022,172.34,1.025,1.074,pose,55.524,24.567,31.67,35.494
5023,172.375,1.056,1.056,bbox,55.524,24.567,31.67,35.494
5024,172.409,1.043,1.056,bbox,55.524,24.567,31.67,35.494
5025,172.443,1.084,1.056,pose,55.524,24.567,31.67,35.494
5026,172.478,1.025,1.043,bbox,55.524,24.567,31.67,35.494
5027,172.512,1.034,1.043,bbox,55.524,24.567,31.67,35.494
5028,172.546,1.024,1.034,pose,55.524,24.567,31.67,35.494
5029,172.581,1.048,1.034,bbox,55.524,24.567,31.67,35.494
5030,172.615,1.067,1.034,bbox,55.524,24.567,31.67,35.494
5031,172.649,1.026,1.034,pose,55.524,24.567,31.67,35.494
5032,172.684,1.143,1.048,bbox,55.524,24.637,31.67,35.494
5033,172.718,1.211,1.067,bbox,55.524,24.637,31.67,35.494
5034,172.752,,,,55.524,24.637,31.67,35.494
5035,172.787,,,,55.524,24.637,31.67,35.494
5036,172.821,,,,55.524,24.637,31.67,35.494
5037,172.855,4.369,1.143,bbox,55.524,24.684,31.67,35.494
5038,172.889,4.387,1.211,bbox,55.524,24.684,31.67,35.494
5039,172.924,4.404,4.369,bbox,55.524,24.684,31.67,35.494
5040,172.958,4.21,4.369,pose,55.524,24.684,31.67,35.494
5041,172.992,4.429,4.387,bbox,55.524,24.684,31.67,35.494
5042,173.027,4.413,4.404,bbox,55.524,24.684,31.67,35.494
5043,173.061,4.248,4.404,pose,55.524,24.684,31.67,35.494
5044,173.095,4.436,4.413,bbox,55.524,24.684,31.67,35.494
5045,173.13,4.439,4.429,bbox,55.524,24.684,31.67,35.494
5046,173.164,4.278,4.413,pose,55.524,24.684,31.67,35.494
5047,173.198,4.431,4.431,bbox,55.524,24.684,31.67,35.494
5048,173.233,4.456,4.436,bbox,55.524,24.684,31.67,35.494
5049,173.267,4.049,4.431,pose,55.555,24.684,31.67,35.494
5050,173.301,4.472,4.431,bbox,55.555,24.684,31.67,35.494
5051,173.336,4.471,4.456,bbox,55.555,24.684,31.67,35.494
5052,173.37,4.227,4.456,pose,55.555,24.684,31.67,35.494
5053,173.404,4.45,4.45,bbox,55.555,24.684,31.67,35.494
5054,173.439,4.431,4.45,bbox,55.555,24.684,31.67,35.494
5055,173.473,4.176,4.431,pose,55.555,24.684,31.67,35.494
5056,173.507,4.43,4.43,bbox,55.555,24.684,31.67,35.494
5057,173.542,4.43,4.43,bbox,55.555,24.684,31.67,35.494
5058,173.576,4.174,4.43,pose,55.555,24.684,31.67,35.494
5059,173.61,4.418,4.418,bbox,55.555,24.684,31.67,35.494
5060,173.644,4.413,4.418,bbox,55.555,24.684,31.67,35.494
5061,173.679,4.139,4.413,pose,55.555,24.684,31.67,35.494
5062,173.713,4.449,4.413,bbox,55.555,24.684,31.67,35.494
5063,173.747,4.436,4.418,bbox,55.555,24.684,31.67,35.494
5064,173.782,4.182,4.413,pose,55.555,24.684,31.67,35.494
5065,173.816,4.458,4.436,bbox,55.555,24.684,31.67,35.494
5066,173.85,4.46,4.449,bbox,55.555,24.684,31.67,35.494
5067,173.885,4.191,4.436,pose,55.555,24.684,31.67,35.494
5068,173.919,4.476,4.458,bbox,55.555,24.684,31.67,35.494
5069,173.953,4.48,4.46,bbox,55.555,24.684,31.67,35.494
5070,173.988,4.165,4.46,pose,55.555,24.684,31.67,35.494
5071,174.022,4.495,4.476,bbox,55.555,24.684,31.67,35.494
5072,174.056,4.482,4.48,bbox,55.555,24.684,31.67,35.494
5073,174.091,4.079,4.48,pose,55.555,24.684,31.67,35.494
5074,174.125,4.462,4.462,bbox,55.555,24.684,31.67,35.494
5075,174.159,4.487,4.482,bbox,55.555,24.684,31.67,35.494
5076,174.194,3.994,4.462,pose,55.555,24.684,31.67,35.494
5077,174.228,4.398,4.398,bbox,55.555,24.684,31.67,35.494
5078,174.262,4.388,4.398,bbox,55.555,24.684,31.67,35.494
5079,174.296,3.928,4.388,pose,55.555,24.684,31.67,35.494
5080,174.331,4.402,4.388,bbox,55.555,24.684,31.67,35.494
5081,174.365,4.324,4.388,bbox,55.555,24.684,31.67,35.494
5082,174.399,3.9,4.324,pose,55.555,24.684,31.67,35.494
5083,174.434,4.289,4.289,bbox,55.555,24.684,31.67,35.494
5084,174.468,4.255,4.289,bbox,55.555,24.684,31.67,35.494
5085,174.502,3.884,4.255,pose,55.555,24.684,31.67,35.494
5086,174.537,4.236,4.236,bbox,55.555,24.684,31.67,35.494
5087,174.571,4.202,4.236,bbox,55.555,24.684,31.707,35.494
5088,174.605,3.883,4.202,pose,55.555,24.684,31.707,35.494
5089,174.64,4.127,4.127,bbox,55.555,24.684,31.707,35.494
5090,174.674,4.099,4.127,bbox,55.555,24.684,31.707,35.494
5091,174.708,3.856,4.099,pose,55.555,24.684,31.745,35.494
5092,174.743,4.041,4.041,bbox,55.555,24.684,31.745,35.494
5093,174.777,4.018,4.041,bbox,55.555,24.684,31.745,35.494
5094,174.811,3.701,4.018,pose,55.555,24.684,31.745,35.494
5095,174.846,3.998,3.998,bbox,55.555,24.684,31.745,35.494
5096,174.88,3.994,3.998,bbox,55.555,24.684,31.745,35.494
5097,174.914,3.545,3.994,pose,55.555,24.684,31.745,35.494
5098,174.949,3.931,3.931,bbox,55.555,24.684,31.745,35.494
5099,174.983,3.874,3.931,bbox,55.555,24.684,31.745,35.494
5100,175.017,3.359,3.874,pose,55.555,24.684,31.745,35.494
5101,175.051,3.859,3.859,bbox,55.622,24.684,31.794,35.494
5102,175.086,3.869,3.869,bbox,55.655,24.684,31.826,35.494
5103,175.12,3.3,3.859,pose,55.655,24.684,31.826,35.494
5104,175.154,3.85,3.85,bbox,55.705,24.684,31.826,35.494
5105,175.189,3.915,3.859,bbox,55.705,24.684,31.826,35.494
5106,175.223,3.257,3.85,pose,55.705,24.684,31.826,35.494
5107,175.257,3.924,3.85,bbox,55.705,24.684,31.826,35.494
5108,175.292,3.898,3.898,bbox,55.705,24.684,31.826,35.494
5109,175.326,3.273,3.898,pose,55.705,24.684,31.826,35.494
5110,175.36,3.733,3.733,bbox,55.705,24.684,31.826,35.494
5111,175.395,3.675,3.733,bbox,55.761,24.684,31.872,35.494
5112,175.429,3.271,3.675,pose,55.792,24.684,31.872,35.494
5113,175.463,3.442,3.442,bbox,55.792,24.684,31.911,35.494
5114,175.498,3.313,3.442,bbox,55.887,24.684,31.911,35.494
5115,175.532,3.04,3.313,pose,55.887,24.684,31.976,35.494
5116,175.566,3.16,3.271,bbox,55.927,24.684,31.976,35.494
5117,175.601,3.134,3.16,bbox,55.971,24.684,32.007,35.494
5118,175.635,2.787,3.134,pose,55.971,24.684,32.007,35.494
5119,175.669,3.028,3.04,bbox,56.022,24.684,32.044,35.494
5120,175.704,3.005,3.028,bbox,56.022,24.684,32.044,35.494
5121,175.738,2.482,3.005,pose,56.022,24.684,32.044,35.494
5122,175.772,3.033,3.005,bbox,56.055,24.684,32.131,35.494
5123,175.806,3.051,3.028,bbox,56.055,24.684,32.164,35.494
5124,175.841,2.483,3.005,pose,56.055,24.684,32.164,35.494
5125,175.875,3.011,3.011,bbox,56.055,24.684,32.164,35.494
5126,175.909,2.978,3.011,bbox,56.055,24.684,32.164,35.494
5127,175.944,2.371,2.978,pose,56.055,24.684,32.164,35.494
5128,175.978,2.929,2.929,bbox,56.055,24.684,32.164,35.494
5129,176.012,2.919,2.929,bbox,56.055,24.684,32.164,35.494
5130,176.047,2.357,2.919,pose,56.055,24.684,32.164,35.494
5131,176.081,2.933,2.919,bbox,56.055,24.684,32.164,35.494
5132,176.115,2.96,2.929,bbox,56.055,24.684,32.164,35.494
5133,176.15,2.455,2.919,pose,56.055,24.684,32.164,35.494
5134,176.184,3.011,2.933,bbox,56.055,24.684,32.164,35.494
5135,176.218,3.037,2.96,bbox,56.055,24.684,32.164,35.494
5136,176.253,2.477,2.96,pose,56.055,24.684,32.164,35.494
5137,176.287,3.074,3.011,bbox,56.055,24.684,32.164,35.494
5138,176.321,3.059,3.037,bbox,56.055,24.684,32.164,35.494
5139,176.356,2.422,3.037,pose,56.055,24.684,32.164,35.494
5140,176.39,3.104,3.059,bbox,56.055,24.684,32.164,35.494
5141,176.424,3.098,3.074,bbox,56.055,24.684,32.164,35.494
5142,176.458,2.424,3.059,pose,56.055,24.684,32.164,35.494
5143,176.493,3.163,3.098,bbox,56.055,24.684,32.164,35.494
5144,176.527,3.168,3.104,bbox,56.055,24.684,32.164,35.494
5145,176.561,2.478,3.098,pose,56.055,24.684,32.164,35.494
5146,176.596,3.166,3.163,bbox,56.055,24.684,32.164,35.494
5147,176.63,3.166,3.166,bbox,56.055,24.684,32.164,35.494
5148,176.664,2.467,3.166,pose,56.055,24.684,32.164,35.494
5149,176.699,3.114,3.114,bbox,56.055,24.684,32.164,35.494
5150,176.733,3.082,3.114,bbox,56.055,24.684,32.164,35.494
5151,176.767,2.37,3.082,pose,56.055,24.684,32.164,35.494
5152,176.802,3.034,3.034,bbox,56.055,24.684,32.164,35.494
5153,176.836,3.05,3.05,bbox,56.055,24.684,32.164,35.494
5154,176.87,2.389,3.034,pose,56.055,24.684,32.164,35.494
5155,176.905,3.115,3.034,bbox,56.055,24.684,32.164,35.494
5156,176.939,3.151,3.05,bbox,56.055,24.684,32.164,35.494
5157,176.973,2.459,3.05,pose,56.055,24.684,32.164,35.494
5158,177.008,3.161,3.115,bbox,56.055,24.684,32.164,35.494
5159,177.042,3.152,3.151,bbox,56.055,24.684,32.164,35.494
5160,177.076,2.413,3.151,pose,56.055,24.684,32.164,35.494
5161,177.111,3.059,3.059,bbox,56.055,24.684,32.164,35.494
5162,177.145,3.009,3.059,bbox,56.055,24.684,32.164,35.494
5163,177.179,2.336,3.009,pose,56.055,24.684,32.164,35.494
5164,177.213,2.983,2.983,bbox,56.055,24.684,32.164,35.494
5165,177.248,3.009,3.009,bbox,56.055,24.684,32.164,35.494
5166,177.282,2.374,2.983,pose,56.055,24.684,32.164,35.494
5167,177.316,3.074,2.983,bbox,56.055,24.684,32.164,35.494
5168,177.351,3.103,3.009,bbox,56.055,24.684,32.164,35.494
5169,177.385,2.447,3.009,pose,56.055,24.684,32.164,35.494
5170,177.419,3.116,3.074,bbox,56.055,24.684,32.164,35.494
5171,177.454,3.098,3.098,bbox,56.055,24.684,32.164,35.494
5172,177.488,2.379,3.098,pose,56.055,24.684,32.164,35.494
5173,177.522,3.025,3.025,bbox,56.055,24.684,32.164,35.494
5174,177.557,2.988,3.025,bbox,56.055,24.684,32.164,35.494
5175,177.591,2.344,2.988,pose,56.055,24.684,32.164,35.494
5176,177.625,2.987,2.987,bbox,56.055,24.684,32.164,35.494
5177,177.66,3.011,2.988,bbox,56.055,24.684,32.164,35.494
5178,177.694,2.41,2.987,pose,56.055,24.684,32.164,35.494
5179,177.728,3.064,2.987,bbox,56.055,24.684,32.164,35.494
5180,177.763,3.102,3.011,bbox,56.055,24.684,32.164,35.494
5181,177.797,2.409,3.011,pose,56.055,24.684,32.164,35.494
5182,177.831,3.061,3.061,bbox,56.055,24.684,32.164,35.494
5183,177.865,2.966,3.061,bbox,56.055,24.684,32.2,35.494
5184,177.9,2.871,2.966,bbox,56.055,24.684,32.2,35.494
5185,177.934,2.742,2.871,bbox,56.055,24.684,32.247,35.494
5186,177.968,2.64,2.871,bbox,56.055,24.684,32.323,35.494
5187,178.003,2.445,2.742,pose,56.055,24.684,32.424,35.494
5188,178.037,2.452,2.64,bbox,56.055,24.684,32.499,35.494
5189,178.071,2.46,2.46,bbox,56.055,24.684,32.536,35.494
5190,178.106,2.321,2.452,pose,56.055,24.684,32.536,35.494
5191,178.14,2.394,2.445,bbox,56.055,24.684,32.625,35.494
5192,178.174,2.304,2.394,bbox,56.055,24.684,32.625,35.494
5193,178.209,2.253,2.321,bbox,56.055,24.684,32.692,35.494
5194,178.243,2.114,2.304,bbox,56.055,24.684,32.75,35.494
5195,178.277,2.067,2.253,bbox,56.055,24.684,32.75,35.494
5196,178.312,1.958,2.114,bbox,56.055,24.684,32.799,35.494
5197,178.346,1.878,2.067,bbox,56.104,24.684,32.843,35.494
5198,178.38,1.879,1.958,bbox,56.104,24.684,32.912,35.494
5199,178.415,1.825,1.879,bbox,56.104,24.737,33.035,35.494
5200,178.449,1.601,1.878,bbox,56.104,24.737,33.136,35.494
5201,178.483,1.502,1.825,bbox,56.104,24.737,33.265,35.494
5202,178.518,1.783,1.783,bbox,56.104,24.796,33.265,35.494
5203,178.552,1.514,1.601,bbox,56.104,24.886,33.265,35.494
5204,178.586,,,,56.104,24.886,33.265,35.494
5205,178.62,1.375,1.514,bbox,56.104,24.886,33.36,35.494
5206,178.655,1.297,1.502,bbox,56.104,24.886,33.434,35.494
5207,178.689,1.324,1.375,bbox,56.104,24.886,33.487,35.494
5208,178.723,1.744,1.375,pose,56.104,24.886,33.55,35.494
5209,178.758,1.354,1.354,bbox,56.104,24.886,33.599,35.494
5210,178.792,1.274,1.324,bbox,56.142,24.886,33.671,35.494
5211,178.826,1.197,1.324,bbox,56.142,24.924,33.738,35.494
5212,178.861,1.071,1.274,bbox,56.142,24.924,33.805,35.494
5213,178.895,1.139,1.197,bbox,56.142,24.924,33.937,35.494
5214,178.929,0.911,1.139,bbox,56.142,24.924,34.052,35.494
5215,178.964,0.933,1.071,bbox,56.142,24.961,34.052,35.494
5216,178.998,0.906,0.933,bbox,56.142,24.961,34.169,35.494
5217,179.032,0.847,0.911,bbox,56.142,24.961,34.203,35.494
5218,179.067,0.827,0.906,bbox,56.142,24.961,34.248,35.494
5219,179.101,0.786,0.847,bbox,56.142,24.961,34.302,35.494
5220,179.135,0.669,0.827,pose,56.142,24.961,34.302,35.494
5221,179.17,0.715,0.786,bbox,56.142,24.961,34.302,35.494
5222,179.204,0.717,0.717,bbox,56.142,24.961,34.302,35.494
5223,179.238,0.67,0.715,bbox,56.142,24.961,34.341,35.494
5224,179.272,0.645,0.67,bbox,56.142,24.961,34.341,35.494
5225,179.307,0.636,0.67,bbox,56.142,24.961,34.341,35.494
5226,179.341,0.613,0.645,pose,56.142,24.961,34.341,35.494
5227,179.375,0.67,0.645,bbox,56.142,24.961,34.341,35.494
5228,179.41,0.693,0.645,bbox,56.142,24.961,34.341,35.494
5229,179.444,0.498,0.636,pose,56.142,24.961,34.341,35.494
5230,179.478,0.739,0.67,bbox,56.142,24.961,34.341,35.494
5231,179.513,0.76,0.693,bbox,56.142,24.992,34.341,35.494
5232,179.547,0.507,0.693,pose,56.142,24.992,34.341,35.494
5233,179.581,0.802,0.739,bbox,56.142,24.992,34.341,35.494
5234,179.616,0.838,0.76,bbox,56.142,24.992,34.341,35.494
5235,179.65,0.523,0.76,pose,56.142,24.992,34.341,35.494
5236,179.684,0.924,0.802,bbox,56.142,24.992,34.341,35.494
5237,179.719,0.949,0.838,bbox,56.142,24.992,34.341,35.537
5238,179.753,0.96,0.924,bbox,56.142,25.034,34.341,35.537
5239,179.787,0.985,0.949,bbox,56.142,25.034,34.341,35.537
5240,179.822,1.027,0.96,bbox,56.142,25.034,34.341,35.588
5241,179.856,0.724,0.96,pose,56.142,25.034,34.341,35.588
5242,179.89,,,,56.142,25.034,34.341,35.588
5243,179.925,,,,56.142,25.034,34.341,35.588
5244,179.959,,,,56.142,25.034,34.341,35.588
5245,179.993,1.082,0.985,bbox,56.142,25.034,34.341,35.588
