frame,time_s,distance_raw_m,distance_smooth_m,method,f1_advance_m,f1_retreat_m,f2_advance_m,f2_retreat_m
0,0.0,4.744,4.744,bbox,0.0,0.0,0.0,0.0
1,0.034,4.742,4.743,bbox,0.058,0.0,0.0,0.0
2,0.069,4.729,4.742,bbox,0.111,0.0,0.0,0.0
3,0.103,4.717,4.736,bbox,0.111,0.045,0.0,0.0
4,0.137,4.708,4.729,bbox,0.156,0.045,0.0,0.0
5,0.172,4.717,4.717,bbox,0.156,0.045,0.036,0.0
6,0.206,4.782,4.717,bbox,0.156,0.045,0.036,0.0
7,0.24,4.763,4.717,bbox,0.156,0.045,0.036,0.0
8,0.275,4.777,4.763,bbox,0.156,0.045,0.036,0.0
9,0.309,4.781,4.777,bbox,0.156,0.045,0.036,0.0
10,0.343,4.651,4.777,bbox,0.156,0.045,0.036,0.0
11,0.377,4.601,4.763,bbox,0.156,0.045,0.036,0.0
12,0.412,3.969,4.651,pose,0.156,0.045,0.13,0.0
13,0.446,4.585,4.601,bbox,0.156,0.045,0.174,0.0
14,0.48,4.6,4.6,bbox,0.156,0.045,0.174,0.0
15,0.515,4.333,4.585,pose,0.156,0.045,0.174,0.0
16,0.549,4.633,4.585,bbox,0.156,0.082,0.174,0.0
17,0.583,4.685,4.6,bbox,0.156,0.082,0.21,0.0
18,0.618,4.062,4.6,pose,0.156,0.082,0.21,0.0
19,0.652,4.655,4.633,bbox,0.156,0.114,0.258,0.0
20,0.686,4.614,4.633,bbox,0.156,0.114,0.333,0.0
21,0.721,4.117,4.614,pose,0.156,0.114,0.333,0.0
22,0.755,4.662,4.614,bbox,0.156,0.114,0.333,0.0
23,0.789,4.59,4.614,bbox,0.156,0.114,0.368,0.0
24,0.824,4.056,4.59,pose,0.156,0.114,0.368,0.0
25,0.858,4.572,4.572,bbox,0.156,0.114,0.4,0.0
26,0.892,4.554,4.572,bbox,0.156,0.114,0.4,0.0
27,0.927,4.563,4.563,bbox,0.156,0.114,0.4,0.0
28,0.961,4.567,4.563,bbox,0.156,0.114,0.4,0.0
29,0.995,4.588,4.567,bbox,0.156,0.114,0.4,0.0
30,1.03,3.991,4.563,pose,0.156,0.114,0.4,0.0
31,1.064,4.556,4.563,bbox,0.156,0.114,0.4,0.036
32,1.098,4.622,4.567,bbox,0.156,0.114,0.4,0.036
33,1.132,3.978,4.556,pose,0.156,0.114,0.4,0.089
34,1.167,4.616,4.556,bbox,0.156,0.114,0.4,0.089
35,1.201,4.599,4.599,bbox,0.156,0.114,0.4,0.089
36,1.235,3.965,4.599,pose,0.156,0.114,0.4,0.089
37,1.27,4.579,4.579,bbox,0.156,0.114,0.4,0.089
38,1.304,4.556,4.579,bbox,0.156,0.114,0.4,0.089
39,1.338,3.953,4.556,pose,0.156,0.114,0.4,0.089
40,1.373,4.503,4.503,bbox,0.156,0.114,0.4,0.089
41,1.407,4.474,4.503,bbox,0.156,0.114,0.4,0.089
42,1.441,3.916,4.474,pose,0.156,0.114,0.4,0.089
43,1.476,4.478,4.474,bbox,0.156,0.114,0.4,0.089
44,1.51,4.469,4.474,bbox,0.156,0.114,0.4,0.089
45,1.544,3.923,4.469,pose,0.156,0.114,0.4,0.089
46,1.579,4.396,4.396,bbox,0.156,0.114,0.435,0.089
47,1.613,4.389,4.396,bbox,0.156,0.114,0.435,0.089
48,1.647,3.907,4.389,pose,0.156,0.114,0.435,0.089
49,1.682,4.359,4.359,bbox,0.156,0.114,0.476,0.089
50,1.716,4.35,4.359,bbox,0.156,0.114,0.476,0.089
51,1.75,3.922,4.35,pose,0.156,0.114,0.476,0.089
52,1.784,4.38,4.35,bbox,0.156,0.114,0.476,0.089
53,1.819,4.38,4.359,bbox,0.156,0.114,0.476,0.089
54,1.853,3.941,4.35,pose,0.156,0.114,0.476,0.089
55,1.887,4.451,4.38,bbox,0.156,0.114,0.476,0.134
56,1.922,4.462,4.38,bbox,0.156,0.114,0.476,0.134
57,1.956,3.915,4.38,pose,0.156,0.114,0.476,0.134
58,1.99,4.532,4.451,bbox,0.156,0.114,0.476,0.174
59,2.025,4.533,4.462,bbox,0.156,0.114,0.476,0.174
60,2.059,3.914,4.462,pose,0.156,0.114,0.476,0.174
61,2.093,4.508,4.508,bbox,0.156,0.114,0.476,0.21
62,2.128,4.396,4.508,bbox,0.156,0.114,0.512,0.21
63,2.162,3.874,4.396,pose,0.187,0.114,0.512,0.247
64,2.196,4.306,4.306,bbox,0.187,0.114,0.512,0.247
65,2.231,4.27,4.306,bbox,0.187,0.114,0.578,0.247
66,2.265,3.891,4.27,pose,0.226,0.114,0.578,0.247
67,2.299,4.095,4.095,bbox,0.226,0.114,0.578,0.247
68,2.334,4.033,4.095,bbox,0.27,0.114,0.578,0.247
69,2.368,3.855,4.033,pose,0.27,0.114,0.578,0.247
70,2.402,3.959,3.959,bbox,0.385,0.114,0.578,0.247
71,2.437,3.922,3.959,bbox,0.426,0.114,0.578,0.247
72,2.471,3.743,3.922,pose,0.426,0.114,0.578,0.247
73,2.505,3.908,3.908,bbox,0.484,0.114,0.578,0.291
74,2.539,3.864,3.908,bbox,0.515,0.114,0.578,0.291
75,2.574,3.48,3.864,pose,0.515,0.114,0.578,0.291
76,2.608,3.891,3.864,bbox,0.55,0.114,0.578,0.291
77,2.642,3.949,3.891,bbox,0.55,0.114,0.578,0.291
78,2.677,3.967,3.891,bbox,0.55,0.114,0.578,0.291
79,2.711,3.928,3.928,bbox,0.55,0.114,0.578,0.291
80,2.745,3.865,3.928,bbox,0.55,0.114,0.578,0.291
81,2.78,3.809,3.928,bbox,0.55,0.114,0.578,0.291
82,2.814,3.717,3.865,bbox,0.597,0.114,0.578,0.291
83,2.848,3.631,3.809,bbox,0.597,0.114,0.578,0.291
84,2.883,3.611,3.717,bbox,0.687,0.114,0.578,0.291
85,2.917,3.653,3.653,bbox,0.787,0.114,0.655,0.291
86,2.951,3.624,3.631,bbox,0.787,0.114,0.655,0.291
87,2.986,3.584,3.624,bbox,0.787,0.114,0.655,0.291
88,3.02,3.567,3.611,bbox,0.819,0.114,0.655,0.291
89,3.054,3.528,3.584,bbox,0.819,0.114,0.655,0.291
90,3.089,2.873,3.567,pose,0.819,0.114,0.655,0.291
91,3.123,,,,0.819,0.114,0.655,0.291
92,3.157,3.209,3.528,bbox,0.819,0.114,0.655,0.291
93,3.191,3.088,3.209,bbox,0.819,0.114,0.728,0.291
94,3.226,3.032,3.088,bbox,0.819,0.114,0.728,0.291
95,3.26,3.002,3.032,bbox,0.867,0.114,0.782,0.291
96,3.294,2.284,3.032,pose,0.867,0.114,0.832,0.291
97,3.329,2.915,3.002,bbox,0.867,0.114,0.873,0.291
98,3.363,2.94,2.94,bbox,0.867,0.114,0.923,0.291
99,3.397,2.339,2.915,pose,0.867,0.114,0.923,0.291
100,3.432,2.9,2.9,bbox,0.91,0.114,0.983,0.291
101,3.466,2.909,2.909,bbox,0.91,0.114,0.983,0.291
102,3.5,2.303,2.9,pose,0.91,0.114,0.983,0.291
103,3.535,2.956,2.9,bbox,0.91,0.114,0.983,0.338
104,3.569,3.017,2.909,bbox,0.91,0.114,0.983,0.338
105,3.603,2.305,2.909,pose,0.91,0.114,0.983,0.38
106,3.638,3.109,2.956,bbox,0.91,0.114,0.983,0.38
107,3.672,3.167,3.017,bbox,0.91,0.114,0.983,0.38
108,3.706,2.395,3.017,pose,0.91,0.114,0.983,0.38
109,3.741,3.164,3.109,bbox,0.91,0.114,0.983,0.38
110,3.775,3.218,3.164,bbox,0.91,0.114,0.983,0.415
111,3.809,2.365,3.164,pose,0.91,0.114,0.983,0.415
112,3.844,3.086,3.086,bbox,0.91,0.114,0.983,0.415
113,3.878,3.054,3.086,bbox,0.91,0.114,0.983,0.415
114,3.912,2.317,3.054,pose,0.91,0.114,0.983,0.415
115,3.946,2.983,2.983,bbox,0.91,0.114,0.983,0.415
116,3.981,2.953,2.983,bbox,0.91,0.114,0.983,0.415
117,4.015,2.283,2.953,pose,0.91,0.114,0.983,0.415
118,4.049,2.961,2.953,bbox,0.91,0.114,0.983,0.415
119,4.084,2.974,2.961,bbox,0.91,0.114,0.983,0.415
120,4.118,2.332,2.953,pose,0.91,0.114,0.983,0.415
121,4.152,3.005,2.961,bbox,0.91,0.114,0.983,0.415
122,4.187,3.025,2.974,bbox,0.91,0.114,0.983,0.415
123,4.221,2.333,2.974,pose,0.91,0.114,0.983,0.415
124,4.255,2.995,2.995,bbox,0.91,0.114,0.983,0.415
125,4.29,3.034,3.005,bbox,0.91,0.114,0.983,0.415
126,4.324,2.387,2.995,pose,0.91,0.114,0.983,0.415
127,4.358,3.08,2.995,bbox,0.91,0.114,0.983,0.475
128,4.393,3.112,3.034,bbox,0.91,0.114,0.983,0.475
129,4.427,2.471,3.034,pose,0.91,0.114,0.983,0.475
130,4.461,3.141,3.08,bbox,0.91,0.114,0.983,0.475
131,4.496,3.153,3.112,bbox,0.91,0.114,0.983,0.475
132,4.53,2.475,3.112,pose,0.91,0.114,0.983,0.475
133,4.564,3.162,3.141,bbox,0.91,0.114,0.983,0.506
134,4.598,3.124,3.141,bbox,0.91,0.114,0.983,0.506
135,4.633,2.441,3.124,pose,0.91,0.114,0.983,0.506
136,4.667,3.081,3.081,bbox,0.91,0.114,0.983,0.549
137,4.701,2.997,3.081,bbox,0.91,0.114,0.983,0.549
138,4.736,2.371,2.997,pose,0.989,0.114,0.983,0.549
139,4.77,2.925,2.925,bbox,0.989,0.114,0.983,0.549
140,4.804,2.897,2.925,bbox,1.047,0.114,0.983,0.549
141,4.839,2.662,2.897,pose,1.047,0.114,0.983,0.549
142,4.873,2.897,2.897,bbox,1.089,0.114,0.983,0.549
143,4.907,2.936,2.897,bbox,1.089,0.114,0.983,0.549
144,4.942,2.682,2.897,pose,1.195,0.114,0.983,0.596
145,4.976,2.933,2.897,bbox,1.195,0.114,0.983,0.596
146,5.01,2.902,2.902,bbox,1.248,0.114,0.983,0.596
147,5.045,2.825,2.902,bbox,1.327,0.114,0.983,0.596
148,5.079,2.694,2.825,bbox,1.383,0.114,0.983,0.596
149,5.113,2.541,2.825,bbox,1.415,0.114,1.019,0.596
150,5.148,2.524,2.694,bbox,1.462,0.114,1.125,0.596
151,5.182,2.395,2.541,bbox,1.462,0.114,1.267,0.596
152,5.216,2.373,2.524,bbox,1.462,0.114,1.309,0.596
153,5.251,2.297,2.395,bbox,1.462,0.114,1.409,0.596
154,5.285,2.304,2.373,bbox,1.462,0.149,1.451,0.596
155,5.319,2.248,2.304,bbox,1.462,0.149,1.556,0.596
156,5.353,2.262,2.297,bbox,1.462,0.192,1.623,0.596
157,5.388,2.266,2.266,bbox,1.462,0.251,1.734,0.596
158,5.422,2.215,2.262,bbox,1.462,0.376,1.794,0.596
159,5.456,1.841,2.248,pose,1.462,0.426,1.794,0.596
160,5.491,2.146,2.215,bbox,1.462,0.426,1.887,0.596
161,5.525,2.17,2.17,bbox,1.462,0.426,1.942,0.596
162,5.559,,,,1.462,0.426,1.942,0.596
163,5.594,,,,1.462,0.426,1.942,0.596
164,5.628,2.228,2.17,bbox,1.462,0.426,2.003,0.596
165,5.662,2.309,2.17,bbox,1.462,0.426,2.003,0.596
166,5.697,2.46,2.228,bbox,1.462,0.477,2.003,0.596
167,5.731,2.465,2.309,bbox,1.462,0.538,2.003,0.596
168,5.765,2.578,2.46,bbox,1.462,0.639,2.003,0.596
169,5.8,2.753,2.465,bbox,1.462,0.639,2.003,0.596
170,5.834,2.88,2.578,bbox,1.462,0.705,2.003,0.596
171,5.868,2.9,2.753,bbox,1.462,0.705,2.003,0.596
172,5.903,2.881,2.88,bbox,1.462,0.787,2.003,0.596
173,5.937,2.816,2.88,bbox,1.462,0.819,2.003,0.596
174,5.971,2.837,2.88,bbox,1.462,0.864,2.044,0.596
175,6.005,2.8,2.837,bbox,1.462,0.897,2.095,0.596
176,6.04,2.716,2.816,bbox,1.462,0.971,2.095,0.596
177,6.074,2.658,2.8,bbox,1.462,0.971,2.095,0.596
178,6.108,2.629,2.716,bbox,1.462,0.971,2.095,0.596
179,6.143,2.582,2.658,bbox,1.462,0.971,2.138,0.596
180,6.177,2.204,2.629,pose,1.462,0.971,2.138,0.596
181,6.211,2.613,2.613,bbox,1.462,0.971,2.181,0.596
182,6.246,2.755,2.613,bbox,1.462,1.016,2.238,0.596
183,6.28,2.334,2.582,pose,1.462,1.121,2.238,0.596
184,6.314,2.876,2.613,bbox,1.462,1.176,2.238,0.596
185,6.349,2.911,2.755,bbox,1.462,1.215,2.238,0.596
186,6.383,2.314,2.755,pose,1.462,1.215,2.238,0.596
187,6.417,2.92,2.876,bbox,1.462,1.215,2.238,0.627
188,6.452,2.899,2.899,bbox,1.462,1.215,2.238,0.627
189,6.486,2.281,2.899,pose,1.462,1.215,2.238,0.627
190,6.52,2.872,2.872,bbox,1.462,1.215,2.238,0.627
191,6.555,2.875,2.875,bbox,1.462,1.215,2.238,0.627
192,6.589,2.291,2.872,pose,1.462,1.215,2.238,0.627
193,6.623,2.861,2.861,bbox,1.462,1.215,2.238,0.627
194,6.658,2.863,2.863,bbox,1.462,1.215,2.238,0.627
195,6.692,2.335,2.861,pose,1.462,1.215,2.238,0.627
196,6.726,2.842,2.842,bbox,1.462,1.215,2.238,0.627
197,6.76,2.856,2.856,bbox,1.462,1.215,2.238,0.627
198,6.795,2.356,2.842,pose,1.462,1.215,2.238,0.627
199,6.829,2.881,2.842,bbox,1.499,1.215,2.238,0.679
200,6.863,2.921,2.856,bbox,1.499,1.215,2.238,0.679
201,6.898,2.857,2.857,bbox,1.499,1.215,2.238,0.679
202,6.932,2.884,2.881,bbox,1.499,1.215,2.238,0.721
203,6.966,2.931,2.884,bbox,1.499,1.215,2.238,0.721
204,7.001,2.952,2.921,bbox,1.499,1.215,2.238,0.752
205,7.035,2.921,2.921,bbox,1.499,1.215,2.238,0.752
206,7.069,3.017,2.931,bbox,1.538,1.215,2.238,0.752
207,7.104,2.988,2.952,bbox,1.604,1.215,2.238,0.795
208,7.138,2.93,2.952,bbox,1.673,1.215,2.238,0.846
209,7.172,2.919,2.93,bbox,1.791,1.215,2.238,0.846
210,7.207,2.801,2.93,bbox,1.832,1.215,2.238,0.846
211,7.241,2.665,2.919,bbox,1.887,1.215,2.238,0.846
212,7.275,2.659,2.801,bbox,1.933,1.215,2.238,0.846
213,7.31,2.318,2.665,pose,1.933,1.215,2.238,0.846
214,7.344,2.81,2.665,bbox,1.933,1.215,2.359,0.846
215,7.378,2.821,2.665,bbox,1.933,1.215,2.395,0.846
216,7.412,2.847,2.81,bbox,1.933,1.215,2.395,0.846
217,7.447,2.871,2.821,bbox,1.933,1.215,2.425,0.846
218,7.481,2.87,2.847,bbox,1.933,1.215,2.425,0.846
219,7.515,2.969,2.87,bbox,1.933,1.215,2.425,0.846
220,7.55,2.976,2.871,bbox,1.933,1.215,2.425,0.846
221,7.584,2.957,2.957,bbox,1.933,1.341,2.425,0.846
222,7.618,2.912,2.957,bbox,1.933,1.393,2.425,0.846
223,7.653,2.879,2.957,bbox,1.933,1.393,2.425,0.846
224,7.687,2.897,2.912,bbox,1.933,1.393,2.425,0.846
225,7.721,2.209,2.897,pose,1.933,1.393,2.425,0.846
226,7.756,2.881,2.881,bbox,1.933,1.393,2.465,0.846
227,7.79,2.833,2.879,bbox,1.933,1.393,2.465,0.846
228,7.824,2.772,2.833,bbox,1.933,1.393,2.465,0.846
229,7.859,2.73,2.772,bbox,1.933,1.393,2.465,0.846
230,7.893,2.723,2.772,bbox,1.933,1.393,2.465,0.846
231,7.927,2.745,2.745,bbox,2.044,1.393,2.465,0.846
232,7.962,2.753,2.745,bbox,2.076,1.393,2.465,0.846
233,7.996,2.754,2.745,bbox,2.076,1.393,2.465,0.846
234,8.03,2.722,2.745,bbox,2.076,1.393,2.465,0.846
235,8.065,2.733,2.745,bbox,2.076,1.393,2.465,0.904
236,8.099,2.731,2.733,bbox,2.076,1.393,2.465,0.904
237,8.133,2.149,2.731,pose,2.076,1.393,2.465,0.943
238,8.167,2.986,2.731,bbox,2.076,1.393,2.465,1.002
239,8.202,3.12,2.733,bbox,2.076,1.505,2.465,1.132
240,8.236,3.236,2.986,bbox,2.076,1.505,2.465,1.168
241,8.27,3.374,3.12,bbox,2.076,1.505,2.465,1.168
242,8.305,3.477,3.236,bbox,2.076,1.545,2.465,1.168
243,8.339,3.565,3.374,bbox,2.076,1.545,2.465,1.252
244,8.373,3.624,3.477,bbox,2.076,1.545,2.465,1.295
245,8.408,3.612,3.565,bbox,2.076,1.545,2.465,1.328
246,8.442,3.543,3.565,bbox,2.076,1.545,2.465,1.328
247,8.476,3.428,3.565,bbox,2.076,1.545,2.465,1.328
248,8.511,3.316,3.543,bbox,2.076,1.545,2.465,1.328
249,8.545,2.499,3.428,pose,2.076,1.545,2.465,1.328
250,8.579,3.126,3.316,bbox,2.076,1.545,2.465,1.328
251,8.614,3.101,3.126,bbox,2.114,1.545,2.465,1.328
252,8.648,2.465,3.101,pose,2.114,1.545,2.465,1.328
253,8.682,2.965,2.965,bbox,2.114,1.545,2.496,1.328
254,8.717,2.923,2.965,bbox,2.114,1.545,2.496,1.328
255,8.751,2.45,2.923,pose,2.114,1.545,2.496,1.328
256,8.785,2.962,2.923,bbox,2.114,1.545,2.496,1.328
257,8.819,2.998,2.962,bbox,2.114,1.545,2.496,1.328
258,8.854,2.603,2.923,pose,2.146,1.545,2.496,1.328
259,8.888,2.951,2.951,bbox,2.146,1.545,2.496,1.328
260,8.922,2.943,2.951,bbox,2.146,1.545,2.496,1.328
261,8.957,2.15,2.943,pose,2.185,1.545,2.496,1.328
262,8.991,2.912,2.912,bbox,2.185,1.545,2.496,1.367
263,9.025,2.903,2.912,bbox,2.227,1.545,2.496,1.367
264,9.06,2.911,2.911,bbox,2.289,1.545,2.496,1.406
265,9.094,2.943,2.911,bbox,2.325,1.545,2.496,1.406
266,9.128,2.942,2.912,bbox,2.325,1.545,2.496,1.406
267,9.163,2.952,2.942,bbox,2.325,1.545,2.496,1.438
268,9.197,2.979,2.943,bbox,2.325,1.545,2.496,1.438
269,9.231,2.985,2.952,bbox,2.325,1.545,2.496,1.438
270,9.266,2.268,2.952,pose,2.325,1.545,2.496,1.438
271,9.3,2.978,2.978,bbox,2.325,1.545,2.496,1.438
272,9.334,2.972,2.978,bbox,2.325,1.545,2.496,1.438
273,9.369,3.027,2.978,bbox,2.325,1.545,2.496,1.438
274,9.403,2.881,2.972,bbox,2.325,1.545,2.496,1.438
275,9.437,2.824,2.972,bbox,2.325,1.545,2.535,1.438
276,9.472,2.738,2.881,bbox,2.325,1.545,2.535,1.438
277,9.506,2.639,2.824,bbox,2.325,1.545,2.596,1.438
278,9.54,2.587,2.738,bbox,2.325,1.545,2.699,1.438
279,9.574,2.498,2.639,bbox,2.325,1.545,2.791,1.438
280,9.609,2.455,2.587,bbox,2.325,1.545,2.791,1.438
281,9.643,2.34,2.498,bbox,2.325,1.545,2.865,1.438
282,9.677,1.968,2.455,pose,2.325,1.584,2.959,1.438
283,9.712,2.355,2.355,bbox,2.325,1.633,3.094,1.438
284,9.746,2.429,2.355,bbox,2.325,1.688,3.166,1.438
285,9.78,2.433,2.355,bbox,2.325,1.748,3.166,1.438
286,9.815,2.521,2.429,bbox,2.325,1.791,3.166,1.438
287,9.849,2.587,2.433,bbox,2.325,1.791,3.166,1.438
288,9.883,1.445,2.433,pose,2.325,1.791,3.166,1.438
289,9.918,2.379,2.433,bbox,2.325,1.832,3.166,1.438
290,9.952,2.285,2.379,bbox,2.325,1.884,3.226,1.438
291,9.986,2.236,2.285,bbox,2.325,1.884,3.329,1.438
292,10.021,2.277,2.277,bbox,2.325,1.884,3.424,1.438
293,10.055,2.206,2.277,bbox,2.325,1.884,3.424,1.438
294,10.089,2.298,2.277,bbox,2.325,1.884,3.424,1.438
295,10.124,2.335,2.277,bbox,2.325,1.926,3.424,1.438
296,10.158,2.347,2.298,bbox,2.325,2.037,3.473,1.438
297,10.192,2.281,2.298,bbox,2.325,2.116,3.578,1.438
298,10.226,2.292,2.298,bbox,2.325,2.169,3.619,1.438
299,10.261,2.288,2.292,bbox,2.325,2.169,3.657,1.438
300,10.295,2.373,2.292,bbox,2.325,2.207,3.702,1.438
301,10.329,2.239,2.288,bbox,2.325,2.207,3.702,1.438
302,10.364,2.26,2.288,bbox,2.325,2.207,3.702,1.438
303,10.398,2.259,2.26,pose,2.325,2.207,3.702,1.438
304,10.432,2.387,2.26,bbox,2.325,2.289,3.702,1.438
305,10.467,2.543,2.26,bbox,2.325,2.289,3.702,1.438
306,10.501,2.26,2.26,pose,2.325,2.351,3.702,1.517
307,10.535,2.647,2.387,bbox,2.325,2.442,3.702,1.517
308,10.57,2.69,2.543,bbox,2.325,2.442,3.702,1.517
309,10.604,2.256,2.543,pose,2.325,2.476,3.702,1.517
310,10.638,2.753,2.647,bbox,2.325,2.526,3.702,1.517
311,10.673,2.71,2.69,bbox,2.325,2.526,3.702,1.517
312,10.707,2.13,2.69,pose,2.325,2.526,3.702,1.517
313,10.741,2.646,2.646,bbox,2.325,2.526,3.702,1.517
314,10.776,2.564,2.646,bbox,2.325,2.526,3.702,1.517
315,10.81,2.505,2.564,bbox,2.325,2.526,3.702,1.517
316,10.844,2.476,2.505,bbox,2.361,2.526,3.702,1.517
317,10.879,2.493,2.505,bbox,2.361,2.526,3.702,1.517
318,10.913,1.904,2.493,pose,2.361,2.526,3.702,1.517
319,10.947,2.362,2.476,bbox,2.392,2.526,3.735,1.517
320,10.981,2.334,2.362,bbox,2.433,2.526,3.735,1.517
321,11.016,1.875,2.334,pose,2.433,2.526,3.735,1.517
322,11.05,2.351,2.334,bbox,2.497,2.526,3.735,1.517
323,11.084,2.359,2.351,bbox,2.497,2.526,3.735,1.517
324,11.119,3.55,2.351,pose,2.497,2.526,3.735,1.517
325,11.153,2.464,2.359,bbox,2.497,2.526,3.735,1.517
326,11.187,2.539,2.464,bbox,2.497,2.526,3.735,1.581
327,11.222,1.972,2.464,pose,2.497,2.558,3.735,1.633
328,11.256,2.688,2.539,bbox,2.497,2.59,3.735,1.681
329,11.29,2.822,2.539,bbox,2.497,2.59,3.735,1.728
330,11.325,2.241,2.539,pose,2.497,2.59,3.735,1.805
331,11.359,2.934,2.688,bbox,2.497,2.59,3.735,1.847
332,11.393,2.929,2.822,bbox,2.497,2.59,3.735,1.884
333,11.428,2.229,2.822,pose,2.497,2.59,3.735,1.935
334,11.462,2.926,2.926,bbox,2.497,2.59,3.735,1.935
335,11.496,2.905,2.926,bbox,2.497,2.59,3.735,1.935
336,11.531,2.164,2.905,pose,2.497,2.59,3.735,1.935
337,11.565,2.781,2.781,bbox,2.497,2.59,3.735,1.935
338,11.599,2.758,2.781,bbox,2.497,2.59,3.735,1.935
339,11.633,2.258,2.758,pose,2.497,2.59,3.735,1.935
340,11.668,2.739,2.739,bbox,2.55,2.59,3.735,1.935
341,11.702,2.586,2.739,bbox,2.584,2.59,3.735,1.935
342,11.736,2.271,2.586,pose,2.584,2.59,3.735,1.935
343,11.771,2.578,2.578,bbox,2.677,2.59,3.735,1.935
344,11.805,2.565,2.578,bbox,2.677,2.59,3.773,1.935
345,11.839,2.562,2.565,bbox,2.677,2.59,3.773,1.935
346,11.874,2.769,2.565,bbox,2.677,2.59,3.773,1.985
347,11.908,2.74,2.578,bbox,2.677,2.59,3.773,1.985
348,11.942,2.74,2.74,bbox,2.722,2.59,3.773,2.08
349,11.977,2.612,2.74,bbox,2.772,2.59,3.773,2.08
350,12.011,2.644,2.74,bbox,2.772,2.59,3.773,2.08
351,12.045,2.611,2.644,bbox,2.772,2.59,3.773,2.08
352,12.08,2.743,2.644,bbox,2.772,2.59,3.773,2.08
353,12.114,2.783,2.644,bbox,2.772,2.59,3.773,2.08
354,12.148,2.125,2.644,pose,2.772,2.59,3.773,2.141
355,12.183,2.872,2.743,bbox,2.772,2.59,3.773,2.141
356,12.217,2.886,2.783,bbox,2.772,2.59,3.773,2.181
357,12.251,2.154,2.783,pose,2.772,2.59,3.773,2.228
358,12.286,2.885,2.872,bbox,2.772,2.59,3.773,2.228
359,12.32,2.899,2.885,bbox,2.772,2.59,3.773,2.228
360,12.354,2.172,2.885,pose,2.772,2.59,3.773,2.228
361,12.388,2.836,2.836,bbox,2.772,2.59,3.773,2.228
362,12.423,2.769,2.836,bbox,2.772,2.59,3.773,2.228
363,12.457,2.129,2.769,pose,2.772,2.59,3.773,2.228
364,12.491,2.764,2.764,bbox,2.772,2.59,3.773,2.228
365,12.526,2.751,2.764,bbox,2.772,2.59,3.773,2.259
366,12.56,2.241,2.751,pose,2.772,2.59,3.773,2.259
367,12.594,2.794,2.751,bbox,2.772,2.59,3.773,2.259
368,12.629,2.848,2.764,bbox,2.772,2.59,3.773,2.336
369,12.663,2.895,2.794,bbox,2.805,2.59,3.773,2.336
370,12.697,2.898,2.848,bbox,2.805,2.59,3.773,2.336
371,12.732,2.834,2.848,bbox,2.805,2.59,3.773,2.336
372,12.766,2.807,2.848,bbox,2.805,2.59,3.773,2.336
373,12.8,2.778,2.834,bbox,2.805,2.59,3.773,2.336
374,12.835,2.778,2.807,bbox,2.838,2.59,3.773,2.336
375,12.869,1.965,2.778,pose,2.838,2.59,3.773,2.336
376,12.903,2.579,2.778,bbox,2.838,2.59,3.773,2.336
377,12.938,2.512,2.579,bbox,2.838,2.59,3.831,2.336
378,12.972,1.822,2.512,pose,2.88,2.59,3.831,2.336
379,13.006,2.55,2.512,bbox,2.88,2.59,3.831,2.336
380,13.04,2.527,2.527,bbox,2.88,2.59,3.831,2.336
381,13.075,1.866,2.512,pose,2.88,2.59,3.831,2.336
382,13.109,2.538,2.527,bbox,2.88,2.59,3.831,2.336
383,13.143,2.564,2.538,bbox,2.88,2.59,3.831,2.336
384,13.178,1.917,2.527,pose,2.88,2.59,3.831,2.369
385,13.212,2.614,2.538,bbox,2.88,2.59,3.831,2.369
386,13.246,2.691,2.564,bbox,2.88,2.59,3.831,2.369
387,13.281,1.991,2.564,pose,2.88,2.59,3.831,2.369
388,13.315,2.859,2.614,bbox,2.88,2.59,3.831,2.41
389,13.349,2.903,2.691,bbox,2.88,2.59,3.831,2.41
390,13.384,2.149,2.691,pose,2.88,2.59,3.831,2.453
391,13.418,2.985,2.859,bbox,2.88,2.59,3.831,2.453
392,13.452,2.945,2.903,bbox,2.88,2.59,3.831,2.453
393,13.487,2.001,2.903,pose,2.88,2.59,3.831,2.453
394,13.521,2.76,2.76,bbox,2.88,2.59,3.831,2.453
395,13.555,2.739,2.76,bbox,2.88,2.59,3.866,2.453
396,13.59,2.087,2.739,pose,2.88,2.59,3.866,2.453
397,13.624,2.74,2.739,bbox,2.88,2.59,3.866,2.453
398,13.658,2.689,2.739,bbox,2.88,2.59,3.866,2.453
399,13.693,2.074,2.689,pose,2.88,2.59,3.897,2.453
400,13.727,2.699,2.689,bbox,2.88,2.637,3.897,2.453
401,13.761,2.748,2.699,bbox,2.88,2.637,3.942,2.453
402,13.795,2.176,2.689,pose,2.88,2.637,3.942,2.453
403,13.83,2.805,2.699,bbox,2.88,2.637,3.942,2.453
404,13.864,2.726,2.726,bbox,2.88,2.637,3.942,2.453
405,13.898,2.08,2.726,pose,2.88,2.637,3.942,2.453
406,13.933,2.729,2.726,bbox,2.88,2.637,3.942,2.453
407,13.967,2.769,2.729,bbox,2.88,2.637,3.942,2.453
408,14.001,2.146,2.726,pose,2.88,2.637,3.942,2.453
409,14.036,2.859,2.729,bbox,2.88,2.637,3.942,2.453
410,14.07,2.962,2.769,bbox,2.88,2.637,3.942,2.492
411,14.104,3.055,2.859,bbox,2.88,2.637,3.942,2.492
412,14.139,3.077,2.962,bbox,2.88,2.637,3.942,2.492
413,14.173,3.069,3.055,bbox,2.88,2.637,3.942,2.492
414,14.207,2.332,3.055,pose,2.88,2.637,3.942,2.492
415,14.242,2.907,3.055,bbox,2.88,2.637,3.942,2.492
416,14.276,2.771,2.907,bbox,2.936,2.637,3.942,2.492
417,14.31,2.124,2.771,pose,2.936,2.637,4.007,2.492
418,14.345,2.584,2.584,bbox,2.972,2.637,4.007,2.492
419,14.379,2.49,2.584,bbox,2.972,2.637,4.007,2.492
420,14.413,2.022,2.49,pose,2.972,2.637,4.068,2.492
421,14.447,2.409,2.409,bbox,3.003,2.637,4.068,2.492
422,14.482,2.387,2.409,bbox,3.003,2.637,4.099,2.492
423,14.516,1.966,2.387,pose,3.003,2.637,4.13,2.492
424,14.55,2.436,2.387,bbox,3.043,2.637,4.189,2.492
425,14.585,2.437,2.409,bbox,3.091,2.637,4.189,2.492
426,14.619,1.812,2.387,pose,3.091,2.637,4.189,2.492
427,14.653,2.448,2.436,bbox,3.091,2.671,4.189,2.492
428,14.688,2.397,2.436,bbox,3.091,2.671,4.189,2.492
429,14.722,2.377,2.397,bbox,3.091,2.671,4.189,2.492
430,14.756,2.328,2.377,bbox,3.091,2.671,4.281,2.492
431,14.791,2.365,2.377,bbox,3.091,2.671,4.343,2.492
432,14.825,2.414,2.377,bbox,3.091,2.708,4.343,2.492
433,14.859,2.37,2.37,bbox,3.091,2.776,4.419,2.492
434,14.894,2.297,2.365,bbox,3.091,2.852,4.419,2.492
435,14.928,2.27,2.365,bbox,3.091,2.921,4.419,2.492
436,14.962,2.223,2.297,bbox,3.091,2.976,4.529,2.492
437,14.997,2.152,2.27,bbox,3.091,3.011,4.529,2.492
438,15.031,1.91,2.223,pose,3.091,3.011,4.637,2.492
439,15.065,2.048,2.152,bbox,3.091,3.051,4.637,2.492
440,15.1,2.031,2.048,bbox,3.091,3.051,4.721,2.492
441,15.134,1.829,2.031,pose,3.091,3.051,4.721,2.492
442,15.168,2.087,2.031,bbox,3.091,3.152,4.803,2.492
443,15.202,2.13,2.048,bbox,3.091,3.152,4.803,2.492
444,15.237,1.727,2.031,pose,3.091,3.211,4.803,2.492
445,15.271,2.32,2.087,bbox,3.091,3.279,4.837,2.492
446,15.305,2.376,2.13,bbox,3.091,3.327,4.837,2.492
447,15.34,1.792,2.13,pose,3.091,3.367,4.837,2.492
448,15.374,2.493,2.32,bbox,3.091,3.408,4.837,2.492
449,15.408,2.489,2.376,bbox,3.091,3.461,4.837,2.492
450,15.443,2.057,2.376,pose,3.091,3.461,4.837,2.492
451,15.477,2.454,2.454,bbox,3.091,3.461,4.837,2.492
452,15.511,2.465,2.465,bbox,3.091,3.461,4.837,2.492
453,15.546,2.285,2.454,pose,3.091,3.461,4.837,2.492
454,15.58,2.487,2.454,bbox,3.091,3.494,4.837,2.492
455,15.614,2.52,2.465,bbox,3.091,3.494,4.837,2.492
456,15.649,2.538,2.487,bbox,3.091,3.494,4.837,2.492
457,15.683,2.586,2.52,bbox,3.091,3.494,4.837,2.492
458,15.717,2.675,2.538,bbox,3.091,3.494,4.837,2.492
459,15.752,2.697,2.586,bbox,3.091,3.494,4.837,2.492
460,15.786,2.732,2.675,bbox,3.091,3.526,4.837,2.492
461,15.82,2.753,2.697,bbox,3.091,3.526,4.837,2.492
462,15.854,2.215,2.697,pose,3.091,3.526,4.837,2.492
463,15.889,2.681,2.697,bbox,3.091,3.526,4.837,2.492
464,15.923,2.638,2.681,bbox,3.091,3.526,4.837,2.492
465,15.957,2.12,2.638,pose,3.091,3.526,4.837,2.492
466,15.992,2.525,2.525,bbox,3.091,3.526,4.837,2.492
467,16.026,2.512,2.525,bbox,3.091,3.526,4.837,2.492
468,16.06,2.065,2.512,pose,3.091,3.526,4.837,2.492
469,16.095,2.523,2.512,bbox,3.091,3.526,4.837,2.492
470,16.129,2.529,2.523,bbox,3.091,3.526,4.837,2.492
471,16.163,2.054,2.512,pose,3.091,3.526,4.837,2.492
472,16.198,2.522,2.522,bbox,3.091,3.526,4.871,2.492
473,16.232,2.507,2.522,bbox,3.091,3.526,4.871,2.492
474,16.266,1.914,2.507,pose,3.125,3.526,4.871,2.534
475,16.301,2.475,2.475,bbox,3.125,3.526,4.871,2.534
476,16.335,2.473,2.475,bbox,3.162,3.526,4.871,2.599
477,16.369,1.864,2.473,pose,3.201,3.526,4.871,2.599
478,16.404,2.583,2.473,bbox,3.238,3.526,4.871,2.647
479,16.438,2.596,2.475,bbox,3.238,3.526,4.871,2.709
480,16.472,2.066,2.473,pose,3.238,3.526,4.871,2.77
481,16.507,2.667,2.583,bbox,3.238,3.526,4.871,2.77
482,16.541,2.711,2.596,bbox,3.238,3.526,4.871,2.77
483,16.575,2.086,2.596,pose,3.238,3.526,4.871,2.77
484,16.609,2.716,2.667,bbox,3.238,3.526,4.871,2.77
485,16.644,2.697,2.697,bbox,3.238,3.526,4.871,2.77
486,16.678,2.054,2.697,pose,3.238,3.526,4.871,2.77
487,16.712,2.661,2.661,bbox,3.238,3.526,4.871,2.77
488,16.747,2.632,2.661,bbox,3.238,3.526,4.871,2.77
489,16.781,2.012,2.632,pose,3.238,3.526,4.871,2.77
490,16.815,2.561,2.561,bbox,3.238,3.526,4.907,2.77
491,16.85,2.551,2.561,bbox,3.238,3.526,4.907,2.77
492,16.884,2.025,2.551,pose,3.238,3.526,4.907,2.77
493,16.918,2.531,2.531,bbox,3.238,3.526,4.945,2.77
494,16.953,2.491,2.531,bbox,3.238,3.526,4.945,2.77
495,16.987,2.03,2.491,pose,3.238,3.526,4.945,2.77
496,17.021,2.428,2.428,bbox,3.275,3.526,4.945,2.801
497,17.056,2.448,2.448,bbox,3.314,3.526,4.945,2.801
498,17.09,2.013,2.428,pose,3.314,3.526,4.945,2.84
499,17.124,2.556,2.428,bbox,3.395,3.526,4.945,2.84
500,17.159,2.68,2.448,bbox,3.395,3.526,4.945,2.958
501,17.193,2.281,2.448,pose,3.395,3.526,4.945,2.958
502,17.227,2.887,2.556,bbox,3.395,3.557,4.945,3.047
503,17.261,2.938,2.68,bbox,3.395,3.557,4.945,3.047
504,17.296,2.325,2.68,pose,3.395,3.557,4.945,3.141
505,17.33,3.055,2.887,bbox,3.395,3.598,4.945,3.2
506,17.364,3.035,2.938,bbox,3.395,3.598,4.945,3.242
507,17.399,2.399,2.938,pose,3.395,3.598,4.945,3.242
508,17.433,3.128,3.035,bbox,3.395,3.598,4.945,3.286
509,17.467,3.087,3.055,bbox,3.395,3.598,4.945,3.286
510,17.502,2.418,3.035,pose,3.395,3.598,4.945,3.286
511,17.536,3.125,3.087,bbox,3.395,3.598,4.945,3.286
512,17.57,3.011,3.087,bbox,3.395,3.598,4.945,3.356
513,17.605,3.032,3.032,bbox,3.395,3.598,4.945,3.356
514,17.639,3.059,3.032,bbox,3.395,3.598,4.945,3.396
515,17.673,2.999,3.032,bbox,3.395,3.598,4.945,3.396
516,17.708,2.711,3.011,pose,3.426,3.598,4.945,3.396
517,17.742,2.919,2.999,bbox,3.426,3.598,4.945,3.396
518,17.776,2.96,2.96,bbox,3.469,3.598,4.945,3.396
519,17.811,2.973,2.96,pose,3.469,3.598,4.945,3.396
520,17.845,2.967,2.96,bbox,3.469,3.598,4.945,3.396
521,17.879,3.007,2.967,bbox,3.469,3.598,4.945,3.396
522,17.914,2.926,2.967,pose,3.469,3.598,4.945,3.396
523,17.948,2.97,2.97,bbox,3.469,3.598,4.945,3.396
524,17.982,2.916,2.967,bbox,3.469,3.598,4.945,3.396
525,18.016,2.83,2.926,bbox,3.509,3.598,4.945,3.396
526,18.051,2.837,2.916,bbox,3.565,3.598,4.945,3.434
527,18.085,2.827,2.837,bbox,3.635,3.598,4.945,3.434
528,18.119,2.03,2.83,pose,3.69,3.598,4.945,3.434
529,18.154,2.753,2.827,bbox,3.69,3.598,4.945,3.434
530,18.188,2.698,2.753,bbox,3.69,3.598,5.066,3.434
531,18.222,2.533,2.698,bbox,3.738,3.598,5.066,3.434
532,18.257,2.478,2.533,bbox,3.738,3.598,5.12,3.434
533,18.291,2.379,2.533,bbox,3.738,3.598,5.181,3.434
534,18.325,1.526,2.478,pose,3.738,3.598,5.29,3.434
535,18.36,2.361,2.379,bbox,3.738,3.598,5.369,3.434
536,18.394,2.332,2.361,bbox,3.738,3.648,5.369,3.434
537,18.428,1.622,2.332,pose,3.738,3.691,5.416,3.434
538,18.463,2.385,2.332,bbox,3.738,3.772,5.507,3.434
539,18.497,2.395,2.361,bbox,3.738,3.772,5.547,3.434
540,18.531,1.696,2.332,pose,3.738,3.772,5.547,3.434
541,18.566,2.332,2.332,bbox,3.738,3.772,5.547,3.434
542,18.6,2.292,2.332,bbox,3.738,3.772,5.578,3.434
543,18.634,2.274,2.292,bbox,3.738,3.772,5.578,3.434
544,18.668,2.247,2.274,bbox,3.738,3.772,5.703,3.434
545,18.703,2.206,2.274,bbox,3.738,3.772,5.748,3.434
546,18.737,2.123,2.247,bbox,3.783,3.772,5.748,3.434
547,18.771,2.042,2.206,bbox,3.841,3.772,5.748,3.434
548,18.806,1.792,2.123,bbox,3.892,3.772,5.748,3.434
549,18.84,1.884,2.042,bbox,3.96,3.772,5.748,3.434
550,18.874,1.601,1.884,bbox,4.054,3.772,5.787,3.434
551,18.909,1.473,1.792,bbox,4.172,3.772,5.787,3.434
552,18.943,1.424,1.601,bbox,4.308,3.772,5.787,3.434
553,18.977,1.355,1.473,bbox,4.343,3.772,5.872,3.434
554,19.012,1.262,1.424,bbox,4.343,3.772,5.928,3.434
555,19.046,0.203,1.355,pose,4.343,3.772,5.972,3.434
556,19.08,1.056,1.262,bbox,4.343,3.772,5.972,3.434
557,19.115,0.946,1.056,bbox,4.383,3.772,5.972,3.434
558,19.149,0.868,0.946,bbox,4.521,3.772,6.026,3.434
559,19.183,0.79,0.868,bbox,4.568,3.772,6.094,3.434
560,19.218,0.735,0.868,bbox,4.568,3.772,6.094,3.434
561,19.252,0.332,0.79,pose,4.568,3.772,6.094,3.434
562,19.286,0.61,0.735,bbox,4.614,3.772,6.148,3.434
563,19.321,0.622,0.622,bbox,4.614,3.772,6.148,3.434
564,19.355,0.715,0.622,bbox,4.614,3.772,6.148,3.434
565,19.389,0.688,0.622,bbox,4.614,3.772,6.148,3.434
566,19.423,0.701,0.688,bbox,4.614,3.772,6.148,3.434
567,19.458,0.719,0.701,bbox,4.614,3.772,6.148,3.434
568,19.492,0.722,0.715,bbox,4.614,3.772,6.148,3.434
569,19.526,0.725,0.719,bbox,4.614,3.772,6.148,3.434
570,19.561,0.743,0.722,bbox,4.614,3.772,6.148,3.434
571,19.595,0.743,0.725,bbox,4.614,3.772,6.148,3.434
572,19.629,0.734,0.734,bbox,4.614,3.772,6.148,3.434
573,19.664,0.735,0.735,bbox,4.614,3.772,6.148,3.434
574,19.698,0.725,0.735,bbox,4.614,3.772,6.148,3.434
575,19.732,0.726,0.734,bbox,4.614,3.772,6.148,3.434
576,19.767,0.724,0.726,bbox,4.614,3.772,6.148,3.434
577,19.801,0.747,0.726,bbox,4.614,3.772,6.148,3.434
578,19.835,0.766,0.726,bbox,4.614,3.772,6.148,3.434
579,19.87,0.288,0.726,pose,4.614,3.772,6.148,3.434
580,19.904,,,,4.614,3.772,6.148,3.434
581,19.938,,,,4.614,3.772,6.148,3.434
582,19.973,,,,4.614,3.772,6.148,3.434
583,20.007,4.372,0.747,bbox,4.614,3.772,6.148,3.434
584,20.041,4.352,0.766,bbox,4.614,3.809,6.148,3.434
585,20.075,4.014,4.014,pose,4.614,3.809,6.148,3.434
586,20.11,4.343,4.343,bbox,4.614,3.809,6.148,3.434
587,20.144,4.361,4.352,bbox,4.614,3.809,6.148,3.434
588,20.178,4.013,4.343,pose,4.614,3.809,6.148,3.434
589,20.213,4.341,4.341,bbox,4.614,3.809,6.148,3.434
590,20.247,4.334,4.341,bbox,4.614,3.809,6.148,3.434
591,20.281,3.853,4.334,pose,4.614,3.809,6.148,3.434
592,20.316,4.283,4.283,bbox,4.614,3.809,6.201,3.434
593,20.35,4.269,4.283,bbox,4.614,3.809,6.201,3.434
594,20.384,3.867,4.269,pose,4.614,3.809,6.201,3.434
595,20.419,4.259,4.259,bbox,4.614,3.809,6.266,3.434
596,20.453,4.274,4.269,bbox,4.614,3.809,6.266,3.434
597,20.487,3.865,4.259,pose,4.614,3.809,6.266,3.434
598,20.522,4.316,4.259,bbox,4.614,3.809,6.266,3.434
599,20.556,4.35,4.274,bbox,4.614,3.809,6.266,3.434
600,20.59,3.922,4.274,pose,4.614,3.809,6.266,3.434
601,20.625,4.326,4.316,bbox,4.614,3.809,6.266,3.434
602,20.659,4.273,4.316,bbox,4.614,3.809,6.266,3.434
603,20.693,3.836,4.273,pose,4.614,3.809,6.266,3.434
604,20.728,4.215,4.215,bbox,4.614,3.809,6.266,3.434
605,20.762,4.182,4.215,bbox,4.614,3.809,6.327,3.434
606,20.796,3.72,4.182,pose,4.614,3.809,6.36,3.434
607,20.83,4.083,4.083,bbox,4.614,3.809,6.36,3.434
608,20.865,4.104,4.104,bbox,4.614,3.809,6.36,3.434
609,20.899,3.812,4.083,pose,4.614,3.809,6.36,3.434
610,20.933,4.121,4.083,bbox,4.614,3.809,6.36,3.434
611,20.968,4.116,4.104,bbox,4.614,3.809,6.36,3.434
612,21.002,3.747,4.104,pose,4.614,3.809,6.36,3.434
613,21.036,4.212,4.116,bbox,4.614,3.809,6.36,3.434
614,21.071,4.202,4.121,bbox,4.614,3.809,6.36,3.434
615,21.105,3.823,4.116,pose,4.614,3.809,6.36,3.434
616,21.139,4.202,4.202,bbox,4.614,3.809,6.36,3.434
617,21.174,4.185,4.202,bbox,4.614,3.809,6.36,3.434
618,21.208,3.846,4.185,pose,4.614,3.809,6.36,3.434
619,21.242,4.087,4.087,bbox,4.614,3.809,6.36,3.434
620,21.277,4.008,4.087,bbox,4.614,3.809,6.36,3.434
621,21.311,4.064,4.064,bbox,4.614,3.809,6.36,3.434
622,21.345,3.987,4.008,bbox,4.645,3.809,6.36,3.434
623,21.38,3.891,4.008,bbox,4.68,3.809,6.36,3.434
624,21.414,3.903,3.987,bbox,4.68,3.809,6.36,3.434
625,21.448,3.925,3.925,bbox,4.712,3.809,6.36,3.434
626,21.482,3.928,3.925,bbox,4.712,3.809,6.36,3.434
627,21.517,3.884,3.903,bbox,4.712,3.809,6.36,3.434
628,21.551,3.871,3.903,bbox,4.712,3.809,6.36,3.434
629,21.585,3.85,3.884,bbox,4.712,3.809,6.36,3.434
630,21.62,3.894,3.884,bbox,4.712,3.809,6.36,3.434
631,21.654,3.888,3.884,bbox,4.712,3.809,6.36,3.434
632,21.688,3.871,3.871,bbox,4.712,3.809,6.36,3.434
633,21.723,3.844,3.871,bbox,4.712,3.809,6.36,3.434
634,21.757,3.728,3.871,bbox,4.712,3.809,6.36,3.434
635,21.791,3.685,3.844,bbox,4.712,3.809,6.36,3.434
636,21.826,3.621,3.728,bbox,4.75,3.809,6.36,3.434
637,21.86,3.54,3.685,bbox,4.75,3.809,6.36,3.434
638,21.894,3.49,3.621,bbox,4.796,3.809,6.36,3.434
639,21.929,3.465,3.54,bbox,4.845,3.809,6.36,3.434
640,21.963,3.408,3.49,bbox,4.889,3.809,6.36,3.434
641,21.997,3.382,3.465,bbox,4.922,3.809,6.36,3.434
642,22.032,3.376,3.408,bbox,4.969,3.809,6.36,3.434
643,22.066,3.374,3.382,bbox,5.002,3.809,6.36,3.434
644,22.1,3.333,3.376,bbox,5.002,3.809,6.36,3.434
645,22.135,3.335,3.374,bbox,5.002,3.809,6.36,3.434
646,22.169,3.36,3.36,bbox,5.002,3.809,6.36,3.434
647,22.203,3.341,3.341,bbox,5.002,3.809,6.36,3.434
648,22.237,2.988,3.335,pose,5.002,3.809,6.36,3.434
649,22.272,3.275,3.335,bbox,5.002,3.809,6.36,3.434
650,22.306,3.292,3.292,bbox,5.002,3.809,6.36,3.434
651,22.34,3.097,3.275,bbox,5.059,3.809,6.36,3.434
652,22.375,3.075,3.097,bbox,5.059,3.809,6.36,3.434
653,22.409,3.046,3.097,bbox,5.185,3.809,6.36,3.434
654,22.443,2.397,3.075,pose,5.185,3.809,6.36,3.434
655,22.478,3.018,3.046,bbox,5.185,3.809,6.36,3.434
656,22.512,3.015,3.018,bbox,5.185,3.809,6.36,3.434
657,22.546,2.363,3.015,pose,5.185,3.809,6.36,3.434
658,22.581,2.968,2.968,bbox,5.185,3.809,6.36,3.434
659,22.615,2.944,2.968,bbox,5.185,3.809,6.36,3.434
660,22.649,2.372,2.944,pose,5.185,3.809,6.36,3.434
661,22.684,2.972,2.944,bbox,5.185,3.809,6.36,3.434
662,22.718,2.908,2.944,bbox,5.185,3.809,6.36,3.434
663,22.752,2.373,2.908,pose,5.185,3.809,6.36,3.434
664,22.787,2.901,2.901,bbox,5.185,3.809,6.36,3.434
665,22.821,2.963,2.908,bbox,5.185,3.809,6.36,3.434
666,22.855,2.372,2.901,pose,5.185,3.809,6.36,3.434
667,22.889,3.02,2.901,bbox,5.185,3.809,6.36,3.434
668,22.924,2.976,2.963,bbox,5.185,3.809,6.36,3.434
669,22.958,2.354,2.963,pose,5.185,3.809,6.36,3.434
670,22.992,2.984,2.976,bbox,5.185,3.809,6.36,3.434
671,23.027,2.917,2.976,bbox,5.185,3.809,6.36,3.434
672,23.061,2.374,2.917,pose,5.185,3.809,6.36,3.434
673,23.095,2.865,2.865,bbox,5.185,3.809,6.36,3.434
674,23.13,2.859,2.865,bbox,5.185,3.809,6.36,3.434
675,23.164,2.366,2.859,pose,5.185,3.809,6.36,3.434
676,23.198,2.945,2.859,bbox,5.185,3.809,6.36,3.434
677,23.233,2.922,2.865,bbox,5.185,3.809,6.36,3.434
678,23.267,2.354,2.859,pose,5.185,3.809,6.36,3.434
679,23.301,2.933,2.922,bbox,5.185,3.809,6.36,3.434
680,23.336,2.936,2.933,bbox,5.185,3.809,6.36,3.434
681,23.37,2.32,2.922,pose,5.185,3.809,6.36,3.434
682,23.404,2.905,2.905,bbox,5.185,3.809,6.36,3.434
683,23.439,2.863,2.905,bbox,5.185,3.809,6.36,3.434
684,23.473,2.162,2.863,pose,5.185,3.809,6.36,3.434
685,23.507,2.815,2.815,bbox,5.185,3.809,6.36,3.434
686,23.542,2.796,2.815,bbox,5.242,3.809,6.36,3.434
687,23.576,2.152,2.796,pose,5.242,3.809,6.36,3.434
688,23.61,2.872,2.796,bbox,5.298,3.809,6.36,3.434
689,23.644,2.819,2.815,bbox,5.298,3.809,6.36,3.434
690,23.679,2.115,2.796,pose,5.298,3.809,6.36,3.434
691,23.713,2.815,2.815,bbox,5.298,3.809,6.36,3.471
692,23.747,2.798,2.815,bbox,5.298,3.809,6.36,3.471
693,23.782,2.095,2.798,pose,5.298,3.809,6.36,3.471
694,23.816,2.751,2.751,bbox,5.298,3.809,6.36,3.471
695,23.85,2.744,2.751,bbox,5.298,3.809,6.36,3.471
696,23.885,2.137,2.744,pose,5.298,3.809,6.36,3.471
697,23.919,2.739,2.739,bbox,5.298,3.809,6.36,3.471
698,23.953,2.785,2.744,bbox,5.298,3.809,6.36,3.471
699,23.988,2.161,2.739,pose,5.298,3.809,6.36,3.509
700,24.022,2.802,2.739,bbox,5.298,3.809,6.36,3.509
701,24.056,2.837,2.785,bbox,5.298,3.809,6.36,3.509
702,24.091,2.126,2.785,pose,5.298,3.809,6.36,3.509
703,24.125,2.822,2.802,bbox,5.298,3.809,6.36,3.509
704,24.159,2.777,2.802,bbox,5.298,3.809,6.36,3.509
705,24.194,2.031,2.777,pose,5.298,3.809,6.36,3.509
706,24.228,2.75,2.75,bbox,5.298,3.809,6.36,3.509
707,24.262,2.792,2.777,bbox,5.339,3.809,6.36,3.509
708,24.296,2.844,2.777,bbox,5.404,3.809,6.36,3.509
709,24.331,2.888,2.792,bbox,5.404,3.809,6.36,3.546
710,24.365,2.916,2.844,bbox,5.404,3.809,6.36,3.546
711,24.399,2.038,2.844,pose,5.404,3.809,6.36,3.546
712,24.434,2.83,2.844,bbox,5.404,3.809,6.36,3.546
713,24.468,2.769,2.83,bbox,5.439,3.809,6.36,3.546
714,24.502,2.663,2.769,bbox,5.439,3.809,6.434,3.546
715,24.537,2.644,2.663,bbox,5.439,3.809,6.496,3.546
716,24.571,2.602,2.663,bbox,5.439,3.809,6.496,3.546
717,24.605,2.609,2.644,bbox,5.439,3.809,6.496,3.546
718,24.64,2.599,2.609,bbox,5.439,3.842,6.496,3.546
719,24.674,2.569,2.602,bbox,5.439,3.842,6.496,3.546
720,24.708,2.517,2.599,bbox,5.439,3.842,6.496,3.546
721,24.743,2.446,2.569,bbox,5.439,3.842,6.558,3.546
722,24.777,2.334,2.517,bbox,5.439,3.932,6.665,3.546
723,24.811,2.316,2.446,bbox,5.439,3.964,6.761,3.546
724,24.846,2.354,2.354,bbox,5.439,3.964,6.822,3.546
725,24.88,2.312,2.334,bbox,5.439,3.964,6.822,3.546
726,24.914,2.423,2.334,bbox,5.439,3.964,6.822,3.546
727,24.949,2.552,2.354,bbox,5.439,4.051,6.822,3.546
728,24.983,2.641,2.423,bbox,5.439,4.051,6.822,3.546
729,25.017,,,,5.439,4.051,6.822,3.546
730,25.051,2.825,2.552,bbox,5.439,4.183,6.822,3.546
731,25.086,3.003,2.641,bbox,5.439,4.278,6.822,3.546
732,25.12,2.973,2.825,bbox,5.439,4.4,6.822,3.583
733,25.154,3.121,2.973,bbox,5.439,4.485,6.822,3.583
734,25.189,3.151,3.003,bbox,5.439,4.533,6.822,3.583
735,25.223,2.658,3.003,pose,5.439,4.584,6.822,3.583
736,25.257,3.112,3.112,bbox,5.439,4.628,6.822,3.583
737,25.292,3.134,3.121,bbox,5.439,4.658,6.822,3.583
738,25.326,3.19,3.134,bbox,5.439,4.703,6.822,3.583
739,25.36,3.187,3.134,bbox,5.439,4.703,6.822,3.583
740,25.395,3.123,3.134,bbox,5.439,4.743,6.822,3.583
741,25.429,2.953,3.134,pose,5.439,4.773,6.822,3.583
742,25.463,3.157,3.157,bbox,5.439,4.819,6.857,3.583
743,25.498,3.211,3.157,bbox,5.439,4.849,6.924,3.583
744,25.532,2.868,3.123,pose,5.439,4.916,6.924,3.583
745,25.566,3.146,3.146,bbox,5.439,4.968,6.97,3.583
746,25.601,3.157,3.157,bbox,5.439,4.968,6.97,3.583
747,25.635,3.175,3.157,bbox,5.439,4.968,7.104,3.583
748,25.669,3.147,3.147,bbox,5.439,4.968,7.139,3.583
749,25.704,3.146,3.147,bbox,5.439,4.968,7.139,3.583
750,25.738,2.274,3.147,pose,5.439,4.968,7.139,3.583
751,25.772,3.078,3.146,bbox,5.439,4.968,7.139,3.583
752,25.806,3.069,3.078,bbox,5.478,4.968,7.139,3.583
753,25.841,2.103,3.069,pose,5.478,4.968,7.139,3.583
754,25.875,2.984,2.984,bbox,5.478,4.968,7.139,3.583
755,25.909,2.914,2.984,bbox,5.478,4.968,7.175,3.583
756,25.944,2.812,2.914,bbox,5.478,4.968,7.175,3.583
757,25.978,2.763,2.812,bbox,5.478,4.968,7.209,3.583
758,26.012,2.703,2.812,bbox,5.478,4.968,7.263,3.583
759,26.047,1.96,2.763,pose,5.478,4.968,7.328,3.583
760,26.081,2.667,2.703,bbox,5.478,4.968,7.328,3.583
761,26.115,2.678,2.678,bbox,5.478,4.968,7.378,3.583
762,26.15,1.992,2.667,pose,5.478,4.968,7.378,3.583
763,26.184,2.645,2.645,bbox,5.478,4.968,7.423,3.583
764,26.218,2.65,2.65,bbox,5.478,4.968,7.423,3.583
765,26.253,2.177,2.645,pose,5.478,4.968,7.423,3.583
766,26.287,2.729,2.645,bbox,5.478,5.019,7.423,3.583
767,26.321,2.739,2.65,bbox,5.478,5.019,7.423,3.583
768,26.356,2.226,2.65,pose,5.478,5.019,7.423,3.583
769,26.39,2.844,2.729,bbox,5.478,5.019,7.423,3.649
770,26.424,2.824,2.739,bbox,5.478,5.019,7.423,3.649
771,26.458,2.498,2.739,pose,5.478,5.019,7.423,3.649
772,26.493,2.856,2.824,bbox,5.478,5.019,7.423,3.649
773,26.527,2.864,2.844,bbox,5.478,5.019,7.423,3.649
774,26.561,2.857,2.856,bbox,5.478,5.019,7.423,3.649
775,26.596,2.809,2.856,bbox,5.478,5.019,7.423,3.649
776,26.63,2.778,2.856,bbox,5.478,5.019,7.423,3.649
777,26.664,2.706,2.809,bbox,5.527,5.019,7.423,3.649
778,26.699,2.658,2.778,bbox,5.563,5.019,7.423,3.649
779,26.733,2.628,2.706,bbox,5.629,5.019,7.423,3.649
780,26.767,2.608,2.658,bbox,5.629,5.019,7.423,3.649
781,26.802,2.6,2.628,bbox,5.629,5.019,7.423,3.649
782,26.836,2.573,2.608,bbox,5.629,5.019,7.423,3.649
783,26.87,1.976,2.6,pose,5.629,5.019,7.454,3.649
784,26.905,2.523,2.573,bbox,5.629,5.019,7.454,3.649
785,26.939,2.514,2.523,bbox,5.629,5.019,7.454,3.649
786,26.973,1.978,2.514,pose,5.629,5.019,7.454,3.649
787,27.008,2.565,2.514,bbox,5.629,5.06,7.501,3.649
788,27.042,2.548,2.523,bbox,5.629,5.06,7.501,3.649
789,27.076,1.989,2.514,pose,5.629,5.06,7.501,3.649
790,27.111,2.645,2.548,bbox,5.629,5.11,7.501,3.708
791,27.145,2.718,2.565,bbox,5.629,5.11,7.501,3.708
792,27.179,2.812,2.645,bbox,5.629,5.144,7.501,3.708
793,27.213,2.857,2.718,bbox,5.629,5.144,7.501,3.708
794,27.248,2.942,2.812,bbox,5.629,5.144,7.501,3.764
795,27.282,2.312,2.812,pose,5.629,5.144,7.501,3.764
796,27.316,2.951,2.857,bbox,5.629,5.144,7.501,3.804
797,27.351,2.882,2.882,bbox,5.629,5.144,7.501,3.804
798,27.385,2.88,2.882,bbox,5.629,5.144,7.501,3.804
799,27.419,2.878,2.88,bbox,5.629,5.144,7.501,3.863
800,27.454,2.85,2.88,bbox,5.629,5.144,7.501,3.863
801,27.488,2.214,2.878,pose,5.629,5.144,7.501,3.863
802,27.522,2.689,2.85,bbox,5.629,5.144,7.501,3.863
803,27.557,2.696,2.696,bbox,5.629,5.144,7.501,3.863
804,27.591,2.173,2.689,pose,5.678,5.144,7.501,3.863
805,27.625,2.649,2.649,bbox,5.713,5.144,7.501,3.863
806,27.66,2.657,2.657,bbox,5.713,5.144,7.501,3.863
807,27.694,2.014,2.649,pose,5.713,5.144,7.501,3.863
808,27.728,2.663,2.649,bbox,5.713,5.144,7.54,3.863
809,27.763,2.761,2.657,bbox,5.713,5.144,7.54,3.863
810,27.797,2.098,2.657,pose,5.713,5.144,7.54,3.895
811,27.831,2.765,2.663,bbox,5.713,5.144,7.54,3.895
812,27.865,2.758,2.758,bbox,5.713,5.144,7.54,3.895
813,27.9,2.061,2.758,pose,5.713,5.144,7.54,3.895
814,27.934,2.727,2.727,bbox,5.713,5.144,7.54,3.895
815,27.968,2.782,2.758,bbox,5.713,5.144,7.54,3.895
816,28.003,2.146,2.727,pose,5.713,5.144,7.54,3.934
817,28.037,2.839,2.727,bbox,5.713,5.144,7.54,3.968
818,28.071,2.883,2.782,bbox,5.713,5.144,7.54,4.019
819,28.106,2.247,2.782,pose,5.713,5.144,7.54,4.019
820,28.14,2.968,2.839,bbox,5.713,5.144,7.54,4.019
821,28.174,2.994,2.883,bbox,5.713,5.144,7.54,4.019
822,28.209,2.265,2.883,pose,5.713,5.144,7.54,4.049
823,28.243,2.993,2.968,bbox,5.713,5.144,7.54,4.049
824,28.277,2.957,2.968,bbox,5.713,5.144,7.54,4.049
825,28.312,2.209,2.957,pose,5.713,5.144,7.54,4.049
826,28.346,2.859,2.859,bbox,5.713,5.144,7.54,4.049
827,28.38,2.845,2.859,bbox,5.713,5.144,7.54,4.049
828,28.415,2.187,2.845,pose,5.713,5.144,7.54,4.049
829,28.449,2.839,2.839,bbox,5.713,5.144,7.54,4.049
830,28.483,2.82,2.839,bbox,5.713,5.144,7.54,4.049
831,28.518,2.234,2.82,pose,5.713,5.144,7.54,4.049
832,28.552,2.745,2.745,bbox,5.713,5.144,7.54,4.049
833,28.586,2.748,2.748,bbox,5.713,5.144,7.54,4.049
834,28.62,2.222,2.745,pose,5.713,5.144,7.54,4.049
835,28.655,2.721,2.721,bbox,5.713,5.144,7.601,4.049
836,28.689,2.778,2.745,bbox,5.713,5.144,7.601,4.049
837,28.723,2.765,2.748,bbox,5.713,5.144,7.601,4.049
838,28.758,2.743,2.743,bbox,5.713,5.144,7.601,4.092
839,28.792,2.799,2.765,bbox,5.713,5.144,7.601,4.092
840,28.826,1.989,2.765,pose,5.713,5.144,7.601,4.124
841,28.861,2.78,2.765,bbox,5.713,5.144,7.601,4.155
842,28.895,2.821,2.78,bbox,5.713,5.144,7.601,4.155
843,28.929,2.026,2.78,pose,5.772,5.144,7.601,4.198
844,28.964,2.819,2.78,bbox,5.803,5.144,7.601,4.198
845,28.998,2.698,2.78,bbox,5.803,5.144,7.601,4.229
846,29.032,2.072,2.698,pose,5.803,5.144,7.601,4.229
847,29.067,2.731,2.698,bbox,5.886,5.144,7.601,4.229
848,29.101,2.707,2.707,bbox,5.99,5.144,7.601,4.229
849,29.135,1.989,2.698,pose,5.99,5.144,7.601,4.229
850,29.17,2.631,2.631,bbox,5.99,5.144,7.601,4.229
851,29.204,2.57,2.631,bbox,5.99,5.144,7.601,4.229
852,29.238,1.932,2.57,pose,5.99,5.177,7.601,4.229
853,29.272,2.561,2.561,bbox,5.99,5.235,7.633,4.229
854,29.307,2.581,2.57,bbox,5.99,5.235,7.633,4.229
855,29.341,1.984,2.561,pose,5.99,5.268,7.633,4.229
856,29.375,2.666,2.561,bbox,5.99,5.312,7.685,4.229
857,29.41,2.7,2.581,bbox,5.99,5.312,7.685,4.229
858,29.444,2.055,2.581,pose,5.99,5.312,7.685,4.229
859,29.478,2.686,2.666,bbox,5.99,5.312,7.685,4.229
860,29.513,2.696,2.686,bbox,5.99,5.312,7.685,4.229
861,29.547,2.102,2.686,pose,5.99,5.312,7.685,4.271
862,29.581,2.774,2.686,bbox,5.99,5.312,7.685,4.309
863,29.616,2.81,2.696,bbox,5.99,5.312,7.685,4.353
864,29.65,2.178,2.696,pose,5.99,5.312,7.685,4.353
865,29.684,2.851,2.774,bbox,5.99,5.312,7.685,4.391
866,29.719,2.865,2.81,bbox,5.99,5.312,7.685,4.391
867,29.753,2.205,2.81,pose,5.99,5.312,7.685,4.391
868,29.787,2.871,2.851,bbox,5.99,5.312,7.685,4.391
869,29.822,2.837,2.851,bbox,5.99,5.312,7.685,4.391
870,29.856,2.082,2.837,pose,5.99,5.312,7.685,4.391
871,29.89,2.713,2.713,bbox,5.99,5.312,7.685,4.391
872,29.925,2.631,2.713,bbox,5.99,5.312,7.732,4.391
873,29.959,1.957,2.631,pose,5.99,5.312,7.732,4.391
874,29.993,2.553,2.553,bbox,6.032,5.312,7.732,4.391
875,30.027,2.54,2.553,bbox,6.032,5.312,7.732,4.391
876,30.062,1.979,2.54,pose,6.092,5.312,7.775,4.391
877,30.096,2.616,2.54,bbox,6.092,5.312,7.775,4.391
878,30.13,2.628,2.553,bbox,6.092,5.312,7.814,4.391
879,30.165,1.681,2.54,pose,6.092,5.312,7.814,4.391
880,30.199,2.602,2.602,bbox,6.092,5.312,7.814,4.391
881,30.233,2.589,2.602,bbox,6.092,5.382,7.814,4.391
882,30.268,1.558,2.589,pose,6.092,5.382,7.959,4.391
883,30.302,2.59,2.589,bbox,6.092,5.438,7.959,4.391
884,30.336,2.558,2.589,bbox,6.092,5.438,7.959,4.391
885,30.371,2.632,2.589,bbox,6.092,5.491,8.015,4.391
886,30.405,2.671,2.59,bbox,6.092,5.553,8.076,4.391
887,30.439,2.661,2.632,bbox,6.15,5.553,8.076,4.391
888,30.474,2.617,2.632,bbox,6.15,5.607,8.125,4.391
889,30.508,2.454,2.632,bbox,6.15,5.654,8.261,4.391
890,30.542,2.153,2.617,bbox,6.15,5.72,8.305,4.391
891,30.577,1.825,2.454,pose,6.15,5.767,8.397,4.391
892,30.611,2.162,2.162,bbox,6.15,5.799,8.397,4.391
893,30.645,2.134,2.153,bbox,6.15,5.878,8.428,4.391
894,30.679,1.978,2.134,bbox,6.15,5.927,8.478,4.391
895,30.714,1.871,1.978,bbox,6.15,5.927,8.545,4.391
896,30.748,1.883,1.978,bbox,6.15,5.927,8.545,4.391
897,30.782,1.895,1.895,bbox,6.15,5.927,8.545,4.391
898,30.817,1.996,1.895,bbox,6.15,5.927,8.584,4.391
899,30.851,2.068,1.895,bbox,6.15,5.927,8.584,4.391
900,30.885,2.143,1.996,bbox,6.15,5.997,8.584,4.391
901,30.92,2.149,2.068,bbox,6.15,6.077,8.584,4.391
902,30.954,2.172,2.143,bbox,6.15,6.171,8.584,4.391
903,30.988,4.098,2.149,pose,6.15,6.211,8.584,4.391
904,31.023,2.231,2.172,bbox,6.15,6.251,8.584,4.391
905,31.057,2.289,2.231,bbox,6.15,6.35,8.584,4.391
906,31.091,,,,6.15,6.35,8.584,4.391
907,31.126,2.332,2.289,bbox,6.15,6.405,8.584,4.391
908,31.16,2.358,2.332,bbox,6.15,6.549,8.584,4.391
909,31.194,1.867,2.289,pose,6.15,6.549,8.584,4.391
910,31.229,2.496,2.332,bbox,6.15,6.587,8.633,4.391
911,31.263,2.508,2.358,bbox,6.15,6.643,8.633,4.391
912,31.297,2.627,2.496,bbox,6.15,6.643,8.633,4.391
913,31.332,2.578,2.508,bbox,6.15,6.643,8.633,4.391
914,31.366,2.633,2.578,bbox,6.15,6.693,8.633,4.391
915,31.4,2.654,2.627,bbox,6.15,6.693,8.633,4.391
916,31.434,2.659,2.633,bbox,6.15,6.783,8.633,4.391
917,31.469,2.658,2.654,bbox,6.15,6.847,8.685,4.391
918,31.503,2.625,2.654,bbox,6.15,6.905,8.724,4.391
919,31.537,2.593,2.654,bbox,6.15,6.954,8.724,4.391
920,31.572,2.535,2.625,bbox,6.15,6.994,8.841,4.391
921,31.606,2.307,2.593,pose,6.15,6.994,8.841,4.391
922,31.64,2.437,2.535,bbox,6.15,6.994,8.908,4.391
923,31.675,2.423,2.437,bbox,6.15,7.026,8.908,4.391
924,31.709,2.145,2.423,pose,6.15,7.026,8.908,4.391
925,31.743,2.385,2.385,bbox,6.15,7.026,9.006,4.391
926,31.778,2.372,2.385,bbox,6.15,7.026,9.039,4.391
927,31.812,1.885,2.372,pose,6.15,7.026,9.039,4.391
928,31.846,2.332,2.332,bbox,6.15,7.026,9.089,4.391
929,31.881,2.334,2.334,bbox,6.15,7.026,9.089,4.391
930,31.915,2.339,2.334,bbox,6.15,7.026,9.121,4.391
931,31.949,2.34,2.334,bbox,6.15,7.026,9.121,4.391
932,31.984,2.31,2.334,bbox,6.15,7.026,9.121,4.391
933,32.018,,,,6.15,7.026,9.121,4.391
934,32.052,2.215,2.334,bbox,6.15,7.026,9.121,4.391
935,32.086,2.13,2.31,bbox,6.191,7.026,9.121,4.391
936,32.121,2.053,2.215,bbox,6.245,7.026,9.173,4.391
937,32.155,2.05,2.13,bbox,6.245,7.026,9.232,4.391
938,32.189,2.079,2.079,bbox,6.245,7.026,9.287,4.391
939,32.224,2.095,2.079,bbox,6.245,7.026,9.334,4.391
940,32.258,2.099,2.079,bbox,6.245,7.026,9.334,4.391
941,32.292,2.122,2.095,bbox,6.245,7.026,9.334,4.391
942,32.327,2.125,2.099,bbox,6.245,7.066,9.334,4.391
943,32.361,2.215,2.122,bbox,6.245,7.114,9.334,4.391
944,32.395,2.228,2.125,bbox,6.245,7.114,9.334,4.391
945,32.43,2.307,2.215,bbox,6.245,7.197,9.334,4.391
946,32.464,2.218,2.218,bbox,6.245,7.197,9.334,4.436
947,32.498,2.208,2.218,bbox,6.245,7.197,9.334,4.436
948,32.533,1.962,2.218,pose,6.245,7.197,9.334,4.436
949,32.567,2.335,2.218,bbox,6.245,7.197,9.334,4.436
950,32.601,2.406,2.218,bbox,6.245,7.197,9.334,4.481
951,32.636,2.492,2.335,bbox,6.245,7.242,9.334,4.481
952,32.67,2.676,2.406,bbox,6.245,7.281,9.334,4.481
953,32.704,2.683,2.492,bbox,6.245,7.281,9.334,4.481
954,32.739,2.695,2.676,bbox,6.245,7.317,9.334,4.481
955,32.773,2.701,2.683,bbox,6.245,7.35,9.334,4.524
956,32.807,2.78,2.695,bbox,6.245,7.35,9.334,4.555
957,32.841,2.085,2.695,pose,6.245,7.35,9.365,4.555
958,32.876,2.595,2.695,bbox,6.245,7.35,9.397,4.555
959,32.91,2.565,2.595,bbox,6.245,7.35,9.397,4.555
960,32.944,2.509,2.565,bbox,6.245,7.35,9.397,4.555
961,32.979,2.462,2.509,bbox,6.245,7.35,9.433,4.555
962,33.013,2.453,2.509,bbox,6.245,7.35,9.47,4.555
963,33.047,2.481,2.481,bbox,6.245,7.35,9.47,4.555
964,33.082,2.484,2.481,bbox,6.245,7.35,9.47,4.555
965,33.116,2.403,2.462,bbox,6.245,7.35,9.47,4.555
966,33.15,2.498,2.481,bbox,6.245,7.35,9.518,4.555
967,33.185,2.572,2.484,bbox,6.245,7.35,9.518,4.555
968,33.219,2.518,2.498,bbox,6.245,7.35,9.518,4.603
969,33.253,2.46,2.498,bbox,6.245,7.35,9.564,4.603
970,33.288,2.373,2.498,bbox,6.245,7.35,9.564,4.603
971,33.322,2.339,2.46,bbox,6.245,7.35,9.564,4.603
972,33.356,2.393,2.393,bbox,6.245,7.35,9.564,4.603
973,33.391,2.436,2.393,bbox,6.245,7.35,9.564,4.603
974,33.425,2.475,2.393,bbox,6.245,7.35,9.564,4.603
975,33.459,2.514,2.436,bbox,6.245,7.35,9.564,4.671
976,33.493,2.612,2.475,bbox,6.245,7.35,9.564,4.671
977,33.528,2.641,2.514,bbox,6.245,7.35,9.564,4.671
978,33.562,2.666,2.612,bbox,6.245,7.35,9.564,4.671
979,33.596,2.694,2.641,bbox,6.245,7.35,9.564,4.671
980,33.631,2.677,2.666,bbox,6.245,7.35,9.564,4.671
981,33.665,2.644,2.666,bbox,6.245,7.35,9.564,4.671
982,33.699,2.628,2.666,bbox,6.245,7.35,9.564,4.719
983,33.734,2.608,2.644,bbox,6.245,7.35,9.564,4.719
984,33.768,2.623,2.628,bbox,6.245,7.35,9.564,4.719
985,33.802,2.62,2.623,bbox,6.245,7.35,9.564,4.719
986,33.837,2.592,2.62,bbox,6.245,7.35,9.564,4.719
987,33.871,2.629,2.62,bbox,6.245,7.35,9.564,4.719
988,33.905,2.665,2.623,bbox,6.245,7.35,9.564,4.719
989,33.94,2.672,2.629,bbox,6.245,7.35,9.564,4.719
990,33.974,2.676,2.665,bbox,6.245,7.35,9.564,4.719
991,34.008,2.635,2.665,bbox,6.245,7.35,9.564,4.719
992,34.043,2.587,2.665,bbox,6.245,7.35,9.564,4.719
993,34.077,2.523,2.635,bbox,6.245,7.35,9.564,4.719
994,34.111,2.456,2.587,bbox,6.245,7.35,9.564,4.719
995,34.146,2.394,2.523,bbox,6.286,7.35,9.564,4.719
996,34.18,2.343,2.456,bbox,6.325,7.35,9.564,4.719
997,34.214,2.27,2.394,bbox,6.368,7.35,9.564,4.719
998,34.248,2.192,2.343,bbox,6.41,7.35,9.564,4.719
999,34.283,1.994,2.27,pose,6.41,7.35,9.564,4.719
1000,34.317,2.226,2.226,bbox,6.46,7.35,9.564,4.719
1001,34.351,2.215,2.215,bbox,6.492,7.35,9.564,4.719
1002,34.386,2.168,2.192,bbox,6.492,7.35,9.564,4.719
1003,34.42,2.195,2.195,bbox,6.492,7.35,9.564,4.719
1004,34.454,,,,6.492,7.35,9.564,4.719
1005,34.489,2.182,2.195,bbox,6.57,7.35,9.564,4.719
1006,34.523,,,,6.57,7.35,9.564,4.719
1007,34.557,2.201,2.195,bbox,6.57,7.35,9.564,4.719
1008,34.592,,,,6.57,7.35,9.564,4.719
1009,34.626,2.224,2.195,bbox,6.671,7.35,9.564,4.837
1010,34.66,2.284,2.201,bbox,6.784,7.35,9.564,4.88
1011,34.695,2.278,2.224,bbox,6.928,7.35,9.564,5.004
1012,34.729,2.433,2.278,bbox,7.008,7.35,9.564,5.041
1013,34.763,2.505,2.284,bbox,7.105,7.35,9.564,5.111
1014,34.798,2.52,2.433,bbox,7.105,7.35,9.651,5.111
1015,34.832,2.574,2.505,bbox,7.105,7.35,9.651,5.111
1016,34.866,,,,7.105,7.35,9.651,5.111
1017,34.9,2.519,2.519,bbox,7.105,7.35,9.651,5.111
1018,34.935,2.379,2.519,bbox,7.105,7.35,9.651,5.111
1019,34.969,2.247,2.519,bbox,7.105,7.35,9.651,5.111
1020,35.003,2.138,2.379,bbox,7.105,7.35,9.761,5.111
1021,35.038,2.091,2.247,bbox,7.105,7.35,9.841,5.111
1022,35.072,1.882,2.138,bbox,7.105,7.35,9.927,5.111
1023,35.106,,,,7.105,7.35,9.927,5.111
1024,35.141,,,,7.105,7.35,9.927,5.111
1025,35.175,,,,7.105,7.35,9.927,5.111
1026,35.209,1.717,2.091,bbox,7.105,7.35,9.927,5.111
1027,35.244,1.658,1.882,bbox,7.105,7.35,9.927,5.111
1028,35.278,1.631,1.717,bbox,7.105,7.461,9.98,5.111
1029,35.312,1.684,1.684,bbox,7.105,7.461,9.98,5.111
1030,35.347,1.693,1.684,bbox,7.105,7.461,9.98,5.111
1031,35.381,,,,7.105,7.461,9.98,5.111
1032,35.415,1.783,1.684,bbox,7.105,7.461,9.98,5.111
1033,35.45,1.796,1.693,bbox,7.105,7.461,9.98,5.111
1034,35.484,1.609,1.693,bbox,7.105,7.461,9.98,5.111
1035,35.518,1.651,1.693,bbox,7.105,7.461,10.07,5.111
1036,35.553,1.653,1.653,bbox,7.105,7.519,10.154,5.111
1037,35.587,1.659,1.653,bbox,7.105,7.577,10.154,5.111
1038,35.621,1.664,1.653,bbox,7.105,7.577,10.154,5.111
1039,35.655,1.645,1.653,bbox,7.105,7.577,10.154,5.111
1040,35.69,1.61,1.653,bbox,7.105,7.577,10.154,5.111
1041,35.724,1.574,1.645,bbox,7.105,7.577,10.154,5.111
1042,35.758,1.557,1.61,bbox,7.105,7.577,10.154,5.111
1043,35.793,1.606,1.606,bbox,7.105,7.577,10.154,5.111
1044,35.827,,,,7.105,7.577,10.154,5.111
1045,35.861,1.601,1.601,bbox,7.105,7.577,10.192,5.111
1046,35.896,1.578,1.578,bbox,7.105,7.577,10.192,5.111
1047,35.93,1.559,1.578,bbox,7.105,7.577,10.192,5.111
1048,35.964,1.543,1.578,bbox,7.105,7.577,10.192,5.111
1049,35.999,1.504,1.559,bbox,7.137,7.577,10.192,5.111
1050,36.033,1.471,1.543,bbox,7.137,7.577,10.192,5.111
1051,36.067,1.473,1.504,bbox,7.172,7.577,10.192,5.141
1052,36.102,1.464,1.473,bbox,7.172,7.577,10.192,5.141
1053,36.136,1.485,1.473,bbox,7.172,7.577,10.192,5.141
1054,36.17,1.451,1.471,bbox,7.172,7.577,10.192,5.141
1055,36.205,1.423,1.464,bbox,7.172,7.577,10.192,5.141
1056,36.239,1.415,1.451,bbox,7.172,7.577,10.192,5.141
1057,36.273,,,,7.172,7.577,10.192,5.141
1058,36.307,,,,7.172,7.577,10.192,5.141
1059,36.342,,,,7.172,7.577,10.192,5.141
1060,36.376,3.177,1.451,bbox,7.172,7.577,10.192,5.141
1061,36.41,3.19,1.451,bbox,7.172,7.577,10.192,5.141
1062,36.445,2.853,2.853,pose,7.172,7.726,10.192,5.141
1063,36.479,3.186,3.177,bbox,7.172,7.726,10.192,5.141
1064,36.513,3.174,3.177,bbox,7.172,7.726,10.192,5.141
1065,36.548,2.581,3.174,pose,7.172,7.726,10.192,5.141
1066,36.582,3.083,3.083,bbox,7.222,7.726,10.192,5.141
1067,36.616,3.052,3.083,bbox,7.222,7.726,10.192,5.141
1068,36.651,3.047,3.052,bbox,7.256,7.726,10.192,5.141
1069,36.685,3.093,3.052,bbox,7.256,7.726,10.192,5.141
1070,36.719,3.141,3.083,bbox,7.256,7.726,10.192,5.141
1071,36.754,2.762,3.052,pose,7.256,7.726,10.192,5.141
1072,36.788,3.145,3.093,bbox,7.256,7.726,10.192,5.141
1073,36.822,3.118,3.118,bbox,7.256,7.726,10.192,5.141
1074,36.857,3.094,3.118,bbox,7.309,7.726,10.192,5.141
1075,36.891,3.073,3.094,bbox,7.309,7.726,10.192,5.141
1076,36.925,3.051,3.094,bbox,7.348,7.726,10.192,5.141
1077,36.96,2.387,3.073,pose,7.348,7.726,10.192,5.141
1078,36.994,3.058,3.058,bbox,7.348,7.726,10.192,5.141
1079,37.028,3.008,3.051,bbox,7.348,7.726,10.192,5.141
1080,37.062,2.344,3.008,pose,7.348,7.726,10.192,5.141
1081,37.097,2.935,2.935,bbox,7.348,7.726,10.192,5.141
1082,37.131,2.926,2.935,bbox,7.348,7.726,10.192,5.141
1083,37.165,2.336,2.926,pose,7.348,7.726,10.192,5.141
1084,37.2,2.958,2.926,bbox,7.348,7.726,10.192,5.141
1085,37.234,2.917,2.926,bbox,7.348,7.726,10.192,5.141
1086,37.268,2.354,2.917,pose,7.348,7.726,10.192,5.141
1087,37.303,2.942,2.917,bbox,7.348,7.726,10.192,5.141
1088,37.337,3.011,2.942,bbox,7.348,7.726,10.192,5.141
1089,37.371,2.371,2.917,pose,7.348,7.726,10.192,5.141
1090,37.406,3.07,2.942,bbox,7.348,7.726,10.192,5.141
1091,37.44,3.162,3.011,bbox,7.348,7.726,10.192,5.141
1092,37.474,2.394,3.011,pose,7.348,7.726,10.192,5.141
1093,37.509,3.235,3.07,bbox,7.348,7.726,10.192,5.141
1094,37.543,3.266,3.162,bbox,7.348,7.726,10.192,5.141
1095,37.577,2.467,3.162,pose,7.348,7.726,10.192,5.141
1096,37.612,3.19,3.19,bbox,7.348,7.726,10.192,5.141
1097,37.646,3.185,3.19,bbox,7.348,7.726,10.192,5.141
1098,37.68,2.495,3.185,pose,7.348,7.726,10.192,5.141
1099,37.714,3.193,3.185,bbox,7.348,7.726,10.192,5.141
1100,37.749,3.228,3.19,bbox,7.348,7.726,10.192,5.141
1101,37.783,2.45,3.185,pose,7.348,7.726,10.192,5.141
1102,37.817,3.169,3.169,bbox,7.348,7.726,10.192,5.141
1103,37.852,3.129,3.169,bbox,7.348,7.726,10.192,5.141
1104,37.886,2.395,3.129,pose,7.348,7.726,10.228,5.141
1105,37.92,3.052,3.052,bbox,7.348,7.726,10.269,5.141
1106,37.955,3.013,3.052,bbox,7.348,7.726,10.322,5.141
1107,37.989,2.377,3.013,pose,7.348,7.726,10.322,5.141
1108,38.023,3.014,3.013,bbox,7.348,7.726,10.322,5.141
1109,38.058,2.933,3.013,bbox,7.348,7.726,10.322,5.141
1110,38.092,2.389,2.933,pose,7.348,7.726,10.322,5.141
1111,38.126,2.934,2.933,bbox,7.348,7.726,10.322,5.141
1112,38.161,2.961,2.934,bbox,7.348,7.726,10.322,5.141
1113,38.195,2.384,2.933,pose,7.348,7.726,10.322,5.141
1114,38.229,3.002,2.934,bbox,7.348,7.726,10.322,5.141
1115,38.264,3.006,2.961,bbox,7.348,7.726,10.322,5.141
1116,38.298,2.356,2.961,pose,7.348,7.726,10.322,5.141
1117,38.332,3.117,3.002,bbox,7.348,7.726,10.322,5.141
1118,38.367,3.116,3.006,bbox,7.348,7.726,10.322,5.141
1119,38.401,2.229,3.006,pose,7.348,7.726,10.322,5.187
1120,38.435,3.14,3.116,bbox,7.348,7.726,10.322,5.187
1121,38.469,3.185,3.117,bbox,7.348,7.726,10.322,5.222
1122,38.504,3.096,3.116,bbox,7.399,7.726,10.322,5.222
1123,38.538,3.018,3.096,bbox,7.44,7.726,10.366,5.222
1124,38.572,3.007,3.096,bbox,7.544,7.726,10.366,5.222
1125,38.607,2.972,3.018,bbox,7.6,7.726,10.366,5.222
1126,38.641,2.859,3.007,bbox,7.68,7.726,10.405,5.222
1127,38.675,2.72,2.972,bbox,7.68,7.726,10.481,5.222
1128,38.71,2.657,2.859,bbox,7.68,7.726,10.481,5.222
1129,38.744,2.611,2.72,bbox,7.68,7.726,10.534,5.222
1130,38.778,2.603,2.657,bbox,7.68,7.726,10.611,5.222
1131,38.813,2.584,2.611,bbox,7.68,7.726,10.611,5.222
1132,38.847,2.621,2.611,bbox,7.68,7.775,10.735,5.222
1133,38.881,2.695,2.611,bbox,7.68,7.833,10.772,5.222
1134,38.916,2.716,2.621,bbox,7.68,7.877,10.772,5.222
1135,38.95,2.827,2.695,bbox,7.68,7.942,10.805,5.222
1136,38.984,2.829,2.716,bbox,7.68,7.942,10.805,5.222
1137,39.019,2.933,2.827,bbox,7.68,8.017,10.805,5.222
1138,39.053,,,,7.68,8.017,10.805,5.222
1139,39.087,,,,7.68,8.017,10.805,5.222
1140,39.121,2.441,2.827,pose,7.68,8.052,10.805,5.222
1141,39.156,2.692,2.827,bbox,7.68,8.098,10.836,5.222
1142,39.19,2.645,2.692,bbox,7.68,8.098,10.874,5.222
1143,39.224,2.588,2.645,bbox,7.68,8.098,10.874,5.222
1144,39.259,2.549,2.588,bbox,7.68,8.098,10.926,5.222
1145,39.293,2.557,2.588,bbox,7.68,8.098,10.967,5.222
1146,39.327,2.617,2.588,bbox,7.68,8.098,11.038,5.222
1147,39.362,2.622,2.588,bbox,7.68,8.151,11.147,5.222
1148,39.396,2.562,2.562,bbox,7.68,8.226,11.147,5.222
1149,39.43,2.497,2.562,bbox,7.68,8.302,11.147,5.222
1150,39.465,2.371,2.562,bbox,7.68,8.335,11.222,5.222
1151,39.499,2.329,2.497,bbox,7.68,8.433,11.222,5.222
1152,39.533,2.012,2.371,pose,7.68,8.493,11.302,5.222
1153,39.568,1.867,2.329,bbox,7.68,8.493,11.402,5.222
1154,39.602,1.86,2.012,bbox,7.68,8.493,11.48,5.222
1155,39.636,1.933,1.933,bbox,7.68,8.493,11.607,5.222
1156,39.671,2.134,1.933,bbox,7.68,8.552,11.607,5.222
1157,39.705,2.085,1.933,bbox,7.68,8.552,11.607,5.222
1158,39.739,1.681,1.933,pose,7.68,8.634,11.607,5.222
1159,39.774,2.177,2.085,bbox,7.68,8.732,11.607,5.222
1160,39.808,2.287,2.134,bbox,7.68,8.732,11.724,5.222
1161,39.842,2.118,2.118,pose,7.68,8.732,11.724,5.222
1162,39.876,2.252,2.177,bbox,7.68,8.853,11.825,5.222
1163,39.911,2.297,2.252,bbox,7.68,8.853,11.865,5.222
1164,39.945,1.883,2.252,pose,7.68,8.883,11.961,5.222
1165,39.979,2.213,2.213,bbox,7.68,8.883,11.961,5.222
1166,40.014,2.179,2.213,bbox,7.68,8.883,11.961,5.222
1167,40.048,1.987,2.179,pose,7.68,8.883,12.02,5.222
1168,40.082,2.137,2.137,bbox,7.68,8.995,12.08,5.222
1169,40.117,2.174,2.174,bbox,7.68,8.995,12.186,5.222
1170,40.151,1.809,2.137,pose,7.68,9.088,12.223,5.222
1171,40.185,2.125,2.125,bbox,7.68,9.217,12.286,5.222
1172,40.22,2.129,2.129,bbox,7.68,9.217,12.363,5.222
1173,40.254,2.179,2.129,bbox,7.68,9.217,12.482,5.222
1174,40.288,2.226,2.129,bbox,7.68,9.326,12.482,5.222
1175,40.323,2.273,2.179,bbox,7.68,9.408,12.568,5.222
1176,40.357,1.53,2.179,pose,7.68,9.49,12.6,5.222
1177,40.391,2.152,2.179,bbox,7.68,9.528,12.673,5.222
1178,40.426,2.212,2.212,bbox,7.68,9.561,12.71,5.222
1179,40.46,2.224,2.212,bbox,7.68,9.561,12.71,5.222
1180,40.494,2.216,2.212,bbox,7.68,9.634,12.791,5.222
1181,40.528,2.213,2.213,bbox,7.68,9.668,12.828,5.222
1182,40.563,2.224,2.216,bbox,7.68,9.668,12.828,5.222
1183,40.597,2.234,2.224,bbox,7.68,9.668,12.828,5.222
1184,40.631,2.325,2.224,bbox,7.68,9.668,12.828,5.222
1185,40.666,2.31,2.234,pose,7.68,9.668,12.828,5.261
1186,40.7,2.478,2.31,bbox,7.68,9.721,12.828,5.309
1187,40.734,2.599,2.325,bbox,7.68,9.813,12.828,5.309
1188,40.769,2.42,2.42,pose,7.68,9.88,12.828,5.349
1189,40.803,2.841,2.478,bbox,7.68,9.99,12.828,5.349
1190,40.837,2.959,2.599,bbox,7.68,9.99,12.828,5.395
1191,40.872,3.077,2.841,bbox,7.68,10.044,12.828,5.395
1192,40.906,3.142,2.959,bbox,7.68,10.097,12.828,5.395
1193,40.94,3.2,3.077,bbox,7.68,10.097,12.828,5.395
1194,40.975,3.22,3.142,bbox,7.68,10.132,12.828,5.395
1195,41.009,3.192,3.192,bbox,7.68,10.132,12.828,5.395
1196,41.043,3.125,3.192,bbox,7.68,10.132,12.828,5.395
1197,41.078,3.073,3.192,bbox,7.68,10.132,12.828,5.395
1198,41.112,2.961,3.125,bbox,7.68,10.132,12.828,5.395
1199,41.146,2.874,3.073,bbox,7.68,10.132,12.865,5.395
1200,41.181,2.803,2.961,bbox,7.68,10.132,12.865,5.395
1201,41.215,2.736,2.874,bbox,7.68,10.132,12.896,5.395
1202,41.249,2.691,2.803,bbox,7.68,10.132,12.896,5.395
1203,41.283,2.362,2.736,pose,7.68,10.132,12.896,5.395
1204,41.318,2.627,2.691,bbox,7.68,10.132,12.896,5.395
1205,41.352,2.638,2.638,bbox,7.71,10.132,12.896,5.395
1206,41.386,2.334,2.627,pose,7.71,10.132,12.896,5.395
1207,41.421,2.638,2.627,bbox,7.71,10.132,12.896,5.395
1208,41.455,2.619,2.627,bbox,7.71,10.132,12.896,5.395
1209,41.489,2.61,2.619,bbox,7.71,10.132,12.896,5.395
1210,41.524,2.675,2.619,bbox,7.743,10.132,12.896,5.454
1211,41.558,,,,7.743,10.132,12.896,5.454
1212,41.592,,,,7.743,10.132,12.896,5.454
1213,41.627,2.721,2.638,bbox,7.779,10.132,12.896,5.454
1214,41.661,2.756,2.675,bbox,7.779,10.132,12.896,5.518
1215,41.695,2.709,2.709,bbox,7.779,10.132,12.896,5.594
1216,41.73,,,,7.779,10.132,12.896,5.594
1217,41.764,2.654,2.709,bbox,7.779,10.132,12.896,5.594
1218,41.798,2.679,2.709,bbox,7.863,10.132,12.896,5.594
1219,41.833,2.639,2.679,bbox,7.963,10.132,12.896,5.594
1220,41.867,2.58,2.654,bbox,7.963,10.132,12.896,5.594
1221,41.901,2.572,2.639,bbox,7.963,10.132,12.896,5.594
1222,41.935,2.57,2.58,bbox,8.003,10.132,12.944,5.594
1223,41.97,2.501,2.572,bbox,8.003,10.132,12.944,5.594
1224,42.004,2.531,2.57,bbox,8.003,10.132,12.944,5.594
1225,42.038,2.447,2.531,bbox,8.003,10.132,12.944,5.594
1226,42.073,2.454,2.501,bbox,8.003,10.132,12.944,5.594
1227,42.107,2.035,2.454,pose,8.003,10.132,12.944,5.594
1228,42.141,2.501,2.454,bbox,8.003,10.132,12.944,5.64
1229,42.176,2.56,2.454,bbox,8.003,10.174,12.944,5.64
1230,42.21,2.273,2.454,pose,8.003,10.174,12.944,5.693
1231,42.244,2.711,2.501,bbox,8.003,10.174,12.944,5.837
1232,42.279,2.787,2.56,bbox,8.003,10.174,12.944,5.837
1233,42.313,2.365,2.56,pose,8.003,10.174,12.944,5.892
1234,42.347,2.88,2.711,bbox,8.003,10.174,12.944,5.964
1235,42.382,2.949,2.787,bbox,8.003,10.174,12.944,5.964
1236,42.416,2.305,2.787,pose,8.003,10.174,12.944,6.013
1237,42.45,2.949,2.88,bbox,8.003,10.174,12.944,6.084
1238,42.485,2.917,2.917,bbox,8.003,10.174,12.944,6.084
1239,42.519,2.869,2.917,bbox,8.036,10.174,12.944,6.084
1240,42.553,2.81,2.869,bbox,8.036,10.174,12.944,6.084
1241,42.588,2.751,2.869,bbox,8.036,10.174,12.944,6.084
1242,42.622,2.702,2.81,bbox,8.069,10.174,12.944,6.084
1243,42.656,2.601,2.751,bbox,8.069,10.174,12.944,6.084
1244,42.69,2.579,2.702,bbox,8.069,10.174,12.944,6.084
1245,42.725,2.019,2.601,pose,8.069,10.174,12.944,6.084
1246,42.759,2.506,2.579,bbox,8.069,10.174,12.944,6.084
1247,42.793,2.493,2.506,bbox,8.069,10.174,12.944,6.084
1248,42.828,1.996,2.493,pose,8.069,10.174,12.988,6.084
1249,42.862,2.528,2.493,bbox,8.069,10.174,12.988,6.084
1250,42.896,2.559,2.506,bbox,8.069,10.174,12.988,6.084
1251,42.931,2.519,2.519,bbox,8.069,10.174,12.988,6.084
1252,42.965,2.552,2.528,bbox,8.069,10.174,12.988,6.084
1253,42.999,2.428,2.528,bbox,8.12,10.174,12.988,6.084
1254,43.034,2.331,2.519,bbox,8.12,10.174,13.059,6.084
1255,43.068,2.244,2.428,bbox,8.168,10.174,13.099,6.084
1256,43.102,2.305,2.331,bbox,8.225,10.174,13.171,6.084
1257,43.137,2.29,2.305,bbox,8.225,10.174,13.21,6.084
1258,43.171,2.273,2.29,bbox,8.225,10.174,13.246,6.084
1259,43.205,2.221,2.273,bbox,8.225,10.174,13.246,6.084
1260,43.24,2.135,2.273,bbox,8.225,10.174,13.279,6.084
1261,43.274,1.934,2.221,bbox,8.225,10.174,13.315,6.084
1262,43.308,1.642,2.135,bbox,8.225,10.174,13.384,6.084
1263,43.342,1.559,1.934,bbox,8.225,10.174,13.508,6.084
1264,43.377,1.5,1.642,bbox,8.225,10.174,13.63,6.084
1265,43.411,1.7,1.642,bbox,8.225,10.174,13.689,6.084
1266,43.445,1.793,1.642,bbox,8.225,10.217,13.689,6.084
1267,43.48,1.901,1.7,bbox,8.225,10.253,13.689,6.084
1268,43.514,1.747,1.747,bbox,8.225,10.299,13.689,6.084
1269,43.548,1.731,1.747,bbox,8.225,10.378,13.689,6.084
1270,43.583,1.882,1.793,bbox,8.225,10.378,13.689,6.084
1271,43.617,1.904,1.882,bbox,8.225,10.378,13.689,6.084
1272,43.651,1.886,1.882,pose,8.225,10.378,13.726,6.084
1273,43.686,1.993,1.886,bbox,8.225,10.378,13.726,6.12
1274,43.72,2.031,1.904,bbox,8.225,10.439,13.726,6.12
1275,43.754,1.961,1.961,pose,8.225,10.439,13.726,6.12
1276,43.789,2.085,1.993,bbox,8.225,10.439,13.726,6.157
1277,43.823,2.182,2.031,bbox,8.225,10.499,13.726,6.157
1278,43.857,2.221,2.085,bbox,8.225,10.499,13.726,6.157
1279,43.892,2.256,2.182,bbox,8.225,10.57,13.726,6.157
1280,43.926,2.236,2.221,bbox,8.225,10.601,13.726,6.157
1281,43.96,2.297,2.236,bbox,8.225,10.636,13.726,6.157
1282,43.995,2.303,2.256,bbox,8.225,10.636,13.726,6.157
1283,44.029,2.307,2.297,bbox,8.225,10.671,13.726,6.157
1284,44.063,2.326,2.303,bbox,8.225,10.671,13.726,6.157
1285,44.097,2.359,2.307,bbox,8.225,10.701,13.726,6.157
1286,44.132,2.349,2.326,bbox,8.225,10.701,13.726,6.157
1287,44.166,2.521,2.349,bbox,8.225,10.701,13.726,6.157
1288,44.2,2.448,2.359,bbox,8.225,10.701,13.726,6.201
1289,44.235,2.503,2.448,bbox,8.225,10.701,13.726,6.257
1290,44.269,2.557,2.503,bbox,8.225,10.701,13.726,6.257
1291,44.303,2.619,2.521,bbox,8.225,10.701,13.726,6.302
1292,44.338,2.659,2.557,bbox,8.225,10.701,13.726,6.378
1293,44.372,2.686,2.619,bbox,8.225,10.701,13.726,6.378
1294,44.406,2.697,2.659,bbox,8.225,10.701,13.726,6.423
1295,44.441,,,,8.225,10.701,13.726,6.423
1296,44.475,,,,8.225,10.701,13.726,6.423
1297,44.509,,,,8.225,10.701,13.726,6.423
1298,44.544,3.119,2.686,bbox,8.225,10.701,13.726,6.423
1299,44.578,2.433,2.686,pose,8.225,10.701,13.726,6.486
1300,44.612,3.138,2.697,bbox,8.225,10.701,13.726,6.486
1301,44.647,3.104,3.104,bbox,8.225,10.701,13.726,6.486
1302,44.681,3.007,3.104,pose,8.258,10.701,13.726,6.486
1303,44.715,3.128,3.104,bbox,8.289,10.701,13.726,6.486
1304,44.749,3.126,3.126,bbox,8.289,10.701,13.726,6.486
1305,44.784,2.313,3.104,pose,8.326,10.701,13.726,6.486
1306,44.818,3.032,3.032,bbox,8.326,10.701,13.726,6.486
1307,44.852,2.97,3.032,bbox,8.326,10.701,13.726,6.486
1308,44.887,2.907,2.97,bbox,8.459,10.701,13.726,6.486
1309,44.921,2.905,2.907,bbox,8.459,10.701,13.726,6.486
1310,44.955,2.913,2.913,bbox,8.512,10.701,13.726,6.486
1311,44.99,2.236,2.907,pose,8.512,10.701,13.726,6.486
1312,45.024,2.941,2.907,bbox,8.512,10.701,13.726,6.486
1313,45.058,2.943,2.913,bbox,8.512,10.701,13.726,6.486
1314,45.093,2.269,2.913,pose,8.512,10.701,13.726,6.486
1315,45.127,2.997,2.941,bbox,8.512,10.701,13.726,6.486
1316,45.161,2.933,2.941,bbox,8.512,10.701,13.726,6.486
1317,45.196,2.226,2.933,pose,8.512,10.701,13.726,6.486
1318,45.23,2.953,2.933,bbox,8.512,10.701,13.726,6.486
1319,45.264,2.962,2.953,bbox,8.512,10.701,13.726,6.486
1320,45.299,2.236,2.933,pose,8.512,10.701,13.726,6.486
1321,45.333,3.136,2.953,bbox,8.512,10.701,13.726,6.486
1322,45.367,3.172,2.962,bbox,8.512,10.701,13.726,6.486
1323,45.402,2.371,2.962,pose,8.512,10.701,13.726,6.517
1324,45.436,3.184,3.136,bbox,8.512,10.701,13.726,6.551
1325,45.47,3.269,3.172,bbox,8.512,10.701,13.726,6.551
1326,45.504,2.357,3.172,pose,8.512,10.701,13.726,6.551
1327,45.539,3.159,3.159,bbox,8.512,10.701,13.726,6.551
1328,45.573,3.077,3.159,bbox,8.512,10.701,13.726,6.551
1329,45.607,2.299,3.077,pose,8.512,10.701,13.726,6.551
1330,45.642,3.057,3.057,bbox,8.512,10.701,13.726,6.551
1331,45.676,3.045,3.057,bbox,8.512,10.701,13.726,6.551
1332,45.71,2.335,3.045,pose,8.512,10.701,13.726,6.551
1333,45.745,3.122,3.045,bbox,8.512,10.701,13.726,6.551
1334,45.779,3.134,3.057,bbox,8.512,10.701,13.726,6.551
1335,45.813,2.412,3.045,pose,8.512,10.701,13.726,6.551
1336,45.848,3.248,3.122,bbox,8.512,10.701,13.726,6.551
1337,45.882,3.228,3.134,bbox,8.512,10.701,13.726,6.551
1338,45.916,2.412,3.134,pose,8.512,10.701,13.726,6.551
1339,45.951,3.18,3.18,bbox,8.512,10.701,13.726,6.551
1340,45.985,3.164,3.18,bbox,8.512,10.701,13.726,6.551
1341,46.019,2.39,3.164,pose,8.512,10.701,13.726,6.551
1342,46.054,3.119,3.119,bbox,8.512,10.701,13.726,6.551
1343,46.088,3.075,3.119,bbox,8.512,10.701,13.726,6.551
1344,46.122,2.394,3.075,pose,8.512,10.701,13.726,6.551
1345,46.156,3.122,3.075,bbox,8.512,10.701,13.726,6.551
1346,46.191,3.076,3.076,bbox,8.512,10.701,13.726,6.551
1347,46.225,2.384,3.075,pose,8.512,10.701,13.726,6.551
1348,46.259,3.132,3.076,bbox,8.546,10.701,13.726,6.551
1349,46.294,3.165,3.122,bbox,8.546,10.701,13.726,6.583
1350,46.328,2.341,3.076,pose,8.546,10.701,13.726,6.583
1351,46.362,3.139,3.132,bbox,8.546,10.701,13.726,6.583
1352,46.397,3.168,3.139,bbox,8.598,10.701,13.726,6.583
1353,46.431,3.172,3.165,bbox,8.598,10.701,13.726,6.583
1354,46.465,2.99,3.139,bbox,8.64,10.701,13.726,6.583
1355,46.5,2.953,3.139,bbox,8.64,10.701,13.726,6.583
1356,46.534,2.819,2.99,bbox,8.64,10.701,13.765,6.583
1357,46.568,2.719,2.953,bbox,8.674,10.701,13.87,6.583
1358,46.603,2.748,2.819,bbox,8.674,10.701,14.009,6.583
1359,46.637,2.805,2.805,bbox,8.749,10.701,14.044,6.583
1360,46.671,2.917,2.805,bbox,8.749,10.701,14.081,6.583
1361,46.706,2.943,2.805,bbox,8.749,10.701,14.081,6.583
1362,46.74,2.897,2.897,bbox,8.749,10.775,14.081,6.583
1363,46.774,2.87,2.897,bbox,8.749,10.848,14.081,6.583
1364,46.809,2.841,2.897,bbox,8.749,10.902,14.162,6.583
1365,46.843,2.728,2.87,bbox,8.749,10.957,14.218,6.583
1366,46.877,2.345,2.841,bbox,8.749,11.047,14.267,6.583
1367,46.911,2.323,2.728,bbox,8.749,11.047,14.358,6.583
1368,46.946,2.389,2.389,bbox,8.749,11.047,14.491,6.583
1369,46.98,2.495,2.389,bbox,8.749,11.108,14.491,6.583
1370,47.014,2.536,2.389,bbox,8.749,11.108,14.557,6.583
1371,47.049,2.557,2.495,bbox,8.749,11.171,14.557,6.583
1372,47.083,2.628,2.536,bbox,8.749,11.171,14.557,6.583
1373,47.117,2.624,2.557,bbox,8.749,11.171,14.557,6.583
1374,47.152,2.56,2.56,bbox,8.749,11.171,14.557,6.616
1375,47.186,2.484,2.56,bbox,8.749,11.171,14.557,6.616
1376,47.22,2.359,2.56,bbox,8.806,11.171,14.557,6.616
1377,47.255,,,,8.806,11.171,14.557,6.616
1378,47.289,2.41,2.484,bbox,8.862,11.171,14.557,6.616
1379,47.323,2.159,2.41,bbox,8.992,11.171,14.557,6.616
1380,47.358,2.181,2.359,bbox,8.992,11.171,14.557,6.616
1381,47.392,2.07,2.181,bbox,8.992,11.171,14.557,6.616
1382,47.426,2.101,2.159,bbox,8.992,11.171,14.557,6.718
1383,47.461,2.157,2.157,bbox,9.114,11.171,14.557,6.718
1384,47.495,2.069,2.101,bbox,9.191,11.171,14.557,6.78
1385,47.529,1.936,2.07,bbox,9.223,11.171,14.557,6.844
1386,47.563,1.94,2.069,bbox,9.223,11.171,14.557,6.9
1387,47.598,1.902,1.94,bbox,9.339,11.171,14.557,7.017
1388,47.632,1.814,1.936,bbox,9.372,11.171,14.557,7.077
1389,47.666,1.765,1.902,bbox,9.437,11.171,14.557,7.077
1390,47.701,1.768,1.814,bbox,9.579,11.171,14.557,7.169
1391,47.735,1.813,1.813,bbox,9.697,11.171,14.557,7.28
1392,47.769,1.791,1.791,bbox,9.782,11.171,14.557,7.374
1393,47.804,1.823,1.791,bbox,9.855,11.171,14.557,7.487
1394,47.838,1.875,1.813,bbox,9.922,11.171,14.557,7.538
1395,47.872,1.981,1.823,bbox,9.991,11.171,14.557,7.538
1396,47.907,1.822,1.823,bbox,10.042,11.171,14.557,7.678
1397,47.941,1.978,1.875,bbox,10.093,11.171,14.557,7.711
1398,47.975,2.123,1.978,bbox,10.093,11.171,14.557,7.783
1399,48.01,2.187,1.981,bbox,10.093,11.171,14.557,7.841
1400,48.044,2.385,2.123,bbox,10.093,11.171,14.557,7.88
1401,48.078,2.436,2.187,bbox,10.093,11.171,14.557,7.994
1402,48.113,2.568,2.385,bbox,10.093,11.283,14.557,7.994
1403,48.147,2.646,2.436,bbox,10.093,11.283,14.557,8.081
1404,48.181,2.727,2.568,bbox,10.093,11.283,14.557,8.127
1405,48.216,2.856,2.646,bbox,10.093,11.283,14.557,8.228
1406,48.25,2.948,2.727,bbox,10.093,11.283,14.557,8.279
1407,48.284,3.024,2.856,bbox,10.093,11.283,14.557,8.363
1408,48.318,3.07,2.948,bbox,10.093,11.339,14.557,8.485
1409,48.353,3.251,3.024,bbox,10.093,11.339,14.557,8.627
1410,48.387,3.33,3.07,bbox,10.093,11.391,14.557,8.627
1411,48.421,,,,10.093,11.391,14.557,8.627
1412,48.456,,,,10.093,11.391,14.557,8.627
1413,48.49,,,,10.093,11.391,14.557,8.627
1414,48.524,,,,10.093,11.391,14.557,8.627
1415,48.559,3.362,3.251,bbox,10.093,11.391,14.557,8.627
1416,48.593,3.436,3.33,bbox,10.093,11.391,14.557,8.627
1417,48.627,3.456,3.362,bbox,10.093,11.391,14.557,8.714
1418,48.662,3.538,3.436,bbox,10.093,11.391,14.557,8.794
1419,48.696,3.614,3.456,bbox,10.093,11.391,14.557,8.839
1420,48.73,3.782,3.538,bbox,10.093,11.429,14.557,8.915
1421,48.765,3.998,3.614,bbox,10.093,11.46,14.557,8.99
1422,48.799,3.828,3.782,bbox,10.093,11.46,14.557,9.076
1423,48.833,3.887,3.828,bbox,10.093,11.46,14.557,9.129
1424,48.868,,,,10.093,11.46,14.557,9.129
1425,48.902,,,,10.093,11.46,14.557,9.129
1426,48.936,,,,10.093,11.46,14.557,9.129
1427,48.97,,,,10.093,11.46,14.557,9.129
1428,49.005,,,,10.093,11.46,14.557,9.129
1429,49.039,,,,10.093,11.46,14.557,9.129
1430,49.073,3.157,3.828,bbox,10.093,11.46,14.557,9.129
1431,49.108,2.381,3.828,pose,10.093,11.46,14.557,9.129
1432,49.142,3.129,3.157,bbox,10.093,11.46,14.557,9.129
1433,49.176,3.142,3.142,bbox,10.093,11.46,14.557,9.129
1434,49.211,2.374,3.129,pose,10.093,11.46,14.557,9.129
1435,49.245,3.131,3.129,bbox,10.093,11.46,14.557,9.129
1436,49.279,3.063,3.129,bbox,10.093,11.46,14.557,9.129
1437,49.314,2.337,3.063,pose,10.093,11.46,14.557,9.129
1438,49.348,3.028,3.028,bbox,10.093,11.46,14.557,9.129
1439,49.382,3.06,3.06,bbox,10.093,11.46,14.557,9.129
1440,49.417,2.339,3.028,pose,10.093,11.46,14.557,9.129
1441,49.451,3.057,3.028,bbox,10.093,11.46,14.557,9.129
1442,49.485,3.07,3.057,bbox,10.093,11.46,14.557,9.129
1443,49.52,2.381,3.057,pose,10.093,11.46,14.557,9.129
1444,49.554,3.143,3.057,bbox,10.093,11.46,14.557,9.129
1445,49.588,3.154,3.07,bbox,10.093,11.46,14.557,9.129
1446,49.623,2.409,3.07,pose,10.093,11.46,14.557,9.129
1447,49.657,3.173,3.143,bbox,10.093,11.46,14.557,9.129
1448,49.691,3.15,3.15,bbox,10.093,11.46,14.557,9.129
1449,49.725,2.39,3.15,pose,10.093,11.46,14.557,9.129
1450,49.76,3.114,3.114,bbox,10.093,11.46,14.557,9.129
1451,49.794,3.099,3.114,bbox,10.093,11.46,14.557,9.129
1452,49.828,2.38,3.099,pose,10.093,11.46,14.557,9.129
1453,49.863,3.11,3.099,bbox,10.093,11.46,14.557,9.129
1454,49.897,3.103,3.103,bbox,10.093,11.46,14.557,9.129
1455,49.931,2.451,3.099,pose,10.093,11.46,14.557,9.129
1456,49.966,3.088,3.088,bbox,10.125,11.46,14.557,9.129
1457,50.0,3.069,3.088,bbox,10.125,11.46,14.557,9.129
1458,50.034,2.426,3.069,pose,10.125,11.46,14.557,9.129
1459,50.069,2.987,2.987,bbox,10.168,11.46,14.557,9.129
1460,50.103,2.963,2.987,bbox,10.168,11.46,14.557,9.129
1461,50.137,2.363,2.963,pose,10.168,11.46,14.557,9.129
1462,50.172,2.934,2.934,bbox,10.2,11.46,14.557,9.129
1463,50.206,2.93,2.934,bbox,10.2,11.46,14.557,9.129
1464,50.24,2.358,2.93,pose,10.2,11.46,14.557,9.129
1465,50.275,2.963,2.93,bbox,10.2,11.46,14.557,9.129
1466,50.309,2.983,2.934,bbox,10.2,11.46,14.557,9.129
1467,50.343,2.482,2.93,pose,10.2,11.46,14.557,9.129
1468,50.377,3.073,2.963,bbox,10.2,11.492,14.557,9.129
1469,50.412,3.08,2.983,bbox,10.2,11.492,14.557,9.129
1470,50.446,2.381,2.983,pose,10.2,11.492,14.557,9.129
1471,50.48,3.055,3.055,bbox,10.2,11.535,14.557,9.129
1472,50.515,3.045,3.055,bbox,10.2,11.535,14.557,9.129
1473,50.549,4.728,3.055,pose,10.2,11.535,14.557,9.129
1474,50.583,3.071,3.055,bbox,10.2,11.581,14.557,9.129
1475,50.618,3.084,3.071,bbox,10.2,11.581,14.557,9.129
1476,50.652,2.358,3.071,pose,10.2,11.581,14.557,9.129
1477,50.686,3.177,3.084,bbox,10.2,11.581,14.557,9.129
1478,50.721,3.221,3.084,bbox,10.2,11.581,14.557,9.129
1479,50.755,2.396,3.084,pose,10.2,11.581,14.557,9.129
1480,50.789,3.252,3.177,bbox,10.2,11.581,14.557,9.129
1481,50.824,3.233,3.221,bbox,10.2,11.581,14.557,9.129
1482,50.858,3.195,3.221,bbox,10.2,11.581,14.557,9.129
1483,50.892,3.156,3.195,bbox,10.2,11.581,14.557,9.129
1484,50.927,3.09,3.195,bbox,10.2,11.581,14.557,9.129
1485,50.961,2.267,3.156,pose,10.2,11.581,14.557,9.129
1486,50.995,3.022,3.09,bbox,10.2,11.581,14.598,9.129
1487,51.03,2.978,3.022,bbox,10.2,11.581,14.598,9.129
1488,51.064,2.297,2.978,pose,10.2,11.581,14.598,9.129
1489,51.098,2.991,2.978,bbox,10.2,11.581,14.598,9.129
1490,51.132,3.037,2.991,bbox,10.2,11.581,14.598,9.129
1491,51.167,2.344,2.978,pose,10.2,11.581,14.598,9.129
1492,51.201,3.087,2.991,bbox,10.2,11.581,14.598,9.129
1493,51.235,3.069,3.037,bbox,10.2,11.581,14.598,9.129
1494,51.27,2.337,3.037,pose,10.2,11.581,14.598,9.129
1495,51.304,3.033,3.033,bbox,10.2,11.581,14.598,9.129
1496,51.338,3.019,3.033,bbox,10.2,11.581,14.598,9.129
1497,51.373,2.316,3.019,pose,10.2,11.581,14.598,9.129
1498,51.407,3.051,3.019,bbox,10.2,11.581,14.598,9.129
1499,51.441,3.079,3.033,bbox,10.2,11.581,14.598,9.129
1500,51.476,3.091,3.051,bbox,10.2,11.581,14.598,9.129
1501,51.51,3.113,3.079,bbox,10.2,11.581,14.598,9.129
1502,51.544,3.137,3.091,bbox,10.2,11.581,14.598,9.129
1503,51.579,2.381,3.091,pose,10.2,11.581,14.598,9.129
1504,51.613,3.196,3.113,bbox,10.2,11.581,14.598,9.129
1505,51.647,3.189,3.137,bbox,10.2,11.581,14.598,9.129
1506,51.682,4.586,3.189,pose,10.2,11.581,14.598,9.129
1507,51.716,3.122,3.189,bbox,10.2,11.581,14.598,9.129
1508,51.75,3.083,3.189,bbox,10.2,11.581,14.598,9.129
1509,51.784,2.305,3.122,pose,10.2,11.581,14.598,9.129
1510,51.819,3.097,3.097,bbox,10.2,11.581,14.598,9.129
1511,51.853,3.098,3.097,bbox,10.2,11.581,14.598,9.129
1512,51.887,2.352,3.083,pose,10.2,11.581,14.598,9.129
1513,51.922,3.11,3.097,bbox,10.2,11.581,14.598,9.129
1514,51.956,3.138,3.098,bbox,10.2,11.581,14.598,9.129
1515,51.99,2.355,3.098,pose,10.2,11.581,14.598,9.129
1516,52.025,3.141,3.11,bbox,10.2,11.581,14.598,9.129
1517,52.059,3.153,3.138,bbox,10.2,11.581,14.598,9.129
1518,52.093,2.367,3.138,pose,10.2,11.581,14.598,9.129
1519,52.128,3.123,3.123,bbox,10.2,11.581,14.598,9.129
1520,52.162,3.113,3.123,bbox,10.2,11.581,14.598,9.129
1521,52.196,2.374,3.113,pose,10.2,11.581,14.598,9.129
1522,52.231,3.15,3.113,bbox,10.2,11.581,14.598,9.129
1523,52.265,3.183,3.123,bbox,10.2,11.581,14.598,9.129
1524,52.299,2.455,3.113,pose,10.2,11.581,14.598,9.129
1525,52.334,3.284,3.15,bbox,10.2,11.581,14.598,9.129
1526,52.368,3.251,3.183,bbox,10.2,11.581,14.598,9.129
1527,52.402,2.32,3.183,pose,10.2,11.581,14.598,9.129
1528,52.437,3.197,3.197,bbox,10.2,11.581,14.633,9.129
1529,52.471,3.117,3.197,bbox,10.2,11.581,14.694,9.129
1530,52.505,2.025,3.117,pose,10.2,11.581,14.694,9.129
1531,52.539,2.927,2.927,bbox,10.2,11.581,14.739,9.129
1532,52.574,2.858,2.927,bbox,10.2,11.581,14.833,9.129
1533,52.608,2.245,2.858,pose,10.2,11.581,14.939,9.129
1534,52.642,2.884,2.858,bbox,10.2,11.619,14.989,9.129
1535,52.677,2.856,2.858,bbox,10.2,11.619,15.032,9.129
1536,52.711,1.873,2.856,pose,10.2,11.619,15.032,9.129
1537,52.745,2.864,2.856,bbox,10.2,11.619,15.032,9.129
1538,52.78,2.833,2.856,bbox,10.2,11.619,15.07,9.129
1539,52.814,2.845,2.845,bbox,10.2,11.619,15.136,9.129
1540,52.848,2.84,2.84,bbox,10.2,11.619,15.136,9.129
1541,52.883,2.907,2.845,bbox,10.2,11.619,15.136,9.129
1542,52.917,2.864,2.845,bbox,10.2,11.619,15.178,9.129
1543,52.951,2.874,2.864,bbox,10.2,11.75,15.178,9.129
1544,52.986,2.851,2.864,bbox,10.2,11.75,15.223,9.129
1545,53.02,2.377,2.864,pose,10.2,11.75,15.223,9.129
1546,53.054,2.832,2.851,bbox,10.2,11.791,15.258,9.129
1547,53.089,2.852,2.851,bbox,10.2,11.791,15.258,9.129
1548,53.123,2.351,2.832,pose,10.2,11.828,15.258,9.129
1549,53.157,2.967,2.832,bbox,10.2,11.828,15.258,9.129
1550,53.191,3.167,2.852,bbox,10.2,11.828,15.258,9.129
1551,53.226,2.39,2.852,pose,10.2,11.903,15.258,9.233
1552,53.26,3.239,2.967,bbox,10.2,11.903,15.258,9.29
1553,53.294,3.211,3.167,bbox,10.2,11.903,15.315,9.29
1554,53.329,2.36,3.167,pose,10.2,11.903,15.315,9.29
1555,53.363,3.114,3.114,bbox,10.2,11.903,15.315,9.29
1556,53.397,3.078,3.114,bbox,10.2,11.903,15.315,9.29
1557,53.432,2.311,3.078,pose,10.2,11.903,15.346,9.29
1558,53.466,2.931,2.931,bbox,10.2,11.938,15.379,9.29
1559,53.5,2.911,2.931,bbox,10.2,11.938,15.447,9.29
1560,53.535,2.404,2.911,pose,10.2,11.938,15.488,9.29
1561,53.569,2.863,2.863,bbox,10.2,11.938,15.533,9.29
1562,53.603,2.84,2.863,bbox,10.2,11.938,15.58,9.29
1563,53.638,2.358,2.84,pose,10.2,11.938,15.635,9.29
1564,53.672,2.82,2.82,bbox,10.2,11.938,15.635,9.29
1565,53.706,2.757,2.82,bbox,10.2,11.938,15.699,9.29
1566,53.741,2.123,2.757,pose,10.2,11.938,15.699,9.29
1567,53.775,2.692,2.692,bbox,10.2,11.938,15.739,9.29
1568,53.809,2.649,2.692,bbox,10.2,11.938,15.739,9.29
1569,53.844,2.255,2.649,pose,10.2,11.938,15.784,9.29
1570,53.878,2.694,2.649,bbox,10.2,11.938,15.83,9.29
1571,53.912,2.438,2.649,bbox,10.2,11.938,15.83,9.29
1572,53.946,1.948,2.438,pose,10.2,11.938,15.92,9.29
1573,53.981,2.395,2.395,bbox,10.2,11.989,16.031,9.29
1574,54.015,2.326,2.395,bbox,10.2,11.989,16.031,9.29
1575,54.049,1.806,2.326,pose,10.2,11.989,16.031,9.29
1576,54.084,2.167,2.167,bbox,10.2,11.989,16.031,9.29
1577,54.118,2.166,2.167,bbox,10.2,11.989,16.148,9.29
1578,54.152,1.591,2.166,pose,10.2,12.028,16.261,9.29
1579,54.187,2.274,2.166,bbox,10.2,12.028,16.302,9.29
1580,54.221,,,,10.2,12.028,16.302,9.29
1581,54.255,2.211,2.167,bbox,10.2,12.158,16.341,9.29
1582,54.29,,,,10.2,12.158,16.341,9.29
1583,54.324,2.19,2.19,bbox,10.2,12.158,16.399,9.29
1584,54.358,2.043,2.19,bbox,10.2,12.234,16.51,9.29
1585,54.393,1.923,2.19,bbox,10.2,12.264,16.642,9.29
1586,54.427,1.847,2.043,bbox,10.2,12.264,16.691,9.29
1587,54.461,1.862,1.923,bbox,10.2,12.264,16.811,9.29
1588,54.496,1.799,1.862,bbox,10.2,12.306,16.811,9.29
1589,54.53,,,,10.2,12.306,16.811,9.29
1590,54.564,,,,10.2,12.306,16.811,9.29
1591,54.598,,,,10.2,12.306,16.811,9.29
1592,54.633,2.069,1.862,bbox,10.2,12.415,16.893,9.29
1593,54.667,,,,10.2,12.415,16.893,9.29
1594,54.701,2.103,1.862,bbox,10.2,12.46,16.98,9.29
1595,54.736,,,,10.2,12.46,16.98,9.29
1596,54.77,,,,10.2,12.46,16.98,9.29
1597,54.804,2.422,2.069,bbox,10.2,12.46,16.98,9.29
1598,54.839,2.38,2.103,bbox,10.2,12.537,17.071,9.29
1599,54.873,2.399,2.38,bbox,10.2,12.537,17.12,9.29
1600,54.907,2.58,2.399,bbox,10.2,12.569,17.194,9.29
1601,54.942,2.689,2.422,bbox,10.2,12.637,17.194,9.29
1602,54.976,2.697,2.58,bbox,10.2,12.637,17.239,9.29
1603,55.01,2.76,2.689,bbox,10.2,12.722,17.281,9.29
1604,55.045,2.768,2.697,bbox,10.2,12.722,17.281,9.29
1605,55.079,2.784,2.76,bbox,10.2,12.777,17.323,9.29
1606,55.113,2.806,2.768,bbox,10.2,12.813,17.323,9.29
1607,55.148,2.876,2.784,bbox,10.2,12.863,17.323,9.29
1608,55.182,2.848,2.806,bbox,10.2,12.923,17.323,9.29
1609,55.216,2.809,2.809,bbox,10.2,12.973,17.323,9.29
1610,55.251,2.797,2.809,bbox,10.2,13.007,17.389,9.29
1611,55.285,3.361,2.848,pose,10.2,13.007,17.494,9.29
1612,55.319,2.779,2.809,bbox,10.2,13.123,17.532,9.29
1613,55.353,2.752,2.797,bbox,10.2,13.269,17.532,9.29
1614,55.388,2.609,2.779,bbox,10.2,13.269,17.579,9.29
1615,55.422,2.582,2.752,bbox,10.2,13.342,17.725,9.29
1616,55.456,2.596,2.609,bbox,10.2,13.376,17.822,9.29
1617,55.491,2.636,2.609,bbox,10.2,13.416,17.883,9.29
1618,55.525,2.572,2.596,bbox,10.2,13.465,17.94,9.29
1619,55.559,2.506,2.582,bbox,10.2,13.503,17.94,9.29
1620,55.594,2.476,2.572,bbox,10.2,13.503,17.94,9.29
1621,55.628,2.411,2.506,bbox,10.2,13.503,18.002,9.29
1622,55.662,2.345,2.476,bbox,10.2,13.503,18.002,9.29
1623,55.697,2.29,2.411,bbox,10.2,13.503,18.122,9.29
1624,55.731,2.205,2.345,bbox,10.234,13.503,18.122,9.29
1625,55.765,2.081,2.29,bbox,10.279,13.503,18.173,9.29
1626,55.8,2.014,2.205,bbox,10.328,13.503,18.3,9.29
1627,55.834,1.937,2.081,bbox,10.379,13.503,18.358,9.29
1628,55.868,1.878,2.014,bbox,10.41,13.503,18.358,9.29
1629,55.903,1.848,1.937,bbox,10.41,13.503,18.453,9.29
1630,55.937,1.802,1.878,bbox,10.41,13.503,18.538,9.29
1631,55.971,1.804,1.848,bbox,10.41,13.503,18.605,9.29
1632,56.005,1.822,1.822,bbox,10.41,13.503,18.698,9.29
1633,56.04,1.841,1.822,bbox,10.41,13.503,18.764,9.29
1634,56.074,1.789,1.804,bbox,10.41,13.558,18.83,9.29
1635,56.108,0.993,1.804,pose,10.41,13.558,18.923,9.29
1636,56.143,1.799,1.799,bbox,10.41,13.676,19.068,9.29
1637,56.177,1.786,1.789,bbox,10.41,13.676,19.068,9.29
1638,56.211,1.767,1.786,bbox,10.41,13.676,19.068,9.29
1639,56.246,1.715,1.767,bbox,10.41,13.676,19.141,9.29
1640,56.28,1.726,1.767,bbox,10.41,13.71,19.141,9.29
1641,56.314,1.73,1.73,bbox,10.41,13.71,19.141,9.325
1642,56.349,1.736,1.73,bbox,10.41,13.71,19.141,9.325
1643,56.383,1.749,1.73,bbox,10.41,13.71,19.141,9.325
1644,56.417,1.779,1.736,bbox,10.41,13.71,19.141,9.325
1645,56.452,1.886,1.749,bbox,10.41,13.746,19.141,9.325
1646,56.486,2.057,1.779,bbox,10.41,13.783,19.141,9.325
1647,56.52,1.836,1.836,pose,10.41,13.823,19.141,9.386
1648,56.555,2.084,1.886,bbox,10.41,13.865,19.141,9.434
1649,56.589,2.118,2.057,bbox,10.41,13.921,19.141,9.434
1650,56.623,1.592,2.057,pose,10.41,13.921,19.141,9.434
1651,56.658,2.091,2.084,bbox,10.41,13.921,19.141,9.434
1652,56.692,2.08,2.084,bbox,10.41,13.921,19.141,9.434
1653,56.726,2.077,2.08,bbox,10.41,13.921,19.141,9.434
1654,56.76,2.096,2.08,bbox,10.41,13.921,19.141,9.434
1655,56.795,2.078,2.08,bbox,10.41,13.921,19.141,9.434
1656,56.829,2.078,2.078,bbox,10.41,13.921,19.141,9.482
1657,56.863,2.068,2.078,bbox,10.41,13.921,19.141,9.482
1658,56.898,2.153,2.078,bbox,10.41,13.921,19.141,9.482
1659,56.932,2.181,2.078,bbox,10.41,13.921,19.141,9.482
1660,56.966,2.205,2.153,bbox,10.41,13.921,19.141,9.482
1661,57.001,2.215,2.181,bbox,10.41,13.921,19.141,9.482
1662,57.035,2.151,2.181,pose,10.41,13.968,19.141,9.482
1663,57.069,2.204,2.204,bbox,10.41,13.968,19.141,9.482
1664,57.104,2.231,2.205,bbox,10.41,13.968,19.141,9.482
1665,57.138,2.259,2.215,bbox,10.41,13.968,19.141,9.482
1666,57.172,2.241,2.231,bbox,10.41,13.968,19.141,9.482
1667,57.207,2.252,2.241,bbox,10.41,13.968,19.141,9.482
1668,57.241,2.255,2.252,bbox,10.41,13.968,19.141,9.482
1669,57.275,2.221,2.252,bbox,10.41,13.968,19.141,9.482
1670,57.31,2.242,2.242,bbox,10.41,13.968,19.141,9.482
1671,57.344,2.225,2.242,bbox,10.41,13.968,19.141,9.482
1672,57.378,2.223,2.225,bbox,10.41,13.968,19.141,9.482
1673,57.412,2.213,2.223,bbox,10.41,13.968,19.141,9.482
1674,57.447,1.8,2.223,pose,10.41,13.968,19.141,9.482
1675,57.481,2.169,2.213,bbox,10.41,13.968,19.141,9.482
1676,57.515,2.131,2.169,bbox,10.41,13.968,19.141,9.482
1677,57.55,1.685,2.131,pose,10.41,13.968,19.141,9.482
1678,57.584,2.282,2.131,bbox,10.41,13.968,19.141,9.482
1679,57.618,2.249,2.169,bbox,10.41,13.968,19.141,9.482
1680,57.653,1.634,2.131,pose,10.41,13.968,19.141,9.482
1681,57.687,2.289,2.249,bbox,10.41,13.968,19.141,9.482
1682,57.721,2.34,2.282,bbox,10.41,13.968,19.141,9.522
1683,57.756,2.153,2.249,pose,10.41,13.968,19.141,9.522
1684,57.79,2.408,2.289,bbox,10.448,13.968,19.141,9.522
1685,57.824,2.398,2.34,bbox,10.479,13.968,19.141,9.522
1686,57.859,2.407,2.398,bbox,10.479,13.968,19.141,9.522
1687,57.893,2.374,2.398,bbox,10.479,13.968,19.141,9.522
1688,57.927,2.356,2.398,bbox,10.479,13.968,19.141,9.522
1689,57.962,2.244,2.374,bbox,10.479,13.968,19.141,9.522
1690,57.996,2.198,2.356,bbox,10.479,13.968,19.187,9.522
1691,58.03,2.101,2.244,bbox,10.528,13.968,19.187,9.522
1692,58.065,2.102,2.198,bbox,10.528,13.968,19.187,9.522
1693,58.099,2.117,2.117,bbox,10.566,13.968,19.227,9.522
1694,58.133,2.062,2.102,bbox,10.566,13.968,19.227,9.522
1695,58.167,2.036,2.101,bbox,10.566,13.968,19.227,9.522
1696,58.202,1.959,2.062,bbox,10.566,13.968,19.227,9.522
1697,58.236,1.941,2.036,bbox,10.566,13.968,19.227,9.522
1698,58.27,1.916,1.959,bbox,10.603,13.968,19.259,9.522
1699,58.305,1.847,1.941,bbox,10.603,13.968,19.259,9.522
1700,58.339,1.814,1.916,bbox,10.603,13.968,19.345,9.522
1701,58.373,1.808,1.847,bbox,10.603,13.968,19.382,9.522
1702,58.408,1.758,1.814,bbox,10.603,13.968,19.421,9.522
1703,58.442,1.624,1.808,bbox,10.603,13.968,19.421,9.522
1704,58.476,1.519,1.758,bbox,10.603,13.968,19.466,9.522
1705,58.511,1.515,1.624,bbox,10.603,13.968,19.564,9.522
1706,58.545,1.487,1.519,bbox,10.603,13.968,19.606,9.522
1707,58.579,1.068,1.515,pose,10.603,13.968,19.644,9.522
1708,58.614,1.407,1.487,bbox,10.603,13.968,19.644,9.522
1709,58.648,1.414,1.414,bbox,10.603,13.968,19.704,9.522
1710,58.682,1.475,1.414,bbox,10.603,13.968,19.704,9.522
1711,58.717,1.461,1.414,bbox,10.603,13.968,19.704,9.522
1712,58.751,1.479,1.461,bbox,10.603,13.968,19.704,9.522
1713,58.785,0.984,1.461,pose,10.603,13.968,19.704,9.522
1714,58.819,1.51,1.475,bbox,10.603,13.968,19.704,9.522
1715,58.854,1.554,1.479,bbox,10.603,13.968,19.704,9.522
1716,58.888,1.01,1.479,pose,10.603,13.968,19.704,9.522
1717,58.922,1.567,1.51,bbox,10.603,13.968,19.704,9.522
1718,58.957,1.551,1.551,bbox,10.603,13.968,19.704,9.522
1719,58.991,1.048,1.551,pose,10.603,13.968,19.704,9.568
1720,59.025,1.555,1.551,bbox,10.603,13.968,19.704,9.568
1721,59.06,1.591,1.555,bbox,10.603,13.968,19.704,9.568
1722,59.094,0.954,1.551,pose,10.603,13.968,19.704,9.568
1723,59.128,1.675,1.555,bbox,10.603,13.968,19.704,9.607
1724,59.163,1.707,1.591,bbox,10.603,13.968,19.704,9.607
1725,59.197,1.104,1.591,pose,10.603,13.968,19.704,9.607
1726,59.231,1.729,1.675,bbox,10.603,13.968,19.704,9.607
1727,59.266,1.722,1.707,bbox,10.603,13.968,19.704,9.607
1728,59.3,1.181,1.707,pose,10.603,13.968,19.704,9.607
1729,59.334,1.702,1.702,bbox,10.603,13.968,19.704,9.607
1730,59.369,1.747,1.722,bbox,10.603,13.968,19.704,9.607
1731,59.403,1.202,1.702,pose,10.603,13.968,19.704,9.607
1732,59.437,1.792,1.702,bbox,10.603,13.968,19.704,9.607
1733,59.472,1.791,1.747,bbox,10.603,13.968,19.704,9.641
1734,59.506,1.255,1.747,pose,10.603,13.968,19.704,9.641
1735,59.54,1.829,1.791,bbox,10.603,13.968,19.704,9.641
1736,59.574,1.821,1.792,bbox,10.603,13.968,19.704,9.641
1737,59.609,1.423,1.791,pose,10.603,13.968,19.704,9.641
1738,59.643,1.809,1.809,bbox,10.603,13.968,19.704,9.641
1739,59.677,1.842,1.821,bbox,10.603,13.968,19.704,9.641
1740,59.712,1.856,1.821,bbox,10.603,13.968,19.704,9.641
1741,59.746,1.886,1.842,bbox,10.603,13.968,19.704,9.641
1742,59.78,1.937,1.856,bbox,10.603,13.968,19.704,9.641
1743,59.815,1.359,1.856,pose,10.603,13.968,19.704,9.641
1744,59.849,1.989,1.886,bbox,10.603,13.968,19.704,9.679
1745,59.883,2.037,1.937,bbox,10.603,13.968,19.704,9.679
1746,59.918,1.676,1.937,pose,10.603,13.968,19.704,9.679
1747,59.952,2.047,1.989,bbox,10.603,13.968,19.704,9.711
1748,59.986,2.042,2.037,bbox,10.603,13.968,19.704,9.711
1749,60.021,2.029,2.037,bbox,10.603,13.968,19.704,9.711
1750,60.055,1.99,2.029,bbox,10.603,13.968,19.704,9.711
1751,60.089,1.979,2.029,bbox,10.603,13.968,19.704,9.711
1752,60.124,1.955,1.99,bbox,10.603,13.968,19.704,9.711
1753,60.158,1.936,1.979,bbox,10.603,13.968,19.704,9.711
1754,60.192,1.953,1.955,bbox,10.603,13.968,19.704,9.711
1755,60.226,1.465,1.953,pose,10.603,13.968,19.704,9.711
1756,60.261,1.953,1.953,bbox,10.603,13.968,19.704,9.711
1757,60.295,1.948,1.948,bbox,10.603,13.968,19.734,9.711
1758,60.329,1.514,1.948,pose,10.603,13.968,19.734,9.711
1759,60.364,1.951,1.948,bbox,10.603,13.968,19.734,9.711
1760,60.398,1.962,1.951,bbox,10.603,13.968,19.734,9.711
1761,60.432,1.574,1.948,pose,10.603,13.968,19.734,9.711
1762,60.467,1.995,1.951,bbox,10.603,13.968,19.734,9.711
1763,60.501,2.033,1.962,bbox,10.603,13.968,19.734,9.711
1764,60.535,1.485,1.962,pose,10.603,13.968,19.734,9.711
1765,60.57,2.028,1.995,bbox,10.603,13.968,19.734,9.711
1766,60.604,2.098,2.028,bbox,10.603,13.968,19.734,9.711
1767,60.638,2.191,2.033,pose,10.603,13.968,19.734,9.711
1768,60.673,2.195,2.098,bbox,10.603,13.968,19.734,9.761
1769,60.707,2.195,2.191,bbox,10.603,13.968,19.734,9.761
1770,60.741,1.6,2.191,pose,10.603,13.968,19.734,9.819
1771,60.776,2.143,2.191,bbox,10.603,13.968,19.734,9.819
1772,60.81,2.103,2.143,bbox,10.65,13.968,19.734,9.819
1773,60.844,1.697,2.103,pose,10.65,13.968,19.734,9.819
1774,60.879,2.108,2.103,bbox,10.706,13.968,19.734,9.819
1775,60.913,2.038,2.103,bbox,10.706,13.968,19.734,9.819
1776,60.947,2.067,2.067,bbox,10.706,13.968,19.734,9.819
1777,60.981,2.001,2.038,bbox,10.706,13.968,19.734,9.819
1778,61.016,1.995,2.038,bbox,10.751,13.968,19.734,9.819
1779,61.05,1.537,2.001,pose,10.751,13.968,19.734,9.819
1780,61.084,2.027,2.001,bbox,10.751,13.968,19.734,9.819
1781,61.119,2.022,2.001,bbox,10.751,13.968,19.734,9.819
1782,61.153,2.038,2.022,bbox,10.751,13.968,19.734,9.819
1783,61.187,2.074,2.027,bbox,10.751,13.968,19.734,9.819
1784,61.222,2.054,2.038,bbox,10.751,13.968,19.734,9.819
1785,61.256,1.485,2.038,pose,10.751,13.968,19.734,9.868
1786,61.29,2.138,2.054,bbox,10.751,13.968,19.734,9.868
1787,61.325,2.182,2.074,bbox,10.751,13.968,19.734,9.868
1788,61.359,2.213,2.138,bbox,10.751,13.968,19.734,9.927
1789,61.393,2.25,2.182,bbox,10.751,13.968,19.734,9.969
1790,61.428,2.261,2.213,bbox,10.751,13.968,19.734,9.969
1791,61.462,1.603,2.213,pose,10.751,13.968,19.734,9.969
1792,61.496,2.235,2.235,bbox,10.751,13.968,19.734,9.969
1793,61.531,2.219,2.235,bbox,10.751,13.968,19.734,9.969
1794,61.565,1.568,2.219,pose,10.751,13.968,19.734,9.969
1795,61.599,2.139,2.139,bbox,10.751,13.968,19.734,9.969
1796,61.633,2.13,2.139,bbox,10.751,13.968,19.734,9.969
1797,61.668,1.554,2.13,pose,10.751,13.968,19.734,9.969
1798,61.702,2.162,2.13,bbox,10.751,13.968,19.734,9.969
1799,61.736,2.141,2.139,bbox,10.751,13.968,19.734,9.969
1800,61.771,1.588,2.13,pose,10.751,13.968,19.734,9.969
1801,61.805,2.14,2.14,bbox,10.751,13.968,19.734,9.969
1802,61.839,2.145,2.141,bbox,10.751,13.968,19.734,9.969
1803,61.874,2.115,2.14,bbox,10.751,13.968,19.734,9.969
1804,61.908,2.063,2.115,bbox,10.751,13.968,19.734,9.969
1805,61.942,2.079,2.115,bbox,10.787,13.968,19.734,9.969
1806,61.977,1.524,2.079,pose,10.828,13.968,19.734,9.969
1807,62.011,2.141,2.079,bbox,10.828,13.968,19.734,9.969
1808,62.045,2.244,2.079,bbox,10.828,13.968,19.734,10.0
1809,62.08,1.703,2.079,pose,10.828,13.968,19.734,10.0
1810,62.114,2.337,2.141,bbox,10.828,13.968,19.734,10.0
1811,62.148,2.363,2.244,bbox,10.828,13.968,19.734,10.038
1812,62.183,2.399,2.337,bbox,10.828,13.968,19.734,10.038
1813,62.217,2.427,2.363,bbox,10.828,13.968,19.734,10.038
1814,62.251,2.413,2.399,bbox,10.828,14.005,19.734,10.038
1815,62.286,1.515,2.399,pose,10.828,14.044,19.734,10.038
1816,62.32,2.348,2.399,bbox,10.828,14.075,19.781,10.038
1817,62.354,2.283,2.348,bbox,10.828,14.075,19.88,10.038
1818,62.388,2.259,2.283,bbox,10.828,14.109,19.924,10.038
1819,62.423,2.264,2.264,bbox,10.828,14.109,19.972,10.038
1820,62.457,2.256,2.264,bbox,10.828,14.109,20.03,10.038
1821,62.491,2.226,2.259,bbox,10.828,14.109,20.03,10.038
1822,62.526,2.101,2.256,bbox,10.828,14.109,20.066,10.038
1823,62.56,2.055,2.226,bbox,10.828,14.109,20.117,10.038
1824,62.594,2.026,2.101,bbox,10.828,14.109,20.17,10.038
1825,62.629,2.073,2.073,bbox,10.828,14.109,20.215,10.038
1826,62.663,2.144,2.073,bbox,10.828,14.109,20.215,10.038
1827,62.697,2.092,2.073,bbox,10.828,14.18,20.248,10.038
1828,62.732,2.076,2.076,bbox,10.828,14.248,20.248,10.038
1829,62.766,1.91,2.076,bbox,10.828,14.248,20.248,10.038
1830,62.8,1.968,2.076,bbox,10.828,14.248,20.248,10.038
1831,62.835,,,,10.828,14.248,20.248,10.038
1832,62.869,,,,10.828,14.248,20.248,10.038
1833,62.903,,,,10.828,14.248,20.248,10.038
1834,62.938,,,,10.828,14.248,20.248,10.038
1835,62.972,,,,10.828,14.248,20.248,10.038
1836,63.006,,,,10.828,14.248,20.248,10.038
1837,63.04,1.698,1.968,bbox,10.828,14.248,20.343,10.038
1838,63.075,1.72,1.91,bbox,10.828,14.248,20.343,10.038
1839,63.109,1.433,1.72,pose,10.828,14.284,20.343,10.038
1840,63.143,1.715,1.715,bbox,10.828,14.284,20.343,10.038
1841,63.178,1.622,1.698,bbox,10.828,14.284,20.379,10.038
1842,63.212,1.52,1.622,bbox,10.828,14.284,20.379,10.038
1843,63.246,1.437,1.52,bbox,10.828,14.284,20.437,10.038
1844,63.281,1.353,1.52,bbox,10.873,14.284,20.437,10.038
1845,63.315,1.246,1.437,bbox,10.873,14.284,20.437,10.038
1846,63.349,1.211,1.353,bbox,10.914,14.284,20.437,10.038
1847,63.384,1.232,1.246,bbox,10.914,14.284,20.437,10.038
1848,63.418,1.305,1.246,bbox,10.914,14.284,20.437,10.038
1849,63.452,1.39,1.246,bbox,10.914,14.284,20.437,10.038
1850,63.487,1.417,1.305,bbox,10.914,14.328,20.437,10.038
1851,63.521,1.031,1.305,pose,10.914,14.328,20.437,10.038
1852,63.555,1.44,1.39,bbox,10.914,14.328,20.437,10.038
1853,63.59,1.282,1.39,bbox,10.914,14.328,20.437,10.038
1854,63.624,1.225,1.282,bbox,10.914,14.328,20.437,10.038
1855,63.658,1.199,1.225,bbox,10.987,14.328,20.437,10.084
1856,63.693,1.253,1.253,bbox,11.109,14.328,20.437,10.117
1857,63.727,1.219,1.225,bbox,11.109,14.328,20.437,10.117
1858,63.761,1.223,1.223,bbox,11.109,14.328,20.437,10.117
1859,63.795,1.257,1.223,bbox,11.109,14.328,20.437,10.117
1860,63.83,1.286,1.253,bbox,11.109,14.328,20.437,10.117
1861,63.864,1.246,1.246,bbox,11.109,14.328,20.437,10.147
1862,63.898,1.295,1.257,bbox,11.109,14.328,20.437,10.217
1863,63.933,1.351,1.286,bbox,11.109,14.328,20.437,10.279
1864,63.967,1.385,1.295,bbox,11.109,14.328,20.437,10.279
1865,64.001,1.383,1.351,bbox,11.109,14.328,20.437,10.347
1866,64.036,1.497,1.383,pose,11.109,14.328,20.437,10.402
1867,64.07,1.455,1.385,bbox,11.109,14.328,20.437,10.432
1868,64.104,1.468,1.455,bbox,11.109,14.328,20.437,10.432
1869,64.139,1.418,1.455,pose,11.109,14.328,20.437,10.488
1870,64.173,1.49,1.468,bbox,11.109,14.328,20.437,10.488
1871,64.207,1.498,1.468,bbox,11.109,14.328,20.437,10.488
1872,64.242,1.208,1.468,pose,11.145,14.328,20.437,10.553
1873,64.276,1.503,1.49,bbox,11.145,14.328,20.437,10.594
1874,64.31,1.508,1.498,bbox,11.145,14.328,20.437,10.594
1875,64.345,1.361,1.498,pose,11.185,14.328,20.437,10.656
1876,64.379,1.549,1.503,bbox,11.185,14.328,20.437,10.705
1877,64.413,1.542,1.508,bbox,11.221,14.328,20.437,10.705
1878,64.447,1.56,1.542,bbox,11.221,14.328,20.437,10.763
1879,64.482,1.6,1.549,bbox,11.221,14.328,20.437,10.763
1880,64.516,1.526,1.549,bbox,11.221,14.328,20.437,10.797
1881,64.55,1.604,1.56,bbox,11.221,14.328,20.437,10.797
1882,64.585,1.62,1.6,bbox,11.264,14.328,20.437,10.797
1883,64.619,1.531,1.6,bbox,11.264,14.328,20.437,10.861
1884,64.653,,,,11.264,14.328,20.437,10.861
1885,64.688,,,,11.264,14.328,20.437,10.861
1886,64.722,,,,11.264,14.328,20.437,10.861
1887,64.756,3.672,1.604,pose,11.264,14.328,20.437,10.861
1888,64.791,3.825,1.62,bbox,11.264,14.328,20.437,10.925
1889,64.825,3.765,3.672,bbox,11.264,14.328,20.437,10.925
1890,64.859,3.514,3.672,pose,11.264,14.328,20.437,10.925
1891,64.894,3.675,3.675,bbox,11.264,14.328,20.437,10.925
1892,64.928,3.62,3.675,bbox,11.264,14.328,20.437,10.925
1893,64.962,3.41,3.62,pose,11.264,14.328,20.437,10.925
1894,64.997,3.518,3.518,bbox,11.264,14.328,20.511,10.925
1895,65.031,3.489,3.518,bbox,11.264,14.328,20.561,10.925
1896,65.065,3.307,3.489,pose,11.264,14.328,20.561,10.925
1897,65.1,3.448,3.448,bbox,11.323,14.328,20.598,10.925
1898,65.134,3.449,3.449,bbox,11.323,14.328,20.598,10.925
1899,65.168,3.262,3.448,pose,11.323,14.328,20.598,10.925
1900,65.202,3.542,3.448,bbox,11.323,14.328,20.598,10.983
1901,65.237,3.557,3.449,bbox,11.323,14.328,20.598,10.983
1902,65.271,3.233,3.449,pose,11.323,14.328,20.598,11.021
1903,65.305,3.527,3.527,bbox,11.323,14.328,20.598,11.021
1904,65.34,3.53,3.53,bbox,11.323,14.328,20.598,11.021
1905,65.374,3.566,3.53,bbox,11.358,14.328,20.598,11.021
1906,65.408,3.502,3.527,bbox,11.358,14.328,20.598,11.021
1907,65.443,3.457,3.527,bbox,11.358,14.328,20.598,11.021
1908,65.477,3.417,3.502,bbox,11.358,14.328,20.598,11.021
1909,65.511,3.366,3.457,bbox,11.393,14.328,20.598,11.021
1910,65.546,3.349,3.417,bbox,11.432,14.328,20.598,11.021
1911,65.58,3.346,3.366,bbox,11.485,14.328,20.598,11.021
1912,65.614,3.325,3.349,bbox,11.517,14.328,20.632,11.021
1913,65.649,3.301,3.346,bbox,11.517,14.328,20.632,11.021
1914,65.683,3.28,3.325,bbox,11.517,14.328,20.632,11.021
1915,65.717,3.295,3.301,bbox,11.517,14.328,20.632,11.021
1916,65.752,3.246,3.295,bbox,11.517,14.328,20.632,11.021
1917,65.786,2.837,3.28,pose,11.517,14.328,20.632,11.021
1918,65.82,3.214,3.246,bbox,11.517,14.328,20.632,11.021
1919,65.854,3.136,3.214,bbox,11.517,14.328,20.632,11.021
1920,65.889,2.549,3.136,pose,11.517,14.328,20.632,11.021
1921,65.923,3.064,3.064,bbox,11.555,14.328,20.666,11.021
1922,65.957,3.027,3.064,bbox,11.555,14.328,20.666,11.021
1923,65.992,2.687,3.027,pose,11.555,14.328,20.666,11.021
1924,66.026,2.945,2.945,bbox,11.555,14.328,20.666,11.021
1925,66.06,2.912,2.945,bbox,11.555,14.328,20.666,11.021
1926,66.095,2.917,2.917,bbox,11.555,14.328,20.666,11.021
1927,66.129,2.943,2.917,bbox,11.555,14.328,20.747,11.021
1928,66.163,2.935,2.935,bbox,11.59,14.328,20.747,11.021
1929,66.198,2.335,2.917,pose,11.59,14.328,20.747,11.021
1930,66.232,2.926,2.926,bbox,11.59,14.328,20.747,11.021
1931,66.266,2.892,2.926,bbox,11.59,14.328,20.747,11.021
1932,66.301,2.39,2.892,pose,11.59,14.328,20.747,11.021
1933,66.335,2.836,2.836,bbox,11.59,14.328,20.747,11.021
1934,66.369,2.792,2.836,bbox,11.59,14.328,20.747,11.021
1935,66.404,2.218,2.792,pose,11.59,14.328,20.747,11.021
1936,66.438,2.752,2.752,bbox,11.59,14.328,20.747,11.021
1937,66.472,2.743,2.752,bbox,11.59,14.328,20.747,11.021
1938,66.507,2.29,2.743,pose,11.59,14.328,20.747,11.021
1939,66.541,2.769,2.743,bbox,11.634,14.328,20.747,11.021
1940,66.575,2.768,2.752,bbox,11.634,14.328,20.747,11.021
1941,66.609,2.315,2.743,pose,11.634,14.328,20.747,11.021
1942,66.644,2.802,2.768,bbox,11.667,14.328,20.747,11.021
1943,66.678,2.794,2.769,bbox,11.667,14.328,20.747,11.021
1944,66.712,2.302,2.768,pose,11.667,14.328,20.747,11.021
1945,66.747,2.786,2.786,bbox,11.667,14.328,20.747,11.021
1946,66.781,2.749,2.786,bbox,11.667,14.328,20.747,11.021
1947,66.815,2.298,2.749,pose,11.667,14.328,20.747,11.021
1948,66.85,2.838,2.749,bbox,11.667,14.328,20.747,11.063
1949,66.884,2.887,2.786,bbox,11.667,14.328,20.747,11.063
1950,66.918,2.424,2.749,pose,11.667,14.328,20.747,11.096
1951,66.953,2.945,2.838,bbox,11.667,14.328,20.747,11.096
1952,66.987,2.94,2.887,bbox,11.667,14.328,20.747,11.096
1953,67.021,2.427,2.887,pose,11.667,14.328,20.747,11.126
1954,67.056,2.942,2.94,bbox,11.667,14.328,20.747,11.126
1955,67.09,2.937,2.94,bbox,11.667,14.328,20.747,11.126
1956,67.124,2.279,2.937,pose,11.667,14.328,20.747,11.126
1957,67.159,2.936,2.936,bbox,11.667,14.328,20.747,11.126
1958,67.193,2.909,2.936,bbox,11.667,14.328,20.747,11.126
1959,67.227,2.183,2.909,pose,11.667,14.328,20.747,11.126
1960,67.261,2.804,2.804,bbox,11.702,14.328,20.747,11.126
1961,67.296,2.78,2.804,bbox,11.736,14.328,20.747,11.126
1962,67.33,2.362,2.78,pose,11.784,14.328,20.747,11.126
1963,67.364,2.797,2.78,bbox,11.829,14.328,20.747,11.126
1964,67.399,2.796,2.796,bbox,11.829,14.328,20.747,11.126
1965,67.433,2.207,2.78,pose,11.829,14.328,20.747,11.126
1966,67.467,2.829,2.796,bbox,11.829,14.328,20.747,11.126
1967,67.502,2.845,2.797,bbox,11.829,14.328,20.747,11.126
1968,67.536,2.192,2.796,pose,11.829,14.359,20.747,11.126
1969,67.57,2.881,2.829,bbox,11.829,14.404,20.747,11.126
1970,67.605,2.91,2.845,bbox,11.829,14.404,20.747,11.126
1971,67.639,2.179,2.845,pose,11.829,14.404,20.747,11.126
1972,67.673,2.958,2.881,bbox,11.829,14.441,20.747,11.126
1973,67.708,2.989,2.91,bbox,11.829,14.441,20.747,11.126
1974,67.742,2.232,2.91,pose,11.829,14.441,20.747,11.126
1975,67.776,3.05,2.958,bbox,11.829,14.441,20.747,11.126
1976,67.811,3.075,2.989,bbox,11.829,14.441,20.747,11.126
1977,67.845,3.086,3.05,bbox,11.829,14.441,20.747,11.126
1978,67.879,3.045,3.05,bbox,11.829,14.441,20.747,11.126
1979,67.914,3.08,3.075,bbox,11.829,14.441,20.747,11.126
1980,67.948,2.317,3.075,pose,11.829,14.441,20.747,11.126
1981,67.982,2.997,3.045,bbox,11.829,14.441,20.747,11.126
1982,68.016,2.929,2.997,bbox,11.829,14.508,20.797,11.126
1983,68.051,2.488,2.929,pose,11.829,14.508,20.797,11.126
1984,68.085,2.797,2.797,bbox,11.829,14.508,20.797,11.126
1985,68.119,2.727,2.797,bbox,11.829,14.508,20.88,11.126
1986,68.154,2.466,2.727,pose,11.829,14.508,20.933,11.126
1987,68.188,2.697,2.697,bbox,11.829,14.508,20.969,11.126
1988,68.222,2.71,2.71,bbox,11.829,14.508,21.015,11.126
1989,68.257,2.373,2.697,pose,11.829,14.508,21.064,11.126
1990,68.291,2.662,2.662,bbox,11.829,14.508,21.064,11.126
1991,68.325,2.676,2.676,bbox,11.829,14.508,21.064,11.126
1992,68.36,2.071,2.662,pose,11.829,14.545,21.142,11.126
1993,68.394,2.729,2.662,bbox,11.829,14.63,21.142,11.126
1994,68.428,2.65,2.662,bbox,11.829,14.63,21.181,11.126
1995,68.463,2.63,2.65,bbox,11.829,14.671,21.285,11.126
1996,68.497,2.683,2.65,bbox,11.829,14.72,21.391,11.126
1997,68.531,2.715,2.683,bbox,11.829,14.756,21.44,11.126
1998,68.566,2.684,2.683,bbox,11.829,14.756,21.44,11.126
1999,68.6,2.779,2.684,bbox,11.829,14.873,21.513,11.126
2000,68.634,2.792,2.715,bbox,11.829,14.873,21.572,11.126
2001,68.668,2.632,2.715,bbox,11.829,14.928,21.606,11.126
2002,68.703,2.537,2.684,bbox,11.829,14.928,21.662,11.126
2003,68.737,2.438,2.632,bbox,11.829,14.928,21.758,11.126
2004,68.771,2.457,2.537,bbox,11.829,14.928,21.901,11.126
2005,68.806,2.447,2.457,bbox,11.829,14.928,21.901,11.126
2006,68.84,2.441,2.447,bbox,11.829,14.988,21.963,11.126
2007,68.874,2.455,2.447,bbox,11.829,15.033,22.032,11.126
2008,68.909,2.459,2.455,bbox,11.829,15.125,22.104,11.126
2009,68.943,2.418,2.447,bbox,11.829,15.245,22.104,11.126
2010,68.977,,,,11.829,15.245,22.104,11.126
2011,69.012,2.318,2.441,bbox,11.829,15.331,22.221,11.126
2012,69.046,2.305,2.418,bbox,11.829,15.389,22.286,11.126
2013,69.08,2.28,2.318,bbox,11.829,15.428,22.332,11.126
2014,69.115,2.304,2.305,bbox,11.829,15.428,22.332,11.126
2015,69.149,2.326,2.305,bbox,11.829,15.428,22.332,11.126
2016,69.183,2.381,2.305,bbox,11.829,15.428,22.366,11.126
2017,69.218,2.395,2.326,bbox,11.829,15.474,22.366,11.126
2018,69.252,2.356,2.356,bbox,11.829,15.528,22.366,11.126
2019,69.286,2.372,2.372,pose,11.829,15.528,22.404,11.126
2020,69.321,2.501,2.381,bbox,11.829,15.528,22.404,11.126
2021,69.355,2.551,2.395,bbox,11.829,15.61,22.438,11.126
2022,69.389,2.701,2.501,bbox,11.829,15.61,22.438,11.126
2023,69.423,2.758,2.551,bbox,11.829,15.648,22.438,11.126
2024,69.458,2.78,2.701,bbox,11.829,15.739,22.438,11.126
2025,69.492,2.815,2.758,bbox,11.829,15.782,22.438,11.126
2026,69.526,2.768,2.768,bbox,11.829,15.818,22.438,11.126
2027,69.561,2.7,2.768,bbox,11.829,15.857,22.438,11.126
2028,69.595,2.676,2.768,bbox,11.829,15.857,22.438,11.126
2029,69.629,2.63,2.7,bbox,11.829,15.857,22.438,11.126
2030,69.664,2.556,2.676,bbox,11.829,15.888,22.472,11.126
2031,69.698,2.553,2.63,bbox,11.829,15.888,22.508,11.126
2032,69.732,2.568,2.568,bbox,11.829,15.888,22.508,11.126
2033,69.767,2.578,2.568,bbox,11.829,15.939,22.551,11.126
2034,69.801,2.167,2.556,pose,11.829,15.998,22.551,11.126
2035,69.835,2.65,2.568,bbox,11.829,16.03,22.551,11.126
2036,69.87,2.654,2.578,bbox,11.829,16.03,22.6,11.126
2037,69.904,2.172,2.578,pose,11.829,16.03,22.6,11.126
2038,69.938,2.717,2.65,bbox,11.829,16.03,22.6,11.126
2039,69.973,2.7,2.654,bbox,11.829,16.03,22.6,11.126
2040,70.007,2.145,2.654,pose,11.829,16.03,22.6,11.126
2041,70.041,2.68,2.68,bbox,11.829,16.03,22.6,11.126
2042,70.075,2.592,2.68,bbox,11.829,16.03,22.6,11.126
2043,70.11,2.523,2.592,bbox,11.829,16.03,22.6,11.126
2044,70.144,2.473,2.523,bbox,11.829,16.03,22.6,11.126
2045,70.178,2.458,2.523,bbox,11.829,16.03,22.6,11.126
2046,70.213,2.405,2.473,bbox,11.863,16.03,22.6,11.126
2047,70.247,2.398,2.458,bbox,11.863,16.03,22.6,11.126
2048,70.281,2.435,2.435,bbox,11.919,16.03,22.6,11.126
2049,70.316,2.422,2.422,bbox,11.919,16.03,22.6,11.126
2050,70.35,2.403,2.405,bbox,11.919,16.03,22.6,11.126
2051,70.384,2.42,2.42,bbox,11.919,16.03,22.6,11.126
2052,70.419,2.407,2.42,bbox,11.952,16.03,22.6,11.126
2053,70.453,2.374,2.407,bbox,11.952,16.03,22.6,11.161
2054,70.487,2.405,2.405,bbox,11.952,16.03,22.6,11.161
2055,70.522,2.427,2.407,bbox,11.995,16.03,22.6,11.161
2056,70.556,2.426,2.407,bbox,11.995,16.03,22.6,11.161
2057,70.59,2.496,2.426,bbox,11.995,16.03,22.6,11.243
2058,70.625,1.923,2.426,pose,11.995,16.03,22.6,11.243
2059,70.659,2.58,2.427,bbox,11.995,16.03,22.6,11.312
2060,70.693,2.647,2.496,bbox,11.995,16.03,22.6,11.312
2061,70.728,2.077,2.496,pose,11.995,16.03,22.6,11.344
2062,70.762,2.709,2.58,bbox,11.995,16.03,22.6,11.413
2063,70.796,2.752,2.647,bbox,11.995,16.03,22.6,11.413
2064,70.83,2.105,2.647,pose,11.995,16.03,22.6,11.413
2065,70.865,2.777,2.709,bbox,11.995,16.03,22.6,11.413
2066,70.899,2.765,2.752,bbox,11.995,16.03,22.6,11.413
2067,70.933,2.718,2.752,bbox,11.995,16.03,22.6,11.413
2068,70.968,2.695,2.718,bbox,11.995,16.03,22.6,11.413
2069,71.002,2.653,2.718,bbox,11.995,16.03,22.6,11.413
2070,71.036,2.086,2.695,pose,11.995,16.03,22.636,11.413
2071,71.071,2.609,2.653,bbox,11.995,16.03,22.681,11.413
2072,71.105,2.596,2.609,bbox,11.995,16.03,22.681,11.413
2073,71.139,2.05,2.596,pose,11.995,16.03,22.681,11.413
2074,71.174,2.605,2.596,bbox,11.995,16.03,22.681,11.413
2075,71.208,2.614,2.605,bbox,11.995,16.03,22.681,11.413
2076,71.242,2.038,2.596,pose,11.995,16.03,22.681,11.413
2077,71.277,2.609,2.605,bbox,11.995,16.03,22.681,11.413
2078,71.311,2.587,2.605,bbox,11.995,16.03,22.681,11.413
2079,71.345,2.005,2.587,pose,11.995,16.03,22.681,11.413
2080,71.38,2.63,2.587,bbox,11.995,16.03,22.681,11.413
2081,71.414,2.662,2.609,bbox,11.995,16.03,22.681,11.475
2082,71.448,2.169,2.587,pose,11.995,16.03,22.681,11.475
2083,71.482,2.824,2.63,bbox,11.995,16.03,22.681,11.475
2084,71.517,2.909,2.662,bbox,11.995,16.03,22.681,11.475
2085,71.551,2.271,2.662,pose,11.995,16.03,22.681,11.543
2086,71.585,3.009,2.824,bbox,11.995,16.03,22.681,11.543
2087,71.62,3.037,2.909,bbox,11.995,16.03,22.681,11.543
2088,71.654,3.009,3.009,bbox,11.995,16.03,22.681,11.543
2089,71.688,2.968,3.009,bbox,11.995,16.03,22.681,11.543
2090,71.723,2.94,3.009,bbox,11.995,16.03,22.681,11.543
2091,71.757,2.878,2.968,bbox,11.995,16.03,22.681,11.543
2092,71.791,2.811,2.94,bbox,11.995,16.03,22.681,11.543
2093,71.826,2.73,2.878,bbox,11.995,16.03,22.681,11.543
2094,71.86,2.16,2.811,pose,12.034,16.03,22.681,11.543
2095,71.894,2.673,2.73,bbox,12.091,16.03,22.681,11.543
2096,71.929,2.67,2.673,bbox,12.091,16.03,22.681,11.543
2097,71.963,2.133,2.67,pose,12.161,16.03,22.681,11.543
2098,71.997,2.659,2.659,bbox,12.161,16.03,22.681,11.543
2099,72.032,2.674,2.67,bbox,12.161,16.03,22.681,11.543
2100,72.066,2.151,2.659,pose,12.161,16.03,22.681,11.543
2101,72.1,2.72,2.659,bbox,12.197,16.03,22.681,11.543
2102,72.135,2.707,2.674,bbox,12.197,16.03,22.681,11.543
2103,72.169,2.115,2.674,pose,12.197,16.03,22.681,11.543
2104,72.203,2.743,2.707,bbox,12.197,16.07,22.681,11.543
2105,72.237,2.812,2.72,bbox,12.197,16.07,22.681,11.579
2106,72.272,2.401,2.707,pose,12.197,16.07,22.681,11.579
2107,72.306,2.963,2.743,bbox,12.197,16.07,22.681,11.631
2108,72.34,3.055,2.812,bbox,12.197,16.112,22.681,11.631
2109,72.375,2.532,2.812,pose,12.197,16.112,22.681,11.631
2110,72.409,3.153,2.963,bbox,12.197,16.112,22.681,11.663
2111,72.443,3.179,3.055,bbox,12.197,16.112,22.681,11.663
2112,72.478,2.554,3.055,pose,12.197,16.112,22.681,11.663
2113,72.512,3.127,3.127,bbox,12.197,16.112,22.681,11.7
2114,72.546,3.066,3.127,bbox,12.197,16.112,22.681,11.7
2115,72.581,2.395,3.066,pose,12.197,16.112,22.713,11.7
2116,72.615,2.809,2.809,bbox,12.197,16.112,22.713,11.7
2117,72.649,2.756,2.809,bbox,12.249,16.112,22.764,11.7
2118,72.684,2.268,2.756,pose,12.249,16.112,22.764,11.7
2119,72.718,2.725,2.725,bbox,12.249,16.112,22.764,11.7
2120,72.752,2.715,2.725,bbox,12.249,16.112,22.764,11.7
2121,72.787,2.119,2.715,pose,12.249,16.112,22.764,11.7
2122,72.821,2.634,2.634,bbox,12.249,16.112,22.764,11.7
2123,72.855,2.61,2.634,bbox,12.249,16.112,22.764,11.7
2124,72.889,1.859,2.61,pose,12.249,16.112,22.831,11.7
2125,72.924,2.586,2.586,bbox,12.3,16.112,22.892,11.7
2126,72.958,2.525,2.586,bbox,12.3,16.112,22.892,11.7
2127,72.992,2.062,2.525,pose,12.3,16.112,22.892,11.7
2128,73.027,2.51,2.51,bbox,12.3,16.193,23.002,11.7
2129,73.061,2.593,2.525,bbox,12.3,16.193,23.051,11.7
2130,73.095,2.511,2.511,bbox,12.3,16.193,23.148,11.7
2131,73.13,2.44,2.51,bbox,12.3,16.252,23.192,11.7
2132,73.164,2.334,2.51,bbox,12.3,16.252,23.326,11.7
2133,73.198,2.217,2.44,bbox,12.3,16.252,23.424,11.7
2134,73.233,2.187,2.334,bbox,12.3,16.252,23.424,11.7
2135,73.267,2.165,2.217,bbox,12.3,16.252,23.512,11.7
2136,73.301,2.191,2.191,bbox,12.3,16.252,23.512,11.7
2137,73.336,2.27,2.191,bbox,12.3,16.252,23.512,11.7
2138,73.37,2.344,2.191,bbox,12.3,16.301,23.562,11.7
2139,73.404,2.36,2.27,bbox,12.3,16.378,23.562,11.7
2140,73.439,2.374,2.344,bbox,12.3,16.453,23.562,11.7
2141,73.473,2.405,2.36,bbox,12.3,16.486,23.562,11.7
2142,73.507,2.507,2.374,bbox,12.3,16.486,23.562,11.7
2143,73.542,2.531,2.405,bbox,12.3,16.486,23.562,11.7
2144,73.576,2.507,2.507,bbox,12.3,16.588,23.562,11.7
2145,73.61,2.489,2.507,bbox,12.3,16.628,23.562,11.7
2146,73.644,2.468,2.507,bbox,12.3,16.628,23.562,11.7
2147,73.679,2.477,2.489,bbox,12.3,16.628,23.562,11.7
2148,73.713,2.493,2.489,bbox,12.3,16.628,23.562,11.7
2149,73.747,2.503,2.489,bbox,12.3,16.628,23.562,11.7
2150,73.782,2.514,2.493,bbox,12.3,16.666,23.562,11.7
2151,73.816,2.521,2.503,bbox,12.3,16.697,23.562,11.7
2152,73.85,2.541,2.514,bbox,12.3,16.732,23.562,11.7
2153,73.885,2.571,2.521,bbox,12.3,16.732,23.562,11.7
2154,73.919,2.181,2.521,pose,12.3,16.732,23.562,11.7
2155,73.953,2.658,2.541,bbox,12.3,16.732,23.562,11.748
2156,73.988,2.639,2.571,bbox,12.3,16.732,23.562,11.748
2157,74.022,2.56,2.571,bbox,12.3,16.732,23.562,11.748
2158,74.056,2.532,2.56,bbox,12.3,16.732,23.562,11.748
2159,74.091,2.479,2.56,bbox,12.3,16.732,23.562,11.748
2160,74.125,2.401,2.532,bbox,12.338,16.732,23.562,11.748
2161,74.159,2.344,2.479,bbox,12.373,16.732,23.623,11.748
2162,74.194,2.314,2.401,bbox,12.433,16.732,23.623,11.748
2163,74.228,1.612,2.344,pose,12.484,16.732,23.623,11.748
2164,74.262,2.308,2.314,bbox,12.527,16.732,23.623,11.748
2165,74.296,2.241,2.308,bbox,12.527,16.732,23.623,11.748
2166,74.331,2.185,2.241,bbox,12.575,16.732,23.623,11.748
2167,74.365,2.156,2.185,bbox,12.647,16.732,23.623,11.748
2168,74.399,2.121,2.185,bbox,12.678,16.732,23.672,11.748
2169,74.434,2.073,2.156,bbox,12.678,16.732,23.71,11.748
2170,74.468,2.113,2.121,bbox,12.678,16.732,23.71,11.748
2171,74.502,2.102,2.113,bbox,12.678,16.732,23.71,11.748
2172,74.537,2.218,2.113,bbox,12.678,16.732,23.71,11.748
2173,74.571,2.26,2.113,bbox,12.678,16.732,23.71,11.748
2174,74.605,2.239,2.218,bbox,12.678,16.847,23.71,11.748
2175,74.64,2.23,2.23,bbox,12.678,16.902,23.71,11.748
2176,74.674,2.281,2.239,bbox,12.678,16.902,23.71,11.748
2177,74.708,2.328,2.26,bbox,12.678,16.902,23.71,11.781
2178,74.743,2.339,2.281,bbox,12.678,16.902,23.71,11.781
2179,74.777,2.337,2.328,bbox,12.678,16.902,23.71,11.781
2180,74.811,2.324,2.328,bbox,12.678,16.902,23.71,11.781
2181,74.846,2.341,2.337,bbox,12.678,16.902,23.71,11.781
2182,74.88,2.384,2.339,bbox,12.678,16.902,23.71,11.781
2183,74.914,2.414,2.341,bbox,12.678,16.902,23.71,11.781
2184,74.949,,,,12.678,16.902,23.71,11.781
2185,74.983,,,,12.678,16.902,23.71,11.781
2186,75.017,,,,12.678,16.902,23.71,11.781
2187,75.051,,,,12.678,16.902,23.71,11.781
2188,75.086,,,,12.678,16.902,23.71,11.781
2189,75.12,2.286,2.341,bbox,12.678,16.968,23.802,11.781
2190,75.154,1.775,2.341,pose,12.678,17.042,23.802,11.781
2191,75.189,2.314,2.314,bbox,12.678,17.042,23.802,11.781
2192,75.223,2.305,2.305,bbox,12.678,17.076,23.802,11.781
2193,75.257,2.288,2.288,bbox,12.678,17.076,23.907,11.781
2194,75.292,2.218,2.288,bbox,12.678,17.076,23.956,11.781
2195,75.326,2.074,2.288,bbox,12.678,17.076,24.058,11.781
2196,75.36,1.429,2.218,pose,12.678,17.076,24.112,11.781
2197,75.395,1.979,2.074,bbox,12.678,17.076,24.162,11.781
2198,75.429,1.978,1.979,bbox,12.678,17.076,24.2,11.781
2199,75.463,1.954,1.978,bbox,12.678,17.076,24.269,11.781
2200,75.498,1.779,1.954,bbox,12.678,17.076,24.269,11.781
2201,75.532,1.751,1.954,bbox,12.678,17.076,24.269,11.781
2202,75.566,1.701,1.779,bbox,12.678,17.076,24.394,11.781
2203,75.601,1.713,1.751,bbox,12.678,17.076,24.394,11.781
2204,75.635,1.579,1.713,bbox,12.678,17.113,24.425,11.781
2205,75.669,1.51,1.701,bbox,12.678,17.113,24.425,11.781
2206,75.704,,,,12.678,17.113,24.425,11.781
2207,75.738,1.667,1.667,bbox,12.678,17.113,24.461,11.781
2208,75.772,1.728,1.667,bbox,12.678,17.113,24.504,11.781
2209,75.806,1.803,1.667,bbox,12.678,17.113,24.623,11.781
2210,75.841,1.819,1.728,bbox,12.678,17.21,24.703,11.781
2211,75.875,1.878,1.803,bbox,12.678,17.269,24.703,11.781
2212,75.909,1.676,1.803,bbox,12.678,17.269,24.783,11.781
2213,75.944,1.668,1.803,bbox,12.678,17.269,24.783,11.781
2214,75.978,1.658,1.676,bbox,12.678,17.269,24.891,11.781
2215,76.012,1.606,1.668,bbox,12.678,17.269,24.945,11.781
2216,76.047,1.594,1.658,bbox,12.678,17.316,24.945,11.781
2217,76.081,1.612,1.612,bbox,12.678,17.316,25.035,11.781
2218,76.115,1.571,1.606,bbox,12.678,17.316,25.086,11.781
2219,76.15,1.655,1.606,bbox,12.678,17.347,25.086,11.781
2220,76.184,1.716,1.612,pose,12.678,17.41,25.086,11.781
2221,76.218,1.739,1.655,bbox,12.678,17.453,25.086,11.781
2222,76.253,1.812,1.716,bbox,12.678,17.453,25.086,11.781
2223,76.287,1.796,1.739,pose,12.678,17.525,25.086,11.781
2224,76.321,1.961,1.796,bbox,12.678,17.525,25.199,11.781
2225,76.356,2.07,1.812,bbox,12.678,17.632,25.199,11.781
2226,76.39,1.777,1.812,pose,12.678,17.632,25.199,11.823
2227,76.424,2.348,1.961,bbox,12.678,17.632,25.199,11.863
2228,76.458,2.399,2.07,bbox,12.678,17.747,25.24,11.863
2229,76.493,2.444,2.348,bbox,12.678,17.821,25.24,11.905
2230,76.527,2.451,2.399,bbox,12.678,17.883,25.24,11.905
2231,76.561,2.442,2.442,bbox,12.678,17.932,25.29,11.905
2232,76.596,1.684,2.442,pose,12.678,17.932,25.29,11.905
2233,76.63,2.459,2.444,bbox,12.678,17.932,25.344,11.905
2234,76.664,2.445,2.445,bbox,12.678,17.932,25.344,11.905
2235,76.699,1.742,2.442,pose,12.678,17.932,25.344,11.905
2236,76.733,2.411,2.411,bbox,12.678,17.932,25.344,11.905
2237,76.767,2.349,2.411,bbox,12.678,17.972,25.344,11.905
2238,76.802,1.873,2.349,pose,12.678,17.972,25.378,11.905
2239,76.836,2.213,2.213,bbox,12.678,17.972,25.424,11.905
2240,76.87,2.183,2.213,bbox,12.678,17.972,25.509,11.905
2241,76.905,1.701,2.183,pose,12.678,17.972,25.509,11.905
2242,76.939,2.166,2.166,bbox,12.678,17.972,25.556,11.905
2243,76.973,2.107,2.166,bbox,12.678,17.972,25.556,11.905
2244,77.008,2.107,2.107,bbox,12.678,17.972,25.592,11.905
2245,77.042,2.086,2.107,bbox,12.678,17.972,25.592,11.905
2246,77.076,2.077,2.107,bbox,12.678,17.972,25.631,11.905
2247,77.111,2.062,2.086,bbox,12.678,17.972,25.631,11.905
2248,77.145,2.084,2.084,bbox,12.678,17.972,25.631,11.905
2249,77.179,2.032,2.077,bbox,12.678,17.972,25.631,11.905
2250,77.213,2.068,2.068,bbox,12.678,17.972,25.631,11.905
2251,77.248,2.072,2.068,bbox,12.678,17.972,25.631,11.905
2252,77.282,2.065,2.068,bbox,12.678,17.972,25.631,11.905
2253,77.316,2.109,2.068,bbox,12.678,17.972,25.631,11.905
2254,77.351,2.106,2.072,bbox,12.678,17.972,25.631,11.905
2255,77.385,2.104,2.104,bbox,12.678,17.972,25.631,11.905
2256,77.419,2.088,2.104,bbox,12.678,17.972,25.631,11.935
2257,77.454,2.117,2.106,bbox,12.678,17.972,25.631,11.935
2258,77.488,2.065,2.104,bbox,12.71,17.972,25.631,11.935
2259,77.522,2.053,2.088,bbox,12.71,17.972,25.631,11.935
2260,77.557,2.009,2.065,bbox,12.748,17.972,25.631,11.968
2261,77.591,1.985,2.053,bbox,12.748,17.972,25.631,11.968
2262,77.625,1.684,2.009,pose,12.748,17.972,25.631,11.968
2263,77.66,1.928,1.985,bbox,12.786,17.972,25.631,11.968
2264,77.694,1.902,1.928,bbox,12.816,17.972,25.631,11.968
2265,77.728,1.852,1.902,bbox,12.849,17.972,25.631,11.968
2266,77.763,1.836,1.852,bbox,12.849,17.972,25.631,11.968
2267,77.797,1.819,1.852,bbox,12.902,17.972,25.631,11.968
2268,77.831,1.818,1.836,bbox,12.902,17.972,25.631,11.968
2269,77.865,1.799,1.819,bbox,12.938,17.972,25.631,11.968
2270,77.9,,,,12.938,17.972,25.631,11.968
2271,77.934,1.722,1.818,bbox,12.986,17.972,25.631,11.968
2272,77.968,1.777,1.799,bbox,13.023,17.972,25.631,11.968
2273,78.003,1.816,1.799,bbox,13.023,17.972,25.631,11.968
2274,78.037,1.902,1.799,bbox,13.023,17.972,25.631,12.013
2275,78.071,,,,13.023,17.972,25.631,12.013
2276,78.106,,,,13.023,17.972,25.631,12.013
2277,78.14,,,,13.023,17.972,25.631,12.013
2278,78.174,,,,13.023,17.972,25.631,12.013
2279,78.209,2.041,1.816,bbox,13.023,17.972,25.631,12.013
2280,78.243,2.046,1.902,bbox,13.023,17.972,25.631,12.013
2281,78.277,2.05,2.041,bbox,13.023,18.002,25.631,12.152
2282,78.312,2.113,2.046,bbox,13.023,18.002,25.631,12.152
2283,78.346,2.063,2.05,bbox,13.023,18.002,25.631,12.152
2284,78.38,2.08,2.063,bbox,13.023,18.073,25.631,12.152
2285,78.415,2.202,2.08,bbox,13.023,18.073,25.631,12.152
2286,78.449,2.128,2.113,bbox,13.023,18.073,25.685,12.152
2287,78.483,,,,13.023,18.073,25.685,12.152
2288,78.518,,,,13.023,18.073,25.685,12.152
2289,78.552,,,,13.023,18.073,25.685,12.152
2290,78.586,,,,13.023,18.073,25.685,12.152
2291,78.62,,,,13.023,18.073,25.685,12.152
2292,78.655,,,,13.023,18.073,25.685,12.152
2293,78.689,,,,13.023,18.073,25.685,12.152
2294,78.723,1.594,2.08,bbox,13.023,18.19,25.722,12.152
2295,78.758,,,,13.023,18.19,25.722,12.152
2296,78.792,1.512,2.08,bbox,13.023,18.19,25.76,12.152
2297,78.826,1.488,1.594,bbox,13.023,18.227,25.76,12.152
2298,78.861,1.495,1.512,bbox,13.023,18.227,25.76,12.152
2299,78.895,1.646,1.512,bbox,13.023,18.227,25.76,12.152
2300,78.929,1.887,1.512,bbox,13.023,18.306,25.76,12.152
2301,78.964,1.912,1.646,bbox,13.023,18.358,25.76,12.152
2302,78.998,1.987,1.887,bbox,13.023,18.358,25.76,12.152
2303,79.032,2.092,1.912,bbox,13.023,18.358,25.76,12.152
2304,79.067,2.19,1.987,bbox,13.023,18.434,25.76,12.152
2305,79.101,2.112,2.092,bbox,13.023,18.434,25.805,12.152
2306,79.135,2.126,2.112,bbox,13.023,18.434,25.805,12.152
2307,79.17,2.169,2.126,bbox,13.023,18.434,25.805,12.152
2308,79.204,2.401,2.169,bbox,13.023,18.434,25.805,12.152
2309,79.238,2.551,2.169,bbox,13.023,18.434,25.805,12.152
2310,79.272,2.593,2.401,bbox,13.023,18.556,25.805,12.185
2311,79.307,2.67,2.551,bbox,13.023,18.669,25.805,12.185
2312,79.341,2.727,2.593,bbox,13.023,18.707,25.805,12.185
2313,79.375,2.732,2.67,bbox,13.023,18.776,25.805,12.185
2314,79.41,2.683,2.683,bbox,13.023,18.839,25.805,12.185
2315,79.444,2.568,2.683,bbox,13.023,18.839,25.805,12.185
2316,79.478,2.455,2.683,bbox,13.023,18.839,25.805,12.185
2317,79.513,2.338,2.568,bbox,13.023,18.839,25.805,12.185
2318,79.547,2.224,2.455,bbox,13.023,18.839,25.875,12.185
2319,79.581,2.142,2.338,bbox,13.023,18.839,25.95,12.185
2320,79.616,2.018,2.224,bbox,13.023,18.839,26.017,12.185
2321,79.65,1.985,2.142,bbox,13.023,18.839,26.017,12.185
2322,79.684,1.902,2.018,bbox,13.023,18.839,26.076,12.185
2323,79.719,1.89,1.985,bbox,13.023,18.839,26.076,12.185
2324,79.753,1.859,1.902,bbox,13.023,18.839,26.121,12.185
2325,79.787,1.822,1.89,bbox,13.023,18.839,26.121,12.185
2326,79.822,1.784,1.859,bbox,13.023,18.839,26.121,12.185
2327,79.856,1.783,1.822,bbox,13.023,18.839,26.158,12.185
2328,79.89,1.805,1.805,bbox,13.023,18.839,26.158,12.185
2329,79.925,1.812,1.805,bbox,13.023,18.839,26.158,12.185
2330,79.959,1.821,1.805,bbox,13.023,18.839,26.158,12.185
2331,79.993,1.83,1.812,bbox,13.023,18.839,26.158,12.185
2332,80.027,1.838,1.821,bbox,13.023,18.839,26.158,12.185
2333,80.062,1.836,1.83,bbox,13.023,18.839,26.158,12.185
2334,80.096,1.647,1.83,pose,13.023,18.839,26.158,12.185
2335,80.13,1.918,1.836,bbox,13.023,18.839,26.158,12.185
2336,80.165,1.927,1.838,bbox,13.023,18.839,26.158,12.223
2337,80.199,1.957,1.918,bbox,13.023,18.839,26.158,12.26
2338,80.233,1.936,1.927,bbox,13.023,18.839,26.158,12.26
2339,80.268,1.937,1.936,bbox,13.023,18.839,26.158,12.26
2340,80.302,1.939,1.937,bbox,13.023,18.839,26.158,12.26
2341,80.336,1.934,1.937,bbox,13.023,18.839,26.158,12.26
2342,80.371,1.918,1.936,bbox,13.056,18.839,26.158,12.26
2343,80.405,1.917,1.934,bbox,13.056,18.839,26.158,12.26
2344,80.439,1.896,1.918,bbox,13.056,18.839,26.158,12.26
2345,80.474,1.809,1.917,bbox,13.056,18.839,26.158,12.26
2346,80.508,1.764,1.896,bbox,13.056,18.839,26.158,12.26
2347,80.542,1.772,1.809,bbox,13.056,18.839,26.198,12.26
2348,80.577,1.826,1.809,bbox,13.056,18.839,26.25,12.26
2349,80.611,1.825,1.809,bbox,13.056,18.839,26.25,12.26
2350,80.645,1.635,1.772,bbox,13.056,18.839,26.25,12.26
2351,80.679,1.537,1.772,bbox,13.056,18.839,26.25,12.26
2352,80.714,1.573,1.635,bbox,13.056,18.839,26.25,12.26
2353,80.748,1.678,1.635,bbox,13.112,18.839,26.25,12.26
2354,80.782,1.786,1.635,bbox,13.112,18.839,26.25,12.26
2355,80.817,1.753,1.678,bbox,13.112,18.839,26.25,12.26
2356,80.851,,,,13.112,18.839,26.25,12.26
2357,80.885,1.929,1.753,bbox,13.112,18.927,26.25,12.26
2358,80.92,1.946,1.786,bbox,13.112,18.927,26.25,12.26
2359,80.954,1.977,1.929,bbox,13.112,18.973,26.25,12.26
2360,80.988,2.01,1.946,bbox,13.112,19.012,26.25,12.26
2361,81.023,2.019,1.977,bbox,13.112,19.149,26.25,12.26
2362,81.057,2.037,2.01,bbox,13.112,19.18,26.25,12.296
2363,81.091,2.08,2.019,bbox,13.112,19.18,26.25,12.296
2364,81.126,2.133,2.037,bbox,13.112,19.212,26.25,12.296
2365,81.16,2.105,2.08,bbox,13.112,19.212,26.25,12.296
2366,81.194,2.088,2.088,bbox,13.112,19.212,26.25,12.296
2367,81.229,2.018,2.088,bbox,13.112,19.212,26.288,12.296
2368,81.263,1.979,2.088,bbox,13.112,19.212,26.288,12.296
2369,81.297,1.925,2.018,bbox,13.112,19.212,26.329,12.296
2370,81.332,1.866,1.979,bbox,13.112,19.212,26.395,12.296
2371,81.366,1.782,1.925,bbox,13.112,19.212,26.45,12.296
2372,81.4,1.791,1.866,bbox,13.112,19.212,26.45,12.296
2373,81.434,1.754,1.791,bbox,13.218,19.212,26.575,12.296
2374,81.469,1.718,1.782,bbox,13.218,19.212,26.614,12.296
2375,81.503,1.694,1.754,bbox,13.218,19.212,26.614,12.296
2376,81.537,1.734,1.734,bbox,13.218,19.212,26.676,12.296
2377,81.572,1.721,1.721,bbox,13.218,19.262,26.676,12.296
2378,81.606,1.697,1.718,bbox,13.218,19.262,26.676,12.296
2379,81.64,1.229,1.697,pose,13.218,19.262,26.676,12.296
2380,81.675,1.611,1.697,bbox,13.218,19.262,26.718,12.296
2381,81.709,1.578,1.611,bbox,13.218,19.262,26.718,12.296
2382,81.743,1.291,1.578,pose,13.218,19.262,26.718,12.296
2383,81.778,1.523,1.523,bbox,13.218,19.262,26.718,12.296
2384,81.812,1.585,1.578,bbox,13.218,19.262,26.718,12.296
2385,81.846,1.263,1.523,pose,13.218,19.262,26.718,12.296
2386,81.881,1.696,1.523,bbox,13.218,19.337,26.718,12.296
2387,81.915,1.576,1.576,bbox,13.218,19.337,26.718,12.296
2388,81.949,1.046,1.576,pose,13.218,19.43,26.751,12.296
2389,81.984,1.565,1.565,bbox,13.218,19.43,26.751,12.296
2390,82.018,1.567,1.567,bbox,13.218,19.43,26.864,12.296
2391,82.052,1.588,1.567,bbox,13.218,19.43,26.864,12.296
2392,82.086,1.599,1.567,bbox,13.218,19.43,26.923,12.296
2393,82.121,1.654,1.588,bbox,13.218,19.43,26.956,12.296
2394,82.155,1.586,1.588,bbox,13.218,19.43,26.956,12.296
2395,82.189,1.576,1.588,bbox,13.218,19.43,26.956,12.296
2396,82.224,,,,13.218,19.43,26.956,12.296
2397,82.258,1.498,1.586,bbox,13.254,19.43,26.956,12.296
2398,82.292,1.465,1.576,bbox,13.254,19.43,27.015,12.296
2399,82.327,1.431,1.498,bbox,13.294,19.43,27.015,12.296
2400,82.361,1.371,1.465,bbox,13.294,19.43,27.015,12.296
2401,82.395,,,,13.294,19.43,27.015,12.296
2402,82.43,,,,13.294,19.43,27.015,12.296
2403,82.464,,,,13.294,19.43,27.015,12.296
2404,82.498,,,,13.294,19.43,27.015,12.296
2405,82.533,1.241,1.431,bbox,13.294,19.43,27.015,12.296
2406,82.567,1.126,1.371,bbox,13.294,19.43,27.015,12.296
2407,82.601,1.071,1.241,bbox,13.294,19.43,27.015,12.337
2408,82.636,1.119,1.126,bbox,13.331,19.43,27.015,12.337
2409,82.67,1.149,1.126,bbox,13.331,19.43,27.015,12.337
2410,82.704,1.148,1.126,bbox,13.331,19.43,27.015,12.337
2411,82.739,1.133,1.133,bbox,13.331,19.43,27.015,12.337
2412,82.773,1.075,1.133,bbox,13.331,19.43,27.015,12.337
2413,82.807,1.042,1.133,bbox,13.331,19.43,27.015,12.337
2414,82.841,0.797,1.075,bbox,13.331,19.43,27.015,12.337
2415,82.876,0.647,1.042,pose,13.331,19.43,27.015,12.337
2416,82.91,0.774,0.797,bbox,13.331,19.43,27.015,12.337
2417,82.944,0.728,0.774,bbox,13.331,19.43,27.015,12.337
2418,82.979,0.678,0.728,bbox,13.384,19.43,27.015,12.337
2419,83.013,0.855,0.728,bbox,13.384,19.43,27.015,12.337
2420,83.047,0.892,0.774,bbox,13.384,19.43,27.015,12.337
2421,83.082,0.878,0.855,bbox,13.384,19.477,27.015,12.337
2422,83.116,0.862,0.862,bbox,13.384,19.477,27.015,12.337
2423,83.15,0.802,0.862,bbox,13.384,19.477,27.015,12.337
2424,83.185,0.7,0.862,bbox,13.384,19.477,27.015,12.337
2425,83.219,0.609,0.802,bbox,13.415,19.477,27.015,12.337
2426,83.253,0.48,0.7,bbox,13.475,19.477,27.091,12.337
2427,83.288,0.461,0.609,bbox,13.475,19.477,27.091,12.337
2428,83.322,0.462,0.48,bbox,13.549,19.477,27.091,12.337
2429,83.356,0.517,0.48,bbox,13.549,19.477,27.091,12.337
2430,83.391,,,,13.549,19.477,27.091,12.337
2431,83.425,0.537,0.48,bbox,13.549,19.477,27.091,12.337
2432,83.459,0.583,0.517,bbox,13.549,19.477,27.091,12.337
2433,83.493,0.573,0.537,bbox,13.549,19.477,27.091,12.337
2434,83.528,0.584,0.573,bbox,13.549,19.477,27.091,12.337
2435,83.562,0.586,0.583,bbox,13.549,19.477,27.091,12.398
2436,83.596,0.593,0.584,bbox,13.549,19.477,27.091,12.398
2437,83.631,0.621,0.586,bbox,13.549,19.477,27.091,12.398
2438,83.665,0.606,0.593,bbox,13.549,19.477,27.091,12.398
2439,83.699,0.596,0.596,bbox,13.549,19.477,27.091,12.398
2440,83.734,0.592,0.596,bbox,13.549,19.477,27.091,12.398
2441,83.768,0.593,0.596,bbox,13.549,19.477,27.091,12.398
2442,83.802,0.584,0.593,bbox,13.549,19.477,27.091,12.398
2443,83.837,0.581,0.592,bbox,13.549,19.477,27.091,12.398
2444,83.871,0.58,0.584,bbox,13.549,19.477,27.091,12.398
2445,83.905,0.597,0.584,bbox,13.549,19.477,27.091,12.398
2446,83.94,0.585,0.584,bbox,13.549,19.477,27.091,12.398
2447,83.974,0.585,0.585,bbox,13.549,19.477,27.091,12.398
2448,84.008,0.568,0.585,bbox,13.549,19.477,27.091,12.398
2449,84.043,0.566,0.585,bbox,13.549,19.477,27.091,12.398
2450,84.077,0.574,0.574,bbox,13.549,19.477,27.091,12.398
2451,84.111,0.556,0.568,bbox,13.549,19.477,27.091,12.398
2452,84.146,0.577,0.568,bbox,13.549,19.477,27.091,12.398
2453,84.18,0.597,0.574,bbox,13.549,19.477,27.091,12.398
2454,84.214,0.61,0.577,bbox,13.549,19.477,27.091,12.398
2455,84.248,0.603,0.597,bbox,13.549,19.477,27.091,12.398
2456,84.283,0.605,0.603,bbox,13.549,19.477,27.091,12.398
2457,84.317,0.599,0.603,bbox,13.549,19.477,27.091,12.398
2458,84.351,0.611,0.605,bbox,13.549,19.477,27.091,12.398
2459,84.386,0.648,0.605,bbox,13.549,19.477,27.091,12.398
2460,84.42,0.665,0.611,bbox,13.549,19.477,27.091,12.398
2461,84.454,0.687,0.648,bbox,13.549,19.477,27.091,12.398
2462,84.489,0.7,0.665,bbox,13.549,19.477,27.091,12.433
2463,84.523,0.689,0.687,bbox,13.549,19.477,27.091,12.433
2464,84.557,0.674,0.687,bbox,13.549,19.477,27.091,12.433
2465,84.592,0.771,0.689,bbox,13.549,19.477,27.091,12.48
2466,84.626,0.853,0.7,bbox,13.549,19.477,27.091,12.48
2467,84.66,0.907,0.771,bbox,13.549,19.477,27.091,12.48
2468,84.695,0.954,0.853,bbox,13.549,19.477,27.091,12.538
2469,84.729,1.019,0.907,bbox,13.549,19.477,27.091,12.653
2470,84.763,1.066,0.954,bbox,13.549,19.477,27.091,12.735
2471,84.798,1.076,1.019,bbox,13.549,19.477,27.091,12.78
2472,84.832,1.122,1.066,bbox,13.549,19.477,27.091,12.815
2473,84.866,1.146,1.076,bbox,13.549,19.477,27.091,12.815
2474,84.9,1.208,1.122,bbox,13.549,19.477,27.091,12.912
2475,84.935,1.253,1.146,bbox,13.549,19.477,27.091,12.912
2476,84.969,1.267,1.208,bbox,13.549,19.526,27.091,12.957
2477,85.003,1.308,1.253,bbox,13.549,19.563,27.091,12.957
2478,85.038,1.371,1.267,bbox,13.549,19.563,27.091,12.957
2479,85.072,1.397,1.308,bbox,13.549,19.563,27.091,12.957
2480,85.106,1.384,1.371,bbox,13.549,19.563,27.091,12.957
2481,85.141,1.396,1.384,bbox,13.549,19.595,27.091,12.995
2482,85.175,1.429,1.396,bbox,13.549,19.595,27.091,12.995
2483,85.209,1.414,1.397,bbox,13.549,19.595,27.091,12.995
2484,85.244,1.476,1.414,bbox,13.549,19.595,27.091,12.995
2485,85.278,1.389,1.414,bbox,13.549,19.595,27.091,13.064
2486,85.312,1.38,1.414,bbox,13.549,19.595,27.091,13.064
2487,85.347,1.422,1.414,bbox,13.549,19.595,27.091,13.064
2488,85.381,1.458,1.422,bbox,13.549,19.595,27.091,13.064
2489,85.415,1.489,1.422,bbox,13.549,19.595,27.091,13.064
2490,85.45,1.531,1.458,bbox,13.549,19.595,27.091,13.121
2491,85.484,,,,13.549,19.595,27.091,13.121
2492,85.518,,,,13.549,19.595,27.091,13.121
2493,85.553,,,,13.549,19.595,27.091,13.121
2494,85.587,3.861,1.489,bbox,13.549,19.595,27.091,13.121
2495,85.621,3.809,1.531,bbox,13.549,19.595,27.091,13.121
2496,85.655,3.707,3.707,pose,13.549,19.595,27.091,13.121
2497,85.69,3.812,3.809,bbox,13.585,19.595,27.091,13.121
2498,85.724,3.763,3.809,bbox,13.585,19.595,27.091,13.121
2499,85.758,3.484,3.763,pose,13.585,19.595,27.091,13.121
2500,85.793,3.694,3.707,bbox,13.633,19.595,27.091,13.121
2501,85.827,3.658,3.694,bbox,13.633,19.595,27.091,13.121
2502,85.861,3.143,3.658,pose,13.633,19.595,27.091,13.121
2503,85.896,3.626,3.626,bbox,13.699,19.595,27.122,13.121
2504,85.93,3.662,3.658,bbox,13.699,19.595,27.168,13.121
2505,85.964,3.03,3.626,pose,13.699,19.595,27.168,13.121
2506,85.999,3.693,3.626,bbox,13.699,19.595,27.23,13.121
2507,86.033,3.705,3.662,bbox,13.699,19.595,27.23,13.121
2508,86.067,3.086,3.662,pose,13.699,19.595,27.23,13.121
2509,86.102,3.598,3.598,bbox,13.699,19.595,27.23,13.121
2510,86.136,3.555,3.598,bbox,13.699,19.595,27.23,13.121
2511,86.17,3.455,3.555,bbox,13.754,19.595,27.23,13.121
2512,86.205,3.369,3.455,bbox,13.754,19.595,27.23,13.121
2513,86.239,3.239,3.455,bbox,13.793,19.595,27.27,13.121
2514,86.273,3.213,3.369,bbox,13.829,19.595,27.325,13.121
2515,86.307,3.163,3.239,bbox,13.89,19.595,27.325,13.121
2516,86.342,3.13,3.213,bbox,13.89,19.595,27.325,13.121
2517,86.376,3.14,3.163,bbox,13.89,19.595,27.325,13.121
2518,86.41,3.113,3.14,bbox,13.89,19.595,27.325,13.121
2519,86.445,3.124,3.13,bbox,13.89,19.595,27.325,13.121
2520,86.479,2.867,3.124,pose,13.89,19.595,27.325,13.121
2521,86.513,3.113,3.113,bbox,13.89,19.595,27.325,13.121
2522,86.548,2.981,3.113,bbox,13.89,19.595,27.325,13.121
2523,86.582,2.355,2.981,pose,13.89,19.595,27.325,13.121
2524,86.616,2.935,2.935,bbox,13.951,19.595,27.378,13.121
2525,86.651,2.898,2.935,bbox,14.039,19.595,27.378,13.121
2526,86.685,2.87,2.898,bbox,14.091,19.595,27.378,13.121
2527,86.719,2.894,2.894,bbox,14.143,19.595,27.378,13.121
2528,86.754,2.83,2.894,bbox,14.143,19.595,27.378,13.121
2529,86.788,2.831,2.87,bbox,14.143,19.595,27.378,13.121
2530,86.822,2.862,2.862,bbox,14.181,19.595,27.378,13.121
2531,86.857,2.883,2.862,bbox,14.181,19.595,27.378,13.121
2532,86.891,2.242,2.831,pose,14.181,19.595,27.378,13.121
2533,86.925,2.883,2.862,bbox,14.181,19.595,27.378,13.121
2534,86.96,2.864,2.864,bbox,14.181,19.595,27.378,13.121
2535,86.994,2.267,2.864,pose,14.181,19.595,27.378,13.121
2536,87.028,2.877,2.864,bbox,14.221,19.595,27.378,13.152
2537,87.062,2.901,2.877,bbox,14.221,19.595,27.378,13.197
2538,87.097,2.234,2.864,pose,14.221,19.595,27.378,13.197
2539,87.131,2.929,2.877,bbox,14.256,19.595,27.378,13.251
2540,87.165,3.007,2.901,bbox,14.256,19.595,27.378,13.251
2541,87.2,2.427,2.901,pose,14.256,19.595,27.378,13.251
2542,87.234,3.132,2.929,bbox,14.256,19.595,27.378,13.251
2543,87.268,3.162,3.007,bbox,14.256,19.595,27.378,13.251
2544,87.303,2.515,3.007,pose,14.256,19.595,27.378,13.285
2545,87.337,3.231,3.132,bbox,14.256,19.595,27.378,13.285
2546,87.371,3.239,3.162,bbox,14.256,19.595,27.378,13.285
2547,87.406,2.515,3.162,pose,14.256,19.595,27.378,13.285
2548,87.44,3.262,3.231,bbox,14.256,19.639,27.378,13.285
2549,87.474,3.205,3.231,bbox,14.256,19.639,27.378,13.285
2550,87.509,2.41,3.205,pose,14.256,19.639,27.378,13.285
2551,87.543,3.16,3.16,bbox,14.256,19.639,27.378,13.285
2552,87.577,3.158,3.16,bbox,14.256,19.639,27.378,13.285
2553,87.612,2.459,3.158,pose,14.256,19.639,27.378,13.285
2554,87.646,3.251,3.158,bbox,14.256,19.639,27.378,13.285
2555,87.68,3.259,3.16,bbox,14.256,19.639,27.378,13.285
2556,87.714,2.822,3.158,pose,14.256,19.639,27.378,13.285
2557,87.749,3.414,3.251,bbox,14.256,19.639,27.378,13.285
2558,87.783,3.454,3.259,bbox,14.256,19.639,27.378,13.285
2559,87.817,3.367,3.367,bbox,14.256,19.639,27.378,13.285
2560,87.852,3.356,3.367,bbox,14.256,19.639,27.378,13.285
2561,87.886,3.276,3.367,bbox,14.256,19.639,27.378,13.285
2562,87.92,2.21,3.356,pose,14.256,19.639,27.378,13.285
2563,87.955,3.13,3.276,bbox,14.256,19.639,27.429,13.285
2564,87.989,3.067,3.13,bbox,14.256,19.639,27.533,13.285
2565,88.023,3.145,3.13,bbox,14.256,19.639,27.607,13.285
2566,88.058,3.07,3.07,bbox,14.256,19.639,27.607,13.285
2567,88.092,2.973,3.07,bbox,14.256,19.639,27.694,13.285
2568,88.126,1.802,3.067,pose,14.256,19.639,27.801,13.285
2569,88.161,2.847,2.973,bbox,14.256,19.639,27.903,13.285
2570,88.195,3.02,2.973,bbox,14.256,19.639,27.903,13.285
2571,88.229,2.978,2.973,bbox,14.256,19.639,27.963,13.285
2572,88.264,2.781,2.847,bbox,14.256,19.703,27.963,13.285
2573,88.298,2.776,2.847,bbox,14.256,19.703,28.064,13.285
2574,88.332,2.038,2.781,pose,14.256,19.744,28.179,13.285
2575,88.367,2.863,2.781,bbox,14.256,19.744,28.179,13.285
2576,88.401,2.791,2.781,bbox,14.256,19.842,28.217,13.285
2577,88.435,2.107,2.776,pose,14.256,19.842,28.217,13.285
2578,88.469,2.813,2.791,bbox,14.256,19.842,28.217,13.285
2579,88.504,2.788,2.791,bbox,14.256,19.842,28.258,13.285
2580,88.538,2.761,2.788,bbox,14.256,19.842,28.258,13.285
2581,88.572,2.722,2.761,bbox,14.256,19.842,28.258,13.285
2582,88.607,2.52,2.761,bbox,14.256,19.842,28.297,13.285
2583,88.641,2.353,2.722,bbox,14.256,19.842,28.297,13.285
2584,88.675,2.376,2.52,bbox,14.256,19.842,28.368,13.285
2585,88.71,2.359,2.376,bbox,14.305,19.842,28.44,13.285
2586,88.744,2.271,2.359,bbox,14.372,19.842,28.44,13.285
2587,88.778,2.178,2.353,bbox,14.451,19.842,28.44,13.285
2588,88.813,2.177,2.271,bbox,14.581,19.842,28.44,13.285
2589,88.847,2.335,2.271,bbox,14.672,19.842,28.44,13.316
2590,88.881,2.231,2.231,bbox,14.71,19.842,28.44,13.435
2591,88.916,2.207,2.207,bbox,14.775,19.842,28.44,13.509
2592,88.95,2.271,2.231,bbox,14.896,19.842,28.44,13.62
2593,88.984,2.316,2.271,bbox,14.983,19.842,28.44,13.718
2594,89.019,2.186,2.231,bbox,15.061,19.842,28.44,13.838
2595,89.053,0.222,2.207,pose,15.115,19.842,28.44,13.95
2596,89.087,2.042,2.186,bbox,15.238,19.842,28.44,13.98
2597,89.121,1.962,2.042,bbox,15.238,19.842,28.44,13.98
2598,89.156,1.884,1.962,bbox,15.351,19.842,28.44,14.039
2599,89.19,1.761,1.884,bbox,15.45,19.842,28.44,14.039
2600,89.224,1.812,1.884,bbox,15.45,19.842,28.44,14.039
2601,89.259,1.668,1.812,bbox,15.568,19.842,28.44,14.039
2602,89.293,1.583,1.761,bbox,15.568,19.842,28.44,14.039
2603,89.327,1.575,1.668,bbox,15.715,19.842,28.44,14.039
2604,89.362,1.498,1.583,bbox,15.784,19.842,28.44,14.093
2605,89.396,1.456,1.575,bbox,15.862,19.842,28.44,14.132
2606,89.43,1.364,1.498,bbox,15.932,19.842,28.44,14.164
2607,89.465,0.489,1.456,pose,16.004,19.842,28.44,14.247
2608,89.499,1.343,1.364,bbox,16.041,19.842,28.44,14.289
2609,89.533,1.42,1.364,bbox,16.152,19.842,28.44,14.364
2610,89.568,0.672,1.343,pose,16.152,19.842,28.44,14.44
2611,89.602,1.432,1.343,bbox,16.24,19.842,28.44,14.472
2612,89.636,1.499,1.42,bbox,16.24,19.842,28.44,14.515
2613,89.671,0.975,1.42,pose,16.24,19.872,28.44,14.568
2614,89.705,1.58,1.432,bbox,16.24,19.872,28.44,14.568
2615,89.739,1.625,1.499,bbox,16.24,19.872,28.44,14.628
2616,89.774,1.249,1.499,pose,16.24,19.872,28.44,14.672
2617,89.808,1.637,1.58,bbox,16.24,19.872,28.44,14.672
2618,89.842,1.625,1.625,bbox,16.24,19.872,28.44,14.727
2619,89.876,1.363,1.625,pose,16.24,19.872,28.44,14.727
2620,89.911,1.603,1.603,bbox,16.24,19.872,28.44,14.727
2621,89.945,1.607,1.607,bbox,16.24,19.872,28.44,14.727
2622,89.979,1.391,1.603,pose,16.24,19.872,28.44,14.727
2623,90.014,1.613,1.603,bbox,16.24,19.872,28.44,14.727
2624,90.048,1.644,1.607,bbox,16.24,19.872,28.44,14.727
2625,90.082,1.533,1.607,pose,16.24,19.872,28.44,14.727
2626,90.117,1.689,1.613,bbox,16.24,19.872,28.44,14.727
2627,90.151,1.742,1.644,bbox,16.24,19.872,28.44,14.727
2628,90.185,1.705,1.689,pose,16.24,19.903,28.44,14.77
2629,90.22,1.877,1.705,bbox,16.24,19.96,28.44,14.77
2630,90.254,,,,16.24,19.96,28.44,14.77
2631,90.288,,,,16.24,19.96,28.44,14.77
2632,90.323,,,,16.24,19.96,28.44,14.77
2633,90.357,4.97,1.742,bbox,16.24,19.96,28.44,14.77
2634,90.391,4.931,1.877,bbox,16.24,20.016,28.44,14.845
2635,90.426,4.87,4.87,bbox,16.24,20.016,28.44,14.96
2636,90.46,4.825,4.87,bbox,16.24,20.016,28.44,14.96
2637,90.494,4.8,4.87,bbox,16.24,20.016,28.44,15.029
2638,90.528,4.783,4.825,bbox,16.24,20.016,28.509,15.029
2639,90.563,4.804,4.804,bbox,16.24,20.016,28.509,15.029
2640,90.597,4.782,4.8,bbox,16.24,20.016,28.509,15.029
2641,90.631,4.787,4.787,bbox,16.24,20.016,28.509,15.029
2642,90.666,4.801,4.787,bbox,16.24,20.016,28.509,15.029
2643,90.7,4.758,4.787,bbox,16.24,20.016,28.509,15.029
2644,90.734,4.73,4.782,bbox,16.24,20.016,28.509,15.029
2645,90.769,4.707,4.758,bbox,16.24,20.016,28.509,15.029
2646,90.803,4.703,4.73,bbox,16.24,20.016,28.509,15.029
2647,90.837,4.686,4.707,bbox,16.24,20.016,28.509,15.029
2648,90.872,4.682,4.703,bbox,16.24,20.016,28.509,15.029
2649,90.906,4.661,4.686,bbox,16.24,20.016,28.509,15.029
2650,90.94,4.662,4.682,bbox,16.24,20.016,28.509,15.029
2651,90.975,4.623,4.662,bbox,16.24,20.016,28.509,15.029
2652,91.009,4.621,4.661,bbox,16.24,20.016,28.509,15.029
2653,91.043,4.59,4.623,bbox,16.24,20.016,28.509,15.029
2654,91.078,4.553,4.621,bbox,16.24,20.016,28.509,15.029
2655,91.112,4.176,4.59,pose,16.24,20.016,28.509,15.029
2656,91.146,4.545,4.553,bbox,16.24,20.016,28.509,15.029
2657,91.181,4.522,4.545,bbox,16.24,20.016,28.509,15.029
2658,91.215,4.136,4.522,pose,16.24,20.016,28.509,15.029
2659,91.249,4.493,4.493,bbox,16.24,20.016,28.509,15.029
2660,91.283,4.484,4.493,bbox,16.24,20.016,28.509,15.029
2661,91.318,4.096,4.484,pose,16.24,20.016,28.509,15.029
2662,91.352,4.479,4.479,bbox,16.24,20.016,28.509,15.029
2663,91.386,4.463,4.479,bbox,16.24,20.016,28.509,15.029
2664,91.421,4.117,4.463,pose,16.24,20.016,28.509,15.029
2665,91.455,4.423,4.423,bbox,16.24,20.016,28.509,15.029
2666,91.489,4.424,4.424,bbox,16.276,20.016,28.509,15.029
2667,91.524,4.407,4.423,bbox,16.276,20.016,28.509,15.029
2668,91.558,4.419,4.419,bbox,16.276,20.016,28.509,15.029
2669,91.592,4.378,4.419,bbox,16.276,20.016,28.509,15.029
2670,91.627,4.175,4.407,pose,16.276,20.016,28.509,15.029
2671,91.661,4.306,4.378,bbox,16.276,20.016,28.509,15.029
2672,91.695,4.291,4.306,bbox,16.276,20.016,28.509,15.029
2673,91.73,4.239,4.291,bbox,16.325,20.016,28.509,15.029
2674,91.764,4.234,4.239,bbox,16.325,20.016,28.509,15.029
2675,91.798,4.223,4.239,bbox,16.325,20.016,28.509,15.029
2676,91.833,4.545,4.239,pose,16.325,20.016,28.509,15.029
2677,91.867,4.187,4.234,bbox,16.325,20.016,28.509,15.029
2678,91.901,4.151,4.223,bbox,16.325,20.016,28.509,15.029
2679,91.935,3.515,4.187,pose,16.325,20.016,28.509,15.029
2680,91.97,4.078,4.151,bbox,16.365,20.016,28.509,15.029
2681,92.004,3.993,4.078,bbox,16.365,20.016,28.509,15.029
2682,92.038,3.964,3.993,bbox,16.365,20.016,28.644,15.029
2683,92.073,3.891,3.964,bbox,16.406,20.016,28.718,15.029
2684,92.107,3.974,3.974,bbox,16.406,20.016,28.75,15.029
2685,92.141,3.936,3.964,bbox,16.45,20.016,28.75,15.029
2686,92.176,3.932,3.936,bbox,16.45,20.016,28.75,15.029
2687,92.21,3.913,3.932,bbox,16.45,20.016,28.75,15.029
2688,92.244,3.268,3.932,pose,16.45,20.016,28.75,15.029
2689,92.279,3.887,3.913,bbox,16.45,20.016,28.75,15.029
2690,92.313,3.818,3.887,bbox,16.45,20.016,28.786,15.029
2691,92.347,3.378,3.818,pose,16.45,20.016,28.786,15.029
2692,92.382,3.684,3.684,bbox,16.45,20.016,28.786,15.029
2693,92.416,3.581,3.684,bbox,16.45,20.016,28.842,15.029
2694,92.45,3.471,3.581,bbox,16.537,20.016,28.842,15.029
2695,92.485,3.359,3.471,bbox,16.568,20.016,28.901,15.029
2696,92.519,3.306,3.471,bbox,16.568,20.016,28.901,15.029
2697,92.553,3.294,3.359,bbox,16.614,20.016,28.942,15.029
2698,92.588,3.281,3.306,bbox,16.614,20.016,28.985,15.029
2699,92.622,3.293,3.294,bbox,16.614,20.016,29.024,15.029
2700,92.656,3.134,3.293,pose,16.614,20.016,29.024,15.029
2701,92.69,3.266,3.281,bbox,16.614,20.016,29.024,15.029
2702,92.725,3.26,3.266,bbox,16.614,20.016,29.024,15.029
2703,92.759,3.236,3.26,bbox,16.655,20.016,29.024,15.029
2704,92.793,3.22,3.236,bbox,16.655,20.016,29.024,15.029
2705,92.828,3.189,3.236,bbox,16.655,20.016,29.024,15.029
2706,92.862,2.845,3.22,pose,16.655,20.016,29.024,15.029
2707,92.896,3.177,3.189,bbox,16.655,20.016,29.024,15.029
2708,92.931,3.078,3.177,bbox,16.655,20.016,29.024,15.029
2709,92.965,2.451,3.078,pose,16.696,20.016,29.024,15.029
2710,92.999,3.101,3.078,bbox,16.696,20.016,29.024,15.029
2711,93.034,3.08,3.08,bbox,16.766,20.016,29.024,15.029
2712,93.068,2.404,3.078,pose,16.766,20.016,29.024,15.029
2713,93.102,3.045,3.045,bbox,16.766,20.016,29.024,15.029
2714,93.137,3.01,3.045,bbox,16.766,20.016,29.024,15.029
2715,93.171,2.413,3.01,pose,16.831,20.016,29.024,15.029
2716,93.205,3.001,3.001,bbox,16.831,20.016,29.024,15.029
2717,93.24,2.957,3.001,bbox,16.864,20.016,29.024,15.029
2718,93.274,2.399,2.957,pose,16.864,20.016,29.024,15.029
2719,93.308,2.931,2.931,bbox,16.864,20.016,29.024,15.07
2720,93.342,2.928,2.931,bbox,16.899,20.016,29.024,15.07
2721,93.377,2.388,2.928,pose,16.899,20.016,29.024,15.07
2722,93.411,2.979,2.928,bbox,16.899,20.016,29.024,15.07
2723,93.445,3.038,2.931,bbox,16.899,20.016,29.024,15.07
2724,93.48,2.465,2.928,pose,16.899,20.016,29.024,15.07
2725,93.514,3.142,2.979,bbox,16.899,20.016,29.024,15.07
2726,93.548,3.176,3.038,bbox,16.899,20.016,29.024,15.107
2727,93.583,2.525,3.038,pose,16.899,20.016,29.024,15.107
2728,93.617,3.225,3.142,bbox,16.899,20.016,29.024,15.107
2729,93.651,3.238,3.176,bbox,16.899,20.016,29.024,15.107
2730,93.686,2.529,3.176,pose,16.899,20.016,29.024,15.107
2731,93.72,3.214,3.214,bbox,16.899,20.016,29.024,15.107
2732,93.754,3.206,3.214,bbox,16.899,20.016,29.024,15.107
2733,93.789,2.496,3.206,pose,16.899,20.016,29.024,15.107
2734,93.823,3.203,3.203,bbox,16.899,20.016,29.024,15.107
2735,93.857,3.198,3.203,bbox,16.899,20.016,29.024,15.107
2736,93.892,2.511,3.198,pose,16.899,20.016,29.024,15.107
2737,93.926,3.233,3.198,bbox,16.899,20.016,29.024,15.107
2738,93.96,3.237,3.203,bbox,16.899,20.016,29.024,15.107
2739,93.995,2.552,3.198,pose,16.899,20.016,29.024,15.107
2740,94.029,3.267,3.233,bbox,16.899,20.016,29.024,15.107
2741,94.063,3.281,3.237,bbox,16.899,20.016,29.024,15.107
2742,94.097,2.56,3.237,pose,16.899,20.016,29.024,15.107
2743,94.132,3.288,3.267,bbox,16.899,20.016,29.024,15.107
2744,94.166,3.281,3.281,bbox,16.899,20.016,29.024,15.107
2745,94.2,2.581,3.281,pose,16.899,20.016,29.024,15.107
2746,94.235,3.334,3.281,bbox,16.899,20.016,29.024,15.143
2747,94.269,3.344,3.288,bbox,16.899,20.016,29.024,15.143
2748,94.303,2.669,3.281,pose,16.899,20.016,29.024,15.212
2749,94.338,3.289,3.289,bbox,16.899,20.016,29.024,15.243
2750,94.372,3.21,3.289,bbox,16.899,20.016,29.024,15.279
2751,94.406,2.64,3.21,pose,16.933,20.016,29.024,15.279
2752,94.441,3.132,3.132,bbox,16.964,20.016,29.024,15.321
2753,94.475,3.126,3.132,bbox,17.001,20.016,29.024,15.321
2754,94.509,2.612,3.126,pose,17.001,20.016,29.024,15.321
2755,94.544,3.166,3.126,bbox,17.067,20.016,29.024,15.321
2756,94.578,3.21,3.132,bbox,17.067,20.016,29.024,15.321
2757,94.612,2.418,3.126,pose,17.067,20.016,29.024,15.321
2758,94.647,3.244,3.166,bbox,17.067,20.016,29.024,15.321
2759,94.681,3.203,3.203,bbox,17.067,20.016,29.024,15.367
2760,94.715,2.205,3.203,pose,17.116,20.016,29.024,15.367
2761,94.749,3.039,3.039,bbox,17.116,20.016,29.024,15.403
2762,94.784,3.07,3.07,bbox,17.116,20.016,29.024,15.403
2763,94.818,2.512,3.039,pose,17.233,20.016,29.024,15.403
2764,94.852,2.93,2.93,bbox,17.233,20.016,29.024,15.403
2765,94.887,2.893,2.93,bbox,17.267,20.016,29.024,15.403
2766,94.921,2.091,2.893,pose,17.359,20.016,29.024,15.403
2767,94.955,2.86,2.86,bbox,17.359,20.016,29.024,15.403
2768,94.99,2.842,2.86,bbox,17.402,20.016,29.024,15.403
2769,95.024,2.167,2.842,pose,17.402,20.016,29.024,15.403
2770,95.058,3.008,2.842,bbox,17.448,20.016,29.024,15.403
2771,95.093,3.034,2.86,bbox,17.448,20.016,29.024,15.403
2772,95.127,2.465,2.842,pose,17.448,20.016,29.024,15.466
2773,95.161,3.264,3.008,bbox,17.448,20.047,29.024,15.466
2774,95.196,3.236,3.034,bbox,17.448,20.047,29.024,15.466
2775,95.23,2.527,3.034,pose,17.448,20.047,29.024,15.523
2776,95.264,3.232,3.232,bbox,17.448,20.047,29.024,15.609
2777,95.299,3.244,3.236,bbox,17.448,20.047,29.024,15.609
2778,95.333,2.371,3.232,pose,17.448,20.047,29.024,15.609
2779,95.367,3.25,3.232,bbox,17.448,20.047,29.024,15.609
2780,95.402,3.222,3.232,bbox,17.448,20.047,29.024,15.609
2781,95.436,3.131,3.222,bbox,17.448,20.047,29.024,15.609
2782,95.47,3.051,3.131,bbox,17.448,20.047,29.057,15.609
2783,95.504,3.071,3.131,bbox,17.448,20.047,29.057,15.609
2784,95.539,2.0,3.071,pose,17.448,20.047,29.135,15.609
2785,95.573,2.618,3.051,bbox,17.448,20.047,29.135,15.609
2786,95.607,2.584,2.618,bbox,17.448,20.047,29.135,15.609
2787,95.642,1.926,2.584,pose,17.498,20.047,29.213,15.609
2788,95.676,2.629,2.584,bbox,17.552,20.047,29.213,15.609
2789,95.71,2.781,2.618,bbox,17.552,20.047,29.213,15.609
2790,95.745,2.148,2.584,pose,17.552,20.047,29.27,15.609
2791,95.779,2.616,2.616,bbox,17.552,20.047,29.27,15.609
2792,95.813,2.562,2.616,bbox,17.552,20.047,29.27,15.609
2793,95.848,1.933,2.562,pose,17.552,20.087,29.27,15.609
2794,95.882,2.651,2.562,bbox,17.552,20.087,29.27,15.609
2795,95.916,2.664,2.616,bbox,17.552,20.137,29.27,15.609
2796,95.951,2.755,2.651,bbox,17.552,20.169,29.27,15.609
2797,95.985,2.878,2.664,bbox,17.552,20.169,29.27,15.609
2798,96.019,3.222,2.755,bbox,17.552,20.245,29.27,15.609
2799,96.054,3.01,2.878,bbox,17.552,20.245,29.27,15.655
2800,96.088,2.948,2.948,bbox,17.552,20.245,29.27,15.711
2801,96.122,3.102,3.01,bbox,17.552,20.245,29.27,15.743
2802,96.156,3.09,3.09,bbox,17.552,20.245,29.27,15.817
2803,96.191,3.064,3.064,bbox,17.552,20.245,29.27,15.817
2804,96.225,3.113,3.09,bbox,17.586,20.245,29.27,15.853
2805,96.259,3.285,3.102,bbox,17.586,20.245,29.27,15.853
2806,96.294,3.169,3.113,bbox,17.586,20.245,29.27,15.853
2807,96.328,2.912,3.113,bbox,17.586,20.245,29.27,15.853
2808,96.362,7.412,3.169,pose,17.586,20.245,29.27,15.853
2809,96.397,3.134,3.169,bbox,17.586,20.245,29.27,15.936
2810,96.431,3.266,3.169,bbox,17.586,20.245,29.27,15.97
2811,96.465,2.573,3.134,pose,17.586,20.245,29.27,15.97
2812,96.5,3.214,3.214,bbox,17.586,20.369,29.27,15.97
2813,96.534,3.251,3.214,bbox,17.586,20.369,29.27,15.97
2814,96.568,2.709,3.214,pose,17.586,20.369,29.384,15.97
2815,96.603,3.059,3.059,bbox,17.586,20.369,29.447,15.97
2816,96.637,2.699,3.059,bbox,17.586,20.369,29.555,15.97
2817,96.671,2.787,2.787,bbox,17.586,20.369,29.555,15.97
2818,96.706,2.743,2.743,bbox,17.586,20.369,29.555,15.97
2819,96.74,2.724,2.743,bbox,17.586,20.369,29.665,15.97
2820,96.774,2.553,2.724,bbox,17.586,20.399,29.665,15.97
2821,96.809,2.529,2.724,bbox,17.586,20.399,29.665,15.97
2822,96.843,2.578,2.578,bbox,17.586,20.44,29.804,15.97
2823,96.877,2.702,2.578,bbox,17.586,20.44,29.844,15.97
2824,96.911,2.728,2.578,bbox,17.586,20.497,29.844,15.97
2825,96.946,2.781,2.702,bbox,17.586,20.619,29.882,15.97
2826,96.98,2.653,2.702,bbox,17.586,20.656,29.882,15.97
2827,97.014,2.464,2.702,bbox,17.586,20.688,29.882,15.97
2828,97.049,2.429,2.653,bbox,17.586,20.728,30.007,15.97
2829,97.083,2.403,2.464,bbox,17.586,20.77,30.007,15.97
2830,97.117,2.398,2.429,bbox,17.586,20.855,30.08,15.97
2831,97.152,2.363,2.403,bbox,17.586,20.855,30.159,15.97
2832,97.186,2.153,2.398,pose,17.586,20.897,30.159,15.97
2833,97.22,2.313,2.363,bbox,17.586,20.897,30.203,15.97
2834,97.255,2.366,2.363,bbox,17.586,20.897,30.244,15.97
2835,97.289,2.405,2.363,bbox,17.586,20.939,30.244,15.97
2836,97.323,2.47,2.366,bbox,17.586,21.007,30.311,15.97
2837,97.358,2.509,2.405,bbox,17.586,21.007,30.343,15.97
2838,97.392,,,,17.586,21.007,30.343,15.97
2839,97.426,2.684,2.47,bbox,17.586,21.097,30.343,15.97
2840,97.461,2.7,2.509,bbox,17.586,21.138,30.343,15.97
2841,97.495,2.714,2.684,bbox,17.586,21.264,30.343,15.97
2842,97.529,2.723,2.7,bbox,17.586,21.313,30.343,15.97
2843,97.563,2.728,2.714,bbox,17.586,21.362,30.343,15.97
2844,97.598,2.27,2.714,pose,17.586,21.362,30.343,15.97
2845,97.632,2.671,2.714,bbox,17.586,21.423,30.343,15.97
2846,97.666,2.74,2.723,bbox,17.586,21.553,30.343,15.97
2847,97.701,2.588,2.671,pose,17.586,21.584,30.343,15.97
2848,97.735,2.799,2.671,bbox,17.586,21.633,30.343,15.97
2849,97.769,2.89,2.74,bbox,17.586,21.678,30.343,15.97
2850,97.804,3.026,2.799,bbox,17.586,21.733,30.343,15.97
2851,97.838,3.169,2.89,bbox,17.586,21.733,30.343,16.003
2852,97.872,3.317,3.026,bbox,17.586,21.801,30.343,16.003
2853,97.907,2.89,3.026,pose,17.586,21.883,30.343,16.003
2854,97.941,3.587,3.169,bbox,17.586,21.957,30.343,16.003
2855,97.975,3.637,3.317,bbox,17.586,21.994,30.343,16.003
2856,98.01,3.61,3.587,bbox,17.586,22.09,30.343,16.003
2857,98.044,3.594,3.594,bbox,17.586,22.122,30.343,16.003
2858,98.078,3.568,3.594,bbox,17.586,22.122,30.343,16.003
2859,98.113,3.414,3.594,pose,17.586,22.122,30.427,16.003
2860,98.147,3.434,3.568,bbox,17.586,22.122,30.427,16.003
2861,98.181,3.278,3.434,bbox,17.586,22.197,30.427,16.003
2862,98.216,3.29,3.414,bbox,17.586,22.197,30.493,16.003
2863,98.25,3.21,3.29,bbox,17.586,22.197,30.603,16.003
2864,98.284,2.965,3.278,bbox,17.586,22.197,30.603,16.003
2865,98.318,3.042,3.21,pose,17.586,22.197,30.603,16.003
2866,98.353,2.954,3.042,bbox,17.586,22.197,30.603,16.003
2867,98.387,2.973,2.973,bbox,17.586,22.197,30.603,16.003
2868,98.421,2.926,2.965,pose,17.586,22.197,30.651,16.003
2869,98.456,2.944,2.954,bbox,17.586,22.229,30.685,16.003
2870,98.49,2.878,2.944,bbox,17.586,22.229,30.756,16.003
2871,98.524,2.859,2.926,bbox,17.586,22.229,30.756,16.003
2872,98.559,2.864,2.878,bbox,17.586,22.29,30.876,16.003
2873,98.593,2.802,2.864,bbox,17.586,22.29,30.876,16.003
2874,98.627,2.749,2.859,bbox,17.586,22.355,30.876,16.003
2875,98.662,2.731,2.802,bbox,17.586,22.355,30.876,16.003
2876,98.696,2.747,2.749,bbox,17.586,22.355,30.962,16.003
2877,98.73,2.751,2.749,bbox,17.586,22.355,31.092,16.003
2878,98.765,2.784,2.749,bbox,17.586,22.355,31.092,16.003
2879,98.799,2.774,2.751,bbox,17.586,22.355,31.092,16.003
2880,98.833,1.924,2.751,pose,17.586,22.355,31.139,16.003
2881,98.868,2.675,2.751,bbox,17.586,22.355,31.178,16.003
2882,98.902,2.584,2.675,bbox,17.586,22.355,31.276,16.003
2883,98.936,2.05,2.584,pose,17.586,22.355,31.276,16.003
2884,98.97,2.395,2.395,bbox,17.586,22.355,31.321,16.003
2885,99.005,2.336,2.395,bbox,17.586,22.355,31.401,16.003
2886,99.039,2.125,2.336,pose,17.586,22.355,31.461,16.003
2887,99.073,2.303,2.303,bbox,17.586,22.355,31.461,16.003
2888,99.108,2.31,2.31,bbox,17.586,22.355,31.461,16.003
2889,99.142,2.144,2.303,pose,17.586,22.355,31.51,16.003
2890,99.176,2.373,2.303,bbox,17.586,22.41,31.544,16.003
2891,99.211,2.414,2.31,bbox,17.586,22.41,31.544,16.003
2892,99.245,2.42,2.373,bbox,17.586,22.441,31.544,16.003
2893,99.279,2.47,2.414,bbox,17.586,22.441,31.544,16.003
2894,99.314,2.499,2.42,bbox,17.586,22.441,31.544,16.003
2895,99.348,2.281,2.42,pose,17.586,22.474,31.544,16.003
2896,99.382,2.565,2.47,bbox,17.586,22.474,31.544,16.003
2897,99.417,2.574,2.499,bbox,17.586,22.518,31.544,16.003
2898,99.451,2.615,2.565,bbox,17.586,22.518,31.544,16.003
2899,99.485,2.628,2.574,bbox,17.586,22.518,31.544,16.003
2900,99.52,2.685,2.615,bbox,17.586,22.518,31.544,16.003
2901,99.554,2.791,2.628,bbox,17.586,22.518,31.544,16.037
2902,99.588,2.934,2.685,bbox,17.586,22.554,31.544,16.074
2903,99.623,2.961,2.791,bbox,17.586,22.624,31.544,16.074
2904,99.657,3.032,2.934,bbox,17.586,22.678,31.544,16.109
2905,99.691,3.084,2.961,bbox,17.586,22.708,31.544,16.159
2906,99.725,3.11,3.032,bbox,17.586,22.743,31.544,16.159
2907,99.76,3.15,3.084,bbox,17.586,22.743,31.544,16.159
2908,99.794,3.154,3.11,bbox,17.586,22.775,31.544,16.159
2909,99.828,3.149,3.149,bbox,17.586,22.775,31.544,16.159
2910,99.863,3.185,3.15,bbox,17.586,22.775,31.544,16.159
2911,99.897,3.203,3.154,bbox,17.586,22.81,31.544,16.159
2912,99.931,3.275,3.185,bbox,17.586,22.847,31.544,16.159
2913,99.966,3.357,3.203,bbox,17.586,22.879,31.544,16.159
2914,100.0,3.414,3.275,bbox,17.586,22.927,31.544,16.214
2915,100.034,3.436,3.357,bbox,17.586,22.963,31.544,16.214
2916,100.069,3.491,3.414,bbox,17.586,22.963,31.544,16.214
2917,100.103,3.5,3.436,bbox,17.586,22.963,31.544,16.246
2918,100.137,3.522,3.491,bbox,17.586,22.963,31.544,16.279
2919,100.172,3.586,3.5,bbox,17.586,22.963,31.544,16.279
2920,100.206,3.648,3.522,bbox,17.586,22.963,31.544,16.279
2921,100.24,3.66,3.586,bbox,17.586,22.963,31.544,16.279
2922,100.275,3.668,3.648,bbox,17.586,23.027,31.544,16.279
2923,100.309,3.672,3.66,bbox,17.586,23.027,31.544,16.279
2924,100.343,3.7,3.668,bbox,17.586,23.027,31.544,16.279
2925,100.377,3.871,3.672,bbox,17.586,23.027,31.544,16.279
2926,100.412,3.861,3.7,bbox,17.586,23.027,31.544,16.279
2927,100.446,3.813,3.813,bbox,17.586,23.061,31.544,16.279
2928,100.48,3.808,3.813,bbox,17.586,23.128,31.544,16.279
2929,100.515,3.813,3.813,bbox,17.586,23.128,31.544,16.279
2930,100.549,3.809,3.813,bbox,17.586,23.128,31.544,16.279
2931,100.583,3.882,3.813,pose,17.586,23.128,31.544,16.279
2932,100.618,3.847,3.813,bbox,17.586,23.128,31.544,16.279
2933,100.652,3.849,3.847,bbox,17.586,23.128,31.544,16.279
2934,100.686,4.004,3.849,pose,17.586,23.128,31.544,16.279
2935,100.721,3.766,3.849,bbox,17.586,23.128,31.544,16.279
2936,100.755,3.708,3.847,bbox,17.586,23.128,31.544,16.279
2937,100.789,3.851,3.849,pose,17.586,23.128,31.544,16.279
2938,100.824,3.673,3.766,bbox,17.586,23.128,31.544,16.279
2939,100.858,3.694,3.708,bbox,17.586,23.128,31.544,16.279
2940,100.892,3.775,3.708,pose,17.586,23.128,31.544,16.279
2941,100.927,3.701,3.701,bbox,17.586,23.128,31.544,16.279
2942,100.961,3.706,3.701,bbox,17.586,23.128,31.544,16.279
2943,100.995,3.712,3.706,bbox,17.586,23.128,31.544,16.279
2944,101.03,3.712,3.712,bbox,17.586,23.128,31.544,16.279
2945,101.064,3.712,3.712,bbox,17.586,23.128,31.544,16.279
2946,101.098,3.756,3.712,pose,17.586,23.128,31.544,16.279
2947,101.132,3.709,3.712,bbox,17.586,23.128,31.544,16.279
2948,101.167,3.698,3.712,bbox,17.586,23.128,31.544,16.279
2949,101.201,3.802,3.712,pose,17.586,23.128,31.544,16.279
2950,101.235,3.638,3.709,bbox,17.586,23.128,31.544,16.279
2951,101.27,3.613,3.698,bbox,17.586,23.128,31.544,16.279
2952,101.304,3.719,3.698,pose,17.586,23.128,31.544,16.279
2953,101.338,3.634,3.638,bbox,17.626,23.128,31.544,16.279
2954,101.373,3.61,3.634,bbox,17.626,23.128,31.544,16.279
2955,101.407,3.686,3.634,pose,17.626,23.128,31.544,16.279
2956,101.441,3.525,3.634,bbox,17.626,23.128,31.544,16.279
2957,101.476,3.492,3.61,bbox,17.626,23.128,31.544,16.279
2958,101.51,3.494,3.525,pose,17.626,23.128,31.544,16.279
2959,101.544,3.402,3.494,bbox,17.626,23.128,31.544,16.279
2960,101.579,3.396,3.492,bbox,17.626,23.128,31.544,16.279
2961,101.613,3.279,3.402,pose,17.665,23.128,31.544,16.279
2962,101.647,3.346,3.396,bbox,17.704,23.128,31.544,16.279
2963,101.682,3.321,3.346,bbox,17.735,23.128,31.544,16.279
2964,101.716,3.272,3.321,pose,17.735,23.128,31.544,16.279
2965,101.75,3.285,3.285,bbox,17.735,23.128,31.544,16.279
2966,101.784,3.29,3.29,bbox,17.776,23.128,31.544,16.279
2967,101.819,3.189,3.285,pose,17.776,23.128,31.544,16.279
2968,101.853,3.229,3.272,bbox,17.776,23.128,31.544,16.279
2969,101.887,3.185,3.229,bbox,17.776,23.128,31.544,16.279
2970,101.922,3.157,3.189,pose,17.776,23.128,31.544,16.279
2971,101.956,3.092,3.185,bbox,17.818,23.128,31.544,16.279
2972,101.99,3.061,3.157,bbox,17.818,23.128,31.544,16.279
2973,102.025,3.175,3.157,pose,17.885,23.128,31.544,16.279
2974,102.059,2.983,3.092,bbox,17.885,23.128,31.544,16.279
2975,102.093,2.975,3.061,bbox,17.885,23.128,31.544,16.279
2976,102.128,2.957,2.983,pose,17.932,23.128,31.544,16.279
2977,102.162,2.944,2.975,bbox,17.932,23.128,31.544,16.279
2978,102.196,2.914,2.957,bbox,17.932,23.128,31.544,16.279
2979,102.231,2.869,2.944,pose,17.987,23.128,31.544,16.279
2980,102.265,2.845,2.914,bbox,17.987,23.128,31.544,16.279
2981,102.299,,,,17.987,23.128,31.544,16.279
2982,102.334,,,,17.987,23.128,31.544,16.279
2983,102.368,,,,17.987,23.128,31.544,16.279
2984,102.402,4.248,2.914,bbox,17.987,23.128,31.544,16.279
2985,102.437,4.224,2.914,bbox,17.987,23.128,31.544,16.279
2986,102.471,4.245,4.224,bbox,17.987,23.128,31.544,16.279
2987,102.505,4.254,4.245,bbox,17.987,23.128,31.544,16.279
2988,102.539,4.283,4.248,bbox,17.987,23.128,31.544,16.279
2989,102.574,4.286,4.254,bbox,17.987,23.128,31.544,16.279
2990,102.608,4.294,4.283,bbox,17.987,23.128,31.544,16.279
2991,102.642,4.295,4.286,bbox,17.987,23.128,31.544,16.279
2992,102.677,4.292,4.292,bbox,17.987,23.128,31.544,16.279
2993,102.711,4.283,4.292,bbox,17.987,23.128,31.544,16.279
2994,102.745,4.266,4.292,bbox,17.987,23.128,31.544,16.279
2995,102.78,4.272,4.283,bbox,17.987,23.128,31.544,16.279
2996,102.814,4.283,4.283,bbox,17.987,23.128,31.544,16.279
2997,102.848,4.299,4.283,bbox,17.987,23.128,31.544,16.279
2998,102.883,4.293,4.283,bbox,17.987,23.128,31.544,16.279
2999,102.917,4.289,4.289,bbox,17.987,23.128,31.544,16.279
3000,102.951,4.308,4.293,bbox,17.987,23.128,31.544,16.279
3001,102.986,4.307,4.299,bbox,17.987,23.128,31.544,16.279
3002,103.02,4.272,4.293,bbox,17.987,23.128,31.544,16.279
3003,103.054,4.069,4.289,pose,17.987,23.128,31.544,16.279
3004,103.089,4.254,4.272,bbox,17.987,23.128,31.544,16.279
3005,103.123,4.262,4.262,bbox,17.987,23.128,31.583,16.279
3006,103.157,4.068,4.254,pose,17.987,23.128,31.583,16.279
3007,103.191,4.259,4.254,bbox,17.987,23.128,31.583,16.279
3008,103.226,4.264,4.259,bbox,17.987,23.128,31.583,16.279
3009,103.26,4.276,4.262,bbox,17.987,23.128,31.583,16.279
3010,103.294,4.278,4.264,bbox,17.987,23.128,31.583,16.279
3011,103.329,4.305,4.276,bbox,17.987,23.128,31.583,16.279
3012,103.363,3.934,4.276,pose,17.987,23.128,31.583,16.279
3013,103.397,4.287,4.278,bbox,17.987,23.128,31.583,16.279
3014,103.432,4.292,4.287,bbox,17.987,23.128,31.583,16.279
3015,103.466,4.084,4.287,pose,17.987,23.128,31.583,16.279
3016,103.5,4.283,4.283,bbox,17.987,23.128,31.583,16.279
3017,103.535,4.262,4.283,bbox,17.987,23.128,31.583,16.279
3018,103.569,4.258,4.262,bbox,17.987,23.128,31.583,16.279
3019,103.603,4.252,4.258,bbox,17.987,23.128,31.583,16.279
3020,103.638,4.267,4.262,bbox,17.987,23.128,31.583,16.279
3021,103.672,3.832,4.258,pose,17.987,23.128,31.583,16.279
3022,103.706,4.239,4.252,bbox,17.987,23.128,31.583,16.279
3023,103.741,4.242,4.242,bbox,17.987,23.128,31.583,16.279
3024,103.775,3.784,4.239,pose,17.987,23.128,31.583,16.279
3025,103.809,4.219,4.219,bbox,17.987,23.128,31.583,16.279
3026,103.844,4.202,4.219,bbox,17.987,23.128,31.583,16.279
3027,103.878,3.756,4.202,pose,17.987,23.128,31.583,16.279
3028,103.912,4.184,4.184,bbox,17.987,23.128,31.583,16.279
3029,103.946,4.167,4.184,bbox,17.987,23.128,31.583,16.279
3030,103.981,3.76,4.167,pose,17.987,23.128,31.583,16.279
3031,104.015,4.151,4.151,bbox,17.987,23.128,31.583,16.311
3032,104.049,4.139,4.151,bbox,17.987,23.128,31.583,16.311
3033,104.084,3.741,4.139,pose,17.987,23.128,31.583,16.311
3034,104.118,4.083,4.083,bbox,17.987,23.128,31.583,16.311
3035,104.152,4.026,4.083,bbox,17.987,23.128,31.583,16.311
3036,104.187,3.699,4.026,pose,18.024,23.128,31.583,16.311
3037,104.221,3.919,3.919,bbox,18.024,23.128,31.583,16.311
3038,104.255,3.873,3.919,bbox,18.024,23.128,31.583,16.311
3039,104.29,3.644,3.873,pose,18.024,23.128,31.583,16.311
3040,104.324,3.799,3.799,bbox,18.104,23.128,31.583,16.311
3041,104.358,3.79,3.799,bbox,18.151,23.128,31.583,16.311
3042,104.393,3.484,3.79,pose,18.151,23.128,31.583,16.311
3043,104.427,3.77,3.77,bbox,18.208,23.128,31.583,16.311
3044,104.461,3.736,3.77,bbox,18.208,23.128,31.583,16.311
3045,104.496,3.294,3.736,pose,18.208,23.128,31.583,16.311
3046,104.53,3.693,3.693,bbox,18.208,23.128,31.583,16.311
3047,104.564,3.658,3.693,bbox,18.208,23.128,31.583,16.311
3048,104.598,3.654,3.658,bbox,18.208,23.128,31.583,16.311
3049,104.633,3.665,3.658,bbox,18.208,23.128,31.656,16.311
3050,104.667,3.643,3.658,bbox,18.208,23.128,31.71,16.311
3051,104.701,3.675,3.658,bbox,18.208,23.128,31.71,16.311
3052,104.736,3.677,3.665,bbox,18.208,23.128,31.758,16.311
3053,104.77,3.643,3.665,bbox,18.208,23.128,31.758,16.311
3054,104.804,3.574,3.643,bbox,18.239,23.128,31.758,16.311
3055,104.839,3.537,3.643,bbox,18.28,23.128,31.758,16.311
3056,104.873,3.438,3.574,bbox,18.328,23.128,31.758,16.311
3057,104.907,3.357,3.537,bbox,18.372,23.128,31.758,16.311
3058,104.942,3.336,3.438,bbox,18.403,23.128,31.758,16.311
3059,104.976,3.279,3.357,bbox,18.403,23.128,31.851,16.311
3060,105.01,3.239,3.336,bbox,18.403,23.128,31.851,16.311
3061,105.045,3.174,3.279,bbox,18.403,23.128,31.851,16.311
3062,105.079,3.094,3.239,bbox,18.403,23.128,31.9,16.311
3063,105.113,3.003,3.174,bbox,18.403,23.128,31.942,16.311
3064,105.148,3.022,3.094,bbox,18.403,23.128,31.942,16.311
3065,105.182,2.974,3.022,bbox,18.464,23.128,31.994,16.311
3066,105.216,2.907,3.003,bbox,18.464,23.128,31.994,16.311
3067,105.251,2.966,2.974,bbox,18.539,23.128,31.994,16.311
3068,105.285,2.847,2.966,bbox,18.539,23.128,31.994,16.311
3069,105.319,2.22,2.907,pose,18.608,23.128,31.994,16.311
3070,105.353,2.81,2.847,bbox,18.608,23.128,32.052,16.311
3071,105.388,2.806,2.81,bbox,18.654,23.128,32.052,16.311
3072,105.422,2.143,2.806,pose,18.654,23.128,32.052,16.311
3073,105.456,2.835,2.806,bbox,18.684,23.128,32.052,16.369
3074,105.491,2.843,2.81,bbox,18.684,23.128,32.052,16.369
3075,105.525,2.154,2.806,pose,18.684,23.128,32.052,16.369
3076,105.559,2.895,2.835,bbox,18.684,23.128,32.052,16.369
3077,105.594,2.909,2.843,bbox,18.684,23.128,32.052,16.369
3078,105.628,2.226,2.843,pose,18.684,23.128,32.052,16.369
3079,105.662,3.022,2.895,bbox,18.684,23.128,32.052,16.369
3080,105.697,3.064,2.909,bbox,18.684,23.128,32.052,16.369
3081,105.731,2.271,2.909,pose,18.684,23.128,32.052,16.369
3082,105.765,3.087,3.022,bbox,18.684,23.128,32.052,16.369
3083,105.8,3.067,3.064,bbox,18.684,23.128,32.052,16.369
3084,105.834,2.231,3.064,pose,18.684,23.128,32.052,16.369
3085,105.868,3.014,3.014,bbox,18.684,23.158,32.095,16.369
3086,105.903,2.903,3.014,bbox,18.714,23.158,32.095,16.369
3087,105.937,2.17,2.903,pose,18.714,23.158,32.095,16.369
3088,105.971,2.865,2.865,bbox,18.714,23.158,32.127,16.369
3089,106.005,2.89,2.89,bbox,18.714,23.158,32.195,16.369
3090,106.04,2.181,2.865,pose,18.714,23.158,32.195,16.369
3091,106.074,2.967,2.865,bbox,18.714,23.158,32.195,16.404
3092,106.108,2.95,2.89,bbox,18.714,23.158,32.241,16.404
3093,106.143,2.012,2.89,pose,18.714,23.158,32.241,16.404
3094,106.177,2.868,2.868,bbox,18.714,23.158,32.241,16.404
3095,106.211,2.867,2.868,bbox,18.714,23.158,32.287,16.404
3096,106.246,1.601,2.867,pose,18.714,23.158,32.37,16.404
3097,106.28,2.784,2.784,bbox,18.714,23.158,32.436,16.404
3098,106.314,2.749,2.784,bbox,18.714,23.158,32.475,16.404
3099,106.349,1.581,2.749,pose,18.714,23.158,32.576,16.404
3100,106.383,2.515,2.515,bbox,18.714,23.158,32.648,16.404
3101,106.417,2.673,2.673,bbox,18.714,23.158,32.724,16.404
3102,106.452,1.682,2.515,pose,18.714,23.158,32.724,16.404
3103,106.486,2.622,2.515,bbox,18.714,23.195,32.835,16.404
3104,106.52,2.55,2.55,bbox,18.714,23.195,32.835,16.404
3105,106.555,1.63,2.55,pose,18.714,23.239,32.883,16.404
3106,106.589,2.401,2.401,bbox,18.714,23.275,32.927,16.404
3107,106.623,2.216,2.401,bbox,18.714,23.275,33.018,16.404
3108,106.658,2.138,2.216,bbox,18.714,23.275,33.094,16.404
3109,106.692,2.09,2.138,bbox,18.714,23.275,33.162,16.404
3110,106.726,2.068,2.138,bbox,18.756,23.275,33.197,16.404
3111,106.76,2.035,2.09,bbox,18.756,23.275,33.23,16.404
3112,106.795,2.03,2.068,bbox,18.756,23.275,33.23,16.404
3113,106.829,2.014,2.035,bbox,18.756,23.275,33.23,16.404
3114,106.863,2.021,2.03,bbox,18.756,23.275,33.23,16.404
3115,106.898,1.978,2.021,bbox,18.756,23.275,33.23,16.404
3116,106.932,2.027,2.021,bbox,18.756,23.275,33.285,16.404
3117,106.966,2.093,2.021,bbox,18.756,23.306,33.285,16.404
3118,107.001,2.11,2.027,bbox,18.756,23.35,33.285,16.404
3119,107.035,2.199,2.093,bbox,18.756,23.423,33.285,16.404
3120,107.069,2.277,2.11,bbox,18.756,23.423,33.285,16.404
3121,107.104,2.266,2.199,bbox,18.756,23.522,33.285,16.404
3122,107.138,,,,18.756,23.522,33.285,16.404
3123,107.172,,,,18.756,23.522,33.285,16.404
3124,107.207,2.373,2.266,bbox,18.756,23.584,33.285,16.404
3125,107.241,2.439,2.277,bbox,18.756,23.584,33.285,16.404
3126,107.275,2.503,2.373,bbox,18.756,23.717,33.285,16.404
3127,107.31,2.553,2.439,bbox,18.756,23.774,33.285,16.404
3128,107.344,2.642,2.503,bbox,18.756,23.836,33.285,16.404
3129,107.378,2.222,2.503,pose,18.756,23.874,33.285,16.404
3130,107.412,2.747,2.553,bbox,18.756,23.955,33.285,16.404
3131,107.447,2.788,2.642,bbox,18.756,24.014,33.285,16.404
3132,107.481,2.294,2.642,pose,18.756,24.014,33.285,16.404
3133,107.515,2.842,2.747,bbox,18.756,24.014,33.285,16.404
3134,107.55,2.901,2.788,bbox,18.756,24.052,33.285,16.404
3135,107.584,2.464,2.788,pose,18.756,24.085,33.285,16.404
3136,107.618,2.912,2.842,bbox,18.756,24.121,33.285,16.404
3137,107.653,2.945,2.901,bbox,18.756,24.121,33.285,16.404
3138,107.687,3.012,2.912,bbox,18.756,24.121,33.285,16.437
3139,107.721,3.151,2.945,bbox,18.756,24.172,33.285,16.539
3140,107.756,3.228,3.012,bbox,18.756,24.172,33.285,16.539
3141,107.79,3.246,3.151,bbox,18.756,24.208,33.285,16.605
3142,107.824,3.317,3.228,bbox,18.756,24.208,33.285,16.656
3143,107.859,3.395,3.246,bbox,18.756,24.208,33.285,16.689
3144,107.893,3.277,3.277,pose,18.756,24.208,33.285,16.725
3145,107.927,3.519,3.317,bbox,18.756,24.208,33.285,16.756
3146,107.962,3.602,3.395,bbox,18.756,24.293,33.285,16.756
3147,107.996,3.472,3.472,pose,18.756,24.293,33.285,16.756
3148,108.03,3.672,3.519,bbox,18.756,24.323,33.285,16.756
3149,108.065,3.728,3.602,bbox,18.756,24.323,33.285,16.756
3150,108.099,,,,18.756,24.323,33.285,16.756
3151,108.133,,,,18.756,24.323,33.285,16.756
3152,108.167,,,,18.756,24.323,33.285,16.756
3153,108.202,2.897,3.602,bbox,18.756,24.323,33.285,16.824
3154,108.236,2.907,3.472,bbox,18.756,24.323,33.285,16.865
3155,108.27,2.903,2.907,bbox,18.756,24.323,33.285,16.865
3156,108.305,2.231,2.903,pose,18.756,24.323,33.285,16.912
3157,108.339,2.917,2.903,bbox,18.756,24.323,33.285,16.912
3158,108.373,2.869,2.903,bbox,18.819,24.323,33.285,16.912
3159,108.408,2.222,2.869,pose,18.819,24.323,33.285,16.912
3160,108.442,2.924,2.869,bbox,18.819,24.323,33.285,16.912
3161,108.476,2.964,2.917,bbox,18.819,24.323,33.285,16.912
3162,108.511,2.213,2.869,pose,18.819,24.323,33.285,16.912
3163,108.545,2.942,2.924,bbox,18.819,24.323,33.285,16.912
3164,108.579,2.963,2.942,bbox,18.819,24.323,33.285,16.949
3165,108.614,2.187,2.942,pose,18.819,24.361,33.285,16.949
3166,108.648,,,,18.819,24.361,33.285,16.949
3167,108.682,,,,18.819,24.361,33.285,16.949
3168,108.717,2.26,2.26,pose,18.819,24.393,33.351,16.949
3169,108.751,,,,18.819,24.393,33.351,16.949
3170,108.785,,,,18.819,24.393,33.351,16.949
3171,108.819,2.336,2.336,pose,18.819,24.393,33.351,16.949
3172,108.854,,,,18.819,24.393,33.351,16.949
3173,108.888,3.041,2.336,bbox,18.819,24.393,33.351,16.949
3174,108.922,,,,18.819,24.393,33.351,16.949
3175,108.957,,,,18.819,24.393,33.351,16.949
3176,108.991,3.055,2.336,bbox,18.819,24.393,33.351,16.949
3177,109.025,2.305,2.336,pose,18.819,24.393,33.351,16.949
3178,109.06,3.113,3.041,bbox,18.819,24.393,33.351,17.042
3179,109.094,3.078,3.055,bbox,18.819,24.393,33.351,17.042
3180,109.128,2.431,3.055,pose,18.819,24.393,33.351,17.042
3181,109.163,3.171,3.078,bbox,18.819,24.393,33.351,17.042
3182,109.197,3.183,3.113,bbox,18.819,24.393,33.351,17.042
3183,109.231,2.452,3.078,pose,18.819,24.393,33.351,17.042
3184,109.266,3.168,3.168,bbox,18.819,24.393,33.351,17.042
3185,109.3,3.116,3.168,bbox,18.819,24.393,33.351,17.042
3186,109.334,2.412,3.116,pose,18.819,24.393,33.351,17.073
3187,109.369,3.008,3.008,bbox,18.819,24.393,33.351,17.073
3188,109.403,2.965,3.008,bbox,18.851,24.393,33.351,17.073
3189,109.437,2.414,2.965,pose,18.851,24.393,33.351,17.073
3190,109.472,2.872,2.872,bbox,18.911,24.393,33.351,17.073
3191,109.506,2.876,2.876,bbox,18.955,24.393,33.351,17.073
3192,109.54,2.645,2.872,pose,18.955,24.393,33.351,17.073
3193,109.574,2.869,2.869,bbox,19.007,24.393,33.351,17.073
3194,109.609,2.869,2.869,bbox,19.007,24.393,33.351,17.073
3195,109.643,2.834,2.869,pose,19.007,24.393,33.351,17.073
3196,109.677,2.861,2.861,bbox,19.007,24.393,33.351,17.103
3197,109.712,2.851,2.861,bbox,19.041,24.393,33.351,17.103
3198,109.746,2.139,2.851,pose,19.041,24.393,33.351,17.103
3199,109.78,2.923,2.851,bbox,19.041,24.393,33.351,17.138
3200,109.815,2.925,2.861,bbox,19.08,24.393,33.351,17.138
3201,109.849,2.24,2.851,pose,19.08,24.393,33.351,17.138
3202,109.883,2.982,2.923,bbox,19.122,24.393,33.351,17.138
3203,109.918,3.006,2.925,bbox,19.122,24.393,33.351,17.138
3204,109.952,2.411,2.925,pose,19.122,24.424,33.351,17.138
3205,109.986,3.024,2.982,bbox,19.122,24.424,33.351,17.138
3206,110.021,3.07,3.006,bbox,19.122,24.424,33.351,17.138
3207,110.055,2.338,3.006,pose,19.122,24.424,33.351,17.138
3208,110.089,3.113,3.024,bbox,19.122,24.424,33.351,17.138
3209,110.124,3.166,3.07,bbox,19.122,24.424,33.351,17.138
3210,110.158,2.417,3.07,pose,19.122,24.424,33.351,17.138
3211,110.192,3.251,3.113,bbox,19.122,24.424,33.351,17.173
3212,110.226,3.215,3.166,bbox,19.122,24.424,33.351,17.173
3213,110.261,2.456,3.166,pose,19.122,24.424,33.351,17.173
3214,110.295,3.171,3.171,bbox,19.122,24.424,33.351,17.173
3215,110.329,3.133,3.171,bbox,19.122,24.424,33.351,17.173
3216,110.364,2.438,3.133,pose,19.122,24.424,33.351,17.173
3217,110.398,3.058,3.058,bbox,19.122,24.424,33.351,17.173
3218,110.432,3.018,3.058,bbox,19.122,24.424,33.351,17.173
3219,110.467,2.363,3.018,pose,19.122,24.424,33.351,17.173
3220,110.501,2.984,2.984,bbox,19.122,24.424,33.351,17.173
3221,110.535,2.983,2.984,bbox,19.122,24.424,33.351,17.173
3222,110.57,2.367,2.983,pose,19.122,24.424,33.351,17.173
3223,110.604,2.999,2.983,bbox,19.163,24.424,33.351,17.173
3224,110.638,2.997,2.984,bbox,19.163,24.424,33.351,17.173
3225,110.673,2.381,2.983,pose,19.163,24.424,33.351,17.173
3226,110.707,2.962,2.962,bbox,19.163,24.424,33.351,17.173
3227,110.741,2.959,2.962,bbox,19.163,24.424,33.351,17.173
3228,110.776,2.369,2.959,pose,19.163,24.424,33.351,17.173
3229,110.81,2.987,2.959,bbox,19.163,24.424,33.351,17.173
3230,110.844,2.997,2.962,bbox,19.163,24.424,33.351,17.173
3231,110.879,2.383,2.959,pose,19.163,24.424,33.351,17.173
3232,110.913,3.064,2.987,bbox,19.163,24.424,33.351,17.173
3233,110.947,3.093,2.997,bbox,19.163,24.424,33.351,17.173
3234,110.981,2.411,2.997,pose,19.163,24.424,33.351,17.173
3235,111.016,3.152,3.064,bbox,19.163,24.424,33.351,17.209
3236,111.05,3.175,3.093,bbox,19.163,24.424,33.351,17.209
3237,111.084,2.489,3.093,pose,19.163,24.424,33.351,17.242
3238,111.119,3.23,3.152,bbox,19.163,24.424,33.351,17.242
3239,111.153,3.244,3.175,bbox,19.163,24.424,33.351,17.274
3240,111.187,2.57,3.175,pose,19.163,24.424,33.351,17.274
3241,111.222,3.254,3.23,bbox,19.163,24.482,33.351,17.274
3242,111.256,3.262,3.244,bbox,19.163,24.482,33.351,17.274
3243,111.29,2.639,3.244,pose,19.163,24.482,33.351,17.274
3244,111.325,3.235,3.235,bbox,19.163,24.482,33.383,17.274
3245,111.359,3.271,3.254,bbox,19.163,24.482,33.383,17.274
3246,111.393,2.561,3.235,pose,19.163,24.482,33.383,17.274
3247,111.428,3.11,3.11,bbox,19.163,24.482,33.383,17.274
3248,111.462,2.987,3.11,bbox,19.163,24.482,33.435,17.274
3249,111.496,2.377,2.987,pose,19.201,24.482,33.466,17.274
3250,111.531,2.946,2.946,bbox,19.201,24.482,33.503,17.274
3251,111.565,2.931,2.946,bbox,19.243,24.482,33.563,17.274
3252,111.599,2.206,2.931,pose,19.243,24.482,33.563,17.274
3253,111.633,2.882,2.882,bbox,19.243,24.482,33.605,17.274
3254,111.668,2.894,2.894,bbox,19.276,24.482,33.605,17.274
3255,111.702,2.013,2.882,pose,19.276,24.482,33.605,17.274
3256,111.736,2.855,2.855,bbox,19.276,24.482,33.673,17.274
3257,111.771,2.829,2.855,bbox,19.276,24.482,33.705,17.274
3258,111.805,1.891,2.829,pose,19.276,24.482,33.759,17.274
3259,111.839,2.737,2.737,bbox,19.276,24.522,33.759,17.274
3260,111.874,2.715,2.737,bbox,19.276,24.522,33.759,17.274
3261,111.908,2.519,2.715,pose,19.276,24.558,33.862,17.274
3262,111.942,2.763,2.715,bbox,19.276,24.558,33.922,17.274
3263,111.977,2.692,2.715,bbox,19.276,24.664,33.994,17.274
3264,112.011,2.239,2.692,pose,19.276,24.725,34.087,17.274
3265,112.045,2.515,2.519,bbox,19.276,24.78,34.209,17.274
3266,112.08,2.416,2.515,bbox,19.276,24.78,34.209,17.274
3267,112.114,2.272,2.416,bbox,19.276,24.78,34.209,17.274
3268,112.148,2.238,2.272,bbox,19.276,24.78,34.293,17.274
3269,112.183,2.017,2.272,bbox,19.31,24.78,34.382,17.274
3270,112.217,1.872,2.238,bbox,19.375,24.78,34.382,17.307
3271,112.251,1.713,2.017,bbox,19.509,24.78,34.382,17.307
3272,112.286,1.567,1.872,bbox,19.509,24.78,34.447,17.307
3273,112.32,1.424,1.713,pose,19.509,24.78,34.447,17.307
3274,112.354,1.356,1.567,bbox,19.586,24.78,34.512,17.307
3275,112.388,1.478,1.478,bbox,19.586,24.78,34.566,17.307
3276,112.423,1.202,1.424,pose,19.586,24.78,34.566,17.307
3277,112.457,1.271,1.356,bbox,19.586,24.78,34.637,17.307
3278,112.491,1.404,1.356,bbox,19.586,24.78,34.637,17.307
3279,112.526,0.967,1.271,pose,19.586,24.78,34.637,17.307
3280,112.56,1.486,1.271,bbox,19.586,24.82,34.637,17.307
3281,112.594,1.469,1.404,bbox,19.586,24.82,34.637,17.307
3282,112.629,1.443,1.443,bbox,19.586,24.82,34.637,17.307
3283,112.663,1.407,1.443,bbox,19.586,24.82,34.637,17.307
3284,112.697,1.356,1.443,bbox,19.586,24.82,34.637,17.307
3285,112.732,0.96,1.407,pose,19.586,24.82,34.637,17.307
3286,112.766,1.286,1.356,bbox,19.586,24.82,34.637,17.307
3287,112.8,1.271,1.286,bbox,19.622,24.82,34.637,17.307
3288,112.835,1.084,1.271,pose,19.622,24.82,34.637,17.307
3289,112.869,1.333,1.271,bbox,19.622,24.82,34.637,17.307
3290,112.903,1.347,1.286,bbox,19.622,24.82,34.637,17.307
3291,112.938,1.302,1.302,pose,19.622,24.82,34.637,17.307
3292,112.972,1.433,1.333,bbox,19.622,24.887,34.637,17.307
3293,113.006,1.434,1.347,bbox,19.622,24.887,34.637,17.307
3294,113.04,1.361,1.361,pose,19.622,24.887,34.637,17.307
3295,113.075,1.522,1.433,bbox,19.622,24.887,34.637,17.307
3296,113.109,1.54,1.434,bbox,19.622,24.925,34.637,17.307
3297,113.143,1.423,1.434,pose,19.622,24.925,34.637,17.307
3298,113.178,1.666,1.522,bbox,19.622,24.925,34.637,17.379
3299,113.212,1.719,1.54,bbox,19.622,24.925,34.637,17.379
3300,113.246,1.462,1.54,pose,19.622,24.978,34.637,17.379
3301,113.281,1.776,1.666,bbox,19.622,24.978,34.637,17.379
3302,113.315,1.802,1.719,bbox,19.622,24.978,34.637,17.379
3303,113.349,1.551,1.719,pose,19.622,24.978,34.637,17.379
3304,113.384,1.843,1.776,bbox,19.622,24.978,34.637,17.379
3305,113.418,1.851,1.802,bbox,19.622,24.978,34.637,17.379
3306,113.452,1.675,1.802,pose,19.622,24.978,34.637,17.379
3307,113.487,1.912,1.843,bbox,19.622,24.978,34.637,17.379
3308,113.521,1.958,1.851,bbox,19.622,25.025,34.637,17.379
3309,113.555,1.971,1.912,pose,19.622,25.025,34.637,17.379
3310,113.59,2.032,1.958,bbox,19.622,25.074,34.637,17.379
3311,113.624,,,,19.622,25.074,34.637,17.379
3312,113.658,,,,19.622,25.074,34.637,17.379
3313,113.693,,,,19.622,25.074,34.637,17.379
3314,113.727,3.977,1.971,bbox,19.622,25.074,34.637,17.379
3315,113.761,3.673,2.032,pose,19.622,25.113,34.637,17.42
3316,113.795,3.896,3.673,bbox,19.622,25.113,34.637,17.42
3317,113.83,3.894,3.894,bbox,19.622,25.113,34.637,17.42
3318,113.864,3.473,3.894,pose,19.622,25.15,34.637,17.42
3319,113.898,3.838,3.838,bbox,19.658,25.15,34.637,17.42
3320,113.933,3.822,3.838,bbox,19.658,25.15,34.637,17.42
3321,113.967,3.496,3.822,pose,19.658,25.15,34.637,17.42
3322,114.001,3.833,3.822,bbox,19.732,25.15,34.637,17.42
3323,114.036,3.815,3.822,bbox,19.732,25.15,34.637,17.42
3324,114.07,3.834,3.822,bbox,19.732,25.15,34.637,17.42
3325,114.104,3.805,3.815,bbox,19.732,25.15,34.637,17.42
3326,114.139,3.776,3.815,bbox,19.732,25.15,34.637,17.42
3327,114.173,3.791,3.805,bbox,19.732,25.15,34.637,17.42
3328,114.207,3.748,3.791,bbox,19.732,25.15,34.637,17.42
3329,114.242,3.666,3.776,bbox,19.732,25.15,34.637,17.42
3330,114.276,3.598,3.748,bbox,19.764,25.15,34.637,17.42
3331,114.31,3.553,3.666,bbox,19.805,25.15,34.637,17.42
3332,114.345,3.503,3.598,bbox,19.843,25.15,34.688,17.42
3333,114.379,3.476,3.553,bbox,19.882,25.15,34.688,17.42
3334,114.413,3.462,3.503,bbox,19.882,25.15,34.732,17.42
3335,114.447,3.525,3.503,bbox,19.882,25.15,34.732,17.42
3336,114.482,3.504,3.503,bbox,19.882,25.15,34.732,17.42
3337,114.516,3.47,3.476,bbox,19.882,25.15,34.732,17.42
3338,114.55,3.43,3.47,bbox,19.96,25.15,34.732,17.42
3339,114.585,2.704,3.47,pose,19.96,25.15,34.732,17.42
3340,114.619,3.318,3.43,bbox,20.013,25.15,34.732,17.42
3341,114.653,3.217,3.318,bbox,20.06,25.15,34.8,17.42
3342,114.688,2.578,3.217,pose,20.06,25.15,34.8,17.42
3343,114.722,3.11,3.11,bbox,20.101,25.15,34.86,17.42
3344,114.756,3.075,3.11,bbox,20.101,25.15,34.86,17.42
3345,114.791,2.523,3.075,pose,20.101,25.15,34.86,17.42
3346,114.825,3.049,3.049,bbox,20.101,25.15,34.93,17.42
3347,114.859,3.05,3.05,bbox,20.101,25.15,34.93,17.42
3348,114.894,2.518,3.049,pose,20.101,25.15,34.93,17.42
3349,114.928,3.068,3.049,bbox,20.101,25.15,34.97,17.42
3350,114.962,3.09,3.05,bbox,20.101,25.15,34.97,17.42
3351,114.997,2.534,3.05,pose,20.101,25.15,34.97,17.42
3352,115.031,3.183,3.068,bbox,20.101,25.184,34.97,17.42
3353,115.065,3.231,3.09,bbox,20.101,25.184,34.97,17.42
3354,115.1,2.546,3.09,pose,20.101,25.184,34.97,17.42
3355,115.134,3.295,3.183,bbox,20.101,25.184,34.97,17.462
3356,115.168,3.295,3.231,bbox,20.101,25.184,35.004,17.462
3357,115.202,2.635,3.231,pose,20.101,25.184,35.004,17.496
3358,115.237,3.33,3.295,bbox,20.101,25.184,35.004,17.496
3359,115.271,3.274,3.295,bbox,20.101,25.184,35.038,17.496
3360,115.305,2.613,3.274,pose,20.101,25.184,35.038,17.496
3361,115.34,3.274,3.274,bbox,20.101,25.184,35.038,17.496
3362,115.374,3.254,3.274,bbox,20.101,25.184,35.038,17.496
3363,115.408,2.611,3.254,pose,20.101,25.184,35.038,17.496
3364,115.443,3.28,3.254,bbox,20.101,25.184,35.038,17.496
3365,115.477,3.294,3.274,bbox,20.101,25.184,35.038,17.496
3366,115.511,2.599,3.254,pose,20.101,25.184,35.038,17.496
3367,115.546,3.289,3.28,bbox,20.101,25.184,35.038,17.496
3368,115.58,3.255,3.28,bbox,20.101,25.184,35.038,17.496
3369,115.614,2.858,3.255,pose,20.101,25.184,35.038,17.496
3370,115.649,3.184,3.184,bbox,20.101,25.184,35.094,17.496
3371,115.683,3.217,3.217,bbox,20.101,25.184,35.094,17.496
3372,115.717,2.583,3.184,pose,20.101,25.184,35.094,17.496
3373,115.752,3.17,3.17,bbox,20.101,25.184,35.094,17.496
3374,115.786,3.091,3.17,bbox,20.101,25.184,35.094,17.496
3375,115.82,3.063,3.091,bbox,20.101,25.184,35.094,17.496
3376,115.854,3.048,3.063,bbox,20.101,25.184,35.094,17.496
3377,115.889,3.017,3.063,bbox,20.101,25.184,35.094,17.496
3378,115.923,2.481,3.048,pose,20.101,25.184,35.094,17.496
3379,115.957,3.019,3.019,bbox,20.132,25.184,35.094,17.496
3380,115.992,3.024,3.019,bbox,20.132,25.184,35.094,17.496
3381,116.026,2.442,3.017,pose,20.132,25.184,35.094,17.496
3382,116.06,3.013,3.013,bbox,20.132,25.184,35.094,17.496
3383,116.095,2.985,3.013,bbox,20.132,25.184,35.094,17.496
3384,116.129,2.522,2.985,pose,20.132,25.184,35.094,17.496
3385,116.163,2.928,2.928,bbox,20.132,25.184,35.094,17.496
3386,116.198,2.941,2.941,bbox,20.179,25.184,35.094,17.496
3387,116.232,2.211,2.928,pose,20.271,25.184,35.094,17.539
3388,116.266,2.95,2.928,bbox,20.271,25.184,35.094,17.539
3389,116.301,3.031,2.941,bbox,20.311,25.184,35.094,17.539
3390,116.335,2.329,2.941,pose,20.311,25.184,35.094,17.621
3391,116.369,2.964,2.95,bbox,20.311,25.184,35.094,17.621
3392,116.404,2.959,2.959,bbox,20.311,25.184,35.094,17.651
3393,116.438,2.327,2.959,pose,20.311,25.184,35.094,17.651
3394,116.472,2.934,2.934,bbox,20.311,25.184,35.094,17.651
3395,116.507,2.919,2.934,bbox,20.311,25.184,35.094,17.651
3396,116.541,2.307,2.919,pose,20.311,25.184,35.094,17.651
3397,116.575,2.933,2.919,bbox,20.342,25.184,35.094,17.651
3398,116.609,2.917,2.919,bbox,20.342,25.184,35.094,17.651
3399,116.644,2.325,2.917,pose,20.342,25.184,35.094,17.651
3400,116.678,2.987,2.917,bbox,20.342,25.184,35.094,17.682
3401,116.712,2.968,2.933,bbox,20.342,25.184,35.125,17.682
3402,116.747,2.349,2.917,pose,20.342,25.184,35.125,17.712
3403,116.781,2.943,2.943,bbox,20.342,25.219,35.125,17.712
3404,116.815,2.933,2.943,bbox,20.342,25.219,35.165,17.712
3405,116.85,2.326,2.933,pose,20.342,25.219,35.165,17.712
3406,116.884,2.931,2.931,bbox,20.342,25.219,35.25,17.712
3407,116.918,2.913,2.931,bbox,20.342,25.219,35.25,17.712
3408,116.953,2.305,2.913,pose,20.342,25.219,35.25,17.712
3409,116.987,3.002,2.913,bbox,20.342,25.219,35.25,17.79
3410,117.021,3.025,2.931,bbox,20.342,25.219,35.25,17.79
3411,117.056,2.328,2.913,pose,20.342,25.219,35.25,17.79
3412,117.09,3.069,3.002,bbox,20.342,25.219,35.25,17.836
3413,117.124,3.142,3.025,bbox,20.342,25.219,35.25,17.836
3414,117.159,2.464,3.025,pose,20.342,25.219,35.25,17.836
3415,117.193,3.295,3.069,bbox,20.342,25.219,35.25,17.836
3416,117.227,3.335,3.142,bbox,20.342,25.219,35.25,17.889
3417,117.261,2.474,3.142,pose,20.342,25.219,35.25,17.889
3418,117.296,3.232,3.232,bbox,20.342,25.219,35.25,17.889
3419,117.33,3.167,3.232,bbox,20.342,25.219,35.25,17.889
3420,117.364,2.427,3.167,pose,20.342,25.219,35.25,17.889
3421,117.399,3.141,3.141,bbox,20.342,25.219,35.25,17.889
3422,117.433,3.122,3.141,bbox,20.342,25.219,35.25,17.889
3423,117.467,2.481,3.122,pose,20.342,25.219,35.25,17.889
3424,117.502,3.134,3.122,bbox,20.342,25.219,35.25,17.889
3425,117.536,3.122,3.122,bbox,20.342,25.219,35.288,17.889
3426,117.57,2.499,3.122,pose,20.342,25.219,35.288,17.889
3427,117.605,3.151,3.122,bbox,20.342,25.219,35.358,17.889
3428,117.639,3.173,3.134,bbox,20.342,25.219,35.358,17.889
3429,117.673,2.512,3.122,pose,20.342,25.219,35.358,17.889
3430,117.708,3.13,3.13,bbox,20.342,25.219,35.358,17.889
3431,117.742,3.123,3.13,bbox,20.342,25.219,35.358,17.889
3432,117.776,2.462,3.123,pose,20.342,25.219,35.358,17.889
3433,117.811,3.148,3.123,bbox,20.342,25.219,35.358,17.92
3434,117.845,3.13,3.13,bbox,20.342,25.219,35.358,17.92
3435,117.879,2.394,3.123,pose,20.342,25.219,35.358,17.92
3436,117.914,3.163,3.13,bbox,20.342,25.219,35.358,17.92
3437,117.948,3.179,3.148,bbox,20.342,25.219,35.358,17.92
3438,117.982,2.47,3.13,pose,20.342,25.219,35.358,17.92
3439,118.016,3.25,3.163,bbox,20.342,25.219,35.358,17.92
3440,118.051,3.267,3.179,bbox,20.342,25.219,35.358,17.92
3441,118.085,2.493,3.179,pose,20.342,25.219,35.358,17.92
3442,118.119,3.163,3.163,bbox,20.342,25.219,35.358,17.92
3443,118.154,3.109,3.163,bbox,20.342,25.219,35.358,17.92
3444,118.188,2.386,3.109,pose,20.342,25.219,35.358,17.92
3445,118.222,2.971,2.971,bbox,20.342,25.219,35.358,17.92
3446,118.257,2.89,2.971,bbox,20.342,25.219,35.403,17.92
3447,118.291,2.348,2.89,pose,20.342,25.219,35.403,17.92
3448,118.325,2.835,2.835,bbox,20.342,25.219,35.439,17.92
3449,118.36,2.829,2.835,bbox,20.342,25.219,35.439,17.92
3450,118.394,2.284,2.829,pose,20.342,25.219,35.439,17.92
3451,118.428,2.855,2.829,bbox,20.342,25.219,35.535,17.92
3452,118.463,2.867,2.835,bbox,20.342,25.219,35.535,17.92
3453,118.497,2.855,2.855,bbox,20.342,25.219,35.535,17.92
3454,118.531,2.82,2.855,bbox,20.342,25.219,35.535,17.92
3455,118.566,2.837,2.855,bbox,20.342,25.219,35.567,17.92
3456,118.6,2.818,2.837,bbox,20.342,25.219,35.622,17.92
3457,118.634,2.852,2.837,bbox,20.342,25.265,35.622,17.92
3458,118.668,2.829,2.829,bbox,20.342,25.265,35.622,17.92
3459,118.703,2.837,2.837,bbox,20.342,25.334,35.723,17.92
3460,118.737,2.785,2.829,bbox,20.342,25.383,35.804,17.92
3461,118.771,2.747,2.829,bbox,20.342,25.426,35.855,17.92
3462,118.806,2.074,2.785,pose,20.342,25.474,35.966,17.92
3463,118.84,2.51,2.747,bbox,20.342,25.504,36.044,17.92
3464,118.874,2.412,2.51,bbox,20.342,25.56,36.044,17.92
3465,118.909,2.42,2.42,bbox,20.342,25.56,36.193,17.92
3466,118.943,2.336,2.412,bbox,20.342,25.56,36.312,17.92
3467,118.977,2.367,2.412,bbox,20.342,25.607,36.41,17.92
3468,119.012,2.083,2.367,pose,20.342,25.658,36.41,17.92
3469,119.046,2.309,2.336,bbox,20.342,25.658,36.475,17.92
3470,119.08,2.357,2.336,bbox,20.342,25.658,36.475,17.92
3471,119.115,2.372,2.357,bbox,20.342,25.658,36.475,17.92
3472,119.149,2.371,2.357,bbox,20.342,25.658,36.575,17.92
3473,119.183,2.39,2.371,bbox,20.342,25.658,36.575,17.92
3474,119.218,2.396,2.372,bbox,20.342,25.716,36.63,17.92
3475,119.252,2.46,2.39,bbox,20.342,25.775,36.688,17.92
3476,119.286,2.47,2.396,bbox,20.342,25.818,36.754,17.92
3477,119.321,2.522,2.46,bbox,20.342,25.888,36.754,17.92
3478,119.355,2.591,2.47,bbox,20.342,25.941,36.863,17.92
3479,119.389,2.532,2.522,bbox,20.342,26.004,36.916,17.92
3480,119.423,2.471,2.522,bbox,20.342,26.084,37.015,17.92
3481,119.458,2.464,2.522,bbox,20.342,26.136,37.14,17.92
3482,119.492,2.49,2.49,bbox,20.342,26.136,37.14,17.92
3483,119.526,2.399,2.471,bbox,20.342,26.22,37.288,17.92
3484,119.561,2.254,2.464,bbox,20.342,26.282,37.357,17.92
3485,119.595,2.294,2.399,bbox,20.342,26.282,37.446,17.92
3486,119.629,2.251,2.294,bbox,20.342,26.282,37.446,17.92
3487,119.664,2.234,2.254,bbox,20.342,26.325,37.483,17.92
3488,119.698,2.45,2.254,bbox,20.342,26.38,37.483,17.92
3489,119.732,2.21,2.251,bbox,20.342,26.444,37.483,17.92
3490,119.767,,,,20.342,26.444,37.483,17.92
3491,119.801,2.303,2.251,bbox,20.342,26.489,37.483,17.92
3492,119.835,2.025,2.234,bbox,20.342,26.531,37.518,17.92
3493,119.87,2.141,2.21,bbox,20.342,26.625,37.518,17.92
3494,119.904,1.985,2.141,bbox,20.342,26.625,37.518,17.92
3495,119.938,2.071,2.071,bbox,20.342,26.625,37.518,17.92
3496,119.973,2.221,2.071,bbox,20.342,26.661,37.518,17.92
3497,120.007,2.376,2.141,bbox,20.342,26.735,37.664,17.92
3498,120.041,2.445,2.221,pose,20.342,26.849,37.664,17.92
3499,120.075,2.593,2.376,bbox,20.342,26.915,37.664,17.992
3500,120.11,2.766,2.445,bbox,20.342,27.012,37.664,17.992
3501,120.144,2.988,2.593,bbox,20.342,27.095,37.664,17.992
3502,120.178,3.148,2.766,bbox,20.342,27.095,37.664,18.028
3503,120.213,3.329,2.988,bbox,20.342,27.222,37.664,18.06
3504,120.247,3.458,3.148,bbox,20.342,27.326,37.664,18.06
3505,120.281,3.546,3.329,bbox,20.342,27.42,37.664,18.06
3506,120.316,3.585,3.458,bbox,20.342,27.487,37.664,18.06
3507,120.35,2.968,3.458,pose,20.342,27.528,37.664,18.06
3508,120.384,3.606,3.546,bbox,20.342,27.528,37.664,18.06
3509,120.419,3.577,3.577,bbox,20.342,27.561,37.664,18.06
3510,120.453,2.921,3.577,pose,20.342,27.561,37.664,18.06
3511,120.487,3.517,3.517,bbox,20.342,27.61,37.664,18.06
3512,120.522,3.46,3.517,bbox,20.342,27.61,37.664,18.06
3513,120.556,3.405,3.46,bbox,20.342,27.61,37.664,18.06
3514,120.59,3.354,3.405,bbox,20.342,27.61,37.664,18.06
3515,120.625,3.345,3.405,bbox,20.342,27.61,37.664,18.06
3516,120.659,3.328,3.354,bbox,20.342,27.61,37.664,18.06
3517,120.693,3.295,3.345,bbox,20.342,27.61,37.664,18.06
3518,120.728,3.252,3.328,bbox,20.342,27.61,37.664,18.06
3519,120.762,3.236,3.295,bbox,20.342,27.61,37.664,18.06
3520,120.796,3.218,3.252,bbox,20.382,27.61,37.732,18.06
3521,120.83,,,,20.382,27.61,37.732,18.06
3522,120.865,3.121,3.236,bbox,20.419,27.61,37.732,18.06
3523,120.899,,,,20.419,27.61,37.732,18.06
3524,120.933,3.177,3.218,bbox,20.457,27.61,37.765,18.06
3525,120.968,,,,20.457,27.61,37.765,18.06
3526,121.002,3.025,3.177,bbox,20.503,27.61,37.803,18.06
3527,121.036,3.001,3.121,bbox,20.503,27.61,37.867,18.06
3528,121.071,2.826,3.025,bbox,20.503,27.61,37.922,18.06
3529,121.105,2.672,3.001,bbox,20.503,27.61,37.922,18.06
3530,121.139,2.575,2.826,bbox,20.503,27.61,37.922,18.06
3531,121.174,2.526,2.672,bbox,20.503,27.61,37.973,18.06
3532,121.208,2.44,2.575,bbox,20.503,27.61,38.027,18.06
3533,121.242,2.395,2.526,bbox,20.503,27.61,38.027,18.06
3534,121.277,2.421,2.44,bbox,20.503,27.61,38.112,18.06
3535,121.311,2.354,2.421,bbox,20.503,27.61,38.167,18.06
3536,121.345,2.329,2.395,bbox,20.503,27.61,38.199,18.06
3537,121.38,2.336,2.354,bbox,20.503,27.61,38.199,18.06
3538,121.414,2.314,2.336,bbox,20.503,27.61,38.274,18.06
3539,121.448,2.32,2.329,bbox,20.503,27.61,38.331,18.06
3540,121.482,2.363,2.329,bbox,20.503,27.61,38.331,18.06
3541,121.517,2.36,2.336,bbox,20.503,27.61,38.331,18.06
3542,121.551,2.444,2.36,bbox,20.503,27.61,38.331,18.06
3543,121.585,2.062,2.36,pose,20.503,27.61,38.331,18.121
3544,121.62,2.499,2.363,bbox,20.503,27.61,38.331,18.121
3545,121.654,2.531,2.444,bbox,20.503,27.661,38.331,18.121
3546,121.688,2.114,2.444,pose,20.503,27.661,38.331,18.121
3547,121.723,2.649,2.499,bbox,20.503,27.661,38.331,18.121
3548,121.757,2.653,2.531,bbox,20.503,27.661,38.331,18.152
3549,121.791,2.644,2.644,bbox,20.503,27.661,38.331,18.152
3550,121.826,2.601,2.644,bbox,20.503,27.661,38.331,18.152
3551,121.86,2.536,2.644,bbox,20.503,27.661,38.331,18.152
3552,121.894,2.468,2.601,bbox,20.503,27.661,38.331,18.152
3553,121.929,2.391,2.536,bbox,20.542,27.661,38.331,18.152
3554,121.963,2.324,2.468,bbox,20.542,27.661,38.373,18.152
3555,121.997,2.299,2.391,bbox,20.576,27.661,38.373,18.152
3556,122.032,2.294,2.324,bbox,20.576,27.661,38.373,18.152
3557,122.066,2.16,2.299,bbox,20.576,27.661,38.373,18.152
3558,122.1,2.109,2.294,bbox,20.576,27.661,38.44,18.152
3559,122.135,2.089,2.16,bbox,20.576,27.661,38.48,18.152
3560,122.169,2.063,2.109,bbox,20.576,27.661,38.48,18.152
3561,122.203,2.064,2.089,bbox,20.576,27.661,38.48,18.152
3562,122.237,2.063,2.064,bbox,20.626,27.661,38.51,18.152
3563,122.272,2.036,2.063,bbox,20.663,27.661,38.51,18.152
3564,122.306,2.071,2.063,bbox,20.698,27.661,38.51,18.152
3565,122.34,2.133,2.064,bbox,20.698,27.661,38.51,18.152
3566,122.375,2.177,2.071,bbox,20.698,27.661,38.51,18.22
3567,122.409,2.176,2.133,bbox,20.698,27.661,38.51,18.22
3568,122.443,2.249,2.176,bbox,20.698,27.661,38.51,18.22
3569,122.478,2.304,2.177,bbox,20.698,27.661,38.51,18.284
3570,122.512,2.187,2.187,pose,20.698,27.709,38.51,18.284
3571,122.546,2.56,2.249,bbox,20.698,27.744,38.51,18.284
3572,122.581,2.58,2.304,bbox,20.698,27.789,38.51,18.335
3573,122.615,2.57,2.56,bbox,20.698,27.847,38.51,18.386
3574,122.649,2.612,2.57,bbox,20.698,27.888,38.51,18.386
3575,122.684,2.623,2.58,bbox,20.698,27.888,38.51,18.386
3576,122.718,2.557,2.58,bbox,20.698,27.888,38.51,18.386
3577,122.752,2.524,2.57,bbox,20.698,27.888,38.51,18.386
3578,122.787,2.664,2.612,bbox,20.698,27.888,38.51,18.386
3579,122.821,,,,20.698,27.888,38.51,18.386
3580,122.855,2.408,2.557,bbox,20.698,27.888,38.578,18.386
3581,122.889,2.286,2.524,bbox,20.698,27.927,38.578,18.386
3582,122.924,2.213,2.408,bbox,20.698,27.927,38.707,18.386
3583,122.958,2.16,2.286,bbox,20.698,27.927,38.707,18.386
3584,122.992,2.08,2.213,bbox,20.698,27.927,38.745,18.386
3585,123.027,1.667,2.16,pose,20.698,27.927,38.864,18.386
3586,123.061,2.09,2.09,bbox,20.698,27.927,38.94,18.386
3587,123.095,2.043,2.08,bbox,20.698,27.987,38.94,18.386
3588,123.13,1.85,2.043,pose,20.698,28.025,39.022,18.386
3589,123.164,2.115,2.043,bbox,20.698,28.065,39.022,18.386
3590,123.198,2.153,2.09,bbox,20.698,28.097,39.107,18.386
3591,123.233,2.151,2.115,bbox,20.698,28.097,39.107,18.386
3592,123.267,2.121,2.121,bbox,20.698,28.097,39.107,18.386
3593,123.301,2.113,2.121,bbox,20.698,28.097,39.107,18.386
3594,123.336,1.258,2.121,pose,20.698,28.097,39.181,18.386
3595,123.37,2.025,2.113,bbox,20.698,28.097,39.235,18.386
3596,123.404,1.965,2.025,bbox,20.698,28.097,39.315,18.386
3597,123.439,1.923,1.965,bbox,20.698,28.155,39.368,18.386
3598,123.473,1.864,1.923,bbox,20.698,28.155,39.515,18.386
3599,123.507,1.846,1.923,bbox,20.698,28.198,39.515,18.386
3600,123.542,2.106,1.923,pose,20.698,28.238,39.515,18.386
3601,123.576,1.874,1.874,bbox,20.698,28.238,39.515,18.386
3602,123.61,1.799,1.864,bbox,20.698,28.297,39.515,18.386
3603,123.644,1.379,1.846,pose,20.698,28.297,39.583,18.386
3604,123.679,1.743,1.799,bbox,20.698,28.297,39.583,18.386
3605,123.713,1.744,1.744,bbox,20.698,28.297,39.583,18.386
3606,123.747,1.561,1.743,pose,20.698,28.339,39.583,18.386
3607,123.782,1.731,1.731,bbox,20.698,28.393,39.583,18.386
3608,123.816,1.762,1.743,bbox,20.698,28.393,39.583,18.386
3609,123.85,1.825,1.744,pose,20.698,28.429,39.583,18.386
3610,123.885,1.958,1.762,bbox,20.698,28.514,39.583,18.386
3611,123.919,1.978,1.825,bbox,20.698,28.514,39.583,18.386
3612,123.953,2.006,1.958,pose,20.698,28.575,39.583,18.386
3613,123.988,2.221,1.978,bbox,20.698,28.668,39.583,18.386
3614,124.022,2.311,2.006,bbox,20.698,28.72,39.583,18.386
3615,124.056,1.998,2.006,pose,20.698,28.72,39.583,18.386
3616,124.091,2.511,2.221,bbox,20.698,28.774,39.583,18.386
3617,124.125,2.542,2.311,bbox,20.698,28.839,39.583,18.386
3618,124.159,2.022,2.311,pose,20.698,28.875,39.583,18.386
3619,124.194,2.539,2.511,bbox,20.698,28.912,39.583,18.386
3620,124.228,2.447,2.511,bbox,20.698,28.912,39.583,18.386
3621,124.262,1.964,2.447,pose,20.698,28.912,39.644,18.386
3622,124.296,2.271,2.271,bbox,20.698,28.912,39.644,18.386
3623,124.331,2.203,2.271,bbox,20.698,28.912,39.725,18.386
3624,124.365,1.809,2.203,pose,20.698,28.912,39.725,18.386
3625,124.399,2.058,2.058,bbox,20.698,28.912,39.782,18.386
3626,124.434,2.039,2.058,bbox,20.698,28.912,39.782,18.386
3627,124.468,1.689,2.039,pose,20.698,28.912,39.879,18.386
3628,124.502,1.999,1.999,bbox,20.698,28.912,39.879,18.386
3629,124.537,1.955,1.999,bbox,20.698,28.912,39.925,18.386
3630,124.571,1.715,1.955,pose,20.698,28.912,39.925,18.386
3631,124.605,2.011,1.955,bbox,20.698,28.912,39.984,18.386
3632,124.64,2.032,1.999,bbox,20.698,28.912,39.984,18.386
3633,124.674,2.054,2.011,bbox,20.698,28.912,39.984,18.386
3634,124.708,2.056,2.032,bbox,20.698,28.912,39.984,18.43
3635,124.743,2.084,2.054,bbox,20.698,28.912,39.984,18.43
3636,124.777,1.898,2.054,pose,20.698,28.912,39.984,18.461
3637,124.811,2.193,2.056,bbox,20.698,28.912,39.984,18.461
3638,124.846,2.256,2.084,bbox,20.698,28.943,39.984,18.461
3639,124.88,2.327,2.193,bbox,20.698,28.943,39.984,18.504
3640,124.914,2.38,2.256,bbox,20.698,28.978,39.984,18.504
3641,124.949,2.429,2.327,bbox,20.698,28.978,39.984,18.504
3642,124.983,1.935,2.327,pose,20.698,28.978,39.984,18.504
3643,125.017,2.417,2.38,bbox,20.698,28.978,39.984,18.504
3644,125.051,2.385,2.385,bbox,20.698,28.978,39.984,18.504
3645,125.086,1.873,2.385,pose,20.698,28.978,39.984,18.504
3646,125.12,2.262,2.262,bbox,20.698,28.978,39.984,18.504
3647,125.154,2.208,2.262,bbox,20.698,28.978,39.984,18.504
3648,125.189,1.778,2.208,pose,20.698,28.978,39.984,18.504
3649,125.223,2.133,2.133,bbox,20.698,28.978,39.984,18.504
3650,125.257,2.105,2.133,bbox,20.698,28.978,40.027,18.504
3651,125.292,2.088,2.105,bbox,20.735,28.978,40.027,18.504
3652,125.326,2.072,2.088,bbox,20.735,28.978,40.027,18.504
3653,125.36,2.088,2.088,bbox,20.735,28.978,40.027,18.504
3654,125.395,1.729,2.088,pose,20.735,28.978,40.027,18.504
3655,125.429,2.069,2.072,bbox,20.735,28.978,40.066,18.504
3656,125.463,2.119,2.072,bbox,20.735,28.978,40.066,18.504
3657,125.498,1.705,2.069,pose,20.735,28.978,40.066,18.541
3658,125.532,2.171,2.069,bbox,20.735,28.978,40.066,18.541
3659,125.566,2.213,2.119,bbox,20.735,28.978,40.066,18.585
3660,125.601,1.915,2.119,pose,20.735,28.978,40.066,18.585
3661,125.635,2.282,2.171,bbox,20.735,28.978,40.066,18.585
3662,125.669,2.34,2.213,bbox,20.735,28.978,40.066,18.585
3663,125.704,2.105,2.213,pose,20.735,28.978,40.066,18.662
3664,125.738,2.396,2.282,bbox,20.735,28.978,40.066,18.662
3665,125.772,2.4,2.34,bbox,20.735,28.978,40.066,18.662
3666,125.806,1.908,2.34,pose,20.735,28.978,40.066,18.662
3667,125.841,2.431,2.396,bbox,20.735,28.978,40.066,18.662
3668,125.875,2.364,2.396,bbox,20.735,28.978,40.066,18.662
3669,125.909,2.283,2.364,bbox,20.735,28.978,40.066,18.662
3670,125.944,2.211,2.283,bbox,20.735,28.978,40.066,18.662
3671,125.978,2.134,2.283,bbox,20.735,28.978,40.098,18.662
3672,126.012,1.826,2.211,pose,20.772,28.978,40.098,18.662
3673,126.047,2.071,2.134,bbox,20.815,28.978,40.098,18.662
3674,126.081,1.98,2.071,bbox,20.815,28.978,40.134,18.662
3675,126.115,1.947,1.98,bbox,20.815,28.978,40.134,18.662
3676,126.15,1.941,1.947,bbox,20.849,28.978,40.134,18.662
3677,126.184,1.947,1.947,bbox,20.849,28.978,40.134,18.662
3678,126.218,1.953,1.947,bbox,20.849,28.978,40.134,18.662
3679,126.253,1.93,1.947,bbox,20.849,28.978,40.134,18.662
3680,126.287,1.912,1.941,bbox,20.888,28.978,40.134,18.662
3681,126.321,1.783,1.93,bbox,20.952,28.978,40.134,18.693
3682,126.356,,,,20.952,28.978,40.134,18.693
3683,126.39,1.769,1.912,bbox,20.999,28.978,40.134,18.693
3684,126.424,,,,20.999,28.978,40.134,18.693
3685,126.458,,,,20.999,28.978,40.134,18.693
3686,126.493,,,,20.999,28.978,40.134,18.693
3687,126.527,1.884,1.884,bbox,21.038,28.978,40.134,18.693
3688,126.561,,,,21.038,28.978,40.134,18.693
3689,126.596,,,,21.038,28.978,40.134,18.693
3690,126.63,,,,21.038,28.978,40.134,18.693
3691,126.664,2.009,1.884,bbox,21.038,28.978,40.134,18.693
3692,126.699,2.043,1.884,bbox,21.038,28.978,40.134,18.825
3693,126.733,2.153,2.009,bbox,21.038,29.016,40.134,18.825
3694,126.767,2.192,2.043,bbox,21.038,29.016,40.134,18.825
3695,126.802,2.194,2.153,bbox,21.038,29.016,40.134,18.825
3696,126.836,,,,21.038,29.016,40.134,18.825
3697,126.87,1.928,2.153,bbox,21.038,29.016,40.134,18.825
3698,126.905,,,,21.038,29.016,40.134,18.825
3699,126.939,,,,21.038,29.016,40.134,18.825
3700,126.973,1.892,2.153,bbox,21.038,29.049,40.134,18.825
3701,127.008,1.908,1.928,bbox,21.038,29.049,40.272,18.825
3702,127.042,1.826,1.908,bbox,21.038,29.148,40.272,18.825
3703,127.076,1.759,1.892,bbox,21.038,29.148,40.272,18.825
3704,127.111,1.966,1.892,bbox,21.038,29.148,40.327,18.825
3705,127.145,1.808,1.826,bbox,21.038,29.148,40.379,18.825
3706,127.179,1.779,1.808,bbox,21.038,29.184,40.456,18.825
3707,127.213,1.829,1.808,bbox,21.038,29.184,40.456,18.825
3708,127.248,1.889,1.829,bbox,21.038,29.184,40.492,18.825
3709,127.282,1.95,1.829,bbox,21.038,29.231,40.492,18.825
3710,127.316,1.919,1.889,bbox,21.038,29.282,40.535,18.825
3711,127.351,1.686,1.889,bbox,21.038,29.282,40.535,18.825
3712,127.385,1.726,1.889,bbox,21.038,29.282,40.579,18.825
3713,127.419,1.88,1.88,bbox,21.038,29.317,40.654,18.825
3714,127.454,1.967,1.88,bbox,21.038,29.317,40.654,18.825
3715,127.488,2.062,1.88,bbox,21.038,29.317,40.654,18.825
3716,127.522,2.089,1.967,bbox,21.038,29.317,40.654,18.825
3717,127.557,2.197,2.062,bbox,21.038,29.358,40.654,18.825
3718,127.591,2.351,2.089,bbox,21.038,29.415,40.654,18.825
3719,127.625,2.476,2.197,bbox,21.038,29.512,40.654,18.825
3720,127.66,2.537,2.351,bbox,21.038,29.512,40.654,18.825
3721,127.694,2.551,2.476,bbox,21.038,29.573,40.654,18.825
3722,127.728,2.529,2.529,bbox,21.038,29.625,40.654,18.825
3723,127.763,2.454,2.529,pose,21.038,29.682,40.654,18.825
3724,127.797,2.374,2.529,bbox,21.038,29.682,40.687,18.825
3725,127.831,2.27,2.454,bbox,21.038,29.682,40.766,18.825
3726,127.865,1.636,2.374,pose,21.038,29.682,40.766,18.825
3727,127.9,2.139,2.27,bbox,21.038,29.682,40.802,18.825
3728,127.934,1.986,2.139,bbox,21.038,29.682,40.849,18.825
3729,127.968,1.623,1.986,pose,21.038,29.682,40.849,18.825
3730,128.003,1.907,1.907,bbox,21.038,29.682,40.908,18.825
3731,128.037,1.856,1.907,bbox,21.081,29.682,40.908,18.825
3732,128.071,1.551,1.856,pose,21.081,29.682,40.945,18.825
3733,128.106,1.798,1.798,bbox,21.123,29.682,40.945,18.825
3734,128.14,1.81,1.81,bbox,21.123,29.682,40.945,18.825
3735,128.174,1.465,1.798,pose,21.123,29.682,41.002,18.825
3736,128.209,1.866,1.798,bbox,21.123,29.734,41.002,18.825
3737,128.243,1.886,1.81,bbox,21.123,29.734,41.002,18.825
3738,128.277,1.551,1.81,pose,21.123,29.734,41.002,18.825
3739,128.312,1.929,1.866,bbox,21.123,29.734,41.002,18.825
3740,128.346,1.936,1.886,bbox,21.123,29.734,41.002,18.825
3741,128.38,2.117,1.929,pose,21.123,29.734,41.002,18.861
3742,128.415,2.024,1.936,bbox,21.123,29.734,41.002,18.861
3743,128.449,2.071,2.024,bbox,21.123,29.734,41.002,18.861
3744,128.483,2.124,2.071,bbox,21.123,29.734,41.002,18.861
3745,128.518,2.143,2.117,bbox,21.123,29.734,41.002,18.861
3746,128.552,2.122,2.122,bbox,21.123,29.734,41.002,18.905
3747,128.586,1.77,2.122,pose,21.123,29.734,41.002,18.905
3748,128.62,2.194,2.124,bbox,21.123,29.734,41.002,18.905
3749,128.655,2.166,2.143,bbox,21.123,29.734,41.002,18.905
3750,128.689,1.73,2.122,pose,21.123,29.734,41.002,18.905
3751,128.723,2.161,2.161,bbox,21.123,29.734,41.002,18.939
3752,128.758,2.122,2.161,bbox,21.123,29.734,41.002,18.939
3753,128.792,1.656,2.122,pose,21.123,29.734,41.002,18.939
3754,128.826,2.09,2.09,bbox,21.123,29.734,41.002,18.939
3755,128.861,2.081,2.09,bbox,21.123,29.734,41.002,18.939
3756,128.895,1.632,2.081,pose,21.123,29.734,41.002,18.939
3757,128.929,2.053,2.053,bbox,21.123,29.734,41.002,18.939
3758,128.964,2.058,2.058,bbox,21.123,29.734,41.002,18.939
3759,128.998,1.694,2.053,pose,21.123,29.734,41.002,18.939
3760,129.032,2.053,2.053,bbox,21.123,29.734,41.002,18.939
3761,129.067,2.058,2.053,bbox,21.123,29.734,41.002,18.939
3762,129.101,1.71,2.053,pose,21.123,29.734,41.002,18.939
3763,129.135,2.06,2.053,bbox,21.123,29.734,41.002,18.939
3764,129.17,2.061,2.058,bbox,21.123,29.734,41.002,18.939
3765,129.204,1.681,2.058,pose,21.123,29.734,41.002,18.939
3766,129.238,2.064,2.06,bbox,21.123,29.734,41.002,18.939
3767,129.272,2.084,2.061,bbox,21.123,29.734,41.002,18.939
3768,129.307,1.944,2.061,pose,21.123,29.734,41.002,18.939
3769,129.341,2.135,2.064,bbox,21.123,29.734,41.002,18.939
3770,129.375,2.176,2.084,bbox,21.123,29.734,41.002,18.939
3771,129.41,1.746,2.084,pose,21.123,29.734,41.002,18.939
3772,129.444,2.178,2.135,bbox,21.123,29.734,41.002,18.969
3773,129.478,2.185,2.176,bbox,21.123,29.734,41.002,18.969
3774,129.513,1.751,2.176,pose,21.123,29.734,41.002,18.969
3775,129.547,2.133,2.133,bbox,21.123,29.734,41.002,18.969
3776,129.581,2.033,2.133,bbox,21.123,29.734,41.002,18.969
3777,129.616,1.702,2.033,pose,21.123,29.734,41.048,18.969
3778,129.65,2.049,2.033,bbox,21.123,29.734,41.082,18.969
3779,129.684,1.986,2.033,bbox,21.123,29.734,41.082,18.969
3780,129.719,1.752,1.986,pose,21.123,29.734,41.082,18.969
3781,129.753,1.816,1.816,bbox,21.123,29.734,41.138,18.969
3782,129.787,1.739,1.816,bbox,21.123,29.734,41.138,18.969
3783,129.822,1.7,1.752,pose,21.239,29.734,41.169,18.969
3784,129.856,1.503,1.739,bbox,21.239,29.734,41.2,18.969
3785,129.89,1.462,1.7,bbox,21.239,29.734,41.2,18.969
3786,129.925,,,,21.239,29.734,41.2,18.969
3787,129.959,,,,21.239,29.734,41.2,18.969
3788,129.993,,,,21.239,29.734,41.2,18.969
3789,130.027,,,,21.239,29.734,41.2,18.969
3790,130.062,,,,21.239,29.734,41.2,18.969
3791,130.096,,,,21.239,29.734,41.2,18.969
3792,130.13,,,,21.239,29.734,41.2,18.969
3793,130.165,,,,21.239,29.734,41.2,18.969
3794,130.199,1.791,1.7,bbox,21.239,29.734,41.2,18.969
3795,130.233,1.301,1.503,bbox,21.297,29.734,41.2,18.969
3796,130.268,1.364,1.462,bbox,21.297,29.734,41.2,18.969
3797,130.302,1.415,1.415,bbox,21.297,29.734,41.2,18.969
3798,130.336,,,,21.297,29.734,41.2,18.969
3799,130.371,,,,21.297,29.734,41.2,18.969
3800,130.405,,,,21.297,29.734,41.2,18.969
3801,130.439,,,,21.297,29.734,41.2,18.969
3802,130.474,,,,21.297,29.734,41.2,18.969
3803,130.508,,,,21.297,29.734,41.2,18.969
3804,130.542,0.915,1.364,bbox,21.297,29.734,41.2,18.969
3805,130.577,0.922,1.301,bbox,21.341,29.734,41.2,18.969
3806,130.611,0.888,0.922,bbox,21.341,29.734,41.2,18.969
3807,130.645,0.799,0.915,bbox,21.341,29.734,41.2,19.014
3808,130.679,0.695,0.888,bbox,21.341,29.734,41.2,19.014
3809,130.714,1.065,0.888,bbox,21.396,29.734,41.2,19.063
3810,130.748,1.032,0.888,bbox,21.481,29.734,41.235,19.063
3811,130.782,0.634,0.799,bbox,21.481,29.734,41.235,19.063
3812,130.817,0.621,0.695,bbox,21.481,29.734,41.27,19.063
3813,130.851,0.643,0.643,bbox,21.481,29.734,41.27,19.108
3814,130.885,0.579,0.634,bbox,21.481,29.734,41.27,19.108
3815,130.92,0.603,0.621,bbox,21.481,29.734,41.27,19.108
3816,130.954,0.487,0.603,pose,21.566,29.734,41.31,19.108
3817,130.988,0.771,0.603,bbox,21.566,29.734,41.31,19.108
3818,131.023,0.751,0.603,bbox,21.566,29.734,41.31,19.108
3819,131.057,0.786,0.751,bbox,21.566,29.789,41.31,19.108
3820,131.091,0.917,0.771,bbox,21.566,29.834,41.31,19.16
3821,131.126,0.991,0.786,bbox,21.566,29.875,41.31,19.16
3822,131.16,1.363,0.917,bbox,21.566,29.959,41.31,19.16
3823,131.194,1.441,0.991,bbox,21.566,30.007,41.31,19.219
3824,131.229,1.112,1.112,bbox,21.566,30.062,41.31,19.219
3825,131.263,,,,21.566,30.062,41.31,19.219
3826,131.297,,,,21.566,30.062,41.31,19.219
3827,131.332,,,,21.566,30.062,41.31,19.219
3828,131.366,,,,21.566,30.062,41.31,19.219
3829,131.4,,,,21.566,30.062,41.31,19.219
3830,131.434,,,,21.566,30.062,41.31,19.219
3831,131.469,,,,21.566,30.062,41.31,19.219
3832,131.503,2.012,1.363,bbox,21.566,30.11,41.31,19.284
3833,131.537,1.8,1.441,bbox,21.566,30.175,41.31,19.284
3834,131.572,1.822,1.8,bbox,21.566,30.175,41.31,19.284
3835,131.606,1.813,1.813,bbox,21.566,30.208,41.352,19.284
3836,131.64,1.825,1.822,bbox,21.566,30.208,41.352,19.284
3837,131.675,2.315,1.822,bbox,21.566,30.26,41.352,19.284
3838,131.709,,,,21.566,30.26,41.352,19.284
3839,131.743,,,,21.566,30.26,41.352,19.284
3840,131.778,,,,21.566,30.26,41.352,19.284
3841,131.812,,,,21.566,30.26,41.352,19.284
3842,131.846,,,,21.566,30.26,41.352,19.284
3843,131.881,,,,21.566,30.26,41.352,19.284
3844,131.915,,,,21.566,30.26,41.352,19.284
3845,131.949,,,,21.566,30.26,41.352,19.284
3846,131.984,,,,21.566,30.26,41.352,19.284
3847,132.018,,,,21.566,30.26,41.352,19.284
3848,132.052,,,,21.566,30.26,41.352,19.284
3849,132.086,,,,21.566,30.26,41.352,19.284
3850,132.121,,,,21.566,30.26,41.352,19.284
3851,132.155,,,,21.566,30.26,41.352,19.284
3852,132.189,,,,21.566,30.26,41.352,19.284
3853,132.224,,,,21.566,30.26,41.352,19.284
3854,132.258,1.761,1.822,bbox,21.566,30.313,41.352,19.284
3855,132.292,1.636,1.813,bbox,21.566,30.402,41.407,19.284
3856,132.327,1.589,1.761,bbox,21.566,30.402,41.407,19.284
3857,132.361,1.633,1.636,bbox,21.566,30.448,41.407,19.284
3858,132.395,1.627,1.633,bbox,21.566,30.448,41.509,19.284
3859,132.43,1.562,1.627,bbox,21.566,30.448,41.509,19.284
3860,132.464,1.509,1.589,bbox,21.566,30.448,41.509,19.284
3861,132.498,1.484,1.562,bbox,21.566,30.448,41.509,19.284
3862,132.533,1.461,1.509,bbox,21.566,30.448,41.509,19.284
3863,132.567,1.41,1.484,bbox,21.566,30.448,41.546,19.284
3864,132.601,1.409,1.461,bbox,21.566,30.448,41.546,19.284
3865,132.636,1.404,1.41,bbox,21.566,30.448,41.546,19.284
3866,132.67,1.403,1.409,bbox,21.566,30.448,41.546,19.284
3867,132.704,1.438,1.409,bbox,21.566,30.448,41.546,19.284
3868,132.739,1.418,1.409,bbox,21.566,30.48,41.546,19.284
3869,132.773,1.45,1.418,bbox,21.566,30.528,41.546,19.284
3870,132.807,1.48,1.438,bbox,21.566,30.528,41.546,19.284
3871,132.841,1.483,1.45,bbox,21.566,30.573,41.546,19.284
3872,132.876,1.498,1.48,bbox,21.566,30.616,41.546,19.284
3873,132.91,1.509,1.483,bbox,21.566,30.616,41.546,19.284
3874,132.944,1.513,1.498,bbox,21.566,30.649,41.546,19.284
3875,132.979,1.541,1.509,bbox,21.566,30.682,41.546,19.284
3876,133.013,1.541,1.513,bbox,21.566,30.682,41.546,19.284
3877,133.047,1.531,1.531,bbox,21.566,30.682,41.546,19.284
3878,133.082,1.537,1.537,bbox,21.566,30.682,41.546,19.284
3879,133.116,1.555,1.541,bbox,21.566,30.682,41.546,19.284
3880,133.15,1.573,1.541,bbox,21.566,30.682,41.546,19.284
3881,133.185,1.595,1.555,bbox,21.566,30.682,41.546,19.284
3882,133.219,1.608,1.573,bbox,21.566,30.682,41.546,19.284
3883,133.253,1.603,1.595,bbox,21.566,30.682,41.546,19.284
3884,133.288,1.583,1.595,bbox,21.566,30.682,41.546,19.284
3885,133.322,1.607,1.603,pose,21.566,30.682,41.546,19.284
3886,133.356,1.591,1.603,bbox,21.566,30.682,41.546,19.284
3887,133.391,1.58,1.591,bbox,21.566,30.682,41.546,19.284
3888,133.425,1.583,1.583,pose,21.566,30.682,41.546,19.284
3889,133.459,1.579,1.583,bbox,21.566,30.682,41.546,19.284
3890,133.493,1.6,1.583,bbox,21.566,30.682,41.546,19.284
3891,133.528,1.532,1.58,pose,21.566,30.682,41.546,19.284
3892,133.562,1.586,1.583,bbox,21.566,30.682,41.546,19.284
3893,133.596,1.587,1.586,bbox,21.566,30.682,41.546,19.284
3894,133.631,1.62,1.587,bbox,21.566,30.682,41.546,19.284
3895,133.665,1.593,1.587,bbox,21.566,30.682,41.546,19.284
3896,133.699,,,,21.566,30.682,41.546,19.284
3897,133.734,,,,21.566,30.682,41.546,19.284
3898,133.768,,,,21.566,30.682,41.546,19.284
3899,133.802,3.171,1.593,bbox,21.566,30.682,41.546,19.284
3900,133.837,2.562,1.62,pose,21.566,30.682,41.546,19.284
3901,133.871,3.106,2.562,bbox,21.566,30.682,41.546,19.284
3902,133.905,3.112,3.106,bbox,21.566,30.682,41.546,19.284
3903,133.94,2.537,3.106,pose,21.566,30.682,41.546,19.284
3904,133.974,3.158,3.106,bbox,21.566,30.682,41.546,19.284
3905,134.008,3.174,3.112,bbox,21.566,30.682,41.546,19.284
3906,134.043,2.526,3.112,pose,21.566,30.682,41.546,19.284
3907,134.077,3.151,3.151,bbox,21.566,30.682,41.546,19.284
3908,134.111,3.164,3.158,bbox,21.566,30.682,41.546,19.284
3909,134.146,2.51,3.151,pose,21.566,30.682,41.546,19.284
3910,134.18,3.147,3.147,bbox,21.566,30.682,41.546,19.284
3911,134.214,3.127,3.147,bbox,21.566,30.682,41.546,19.284
3912,134.248,2.529,3.127,pose,21.566,30.682,41.546,19.284
3913,134.283,3.107,3.107,bbox,21.566,30.682,41.588,19.284
3914,134.317,3.099,3.107,bbox,21.566,30.682,41.588,19.284
3915,134.351,2.505,3.099,pose,21.566,30.682,41.588,19.284
3916,134.386,3.107,3.099,bbox,21.566,30.682,41.588,19.318
3917,134.42,3.096,3.099,bbox,21.566,30.682,41.588,19.318
3918,134.454,2.457,3.096,pose,21.566,30.682,41.588,19.318
3919,134.489,3.087,3.087,bbox,21.566,30.682,41.588,19.318
3920,134.523,3.101,3.096,bbox,21.566,30.682,41.588,19.318
3921,134.557,2.493,3.087,pose,21.566,30.682,41.588,19.318
3922,134.592,3.119,3.087,bbox,21.566,30.682,41.588,19.318
3923,134.626,3.111,3.101,bbox,21.566,30.682,41.588,19.318
3924,134.66,2.498,3.101,pose,21.566,30.682,41.588,19.318
3925,134.695,3.097,3.097,bbox,21.566,30.682,41.588,19.318
3926,134.729,3.124,3.111,bbox,21.566,30.682,41.588,19.318
3927,134.763,2.506,3.097,pose,21.566,30.682,41.588,19.318
3928,134.798,3.13,3.097,bbox,21.566,30.682,41.588,19.318
3929,134.832,3.122,3.122,bbox,21.566,30.682,41.588,19.318
3930,134.866,2.482,3.122,pose,21.566,30.682,41.588,19.318
3931,134.9,3.085,3.085,bbox,21.566,30.682,41.588,19.318
3932,134.935,3.141,3.122,bbox,21.566,30.682,41.588,19.318
3933,134.969,3.045,3.085,bbox,21.609,30.682,41.588,19.318
3934,135.003,,,,21.609,30.682,41.588,19.318
3935,135.038,3.002,3.045,bbox,21.609,30.682,41.588,19.318
3936,135.072,2.953,3.045,bbox,21.672,30.682,41.588,19.318
3937,135.106,2.951,3.002,bbox,21.813,30.682,41.588,19.318
3938,135.141,2.911,2.953,bbox,21.9,30.682,41.588,19.318
3939,135.175,,,,21.9,30.682,41.588,19.318
3940,135.209,2.919,2.951,bbox,21.949,30.682,41.588,19.318
3941,135.244,,,,21.949,30.682,41.588,19.318
3942,135.278,,,,21.949,30.682,41.588,19.318
3943,135.312,2.935,2.935,bbox,22.022,30.682,41.588,19.318
3944,135.347,2.965,2.935,bbox,22.022,30.682,41.588,19.318
3945,135.381,3.061,2.935,bbox,22.022,30.682,41.588,19.318
3946,135.415,2.951,2.951,bbox,22.022,30.682,41.705,19.318
3947,135.45,2.944,2.951,bbox,22.022,30.729,41.705,19.318
3948,135.484,3.082,2.965,bbox,22.022,30.729,41.705,19.318
3949,135.518,3.194,3.061,bbox,22.022,30.729,41.705,19.464
3950,135.553,3.261,3.082,bbox,22.022,30.808,41.705,19.464
3951,135.587,3.213,3.194,bbox,22.022,30.842,41.705,19.464
3952,135.621,3.198,3.198,bbox,22.022,30.879,41.705,19.464
3953,135.655,3.164,3.198,bbox,22.022,30.879,41.705,19.464
3954,135.69,2.967,3.198,pose,22.022,30.879,41.705,19.464
3955,135.724,3.097,3.164,bbox,22.022,30.879,41.705,19.464
3956,135.758,3.107,3.107,bbox,22.022,30.945,41.705,19.464
3957,135.793,3.285,3.107,bbox,22.022,30.945,41.705,19.464
3958,135.827,3.312,3.107,bbox,22.022,30.945,41.705,19.464
3959,135.861,3.521,3.285,bbox,22.022,30.945,41.705,19.464
3960,135.896,2.719,3.285,pose,22.022,30.945,41.705,19.595
3961,135.93,3.343,3.312,bbox,22.022,30.945,41.705,19.634
3962,135.964,3.101,3.312,bbox,22.022,30.945,41.705,19.634
3963,135.999,2.735,3.101,pose,22.022,30.945,41.705,19.634
3964,136.033,3.069,3.069,bbox,22.022,30.945,41.759,19.634
3965,136.067,3.014,3.069,bbox,22.022,30.945,41.759,19.634
3966,136.102,2.728,3.014,pose,22.022,30.945,41.759,19.634
3967,136.136,3.035,3.014,bbox,22.022,30.945,41.794,19.634
3968,136.17,3.102,3.035,bbox,22.022,30.945,41.794,19.634
3969,136.205,2.658,3.014,pose,22.022,30.945,41.794,19.671
3970,136.239,3.198,3.035,bbox,22.022,30.945,41.794,19.671
3971,136.273,3.433,3.102,bbox,22.022,30.945,41.794,19.671
3972,136.307,3.357,3.198,bbox,22.022,30.945,41.794,19.785
3973,136.342,3.242,3.242,bbox,22.022,30.945,41.794,19.84
3974,136.376,3.211,3.242,bbox,22.022,30.945,41.794,19.84
3975,136.41,3.269,3.269,bbox,22.072,30.945,41.794,19.84
3976,136.445,3.321,3.269,bbox,22.072,30.945,41.794,19.84
3977,136.479,3.354,3.269,bbox,22.072,30.945,41.794,19.84
3978,136.513,3.379,3.321,bbox,22.072,30.945,41.794,19.84
3979,136.548,3.385,3.354,bbox,22.072,30.945,41.794,19.84
3980,136.582,3.43,3.379,bbox,22.072,30.945,41.794,19.84
3981,136.616,3.416,3.385,bbox,22.072,30.945,41.794,19.84
3982,136.651,3.426,3.416,bbox,22.072,30.945,41.794,19.84
3983,136.685,3.448,3.426,bbox,22.072,30.945,41.794,19.84
3984,136.719,2.55,3.426,pose,22.072,30.945,41.794,19.84
3985,136.754,3.303,3.416,bbox,22.072,30.945,41.923,19.84
3986,136.788,3.679,3.426,bbox,22.072,30.945,41.923,19.968
3987,136.822,2.47,3.303,pose,22.072,30.945,42.055,19.968
3988,136.857,3.024,3.024,bbox,22.072,30.945,42.117,19.968
3989,136.891,2.851,3.024,bbox,22.072,30.945,42.117,19.968
3990,136.925,2.424,2.851,pose,22.072,30.945,42.17,19.968
3991,136.96,2.787,2.787,bbox,22.072,30.945,42.248,19.968
3992,136.994,2.756,2.787,bbox,22.072,30.945,42.329,19.968
3993,137.028,2.403,2.756,pose,22.072,30.945,42.378,19.968
3994,137.062,2.821,2.756,bbox,22.072,30.945,42.378,19.968
3995,137.097,2.843,2.787,bbox,22.072,30.986,42.417,19.968
3996,137.131,2.487,2.756,pose,22.072,30.986,42.487,19.968
3997,137.165,2.804,2.804,bbox,22.072,31.036,42.487,19.968
3998,137.2,2.819,2.819,bbox,22.072,31.036,42.487,19.968
3999,137.234,2.704,2.804,bbox,22.072,31.036,42.487,19.968
4000,137.268,2.716,2.716,bbox,22.072,31.07,42.487,19.968
4001,137.303,2.722,2.722,bbox,22.072,31.07,42.628,19.968
4002,137.337,2.735,2.722,bbox,22.072,31.106,42.663,19.968
4003,137.371,2.828,2.722,bbox,22.072,31.155,42.7,19.968
4004,137.406,2.847,2.735,bbox,22.072,31.155,42.768,19.968
4005,137.44,2.808,2.808,bbox,22.072,31.225,42.802,19.968
4006,137.474,2.839,2.828,bbox,22.072,31.264,42.842,19.968
4007,137.509,2.782,2.828,bbox,22.072,31.264,42.881,19.968
4008,137.543,2.899,2.839,bbox,22.072,31.39,42.974,19.968
4009,137.577,2.817,2.817,bbox,22.072,31.436,43.068,19.968
4010,137.612,2.537,2.817,bbox,22.072,31.555,43.068,19.968
4011,137.646,2.098,2.782,pose,22.072,31.591,43.124,19.968
4012,137.68,2.355,2.537,bbox,22.072,31.591,43.124,19.968
4013,137.714,2.284,2.355,bbox,22.072,31.642,43.2,19.968
4014,137.749,2.304,2.304,bbox,22.072,31.688,43.25,19.968
4015,137.783,2.337,2.304,bbox,22.072,31.688,43.25,19.968
4016,137.817,2.27,2.304,bbox,22.072,31.756,43.353,19.968
4017,137.852,2.086,2.284,pose,22.072,31.756,43.353,19.968
4018,137.886,2.373,2.304,bbox,22.072,31.811,43.434,19.968
4019,137.92,2.357,2.337,bbox,22.072,31.843,43.469,19.968
4020,137.955,1.847,2.27,pose,22.072,31.913,43.469,19.968
4021,137.989,2.428,2.357,bbox,22.072,31.913,43.541,19.968
4022,138.023,2.488,2.373,bbox,22.072,31.959,43.577,19.968
4023,138.058,1.865,2.357,pose,22.072,31.999,43.577,19.968
4024,138.092,2.621,2.428,bbox,22.072,32.049,43.649,19.968
4025,138.126,2.644,2.488,bbox,22.072,32.116,43.649,19.968
4026,138.161,1.952,2.488,pose,22.072,32.116,43.649,19.968
4027,138.195,2.726,2.621,bbox,22.072,32.173,43.687,19.968
4028,138.229,2.744,2.644,bbox,22.072,32.212,43.741,19.968
4029,138.264,1.865,2.644,pose,22.072,32.31,43.837,19.968
4030,138.298,2.664,2.664,bbox,22.072,32.358,43.876,19.968
4031,138.332,2.573,2.664,bbox,22.072,32.358,43.935,19.968
4032,138.367,1.884,2.573,pose,22.072,32.436,44.015,19.968
4033,138.401,2.503,2.503,bbox,22.072,32.436,44.089,19.968
4034,138.435,2.413,2.503,bbox,22.072,32.497,44.12,19.968
4035,138.469,2.095,2.413,pose,22.072,32.497,44.197,19.968
4036,138.504,2.324,2.324,bbox,22.072,32.529,44.249,19.968
4037,138.538,2.321,2.324,bbox,22.072,32.594,44.279,19.968
4038,138.572,2.221,2.321,pose,22.072,32.594,44.338,19.968
4039,138.607,2.392,2.321,bbox,22.072,32.627,44.422,19.968
4040,138.641,2.45,2.324,bbox,22.072,32.73,44.475,19.968
4041,138.675,2.01,2.321,pose,22.072,32.73,44.475,19.968
4042,138.71,2.524,2.392,bbox,22.072,32.73,44.532,19.968
4043,138.744,2.52,2.45,bbox,22.072,32.795,44.532,19.968
4044,138.778,1.84,2.45,pose,22.072,32.851,44.532,19.968
4045,138.813,2.629,2.52,bbox,22.072,32.892,44.575,19.968
4046,138.847,2.597,2.524,bbox,22.072,32.984,44.642,19.968
4047,138.881,2.619,2.597,bbox,22.072,32.984,44.719,19.968
4048,138.916,2.587,2.597,bbox,22.072,32.984,44.719,19.968
4049,138.95,2.555,2.597,bbox,22.072,33.019,44.719,19.968
4050,138.984,2.096,2.587,pose,22.072,33.019,44.719,19.968
4051,139.019,2.444,2.555,bbox,22.072,33.019,44.769,19.968
4052,139.053,2.368,2.444,bbox,22.072,33.067,44.885,19.968
4053,139.087,2.322,2.368,bbox,22.072,33.067,44.885,19.968
4054,139.121,2.3,2.322,bbox,22.072,33.101,44.974,19.968
4055,139.156,2.296,2.322,bbox,22.072,33.139,45.01,19.968
4056,139.19,2.293,2.3,bbox,22.072,33.184,45.137,19.968
4057,139.224,2.326,2.3,bbox,22.072,33.217,45.137,19.968
4058,139.259,2.354,2.3,bbox,22.072,33.252,45.207,19.968
4059,139.293,2.385,2.326,bbox,22.072,33.291,45.251,19.968
4060,139.327,2.345,2.345,bbox,22.072,33.291,45.251,19.968
4061,139.362,2.367,2.354,bbox,22.072,33.325,45.251,19.968
4062,139.396,2.369,2.367,bbox,22.072,33.325,45.339,19.968
4063,139.43,2.415,2.369,bbox,22.072,33.325,45.384,19.968
4064,139.465,2.378,2.369,bbox,22.072,33.325,45.437,19.968
4065,139.499,1.839,2.369,pose,22.072,33.325,45.476,19.968
4066,139.533,2.359,2.369,bbox,22.072,33.325,45.619,19.968
4067,139.568,2.302,2.359,bbox,22.072,33.325,45.619,19.968
4068,139.602,2.151,2.302,bbox,22.072,33.325,45.715,19.968
4069,139.636,,,,22.072,33.325,45.715,19.968
4070,139.671,1.896,2.151,bbox,22.072,33.325,45.715,19.968
4071,139.705,,,,22.072,33.325,45.715,19.968
4072,139.739,,,,22.072,33.325,45.715,19.968
4073,139.774,1.458,2.151,bbox,22.072,33.325,45.715,19.968
4074,139.808,1.238,1.896,bbox,22.072,33.325,45.715,19.968
4075,139.842,1.14,1.458,bbox,22.072,33.325,45.715,19.968
4076,139.876,0.996,1.238,bbox,22.072,33.325,45.827,19.968
4077,139.911,0.876,1.14,bbox,22.072,33.325,45.956,19.968
4078,139.945,0.795,0.996,bbox,22.112,33.325,46.012,19.968
4079,139.979,0.718,0.876,bbox,22.112,33.325,46.012,19.968
4080,140.014,0.502,0.795,pose,22.112,33.325,46.012,19.968
4081,140.048,0.532,0.718,bbox,22.112,33.325,46.012,19.968
4082,140.082,0.568,0.568,bbox,22.15,33.325,46.141,19.968
4083,140.117,0.31,0.532,pose,22.15,33.325,46.141,19.968
4084,140.151,0.589,0.532,bbox,22.15,33.325,46.141,19.968
4085,140.185,0.553,0.553,bbox,22.15,33.325,46.141,19.968
4086,140.22,0.514,0.553,bbox,22.15,33.325,46.175,19.968
4087,140.254,0.492,0.514,bbox,22.15,33.325,46.219,19.968
4088,140.288,0.49,0.514,bbox,22.15,33.325,46.219,19.968
4089,140.323,0.456,0.492,bbox,22.15,33.325,46.258,19.968
4090,140.357,0.424,0.49,bbox,22.15,33.362,46.298,19.968
4091,140.391,0.384,0.456,bbox,22.15,33.362,46.35,19.968
4092,140.426,0.342,0.424,bbox,22.15,33.362,46.41,19.968
4093,140.46,0.336,0.384,bbox,22.15,33.395,46.493,19.968
4094,140.494,0.356,0.356,bbox,22.15,33.395,46.546,19.968
4095,140.528,0.381,0.356,bbox,22.15,33.395,46.546,19.968
4096,140.563,0.356,0.356,bbox,22.15,33.395,46.546,19.968
4097,140.597,0.347,0.356,bbox,22.15,33.428,46.546,19.968
4098,140.631,0.309,0.356,bbox,22.15,33.428,46.581,19.968
4099,140.666,,,,22.15,33.428,46.581,19.968
4100,140.7,,,,22.15,33.428,46.581,19.968
4101,140.734,,,,22.15,33.428,46.581,19.968
4102,140.769,,,,22.15,33.428,46.581,19.968
4103,140.803,,,,22.15,33.428,46.581,19.968
4104,140.837,,,,22.15,33.428,46.581,19.968
4105,140.872,,,,22.15,33.428,46.581,19.968
4106,140.906,,,,22.15,33.428,46.581,19.968
4107,140.94,,,,22.15,33.428,46.581,19.968
4108,140.975,,,,22.15,33.428,46.581,19.968
4109,141.009,,,,22.15,33.428,46.581,19.968
4110,141.043,,,,22.15,33.428,46.581,19.968
4111,141.078,,,,22.15,33.428,46.581,19.968
4112,141.112,,,,22.15,33.428,46.581,19.968
4113,141.146,,,,22.15,33.428,46.581,19.968
4114,141.181,,,,22.15,33.428,46.581,19.968
4115,141.215,,,,22.15,33.428,46.581,19.968
4116,141.249,,,,22.15,33.428,46.581,19.968
4117,141.283,,,,22.15,33.428,46.581,19.968
4118,141.318,,,,22.15,33.428,46.581,19.968
4119,141.352,,,,22.15,33.428,46.581,19.968
4120,141.386,,,,22.15,33.428,46.581,19.968
4121,141.421,,,,22.15,33.428,46.581,19.968
4122,141.455,,,,22.15,33.428,46.581,19.968
4123,141.489,4.274,0.356,bbox,22.15,33.428,46.581,19.968
4124,141.524,4.306,0.356,bbox,22.15,33.428,46.581,19.968
4125,141.558,4.03,4.03,pose,22.15,33.428,46.581,19.968
4126,141.592,4.304,4.274,bbox,22.15,33.428,46.581,19.968
4127,141.627,4.322,4.304,bbox,22.15,33.428,46.581,19.968
4128,141.661,4.031,4.304,pose,22.15,33.428,46.581,19.968
4129,141.695,4.293,4.293,bbox,22.15,33.428,46.581,20.025
4130,141.73,4.289,4.293,bbox,22.15,33.428,46.581,20.025
4131,141.764,4.048,4.289,pose,22.15,33.428,46.581,20.025
4132,141.798,4.273,4.273,bbox,22.186,33.428,46.581,20.062
4133,141.833,4.246,4.273,bbox,22.186,33.428,46.581,20.062
4134,141.867,3.977,4.246,pose,22.186,33.428,46.581,20.062
4135,141.901,4.198,4.198,bbox,22.186,33.428,46.581,20.062
4136,141.935,4.217,4.217,bbox,22.186,33.428,46.581,20.062
4137,141.97,3.976,4.198,pose,22.186,33.428,46.581,20.062
4138,142.004,4.254,4.198,bbox,22.186,33.428,46.581,20.062
4139,142.038,4.287,4.217,bbox,22.186,33.428,46.581,20.062
4140,142.073,4.026,4.217,pose,22.186,33.428,46.581,20.062
4141,142.107,4.244,4.244,bbox,22.186,33.428,46.581,20.062
4142,142.141,4.276,4.254,bbox,22.186,33.428,46.581,20.062
4143,142.176,4.011,4.244,pose,22.186,33.428,46.581,20.062
4144,142.21,4.269,4.244,bbox,22.186,33.428,46.581,20.062
4145,142.244,4.265,4.265,bbox,22.186,33.428,46.581,20.062
4146,142.279,3.961,4.265,pose,22.186,33.428,46.581,20.062
4147,142.313,4.251,4.251,bbox,22.186,33.428,46.581,20.062
4148,142.347,4.259,4.259,bbox,22.186,33.428,46.581,20.062
4149,142.382,3.936,4.251,pose,22.186,33.428,46.581,20.062
4150,142.416,4.272,4.251,bbox,22.186,33.428,46.581,20.062
4151,142.45,4.256,4.256,bbox,22.186,33.428,46.581,20.062
4152,142.485,3.942,4.256,pose,22.186,33.428,46.581,20.062
4153,142.519,4.272,4.256,bbox,22.186,33.428,46.581,20.062
4154,142.553,4.249,4.256,bbox,22.186,33.428,46.581,20.062
4155,142.588,3.988,4.249,pose,22.186,33.428,46.581,20.062
4156,142.622,4.264,4.249,bbox,22.186,33.428,46.581,20.062
4157,142.656,4.27,4.264,bbox,22.186,33.428,46.581,20.062
4158,142.69,4.099,4.249,pose,22.186,33.428,46.581,20.062
4159,142.725,4.272,4.264,bbox,22.186,33.428,46.581,20.062
4160,142.759,4.286,4.27,bbox,22.186,33.428,46.581,20.062
4161,142.793,4.128,4.27,pose,22.186,33.428,46.581,20.062
4162,142.828,4.274,4.272,bbox,22.186,33.428,46.581,20.062
4163,142.862,4.268,4.272,bbox,22.186,33.428,46.581,20.062
4164,142.896,4.145,4.268,pose,22.186,33.428,46.581,20.062
4165,142.931,4.304,4.268,bbox,22.186,33.428,46.581,20.062
4166,142.965,4.312,4.274,bbox,22.186,33.428,46.581,20.062
4167,142.999,4.135,4.268,pose,22.186,33.428,46.581,20.062
4168,143.034,4.295,4.295,bbox,22.186,33.428,46.581,20.062
4169,143.068,4.305,4.304,bbox,22.186,33.428,46.581,20.062
4170,143.102,4.006,4.295,pose,22.186,33.428,46.581,20.062
4171,143.137,4.313,4.295,bbox,22.186,33.428,46.581,20.062
4172,143.171,4.315,4.305,bbox,22.186,33.428,46.581,20.062
4173,143.205,3.856,4.305,pose,22.186,33.428,46.581,20.062
4174,143.24,4.319,4.313,bbox,22.186,33.428,46.581,20.062
4175,143.274,4.244,4.313,bbox,22.186,33.428,46.581,20.062
4176,143.308,3.719,4.244,pose,22.186,33.428,46.581,20.062
4177,143.342,4.214,4.214,bbox,22.186,33.428,46.581,20.062
4178,143.377,4.191,4.214,bbox,22.186,33.428,46.657,20.062
4179,143.411,3.576,4.191,pose,22.186,33.428,46.657,20.062
4180,143.445,4.189,4.189,bbox,22.186,33.428,46.717,20.062
4181,143.48,4.22,4.191,bbox,22.186,33.428,46.717,20.062
4182,143.514,3.66,4.189,pose,22.186,33.428,46.717,20.062
4183,143.548,4.279,4.189,bbox,22.186,33.428,46.717,20.062
4184,143.583,4.169,4.189,bbox,22.237,33.428,46.717,20.062
4185,143.617,4.056,4.169,bbox,22.237,33.428,46.717,20.062
4186,143.651,3.952,4.056,bbox,22.287,33.428,46.717,20.062
4187,143.686,3.893,4.056,bbox,22.325,33.428,46.794,20.062
4188,143.72,3.548,3.952,pose,22.325,33.428,46.827,20.062
4189,143.754,3.71,3.893,bbox,22.325,33.428,46.827,20.062
4190,143.789,3.58,3.71,bbox,22.325,33.428,46.91,20.062
4191,143.823,3.291,3.58,pose,22.325,33.428,46.973,20.062
4192,143.857,3.573,3.573,bbox,22.325,33.428,46.973,20.062
4193,143.892,3.48,3.573,bbox,22.325,33.428,46.973,20.062
4194,143.926,3.202,3.48,pose,22.325,33.428,47.013,20.062
4195,143.96,3.402,3.402,bbox,22.37,33.428,47.013,20.062
4196,143.995,3.424,3.424,bbox,22.37,33.428,47.013,20.062
4197,144.029,2.991,3.402,pose,22.37,33.428,47.049,20.062
4198,144.063,3.472,3.402,bbox,22.37,33.428,47.116,20.062
4199,144.097,3.484,3.424,bbox,22.37,33.428,47.116,20.062
4200,144.132,3.069,3.424,pose,22.4,33.428,47.116,20.062
4201,144.166,3.429,3.429,bbox,22.4,33.428,47.116,20.062
4202,144.2,3.409,3.429,bbox,22.4,33.428,47.116,20.062
4203,144.235,2.957,3.409,pose,22.4,33.428,47.116,20.062
4204,144.269,3.268,3.268,bbox,22.4,33.428,47.116,20.062
4205,144.303,3.18,3.268,bbox,22.4,33.428,47.116,20.062
4206,144.338,3.123,3.18,bbox,22.442,33.428,47.151,20.062
4207,144.372,3.037,3.123,bbox,22.494,33.428,47.151,20.062
4208,144.406,3.025,3.123,bbox,22.494,33.428,47.151,20.062
4209,144.441,2.547,3.037,pose,22.494,33.428,47.193,20.062
4210,144.475,3.018,3.025,bbox,22.533,33.428,47.234,20.062
4211,144.509,3.037,3.025,bbox,22.598,33.428,47.234,20.062
4212,144.544,3.045,3.025,bbox,22.656,33.428,47.234,20.062
4213,144.578,3.004,3.018,bbox,22.656,33.428,47.234,20.062
4214,144.612,2.986,3.018,bbox,22.656,33.428,47.234,20.062
4215,144.647,2.482,3.004,pose,22.656,33.428,47.234,20.062
4216,144.681,3.002,3.002,bbox,22.656,33.428,47.234,20.062
4217,144.715,3.038,3.002,bbox,22.656,33.428,47.234,20.062
4218,144.749,2.461,2.986,pose,22.656,33.428,47.234,20.062
4219,144.784,3.055,3.002,bbox,22.656,33.428,47.234,20.062
4220,144.818,3.084,3.038,bbox,22.656,33.428,47.234,20.062
4221,144.852,2.557,3.038,pose,22.656,33.428,47.234,20.062
4222,144.887,3.157,3.055,bbox,22.656,33.428,47.234,20.062
4223,144.921,3.189,3.084,bbox,22.656,33.428,47.234,20.062
4224,144.955,2.565,3.084,pose,22.656,33.428,47.234,20.062
4225,144.99,3.222,3.157,bbox,22.656,33.428,47.234,20.062
4226,145.024,3.204,3.189,bbox,22.656,33.428,47.234,20.062
4227,145.058,2.527,3.189,pose,22.656,33.428,47.234,20.062
4228,145.093,3.166,3.166,bbox,22.656,33.428,47.234,20.062
4229,145.127,3.157,3.166,bbox,22.656,33.428,47.234,20.062
4230,145.161,2.544,3.157,pose,22.656,33.428,47.273,20.062
4231,145.196,3.214,3.157,bbox,22.656,33.428,47.273,20.062
4232,145.23,3.257,3.166,bbox,22.656,33.428,47.273,20.062
4233,145.264,2.581,3.157,pose,22.656,33.428,47.273,20.062
4234,145.299,3.278,3.214,bbox,22.656,33.428,47.273,20.062
4235,145.333,3.25,3.25,bbox,22.656,33.428,47.273,20.062
4236,145.367,2.543,3.25,pose,22.656,33.428,47.273,20.062
4237,145.402,3.198,3.198,bbox,22.656,33.428,47.273,20.062
4238,145.436,3.16,3.198,bbox,22.656,33.428,47.273,20.062
4239,145.47,2.45,3.16,pose,22.656,33.428,47.273,20.062
4240,145.504,3.141,3.141,bbox,22.656,33.428,47.273,20.062
4241,145.539,3.158,3.158,bbox,22.656,33.428,47.273,20.062
4242,145.573,2.486,3.141,pose,22.656,33.428,47.273,20.062
4243,145.607,3.222,3.141,bbox,22.656,33.428,47.273,20.062
4244,145.642,3.259,3.158,bbox,22.656,33.428,47.273,20.062
4245,145.676,2.54,3.158,pose,22.656,33.428,47.273,20.062
4246,145.71,3.286,3.222,bbox,22.656,33.428,47.273,20.062
4247,145.745,3.277,3.259,bbox,22.656,33.428,47.273,20.062
4248,145.779,2.524,3.259,pose,22.656,33.428,47.273,20.062
4249,145.813,3.211,3.211,bbox,22.656,33.428,47.273,20.062
4250,145.848,3.158,3.211,bbox,22.656,33.428,47.273,20.062
4251,145.882,2.462,3.158,pose,22.656,33.428,47.273,20.062
4252,145.916,3.059,3.059,bbox,22.656,33.428,47.273,20.062
4253,145.951,3.022,3.059,bbox,22.656,33.428,47.321,20.062
4254,145.985,2.424,3.022,pose,22.656,33.428,47.321,20.062
4255,146.019,2.995,2.995,bbox,22.656,33.428,47.321,20.062
4256,146.054,3.049,3.022,bbox,22.656,33.428,47.362,20.062
4257,146.088,2.344,2.995,pose,22.656,33.428,47.393,20.062
4258,146.122,3.047,2.995,bbox,22.656,33.428,47.393,20.062
4259,146.156,3.089,3.047,bbox,22.656,33.428,47.393,20.062
4260,146.191,2.363,3.047,pose,22.656,33.428,47.393,20.062
4261,146.225,3.065,3.047,bbox,22.656,33.428,47.393,20.062
4262,146.259,3.042,3.047,bbox,22.656,33.428,47.393,20.062
4263,146.294,2.384,3.042,pose,22.656,33.428,47.393,20.062
4264,146.328,3.063,3.042,bbox,22.656,33.428,47.393,20.062
4265,146.362,3.1,3.063,bbox,22.656,33.428,47.393,20.062
4266,146.397,2.524,3.042,pose,22.656,33.428,47.393,20.094
4267,146.431,3.203,3.063,bbox,22.656,33.468,47.393,20.094
4268,146.465,3.268,3.1,bbox,22.656,33.468,47.393,20.132
4269,146.5,2.592,3.1,pose,22.656,33.468,47.393,20.132
4270,146.534,3.371,3.203,bbox,22.656,33.498,47.393,20.132
4271,146.568,3.398,3.268,bbox,22.656,33.498,47.393,20.132
4272,146.603,2.571,3.268,pose,22.656,33.498,47.393,20.132
4273,146.637,3.352,3.352,bbox,22.656,33.545,47.393,20.132
4274,146.671,3.353,3.353,bbox,22.656,33.545,47.393,20.132
4275,146.706,2.416,3.352,pose,22.656,33.545,47.393,20.132
4276,146.74,3.241,3.241,bbox,22.656,33.545,47.393,20.132
4277,146.774,3.189,3.241,bbox,22.656,33.545,47.434,20.132
4278,146.809,2.319,3.189,pose,22.656,33.545,47.466,20.132
4279,146.843,2.992,2.992,bbox,22.656,33.545,47.466,20.132
4280,146.877,2.896,2.992,bbox,22.656,33.545,47.466,20.132
4281,146.911,2.202,2.896,pose,22.656,33.545,47.466,20.132
4282,146.946,2.745,2.745,bbox,22.656,33.545,47.54,20.132
4283,146.98,2.672,2.745,bbox,22.656,33.545,47.607,20.132
4284,147.014,2.106,2.672,pose,22.656,33.545,47.682,20.132
4285,147.049,2.646,2.646,bbox,22.656,33.545,47.717,20.132
4286,147.083,2.706,2.672,bbox,22.656,33.579,47.717,20.132
4287,147.117,2.059,2.646,pose,22.656,33.634,47.822,20.132
4288,147.152,2.759,2.646,bbox,22.656,33.669,47.822,20.132
4289,147.186,2.802,2.706,bbox,22.656,33.761,47.875,20.132
4290,147.22,2.01,2.706,pose,22.656,33.761,47.968,20.132
4291,147.255,2.906,2.759,bbox,22.656,33.82,47.968,20.132
4292,147.289,2.882,2.802,bbox,22.656,33.82,47.968,20.132
4293,147.323,2.017,2.802,pose,22.656,33.872,48.006,20.132
4294,147.358,2.865,2.865,bbox,22.656,33.872,48.006,20.132
4295,147.392,2.835,2.865,bbox,22.656,33.903,48.006,20.132
4296,147.426,2.195,2.835,pose,22.656,33.903,48.006,20.132
4297,147.461,2.802,2.802,bbox,22.656,33.903,48.006,20.132
4298,147.495,2.793,2.802,bbox,22.656,33.976,48.051,20.132
4299,147.529,2.391,2.793,pose,22.656,33.976,48.085,20.132
4300,147.563,2.839,2.793,bbox,22.656,33.976,48.085,20.132
4301,147.598,2.886,2.802,bbox,22.656,34.05,48.123,20.132
4302,147.632,2.28,2.793,pose,22.656,34.083,48.123,20.132
4303,147.666,2.949,2.839,bbox,22.656,34.083,48.172,20.132
4304,147.701,2.973,2.886,bbox,22.656,34.118,48.172,20.132
4305,147.735,2.216,2.886,pose,22.656,34.118,48.172,20.132
4306,147.769,2.913,2.913,bbox,22.656,34.118,48.219,20.132
4307,147.804,2.881,2.913,bbox,22.656,34.118,48.219,20.132
4308,147.838,2.114,2.881,pose,22.656,34.118,48.219,20.132
4309,147.872,2.783,2.783,bbox,22.656,34.118,48.219,20.132
4310,147.907,2.718,2.783,bbox,22.656,34.118,48.219,20.132
4311,147.941,2.084,2.718,pose,22.656,34.118,48.219,20.132
4312,147.975,2.634,2.634,bbox,22.705,34.118,48.219,20.132
4313,148.01,2.599,2.634,bbox,22.705,34.118,48.293,20.132
4314,148.044,2.034,2.599,pose,22.705,34.118,48.293,20.132
4315,148.078,2.584,2.584,bbox,22.705,34.118,48.293,20.132
4316,148.113,2.601,2.599,bbox,22.705,34.118,48.293,20.132
4317,148.147,2.05,2.584,pose,22.705,34.118,48.33,20.132
4318,148.181,2.646,2.584,bbox,22.705,34.118,48.33,20.132
4319,148.216,2.655,2.601,bbox,22.705,34.118,48.33,20.132
4320,148.25,2.16,2.601,pose,22.705,34.118,48.33,20.132
4321,148.284,2.66,2.646,bbox,22.705,34.118,48.33,20.132
4322,148.318,2.677,2.655,bbox,22.705,34.118,48.33,20.132
4323,148.353,2.153,2.655,pose,22.705,34.118,48.33,20.132
4324,148.387,2.761,2.66,bbox,22.705,34.168,48.33,20.132
4325,148.421,2.809,2.677,bbox,22.705,34.168,48.33,20.132
4326,148.456,2.178,2.677,pose,22.705,34.168,48.33,20.132
4327,148.49,2.913,2.761,bbox,22.705,34.203,48.33,20.132
4328,148.524,2.914,2.809,bbox,22.705,34.203,48.33,20.166
4329,148.559,2.172,2.809,pose,22.705,34.203,48.33,20.166
4330,148.593,2.926,2.913,bbox,22.705,34.203,48.33,20.166
4331,148.627,2.929,2.914,bbox,22.705,34.203,48.33,20.166
4332,148.662,2.2,2.914,pose,22.705,34.203,48.33,20.166
4333,148.696,2.927,2.926,bbox,22.705,34.203,48.33,20.166
4334,148.73,2.915,2.926,bbox,22.705,34.203,48.33,20.166
4335,148.765,2.184,2.915,pose,22.705,34.203,48.33,20.166
4336,148.799,2.859,2.859,bbox,22.705,34.203,48.33,20.166
4337,148.833,2.785,2.859,bbox,22.705,34.203,48.369,20.166
4338,148.868,2.151,2.785,pose,22.705,34.203,48.422,20.166
4339,148.902,2.671,2.671,bbox,22.705,34.203,48.422,20.166
4340,148.936,2.64,2.671,bbox,22.705,34.203,48.489,20.166
4341,148.97,2.162,2.64,pose,22.705,34.203,48.489,20.166
4342,149.005,2.642,2.64,bbox,22.705,34.203,48.528,20.166
4343,149.039,2.679,2.642,bbox,22.705,34.203,48.528,20.166
4344,149.073,2.05,2.64,pose,22.705,34.203,48.578,20.166
4345,149.108,2.748,2.642,bbox,22.705,34.203,48.578,20.166
4346,149.142,2.73,2.679,bbox,22.705,34.203,48.578,20.166
4347,149.176,2.041,2.679,pose,22.705,34.203,48.578,20.166
4348,149.211,2.636,2.636,bbox,22.705,34.203,48.578,20.166
4349,149.245,2.6,2.636,bbox,22.705,34.203,48.578,20.166
4350,149.279,1.992,2.6,pose,22.705,34.203,48.578,20.166
4351,149.314,2.548,2.548,bbox,22.741,34.203,48.578,20.166
4352,149.348,2.533,2.548,bbox,22.741,34.203,48.578,20.166
4353,149.382,1.953,2.533,pose,22.741,34.203,48.578,20.166
4354,149.417,2.561,2.533,bbox,22.741,34.203,48.578,20.166
4355,149.451,2.591,2.548,bbox,22.741,34.203,48.578,20.166
4356,149.485,1.969,2.533,pose,22.741,34.203,48.578,20.166
4357,149.52,2.659,2.561,bbox,22.741,34.203,48.578,20.166
4358,149.554,2.691,2.591,bbox,22.741,34.203,48.578,20.166
4359,149.588,2.058,2.591,pose,22.741,34.203,48.578,20.166
4360,149.623,2.746,2.659,bbox,22.741,34.203,48.578,20.166
4361,149.657,2.758,2.691,bbox,22.741,34.203,48.578,20.166
4362,149.691,2.028,2.691,pose,22.741,34.203,48.578,20.166
4363,149.725,2.745,2.745,bbox,22.741,34.273,48.578,20.166
4364,149.76,2.724,2.745,bbox,22.741,34.273,48.578,20.166
4365,149.794,2.046,2.724,pose,22.741,34.273,48.578,20.166
4366,149.828,2.623,2.623,bbox,22.741,34.273,48.626,20.166
4367,149.863,2.576,2.623,bbox,22.741,34.273,48.671,20.166
4368,149.897,2.119,2.576,pose,22.741,34.273,48.712,20.166
4369,149.931,2.557,2.557,bbox,22.741,34.312,48.712,20.166
4370,149.966,2.558,2.558,bbox,22.741,34.312,48.759,20.166
4371,150.0,1.982,2.557,pose,22.741,34.312,48.8,20.166
4372,150.034,2.525,2.525,bbox,22.741,34.312,48.8,20.166
4373,150.069,2.509,2.525,bbox,22.741,34.312,48.8,20.166
4374,150.103,1.711,2.509,pose,22.741,34.312,48.891,20.166
4375,150.137,2.442,2.442,bbox,22.741,34.312,48.891,20.166
4376,150.172,2.431,2.442,bbox,22.741,34.312,48.891,20.166
4377,150.206,1.568,2.431,pose,22.741,34.312,48.925,20.166
4378,150.24,2.342,2.342,bbox,22.741,34.312,48.925,20.166
4379,150.275,2.293,2.342,bbox,22.778,34.312,48.963,20.166
4380,150.309,1.559,2.293,pose,22.778,34.312,48.995,20.166
4381,150.343,2.226,2.226,bbox,22.778,34.312,48.995,20.166
4382,150.377,2.202,2.226,bbox,22.778,34.312,49.061,20.166
4383,150.412,1.54,2.202,pose,22.778,34.312,49.061,20.166
4384,150.446,2.265,2.202,bbox,22.778,34.312,49.061,20.166
4385,150.48,2.292,2.226,bbox,22.778,34.347,49.061,20.166
4386,150.515,1.658,2.202,pose,22.778,34.347,49.061,20.166
4387,150.549,2.388,2.265,bbox,22.778,34.347,49.061,20.166
4388,150.583,2.427,2.292,bbox,22.778,34.347,49.061,20.166
4389,150.618,1.793,2.292,pose,22.778,34.347,49.061,20.166
4390,150.652,2.414,2.388,bbox,22.778,34.347,49.061,20.166
4391,150.686,2.401,2.401,bbox,22.778,34.347,49.061,20.166
4392,150.721,1.9,2.401,pose,22.778,34.347,49.061,20.166
4393,150.755,2.449,2.401,bbox,22.778,34.394,49.061,20.166
4394,150.789,2.461,2.414,bbox,22.778,34.394,49.061,20.166
4395,150.824,2.049,2.401,pose,22.778,34.394,49.061,20.166
4396,150.858,2.51,2.449,bbox,22.778,34.394,49.061,20.166
4397,150.892,2.515,2.461,bbox,22.778,34.394,49.061,20.166
4398,150.927,2.041,2.461,pose,22.778,34.394,49.061,20.166
4399,150.961,2.53,2.51,bbox,22.778,34.394,49.061,20.166
4400,150.995,2.525,2.515,bbox,22.778,34.394,49.061,20.166
4401,151.03,1.811,2.515,pose,22.778,34.394,49.061,20.166
4402,151.064,2.413,2.413,bbox,22.778,34.394,49.061,20.166
4403,151.098,2.364,2.413,bbox,22.778,34.394,49.107,20.166
4404,151.132,2.89,2.413,pose,22.778,34.394,49.107,20.166
4405,151.167,2.248,2.364,bbox,22.842,34.394,49.16,20.166
4406,151.201,2.176,2.364,bbox,22.842,34.394,49.193,20.166
4407,151.235,1.324,2.248,pose,22.842,34.394,49.322,20.166
4408,151.27,2.151,2.176,bbox,22.842,34.452,49.375,20.166
4409,151.304,2.108,2.151,bbox,22.842,34.452,49.409,20.166
4410,151.338,2.071,2.108,bbox,22.842,34.452,49.501,20.166
4411,151.373,2.185,2.108,bbox,22.842,34.452,49.501,20.166
4412,151.407,2.125,2.125,bbox,22.842,34.452,49.537,20.166
4413,151.441,2.098,2.108,bbox,22.842,34.532,49.537,20.166
4414,151.476,2.119,2.119,bbox,22.842,34.532,49.537,20.166
4415,151.51,2.128,2.125,bbox,22.842,34.532,49.622,20.166
4416,151.544,1.623,2.119,pose,22.842,34.532,49.622,20.166
4417,151.579,2.201,2.119,bbox,22.842,34.532,49.622,20.166
4418,151.613,2.241,2.128,bbox,22.842,34.608,49.622,20.166
4419,151.647,2.301,2.201,bbox,22.842,34.64,49.622,20.166
4420,151.682,2.344,2.241,bbox,22.842,34.64,49.622,20.197
4421,151.716,2.397,2.301,bbox,22.842,34.64,49.622,20.197
4422,151.75,2.424,2.344,bbox,22.842,34.64,49.622,20.233
4423,151.784,2.483,2.397,bbox,22.842,34.64,49.622,20.282
4424,151.819,2.491,2.424,bbox,22.842,34.64,49.622,20.282
4425,151.853,1.985,2.424,pose,22.842,34.64,49.622,20.282
4426,151.887,2.486,2.483,bbox,22.842,34.64,49.622,20.282
4427,151.922,2.486,2.486,bbox,22.842,34.64,49.622,20.282
4428,151.956,1.926,2.486,pose,22.842,34.64,49.622,20.282
4429,151.99,2.533,2.486,bbox,22.842,34.64,49.622,20.282
4430,152.025,2.597,2.486,bbox,22.842,34.64,49.622,20.282
4431,152.059,2.055,2.486,pose,22.842,34.64,49.622,20.282
4432,152.093,2.698,2.533,bbox,22.842,34.671,49.622,20.282
4433,152.128,2.719,2.597,bbox,22.842,34.671,49.622,20.328
4434,152.162,2.099,2.597,pose,22.842,34.671,49.622,20.328
4435,152.196,2.782,2.698,bbox,22.842,34.671,49.622,20.384
4436,152.231,2.806,2.719,bbox,22.842,34.671,49.622,20.384
4437,152.265,2.156,2.719,pose,22.842,34.671,49.622,20.384
4438,152.299,2.819,2.782,bbox,22.842,34.671,49.622,20.384
4439,152.334,2.79,2.79,bbox,22.842,34.671,49.622,20.384
4440,152.368,2.171,2.79,pose,22.842,34.671,49.622,20.384
4441,152.402,2.722,2.722,bbox,22.842,34.671,49.662,20.384
4442,152.437,2.675,2.722,bbox,22.842,34.671,49.662,20.384
4443,152.471,2.032,2.675,pose,22.842,34.671,49.662,20.384
4444,152.505,2.605,2.605,bbox,22.842,34.671,49.7,20.384
4445,152.539,2.603,2.605,bbox,22.842,34.671,49.7,20.384
4446,152.574,2.021,2.603,pose,22.842,34.671,49.7,20.384
4447,152.608,2.592,2.592,bbox,22.842,34.671,49.7,20.384
4448,152.642,2.59,2.592,bbox,22.842,34.671,49.7,20.384
4449,152.677,2.03,2.59,pose,22.842,34.671,49.7,20.384
4450,152.711,2.616,2.59,bbox,22.842,34.671,49.7,20.384
4451,152.745,2.6,2.592,bbox,22.842,34.671,49.7,20.384
4452,152.78,1.994,2.59,pose,22.842,34.671,49.7,20.384
4453,152.814,2.569,2.569,bbox,22.842,34.671,49.7,20.419
4454,152.848,2.581,2.581,bbox,22.842,34.671,49.7,20.419
4455,152.883,2.048,2.569,pose,22.842,34.671,49.7,20.419
4456,152.917,2.658,2.569,bbox,22.842,34.671,49.7,20.419
4457,152.951,2.673,2.581,bbox,22.842,34.671,49.7,20.419
4458,152.986,2.138,2.581,pose,22.842,34.671,49.7,20.455
4459,153.02,2.779,2.658,bbox,22.842,34.671,49.7,20.455
4460,153.054,2.783,2.673,bbox,22.842,34.671,49.7,20.455
4461,153.089,2.118,2.673,pose,22.842,34.671,49.7,20.455
4462,153.123,2.749,2.749,bbox,22.842,34.671,49.7,20.455
4463,153.157,2.68,2.749,bbox,22.842,34.671,49.7,20.455
4464,153.191,2.033,2.68,pose,22.842,34.671,49.733,20.455
4465,153.226,2.547,2.547,bbox,22.842,34.671,49.733,20.455
4466,153.26,2.502,2.547,bbox,22.872,34.671,49.733,20.455
4467,153.294,2.005,2.502,pose,22.872,34.671,49.733,20.455
4468,153.329,2.421,2.421,bbox,22.872,34.671,49.774,20.455
4469,153.363,2.422,2.422,bbox,22.872,34.671,49.774,20.455
4470,153.397,2.016,2.421,pose,22.872,34.671,49.774,20.455
4471,153.432,2.435,2.421,bbox,22.872,34.671,49.774,20.455
4472,153.466,2.449,2.422,bbox,22.872,34.671,49.774,20.455
4473,153.5,1.978,2.422,pose,22.872,34.671,49.774,20.455
4474,153.535,2.491,2.435,bbox,22.872,34.671,49.774,20.455
4475,153.569,2.536,2.449,bbox,22.872,34.671,49.774,20.455
4476,153.603,2.052,2.449,pose,22.872,34.671,49.774,20.455
4477,153.638,2.661,2.491,bbox,22.872,34.671,49.774,20.455
4478,153.672,2.713,2.536,bbox,22.872,34.671,49.774,20.455
4479,153.706,2.16,2.536,pose,22.872,34.671,49.774,20.455
4480,153.741,2.805,2.661,bbox,22.872,34.671,49.774,20.508
4481,153.775,2.832,2.713,bbox,22.872,34.671,49.774,20.508
4482,153.809,2.198,2.713,pose,22.872,34.671,49.774,20.508
4483,153.844,2.846,2.805,bbox,22.872,34.671,49.774,20.508
4484,153.878,2.824,2.824,bbox,22.872,34.671,49.774,20.508
4485,153.912,2.217,2.824,pose,22.872,34.671,49.774,20.508
4486,153.946,2.768,2.768,bbox,22.872,34.671,49.774,20.508
4487,153.981,2.731,2.768,bbox,22.872,34.671,49.774,20.508
4488,154.015,2.437,2.731,pose,22.872,34.671,49.774,20.508
4489,154.049,2.694,2.694,bbox,22.872,34.671,49.774,20.508
4490,154.084,2.679,2.694,bbox,22.872,34.671,49.774,20.508
4491,154.118,2.13,2.679,pose,22.872,34.671,49.774,20.508
4492,154.152,2.676,2.676,bbox,22.872,34.671,49.774,20.508
4493,154.187,2.655,2.676,bbox,22.872,34.671,49.774,20.508
4494,154.221,2.052,2.655,pose,22.872,34.671,49.774,20.508
4495,154.255,2.634,2.634,bbox,22.872,34.671,49.774,20.508
4496,154.29,2.64,2.64,bbox,22.872,34.671,49.774,20.508
4497,154.324,1.862,2.634,pose,22.872,34.671,49.845,20.508
4498,154.358,2.614,2.614,bbox,22.872,34.671,49.845,20.508
4499,154.393,2.504,2.614,bbox,22.872,34.671,49.845,20.508
4500,154.427,1.542,2.504,pose,22.872,34.671,49.913,20.508
4501,154.461,2.407,2.407,bbox,22.872,34.671,49.963,20.508
4502,154.496,2.346,2.407,bbox,22.872,34.671,50.029,20.508
4503,154.53,2.267,2.346,bbox,22.909,34.671,50.029,20.508
4504,154.564,2.118,2.267,bbox,22.909,34.671,50.097,20.508
4505,154.598,2.022,2.267,bbox,22.953,34.671,50.209,20.508
4506,154.633,1.479,2.118,pose,23.003,34.671,50.253,20.508
4507,154.667,1.826,2.022,bbox,23.003,34.671,50.301,20.508
4508,154.701,1.67,1.826,bbox,23.043,34.671,50.301,20.508
4509,154.736,1.541,1.67,bbox,23.123,34.671,50.382,20.508
4510,154.77,1.337,1.541,bbox,23.123,34.671,50.382,20.508
4511,154.804,1.301,1.541,bbox,23.2,34.671,50.382,20.508
4512,154.839,1.197,1.337,pose,23.253,34.671,50.382,20.508
4513,154.873,1.212,1.301,bbox,23.253,34.671,50.382,20.508
4514,154.907,1.15,1.212,bbox,23.329,34.671,50.42,20.508
4515,154.942,0.843,1.197,pose,23.329,34.671,50.42,20.545
4516,154.976,1.189,1.189,bbox,23.329,34.671,50.42,20.545
4517,155.01,1.268,1.189,bbox,23.329,34.671,50.42,20.545
4518,155.045,0.85,1.15,pose,23.329,34.671,50.42,20.62
4519,155.079,1.308,1.189,bbox,23.329,34.671,50.42,20.658
4520,155.113,1.336,1.268,bbox,23.329,34.671,50.42,20.658
4521,155.148,0.87,1.268,pose,23.329,34.671,50.42,20.658
4522,155.182,1.357,1.308,bbox,23.361,34.671,50.42,20.658
4523,155.216,1.363,1.336,bbox,23.361,34.671,50.42,20.699
4524,155.251,0.911,1.336,pose,23.361,34.671,50.42,20.699
4525,155.285,1.246,1.246,bbox,23.361,34.671,50.42,20.699
4526,155.319,1.267,1.267,bbox,23.361,34.671,50.42,20.699
4527,155.353,1.035,1.246,pose,23.361,34.671,50.42,20.699
4528,155.388,1.293,1.246,bbox,23.395,34.671,50.42,20.731
4529,155.422,1.336,1.267,bbox,23.395,34.671,50.42,20.731
4530,155.456,1.245,1.267,pose,23.395,34.671,50.42,20.772
4531,155.491,1.335,1.293,bbox,23.395,34.671,50.42,20.772
4532,155.525,1.309,1.309,bbox,23.395,34.671,50.42,20.772
4533,155.559,1.278,1.309,pose,23.395,34.671,50.42,20.772
4534,155.594,1.283,1.283,bbox,23.395,34.671,50.42,20.772
4535,155.628,1.27,1.283,bbox,23.395,34.671,50.45,20.772
4536,155.662,1.316,1.283,pose,23.395,34.671,50.45,20.772
4537,155.697,1.266,1.278,bbox,23.395,34.671,50.491,20.772
4538,155.731,1.288,1.283,bbox,23.395,34.671,50.491,20.772
4539,155.765,1.326,1.288,pose,23.395,34.671,50.491,20.772
4540,155.8,1.324,1.316,bbox,23.395,34.702,50.491,20.772
4541,155.834,1.364,1.324,bbox,23.395,34.702,50.491,20.772
4542,155.868,1.34,1.326,pose,23.395,34.702,50.491,20.772
4543,155.903,1.422,1.34,bbox,23.395,34.702,50.491,20.82
4544,155.937,1.461,1.364,bbox,23.395,34.702,50.491,20.82
4545,155.971,,,,23.395,34.702,50.491,20.82
4546,156.005,,,,23.395,34.702,50.491,20.82
4547,156.04,,,,23.395,34.702,50.491,20.82
4548,156.074,3.859,1.422,pose,23.395,34.702,50.491,20.82
4549,156.108,4.01,1.461,bbox,23.395,34.744,50.491,20.881
4550,156.143,4.011,3.859,bbox,23.395,34.744,50.491,20.881
4551,156.177,3.8,3.859,pose,23.395,34.744,50.491,20.881
4552,156.211,4.007,4.007,bbox,23.395,34.744,50.491,20.881
4553,156.246,4.004,4.007,bbox,23.395,34.744,50.491,20.881
4554,156.28,3.747,4.004,pose,23.395,34.744,50.491,20.881
4555,156.314,4.019,4.004,bbox,23.395,34.744,50.491,20.881
4556,156.349,4.045,4.007,bbox,23.395,34.744,50.491,20.881
4557,156.383,3.769,4.004,pose,23.395,34.744,50.491,20.881
4558,156.417,4.061,4.019,bbox,23.395,34.744,50.491,20.923
4559,156.452,4.064,4.045,bbox,23.395,34.744,50.491,20.923
4560,156.486,3.74,4.045,pose,23.395,34.744,50.491,20.923
4561,156.52,4.025,4.025,bbox,23.395,34.744,50.491,20.923
4562,156.555,4.014,4.025,bbox,23.395,34.744,50.491,20.923
4563,156.589,3.714,4.014,pose,23.395,34.744,50.491,20.923
4564,156.623,3.954,3.954,bbox,23.395,34.744,50.491,20.923
4565,156.658,3.89,3.954,bbox,23.395,34.744,50.491,20.923
4566,156.692,3.653,3.89,pose,23.395,34.744,50.491,20.923
4567,156.726,3.831,3.831,bbox,23.43,34.744,50.491,20.923
4568,156.76,3.796,3.831,bbox,23.43,34.744,50.547,20.923
4569,156.795,3.459,3.796,pose,23.43,34.744,50.547,20.923
4570,156.829,3.788,3.788,bbox,23.43,34.744,50.614,20.923
4571,156.863,3.795,3.795,bbox,23.43,34.744,50.614,20.923
4572,156.898,3.319,3.788,pose,23.43,34.744,50.614,20.923
4573,156.932,3.773,3.773,bbox,23.43,34.744,50.653,20.923
4574,156.966,3.774,3.774,bbox,23.43,34.744,50.653,20.923
4575,157.001,3.242,3.773,pose,23.43,34.744,50.653,20.923
4576,157.035,3.787,3.773,bbox,23.43,34.744,50.69,20.923
4577,157.069,3.754,3.773,bbox,23.43,34.744,50.69,20.923
4578,157.104,3.157,3.754,pose,23.43,34.744,50.69,20.923
4579,157.138,3.645,3.645,bbox,23.479,34.744,50.69,20.923
4580,157.172,3.575,3.645,bbox,23.479,34.744,50.727,20.923
4581,157.207,3.066,3.575,pose,23.479,34.744,50.774,20.923
4582,157.241,3.464,3.464,bbox,23.51,34.744,50.774,20.923
4583,157.275,3.393,3.464,bbox,23.51,34.744,50.885,20.923
4584,157.31,3.032,3.393,pose,23.51,34.744,50.885,20.923
4585,157.344,3.249,3.249,bbox,23.51,34.744,50.885,20.923
4586,157.378,3.191,3.249,bbox,23.51,34.744,50.94,20.923
4587,157.412,3.206,3.206,bbox,23.51,34.744,50.985,20.923
4588,157.447,3.143,3.191,bbox,23.51,34.744,50.985,20.923
4589,157.481,3.08,3.191,bbox,23.51,34.744,51.05,20.923
4590,157.515,2.795,3.143,pose,23.51,34.744,51.05,20.923
4591,157.55,3.01,3.08,bbox,23.51,34.744,51.05,20.923
4592,157.584,2.966,3.01,bbox,23.51,34.744,51.094,20.923
4593,157.618,2.639,2.966,pose,23.51,34.744,51.094,20.923
4594,157.653,2.873,2.873,bbox,23.551,34.744,51.135,20.923
4595,157.687,2.879,2.879,bbox,23.582,34.744,51.189,20.923
4596,157.721,2.86,2.873,bbox,23.614,34.744,51.189,20.923
4597,157.756,2.861,2.861,bbox,23.614,34.744,51.266,20.923
4598,157.79,2.838,2.861,bbox,23.653,34.744,51.266,20.923
4599,157.824,2.264,2.86,pose,23.653,34.744,51.266,20.923
4600,157.859,2.763,2.838,bbox,23.653,34.744,51.266,20.923
4601,157.893,2.729,2.763,bbox,23.686,34.744,51.266,20.923
4602,157.927,2.133,2.729,pose,23.686,34.744,51.266,20.923
4603,157.962,2.645,2.645,bbox,23.731,34.744,51.266,20.923
4604,157.996,2.639,2.645,bbox,23.731,34.744,51.266,20.923
4605,158.03,2.124,2.639,pose,23.731,34.744,51.266,20.923
4606,158.065,2.63,2.63,bbox,23.731,34.744,51.266,20.923
4607,158.099,2.629,2.63,bbox,23.731,34.744,51.266,20.923
4608,158.133,2.2,2.629,pose,23.731,34.744,51.266,20.923
4609,158.167,2.644,2.629,bbox,23.731,34.744,51.266,20.923
4610,158.202,2.663,2.63,bbox,23.731,34.744,51.266,20.923
4611,158.236,2.238,2.629,pose,23.731,34.744,51.266,20.923
4612,158.27,2.664,2.644,bbox,23.774,34.744,51.266,20.923
4613,158.305,2.679,2.663,bbox,23.774,34.744,51.266,20.923
4614,158.339,2.201,2.663,pose,23.774,34.744,51.266,20.923
4615,158.373,2.668,2.664,bbox,23.774,34.744,51.266,20.923
4616,158.408,2.707,2.668,bbox,23.774,34.744,51.266,20.923
4617,158.442,2.19,2.668,pose,23.774,34.744,51.266,20.923
4618,158.476,2.794,2.668,bbox,23.774,34.784,51.266,20.923
4619,158.511,2.833,2.707,bbox,23.774,34.784,51.266,20.923
4620,158.545,2.253,2.707,pose,23.774,34.784,51.266,20.923
4621,158.579,2.906,2.794,bbox,23.774,34.784,51.266,20.923
4622,158.614,2.925,2.833,bbox,23.774,34.784,51.266,20.923
4623,158.648,2.3,2.833,pose,23.774,34.784,51.266,20.923
4624,158.682,2.919,2.906,bbox,23.774,34.784,51.266,20.923
4625,158.717,2.905,2.906,bbox,23.774,34.784,51.266,20.923
4626,158.751,2.262,2.905,pose,23.774,34.784,51.266,20.923
4627,158.785,2.867,2.867,bbox,23.774,34.784,51.266,20.923
4628,158.819,2.857,2.867,bbox,23.774,34.784,51.266,20.923
4629,158.854,2.256,2.857,pose,23.774,34.784,51.266,20.923
4630,158.888,2.882,2.857,bbox,23.774,34.784,51.266,20.923
4631,158.922,2.915,2.867,bbox,23.774,34.784,51.266,20.923
4632,158.957,2.306,2.857,pose,23.774,34.784,51.266,20.923
4633,158.991,2.965,2.882,bbox,23.774,34.784,51.266,20.923
4634,159.025,2.96,2.915,bbox,23.774,34.784,51.266,20.923
4635,159.06,2.33,2.915,pose,23.774,34.784,51.266,20.923
4636,159.094,2.965,2.96,bbox,23.774,34.784,51.266,20.923
4637,159.128,2.94,2.96,bbox,23.774,34.784,51.266,20.923
4638,159.163,2.286,2.94,pose,23.774,34.784,51.266,20.923
4639,159.197,2.911,2.911,bbox,23.774,34.784,51.266,20.923
4640,159.231,2.924,2.924,bbox,23.774,34.784,51.266,20.923
4641,159.266,2.313,2.911,pose,23.774,34.784,51.266,20.923
4642,159.3,3.011,2.911,bbox,23.774,34.784,51.266,20.923
4643,159.334,3.03,2.924,bbox,23.774,34.784,51.266,20.923
4644,159.369,2.399,2.924,pose,23.774,34.784,51.266,20.923
4645,159.403,3.066,3.011,bbox,23.774,34.784,51.266,20.923
4646,159.437,3.046,3.03,bbox,23.774,34.784,51.266,20.953
4647,159.472,2.24,3.03,pose,23.774,34.784,51.266,20.953
4648,159.506,2.988,2.988,bbox,23.819,34.784,51.266,20.953
4649,159.54,2.909,2.988,bbox,23.849,34.784,51.266,20.953
4650,159.574,2.108,2.909,pose,23.885,34.784,51.266,20.953
4651,159.609,2.77,2.77,bbox,23.885,34.784,51.266,20.953
4652,159.643,2.702,2.77,bbox,23.885,34.784,51.266,20.953
4653,159.677,2.128,2.702,pose,23.965,34.784,51.266,20.953
4654,159.712,2.652,2.652,bbox,23.965,34.784,51.266,20.953
4655,159.746,2.625,2.652,bbox,24.044,34.784,51.266,20.953
4656,159.78,2.674,2.652,bbox,24.169,34.784,51.266,20.953
4657,159.815,2.661,2.652,bbox,24.218,34.784,51.266,21.018
4658,159.849,2.695,2.661,bbox,24.218,34.784,51.266,21.018
4659,159.883,1.949,2.661,pose,24.218,34.784,51.266,21.018
4660,159.918,2.713,2.674,bbox,24.256,34.784,51.266,21.074
4661,159.952,2.669,2.669,bbox,24.256,34.784,51.266,21.074
4662,159.986,1.94,2.669,pose,24.256,34.784,51.266,21.074
4663,160.021,2.813,2.669,bbox,24.256,34.784,51.266,21.074
4664,160.055,2.927,2.713,bbox,24.256,34.784,51.266,21.139
4665,160.089,2.372,2.669,pose,24.256,34.784,51.266,21.244
4666,160.124,3.071,2.813,bbox,24.256,34.784,51.266,21.279
4667,160.158,3.11,2.927,bbox,24.256,34.784,51.266,21.331
4668,160.192,2.542,2.927,pose,24.256,34.784,51.266,21.417
4669,160.226,3.123,3.071,bbox,24.256,34.815,51.266,21.456
4670,160.261,3.227,3.11,bbox,24.256,34.815,51.266,21.456
4671,160.295,2.621,3.11,pose,24.256,34.815,51.266,21.582
4672,160.329,3.326,3.123,bbox,24.256,34.815,51.266,21.582
4673,160.364,3.348,3.227,bbox,24.256,34.815,51.266,21.582
4674,160.398,2.601,3.227,pose,24.256,34.815,51.266,21.582
4675,160.432,3.318,3.318,bbox,24.256,34.815,51.266,21.582
4676,160.467,3.26,3.318,bbox,24.256,34.815,51.266,21.582
4677,160.501,2.503,3.26,pose,24.256,34.815,51.266,21.582
4678,160.535,3.197,3.197,bbox,24.256,34.815,51.266,21.582
4679,160.57,3.197,3.197,bbox,24.256,34.815,51.266,21.582
4680,160.604,2.534,3.197,pose,24.256,34.815,51.266,21.582
4681,160.638,3.221,3.197,bbox,24.256,34.815,51.266,21.582
4682,160.673,3.27,3.197,bbox,24.256,34.815,51.266,21.623
4683,160.707,2.619,3.197,pose,24.256,34.815,51.266,21.623
4684,160.741,3.353,3.221,bbox,24.256,34.85,51.266,21.623
4685,160.776,3.358,3.27,bbox,24.256,34.85,51.266,21.623
4686,160.81,2.669,3.27,pose,24.256,34.85,51.266,21.623
4687,160.844,3.393,3.353,bbox,24.256,34.85,51.266,21.623
4688,160.879,3.381,3.358,bbox,24.256,34.85,51.266,21.623
4689,160.913,2.643,3.358,pose,24.256,34.85,51.266,21.623
4690,160.947,3.315,3.315,bbox,24.256,34.85,51.266,21.623
4691,160.981,3.265,3.315,bbox,24.256,34.85,51.266,21.623
4692,161.016,2.574,3.265,pose,24.256,34.85,51.266,21.623
4693,161.05,3.236,3.236,bbox,24.256,34.85,51.266,21.623
4694,161.084,3.22,3.236,bbox,24.256,34.85,51.266,21.623
4695,161.119,2.632,3.22,pose,24.256,34.85,51.266,21.623
4696,161.153,3.22,3.22,bbox,24.256,34.85,51.266,21.623
4697,161.187,3.214,3.22,bbox,24.256,34.85,51.266,21.623
4698,161.222,2.635,3.214,pose,24.256,34.85,51.266,21.623
4699,161.256,3.243,3.214,bbox,24.298,34.85,51.266,21.623
4700,161.29,3.242,3.22,bbox,24.298,34.85,51.266,21.623
4701,161.325,2.672,3.214,pose,24.298,34.85,51.266,21.623
4702,161.359,3.263,3.242,bbox,24.298,34.85,51.266,21.623
4703,161.393,3.267,3.243,bbox,24.298,34.85,51.266,21.623
4704,161.428,2.63,3.242,pose,24.298,34.85,51.266,21.623
4705,161.462,3.213,3.213,bbox,24.298,34.85,51.266,21.623
4706,161.496,3.159,3.213,bbox,24.298,34.85,51.266,21.623
4707,161.531,2.409,3.159,pose,24.298,34.85,51.266,21.623
4708,161.565,3.08,3.08,bbox,24.298,34.85,51.266,21.623
4709,161.599,3.075,3.08,bbox,24.298,34.85,51.266,21.623
4710,161.633,2.207,3.075,pose,24.298,34.85,51.266,21.623
4711,161.668,3.039,3.039,bbox,24.331,34.85,51.329,21.623
4712,161.702,3.05,3.05,bbox,24.331,34.85,51.329,21.623
4713,161.736,2.157,3.039,pose,24.366,34.85,51.329,21.623
4714,161.771,3.001,3.001,bbox,24.366,34.85,51.36,21.623
4715,161.805,2.941,3.001,bbox,24.366,34.85,51.36,21.623
4716,161.839,2.032,2.941,pose,24.43,34.85,51.36,21.623
4717,161.874,2.905,2.905,bbox,24.43,34.85,51.36,21.623
4718,161.908,2.778,2.905,bbox,24.462,34.85,51.36,21.623
4719,161.942,1.985,2.778,pose,24.503,34.85,51.415,21.623
4720,161.977,2.699,2.699,bbox,24.503,34.85,51.506,21.623
4721,162.011,2.663,2.699,bbox,24.503,34.85,51.537,21.623
4722,162.045,1.918,2.663,pose,24.503,34.85,51.537,21.623
4723,162.08,2.612,2.612,bbox,24.503,34.85,51.6,21.623
4724,162.114,2.588,2.612,bbox,24.503,34.85,51.6,21.623
4725,162.148,2.246,2.588,pose,24.503,34.85,51.64,21.623
4726,162.183,2.634,2.588,bbox,24.503,34.85,51.674,21.623
4727,162.217,2.728,2.612,bbox,24.503,34.85,51.674,21.623
4728,162.251,2.261,2.588,pose,24.503,34.912,51.674,21.623
4729,162.286,2.856,2.634,bbox,24.503,34.992,51.674,21.656
4730,162.32,2.936,2.728,bbox,24.503,35.046,51.674,21.69
4731,162.354,2.386,2.728,pose,24.503,35.046,51.674,21.69
4732,162.388,3.163,2.856,bbox,24.503,35.089,51.674,21.69
4733,162.423,3.282,2.936,bbox,24.503,35.144,51.674,21.773
4734,162.457,2.399,2.936,pose,24.503,35.196,51.674,21.773
4735,162.491,3.378,3.163,bbox,24.503,35.196,51.674,21.773
4736,162.526,3.444,3.282,bbox,24.503,35.196,51.674,21.773
4737,162.56,2.522,3.282,pose,24.503,35.245,51.674,21.773
4738,162.594,3.472,3.378,bbox,24.503,35.245,51.674,21.773
4739,162.629,3.473,3.444,bbox,24.503,35.245,51.674,21.773
4740,162.663,2.479,3.444,pose,24.503,35.29,51.674,21.773
4741,162.697,3.389,3.389,bbox,24.503,35.29,51.674,21.773
4742,162.732,3.404,3.404,bbox,24.503,35.29,51.674,21.773
4743,162.766,2.551,3.389,pose,24.503,35.29,51.674,21.773
4744,162.8,3.252,3.252,bbox,24.503,35.333,51.674,21.773
4745,162.835,3.195,3.252,bbox,24.503,35.333,51.8,21.773
4746,162.869,2.534,3.195,pose,24.503,35.333,51.8,21.773
4747,162.903,3.083,3.083,bbox,24.503,35.333,51.8,21.773
4748,162.938,3.05,3.083,bbox,24.503,35.333,51.866,21.773
4749,162.972,2.542,3.05,pose,24.503,35.333,51.945,21.773
4750,163.006,3.037,3.037,bbox,24.503,35.333,51.979,21.773
4751,163.04,3.046,3.046,bbox,24.503,35.333,52.015,21.773
4752,163.075,2.341,3.037,pose,24.503,35.333,52.085,21.773
4753,163.109,2.969,2.969,bbox,24.503,35.333,52.123,21.773
4754,163.143,2.991,2.991,bbox,24.503,35.333,52.123,21.773
4755,163.178,2.153,2.969,pose,24.503,35.382,52.251,21.773
4756,163.212,2.835,2.835,bbox,24.503,35.413,52.294,21.773
4757,163.246,2.862,2.862,bbox,24.503,35.413,52.356,21.773
4758,163.281,2.049,2.835,pose,24.503,35.413,52.356,21.773
4759,163.315,2.946,2.835,bbox,24.503,35.462,52.4,21.773
4760,163.349,2.868,2.862,bbox,24.503,35.462,52.502,21.773
4761,163.384,2.86,2.862,bbox,24.503,35.462,52.582,21.773
4762,163.418,2.879,2.868,bbox,24.503,35.462,52.582,21.773
4763,163.452,2.908,2.879,bbox,24.503,35.53,52.662,21.773
4764,163.487,1.878,2.868,pose,24.503,35.53,52.703,21.773
4765,163.521,2.735,2.86,bbox,24.503,35.567,52.785,21.773
4766,163.555,2.723,2.735,bbox,24.503,35.567,52.785,21.773
4767,163.59,1.804,2.723,pose,24.503,35.601,52.785,21.773
4768,163.624,2.647,2.647,bbox,24.503,35.601,52.857,21.773
4769,163.658,2.672,2.672,bbox,24.503,35.663,52.857,21.773
4770,163.693,2.665,2.665,bbox,24.503,35.757,52.965,21.773
4771,163.727,2.558,2.647,bbox,24.503,35.757,52.965,21.773
4772,163.761,2.461,2.647,bbox,24.503,35.828,53.01,21.773
4773,163.795,2.329,2.558,pose,24.503,35.828,53.075,21.773
4774,163.83,2.331,2.461,bbox,24.503,35.828,53.17,21.773
4775,163.864,2.287,2.331,bbox,24.503,35.884,53.254,21.773
4776,163.898,2.271,2.329,pose,24.503,35.931,53.254,21.773
4777,163.933,2.384,2.329,bbox,24.503,35.978,53.397,21.773
4778,163.967,2.432,2.331,bbox,24.503,36.062,53.451,21.773
4779,164.001,2.254,2.287,pose,24.503,36.062,53.451,21.773
4780,164.036,2.502,2.384,bbox,24.503,36.1,53.451,21.773
4781,164.07,2.558,2.432,bbox,24.503,36.157,53.451,21.773
4782,164.104,2.178,2.432,pose,24.503,36.157,53.451,21.827
4783,164.139,2.678,2.502,bbox,24.503,36.157,53.451,21.827
4784,164.173,2.623,2.558,bbox,24.503,36.284,53.451,21.827
4785,164.207,2.427,2.558,pose,24.503,36.284,53.451,21.827
4786,164.242,2.615,2.615,bbox,24.503,36.284,53.451,21.827
4787,164.276,2.607,2.615,bbox,24.503,36.363,53.489,21.827
4788,164.31,2.599,2.607,bbox,24.503,36.396,53.489,21.827
4789,164.345,2.613,2.607,bbox,24.503,36.396,53.571,21.827
4790,164.379,2.649,2.613,bbox,24.503,36.396,53.571,21.827
4791,164.413,2.709,2.613,bbox,24.503,36.428,53.571,21.827
4792,164.447,2.727,2.649,bbox,24.503,36.464,53.571,21.827
4793,164.482,2.737,2.709,bbox,24.503,36.513,53.571,21.827
4794,164.516,2.716,2.716,bbox,24.503,36.513,53.571,21.827
4795,164.55,2.712,2.716,bbox,24.503,36.513,53.571,21.827
4796,164.585,2.686,2.716,bbox,24.503,36.513,53.617,21.827
4797,164.619,2.596,2.712,pose,24.503,36.513,53.653,21.827
4798,164.653,2.612,2.686,bbox,24.503,36.513,53.653,21.827
4799,164.688,2.585,2.612,bbox,24.503,36.558,53.734,21.827
4800,164.722,2.493,2.596,pose,24.503,36.558,53.781,21.827
4801,164.756,2.536,2.585,bbox,24.503,36.588,53.781,21.827
4802,164.791,2.548,2.548,bbox,24.503,36.588,53.839,21.827
4803,164.825,2.562,2.548,bbox,24.503,36.588,53.839,21.827
4804,164.859,2.759,2.548,bbox,24.503,36.588,53.913,21.827
4805,164.894,2.661,2.562,bbox,24.503,36.588,53.913,21.827
4806,164.928,,,,24.503,36.588,53.913,21.827
4807,164.962,2.616,2.616,bbox,24.503,36.588,53.913,21.827
4808,164.997,2.648,2.648,bbox,24.503,36.588,53.913,21.827
4809,165.031,2.657,2.657,bbox,24.589,36.588,53.913,21.827
4810,165.065,2.708,2.657,bbox,24.619,36.588,53.913,21.863
4811,165.1,,,,24.619,36.588,53.913,21.863
4812,165.134,2.647,2.648,bbox,24.619,36.588,53.913,21.863
4813,165.168,2.552,2.648,bbox,24.619,36.588,53.913,21.863
4814,165.202,2.752,2.657,bbox,24.706,36.588,53.913,21.983
4815,165.237,,,,24.706,36.588,53.913,21.983
4816,165.271,,,,24.706,36.588,53.913,21.983
4817,165.305,,,,24.706,36.588,53.913,21.983
4818,165.34,2.976,2.708,pose,24.706,36.588,53.913,21.983
4819,165.374,3.266,2.752,bbox,24.767,36.588,53.913,22.056
4820,165.408,,,,24.767,36.588,53.913,22.056
4821,165.443,3.243,2.976,bbox,24.767,36.588,53.913,22.116
4822,165.477,,,,24.767,36.588,53.913,22.116
4823,165.511,3.138,3.138,bbox,24.767,36.625,53.913,22.147
4824,165.546,,,,24.767,36.625,53.913,22.147
4825,165.58,2.954,3.138,bbox,24.767,36.625,53.913,22.147
4826,165.614,2.9,3.138,bbox,24.767,36.625,53.943,22.147
4827,165.649,2.821,2.954,bbox,24.767,36.625,54.002,22.147
4828,165.683,2.763,2.9,bbox,24.767,36.625,54.083,22.147
4829,165.717,2.604,2.821,bbox,24.767,36.656,54.214,22.147
4830,165.752,2.538,2.763,bbox,24.767,36.656,54.214,22.147
4831,165.786,2.403,2.604,bbox,24.767,36.656,54.346,22.147
4832,165.82,2.311,2.538,bbox,24.767,36.656,54.407,22.147
4833,165.854,2.295,2.403,bbox,24.767,36.656,54.407,22.147
4834,165.889,2.295,2.311,bbox,24.767,36.656,54.407,22.147
4835,165.923,2.294,2.295,bbox,24.767,36.656,54.494,22.147
4836,165.957,2.273,2.295,pose,24.767,36.656,54.535,22.147
4837,165.992,2.264,2.294,bbox,24.767,36.694,54.584,22.147
4838,166.026,2.279,2.279,bbox,24.767,36.74,54.584,22.147
4839,166.06,2.194,2.273,bbox,24.767,36.74,54.677,22.147
4840,166.095,2.141,2.264,bbox,24.767,36.772,54.729,22.147
4841,166.129,2.08,2.194,bbox,24.767,36.772,54.83,22.147
4842,166.163,2.039,2.141,bbox,24.767,36.806,54.953,22.147
4843,166.198,1.98,2.08,bbox,24.767,36.806,54.999,22.147
4844,166.232,1.835,2.039,bbox,24.767,36.837,55.059,22.147
4845,166.266,,,,24.767,36.837,55.059,22.147
4846,166.301,1.735,1.98,bbox,24.767,36.837,55.096,22.147
4847,166.335,1.732,1.835,bbox,24.767,36.837,55.096,22.147
4848,166.369,1.693,1.735,bbox,24.767,36.9,55.096,22.147
4849,166.404,1.664,1.732,bbox,24.767,36.963,55.192,22.147
4850,166.438,1.664,1.693,bbox,24.767,36.963,55.222,22.147
4851,166.472,1.288,1.664,pose,24.767,36.963,55.271,22.147
4852,166.507,1.647,1.664,bbox,24.767,36.999,55.306,22.147
4853,166.541,1.706,1.664,bbox,24.767,37.132,55.306,22.147
4854,166.575,,,,24.767,37.132,55.306,22.147
4855,166.609,1.825,1.664,bbox,24.767,37.228,55.345,22.147
4856,166.644,1.843,1.706,bbox,24.767,37.293,55.345,22.147
4857,166.678,1.874,1.825,bbox,24.767,37.383,55.345,22.147
4858,166.712,1.91,1.843,bbox,24.767,37.426,55.398,22.147
4859,166.747,2.033,1.874,bbox,24.767,37.459,55.398,22.147
4860,166.781,2.127,1.91,bbox,24.767,37.459,55.398,22.147
4861,166.815,2.207,2.033,bbox,24.767,37.536,55.398,22.147
4862,166.85,2.336,2.127,bbox,24.767,37.597,55.398,22.147
4863,166.884,2.265,2.207,pose,24.767,37.648,55.398,22.147
4864,166.918,2.667,2.265,bbox,24.767,37.701,55.398,22.147
4865,166.953,2.702,2.336,bbox,24.767,37.785,55.398,22.178
4866,166.987,2.523,2.523,pose,24.767,37.914,55.398,22.178
4867,167.021,2.698,2.667,bbox,24.767,37.914,55.398,22.225
4868,167.056,2.805,2.698,bbox,24.767,37.946,55.398,22.225
4869,167.09,2.624,2.698,pose,24.767,37.997,55.398,22.225
4870,167.124,2.887,2.698,bbox,24.767,38.04,55.398,22.225
4871,167.159,2.866,2.805,bbox,24.767,38.04,55.398,22.258
4872,167.193,2.475,2.805,pose,24.767,38.079,55.398,22.258
4873,167.227,2.807,2.807,bbox,24.767,38.079,55.433,22.258
4874,167.261,2.797,2.807,bbox,24.767,38.079,55.433,22.258
4875,167.296,2.332,2.797,pose,24.767,38.079,55.433,22.258
4876,167.33,2.754,2.754,bbox,24.767,38.079,55.433,22.258
4877,167.364,2.759,2.759,bbox,24.767,38.079,55.463,22.258
4878,167.399,2.753,2.754,bbox,24.767,38.079,55.463,22.258
4879,167.433,2.658,2.753,bbox,24.767,38.079,55.463,22.258
4880,167.467,2.604,2.753,bbox,24.767,38.079,55.463,22.258
4881,167.502,2.095,2.658,pose,24.767,38.079,55.463,22.258
4882,167.536,2.457,2.604,bbox,24.767,38.079,55.535,22.258
4883,167.57,2.335,2.457,bbox,24.767,38.079,55.535,22.258
4884,167.605,1.891,2.335,pose,24.767,38.079,55.618,22.258
4885,167.639,2.188,2.188,bbox,24.798,38.079,55.684,22.258
4886,167.673,2.114,2.188,bbox,24.798,38.079,55.759,22.258
4887,167.708,1.818,2.114,pose,24.798,38.079,55.814,22.258
4888,167.742,2.031,2.031,bbox,24.798,38.079,55.814,22.258
4889,167.776,2.021,2.031,bbox,24.798,38.079,55.878,22.258
4890,167.811,1.57,2.021,pose,24.798,38.079,55.925,22.258
4891,167.845,1.95,1.95,bbox,24.798,38.079,55.925,22.258
4892,167.879,1.944,1.95,bbox,24.798,38.079,55.925,22.258
4893,167.914,1.278,1.944,pose,24.798,38.079,55.984,22.258
4894,167.948,1.987,1.944,bbox,24.798,38.163,56.035,22.258
4895,167.982,2.007,1.95,bbox,24.798,38.163,56.035,22.258
4896,168.016,2.0,1.987,bbox,24.798,38.193,56.132,22.258
4897,168.051,1.915,1.987,bbox,24.798,38.193,56.17,22.258
4898,168.085,,,,24.798,38.193,56.17,22.258
4899,168.119,1.029,1.987,pose,24.798,38.193,56.17,22.258
4900,168.154,1.961,1.961,bbox,24.798,38.245,56.259,22.258
4901,168.188,1.979,1.961,bbox,24.798,38.315,56.259,22.258
4902,168.222,1.161,1.915,pose,24.798,38.369,56.259,22.258
4903,168.257,1.845,1.845,bbox,24.798,38.369,56.259,22.258
4904,168.291,1.794,1.845,bbox,24.798,38.369,56.31,22.258
4905,168.325,1.293,1.794,pose,24.798,38.369,56.31,22.258
4906,168.36,1.633,1.633,bbox,24.798,38.369,56.31,22.258
4907,168.394,1.659,1.659,bbox,24.798,38.369,56.343,22.258
4908,168.428,1.102,1.633,pose,24.798,38.369,56.343,22.258
4909,168.463,1.681,1.633,bbox,24.918,38.369,56.343,22.258
4910,168.497,1.691,1.659,bbox,24.918,38.369,56.343,22.258
4911,168.531,1.113,1.659,pose,24.918,38.403,56.343,22.258
4912,168.566,1.734,1.681,bbox,24.918,38.403,56.343,22.258
4913,168.6,1.698,1.691,bbox,24.918,38.403,56.343,22.258
4914,168.634,1.087,1.691,pose,24.918,38.403,56.343,22.258
4915,168.668,1.657,1.657,bbox,24.918,38.443,56.343,22.258
4916,168.703,1.659,1.659,bbox,24.918,38.443,56.343,22.258
4917,168.737,1.101,1.657,pose,24.918,38.474,56.383,22.258
4918,168.771,1.791,1.657,bbox,24.918,38.559,56.383,22.258
4919,168.806,1.837,1.659,bbox,24.918,38.559,56.383,22.258
4920,168.84,1.142,1.659,pose,24.918,38.559,56.383,22.258
4921,168.874,1.882,1.791,bbox,24.918,38.595,56.383,22.258
4922,168.909,1.941,1.837,bbox,24.918,38.595,56.383,22.258
4923,168.943,1.389,1.837,pose,24.918,38.595,56.383,22.258
4924,168.977,2.018,1.882,bbox,24.918,38.595,56.383,22.258
4925,169.012,2.017,1.941,bbox,24.918,38.595,56.383,22.258
4926,169.046,1.879,1.941,pose,24.918,38.595,56.383,22.258
4927,169.08,2.082,2.017,bbox,24.918,38.595,56.383,22.303
4928,169.115,2.086,2.018,bbox,24.918,38.595,56.383,22.303
4929,169.149,1.727,2.017,pose,24.918,38.595,56.383,22.303
4930,169.183,2.146,2.082,bbox,24.918,38.687,56.383,22.339
4931,169.218,2.074,2.082,bbox,24.918,38.687,56.383,22.339
4932,169.252,1.697,2.074,pose,24.918,38.73,56.482,22.339
4933,169.286,2.01,2.01,bbox,24.918,38.763,56.482,22.339
4934,169.321,1.988,2.01,bbox,24.918,38.763,56.482,22.339
4935,169.355,1.744,1.988,pose,24.918,38.763,56.482,22.339
4936,169.389,1.911,1.911,bbox,24.918,38.763,56.482,22.339
4937,169.423,1.875,1.911,bbox,24.918,38.763,56.482,22.339
4938,169.458,1.867,1.875,bbox,24.957,38.763,56.482,22.339
4939,169.492,1.835,1.867,bbox,24.993,38.763,56.52,22.339
4940,169.526,1.771,1.867,bbox,24.993,38.763,56.52,22.339
4941,169.561,1.714,1.835,bbox,25.052,38.763,56.52,22.339
4942,169.595,1.615,1.771,bbox,25.1,38.763,56.52,22.388
4943,169.629,1.563,1.714,bbox,25.182,38.763,56.52,22.388
4944,169.664,1.599,1.615,bbox,25.264,38.763,56.52,22.388
4945,169.698,1.532,1.599,bbox,25.308,38.763,56.52,22.388
4946,169.732,1.583,1.583,bbox,25.344,38.763,56.52,22.443
4947,169.767,1.688,1.583,bbox,25.344,38.763,56.52,22.443
4948,169.801,1.654,1.599,bbox,25.344,38.763,56.52,22.443
4949,169.835,1.622,1.622,bbox,25.344,38.763,56.52,22.51
4950,169.87,1.597,1.622,bbox,25.44,38.763,56.52,22.51
4951,169.904,1.511,1.622,bbox,25.494,38.763,56.52,22.51
4952,169.938,1.557,1.597,bbox,25.524,38.763,56.52,22.51
4953,169.973,1.406,1.557,bbox,25.576,38.763,56.52,22.556
4954,170.007,1.57,1.557,bbox,25.576,38.763,56.52,22.556
4955,170.041,,,,25.576,38.763,56.52,22.556
4956,170.075,,,,25.576,38.763,56.52,22.556
4957,170.11,,,,25.576,38.763,56.52,22.556
4958,170.144,,,,25.576,38.763,56.52,22.556
4959,170.178,1.208,1.511,bbox,25.614,38.763,56.52,22.625
4960,170.213,1.383,1.406,bbox,25.671,38.763,56.52,22.67
4961,170.247,1.511,1.406,bbox,25.671,38.763,56.52,22.67
4962,170.281,1.61,1.511,bbox,25.671,38.763,56.52,22.67
4963,170.316,1.464,1.464,bbox,25.671,38.763,56.52,22.728
4964,170.35,1.652,1.511,bbox,25.671,38.763,56.52,22.813
4965,170.384,1.711,1.61,bbox,25.671,38.763,56.52,22.813
4966,170.419,1.629,1.629,bbox,25.671,38.763,56.52,22.878
4967,170.453,1.996,1.652,bbox,25.731,38.763,56.52,22.982
4968,170.487,2.479,1.711,bbox,25.813,38.763,56.52,23.021
4969,170.522,2.619,1.996,bbox,25.813,38.763,56.52,23.021
4970,170.556,2.659,2.479,bbox,25.813,38.763,56.52,23.021
4971,170.59,2.667,2.619,bbox,25.813,38.763,56.52,23.115
4972,170.625,2.865,2.659,bbox,25.813,38.763,56.52,23.174
4973,170.659,2.735,2.667,bbox,25.813,38.763,56.52,23.174
4974,170.693,1.863,2.667,pose,25.912,38.763,56.52,23.174
4975,170.728,,,,25.912,38.763,56.52,23.174
4976,170.762,2.813,2.735,bbox,25.912,38.763,56.52,23.174
4977,170.796,,,,25.912,38.763,56.52,23.174
4978,170.83,3.001,2.813,bbox,25.912,38.812,56.52,23.174
4979,170.865,2.74,2.74,bbox,25.912,38.812,56.52,23.222
4980,170.899,3.987,2.813,pose,25.912,38.812,56.52,23.222
4981,170.933,2.612,2.813,bbox,25.912,38.812,56.52,23.222
4982,170.968,2.575,2.74,bbox,25.912,38.812,56.52,23.222
4983,171.002,1.756,2.612,pose,25.912,38.812,56.52,23.222
4984,171.036,2.493,2.575,bbox,25.912,38.812,56.52,23.222
4985,171.071,2.365,2.493,bbox,25.912,38.812,56.52,23.222
4986,171.105,1.62,2.365,pose,25.912,38.812,56.52,23.222
4987,171.139,2.202,2.202,bbox,25.912,38.812,56.52,23.222
4988,171.174,2.18,2.202,bbox,25.912,38.812,56.621,23.222
4989,171.208,1.609,2.18,pose,25.912,38.812,56.685,23.222
4990,171.242,1.993,1.993,bbox,25.912,38.842,56.685,23.222
4991,171.277,1.933,1.993,bbox,25.912,38.842,56.818,23.222
4992,171.311,2.023,1.993,bbox,25.912,38.873,56.909,23.222
4993,171.345,1.808,1.933,bbox,25.912,38.873,56.948,23.222
4994,171.38,1.713,1.933,bbox,25.912,38.873,57.003,23.222
4995,171.414,2.146,1.933,pose,25.912,38.873,57.097,23.222
4996,171.448,1.57,1.808,bbox,25.912,38.873,57.097,23.222
4997,171.482,1.479,1.713,bbox,25.912,38.873,57.206,23.222
4998,171.517,1.581,1.581,pose,25.912,38.873,57.354,23.222
4999,171.551,1.322,1.57,bbox,25.912,38.873,57.441,23.222
5000,171.585,1.257,1.479,bbox,25.962,38.873,57.547,23.222
5001,171.62,1.145,1.322,pose,25.962,38.873,57.547,23.222
5002,171.654,1.109,1.257,bbox,26.043,38.873,57.547,23.222
5003,171.688,1.11,1.145,bbox,26.076,38.873,57.547,23.222
5004,171.723,0.985,1.11,pose,26.076,38.873,57.547,23.222
5005,171.757,1.085,1.109,bbox,26.122,38.873,57.547,23.222
5006,171.791,1.089,1.089,bbox,26.122,38.873,57.547,23.222
5007,171.826,0.983,1.085,pose,26.122,38.873,57.547,23.222
5008,171.86,1.076,1.076,bbox,26.169,38.873,57.547,23.222
5009,171.894,1.067,1.076,bbox,26.169,38.873,57.547,23.222
5010,171.929,0.943,1.067,pose,26.169,38.873,57.547,23.222
5011,171.963,1.061,1.061,bbox,26.169,38.873,57.547,23.222
5012,171.997,1.076,1.067,bbox,26.169,38.873,57.547,23.222
5013,172.032,0.989,1.061,pose,26.169,38.873,57.547,23.222
5014,172.066,1.085,1.061,bbox,26.169,38.916,57.547,23.222
5015,172.1,1.137,1.076,bbox,26.169,38.916,57.547,23.222
5016,172.135,1.004,1.076,pose,26.169,38.984,57.547,23.222
5017,172.169,1.136,1.085,bbox,26.169,38.984,57.547,23.222
5018,172.203,1.129,1.129,bbox,26.169,38.984,57.547,23.222
5019,172.237,1.037,1.129,pose,26.169,38.984,57.547,23.222
5020,172.272,1.091,1.091,bbox,26.169,38.984,57.547,23.222
5021,172.306,1.075,1.091,bbox,26.169,38.984,57.547,23.222
5022,172.34,1.048,1.075,pose,26.169,38.984,57.547,23.222
5023,172.375,1.047,1.048,bbox,26.169,38.984,57.547,23.222
5024,172.409,1.036,1.048,bbox,26.169,38.984,57.547,23.222
5025,172.443,1.08,1.048,pose,26.169,38.984,57.547,23.222
5026,172.478,1.027,1.047,bbox,26.169,38.984,57.547,23.222
5027,172.512,1.027,1.036,bbox,26.169,38.984,57.547,23.222
5028,172.546,1.02,1.027,pose,26.169,38.984,57.547,23.222
5029,172.581,1.043,1.027,bbox,26.169,38.984,57.547,23.222
5030,172.615,1.054,1.027,bbox,26.169,38.984,57.547,23.222
5031,172.649,1.019,1.027,pose,26.169,38.984,57.547,23.222
5032,172.684,1.136,1.043,bbox,26.169,38.984,57.547,23.289
5033,172.718,1.206,1.054,bbox,26.169,38.984,57.547,23.289
5034,172.752,,,,26.169,38.984,57.547,23.289
5035,172.787,,,,26.169,38.984,57.547,23.289
5036,172.821,,,,26.169,38.984,57.547,23.289
5037,172.855,4.208,1.136,pose,26.169,38.984,57.547,23.342
5038,172.889,4.389,1.206,bbox,26.169,38.984,57.547,23.342
5039,172.924,4.404,4.208,bbox,26.169,38.984,57.547,23.342
5040,172.958,4.219,4.219,pose,26.169,38.984,57.547,23.342
5041,172.992,4.427,4.389,bbox,26.169,38.984,57.547,23.342
5042,173.027,4.43,4.404,bbox,26.169,38.984,57.547,23.342
5043,173.061,4.225,4.404,pose,26.169,38.984,57.547,23.342
5044,173.095,4.444,4.427,bbox,26.169,38.984,57.547,23.342
5045,173.13,4.459,4.43,bbox,26.169,38.984,57.547,23.342
5046,173.164,4.205,4.43,pose,26.169,38.984,57.547,23.342
5047,173.198,4.411,4.411,bbox,26.169,38.984,57.547,23.342
5048,173.233,4.46,4.444,bbox,26.169,38.984,57.547,23.342
5049,173.267,4.237,4.411,pose,26.169,38.984,57.547,23.342
5050,173.301,4.473,4.411,bbox,26.169,38.984,57.547,23.342
5051,173.336,4.492,4.46,bbox,26.169,38.984,57.547,23.342
5052,173.37,4.247,4.46,pose,26.169,38.984,57.547,23.342
5053,173.404,4.466,4.466,bbox,26.169,38.984,57.547,23.342
5054,173.439,4.439,4.466,bbox,26.169,38.984,57.547,23.342
5055,173.473,4.207,4.439,pose,26.169,38.984,57.547,23.342
5056,173.507,4.419,4.419,bbox,26.169,38.984,57.547,23.342
5057,173.542,4.413,4.419,bbox,26.169,38.984,57.547,23.342
5058,173.576,4.139,4.413,pose,26.169,38.984,57.547,23.342
5059,173.61,4.42,4.413,bbox,26.169,38.984,57.547,23.342
5060,173.644,4.431,4.419,bbox,26.169,38.984,57.547,23.342
5061,173.679,4.16,4.413,pose,26.169,38.984,57.547,23.342
5062,173.713,4.443,4.42,bbox,26.169,38.984,57.547,23.342
5063,173.747,4.45,4.431,bbox,26.169,38.984,57.547,23.342
5064,173.782,4.229,4.431,pose,26.169,38.984,57.547,23.342
5065,173.816,4.472,4.443,bbox,26.169,38.984,57.547,23.342
5066,173.85,4.463,4.45,bbox,26.169,38.984,57.547,23.342
5067,173.885,4.201,4.45,pose,26.169,38.984,57.547,23.342
5068,173.919,4.481,4.463,bbox,26.169,38.984,57.547,23.342
5069,173.953,4.476,4.472,bbox,26.169,38.984,57.547,23.342
5070,173.988,4.167,4.463,pose,26.169,38.984,57.547,23.342
5071,174.022,4.488,4.476,bbox,26.169,38.984,57.547,23.342
5072,174.056,4.498,4.481,bbox,26.169,38.984,57.547,23.342
5073,174.091,4.093,4.476,pose,26.169,38.984,57.547,23.342
5074,174.125,4.49,4.488,bbox,26.169,38.984,57.547,23.342
5075,174.159,4.502,4.49,bbox,26.169,38.984,57.547,23.342
5076,174.194,3.995,4.49,pose,26.169,38.984,57.547,23.342
5077,174.228,4.421,4.421,bbox,26.169,38.984,57.547,23.342
5078,174.262,4.389,4.421,bbox,26.169,38.984,57.547,23.342
5079,174.296,3.946,4.389,pose,26.169,38.984,57.547,23.342
5080,174.331,4.42,4.389,bbox,26.169,38.984,57.547,23.342
5081,174.365,4.349,4.389,bbox,26.169,38.984,57.547,23.342
5082,174.399,3.897,4.349,pose,26.169,38.984,57.547,23.342
5083,174.434,4.317,4.317,bbox,26.169,38.984,57.547,23.342
5084,174.468,4.28,4.317,bbox,26.169,38.984,57.547,23.342
5085,174.502,3.883,4.28,pose,26.169,38.984,57.547,23.342
5086,174.537,4.229,4.229,bbox,26.169,38.984,57.547,23.342
5087,174.571,4.199,4.229,bbox,26.205,38.984,57.547,23.342
5088,174.605,3.866,4.199,pose,26.205,38.984,57.547,23.342
5089,174.64,4.121,4.121,bbox,26.205,38.984,57.547,23.342
5090,174.674,4.083,4.121,bbox,26.205,38.984,57.547,23.342
5091,174.708,3.843,4.083,pose,26.205,38.984,57.547,23.342
5092,174.743,4.054,4.054,bbox,26.246,38.984,57.547,23.342
5093,174.777,4.021,4.054,bbox,26.246,38.984,57.547,23.342
5094,174.811,3.746,4.021,pose,26.246,38.984,57.547,23.342
5095,174.846,4.037,4.021,bbox,26.246,38.984,57.547,23.342
5096,174.88,4.023,4.023,bbox,26.246,38.984,57.547,23.342
5097,174.914,3.58,4.021,pose,26.246,38.984,57.547,23.342
5098,174.949,3.986,3.986,bbox,26.246,38.984,57.547,23.342
5099,174.983,3.928,3.986,bbox,26.277,38.984,57.547,23.342
5100,175.017,3.399,3.928,pose,26.277,38.984,57.547,23.342
5101,175.051,3.898,3.898,bbox,26.33,38.984,57.615,23.342
5102,175.086,3.875,3.898,bbox,26.33,38.984,57.659,23.342
5103,175.12,3.273,3.875,pose,26.33,38.984,57.659,23.342
5104,175.154,3.854,3.854,bbox,26.33,38.984,57.718,23.342
5105,175.189,3.896,3.875,bbox,26.33,38.984,57.718,23.342
5106,175.223,3.252,3.854,pose,26.33,38.984,57.718,23.342
5107,175.257,3.918,3.854,bbox,26.33,38.984,57.718,23.342
5108,175.292,3.901,3.896,bbox,26.33,38.984,57.718,23.342
5109,175.326,3.831,3.896,bbox,26.33,38.984,57.718,23.342
5110,175.36,3.716,3.831,bbox,26.33,38.984,57.718,23.342
5111,175.395,3.629,3.831,bbox,26.36,38.984,57.753,23.342
5112,175.429,3.554,3.716,bbox,26.395,38.984,57.79,23.342
5113,175.463,3.453,3.629,bbox,26.433,38.984,57.79,23.342
5114,175.498,3.333,3.554,bbox,26.475,38.984,57.892,23.342
5115,175.532,3.282,3.453,bbox,26.512,38.984,57.892,23.342
5116,175.566,3.159,3.333,bbox,26.512,38.984,57.935,23.342
5117,175.601,3.112,3.282,bbox,26.512,38.984,57.935,23.342
5118,175.635,2.72,3.159,pose,26.512,38.984,57.935,23.342
5119,175.669,3.04,3.112,bbox,26.546,38.984,57.991,23.342
5120,175.704,2.996,3.04,bbox,26.546,38.984,57.991,23.342
5121,175.738,2.476,2.996,pose,26.546,38.984,57.991,23.342
5122,175.772,3.038,2.996,bbox,26.631,38.984,58.027,23.342
5123,175.806,3.052,3.038,bbox,26.669,38.984,58.027,23.342
5124,175.841,2.49,2.996,pose,26.669,38.984,58.027,23.342
5125,175.875,3.009,3.009,bbox,26.669,38.984,58.027,23.342
5126,175.909,2.978,3.009,bbox,26.669,38.984,58.027,23.342
5127,175.944,2.385,2.978,pose,26.669,38.984,58.027,23.342
5128,175.978,2.929,2.929,bbox,26.669,38.984,58.027,23.342
5129,176.012,2.927,2.929,bbox,26.669,38.984,58.027,23.342
5130,176.047,2.357,2.927,pose,26.669,38.984,58.027,23.342
5131,176.081,2.929,2.927,bbox,26.669,38.984,58.027,23.342
5132,176.115,2.964,2.929,bbox,26.669,38.984,58.027,23.342
5133,176.15,2.472,2.927,pose,26.669,38.984,58.027,23.342
5134,176.184,3.041,2.929,bbox,26.669,38.984,58.027,23.342
5135,176.218,3.047,2.964,bbox,26.669,38.984,58.027,23.342
5136,176.253,2.487,2.964,pose,26.669,38.984,58.027,23.342
5137,176.287,3.067,3.041,bbox,26.669,38.984,58.027,23.342
5138,176.321,3.07,3.047,bbox,26.669,38.984,58.027,23.342
5139,176.356,2.445,3.047,pose,26.669,38.984,58.027,23.342
5140,176.39,3.101,3.067,bbox,26.669,38.984,58.027,23.342
5141,176.424,3.097,3.07,bbox,26.669,38.984,58.027,23.342
5142,176.458,2.428,3.07,pose,26.669,38.984,58.027,23.342
5143,176.493,3.145,3.097,bbox,26.669,38.984,58.027,23.342
5144,176.527,3.184,3.101,bbox,26.669,38.984,58.027,23.342
5145,176.561,2.486,3.097,pose,26.669,38.984,58.027,23.342
5146,176.596,3.171,3.145,bbox,26.669,38.984,58.027,23.342
5147,176.63,3.161,3.161,bbox,26.669,38.984,58.027,23.342
5148,176.664,2.477,3.161,pose,26.669,38.984,58.027,23.342
5149,176.699,3.119,3.119,bbox,26.669,38.984,58.027,23.342
5150,176.733,3.087,3.119,bbox,26.669,38.984,58.027,23.342
5151,176.767,2.391,3.087,pose,26.669,38.984,58.027,23.342
5152,176.802,3.061,3.061,bbox,26.669,38.984,58.027,23.342
5153,176.836,3.054,3.061,bbox,26.669,38.984,58.027,23.342
5154,176.87,2.379,3.054,pose,26.669,38.984,58.027,23.342
5155,176.905,3.099,3.054,bbox,26.669,38.984,58.027,23.342
5156,176.939,3.149,3.061,bbox,26.669,38.984,58.027,23.342
5157,176.973,2.455,3.054,pose,26.669,38.984,58.027,23.342
5158,177.008,3.176,3.099,bbox,26.669,38.984,58.027,23.342
5159,177.042,3.162,3.149,bbox,26.669,38.984,58.027,23.342
5160,177.076,2.43,3.149,pose,26.669,38.984,58.027,23.342
5161,177.111,3.067,3.067,bbox,26.669,38.984,58.027,23.342
5162,177.145,3.029,3.067,bbox,26.669,38.984,58.027,23.342
5163,177.179,2.339,3.029,pose,26.669,38.984,58.027,23.342
5164,177.213,2.996,2.996,bbox,26.669,38.984,58.027,23.342
5165,177.248,3.016,3.016,bbox,26.669,38.984,58.027,23.342
5166,177.282,2.387,2.996,pose,26.669,38.984,58.027,23.342
5167,177.316,3.074,2.996,bbox,26.669,38.984,58.027,23.342
5168,177.351,3.109,3.016,bbox,26.669,38.984,58.027,23.342
5169,177.385,2.439,3.016,pose,26.669,38.984,58.027,23.342
5170,177.419,3.122,3.074,bbox,26.669,38.984,58.027,23.342
5171,177.454,3.104,3.104,bbox,26.669,38.984,58.027,23.342
5172,177.488,2.388,3.104,pose,26.669,38.984,58.027,23.342
5173,177.522,3.031,3.031,bbox,26.669,38.984,58.027,23.342
5174,177.557,2.993,3.031,bbox,26.669,38.984,58.027,23.342
5175,177.591,2.345,2.993,pose,26.669,38.984,58.027,23.342
5176,177.625,2.998,2.993,bbox,26.669,38.984,58.027,23.342
5177,177.66,3.011,2.998,bbox,26.669,38.984,58.027,23.342
5178,177.694,2.427,2.993,pose,26.669,38.984,58.027,23.342
5179,177.728,3.074,2.998,bbox,26.669,38.984,58.027,23.342
5180,177.763,3.097,3.011,bbox,26.669,38.984,58.027,23.342
5181,177.797,2.429,3.011,pose,26.669,38.984,58.027,23.342
5182,177.831,3.093,3.074,bbox,26.669,38.984,58.027,23.342
5183,177.865,2.983,3.074,bbox,26.669,38.984,58.027,23.342
5184,177.9,2.86,2.983,bbox,26.669,38.984,58.027,23.342
5185,177.934,2.748,2.86,bbox,26.714,38.984,58.027,23.342
5186,177.968,2.625,2.86,bbox,26.796,38.984,58.027,23.342
5187,178.003,2.522,2.748,bbox,26.903,38.984,58.027,23.342
5188,178.037,2.487,2.625,bbox,27.043,38.984,58.027,23.342
5189,178.071,2.464,2.522,bbox,27.171,38.984,58.027,23.342
5190,178.106,2.431,2.487,bbox,27.247,38.984,58.027,23.342
5191,178.14,2.423,2.464,bbox,27.286,38.984,58.027,23.342
5192,178.174,2.343,2.431,bbox,27.322,38.984,58.027,23.342
5193,178.209,2.262,2.423,bbox,27.357,38.984,58.027,23.342
5194,178.243,2.135,2.343,bbox,27.418,38.984,58.027,23.342
5195,178.277,2.066,2.262,bbox,27.418,38.984,58.027,23.342
5196,178.312,1.976,2.135,bbox,27.46,38.984,58.027,23.342
5197,178.346,1.902,2.066,bbox,27.52,38.984,58.083,23.342
5198,178.38,1.887,1.976,bbox,27.56,38.984,58.083,23.342
5199,178.415,1.821,1.902,bbox,27.668,38.984,58.083,23.391
5200,178.449,1.788,1.887,bbox,27.8,38.984,58.083,23.484
5201,178.483,1.567,1.821,bbox,27.945,38.984,58.083,23.484
5202,178.518,1.726,1.788,bbox,27.998,38.984,58.083,23.543
5203,178.552,,,,27.998,38.984,58.083,23.543
5204,178.586,,,,27.998,38.984,58.083,23.543
5205,178.62,1.345,1.726,bbox,27.998,38.984,58.083,23.639
5206,178.655,1.323,1.567,bbox,28.067,38.984,58.083,23.693
5207,178.689,1.363,1.363,bbox,28.198,38.984,58.083,23.743
5208,178.723,1.998,1.363,pose,28.246,38.984,58.083,23.837
5209,178.758,1.313,1.345,bbox,28.246,38.984,58.083,23.873
5210,178.792,1.27,1.323,bbox,28.299,38.984,58.122,23.873
5211,178.826,1.238,1.313,bbox,28.418,38.984,58.122,23.912
5212,178.861,1.133,1.27,bbox,28.491,38.984,58.122,23.961
5213,178.895,1.091,1.238,bbox,28.583,38.984,58.155,23.961
5214,178.929,0.978,1.133,bbox,28.686,38.984,58.155,23.961
5215,178.964,0.924,1.091,bbox,28.686,38.984,58.155,23.961
5216,178.998,0.875,0.978,bbox,28.803,38.984,58.155,23.961
5217,179.032,0.831,0.924,bbox,28.881,38.984,58.155,23.961
5218,179.067,0.799,0.875,bbox,28.925,38.984,58.155,23.961
5219,179.101,0.776,0.831,bbox,28.977,38.984,58.155,23.961
5220,179.135,0.744,0.799,bbox,29.009,38.984,58.155,23.961
5221,179.17,0.69,0.776,bbox,29.009,38.984,58.155,23.961
5222,179.204,0.697,0.744,bbox,29.009,38.984,58.155,23.961
5223,179.238,0.994,0.744,pose,29.009,38.984,58.155,23.961
5224,179.272,0.648,0.697,bbox,29.009,38.984,58.155,23.961
5225,179.307,0.649,0.69,bbox,29.009,38.984,58.155,23.961
5226,179.341,0.552,0.649,pose,29.009,38.984,58.155,23.961
5227,179.375,0.68,0.649,bbox,29.009,38.984,58.155,23.961
5228,179.41,0.694,0.649,bbox,29.009,38.984,58.155,23.961
5229,179.444,0.515,0.649,pose,29.009,38.984,58.155,23.961
5230,179.478,0.739,0.68,bbox,29.009,38.984,58.155,23.961
5231,179.513,0.764,0.694,bbox,29.009,38.984,58.155,23.961
5232,179.547,0.547,0.694,pose,29.009,38.984,58.155,23.961
5233,179.581,0.808,0.739,bbox,29.009,38.984,58.155,23.961
5234,179.616,0.832,0.764,bbox,29.009,38.984,58.155,23.961
5235,179.65,0.874,0.808,bbox,29.009,38.984,58.155,23.961
5236,179.684,0.902,0.832,bbox,29.009,38.984,58.155,23.961
5237,179.719,0.954,0.874,bbox,29.009,39.025,58.155,23.961
5238,179.753,0.956,0.902,bbox,29.009,39.025,58.155,23.961
5239,179.787,0.986,0.954,bbox,29.009,39.025,58.155,23.961
5240,179.822,1.029,0.956,bbox,29.009,39.075,58.155,23.961
5241,179.856,1.068,0.986,bbox,29.009,39.075,58.155,23.961
5242,179.89,,,,29.009,39.075,58.155,23.961
5243,179.925,,,,29.009,39.075,58.155,23.961
5244,179.959,,,,29.009,39.075,58.155,23.961
5245,179.993,1.092,1.029,bbox,29.009,39.116,58.155,23.961
