frame,time_s,distance_raw_m,distance_smooth_m,method,f1_advance_m,f1_retreat_m,f2_advance_m,f2_retreat_m
0,0.0,4.322,4.322,pose,0.0,0.0,0.0,0.0
1,0.034,4.742,4.532,bbox,0.064,0.0,0.144,0.0
2,0.069,4.766,4.742,bbox,0.124,0.0,0.272,0.0
3,0.103,4.162,4.532,pose,0.124,0.052,0.272,0.097
4,0.137,4.742,4.742,bbox,0.176,0.052,0.368,0.097
5,0.172,4.762,4.742,bbox,0.176,0.052,0.368,0.097
6,0.206,4.153,4.742,pose,0.176,0.052,0.368,0.097
7,0.24,4.726,4.726,bbox,0.176,0.052,0.368,0.097
8,0.275,4.732,4.732,bbox,0.176,0.052,0.368,0.097
9,0.309,4.177,4.726,pose,0.176,0.052,0.368,0.097
10,0.343,4.677,4.677,bbox,0.176,0.052,0.368,0.097
11,0.377,4.619,4.677,bbox,0.176,0.052,0.368,0.097
12,0.412,4.459,4.619,pose,0.176,0.052,0.462,0.097
13,0.446,4.564,4.564,bbox,0.176,0.052,0.497,0.097
14,0.48,4.615,4.615,bbox,0.176,0.052,0.497,0.097
15,0.515,4.47,4.564,pose,0.176,0.052,0.533,0.097
16,0.549,4.693,4.564,bbox,0.176,0.1,0.533,0.097
17,0.583,4.754,4.615,bbox,0.176,0.1,0.572,0.097
18,0.618,4.066,4.615,pose,0.176,0.1,0.572,0.097
19,0.652,4.675,4.675,bbox,0.176,0.139,0.632,0.097
20,0.686,4.611,4.675,bbox,0.176,0.139,0.7,0.097
21,0.721,4.064,4.611,pose,0.176,0.139,0.7,0.097
22,0.755,4.616,4.611,bbox,0.176,0.139,0.7,0.097
23,0.789,4.586,4.611,bbox,0.176,0.139,0.75,0.097
24,0.824,4.071,4.586,pose,0.176,0.139,0.75,0.097
25,0.858,4.55,4.55,bbox,0.176,0.139,0.805,0.097
26,0.892,4.534,4.55,bbox,0.176,0.139,0.805,0.097
27,0.927,4.031,4.534,pose,0.176,0.139,0.805,0.097
28,0.961,4.558,4.534,bbox,0.176,0.139,0.805,0.097
29,0.995,4.591,4.55,bbox,0.176,0.139,0.805,0.097
30,1.03,3.999,4.534,pose,0.176,0.139,0.805,0.097
31,1.064,4.55,4.55,bbox,0.176,0.139,0.805,0.097
32,1.098,4.529,4.55,bbox,0.176,0.139,0.805,0.097
33,1.132,3.983,4.529,pose,0.176,0.139,0.805,0.097
34,1.167,4.583,4.529,bbox,0.176,0.139,0.805,0.097
35,1.201,4.549,4.549,bbox,0.176,0.139,0.805,0.097
36,1.235,3.955,4.529,pose,0.176,0.139,0.805,0.097
37,1.27,4.52,4.52,bbox,0.176,0.139,0.805,0.097
38,1.304,4.531,4.531,bbox,0.176,0.139,0.805,0.097
39,1.338,3.916,4.52,pose,0.176,0.139,0.805,0.097
40,1.373,4.487,4.487,bbox,0.176,0.139,0.805,0.097
41,1.407,4.459,4.487,bbox,0.176,0.139,0.805,0.097
42,1.441,3.901,4.459,pose,0.176,0.139,0.805,0.097
43,1.476,4.453,4.453,bbox,0.176,0.139,0.805,0.097
44,1.51,4.425,4.453,bbox,0.176,0.139,0.805,0.097
45,1.544,3.896,4.425,pose,0.176,0.139,0.805,0.097
46,1.579,4.396,4.396,bbox,0.176,0.139,0.805,0.097
47,1.613,4.387,4.396,bbox,0.176,0.139,0.805,0.097
48,1.647,3.89,4.387,pose,0.176,0.139,0.805,0.097
49,1.682,4.342,4.342,bbox,0.176,0.139,0.853,0.097
50,1.716,4.328,4.342,bbox,0.176,0.139,0.853,0.097
51,1.75,3.896,4.328,pose,0.176,0.139,0.853,0.097
52,1.784,4.376,4.328,bbox,0.176,0.139,0.853,0.097
53,1.819,4.407,4.342,bbox,0.176,0.139,0.853,0.097
54,1.853,3.942,4.328,pose,0.176,0.139,0.853,0.097
55,1.887,4.448,4.376,bbox,0.176,0.139,0.853,0.127
56,1.922,4.478,4.407,bbox,0.176,0.139,0.853,0.127
57,1.956,3.961,4.407,pose,0.176,0.139,0.853,0.127
58,1.99,4.532,4.448,bbox,0.176,0.139,0.853,0.174
59,2.025,4.569,4.478,bbox,0.176,0.139,0.853,0.174
60,2.059,3.931,4.478,pose,0.176,0.139,0.853,0.228
61,2.093,4.481,4.481,bbox,0.176,0.139,0.853,0.228
62,2.128,4.42,4.481,bbox,0.176,0.139,0.853,0.228
63,2.162,3.9,4.42,pose,0.176,0.139,0.853,0.228
64,2.196,4.316,4.316,bbox,0.211,0.139,0.853,0.228
65,2.231,4.278,4.316,bbox,0.249,0.139,0.853,0.228
66,2.265,4.192,4.278,bbox,0.307,0.139,0.853,0.228
67,2.299,4.126,4.192,bbox,0.357,0.139,0.893,0.228
68,2.334,4.048,4.192,bbox,0.425,0.139,0.893,0.228
69,2.368,3.86,4.126,pose,0.425,0.139,0.893,0.228
70,2.402,3.949,4.048,bbox,0.489,0.139,0.893,0.228
71,2.437,3.925,3.949,bbox,0.55,0.139,0.893,0.228
72,2.471,3.668,3.925,pose,0.55,0.139,0.893,0.228
73,2.505,3.863,3.863,bbox,0.629,0.139,0.893,0.228
74,2.539,3.864,3.864,bbox,0.629,0.139,0.893,0.228
75,2.574,3.501,3.863,pose,0.629,0.139,0.893,0.228
76,2.608,3.832,3.832,bbox,0.68,0.139,0.893,0.228
77,2.642,3.923,3.863,bbox,0.68,0.139,0.893,0.228
78,2.677,3.42,3.832,pose,0.68,0.139,0.893,0.268
79,2.711,3.867,3.832,bbox,0.68,0.139,0.893,0.268
80,2.745,,,,0.68,0.139,0.893,0.268
81,2.78,3.391,3.832,pose,0.68,0.139,0.893,0.268
82,2.814,3.693,3.693,bbox,0.68,0.139,0.893,0.268
83,2.848,3.636,3.636,bbox,0.717,0.139,0.893,0.268
84,2.883,3.625,3.636,bbox,0.848,0.139,0.893,0.268
85,2.917,3.708,3.636,bbox,0.911,0.139,1.007,0.268
86,2.951,3.65,3.65,bbox,0.911,0.139,1.007,0.268
87,2.986,3.622,3.636,bbox,0.911,0.139,1.007,0.268
88,3.02,3.578,3.625,bbox,0.956,0.139,1.007,0.268
89,3.054,3.538,3.622,bbox,0.956,0.139,1.007,0.268
90,3.089,2.564,3.578,pose,0.956,0.139,1.007,0.268
91,3.123,3.254,3.538,bbox,0.956,0.139,1.007,0.268
92,3.157,3.157,3.254,bbox,0.956,0.139,1.071,0.268
93,3.191,2.392,3.157,pose,1.096,0.139,1.071,0.268
94,3.226,3.014,3.014,bbox,1.177,0.139,1.151,0.268
95,3.26,3.006,3.014,bbox,1.208,0.139,1.151,0.268
96,3.294,2.294,3.006,pose,1.208,0.139,1.198,0.268
97,3.329,2.918,2.918,bbox,1.28,0.139,1.279,0.268
98,3.363,2.927,2.927,bbox,1.28,0.139,1.33,0.268
99,3.397,2.341,2.918,pose,1.28,0.139,1.33,0.268
100,3.432,2.926,2.918,bbox,1.326,0.139,1.33,0.268
101,3.466,2.966,2.926,bbox,1.326,0.139,1.33,0.268
102,3.5,2.326,2.926,pose,1.326,0.139,1.33,0.268
103,3.535,2.956,2.926,bbox,1.326,0.139,1.33,0.268
104,3.569,2.963,2.956,bbox,1.326,0.139,1.33,0.268
105,3.603,2.313,2.956,pose,1.326,0.139,1.33,0.268
106,3.638,3.074,2.956,bbox,1.326,0.139,1.33,0.328
107,3.672,3.096,2.963,bbox,1.326,0.139,1.33,0.328
108,3.706,2.409,2.963,pose,1.326,0.139,1.33,0.369
109,3.741,3.118,3.074,bbox,1.326,0.139,1.33,0.369
110,3.775,3.12,3.096,bbox,1.326,0.139,1.372,0.369
111,3.809,2.374,3.096,pose,1.326,0.139,1.372,0.369
112,3.844,3.072,3.072,bbox,1.326,0.139,1.372,0.369
113,3.878,3.054,3.072,bbox,1.326,0.139,1.372,0.369
114,3.912,2.31,3.054,pose,1.326,0.139,1.372,0.369
115,3.946,3.002,3.002,bbox,1.361,0.139,1.372,0.369
116,3.981,2.973,3.002,bbox,1.361,0.139,1.372,0.369
117,4.015,2.288,2.973,pose,1.361,0.139,1.372,0.369
118,4.049,2.978,2.973,bbox,1.361,0.139,1.372,0.369
119,4.084,2.987,2.978,bbox,1.361,0.139,1.372,0.369
120,4.118,2.321,2.973,pose,1.361,0.139,1.372,0.369
121,4.152,3.009,2.978,bbox,1.361,0.139,1.372,0.369
122,4.187,3.014,2.987,bbox,1.361,0.139,1.372,0.369
123,4.221,2.352,2.987,pose,1.361,0.139,1.372,0.369
124,4.255,3.008,3.008,bbox,1.361,0.139,1.372,0.369
125,4.29,3.028,3.009,bbox,1.361,0.139,1.372,0.369
126,4.324,2.417,3.008,pose,1.361,0.139,1.372,0.369
127,4.358,3.101,3.008,bbox,1.361,0.139,1.372,0.369
128,4.393,3.123,3.028,bbox,1.361,0.139,1.372,0.369
129,4.427,2.505,3.028,pose,1.361,0.139,1.372,0.404
130,4.461,3.14,3.101,bbox,1.361,0.139,1.372,0.404
131,4.496,3.14,3.123,bbox,1.361,0.139,1.372,0.404
132,4.53,2.491,3.123,pose,1.361,0.139,1.372,0.404
133,4.564,3.152,3.14,bbox,1.361,0.139,1.372,0.404
134,4.598,3.114,3.14,bbox,1.361,0.139,1.372,0.404
135,4.633,2.426,3.114,pose,1.361,0.139,1.372,0.404
136,4.667,3.024,3.024,bbox,1.398,0.139,1.372,0.404
137,4.701,2.946,3.024,bbox,1.398,0.139,1.372,0.404
138,4.736,2.363,2.946,pose,1.478,0.139,1.372,0.404
139,4.77,2.876,2.876,bbox,1.478,0.139,1.372,0.404
140,4.804,2.875,2.876,bbox,1.525,0.139,1.372,0.404
141,4.839,2.249,2.875,pose,1.573,0.139,1.372,0.404
142,4.873,2.847,2.847,bbox,1.573,0.139,1.372,0.404
143,4.907,2.904,2.875,bbox,1.573,0.139,1.372,0.404
144,4.942,2.075,2.847,pose,1.633,0.139,1.372,0.445
145,4.976,2.891,2.847,bbox,1.694,0.139,1.372,0.445
146,5.01,2.841,2.847,bbox,1.739,0.139,1.372,0.445
147,5.045,2.696,2.841,bbox,1.814,0.139,1.372,0.445
148,5.079,2.68,2.696,bbox,1.871,0.139,1.372,0.445
149,5.113,2.555,2.696,bbox,1.916,0.139,1.445,0.445
150,5.148,1.509,2.68,pose,1.916,0.139,1.528,0.445
151,5.182,2.421,2.555,bbox,1.916,0.139,1.634,0.445
152,5.216,2.398,2.421,bbox,1.916,0.139,1.679,0.445
153,5.251,2.337,2.398,bbox,1.916,0.173,1.789,0.445
154,5.285,2.293,2.337,bbox,1.916,0.209,1.827,0.445
155,5.319,2.261,2.337,bbox,1.916,0.209,1.872,0.445
156,5.353,1.656,2.293,pose,1.916,0.209,1.974,0.445
157,5.388,2.314,2.293,bbox,1.916,0.275,2.01,0.445
158,5.422,2.236,2.261,bbox,1.916,0.412,2.12,0.445
159,5.456,1.844,2.236,pose,1.916,0.455,2.12,0.445
160,5.491,2.151,2.151,bbox,1.916,0.492,2.265,0.445
161,5.525,2.149,2.151,bbox,1.916,0.492,2.367,0.445
162,5.559,2.167,2.151,bbox,1.916,0.492,2.367,0.445
163,5.594,2.187,2.151,bbox,1.916,0.492,2.418,0.445
164,5.628,2.238,2.167,bbox,1.916,0.492,2.418,0.445
165,5.662,2.3,2.187,bbox,1.916,0.492,2.418,0.445
166,5.697,2.444,2.238,bbox,1.916,0.525,2.418,0.445
167,5.731,2.592,2.3,bbox,1.916,0.563,2.418,0.445
168,5.765,2.697,2.444,bbox,1.916,0.675,2.418,0.445
169,5.8,2.767,2.592,bbox,1.916,0.803,2.418,0.445
170,5.834,2.834,2.697,bbox,1.916,0.901,2.418,0.445
171,5.868,2.871,2.767,bbox,1.916,0.979,2.418,0.445
172,5.903,2.915,2.834,bbox,1.916,1.029,2.418,0.445
173,5.937,2.856,2.856,bbox,1.916,1.029,2.418,0.445
174,5.971,2.818,2.856,bbox,1.916,1.083,2.467,0.445
175,6.005,2.788,2.856,bbox,1.916,1.136,2.514,0.445
176,6.04,2.72,2.818,bbox,1.916,1.195,2.514,0.445
177,6.074,2.114,2.788,pose,1.916,1.195,2.514,0.445
178,6.108,2.609,2.72,bbox,1.916,1.195,2.582,0.445
179,6.143,2.604,2.609,bbox,1.916,1.195,2.616,0.445
180,6.177,2.256,2.604,pose,1.916,1.195,2.616,0.445
181,6.211,2.623,2.604,bbox,1.916,1.242,2.681,0.445
182,6.246,2.678,2.609,bbox,1.916,1.242,2.681,0.445
183,6.28,2.302,2.604,pose,1.916,1.242,2.681,0.445
184,6.314,2.806,2.623,bbox,1.916,1.34,2.722,0.445
185,6.349,2.904,2.678,bbox,1.916,1.34,2.722,0.445
186,6.383,2.341,2.678,pose,1.916,1.403,2.722,0.445
187,6.417,2.933,2.806,bbox,1.916,1.403,2.722,0.445
188,6.452,2.893,2.893,bbox,1.916,1.403,2.722,0.445
189,6.486,2.295,2.893,pose,1.916,1.403,2.722,0.445
190,6.52,2.872,2.872,bbox,1.916,1.403,2.722,0.445
191,6.555,2.865,2.872,bbox,1.916,1.403,2.722,0.445
192,6.589,2.317,2.865,pose,1.916,1.403,2.722,0.445
193,6.623,2.86,2.86,bbox,1.916,1.403,2.722,0.445
194,6.658,2.865,2.865,bbox,1.916,1.403,2.722,0.445
195,6.692,2.367,2.86,pose,1.916,1.403,2.722,0.445
196,6.726,2.87,2.86,bbox,1.916,1.403,2.722,0.445
197,6.76,2.88,2.865,bbox,1.916,1.403,2.722,0.445
198,6.795,2.362,2.865,pose,1.916,1.403,2.722,0.445
199,6.829,2.907,2.87,bbox,1.916,1.403,2.722,0.503
200,6.863,2.917,2.88,bbox,1.916,1.403,2.722,0.503
201,6.898,2.283,2.88,pose,1.916,1.403,2.722,0.503
202,6.932,2.905,2.905,bbox,1.916,1.403,2.722,0.566
203,6.966,2.888,2.905,bbox,1.916,1.403,2.722,0.566
204,7.001,2.257,2.888,pose,1.961,1.403,2.722,0.566
205,7.035,2.908,2.888,bbox,1.961,1.403,2.722,0.596
206,7.069,2.872,2.888,bbox,1.992,1.403,2.722,0.596
207,7.104,2.871,2.872,bbox,2.085,1.403,2.722,0.596
208,7.138,2.914,2.872,bbox,2.16,1.403,2.722,0.663
209,7.172,2.919,2.908,bbox,2.258,1.403,2.722,0.704
210,7.207,2.784,2.872,bbox,2.304,1.403,2.722,0.704
211,7.241,2.75,2.871,bbox,2.354,1.403,2.722,0.704
212,7.275,2.745,2.784,bbox,2.401,1.403,2.722,0.704
213,7.31,2.769,2.769,bbox,2.401,1.403,2.722,0.704
214,7.344,2.805,2.769,bbox,2.401,1.403,2.836,0.704
215,7.378,2.84,2.769,bbox,2.401,1.403,2.869,0.704
216,7.412,2.465,2.769,pose,2.401,1.403,2.869,0.704
217,7.447,2.876,2.805,bbox,2.401,1.403,2.917,0.704
218,7.481,2.962,2.84,bbox,2.401,1.403,2.917,0.704
219,7.515,2.485,2.84,pose,2.401,1.471,2.917,0.704
220,7.55,3.002,2.876,bbox,2.401,1.548,2.917,0.704
221,7.584,2.965,2.962,bbox,2.401,1.579,2.917,0.704
222,7.618,2.354,2.962,pose,2.401,1.579,2.917,0.704
223,7.653,2.883,2.883,bbox,2.401,1.616,2.917,0.704
224,7.687,2.862,2.883,bbox,2.401,1.616,2.917,0.704
225,7.721,2.352,2.862,pose,2.401,1.616,2.917,0.704
226,7.756,2.839,2.839,bbox,2.401,1.616,2.952,0.704
227,7.79,2.831,2.839,bbox,2.401,1.616,2.952,0.704
228,7.824,2.169,2.831,pose,2.401,1.616,2.952,0.704
229,7.859,2.744,2.744,bbox,2.401,1.616,2.952,0.704
230,7.893,2.718,2.744,bbox,2.401,1.616,2.952,0.704
231,7.927,2.745,2.744,bbox,2.514,1.616,2.952,0.704
232,7.962,2.756,2.744,bbox,2.57,1.616,2.952,0.704
233,7.996,2.759,2.745,bbox,2.57,1.616,2.952,0.704
234,8.03,2.207,2.745,pose,2.57,1.616,2.952,0.704
235,8.065,2.745,2.745,bbox,2.57,1.616,2.952,0.767
236,8.099,2.752,2.752,bbox,2.57,1.616,2.952,0.767
237,8.133,2.139,2.745,pose,2.57,1.616,2.952,0.803
238,8.167,2.932,2.745,bbox,2.57,1.691,2.952,0.877
239,8.202,3.148,2.752,bbox,2.57,1.691,2.952,0.963
240,8.236,2.541,2.752,pose,2.57,1.723,2.952,0.963
241,8.27,3.36,2.932,bbox,2.57,1.723,2.952,1.039
242,8.305,3.426,3.148,bbox,2.57,1.769,2.952,1.039
243,8.339,2.756,3.148,pose,2.57,1.769,2.952,1.109
244,8.373,3.579,3.36,bbox,2.57,1.769,2.952,1.154
245,8.408,3.555,3.426,bbox,2.57,1.769,2.952,1.154
246,8.442,2.779,3.426,pose,2.57,1.769,2.952,1.154
247,8.476,3.44,3.44,bbox,2.57,1.769,2.952,1.154
248,8.511,3.337,3.44,bbox,2.57,1.769,2.952,1.154
249,8.545,2.5,3.337,pose,2.57,1.769,2.952,1.154
250,8.579,3.116,3.116,bbox,2.57,1.769,2.952,1.154
251,8.614,3.09,3.116,bbox,2.619,1.769,2.952,1.154
252,8.648,2.466,3.09,pose,2.619,1.769,2.952,1.154
253,8.682,2.963,2.963,bbox,2.619,1.769,2.952,1.154
254,8.717,2.906,2.963,bbox,2.619,1.769,2.952,1.154
255,8.751,2.463,2.906,pose,2.619,1.769,2.952,1.154
256,8.785,2.922,2.906,bbox,2.619,1.769,2.991,1.154
257,8.819,2.953,2.922,bbox,2.619,1.769,3.032,1.154
258,8.854,2.383,2.906,pose,2.654,1.769,3.032,1.154
259,8.888,2.918,2.918,bbox,2.654,1.769,3.032,1.154
260,8.922,2.909,2.918,bbox,2.654,1.769,3.032,1.154
261,8.957,2.159,2.909,pose,2.736,1.769,3.032,1.186
262,8.991,2.903,2.903,bbox,2.736,1.769,3.032,1.254
263,9.025,2.901,2.903,bbox,2.736,1.769,3.032,1.289
264,9.06,2.162,2.901,pose,2.817,1.769,3.032,1.327
265,9.094,2.924,2.901,bbox,2.817,1.769,3.032,1.327
266,9.128,2.945,2.903,bbox,2.849,1.769,3.032,1.327
267,9.163,2.269,2.901,pose,2.849,1.769,3.032,1.376
268,9.197,2.999,2.924,bbox,2.849,1.769,3.032,1.376
269,9.231,2.992,2.945,bbox,2.849,1.769,3.032,1.407
270,9.266,2.293,2.945,pose,2.849,1.769,3.032,1.407
271,9.3,2.987,2.987,bbox,2.849,1.769,3.032,1.407
272,9.334,2.98,2.987,bbox,2.849,1.769,3.032,1.407
273,9.369,2.051,2.98,pose,2.849,1.769,3.032,1.407
274,9.403,2.899,2.899,bbox,2.849,1.769,3.032,1.407
275,9.437,2.831,2.899,bbox,2.849,1.769,3.122,1.407
276,9.472,2.723,2.831,bbox,2.849,1.769,3.181,1.407
277,9.506,2.679,2.723,bbox,2.849,1.769,3.263,1.407
278,9.54,2.567,2.723,bbox,2.849,1.769,3.392,1.407
279,9.574,2.17,2.679,pose,2.849,1.769,3.48,1.407
280,9.609,2.444,2.567,bbox,2.849,1.769,3.48,1.407
281,9.643,2.387,2.444,bbox,2.849,1.817,3.56,1.407
282,9.677,1.985,2.387,pose,2.849,1.817,3.62,1.407
283,9.712,2.38,2.38,bbox,2.849,1.868,3.751,1.407
284,9.746,2.432,2.387,bbox,2.849,1.912,3.822,1.407
285,9.78,1.832,2.38,pose,2.849,1.966,3.822,1.407
286,9.815,2.379,2.379,bbox,2.849,2.016,3.873,1.407
287,9.849,2.568,2.38,bbox,2.849,2.016,3.873,1.407
288,9.883,1.756,2.379,pose,2.849,2.054,3.873,1.407
289,9.918,2.29,2.29,bbox,2.849,2.054,3.873,1.407
290,9.952,2.262,2.29,bbox,2.849,2.127,3.942,1.407
291,9.986,1.428,2.262,pose,2.849,2.127,4.069,1.407
292,10.021,2.23,2.23,bbox,2.849,2.166,4.069,1.407
293,10.055,2.205,2.23,bbox,2.849,2.166,4.1,1.407
294,10.089,1.615,2.205,pose,2.849,2.166,4.243,1.407
295,10.124,2.36,2.205,bbox,2.849,2.256,4.243,1.407
296,10.158,2.352,2.23,bbox,2.849,2.353,4.304,1.407
297,10.192,2.313,2.313,bbox,2.849,2.393,4.41,1.407
298,10.226,2.276,2.313,bbox,2.849,2.393,4.45,1.407
299,10.261,2.242,2.313,bbox,2.849,2.393,4.49,1.407
300,10.295,2.337,2.313,bbox,2.849,2.393,4.49,1.407
301,10.329,2.237,2.276,bbox,2.849,2.393,4.528,1.407
302,10.364,2.255,2.255,bbox,2.849,2.393,4.528,1.407
303,10.398,2.371,2.255,pose,2.849,2.393,4.528,1.407
304,10.432,2.387,2.337,bbox,2.849,2.465,4.528,1.407
305,10.467,2.511,2.371,bbox,2.849,2.465,4.528,1.407
306,10.501,2.273,2.371,pose,2.849,2.527,4.528,1.461
307,10.535,2.662,2.387,bbox,2.849,2.615,4.528,1.461
308,10.57,2.67,2.511,bbox,2.849,2.615,4.528,1.461
309,10.604,2.244,2.511,pose,2.849,2.615,4.528,1.461
310,10.638,2.728,2.662,bbox,2.849,2.678,4.528,1.461
311,10.673,2.719,2.67,bbox,2.849,2.678,4.528,1.461
312,10.707,2.11,2.67,pose,2.849,2.678,4.528,1.461
313,10.741,2.649,2.649,bbox,2.849,2.678,4.528,1.461
314,10.776,2.574,2.649,bbox,2.849,2.678,4.528,1.461
315,10.81,1.89,2.574,pose,2.849,2.678,4.528,1.461
316,10.844,2.447,2.447,bbox,2.886,2.678,4.528,1.461
317,10.879,2.437,2.447,bbox,2.886,2.678,4.528,1.461
318,10.913,1.927,2.437,pose,2.886,2.678,4.528,1.461
319,10.947,2.364,2.364,bbox,2.956,2.678,4.528,1.461
320,10.981,2.349,2.364,bbox,2.992,2.678,4.528,1.461
321,11.016,2.341,2.349,bbox,3.056,2.678,4.528,1.461
322,11.05,2.358,2.349,bbox,3.056,2.678,4.528,1.461
323,11.084,2.386,2.358,bbox,3.056,2.678,4.528,1.461
324,11.119,1.923,2.349,pose,3.056,2.678,4.528,1.461
325,11.153,2.441,2.358,bbox,3.056,2.678,4.528,1.461
326,11.187,2.522,2.386,bbox,3.056,2.678,4.528,1.52
327,11.222,1.96,2.386,pose,3.056,2.678,4.528,1.52
328,11.256,2.692,2.441,bbox,3.056,2.711,4.528,1.576
329,11.29,2.832,2.522,bbox,3.056,2.711,4.528,1.65
330,11.325,2.234,2.522,pose,3.056,2.711,4.528,1.727
331,11.359,2.906,2.692,bbox,3.056,2.742,4.528,1.763
332,11.393,2.946,2.832,bbox,3.056,2.742,4.528,1.831
333,11.428,2.228,2.832,pose,3.056,2.742,4.528,1.871
334,11.462,2.946,2.906,bbox,3.056,2.742,4.528,1.871
335,11.496,2.905,2.906,bbox,3.056,2.742,4.528,1.871
336,11.531,2.191,2.905,pose,3.056,2.742,4.528,1.871
337,11.565,2.762,2.762,bbox,3.056,2.742,4.528,1.871
338,11.599,2.702,2.762,bbox,3.056,2.742,4.528,1.871
339,11.633,2.221,2.702,pose,3.056,2.742,4.528,1.871
340,11.668,2.556,2.556,bbox,3.134,2.742,4.528,1.871
341,11.702,2.544,2.556,bbox,3.134,2.742,4.528,1.871
342,11.736,2.272,2.544,pose,3.134,2.742,4.528,1.871
343,11.771,2.557,2.544,bbox,3.219,2.742,4.528,1.871
344,11.805,2.531,2.544,bbox,3.258,2.742,4.528,1.871
345,11.839,2.063,2.531,pose,3.258,2.742,4.528,1.871
346,11.874,2.722,2.531,bbox,3.258,2.742,4.528,1.943
347,11.908,2.725,2.557,bbox,3.258,2.742,4.528,1.984
348,11.942,2.04,2.531,pose,3.258,2.742,4.528,2.044
349,11.977,2.63,2.63,bbox,3.312,2.742,4.528,2.044
350,12.011,2.683,2.683,bbox,3.364,2.742,4.528,2.044
351,12.045,2.035,2.63,pose,3.364,2.742,4.528,2.086
352,12.08,2.758,2.63,bbox,3.394,2.742,4.528,2.086
353,12.114,2.767,2.683,bbox,3.394,2.742,4.528,2.086
354,12.148,2.159,2.683,pose,3.394,2.742,4.528,2.148
355,12.183,2.871,2.758,bbox,3.394,2.742,4.528,2.18
356,12.217,2.839,2.767,bbox,3.394,2.742,4.528,2.223
357,12.251,2.857,2.839,bbox,3.394,2.742,4.528,2.223
358,12.286,2.89,2.857,bbox,3.394,2.742,4.528,2.223
359,12.32,2.911,2.871,bbox,3.394,2.742,4.528,2.261
360,12.354,2.182,2.857,pose,3.394,2.742,4.528,2.261
361,12.388,2.847,2.857,bbox,3.394,2.742,4.528,2.261
362,12.423,2.804,2.847,bbox,3.394,2.742,4.528,2.261
363,12.457,2.127,2.804,pose,3.394,2.742,4.528,2.261
364,12.491,2.779,2.779,bbox,3.394,2.742,4.528,2.304
365,12.526,2.763,2.779,bbox,3.394,2.742,4.528,2.304
366,12.56,2.305,2.763,pose,3.394,2.742,4.528,2.304
367,12.594,2.887,2.763,bbox,3.394,2.742,4.528,2.304
368,12.629,2.862,2.779,bbox,3.394,2.742,4.528,2.368
369,12.663,2.389,2.763,pose,3.394,2.742,4.528,2.368
370,12.697,2.901,2.862,bbox,3.425,2.742,4.528,2.368
371,12.732,2.866,2.866,bbox,3.425,2.742,4.528,2.408
372,12.766,2.19,2.862,pose,3.425,2.742,4.528,2.408
373,12.8,2.831,2.831,bbox,3.481,2.742,4.528,2.408
374,12.835,2.8,2.831,bbox,3.481,2.742,4.528,2.408
375,12.869,1.994,2.8,pose,3.481,2.742,4.528,2.408
376,12.903,2.608,2.608,bbox,3.538,2.742,4.528,2.408
377,12.938,2.531,2.608,bbox,3.538,2.742,4.59,2.408
378,12.972,1.91,2.531,pose,3.538,2.742,4.629,2.408
379,13.006,2.54,2.531,bbox,3.538,2.742,4.629,2.408
380,13.04,2.573,2.54,bbox,3.538,2.742,4.664,2.408
381,13.075,1.922,2.531,pose,3.538,2.742,4.664,2.408
382,13.109,2.519,2.519,bbox,3.538,2.742,4.664,2.408
383,13.143,2.584,2.54,bbox,3.538,2.742,4.664,2.408
384,13.178,1.977,2.519,pose,3.538,2.742,4.664,2.449
385,13.212,2.647,2.519,bbox,3.538,2.789,4.664,2.48
386,13.246,2.753,2.584,bbox,3.538,2.789,4.664,2.48
387,13.281,2.077,2.584,pose,3.538,2.789,4.664,2.48
388,13.315,2.836,2.647,bbox,3.538,2.789,4.664,2.534
389,13.349,2.889,2.753,bbox,3.538,2.789,4.664,2.534
390,13.384,2.154,2.753,pose,3.538,2.789,4.664,2.534
391,13.418,2.933,2.836,bbox,3.538,2.789,4.664,2.534
392,13.452,2.904,2.889,bbox,3.538,2.789,4.664,2.534
393,13.487,2.109,2.889,pose,3.538,2.789,4.664,2.534
394,13.521,2.782,2.782,bbox,3.538,2.789,4.664,2.534
395,13.555,2.801,2.801,bbox,3.538,2.789,4.664,2.534
396,13.59,2.133,2.782,pose,3.538,2.789,4.664,2.534
397,13.624,2.751,2.751,bbox,3.538,2.789,4.664,2.534
398,13.658,2.717,2.751,bbox,3.538,2.789,4.702,2.534
399,13.693,2.102,2.717,pose,3.538,2.789,4.735,2.534
400,13.727,2.795,2.717,bbox,3.538,2.789,4.735,2.534
401,13.761,2.82,2.751,bbox,3.538,2.789,4.77,2.534
402,13.795,2.228,2.717,pose,3.538,2.789,4.77,2.534
403,13.83,2.825,2.795,bbox,3.538,2.789,4.77,2.534
404,13.864,2.794,2.795,bbox,3.538,2.789,4.77,2.534
405,13.898,2.147,2.794,pose,3.538,2.789,4.77,2.534
406,13.933,2.733,2.733,bbox,3.538,2.789,4.77,2.534
407,13.967,2.763,2.763,bbox,3.538,2.789,4.77,2.534
408,14.001,2.162,2.733,pose,3.538,2.789,4.77,2.58
409,14.036,2.879,2.733,bbox,3.538,2.789,4.77,2.611
410,14.07,3.019,2.763,bbox,3.538,2.789,4.77,2.645
411,14.104,2.35,2.763,pose,3.538,2.789,4.77,2.645
412,14.139,3.104,2.879,bbox,3.538,2.789,4.77,2.645
413,14.173,3.144,3.019,bbox,3.538,2.789,4.77,2.645
414,14.207,2.327,3.019,pose,3.538,2.789,4.77,2.645
415,14.242,2.878,2.878,bbox,3.538,2.789,4.77,2.645
416,14.276,2.795,2.878,bbox,3.571,2.789,4.77,2.645
417,14.31,2.207,2.795,pose,3.571,2.789,4.85,2.645
418,14.345,2.589,2.589,bbox,3.603,2.789,4.85,2.645
419,14.379,2.515,2.589,bbox,3.603,2.789,4.85,2.645
420,14.413,2.016,2.515,pose,3.653,2.789,4.923,2.645
421,14.447,2.407,2.407,bbox,3.691,2.789,4.923,2.645
422,14.482,2.391,2.407,bbox,3.691,2.789,4.923,2.645
423,14.516,1.977,2.391,pose,3.691,2.789,4.923,2.645
424,14.55,2.437,2.391,bbox,3.737,2.789,4.99,2.645
425,14.585,2.443,2.407,bbox,3.789,2.789,4.99,2.645
426,14.619,1.763,2.391,pose,3.789,2.789,4.99,2.645
427,14.653,2.433,2.433,bbox,3.789,2.838,4.99,2.645
428,14.688,2.414,2.433,bbox,3.789,2.838,5.021,2.645
429,14.722,1.632,2.414,pose,3.789,2.838,5.096,2.645
430,14.756,2.33,2.33,bbox,3.789,2.892,5.096,2.645
431,14.791,2.347,2.347,bbox,3.789,2.892,5.096,2.645
432,14.825,1.588,2.33,pose,3.789,2.952,5.183,2.645
433,14.859,2.384,2.33,bbox,3.789,3.056,5.287,2.645
434,14.894,2.351,2.347,bbox,3.789,3.097,5.32,2.645
435,14.928,1.556,2.347,pose,3.789,3.097,5.413,2.645
436,14.962,2.21,2.21,bbox,3.789,3.15,5.494,2.645
437,14.997,2.171,2.21,bbox,3.789,3.187,5.524,2.645
438,15.031,1.764,2.171,pose,3.789,3.236,5.625,2.645
439,15.065,2.054,2.054,bbox,3.789,3.236,5.625,2.645
440,15.1,2.047,2.054,bbox,3.789,3.236,5.703,2.645
441,15.134,2.08,2.054,bbox,3.789,3.236,5.703,2.645
442,15.168,2.111,2.054,bbox,3.789,3.283,5.797,2.645
443,15.202,2.173,2.08,bbox,3.789,3.283,5.797,2.645
444,15.237,1.712,2.08,pose,3.789,3.338,5.797,2.645
445,15.271,2.319,2.111,bbox,3.789,3.41,5.829,2.645
446,15.305,2.403,2.173,bbox,3.789,3.544,5.829,2.645
447,15.34,1.789,2.173,pose,3.789,3.544,5.829,2.645
448,15.374,2.473,2.319,bbox,3.789,3.577,5.829,2.678
449,15.408,2.5,2.403,bbox,3.789,3.612,5.829,2.678
450,15.443,2.205,2.403,pose,3.789,3.612,5.829,2.678
451,15.477,2.453,2.453,bbox,3.789,3.612,5.829,2.678
452,15.511,2.477,2.473,bbox,3.789,3.612,5.829,2.678
453,15.546,2.155,2.453,pose,3.789,3.612,5.829,2.678
454,15.58,2.479,2.453,bbox,3.789,3.612,5.829,2.678
455,15.614,2.505,2.477,bbox,3.789,3.612,5.829,2.678
456,15.649,2.177,2.477,pose,3.789,3.612,5.829,2.678
457,15.683,2.611,2.479,bbox,3.789,3.661,5.829,2.678
458,15.717,2.674,2.505,bbox,3.789,3.661,5.829,2.678
459,15.752,2.252,2.505,pose,3.789,3.661,5.829,2.678
460,15.786,2.738,2.611,bbox,3.789,3.661,5.829,2.678
461,15.82,2.739,2.674,bbox,3.789,3.661,5.829,2.678
462,15.854,2.233,2.674,pose,3.789,3.661,5.829,2.678
463,15.889,2.679,2.679,bbox,3.789,3.661,5.829,2.678
464,15.923,2.633,2.679,bbox,3.789,3.661,5.829,2.678
465,15.957,2.129,2.633,pose,3.789,3.661,5.829,2.678
466,15.992,2.537,2.537,bbox,3.789,3.661,5.829,2.678
467,16.026,2.524,2.537,bbox,3.789,3.661,5.829,2.678
468,16.06,2.029,2.524,pose,3.789,3.661,5.829,2.678
469,16.095,2.535,2.524,bbox,3.789,3.661,5.829,2.678
470,16.129,2.554,2.535,bbox,3.789,3.661,5.829,2.678
471,16.163,2.03,2.524,pose,3.789,3.661,5.829,2.678
472,16.198,2.539,2.535,bbox,3.789,3.661,5.829,2.678
473,16.232,2.508,2.535,bbox,3.789,3.661,5.829,2.678
474,16.266,1.868,2.508,pose,3.835,3.661,5.829,2.678
475,16.301,2.498,2.498,bbox,3.835,3.661,5.829,2.711
476,16.335,2.495,2.498,bbox,3.876,3.661,5.829,2.756
477,16.369,1.888,2.495,pose,3.876,3.661,5.829,2.756
478,16.404,2.635,2.495,bbox,3.92,3.661,5.829,2.799
479,16.438,2.65,2.498,bbox,3.92,3.661,5.829,2.854
480,16.472,2.055,2.495,pose,3.92,3.661,5.829,2.942
481,16.507,2.686,2.635,bbox,3.92,3.661,5.829,2.942
482,16.541,2.713,2.65,bbox,3.92,3.661,5.829,2.942
483,16.575,2.08,2.65,pose,3.92,3.661,5.829,2.942
484,16.609,2.706,2.686,bbox,3.92,3.661,5.829,2.942
485,16.644,2.679,2.686,bbox,3.92,3.661,5.829,2.942
486,16.678,2.068,2.679,pose,3.92,3.661,5.829,2.942
487,16.712,2.646,2.646,bbox,3.92,3.661,5.829,2.942
488,16.747,2.641,2.646,bbox,3.92,3.661,5.829,2.942
489,16.781,2.049,2.641,pose,3.92,3.661,5.829,2.942
490,16.815,2.559,2.559,bbox,3.92,3.661,5.829,2.942
491,16.85,2.544,2.559,bbox,3.92,3.661,5.829,2.942
492,16.884,2.024,2.544,pose,3.92,3.661,5.829,2.942
493,16.918,2.537,2.537,bbox,3.92,3.661,5.879,2.942
494,16.953,2.491,2.537,bbox,3.92,3.661,5.879,2.942
495,16.987,2.055,2.491,pose,3.92,3.661,5.879,2.942
496,17.021,2.424,2.424,bbox,3.965,3.661,5.879,2.942
497,17.056,2.454,2.454,bbox,4.009,3.661,5.879,2.942
498,17.09,2.022,2.424,pose,4.009,3.661,5.879,2.993
499,17.124,2.554,2.424,bbox,4.092,3.661,5.879,2.993
500,17.159,2.684,2.454,bbox,4.092,3.661,5.879,3.112
501,17.193,2.318,2.454,pose,4.092,3.661,5.879,3.112
502,17.227,2.916,2.554,bbox,4.092,3.661,5.879,3.206
503,17.261,2.938,2.684,bbox,4.092,3.661,5.879,3.245
504,17.296,2.325,2.684,pose,4.092,3.661,5.879,3.35
505,17.33,2.994,2.916,bbox,4.092,3.707,5.879,3.415
506,17.364,3.05,2.938,bbox,4.092,3.707,5.879,3.415
507,17.399,2.421,2.938,pose,4.092,3.707,5.879,3.415
508,17.433,3.143,2.994,bbox,4.092,3.707,5.879,3.415
509,17.467,3.1,3.05,bbox,4.092,3.707,5.879,3.461
510,17.502,2.411,3.05,pose,4.092,3.707,5.879,3.461
511,17.536,3.106,3.1,bbox,4.092,3.707,5.879,3.461
512,17.57,3.0,3.1,bbox,4.092,3.707,5.879,3.532
513,17.605,2.589,3.0,pose,4.092,3.707,5.879,3.532
514,17.639,3.01,3.0,bbox,4.092,3.707,5.879,3.532
515,17.673,2.889,3.0,bbox,4.092,3.707,5.879,3.532
516,17.708,2.836,2.889,pose,4.132,3.707,5.879,3.574
517,17.742,2.888,2.888,bbox,4.132,3.707,5.879,3.574
518,17.776,2.939,2.889,bbox,4.175,3.707,5.879,3.574
519,17.811,3.128,2.889,pose,4.175,3.707,5.879,3.574
520,17.845,2.918,2.918,bbox,4.213,3.707,5.879,3.574
521,17.879,2.926,2.926,bbox,4.213,3.707,5.879,3.574
522,17.914,2.973,2.939,pose,4.252,3.707,5.879,3.574
523,17.948,2.851,2.926,bbox,4.302,3.707,5.879,3.574
524,17.982,2.794,2.918,bbox,4.337,3.707,5.879,3.574
525,18.016,2.766,2.851,bbox,4.434,3.707,5.879,3.574
526,18.051,2.733,2.794,bbox,4.434,3.707,5.879,3.574
527,18.085,2.798,2.794,bbox,4.434,3.707,5.879,3.574
528,18.119,2.01,2.766,pose,4.434,3.707,5.879,3.574
529,18.154,2.655,2.733,bbox,4.465,3.707,5.879,3.574
530,18.188,2.618,2.655,bbox,4.465,3.707,5.922,3.574
531,18.222,1.733,2.618,pose,4.465,3.707,5.922,3.574
532,18.257,2.458,2.458,bbox,4.465,3.707,6.015,3.574
533,18.291,2.434,2.458,bbox,4.465,3.707,6.061,3.574
534,18.325,1.516,2.434,pose,4.465,3.707,6.158,3.574
535,18.36,2.267,2.267,bbox,4.465,3.707,6.158,3.574
536,18.394,2.342,2.342,bbox,4.465,3.743,6.206,3.574
537,18.428,1.668,2.267,pose,4.465,3.796,6.343,3.574
538,18.463,2.384,2.267,bbox,4.465,3.829,6.409,3.574
539,18.497,2.408,2.342,bbox,4.465,3.829,6.409,3.574
540,18.531,1.721,2.342,pose,4.465,3.829,6.409,3.574
541,18.566,2.36,2.36,bbox,4.465,3.829,6.409,3.574
542,18.6,2.299,2.36,bbox,4.465,3.829,6.409,3.574
543,18.634,1.818,2.299,pose,4.465,3.829,6.409,3.574
544,18.668,2.233,2.233,bbox,4.465,3.829,6.512,3.574
545,18.703,2.202,2.233,bbox,4.465,3.829,6.57,3.574
546,18.737,1.837,2.202,pose,4.542,3.829,6.57,3.574
547,18.771,1.99,1.99,bbox,4.594,3.829,6.57,3.574
548,18.806,1.777,1.99,bbox,4.696,3.829,6.57,3.574
549,18.84,1.618,1.837,pose,4.696,3.829,6.607,3.574
550,18.874,1.53,1.777,bbox,4.749,3.829,6.607,3.574
551,18.909,1.481,1.618,bbox,4.897,3.829,6.639,3.574
552,18.943,1.399,1.53,pose,4.897,3.829,6.698,3.574
553,18.977,1.361,1.481,bbox,5.032,3.829,6.698,3.574
554,19.012,1.265,1.399,bbox,5.032,3.829,6.757,3.574
555,19.046,1.185,1.361,bbox,5.071,3.829,6.794,3.574
556,19.08,1.07,1.265,bbox,5.116,3.829,6.794,3.574
557,19.115,1.019,1.185,bbox,5.153,3.829,6.794,3.574
558,19.149,0.407,1.07,pose,5.153,3.829,6.836,3.574
559,19.183,0.805,1.019,bbox,5.234,3.829,6.836,3.574
560,19.218,0.722,0.805,bbox,5.234,3.829,6.914,3.574
561,19.252,0.466,0.722,pose,5.234,3.829,6.914,3.574
562,19.286,0.638,0.638,bbox,5.339,3.829,6.964,3.574
563,19.321,0.633,0.638,bbox,5.386,3.829,6.964,3.574
564,19.355,0.276,0.633,pose,5.386,3.829,6.964,3.574
565,19.389,0.683,0.633,bbox,5.386,3.829,6.964,3.574
566,19.423,0.702,0.638,bbox,5.386,3.829,6.964,3.574
567,19.458,0.261,0.633,pose,5.386,3.829,6.964,3.574
568,19.492,0.739,0.683,bbox,5.386,3.862,6.964,3.615
569,19.526,0.738,0.702,bbox,5.386,3.862,6.964,3.615
570,19.561,0.243,0.702,pose,5.386,3.862,6.964,3.615
571,19.595,0.747,0.738,bbox,5.386,3.862,6.964,3.615
572,19.629,0.724,0.738,bbox,5.386,3.862,6.964,3.615
573,19.664,0.723,0.724,bbox,5.386,3.862,6.964,3.615
574,19.698,0.725,0.724,bbox,5.386,3.862,6.964,3.615
575,19.732,0.72,0.724,bbox,5.386,3.862,6.964,3.615
576,19.767,0.365,0.723,pose,5.386,3.862,6.964,3.615
577,19.801,0.757,0.723,bbox,5.386,3.862,6.964,3.615
578,19.835,0.815,0.725,bbox,5.386,3.862,6.964,3.615
579,19.87,0.264,0.72,pose,5.386,3.862,6.964,3.615
580,19.904,,,,5.386,3.862,6.964,3.615
581,19.938,,,,5.386,3.862,6.964,3.615
582,19.973,,,,5.386,3.862,6.964,3.615
583,20.007,4.353,0.757,bbox,5.386,3.92,6.964,3.615
584,20.041,4.354,0.815,bbox,5.386,3.959,6.964,3.615
585,20.075,4.001,4.001,pose,5.386,3.959,6.964,3.615
586,20.11,4.355,4.353,bbox,5.386,3.959,6.964,3.615
587,20.144,4.361,4.354,bbox,5.386,3.959,6.964,3.615
588,20.178,3.945,4.354,pose,5.386,3.959,6.964,3.615
589,20.213,4.336,4.336,bbox,5.386,3.959,6.964,3.615
590,20.247,4.319,4.336,bbox,5.386,3.959,6.964,3.615
591,20.281,3.834,4.319,pose,5.386,3.959,6.964,3.615
592,20.316,4.264,4.264,bbox,5.386,3.959,7.012,3.615
593,20.35,4.282,4.282,bbox,5.386,3.959,7.044,3.615
594,20.384,3.763,4.264,pose,5.386,3.959,7.044,3.615
595,20.419,4.265,4.264,bbox,5.386,3.959,7.119,3.615
596,20.453,4.252,4.264,bbox,5.386,3.959,7.119,3.615
597,20.487,3.76,4.252,pose,5.386,3.959,7.119,3.615
598,20.522,4.309,4.252,bbox,5.386,3.959,7.119,3.615
599,20.556,4.331,4.265,bbox,5.386,3.959,7.119,3.615
600,20.59,3.746,4.252,pose,5.386,3.959,7.119,3.615
601,20.625,4.291,4.291,bbox,5.386,3.959,7.119,3.615
602,20.659,4.267,4.291,bbox,5.386,3.959,7.119,3.615
603,20.693,3.752,4.267,pose,5.386,3.959,7.119,3.615
604,20.728,4.219,4.219,bbox,5.386,3.959,7.119,3.615
605,20.762,4.178,4.219,bbox,5.386,3.959,7.187,3.615
606,20.796,3.747,4.178,pose,5.386,3.959,7.222,3.615
607,20.83,4.074,4.074,bbox,5.386,3.959,7.255,3.615
608,20.865,4.096,4.096,bbox,5.386,3.959,7.255,3.615
609,20.899,3.755,4.074,pose,5.386,3.959,7.255,3.615
610,20.933,4.044,4.044,bbox,5.386,3.959,7.291,3.615
611,20.968,4.051,4.051,bbox,5.386,3.959,7.291,3.615
612,21.002,3.73,4.044,pose,5.386,3.959,7.291,3.615
613,21.036,4.141,4.044,bbox,5.386,3.959,7.291,3.655
614,21.071,4.182,4.051,bbox,5.386,3.959,7.291,3.655
615,21.105,3.836,4.051,pose,5.386,3.959,7.291,3.655
616,21.139,4.144,4.141,bbox,5.386,3.959,7.291,3.655
617,21.174,4.112,4.141,bbox,5.386,3.959,7.291,3.655
618,21.208,3.786,4.112,pose,5.386,3.959,7.291,3.655
619,21.242,4.048,4.048,bbox,5.386,3.959,7.291,3.655
620,21.277,3.982,4.048,bbox,5.386,3.959,7.291,3.655
621,21.311,3.767,3.982,pose,5.428,3.959,7.291,3.655
622,21.345,3.916,3.916,bbox,5.428,3.959,7.291,3.688
623,21.38,3.868,3.916,bbox,5.428,3.959,7.291,3.688
624,21.414,3.87,3.87,bbox,5.505,3.959,7.291,3.688
625,21.448,3.907,3.87,bbox,5.505,3.959,7.291,3.688
626,21.482,3.886,3.886,bbox,5.505,3.959,7.291,3.688
627,21.517,3.882,3.882,bbox,5.505,3.959,7.291,3.688
628,21.551,3.859,3.882,bbox,5.505,3.959,7.291,3.688
629,21.585,3.86,3.882,bbox,5.505,3.959,7.291,3.688
630,21.62,3.866,3.866,bbox,5.505,3.959,7.291,3.688
631,21.654,3.878,3.866,bbox,5.558,3.959,7.291,3.688
632,21.688,3.866,3.866,bbox,5.558,3.959,7.291,3.688
633,21.723,3.826,3.866,bbox,5.558,3.959,7.291,3.688
634,21.757,3.749,3.866,bbox,5.558,3.959,7.291,3.688
635,21.791,3.677,3.826,bbox,5.558,3.959,7.291,3.688
636,21.826,3.633,3.749,bbox,5.597,3.959,7.291,3.688
637,21.86,3.508,3.677,bbox,5.636,3.959,7.291,3.688
638,21.894,3.428,3.633,bbox,5.682,3.959,7.291,3.688
639,21.929,3.431,3.508,bbox,5.737,3.959,7.291,3.688
640,21.963,3.408,3.431,bbox,5.79,3.959,7.291,3.688
641,21.997,3.366,3.428,bbox,5.832,3.959,7.331,3.688
642,22.032,3.149,3.408,pose,5.832,3.959,7.331,3.688
643,22.066,3.355,3.366,bbox,5.832,3.959,7.331,3.688
644,22.1,3.34,3.355,bbox,5.869,3.959,7.331,3.688
645,22.135,3.058,3.34,pose,5.915,3.959,7.331,3.688
646,22.169,3.256,3.256,bbox,5.915,3.959,7.331,3.688
647,22.203,3.265,3.265,bbox,5.915,3.959,7.331,3.688
648,22.237,3.135,3.256,bbox,5.963,3.959,7.331,3.688
649,22.272,3.114,3.135,bbox,5.963,3.959,7.331,3.688
650,22.306,3.114,3.135,bbox,6.1,3.959,7.331,3.688
651,22.34,2.432,3.114,pose,6.1,3.959,7.331,3.688
652,22.375,3.071,3.114,bbox,6.1,3.959,7.374,3.688
653,22.409,3.08,3.08,bbox,6.1,3.959,7.374,3.688
654,22.443,2.412,3.071,pose,6.169,3.959,7.374,3.688
655,22.478,3.027,3.027,bbox,6.169,3.959,7.374,3.688
656,22.512,3.008,3.027,bbox,6.169,3.959,7.374,3.688
657,22.546,2.362,3.008,pose,6.169,3.959,7.374,3.688
658,22.581,2.957,2.957,bbox,6.169,3.959,7.374,3.688
659,22.615,2.938,2.957,bbox,6.169,3.959,7.374,3.688
660,22.649,2.345,2.938,pose,6.169,3.959,7.374,3.688
661,22.684,2.934,2.934,bbox,6.169,3.959,7.374,3.688
662,22.718,2.891,2.934,bbox,6.169,3.959,7.374,3.688
663,22.752,2.875,2.891,bbox,6.169,3.959,7.374,3.688
664,22.787,2.893,2.891,bbox,6.169,3.959,7.374,3.688
665,22.821,2.938,2.893,bbox,6.169,3.959,7.374,3.688
666,22.855,2.954,2.893,bbox,6.169,3.959,7.374,3.688
667,22.889,2.967,2.938,bbox,6.169,3.959,7.374,3.688
668,22.924,2.948,2.948,bbox,6.169,3.959,7.374,3.688
669,22.958,2.351,2.948,pose,6.169,3.959,7.374,3.688
670,22.992,2.893,2.948,bbox,6.169,3.959,7.374,3.688
671,23.027,2.894,2.894,bbox,6.169,3.959,7.374,3.688
672,23.061,2.352,2.893,pose,6.169,3.959,7.374,3.688
673,23.095,2.873,2.873,bbox,6.169,3.959,7.374,3.688
674,23.13,2.878,2.878,bbox,6.169,3.959,7.374,3.688
675,23.164,2.392,2.873,pose,6.169,3.959,7.374,3.688
676,23.198,2.945,2.873,bbox,6.169,3.959,7.374,3.688
677,23.233,2.953,2.878,bbox,6.169,3.959,7.374,3.688
678,23.267,2.377,2.878,pose,6.169,3.959,7.374,3.688
679,23.301,2.938,2.938,bbox,6.169,3.959,7.374,3.688
680,23.336,2.918,2.938,bbox,6.169,3.959,7.374,3.688
681,23.37,2.297,2.918,pose,6.169,3.959,7.374,3.688
682,23.404,2.887,2.887,bbox,6.169,3.959,7.374,3.688
683,23.439,2.863,2.887,bbox,6.202,3.959,7.374,3.688
684,23.473,2.226,2.863,pose,6.202,3.959,7.374,3.688
685,23.507,2.832,2.832,bbox,6.202,3.959,7.374,3.688
686,23.542,2.801,2.832,bbox,6.248,3.959,7.374,3.688
687,23.576,2.169,2.801,pose,6.248,3.959,7.374,3.688
688,23.61,2.852,2.801,bbox,6.308,3.959,7.374,3.688
689,23.644,2.835,2.832,bbox,6.308,3.959,7.374,3.688
690,23.679,2.137,2.801,pose,6.308,3.959,7.374,3.688
691,23.713,2.822,2.822,bbox,6.308,3.959,7.374,3.688
692,23.747,2.797,2.822,bbox,6.308,3.959,7.374,3.688
693,23.782,2.095,2.797,pose,6.308,3.959,7.374,3.688
694,23.816,2.761,2.761,bbox,6.308,3.959,7.374,3.688
695,23.85,2.739,2.761,bbox,6.308,3.959,7.374,3.688
696,23.885,2.141,2.739,pose,6.308,3.959,7.374,3.688
697,23.919,2.729,2.729,bbox,6.308,3.959,7.374,3.688
698,23.953,2.726,2.729,bbox,6.308,3.959,7.374,3.688
699,23.988,2.131,2.726,pose,6.308,3.959,7.374,3.688
700,24.022,2.746,2.726,bbox,6.308,3.959,7.374,3.688
701,24.056,2.774,2.729,bbox,6.308,3.959,7.374,3.688
702,24.091,2.136,2.726,pose,6.308,3.959,7.374,3.688
703,24.125,2.821,2.746,bbox,6.308,3.959,7.374,3.744
704,24.159,2.766,2.766,bbox,6.308,3.959,7.374,3.744
705,24.194,2.028,2.766,pose,6.308,3.959,7.374,3.744
706,24.228,2.762,2.762,bbox,6.308,3.959,7.374,3.744
707,24.262,2.774,2.766,bbox,6.353,3.959,7.374,3.744
708,24.296,2.048,2.762,pose,6.353,3.959,7.374,3.744
709,24.331,2.794,2.762,bbox,6.402,3.959,7.374,3.744
710,24.365,2.854,2.774,bbox,6.402,3.959,7.374,3.744
711,24.399,2.07,2.774,pose,6.402,3.959,7.374,3.744
712,24.434,2.769,2.769,bbox,6.446,3.959,7.374,3.744
713,24.468,2.711,2.769,bbox,6.446,3.959,7.374,3.744
714,24.502,1.762,2.711,pose,6.446,3.959,7.418,3.744
715,24.537,2.683,2.683,bbox,6.446,3.999,7.477,3.744
716,24.571,2.615,2.683,bbox,6.446,3.999,7.477,3.744
717,24.605,2.617,2.617,bbox,6.446,4.034,7.624,3.744
718,24.64,2.627,2.617,bbox,6.446,4.034,7.624,3.744
719,24.674,2.621,2.621,bbox,6.446,4.034,7.624,3.744
720,24.708,2.201,2.617,pose,6.446,4.034,7.624,3.744
721,24.743,2.49,2.617,bbox,6.446,4.067,7.685,3.744
722,24.777,2.376,2.49,bbox,6.446,4.165,7.739,3.744
723,24.811,2.095,2.376,pose,6.446,4.165,7.78,3.744
724,24.846,2.362,2.362,bbox,6.446,4.165,7.899,3.744
725,24.88,2.374,2.374,bbox,6.446,4.165,7.958,3.744
726,24.914,2.478,2.374,bbox,6.446,4.165,7.958,3.744
727,24.949,2.526,2.374,bbox,6.446,4.303,7.958,3.744
728,24.983,,,,6.446,4.303,7.958,3.744
729,25.017,2.752,2.478,bbox,6.446,4.303,7.958,3.744
730,25.051,2.787,2.526,bbox,6.446,4.376,7.958,3.792
731,25.086,2.849,2.752,bbox,6.446,4.376,7.958,3.792
732,25.12,2.935,2.787,bbox,6.446,4.376,7.958,3.792
733,25.154,3.059,2.849,bbox,6.446,4.376,7.958,3.828
734,25.189,3.161,2.935,bbox,6.446,4.424,7.958,3.828
735,25.223,2.624,2.935,pose,6.446,4.51,7.958,3.828
736,25.257,3.096,3.059,bbox,6.446,4.581,7.958,3.828
737,25.292,3.148,3.096,bbox,6.446,4.625,7.958,3.828
738,25.326,2.8,3.096,pose,6.446,4.625,7.958,3.828
739,25.36,3.133,3.096,bbox,6.446,4.67,7.958,3.828
740,25.395,3.144,3.133,bbox,6.446,4.67,7.991,3.828
741,25.429,2.91,3.133,pose,6.446,4.751,7.991,3.828
742,25.463,3.183,3.133,bbox,6.446,4.826,7.991,3.828
743,25.498,3.226,3.144,bbox,6.446,4.867,8.042,3.828
744,25.532,2.757,3.144,pose,6.446,4.937,8.042,3.828
745,25.566,3.189,3.183,bbox,6.446,4.971,8.074,3.828
746,25.601,3.166,3.183,bbox,6.446,4.971,8.074,3.828
747,25.635,2.585,3.166,pose,6.446,4.971,8.131,3.828
748,25.669,3.18,3.166,bbox,6.446,4.971,8.21,3.828
749,25.704,3.152,3.166,bbox,6.446,4.971,8.266,3.828
750,25.738,2.313,3.152,pose,6.446,4.971,8.266,3.828
751,25.772,3.081,3.081,bbox,6.446,4.971,8.266,3.828
752,25.806,3.04,3.081,bbox,6.446,4.971,8.266,3.828
753,25.841,2.11,3.04,pose,6.482,4.971,8.266,3.828
754,25.875,2.919,2.919,bbox,6.482,4.971,8.266,3.828
755,25.909,2.868,2.919,bbox,6.482,4.971,8.313,3.828
756,25.944,2.067,2.868,pose,6.53,4.971,8.313,3.828
757,25.978,2.731,2.731,bbox,6.53,4.971,8.313,3.828
758,26.012,2.722,2.731,bbox,6.53,4.971,8.388,3.828
759,26.047,1.98,2.722,pose,6.53,4.971,8.442,3.828
760,26.081,2.709,2.709,bbox,6.53,4.971,8.442,3.828
761,26.115,2.674,2.709,bbox,6.53,4.971,8.442,3.828
762,26.15,2.009,2.674,pose,6.53,4.971,8.442,3.828
763,26.184,2.681,2.674,bbox,6.53,4.971,8.442,3.828
764,26.218,2.684,2.681,bbox,6.53,4.971,8.498,3.828
765,26.253,2.201,2.674,pose,6.53,4.971,8.498,3.828
766,26.287,2.725,2.681,bbox,6.53,5.002,8.546,3.828
767,26.321,2.749,2.684,bbox,6.53,5.002,8.546,3.828
768,26.356,2.234,2.684,pose,6.53,5.002,8.546,3.828
769,26.39,2.8,2.725,bbox,6.53,5.034,8.546,3.889
770,26.424,2.808,2.749,bbox,6.53,5.034,8.546,3.889
771,26.458,2.214,2.749,pose,6.53,5.034,8.546,3.889
772,26.493,2.834,2.8,bbox,6.53,5.034,8.546,3.889
773,26.527,2.841,2.808,bbox,6.53,5.034,8.546,3.889
774,26.561,2.275,2.808,pose,6.53,5.034,8.546,3.889
775,26.596,2.78,2.78,bbox,6.53,5.034,8.546,3.889
776,26.63,2.762,2.78,bbox,6.53,5.034,8.546,3.889
777,26.664,2.207,2.762,pose,6.53,5.034,8.546,3.889
778,26.699,2.647,2.647,bbox,6.579,5.034,8.546,3.889
779,26.733,2.632,2.647,bbox,6.611,5.034,8.546,3.889
780,26.767,1.988,2.632,pose,6.611,5.034,8.546,3.889
781,26.802,2.585,2.585,bbox,6.702,5.034,8.546,3.889
782,26.836,2.562,2.585,bbox,6.702,5.034,8.546,3.889
783,26.87,1.993,2.562,pose,6.702,5.034,8.585,3.889
784,26.905,2.53,2.53,bbox,6.702,5.034,8.585,3.889
785,26.939,2.515,2.53,bbox,6.702,5.034,8.585,3.889
786,26.973,1.958,2.515,pose,6.702,5.034,8.585,3.889
787,27.008,2.522,2.515,bbox,6.702,5.034,8.623,3.889
788,27.042,2.548,2.522,bbox,6.702,5.034,8.623,3.889
789,27.076,2.013,2.515,pose,6.702,5.066,8.623,3.889
790,27.111,2.652,2.522,bbox,6.702,5.111,8.623,3.932
791,27.145,2.722,2.548,bbox,6.702,5.111,8.623,3.932
792,27.179,2.116,2.548,pose,6.702,5.154,8.623,3.965
793,27.213,2.86,2.652,bbox,6.702,5.154,8.623,3.965
794,27.248,2.934,2.722,bbox,6.702,5.154,8.623,4.009
795,27.282,2.362,2.722,pose,6.702,5.154,8.623,4.04
796,27.316,2.923,2.86,bbox,6.702,5.154,8.623,4.071
797,27.351,2.867,2.867,bbox,6.702,5.154,8.623,4.071
798,27.385,2.257,2.867,pose,6.702,5.154,8.623,4.071
799,27.419,2.874,2.867,bbox,6.702,5.154,8.623,4.157
800,27.454,2.736,2.867,bbox,6.702,5.154,8.685,4.157
801,27.488,2.077,2.736,pose,6.702,5.154,8.685,4.22
802,27.522,2.749,2.736,bbox,6.702,5.154,8.685,4.252
803,27.557,2.719,2.736,bbox,6.702,5.154,8.685,4.252
804,27.591,2.047,2.719,pose,6.702,5.154,8.685,4.252
805,27.625,2.735,2.719,bbox,6.702,5.154,8.685,4.252
806,27.66,2.722,2.722,bbox,6.753,5.154,8.685,4.252
807,27.694,2.073,2.719,pose,6.753,5.154,8.685,4.252
808,27.728,2.734,2.722,bbox,6.753,5.154,8.685,4.252
809,27.763,2.763,2.734,bbox,6.753,5.154,8.685,4.252
810,27.797,2.148,2.722,pose,6.753,5.154,8.685,4.252
811,27.831,2.774,2.734,bbox,6.753,5.154,8.685,4.252
812,27.865,2.758,2.758,bbox,6.753,5.154,8.685,4.252
813,27.9,2.127,2.758,pose,6.753,5.154,8.685,4.252
814,27.934,2.718,2.718,bbox,6.753,5.154,8.685,4.252
815,27.968,2.772,2.758,bbox,6.753,5.154,8.685,4.252
816,28.003,2.143,2.718,pose,6.753,5.154,8.685,4.301
817,28.037,2.842,2.718,bbox,6.753,5.154,8.685,4.301
818,28.071,2.916,2.772,bbox,6.753,5.154,8.685,4.383
819,28.106,2.276,2.772,pose,6.753,5.154,8.685,4.383
820,28.14,2.969,2.842,bbox,6.753,5.154,8.685,4.383
821,28.174,2.985,2.916,bbox,6.753,5.154,8.685,4.383
822,28.209,2.287,2.916,pose,6.753,5.154,8.685,4.416
823,28.243,2.962,2.962,bbox,6.753,5.154,8.685,4.416
824,28.277,2.916,2.962,bbox,6.753,5.154,8.685,4.416
825,28.312,2.212,2.916,pose,6.753,5.154,8.685,4.416
826,28.346,2.849,2.849,bbox,6.753,5.154,8.685,4.416
827,28.38,2.87,2.87,bbox,6.753,5.154,8.685,4.416
828,28.415,2.193,2.849,pose,6.753,5.154,8.685,4.416
829,28.449,2.85,2.849,bbox,6.753,5.154,8.685,4.416
830,28.483,2.812,2.849,bbox,6.753,5.154,8.685,4.416
831,28.518,2.236,2.812,pose,6.753,5.154,8.685,4.416
832,28.552,2.792,2.792,bbox,6.753,5.154,8.685,4.416
833,28.586,2.764,2.792,bbox,6.753,5.154,8.723,4.416
834,28.62,2.242,2.764,pose,6.753,5.154,8.723,4.416
835,28.655,2.721,2.721,bbox,6.753,5.154,8.764,4.416
836,28.689,2.745,2.745,bbox,6.753,5.154,8.764,4.416
837,28.723,2.183,2.721,pose,6.753,5.154,8.764,4.416
838,28.758,2.792,2.721,bbox,6.753,5.154,8.764,4.489
839,28.792,2.756,2.745,bbox,6.753,5.154,8.764,4.489
840,28.826,1.997,2.745,pose,6.753,5.154,8.764,4.533
841,28.861,2.762,2.756,bbox,6.753,5.154,8.764,4.533
842,28.895,2.806,2.762,bbox,6.809,5.154,8.764,4.533
843,28.929,2.036,2.756,pose,6.809,5.154,8.764,4.564
844,28.964,2.812,2.762,bbox,6.849,5.154,8.764,4.564
845,28.998,2.787,2.787,bbox,6.849,5.154,8.764,4.596
846,29.032,2.061,2.787,pose,6.849,5.154,8.764,4.596
847,29.067,2.735,2.735,bbox,6.926,5.154,8.764,4.596
848,29.101,2.724,2.735,bbox,6.971,5.154,8.764,4.596
849,29.135,2.02,2.724,pose,6.971,5.154,8.764,4.596
850,29.17,2.643,2.643,bbox,7.007,5.154,8.802,4.596
851,29.204,2.561,2.643,bbox,7.007,5.154,8.802,4.596
852,29.238,1.93,2.561,pose,7.007,5.188,8.846,4.596
853,29.272,2.535,2.535,bbox,7.007,5.248,8.846,4.596
854,29.307,2.57,2.561,bbox,7.007,5.248,8.846,4.596
855,29.341,1.992,2.535,pose,7.007,5.286,8.846,4.596
856,29.375,2.643,2.535,bbox,7.007,5.327,8.925,4.596
857,29.41,2.656,2.57,bbox,7.007,5.327,8.925,4.596
858,29.444,2.06,2.57,pose,7.007,5.327,8.925,4.596
859,29.478,2.675,2.643,bbox,7.007,5.327,8.925,4.636
860,29.513,2.688,2.656,bbox,7.007,5.327,8.925,4.636
861,29.547,2.085,2.656,pose,7.007,5.327,8.925,4.679
862,29.581,2.752,2.675,bbox,7.007,5.327,8.925,4.713
863,29.616,2.795,2.688,bbox,7.007,5.327,8.925,4.768
864,29.65,2.181,2.688,pose,7.007,5.327,8.925,4.768
865,29.684,2.845,2.752,bbox,7.007,5.327,8.925,4.804
866,29.719,2.859,2.795,bbox,7.007,5.327,8.925,4.804
867,29.753,2.193,2.795,pose,7.007,5.327,8.925,4.804
868,29.787,2.86,2.845,bbox,7.007,5.327,8.925,4.804
869,29.822,2.84,2.845,bbox,7.007,5.327,8.925,4.804
870,29.856,2.104,2.84,pose,7.007,5.327,8.925,4.804
871,29.89,2.734,2.734,bbox,7.007,5.327,8.925,4.804
872,29.925,2.601,2.734,bbox,7.007,5.327,8.962,4.804
873,29.959,1.981,2.601,pose,7.007,5.327,8.962,4.804
874,29.993,2.524,2.524,bbox,7.056,5.327,9.003,4.804
875,30.027,2.543,2.543,bbox,7.092,5.327,9.003,4.804
876,30.062,1.975,2.524,pose,7.092,5.327,9.034,4.804
877,30.096,2.593,2.524,bbox,7.163,5.327,9.071,4.804
878,30.13,2.601,2.543,bbox,7.163,5.327,9.071,4.804
879,30.165,1.741,2.543,pose,7.163,5.327,9.071,4.804
880,30.199,2.596,2.593,bbox,7.163,5.4,9.071,4.804
881,30.233,2.589,2.593,bbox,7.163,5.4,9.102,4.804
882,30.268,1.585,2.589,pose,7.163,5.4,9.223,4.804
883,30.302,2.625,2.589,bbox,7.163,5.454,9.223,4.804
884,30.336,2.61,2.596,bbox,7.163,5.454,9.255,4.804
885,30.371,2.963,2.61,pose,7.163,5.51,9.294,4.804
886,30.405,2.685,2.625,bbox,7.163,5.55,9.362,4.804
887,30.439,2.643,2.643,bbox,7.163,5.606,9.404,4.804
888,30.474,2.539,2.643,bbox,7.163,5.64,9.404,4.804
889,30.508,2.213,2.643,bbox,7.163,5.64,9.455,4.804
890,30.542,2.124,2.539,bbox,7.163,5.721,9.548,4.804
891,30.577,1.838,2.213,pose,7.163,5.721,9.548,4.804
892,30.611,2.166,2.166,bbox,7.163,5.721,9.669,4.804
893,30.645,2.213,2.166,bbox,7.163,5.837,9.669,4.804
894,30.679,1.866,2.124,pose,7.163,5.871,9.714,4.804
895,30.714,1.865,1.866,bbox,7.163,5.871,9.714,4.804
896,30.748,1.872,1.872,bbox,7.163,5.871,9.762,4.804
897,30.782,1.788,1.866,pose,7.163,5.871,9.762,4.804
898,30.817,2.011,1.866,bbox,7.163,5.973,9.831,4.804
899,30.851,2.07,1.872,bbox,7.163,5.973,9.831,4.804
900,30.885,1.83,1.872,pose,7.163,6.027,9.831,4.804
901,30.92,2.158,2.011,bbox,7.163,6.127,9.831,4.804
902,30.954,2.188,2.07,bbox,7.163,6.127,9.831,4.804
903,30.988,1.76,2.07,pose,7.163,6.184,9.831,4.804
904,31.023,2.22,2.158,bbox,7.163,6.184,9.831,4.804
905,31.057,2.291,2.188,bbox,7.163,6.267,9.831,4.804
906,31.091,1.556,2.188,pose,7.163,6.303,9.831,4.804
907,31.126,2.239,2.22,bbox,7.163,6.303,9.831,4.804
908,31.16,2.338,2.239,bbox,7.163,6.346,9.831,4.804
909,31.194,1.831,2.239,pose,7.163,6.417,9.831,4.804
910,31.229,2.511,2.239,bbox,7.163,6.459,9.879,4.804
911,31.263,2.516,2.338,bbox,7.163,6.459,9.879,4.804
912,31.297,1.998,2.338,pose,7.163,6.557,9.879,4.804
913,31.332,2.577,2.511,bbox,7.163,6.557,9.879,4.804
914,31.366,2.625,2.516,bbox,7.163,6.598,9.879,4.804
915,31.4,2.689,2.577,bbox,7.163,6.598,9.879,4.804
916,31.434,2.668,2.625,bbox,7.163,6.676,9.879,4.804
917,31.469,2.675,2.668,bbox,7.163,6.751,9.94,4.804
918,31.503,2.336,2.668,pose,7.163,6.797,9.985,4.804
919,31.537,2.6,2.668,bbox,7.163,6.865,9.985,4.804
920,31.572,2.527,2.6,bbox,7.163,6.926,10.087,4.804
921,31.606,2.346,2.527,pose,7.163,6.926,10.087,4.804
922,31.64,2.437,2.437,bbox,7.163,6.926,10.137,4.804
923,31.675,2.418,2.437,bbox,7.163,6.964,10.19,4.804
924,31.709,2.146,2.418,pose,7.163,6.964,10.19,4.804
925,31.743,2.393,2.393,bbox,7.163,6.964,10.317,4.804
926,31.778,2.379,2.393,bbox,7.163,6.964,10.317,4.804
927,31.812,1.91,2.379,pose,7.163,6.964,10.317,4.804
928,31.846,2.345,2.345,bbox,7.163,6.964,10.367,4.804
929,31.881,2.32,2.345,bbox,7.163,6.964,10.367,4.804
930,31.915,1.716,2.32,pose,7.163,6.964,10.367,4.804
931,31.949,2.35,2.32,bbox,7.163,6.964,10.367,4.804
932,31.984,2.302,2.32,bbox,7.163,6.964,10.367,4.804
933,32.018,2.263,2.302,bbox,7.214,6.964,10.367,4.804
934,32.052,2.167,2.263,bbox,7.255,6.964,10.367,4.804
935,32.086,2.127,2.263,bbox,7.255,6.964,10.413,4.804
936,32.121,1.595,2.167,pose,7.255,6.964,10.413,4.804
937,32.155,2.076,2.127,bbox,7.287,6.964,10.413,4.804
938,32.189,2.076,2.076,bbox,7.287,6.964,10.413,4.804
939,32.224,1.547,2.076,pose,7.287,6.964,10.452,4.804
940,32.258,2.074,2.074,bbox,7.287,7.017,10.452,4.804
941,32.292,2.099,2.076,bbox,7.287,7.017,10.452,4.804
942,32.327,1.607,2.074,pose,7.287,7.047,10.452,4.804
943,32.361,2.201,2.074,bbox,7.287,7.125,10.496,4.804
944,32.395,2.228,2.099,bbox,7.287,7.125,10.496,4.804
945,32.43,1.836,2.099,pose,7.287,7.162,10.496,4.804
946,32.464,2.227,2.201,bbox,7.287,7.162,10.496,4.849
947,32.498,2.205,2.205,bbox,7.287,7.162,10.496,4.849
948,32.533,1.946,2.205,pose,7.287,7.162,10.496,4.849
949,32.567,2.323,2.205,bbox,7.287,7.194,10.496,4.849
950,32.601,2.406,2.227,bbox,7.287,7.194,10.496,4.849
951,32.636,2.492,2.323,bbox,7.287,7.231,10.496,4.849
952,32.67,2.561,2.406,bbox,7.287,7.268,10.496,4.849
953,32.704,2.643,2.492,bbox,7.287,7.268,10.496,4.849
954,32.739,2.142,2.492,pose,7.287,7.304,10.496,4.849
955,32.773,2.706,2.561,bbox,7.287,7.304,10.496,4.849
956,32.807,2.686,2.643,bbox,7.287,7.304,10.496,4.849
957,32.841,2.107,2.643,pose,7.287,7.304,10.496,4.849
958,32.876,2.617,2.617,bbox,7.287,7.304,10.496,4.849
959,32.91,2.69,2.686,bbox,7.287,7.304,10.496,4.849
960,32.944,1.959,2.617,pose,7.287,7.304,10.496,4.849
961,32.979,2.455,2.455,bbox,7.287,7.304,10.542,4.849
962,33.013,2.43,2.455,bbox,7.287,7.304,10.585,4.849
963,33.047,2.464,2.455,bbox,7.324,7.304,10.585,4.849
964,33.082,2.48,2.455,bbox,7.324,7.304,10.585,4.849
965,33.116,2.401,2.455,bbox,7.324,7.304,10.585,4.849
966,33.15,1.83,2.43,pose,7.324,7.304,10.585,4.849
967,33.185,2.425,2.425,bbox,7.324,7.304,10.585,4.849
968,33.219,2.42,2.42,bbox,7.324,7.304,10.585,4.849
969,33.253,1.808,2.401,pose,7.324,7.304,10.585,4.849
970,33.288,2.365,2.365,bbox,7.324,7.304,10.585,4.849
971,33.322,2.334,2.365,bbox,7.324,7.304,10.585,4.849
972,33.356,1.846,2.334,pose,7.324,7.304,10.585,4.849
973,33.391,2.569,2.334,bbox,7.324,7.304,10.585,4.849
974,33.425,2.504,2.365,bbox,7.324,7.304,10.585,4.915
975,33.459,2.056,2.334,pose,7.324,7.304,10.585,4.915
976,33.493,2.633,2.504,bbox,7.324,7.304,10.585,4.947
977,33.528,2.636,2.569,bbox,7.324,7.304,10.585,4.992
978,33.562,2.043,2.504,pose,7.324,7.304,10.585,4.992
979,33.596,2.768,2.633,bbox,7.324,7.304,10.585,4.992
980,33.631,2.689,2.636,bbox,7.324,7.304,10.585,4.992
981,33.665,2.616,2.636,bbox,7.324,7.304,10.585,4.992
982,33.699,2.58,2.616,bbox,7.324,7.304,10.585,4.992
983,33.734,2.545,2.616,bbox,7.324,7.304,10.585,4.992
984,33.768,2.027,2.58,pose,7.324,7.304,10.585,4.992
985,33.802,2.565,2.565,bbox,7.324,7.304,10.585,4.992
986,33.837,2.592,2.565,bbox,7.324,7.304,10.585,4.992
987,33.871,2.117,2.545,pose,7.324,7.304,10.585,4.992
988,33.905,2.653,2.565,bbox,7.324,7.304,10.585,4.992
989,33.94,2.682,2.592,bbox,7.324,7.304,10.585,4.992
990,33.974,2.173,2.592,pose,7.324,7.304,10.585,4.992
991,34.008,2.664,2.653,bbox,7.324,7.304,10.585,4.992
992,34.043,2.594,2.653,bbox,7.324,7.304,10.585,4.992
993,34.077,2.523,2.594,bbox,7.324,7.304,10.585,4.992
994,34.111,2.445,2.523,bbox,7.324,7.304,10.585,4.992
995,34.146,2.38,2.523,bbox,7.369,7.304,10.585,4.992
996,34.18,2.312,2.445,bbox,7.409,7.304,10.585,4.992
997,34.214,2.234,2.38,bbox,7.447,7.304,10.585,4.992
998,34.248,2.19,2.312,bbox,7.499,7.304,10.585,4.992
999,34.283,1.895,2.234,pose,7.499,7.304,10.585,4.992
1000,34.317,2.227,2.227,bbox,7.555,7.304,10.585,4.992
1001,34.351,2.196,2.196,bbox,7.555,7.304,10.585,4.992
1002,34.386,2.18,2.19,bbox,7.555,7.304,10.585,4.992
1003,34.42,2.196,2.196,bbox,7.555,7.304,10.585,5.026
1004,34.454,2.206,2.196,bbox,7.608,7.304,10.585,5.026
1005,34.489,2.188,2.196,bbox,7.608,7.304,10.585,5.061
1006,34.523,2.208,2.196,bbox,7.642,7.304,10.585,5.061
1007,34.557,2.224,2.206,bbox,7.689,7.304,10.585,5.148
1008,34.592,2.32,2.208,bbox,7.736,7.304,10.585,5.148
1009,34.626,2.245,2.224,bbox,7.78,7.304,10.585,5.185
1010,34.66,2.26,2.245,bbox,7.815,7.304,10.585,5.261
1011,34.695,2.271,2.26,bbox,7.921,7.304,10.585,5.298
1012,34.729,2.336,2.271,bbox,7.996,7.304,10.585,5.335
1013,34.763,2.467,2.271,bbox,8.078,7.304,10.585,5.335
1014,34.798,2.484,2.336,bbox,8.078,7.304,10.585,5.335
1015,34.832,2.565,2.467,bbox,8.078,7.304,10.585,5.4
1016,34.866,2.563,2.484,bbox,8.078,7.304,10.585,5.4
1017,34.9,2.54,2.54,bbox,8.078,7.304,10.585,5.4
1018,34.935,2.405,2.54,bbox,8.078,7.304,10.668,5.4
1019,34.969,2.283,2.54,bbox,8.078,7.304,10.668,5.4
1020,35.003,2.149,2.405,bbox,8.078,7.304,10.717,5.4
1021,35.038,2.025,2.283,bbox,8.078,7.304,10.757,5.4
1022,35.072,1.86,2.149,bbox,8.078,7.304,10.841,5.4
1023,35.106,1.906,2.025,pose,8.078,7.304,10.916,5.4
1024,35.141,1.749,1.906,bbox,8.078,7.304,10.987,5.4
1025,35.175,1.726,1.86,bbox,8.078,7.334,10.987,5.4
1026,35.209,1.702,1.749,bbox,8.078,7.38,11.102,5.4
1027,35.244,1.694,1.726,bbox,8.078,7.38,11.148,5.4
1028,35.278,1.638,1.702,bbox,8.078,7.38,11.148,5.4
1029,35.312,1.662,1.694,bbox,8.078,7.38,11.268,5.4
1030,35.347,1.574,1.662,bbox,8.078,7.38,11.268,5.4
1031,35.381,1.518,1.638,bbox,8.078,7.38,11.321,5.4
1032,35.415,0.923,1.574,pose,8.078,7.38,11.321,5.4
1033,35.45,1.545,1.545,bbox,8.078,7.38,11.321,5.4
1034,35.484,1.55,1.545,bbox,8.078,7.38,11.367,5.4
1035,35.518,1.624,1.545,bbox,8.078,7.38,11.401,5.4
1036,35.553,1.603,1.55,bbox,8.078,7.429,11.401,5.4
1037,35.587,1.667,1.603,bbox,8.078,7.429,11.401,5.4
1038,35.621,1.142,1.603,pose,8.078,7.429,11.401,5.4
1039,35.655,1.649,1.624,bbox,8.078,7.429,11.401,5.4
1040,35.69,1.616,1.616,bbox,8.078,7.429,11.401,5.4
1041,35.724,1.195,1.616,pose,8.078,7.429,11.401,5.4
1042,35.758,1.578,1.578,bbox,8.078,7.429,11.401,5.4
1043,35.793,1.606,1.606,bbox,8.078,7.429,11.401,5.4
1044,35.827,1.551,1.578,bbox,8.078,7.429,11.456,5.4
1045,35.861,1.611,1.578,bbox,8.078,7.464,11.456,5.4
1046,35.896,1.572,1.578,bbox,8.078,7.464,11.456,5.4
1047,35.93,1.593,1.593,bbox,8.078,7.464,11.456,5.4
1048,35.964,1.567,1.572,bbox,8.078,7.464,11.456,5.4
1049,35.999,1.511,1.572,bbox,8.078,7.464,11.456,5.4
1050,36.033,1.507,1.567,bbox,8.112,7.464,11.456,5.437
1051,36.067,1.495,1.511,bbox,8.162,7.464,11.456,5.437
1052,36.102,1.47,1.507,bbox,8.162,7.464,11.456,5.437
1053,36.136,1.207,1.495,pose,8.162,7.464,11.456,5.437
1054,36.17,1.484,1.484,bbox,8.162,7.464,11.456,5.437
1055,36.205,1.416,1.47,bbox,8.162,7.464,11.456,5.437
1056,36.239,1.445,1.445,bbox,8.162,7.464,11.456,5.437
1057,36.273,,,,8.162,7.464,11.456,5.437
1058,36.307,,,,8.162,7.464,11.456,5.437
1059,36.342,,,,8.162,7.464,11.456,5.437
1060,36.376,3.183,1.445,bbox,8.162,7.464,11.456,5.437
1061,36.41,3.162,1.484,bbox,8.162,7.464,11.456,5.541
1062,36.445,2.749,2.749,pose,8.162,7.606,11.456,5.541
1063,36.479,3.203,3.162,bbox,8.162,7.606,11.456,5.585
1064,36.513,3.179,3.179,bbox,8.162,7.606,11.456,5.585
1065,36.548,2.586,3.162,pose,8.162,7.606,11.456,5.585
1066,36.582,3.053,3.053,bbox,8.2,7.606,11.456,5.585
1067,36.616,3.016,3.053,bbox,8.246,7.606,11.456,5.585
1068,36.651,2.466,3.016,pose,8.246,7.606,11.456,5.585
1069,36.685,3.026,3.016,bbox,8.299,7.606,11.456,5.585
1070,36.719,3.045,3.026,bbox,8.299,7.606,11.456,5.585
1071,36.754,2.447,3.016,pose,8.299,7.606,11.456,5.585
1072,36.788,3.069,3.026,bbox,8.346,7.606,11.456,5.585
1073,36.822,3.045,3.045,bbox,8.346,7.606,11.456,5.585
1074,36.857,2.42,3.045,pose,8.346,7.606,11.456,5.585
1075,36.891,3.032,3.032,bbox,8.386,7.606,11.456,5.585
1076,36.925,3.018,3.032,bbox,8.386,7.606,11.456,5.585
1077,36.96,2.405,3.018,pose,8.386,7.606,11.456,5.585
1078,36.994,3.026,3.018,bbox,8.418,7.606,11.456,5.585
1079,37.028,2.998,3.018,bbox,8.418,7.606,11.456,5.585
1080,37.062,2.98,2.998,bbox,8.418,7.606,11.456,5.585
1081,37.097,2.929,2.98,bbox,8.418,7.606,11.456,5.585
1082,37.131,2.915,2.98,bbox,8.418,7.606,11.456,5.585
1083,37.165,2.367,2.929,pose,8.418,7.606,11.456,5.585
1084,37.2,2.921,2.921,bbox,8.418,7.606,11.498,5.585
1085,37.234,2.911,2.915,bbox,8.418,7.606,11.498,5.585
1086,37.268,2.38,2.911,pose,8.418,7.606,11.498,5.585
1087,37.303,2.941,2.911,bbox,8.418,7.606,11.498,5.585
1088,37.337,2.958,2.921,bbox,8.418,7.606,11.498,5.585
1089,37.371,2.401,2.911,pose,8.418,7.606,11.498,5.585
1090,37.406,3.027,2.941,bbox,8.418,7.606,11.498,5.617
1091,37.44,3.102,2.958,bbox,8.418,7.606,11.498,5.617
1092,37.474,2.421,2.958,pose,8.418,7.606,11.498,5.659
1093,37.509,3.214,3.027,bbox,8.418,7.606,11.498,5.659
1094,37.543,3.292,3.102,bbox,8.418,7.606,11.498,5.691
1095,37.577,2.51,3.102,pose,8.418,7.606,11.498,5.725
1096,37.612,3.138,3.138,bbox,8.418,7.606,11.498,5.725
1097,37.646,3.107,3.138,bbox,8.418,7.606,11.498,5.725
1098,37.68,2.459,3.107,pose,8.418,7.606,11.498,5.725
1099,37.714,3.137,3.107,bbox,8.418,7.606,11.498,5.725
1100,37.749,3.131,3.131,bbox,8.418,7.606,11.498,5.767
1101,37.783,2.421,3.107,pose,8.418,7.606,11.498,5.767
1102,37.817,3.149,3.131,bbox,8.418,7.606,11.498,5.767
1103,37.852,3.091,3.131,bbox,8.418,7.606,11.498,5.767
1104,37.886,2.41,3.091,pose,8.418,7.606,11.559,5.767
1105,37.92,3.029,3.029,bbox,8.418,7.606,11.559,5.767
1106,37.955,3.015,3.029,bbox,8.418,7.606,11.602,5.767
1107,37.989,2.38,3.015,pose,8.418,7.606,11.64,5.767
1108,38.023,2.952,2.952,bbox,8.418,7.606,11.64,5.767
1109,38.058,2.927,2.952,bbox,8.418,7.606,11.64,5.767
1110,38.092,2.413,2.927,pose,8.418,7.606,11.64,5.767
1111,38.126,2.952,2.927,bbox,8.418,7.606,11.694,5.767
1112,38.161,2.933,2.933,bbox,8.418,7.606,11.694,5.767
1113,38.195,2.4,2.927,pose,8.418,7.606,11.694,5.767
1114,38.229,2.959,2.933,bbox,8.418,7.606,11.694,5.821
1115,38.264,2.979,2.952,bbox,8.418,7.606,11.694,5.821
1116,38.298,2.361,2.933,pose,8.418,7.606,11.694,5.821
1117,38.332,3.06,2.959,bbox,8.418,7.606,11.694,5.821
1118,38.367,3.095,2.979,bbox,8.418,7.606,11.694,5.859
1119,38.401,2.236,2.979,pose,8.418,7.606,11.694,5.859
1120,38.435,3.047,3.047,bbox,8.418,7.606,11.694,5.859
1121,38.469,3.022,3.047,bbox,8.418,7.606,11.694,5.91
1122,38.504,2.165,3.022,pose,8.497,7.606,11.694,5.91
1123,38.538,3.023,3.022,bbox,8.497,7.606,11.726,5.91
1124,38.572,3.023,3.023,bbox,8.539,7.606,11.726,5.91
1125,38.607,2.854,3.022,bbox,8.664,7.606,11.726,5.91
1126,38.641,2.783,2.854,bbox,8.706,7.606,11.726,5.91
1127,38.675,2.703,2.854,bbox,8.753,7.606,11.823,5.91
1128,38.71,2.668,2.783,bbox,8.753,7.606,11.883,5.91
1129,38.744,2.616,2.703,bbox,8.753,7.606,11.92,5.91
1130,38.778,2.591,2.668,bbox,8.753,7.606,11.965,5.91
1131,38.813,1.918,2.616,pose,8.753,7.606,11.965,5.91
1132,38.847,2.552,2.591,bbox,8.753,7.606,12.082,5.91
1133,38.881,2.596,2.591,bbox,8.753,7.606,12.125,5.91
1134,38.916,2.156,2.552,pose,8.753,7.664,12.125,5.91
1135,38.95,2.805,2.552,bbox,8.753,7.698,12.171,5.91
1136,38.984,2.787,2.596,bbox,8.753,7.839,12.171,5.91
1137,39.019,2.819,2.787,bbox,8.753,7.839,12.171,5.91
1138,39.053,2.839,2.805,bbox,8.753,7.839,12.171,5.91
1139,39.087,2.831,2.819,bbox,8.753,7.839,12.21,5.91
1140,39.121,2.044,2.819,pose,8.753,7.875,12.21,5.91
1141,39.156,2.711,2.819,bbox,8.753,7.875,12.21,5.91
1142,39.19,2.616,2.711,bbox,8.753,7.875,12.21,5.91
1143,39.224,2.557,2.616,bbox,8.753,7.875,12.357,5.91
1144,39.259,2.497,2.557,bbox,8.753,7.875,12.427,5.91
1145,39.293,2.462,2.557,bbox,8.753,7.875,12.47,5.91
1146,39.327,2.306,2.497,pose,8.753,7.875,12.568,5.91
1147,39.362,2.608,2.497,bbox,8.753,7.956,12.648,5.91
1148,39.396,2.323,2.462,bbox,8.753,8.094,12.699,5.91
1149,39.43,1.703,2.323,pose,8.753,8.13,12.737,5.91
1150,39.465,2.348,2.323,bbox,8.753,8.13,12.737,5.91
1151,39.499,2.292,2.323,bbox,8.753,8.237,12.785,5.91
1152,39.533,1.972,2.292,pose,8.753,8.237,12.785,5.91
1153,39.568,1.834,1.972,bbox,8.753,8.237,12.858,5.91
1154,39.602,2.135,2.135,bbox,8.753,8.237,12.941,5.91
1155,39.636,2.221,2.135,pose,8.753,8.27,13.091,5.91
1156,39.671,2.322,2.135,bbox,8.753,8.357,13.156,5.91
1157,39.705,2.14,2.14,bbox,8.753,8.406,13.156,5.91
1158,39.739,1.656,2.14,pose,8.753,8.445,13.156,5.91
1159,39.774,2.134,2.14,bbox,8.753,8.477,13.241,5.91
1160,39.808,2.169,2.14,bbox,8.753,8.618,13.241,5.91
1161,39.842,1.52,2.134,pose,8.753,8.618,13.241,5.91
1162,39.876,2.215,2.134,bbox,8.753,8.665,13.37,5.91
1163,39.911,2.276,2.169,bbox,8.753,8.734,13.411,5.91
1164,39.945,2.011,2.169,pose,8.753,8.789,13.492,5.91
1165,39.979,2.216,2.215,bbox,8.753,8.789,13.492,5.91
1166,40.014,2.193,2.215,bbox,8.753,8.789,13.492,5.91
1167,40.048,1.995,2.193,pose,8.753,8.825,13.553,5.91
1168,40.082,2.143,2.143,bbox,8.753,8.921,13.6,5.91
1169,40.117,2.18,2.18,bbox,8.753,8.921,13.719,5.91
1170,40.151,2.146,2.146,bbox,8.753,9.003,13.719,5.91
1171,40.185,2.142,2.143,bbox,8.753,9.09,13.787,5.91
1172,40.22,2.138,2.143,bbox,8.753,9.09,13.867,5.91
1173,40.254,1.76,2.142,pose,8.753,9.179,13.959,5.91
1174,40.288,2.231,2.142,bbox,8.753,9.254,13.992,5.91
1175,40.323,2.177,2.142,bbox,8.753,9.254,14.069,5.91
1176,40.357,1.567,2.138,pose,8.753,9.254,14.069,5.91
1177,40.391,2.169,2.169,bbox,8.753,9.254,14.159,5.91
1178,40.426,2.228,2.177,bbox,8.753,9.29,14.208,5.91
1179,40.46,1.784,2.169,pose,8.753,9.29,14.208,5.91
1180,40.494,2.213,2.169,bbox,8.753,9.341,14.274,5.91
1181,40.528,2.227,2.213,bbox,8.753,9.374,14.274,5.91
1182,40.563,2.127,2.213,pose,8.753,9.374,14.274,5.91
1183,40.597,2.254,2.213,bbox,8.753,9.374,14.274,5.91
1184,40.631,2.316,2.227,bbox,8.753,9.374,14.274,5.91
1185,40.666,2.383,2.254,bbox,8.753,9.417,14.274,5.91
1186,40.7,2.482,2.316,bbox,8.753,9.452,14.274,5.972
1187,40.734,2.58,2.383,bbox,8.753,9.452,14.274,5.972
1188,40.769,2.434,2.434,pose,8.753,9.504,14.274,6.006
1189,40.803,2.836,2.482,bbox,8.753,9.562,14.274,6.006
1190,40.837,2.956,2.58,bbox,8.753,9.673,14.274,6.049
1191,40.872,2.574,2.58,pose,8.753,9.715,14.274,6.049
1192,40.906,3.184,2.836,bbox,8.753,9.774,14.274,6.049
1193,40.94,3.241,2.956,bbox,8.753,9.805,14.274,6.049
1194,40.975,2.583,2.956,pose,8.753,9.805,14.274,6.049
1195,41.009,3.213,3.184,bbox,8.753,9.805,14.274,6.049
1196,41.043,3.161,3.184,bbox,8.753,9.805,14.274,6.049
1197,41.078,2.474,3.161,pose,8.753,9.805,14.274,6.049
1198,41.112,2.964,2.964,bbox,8.753,9.805,14.313,6.049
1199,41.146,2.879,2.964,bbox,8.753,9.805,14.35,6.049
1200,41.181,2.834,2.879,bbox,8.753,9.805,14.35,6.049
1201,41.215,2.766,2.834,bbox,8.753,9.805,14.383,6.049
1202,41.249,2.695,2.834,bbox,8.753,9.805,14.383,6.049
1203,41.283,2.653,2.766,bbox,8.793,9.805,14.414,6.049
1204,41.318,2.624,2.695,bbox,8.824,9.805,14.414,6.049
1205,41.352,2.626,2.653,bbox,8.824,9.805,14.414,6.049
1206,41.386,2.335,2.626,pose,8.824,9.805,14.414,6.049
1207,41.421,2.631,2.626,bbox,8.824,9.805,14.414,6.049
1208,41.455,2.606,2.624,bbox,8.824,9.805,14.414,6.049
1209,41.489,2.616,2.616,bbox,8.824,9.805,14.414,6.049
1210,41.524,2.623,2.616,bbox,8.868,9.805,14.414,6.11
1211,41.558,2.579,2.616,bbox,8.868,9.805,14.414,6.11
1212,41.592,2.702,2.616,bbox,8.912,9.805,14.414,6.143
1213,41.627,2.733,2.623,bbox,8.98,9.805,14.414,6.143
1214,41.661,2.702,2.702,bbox,8.98,9.805,14.414,6.197
1215,41.695,2.692,2.702,bbox,8.98,9.805,14.414,6.197
1216,41.73,2.672,2.702,bbox,9.028,9.805,14.414,6.197
1217,41.764,2.665,2.692,bbox,9.071,9.805,14.414,6.197
1218,41.798,2.678,2.678,bbox,9.11,9.805,14.414,6.197
1219,41.833,2.637,2.672,bbox,9.14,9.805,14.414,6.197
1220,41.867,2.594,2.665,bbox,9.14,9.805,14.414,6.197
1221,41.901,1.984,2.637,pose,9.14,9.805,14.414,6.197
1222,41.935,2.567,2.594,bbox,9.14,9.805,14.458,6.197
1223,41.97,2.53,2.567,bbox,9.14,9.805,14.458,6.197
1224,42.004,1.939,2.53,pose,9.14,9.805,14.458,6.197
1225,42.038,2.46,2.46,bbox,9.14,9.805,14.458,6.197
1226,42.073,2.425,2.46,bbox,9.14,9.805,14.458,6.197
1227,42.107,2.02,2.425,pose,9.14,9.805,14.458,6.197
1228,42.141,2.523,2.425,bbox,9.14,9.867,14.458,6.243
1229,42.176,2.565,2.46,bbox,9.14,9.867,14.458,6.243
1230,42.21,2.268,2.425,pose,9.14,9.867,14.458,6.29
1231,42.244,2.722,2.523,bbox,9.14,9.867,14.458,6.436
1232,42.279,2.815,2.565,bbox,9.14,9.867,14.458,6.436
1233,42.313,2.353,2.565,pose,9.14,9.867,14.458,6.483
1234,42.347,2.917,2.722,bbox,9.14,9.867,14.458,6.555
1235,42.382,2.973,2.815,bbox,9.14,9.867,14.458,6.555
1236,42.416,2.325,2.815,pose,9.14,9.867,14.458,6.601
1237,42.45,2.944,2.917,bbox,9.14,9.867,14.458,6.647
1238,42.485,2.927,2.927,bbox,9.14,9.867,14.458,6.647
1239,42.519,2.256,2.927,pose,9.14,9.867,14.458,6.647
1240,42.553,2.834,2.834,bbox,9.171,9.867,14.458,6.647
1241,42.588,2.776,2.834,bbox,9.171,9.867,14.458,6.647
1242,42.622,2.158,2.776,pose,9.171,9.867,14.458,6.647
1243,42.656,2.62,2.62,bbox,9.201,9.867,14.458,6.647
1244,42.69,2.59,2.62,bbox,9.201,9.867,14.458,6.647
1245,42.725,2.051,2.59,pose,9.201,9.867,14.512,6.647
1246,42.759,2.524,2.524,bbox,9.247,9.867,14.512,6.647
1247,42.793,2.533,2.533,bbox,9.247,9.867,14.512,6.647
1248,42.828,2.034,2.524,pose,9.247,9.867,14.555,6.647
1249,42.862,2.546,2.524,bbox,9.247,9.867,14.594,6.647
1250,42.896,2.565,2.533,bbox,9.247,9.867,14.594,6.647
1251,42.931,1.769,2.533,pose,9.247,9.867,14.594,6.647
1252,42.965,2.535,2.535,bbox,9.247,9.867,14.594,6.647
1253,42.999,2.437,2.535,bbox,9.247,9.867,14.594,6.647
1254,43.034,1.345,2.437,pose,9.296,9.867,14.631,6.647
1255,43.068,2.258,2.258,bbox,9.296,9.867,14.673,6.647
1256,43.102,2.295,2.295,bbox,9.296,9.867,14.787,6.647
1257,43.137,1.283,2.258,pose,9.296,9.867,14.787,6.647
1258,43.171,2.253,2.253,bbox,9.343,9.867,14.787,6.647
1259,43.205,1.946,2.253,bbox,9.343,9.867,14.853,6.647
1260,43.24,1.821,1.946,bbox,9.343,9.867,14.923,6.647
1261,43.274,1.715,1.821,bbox,9.343,9.867,14.923,6.647
1262,43.308,1.614,1.821,bbox,9.343,9.867,14.923,6.647
1263,43.342,1.618,1.715,bbox,9.343,9.867,15.003,6.647
1264,43.377,1.54,1.618,bbox,9.343,9.867,15.095,6.647
1265,43.411,1.711,1.618,bbox,9.343,9.867,15.095,6.647
1266,43.445,1.483,1.614,pose,9.343,9.908,15.095,6.683
1267,43.48,1.681,1.618,bbox,9.343,9.944,15.095,6.683
1268,43.514,1.734,1.681,bbox,9.343,10.016,15.218,6.683
1269,43.548,1.577,1.681,pose,9.343,10.068,15.218,6.782
1270,43.583,1.914,1.681,bbox,9.343,10.068,15.218,6.782
1271,43.617,1.951,1.734,bbox,9.343,10.104,15.218,6.782
1272,43.651,1.937,1.914,pose,9.343,10.104,15.218,6.782
1273,43.686,2.015,1.937,bbox,9.343,10.104,15.218,6.827
1274,43.72,2.029,1.951,bbox,9.343,10.104,15.218,6.827
1275,43.754,2.067,2.015,bbox,9.343,10.104,15.218,6.827
1276,43.789,2.117,2.029,bbox,9.343,10.104,15.218,6.827
1277,43.823,2.164,2.067,bbox,9.343,10.104,15.218,6.827
1278,43.857,1.931,2.067,pose,9.343,10.136,15.218,6.827
1279,43.892,2.238,2.117,bbox,9.343,10.17,15.218,6.827
1280,43.926,2.238,2.164,bbox,9.343,10.17,15.218,6.827
1281,43.96,2.259,2.238,bbox,9.343,10.234,15.218,6.827
1282,43.995,2.305,2.238,bbox,9.343,10.234,15.218,6.827
1283,44.029,2.354,2.259,bbox,9.343,10.234,15.218,6.827
1284,44.063,2.338,2.305,bbox,9.343,10.274,15.218,6.827
1285,44.097,2.38,2.338,bbox,9.343,10.318,15.218,6.827
1286,44.132,2.365,2.354,bbox,9.343,10.318,15.218,6.827
1287,44.166,2.392,2.365,bbox,9.343,10.318,15.218,6.827
1288,44.2,2.465,2.38,bbox,9.343,10.318,15.218,6.87
1289,44.235,2.525,2.392,bbox,9.343,10.318,15.218,6.92
1290,44.269,2.555,2.465,bbox,9.343,10.318,15.218,6.92
1291,44.303,2.623,2.525,bbox,9.343,10.318,15.218,6.954
1292,44.338,2.623,2.555,bbox,9.343,10.318,15.218,7.031
1293,44.372,2.661,2.623,bbox,9.343,10.318,15.218,7.078
1294,44.406,2.689,2.623,bbox,9.343,10.318,15.218,7.078
1295,44.441,,,,9.343,10.318,15.218,7.078
1296,44.475,,,,9.343,10.318,15.218,7.078
1297,44.509,,,,9.343,10.318,15.218,7.078
1298,44.544,3.032,2.661,bbox,9.343,10.318,15.218,7.078
1299,44.578,2.466,2.661,pose,9.343,10.318,15.218,7.124
1300,44.612,3.006,2.689,bbox,9.343,10.318,15.218,7.124
1301,44.647,3.059,3.006,bbox,9.433,10.318,15.218,7.124
1302,44.681,2.652,3.006,pose,9.433,10.318,15.218,7.161
1303,44.715,3.05,3.006,bbox,9.433,10.318,15.218,7.161
1304,44.749,3.001,3.006,bbox,9.477,10.318,15.218,7.161
1305,44.784,2.329,3.001,pose,9.477,10.318,15.218,7.161
1306,44.818,2.957,2.957,bbox,9.522,10.318,15.218,7.161
1307,44.852,2.908,2.957,bbox,9.607,10.318,15.218,7.161
1308,44.887,2.21,2.908,pose,9.607,10.318,15.218,7.161
1309,44.921,2.9,2.9,bbox,9.645,10.318,15.218,7.161
1310,44.955,2.889,2.9,bbox,9.645,10.318,15.218,7.161
1311,44.99,2.221,2.889,pose,9.645,10.318,15.218,7.161
1312,45.024,2.896,2.889,bbox,9.711,10.318,15.218,7.161
1313,45.058,2.889,2.889,bbox,9.711,10.318,15.218,7.161
1314,45.093,2.243,2.889,pose,9.711,10.318,15.218,7.161
1315,45.127,2.896,2.889,bbox,9.711,10.318,15.218,7.161
1316,45.161,2.909,2.896,bbox,9.711,10.318,15.218,7.161
1317,45.196,2.291,2.889,pose,9.711,10.318,15.218,7.161
1318,45.23,2.925,2.896,bbox,9.711,10.318,15.218,7.193
1319,45.264,2.961,2.909,bbox,9.711,10.318,15.218,7.193
1320,45.299,2.225,2.909,pose,9.711,10.318,15.218,7.227
1321,45.333,3.148,2.925,bbox,9.711,10.318,15.218,7.227
1322,45.367,3.15,2.961,bbox,9.711,10.318,15.218,7.261
1323,45.402,2.376,2.961,pose,9.711,10.318,15.218,7.261
1324,45.436,3.198,3.148,bbox,9.711,10.318,15.218,7.261
1325,45.47,3.186,3.15,bbox,9.711,10.318,15.218,7.261
1326,45.504,2.359,3.15,pose,9.711,10.318,15.218,7.261
1327,45.539,3.146,3.146,bbox,9.711,10.318,15.218,7.261
1328,45.573,3.099,3.146,bbox,9.711,10.318,15.218,7.261
1329,45.607,2.322,3.099,pose,9.711,10.318,15.218,7.261
1330,45.642,3.062,3.062,bbox,9.711,10.318,15.218,7.261
1331,45.676,3.058,3.062,bbox,9.711,10.318,15.218,7.261
1332,45.71,2.358,3.058,pose,9.711,10.318,15.218,7.261
1333,45.745,3.081,3.058,bbox,9.711,10.318,15.218,7.261
1334,45.779,3.117,3.062,bbox,9.711,10.318,15.218,7.261
1335,45.813,2.427,3.058,pose,9.711,10.318,15.218,7.261
1336,45.848,3.205,3.081,bbox,9.711,10.318,15.218,7.261
1337,45.882,3.203,3.117,bbox,9.711,10.318,15.218,7.261
1338,45.916,2.481,3.117,pose,9.711,10.318,15.218,7.261
1339,45.951,3.201,3.201,bbox,9.711,10.318,15.218,7.261
1340,45.985,3.153,3.201,bbox,9.711,10.318,15.218,7.261
1341,46.019,2.396,3.153,pose,9.711,10.318,15.218,7.261
1342,46.054,3.091,3.091,bbox,9.711,10.318,15.218,7.261
1343,46.088,3.058,3.091,bbox,9.743,10.318,15.218,7.261
1344,46.122,2.383,3.058,pose,9.743,10.318,15.218,7.261
1345,46.156,3.041,3.041,bbox,9.743,10.318,15.218,7.261
1346,46.191,3.078,3.058,bbox,9.743,10.318,15.218,7.261
1347,46.225,2.437,3.041,pose,9.743,10.318,15.218,7.261
1348,46.259,3.096,3.041,bbox,9.743,10.318,15.218,7.261
1349,46.294,3.098,3.078,bbox,9.743,10.318,15.218,7.261
1350,46.328,2.364,3.078,pose,9.743,10.318,15.218,7.261
1351,46.362,3.122,3.096,bbox,9.743,10.318,15.218,7.261
1352,46.397,3.153,3.098,bbox,9.784,10.318,15.218,7.261
1353,46.431,3.155,3.122,bbox,9.784,10.318,15.218,7.261
1354,46.465,3.051,3.122,bbox,9.831,10.318,15.218,7.261
1355,46.5,2.928,3.122,bbox,9.831,10.318,15.218,7.261
1356,46.534,2.777,3.051,bbox,9.831,10.318,15.261,7.261
1357,46.568,2.7,2.928,bbox,9.885,10.318,15.37,7.261
1358,46.603,2.644,2.777,bbox,9.885,10.318,15.492,7.261
1359,46.637,2.774,2.774,bbox,9.885,10.318,15.593,7.261
1360,46.671,2.885,2.774,bbox,9.885,10.318,15.593,7.261
1361,46.706,2.901,2.774,bbox,9.885,10.318,15.593,7.261
1362,46.74,3.022,2.885,pose,9.885,10.379,15.625,7.261
1363,46.774,2.846,2.885,bbox,9.885,10.448,15.625,7.261
1364,46.809,2.605,2.885,bbox,9.885,10.572,15.697,7.261
1365,46.843,2.393,2.846,pose,9.885,10.572,15.697,7.261
1366,46.877,2.356,2.605,bbox,9.885,10.572,15.697,7.261
1367,46.911,2.348,2.393,bbox,9.885,10.624,15.828,7.261
1368,46.946,2.327,2.356,pose,9.885,10.624,15.828,7.261
1369,46.98,2.51,2.356,bbox,9.885,10.624,15.828,7.261
1370,47.014,2.588,2.356,bbox,9.885,10.741,15.871,7.261
1371,47.049,2.328,2.348,pose,9.885,10.774,15.871,7.261
1372,47.083,2.593,2.51,bbox,9.885,10.774,15.871,7.261
1373,47.117,2.66,2.588,bbox,9.885,10.774,15.871,7.261
1374,47.152,2.458,2.588,pose,9.885,10.774,15.871,7.331
1375,47.186,2.499,2.499,bbox,9.885,10.774,15.871,7.331
1376,47.22,2.39,2.499,bbox,9.885,10.774,15.941,7.331
1377,47.255,2.211,2.458,bbox,10.005,10.774,15.941,7.4
1378,47.289,2.152,2.39,bbox,10.106,10.774,15.98,7.4
1379,47.323,2.098,2.211,bbox,10.106,10.774,15.98,7.4
1380,47.358,2.084,2.152,bbox,10.179,10.774,15.98,7.4
1381,47.392,2.043,2.098,bbox,10.244,10.774,15.98,7.473
1382,47.426,2.077,2.084,bbox,10.307,10.774,15.98,7.473
1383,47.461,2.02,2.077,bbox,10.351,10.774,15.98,7.514
1384,47.495,1.868,2.043,bbox,10.434,10.774,15.98,7.546
1385,47.529,1.943,2.02,bbox,10.434,10.774,15.98,7.657
1386,47.563,1.895,1.943,bbox,10.434,10.774,15.98,7.657
1387,47.598,,,,10.434,10.774,15.98,7.657
1388,47.632,1.773,1.895,bbox,10.507,10.774,15.98,7.769
1389,47.666,1.718,1.868,bbox,10.598,10.774,15.98,7.809
1390,47.701,1.777,1.777,bbox,10.598,10.774,15.98,7.809
1391,47.735,1.85,1.777,bbox,10.683,10.774,15.98,7.876
1392,47.769,1.784,1.777,bbox,10.761,10.774,15.98,7.988
1393,47.804,1.768,1.777,bbox,10.839,10.774,15.98,7.988
1394,47.838,1.918,1.784,bbox,10.915,10.774,15.98,8.091
1395,47.872,1.413,1.784,pose,10.915,10.774,15.98,8.171
1396,47.907,1.746,1.768,bbox,10.994,10.774,15.98,8.303
1397,47.941,1.849,1.768,bbox,11.042,10.774,15.98,8.374
1398,47.975,1.739,1.746,pose,11.042,10.774,15.98,8.374
1399,48.01,2.218,1.746,bbox,11.129,10.774,15.98,8.406
1400,48.044,2.374,1.849,bbox,11.129,10.774,15.98,8.406
1401,48.078,2.059,2.059,pose,11.129,10.774,15.98,8.406
1402,48.113,2.53,2.218,bbox,11.129,10.908,15.98,8.406
1403,48.147,2.605,2.374,bbox,11.129,10.908,15.98,8.504
1404,48.181,2.738,2.53,bbox,11.129,10.908,15.98,8.504
1405,48.216,2.86,2.605,bbox,11.129,10.939,15.98,8.6
1406,48.25,2.932,2.738,bbox,11.129,10.939,15.98,8.687
1407,48.284,3.028,2.86,bbox,11.129,10.939,15.98,8.825
1408,48.318,3.069,2.932,bbox,11.129,10.97,15.98,8.892
1409,48.353,3.312,3.028,bbox,11.129,11.024,15.98,8.892
1410,48.387,3.379,3.069,bbox,11.129,11.073,15.98,8.928
1411,48.421,3.599,3.312,bbox,11.129,11.187,15.98,8.997
1412,48.456,3.708,3.379,bbox,11.129,11.187,15.98,8.997
1413,48.49,,,,11.129,11.187,15.98,8.997
1414,48.524,,,,11.129,11.187,15.98,8.997
1415,48.559,,,,11.129,11.187,15.98,8.997
1416,48.593,,,,11.129,11.187,15.98,8.997
1417,48.627,,,,11.129,11.187,15.98,8.997
1418,48.662,,,,11.129,11.187,15.98,8.997
1419,48.696,,,,11.129,11.187,15.98,8.997
1420,48.73,3.699,3.599,bbox,11.129,11.236,15.98,8.997
1421,48.765,3.916,3.699,bbox,11.129,11.329,15.98,9.047
1422,48.799,3.812,3.708,bbox,11.129,11.398,15.98,9.047
1423,48.833,,,,11.129,11.398,15.98,9.047
1424,48.868,,,,11.129,11.398,15.98,9.047
1425,48.902,,,,11.129,11.398,15.98,9.047
1426,48.936,,,,11.129,11.398,15.98,9.047
1427,48.97,,,,11.129,11.398,15.98,9.047
1428,49.005,,,,11.129,11.398,15.98,9.047
1429,49.039,,,,11.129,11.398,15.98,9.047
1430,49.073,3.144,3.708,bbox,11.129,11.398,15.98,9.047
1431,49.108,2.396,3.699,pose,11.129,11.464,15.98,9.047
1432,49.142,3.161,3.161,bbox,11.129,11.464,15.98,9.047
1433,49.176,3.15,3.15,bbox,11.129,11.464,15.98,9.047
1434,49.211,2.357,3.144,pose,11.129,11.464,15.98,9.047
1435,49.245,3.119,3.119,bbox,11.129,11.464,15.98,9.047
1436,49.279,3.071,3.119,bbox,11.129,11.464,15.98,9.047
1437,49.314,2.334,3.071,pose,11.129,11.464,15.98,9.047
1438,49.348,3.063,3.063,bbox,11.129,11.464,15.98,9.047
1439,49.382,3.055,3.063,bbox,11.129,11.464,15.98,9.047
1440,49.417,2.336,3.055,pose,11.129,11.464,15.98,9.047
1441,49.451,3.035,3.035,bbox,11.129,11.464,15.98,9.047
1442,49.485,3.038,3.038,bbox,11.129,11.464,15.98,9.047
1443,49.52,2.355,3.035,pose,11.129,11.464,15.98,9.047
1444,49.554,3.069,3.035,bbox,11.129,11.464,15.98,9.047
1445,49.588,3.107,3.038,bbox,11.129,11.464,15.98,9.047
1446,49.623,2.409,3.038,pose,11.129,11.464,15.98,9.047
1447,49.657,3.164,3.069,bbox,11.129,11.464,15.98,9.047
1448,49.691,3.153,3.107,bbox,11.129,11.464,15.98,9.047
1449,49.725,2.403,3.107,pose,11.129,11.464,15.98,9.047
1450,49.76,3.137,3.137,bbox,11.129,11.464,15.98,9.047
1451,49.794,3.112,3.137,bbox,11.129,11.464,15.98,9.047
1452,49.828,2.401,3.112,pose,11.129,11.464,15.98,9.047
1453,49.863,3.111,3.111,bbox,11.129,11.464,15.98,9.047
1454,49.897,3.102,3.111,bbox,11.129,11.464,15.98,9.047
1455,49.931,2.465,3.102,pose,11.129,11.464,15.98,9.047
1456,49.966,3.067,3.067,bbox,11.17,11.464,15.98,9.047
1457,50.0,3.079,3.079,bbox,11.17,11.464,15.98,9.047
1458,50.034,2.412,3.067,pose,11.17,11.464,15.98,9.047
1459,50.069,2.981,2.981,bbox,11.223,11.464,15.98,9.047
1460,50.103,2.964,2.981,bbox,11.223,11.464,15.98,9.047
1461,50.137,2.363,2.964,pose,11.223,11.464,15.98,9.047
1462,50.172,2.907,2.907,bbox,11.266,11.464,15.98,9.047
1463,50.206,2.9,2.907,bbox,11.266,11.464,15.98,9.047
1464,50.24,2.37,2.9,pose,11.266,11.464,15.98,9.047
1465,50.275,2.945,2.9,bbox,11.266,11.464,16.011,9.047
1466,50.309,2.97,2.907,bbox,11.266,11.464,16.011,9.047
1467,50.343,2.408,2.9,pose,11.266,11.464,16.011,9.047
1468,50.377,3.064,2.945,bbox,11.266,11.494,16.011,9.047
1469,50.412,3.078,2.97,bbox,11.266,11.494,16.011,9.047
1470,50.446,2.37,2.97,pose,11.266,11.494,16.011,9.047
1471,50.48,3.038,3.038,bbox,11.266,11.548,16.011,9.047
1472,50.515,3.059,3.059,bbox,11.266,11.548,16.011,9.047
1473,50.549,2.338,3.038,pose,11.266,11.548,16.011,9.047
1474,50.583,3.079,3.038,bbox,11.266,11.604,16.011,9.047
1475,50.618,3.086,3.059,bbox,11.266,11.604,16.011,9.047
1476,50.652,2.359,3.059,pose,11.266,11.604,16.011,9.047
1477,50.686,3.148,3.079,bbox,11.266,11.604,16.011,9.047
1478,50.721,3.203,3.086,bbox,11.266,11.604,16.011,9.047
1479,50.755,2.415,3.086,pose,11.266,11.604,16.011,9.047
1480,50.789,3.247,3.148,bbox,11.266,11.604,16.011,9.047
1481,50.824,3.254,3.203,bbox,11.266,11.604,16.011,9.047
1482,50.858,2.385,3.203,pose,11.266,11.604,16.011,9.047
1483,50.892,3.156,3.156,bbox,11.266,11.604,16.011,9.047
1484,50.927,3.098,3.156,bbox,11.266,11.604,16.011,9.047
1485,50.961,2.307,3.098,pose,11.266,11.604,16.045,9.047
1486,50.995,3.024,3.024,bbox,11.266,11.604,16.045,9.047
1487,51.03,2.993,3.024,bbox,11.266,11.604,16.045,9.047
1488,51.064,2.289,2.993,pose,11.266,11.604,16.045,9.047
1489,51.098,2.99,2.99,bbox,11.266,11.604,16.045,9.047
1490,51.132,3.03,2.993,bbox,11.266,11.604,16.045,9.047
1491,51.167,2.331,2.99,pose,11.266,11.604,16.045,9.047
1492,51.201,3.052,2.99,bbox,11.266,11.604,16.045,9.047
1493,51.235,3.055,3.03,bbox,11.266,11.604,16.045,9.047
1494,51.27,2.342,3.03,pose,11.266,11.604,16.045,9.047
1495,51.304,3.036,3.036,bbox,11.266,11.604,16.045,9.047
1496,51.338,3.045,3.045,bbox,11.266,11.604,16.045,9.047
1497,51.373,2.324,3.036,pose,11.266,11.604,16.045,9.047
1498,51.407,3.05,3.036,bbox,11.266,11.604,16.045,9.047
1499,51.441,3.078,3.045,bbox,11.266,11.604,16.045,9.047
1500,51.476,2.371,3.045,pose,11.266,11.604,16.045,9.047
1501,51.51,3.115,3.05,bbox,11.266,11.604,16.045,9.047
1502,51.544,3.14,3.078,bbox,11.266,11.604,16.045,9.047
1503,51.579,2.372,3.078,pose,11.266,11.604,16.045,9.047
1504,51.613,3.2,3.115,bbox,11.266,11.604,16.045,9.047
1505,51.647,3.196,3.14,bbox,11.266,11.604,16.045,9.047
1506,51.682,2.357,3.14,pose,11.266,11.604,16.045,9.047
1507,51.716,3.14,3.14,bbox,11.266,11.604,16.045,9.047
1508,51.75,3.098,3.14,bbox,11.266,11.604,16.045,9.047
1509,51.784,2.344,3.098,pose,11.266,11.604,16.045,9.047
1510,51.819,3.094,3.094,bbox,11.266,11.604,16.045,9.047
1511,51.853,3.091,3.094,bbox,11.266,11.604,16.045,9.047
1512,51.887,2.374,3.091,pose,11.266,11.604,16.045,9.047
1513,51.922,3.095,3.091,bbox,11.266,11.604,16.045,9.047
1514,51.956,3.133,3.094,bbox,11.266,11.604,16.045,9.047
1515,51.99,2.393,3.091,pose,11.266,11.604,16.045,9.047
1516,52.025,3.168,3.095,bbox,11.266,11.604,16.045,9.047
1517,52.059,3.158,3.133,bbox,11.266,11.604,16.045,9.047
1518,52.093,2.37,3.133,pose,11.266,11.604,16.045,9.047
1519,52.128,3.136,3.136,bbox,11.266,11.604,16.045,9.047
1520,52.162,3.129,3.136,bbox,11.266,11.604,16.045,9.047
1521,52.196,2.402,3.129,pose,11.266,11.604,16.045,9.047
1522,52.231,3.154,3.129,bbox,11.266,11.604,16.045,9.047
1523,52.265,3.167,3.136,bbox,11.266,11.604,16.045,9.047
1524,52.299,2.476,3.129,pose,11.266,11.604,16.045,9.047
1525,52.334,3.293,3.154,bbox,11.266,11.604,16.045,9.047
1526,52.368,3.327,3.167,bbox,11.266,11.604,16.045,9.047
1527,52.402,2.304,3.167,pose,11.266,11.604,16.045,9.047
1528,52.437,3.206,3.206,bbox,11.266,11.604,16.045,9.047
1529,52.471,3.153,3.206,bbox,11.266,11.604,16.137,9.047
1530,52.505,2.016,3.153,pose,11.266,11.604,16.137,9.047
1531,52.539,2.968,2.968,bbox,11.266,11.604,16.178,9.047
1532,52.574,2.881,2.968,bbox,11.266,11.604,16.27,9.047
1533,52.608,2.026,2.881,pose,11.266,11.604,16.352,9.047
1534,52.642,2.848,2.848,bbox,11.266,11.646,16.446,9.047
1535,52.677,2.829,2.848,bbox,11.266,11.646,16.446,9.047
1536,52.711,1.919,2.829,pose,11.266,11.646,16.446,9.047
1537,52.745,2.802,2.802,bbox,11.266,11.646,16.446,9.047
1538,52.78,2.748,2.802,bbox,11.266,11.646,16.483,9.047
1539,52.814,1.939,2.748,pose,11.266,11.646,16.483,9.047
1540,52.848,2.749,2.748,bbox,11.266,11.646,16.564,9.047
1541,52.883,2.696,2.748,bbox,11.266,11.697,16.631,9.047
1542,52.917,2.219,2.696,pose,11.266,11.697,16.631,9.047
1543,52.951,2.801,2.696,bbox,11.266,11.697,16.631,9.047
1544,52.986,2.805,2.749,bbox,11.266,11.816,16.674,9.047
1545,53.02,2.288,2.696,pose,11.266,11.816,16.674,9.047
1546,53.054,2.797,2.797,bbox,11.266,11.816,16.674,9.047
1547,53.089,2.84,2.801,bbox,11.266,11.816,16.674,9.047
1548,53.123,2.332,2.797,pose,11.266,11.847,16.674,9.047
1549,53.157,3.008,2.797,bbox,11.266,11.847,16.674,9.099
1550,53.191,3.134,2.84,bbox,11.266,11.878,16.674,9.099
1551,53.226,2.382,2.84,pose,11.266,11.949,16.674,9.175
1552,53.26,3.254,3.008,bbox,11.266,11.949,16.674,9.236
1553,53.294,3.267,3.134,bbox,11.266,11.949,16.674,9.236
1554,53.329,2.384,3.134,pose,11.266,11.949,16.674,9.236
1555,53.363,3.165,3.165,bbox,11.266,11.949,16.674,9.236
1556,53.397,3.08,3.165,bbox,11.266,11.949,16.716,9.236
1557,53.432,2.604,3.08,pose,11.266,11.949,16.716,9.236
1558,53.466,2.955,2.955,bbox,11.266,12.007,16.768,9.236
1559,53.5,2.89,2.955,bbox,11.266,12.007,16.852,9.236
1560,53.535,2.403,2.89,pose,11.266,12.007,16.852,9.236
1561,53.569,2.804,2.804,bbox,11.266,12.007,16.924,9.236
1562,53.603,2.775,2.804,bbox,11.266,12.007,16.924,9.236
1563,53.638,2.303,2.775,pose,11.266,12.007,17.01,9.236
1564,53.672,2.752,2.752,bbox,11.266,12.007,17.01,9.236
1565,53.706,2.735,2.752,bbox,11.266,12.007,17.071,9.236
1566,53.741,2.12,2.735,pose,11.266,12.007,17.109,9.236
1567,53.775,2.635,2.635,bbox,11.266,12.007,17.139,9.236
1568,53.809,2.661,2.661,bbox,11.266,12.007,17.139,9.236
1569,53.844,1.909,2.635,pose,11.266,12.007,17.202,9.236
1570,53.878,2.597,2.597,bbox,11.266,12.007,17.251,9.236
1571,53.912,2.502,2.597,bbox,11.266,12.007,17.251,9.236
1572,53.946,2.021,2.502,pose,11.266,12.038,17.251,9.236
1573,53.981,2.414,2.414,bbox,11.266,12.038,17.283,9.236
1574,54.015,2.326,2.414,bbox,11.266,12.038,17.283,9.236
1575,54.049,1.82,2.326,pose,11.266,12.075,17.283,9.236
1576,54.084,2.202,2.202,bbox,11.266,12.075,17.283,9.236
1577,54.118,2.203,2.203,bbox,11.266,12.13,17.412,9.236
1578,54.152,1.602,2.202,pose,11.266,12.13,17.516,9.236
1579,54.187,2.279,2.202,bbox,11.266,12.13,17.563,9.236
1580,54.221,2.245,2.203,bbox,11.266,12.245,17.61,9.236
1581,54.255,2.162,2.203,bbox,11.266,12.245,17.681,9.236
1582,54.29,2.1,2.162,bbox,11.266,12.29,17.762,9.236
1583,54.324,2.064,2.162,bbox,11.266,12.29,17.825,9.236
1584,54.358,1.08,2.1,pose,11.266,12.29,17.892,9.236
1585,54.393,1.945,2.064,bbox,11.266,12.29,17.958,9.236
1586,54.427,1.821,1.945,bbox,11.266,12.29,18.04,9.236
1587,54.461,1.851,1.851,bbox,11.266,12.29,18.04,9.236
1588,54.496,1.804,1.821,bbox,11.266,12.354,18.04,9.236
1589,54.53,1.796,1.821,bbox,11.266,12.442,18.04,9.236
1590,54.564,,,,11.266,12.442,18.04,9.236
1591,54.598,1.917,1.821,bbox,11.266,12.497,18.146,9.236
1592,54.633,,,,11.266,12.497,18.146,9.236
1593,54.667,,,,11.266,12.497,18.146,9.236
1594,54.701,2.138,1.851,bbox,11.266,12.497,18.187,9.236
1595,54.736,,,,11.266,12.497,18.187,9.236
1596,54.77,,,,11.266,12.497,18.187,9.236
1597,54.804,2.388,1.917,bbox,11.266,12.497,18.235,9.236
1598,54.839,2.417,2.138,bbox,11.266,12.497,18.235,9.236
1599,54.873,2.488,2.388,bbox,11.266,12.497,18.32,9.236
1600,54.907,2.573,2.417,bbox,11.266,12.546,18.352,9.236
1601,54.942,2.662,2.488,bbox,11.266,12.674,18.382,9.236
1602,54.976,2.698,2.573,bbox,11.266,12.773,18.464,9.236
1603,55.01,2.751,2.662,bbox,11.266,12.829,18.464,9.236
1604,55.045,2.762,2.698,bbox,11.266,12.893,18.464,9.236
1605,55.079,2.789,2.751,bbox,11.266,12.932,18.464,9.236
1606,55.113,2.843,2.762,bbox,11.266,12.964,18.464,9.236
1607,55.148,2.892,2.789,bbox,11.266,12.964,18.464,9.236
1608,55.182,2.861,2.843,bbox,11.266,13.019,18.464,9.236
1609,55.216,2.771,2.843,bbox,11.266,13.06,18.464,9.236
1610,55.251,2.788,2.843,bbox,11.266,13.06,18.538,9.236
1611,55.285,3.4,2.861,pose,11.266,13.06,18.648,9.236
1612,55.319,2.701,2.788,bbox,11.266,13.19,18.648,9.236
1613,55.353,2.738,2.771,bbox,11.266,13.315,18.648,9.236
1614,55.388,2.605,2.738,bbox,11.266,13.315,18.698,9.236
1615,55.422,2.623,2.701,bbox,11.266,13.386,18.832,9.236
1616,55.456,2.578,2.623,bbox,11.266,13.386,18.832,9.236
1617,55.491,2.667,2.623,bbox,11.266,13.423,18.97,9.236
1618,55.525,2.615,2.615,bbox,11.266,13.472,19.043,9.236
1619,55.559,2.547,2.615,bbox,11.266,13.503,19.043,9.236
1620,55.594,2.499,2.578,bbox,11.266,13.503,19.148,9.236
1621,55.628,2.431,2.547,bbox,11.266,13.503,19.204,9.236
1622,55.662,2.344,2.499,bbox,11.266,13.503,19.204,9.236
1623,55.697,2.291,2.431,bbox,11.266,13.503,19.303,9.236
1624,55.731,2.215,2.344,bbox,11.266,13.503,19.303,9.236
1625,55.765,2.091,2.291,bbox,11.317,13.503,19.358,9.236
1626,55.8,2.038,2.215,bbox,11.354,13.503,19.455,9.236
1627,55.834,1.947,2.091,bbox,11.393,13.503,19.514,9.236
1628,55.868,1.881,2.038,bbox,11.427,13.503,19.514,9.236
1629,55.903,1.84,1.947,bbox,11.427,13.503,19.6,9.236
1630,55.937,1.777,1.881,bbox,11.427,13.503,19.667,9.236
1631,55.971,1.797,1.84,bbox,11.427,13.503,19.704,9.236
1632,56.005,1.033,1.797,pose,11.427,13.503,19.784,9.236
1633,56.04,1.819,1.797,bbox,11.427,13.503,19.853,9.236
1634,56.074,1.814,1.797,bbox,11.427,13.544,19.892,9.236
1635,56.108,1.407,1.797,pose,11.427,13.582,20.0,9.236
1636,56.143,1.797,1.797,bbox,11.427,13.646,20.044,9.236
1637,56.177,1.767,1.797,bbox,11.427,13.646,20.044,9.236
1638,56.211,1.72,1.767,bbox,11.427,13.71,20.044,9.236
1639,56.246,1.753,1.753,bbox,11.427,13.71,20.095,9.236
1640,56.28,1.749,1.753,bbox,11.427,13.71,20.095,9.236
1641,56.314,1.197,1.749,pose,11.427,13.71,20.095,9.268
1642,56.349,1.724,1.724,bbox,11.427,13.71,20.095,9.268
1643,56.383,1.742,1.742,bbox,11.427,13.71,20.095,9.268
1644,56.417,1.231,1.724,pose,11.427,13.745,20.095,9.268
1645,56.452,1.877,1.724,bbox,11.427,13.807,20.095,9.268
1646,56.486,1.941,1.742,bbox,11.427,13.807,20.095,9.268
1647,56.52,1.474,1.742,pose,11.427,13.85,20.095,9.268
1648,56.555,2.084,1.877,bbox,11.427,13.85,20.095,9.306
1649,56.589,2.109,1.941,bbox,11.427,13.85,20.095,9.342
1650,56.623,1.575,1.941,pose,11.427,13.85,20.095,9.342
1651,56.658,2.121,2.084,bbox,11.427,13.85,20.095,9.342
1652,56.692,2.12,2.109,bbox,11.427,13.85,20.095,9.342
1653,56.726,1.68,2.109,pose,11.427,13.85,20.095,9.342
1654,56.76,2.151,2.12,bbox,11.427,13.85,20.095,9.342
1655,56.795,2.136,2.121,bbox,11.427,13.85,20.095,9.342
1656,56.829,1.689,2.12,pose,11.427,13.85,20.095,9.342
1657,56.863,2.087,2.087,bbox,11.459,13.85,20.095,9.378
1658,56.898,2.17,2.136,bbox,11.459,13.85,20.095,9.378
1659,56.932,1.727,2.087,pose,11.459,13.85,20.095,9.378
1660,56.966,2.214,2.087,bbox,11.459,13.85,20.095,9.378
1661,57.001,2.221,2.17,bbox,11.459,13.85,20.095,9.378
1662,57.035,1.712,2.17,pose,11.459,13.85,20.095,9.378
1663,57.069,2.262,2.214,bbox,11.459,13.85,20.095,9.378
1664,57.104,2.302,2.221,bbox,11.459,13.85,20.095,9.378
1665,57.138,1.758,2.221,pose,11.459,13.885,20.095,9.378
1666,57.172,2.235,2.235,bbox,11.459,13.885,20.095,9.378
1667,57.207,2.221,2.235,bbox,11.494,13.885,20.095,9.378
1668,57.241,1.785,2.221,pose,11.494,13.92,20.095,9.378
1669,57.275,2.3,2.221,bbox,11.494,13.92,20.095,9.378
1670,57.31,2.201,2.221,bbox,11.554,13.92,20.095,9.378
1671,57.344,1.711,2.201,pose,11.554,13.98,20.095,9.378
1672,57.378,2.228,2.201,bbox,11.554,13.98,20.095,9.378
1673,57.412,2.249,2.228,bbox,11.554,13.98,20.095,9.378
1674,57.447,1.816,2.201,pose,11.554,13.98,20.095,9.378
1675,57.481,2.181,2.181,bbox,11.554,13.98,20.095,9.378
1676,57.515,2.197,2.197,bbox,11.554,13.98,20.095,9.378
1677,57.55,2.021,2.181,pose,11.554,13.98,20.095,9.418
1678,57.584,2.243,2.181,bbox,11.554,13.98,20.095,9.418
1679,57.618,2.252,2.197,bbox,11.554,13.98,20.095,9.418
1680,57.653,1.722,2.197,pose,11.554,13.98,20.095,9.418
1681,57.687,2.443,2.243,bbox,11.554,13.98,20.095,9.418
1682,57.721,2.487,2.252,bbox,11.554,13.98,20.095,9.453
1683,57.756,1.911,2.252,pose,11.554,13.98,20.095,9.453
1684,57.79,2.548,2.443,bbox,11.554,13.98,20.095,9.453
1685,57.824,2.454,2.454,bbox,11.554,13.98,20.095,9.453
1686,57.859,1.997,2.454,pose,11.554,13.98,20.095,9.453
1687,57.893,2.41,2.41,bbox,11.601,13.98,20.095,9.453
1688,57.927,2.37,2.41,bbox,11.601,13.98,20.095,9.453
1689,57.962,2.273,2.37,bbox,11.601,13.98,20.095,9.453
1690,57.996,2.193,2.273,bbox,11.601,13.98,20.126,9.453
1691,58.03,2.111,2.273,bbox,11.668,13.98,20.126,9.453
1692,58.065,2.098,2.193,bbox,11.713,13.98,20.162,9.453
1693,58.099,2.112,2.112,bbox,11.713,13.98,20.162,9.453
1694,58.133,2.055,2.111,bbox,11.713,13.98,20.162,9.453
1695,58.167,2.023,2.098,bbox,11.713,13.98,20.162,9.453
1696,58.202,1.967,2.055,bbox,11.713,13.98,20.162,9.453
1697,58.236,1.924,2.023,bbox,11.713,13.98,20.199,9.453
1698,58.27,1.097,1.967,pose,11.745,13.98,20.199,9.453
1699,58.305,,,,11.745,13.98,20.199,9.453
1700,58.339,1.79,1.924,bbox,11.745,13.98,20.199,9.453
1701,58.373,1.743,1.79,bbox,11.745,13.98,20.294,9.453
1702,58.408,1.689,1.743,bbox,11.745,13.98,20.328,9.453
1703,58.442,1.613,1.689,bbox,11.745,13.98,20.328,9.453
1704,58.476,1.165,1.689,pose,11.745,13.98,20.328,9.453
1705,58.511,1.494,1.613,bbox,11.745,13.98,20.382,9.453
1706,58.545,1.493,1.494,bbox,11.745,13.98,20.426,9.453
1707,58.579,1.212,1.493,pose,11.745,13.98,20.457,9.453
1708,58.614,1.382,1.382,bbox,11.745,13.98,20.457,9.453
1709,58.648,1.417,1.417,bbox,11.745,13.98,20.457,9.453
1710,58.682,0.994,1.382,pose,11.745,13.98,20.491,9.453
1711,58.717,1.48,1.382,bbox,11.745,13.98,20.491,9.453
1712,58.751,1.507,1.417,bbox,11.745,13.98,20.491,9.453
1713,58.785,1.116,1.417,pose,11.745,13.98,20.491,9.453
1714,58.819,1.541,1.48,bbox,11.745,13.98,20.491,9.453
1715,58.854,1.572,1.507,bbox,11.745,13.98,20.491,9.453
1716,58.888,1.151,1.507,pose,11.745,13.98,20.491,9.453
1717,58.922,1.575,1.541,bbox,11.745,13.98,20.491,9.453
1718,58.957,1.59,1.572,bbox,11.745,13.98,20.491,9.484
1719,58.991,0.966,1.572,pose,11.745,13.98,20.491,9.484
1720,59.025,1.578,1.575,bbox,11.745,13.98,20.491,9.484
1721,59.06,1.62,1.578,bbox,11.745,13.98,20.491,9.484
1722,59.094,0.98,1.578,pose,11.745,13.98,20.491,9.484
1723,59.128,1.697,1.578,bbox,11.745,13.98,20.491,9.484
1724,59.163,1.736,1.62,bbox,11.745,13.98,20.491,9.484
1725,59.197,1.004,1.62,pose,11.745,13.98,20.491,9.484
1726,59.231,1.738,1.697,bbox,11.745,13.98,20.491,9.484
1727,59.266,1.728,1.728,bbox,11.745,13.98,20.491,9.484
1728,59.3,1.052,1.728,pose,11.745,13.98,20.491,9.484
1729,59.334,1.718,1.718,bbox,11.745,13.98,20.491,9.484
1730,59.369,1.763,1.728,bbox,11.745,13.98,20.491,9.484
1731,59.403,1.193,1.718,pose,11.745,13.98,20.491,9.484
1732,59.437,1.799,1.718,bbox,11.745,13.98,20.491,9.484
1733,59.472,1.807,1.763,bbox,11.745,13.98,20.491,9.484
1734,59.506,1.285,1.763,pose,11.745,13.98,20.491,9.484
1735,59.54,1.833,1.799,bbox,11.745,13.98,20.491,9.484
1736,59.574,1.828,1.807,bbox,11.745,13.98,20.491,9.484
1737,59.609,1.286,1.807,pose,11.745,13.98,20.491,9.484
1738,59.643,1.807,1.807,bbox,11.745,13.98,20.491,9.484
1739,59.677,1.822,1.822,bbox,11.745,13.98,20.491,9.484
1740,59.712,1.325,1.807,pose,11.745,13.98,20.491,9.484
1741,59.746,1.86,1.807,bbox,11.745,13.98,20.491,9.484
1742,59.78,1.901,1.822,bbox,11.745,13.98,20.491,9.484
1743,59.815,1.362,1.822,pose,11.745,13.98,20.491,9.484
1744,59.849,1.996,1.86,bbox,11.745,13.98,20.491,9.484
1745,59.883,2.039,1.901,bbox,11.745,13.98,20.491,9.484
1746,59.918,1.48,1.901,pose,11.745,13.98,20.491,9.484
1747,59.952,2.061,1.996,bbox,11.745,13.98,20.491,9.516
1748,59.986,2.02,2.02,bbox,11.745,13.98,20.491,9.516
1749,60.021,1.435,2.02,pose,11.745,13.98,20.491,9.516
1750,60.055,1.991,1.991,bbox,11.745,13.98,20.491,9.516
1751,60.089,1.957,1.991,bbox,11.745,13.98,20.491,9.516
1752,60.124,1.422,1.957,pose,11.745,13.98,20.491,9.516
1753,60.158,1.912,1.912,bbox,11.745,13.98,20.527,9.516
1754,60.192,1.926,1.926,bbox,11.745,13.98,20.527,9.516
1755,60.226,1.419,1.912,pose,11.745,13.98,20.527,9.516
1756,60.261,1.947,1.912,bbox,11.745,13.98,20.527,9.516
1757,60.295,1.948,1.926,bbox,11.745,13.98,20.527,9.516
1758,60.329,1.452,1.926,pose,11.745,13.98,20.527,9.516
1759,60.364,1.981,1.947,bbox,11.745,13.98,20.527,9.516
1760,60.398,1.958,1.948,bbox,11.745,13.98,20.527,9.516
1761,60.432,1.488,1.948,pose,11.745,13.98,20.527,9.516
1762,60.467,2.0,1.958,bbox,11.745,13.98,20.527,9.516
1763,60.501,2.028,1.981,bbox,11.745,13.98,20.527,9.516
1764,60.535,1.495,1.958,pose,11.745,13.98,20.527,9.516
1765,60.57,2.082,2.0,bbox,11.745,13.98,20.527,9.516
1766,60.604,2.118,2.028,bbox,11.745,13.98,20.527,9.516
1767,60.638,1.545,2.028,pose,11.745,13.98,20.527,9.516
1768,60.673,2.196,2.082,bbox,11.745,13.98,20.527,9.554
1769,60.707,2.196,2.118,bbox,11.745,13.98,20.527,9.554
1770,60.741,1.601,2.118,pose,11.745,13.98,20.527,9.589
1771,60.776,2.154,2.154,bbox,11.745,13.98,20.527,9.589
1772,60.81,2.133,2.154,bbox,11.794,13.98,20.527,9.589
1773,60.844,1.643,2.133,pose,11.794,13.98,20.527,9.589
1774,60.879,2.092,2.092,bbox,11.794,13.98,20.527,9.589
1775,60.913,2.013,2.092,bbox,11.794,13.98,20.527,9.589
1776,60.947,1.391,2.013,pose,11.794,13.98,20.527,9.589
1777,60.981,2.035,2.013,bbox,11.794,13.98,20.527,9.589
1778,61.016,2.027,2.027,bbox,11.794,13.98,20.527,9.589
1779,61.05,1.426,2.013,pose,11.794,13.98,20.527,9.589
1780,61.084,2.04,2.027,bbox,11.794,13.98,20.527,9.589
1781,61.119,2.015,2.027,bbox,11.794,13.98,20.527,9.589
1782,61.153,1.424,2.015,pose,11.794,13.98,20.527,9.589
1783,61.187,2.054,2.015,bbox,11.794,13.98,20.527,9.589
1784,61.222,2.074,2.04,bbox,11.794,13.98,20.527,9.589
1785,61.256,1.489,2.015,pose,11.794,13.98,20.527,9.589
1786,61.29,2.148,2.054,bbox,11.794,13.98,20.527,9.589
1787,61.325,2.197,2.074,bbox,11.794,13.98,20.527,9.589
1788,61.359,1.617,2.074,pose,11.794,13.98,20.527,9.636
1789,61.393,2.251,2.148,bbox,11.794,13.98,20.527,9.636
1790,61.428,2.261,2.197,bbox,11.794,13.98,20.527,9.636
1791,61.462,1.602,2.197,pose,11.794,13.98,20.527,9.636
1792,61.496,2.25,2.25,bbox,11.794,13.98,20.527,9.636
1793,61.531,2.2,2.25,bbox,11.794,13.98,20.527,9.636
1794,61.565,1.551,2.2,pose,11.794,13.98,20.527,9.636
1795,61.599,2.156,2.156,bbox,11.794,13.98,20.527,9.636
1796,61.633,2.157,2.157,bbox,11.794,13.98,20.527,9.636
1797,61.668,1.578,2.156,pose,11.794,13.98,20.527,9.636
1798,61.702,2.162,2.156,bbox,11.794,13.98,20.527,9.636
1799,61.736,2.146,2.156,bbox,11.794,13.98,20.527,9.636
1800,61.771,1.598,2.146,pose,11.794,13.98,20.527,9.636
1801,61.805,2.132,2.132,bbox,11.794,13.98,20.527,9.636
1802,61.839,2.145,2.145,bbox,11.794,13.98,20.527,9.636
1803,61.874,1.493,2.132,pose,11.794,13.98,20.527,9.636
1804,61.908,2.04,2.04,bbox,11.794,13.98,20.527,9.636
1805,61.942,2.063,2.063,bbox,11.794,13.98,20.527,9.636
1806,61.977,1.516,2.04,pose,11.865,13.98,20.527,9.636
1807,62.011,2.118,2.04,bbox,11.865,13.98,20.527,9.636
1808,62.045,2.254,2.063,bbox,11.865,13.98,20.527,9.636
1809,62.08,1.689,2.063,pose,11.865,13.98,20.527,9.636
1810,62.114,2.397,2.118,bbox,11.865,13.98,20.527,9.636
1811,62.148,2.414,2.254,bbox,11.865,13.98,20.527,9.67
1812,62.183,1.843,2.254,pose,11.865,13.98,20.527,9.67
1813,62.217,2.464,2.397,bbox,11.865,13.98,20.527,9.67
1814,62.251,2.463,2.414,bbox,11.865,13.98,20.527,9.67
1815,62.286,1.589,2.414,pose,11.865,14.034,20.527,9.67
1816,62.32,2.357,2.357,bbox,11.865,14.034,20.567,9.67
1817,62.354,2.297,2.357,bbox,11.865,14.034,20.613,9.67
1818,62.388,2.29,2.297,bbox,11.865,14.034,20.664,9.67
1819,62.423,2.259,2.29,bbox,11.865,14.034,20.664,9.67
1820,62.457,2.24,2.29,bbox,11.865,14.034,20.664,9.67
1821,62.491,1.446,2.259,pose,11.865,14.034,20.695,9.67
1822,62.526,2.085,2.24,bbox,11.865,14.034,20.695,9.67
1823,62.56,2.02,2.085,bbox,11.865,14.034,20.743,9.67
1824,62.594,1.4,2.02,pose,11.865,14.034,20.791,9.67
1825,62.629,1.941,1.941,bbox,11.865,14.075,20.791,9.67
1826,62.663,2.054,2.02,bbox,11.865,14.075,20.791,9.67
1827,62.697,1.769,1.941,pose,11.865,14.117,20.847,9.67
1828,62.732,1.997,1.941,bbox,11.865,14.148,20.847,9.67
1829,62.766,1.936,1.941,bbox,11.865,14.148,20.847,9.67
1830,62.8,1.353,1.936,pose,11.865,14.148,20.847,9.67
1831,62.835,1.987,1.936,bbox,11.865,14.148,20.847,9.67
1832,62.869,1.974,1.974,bbox,11.865,14.148,20.847,9.67
1833,62.903,2.598,1.974,pose,11.865,14.148,20.888,9.67
1834,62.938,2.327,1.987,bbox,11.865,14.148,20.888,9.67
1835,62.972,2.375,2.327,bbox,11.865,14.148,20.888,9.67
1836,63.006,,,,11.865,14.148,20.888,9.67
1837,63.04,,,,11.865,14.148,20.888,9.67
1838,63.075,,,,11.865,14.148,20.888,9.67
1839,63.109,,,,11.865,14.148,20.888,9.67
1840,63.143,1.679,2.327,bbox,11.865,14.148,20.936,9.67
1841,63.178,1.624,2.327,bbox,11.865,14.148,20.968,9.67
1842,63.212,1.36,1.679,pose,11.865,14.148,20.968,9.67
1843,63.246,1.379,1.624,bbox,11.865,14.148,20.968,9.67
1844,63.281,1.299,1.379,bbox,11.865,14.148,21.051,9.67
1845,63.315,1.244,1.36,bbox,11.927,14.148,21.051,9.67
1846,63.349,1.241,1.299,bbox,11.963,14.148,21.051,9.67
1847,63.384,1.256,1.256,bbox,11.963,14.148,21.051,9.67
1848,63.418,1.032,1.244,pose,11.963,14.148,21.051,9.67
1849,63.452,1.317,1.244,bbox,11.963,14.148,21.051,9.67
1850,63.487,1.319,1.256,bbox,11.963,14.182,21.051,9.67
1851,63.521,1.029,1.256,pose,11.963,14.182,21.051,9.67
1852,63.555,1.339,1.317,bbox,11.963,14.182,21.051,9.67
1853,63.59,1.371,1.319,bbox,11.963,14.182,21.051,9.67
1854,63.624,1.391,1.339,bbox,11.997,14.182,21.051,9.67
1855,63.658,1.238,1.339,bbox,11.997,14.182,21.051,9.67
1856,63.693,1.241,1.339,bbox,12.039,14.182,21.051,9.67
1857,63.727,1.22,1.241,bbox,12.166,14.182,21.051,9.67
1858,63.761,1.268,1.241,bbox,12.166,14.182,21.051,9.67
1859,63.795,1.263,1.241,bbox,12.166,14.182,21.051,9.67
1860,63.83,1.263,1.263,bbox,12.166,14.182,21.051,9.67
1861,63.864,1.261,1.263,bbox,12.166,14.182,21.051,9.67
1862,63.898,1.302,1.263,bbox,12.166,14.182,21.051,9.736
1863,63.933,1.39,1.263,pose,12.166,14.182,21.051,9.778
1864,63.967,1.38,1.302,bbox,12.166,14.182,21.051,9.778
1865,64.001,1.415,1.38,bbox,12.166,14.182,21.051,9.84
1866,64.036,1.543,1.39,pose,12.166,14.182,21.051,9.84
1867,64.07,1.501,1.415,bbox,12.166,14.182,21.051,9.891
1868,64.104,1.482,1.482,bbox,12.166,14.182,21.051,9.891
1869,64.139,1.433,1.482,pose,12.166,14.182,21.051,9.94
1870,64.173,1.481,1.482,bbox,12.166,14.182,21.051,9.94
1871,64.207,1.484,1.482,bbox,12.166,14.182,21.051,9.94
1872,64.242,1.191,1.481,pose,12.166,14.182,21.051,9.989
1873,64.276,1.498,1.481,bbox,12.166,14.182,21.051,9.989
1874,64.31,1.516,1.484,bbox,12.166,14.182,21.051,10.024
1875,64.345,1.071,1.484,pose,12.21,14.182,21.051,10.075
1876,64.379,1.553,1.498,bbox,12.21,14.182,21.051,10.12
1877,64.413,1.574,1.516,bbox,12.21,14.182,21.051,10.12
1878,64.447,1.628,1.553,bbox,12.21,14.182,21.051,10.16
1879,64.482,1.561,1.561,bbox,12.21,14.182,21.051,10.16
1880,64.516,1.524,1.561,bbox,12.21,14.182,21.051,10.16
1881,64.55,1.604,1.574,bbox,12.21,14.182,21.051,10.16
1882,64.585,1.528,1.561,bbox,12.21,14.182,21.051,10.195
1883,64.619,1.526,1.528,bbox,12.21,14.182,21.051,10.195
1884,64.653,,,,12.21,14.182,21.051,10.195
1885,64.688,,,,12.21,14.182,21.051,10.195
1886,64.722,,,,12.21,14.182,21.051,10.195
1887,64.756,3.697,1.528,pose,12.21,14.182,21.051,10.195
1888,64.791,3.846,1.604,bbox,12.21,14.182,21.051,10.296
1889,64.825,3.754,3.697,bbox,12.21,14.182,21.051,10.296
1890,64.859,3.591,3.697,pose,12.21,14.182,21.051,10.35
1891,64.894,3.673,3.697,bbox,12.21,14.182,21.051,10.35
1892,64.928,3.635,3.673,bbox,12.21,14.182,21.105,10.35
1893,64.962,3.579,3.635,bbox,12.244,14.182,21.105,10.35
1894,64.997,3.524,3.591,bbox,12.244,14.182,21.192,10.35
1895,65.031,3.492,3.579,bbox,12.244,14.182,21.252,10.35
1896,65.065,3.284,3.524,pose,12.244,14.182,21.252,10.35
1897,65.1,3.449,3.492,bbox,12.29,14.182,21.252,10.35
1898,65.134,3.435,3.449,bbox,12.29,14.182,21.252,10.35
1899,65.168,3.248,3.435,pose,12.29,14.182,21.252,10.35
1900,65.202,3.497,3.435,bbox,12.29,14.182,21.252,10.405
1901,65.237,3.506,3.449,bbox,12.29,14.182,21.252,10.405
1902,65.271,3.241,3.435,pose,12.29,14.182,21.252,10.405
1903,65.305,3.525,3.497,bbox,12.29,14.182,21.252,10.454
1904,65.34,3.547,3.506,bbox,12.29,14.182,21.252,10.454
1905,65.374,3.546,3.525,bbox,12.29,14.182,21.252,10.454
1906,65.408,3.512,3.525,bbox,12.29,14.182,21.252,10.454
1907,65.443,3.468,3.525,bbox,12.29,14.182,21.252,10.454
1908,65.477,3.045,3.512,pose,12.29,14.182,21.252,10.454
1909,65.511,3.389,3.468,bbox,12.355,14.182,21.252,10.454
1910,65.546,3.356,3.389,bbox,12.387,14.182,21.252,10.454
1911,65.58,3.352,3.356,bbox,12.424,14.182,21.252,10.454
1912,65.614,3.334,3.352,bbox,12.471,14.182,21.294,10.454
1913,65.649,3.279,3.352,bbox,12.471,14.182,21.294,10.454
1914,65.683,3.273,3.334,bbox,12.471,14.182,21.294,10.454
1915,65.717,3.287,3.287,bbox,12.471,14.182,21.328,10.454
1916,65.752,3.223,3.279,bbox,12.471,14.182,21.328,10.454
1917,65.786,2.779,3.273,pose,12.471,14.182,21.328,10.454
1918,65.82,3.189,3.223,bbox,12.471,14.182,21.328,10.454
1919,65.854,3.143,3.189,bbox,12.471,14.182,21.328,10.454
1920,65.889,2.568,3.143,pose,12.471,14.182,21.328,10.454
1921,65.923,3.07,3.07,bbox,12.471,14.182,21.328,10.454
1922,65.957,3.001,3.07,bbox,12.471,14.182,21.328,10.454
1923,65.992,2.431,3.001,pose,12.471,14.182,21.328,10.454
1924,66.026,2.854,2.854,bbox,12.471,14.182,21.328,10.454
1925,66.06,2.842,2.854,bbox,12.519,14.182,21.359,10.454
1926,66.095,2.299,2.842,pose,12.519,14.182,21.359,10.454
1927,66.129,2.889,2.842,bbox,12.576,14.182,21.472,10.454
1928,66.163,2.899,2.854,bbox,12.576,14.182,21.472,10.454
1929,66.198,2.326,2.842,pose,12.576,14.182,21.472,10.454
1930,66.232,2.867,2.867,bbox,12.576,14.182,21.472,10.454
1931,66.266,2.861,2.867,bbox,12.576,14.182,21.472,10.454
1932,66.301,2.293,2.861,pose,12.576,14.182,21.472,10.454
1933,66.335,2.829,2.829,bbox,12.61,14.182,21.472,10.454
1934,66.369,2.801,2.829,bbox,12.61,14.182,21.472,10.454
1935,66.404,2.229,2.801,pose,12.61,14.182,21.472,10.454
1936,66.438,2.788,2.788,bbox,12.61,14.182,21.472,10.454
1937,66.472,2.755,2.788,bbox,12.61,14.182,21.472,10.454
1938,66.507,2.287,2.755,pose,12.61,14.182,21.472,10.454
1939,66.541,2.766,2.755,bbox,12.65,14.182,21.472,10.454
1940,66.575,2.759,2.759,bbox,12.687,14.182,21.472,10.454
1941,66.609,2.33,2.755,pose,12.687,14.182,21.472,10.454
1942,66.644,2.779,2.759,bbox,12.719,14.182,21.472,10.454
1943,66.678,2.773,2.766,bbox,12.719,14.182,21.472,10.454
1944,66.712,2.323,2.759,pose,12.719,14.182,21.472,10.454
1945,66.747,2.784,2.773,bbox,12.719,14.182,21.472,10.487
1946,66.781,2.788,2.779,bbox,12.719,14.182,21.472,10.487
1947,66.815,2.308,2.773,pose,12.719,14.182,21.472,10.487
1948,66.85,2.856,2.784,bbox,12.719,14.182,21.472,10.529
1949,66.884,2.873,2.788,bbox,12.719,14.182,21.472,10.529
1950,66.918,2.422,2.788,pose,12.719,14.182,21.472,10.529
1951,66.953,2.873,2.856,bbox,12.719,14.182,21.472,10.529
1952,66.987,2.941,2.873,bbox,12.719,14.182,21.472,10.529
1953,67.021,2.414,2.873,pose,12.719,14.182,21.472,10.529
1954,67.056,2.995,2.873,bbox,12.719,14.182,21.472,10.582
1955,67.09,2.975,2.941,bbox,12.719,14.182,21.504,10.582
1956,67.124,2.297,2.941,pose,12.719,14.182,21.504,10.614
1957,67.159,2.926,2.926,bbox,12.719,14.182,21.504,10.614
1958,67.193,2.917,2.926,bbox,12.719,14.182,21.504,10.614
1959,67.227,2.161,2.917,pose,12.719,14.182,21.504,10.614
1960,67.261,2.797,2.797,bbox,12.768,14.182,21.504,10.614
1961,67.296,2.79,2.797,bbox,12.768,14.182,21.504,10.614
1962,67.33,2.182,2.79,pose,12.768,14.182,21.504,10.614
1963,67.364,2.784,2.784,bbox,12.872,14.182,21.504,10.614
1964,67.399,2.76,2.784,bbox,12.904,14.182,21.504,10.614
1965,67.433,2.204,2.76,pose,12.904,14.182,21.504,10.614
1966,67.467,2.818,2.76,bbox,12.904,14.182,21.504,10.614
1967,67.502,2.83,2.784,bbox,12.904,14.182,21.504,10.614
1968,67.536,2.177,2.76,pose,12.904,14.217,21.504,10.614
1969,67.57,2.874,2.818,bbox,12.904,14.269,21.504,10.614
1970,67.605,2.893,2.83,bbox,12.904,14.269,21.504,10.614
1971,67.639,2.167,2.83,pose,12.904,14.269,21.504,10.614
1972,67.673,2.928,2.874,bbox,12.904,14.302,21.504,10.614
1973,67.708,2.966,2.893,bbox,12.904,14.302,21.504,10.614
1974,67.742,2.22,2.893,pose,12.904,14.302,21.504,10.614
1975,67.776,3.017,2.928,bbox,12.904,14.302,21.504,10.614
1976,67.811,3.065,2.966,bbox,12.904,14.302,21.504,10.614
1977,67.845,2.302,2.966,pose,12.904,14.302,21.504,10.614
1978,67.879,3.042,3.017,bbox,12.904,14.302,21.504,10.614
1979,67.914,3.064,3.042,bbox,12.904,14.302,21.504,10.614
1980,67.948,2.356,3.042,pose,12.904,14.302,21.504,10.614
1981,67.982,2.987,2.987,bbox,12.904,14.373,21.504,10.614
1982,68.016,2.919,2.987,bbox,12.904,14.373,21.561,10.614
1983,68.051,2.509,2.919,pose,12.904,14.373,21.561,10.614
1984,68.085,2.807,2.807,bbox,12.904,14.373,21.561,10.614
1985,68.119,2.734,2.807,bbox,12.904,14.373,21.636,10.614
1986,68.154,2.507,2.734,pose,12.904,14.373,21.709,10.614
1987,68.188,2.637,2.637,bbox,12.904,14.373,21.709,10.614
1988,68.222,2.66,2.66,bbox,12.904,14.373,21.765,10.614
1989,68.257,2.355,2.637,pose,12.904,14.373,21.765,10.614
1990,68.291,2.668,2.637,bbox,12.904,14.373,21.842,10.614
1991,68.325,2.693,2.66,bbox,12.904,14.373,21.882,10.614
1992,68.36,2.074,2.66,pose,12.904,14.373,21.882,10.614
1993,68.394,2.655,2.655,bbox,12.904,14.46,21.882,10.614
1994,68.428,2.652,2.655,bbox,12.904,14.46,21.936,10.614
1995,68.463,1.762,2.652,pose,12.904,14.51,22.033,10.614
1996,68.497,2.645,2.645,bbox,12.904,14.572,22.116,10.614
1997,68.531,2.617,2.645,bbox,12.904,14.572,22.153,10.614
1998,68.566,2.7,2.645,bbox,12.904,14.604,22.22,10.614
1999,68.6,2.696,2.645,bbox,12.904,14.604,22.278,10.614
2000,68.634,2.662,2.662,bbox,12.904,14.685,22.327,10.614
2001,68.668,2.651,2.662,bbox,12.904,14.685,22.404,10.614
2002,68.703,2.6,2.662,bbox,12.904,14.685,22.404,10.614
2003,68.737,2.476,2.651,bbox,12.904,14.685,22.404,10.614
2004,68.771,1.981,2.6,pose,12.904,14.685,22.404,10.614
2005,68.806,2.473,2.476,bbox,12.904,14.728,22.404,10.614
2006,68.84,2.448,2.473,bbox,12.904,14.833,22.459,10.614
2007,68.874,2.468,2.468,bbox,12.904,14.907,22.549,10.614
2008,68.909,2.474,2.468,bbox,12.904,14.951,22.633,10.614
2009,68.943,2.404,2.468,bbox,12.904,15.027,22.633,10.614
2010,68.977,1.818,2.448,pose,12.904,15.124,22.74,10.614
2011,69.012,2.332,2.404,bbox,12.904,15.124,22.74,10.614
2012,69.046,2.291,2.332,bbox,12.904,15.196,22.79,10.614
2013,69.08,1.896,2.291,pose,12.904,15.196,22.83,10.614
2014,69.115,2.304,2.291,bbox,12.904,15.196,22.868,10.614
2015,69.149,2.373,2.304,bbox,12.904,15.239,22.868,10.614
2016,69.183,2.083,2.291,pose,12.904,15.275,22.868,10.614
2017,69.218,2.385,2.304,bbox,12.904,15.311,22.868,10.614
2018,69.252,2.382,2.373,bbox,12.904,15.311,22.868,10.614
2019,69.286,1.906,2.373,pose,12.904,15.351,22.904,10.614
2020,69.321,2.508,2.382,bbox,12.904,15.351,22.904,10.614
2021,69.355,2.585,2.385,bbox,12.904,15.427,22.948,10.614
2022,69.389,1.986,2.382,pose,12.904,15.461,22.948,10.614
2023,69.423,2.807,2.508,bbox,12.904,15.461,22.948,10.614
2024,69.458,2.803,2.585,bbox,12.904,15.578,22.948,10.614
2025,69.492,2.05,2.585,pose,12.904,15.578,22.948,10.614
2026,69.526,2.752,2.752,bbox,12.904,15.578,22.948,10.614
2027,69.561,2.69,2.752,bbox,12.904,15.617,22.98,10.614
2028,69.595,2.115,2.69,pose,12.904,15.617,23.012,10.614
2029,69.629,2.64,2.64,bbox,12.904,15.656,23.012,10.614
2030,69.664,2.592,2.64,bbox,12.904,15.656,23.06,10.614
2031,69.698,2.611,2.611,bbox,12.904,15.656,23.06,10.614
2032,69.732,2.58,2.592,bbox,12.904,15.656,23.06,10.614
2033,69.767,2.605,2.605,bbox,12.904,15.699,23.107,10.614
2034,69.801,2.189,2.592,pose,12.904,15.742,23.157,10.614
2035,69.835,2.691,2.605,bbox,12.904,15.742,23.157,10.614
2036,69.87,2.671,2.605,bbox,12.904,15.742,23.157,10.614
2037,69.904,2.185,2.605,pose,12.904,15.742,23.157,10.614
2038,69.938,2.747,2.671,bbox,12.904,15.742,23.157,10.614
2039,69.973,2.736,2.691,bbox,12.904,15.742,23.157,10.614
2040,70.007,2.201,2.671,pose,12.904,15.742,23.157,10.614
2041,70.041,2.688,2.688,bbox,12.904,15.742,23.157,10.614
2042,70.075,2.601,2.688,bbox,12.904,15.742,23.157,10.614
2043,70.11,2.528,2.601,bbox,12.904,15.742,23.157,10.614
2044,70.144,2.483,2.528,bbox,12.904,15.742,23.157,10.614
2045,70.178,2.448,2.528,bbox,12.904,15.742,23.157,10.614
2046,70.213,2.448,2.483,bbox,12.945,15.742,23.157,10.614
2047,70.247,2.425,2.448,bbox,12.945,15.742,23.157,10.614
2048,70.281,2.424,2.448,bbox,12.945,15.742,23.157,10.614
2049,70.316,2.426,2.426,bbox,12.945,15.742,23.157,10.614
2050,70.35,2.434,2.426,bbox,12.945,15.742,23.195,10.614
2051,70.384,2.446,2.426,bbox,12.945,15.742,23.195,10.614
2052,70.419,2.42,2.426,bbox,12.945,15.742,23.195,10.614
2053,70.453,2.382,2.426,bbox,12.945,15.742,23.195,10.645
2054,70.487,2.406,2.42,bbox,12.945,15.742,23.195,10.645
2055,70.522,1.821,2.406,pose,12.985,15.742,23.195,10.645
2056,70.556,2.441,2.406,bbox,12.985,15.742,23.195,10.645
2057,70.59,2.496,2.406,bbox,12.985,15.742,23.195,10.702
2058,70.625,1.94,2.406,pose,12.985,15.742,23.195,10.702
2059,70.659,2.55,2.441,bbox,12.985,15.742,23.195,10.753
2060,70.693,2.613,2.496,bbox,12.985,15.742,23.195,10.753
2061,70.728,2.083,2.496,pose,12.985,15.742,23.195,10.823
2062,70.762,2.74,2.55,bbox,12.985,15.742,23.195,10.823
2063,70.796,2.789,2.613,bbox,12.985,15.742,23.195,10.859
2064,70.83,2.133,2.613,pose,12.985,15.742,23.195,10.859
2065,70.865,2.807,2.74,bbox,12.985,15.742,23.195,10.908
2066,70.899,2.771,2.771,bbox,12.985,15.742,23.195,10.908
2067,70.933,2.082,2.771,pose,12.985,15.742,23.195,10.908
2068,70.968,2.706,2.706,bbox,12.985,15.742,23.195,10.908
2069,71.002,2.671,2.706,bbox,12.985,15.742,23.195,10.908
2070,71.036,2.028,2.671,pose,12.985,15.742,23.195,10.908
2071,71.071,2.607,2.607,bbox,12.985,15.742,23.24,10.908
2072,71.105,2.602,2.607,bbox,12.985,15.742,23.24,10.908
2073,71.139,2.059,2.602,pose,12.985,15.742,23.24,10.908
2074,71.174,2.613,2.602,bbox,12.985,15.742,23.24,10.908
2075,71.208,2.63,2.607,bbox,12.985,15.742,23.24,10.908
2076,71.242,2.057,2.602,pose,12.985,15.742,23.24,10.908
2077,71.277,2.615,2.613,bbox,12.985,15.742,23.24,10.908
2078,71.311,2.618,2.615,bbox,12.985,15.742,23.24,10.908
2079,71.345,2.02,2.615,pose,12.985,15.742,23.24,10.908
2080,71.38,2.645,2.615,bbox,12.985,15.742,23.24,10.908
2081,71.414,2.668,2.618,bbox,12.985,15.742,23.24,10.965
2082,71.448,2.097,2.618,pose,12.985,15.742,23.24,10.965
2083,71.482,2.837,2.645,bbox,12.985,15.742,23.24,11.0
2084,71.517,2.939,2.668,bbox,12.985,15.742,23.24,11.0
2085,71.551,2.301,2.668,pose,12.985,15.742,23.24,11.063
2086,71.585,3.035,2.837,bbox,12.985,15.742,23.24,11.063
2087,71.62,3.029,2.939,bbox,12.985,15.742,23.24,11.063
2088,71.654,2.304,2.939,pose,12.985,15.742,23.24,11.063
2089,71.688,2.998,2.998,bbox,12.985,15.742,23.24,11.063
2090,71.723,2.948,2.998,bbox,12.985,15.742,23.24,11.063
2091,71.757,2.186,2.948,pose,12.985,15.742,23.24,11.063
2092,71.791,2.796,2.796,bbox,12.985,15.742,23.24,11.063
2093,71.826,2.75,2.796,bbox,13.045,15.742,23.24,11.063
2094,71.86,2.164,2.75,pose,13.045,15.742,23.24,11.063
2095,71.894,2.66,2.66,bbox,13.08,15.742,23.24,11.063
2096,71.929,2.654,2.66,bbox,13.08,15.742,23.24,11.063
2097,71.963,2.109,2.654,pose,13.135,15.742,23.24,11.063
2098,71.997,2.664,2.654,bbox,13.135,15.742,23.24,11.063
2099,72.032,2.714,2.66,bbox,13.135,15.742,23.24,11.063
2100,72.066,2.152,2.654,pose,13.135,15.742,23.24,11.063
2101,72.1,2.708,2.664,bbox,13.167,15.742,23.24,11.063
2102,72.135,2.729,2.708,bbox,13.167,15.742,23.24,11.063
2103,72.169,2.116,2.708,pose,13.167,15.742,23.24,11.063
2104,72.203,2.763,2.708,bbox,13.167,15.789,23.24,11.063
2105,72.237,2.846,2.729,bbox,13.167,15.789,23.24,11.121
2106,72.272,2.284,2.729,pose,13.167,15.789,23.24,11.121
2107,72.306,2.931,2.763,bbox,13.167,15.789,23.24,11.179
2108,72.34,2.995,2.846,bbox,13.167,15.838,23.24,11.179
2109,72.375,2.522,2.846,pose,13.167,15.838,23.24,11.179
2110,72.409,3.122,2.931,bbox,13.167,15.838,23.24,11.179
2111,72.443,3.139,2.995,bbox,13.167,15.838,23.24,11.217
2112,72.478,2.511,2.995,pose,13.167,15.838,23.24,11.217
2113,72.512,3.029,3.029,bbox,13.167,15.838,23.24,11.217
2114,72.546,2.976,3.029,bbox,13.167,15.838,23.24,11.217
2115,72.581,2.355,2.976,pose,13.208,15.838,23.276,11.217
2116,72.615,2.771,2.771,bbox,13.208,15.838,23.276,11.217
2117,72.649,2.732,2.771,bbox,13.208,15.838,23.322,11.217
2118,72.684,2.283,2.732,pose,13.208,15.838,23.322,11.217
2119,72.718,2.716,2.716,bbox,13.208,15.838,23.322,11.217
2120,72.752,2.717,2.717,bbox,13.208,15.838,23.322,11.217
2121,72.787,2.098,2.716,pose,13.243,15.838,23.365,11.217
2122,72.821,2.635,2.635,bbox,13.243,15.838,23.365,11.217
2123,72.855,2.616,2.635,bbox,13.243,15.838,23.365,11.217
2124,72.889,1.835,2.616,pose,13.243,15.838,23.422,11.217
2125,72.924,2.56,2.56,bbox,13.289,15.838,23.457,11.217
2126,72.958,2.53,2.56,bbox,13.289,15.838,23.457,11.217
2127,72.992,1.557,2.53,pose,13.289,15.838,23.565,11.217
2128,73.027,2.479,2.479,bbox,13.289,15.907,23.565,11.217
2129,73.061,2.483,2.483,bbox,13.289,15.907,23.565,11.217
2130,73.095,1.588,2.479,pose,13.289,15.948,23.654,11.217
2131,73.13,2.419,2.419,bbox,13.289,15.948,23.712,11.217
2132,73.164,2.323,2.419,bbox,13.289,16.007,23.788,11.217
2133,73.198,1.915,2.323,pose,13.289,16.041,23.923,11.217
2134,73.233,2.187,2.187,bbox,13.289,16.041,23.923,11.217
2135,73.267,2.169,2.187,bbox,13.289,16.041,24.005,11.217
2136,73.301,2.217,2.187,bbox,13.289,16.041,24.005,11.217
2137,73.336,2.258,2.187,bbox,13.289,16.041,24.005,11.217
2138,73.37,2.35,2.217,bbox,13.289,16.041,24.05,11.217
2139,73.404,1.885,2.217,pose,13.289,16.103,24.05,11.217
2140,73.439,2.374,2.258,bbox,13.289,16.176,24.05,11.217
2141,73.473,2.412,2.35,bbox,13.289,16.229,24.05,11.217
2142,73.507,1.934,2.35,pose,13.289,16.266,24.05,11.217
2143,73.542,2.533,2.374,bbox,13.289,16.266,24.05,11.217
2144,73.576,2.484,2.412,bbox,13.289,16.354,24.05,11.217
2145,73.61,2.102,2.412,pose,13.289,16.354,24.05,11.217
2146,73.644,2.468,2.468,bbox,13.289,16.354,24.05,11.217
2147,73.679,2.467,2.468,bbox,13.289,16.354,24.05,11.217
2148,73.713,2.233,2.467,pose,13.289,16.354,24.05,11.217
2149,73.747,2.527,2.467,bbox,13.289,16.354,24.05,11.217
2150,73.782,2.532,2.468,bbox,13.289,16.354,24.05,11.217
2151,73.816,2.537,2.527,bbox,13.289,16.408,24.05,11.217
2152,73.85,2.565,2.532,bbox,13.289,16.44,24.05,11.217
2153,73.885,2.587,2.537,bbox,13.289,16.44,24.05,11.217
2154,73.919,2.192,2.537,pose,13.289,16.44,24.05,11.217
2155,73.953,2.66,2.565,bbox,13.289,16.44,24.05,11.255
2156,73.988,2.64,2.587,bbox,13.289,16.44,24.05,11.255
2157,74.022,2.555,2.587,bbox,13.289,16.44,24.05,11.255
2158,74.056,2.495,2.555,bbox,13.289,16.44,24.05,11.255
2159,74.091,2.426,2.555,bbox,13.326,16.44,24.05,11.255
2160,74.125,1.825,2.495,pose,13.357,16.44,24.05,11.255
2161,74.159,2.372,2.426,bbox,13.404,16.44,24.099,11.255
2162,74.194,2.331,2.372,bbox,13.452,16.44,24.099,11.255
2163,74.228,1.625,2.331,pose,13.501,16.44,24.099,11.255
2164,74.262,2.302,2.302,bbox,13.501,16.44,24.099,11.255
2165,74.296,2.219,2.302,bbox,13.501,16.44,24.099,11.255
2166,74.331,2.177,2.219,bbox,13.549,16.44,24.099,11.255
2167,74.365,2.14,2.177,bbox,13.608,16.44,24.099,11.255
2168,74.399,2.108,2.177,bbox,13.638,16.44,24.153,11.255
2169,74.434,2.09,2.14,bbox,13.638,16.44,24.153,11.255
2170,74.468,2.105,2.108,bbox,13.638,16.44,24.153,11.255
2171,74.502,2.139,2.108,bbox,13.638,16.44,24.153,11.255
2172,74.537,1.432,2.105,pose,13.638,16.471,24.153,11.255
2173,74.571,2.232,2.105,bbox,13.638,16.52,24.153,11.255
2174,74.605,2.203,2.139,bbox,13.638,16.597,24.153,11.255
2175,74.64,1.665,2.139,pose,13.638,16.628,24.153,11.255
2176,74.674,2.275,2.203,bbox,13.638,16.628,24.153,11.255
2177,74.708,2.323,2.232,bbox,13.638,16.628,24.153,11.255
2178,74.743,1.859,2.203,pose,13.638,16.628,24.153,11.255
2179,74.777,2.326,2.275,bbox,13.638,16.628,24.153,11.255
2180,74.811,2.33,2.323,bbox,13.638,16.628,24.153,11.255
2181,74.846,2.293,2.323,pose,13.638,16.628,24.153,11.255
2182,74.88,2.466,2.326,bbox,13.638,16.675,24.153,11.255
2183,74.914,2.446,2.33,bbox,13.638,16.731,24.153,11.255
2184,74.949,1.519,2.33,pose,13.638,16.731,24.224,11.255
2185,74.983,2.364,2.364,bbox,13.638,16.731,24.263,11.255
2186,75.017,,,,13.638,16.731,24.263,11.255
2187,75.051,2.281,2.364,bbox,13.638,16.731,24.325,11.255
2188,75.086,2.267,2.281,bbox,13.638,16.783,24.325,11.255
2189,75.12,2.304,2.281,bbox,13.638,16.835,24.459,11.255
2190,75.154,1.501,2.281,pose,13.638,16.835,24.459,11.255
2191,75.189,2.236,2.267,bbox,13.638,16.866,24.492,11.255
2192,75.223,2.185,2.236,bbox,13.638,16.866,24.642,11.255
2193,75.257,1.457,2.185,pose,13.638,16.866,24.684,11.255
2194,75.292,2.041,2.041,bbox,13.638,16.866,24.739,11.255
2195,75.326,1.91,2.041,bbox,13.638,16.866,24.739,11.255
2196,75.36,1.411,1.91,pose,13.638,16.866,24.819,11.255
2197,75.395,1.958,1.91,bbox,13.638,16.866,24.819,11.255
2198,75.429,1.972,1.958,bbox,13.638,16.866,24.855,11.255
2199,75.463,1.862,1.91,bbox,13.638,16.866,24.855,11.255
2200,75.498,1.766,1.862,bbox,13.638,16.866,24.855,11.255
2201,75.532,1.788,1.862,bbox,13.638,16.866,24.855,11.255
2202,75.566,2.084,1.862,pose,13.638,16.866,24.888,11.255
2203,75.601,1.586,1.788,bbox,13.638,16.866,24.954,11.255
2204,75.635,1.557,1.766,bbox,13.638,16.866,24.954,11.255
2205,75.669,0.824,1.586,pose,13.638,16.898,24.954,11.255
2206,75.704,1.573,1.573,bbox,13.638,16.95,24.954,11.255
2207,75.738,1.609,1.573,bbox,13.638,16.95,24.954,11.255
2208,75.772,0.753,1.557,pose,13.638,17.038,25.033,11.255
2209,75.806,1.692,1.573,bbox,13.638,17.07,25.067,11.255
2210,75.841,1.745,1.609,bbox,13.638,17.128,25.107,11.255
2211,75.875,0.938,1.609,pose,13.638,17.128,25.159,11.255
2212,75.909,1.64,1.64,bbox,13.638,17.164,25.214,11.255
2213,75.944,1.665,1.665,bbox,13.638,17.164,25.286,11.255
2214,75.978,2.052,1.665,pose,13.638,17.164,25.338,11.255
2215,76.012,1.593,1.64,bbox,13.638,17.201,25.378,11.255
2216,76.047,1.594,1.64,bbox,13.638,17.236,25.378,11.255
2217,76.081,1.467,1.594,pose,13.638,17.236,25.409,11.255
2218,76.115,1.53,1.593,bbox,13.638,17.294,25.447,11.255
2219,76.15,1.553,1.553,bbox,13.638,17.294,25.447,11.255
2220,76.184,1.699,1.553,pose,13.638,17.325,25.447,11.255
2221,76.218,1.744,1.553,bbox,13.638,17.396,25.503,11.255
2222,76.253,1.807,1.699,bbox,13.638,17.481,25.503,11.255
2223,76.287,1.802,1.744,pose,13.638,17.53,25.503,11.255
2224,76.321,1.988,1.802,bbox,13.638,17.53,25.551,11.255
2225,76.356,2.071,1.807,bbox,13.638,17.634,25.551,11.255
2226,76.39,1.806,1.807,pose,13.638,17.666,25.551,11.255
2227,76.424,2.321,1.988,bbox,13.638,17.666,25.551,11.304
2228,76.458,2.418,2.071,bbox,13.638,17.766,25.592,11.304
2229,76.493,1.876,2.071,pose,13.638,17.766,25.592,11.345
2230,76.527,2.479,2.321,bbox,13.638,17.822,25.592,11.345
2231,76.561,2.474,2.418,bbox,13.638,17.822,25.633,11.345
2232,76.596,1.794,2.418,pose,13.638,17.887,25.633,11.345
2233,76.63,2.476,2.474,bbox,13.638,17.887,25.689,11.345
2234,76.664,2.453,2.474,bbox,13.638,17.887,25.689,11.345
2235,76.699,1.719,2.453,pose,13.638,17.887,25.689,11.345
2236,76.733,2.42,2.42,bbox,13.638,17.887,25.689,11.345
2237,76.767,2.351,2.42,bbox,13.638,17.887,25.689,11.345
2238,76.802,1.759,2.351,pose,13.638,17.887,25.689,11.345
2239,76.836,2.221,2.221,bbox,13.638,17.887,25.72,11.345
2240,76.87,2.195,2.221,bbox,13.638,17.887,25.801,11.345
2241,76.905,1.768,2.195,pose,13.638,17.887,25.801,11.345
2242,76.939,2.161,2.161,bbox,13.638,17.887,25.839,11.345
2243,76.973,2.122,2.161,bbox,13.638,17.887,25.839,11.345
2244,77.008,2.119,2.122,bbox,13.638,17.887,25.839,11.345
2245,77.042,2.107,2.119,bbox,13.638,17.887,25.839,11.345
2246,77.076,2.005,2.119,bbox,13.638,17.887,25.883,11.345
2247,77.111,1.661,2.107,pose,13.638,17.887,25.883,11.345
2248,77.145,2.095,2.095,bbox,13.638,17.887,25.883,11.345
2249,77.179,2.067,2.067,bbox,13.638,17.887,25.883,11.345
2250,77.213,1.643,2.005,pose,13.638,17.887,25.883,11.345
2251,77.248,2.072,2.067,bbox,13.638,17.887,25.883,11.345
2252,77.282,2.069,2.069,bbox,13.638,17.887,25.883,11.345
2253,77.316,2.115,2.069,bbox,13.638,17.887,25.883,11.345
2254,77.351,2.108,2.072,bbox,13.638,17.887,25.883,11.345
2255,77.385,2.1,2.1,bbox,13.638,17.887,25.883,11.345
2256,77.419,1.719,2.1,pose,13.638,17.887,25.883,11.345
2257,77.454,2.101,2.101,bbox,13.638,17.887,25.883,11.345
2258,77.488,2.091,2.1,bbox,13.638,17.887,25.883,11.345
2259,77.522,1.73,2.091,pose,13.682,17.887,25.883,11.345
2260,77.557,2.033,2.033,bbox,13.682,17.887,25.883,11.384
2261,77.591,1.986,2.033,bbox,13.682,17.887,25.883,11.384
2262,77.625,1.665,1.986,pose,13.682,17.887,25.883,11.384
2263,77.66,1.933,1.933,bbox,13.73,17.887,25.883,11.384
2264,77.694,1.909,1.933,bbox,13.73,17.887,25.883,11.384
2265,77.728,1.866,1.909,bbox,13.769,17.887,25.883,11.384
2266,77.763,1.863,1.866,bbox,13.769,17.887,25.883,11.384
2267,77.797,1.846,1.866,bbox,13.81,17.887,25.883,11.384
2268,77.831,1.848,1.863,bbox,13.81,17.887,25.883,11.384
2269,77.865,1.8,1.848,bbox,13.81,17.887,25.883,11.384
2270,77.9,,,,13.81,17.887,25.883,11.384
2271,77.934,1.678,1.846,bbox,13.845,17.887,25.883,11.384
2272,77.968,1.76,1.8,bbox,13.962,17.887,25.883,11.384
2273,78.003,1.825,1.8,bbox,14.028,17.887,25.883,11.384
2274,78.037,1.888,1.8,bbox,14.028,17.887,25.883,11.446
2275,78.071,1.939,1.825,bbox,14.028,17.887,25.883,11.446
2276,78.106,,,,14.028,17.887,25.883,11.446
2277,78.14,1.973,1.888,bbox,14.028,17.887,25.883,11.446
2278,78.174,1.978,1.939,bbox,14.028,17.887,25.883,11.489
2279,78.209,2.053,1.973,bbox,14.028,17.887,25.883,11.489
2280,78.243,2.065,1.978,bbox,14.028,17.887,25.883,11.489
2281,78.277,2.082,2.053,bbox,14.028,17.887,25.883,11.489
2282,78.312,2.091,2.065,bbox,14.028,17.887,25.883,11.489
2283,78.346,2.079,2.079,bbox,14.028,17.887,25.883,11.489
2284,78.38,2.09,2.082,bbox,14.028,17.887,25.883,11.489
2285,78.415,2.208,2.09,bbox,14.028,17.887,25.883,11.489
2286,78.449,2.142,2.091,bbox,14.028,17.887,25.883,11.489
2287,78.483,2.045,2.09,bbox,14.028,17.944,25.883,11.489
2288,78.518,1.87,2.09,bbox,14.028,17.944,25.883,11.489
2289,78.552,1.853,2.045,bbox,14.028,17.944,25.924,11.489
2290,78.586,,,,14.028,17.944,25.924,11.489
2291,78.62,1.601,1.87,bbox,14.028,17.944,25.995,11.489
2292,78.655,,,,14.028,17.944,25.995,11.489
2293,78.689,,,,14.028,17.944,25.995,11.489
2294,78.723,1.575,1.853,bbox,14.028,17.944,26.031,11.489
2295,78.758,1.631,1.631,bbox,14.028,17.944,26.169,11.489
2296,78.792,,,,14.028,17.944,26.169,11.489
2297,78.826,1.557,1.601,bbox,14.028,17.944,26.281,11.489
2298,78.861,1.504,1.575,bbox,14.028,17.944,26.42,11.489
2299,78.895,1.727,1.575,bbox,14.028,17.944,26.42,11.489
2300,78.929,1.924,1.631,bbox,14.028,17.99,26.42,11.489
2301,78.964,1.414,1.557,pose,14.028,18.064,26.42,11.489
2302,78.998,2.003,1.727,bbox,14.028,18.184,26.42,11.489
2303,79.032,2.106,1.924,bbox,14.028,18.248,26.42,11.489
2304,79.067,1.51,1.924,pose,14.028,18.322,26.42,11.489
2305,79.101,2.147,2.003,bbox,14.028,18.352,26.463,11.489
2306,79.135,2.166,2.106,bbox,14.028,18.352,26.463,11.523
2307,79.17,2.282,2.147,bbox,14.028,18.384,26.497,11.523
2308,79.204,2.424,2.166,bbox,14.028,18.384,26.497,11.523
2309,79.238,2.573,2.282,bbox,14.028,18.384,26.497,11.557
2310,79.272,2.663,2.424,bbox,14.028,18.443,26.497,11.557
2311,79.307,2.707,2.573,bbox,14.028,18.495,26.497,11.557
2312,79.341,2.754,2.663,bbox,14.028,18.544,26.497,11.557
2313,79.375,2.756,2.707,bbox,14.028,18.586,26.497,11.557
2314,79.41,2.687,2.707,bbox,14.028,18.586,26.497,11.557
2315,79.444,2.617,2.707,bbox,14.028,18.586,26.497,11.557
2316,79.478,2.476,2.687,bbox,14.028,18.586,26.497,11.557
2317,79.513,2.363,2.617,bbox,14.028,18.586,26.542,11.557
2318,79.547,2.264,2.476,bbox,14.028,18.586,26.542,11.557
2319,79.581,2.162,2.363,bbox,14.058,18.586,26.594,11.557
2320,79.616,2.018,2.264,bbox,14.058,18.586,26.644,11.557
2321,79.65,1.997,2.162,bbox,14.058,18.586,26.644,11.557
2322,79.684,1.552,2.018,pose,14.058,18.586,26.644,11.557
2323,79.719,1.893,1.997,bbox,14.058,18.586,26.644,11.557
2324,79.753,1.859,1.893,bbox,14.058,18.586,26.675,11.557
2325,79.787,1.471,1.859,pose,14.058,18.586,26.675,11.557
2326,79.822,1.792,1.792,bbox,14.058,18.586,26.706,11.557
2327,79.856,1.797,1.797,bbox,14.058,18.586,26.706,11.557
2328,79.89,1.475,1.792,pose,14.058,18.586,26.706,11.557
2329,79.925,1.801,1.792,bbox,14.058,18.586,26.706,11.557
2330,79.959,1.818,1.797,bbox,14.058,18.586,26.706,11.557
2331,79.993,1.451,1.797,pose,14.058,18.586,26.706,11.557
2332,80.027,1.838,1.801,bbox,14.058,18.586,26.706,11.557
2333,80.062,1.852,1.818,bbox,14.058,18.586,26.706,11.557
2334,80.096,1.494,1.818,pose,14.058,18.586,26.706,11.557
2335,80.13,1.909,1.838,bbox,14.058,18.586,26.706,11.557
2336,80.165,1.927,1.852,bbox,14.058,18.586,26.706,11.591
2337,80.199,1.779,1.852,pose,14.058,18.586,26.706,11.591
2338,80.233,1.976,1.909,bbox,14.058,18.586,26.706,11.591
2339,80.268,1.963,1.927,bbox,14.058,18.586,26.706,11.591
2340,80.302,1.686,1.927,pose,14.058,18.586,26.706,11.591
2341,80.336,1.942,1.942,bbox,14.058,18.586,26.706,11.591
2342,80.371,1.924,1.942,bbox,14.058,18.586,26.706,11.591
2343,80.405,1.923,1.924,bbox,14.096,18.586,26.706,11.591
2344,80.439,1.893,1.923,bbox,14.096,18.586,26.706,11.591
2345,80.474,1.821,1.923,bbox,14.096,18.586,26.706,11.591
2346,80.508,1.794,1.893,bbox,14.096,18.586,26.738,11.591
2347,80.542,1.804,1.821,bbox,14.096,18.586,26.772,11.591
2348,80.577,1.869,1.821,bbox,14.096,18.586,26.772,11.591
2349,80.611,1.836,1.821,bbox,14.096,18.586,26.772,11.591
2350,80.645,1.717,1.804,bbox,14.159,18.586,26.772,11.591
2351,80.679,1.571,1.804,bbox,14.159,18.586,26.772,11.591
2352,80.714,1.585,1.717,bbox,14.204,18.586,26.772,11.591
2353,80.748,1.644,1.644,bbox,14.309,18.586,26.772,11.591
2354,80.782,,,,14.309,18.586,26.772,11.591
2355,80.817,1.705,1.644,bbox,14.309,18.586,26.772,11.591
2356,80.851,,,,14.309,18.586,26.772,11.591
2357,80.885,,,,14.309,18.586,26.772,11.591
2358,80.92,,,,14.309,18.586,26.772,11.591
2359,80.954,,,,14.309,18.586,26.772,11.591
2360,80.988,,,,14.309,18.586,26.772,11.591
2361,81.023,,,,14.309,18.586,26.772,11.591
2362,81.057,,,,14.309,18.586,26.772,11.591
2363,81.091,,,,14.309,18.586,26.772,11.591
2364,81.126,1.692,1.644,pose,14.309,18.586,26.772,11.591
2365,81.16,2.142,1.692,bbox,14.309,18.63,26.772,11.63
2366,81.194,2.099,1.705,bbox,14.309,18.63,26.772,11.63
2367,81.229,1.498,1.705,pose,14.309,18.63,26.772,11.63
2368,81.263,1.979,1.979,bbox,14.309,18.63,26.772,11.63
2369,81.297,1.897,1.979,bbox,14.309,18.63,26.813,11.63
2370,81.332,2.317,1.979,pose,14.309,18.63,26.851,11.63
2371,81.366,1.736,1.897,bbox,14.309,18.63,26.888,11.63
2372,81.4,1.728,1.897,bbox,14.309,18.63,26.888,11.63
2373,81.434,1.201,1.736,pose,14.309,18.63,26.961,11.63
2374,81.469,1.644,1.728,bbox,14.367,18.63,27.008,11.63
2375,81.503,1.7,1.7,bbox,14.367,18.63,27.008,11.63
2376,81.537,1.201,1.644,pose,14.367,18.703,27.053,11.63
2377,81.572,1.714,1.644,bbox,14.367,18.703,27.053,11.63
2378,81.606,1.698,1.698,bbox,14.367,18.744,27.053,11.63
2379,81.64,1.252,1.698,pose,14.367,18.744,27.053,11.63
2380,81.675,1.64,1.64,bbox,14.367,18.744,27.088,11.63
2381,81.709,1.604,1.64,bbox,14.367,18.744,27.088,11.63
2382,81.743,1.302,1.604,pose,14.367,18.744,27.088,11.63
2383,81.778,1.597,1.597,bbox,14.367,18.744,27.088,11.63
2384,81.812,1.611,1.604,bbox,14.367,18.744,27.088,11.63
2385,81.846,1.196,1.597,pose,14.367,18.744,27.088,11.63
2386,81.881,1.653,1.597,bbox,14.367,18.786,27.088,11.63
2387,81.915,1.62,1.611,bbox,14.367,18.786,27.088,11.63
2388,81.949,1.046,1.611,pose,14.367,18.786,27.088,11.63
2389,81.984,1.622,1.62,bbox,14.367,18.847,27.088,11.63
2390,82.018,1.594,1.62,bbox,14.367,18.847,27.088,11.63
2391,82.052,0.969,1.594,pose,14.367,18.847,27.167,11.63
2392,82.086,1.602,1.594,bbox,14.367,18.847,27.167,11.63
2393,82.121,1.636,1.602,bbox,14.367,18.847,27.209,11.63
2394,82.155,1.528,1.594,pose,14.367,18.847,27.241,11.63
2395,82.189,1.542,1.542,bbox,14.367,18.847,27.241,11.63
2396,82.224,1.532,1.542,bbox,14.367,18.847,27.241,11.63
2397,82.258,1.058,1.532,pose,14.367,18.847,27.285,11.63
2398,82.292,1.462,1.528,bbox,14.402,18.847,27.285,11.63
2399,82.327,1.411,1.462,bbox,14.402,18.847,27.285,11.63
2400,82.361,1.375,1.411,bbox,14.402,18.847,27.285,11.63
2401,82.395,1.321,1.375,bbox,14.402,18.847,27.285,11.63
2402,82.43,1.261,1.375,bbox,14.402,18.847,27.285,11.63
2403,82.464,1.356,1.356,bbox,14.435,18.847,27.285,11.63
2404,82.498,1.328,1.328,bbox,14.469,18.847,27.285,11.63
2405,82.533,1.249,1.321,bbox,14.469,18.847,27.285,11.63
2406,82.567,1.16,1.261,bbox,14.469,18.847,27.285,11.63
2407,82.601,1.057,1.249,bbox,14.527,18.847,27.285,11.63
2408,82.636,1.052,1.16,bbox,14.527,18.847,27.285,11.63
2409,82.67,0.881,1.057,pose,14.527,18.847,27.285,11.63
2410,82.704,1.171,1.057,bbox,14.558,18.847,27.285,11.63
2411,82.739,1.071,1.057,bbox,14.558,18.847,27.285,11.63
2412,82.773,0.585,1.052,pose,14.558,18.847,27.285,11.63
2413,82.807,1.047,1.047,bbox,14.558,18.847,27.285,11.63
2414,82.841,1.017,1.047,bbox,14.558,18.847,27.285,11.63
2415,82.876,0.591,1.017,pose,14.558,18.847,27.285,11.63
2416,82.91,0.928,0.928,bbox,14.558,18.847,27.285,11.63
2417,82.944,0.772,0.928,bbox,14.589,18.847,27.285,11.63
2418,82.979,0.841,0.841,pose,14.589,18.847,27.285,11.63
2419,83.013,0.754,0.772,bbox,14.659,18.847,27.285,11.63
2420,83.047,0.803,0.803,bbox,14.735,18.847,27.285,11.63
2421,83.082,0.666,0.772,pose,14.735,18.847,27.285,11.63
2422,83.116,0.792,0.792,bbox,14.735,18.847,27.285,11.63
2423,83.15,0.738,0.754,bbox,14.735,18.847,27.285,11.63
2424,83.185,0.627,0.738,pose,14.735,18.847,27.285,11.63
2425,83.219,0.617,0.666,bbox,14.735,18.847,27.285,11.63
2426,83.253,0.569,0.627,bbox,14.771,18.847,27.285,11.63
2427,83.288,0.741,0.627,pose,14.771,18.847,27.317,11.63
2428,83.322,0.48,0.617,bbox,14.771,18.847,27.317,11.63
2429,83.356,0.41,0.569,bbox,14.81,18.847,27.317,11.63
2430,83.391,0.48,0.48,bbox,14.81,18.847,27.317,11.63
2431,83.425,0.54,0.48,bbox,14.81,18.847,27.317,11.63
2432,83.459,0.59,0.48,bbox,14.81,18.847,27.317,11.63
2433,83.493,0.615,0.54,bbox,14.81,18.847,27.317,11.63
2434,83.528,0.615,0.59,bbox,14.81,18.847,27.317,11.698
2435,83.562,0.604,0.604,bbox,14.81,18.847,27.317,11.735
2436,83.596,0.606,0.606,bbox,14.81,18.847,27.317,11.735
2437,83.631,0.616,0.615,bbox,14.81,18.847,27.317,11.735
2438,83.665,0.604,0.606,bbox,14.81,18.847,27.317,11.735
2439,83.699,0.58,0.604,bbox,14.81,18.847,27.317,11.735
2440,83.734,0.604,0.604,bbox,14.81,18.847,27.317,11.735
2441,83.768,0.599,0.604,bbox,14.81,18.847,27.317,11.735
2442,83.802,0.594,0.599,bbox,14.81,18.847,27.317,11.735
2443,83.837,0.59,0.594,bbox,14.81,18.847,27.317,11.735
2444,83.871,0.58,0.594,bbox,14.81,18.847,27.317,11.735
2445,83.905,0.593,0.593,bbox,14.81,18.847,27.317,11.735
2446,83.94,0.593,0.593,bbox,14.81,18.847,27.348,11.735
2447,83.974,0.588,0.59,bbox,14.81,18.847,27.348,11.735
2448,84.008,0.038,0.588,pose,14.81,18.847,27.348,11.735
2449,84.043,0.587,0.588,bbox,14.81,18.847,27.348,11.735
2450,84.077,0.589,0.588,bbox,14.81,18.847,27.348,11.735
2451,84.111,0.584,0.587,bbox,14.81,18.847,27.348,11.735
2452,84.146,0.596,0.587,bbox,14.81,18.847,27.348,11.735
2453,84.18,0.613,0.589,bbox,14.81,18.847,27.348,11.735
2454,84.214,0.631,0.596,bbox,14.81,18.847,27.348,11.735
2455,84.248,0.629,0.613,bbox,14.81,18.847,27.348,11.735
2456,84.283,0.62,0.62,bbox,14.81,18.847,27.348,11.735
2457,84.317,0.16,0.62,pose,14.81,18.847,27.348,11.735
2458,84.351,0.629,0.629,bbox,14.81,18.847,27.348,11.735
2459,84.386,0.661,0.629,bbox,14.81,18.847,27.348,11.735
2460,84.42,0.613,0.62,pose,14.81,18.847,27.348,11.735
2461,84.454,0.699,0.629,bbox,14.81,18.847,27.348,11.735
2462,84.489,0.715,0.661,bbox,14.81,18.847,27.348,11.735
2463,84.523,0.717,0.699,bbox,14.81,18.847,27.348,11.735
2464,84.557,0.712,0.712,bbox,14.81,18.847,27.348,11.735
2465,84.592,0.767,0.715,bbox,14.81,18.847,27.348,11.735
2466,84.626,0.849,0.717,bbox,14.81,18.847,27.348,11.735
2467,84.66,0.914,0.767,bbox,14.81,18.847,27.348,11.735
2468,84.695,0.959,0.849,bbox,14.81,18.847,27.348,11.789
2469,84.729,1.07,0.914,bbox,14.81,18.847,27.348,11.892
2470,84.763,1.104,0.959,bbox,14.81,18.847,27.348,11.956
2471,84.798,1.149,1.07,bbox,14.81,18.847,27.348,11.995
2472,84.832,1.239,1.104,bbox,14.81,18.847,27.348,12.027
2473,84.866,1.227,1.149,bbox,14.81,18.847,27.348,12.069
2474,84.9,1.315,1.227,bbox,14.81,18.882,27.348,12.116
2475,84.935,1.181,1.227,bbox,14.81,18.882,27.348,12.116
2476,84.969,1.24,1.239,bbox,14.81,18.882,27.348,12.174
2477,85.003,1.355,1.24,bbox,14.81,18.882,27.348,12.174
2478,85.038,1.382,1.315,bbox,14.81,18.931,27.348,12.174
2479,85.072,1.394,1.355,bbox,14.81,18.931,27.348,12.174
2480,85.106,1.406,1.382,bbox,14.81,18.962,27.348,12.207
2481,85.141,1.426,1.394,bbox,14.81,18.998,27.348,12.207
2482,85.175,1.446,1.406,bbox,14.81,18.998,27.348,12.207
2483,85.209,1.391,1.406,bbox,14.81,18.998,27.348,12.207
2484,85.244,1.423,1.423,bbox,14.81,18.998,27.348,12.207
2485,85.278,1.373,1.423,bbox,14.81,18.998,27.348,12.279
2486,85.312,1.373,1.391,bbox,14.81,18.998,27.348,12.279
2487,85.347,1.419,1.391,bbox,14.81,18.998,27.348,12.279
2488,85.381,1.458,1.419,bbox,14.81,18.998,27.348,12.279
2489,85.415,1.492,1.419,bbox,14.81,18.998,27.348,12.279
2490,85.45,1.541,1.458,bbox,14.81,18.998,27.348,12.319
2491,85.484,,,,14.81,18.998,27.348,12.319
2492,85.518,,,,14.81,18.998,27.348,12.319
2493,85.553,,,,14.81,18.998,27.348,12.319
2494,85.587,3.842,1.492,bbox,14.81,18.998,27.39,12.319
2495,85.621,3.823,1.541,bbox,14.81,18.998,27.39,12.319
2496,85.655,3.81,3.81,pose,14.81,18.998,27.39,12.319
2497,85.69,3.805,3.81,bbox,14.845,18.998,27.39,12.319
2498,85.724,3.775,3.81,bbox,14.845,18.998,27.39,12.319
2499,85.758,3.58,3.805,pose,14.845,18.998,27.39,12.319
2500,85.793,3.704,3.775,bbox,14.895,18.998,27.39,12.319
2501,85.827,3.659,3.704,bbox,14.895,18.998,27.39,12.319
2502,85.861,3.145,3.659,pose,14.895,18.998,27.39,12.319
2503,85.896,3.636,3.636,bbox,14.952,18.998,27.39,12.319
2504,85.93,3.654,3.654,bbox,14.996,18.998,27.444,12.319
2505,85.964,3.01,3.636,pose,14.996,18.998,27.444,12.319
2506,85.999,3.667,3.636,bbox,14.996,18.998,27.506,12.319
2507,86.033,3.691,3.654,bbox,14.996,18.998,27.506,12.319
2508,86.067,3.625,3.654,bbox,14.996,18.998,27.506,12.319
2509,86.102,3.59,3.625,bbox,14.996,18.998,27.506,12.319
2510,86.136,3.546,3.625,bbox,15.028,18.998,27.506,12.319
2511,86.17,3.475,3.59,bbox,15.062,18.998,27.506,12.319
2512,86.205,3.381,3.546,bbox,15.062,18.998,27.506,12.319
2513,86.239,3.208,3.475,bbox,15.107,18.998,27.551,12.319
2514,86.273,3.167,3.381,bbox,15.165,18.998,27.624,12.319
2515,86.307,3.158,3.208,bbox,15.238,18.998,27.624,12.319
2516,86.342,3.085,3.167,bbox,15.238,18.998,27.624,12.319
2517,86.376,3.124,3.158,bbox,15.238,18.998,27.624,12.319
2518,86.41,3.101,3.124,bbox,15.275,18.998,27.624,12.319
2519,86.445,3.097,3.101,bbox,15.275,18.998,27.624,12.319
2520,86.479,2.402,3.097,pose,15.275,18.998,27.624,12.319
2521,86.513,2.95,3.097,bbox,15.275,18.998,27.657,12.319
2522,86.548,2.929,2.95,bbox,15.309,18.998,27.657,12.319
2523,86.582,2.297,2.929,pose,15.379,18.998,27.657,12.319
2524,86.616,2.927,2.927,bbox,15.481,18.998,27.657,12.319
2525,86.651,2.916,2.927,bbox,15.522,18.998,27.657,12.319
2526,86.685,2.197,2.916,pose,15.522,18.998,27.657,12.319
2527,86.719,2.922,2.916,bbox,15.522,18.998,27.657,12.319
2528,86.754,2.841,2.916,bbox,15.522,18.998,27.657,12.319
2529,86.788,2.14,2.841,pose,15.522,18.998,27.657,12.319
2530,86.822,2.855,2.841,bbox,15.522,18.998,27.657,12.319
2531,86.857,2.875,2.855,bbox,15.522,18.998,27.699,12.319
2532,86.891,2.257,2.841,pose,15.522,18.998,27.699,12.319
2533,86.925,2.895,2.855,bbox,15.522,18.998,27.699,12.319
2534,86.96,2.883,2.875,bbox,15.522,18.998,27.699,12.319
2535,86.994,2.262,2.875,pose,15.522,18.998,27.699,12.319
2536,87.028,2.862,2.862,bbox,15.573,18.998,27.699,12.354
2537,87.062,2.884,2.883,bbox,15.573,18.998,27.699,12.391
2538,87.097,2.237,2.862,pose,15.573,18.998,27.699,12.422
2539,87.131,2.94,2.862,bbox,15.624,18.998,27.699,12.453
2540,87.165,3.017,2.884,bbox,15.624,18.998,27.699,12.453
2541,87.2,2.412,2.884,pose,15.624,18.998,27.699,12.453
2542,87.234,3.094,2.94,bbox,15.624,18.998,27.699,12.453
2543,87.268,3.156,3.017,bbox,15.624,18.998,27.699,12.453
2544,87.303,2.535,3.017,pose,15.624,18.998,27.699,12.453
2545,87.337,3.23,3.094,bbox,15.624,18.998,27.699,12.453
2546,87.371,3.234,3.156,bbox,15.624,18.998,27.699,12.453
2547,87.406,2.503,3.156,pose,15.624,18.998,27.699,12.453
2548,87.44,3.249,3.23,bbox,15.624,19.042,27.699,12.453
2549,87.474,3.244,3.234,bbox,15.624,19.042,27.699,12.453
2550,87.509,2.413,3.234,pose,15.624,19.042,27.699,12.453
2551,87.543,3.164,3.164,bbox,15.624,19.042,27.699,12.453
2552,87.577,3.152,3.164,bbox,15.624,19.042,27.699,12.453
2553,87.612,2.452,3.152,pose,15.624,19.042,27.699,12.453
2554,87.646,3.253,3.152,bbox,15.624,19.042,27.699,12.453
2555,87.68,3.255,3.164,bbox,15.624,19.042,27.699,12.453
2556,87.714,2.545,3.152,pose,15.624,19.042,27.699,12.453
2557,87.749,3.398,3.253,bbox,15.624,19.042,27.699,12.453
2558,87.783,3.412,3.255,bbox,15.624,19.042,27.699,12.453
2559,87.817,2.521,3.255,pose,15.624,19.042,27.699,12.453
2560,87.852,3.339,3.339,bbox,15.624,19.042,27.699,12.453
2561,87.886,3.279,3.339,bbox,15.624,19.042,27.699,12.453
2562,87.92,2.177,3.279,pose,15.624,19.042,27.699,12.453
2563,87.955,3.147,3.147,bbox,15.624,19.042,27.735,12.453
2564,87.989,3.084,3.147,bbox,15.624,19.042,27.855,12.453
2565,88.023,1.929,3.084,pose,15.624,19.042,27.855,12.453
2566,88.058,3.108,3.084,bbox,15.624,19.042,27.919,12.453
2567,88.092,2.978,3.084,bbox,15.624,19.042,28.038,12.453
2568,88.126,1.88,2.978,pose,15.624,19.042,28.038,12.453
2569,88.161,2.842,2.842,bbox,15.624,19.042,28.187,12.453
2570,88.195,2.794,2.842,bbox,15.624,19.042,28.233,12.453
2571,88.229,1.8,2.794,pose,15.624,19.042,28.359,12.453
2572,88.264,2.743,2.743,bbox,15.624,19.095,28.393,12.453
2573,88.298,2.687,2.743,bbox,15.624,19.095,28.393,12.453
2574,88.332,2.041,2.687,pose,15.624,19.146,28.451,12.453
2575,88.367,2.829,2.687,bbox,15.624,19.146,28.451,12.453
2576,88.401,2.585,2.687,bbox,15.624,19.225,28.451,12.453
2577,88.435,2.144,2.585,pose,15.624,19.225,28.498,12.453
2578,88.469,2.563,2.563,bbox,15.624,19.225,28.498,12.453
2579,88.504,2.743,2.585,bbox,15.624,19.225,28.591,12.453
2580,88.538,2.215,2.563,pose,15.624,19.225,28.591,12.453
2581,88.572,2.586,2.563,bbox,15.624,19.225,28.591,12.453
2582,88.607,2.48,2.563,bbox,15.624,19.225,28.728,12.453
2583,88.641,2.169,2.48,pose,15.624,19.225,28.728,12.577
2584,88.675,2.45,2.45,bbox,15.624,19.225,28.814,12.577
2585,88.71,2.345,2.45,bbox,15.624,19.225,28.845,12.577
2586,88.744,2.263,2.345,bbox,15.732,19.225,28.845,12.609
2587,88.778,2.202,2.263,bbox,15.81,19.225,28.845,12.661
2588,88.813,2.173,2.263,bbox,15.81,19.225,28.845,12.661
2589,88.847,2.178,2.202,bbox,15.91,19.225,28.845,12.722
2590,88.881,2.391,2.202,bbox,15.91,19.225,28.845,12.722
2591,88.916,2.258,2.202,bbox,15.975,19.225,28.845,12.861
2592,88.95,2.237,2.237,bbox,16.016,19.225,28.845,12.912
2593,88.984,2.328,2.258,bbox,16.157,19.225,28.845,13.016
2594,89.019,2.193,2.258,bbox,16.266,19.225,28.845,13.096
2595,89.053,1.854,2.237,pose,16.329,19.225,28.845,13.229
2596,89.087,2.075,2.193,bbox,16.43,19.225,28.845,13.259
2597,89.121,2.023,2.075,bbox,16.468,19.225,28.845,13.295
2598,89.156,1.957,2.023,bbox,16.468,19.225,28.845,13.347
2599,89.19,1.801,1.957,bbox,16.571,19.225,28.845,13.377
2600,89.224,1.733,1.957,bbox,16.646,19.225,28.845,13.377
2601,89.259,1.646,1.801,bbox,16.646,19.225,28.845,13.377
2602,89.293,1.581,1.733,bbox,16.699,19.225,28.845,13.377
2603,89.327,1.53,1.646,bbox,16.809,19.225,28.845,13.377
2604,89.362,1.989,1.646,pose,16.853,19.225,28.911,13.377
2605,89.396,1.452,1.581,bbox,16.932,19.225,28.911,13.377
2606,89.43,1.257,1.53,bbox,16.932,19.225,28.911,13.501
2607,89.465,0.506,1.452,pose,16.932,19.225,28.911,13.501
2608,89.499,1.344,1.344,bbox,16.932,19.225,28.911,13.501
2609,89.533,1.377,1.344,bbox,16.932,19.225,28.911,13.607
2610,89.568,0.697,1.257,pose,16.932,19.225,28.911,13.671
2611,89.602,1.472,1.344,bbox,16.932,19.225,28.911,13.714
2612,89.636,1.518,1.377,bbox,16.932,19.225,28.911,13.714
2613,89.671,0.976,1.377,pose,16.932,19.272,28.911,13.833
2614,89.705,1.602,1.472,bbox,16.932,19.272,28.911,13.867
2615,89.739,1.639,1.518,bbox,16.932,19.272,28.911,13.927
2616,89.774,1.218,1.518,pose,16.932,19.272,28.911,13.927
2617,89.808,1.643,1.602,bbox,16.932,19.272,28.911,14.009
2618,89.842,1.645,1.639,bbox,16.932,19.272,28.911,14.063
2619,89.876,1.371,1.639,pose,16.932,19.272,28.911,14.063
2620,89.911,1.64,1.64,bbox,16.932,19.272,28.911,14.102
2621,89.945,1.635,1.64,bbox,16.932,19.272,28.911,14.102
2622,89.979,1.384,1.635,pose,16.932,19.272,28.911,14.102
2623,90.014,1.643,1.635,bbox,16.932,19.272,28.911,14.102
2624,90.048,1.665,1.64,bbox,16.932,19.272,28.911,14.102
2625,90.082,1.548,1.635,pose,16.932,19.272,28.911,14.102
2626,90.117,1.716,1.643,bbox,16.932,19.328,28.911,14.102
2627,90.151,1.757,1.665,bbox,16.932,19.328,28.911,14.102
2628,90.185,1.722,1.716,pose,16.932,19.328,28.911,14.137
2629,90.22,1.851,1.722,bbox,16.932,19.402,28.911,14.137
2630,90.254,,,,16.932,19.402,28.911,14.137
2631,90.288,,,,16.932,19.402,28.911,14.137
2632,90.323,,,,16.932,19.402,28.911,14.137
2633,90.357,5.02,1.757,bbox,16.932,19.402,28.911,14.137
2634,90.391,4.849,1.851,pose,16.932,19.486,28.911,14.201
2635,90.426,4.951,4.849,bbox,16.932,19.486,28.911,14.347
2636,90.46,4.889,4.889,bbox,16.932,19.486,28.911,14.347
2637,90.494,4.795,4.889,pose,16.932,19.486,28.911,14.417
2638,90.528,4.801,4.849,bbox,16.932,19.486,28.981,14.417
2639,90.563,4.764,4.801,bbox,16.932,19.486,28.981,14.417
2640,90.597,4.723,4.795,pose,16.932,19.486,28.981,14.417
2641,90.631,4.763,4.764,bbox,16.932,19.486,28.981,14.417
2642,90.666,4.78,4.764,bbox,16.932,19.486,28.981,14.417
2643,90.7,4.642,4.763,pose,16.932,19.486,28.981,14.417
2644,90.734,4.751,4.751,bbox,16.932,19.486,28.981,14.417
2645,90.769,4.72,4.751,bbox,16.932,19.486,28.981,14.417
2646,90.803,4.704,4.72,bbox,16.932,19.486,28.981,14.417
2647,90.837,4.685,4.704,bbox,16.932,19.486,28.981,14.417
2648,90.872,4.678,4.704,bbox,16.932,19.486,28.981,14.417
2649,90.906,4.798,4.704,pose,16.932,19.486,28.981,14.417
2650,90.94,4.631,4.685,bbox,16.932,19.486,28.981,14.417
2651,90.975,4.601,4.678,bbox,16.932,19.486,28.981,14.417
2652,91.009,4.678,4.678,pose,16.932,19.486,28.981,14.417
2653,91.043,4.564,4.631,bbox,16.932,19.486,28.981,14.417
2654,91.078,4.554,4.601,bbox,16.932,19.486,28.981,14.417
2655,91.112,4.45,4.564,pose,16.932,19.486,28.981,14.417
2656,91.146,4.535,4.554,bbox,16.932,19.486,28.981,14.417
2657,91.181,4.511,4.535,bbox,16.932,19.486,28.981,14.417
2658,91.215,4.269,4.511,pose,16.932,19.486,28.981,14.417
2659,91.249,4.476,4.476,bbox,16.932,19.486,28.981,14.417
2660,91.283,4.458,4.476,bbox,16.932,19.486,28.981,14.417
2661,91.318,4.117,4.458,pose,16.932,19.486,28.981,14.417
2662,91.352,4.489,4.458,bbox,16.932,19.486,28.981,14.417
2663,91.386,4.479,4.476,bbox,16.932,19.486,28.981,14.417
2664,91.421,4.146,4.458,pose,16.932,19.486,28.981,14.417
2665,91.455,4.451,4.451,bbox,16.932,19.486,28.981,14.417
2666,91.489,4.429,4.451,bbox,16.966,19.486,28.981,14.417
2667,91.524,4.168,4.429,pose,16.966,19.486,28.981,14.417
2668,91.558,4.428,4.428,bbox,16.966,19.486,28.981,14.417
2669,91.592,4.4,4.428,bbox,16.966,19.486,28.981,14.417
2670,91.627,4.204,4.4,pose,16.966,19.486,28.981,14.417
2671,91.661,4.323,4.323,bbox,16.966,19.486,28.981,14.417
2672,91.695,4.301,4.323,bbox,16.966,19.486,28.981,14.417
2673,91.73,4.09,4.301,pose,16.966,19.486,28.981,14.417
2674,91.764,4.266,4.266,bbox,17.014,19.486,28.981,14.417
2675,91.798,4.235,4.266,bbox,17.014,19.486,28.981,14.417
2676,91.833,4.269,4.266,bbox,17.014,19.486,28.981,14.417
2677,91.867,4.199,4.235,bbox,17.014,19.486,28.981,14.417
2678,91.901,4.153,4.235,bbox,17.014,19.486,28.981,14.417
2679,91.935,3.647,4.199,pose,17.014,19.486,28.981,14.417
2680,91.97,4.134,4.153,bbox,17.055,19.486,29.018,14.417
2681,92.004,4.052,4.134,bbox,17.098,19.486,29.018,14.417
2682,92.038,3.956,4.052,bbox,17.098,19.486,29.087,14.417
2683,92.073,3.893,3.956,bbox,17.098,19.486,29.087,14.417
2684,92.107,3.892,3.956,bbox,17.198,19.486,29.203,14.417
2685,92.141,3.395,3.893,pose,17.198,19.486,29.203,14.417
2686,92.176,3.929,3.893,bbox,17.228,19.486,29.273,14.417
2687,92.21,3.899,3.893,bbox,17.228,19.486,29.273,14.417
2688,92.244,3.275,3.892,pose,17.228,19.486,29.273,14.417
2689,92.279,3.894,3.894,bbox,17.228,19.486,29.273,14.417
2690,92.313,3.836,3.894,bbox,17.228,19.486,29.303,14.417
2691,92.347,3.759,3.836,bbox,17.228,19.486,29.303,14.417
2692,92.382,3.702,3.759,bbox,17.265,19.486,29.303,14.417
2693,92.416,3.584,3.759,bbox,17.305,19.486,29.393,14.417
2694,92.45,3.484,3.702,bbox,17.352,19.486,29.393,14.417
2695,92.485,3.376,3.584,bbox,17.4,19.486,29.453,14.417
2696,92.519,3.329,3.484,bbox,17.451,19.486,29.453,14.417
2697,92.553,3.3,3.376,bbox,17.505,19.486,29.483,14.417
2698,92.588,3.268,3.329,bbox,17.505,19.486,29.569,14.417
2699,92.622,3.256,3.3,bbox,17.505,19.486,29.61,14.417
2700,92.656,2.973,3.268,pose,17.505,19.486,29.61,14.417
2701,92.69,3.294,3.268,bbox,17.505,19.486,29.645,14.417
2702,92.725,3.234,3.256,bbox,17.536,19.486,29.645,14.417
2703,92.759,2.729,3.234,pose,17.536,19.486,29.645,14.417
2704,92.793,3.149,3.149,bbox,17.572,19.486,29.645,14.417
2705,92.828,3.136,3.149,bbox,17.572,19.486,29.645,14.417
2706,92.862,2.529,3.136,pose,17.632,19.486,29.645,14.417
2707,92.896,3.099,3.099,bbox,17.732,19.486,29.645,14.451
2708,92.931,3.072,3.099,bbox,17.732,19.486,29.645,14.451
2709,92.965,2.393,3.072,pose,17.732,19.486,29.645,14.451
2710,92.999,3.031,3.031,bbox,17.797,19.486,29.645,14.451
2711,93.034,2.977,3.031,bbox,17.797,19.486,29.645,14.451
2712,93.068,2.355,2.977,pose,17.797,19.486,29.645,14.451
2713,93.102,2.984,2.977,bbox,17.797,19.486,29.645,14.451
2714,93.137,2.972,2.977,bbox,17.851,19.486,29.645,14.451
2715,93.171,2.399,2.972,pose,17.851,19.486,29.645,14.451
2716,93.205,2.94,2.94,bbox,17.851,19.486,29.645,14.451
2717,93.24,2.929,2.94,bbox,17.882,19.486,29.645,14.451
2718,93.274,2.379,2.929,pose,17.882,19.486,29.645,14.451
2719,93.308,2.913,2.913,bbox,17.917,19.486,29.645,14.5
2720,93.342,2.922,2.922,bbox,17.917,19.486,29.645,14.5
2721,93.377,2.382,2.913,pose,17.917,19.486,29.645,14.5
2722,93.411,2.978,2.913,bbox,17.917,19.486,29.645,14.548
2723,93.445,3.017,2.922,bbox,17.917,19.486,29.645,14.548
2724,93.48,2.446,2.922,pose,17.917,19.486,29.645,14.583
2725,93.514,3.111,2.978,bbox,17.917,19.486,29.645,14.583
2726,93.548,3.144,3.017,bbox,17.917,19.486,29.645,14.583
2727,93.583,2.525,3.017,pose,17.917,19.486,29.645,14.583
2728,93.617,3.213,3.111,bbox,17.917,19.486,29.645,14.583
2729,93.651,3.227,3.144,bbox,17.917,19.486,29.645,14.583
2730,93.686,2.529,3.144,pose,17.917,19.486,29.645,14.583
2731,93.72,3.213,3.213,bbox,17.917,19.486,29.645,14.583
2732,93.754,3.183,3.213,bbox,17.917,19.486,29.645,14.583
2733,93.789,2.48,3.183,pose,17.917,19.486,29.645,14.583
2734,93.823,3.182,3.182,bbox,17.917,19.486,29.645,14.583
2735,93.857,3.172,3.182,bbox,17.917,19.486,29.645,14.583
2736,93.892,2.519,3.172,pose,17.917,19.486,29.645,14.583
2737,93.926,3.232,3.172,bbox,17.917,19.486,29.645,14.583
2738,93.96,3.244,3.182,bbox,17.917,19.486,29.645,14.583
2739,93.995,2.544,3.172,pose,17.917,19.486,29.645,14.583
2740,94.029,3.283,3.232,bbox,17.917,19.486,29.645,14.583
2741,94.063,3.287,3.244,bbox,17.917,19.486,29.645,14.583
2742,94.097,2.53,3.244,pose,17.917,19.486,29.645,14.583
2743,94.132,3.301,3.283,bbox,17.917,19.486,29.645,14.583
2744,94.166,3.292,3.287,bbox,17.917,19.486,29.645,14.583
2745,94.2,2.57,3.287,pose,17.917,19.486,29.645,14.583
2746,94.235,3.294,3.292,bbox,17.917,19.486,29.645,14.583
2747,94.269,3.298,3.294,bbox,17.917,19.486,29.645,14.583
2748,94.303,2.717,3.292,pose,17.917,19.486,29.645,14.657
2749,94.338,3.226,3.226,bbox,17.917,19.486,29.645,14.657
2750,94.372,3.189,3.226,bbox,17.917,19.486,29.645,14.696
2751,94.406,2.67,3.189,pose,17.95,19.486,29.645,14.696
2752,94.441,3.128,3.128,bbox,17.988,19.486,29.645,14.696
2753,94.475,3.113,3.128,bbox,18.04,19.486,29.645,14.727
2754,94.509,2.622,3.113,pose,18.04,19.486,29.645,14.727
2755,94.544,3.136,3.113,bbox,18.113,19.486,29.645,14.727
2756,94.578,3.184,3.128,bbox,18.113,19.486,29.645,14.727
2757,94.612,2.447,3.113,pose,18.113,19.486,29.645,14.727
2758,94.647,3.171,3.136,bbox,18.148,19.486,29.645,14.727
2759,94.681,3.134,3.136,bbox,18.148,19.486,29.645,14.727
2760,94.715,2.222,3.134,pose,18.204,19.486,29.645,14.727
2761,94.749,3.036,3.036,bbox,18.204,19.486,29.645,14.785
2762,94.784,2.999,3.036,bbox,18.241,19.486,29.645,14.785
2763,94.818,2.13,2.999,pose,18.362,19.486,29.645,14.785
2764,94.852,2.922,2.922,bbox,18.404,19.486,29.645,14.785
2765,94.887,2.898,2.922,bbox,18.404,19.486,29.645,14.785
2766,94.921,2.103,2.898,pose,18.502,19.486,29.645,14.82
2767,94.955,2.844,2.844,bbox,18.502,19.486,29.645,14.82
2768,94.99,2.831,2.844,bbox,18.55,19.486,29.645,14.82
2769,95.024,2.112,2.831,pose,18.55,19.486,29.645,14.82
2770,95.058,3.011,2.831,bbox,18.605,19.486,29.645,14.82
2771,95.093,3.065,2.844,bbox,18.605,19.486,29.645,14.878
2772,95.127,2.326,2.831,pose,18.605,19.486,29.645,14.97
2773,95.161,3.122,3.011,bbox,18.605,19.517,29.645,15.004
2774,95.196,3.156,3.065,bbox,18.605,19.517,29.645,15.004
2775,95.23,2.526,3.065,pose,18.605,19.517,29.645,15.004
2776,95.264,3.219,3.122,bbox,18.605,19.517,29.645,15.004
2777,95.299,3.262,3.156,bbox,18.605,19.517,29.645,15.037
2778,95.333,2.36,3.156,pose,18.605,19.517,29.645,15.037
2779,95.367,3.215,3.215,bbox,18.605,19.517,29.645,15.037
2780,95.402,3.189,3.215,bbox,18.605,19.517,29.645,15.037
2781,95.436,2.137,3.189,pose,18.605,19.517,29.677,15.037
2782,95.47,3.038,3.038,bbox,18.605,19.517,29.73,15.037
2783,95.504,2.895,3.038,bbox,18.605,19.517,29.771,15.037
2784,95.539,1.971,2.895,pose,18.605,19.517,29.89,15.037
2785,95.573,2.627,2.627,bbox,18.637,19.517,29.924,15.037
2786,95.607,2.578,2.627,bbox,18.676,19.517,30.033,15.037
2787,95.642,1.931,2.578,pose,18.719,19.517,30.114,15.037
2788,95.676,2.64,2.578,bbox,18.775,19.517,30.15,15.037
2789,95.71,2.644,2.627,bbox,18.775,19.517,30.15,15.037
2790,95.745,1.956,2.578,pose,18.775,19.517,30.15,15.037
2791,95.779,2.575,2.575,bbox,18.775,19.555,30.233,15.037
2792,95.813,2.553,2.575,bbox,18.775,19.555,30.233,15.037
2793,95.848,1.9,2.553,pose,18.775,19.555,30.233,15.037
2794,95.882,2.574,2.553,bbox,18.775,19.555,30.233,15.037
2795,95.916,2.658,2.574,bbox,18.775,19.555,30.233,15.037
2796,95.951,2.267,2.553,pose,18.775,19.555,30.233,15.09
2797,95.985,2.841,2.574,bbox,18.775,19.608,30.233,15.09
2798,96.019,2.954,2.658,bbox,18.775,19.704,30.233,15.09
2799,96.054,2.96,2.841,bbox,18.775,19.704,30.233,15.183
2800,96.088,3.007,2.954,bbox,18.775,19.704,30.233,15.217
2801,96.122,3.013,2.96,bbox,18.775,19.704,30.233,15.217
2802,96.156,3.071,3.007,bbox,18.806,19.704,30.233,15.272
2803,96.191,2.991,3.007,bbox,18.841,19.704,30.233,15.337
2804,96.225,3.23,3.013,bbox,18.841,19.704,30.233,15.337
2805,96.259,2.901,3.013,pose,18.841,19.704,30.233,15.337
2806,96.294,3.245,3.071,bbox,18.841,19.704,30.233,15.337
2807,96.328,3.083,3.083,bbox,18.841,19.704,30.233,15.337
2808,96.362,3.029,3.083,pose,18.841,19.704,30.233,15.337
2809,96.397,2.822,3.029,bbox,18.841,19.704,30.271,15.337
2810,96.431,2.787,3.029,bbox,18.841,19.704,30.303,15.337
2811,96.465,3.052,3.029,pose,18.841,19.704,30.303,15.337
2812,96.5,2.762,2.822,bbox,18.841,19.821,30.346,15.337
2813,96.534,2.814,2.814,bbox,18.841,19.821,30.346,15.337
2814,96.568,2.533,2.787,pose,18.841,19.821,30.438,15.337
2815,96.603,2.66,2.762,bbox,18.841,19.821,30.496,15.337
2816,96.637,2.595,2.66,bbox,18.841,19.821,30.598,15.337
2817,96.671,2.516,2.595,bbox,18.841,19.821,30.598,15.337
2818,96.706,2.483,2.533,bbox,18.841,19.821,30.684,15.337
2819,96.74,2.533,2.533,bbox,18.841,19.821,30.788,15.337
2820,96.774,2.473,2.516,bbox,18.841,19.821,30.828,15.337
2821,96.809,2.515,2.515,bbox,18.841,19.821,30.828,15.337
2822,96.843,2.559,2.515,bbox,18.841,19.882,30.828,15.337
2823,96.877,2.649,2.533,pose,18.841,19.882,30.828,15.337
2824,96.911,2.93,2.559,bbox,18.841,19.93,30.828,15.337
2825,96.946,2.862,2.649,bbox,18.841,19.93,30.828,15.337
2826,96.98,2.13,2.649,pose,18.841,19.966,30.828,15.337
2827,97.014,2.458,2.649,bbox,18.841,19.966,30.949,15.337
2828,97.049,2.41,2.458,bbox,18.841,20.055,30.949,15.337
2829,97.083,1.877,2.41,pose,18.841,20.055,31.086,15.337
2830,97.117,2.385,2.385,bbox,18.841,20.1,31.086,15.337
2831,97.152,2.359,2.385,bbox,18.841,20.194,31.146,15.337
2832,97.186,2.151,2.359,pose,18.841,20.233,31.213,15.337
2833,97.22,2.286,2.286,bbox,18.841,20.233,31.282,15.337
2834,97.255,2.347,2.347,bbox,18.841,20.233,31.343,15.337
2835,97.289,1.957,2.286,pose,18.841,20.282,31.343,15.337
2836,97.323,2.474,2.286,bbox,18.841,20.282,31.407,15.337
2837,97.358,2.478,2.347,bbox,18.841,20.282,31.407,15.337
2838,97.392,2.166,2.347,pose,18.841,20.315,31.407,15.337
2839,97.426,2.644,2.474,bbox,18.841,20.406,31.407,15.337
2840,97.461,2.663,2.478,bbox,18.841,20.406,31.438,15.337
2841,97.495,2.474,2.478,pose,18.841,20.478,31.438,15.337
2842,97.529,2.733,2.644,bbox,18.841,20.524,31.438,15.337
2843,97.563,2.714,2.663,bbox,18.841,20.597,31.438,15.337
2844,97.598,2.716,2.714,bbox,18.841,20.644,31.438,15.337
2845,97.632,2.702,2.714,bbox,18.841,20.644,31.438,15.337
2846,97.666,2.69,2.714,bbox,18.841,20.69,31.438,15.337
2847,97.701,2.619,2.702,pose,18.841,20.744,31.438,15.337
2848,97.735,2.815,2.702,bbox,18.841,20.783,31.438,15.337
2849,97.769,2.919,2.702,bbox,18.841,20.893,31.438,15.337
2850,97.804,2.765,2.765,pose,18.841,20.962,31.438,15.337
2851,97.838,3.206,2.815,bbox,18.841,20.962,31.438,15.337
2852,97.872,3.329,2.919,bbox,18.841,21.105,31.438,15.337
2853,97.907,2.95,2.95,pose,18.841,21.105,31.438,15.337
2854,97.941,3.569,3.206,bbox,18.841,21.169,31.438,15.337
2855,97.975,3.657,3.329,bbox,18.841,21.169,31.438,15.337
2856,98.01,3.041,3.329,pose,18.841,21.266,31.438,15.337
2857,98.044,3.639,3.569,bbox,18.841,21.307,31.438,15.337
2858,98.078,3.59,3.59,bbox,18.841,21.357,31.438,15.337
2859,98.113,3.115,3.59,pose,18.841,21.357,31.495,15.337
2860,98.147,3.451,3.451,bbox,18.841,21.357,31.555,15.337
2861,98.181,3.291,3.451,bbox,18.841,21.404,31.621,15.337
2862,98.216,2.981,3.291,pose,18.841,21.404,31.621,15.337
2863,98.25,3.17,3.17,bbox,18.841,21.404,31.734,15.337
2864,98.284,3.018,3.17,bbox,18.841,21.404,31.734,15.337
2865,98.318,3.008,3.018,pose,18.841,21.404,31.766,15.337
2866,98.353,2.884,3.008,bbox,18.841,21.404,31.766,15.337
2867,98.387,2.891,3.008,bbox,18.841,21.404,31.766,15.337
2868,98.421,2.965,2.965,pose,18.841,21.404,31.851,15.337
2869,98.456,2.853,2.891,bbox,18.841,21.439,31.925,15.337
2870,98.49,2.892,2.891,bbox,18.841,21.439,31.925,15.337
2871,98.524,2.486,2.891,pose,18.841,21.439,32.004,15.337
2872,98.559,2.801,2.853,bbox,18.841,21.497,32.004,15.337
2873,98.593,2.774,2.801,bbox,18.841,21.539,32.004,15.337
2874,98.627,2.141,2.774,pose,18.841,21.539,32.004,15.337
2875,98.662,2.695,2.695,bbox,18.841,21.539,32.004,15.337
2876,98.696,2.709,2.709,bbox,18.841,21.539,32.084,15.337
2877,98.73,1.95,2.695,pose,18.841,21.539,32.232,15.337
2878,98.765,2.752,2.695,bbox,18.841,21.539,32.232,15.337
2879,98.799,2.743,2.709,bbox,18.841,21.539,32.232,15.337
2880,98.833,1.94,2.709,pose,18.841,21.539,32.273,15.337
2881,98.868,2.673,2.673,bbox,18.841,21.539,32.304,15.337
2882,98.902,2.576,2.673,bbox,18.841,21.539,32.404,15.337
2883,98.936,2.078,2.576,pose,18.841,21.539,32.436,15.337
2884,98.97,2.417,2.417,bbox,18.841,21.539,32.501,15.337
2885,99.005,2.335,2.417,bbox,18.841,21.539,32.563,15.337
2886,99.039,2.121,2.335,pose,18.841,21.539,32.63,15.337
2887,99.073,2.302,2.302,bbox,18.841,21.539,32.668,15.337
2888,99.108,2.309,2.309,bbox,18.841,21.539,32.668,15.337
2889,99.142,2.125,2.302,pose,18.841,21.539,32.72,15.337
2890,99.176,2.39,2.302,bbox,18.841,21.592,32.72,15.337
2891,99.211,2.415,2.309,bbox,18.841,21.592,32.72,15.337
2892,99.245,2.113,2.309,pose,18.841,21.592,32.72,15.337
2893,99.279,2.452,2.39,bbox,18.841,21.633,32.72,15.337
2894,99.314,2.474,2.415,bbox,18.841,21.633,32.72,15.337
2895,99.348,2.159,2.415,pose,18.841,21.633,32.72,15.337
2896,99.382,2.568,2.452,bbox,18.841,21.694,32.72,15.337
2897,99.417,2.575,2.474,bbox,18.841,21.694,32.72,15.337
2898,99.451,2.167,2.474,pose,18.841,21.694,32.72,15.337
2899,99.485,2.635,2.568,bbox,18.841,21.727,32.72,15.337
2900,99.52,2.754,2.575,bbox,18.841,21.727,32.72,15.337
2901,99.554,2.83,2.635,bbox,18.841,21.803,32.72,15.381
2902,99.588,2.936,2.754,bbox,18.841,21.803,32.72,15.381
2903,99.623,2.958,2.83,bbox,18.841,21.803,32.72,15.381
2904,99.657,3.017,2.936,bbox,18.841,21.841,32.72,15.419
2905,99.691,3.081,2.958,bbox,18.841,21.841,32.72,15.479
2906,99.725,3.12,3.017,bbox,18.841,21.875,32.72,15.479
2907,99.76,3.166,3.081,bbox,18.841,21.905,32.72,15.519
2908,99.794,3.179,3.12,bbox,18.841,21.936,32.72,15.519
2909,99.828,3.176,3.166,bbox,18.841,21.936,32.72,15.519
2910,99.863,3.212,3.176,bbox,18.841,21.936,32.72,15.519
2911,99.897,3.264,3.179,bbox,18.841,21.972,32.72,15.519
2912,99.931,3.31,3.212,bbox,18.841,22.006,32.72,15.519
2913,99.966,2.948,3.212,pose,18.841,22.038,32.72,15.519
2914,100.0,3.441,3.264,bbox,18.841,22.072,32.72,15.57
2915,100.034,3.468,3.31,bbox,18.841,22.072,32.72,15.57
2916,100.069,3.489,3.441,bbox,18.841,22.135,32.72,15.57
2917,100.103,3.525,3.468,bbox,18.841,22.135,32.72,15.623
2918,100.137,3.537,3.489,bbox,18.841,22.135,32.72,15.623
2919,100.172,3.602,3.525,bbox,18.841,22.135,32.72,15.623
2920,100.206,3.665,3.537,bbox,18.841,22.135,32.72,15.623
2921,100.24,3.691,3.602,bbox,18.841,22.135,32.72,15.623
2922,100.275,3.681,3.665,bbox,18.841,22.203,32.72,15.623
2923,100.309,3.681,3.681,bbox,18.841,22.203,32.72,15.623
2924,100.343,3.694,3.681,bbox,18.841,22.203,32.72,15.623
2925,100.377,3.908,3.691,bbox,18.841,22.203,32.72,15.623
2926,100.412,3.928,3.694,bbox,18.841,22.203,32.72,15.623
2927,100.446,3.842,3.842,bbox,18.841,22.242,32.72,15.623
2928,100.48,3.987,3.908,pose,18.841,22.283,32.72,15.623
2929,100.515,3.82,3.908,bbox,18.841,22.316,32.72,15.623
2930,100.549,3.822,3.842,bbox,18.841,22.316,32.72,15.623
2931,100.583,3.953,3.842,pose,18.841,22.316,32.72,15.623
2932,100.618,3.851,3.851,bbox,18.841,22.316,32.72,15.623
2933,100.652,3.819,3.822,bbox,18.841,22.316,32.72,15.623
2934,100.686,4.039,3.851,pose,18.841,22.316,32.72,15.623
2935,100.721,3.775,3.851,bbox,18.841,22.316,32.72,15.623
2936,100.755,3.747,3.819,bbox,18.841,22.316,32.72,15.623
2937,100.789,3.875,3.819,pose,18.841,22.316,32.72,15.623
2938,100.824,3.711,3.775,bbox,18.841,22.316,32.72,15.623
2939,100.858,3.721,3.747,bbox,18.841,22.316,32.72,15.623
2940,100.892,3.797,3.747,pose,18.841,22.316,32.72,15.623
2941,100.927,3.723,3.723,bbox,18.841,22.316,32.72,15.623
2942,100.961,3.711,3.721,bbox,18.841,22.316,32.72,15.623
2943,100.995,3.735,3.723,pose,18.841,22.316,32.72,15.623
2944,101.03,3.763,3.735,bbox,18.841,22.316,32.72,15.623
2945,101.064,3.768,3.735,bbox,18.841,22.316,32.72,15.623
2946,101.098,3.754,3.754,pose,18.841,22.316,32.72,15.623
2947,101.132,3.755,3.755,bbox,18.841,22.316,32.72,15.623
2948,101.167,3.749,3.755,bbox,18.841,22.316,32.72,15.623
2949,101.201,3.801,3.755,pose,18.841,22.316,32.72,15.623
2950,101.235,3.636,3.754,bbox,18.841,22.316,32.72,15.623
2951,101.27,3.611,3.749,bbox,18.841,22.316,32.72,15.623
2952,101.304,3.76,3.749,pose,18.841,22.316,32.72,15.623
2953,101.338,3.601,3.636,bbox,18.875,22.316,32.72,15.623
2954,101.373,3.583,3.611,bbox,18.875,22.316,32.72,15.623
2955,101.407,3.697,3.611,pose,18.875,22.316,32.72,15.623
2956,101.441,3.522,3.601,bbox,18.875,22.316,32.72,15.623
2957,101.476,3.523,3.583,bbox,18.875,22.316,32.72,15.623
2958,101.51,3.484,3.523,pose,18.875,22.316,32.72,15.623
2959,101.544,3.459,3.522,bbox,18.875,22.316,32.72,15.623
2960,101.579,3.443,3.484,bbox,18.875,22.316,32.72,15.623
2961,101.613,3.314,3.459,pose,18.921,22.316,32.72,15.623
2962,101.647,3.32,3.443,bbox,18.958,22.316,32.72,15.623
2963,101.682,3.304,3.32,bbox,18.958,22.316,32.72,15.623
2964,101.716,3.256,3.314,pose,18.958,22.316,32.72,15.623
2965,101.75,3.26,3.304,bbox,19.033,22.316,32.72,15.623
2966,101.784,3.264,3.264,bbox,19.033,22.316,32.72,15.623
2967,101.819,3.213,3.26,pose,19.033,22.316,32.72,15.623
2968,101.853,3.209,3.256,bbox,19.033,22.316,32.72,15.623
2969,101.887,3.194,3.213,bbox,19.033,22.316,32.72,15.623
2970,101.922,3.203,3.209,pose,19.078,22.316,32.72,15.623
2971,101.956,3.103,3.203,bbox,19.109,22.316,32.72,15.623
2972,101.99,3.082,3.194,bbox,19.142,22.316,32.72,15.623
2973,102.025,3.161,3.161,pose,19.193,22.316,32.72,15.623
2974,102.059,3.002,3.103,bbox,19.193,22.316,32.72,15.623
2975,102.093,2.992,3.082,bbox,19.193,22.316,32.72,15.623
2976,102.128,3.076,3.076,pose,19.243,22.316,32.72,15.623
2977,102.162,2.97,3.002,bbox,19.243,22.316,32.72,15.623
2978,102.196,2.928,2.992,bbox,19.243,22.316,32.72,15.623
2979,102.231,3.1,2.992,pose,19.274,22.316,32.72,15.623
2980,102.265,2.863,2.97,bbox,19.305,22.316,32.72,15.623
2981,102.299,,,,19.305,22.316,32.72,15.623
2982,102.334,,,,19.305,22.316,32.72,15.623
2983,102.368,,,,19.305,22.316,32.72,15.623
2984,102.402,4.247,2.97,bbox,19.305,22.316,32.72,15.623
2985,102.437,3.982,3.1,pose,19.305,22.347,32.72,15.653
2986,102.471,4.259,3.982,bbox,19.305,22.347,32.72,15.653
2987,102.505,4.296,4.247,bbox,19.305,22.347,32.72,15.653
2988,102.539,4.015,4.247,pose,19.305,22.347,32.72,15.653
2989,102.574,4.288,4.259,bbox,19.305,22.347,32.72,15.653
2990,102.608,4.3,4.288,bbox,19.305,22.347,32.72,15.653
2991,102.642,4.059,4.288,pose,19.305,22.347,32.72,15.653
2992,102.677,4.311,4.288,bbox,19.305,22.347,32.72,15.653
2993,102.711,4.287,4.288,bbox,19.305,22.347,32.72,15.653
2994,102.745,4.003,4.287,pose,19.305,22.347,32.72,15.653
2995,102.78,4.262,4.262,bbox,19.305,22.347,32.72,15.653
2996,102.814,4.27,4.27,bbox,19.305,22.347,32.72,15.653
2997,102.848,4.026,4.262,pose,19.305,22.347,32.72,15.653
2998,102.883,4.305,4.262,bbox,19.305,22.347,32.72,15.653
2999,102.917,4.283,4.27,bbox,19.305,22.347,32.72,15.653
3000,102.951,4.069,4.27,pose,19.305,22.347,32.72,15.653
3001,102.986,4.302,4.283,bbox,19.305,22.347,32.72,15.653
3002,103.02,4.269,4.283,bbox,19.305,22.347,32.751,15.653
3003,103.054,4.056,4.269,pose,19.305,22.347,32.751,15.653
3004,103.089,4.247,4.247,bbox,19.305,22.347,32.751,15.653
3005,103.123,4.253,4.253,bbox,19.305,22.347,32.751,15.653
3006,103.157,4.066,4.247,pose,19.305,22.347,32.751,15.653
3007,103.191,4.241,4.241,bbox,19.305,22.347,32.751,15.653
3008,103.226,4.252,4.247,bbox,19.305,22.347,32.751,15.653
3009,103.26,4.085,4.241,pose,19.305,22.347,32.751,15.653
3010,103.294,4.29,4.241,bbox,19.305,22.347,32.751,15.653
3011,103.329,4.295,4.252,bbox,19.305,22.347,32.751,15.653
3012,103.363,4.064,4.252,pose,19.305,22.347,32.751,15.653
3013,103.397,4.286,4.286,bbox,19.305,22.347,32.751,15.653
3014,103.432,4.294,4.29,bbox,19.305,22.347,32.751,15.653
3015,103.466,3.972,4.286,pose,19.305,22.347,32.751,15.653
3016,103.5,4.288,4.286,bbox,19.305,22.347,32.751,15.653
3017,103.535,4.272,4.286,bbox,19.305,22.347,32.751,15.653
3018,103.569,3.894,4.272,pose,19.305,22.347,32.751,15.653
3019,103.603,4.268,4.268,bbox,19.305,22.347,32.751,15.653
3020,103.638,4.276,4.272,bbox,19.305,22.347,32.751,15.653
3021,103.672,3.814,4.268,pose,19.305,22.347,32.751,15.653
3022,103.706,4.234,4.234,bbox,19.305,22.347,32.751,15.653
3023,103.741,4.23,4.234,bbox,19.305,22.347,32.751,15.653
3024,103.775,3.759,4.23,pose,19.305,22.347,32.751,15.653
3025,103.809,4.181,4.181,bbox,19.305,22.347,32.751,15.653
3026,103.844,4.161,4.181,bbox,19.305,22.347,32.751,15.653
3027,103.878,3.732,4.161,pose,19.352,22.347,32.751,15.653
3028,103.912,4.147,4.147,bbox,19.352,22.347,32.751,15.653
3029,103.946,4.141,4.147,bbox,19.352,22.347,32.751,15.653
3030,103.981,3.725,4.141,pose,19.352,22.347,32.751,15.653
3031,104.015,4.095,4.095,bbox,19.352,22.347,32.751,15.653
3032,104.049,4.073,4.095,bbox,19.383,22.347,32.751,15.653
3033,104.084,3.734,4.073,pose,19.383,22.347,32.751,15.653
3034,104.118,4.034,4.034,bbox,19.383,22.347,32.751,15.653
3035,104.152,3.974,4.034,bbox,19.383,22.347,32.751,15.653
3036,104.187,3.703,3.974,pose,19.434,22.347,32.751,15.653
3037,104.221,3.906,3.906,bbox,19.434,22.347,32.751,15.653
3038,104.255,3.855,3.906,bbox,19.434,22.347,32.751,15.653
3039,104.29,3.657,3.855,pose,19.434,22.347,32.751,15.653
3040,104.324,3.784,3.784,bbox,19.526,22.347,32.751,15.653
3041,104.358,3.771,3.784,bbox,19.58,22.347,32.751,15.653
3042,104.393,3.549,3.771,pose,19.58,22.347,32.751,15.653
3043,104.427,3.729,3.729,bbox,19.651,22.347,32.751,15.653
3044,104.461,3.71,3.729,bbox,19.651,22.347,32.751,15.653
3045,104.496,3.306,3.71,pose,19.651,22.347,32.751,15.653
3046,104.53,3.701,3.701,bbox,19.703,22.347,32.751,15.653
3047,104.564,3.677,3.701,bbox,19.703,22.347,32.751,15.653
3048,104.598,3.175,3.677,pose,19.703,22.347,32.751,15.653
3049,104.633,3.646,3.646,bbox,19.703,22.347,32.824,15.653
3050,104.667,3.642,3.646,bbox,19.703,22.347,32.885,15.653
3051,104.701,3.097,3.642,pose,19.703,22.347,32.885,15.653
3052,104.736,3.717,3.642,bbox,19.703,22.347,32.946,15.653
3053,104.77,3.681,3.646,bbox,19.738,22.347,32.946,15.653
3054,104.804,3.178,3.642,pose,19.738,22.347,32.946,15.653
3055,104.839,3.5,3.5,bbox,19.794,22.347,32.946,15.653
3056,104.873,3.413,3.5,bbox,19.794,22.347,32.946,15.653
3057,104.907,3.071,3.413,pose,19.846,22.347,32.946,15.653
3058,104.942,3.37,3.37,bbox,19.903,22.347,33.0,15.653
3059,104.976,3.261,3.37,bbox,19.903,22.347,33.053,15.653
3060,105.01,2.767,3.261,pose,19.939,22.347,33.053,15.653
3061,105.045,3.145,3.145,bbox,19.939,22.347,33.114,15.653
3062,105.079,3.007,3.145,bbox,19.972,22.347,33.114,15.653
3063,105.113,2.93,3.007,bbox,19.972,22.347,33.169,15.653
3064,105.148,2.901,2.93,bbox,20.086,22.347,33.169,15.653
3065,105.182,2.873,2.93,bbox,20.149,22.347,33.215,15.653
3066,105.216,2.211,2.901,pose,20.149,22.347,33.215,15.653
3067,105.251,2.836,2.873,bbox,20.183,22.347,33.269,15.653
3068,105.285,2.826,2.836,bbox,20.219,22.347,33.269,15.653
3069,105.319,2.215,2.826,pose,20.219,22.347,33.269,15.653
3070,105.353,2.827,2.826,bbox,20.219,22.347,33.318,15.653
3071,105.388,2.81,2.826,bbox,20.25,22.347,33.318,15.653
3072,105.422,2.147,2.81,pose,20.25,22.347,33.318,15.653
3073,105.456,2.823,2.81,bbox,20.25,22.347,33.318,15.716
3074,105.491,2.827,2.823,bbox,20.25,22.347,33.318,15.716
3075,105.525,2.156,2.81,pose,20.25,22.347,33.318,15.716
3076,105.559,2.893,2.823,bbox,20.25,22.347,33.318,15.716
3077,105.594,2.936,2.827,bbox,20.25,22.347,33.318,15.716
3078,105.628,2.234,2.827,pose,20.25,22.347,33.318,15.755
3079,105.662,2.971,2.893,bbox,20.25,22.347,33.318,15.755
3080,105.697,3.038,2.936,bbox,20.25,22.347,33.318,15.755
3081,105.731,2.268,2.936,pose,20.25,22.347,33.318,15.755
3082,105.765,3.06,2.971,bbox,20.25,22.347,33.318,15.755
3083,105.8,3.045,3.038,bbox,20.25,22.347,33.318,15.755
3084,105.834,2.215,3.038,pose,20.25,22.347,33.318,15.755
3085,105.868,2.953,2.953,bbox,20.25,22.347,33.318,15.755
3086,105.903,2.918,2.953,bbox,20.25,22.347,33.318,15.755
3087,105.937,2.178,2.918,pose,20.25,22.347,33.348,15.755
3088,105.971,2.916,2.916,bbox,20.25,22.347,33.391,15.755
3089,106.005,2.881,2.916,bbox,20.25,22.347,33.437,15.755
3090,106.04,2.181,2.881,pose,20.25,22.347,33.437,15.755
3091,106.074,2.954,2.881,bbox,20.25,22.347,33.437,15.755
3092,106.108,2.95,2.916,bbox,20.25,22.347,33.437,15.755
3093,106.143,2.034,2.881,pose,20.25,22.347,33.437,15.755
3094,106.177,2.879,2.879,bbox,20.25,22.347,33.437,15.755
3095,106.211,2.879,2.879,bbox,20.25,22.347,33.478,15.755
3096,106.246,1.676,2.879,pose,20.25,22.347,33.576,15.755
3097,106.28,2.836,2.836,bbox,20.25,22.347,33.624,15.755
3098,106.314,2.747,2.836,bbox,20.25,22.347,33.658,15.755
3099,106.349,1.625,2.747,pose,20.25,22.347,33.752,15.755
3100,106.383,2.508,2.508,bbox,20.25,22.347,33.826,15.755
3101,106.417,2.674,2.674,bbox,20.25,22.347,33.826,15.755
3102,106.452,1.868,2.508,pose,20.25,22.347,33.897,15.755
3103,106.486,2.555,2.508,bbox,20.25,22.378,34.027,15.755
3104,106.52,2.577,2.555,bbox,20.25,22.378,34.027,15.755
3105,106.555,1.617,2.555,pose,20.25,22.421,34.027,15.755
3106,106.589,2.398,2.398,bbox,20.25,22.452,34.058,15.755
3107,106.623,2.278,2.398,bbox,20.25,22.452,34.195,15.755
3108,106.658,1.582,2.278,pose,20.25,22.452,34.238,15.755
3109,106.692,2.124,2.124,bbox,20.25,22.452,34.293,15.755
3110,106.726,2.098,2.124,bbox,20.25,22.452,34.329,15.755
3111,106.76,1.44,2.098,pose,20.25,22.452,34.397,15.755
3112,106.795,2.036,2.036,bbox,20.25,22.452,34.397,15.755
3113,106.829,2.025,2.036,bbox,20.25,22.452,34.397,15.755
3114,106.863,1.394,2.025,pose,20.25,22.452,34.436,15.755
3115,106.898,2.048,2.025,bbox,20.25,22.509,34.436,15.755
3116,106.932,2.042,2.036,bbox,20.25,22.509,34.436,15.755
3117,106.966,1.596,2.025,pose,20.25,22.548,34.436,15.755
3118,107.001,2.131,2.042,bbox,20.25,22.626,34.436,15.755
3119,107.035,2.221,2.048,bbox,20.25,22.656,34.436,15.755
3120,107.069,2.161,2.131,pose,20.25,22.748,34.436,15.755
3121,107.104,2.278,2.161,bbox,20.25,22.748,34.436,15.755
3122,107.138,2.308,2.221,bbox,20.25,22.806,34.436,15.755
3123,107.172,2.331,2.278,bbox,20.25,22.839,34.436,15.755
3124,107.207,2.378,2.308,bbox,20.25,22.882,34.436,15.755
3125,107.241,2.464,2.331,bbox,20.25,22.916,34.436,15.755
3126,107.275,2.184,2.331,pose,20.25,22.964,34.436,15.755
3127,107.31,2.582,2.378,bbox,20.25,23.06,34.436,15.755
3128,107.344,2.65,2.464,bbox,20.25,23.181,34.436,15.755
3129,107.378,2.224,2.464,pose,20.25,23.181,34.436,15.755
3130,107.412,2.768,2.582,bbox,20.25,23.219,34.436,15.755
3131,107.447,2.797,2.65,bbox,20.25,23.269,34.436,15.755
3132,107.481,2.313,2.65,pose,20.25,23.306,34.436,15.755
3133,107.515,2.828,2.768,bbox,20.25,23.306,34.436,15.787
3134,107.55,2.869,2.797,bbox,20.25,23.306,34.436,15.787
3135,107.584,2.499,2.797,pose,20.25,23.306,34.436,15.787
3136,107.618,2.952,2.828,bbox,20.25,23.373,34.436,15.818
3137,107.653,2.979,2.869,bbox,20.25,23.373,34.436,15.818
3138,107.687,2.793,2.869,pose,20.25,23.373,34.436,15.851
3139,107.721,3.166,2.952,bbox,20.25,23.415,34.436,15.956
3140,107.756,3.201,2.979,bbox,20.25,23.473,34.436,15.956
3141,107.79,3.3,3.166,pose,20.25,23.473,34.436,16.021
3142,107.824,3.33,3.201,bbox,20.25,23.473,34.436,16.093
3143,107.859,3.412,3.3,bbox,20.25,23.473,34.436,16.13
3144,107.893,3.871,3.33,pose,20.25,23.506,34.436,16.179
3145,107.927,3.522,3.412,bbox,20.25,23.581,34.436,16.179
3146,107.962,3.572,3.522,bbox,20.25,23.581,34.436,16.179
3147,107.996,3.478,3.522,pose,20.25,23.581,34.436,16.22
3148,108.03,3.696,3.572,bbox,20.25,23.612,34.436,16.257
3149,108.065,3.725,3.572,bbox,20.25,23.612,34.436,16.3
3150,108.099,,,,20.25,23.612,34.436,16.3
3151,108.133,,,,20.25,23.612,34.436,16.3
3152,108.167,,,,20.25,23.612,34.436,16.3
3153,108.202,2.862,3.572,bbox,20.25,23.612,34.436,16.349
3154,108.236,2.865,3.478,bbox,20.25,23.612,34.436,16.389
3155,108.27,2.821,2.865,bbox,20.25,23.612,34.436,16.389
3156,108.305,2.194,2.862,pose,20.25,23.612,34.436,16.389
3157,108.339,2.892,2.862,bbox,20.25,23.612,34.436,16.424
3158,108.373,2.868,2.865,bbox,20.316,23.612,34.436,16.424
3159,108.408,2.898,2.868,bbox,20.316,23.612,34.436,16.424
3160,108.442,2.925,2.892,bbox,20.316,23.612,34.436,16.424
3161,108.476,2.909,2.898,bbox,20.316,23.612,34.436,16.424
3162,108.511,2.232,2.898,pose,20.316,23.612,34.436,16.424
3163,108.545,2.949,2.909,bbox,20.316,23.612,34.436,16.424
3164,108.579,2.952,2.925,bbox,20.316,23.612,34.436,16.424
3165,108.614,2.205,2.909,pose,20.316,23.612,34.436,16.424
3166,108.648,2.923,2.923,bbox,20.316,23.612,34.436,16.424
3167,108.682,2.917,2.923,bbox,20.316,23.612,34.436,16.424
3168,108.717,2.275,2.917,pose,20.316,23.612,34.436,16.424
3169,108.751,2.959,2.917,bbox,20.316,23.612,34.436,16.424
3170,108.785,2.981,2.923,bbox,20.316,23.612,34.483,16.424
3171,108.819,2.343,2.917,pose,20.316,23.612,34.483,16.424
3172,108.854,3.017,2.959,bbox,20.316,23.612,34.483,16.424
3173,108.888,2.971,2.971,bbox,20.316,23.612,34.483,16.424
3174,108.922,2.283,2.971,pose,20.316,23.612,34.483,16.469
3175,108.957,2.994,2.971,bbox,20.316,23.612,34.483,16.521
3176,108.991,3.039,2.994,bbox,20.316,23.612,34.483,16.521
3177,109.025,2.342,2.971,pose,20.316,23.612,34.483,16.569
3178,109.06,3.041,2.994,bbox,20.316,23.612,34.483,16.569
3179,109.094,3.07,3.039,bbox,20.316,23.612,34.483,16.569
3180,109.128,2.445,3.039,pose,20.316,23.612,34.483,16.569
3181,109.163,3.128,3.041,bbox,20.316,23.612,34.483,16.569
3182,109.197,3.193,3.07,bbox,20.316,23.612,34.483,16.569
3183,109.231,2.442,3.07,pose,20.316,23.612,34.483,16.569
3184,109.266,3.131,3.128,bbox,20.316,23.612,34.483,16.603
3185,109.3,3.115,3.128,bbox,20.316,23.612,34.483,16.603
3186,109.334,2.397,3.115,pose,20.316,23.612,34.483,16.603
3187,109.369,3.032,3.032,bbox,20.316,23.612,34.483,16.603
3188,109.403,2.983,3.032,bbox,20.316,23.612,34.483,16.603
3189,109.437,2.439,2.983,pose,20.316,23.612,34.483,16.603
3190,109.472,2.901,2.901,bbox,20.365,23.612,34.483,16.603
3191,109.506,2.903,2.903,bbox,20.418,23.612,34.483,16.603
3192,109.54,2.353,2.901,pose,20.418,23.612,34.483,16.603
3193,109.574,2.87,2.87,bbox,20.48,23.612,34.483,16.603
3194,109.609,2.876,2.876,bbox,20.48,23.612,34.483,16.603
3195,109.643,2.176,2.87,pose,20.48,23.612,34.483,16.603
3196,109.677,2.857,2.857,bbox,20.48,23.612,34.483,16.641
3197,109.712,2.884,2.87,bbox,20.48,23.612,34.483,16.641
3198,109.746,2.138,2.857,pose,20.526,23.612,34.483,16.641
3199,109.78,2.863,2.857,bbox,20.526,23.612,34.483,16.641
3200,109.815,2.871,2.863,bbox,20.566,23.612,34.483,16.641
3201,109.849,2.241,2.863,pose,20.566,23.612,34.483,16.641
3202,109.883,2.944,2.863,bbox,20.614,23.612,34.483,16.641
3203,109.918,2.991,2.871,bbox,20.614,23.612,34.483,16.641
3204,109.952,2.294,2.871,pose,20.614,23.644,34.483,16.641
3205,109.986,3.019,2.944,bbox,20.614,23.678,34.483,16.641
3206,110.021,3.057,2.991,bbox,20.614,23.678,34.483,16.641
3207,110.055,2.368,2.991,pose,20.614,23.71,34.483,16.641
3208,110.089,3.106,3.019,bbox,20.614,23.71,34.483,16.641
3209,110.124,3.107,3.057,bbox,20.614,23.748,34.483,16.641
3210,110.158,2.388,3.057,pose,20.614,23.748,34.483,16.641
3211,110.192,3.201,3.106,bbox,20.614,23.748,34.483,16.699
3212,110.226,3.213,3.107,bbox,20.614,23.748,34.483,16.699
3213,110.261,2.464,3.107,pose,20.614,23.748,34.483,16.699
3214,110.295,3.159,3.159,bbox,20.614,23.748,34.483,16.699
3215,110.329,3.137,3.159,bbox,20.614,23.748,34.483,16.699
3216,110.364,2.434,3.137,pose,20.614,23.748,34.483,16.699
3217,110.398,3.063,3.063,bbox,20.614,23.748,34.483,16.699
3218,110.432,3.027,3.063,bbox,20.614,23.748,34.483,16.699
3219,110.467,2.368,3.027,pose,20.614,23.748,34.483,16.699
3220,110.501,2.962,2.962,bbox,20.614,23.748,34.483,16.699
3221,110.535,2.977,2.977,bbox,20.614,23.748,34.483,16.699
3222,110.57,2.38,2.962,pose,20.614,23.748,34.483,16.699
3223,110.604,3.001,2.962,bbox,20.659,23.748,34.483,16.699
3224,110.638,2.998,2.977,bbox,20.659,23.748,34.483,16.699
3225,110.673,2.397,2.977,pose,20.659,23.748,34.483,16.699
3226,110.707,2.964,2.964,bbox,20.659,23.748,34.483,16.699
3227,110.741,2.973,2.973,bbox,20.659,23.748,34.483,16.699
3228,110.776,2.388,2.964,pose,20.659,23.748,34.483,16.699
3229,110.81,2.986,2.964,bbox,20.659,23.748,34.483,16.699
3230,110.844,2.985,2.973,bbox,20.659,23.748,34.483,16.699
3231,110.879,2.395,2.973,pose,20.659,23.748,34.483,16.699
3232,110.913,3.058,2.985,bbox,20.659,23.778,34.483,16.699
3233,110.947,3.093,2.986,bbox,20.659,23.778,34.483,16.699
3234,110.981,2.406,2.985,pose,20.659,23.778,34.483,16.699
3235,111.016,3.131,3.058,bbox,20.659,23.778,34.483,16.699
3236,111.05,3.163,3.093,bbox,20.659,23.778,34.483,16.699
3237,111.084,2.48,3.093,pose,20.659,23.778,34.483,16.699
3238,111.119,3.188,3.131,bbox,20.659,23.778,34.483,16.699
3239,111.153,3.159,3.159,bbox,20.659,23.778,34.483,16.699
3240,111.187,2.556,3.159,pose,20.659,23.778,34.483,16.699
3241,111.222,3.238,3.159,bbox,20.659,23.847,34.483,16.699
3242,111.256,3.245,3.188,bbox,20.659,23.847,34.483,16.699
3243,111.29,2.641,3.159,pose,20.659,23.847,34.483,16.699
3244,111.325,3.23,3.23,bbox,20.659,23.847,34.483,16.699
3245,111.359,3.256,3.238,bbox,20.659,23.847,34.483,16.699
3246,111.393,2.571,3.23,pose,20.659,23.847,34.483,16.699
3247,111.428,3.049,3.049,bbox,20.659,23.847,34.483,16.699
3248,111.462,2.992,3.049,bbox,20.659,23.847,34.539,16.699
3249,111.496,2.426,2.992,pose,20.716,23.847,34.571,16.699
3250,111.531,2.933,2.933,bbox,20.716,23.847,34.615,16.699
3251,111.565,2.935,2.935,bbox,20.752,23.847,34.665,16.699
3252,111.599,2.231,2.933,pose,20.752,23.847,34.665,16.699
3253,111.633,2.883,2.883,bbox,20.805,23.847,34.729,16.699
3254,111.668,2.901,2.901,bbox,20.805,23.847,34.763,16.699
3255,111.702,1.992,2.883,pose,20.805,23.847,34.763,16.699
3256,111.736,2.86,2.86,bbox,20.805,23.847,34.813,16.699
3257,111.771,2.841,2.86,bbox,20.805,23.847,34.847,16.699
3258,111.805,1.849,2.841,pose,20.805,23.847,34.916,16.699
3259,111.839,2.691,2.691,bbox,20.805,23.847,34.916,16.699
3260,111.874,2.695,2.695,bbox,20.805,23.847,34.916,16.699
3261,111.908,2.056,2.691,pose,20.805,23.91,35.04,16.699
3262,111.942,2.749,2.691,bbox,20.805,23.91,35.113,16.699
3263,111.977,2.687,2.691,bbox,20.805,24.037,35.158,16.699
3264,112.011,2.257,2.687,pose,20.805,24.071,35.276,16.699
3265,112.045,2.47,2.47,bbox,20.805,24.131,35.386,16.699
3266,112.08,2.41,2.47,bbox,20.805,24.131,35.386,16.699
3267,112.114,2.225,2.41,pose,20.805,24.131,35.53,16.699
3268,112.148,2.167,2.257,bbox,20.805,24.131,35.653,16.699
3269,112.183,1.992,2.225,bbox,20.805,24.131,35.71,16.699
3270,112.217,1.803,2.167,bbox,20.93,24.131,35.71,16.699
3271,112.251,1.668,1.992,bbox,21.078,24.131,35.793,16.699
3272,112.286,1.751,1.803,bbox,21.112,24.131,35.829,16.699
3273,112.32,1.481,1.751,bbox,21.206,24.131,35.875,16.699
3274,112.354,1.326,1.668,bbox,21.262,24.131,35.965,16.699
3275,112.388,1.274,1.481,bbox,21.366,24.131,36.016,16.699
3276,112.423,1.226,1.326,pose,21.366,24.131,36.016,16.699
3277,112.457,1.315,1.315,bbox,21.461,24.131,36.079,16.699
3278,112.491,1.341,1.315,bbox,21.461,24.131,36.079,16.699
3279,112.526,0.972,1.274,pose,21.461,24.19,36.079,16.699
3280,112.56,1.487,1.315,bbox,21.461,24.19,36.079,16.699
3281,112.594,1.481,1.341,bbox,21.461,24.19,36.079,16.699
3282,112.629,0.991,1.341,pose,21.461,24.19,36.079,16.699
3283,112.663,1.391,1.391,bbox,21.461,24.19,36.079,16.699
3284,112.697,1.352,1.391,bbox,21.527,24.19,36.079,16.699
3285,112.732,0.963,1.352,pose,21.527,24.19,36.079,16.699
3286,112.766,1.299,1.299,bbox,21.527,24.19,36.079,16.699
3287,112.8,1.283,1.299,bbox,21.527,24.19,36.079,16.699
3288,112.835,1.078,1.283,pose,21.527,24.19,36.079,16.699
3289,112.869,1.34,1.283,bbox,21.527,24.19,36.079,16.699
3290,112.903,1.358,1.299,bbox,21.527,24.19,36.079,16.699
3291,112.938,1.304,1.304,pose,21.527,24.19,36.079,16.699
3292,112.972,1.429,1.34,bbox,21.527,24.256,36.079,16.699
3293,113.006,1.435,1.358,bbox,21.527,24.256,36.079,16.699
3294,113.04,1.586,1.429,pose,21.527,24.256,36.079,16.699
3295,113.075,1.536,1.435,bbox,21.527,24.312,36.079,16.699
3296,113.109,1.545,1.536,bbox,21.527,24.35,36.079,16.699
3297,113.143,1.521,1.536,pose,21.527,24.35,36.079,16.699
3298,113.178,1.664,1.545,bbox,21.527,24.382,36.079,16.77
3299,113.212,1.728,1.545,bbox,21.527,24.382,36.079,16.77
3300,113.246,1.488,1.545,pose,21.527,24.423,36.079,16.802
3301,113.281,1.774,1.664,bbox,21.527,24.454,36.079,16.843
3302,113.315,1.795,1.728,bbox,21.527,24.492,36.079,16.843
3303,113.349,1.551,1.728,pose,21.527,24.492,36.079,16.843
3304,113.384,1.833,1.774,bbox,21.527,24.492,36.079,16.843
3305,113.418,1.855,1.795,bbox,21.527,24.492,36.079,16.843
3306,113.452,1.674,1.795,pose,21.527,24.492,36.079,16.843
3307,113.487,1.903,1.833,bbox,21.527,24.492,36.079,16.843
3308,113.521,1.932,1.855,bbox,21.527,24.526,36.079,16.843
3309,113.555,1.742,1.855,pose,21.527,24.526,36.079,16.843
3310,113.59,2.025,1.903,bbox,21.527,24.579,36.079,16.843
3311,113.624,,,,21.527,24.579,36.079,16.843
3312,113.658,,,,21.527,24.579,36.079,16.843
3313,113.693,,,,21.527,24.579,36.079,16.843
3314,113.727,3.975,1.932,bbox,21.527,24.611,36.079,16.843
3315,113.761,3.698,2.025,pose,21.527,24.646,36.079,16.889
3316,113.795,3.903,3.698,bbox,21.527,24.646,36.079,16.889
3317,113.83,3.903,3.903,bbox,21.527,24.646,36.079,16.889
3318,113.864,3.5,3.903,pose,21.527,24.687,36.079,16.889
3319,113.898,3.864,3.864,bbox,21.567,24.687,36.079,16.889
3320,113.933,3.854,3.864,bbox,21.601,24.687,36.079,16.889
3321,113.967,3.425,3.854,pose,21.601,24.687,36.079,16.889
3322,114.001,3.828,3.828,bbox,21.673,24.687,36.079,16.889
3323,114.036,3.839,3.839,bbox,21.673,24.687,36.079,16.889
3324,114.07,3.415,3.828,pose,21.673,24.687,36.079,16.889
3325,114.104,3.803,3.803,bbox,21.673,24.687,36.079,16.889
3326,114.139,3.775,3.803,bbox,21.673,24.687,36.079,16.889
3327,114.173,3.788,3.788,bbox,21.673,24.687,36.079,16.889
3328,114.207,3.724,3.775,bbox,21.706,24.687,36.079,16.889
3329,114.242,3.675,3.775,bbox,21.747,24.687,36.079,16.889
3330,114.276,3.563,3.724,bbox,21.794,24.687,36.079,16.889
3331,114.31,3.556,3.675,bbox,21.837,24.687,36.12,16.889
3332,114.345,3.51,3.563,bbox,21.896,24.687,36.15,16.889
3333,114.379,2.981,3.556,pose,21.896,24.687,36.15,16.889
3334,114.413,3.478,3.51,bbox,21.896,24.687,36.2,16.889
3335,114.447,3.534,3.51,bbox,21.896,24.687,36.236,16.889
3336,114.482,2.756,3.478,pose,21.943,24.687,36.236,16.889
3337,114.516,3.484,3.478,bbox,21.943,24.687,36.236,16.889
3338,114.55,3.426,3.478,bbox,21.979,24.687,36.236,16.889
3339,114.585,3.39,3.426,bbox,22.114,24.687,36.236,16.889
3340,114.619,3.291,3.39,bbox,22.114,24.687,36.236,16.889
3341,114.653,3.225,3.39,bbox,22.114,24.687,36.305,16.889
3342,114.688,2.578,3.291,pose,22.114,24.687,36.305,16.889
3343,114.722,3.109,3.225,bbox,22.114,24.687,36.381,16.889
3344,114.756,3.085,3.109,bbox,22.114,24.687,36.381,16.889
3345,114.791,2.516,3.085,pose,22.114,24.687,36.414,16.889
3346,114.825,3.041,3.041,bbox,22.114,24.687,36.496,16.889
3347,114.859,3.021,3.041,bbox,22.114,24.687,36.496,16.889
3348,114.894,2.504,3.021,pose,22.114,24.687,36.496,16.889
3349,114.928,3.068,3.021,bbox,22.114,24.687,36.534,16.889
3350,114.962,3.096,3.041,bbox,22.114,24.687,36.534,16.889
3351,114.997,2.525,3.021,pose,22.114,24.687,36.534,16.889
3352,115.031,3.155,3.068,bbox,22.114,24.687,36.534,16.889
3353,115.065,3.202,3.096,bbox,22.114,24.687,36.534,16.889
3354,115.1,2.533,3.096,pose,22.114,24.687,36.534,16.889
3355,115.134,3.302,3.155,bbox,22.114,24.687,36.534,16.945
3356,115.168,3.283,3.202,bbox,22.114,24.687,36.586,16.945
3357,115.202,2.588,3.202,pose,22.114,24.687,36.586,16.997
3358,115.237,3.292,3.283,bbox,22.114,24.687,36.586,16.997
3359,115.271,3.271,3.283,bbox,22.114,24.687,36.638,16.997
3360,115.305,2.641,3.271,pose,22.114,24.687,36.638,16.997
3361,115.34,3.266,3.266,bbox,22.114,24.687,36.638,16.997
3362,115.374,3.238,3.266,bbox,22.114,24.687,36.638,16.997
3363,115.408,2.587,3.238,pose,22.114,24.687,36.638,16.997
3364,115.443,3.262,3.238,bbox,22.114,24.687,36.638,17.036
3365,115.477,3.272,3.262,bbox,22.114,24.687,36.638,17.036
3366,115.511,2.589,3.238,pose,22.114,24.687,36.638,17.036
3367,115.546,3.252,3.252,bbox,22.114,24.687,36.638,17.036
3368,115.58,3.243,3.252,bbox,22.114,24.687,36.638,17.036
3369,115.614,2.562,3.243,pose,22.114,24.687,36.638,17.036
3370,115.649,3.176,3.176,bbox,22.114,24.687,36.697,17.036
3371,115.683,3.193,3.193,bbox,22.114,24.687,36.697,17.036
3372,115.717,2.564,3.176,pose,22.114,24.687,36.697,17.036
3373,115.752,3.127,3.127,bbox,22.114,24.687,36.697,17.036
3374,115.786,3.105,3.127,bbox,22.114,24.687,36.697,17.036
3375,115.82,2.495,3.105,pose,22.114,24.687,36.697,17.036
3376,115.854,3.048,3.048,bbox,22.114,24.687,36.697,17.036
3377,115.889,3.009,3.048,bbox,22.114,24.687,36.697,17.036
3378,115.923,2.453,3.009,pose,22.158,24.687,36.697,17.036
3379,115.957,3.009,3.009,bbox,22.158,24.687,36.697,17.036
3380,115.992,3.003,3.009,bbox,22.189,24.687,36.697,17.036
3381,116.026,2.463,3.003,pose,22.189,24.687,36.697,17.036
3382,116.06,2.992,2.992,bbox,22.189,24.687,36.697,17.036
3383,116.095,2.979,2.992,bbox,22.189,24.687,36.697,17.036
3384,116.129,2.311,2.979,pose,22.189,24.687,36.697,17.036
3385,116.163,2.917,2.917,bbox,22.189,24.687,36.697,17.036
3386,116.198,2.911,2.917,bbox,22.233,24.687,36.697,17.036
3387,116.232,2.908,2.911,bbox,22.329,24.687,36.697,17.086
3388,116.266,2.964,2.911,bbox,22.362,24.687,36.697,17.118
3389,116.301,3.021,2.917,bbox,22.362,24.687,36.697,17.118
3390,116.335,2.356,2.911,pose,22.362,24.687,36.697,17.16
3391,116.369,2.961,2.961,bbox,22.362,24.687,36.697,17.209
3392,116.404,2.96,2.961,bbox,22.362,24.687,36.697,17.209
3393,116.438,2.314,2.96,pose,22.396,24.687,36.697,17.209
3394,116.472,2.916,2.916,bbox,22.396,24.687,36.697,17.209
3395,116.507,2.933,2.933,bbox,22.426,24.687,36.697,17.209
3396,116.541,2.289,2.916,pose,22.426,24.687,36.697,17.209
3397,116.575,2.927,2.916,bbox,22.426,24.687,36.697,17.209
3398,116.609,2.913,2.916,bbox,22.426,24.687,36.697,17.209
3399,116.644,2.294,2.913,pose,22.426,24.687,36.697,17.209
3400,116.678,3.001,2.913,bbox,22.426,24.687,36.697,17.248
3401,116.712,2.967,2.927,bbox,22.426,24.687,36.735,17.248
3402,116.747,2.356,2.913,pose,22.426,24.687,36.735,17.28
3403,116.781,2.949,2.949,bbox,22.426,24.718,36.735,17.28
3404,116.815,2.943,2.949,bbox,22.426,24.718,36.835,17.28
3405,116.85,2.342,2.943,pose,22.426,24.718,36.835,17.28
3406,116.884,2.881,2.881,bbox,22.426,24.718,36.888,17.28
3407,116.918,2.901,2.901,bbox,22.426,24.718,36.888,17.28
3408,116.953,2.298,2.881,pose,22.426,24.718,36.888,17.314
3409,116.987,2.976,2.881,bbox,22.426,24.718,36.888,17.383
3410,117.021,2.989,2.901,bbox,22.426,24.718,36.888,17.383
3411,117.056,2.324,2.901,pose,22.426,24.718,36.888,17.383
3412,117.09,3.078,2.976,bbox,22.426,24.718,36.888,17.439
3413,117.124,3.113,2.989,bbox,22.426,24.718,36.888,17.439
3414,117.159,2.454,2.989,pose,22.426,24.718,36.888,17.439
3415,117.193,3.322,3.078,bbox,22.426,24.718,36.888,17.484
3416,117.227,3.301,3.113,bbox,22.426,24.718,36.888,17.484
3417,117.261,2.481,3.113,pose,22.426,24.718,36.888,17.484
3418,117.296,3.247,3.247,bbox,22.426,24.718,36.888,17.484
3419,117.33,3.184,3.247,bbox,22.426,24.718,36.888,17.484
3420,117.364,2.431,3.184,pose,22.426,24.718,36.888,17.484
3421,117.399,3.13,3.13,bbox,22.426,24.718,36.888,17.484
3422,117.433,3.122,3.13,bbox,22.426,24.718,36.888,17.484
3423,117.467,2.43,3.122,pose,22.426,24.718,36.888,17.484
3424,117.502,3.103,3.103,bbox,22.426,24.718,36.888,17.484
3425,117.536,3.071,3.103,bbox,22.426,24.718,36.888,17.484
3426,117.57,2.479,3.071,pose,22.426,24.718,36.888,17.484
3427,117.605,3.17,3.071,bbox,22.426,24.718,36.959,17.484
3428,117.639,3.197,3.103,bbox,22.426,24.718,36.959,17.484
3429,117.673,2.521,3.071,pose,22.426,24.718,36.959,17.484
3430,117.708,3.127,3.127,bbox,22.426,24.718,36.959,17.484
3431,117.742,3.123,3.127,bbox,22.426,24.718,36.959,17.484
3432,117.776,2.446,3.123,pose,22.426,24.718,36.959,17.484
3433,117.811,3.113,3.113,bbox,22.426,24.718,36.959,17.522
3434,117.845,3.129,3.123,bbox,22.426,24.718,36.959,17.522
3435,117.879,2.387,3.113,pose,22.426,24.718,36.959,17.522
3436,117.914,3.147,3.113,bbox,22.426,24.718,36.959,17.522
3437,117.948,3.175,3.129,bbox,22.426,24.718,36.959,17.522
3438,117.982,2.448,3.129,pose,22.426,24.718,36.959,17.522
3439,118.016,3.247,3.147,bbox,22.426,24.718,36.959,17.522
3440,118.051,3.264,3.175,bbox,22.426,24.718,36.959,17.522
3441,118.085,2.488,3.175,pose,22.426,24.718,36.959,17.522
3442,118.119,3.137,3.137,bbox,22.426,24.718,36.959,17.522
3443,118.154,3.085,3.137,bbox,22.426,24.718,36.959,17.522
3444,118.188,2.414,3.085,pose,22.426,24.718,36.959,17.522
3445,118.222,2.95,2.95,bbox,22.426,24.718,36.959,17.522
3446,118.257,2.893,2.95,bbox,22.426,24.718,36.993,17.522
3447,118.291,2.358,2.893,pose,22.426,24.718,37.058,17.522
3448,118.325,2.856,2.856,bbox,22.426,24.718,37.058,17.522
3449,118.36,2.846,2.856,bbox,22.426,24.718,37.104,17.522
3450,118.394,2.274,2.846,pose,22.426,24.718,37.104,17.522
3451,118.428,2.84,2.84,bbox,22.426,24.718,37.182,17.522
3452,118.463,2.856,2.846,bbox,22.426,24.718,37.214,17.522
3453,118.497,1.982,2.84,pose,22.426,24.718,37.214,17.522
3454,118.531,2.85,2.84,bbox,22.426,24.718,37.214,17.522
3455,118.566,2.851,2.85,bbox,22.426,24.718,37.214,17.522
3456,118.6,2.008,2.85,pose,22.426,24.718,37.306,17.522
3457,118.634,2.837,2.837,bbox,22.426,24.75,37.306,17.522
3458,118.668,2.828,2.837,bbox,22.426,24.838,37.306,17.522
3459,118.703,2.978,2.837,pose,22.426,24.876,37.424,17.522
3460,118.737,2.81,2.828,bbox,22.426,24.876,37.488,17.522
3461,118.771,2.935,2.837,bbox,22.426,24.933,37.568,17.522
3462,118.806,2.093,2.828,pose,22.426,24.933,37.647,17.522
3463,118.84,2.485,2.81,bbox,22.426,24.974,37.647,17.522
3464,118.874,2.419,2.485,bbox,22.426,24.974,37.732,17.522
3465,118.909,2.367,2.419,bbox,22.426,24.974,37.866,17.522
3466,118.943,2.335,2.367,bbox,22.426,25.006,37.866,17.522
3467,118.977,2.409,2.409,bbox,22.426,25.05,37.951,17.522
3468,119.012,2.198,2.367,pose,22.426,25.116,37.951,17.522
3469,119.046,2.336,2.336,bbox,22.426,25.159,38.04,17.522
3470,119.08,2.435,2.336,bbox,22.426,25.159,38.04,17.522
3471,119.115,2.394,2.394,bbox,22.426,25.159,38.04,17.522
3472,119.149,2.383,2.383,bbox,22.426,25.196,38.124,17.522
3473,119.183,2.404,2.394,bbox,22.426,25.196,38.124,17.522
3474,119.218,1.862,2.394,pose,22.426,25.196,38.163,17.522
3475,119.252,2.459,2.394,bbox,22.426,25.243,38.22,17.522
3476,119.286,2.495,2.404,bbox,22.426,25.354,38.287,17.522
3477,119.321,2.555,2.459,bbox,22.426,25.416,38.388,17.522
3478,119.355,2.518,2.495,bbox,22.426,25.468,38.388,17.522
3479,119.389,2.533,2.518,bbox,22.426,25.468,38.431,17.522
3480,119.423,2.476,2.518,bbox,22.426,25.527,38.581,17.522
3481,119.458,2.442,2.518,bbox,22.426,25.588,38.635,17.522
3482,119.492,2.433,2.476,bbox,22.426,25.588,38.635,17.522
3483,119.526,2.422,2.442,bbox,22.426,25.642,38.635,17.522
3484,119.561,2.356,2.433,bbox,22.426,25.685,38.714,17.522
3485,119.595,2.292,2.422,bbox,22.426,25.759,38.759,17.522
3486,119.629,2.274,2.356,bbox,22.426,25.759,38.903,17.522
3487,119.664,2.405,2.356,bbox,22.426,25.759,38.975,17.522
3488,119.698,2.189,2.292,bbox,22.426,25.816,38.975,17.522
3489,119.732,2.156,2.274,bbox,22.426,25.882,38.975,17.522
3490,119.767,2.063,2.189,bbox,22.426,25.882,39.026,17.522
3491,119.801,2.022,2.156,bbox,22.426,25.922,39.112,17.522
3492,119.835,2.009,2.063,bbox,22.426,25.922,39.112,17.522
3493,119.87,1.997,2.022,bbox,22.426,25.968,39.186,17.522
3494,119.904,2.024,2.022,bbox,22.426,26.018,39.186,17.522
3495,119.938,2.078,2.022,pose,22.426,26.018,39.186,17.522
3496,119.973,2.264,2.024,bbox,22.426,26.065,39.186,17.522
3497,120.007,2.366,2.078,bbox,22.426,26.065,39.186,17.522
3498,120.041,2.303,2.264,pose,22.426,26.102,39.186,17.522
3499,120.075,2.605,2.303,bbox,22.426,26.143,39.186,17.575
3500,120.11,2.782,2.366,bbox,22.426,26.225,39.186,17.575
3501,120.144,2.786,2.605,pose,22.426,26.284,39.186,17.621
3502,120.178,3.149,2.782,bbox,22.426,26.284,39.186,17.656
3503,120.213,3.306,2.786,bbox,22.426,26.284,39.186,17.656
3504,120.247,2.935,2.935,pose,22.426,26.351,39.186,17.656
3505,120.281,3.564,3.149,bbox,22.426,26.413,39.186,17.656
3506,120.316,3.606,3.306,bbox,22.426,26.413,39.186,17.656
3507,120.35,2.978,3.306,pose,22.426,26.54,39.186,17.656
3508,120.384,3.641,3.564,bbox,22.426,26.54,39.186,17.656
3509,120.419,3.585,3.585,bbox,22.426,26.579,39.186,17.656
3510,120.453,2.913,3.585,pose,22.426,26.579,39.186,17.656
3511,120.487,3.505,3.505,bbox,22.426,26.613,39.186,17.656
3512,120.522,3.498,3.505,bbox,22.426,26.613,39.186,17.656
3513,120.556,3.437,3.498,bbox,22.426,26.613,39.186,17.656
3514,120.59,3.389,3.437,bbox,22.426,26.613,39.186,17.656
3515,120.625,3.361,3.437,bbox,22.426,26.613,39.186,17.656
3516,120.659,3.328,3.389,bbox,22.426,26.613,39.186,17.656
3517,120.693,3.291,3.361,bbox,22.426,26.613,39.186,17.656
3518,120.728,3.283,3.328,bbox,22.426,26.613,39.186,17.656
3519,120.762,3.272,3.291,bbox,22.426,26.613,39.186,17.656
3520,120.796,3.248,3.283,bbox,22.426,26.613,39.255,17.656
3521,120.83,3.227,3.272,bbox,22.458,26.613,39.255,17.656
3522,120.865,3.176,3.248,bbox,22.526,26.613,39.255,17.656
3523,120.899,3.164,3.227,bbox,22.526,26.613,39.288,17.656
3524,120.933,3.115,3.176,bbox,22.526,26.613,39.288,17.656
3525,120.968,3.057,3.164,bbox,22.558,26.613,39.288,17.656
3526,121.002,3.017,3.115,bbox,22.558,26.613,39.332,17.656
3527,121.036,2.943,3.057,bbox,22.558,26.613,39.408,17.656
3528,121.071,2.163,3.017,pose,22.558,26.613,39.44,17.656
3529,121.105,2.669,2.943,bbox,22.558,26.613,39.44,17.656
3530,121.139,2.576,2.669,bbox,22.558,26.613,39.585,17.656
3531,121.174,2.168,2.576,pose,22.558,26.613,39.654,17.656
3532,121.208,2.417,2.417,bbox,22.558,26.613,39.692,17.656
3533,121.242,2.383,2.417,bbox,22.558,26.613,39.692,17.656
3534,121.277,1.85,2.383,pose,22.558,26.613,39.767,17.656
3535,121.311,2.321,2.321,bbox,22.558,26.613,39.848,17.656
3536,121.345,2.338,2.338,bbox,22.558,26.613,39.848,17.656
3537,121.38,2.335,2.335,bbox,22.558,26.613,39.848,17.656
3538,121.414,2.328,2.328,bbox,22.558,26.613,39.93,17.656
3539,121.448,2.337,2.335,bbox,22.558,26.613,39.93,17.656
3540,121.482,2.113,2.335,pose,22.558,26.613,39.93,17.656
3541,121.517,2.376,2.335,bbox,22.558,26.613,39.93,17.656
3542,121.551,2.452,2.337,bbox,22.558,26.613,39.93,17.656
3543,121.585,2.075,2.337,pose,22.558,26.613,39.93,17.707
3544,121.62,2.493,2.376,bbox,22.558,26.661,39.93,17.707
3545,121.654,2.527,2.452,bbox,22.558,26.661,39.93,17.707
3546,121.688,2.098,2.452,pose,22.558,26.661,39.93,17.707
3547,121.723,2.667,2.493,bbox,22.558,26.661,39.93,17.738
3548,121.757,2.668,2.527,bbox,22.558,26.661,39.93,17.738
3549,121.791,2.198,2.527,pose,22.558,26.661,39.93,17.738
3550,121.826,2.608,2.608,bbox,22.558,26.661,39.93,17.738
3551,121.86,2.546,2.608,bbox,22.558,26.661,39.93,17.738
3552,121.894,2.475,2.546,bbox,22.558,26.661,39.93,17.738
3553,121.929,2.368,2.475,bbox,22.596,26.661,39.93,17.738
3554,121.963,2.34,2.475,bbox,22.633,26.661,39.983,17.738
3555,121.997,1.983,2.368,pose,22.633,26.661,39.983,17.738
3556,122.032,2.257,2.34,bbox,22.665,26.661,39.983,17.738
3557,122.066,2.156,2.257,bbox,22.665,26.661,40.026,17.738
3558,122.1,1.773,2.156,pose,22.665,26.661,40.026,17.738
3559,122.135,2.097,2.097,bbox,22.665,26.661,40.069,17.738
3560,122.169,2.058,2.097,bbox,22.665,26.661,40.069,17.738
3561,122.203,2.096,2.096,pose,22.701,26.661,40.069,17.738
3562,122.237,2.016,2.058,bbox,22.701,26.661,40.115,17.738
3563,122.272,1.994,2.058,bbox,22.701,26.661,40.115,17.738
3564,122.306,1.584,2.016,pose,22.701,26.661,40.115,17.738
3565,122.34,2.109,2.016,bbox,22.78,26.661,40.115,17.776
3566,122.375,2.107,2.016,bbox,22.813,26.661,40.115,17.821
3567,122.409,1.805,1.994,pose,22.813,26.661,40.115,17.821
3568,122.443,2.374,2.107,bbox,22.813,26.713,40.115,17.821
3569,122.478,2.32,2.109,bbox,22.813,26.713,40.115,17.897
3570,122.512,2.169,2.169,pose,22.813,26.713,40.115,17.932
3571,122.546,2.448,2.32,bbox,22.813,26.713,40.115,17.967
3572,122.581,2.503,2.374,bbox,22.813,26.713,40.115,17.999
3573,122.615,2.385,2.385,pose,22.813,26.748,40.115,17.999
3574,122.649,2.747,2.448,bbox,22.813,26.748,40.115,17.999
3575,122.684,2.766,2.503,bbox,22.813,26.795,40.115,17.999
3576,122.718,2.144,2.503,pose,22.813,26.795,40.115,17.999
3577,122.752,2.655,2.655,bbox,22.813,26.795,40.115,18.057
3578,122.787,2.519,2.655,bbox,22.813,26.795,40.115,18.057
3579,122.821,1.766,2.519,pose,22.813,26.795,40.234,18.057
3580,122.855,2.355,2.355,bbox,22.813,26.834,40.234,18.057
3581,122.889,2.249,2.355,bbox,22.813,26.834,40.378,18.057
3582,122.924,1.713,2.249,pose,22.813,26.834,40.412,18.057
3583,122.958,2.164,2.164,bbox,22.813,26.834,40.536,18.057
3584,122.992,2.106,2.164,bbox,22.813,26.834,40.536,18.057
3585,123.027,1.655,2.106,pose,22.813,26.834,40.645,18.057
3586,123.061,2.028,2.028,bbox,22.813,26.895,40.709,18.057
3587,123.095,2.062,2.062,bbox,22.813,26.895,40.709,18.057
3588,123.13,1.712,2.028,pose,22.813,26.936,40.796,18.057
3589,123.164,2.132,2.028,bbox,22.813,26.975,40.865,18.057
3590,123.198,2.151,2.062,bbox,22.813,26.975,40.865,18.057
3591,123.233,1.387,2.062,pose,22.813,26.975,40.865,18.057
3592,123.267,2.126,2.126,bbox,22.813,26.975,40.865,18.057
3593,123.301,2.103,2.126,bbox,22.813,26.975,40.865,18.057
3594,123.336,1.994,2.103,bbox,22.813,26.975,40.934,18.057
3595,123.37,1.946,1.994,bbox,22.813,26.975,40.979,18.057
3596,123.404,1.921,1.994,bbox,22.813,26.975,41.049,18.057
3597,123.439,1.87,1.946,bbox,22.813,26.975,41.128,18.057
3598,123.473,1.887,1.921,bbox,22.813,27.01,41.218,18.057
3599,123.507,1.849,1.887,bbox,22.813,27.01,41.329,18.057
3600,123.542,1.084,1.87,pose,22.813,27.074,41.398,18.057
3601,123.576,1.871,1.87,bbox,22.813,27.074,41.433,18.057
3602,123.61,1.822,1.849,bbox,22.813,27.148,41.433,18.057
3603,123.644,1.427,1.822,pose,22.813,27.148,41.469,18.057
3604,123.679,1.749,1.749,bbox,22.813,27.148,41.469,18.057
3605,123.713,1.693,1.749,bbox,22.813,27.148,41.469,18.057
3606,123.747,1.159,1.693,pose,22.813,27.148,41.469,18.057
3607,123.782,1.73,1.693,bbox,22.813,27.221,41.499,18.057
3608,123.816,1.771,1.73,bbox,22.813,27.221,41.499,18.057
3609,123.85,1.822,1.73,pose,22.813,27.265,41.499,18.057
3610,123.885,1.912,1.771,bbox,22.813,27.352,41.499,18.057
3611,123.919,1.994,1.822,bbox,22.813,27.352,41.499,18.057
3612,123.953,1.973,1.912,pose,22.813,27.404,41.499,18.057
3613,123.988,2.241,1.973,bbox,22.813,27.481,41.499,18.057
3614,124.022,2.358,1.994,bbox,22.813,27.532,41.499,18.057
3615,124.056,2.06,2.06,pose,22.813,27.532,41.499,18.057
3616,124.091,2.545,2.241,bbox,22.813,27.532,41.499,18.057
3617,124.125,2.587,2.358,bbox,22.813,27.577,41.499,18.057
3618,124.159,2.046,2.358,pose,22.813,27.612,41.499,18.057
3619,124.194,2.523,2.523,bbox,22.813,27.648,41.534,18.057
3620,124.228,2.44,2.523,bbox,22.813,27.648,41.534,18.057
3621,124.262,2.354,2.44,bbox,22.813,27.648,41.587,18.057
3622,124.296,2.273,2.354,bbox,22.813,27.648,41.587,18.057
3623,124.331,2.204,2.354,bbox,22.813,27.648,41.657,18.057
3624,124.365,1.849,2.273,pose,22.813,27.648,41.657,18.057
3625,124.399,2.066,2.204,bbox,22.813,27.648,41.709,18.057
3626,124.434,2.037,2.066,bbox,22.813,27.648,41.709,18.057
3627,124.468,1.648,2.037,pose,22.813,27.648,41.768,18.057
3628,124.502,2.019,2.019,bbox,22.813,27.648,41.768,18.057
3629,124.537,1.976,2.019,bbox,22.813,27.648,41.802,18.057
3630,124.571,1.682,1.976,pose,22.813,27.648,41.802,18.057
3631,124.605,2.014,1.976,bbox,22.813,27.648,41.847,18.057
3632,124.64,2.045,2.014,bbox,22.813,27.648,41.847,18.057
3633,124.674,1.713,1.976,pose,22.813,27.648,41.847,18.057
3634,124.708,2.061,2.014,bbox,22.813,27.648,41.847,18.091
3635,124.743,2.099,2.045,bbox,22.813,27.648,41.847,18.091
3636,124.777,1.865,2.045,pose,22.813,27.648,41.847,18.123
3637,124.811,2.198,2.061,bbox,22.813,27.648,41.847,18.123
3638,124.846,2.258,2.099,bbox,22.813,27.648,41.847,18.155
3639,124.88,1.949,2.099,pose,22.813,27.648,41.847,18.155
3640,124.914,2.392,2.198,bbox,22.813,27.688,41.847,18.155
3641,124.949,2.442,2.258,bbox,22.813,27.688,41.847,18.155
3642,124.983,1.997,2.258,pose,22.813,27.688,41.847,18.155
3643,125.017,2.445,2.392,bbox,22.813,27.688,41.847,18.155
3644,125.051,2.393,2.393,bbox,22.813,27.688,41.847,18.155
3645,125.086,1.904,2.393,pose,22.813,27.688,41.847,18.155
3646,125.12,2.278,2.278,bbox,22.813,27.688,41.847,18.155
3647,125.154,2.226,2.278,bbox,22.813,27.688,41.847,18.155
3648,125.189,1.831,2.226,pose,22.813,27.688,41.847,18.155
3649,125.223,2.133,2.133,bbox,22.813,27.688,41.847,18.155
3650,125.257,2.105,2.133,bbox,22.813,27.688,41.883,18.155
3651,125.292,1.745,2.105,pose,22.813,27.688,41.883,18.155
3652,125.326,2.072,2.072,bbox,22.853,27.688,41.883,18.155
3653,125.36,2.089,2.089,bbox,22.853,27.688,41.883,18.155
3654,125.395,1.754,2.072,pose,22.853,27.688,41.883,18.155
3655,125.429,2.098,2.072,bbox,22.883,27.688,41.883,18.155
3656,125.463,2.14,2.089,bbox,22.883,27.688,41.883,18.155
3657,125.498,1.732,2.089,pose,22.883,27.688,41.883,18.155
3658,125.532,2.171,2.098,bbox,22.883,27.688,41.883,18.155
3659,125.566,2.225,2.14,bbox,22.883,27.688,41.883,18.155
3660,125.601,1.835,2.14,pose,22.883,27.688,41.883,18.155
3661,125.635,2.313,2.171,bbox,22.883,27.688,41.883,18.155
3662,125.669,2.355,2.225,bbox,22.883,27.688,41.883,18.155
3663,125.704,1.886,2.225,pose,22.883,27.688,41.883,18.205
3664,125.738,2.432,2.313,bbox,22.883,27.688,41.883,18.205
3665,125.772,2.453,2.355,bbox,22.883,27.688,41.883,18.24
3666,125.806,1.887,2.355,pose,22.883,27.688,41.883,18.24
3667,125.841,2.436,2.432,bbox,22.883,27.688,41.883,18.24
3668,125.875,2.38,2.432,bbox,22.883,27.688,41.883,18.24
3669,125.909,1.826,2.38,pose,22.883,27.688,41.883,18.24
3670,125.944,2.228,2.228,bbox,22.883,27.688,41.923,18.24
3671,125.978,2.182,2.228,bbox,22.883,27.688,41.923,18.24
3672,126.012,1.829,2.182,pose,22.92,27.688,41.923,18.24
3673,126.047,2.034,2.034,bbox,22.92,27.688,41.923,18.24
3674,126.081,1.987,2.034,bbox,22.92,27.688,41.923,18.24
3675,126.115,1.962,1.987,bbox,23.047,27.688,41.923,18.24
3676,126.15,1.945,1.962,bbox,23.047,27.688,41.923,18.24
3677,126.184,1.926,1.962,bbox,23.047,27.688,41.923,18.24
3678,126.218,1.944,1.945,bbox,23.085,27.688,41.923,18.24
3679,126.253,1.929,1.944,bbox,23.085,27.688,41.923,18.24
3680,126.287,1.916,1.929,bbox,23.128,27.688,41.923,18.24
3681,126.321,1.76,1.926,bbox,23.159,27.688,41.923,18.291
3682,126.356,,,,23.159,27.688,41.923,18.291
3683,126.39,,,,23.159,27.688,41.923,18.291
3684,126.424,,,,23.159,27.688,41.923,18.291
3685,126.458,,,,23.159,27.688,41.923,18.291
3686,126.493,,,,23.159,27.688,41.923,18.291
3687,126.527,1.875,1.916,bbox,23.195,27.688,41.923,18.291
3688,126.561,,,,23.195,27.688,41.923,18.291
3689,126.596,1.972,1.916,bbox,23.226,27.688,41.923,18.344
3690,126.63,1.981,1.916,bbox,23.226,27.688,41.923,18.442
3691,126.664,2.126,1.972,bbox,23.226,27.688,41.923,18.442
3692,126.699,2.202,1.981,bbox,23.226,27.688,41.923,18.442
3693,126.733,2.195,2.126,bbox,23.226,27.688,41.923,18.442
3694,126.767,2.188,2.188,bbox,23.226,27.688,41.923,18.442
3695,126.802,2.181,2.188,bbox,23.226,27.688,41.923,18.442
3696,126.836,2.04,2.188,bbox,23.226,27.688,41.957,18.442
3697,126.87,1.779,2.181,bbox,23.226,27.688,41.957,18.442
3698,126.905,1.813,2.04,bbox,23.226,27.688,41.998,18.442
3699,126.939,1.776,1.813,bbox,23.226,27.688,42.057,18.442
3700,126.973,1.899,1.813,bbox,23.226,27.688,42.118,18.442
3701,127.008,1.922,1.813,bbox,23.226,27.724,42.118,18.442
3702,127.042,0.901,1.813,pose,23.226,27.775,42.24,18.442
3703,127.076,1.833,1.833,bbox,23.226,27.813,42.24,18.442
3704,127.111,1.855,1.855,bbox,23.226,27.813,42.271,18.442
3705,127.145,1.829,1.833,bbox,23.226,27.813,42.376,18.442
3706,127.179,1.654,1.829,bbox,23.226,27.813,42.411,18.442
3707,127.213,1.721,1.829,bbox,23.226,27.813,42.411,18.442
3708,127.248,1.188,1.721,pose,23.226,27.813,42.411,18.442
3709,127.282,1.927,1.721,bbox,23.226,27.857,42.411,18.442
3710,127.316,1.918,1.721,bbox,23.226,27.926,42.453,18.442
3711,127.351,1.617,1.721,pose,23.226,27.926,42.453,18.442
3712,127.385,1.708,1.708,bbox,23.226,27.926,42.453,18.442
3713,127.419,1.861,1.861,bbox,23.226,27.926,42.453,18.442
3714,127.454,1.935,1.861,bbox,23.226,27.926,42.453,18.442
3715,127.488,1.997,1.861,bbox,23.226,27.926,42.453,18.442
3716,127.522,2.083,1.935,bbox,23.226,27.926,42.453,18.442
3717,127.557,2.222,1.997,bbox,23.226,27.926,42.453,18.442
3718,127.591,2.373,2.083,bbox,23.226,27.959,42.453,18.442
3719,127.625,2.495,2.222,bbox,23.226,27.959,42.453,18.442
3720,127.66,1.739,2.222,pose,23.226,28.101,42.453,18.442
3721,127.694,2.575,2.373,bbox,23.226,28.157,42.453,18.442
3722,127.728,2.545,2.495,bbox,23.226,28.157,42.453,18.442
3723,127.763,1.787,2.495,pose,23.226,28.218,42.453,18.442
3724,127.797,2.343,2.343,bbox,23.226,28.218,42.453,18.442
3725,127.831,2.26,2.343,bbox,23.226,28.218,42.535,18.442
3726,127.865,1.676,2.26,pose,23.226,28.218,42.535,18.442
3727,127.9,2.148,2.148,bbox,23.226,28.218,42.535,18.442
3728,127.934,2.046,2.148,bbox,23.226,28.218,42.584,18.442
3729,127.968,1.67,2.046,pose,23.226,28.218,42.584,18.442
3730,128.003,1.977,1.977,bbox,23.226,28.218,42.584,18.442
3731,128.037,1.889,1.977,bbox,23.226,28.218,42.628,18.442
3732,128.071,1.529,1.889,pose,23.226,28.218,42.628,18.442
3733,128.106,1.818,1.818,bbox,23.226,28.218,42.628,18.442
3734,128.14,1.811,1.818,bbox,23.226,28.218,42.67,18.442
3735,128.174,1.464,1.811,pose,23.226,28.218,42.67,18.442
3736,128.209,1.873,1.811,bbox,23.226,28.254,42.67,18.442
3737,128.243,1.869,1.818,bbox,23.226,28.254,42.67,18.442
3738,128.277,1.579,1.811,pose,23.226,28.254,42.67,18.442
3739,128.312,1.916,1.869,bbox,23.226,28.254,42.67,18.442
3740,128.346,1.944,1.873,bbox,23.226,28.254,42.67,18.442
3741,128.38,1.569,1.869,pose,23.226,28.254,42.67,18.442
3742,128.415,2.023,1.916,bbox,23.226,28.254,42.67,18.442
3743,128.449,2.095,1.944,bbox,23.226,28.254,42.67,18.442
3744,128.483,1.704,1.944,pose,23.226,28.254,42.67,18.473
3745,128.518,2.182,2.023,bbox,23.226,28.254,42.67,18.473
3746,128.552,2.176,2.095,bbox,23.226,28.254,42.67,18.473
3747,128.586,1.746,2.095,pose,23.226,28.254,42.67,18.511
3748,128.62,2.203,2.176,bbox,23.226,28.254,42.67,18.511
3749,128.655,2.216,2.182,bbox,23.226,28.254,42.67,18.511
3750,128.689,1.759,2.176,pose,23.226,28.254,42.67,18.511
3751,128.723,2.212,2.203,bbox,23.226,28.254,42.67,18.511
3752,128.758,2.16,2.203,bbox,23.226,28.254,42.67,18.511
3753,128.792,1.7,2.16,pose,23.226,28.254,42.702,18.511
3754,128.826,2.135,2.135,bbox,23.226,28.254,42.702,18.511
3755,128.861,2.111,2.135,bbox,23.226,28.254,42.702,18.511
3756,128.895,1.667,2.111,pose,23.226,28.254,42.702,18.511
3757,128.929,2.064,2.064,bbox,23.226,28.254,42.702,18.511
3758,128.964,2.065,2.065,bbox,23.226,28.254,42.702,18.511
3759,128.998,1.688,2.064,pose,23.226,28.254,42.702,18.511
3760,129.032,2.095,2.064,bbox,23.226,28.254,42.702,18.511
3761,129.067,2.091,2.065,bbox,23.226,28.254,42.702,18.511
3762,129.101,1.73,2.065,pose,23.226,28.254,42.702,18.511
3763,129.135,2.053,2.053,bbox,23.226,28.254,42.702,18.511
3764,129.17,2.04,2.053,bbox,23.226,28.254,42.702,18.511
3765,129.204,1.699,2.04,pose,23.226,28.254,42.702,18.511
3766,129.238,2.074,2.04,bbox,23.226,28.254,42.702,18.511
3767,129.272,2.097,2.053,bbox,23.226,28.254,42.702,18.511
3768,129.307,1.721,2.04,pose,23.226,28.254,42.702,18.511
3769,129.341,2.176,2.074,bbox,23.226,28.254,42.702,18.511
3770,129.375,2.184,2.097,bbox,23.226,28.254,42.702,18.511
3771,129.41,1.764,2.097,pose,23.226,28.254,42.702,18.511
3772,129.444,2.192,2.176,bbox,23.226,28.254,42.702,18.511
3773,129.478,2.221,2.184,bbox,23.226,28.254,42.702,18.511
3774,129.513,1.766,2.184,pose,23.226,28.254,42.702,18.511
3775,129.547,2.137,2.137,bbox,23.226,28.254,42.733,18.511
3776,129.581,2.04,2.137,bbox,23.226,28.254,42.733,18.511
3777,129.616,1.69,2.04,pose,23.226,28.254,42.733,18.511
3778,129.65,2.044,2.04,bbox,23.226,28.254,42.733,18.511
3779,129.684,2.014,2.04,bbox,23.226,28.254,42.733,18.511
3780,129.719,1.748,2.014,pose,23.226,28.254,42.733,18.511
3781,129.753,1.827,1.827,bbox,23.226,28.254,42.786,18.511
3782,129.787,1.789,1.827,bbox,23.226,28.254,42.786,18.511
3783,129.822,1.642,1.789,bbox,23.319,28.254,42.786,18.511
3784,129.856,1.536,1.748,bbox,23.319,28.254,42.786,18.511
3785,129.89,1.452,1.642,bbox,23.412,28.254,42.786,18.511
3786,129.925,,,,23.412,28.254,42.786,18.511
3787,129.959,,,,23.412,28.254,42.786,18.511
3788,129.993,,,,23.412,28.254,42.786,18.511
3789,130.027,,,,23.412,28.254,42.786,18.511
3790,130.062,1.243,1.536,bbox,23.494,28.254,42.786,18.511
3791,130.096,1.239,1.452,bbox,23.543,28.254,42.786,18.511
3792,130.13,1.313,1.313,bbox,23.543,28.254,42.786,18.546
3793,130.165,1.271,1.271,bbox,23.58,28.254,42.786,18.615
3794,130.199,,,,23.58,28.254,42.786,18.615
3795,130.233,1.263,1.263,bbox,23.642,28.254,42.786,18.724
3796,130.268,1.286,1.271,bbox,23.79,28.254,42.786,18.724
3797,130.302,1.226,1.271,bbox,23.79,28.254,42.786,18.724
3798,130.336,1.215,1.263,bbox,23.79,28.254,42.786,18.724
3799,130.371,1.123,1.226,bbox,23.821,28.254,42.786,18.845
3800,130.405,1.021,1.215,bbox,23.877,28.254,42.786,18.845
3801,130.439,0.882,1.123,bbox,23.998,28.254,42.786,18.845
3802,130.474,0.828,1.021,bbox,24.073,28.254,42.786,18.845
3803,130.508,0.819,0.882,bbox,24.16,28.254,42.786,18.845
3804,130.542,0.88,0.88,bbox,24.2,28.254,42.786,18.892
3805,130.577,0.832,0.832,bbox,24.2,28.254,42.786,18.892
3806,130.611,0.773,0.828,bbox,24.2,28.254,42.786,18.892
3807,130.645,0.502,0.819,pose,24.2,28.254,42.786,18.892
3808,130.679,0.699,0.773,bbox,24.2,28.254,42.786,18.892
3809,130.714,0.646,0.699,bbox,24.25,28.254,42.834,18.892
3810,130.748,0.645,0.646,bbox,24.25,28.254,42.834,18.892
3811,130.782,0.642,0.645,bbox,24.25,28.254,42.834,18.892
3812,130.817,0.637,0.645,bbox,24.25,28.254,42.834,18.892
3813,130.851,0.612,0.642,bbox,24.25,28.254,42.834,18.892
3814,130.885,0.624,0.637,bbox,24.25,28.254,42.834,18.935
3815,130.92,0.615,0.624,bbox,24.308,28.254,42.834,18.935
3816,130.954,0.688,0.624,bbox,24.308,28.254,42.834,18.981
3817,130.988,0.764,0.624,bbox,24.308,28.254,42.834,19.025
3818,131.023,0.828,0.688,bbox,24.308,28.254,42.834,19.073
3819,131.057,0.894,0.764,bbox,24.308,28.254,42.834,19.073
3820,131.091,0.933,0.828,bbox,24.308,28.298,42.834,19.073
3821,131.126,0.987,0.894,bbox,24.308,28.353,42.834,19.073
3822,131.16,1.035,0.933,bbox,24.308,28.397,42.834,19.073
3823,131.194,1.096,0.987,bbox,24.308,28.448,42.834,19.073
3824,131.229,1.081,1.035,bbox,24.308,28.484,42.834,19.073
3825,131.263,,,,24.308,28.484,42.834,19.073
3826,131.297,,,,24.308,28.484,42.834,19.073
3827,131.332,,,,24.308,28.484,42.834,19.073
3828,131.366,1.58,1.081,pose,24.308,28.558,42.834,19.073
3829,131.4,,,,24.308,28.558,42.834,19.073
3830,131.434,1.964,1.096,bbox,24.308,28.594,42.834,19.179
3831,131.469,2.046,1.58,bbox,24.308,28.594,42.834,19.327
3832,131.503,2.044,1.964,bbox,24.308,28.647,42.834,19.327
3833,131.537,2.034,2.034,bbox,24.308,28.647,42.834,19.327
3834,131.572,1.824,2.034,bbox,24.308,28.647,42.834,19.327
3835,131.606,1.823,2.034,bbox,24.308,28.68,42.834,19.327
3836,131.64,1.841,1.841,bbox,24.308,28.68,42.866,19.327
3837,131.675,2.061,1.841,bbox,24.308,28.713,42.866,19.327
3838,131.709,,,,24.308,28.713,42.866,19.327
3839,131.743,,,,24.308,28.713,42.866,19.327
3840,131.778,1.921,1.841,bbox,24.308,28.751,42.866,19.327
3841,131.812,1.907,1.907,bbox,24.308,28.814,42.866,19.327
3842,131.846,1.983,1.921,bbox,24.308,28.814,42.866,19.327
3843,131.881,,,,24.308,28.814,42.866,19.327
3844,131.915,1.765,1.921,bbox,24.308,28.911,42.941,19.327
3845,131.949,1.783,1.907,bbox,24.308,28.991,42.941,19.327
3846,131.984,2.511,1.907,pose,24.308,28.991,43.036,19.327
3847,132.018,1.77,1.783,bbox,24.308,28.991,43.036,19.327
3848,132.052,,,,24.308,28.991,43.036,19.327
3849,132.086,2.155,1.783,pose,24.308,29.029,43.092,19.327
3850,132.121,1.843,1.843,bbox,24.308,29.075,43.227,19.327
3851,132.155,1.819,1.843,bbox,24.308,29.075,43.355,19.327
3852,132.189,2.354,1.843,pose,24.308,29.075,43.355,19.327
3853,132.224,1.796,1.843,bbox,24.308,29.075,43.439,19.327
3854,132.258,1.779,1.819,bbox,24.308,29.075,43.439,19.327
3855,132.292,1.713,1.796,bbox,24.308,29.075,43.439,19.327
3856,132.327,1.602,1.779,bbox,24.308,29.075,43.495,19.327
3857,132.361,1.611,1.713,bbox,24.308,29.075,43.562,19.327
3858,132.395,1.629,1.629,bbox,24.308,29.075,43.611,19.327
3859,132.43,1.592,1.611,bbox,24.308,29.075,43.611,19.327
3860,132.464,1.558,1.602,bbox,24.308,29.075,43.611,19.327
3861,132.498,1.359,1.592,pose,24.308,29.075,43.611,19.327
3862,132.533,1.476,1.558,bbox,24.308,29.075,43.611,19.327
3863,132.567,1.451,1.476,bbox,24.308,29.106,43.611,19.327
3864,132.601,1.439,1.451,bbox,24.308,29.106,43.611,19.327
3865,132.636,1.429,1.439,bbox,24.308,29.106,43.649,19.327
3866,132.67,1.43,1.439,bbox,24.308,29.106,43.649,19.327
3867,132.704,1.439,1.439,bbox,24.308,29.106,43.649,19.327
3868,132.739,1.422,1.43,bbox,24.308,29.106,43.649,19.327
3869,132.773,1.467,1.43,bbox,24.308,29.163,43.649,19.327
3870,132.807,1.216,1.43,pose,24.308,29.198,43.649,19.327
3871,132.841,1.503,1.439,bbox,24.308,29.25,43.649,19.327
3872,132.876,1.529,1.467,bbox,24.308,29.25,43.649,19.327
3873,132.91,1.31,1.467,pose,24.308,29.25,43.649,19.327
3874,132.944,1.513,1.503,bbox,24.308,29.296,43.649,19.327
3875,132.979,1.522,1.513,bbox,24.308,29.296,43.649,19.327
3876,133.013,1.952,1.522,pose,24.308,29.296,43.649,19.327
3877,133.047,1.554,1.522,bbox,24.308,29.296,43.649,19.327
3878,133.082,1.559,1.554,bbox,24.308,29.296,43.649,19.327
3879,133.116,1.97,1.559,pose,24.308,29.296,43.649,19.327
3880,133.15,1.584,1.584,bbox,24.308,29.296,43.649,19.327
3881,133.185,1.604,1.584,bbox,24.308,29.296,43.649,19.327
3882,133.219,1.613,1.604,bbox,24.308,29.296,43.649,19.327
3883,133.253,1.618,1.613,bbox,24.308,29.296,43.649,19.327
3884,133.288,1.594,1.604,bbox,24.308,29.296,43.649,19.327
3885,133.322,1.449,1.604,pose,24.308,29.296,43.649,19.327
3886,133.356,1.601,1.601,bbox,24.308,29.296,43.649,19.327
3887,133.391,1.591,1.594,bbox,24.308,29.296,43.649,19.327
3888,133.425,1.581,1.591,pose,24.308,29.296,43.649,19.327
3889,133.459,1.596,1.591,bbox,24.308,29.296,43.649,19.327
3890,133.493,1.618,1.596,bbox,24.308,29.296,43.649,19.327
3891,133.528,1.559,1.591,pose,24.308,29.296,43.649,19.327
3892,133.562,1.626,1.596,bbox,24.308,29.296,43.649,19.327
3893,133.596,1.621,1.618,bbox,24.308,29.296,43.649,19.327
3894,133.631,1.511,1.618,pose,24.308,29.296,43.649,19.327
3895,133.665,1.624,1.621,bbox,24.308,29.296,43.649,19.327
3896,133.699,,,,24.308,29.296,43.649,19.327
3897,133.734,,,,24.308,29.296,43.649,19.327
3898,133.768,,,,24.308,29.296,43.649,19.327
3899,133.802,,,,24.308,29.296,43.649,19.327
3900,133.837,2.564,1.624,pose,24.308,29.296,43.649,19.327
3901,133.871,3.097,1.624,bbox,24.308,29.296,43.649,19.327
3902,133.905,3.099,2.564,bbox,24.308,29.296,43.649,19.327
3903,133.94,2.551,2.564,pose,24.308,29.296,43.649,19.327
3904,133.974,3.155,3.097,bbox,24.346,29.296,43.649,19.327
3905,134.008,3.188,3.099,bbox,24.346,29.296,43.649,19.327
3906,134.043,2.505,3.099,pose,24.346,29.296,43.649,19.327
3907,134.077,3.166,3.155,bbox,24.346,29.296,43.649,19.327
3908,134.111,3.178,3.166,bbox,24.346,29.296,43.649,19.327
3909,134.146,2.518,3.166,pose,24.346,29.296,43.649,19.327
3910,134.18,3.149,3.149,bbox,24.346,29.296,43.649,19.327
3911,134.214,3.126,3.149,bbox,24.346,29.296,43.649,19.327
3912,134.248,2.518,3.126,pose,24.346,29.296,43.649,19.327
3913,134.283,3.107,3.107,bbox,24.346,29.296,43.649,19.327
3914,134.317,3.104,3.107,bbox,24.346,29.296,43.649,19.327
3915,134.351,2.497,3.104,pose,24.346,29.296,43.649,19.327
3916,134.386,3.095,3.095,bbox,24.346,29.296,43.649,19.327
3917,134.42,3.094,3.095,bbox,24.346,29.296,43.649,19.327
3918,134.454,2.444,3.094,pose,24.346,29.296,43.649,19.327
3919,134.489,3.075,3.075,bbox,24.346,29.296,43.649,19.327
3920,134.523,3.09,3.09,bbox,24.346,29.296,43.649,19.327
3921,134.557,2.483,3.075,pose,24.346,29.296,43.649,19.327
3922,134.592,3.096,3.075,bbox,24.346,29.296,43.649,19.327
3923,134.626,3.103,3.09,bbox,24.346,29.296,43.649,19.327
3924,134.66,2.509,3.09,pose,24.346,29.296,43.649,19.327
3925,134.695,3.092,3.092,bbox,24.346,29.296,43.649,19.327
3926,134.729,3.103,3.096,bbox,24.346,29.296,43.649,19.327
3927,134.763,2.498,3.092,pose,24.346,29.296,43.649,19.327
3928,134.798,3.134,3.092,bbox,24.346,29.296,43.649,19.327
3929,134.832,3.128,3.103,bbox,24.346,29.296,43.649,19.327
3930,134.866,2.488,3.103,pose,24.346,29.296,43.649,19.327
3931,134.9,3.126,3.126,bbox,24.346,29.296,43.649,19.327
3932,134.935,3.126,3.126,bbox,24.346,29.296,43.649,19.327
3933,134.969,3.047,3.126,bbox,24.383,29.296,43.649,19.327
3934,135.003,3.005,3.047,bbox,24.383,29.296,43.649,19.327
3935,135.038,2.986,3.047,bbox,24.453,29.296,43.649,19.327
3936,135.072,2.929,3.005,bbox,24.521,29.296,43.649,19.327
3937,135.106,2.929,2.986,bbox,24.618,29.296,43.649,19.327
3938,135.141,2.931,2.931,bbox,24.69,29.296,43.649,19.327
3939,135.175,2.874,2.929,bbox,24.734,29.296,43.649,19.327
3940,135.209,2.892,2.929,bbox,24.808,29.296,43.649,19.327
3941,135.244,2.935,2.929,bbox,24.903,29.296,43.649,19.327
3942,135.278,2.971,2.931,bbox,24.903,29.296,43.649,19.327
3943,135.312,2.905,2.905,bbox,24.903,29.296,43.649,19.327
3944,135.347,2.967,2.935,bbox,24.903,29.296,43.694,19.327
3945,135.381,3.009,2.967,bbox,24.903,29.345,43.694,19.327
3946,135.415,2.979,2.971,bbox,24.903,29.419,43.737,19.327
3947,135.45,2.944,2.967,bbox,24.903,29.466,43.737,19.327
3948,135.484,3.11,2.979,bbox,24.903,29.466,43.737,19.327
3949,135.518,3.188,3.009,bbox,24.903,29.466,43.737,19.327
3950,135.553,3.24,3.11,bbox,24.903,29.5,43.77,19.327
3951,135.587,3.036,3.11,pose,24.903,29.565,43.77,19.36
3952,135.621,3.194,3.188,bbox,24.903,29.621,43.77,19.36
3953,135.655,3.136,3.188,bbox,24.903,29.621,43.77,19.36
3954,135.69,2.939,3.136,pose,24.903,29.621,43.77,19.36
3955,135.724,3.101,3.101,bbox,24.903,29.694,43.77,19.36
3956,135.758,3.109,3.109,bbox,24.903,29.694,43.807,19.36
3957,135.793,2.866,3.101,pose,24.903,29.694,43.807,19.36
3958,135.827,3.144,3.101,bbox,24.903,29.694,43.849,19.36
3959,135.861,3.44,3.109,bbox,24.903,29.694,43.849,19.36
3960,135.896,2.718,3.109,pose,24.903,29.694,43.849,19.36
3961,135.93,3.109,3.109,bbox,24.903,29.694,43.849,19.36
3962,135.964,3.052,3.109,bbox,24.903,29.694,43.849,19.36
3963,135.999,2.731,3.052,pose,24.903,29.694,43.849,19.36
3964,136.033,3.065,3.052,bbox,24.903,29.694,43.849,19.36
3965,136.067,3.05,3.052,bbox,24.903,29.694,43.919,19.36
3966,136.102,2.733,3.05,pose,24.903,29.694,43.919,19.36
3967,136.136,3.134,3.05,bbox,24.903,29.694,43.919,19.423
3968,136.17,3.114,3.065,bbox,24.903,29.694,43.919,19.423
3969,136.205,2.665,3.05,pose,24.903,29.694,43.919,19.423
3970,136.239,3.176,3.114,bbox,24.903,29.694,43.919,19.423
3971,136.273,3.239,3.134,bbox,24.903,29.694,43.919,19.423
3972,136.307,2.569,3.114,pose,24.903,29.694,43.919,19.504
3973,136.342,3.261,3.176,bbox,24.903,29.694,43.919,19.548
3974,136.376,3.201,3.201,bbox,24.903,29.694,43.919,19.629
3975,136.41,3.318,3.239,bbox,24.949,29.694,43.919,19.629
3976,136.445,3.311,3.261,bbox,24.949,29.694,43.919,19.629
3977,136.479,3.334,3.311,bbox,24.949,29.694,43.919,19.629
3978,136.513,3.393,3.318,bbox,24.949,29.694,43.919,19.629
3979,136.548,3.424,3.334,bbox,24.98,29.694,43.919,19.629
3980,136.582,3.41,3.393,bbox,24.98,29.694,43.919,19.629
3981,136.616,2.6,3.393,pose,24.98,29.694,43.919,19.629
3982,136.651,3.461,3.41,bbox,24.98,29.727,43.919,19.629
3983,136.685,3.455,3.424,bbox,24.98,29.727,43.919,19.629
3984,136.719,2.87,3.41,pose,24.98,29.727,43.919,19.629
3985,136.754,3.229,3.229,bbox,24.98,29.727,43.997,19.629
3986,136.788,3.055,3.229,bbox,24.98,29.727,43.997,19.629
3987,136.822,2.481,3.055,pose,24.98,29.727,44.09,19.629
3988,136.857,3.112,3.055,bbox,24.98,29.77,44.09,19.629
3989,136.891,2.856,3.055,bbox,24.98,29.77,44.09,19.629
3990,136.925,2.429,2.856,pose,24.98,29.77,44.126,19.629
3991,136.96,2.76,2.76,bbox,24.98,29.77,44.258,19.629
3992,136.994,2.699,2.76,bbox,24.98,29.77,44.339,19.629
3993,137.028,2.404,2.699,pose,24.98,29.77,44.397,19.629
3994,137.062,2.808,2.699,bbox,24.98,29.81,44.475,19.629
3995,137.097,2.826,2.76,bbox,24.98,29.81,44.536,19.629
3996,137.131,2.324,2.699,pose,24.98,29.843,44.536,19.629
3997,137.165,2.783,2.783,bbox,24.98,29.906,44.536,19.629
3998,137.2,2.804,2.804,bbox,24.98,29.906,44.536,19.629
3999,137.234,2.299,2.783,pose,24.98,29.906,44.683,19.629
4000,137.268,2.741,2.741,bbox,24.98,29.949,44.683,19.629
4001,137.303,2.809,2.783,bbox,24.98,29.949,44.719,19.629
4002,137.337,2.74,2.741,bbox,24.98,29.949,44.851,19.629
4003,137.371,2.826,2.741,bbox,24.98,30.0,44.89,19.629
4004,137.406,2.87,2.809,bbox,24.98,30.0,44.89,19.629
4005,137.44,2.879,2.826,bbox,24.98,30.071,45.014,19.629
4006,137.474,2.853,2.853,bbox,24.98,30.142,45.047,19.629
4007,137.509,2.714,2.853,bbox,24.98,30.196,45.143,19.629
4008,137.543,1.845,2.853,pose,24.98,30.254,45.143,19.629
4009,137.577,2.843,2.843,bbox,24.98,30.3,45.266,19.629
4010,137.612,2.54,2.714,bbox,24.98,30.413,45.326,19.629
4011,137.646,2.146,2.54,pose,24.98,30.413,45.38,19.629
4012,137.68,2.377,2.377,bbox,24.98,30.413,45.38,19.629
4013,137.714,2.286,2.377,bbox,24.98,30.474,45.477,19.629
4014,137.749,2.218,2.286,pose,24.98,30.52,45.477,19.629
4015,137.783,2.313,2.286,bbox,24.98,30.52,45.477,19.629
4016,137.817,2.278,2.286,bbox,24.98,30.59,45.601,19.629
4017,137.852,2.066,2.278,pose,24.98,30.59,45.601,19.629
4018,137.886,2.323,2.278,bbox,24.98,30.59,45.664,19.629
4019,137.92,2.351,2.313,bbox,24.98,30.664,45.703,19.629
4020,137.955,1.847,2.278,pose,24.98,30.664,45.703,19.629
4021,137.989,2.459,2.323,bbox,24.98,30.698,45.766,19.629
4022,138.023,2.491,2.351,bbox,24.98,30.818,45.802,19.629
4023,138.058,1.844,2.351,pose,24.98,30.818,45.802,19.629
4024,138.092,2.634,2.459,bbox,24.98,30.818,45.868,19.629
4025,138.126,2.651,2.491,bbox,24.98,30.878,45.868,19.629
4026,138.161,1.979,2.491,pose,24.98,30.918,45.868,19.629
4027,138.195,2.754,2.634,bbox,24.98,30.961,45.912,19.629
4028,138.229,2.766,2.651,bbox,24.98,30.961,45.955,19.629
4029,138.264,1.885,2.651,pose,24.98,31.085,46.049,19.629
4030,138.298,2.673,2.673,bbox,24.98,31.12,46.089,19.629
4031,138.332,2.589,2.673,bbox,24.98,31.12,46.124,19.629
4032,138.367,1.865,2.589,pose,24.98,31.183,46.217,19.629
4033,138.401,2.452,2.452,bbox,24.98,31.183,46.296,19.629
4034,138.435,2.396,2.452,bbox,24.98,31.215,46.296,19.629
4035,138.469,2.281,2.396,pose,24.98,31.215,46.425,19.629
4036,138.504,2.337,2.337,bbox,24.98,31.215,46.425,19.629
4037,138.538,2.327,2.337,bbox,24.98,31.294,46.478,19.629
4038,138.572,2.347,2.337,bbox,24.98,31.294,46.516,19.629
4039,138.607,2.402,2.337,bbox,24.98,31.334,46.609,19.629
4040,138.641,2.464,2.347,bbox,24.98,31.37,46.657,19.629
4041,138.675,2.041,2.347,pose,24.98,31.422,46.657,19.629
4042,138.71,2.544,2.402,bbox,24.98,31.486,46.707,19.629
4043,138.744,2.536,2.464,bbox,24.98,31.56,46.707,19.629
4044,138.778,1.838,2.464,pose,24.98,31.591,46.707,19.629
4045,138.813,2.608,2.536,bbox,24.98,31.591,46.762,19.629
4046,138.847,2.596,2.544,bbox,24.98,31.651,46.813,19.629
4047,138.881,2.611,2.596,bbox,24.98,31.651,46.877,19.629
4048,138.916,2.566,2.596,bbox,24.98,31.651,46.877,19.629
4049,138.95,2.572,2.596,bbox,24.98,31.689,46.877,19.629
4050,138.984,2.135,2.572,pose,24.98,31.689,46.916,19.629
4051,139.019,2.456,2.566,bbox,24.98,31.689,46.947,19.629
4052,139.053,2.369,2.456,bbox,24.98,31.734,47.055,19.629
4053,139.087,2.294,2.369,bbox,24.98,31.734,47.055,19.629
4054,139.121,2.283,2.294,bbox,24.98,31.734,47.144,19.629
4055,139.156,2.271,2.294,bbox,24.98,31.771,47.176,19.629
4056,139.19,2.158,2.283,pose,24.98,31.806,47.274,19.629
4057,139.224,2.285,2.283,bbox,24.98,31.806,47.312,19.629
4058,139.259,2.339,2.283,bbox,24.98,31.806,47.359,19.629
4059,139.293,2.014,2.271,pose,24.98,31.842,47.359,19.629
4060,139.327,2.333,2.285,bbox,24.98,31.886,47.398,19.629
4061,139.362,2.324,2.324,bbox,24.98,31.886,47.398,19.629
4062,139.396,1.718,2.324,pose,24.98,31.886,47.471,19.629
4063,139.43,2.409,2.324,bbox,24.98,31.886,47.471,19.629
4064,139.465,2.434,2.333,bbox,24.98,31.886,47.471,19.629
4065,139.499,1.981,2.324,pose,24.98,31.886,47.514,19.629
4066,139.533,2.391,2.391,bbox,24.98,31.886,47.514,19.629
4067,139.568,2.301,2.391,bbox,24.98,31.886,47.63,19.629
4068,139.602,1.91,2.301,pose,24.98,31.886,47.707,19.629
4069,139.636,,,,24.98,31.886,47.707,19.629
4070,139.671,1.899,1.981,bbox,24.98,31.886,47.797,19.629
4071,139.705,1.776,1.91,bbox,24.98,31.886,47.943,19.629
4072,139.739,1.782,1.899,bbox,24.98,31.886,47.943,19.629
4073,139.774,,,,24.98,31.886,47.943,19.629
4074,139.808,,,,24.98,31.886,47.943,19.629
4075,139.842,,,,24.98,31.886,47.943,19.629
4076,139.876,,,,24.98,31.886,47.943,19.629
4077,139.911,,,,24.98,31.886,47.943,19.629
4078,139.945,,,,24.98,31.886,47.943,19.629
4079,139.979,,,,24.98,31.886,47.943,19.629
4080,140.014,,,,24.98,31.886,47.943,19.629
4081,140.048,0.521,1.782,bbox,24.98,31.886,47.943,19.629
4082,140.082,0.553,1.776,bbox,25.017,31.886,48.006,19.629
4083,140.117,0.321,0.553,pose,25.057,31.886,48.006,19.629
4084,140.151,0.597,0.553,bbox,25.141,31.886,48.006,19.629
4085,140.185,0.575,0.553,bbox,25.141,31.886,48.006,19.629
4086,140.22,0.296,0.553,pose,25.141,31.886,48.006,19.629
4087,140.254,0.516,0.516,bbox,25.141,31.886,48.083,19.629
4088,140.288,0.506,0.516,bbox,25.141,31.886,48.083,19.629
4089,140.323,0.235,0.506,pose,25.141,31.886,48.119,19.629
4090,140.357,0.439,0.439,bbox,25.141,31.886,48.183,19.629
4091,140.391,0.417,0.439,bbox,25.141,31.886,48.213,19.629
4092,140.426,0.369,0.417,bbox,25.141,31.886,48.276,19.629
4093,140.46,0.362,0.369,bbox,25.141,31.886,48.276,19.629
4094,140.494,0.379,0.379,bbox,25.141,31.886,48.325,19.629
4095,140.528,0.381,0.379,bbox,25.141,31.919,48.325,19.629
4096,140.563,0.356,0.369,bbox,25.141,31.919,48.325,19.629
4097,140.597,0.356,0.362,bbox,25.141,31.919,48.325,19.629
4098,140.631,0.041,0.356,pose,25.141,31.919,48.325,19.629
4099,140.666,,,,25.141,31.919,48.325,19.629
4100,140.7,,,,25.141,31.919,48.325,19.629
4101,140.734,,,,25.141,31.919,48.325,19.629
4102,140.769,,,,25.141,31.919,48.325,19.629
4103,140.803,,,,25.141,31.919,48.325,19.629
4104,140.837,,,,25.141,31.919,48.325,19.629
4105,140.872,,,,25.141,31.919,48.325,19.629
4106,140.906,,,,25.141,31.919,48.325,19.629
4107,140.94,,,,25.141,31.919,48.325,19.629
4108,140.975,,,,25.141,31.919,48.325,19.629
4109,141.009,,,,25.141,31.919,48.325,19.629
4110,141.043,,,,25.141,31.919,48.325,19.629
4111,141.078,,,,25.141,31.919,48.325,19.629
4112,141.112,,,,25.141,31.919,48.325,19.629
4113,141.146,,,,25.141,31.919,48.325,19.629
4114,141.181,,,,25.141,31.919,48.325,19.629
4115,141.215,,,,25.141,31.919,48.325,19.629
4116,141.249,,,,25.141,31.919,48.325,19.629
4117,141.283,,,,25.141,31.919,48.325,19.629
4118,141.318,4.402,0.356,bbox,25.141,31.951,48.325,19.629
4119,141.352,4.087,0.356,pose,25.141,31.951,48.325,19.629
4120,141.386,4.335,4.087,bbox,25.141,31.951,48.325,19.629
4121,141.421,4.306,4.306,bbox,25.141,31.951,48.325,19.629
4122,141.455,4.039,4.306,pose,25.141,31.995,48.325,19.676
4123,141.489,4.275,4.275,bbox,25.185,31.995,48.372,19.676
4124,141.524,4.296,4.296,bbox,25.185,31.995,48.403,19.676
4125,141.558,4.123,4.275,pose,25.185,31.995,48.403,19.676
4126,141.592,4.304,4.275,bbox,25.185,31.995,48.403,19.676
4127,141.627,4.355,4.296,bbox,25.185,31.995,48.403,19.676
4128,141.661,4.136,4.296,pose,25.185,31.995,48.403,19.676
4129,141.695,4.304,4.304,bbox,25.185,31.995,48.403,19.761
4130,141.73,4.309,4.304,bbox,25.185,31.995,48.403,19.761
4131,141.764,4.059,4.304,pose,25.185,31.995,48.403,19.801
4132,141.798,4.252,4.252,bbox,25.257,31.995,48.403,19.851
4133,141.833,4.251,4.252,bbox,25.293,31.995,48.403,19.851
4134,141.867,4.001,4.251,pose,25.293,31.995,48.403,19.851
4135,141.901,4.227,4.227,bbox,25.332,31.995,48.403,19.851
4136,141.935,4.241,4.241,bbox,25.332,31.995,48.403,19.851
4137,141.97,4.009,4.227,pose,25.332,31.995,48.403,19.851
4138,142.004,4.241,4.227,bbox,25.332,31.995,48.403,19.851
4139,142.038,4.252,4.241,bbox,25.332,31.995,48.403,19.851
4140,142.073,4.023,4.241,pose,25.332,31.995,48.403,19.851
4141,142.107,4.259,4.241,bbox,25.332,31.995,48.403,19.851
4142,142.141,4.273,4.252,bbox,25.332,31.995,48.403,19.851
4143,142.176,3.996,4.252,pose,25.332,31.995,48.403,19.851
4144,142.21,4.267,4.259,bbox,25.332,32.025,48.403,19.851
4145,142.244,4.243,4.259,bbox,25.332,32.025,48.403,19.851
4146,142.279,3.954,4.243,pose,25.332,32.025,48.403,19.851
4147,142.313,4.242,4.242,bbox,25.332,32.025,48.403,19.851
4148,142.347,4.242,4.242,bbox,25.332,32.025,48.403,19.851
4149,142.382,3.924,4.242,pose,25.332,32.025,48.403,19.851
4150,142.416,4.249,4.242,bbox,25.332,32.025,48.403,19.851
4151,142.45,4.255,4.242,bbox,25.332,32.025,48.403,19.851
4152,142.485,3.91,4.242,pose,25.332,32.025,48.403,19.851
4153,142.519,4.273,4.249,bbox,25.332,32.025,48.403,19.851
4154,142.553,4.251,4.251,bbox,25.332,32.025,48.403,19.851
4155,142.588,3.941,4.251,pose,25.332,32.025,48.403,19.851
4156,142.622,4.263,4.251,bbox,25.332,32.025,48.403,19.851
4157,142.656,4.26,4.26,bbox,25.332,32.025,48.403,19.851
4158,142.69,4.077,4.251,pose,25.332,32.025,48.403,19.851
4159,142.725,4.259,4.259,bbox,25.332,32.025,48.403,19.851
4160,142.759,4.269,4.26,bbox,25.332,32.025,48.403,19.851
4161,142.793,4.133,4.259,pose,25.332,32.025,48.403,19.851
4162,142.828,4.267,4.259,bbox,25.332,32.025,48.403,19.851
4163,142.862,4.265,4.265,bbox,25.332,32.025,48.403,19.851
4164,142.896,4.15,4.265,pose,25.332,32.025,48.403,19.851
4165,142.931,4.304,4.265,bbox,25.332,32.025,48.403,19.851
4166,142.965,4.307,4.267,bbox,25.332,32.025,48.403,19.851
4167,142.999,4.11,4.265,pose,25.332,32.025,48.403,19.851
4168,143.034,4.311,4.304,bbox,25.332,32.025,48.403,19.894
4169,143.068,4.323,4.307,bbox,25.332,32.025,48.403,19.894
4170,143.102,4.027,4.307,pose,25.332,32.025,48.403,19.894
4171,143.137,4.334,4.311,bbox,25.332,32.025,48.403,19.894
4172,143.171,4.347,4.323,bbox,25.332,32.025,48.403,19.894
4173,143.205,3.879,4.323,pose,25.332,32.025,48.403,19.894
4174,143.24,4.284,4.284,bbox,25.332,32.025,48.403,19.894
4175,143.274,4.235,4.284,bbox,25.332,32.025,48.403,19.894
4176,143.308,3.696,4.235,pose,25.376,32.025,48.403,19.894
4177,143.342,4.222,4.222,bbox,25.376,32.025,48.476,19.894
4178,143.377,4.177,4.222,bbox,25.376,32.025,48.536,19.894
4179,143.411,3.574,4.177,pose,25.376,32.025,48.536,19.894
4180,143.445,4.193,4.177,bbox,25.376,32.025,48.628,19.894
4181,143.48,4.212,4.193,bbox,25.376,32.025,48.628,19.894
4182,143.514,4.266,4.193,bbox,25.411,32.025,48.628,19.894
4183,143.548,4.265,4.212,bbox,25.411,32.025,48.628,19.894
4184,143.583,4.176,4.212,bbox,25.446,32.025,48.628,19.894
4185,143.617,4.042,4.212,bbox,25.487,32.025,48.628,19.894
4186,143.651,3.963,4.176,bbox,25.54,32.025,48.628,19.894
4187,143.686,3.866,4.042,bbox,25.622,32.025,48.736,19.894
4188,143.72,3.544,3.963,pose,25.622,32.025,48.807,19.894
4189,143.754,3.702,3.866,bbox,25.652,32.025,48.872,19.894
4190,143.789,3.592,3.702,bbox,25.652,32.025,48.979,19.894
4191,143.823,3.313,3.592,pose,25.652,32.025,49.09,19.894
4192,143.857,3.442,3.544,bbox,25.699,32.025,49.09,19.894
4193,143.892,3.375,3.442,bbox,25.699,32.025,49.193,19.894
4194,143.926,3.137,3.375,pose,25.699,32.025,49.193,19.894
4195,143.96,3.388,3.375,bbox,25.771,32.025,49.287,19.894
4196,143.995,3.417,3.388,bbox,25.805,32.025,49.35,19.894
4197,144.029,2.988,3.375,pose,25.805,32.025,49.35,19.894
4198,144.063,3.481,3.388,bbox,25.805,32.025,49.397,19.894
4199,144.097,3.473,3.417,bbox,25.805,32.025,49.397,19.894
4200,144.132,3.46,3.46,bbox,25.845,32.025,49.397,19.894
4201,144.166,3.425,3.46,bbox,25.845,32.025,49.397,19.894
4202,144.2,3.382,3.46,bbox,25.845,32.025,49.397,19.894
4203,144.235,3.322,3.425,bbox,25.887,32.025,49.397,19.894
4204,144.269,3.232,3.382,bbox,25.936,32.025,49.397,19.894
4205,144.303,3.165,3.322,bbox,25.936,32.025,49.444,19.894
4206,144.338,3.126,3.232,bbox,25.976,32.025,49.503,19.894
4207,144.372,3.043,3.165,bbox,26.03,32.025,49.503,19.894
4208,144.406,3.009,3.126,bbox,26.03,32.025,49.503,19.894
4209,144.441,2.547,3.043,pose,26.03,32.025,49.557,19.894
4210,144.475,3.037,3.037,bbox,26.119,32.025,49.612,19.894
4211,144.509,3.038,3.037,bbox,26.183,32.025,49.612,19.894
4212,144.544,3.04,3.037,bbox,26.252,32.025,49.612,19.894
4213,144.578,3.003,3.037,bbox,26.252,32.025,49.612,19.894
4214,144.612,2.984,3.037,bbox,26.252,32.025,49.612,19.894
4215,144.647,2.489,3.003,pose,26.252,32.025,49.612,19.894
4216,144.681,3.0,3.0,bbox,26.252,32.025,49.612,19.894
4217,144.715,3.003,3.0,bbox,26.252,32.025,49.612,19.894
4218,144.749,2.451,2.984,pose,26.252,32.025,49.612,19.894
4219,144.784,3.038,3.0,bbox,26.252,32.025,49.612,19.894
4220,144.818,3.086,3.003,bbox,26.252,32.025,49.612,19.894
4221,144.852,2.542,3.003,pose,26.252,32.025,49.612,19.894
4222,144.887,3.145,3.038,bbox,26.252,32.067,49.612,19.894
4223,144.921,3.181,3.086,bbox,26.252,32.067,49.612,19.894
4224,144.955,2.558,3.086,pose,26.252,32.067,49.612,19.894
4225,144.99,3.199,3.145,bbox,26.252,32.067,49.612,19.894
4226,145.024,3.205,3.181,bbox,26.252,32.067,49.612,19.894
4227,145.058,2.537,3.181,pose,26.252,32.067,49.612,19.894
4228,145.093,3.141,3.141,bbox,26.252,32.067,49.612,19.894
4229,145.127,3.157,3.157,bbox,26.252,32.067,49.673,19.894
4230,145.161,2.537,3.141,pose,26.252,32.067,49.708,19.894
4231,145.196,3.21,3.141,bbox,26.252,32.067,49.708,19.894
4232,145.23,3.257,3.157,bbox,26.252,32.067,49.708,19.894
4233,145.264,2.574,3.157,pose,26.252,32.067,49.708,19.894
4234,145.299,3.28,3.21,bbox,26.252,32.067,49.708,19.894
4235,145.333,3.27,3.257,bbox,26.252,32.067,49.708,19.894
4236,145.367,2.548,3.257,pose,26.252,32.067,49.708,19.894
4237,145.402,3.2,3.2,bbox,26.252,32.067,49.708,19.894
4238,145.436,3.165,3.2,bbox,26.252,32.067,49.708,19.894
4239,145.47,2.488,3.165,pose,26.252,32.067,49.708,19.894
4240,145.504,3.124,3.124,bbox,26.252,32.067,49.708,19.894
4241,145.539,3.154,3.154,bbox,26.252,32.067,49.708,19.894
4242,145.573,2.496,3.124,pose,26.252,32.067,49.708,19.894
4243,145.607,3.203,3.124,bbox,26.252,32.067,49.708,19.894
4244,145.642,3.251,3.154,bbox,26.252,32.067,49.708,19.894
4245,145.676,2.545,3.154,pose,26.252,32.067,49.708,19.894
4246,145.71,3.291,3.203,bbox,26.252,32.067,49.708,19.894
4247,145.745,3.288,3.251,bbox,26.252,32.067,49.708,19.894
4248,145.779,2.526,3.251,pose,26.252,32.067,49.708,19.894
4249,145.813,3.2,3.2,bbox,26.252,32.067,49.708,19.894
4250,145.848,3.145,3.2,bbox,26.252,32.067,49.745,19.894
4251,145.882,2.474,3.145,pose,26.252,32.067,49.78,19.894
4252,145.916,3.051,3.051,bbox,26.252,32.067,49.78,19.894
4253,145.951,3.014,3.051,bbox,26.252,32.067,49.851,19.894
4254,145.985,2.43,3.014,pose,26.252,32.067,49.885,19.894
4255,146.019,2.986,2.986,bbox,26.252,32.067,49.927,19.894
4256,146.054,3.013,3.013,bbox,26.252,32.067,49.927,19.894
4257,146.088,2.321,2.986,pose,26.252,32.067,49.979,19.894
4258,146.122,3.027,2.986,bbox,26.252,32.067,50.023,19.894
4259,146.156,3.064,3.013,bbox,26.252,32.067,50.023,19.894
4260,146.191,2.355,3.013,pose,26.252,32.067,50.023,19.894
4261,146.225,3.054,3.027,bbox,26.252,32.067,50.06,19.894
4262,146.259,3.022,3.027,bbox,26.252,32.067,50.06,19.894
4263,146.294,2.391,3.022,pose,26.252,32.067,50.06,19.894
4264,146.328,3.068,3.022,bbox,26.252,32.067,50.06,19.927
4265,146.362,3.107,3.054,bbox,26.252,32.067,50.06,19.927
4266,146.397,2.493,3.022,pose,26.252,32.067,50.06,19.959
4267,146.431,3.175,3.068,bbox,26.252,32.117,50.06,19.959
4268,146.465,3.252,3.107,bbox,26.252,32.117,50.06,19.959
4269,146.5,2.601,3.107,pose,26.252,32.117,50.06,19.959
4270,146.534,3.352,3.175,bbox,26.252,32.165,50.06,19.959
4271,146.568,3.38,3.252,bbox,26.252,32.165,50.06,19.959
4272,146.603,2.717,3.252,pose,26.252,32.206,50.06,19.959
4273,146.637,3.387,3.352,bbox,26.252,32.286,50.06,19.959
4274,146.671,3.368,3.368,bbox,26.252,32.286,50.06,19.959
4275,146.706,2.413,3.368,pose,26.252,32.286,50.06,19.959
4276,146.74,3.234,3.234,bbox,26.252,32.286,50.06,19.959
4277,146.774,3.172,3.234,bbox,26.318,32.286,50.109,19.959
4278,146.809,2.325,3.172,pose,26.318,32.286,50.175,19.959
4279,146.843,3.011,3.011,bbox,26.318,32.286,50.175,19.959
4280,146.877,2.899,3.011,bbox,26.318,32.286,50.175,19.959
4281,146.911,2.249,2.899,pose,26.318,32.286,50.223,19.959
4282,146.946,2.742,2.742,bbox,26.318,32.286,50.315,19.959
4283,146.98,2.685,2.742,bbox,26.318,32.286,50.415,19.959
4284,147.014,2.122,2.685,pose,26.318,32.286,50.528,19.959
4285,147.049,2.681,2.681,bbox,26.318,32.286,50.583,19.959
4286,147.083,2.693,2.685,bbox,26.318,32.328,50.583,19.959
4287,147.117,2.069,2.681,pose,26.318,32.385,50.71,19.959
4288,147.152,2.746,2.681,bbox,26.318,32.447,50.71,19.959
4289,147.186,2.806,2.693,bbox,26.318,32.564,50.804,19.959
4290,147.22,2.004,2.693,pose,26.318,32.564,50.917,19.959
4291,147.255,2.907,2.746,bbox,26.318,32.638,50.962,19.959
4292,147.289,2.901,2.806,bbox,26.318,32.638,50.962,19.959
4293,147.323,2.017,2.806,pose,26.318,32.717,51.014,19.959
4294,147.358,2.852,2.852,bbox,26.318,32.717,51.014,19.959
4295,147.392,2.84,2.852,bbox,26.318,32.753,51.053,19.959
4296,147.426,2.223,2.84,pose,26.318,32.791,51.053,19.959
4297,147.461,2.794,2.794,bbox,26.318,32.791,51.086,19.959
4298,147.495,2.781,2.794,bbox,26.318,32.882,51.14,19.959
4299,147.529,2.37,2.781,pose,26.318,32.882,51.192,19.959
4300,147.563,2.826,2.781,bbox,26.318,32.928,51.192,19.959
4301,147.598,2.901,2.794,bbox,26.318,33.001,51.242,19.959
4302,147.632,2.25,2.781,pose,26.318,33.075,51.242,19.959
4303,147.666,2.958,2.826,bbox,26.318,33.075,51.321,19.959
4304,147.701,2.964,2.901,bbox,26.318,33.136,51.358,19.959
4305,147.735,2.2,2.901,pose,26.318,33.136,51.358,19.959
4306,147.769,2.919,2.919,bbox,26.318,33.136,51.413,19.959
4307,147.804,2.887,2.919,bbox,26.318,33.136,51.413,19.959
4308,147.838,2.148,2.887,pose,26.318,33.136,51.413,19.959
4309,147.872,2.791,2.791,bbox,26.318,33.136,51.413,19.959
4310,147.907,2.73,2.791,bbox,26.318,33.136,51.413,19.959
4311,147.941,2.076,2.73,pose,26.318,33.136,51.445,19.959
4312,147.975,2.649,2.649,bbox,26.375,33.136,51.445,19.959
4313,148.01,2.61,2.649,bbox,26.407,33.136,51.538,19.959
4314,148.044,2.018,2.61,pose,26.407,33.136,51.538,19.959
4315,148.078,2.589,2.589,bbox,26.407,33.166,51.538,19.959
4316,148.113,2.588,2.589,bbox,26.407,33.166,51.538,19.959
4317,148.147,2.027,2.588,pose,26.407,33.166,51.603,19.959
4318,148.181,2.647,2.588,bbox,26.407,33.166,51.603,19.959
4319,148.216,2.649,2.589,bbox,26.407,33.166,51.603,19.959
4320,148.25,2.149,2.588,pose,26.407,33.166,51.603,19.959
4321,148.284,2.65,2.647,bbox,26.407,33.202,51.603,19.959
4322,148.318,2.688,2.649,bbox,26.407,33.202,51.603,19.959
4323,148.353,2.158,2.649,pose,26.407,33.242,51.603,19.959
4324,148.387,2.755,2.65,bbox,26.407,33.309,51.603,19.959
4325,148.421,2.799,2.688,bbox,26.407,33.309,51.603,19.959
4326,148.456,2.163,2.688,pose,26.407,33.309,51.603,19.959
4327,148.49,2.886,2.755,bbox,26.407,33.354,51.603,19.959
4328,148.524,2.923,2.799,bbox,26.407,33.354,51.603,19.959
4329,148.559,2.188,2.799,pose,26.407,33.354,51.603,19.959
4330,148.593,2.923,2.886,bbox,26.407,33.354,51.603,19.959
4331,148.627,2.932,2.923,bbox,26.407,33.354,51.603,19.959
4332,148.662,2.189,2.923,pose,26.407,33.354,51.603,19.959
4333,148.696,2.929,2.923,bbox,26.407,33.354,51.603,19.959
4334,148.73,2.908,2.923,bbox,26.407,33.354,51.603,19.959
4335,148.765,2.195,2.908,pose,26.407,33.354,51.603,19.959
4336,148.799,2.861,2.861,bbox,26.407,33.354,51.603,19.959
4337,148.833,2.815,2.861,bbox,26.407,33.354,51.66,19.959
4338,148.868,2.176,2.815,pose,26.407,33.354,51.706,19.959
4339,148.902,2.681,2.681,bbox,26.407,33.354,51.746,19.959
4340,148.936,2.646,2.681,bbox,26.407,33.354,51.828,19.959
4341,148.97,2.178,2.646,pose,26.407,33.354,51.828,19.959
4342,149.005,2.654,2.646,bbox,26.407,33.354,51.887,19.959
4343,149.039,2.679,2.654,bbox,26.407,33.354,51.887,19.959
4344,149.073,2.07,2.646,pose,26.407,33.354,51.952,19.959
4345,149.108,2.742,2.654,bbox,26.407,33.398,51.952,19.959
4346,149.142,2.74,2.679,bbox,26.407,33.398,51.952,19.959
4347,149.176,2.029,2.679,pose,26.407,33.398,51.952,19.959
4348,149.211,2.635,2.635,bbox,26.407,33.398,51.952,19.959
4349,149.245,2.59,2.635,bbox,26.407,33.398,51.952,19.959
4350,149.279,1.986,2.59,pose,26.407,33.398,51.952,19.959
4351,149.314,2.543,2.543,bbox,26.47,33.398,51.952,19.959
4352,149.348,2.55,2.55,bbox,26.47,33.398,51.952,19.959
4353,149.382,1.943,2.543,pose,26.47,33.398,51.952,19.959
4354,149.417,2.563,2.543,bbox,26.47,33.398,51.952,19.959
4355,149.451,2.591,2.55,bbox,26.47,33.398,51.952,19.959
4356,149.485,1.969,2.55,pose,26.47,33.398,51.952,19.959
4357,149.52,2.666,2.563,bbox,26.47,33.398,51.952,19.959
4358,149.554,2.705,2.591,bbox,26.47,33.398,51.952,19.959
4359,149.588,2.052,2.591,pose,26.47,33.398,51.952,19.959
4360,149.623,2.749,2.666,bbox,26.47,33.398,51.952,19.959
4361,149.657,2.787,2.705,bbox,26.47,33.398,51.952,19.959
4362,149.691,2.041,2.705,pose,26.47,33.447,51.952,19.959
4363,149.725,2.761,2.749,bbox,26.47,33.495,51.952,19.959
4364,149.76,2.742,2.749,bbox,26.47,33.495,51.952,19.959
4365,149.794,2.038,2.742,pose,26.47,33.495,51.988,19.959
4366,149.828,2.624,2.624,bbox,26.47,33.495,52.063,19.959
4367,149.863,2.582,2.624,bbox,26.47,33.495,52.13,19.959
4368,149.897,2.121,2.582,pose,26.47,33.495,52.172,19.959
4369,149.931,2.572,2.572,bbox,26.47,33.54,52.172,19.959
4370,149.966,2.574,2.574,bbox,26.47,33.54,52.232,19.959
4371,150.0,1.974,2.572,pose,26.47,33.581,52.232,19.959
4372,150.034,2.529,2.529,bbox,26.47,33.618,52.286,19.959
4373,150.069,2.518,2.529,bbox,26.47,33.618,52.286,19.959
4374,150.103,1.714,2.518,pose,26.47,33.618,52.405,19.959
4375,150.137,2.452,2.452,bbox,26.47,33.618,52.405,19.959
4376,150.172,2.431,2.452,bbox,26.47,33.618,52.444,19.959
4377,150.206,1.578,2.431,pose,26.47,33.618,52.48,19.959
4378,150.24,2.332,2.332,bbox,26.47,33.618,52.48,19.959
4379,150.275,2.29,2.332,bbox,26.512,33.618,52.55,19.959
4380,150.309,1.555,2.29,pose,26.512,33.618,52.55,19.959
4381,150.343,2.225,2.225,bbox,26.554,33.618,52.55,19.959
4382,150.377,2.21,2.225,bbox,26.554,33.618,52.623,19.959
4383,150.412,1.553,2.21,pose,26.554,33.65,52.623,19.959
4384,150.446,2.25,2.21,bbox,26.554,33.687,52.623,19.959
4385,150.48,2.298,2.225,bbox,26.554,33.687,52.623,19.959
4386,150.515,1.662,2.21,pose,26.554,33.727,52.623,19.959
4387,150.549,2.37,2.25,bbox,26.554,33.727,52.623,19.959
4388,150.583,2.402,2.298,bbox,26.554,33.769,52.623,19.959
4389,150.618,1.818,2.298,pose,26.554,33.799,52.623,19.959
4390,150.652,2.41,2.37,bbox,26.554,33.799,52.623,19.959
4391,150.686,2.394,2.394,bbox,26.554,33.799,52.623,19.959
4392,150.721,1.953,2.394,pose,26.554,33.799,52.623,19.959
4393,150.755,2.46,2.394,bbox,26.554,33.858,52.623,19.959
4394,150.789,2.465,2.41,bbox,26.554,33.858,52.623,19.959
4395,150.824,2.066,2.394,pose,26.554,33.858,52.623,19.959
4396,150.858,2.506,2.46,bbox,26.554,33.858,52.623,19.959
4397,150.892,2.519,2.465,bbox,26.554,33.858,52.623,19.959
4398,150.927,2.05,2.465,pose,26.554,33.858,52.623,19.959
4399,150.961,2.535,2.506,bbox,26.554,33.858,52.623,19.959
4400,150.995,2.521,2.519,bbox,26.554,33.858,52.623,19.959
4401,151.03,1.811,2.519,pose,26.554,33.858,52.623,19.959
4402,151.064,2.418,2.418,bbox,26.554,33.858,52.623,19.959
4403,151.098,2.361,2.418,bbox,26.554,33.858,52.671,19.959
4404,151.132,1.487,2.361,pose,26.554,33.858,52.671,19.959
4405,151.167,2.25,2.25,bbox,26.655,33.858,52.726,19.959
4406,151.201,2.169,2.25,bbox,26.655,33.858,52.827,19.959
4407,151.235,2.125,2.169,bbox,26.655,33.858,52.931,19.959
4408,151.27,2.088,2.125,bbox,26.655,33.858,52.985,19.959
4409,151.304,2.066,2.125,bbox,26.655,33.858,53.043,19.959
4410,151.338,1.45,2.088,pose,26.655,33.858,53.147,19.959
4411,151.373,2.104,2.088,bbox,26.655,33.858,53.186,19.959
4412,151.407,2.105,2.088,bbox,26.655,34.002,53.222,19.959
4413,151.441,1.588,2.066,pose,26.655,34.002,53.222,19.959
4414,151.476,2.115,2.104,bbox,26.655,34.002,53.296,19.959
4415,151.51,2.125,2.105,bbox,26.655,34.002,53.296,19.959
4416,151.544,1.639,2.105,pose,26.655,34.034,53.296,19.959
4417,151.579,2.19,2.115,bbox,26.655,34.092,53.296,19.959
4418,151.613,2.222,2.125,bbox,26.655,34.125,53.296,19.959
4419,151.647,1.731,2.125,pose,26.655,34.161,53.296,19.959
4420,151.682,2.311,2.19,bbox,26.655,34.161,53.296,19.959
4421,151.716,2.362,2.222,bbox,26.655,34.161,53.296,19.959
4422,151.75,1.864,2.222,pose,26.655,34.161,53.296,20.007
4423,151.784,2.462,2.311,bbox,26.655,34.161,53.296,20.068
4424,151.819,2.475,2.362,bbox,26.655,34.161,53.296,20.068
4425,151.853,1.962,2.362,pose,26.655,34.161,53.296,20.068
4426,151.887,2.475,2.462,bbox,26.655,34.161,53.296,20.068
4427,151.922,2.468,2.468,bbox,26.655,34.161,53.296,20.068
4428,151.956,1.918,2.468,pose,26.655,34.161,53.296,20.068
4429,151.99,2.538,2.468,bbox,26.655,34.194,53.296,20.111
4430,152.025,2.591,2.475,bbox,26.655,34.194,53.296,20.111
4431,152.059,2.057,2.468,pose,26.655,34.194,53.296,20.111
4432,152.093,2.687,2.538,bbox,26.655,34.224,53.296,20.111
4433,152.128,2.716,2.591,bbox,26.655,34.224,53.296,20.142
4434,152.162,2.129,2.591,pose,26.655,34.224,53.296,20.142
4435,152.196,2.791,2.687,bbox,26.655,34.224,53.296,20.222
4436,152.231,2.8,2.716,bbox,26.655,34.224,53.296,20.222
4437,152.265,2.161,2.716,pose,26.655,34.224,53.296,20.222
4438,152.299,2.793,2.791,bbox,26.655,34.224,53.296,20.222
4439,152.334,2.765,2.791,bbox,26.655,34.224,53.296,20.222
4440,152.368,2.083,2.765,pose,26.655,34.224,53.296,20.222
4441,152.402,2.709,2.709,bbox,26.655,34.224,53.342,20.222
4442,152.437,2.669,2.709,bbox,26.655,34.224,53.342,20.222
4443,152.471,2.038,2.669,pose,26.655,34.224,53.342,20.222
4444,152.505,2.615,2.615,bbox,26.655,34.224,53.384,20.222
4445,152.539,2.611,2.615,bbox,26.655,34.224,53.384,20.222
4446,152.574,2.044,2.611,pose,26.655,34.224,53.384,20.222
4447,152.608,2.6,2.6,bbox,26.655,34.224,53.384,20.222
4448,152.642,2.601,2.601,bbox,26.655,34.224,53.384,20.222
4449,152.677,2.034,2.6,pose,26.655,34.224,53.384,20.222
4450,152.711,2.625,2.6,bbox,26.655,34.224,53.384,20.222
4451,152.745,2.603,2.601,bbox,26.655,34.224,53.384,20.222
4452,152.78,2.001,2.601,pose,26.655,34.224,53.384,20.222
4453,152.814,2.565,2.565,bbox,26.655,34.224,53.384,20.222
4454,152.848,2.582,2.582,bbox,26.655,34.224,53.384,20.222
4455,152.883,2.048,2.565,pose,26.655,34.224,53.384,20.222
4456,152.917,2.664,2.565,bbox,26.655,34.224,53.384,20.222
4457,152.951,2.691,2.582,bbox,26.655,34.224,53.384,20.222
4458,152.986,2.147,2.582,pose,26.655,34.224,53.384,20.278
4459,153.02,2.786,2.664,bbox,26.655,34.224,53.384,20.278
4460,153.054,2.78,2.691,bbox,26.655,34.224,53.384,20.278
4461,153.089,2.147,2.691,pose,26.655,34.224,53.384,20.278
4462,153.123,2.741,2.741,bbox,26.655,34.224,53.384,20.278
4463,153.157,2.682,2.741,bbox,26.655,34.224,53.384,20.278
4464,153.191,2.056,2.682,pose,26.655,34.224,53.384,20.278
4465,153.226,2.554,2.554,bbox,26.655,34.224,53.419,20.278
4466,153.26,2.496,2.554,bbox,26.689,34.224,53.45,20.278
4467,153.294,1.992,2.496,pose,26.689,34.224,53.482,20.278
4468,153.329,2.435,2.435,bbox,26.689,34.224,53.516,20.278
4469,153.363,2.424,2.435,bbox,26.689,34.224,53.555,20.278
4470,153.397,2.024,2.424,pose,26.689,34.224,53.555,20.278
4471,153.432,2.43,2.424,bbox,26.689,34.224,53.555,20.278
4472,153.466,2.452,2.43,bbox,26.689,34.224,53.555,20.278
4473,153.5,1.993,2.424,pose,26.689,34.224,53.555,20.278
4474,153.535,2.502,2.43,bbox,26.689,34.224,53.555,20.278
4475,153.569,2.543,2.452,bbox,26.689,34.224,53.555,20.278
4476,153.603,2.061,2.452,pose,26.689,34.224,53.555,20.318
4477,153.638,2.656,2.502,bbox,26.689,34.224,53.555,20.318
4478,153.672,2.714,2.543,bbox,26.689,34.224,53.555,20.318
4479,153.706,2.165,2.543,pose,26.689,34.258,53.555,20.318
4480,153.741,2.804,2.656,bbox,26.689,34.258,53.555,20.394
4481,153.775,2.835,2.714,bbox,26.689,34.258,53.555,20.394
4482,153.809,2.209,2.714,pose,26.689,34.296,53.555,20.394
4483,153.844,2.853,2.804,bbox,26.689,34.296,53.555,20.394
4484,153.878,2.826,2.826,bbox,26.689,34.296,53.555,20.394
4485,153.912,2.207,2.826,pose,26.689,34.332,53.555,20.394
4486,153.946,2.759,2.759,bbox,26.689,34.332,53.593,20.394
4487,153.981,2.736,2.759,bbox,26.689,34.332,53.593,20.394
4488,154.015,2.149,2.736,pose,26.689,34.332,53.593,20.394
4489,154.049,2.676,2.676,bbox,26.689,34.332,53.641,20.394
4490,154.084,2.682,2.682,bbox,26.689,34.332,53.641,20.394
4491,154.118,2.118,2.676,pose,26.689,34.332,53.641,20.394
4492,154.152,2.633,2.633,bbox,26.689,34.332,53.641,20.394
4493,154.187,2.633,2.633,bbox,26.689,34.332,53.641,20.394
4494,154.221,2.021,2.633,pose,26.689,34.332,53.679,20.394
4495,154.255,2.633,2.633,bbox,26.689,34.332,53.679,20.394
4496,154.29,2.64,2.633,bbox,26.689,34.332,53.679,20.394
4497,154.324,1.849,2.633,pose,26.689,34.332,53.757,20.394
4498,154.358,2.583,2.583,bbox,26.689,34.332,53.757,20.394
4499,154.393,2.557,2.583,bbox,26.689,34.332,53.757,20.394
4500,154.427,1.545,2.557,pose,26.689,34.332,53.825,20.394
4501,154.461,2.42,2.42,bbox,26.689,34.332,53.89,20.394
4502,154.496,2.352,2.42,bbox,26.689,34.332,53.974,20.394
4503,154.53,1.48,2.352,pose,26.731,34.332,53.974,20.394
4504,154.564,2.094,2.094,bbox,26.731,34.332,54.04,20.394
4505,154.598,2.001,2.094,bbox,26.731,34.332,54.162,20.394
4506,154.633,1.454,2.001,pose,26.847,34.332,54.229,20.394
4507,154.667,1.794,1.794,bbox,26.847,34.332,54.286,20.394
4508,154.701,1.795,1.795,bbox,26.9,34.332,54.286,20.394
4509,154.736,1.406,1.794,pose,26.95,34.332,54.286,20.394
4510,154.77,1.359,1.454,bbox,26.996,34.332,54.4,20.394
4511,154.804,1.272,1.406,bbox,26.996,34.332,54.434,20.394
4512,154.839,1.21,1.359,pose,27.137,34.332,54.434,20.394
4513,154.873,1.186,1.272,bbox,27.137,34.332,54.434,20.394
4514,154.907,1.15,1.21,bbox,27.228,34.332,54.434,20.394
4515,154.942,0.848,1.186,pose,27.228,34.332,54.434,20.394
4516,154.976,1.185,1.185,bbox,27.297,34.332,54.434,20.47
4517,155.01,1.239,1.185,bbox,27.297,34.332,54.434,20.47
4518,155.045,0.841,1.15,pose,27.297,34.332,54.434,20.532
4519,155.079,1.313,1.185,bbox,27.297,34.332,54.434,20.595
4520,155.113,1.336,1.239,bbox,27.297,34.332,54.434,20.595
4521,155.148,0.857,1.239,pose,27.297,34.332,54.434,20.625
4522,155.182,1.343,1.313,bbox,27.332,34.332,54.434,20.625
4523,155.216,1.339,1.336,bbox,27.332,34.332,54.434,20.661
4524,155.251,0.907,1.336,pose,27.332,34.332,54.434,20.661
4525,155.285,1.268,1.268,bbox,27.332,34.332,54.434,20.661
4526,155.319,1.275,1.275,bbox,27.332,34.332,54.434,20.661
4527,155.353,1.033,1.268,pose,27.332,34.332,54.434,20.661
4528,155.388,1.3,1.268,bbox,27.332,34.332,54.434,20.733
4529,155.422,1.333,1.275,bbox,27.332,34.332,54.434,20.733
4530,155.456,1.386,1.3,pose,27.332,34.332,54.434,20.78
4531,155.491,1.327,1.327,bbox,27.332,34.332,54.434,20.78
4532,155.525,1.307,1.327,bbox,27.332,34.332,54.434,20.78
4533,155.559,1.287,1.327,pose,27.332,34.332,54.434,20.78
4534,155.594,1.274,1.307,bbox,27.332,34.332,54.434,20.78
4535,155.628,1.269,1.287,bbox,27.332,34.332,54.468,20.78
4536,155.662,1.356,1.287,pose,27.332,34.332,54.468,20.78
4537,155.697,1.278,1.278,bbox,27.332,34.373,54.531,20.78
4538,155.731,1.293,1.278,bbox,27.332,34.373,54.531,20.78
4539,155.765,1.313,1.293,pose,27.332,34.373,54.531,20.78
4540,155.8,1.336,1.313,bbox,27.332,34.42,54.531,20.78
4541,155.834,1.375,1.313,bbox,27.332,34.42,54.531,20.78
4542,155.868,1.361,1.336,pose,27.332,34.42,54.531,20.78
4543,155.903,1.43,1.361,bbox,27.332,34.42,54.531,20.837
4544,155.937,1.462,1.375,bbox,27.332,34.42,54.531,20.837
4545,155.971,,,,27.332,34.42,54.531,20.837
4546,156.005,,,,27.332,34.42,54.531,20.837
4547,156.04,,,,27.332,34.42,54.531,20.837
4548,156.074,3.897,1.43,pose,27.332,34.42,54.531,20.871
4549,156.108,4.036,1.462,bbox,27.332,34.496,54.531,20.983
4550,156.143,4.022,3.897,bbox,27.332,34.496,54.531,20.983
4551,156.177,3.79,3.897,pose,27.332,34.496,54.531,20.983
4552,156.211,3.98,3.98,bbox,27.332,34.496,54.531,20.983
4553,156.246,3.998,3.998,bbox,27.332,34.496,54.531,20.983
4554,156.28,3.751,3.98,pose,27.332,34.496,54.531,21.02
4555,156.314,4.037,3.98,bbox,27.332,34.496,54.531,21.02
4556,156.349,4.071,3.998,bbox,27.332,34.496,54.531,21.02
4557,156.383,3.783,3.998,pose,27.332,34.496,54.531,21.02
4558,156.417,4.053,4.037,bbox,27.332,34.496,54.531,21.083
4559,156.452,4.058,4.053,bbox,27.332,34.496,54.531,21.083
4560,156.486,3.763,4.053,pose,27.332,34.496,54.531,21.083
4561,156.52,4.034,4.034,bbox,27.332,34.496,54.531,21.083
4562,156.555,4.024,4.034,bbox,27.37,34.496,54.531,21.083
4563,156.589,3.722,4.024,pose,27.37,34.496,54.531,21.083
4564,156.623,3.97,3.97,bbox,27.37,34.496,54.531,21.083
4565,156.658,3.912,3.97,bbox,27.37,34.496,54.531,21.083
4566,156.692,3.655,3.912,pose,27.37,34.496,54.531,21.083
4567,156.726,3.834,3.834,bbox,27.427,34.496,54.563,21.083
4568,156.76,3.797,3.834,bbox,27.474,34.496,54.636,21.083
4569,156.795,3.503,3.797,pose,27.474,34.496,54.636,21.083
4570,156.829,3.788,3.788,bbox,27.474,34.496,54.746,21.083
4571,156.863,3.784,3.788,bbox,27.474,34.496,54.789,21.083
4572,156.898,3.34,3.784,pose,27.474,34.496,54.789,21.083
4573,156.932,3.764,3.764,bbox,27.474,34.496,54.845,21.083
4574,156.966,3.766,3.766,bbox,27.474,34.496,54.875,21.083
4575,157.001,3.241,3.764,pose,27.474,34.496,54.875,21.083
4576,157.035,3.779,3.764,bbox,27.474,34.496,54.931,21.083
4577,157.069,3.739,3.764,bbox,27.474,34.496,54.931,21.083
4578,157.104,3.151,3.739,pose,27.474,34.496,54.931,21.083
4579,157.138,3.651,3.651,bbox,27.538,34.496,54.978,21.083
4580,157.172,3.58,3.651,bbox,27.538,34.496,55.01,21.083
4581,157.207,3.085,3.58,pose,27.538,34.496,55.066,21.083
4582,157.241,3.452,3.452,bbox,27.538,34.496,55.066,21.083
4583,157.275,3.392,3.452,bbox,27.575,34.496,55.066,21.083
4584,157.31,3.021,3.392,pose,27.575,34.496,55.066,21.083
4585,157.344,3.169,3.169,bbox,27.575,34.496,55.115,21.083
4586,157.378,3.179,3.179,bbox,27.575,34.496,55.195,21.083
4587,157.412,3.142,3.169,bbox,27.575,34.496,55.265,21.083
4588,157.447,3.134,3.142,bbox,27.575,34.496,55.391,21.083
4589,157.481,3.083,3.142,bbox,27.575,34.496,55.429,21.083
4590,157.515,3.052,3.134,bbox,27.611,34.496,55.429,21.083
4591,157.55,3.022,3.083,bbox,27.611,34.496,55.471,21.083
4592,157.584,2.971,3.052,bbox,27.653,34.496,55.506,21.083
4593,157.618,2.62,3.022,pose,27.698,34.496,55.506,21.083
4594,157.653,2.852,2.971,bbox,27.698,34.496,55.564,21.083
4595,157.687,2.866,2.866,bbox,27.757,34.496,55.632,21.083
4596,157.721,2.503,2.852,pose,27.757,34.496,55.632,21.083
4597,157.756,2.856,2.852,bbox,27.805,34.496,55.757,21.083
4598,157.79,2.82,2.852,bbox,27.852,34.496,55.757,21.083
4599,157.824,2.272,2.82,pose,27.852,34.496,55.757,21.083
4600,157.859,2.72,2.72,bbox,27.928,34.496,55.757,21.083
4601,157.893,2.684,2.72,bbox,27.986,34.496,55.757,21.083
4602,157.927,2.143,2.684,pose,27.986,34.496,55.757,21.083
4603,157.962,2.64,2.64,bbox,28.086,34.496,55.757,21.083
4604,157.996,2.629,2.64,bbox,28.086,34.496,55.757,21.083
4605,158.03,2.109,2.629,pose,28.086,34.496,55.757,21.083
4606,158.065,2.607,2.607,bbox,28.086,34.496,55.757,21.083
4607,158.099,2.613,2.613,bbox,28.086,34.496,55.788,21.083
4608,158.133,2.183,2.607,pose,28.086,34.496,55.788,21.083
4609,158.167,2.629,2.607,bbox,28.118,34.496,55.788,21.083
4610,158.202,2.673,2.613,bbox,28.118,34.496,55.788,21.083
4611,158.236,2.227,2.613,pose,28.118,34.496,55.788,21.083
4612,158.27,2.659,2.629,bbox,28.17,34.496,55.788,21.083
4613,158.305,2.677,2.659,bbox,28.17,34.496,55.788,21.083
4614,158.339,2.201,2.659,pose,28.17,34.496,55.788,21.083
4615,158.373,2.677,2.659,bbox,28.17,34.546,55.788,21.083
4616,158.408,2.702,2.677,bbox,28.17,34.546,55.788,21.083
4617,158.442,2.189,2.677,pose,28.17,34.546,55.788,21.083
4618,158.476,2.789,2.677,bbox,28.17,34.599,55.788,21.083
4619,158.511,2.828,2.702,bbox,28.17,34.599,55.788,21.13
4620,158.545,2.274,2.702,pose,28.17,34.599,55.788,21.13
4621,158.579,2.903,2.789,bbox,28.17,34.632,55.788,21.13
4622,158.614,2.92,2.828,bbox,28.17,34.632,55.788,21.13
4623,158.648,2.319,2.828,pose,28.17,34.632,55.788,21.13
4624,158.682,2.906,2.903,bbox,28.17,34.632,55.788,21.13
4625,158.717,2.902,2.903,bbox,28.17,34.632,55.788,21.13
4626,158.751,2.268,2.902,pose,28.17,34.632,55.788,21.13
4627,158.785,2.865,2.865,bbox,28.17,34.632,55.788,21.13
4628,158.819,2.844,2.865,bbox,28.17,34.632,55.788,21.13
4629,158.854,2.258,2.844,pose,28.17,34.632,55.788,21.13
4630,158.888,2.874,2.844,bbox,28.17,34.632,55.788,21.13
4631,158.922,2.893,2.865,bbox,28.17,34.632,55.788,21.13
4632,158.957,2.314,2.844,pose,28.17,34.632,55.788,21.13
4633,158.991,2.949,2.874,bbox,28.17,34.632,55.788,21.13
4634,159.025,2.971,2.893,bbox,28.17,34.632,55.788,21.13
4635,159.06,2.319,2.893,pose,28.17,34.632,55.788,21.13
4636,159.094,2.963,2.949,bbox,28.17,34.632,55.788,21.167
4637,159.128,2.948,2.949,bbox,28.17,34.632,55.788,21.167
4638,159.163,2.282,2.948,pose,28.17,34.632,55.788,21.167
4639,159.197,2.912,2.912,bbox,28.17,34.632,55.788,21.167
4640,159.231,2.912,2.912,bbox,28.17,34.632,55.788,21.167
4641,159.266,2.294,2.912,pose,28.17,34.632,55.788,21.167
4642,159.3,3.008,2.912,bbox,28.17,34.632,55.788,21.167
4643,159.334,3.035,2.912,bbox,28.17,34.632,55.788,21.167
4644,159.369,2.412,2.912,pose,28.17,34.632,55.788,21.167
4645,159.403,3.074,3.008,bbox,28.17,34.632,55.788,21.215
4646,159.437,3.042,3.035,bbox,28.17,34.632,55.788,21.246
4647,159.472,2.254,3.035,pose,28.17,34.632,55.788,21.246
4648,159.506,2.981,2.981,bbox,28.214,34.632,55.788,21.246
4649,159.54,2.915,2.981,bbox,28.276,34.632,55.788,21.246
4650,159.574,2.124,2.915,pose,28.327,34.632,55.788,21.246
4651,159.609,2.782,2.782,bbox,28.327,34.632,55.788,21.246
4652,159.643,2.698,2.782,bbox,28.327,34.632,55.788,21.246
4653,159.677,2.148,2.698,pose,28.43,34.632,55.788,21.246
4654,159.712,2.643,2.643,bbox,28.47,34.632,55.788,21.246
4655,159.746,2.625,2.643,bbox,28.553,34.632,55.788,21.246
4656,159.78,2.118,2.625,pose,28.553,34.632,55.788,21.246
4657,159.815,2.695,2.625,bbox,28.553,34.632,55.788,21.333
4658,159.849,2.708,2.643,bbox,28.616,34.632,55.788,21.333
4659,159.883,1.938,2.625,pose,28.616,34.632,55.788,21.333
4660,159.918,2.708,2.695,bbox,28.652,34.632,55.788,21.416
4661,159.952,2.68,2.695,bbox,28.652,34.632,55.788,21.416
4662,159.986,2.685,2.685,bbox,28.701,34.632,55.788,21.449
4663,160.021,2.82,2.685,bbox,28.701,34.632,55.788,21.449
4664,160.055,2.957,2.708,bbox,28.701,34.632,55.788,21.508
4665,160.089,2.373,2.685,pose,28.701,34.632,55.788,21.508
4666,160.124,3.04,2.82,bbox,28.701,34.632,55.788,21.597
4667,160.158,3.032,2.957,bbox,28.701,34.632,55.788,21.654
4668,160.192,2.526,2.957,pose,28.701,34.632,55.788,21.753
4669,160.226,3.101,3.032,bbox,28.701,34.683,55.788,21.804
4670,160.261,3.236,3.04,bbox,28.701,34.683,55.788,21.856
4671,160.295,2.651,3.032,pose,28.701,34.683,55.788,21.856
4672,160.329,3.336,3.101,bbox,28.701,34.727,55.788,21.856
4673,160.364,3.358,3.236,bbox,28.701,34.727,55.788,21.856
4674,160.398,2.648,3.236,pose,28.701,34.727,55.788,21.904
4675,160.432,3.32,3.32,bbox,28.701,34.727,55.788,21.904
4676,160.467,3.245,3.32,bbox,28.701,34.727,55.788,21.935
4677,160.501,2.507,3.245,pose,28.701,34.727,55.788,21.935
4678,160.535,3.203,3.203,bbox,28.701,34.727,55.788,21.935
4679,160.57,3.215,3.215,bbox,28.701,34.727,55.788,21.935
4680,160.604,2.553,3.203,pose,28.701,34.727,55.788,21.935
4681,160.638,3.237,3.203,bbox,28.701,34.727,55.788,21.935
4682,160.673,3.259,3.215,bbox,28.701,34.727,55.788,21.965
4683,160.707,3.3,3.237,bbox,28.701,34.758,55.788,21.965
4684,160.741,3.357,3.259,bbox,28.701,34.8,55.788,21.965
4685,160.776,3.376,3.3,bbox,28.701,34.8,55.788,21.965
4686,160.81,2.685,3.3,pose,28.701,34.8,55.788,21.965
4687,160.844,3.385,3.357,bbox,28.701,34.8,55.788,21.965
4688,160.879,3.366,3.366,bbox,28.701,34.8,55.788,21.965
4689,160.913,2.661,3.366,pose,28.701,34.8,55.788,21.965
4690,160.947,3.322,3.322,bbox,28.701,34.8,55.788,21.965
4691,160.981,3.26,3.322,bbox,28.701,34.8,55.788,21.965
4692,161.016,2.587,3.26,pose,28.701,34.8,55.788,21.965
4693,161.05,3.219,3.219,bbox,28.701,34.8,55.788,21.965
4694,161.084,3.216,3.219,bbox,28.701,34.8,55.788,21.965
4695,161.119,2.647,3.216,pose,28.701,34.8,55.788,21.965
4696,161.153,3.22,3.216,bbox,28.701,34.8,55.788,21.965
4697,161.187,3.212,3.216,bbox,28.701,34.8,55.788,21.965
4698,161.222,2.657,3.212,pose,28.701,34.8,55.788,21.965
4699,161.256,3.244,3.212,bbox,28.758,34.8,55.788,21.965
4700,161.29,3.251,3.22,bbox,28.758,34.8,55.788,21.965
4701,161.325,2.673,3.212,pose,28.758,34.8,55.788,21.965
4702,161.359,3.261,3.244,bbox,28.758,34.8,55.788,21.965
4703,161.393,3.264,3.251,bbox,28.758,34.8,55.788,21.965
4704,161.428,2.634,3.251,pose,28.758,34.8,55.788,21.965
4705,161.462,3.244,3.244,bbox,28.758,34.8,55.788,21.965
4706,161.496,3.202,3.244,bbox,28.758,34.8,55.788,21.965
4707,161.531,2.435,3.202,pose,28.758,34.8,55.788,21.965
4708,161.565,3.079,3.079,bbox,28.758,34.8,55.788,21.965
4709,161.599,3.067,3.079,bbox,28.795,34.8,55.82,21.965
4710,161.633,2.212,3.067,pose,28.795,34.8,55.82,21.965
4711,161.668,3.034,3.034,bbox,28.869,34.8,55.923,21.965
4712,161.702,3.04,3.04,bbox,28.869,34.8,55.923,21.965
4713,161.736,2.157,3.034,pose,28.907,34.8,55.923,21.965
4714,161.771,3.003,3.003,bbox,28.907,34.8,55.984,21.965
4715,161.805,2.962,3.003,bbox,28.907,34.8,55.984,21.965
4716,161.839,2.033,2.962,pose,28.998,34.8,55.984,21.965
4717,161.874,2.852,2.852,bbox,28.998,34.8,55.984,21.965
4718,161.908,2.781,2.852,bbox,29.048,34.8,56.06,21.965
4719,161.942,1.985,2.781,pose,29.097,34.8,56.06,21.965
4720,161.977,2.696,2.696,bbox,29.145,34.8,56.189,21.965
4721,162.011,2.656,2.696,bbox,29.145,34.8,56.248,21.965
4722,162.045,1.926,2.656,pose,29.145,34.8,56.248,21.965
4723,162.08,2.595,2.595,bbox,29.145,34.8,56.325,21.965
4724,162.114,2.57,2.595,bbox,29.145,34.8,56.325,21.965
4725,162.148,2.007,2.57,pose,29.145,34.841,56.365,21.965
4726,162.183,2.661,2.57,bbox,29.145,34.878,56.434,21.965
4727,162.217,2.723,2.595,bbox,29.145,34.976,56.434,21.965
4728,162.251,2.258,2.57,pose,29.145,34.976,56.434,21.965
4729,162.286,2.848,2.661,bbox,29.145,35.034,56.434,22.036
4730,162.32,2.949,2.723,bbox,29.145,35.13,56.434,22.069
4731,162.354,2.377,2.723,pose,29.145,35.13,56.434,22.107
4732,162.388,3.158,2.848,bbox,29.145,35.17,56.434,22.107
4733,162.423,3.226,2.949,bbox,29.145,35.27,56.434,22.199
4734,162.457,2.574,2.949,pose,29.145,35.325,56.434,22.24
4735,162.491,3.375,3.158,bbox,29.145,35.368,56.434,22.24
4736,162.526,3.426,3.226,bbox,29.145,35.428,56.434,22.24
4737,162.56,2.509,3.226,pose,29.145,35.428,56.434,22.24
4738,162.594,3.468,3.375,bbox,29.145,35.428,56.434,22.24
4739,162.629,3.452,3.426,bbox,29.145,35.428,56.434,22.24
4740,162.663,2.517,3.426,pose,29.145,35.428,56.434,22.24
4741,162.697,3.417,3.417,bbox,29.145,35.5,56.434,22.24
4742,162.732,3.379,3.417,bbox,29.145,35.5,56.434,22.24
4743,162.766,3.313,3.379,bbox,29.145,35.533,56.434,22.24
4744,162.8,3.22,3.313,bbox,29.145,35.533,56.434,22.24
4745,162.835,3.204,3.313,bbox,29.145,35.533,56.434,22.24
4746,162.869,2.545,3.22,pose,29.145,35.533,56.487,22.24
4747,162.903,3.099,3.204,bbox,29.145,35.533,56.525,22.24
4748,162.938,3.072,3.099,bbox,29.145,35.533,56.611,22.24
4749,162.972,2.576,3.072,pose,29.145,35.533,56.728,22.24
4750,163.006,3.048,3.048,bbox,29.145,35.533,56.776,22.24
4751,163.04,3.026,3.048,bbox,29.145,35.533,56.828,22.24
4752,163.075,2.333,3.026,pose,29.145,35.533,56.93,22.24
4753,163.109,2.966,2.966,bbox,29.145,35.533,56.979,22.24
4754,163.143,2.975,2.975,bbox,29.145,35.533,56.979,22.24
4755,163.178,2.156,2.966,pose,29.145,35.569,56.979,22.24
4756,163.212,2.88,2.88,bbox,29.145,35.632,57.048,22.24
4757,163.246,2.866,2.88,bbox,29.145,35.665,57.091,22.24
4758,163.281,2.016,2.866,pose,29.145,35.665,57.091,22.24
4759,163.315,2.841,2.841,bbox,29.145,35.749,57.173,22.24
4760,163.349,2.816,2.841,bbox,29.145,35.749,57.305,22.24
4761,163.384,1.665,2.816,pose,29.145,35.749,57.38,22.24
4762,163.418,2.761,2.761,bbox,29.145,35.781,57.468,22.24
4763,163.452,2.87,2.816,bbox,29.145,35.866,57.468,22.24
4764,163.487,1.684,2.761,pose,29.145,35.866,57.55,22.24
4765,163.521,2.716,2.716,bbox,29.145,35.902,57.582,22.24
4766,163.555,2.7,2.716,bbox,29.145,35.964,57.582,22.24
4767,163.59,1.777,2.7,pose,29.145,35.996,57.654,22.24
4768,163.624,2.654,2.654,bbox,29.145,35.996,57.742,22.24
4769,163.658,2.617,2.654,bbox,29.145,36.078,57.742,22.24
4770,163.693,2.043,2.617,pose,29.145,36.136,57.881,22.24
4771,163.727,2.549,2.549,bbox,29.145,36.191,57.929,22.24
4772,163.761,2.46,2.549,bbox,29.145,36.313,57.969,22.24
4773,163.795,2.362,2.46,pose,29.145,36.313,58.062,22.24
4774,163.83,2.329,2.362,bbox,29.145,36.356,58.171,22.24
4775,163.864,2.32,2.362,bbox,29.145,36.356,58.285,22.24
4776,163.898,2.292,2.329,pose,29.145,36.426,58.285,22.24
4777,163.933,2.391,2.329,bbox,29.145,36.457,58.285,22.24
4778,163.967,2.45,2.329,bbox,29.145,36.586,58.342,22.24
4779,164.001,2.281,2.32,pose,29.145,36.586,58.342,22.24
4780,164.036,2.528,2.391,bbox,29.145,36.64,58.342,22.287
4781,164.07,2.543,2.45,bbox,29.145,36.721,58.342,22.287
4782,164.104,2.151,2.45,pose,29.145,36.721,58.342,22.287
4783,164.139,2.58,2.528,bbox,29.145,36.721,58.342,22.287
4784,164.173,2.573,2.543,bbox,29.145,36.773,58.342,22.287
4785,164.207,2.064,2.543,pose,29.145,36.817,58.342,22.287
4786,164.242,2.57,2.57,bbox,29.145,36.871,58.342,22.287
4787,164.276,2.573,2.573,bbox,29.145,36.95,58.387,22.287
4788,164.31,2.571,2.571,bbox,29.145,37.009,58.387,22.287
4789,164.345,2.608,2.571,bbox,29.145,37.04,58.507,22.287
4790,164.379,2.636,2.573,bbox,29.145,37.087,58.559,22.287
4791,164.413,2.71,2.608,bbox,29.145,37.145,58.559,22.287
4792,164.447,2.719,2.636,bbox,29.145,37.198,58.559,22.287
4793,164.482,2.733,2.71,bbox,29.145,37.266,58.559,22.287
4794,164.516,2.715,2.715,bbox,29.145,37.299,58.559,22.287
4795,164.55,2.706,2.715,bbox,29.145,37.299,58.559,22.287
4796,164.585,2.673,2.715,bbox,29.145,37.299,58.621,22.287
4797,164.619,2.677,2.706,bbox,29.145,37.299,58.621,22.287
4798,164.653,2.604,2.677,bbox,29.145,37.299,58.665,22.287
4799,164.688,2.59,2.673,bbox,29.145,37.299,58.747,22.287
4800,164.722,2.565,2.604,bbox,29.145,37.329,58.82,22.287
4801,164.756,2.55,2.59,bbox,29.145,37.329,58.82,22.287
4802,164.791,2.548,2.565,bbox,29.145,37.329,58.896,22.287
4803,164.825,2.552,2.552,bbox,29.145,37.329,58.896,22.287
4804,164.859,2.622,2.552,bbox,29.145,37.329,58.977,22.287
4805,164.894,2.643,2.552,bbox,29.145,37.329,59.018,22.287
4806,164.928,2.65,2.622,bbox,29.145,37.329,59.018,22.287
4807,164.962,2.612,2.622,bbox,29.145,37.329,59.018,22.287
4808,164.997,2.652,2.643,bbox,29.19,37.329,59.018,22.287
4809,165.031,2.664,2.65,bbox,29.288,37.329,59.018,22.32
4810,165.065,2.67,2.652,bbox,29.325,37.329,59.018,22.32
4811,165.1,,,,29.325,37.329,59.018,22.32
4812,165.134,2.722,2.664,bbox,29.325,37.329,59.018,22.355
4813,165.168,2.5,2.664,bbox,29.36,37.329,59.018,22.393
4814,165.202,2.7,2.67,bbox,29.48,37.329,59.018,22.52
4815,165.237,1.907,2.67,pose,29.539,37.329,59.018,22.603
4816,165.271,,,,29.539,37.329,59.018,22.603
4817,165.305,,,,29.539,37.329,59.018,22.603
4818,165.34,,,,29.539,37.329,59.018,22.603
4819,165.374,,,,29.539,37.329,59.018,22.603
4820,165.408,,,,29.539,37.329,59.018,22.603
4821,165.443,3.276,2.7,bbox,29.539,37.329,59.018,22.652
4822,165.477,3.177,2.7,bbox,29.539,37.329,59.018,22.652
4823,165.511,3.104,3.104,bbox,29.539,37.329,59.018,22.726
4824,165.546,2.781,3.104,bbox,29.539,37.387,59.018,22.726
4825,165.58,2.908,3.104,bbox,29.539,37.387,59.018,22.726
4826,165.614,2.878,2.908,bbox,29.539,37.387,59.101,22.726
4827,165.649,1.887,2.878,pose,29.539,37.387,59.185,22.726
4828,165.683,2.756,2.781,bbox,29.539,37.387,59.185,22.726
4829,165.717,2.647,2.756,bbox,29.539,37.387,59.185,22.726
4830,165.752,2.568,2.647,bbox,29.539,37.455,59.185,22.726
4831,165.786,2.452,2.568,bbox,29.539,37.455,59.307,22.726
4832,165.82,2.338,2.568,bbox,29.539,37.503,59.397,22.726
4833,165.854,1.831,2.452,pose,29.539,37.503,59.397,22.726
4834,165.889,2.311,2.338,bbox,29.539,37.503,59.437,22.726
4835,165.923,2.271,2.311,bbox,29.539,37.503,59.518,22.726
4836,165.957,2.267,2.271,bbox,29.539,37.503,59.576,22.726
4837,165.992,2.255,2.267,bbox,29.539,37.535,59.626,22.726
4838,166.026,2.267,2.267,bbox,29.539,37.535,59.626,22.726
4839,166.06,1.339,2.267,pose,29.539,37.583,59.74,22.726
4840,166.095,2.11,2.255,bbox,29.539,37.631,59.807,22.726
4841,166.129,2.066,2.11,bbox,29.539,37.674,59.905,22.726
4842,166.163,2.247,2.11,pose,29.539,37.74,60.028,22.726
4843,166.198,1.971,2.066,bbox,29.539,37.8,60.105,22.726
4844,166.232,1.827,2.066,bbox,29.539,37.8,60.192,22.726
4845,166.266,1.789,1.971,bbox,29.539,37.8,60.234,22.726
4846,166.301,1.753,1.827,bbox,29.539,37.838,60.234,22.726
4847,166.335,1.756,1.789,bbox,29.539,37.838,60.306,22.726
4848,166.369,1.196,1.756,pose,29.539,37.887,60.432,22.726
4849,166.404,1.667,1.753,bbox,29.539,37.949,60.527,22.726
4850,166.438,1.653,1.667,bbox,29.539,37.982,60.527,22.726
4851,166.472,1.32,1.653,pose,29.539,38.014,60.619,22.726
4852,166.507,1.649,1.649,bbox,29.539,38.014,60.652,22.726
4853,166.541,1.71,1.653,bbox,29.539,38.014,60.69,22.726
4854,166.575,1.722,1.653,bbox,29.539,38.158,60.69,22.726
4855,166.609,1.794,1.71,bbox,29.539,38.214,60.725,22.726
4856,166.644,1.818,1.722,bbox,29.539,38.214,60.766,22.726
4857,166.678,1.891,1.794,pose,29.539,38.329,60.766,22.726
4858,166.712,1.889,1.818,bbox,29.539,38.394,60.825,22.726
4859,166.747,1.989,1.889,bbox,29.539,38.448,60.863,22.726
4860,166.781,1.958,1.891,pose,29.539,38.515,60.863,22.726
4861,166.815,2.198,1.958,bbox,29.539,38.515,60.863,22.766
4862,166.85,2.284,1.989,bbox,29.539,38.659,60.863,22.766
4863,166.884,2.235,2.198,pose,29.539,38.71,60.863,22.766
4864,166.918,2.568,2.235,bbox,29.539,38.71,60.863,22.766
4865,166.953,2.661,2.284,bbox,29.539,38.827,60.863,22.766
4866,166.987,2.488,2.488,pose,29.539,38.916,60.863,22.805
4867,167.021,2.661,2.568,bbox,29.539,38.949,60.863,22.845
4868,167.056,2.781,2.661,bbox,29.539,39.001,60.863,22.845
4869,167.09,2.493,2.661,pose,29.539,39.035,60.863,22.878
4870,167.124,2.887,2.661,bbox,29.539,39.092,60.863,22.878
4871,167.159,2.856,2.781,bbox,29.539,39.092,60.863,22.878
4872,167.193,2.439,2.781,pose,29.539,39.126,60.863,22.878
4873,167.227,2.818,2.818,bbox,29.539,39.126,60.863,22.878
4874,167.261,2.809,2.818,bbox,29.539,39.126,60.863,22.878
4875,167.296,2.364,2.809,pose,29.539,39.126,60.863,22.878
4876,167.33,2.767,2.767,bbox,29.539,39.126,60.863,22.878
4877,167.364,2.729,2.767,bbox,29.539,39.126,60.901,22.878
4878,167.399,2.773,2.767,bbox,29.539,39.126,60.901,22.878
4879,167.433,2.674,2.729,bbox,29.539,39.126,60.901,22.878
4880,167.467,2.608,2.729,bbox,29.569,39.126,60.901,22.878
4881,167.502,2.044,2.674,pose,29.569,39.126,60.901,22.878
4882,167.536,2.468,2.608,bbox,29.569,39.126,60.963,22.878
4883,167.57,2.349,2.468,bbox,29.569,39.126,61.001,22.878
4884,167.605,2.256,2.349,bbox,29.606,39.126,61.08,22.878
4885,167.639,2.191,2.256,bbox,29.606,39.126,61.146,22.878
4886,167.673,2.142,2.256,bbox,29.606,39.126,61.258,22.878
4887,167.708,2.066,2.191,bbox,29.606,39.126,61.324,22.878
4888,167.742,2.027,2.142,bbox,29.606,39.126,61.324,22.878
4889,167.776,2.009,2.066,bbox,29.606,39.126,61.419,22.878
4890,167.811,1.558,2.027,pose,29.606,39.126,61.419,22.878
4891,167.845,1.96,2.009,bbox,29.606,39.126,61.469,22.878
4892,167.879,1.966,1.966,bbox,29.606,39.126,61.507,22.878
4893,167.914,1.258,1.96,pose,29.606,39.126,61.574,22.878
4894,167.948,1.973,1.96,bbox,29.606,39.194,61.629,22.878
4895,167.982,1.973,1.966,bbox,29.606,39.194,61.629,22.878
4896,168.016,1.751,1.966,pose,29.606,39.232,61.75,22.878
4897,168.051,1.95,1.95,bbox,29.606,39.271,61.803,22.878
4898,168.085,1.926,1.95,bbox,29.606,39.271,61.803,22.878
4899,168.119,1.003,1.926,pose,29.606,39.271,61.91,22.878
4900,168.154,1.869,1.869,bbox,29.606,39.308,61.986,22.878
4901,168.188,1.95,1.926,bbox,29.606,39.308,62.068,22.878
4902,168.222,1.051,1.869,pose,29.606,39.308,62.068,22.878
4903,168.257,1.836,1.836,bbox,29.606,39.345,62.068,22.878
4904,168.291,1.754,1.836,bbox,29.606,39.345,62.124,22.878
4905,168.325,1.797,1.797,bbox,29.606,39.345,62.124,22.878
4906,168.36,1.64,1.754,bbox,29.606,39.345,62.124,22.878
4907,168.394,1.666,1.754,bbox,29.65,39.345,62.172,22.878
4908,168.428,1.106,1.666,pose,29.65,39.345,62.172,22.878
4909,168.463,1.688,1.666,bbox,29.699,39.345,62.172,22.878
4910,168.497,1.711,1.666,bbox,29.699,39.345,62.202,22.878
4911,168.531,1.098,1.666,pose,29.699,39.345,62.202,22.878
4912,168.566,1.7,1.688,bbox,29.699,39.345,62.202,22.878
4913,168.6,1.682,1.688,bbox,29.699,39.345,62.202,22.878
4914,168.634,1.107,1.682,pose,29.699,39.345,62.241,22.878
4915,168.668,1.664,1.664,bbox,29.699,39.385,62.241,22.878
4916,168.703,1.67,1.67,bbox,29.699,39.385,62.241,22.878
4917,168.737,1.104,1.664,pose,29.699,39.425,62.277,22.878
4918,168.771,1.785,1.664,bbox,29.699,39.516,62.277,22.878
4919,168.806,1.832,1.67,bbox,29.699,39.516,62.277,22.878
4920,168.84,1.153,1.67,pose,29.699,39.547,62.277,22.878
4921,168.874,1.899,1.785,bbox,29.699,39.578,62.277,22.878
4922,168.909,1.931,1.832,bbox,29.699,39.578,62.277,22.878
4923,168.943,1.392,1.832,pose,29.699,39.578,62.277,22.91
4924,168.977,1.954,1.899,bbox,29.699,39.578,62.277,22.91
4925,169.012,1.956,1.931,bbox,29.699,39.578,62.277,22.91
4926,169.046,1.671,1.931,pose,29.699,39.578,62.277,22.91
4927,169.08,1.93,1.93,bbox,29.699,39.578,62.277,22.91
4928,169.115,1.941,1.941,bbox,29.699,39.578,62.277,22.91
4929,169.149,1.733,1.93,pose,29.699,39.578,62.277,22.91
4930,169.183,2.001,1.93,bbox,29.699,39.673,62.277,22.91
4931,169.218,2.001,1.941,bbox,29.699,39.673,62.277,22.91
4932,169.252,1.718,1.941,pose,29.699,39.718,62.277,22.91
4933,169.286,1.986,1.986,bbox,29.699,39.718,62.277,22.91
4934,169.321,1.963,1.986,bbox,29.699,39.718,62.277,22.91
4935,169.355,1.753,1.963,pose,29.699,39.718,62.277,22.91
4936,169.389,1.896,1.896,bbox,29.699,39.718,62.277,22.91
4937,169.423,1.863,1.896,bbox,29.699,39.718,62.277,22.91
4938,169.458,1.88,1.88,pose,29.699,39.718,62.277,22.91
4939,169.492,1.841,1.863,bbox,29.734,39.718,62.317,22.91
4940,169.526,1.778,1.863,bbox,29.774,39.718,62.317,22.91
4941,169.561,1.704,1.841,bbox,29.819,39.718,62.317,22.91
4942,169.595,1.599,1.778,bbox,29.883,39.718,62.317,22.963
4943,169.629,1.556,1.704,bbox,29.981,39.718,62.317,22.963
4944,169.664,1.512,1.599,bbox,30.083,39.718,62.317,22.963
4945,169.698,1.488,1.556,bbox,30.126,39.718,62.317,22.963
4946,169.732,1.492,1.512,bbox,30.161,39.718,62.317,22.963
4947,169.767,1.314,1.492,pose,30.161,39.718,62.317,23.006
4948,169.801,1.471,1.488,bbox,30.161,39.718,62.317,23.006
4949,169.835,1.467,1.471,bbox,30.2,39.718,62.317,23.059
4950,169.87,1.589,1.471,bbox,30.299,39.718,62.317,23.136
4951,169.904,1.539,1.471,bbox,30.391,39.718,62.317,23.194
4952,169.938,1.393,1.471,bbox,30.452,39.718,62.317,23.261
4953,169.973,1.363,1.467,bbox,30.511,39.718,62.317,23.382
4954,170.007,1.446,1.446,bbox,30.549,39.718,62.317,23.419
4955,170.041,1.24,1.393,bbox,30.581,39.718,62.317,23.455
4956,170.075,1.144,1.363,bbox,30.581,39.718,62.317,23.512
4957,170.11,1.062,1.24,bbox,30.581,39.718,62.317,23.512
4958,170.144,1.145,1.145,bbox,30.678,39.718,62.317,23.512
4959,170.178,1.196,1.145,bbox,30.796,39.718,62.317,23.512
4960,170.213,1.302,1.145,bbox,30.796,39.718,62.317,23.621
4961,170.247,1.488,1.196,bbox,30.796,39.718,62.317,23.678
4962,170.281,1.35,1.302,bbox,30.796,39.718,62.317,23.729
4963,170.316,1.451,1.35,bbox,30.796,39.718,62.317,23.8
4964,170.35,1.634,1.451,bbox,30.796,39.754,62.317,23.8
4965,170.384,1.671,1.488,bbox,30.796,39.754,62.317,23.914
4966,170.419,1.62,1.62,bbox,30.796,39.754,62.317,23.914
4967,170.453,2.0,1.634,bbox,30.796,39.754,62.317,23.993
4968,170.487,2.455,1.671,bbox,30.796,39.754,62.317,24.137
4969,170.522,2.595,2.0,bbox,30.796,39.754,62.317,24.137
4970,170.556,2.581,2.455,bbox,30.926,39.754,62.317,24.137
4971,170.59,2.542,2.542,pose,30.966,39.754,62.317,24.137
4972,170.625,2.737,2.581,bbox,30.966,39.754,62.317,24.198
4973,170.659,2.75,2.595,bbox,30.966,39.754,62.317,24.294
4974,170.693,2.781,2.737,bbox,30.966,39.754,62.317,24.294
4975,170.728,2.802,2.75,bbox,30.966,39.754,62.317,24.294
4976,170.762,2.693,2.75,bbox,30.966,39.754,62.317,24.294
4977,170.796,2.293,2.75,pose,30.966,39.754,62.317,24.344
4978,170.83,2.731,2.731,bbox,30.966,39.787,62.317,24.344
4979,170.865,2.669,2.693,bbox,30.966,39.787,62.317,24.344
4980,170.899,1.915,2.669,pose,30.966,39.787,62.317,24.344
4981,170.933,2.585,2.585,bbox,30.966,39.787,62.317,24.344
4982,170.968,2.581,2.585,bbox,30.966,39.787,62.317,24.344
4983,171.002,1.752,2.581,pose,30.966,39.787,62.317,24.344
4984,171.036,2.47,2.47,bbox,30.966,39.787,62.317,24.344
4985,171.071,2.358,2.47,bbox,30.966,39.787,62.317,24.344
4986,171.105,1.614,2.358,pose,30.966,39.787,62.317,24.344
4987,171.139,2.2,2.2,bbox,30.966,39.787,62.317,24.344
4988,171.174,2.196,2.2,bbox,30.966,39.787,62.466,24.344
4989,171.208,1.559,2.196,pose,30.966,39.787,62.511,24.344
4990,171.242,1.969,1.969,bbox,30.966,39.787,62.55,24.344
4991,171.277,1.918,1.969,bbox,30.966,39.787,62.55,24.344
4992,171.311,1.553,1.918,pose,30.966,39.836,62.678,24.344
4993,171.345,1.781,1.781,bbox,30.966,39.891,62.728,24.344
4994,171.38,1.709,1.781,bbox,30.966,39.891,62.783,24.344
4995,171.414,1.545,1.709,pose,30.966,39.891,62.783,24.344
4996,171.448,1.548,1.553,bbox,30.966,39.891,62.783,24.344
4997,171.482,1.481,1.548,bbox,30.966,39.891,62.892,24.344
4998,171.517,1.813,1.548,pose,30.966,39.891,62.958,24.344
4999,171.551,1.315,1.545,bbox,31.017,39.891,63.077,24.344
5000,171.585,1.234,1.481,bbox,31.065,39.891,63.149,24.344
5001,171.62,1.168,1.315,pose,31.065,39.891,63.149,24.344
5002,171.654,1.101,1.234,bbox,31.173,39.891,63.285,24.344
5003,171.688,1.111,1.168,bbox,31.234,39.891,63.348,24.344
5004,171.723,1.002,1.111,pose,31.234,39.891,63.348,24.344
5005,171.757,1.105,1.105,bbox,31.295,39.891,63.348,24.344
5006,171.791,1.107,1.105,bbox,31.295,39.891,63.348,24.344
5007,171.826,0.968,1.105,pose,31.295,39.891,63.348,24.344
5008,171.86,1.081,1.081,bbox,31.341,39.891,63.348,24.344
5009,171.894,1.075,1.081,bbox,31.341,39.891,63.348,24.344
5010,171.929,0.943,1.075,pose,31.341,39.891,63.348,24.344
5011,171.963,1.055,1.055,bbox,31.341,39.891,63.348,24.344
5012,171.997,1.081,1.075,bbox,31.341,39.891,63.348,24.344
5013,172.032,0.994,1.055,pose,31.341,39.891,63.348,24.344
5014,172.066,1.082,1.055,bbox,31.341,39.955,63.394,24.344
5015,172.1,1.093,1.081,bbox,31.341,39.955,63.394,24.344
5016,172.135,1.052,1.081,pose,31.341,39.992,63.394,24.344
5017,172.169,1.135,1.082,bbox,31.341,40.057,63.394,24.344
5018,172.203,1.136,1.093,bbox,31.341,40.057,63.394,24.344
5019,172.237,1.049,1.093,pose,31.341,40.057,63.394,24.344
5020,172.272,1.094,1.094,bbox,31.341,40.057,63.394,24.344
5021,172.306,1.077,1.094,bbox,31.341,40.057,63.394,24.344
5022,172.34,1.496,1.094,pose,31.341,40.057,63.394,24.344
5023,172.375,1.058,1.077,bbox,31.341,40.057,63.394,24.344
5024,172.409,1.037,1.077,bbox,31.341,40.057,63.394,24.344
5025,172.443,1.078,1.077,pose,31.341,40.057,63.394,24.344
5026,172.478,1.03,1.058,bbox,31.341,40.057,63.394,24.344
5027,172.512,1.034,1.037,bbox,31.341,40.057,63.394,24.344
5028,172.546,1.008,1.034,pose,31.341,40.057,63.394,24.344
5029,172.581,1.048,1.034,bbox,31.341,40.057,63.394,24.38
5030,172.615,1.068,1.034,bbox,31.341,40.057,63.394,24.38
5031,172.649,1.004,1.034,pose,31.341,40.057,63.394,24.38
5032,172.684,1.142,1.048,bbox,31.341,40.057,63.394,24.456
5033,172.718,1.232,1.068,bbox,31.341,40.057,63.394,24.456
5034,172.752,,,,31.341,40.057,63.394,24.456
5035,172.787,,,,31.341,40.057,63.394,24.456
5036,172.821,,,,31.341,40.057,63.394,24.456
5037,172.855,4.376,1.142,bbox,31.341,40.057,63.394,24.567
5038,172.889,4.429,1.232,bbox,31.341,40.057,63.394,24.567
5039,172.924,4.415,4.376,bbox,31.341,40.057,63.394,24.567
5040,172.958,4.208,4.376,pose,31.341,40.057,63.394,24.567
5041,172.992,4.414,4.414,bbox,31.341,40.094,63.394,24.567
5042,173.027,4.414,4.414,bbox,31.341,40.094,63.394,24.567
5043,173.061,4.287,4.414,pose,31.341,40.094,63.394,24.567
5044,173.095,4.456,4.414,bbox,31.341,40.132,63.394,24.567
5045,173.13,4.441,4.414,bbox,31.341,40.132,63.394,24.567
5046,173.164,4.33,4.414,pose,31.341,40.132,63.394,24.567
5047,173.198,4.418,4.418,bbox,31.341,40.169,63.467,24.567
5048,173.233,4.437,4.437,bbox,31.341,40.169,63.467,24.567
5049,173.267,4.237,4.418,pose,31.341,40.169,63.467,24.567
5050,173.301,4.494,4.418,bbox,31.341,40.169,63.519,24.567
5051,173.336,4.475,4.437,bbox,31.341,40.169,63.519,24.567
5052,173.37,4.199,4.437,pose,31.341,40.212,63.519,24.567
5053,173.404,4.451,4.451,bbox,31.341,40.212,63.519,24.567
5054,173.439,4.439,4.451,bbox,31.341,40.212,63.519,24.567
5055,173.473,4.153,4.439,pose,31.341,40.212,63.519,24.567
5056,173.507,4.416,4.416,bbox,31.341,40.212,63.519,24.567
5057,173.542,4.406,4.416,bbox,31.341,40.212,63.519,24.567
5058,173.576,4.146,4.406,pose,31.341,40.212,63.519,24.567
5059,173.61,4.396,4.396,bbox,31.341,40.212,63.519,24.604
5060,173.644,4.412,4.406,bbox,31.341,40.212,63.519,24.604
5061,173.679,4.138,4.396,pose,31.341,40.212,63.519,24.634
5062,173.713,4.443,4.396,bbox,31.341,40.212,63.519,24.634
5063,173.747,4.43,4.412,bbox,31.341,40.212,63.519,24.634
5064,173.782,4.215,4.412,pose,31.341,40.212,63.519,24.634
5065,173.816,4.458,4.43,bbox,31.341,40.212,63.519,24.634
5066,173.85,4.452,4.443,bbox,31.341,40.212,63.519,24.634
5067,173.885,4.193,4.43,pose,31.341,40.212,63.519,24.634
5068,173.919,4.459,4.452,bbox,31.341,40.212,63.519,24.634
5069,173.953,4.478,4.458,bbox,31.341,40.212,63.519,24.634
5070,173.988,4.169,4.452,pose,31.341,40.212,63.519,24.634
5071,174.022,4.484,4.459,bbox,31.341,40.212,63.519,24.634
5072,174.056,4.477,4.477,bbox,31.341,40.212,63.519,24.634
5073,174.091,4.084,4.477,pose,31.341,40.212,63.519,24.634
5074,174.125,4.459,4.459,bbox,31.341,40.212,63.519,24.634
5075,174.159,4.451,4.459,bbox,31.341,40.212,63.519,24.634
5076,174.194,4.015,4.451,pose,31.341,40.212,63.519,24.634
5077,174.228,4.408,4.408,bbox,31.341,40.212,63.519,24.634
5078,174.262,4.388,4.408,bbox,31.341,40.212,63.519,24.634
5079,174.296,3.939,4.388,pose,31.341,40.212,63.519,24.634
5080,174.331,4.379,4.379,bbox,31.341,40.212,63.519,24.634
5081,174.365,4.347,4.379,bbox,31.341,40.212,63.519,24.634
5082,174.399,3.904,4.347,pose,31.341,40.212,63.519,24.634
5083,174.434,4.302,4.302,bbox,31.341,40.212,63.519,24.634
5084,174.468,4.261,4.302,bbox,31.384,40.212,63.519,24.634
5085,174.502,3.861,4.261,pose,31.384,40.212,63.519,24.634
5086,174.537,4.233,4.233,bbox,31.384,40.212,63.519,24.634
5087,174.571,4.195,4.233,bbox,31.442,40.212,63.519,24.634
5088,174.605,3.865,4.195,pose,31.442,40.212,63.519,24.634
5089,174.64,4.114,4.114,bbox,31.49,40.212,63.519,24.634
5090,174.674,4.089,4.114,bbox,31.49,40.212,63.519,24.634
5091,174.708,3.858,4.089,pose,31.554,40.212,63.519,24.634
5092,174.743,4.045,4.045,bbox,31.594,40.212,63.519,24.634
5093,174.777,4.013,4.045,bbox,31.628,40.212,63.519,24.634
5094,174.811,4.013,4.013,bbox,31.676,40.212,63.519,24.634
5095,174.846,4.003,4.013,bbox,31.676,40.212,63.519,24.634
5096,174.88,3.983,4.013,bbox,31.676,40.212,63.519,24.634
5097,174.914,3.529,4.003,pose,31.676,40.212,63.519,24.634
5098,174.949,3.945,3.983,bbox,31.676,40.212,63.519,24.634
5099,174.983,3.892,3.945,bbox,31.726,40.212,63.519,24.634
5100,175.017,3.347,3.892,pose,31.726,40.212,63.519,24.634
5101,175.051,3.86,3.86,bbox,31.792,40.212,63.62,24.634
5102,175.086,3.857,3.86,bbox,31.823,40.212,63.688,24.634
5103,175.12,3.294,3.857,pose,31.823,40.212,63.688,24.634
5104,175.154,3.878,3.857,bbox,31.823,40.212,63.765,24.634
5105,175.189,3.929,3.86,bbox,31.823,40.212,63.809,24.634
5106,175.223,3.254,3.857,pose,31.823,40.212,63.809,24.634
5107,175.257,3.915,3.878,bbox,31.823,40.212,63.809,24.634
5108,175.292,3.892,3.892,bbox,31.857,40.212,63.809,24.634
5109,175.326,3.841,3.892,bbox,31.857,40.212,63.809,24.634
5110,175.36,3.742,3.841,bbox,31.857,40.212,63.809,24.634
5111,175.395,3.649,3.841,bbox,31.888,40.212,63.861,24.634
5112,175.429,3.557,3.742,bbox,31.934,40.212,63.926,24.634
5113,175.463,3.464,3.649,bbox,32.017,40.212,63.926,24.634
5114,175.498,3.309,3.557,bbox,32.071,40.212,63.926,24.634
5115,175.532,3.027,3.464,pose,32.126,40.212,63.926,24.634
5116,175.566,3.177,3.309,bbox,32.126,40.212,63.997,24.634
5117,175.601,3.132,3.177,bbox,32.171,40.212,64.07,24.634
5118,175.635,2.742,3.132,pose,32.171,40.212,64.07,24.634
5119,175.669,3.024,3.027,bbox,32.236,40.212,64.165,24.634
5120,175.704,2.992,3.024,bbox,32.236,40.212,64.2,24.634
5121,175.738,2.49,2.992,pose,32.236,40.212,64.2,24.634
5122,175.772,3.032,2.992,bbox,32.236,40.212,64.255,24.634
5123,175.806,3.039,3.024,bbox,32.28,40.212,64.255,24.634
5124,175.841,2.462,2.992,pose,32.28,40.212,64.255,24.634
5125,175.875,2.983,2.983,bbox,32.28,40.212,64.255,24.634
5126,175.909,2.958,2.983,bbox,32.28,40.212,64.255,24.634
5127,175.944,2.37,2.958,pose,32.28,40.212,64.255,24.634
5128,175.978,2.918,2.918,bbox,32.28,40.212,64.255,24.634
5129,176.012,2.912,2.918,bbox,32.28,40.212,64.255,24.634
5130,176.047,2.35,2.912,pose,32.28,40.212,64.255,24.634
5131,176.081,2.918,2.912,bbox,32.28,40.212,64.255,24.634
5132,176.115,2.957,2.918,bbox,32.28,40.212,64.255,24.634
5133,176.15,2.448,2.912,pose,32.28,40.212,64.255,24.634
5134,176.184,3.026,2.918,bbox,32.28,40.212,64.255,24.634
5135,176.218,3.031,2.957,bbox,32.28,40.212,64.255,24.634
5136,176.253,2.473,2.957,pose,32.28,40.212,64.255,24.634
5137,176.287,3.077,3.026,bbox,32.28,40.256,64.255,24.634
5138,176.321,3.055,3.031,bbox,32.28,40.256,64.255,24.634
5139,176.356,2.425,3.031,pose,32.28,40.256,64.255,24.634
5140,176.39,3.11,3.055,bbox,32.28,40.256,64.255,24.634
5141,176.424,3.102,3.077,bbox,32.28,40.256,64.255,24.634
5142,176.458,2.442,3.055,pose,32.28,40.256,64.296,24.634
5143,176.493,3.173,3.102,bbox,32.28,40.256,64.296,24.634
5144,176.527,3.188,3.11,bbox,32.28,40.256,64.296,24.634
5145,176.561,2.5,3.102,pose,32.28,40.256,64.296,24.634
5146,176.596,3.176,3.173,bbox,32.28,40.256,64.296,24.634
5147,176.63,3.16,3.173,bbox,32.28,40.256,64.296,24.634
5148,176.664,2.474,3.16,pose,32.28,40.256,64.296,24.634
5149,176.699,3.112,3.112,bbox,32.28,40.256,64.296,24.634
5150,176.733,3.082,3.112,bbox,32.28,40.256,64.296,24.634
5151,176.767,2.394,3.082,pose,32.28,40.256,64.296,24.634
5152,176.802,3.048,3.048,bbox,32.28,40.256,64.296,24.634
5153,176.836,3.051,3.051,bbox,32.28,40.256,64.296,24.634
5154,176.87,2.388,3.048,pose,32.28,40.256,64.296,24.634
5155,176.905,3.112,3.048,bbox,32.28,40.256,64.296,24.634
5156,176.939,3.148,3.051,bbox,32.28,40.256,64.296,24.634
5157,176.973,2.482,3.051,pose,32.28,40.256,64.296,24.634
5158,177.008,3.157,3.112,bbox,32.28,40.256,64.296,24.634
5159,177.042,3.148,3.148,bbox,32.28,40.256,64.296,24.634
5160,177.076,2.41,3.148,pose,32.28,40.256,64.296,24.634
5161,177.111,3.056,3.056,bbox,32.28,40.256,64.296,24.634
5162,177.145,3.028,3.056,bbox,32.28,40.256,64.296,24.634
5163,177.179,2.321,3.028,pose,32.28,40.256,64.296,24.634
5164,177.213,2.985,2.985,bbox,32.28,40.256,64.327,24.634
5165,177.248,3.011,3.011,bbox,32.28,40.256,64.327,24.634
5166,177.282,2.39,2.985,pose,32.28,40.256,64.327,24.634
5167,177.316,3.069,2.985,bbox,32.28,40.256,64.327,24.634
5168,177.351,3.099,3.011,bbox,32.28,40.256,64.327,24.634
5169,177.385,2.433,3.011,pose,32.28,40.256,64.327,24.634
5170,177.419,3.115,3.069,bbox,32.28,40.256,64.327,24.634
5171,177.454,3.108,3.099,bbox,32.28,40.256,64.327,24.634
5172,177.488,2.342,3.099,pose,32.28,40.256,64.327,24.634
5173,177.522,2.993,2.993,bbox,32.28,40.256,64.327,24.634
5174,177.557,2.976,2.993,bbox,32.28,40.256,64.327,24.634
5175,177.591,2.325,2.976,pose,32.28,40.256,64.327,24.634
5176,177.625,2.993,2.976,bbox,32.28,40.256,64.327,24.634
5177,177.66,3.006,2.993,bbox,32.28,40.256,64.327,24.634
5178,177.694,2.409,2.976,pose,32.28,40.256,64.327,24.634
5179,177.728,3.075,2.993,bbox,32.28,40.256,64.327,24.634
5180,177.763,3.111,3.006,bbox,32.28,40.256,64.327,24.634
5181,177.797,2.448,3.006,pose,32.28,40.256,64.327,24.634
5182,177.831,3.087,3.075,bbox,32.28,40.256,64.327,24.634
5183,177.865,2.973,3.075,bbox,32.33,40.256,64.327,24.634
5184,177.9,2.853,2.973,bbox,32.365,40.256,64.327,24.634
5185,177.934,2.74,2.853,bbox,32.419,40.256,64.327,24.634
5186,177.968,2.584,2.853,bbox,32.547,40.256,64.327,24.634
5187,178.003,2.349,2.74,pose,32.547,40.256,64.327,24.634
5188,178.037,2.464,2.584,bbox,32.597,40.256,64.327,24.634
5189,178.071,2.458,2.464,bbox,32.597,40.256,64.327,24.634
5190,178.106,2.419,2.458,bbox,32.597,40.256,64.327,24.634
5191,178.14,2.401,2.419,bbox,32.652,40.256,64.327,24.634
5192,178.174,2.317,2.419,bbox,32.701,40.256,64.327,24.634
5193,178.209,2.246,2.401,bbox,32.753,40.256,64.327,24.634
5194,178.243,2.119,2.317,bbox,32.835,40.256,64.327,24.634
5195,178.277,2.051,2.246,bbox,32.89,40.256,64.327,24.634
5196,178.312,1.966,2.119,bbox,32.954,40.256,64.327,24.634
5197,178.346,1.878,2.051,bbox,33.035,40.256,64.413,24.634
5198,178.38,1.877,1.966,bbox,33.132,40.256,64.413,24.634
5199,178.415,2.266,1.966,pose,33.132,40.256,64.413,24.732
5200,178.449,1.727,1.878,bbox,33.132,40.256,64.413,24.732
5201,178.483,1.709,1.877,bbox,33.264,40.256,64.413,24.732
5202,178.518,2.143,1.877,pose,33.264,40.256,64.413,24.798
5203,178.552,1.427,1.727,bbox,33.305,40.256,64.413,24.855
5204,178.586,1.377,1.709,bbox,33.423,40.256,64.413,24.855
5205,178.62,1.364,1.427,bbox,33.423,40.256,64.413,24.855
5206,178.655,1.273,1.377,bbox,33.475,40.256,64.413,24.855
5207,178.689,1.341,1.364,bbox,33.475,40.256,64.413,24.855
5208,178.723,1.191,1.341,bbox,33.545,40.256,64.413,24.908
5209,178.758,1.236,1.273,bbox,33.646,40.256,64.413,24.908
5210,178.792,1.22,1.236,bbox,33.646,40.256,64.413,24.908
5211,178.826,0.997,1.22,pose,33.718,40.256,64.413,24.908
5212,178.861,1.044,1.191,bbox,33.845,40.256,64.413,25.019
5213,178.895,1.056,1.056,bbox,33.845,40.256,64.413,25.019
5214,178.929,0.908,1.044,bbox,33.898,40.256,64.413,25.074
5215,178.964,0.921,0.997,bbox,33.968,40.256,64.413,25.074
5216,178.998,0.88,0.921,bbox,33.968,40.256,64.413,25.112
5217,179.032,0.851,0.908,bbox,34.044,40.256,64.413,25.153
5218,179.067,0.811,0.88,bbox,34.108,40.256,64.413,25.153
5219,179.101,0.79,0.851,bbox,34.189,40.256,64.413,25.153
5220,179.135,0.648,0.811,pose,34.189,40.256,64.413,25.153
5221,179.17,0.716,0.79,bbox,34.189,40.256,64.413,25.153
5222,179.204,0.71,0.716,bbox,34.234,40.256,64.413,25.153
5223,179.238,0.605,0.71,pose,34.234,40.256,64.413,25.153
5224,179.272,0.646,0.648,bbox,34.27,40.256,64.413,25.153
5225,179.307,0.642,0.646,bbox,34.27,40.256,64.413,25.153
5226,179.341,0.602,0.642,pose,34.27,40.256,64.413,25.153
5227,179.375,0.667,0.642,bbox,34.344,40.256,64.413,25.153
5228,179.41,0.688,0.646,bbox,34.344,40.256,64.413,25.153
5229,179.444,0.514,0.642,pose,34.344,40.256,64.413,25.153
5230,179.478,0.738,0.667,bbox,34.344,40.256,64.413,25.153
5231,179.513,0.759,0.688,bbox,34.344,40.256,64.413,25.211
5232,179.547,0.504,0.688,pose,34.344,40.288,64.413,25.211
5233,179.581,0.807,0.738,bbox,34.344,40.288,64.413,25.211
5234,179.616,0.849,0.759,bbox,34.344,40.288,64.413,25.245
5235,179.65,0.534,0.759,pose,34.344,40.319,64.413,25.245
5236,179.684,0.906,0.807,bbox,34.344,40.353,64.413,25.245
5237,179.719,0.947,0.849,bbox,34.344,40.416,64.413,25.245
5238,179.753,0.956,0.906,bbox,34.344,40.416,64.413,25.303
5239,179.787,0.98,0.947,bbox,34.344,40.416,64.413,25.303
5240,179.822,1.022,0.956,bbox,34.344,40.516,64.413,25.303
5241,179.856,0.713,0.956,pose,34.344,40.516,64.413,25.303
5242,179.89,,,,34.344,40.516,64.413,25.303
5243,179.925,,,,34.344,40.516,64.413,25.303
5244,179.959,,,,34.344,40.516,64.413,25.303
5245,179.993,1.101,0.98,bbox,34.344,40.573,64.413,25.303
