frame,time_s,distance_raw_m,distance_smooth_m,method,f1_advance_m,f1_retreat_m,f2_advance_m,f2_retreat_m
0,0.0,,,,0.0,0.0,0.0,0.0
1,0.033,,,,0.0,0.0,0.0,0.0
2,0.067,,,,0.0,0.0,0.0,0.0
3,0.1,,,,0.0,0.0,0.0,0.0
4,0.133,,,,0.0,0.0,0.0,0.0
5,0.167,,,,0.0,0.0,0.0,0.0
6,0.2,,,,0.0,0.0,0.0,0.0
7,0.233,,,,0.0,0.0,0.0,0.0
8,0.267,,,,0.0,0.0,0.0,0.0
9,0.3,,,,0.0,0.0,0.0,0.0
10,0.333,,,,0.0,0.0,0.0,0.0
11,0.367,,,,0.0,0.0,0.0,0.0
12,0.4,,,,0.0,0.0,0.0,0.0
13,0.433,,,,0.0,0.0,0.0,0.0
14,0.467,,,,0.0,0.0,0.0,0.0
15,0.5,,,,0.0,0.0,0.0,0.0
16,0.533,7.76,7.76,bbox,0.0,0.0,0.0,0.0
17,0.567,7.772,7.766,bbox,0.0,0.0,0.0,0.0
18,0.6,7.445,7.76,pose,0.0,0.0,0.0,0.0
19,0.633,,,,0.0,0.0,0.0,0.0
20,0.667,7.608,7.684,bbox,0.0,0.0,0.0,0.0
21,0.7,,,,0.0,0.0,0.0,0.0
22,0.733,,,,0.0,0.0,0.0,0.0
23,0.767,,,,0.0,0.0,0.0,0.0
24,0.8,,,,0.0,0.0,0.0,0.0
25,0.833,,,,0.0,0.0,0.0,0.0
26,0.867,,,,0.0,0.0,0.0,0.0
27,0.9,,,,0.0,0.0,0.0,0.0
28,0.933,,,,0.0,0.0,0.0,0.0
29,0.967,,,,0.0,0.0,0.0,0.0
30,1.0,,,,0.0,0.0,0.0,0.0
31,1.033,,,,0.0,0.0,0.0,0.0
32,1.067,,,,0.0,0.0,0.0,0.0
33,1.1,,,,0.0,0.0,0.0,0.0
34,1.133,,,,0.0,0.0,0.0,0.0
35,1.167,,,,0.0,0.0,0.0,0.0
36,1.2,,,,0.0,0.0,0.0,0.0
37,1.233,,,,0.0,0.0,0.0,0.0
38,1.267,6.422,7.608,bbox,0.0,0.0,0.0,0.0
39,1.3,6.291,7.445,bbox,0.046,0.0,0.059,0.0
40,1.333,,,,0.046,0.0,0.059,0.0
41,1.367,6.071,6.422,bbox,0.046,0.0,0.059,0.0
42,1.4,5.849,6.291,pose,0.046,0.0,0.094,0.0
43,1.433,5.849,6.071,bbox,0.083,0.0,0.16,0.0
44,1.467,5.679,5.849,bbox,0.116,0.0,0.16,0.0
45,1.5,5.479,5.849,pose,0.149,0.0,0.16,0.0
46,1.533,5.494,5.679,bbox,0.149,0.0,0.215,0.0
47,1.567,5.508,5.508,bbox,0.211,0.0,0.304,0.0
48,1.6,5.294,5.494,pose,0.211,0.0,0.304,0.0
49,1.633,5.442,5.479,bbox,0.211,0.0,0.304,0.0
50,1.667,,,,0.211,0.0,0.304,0.0
51,1.7,5.262,5.442,bbox,0.211,0.0,0.304,0.0
52,1.733,5.088,5.294,bbox,0.302,0.0,0.304,0.0
53,1.767,4.937,5.262,bbox,0.379,0.0,0.368,0.0
54,1.8,4.882,5.088,bbox,0.411,0.0,0.405,0.0
55,1.833,4.866,4.937,bbox,0.45,0.0,0.442,0.0
56,1.867,4.858,4.882,bbox,0.45,0.0,0.442,0.0
57,1.9,4.873,4.873,bbox,0.45,0.0,0.442,0.0
58,1.933,4.808,4.866,bbox,0.45,0.0,0.492,0.0
59,1.967,4.876,4.866,bbox,0.45,0.0,0.492,0.0
60,2.0,4.817,4.858,bbox,0.45,0.0,0.492,0.0
61,2.033,,,,0.45,0.0,0.492,0.0
62,2.067,,,,0.45,0.0,0.492,0.0
63,2.1,,,,0.45,0.0,0.492,0.0
64,2.133,4.659,4.817,bbox,0.45,0.0,0.492,0.0
65,2.167,4.631,4.808,bbox,0.45,0.0,0.492,0.0
66,2.2,4.629,4.659,pose,0.45,0.0,0.577,0.0
67,2.233,4.52,4.631,bbox,0.45,0.0,0.63,0.0
68,2.267,4.47,4.629,bbox,0.45,0.0,0.63,0.0
69,2.3,,,,0.45,0.0,0.63,0.0
70,2.333,,,,0.45,0.0,0.63,0.0
71,2.367,,,,0.45,0.0,0.63,0.0
72,2.4,,,,0.45,0.0,0.63,0.0
73,2.433,,,,0.45,0.0,0.63,0.0
74,2.467,,,,0.45,0.0,0.63,0.0
75,2.5,,,,0.45,0.0,0.63,0.0
76,2.533,,,,0.45,0.0,0.63,0.0
77,2.567,,,,0.45,0.0,0.63,0.0
78,2.6,,,,0.45,0.0,0.63,0.0
79,2.633,,,,0.45,0.0,0.63,0.0
80,2.667,,,,0.45,0.0,0.63,0.0
81,2.7,4.248,4.52,bbox,0.45,0.0,0.73,0.0
82,2.733,,,,0.45,0.0,0.73,0.0
83,2.767,4.212,4.47,bbox,0.45,0.0,0.778,0.0
84,2.8,4.162,4.248,bbox,0.502,0.0,0.778,0.0
85,2.833,,,,0.502,0.0,0.778,0.0
86,2.867,4.194,4.212,bbox,0.532,0.0,0.819,0.0
87,2.9,,,,0.532,0.0,0.819,0.0
88,2.933,,,,0.532,0.0,0.819,0.0
89,2.967,,,,0.532,0.0,0.819,0.0
90,3.0,,,,0.532,0.0,0.819,0.0
91,3.033,,,,0.532,0.0,0.819,0.0
92,3.067,4.187,4.194,bbox,0.532,0.0,0.819,0.0
93,3.1,4.211,4.194,bbox,0.532,0.0,0.819,0.0
94,3.133,4.316,4.194,bbox,0.532,0.032,0.883,0.0
95,3.167,4.401,4.211,bbox,0.532,0.032,0.883,0.0
96,3.2,4.436,4.316,bbox,0.532,0.063,0.883,0.0
97,3.233,,,,0.532,0.063,0.883,0.0
98,3.267,,,,0.532,0.063,0.883,0.0
99,3.3,4.517,4.401,bbox,0.532,0.063,0.883,0.149
100,3.333,,,,0.532,0.063,0.883,0.149
101,3.367,,,,0.532,0.063,0.883,0.149
102,3.4,4.436,4.436,bbox,0.532,0.093,0.883,0.149
103,3.433,4.416,4.436,bbox,0.532,0.093,0.883,0.184
104,3.467,4.551,4.436,bbox,0.532,0.093,0.883,0.184
105,3.5,4.575,4.517,bbox,0.532,0.093,0.883,0.184
106,3.533,4.633,4.551,bbox,0.532,0.093,0.883,0.184
107,3.567,4.631,4.575,bbox,0.532,0.093,0.883,0.184
108,3.6,,,,0.532,0.093,0.883,0.184
109,3.633,4.718,4.631,bbox,0.532,0.093,0.883,0.184
110,3.667,4.801,4.633,bbox,0.532,0.093,0.883,0.184
111,3.7,,,,0.532,0.093,0.883,0.184
112,3.733,,,,0.532,0.093,0.883,0.184
113,3.767,,,,0.532,0.093,0.883,0.184
114,3.8,,,,0.532,0.093,0.883,0.184
115,3.833,,,,0.532,0.093,0.883,0.184
116,3.867,,,,0.532,0.093,0.883,0.184
117,3.9,,,,0.532,0.093,0.883,0.184
118,3.933,,,,0.532,0.093,0.883,0.184
119,3.967,,,,0.532,0.093,0.883,0.184
120,4.0,,,,0.532,0.093,0.883,0.184
121,4.033,,,,0.532,0.093,0.883,0.184
122,4.067,,,,0.532,0.093,0.883,0.184
123,4.1,,,,0.532,0.093,0.883,0.184
124,4.133,,,,0.532,0.093,0.883,0.184
125,4.167,,,,0.532,0.093,0.883,0.184
126,4.2,,,,0.532,0.093,0.883,0.184
127,4.233,,,,0.532,0.093,0.883,0.184
128,4.267,4.721,4.718,bbox,0.532,0.093,0.883,0.184
129,4.3,4.957,4.721,bbox,0.532,0.093,0.883,0.184
130,4.333,4.976,4.801,bbox,0.532,0.093,0.883,0.184
131,4.367,4.747,4.801,bbox,0.59,0.093,0.883,0.184
132,4.4,4.604,4.747,bbox,0.644,0.093,0.883,0.184
133,4.433,4.503,4.747,bbox,0.677,0.093,0.883,0.184
134,4.467,,,,0.677,0.093,0.883,0.184
135,4.5,4.458,4.604,bbox,0.677,0.093,0.883,0.184
136,4.533,4.444,4.503,bbox,0.711,0.093,0.936,0.184
137,4.567,4.395,4.458,bbox,0.754,0.093,0.994,0.184
138,4.6,4.347,4.444,bbox,0.754,0.093,0.994,0.184
139,4.633,4.351,4.395,bbox,0.794,0.093,0.994,0.184
140,4.667,,,,0.794,0.093,0.994,0.184
141,4.7,4.282,4.351,bbox,0.832,0.093,0.994,0.184
142,4.733,4.262,4.347,bbox,0.832,0.093,0.994,0.184
143,4.767,4.246,4.282,bbox,0.832,0.093,0.994,0.184
144,4.8,4.223,4.262,bbox,0.832,0.093,0.994,0.184
145,4.833,4.21,4.246,bbox,0.832,0.093,1.07,0.184
146,4.867,4.227,4.227,bbox,0.832,0.093,1.07,0.184
147,4.9,4.22,4.223,bbox,0.832,0.093,1.07,0.184
148,4.933,4.191,4.22,bbox,0.832,0.093,1.07,0.184
149,4.967,4.129,4.21,bbox,0.832,0.093,1.07,0.184
150,5.0,,,,0.832,0.093,1.07,0.184
151,5.033,,,,0.832,0.093,1.07,0.184
152,5.067,,,,0.832,0.093,1.07,0.184
153,5.1,4.238,4.22,bbox,0.832,0.093,1.07,0.184
154,5.133,4.28,4.22,bbox,0.832,0.093,1.135,0.184
155,5.167,4.218,4.218,bbox,0.832,0.146,1.135,0.184
156,5.2,4.022,4.218,pose,0.832,0.146,1.135,0.184
157,5.233,4.155,4.218,bbox,0.832,0.146,1.135,0.184
158,5.267,4.184,4.184,bbox,0.832,0.192,1.135,0.184
159,5.3,,,,0.832,0.192,1.135,0.184
160,5.333,,,,0.832,0.192,1.135,0.184
161,5.367,4.287,4.184,bbox,0.832,0.192,1.135,0.184
162,5.4,5.263,4.184,pose,0.832,0.245,1.135,0.184
163,5.433,4.356,4.287,bbox,0.832,0.245,1.135,0.184
164,5.467,4.375,4.356,bbox,0.832,0.245,1.135,0.184
165,5.5,,,,0.832,0.245,1.135,0.184
166,5.533,,,,0.832,0.245,1.135,0.184
167,5.567,4.437,4.375,bbox,0.832,0.245,1.135,0.184
168,5.6,4.448,4.437,bbox,0.832,0.245,1.135,0.184
169,5.633,4.456,4.437,bbox,0.832,0.245,1.135,0.184
170,5.667,4.439,4.439,bbox,0.832,0.245,1.135,0.184
171,5.7,4.457,4.448,bbox,0.832,0.245,1.135,0.184
172,5.733,4.404,4.448,bbox,0.832,0.245,1.135,0.184
173,5.767,4.367,4.439,bbox,0.832,0.245,1.135,0.184
174,5.8,4.405,4.405,bbox,0.832,0.245,1.135,0.184
175,5.833,4.383,4.404,bbox,0.832,0.245,1.135,0.184
176,5.867,4.338,4.383,bbox,0.865,0.245,1.135,0.184
177,5.9,4.296,4.367,bbox,0.865,0.245,1.135,0.184
178,5.933,4.262,4.338,bbox,0.865,0.245,1.135,0.184
179,5.967,4.227,4.296,bbox,0.865,0.245,1.135,0.184
180,6.0,4.196,4.262,bbox,0.865,0.245,1.135,0.184
181,6.033,4.178,4.227,bbox,0.865,0.245,1.135,0.184
182,6.067,4.128,4.196,bbox,0.865,0.245,1.135,0.184
183,6.1,4.104,4.178,bbox,0.865,0.245,1.135,0.184
184,6.133,4.097,4.128,bbox,0.865,0.245,1.135,0.184
185,6.167,4.088,4.104,bbox,0.865,0.245,1.135,0.184
186,6.2,4.076,4.097,bbox,0.865,0.245,1.135,0.184
187,6.233,4.066,4.088,bbox,0.865,0.245,1.135,0.184
188,6.267,4.056,4.076,bbox,0.865,0.245,1.135,0.184
189,6.3,4.015,4.066,pose,0.865,0.245,1.135,0.184
190,6.333,4.016,4.056,bbox,0.865,0.245,1.135,0.184
191,6.367,4.034,4.034,bbox,0.865,0.245,1.135,0.184
192,6.4,4.011,4.016,bbox,0.865,0.245,1.135,0.184
193,6.433,4.02,4.016,bbox,0.865,0.245,1.135,0.184
194,6.467,4.009,4.016,bbox,0.865,0.245,1.135,0.184
195,6.5,4.027,4.02,bbox,0.865,0.245,1.135,0.184
196,6.533,4.034,4.02,bbox,0.865,0.245,1.135,0.184
197,6.567,4.045,4.027,bbox,0.865,0.245,1.135,0.184
198,6.6,3.968,4.027,bbox,0.865,0.245,1.135,0.184
199,6.633,3.931,4.027,bbox,0.865,0.245,1.135,0.184
200,6.667,4.003,4.003,bbox,0.865,0.245,1.135,0.184
201,6.7,4.041,4.003,bbox,0.865,0.245,1.135,0.184
202,6.733,4.063,4.003,bbox,0.865,0.245,1.166,0.184
203,6.767,3.937,4.003,bbox,0.865,0.245,1.166,0.184
204,6.8,3.837,4.003,bbox,0.895,0.245,1.166,0.184
205,6.833,3.862,3.937,bbox,0.948,0.245,1.166,0.184
206,6.867,3.808,3.862,bbox,0.998,0.245,1.166,0.184
207,6.9,3.04,3.837,pose,0.998,0.245,1.166,0.184
208,6.933,3.726,3.808,bbox,1.037,0.245,1.166,0.184
209,6.967,3.617,3.726,bbox,1.037,0.245,1.166,0.184
210,7.0,3.578,3.617,bbox,1.097,0.245,1.202,0.184
211,7.033,3.613,3.613,bbox,1.139,0.245,1.202,0.184
212,7.067,3.555,3.613,bbox,1.139,0.245,1.202,0.184
213,7.1,3.52,3.578,bbox,1.139,0.245,1.202,0.184
214,7.133,3.434,3.555,bbox,1.178,0.245,1.202,0.184
215,7.167,3.396,3.52,bbox,1.232,0.245,1.202,0.184
216,7.2,3.266,3.434,pose,1.232,0.245,1.202,0.184
217,7.233,3.371,3.396,bbox,1.31,0.245,1.202,0.184
218,7.267,3.408,3.396,bbox,1.342,0.245,1.202,0.236
219,7.3,3.479,3.396,bbox,1.383,0.245,1.202,0.236
220,7.333,3.434,3.408,bbox,1.383,0.245,1.202,0.268
221,7.367,3.464,3.434,bbox,1.383,0.245,1.202,0.302
222,7.4,3.489,3.464,bbox,1.383,0.245,1.202,0.302
223,7.433,3.541,3.479,bbox,1.383,0.245,1.202,0.302
224,7.467,3.56,3.489,bbox,1.383,0.245,1.202,0.302
225,7.5,3.582,3.541,bbox,1.383,0.245,1.202,0.302
226,7.533,3.612,3.56,bbox,1.383,0.245,1.202,0.302
227,7.567,3.642,3.582,bbox,1.383,0.245,1.202,0.302
228,7.6,3.649,3.612,bbox,1.383,0.245,1.202,0.302
229,7.633,3.609,3.612,bbox,1.383,0.245,1.202,0.302
230,7.667,3.591,3.612,bbox,1.383,0.245,1.202,0.302
231,7.7,3.562,3.609,bbox,1.383,0.245,1.202,0.302
232,7.733,3.551,3.591,bbox,1.383,0.245,1.202,0.302
233,7.767,3.554,3.562,bbox,1.383,0.245,1.202,0.302
234,7.8,3.617,3.562,bbox,1.383,0.245,1.202,0.302
235,7.833,3.629,3.562,bbox,1.383,0.245,1.202,0.342
236,7.867,3.621,3.617,bbox,1.383,0.245,1.202,0.342
237,7.9,3.636,3.621,bbox,1.416,0.245,1.202,0.342
238,7.933,3.614,3.621,bbox,1.416,0.245,1.202,0.342
239,7.967,3.59,3.621,bbox,1.416,0.245,1.202,0.342
240,8.0,3.556,3.614,bbox,1.416,0.245,1.202,0.342
241,8.033,3.477,3.59,bbox,1.453,0.245,1.202,0.342
242,8.067,3.413,3.556,bbox,1.485,0.245,1.202,0.342
243,8.1,3.029,3.477,pose,1.485,0.245,1.202,0.342
244,8.133,3.304,3.413,bbox,1.538,0.245,1.202,0.342
245,8.167,3.268,3.304,bbox,1.538,0.245,1.202,0.342
246,8.2,3.208,3.268,pose,1.538,0.245,1.202,0.342
247,8.233,3.132,3.208,bbox,1.538,0.245,1.234,0.342
248,8.267,3.155,3.208,bbox,1.538,0.245,1.234,0.342
249,8.3,2.774,3.155,pose,1.538,0.245,1.234,0.342
250,8.333,3.165,3.155,bbox,1.642,0.245,1.234,0.342
251,8.367,3.181,3.155,bbox,1.642,0.245,1.234,0.342
252,8.4,3.184,3.165,bbox,1.642,0.245,1.314,0.342
253,8.433,3.171,3.171,bbox,1.642,0.282,1.314,0.342
254,8.467,3.128,3.171,bbox,1.642,0.282,1.314,0.342
255,8.5,3.072,3.171,bbox,1.642,0.282,1.314,0.342
256,8.533,2.993,3.128,bbox,1.642,0.282,1.314,0.342
257,8.567,2.933,3.072,bbox,1.642,0.282,1.314,0.342
258,8.6,2.556,2.993,pose,1.642,0.282,1.314,0.342
259,8.633,2.964,2.964,bbox,1.695,0.282,1.314,0.342
260,8.667,2.968,2.964,bbox,1.695,0.282,1.314,0.342
261,8.7,4.316,2.964,pose,1.695,0.282,1.314,0.342
262,8.733,2.952,2.964,bbox,1.695,0.282,1.314,0.342
263,8.767,3.011,2.968,bbox,1.695,0.282,1.314,0.342
264,8.8,2.901,2.968,bbox,1.695,0.282,1.314,0.342
265,8.833,2.99,2.99,bbox,1.695,0.316,1.314,0.342
266,8.867,2.981,2.981,bbox,1.695,0.316,1.314,0.342
267,8.9,2.934,2.981,bbox,1.695,0.316,1.314,0.342
268,8.933,2.903,2.934,bbox,1.695,0.316,1.314,0.342
269,8.967,2.883,2.934,bbox,1.695,0.316,1.314,0.342
270,9.0,3.598,2.934,pose,1.695,0.316,1.314,0.342
271,9.033,2.788,2.903,bbox,1.695,0.316,1.314,0.342
272,9.067,2.781,2.883,bbox,1.695,0.316,1.314,0.342
273,9.1,2.778,2.788,bbox,1.783,0.316,1.314,0.342
274,9.133,2.764,2.781,bbox,1.783,0.316,1.314,0.342
275,9.167,2.733,2.778,bbox,1.783,0.316,1.314,0.342
276,9.2,2.723,2.764,bbox,1.783,0.316,1.314,0.342
277,9.233,2.71,2.733,bbox,1.783,0.316,1.314,0.342
278,9.267,2.733,2.733,bbox,1.783,0.316,1.314,0.342
279,9.3,2.786,2.733,bbox,1.783,0.316,1.314,0.342
280,9.333,2.812,2.733,bbox,1.783,0.316,1.314,0.342
281,9.367,2.829,2.786,bbox,1.783,0.316,1.314,0.392
282,9.4,2.515,2.786,pose,1.783,0.316,1.314,0.392
283,9.433,2.922,2.812,bbox,1.783,0.316,1.314,0.392
284,9.467,2.976,2.829,bbox,1.783,0.316,1.314,0.447
285,9.5,3.038,2.922,bbox,1.783,0.348,1.314,0.447
286,9.533,3.091,2.976,bbox,1.783,0.383,1.314,0.447
287,9.567,3.159,3.038,bbox,1.783,0.383,1.314,0.498
288,9.6,3.156,3.091,bbox,1.783,0.383,1.314,0.498
289,9.633,3.172,3.156,bbox,1.783,0.425,1.314,0.498
290,9.667,3.146,3.156,bbox,1.783,0.425,1.314,0.498
291,9.7,3.305,3.159,pose,1.783,0.425,1.314,0.498
292,9.733,3.182,3.172,bbox,1.783,0.425,1.314,0.498
293,9.767,3.16,3.172,bbox,1.783,0.425,1.314,0.498
294,9.8,3.139,3.16,pose,1.783,0.425,1.314,0.498
295,9.833,3.157,3.16,bbox,1.783,0.425,1.314,0.498
296,9.867,3.154,3.157,bbox,1.783,0.425,1.314,0.498
297,9.9,3.156,3.156,bbox,1.783,0.425,1.314,0.498
298,9.933,3.155,3.155,bbox,1.783,0.425,1.314,0.498
299,9.967,3.146,3.155,bbox,1.783,0.425,1.314,0.498
300,10.0,3.177,3.155,bbox,1.783,0.425,1.314,0.498
301,10.033,3.169,3.156,bbox,1.783,0.425,1.314,0.498
302,10.067,3.157,3.157,bbox,1.783,0.425,1.314,0.498
303,10.1,3.142,3.157,bbox,1.783,0.425,1.314,0.498
304,10.133,3.112,3.157,bbox,1.783,0.425,1.314,0.498
305,10.167,3.075,3.142,bbox,1.783,0.425,1.314,0.498
306,10.2,2.783,3.112,pose,1.783,0.425,1.314,0.498
307,10.233,2.998,3.075,bbox,1.783,0.425,1.314,0.498
308,10.267,2.977,2.998,bbox,1.783,0.425,1.314,0.498
309,10.3,2.946,2.977,bbox,1.815,0.425,1.314,0.498
310,10.333,2.894,2.946,bbox,1.815,0.425,1.314,0.498
311,10.367,2.849,2.946,bbox,1.863,0.425,1.314,0.498
312,10.4,2.286,2.894,pose,1.863,0.425,1.314,0.498
313,10.433,2.796,2.849,bbox,1.949,0.425,1.314,0.498
314,10.467,2.803,2.803,bbox,2.018,0.425,1.314,0.498
315,10.5,2.78,2.796,bbox,2.071,0.425,1.314,0.498
316,10.533,2.771,2.78,bbox,2.071,0.425,1.314,0.498
317,10.567,2.754,2.78,bbox,2.071,0.425,1.314,0.498
318,10.6,2.764,2.771,bbox,2.071,0.425,1.314,0.498
319,10.633,2.765,2.765,bbox,2.071,0.425,1.314,0.498
320,10.667,2.84,2.765,bbox,2.071,0.425,1.314,0.498
321,10.7,2.932,2.765,bbox,2.071,0.425,1.314,0.498
322,10.733,2.974,2.84,bbox,2.071,0.508,1.314,0.498
323,10.767,3.061,2.932,bbox,2.071,0.604,1.314,0.498
324,10.8,2.489,2.932,pose,2.071,0.659,1.314,0.498
325,10.833,3.214,2.974,bbox,2.071,0.722,1.314,0.498
326,10.867,3.232,3.061,bbox,2.071,0.814,1.314,0.498
327,10.9,3.146,3.146,bbox,2.071,0.814,1.314,0.498
328,10.933,3.187,3.187,bbox,2.071,0.814,1.314,0.498
329,10.967,3.206,3.206,bbox,2.071,0.814,1.314,0.498
330,11.0,2.498,3.187,pose,2.071,0.814,1.314,0.498
331,11.033,3.201,3.187,bbox,2.071,0.814,1.314,0.498
332,11.067,3.259,3.201,bbox,2.071,0.906,1.314,0.498
333,11.1,3.31,3.206,bbox,2.071,0.981,1.314,0.498
334,11.133,3.364,3.259,bbox,2.071,0.981,1.314,0.498
335,11.167,3.413,3.31,bbox,2.071,1.053,1.314,0.498
336,11.2,3.432,3.364,bbox,2.071,1.091,1.314,0.498
337,11.233,3.477,3.413,bbox,2.071,1.123,1.314,0.498
338,11.267,3.477,3.432,bbox,2.071,1.123,1.314,0.498
339,11.3,3.006,3.432,pose,2.071,1.123,1.314,0.498
340,11.333,3.462,3.462,bbox,2.071,1.123,1.314,0.498
341,11.367,3.44,3.462,bbox,2.071,1.123,1.314,0.498
342,11.4,3.262,3.44,pose,2.071,1.123,1.314,0.498
343,11.433,3.31,3.31,bbox,2.071,1.123,1.314,0.498
344,11.467,3.271,3.31,bbox,2.071,1.123,1.314,0.498
345,11.5,3.944,3.31,pose,2.071,1.123,1.351,0.498
346,11.533,3.144,3.271,bbox,2.106,1.123,1.351,0.498
347,11.567,3.122,3.271,bbox,2.154,1.123,1.351,0.498
348,11.6,3.104,3.144,bbox,2.196,1.123,1.386,0.498
349,11.633,3.143,3.143,bbox,2.196,1.123,1.386,0.498
350,11.667,3.129,3.129,bbox,2.196,1.123,1.417,0.498
351,11.7,3.112,3.122,bbox,2.196,1.123,1.417,0.498
352,11.733,3.079,3.112,bbox,2.196,1.123,1.454,0.498
353,11.767,3.065,3.112,bbox,2.196,1.123,1.454,0.498
354,11.8,3.044,3.079,bbox,2.196,1.123,1.454,0.498
355,11.833,2.952,3.065,bbox,2.196,1.123,1.454,0.498
356,11.867,2.904,3.044,bbox,2.196,1.123,1.454,0.498
357,11.9,2.86,2.952,bbox,2.196,1.123,1.492,0.498
358,11.933,2.838,2.904,bbox,2.196,1.123,1.525,0.498
359,11.967,2.814,2.86,bbox,2.196,1.123,1.581,0.498
360,12.0,2.801,2.838,bbox,2.196,1.123,1.581,0.498
361,12.033,2.751,2.814,bbox,2.196,1.123,1.64,0.498
362,12.067,2.739,2.801,bbox,2.196,1.123,1.64,0.498
363,12.1,2.745,2.751,bbox,2.196,1.123,1.64,0.498
364,12.133,2.733,2.745,bbox,2.196,1.123,1.676,0.498
365,12.167,2.77,2.745,bbox,2.196,1.123,1.676,0.498
366,12.2,2.82,2.745,bbox,2.196,1.123,1.676,0.498
367,12.233,2.845,2.77,bbox,2.196,1.165,1.676,0.498
368,12.267,2.875,2.82,bbox,2.196,1.223,1.676,0.498
369,12.3,3.647,2.845,pose,2.196,1.223,1.676,0.498
370,12.333,2.996,2.875,bbox,2.196,1.258,1.676,0.498
371,12.367,3.031,2.996,bbox,2.196,1.314,1.676,0.498
372,12.4,3.114,3.031,bbox,2.196,1.414,1.676,0.498
373,12.433,3.138,3.114,bbox,2.196,1.414,1.676,0.498
374,12.467,3.144,3.114,bbox,2.196,1.414,1.676,0.498
375,12.5,3.18,3.138,bbox,2.196,1.414,1.676,0.498
376,12.533,3.206,3.144,bbox,2.196,1.414,1.676,0.498
377,12.567,3.225,3.18,bbox,2.196,1.414,1.676,0.498
378,12.6,2.668,3.18,pose,2.196,1.46,1.676,0.498
379,12.633,3.227,3.206,bbox,2.196,1.46,1.676,0.498
380,12.667,3.212,3.212,bbox,2.196,1.503,1.676,0.498
381,12.7,3.212,3.212,bbox,2.196,1.503,1.676,0.498
382,12.733,3.235,3.212,bbox,2.196,1.503,1.676,0.498
383,12.767,3.244,3.227,bbox,2.196,1.503,1.676,0.498
384,12.8,3.31,3.235,bbox,2.196,1.503,1.676,0.498
385,12.833,3.289,3.244,bbox,2.196,1.503,1.676,0.498
386,12.867,3.294,3.289,bbox,2.196,1.503,1.676,0.498
387,12.9,3.321,3.294,bbox,2.196,1.503,1.676,0.498
388,12.933,3.32,3.31,bbox,2.196,1.503,1.676,0.498
389,12.967,3.253,3.294,bbox,2.196,1.503,1.676,0.498
390,13.0,2.734,3.294,pose,2.196,1.503,1.676,0.498
391,13.033,3.147,3.253,bbox,2.196,1.503,1.676,0.498
392,13.067,3.113,3.147,bbox,2.196,1.503,1.676,0.498
393,13.1,3.106,3.113,bbox,2.243,1.503,1.676,0.498
394,13.133,,,,2.243,1.503,1.676,0.498
395,13.167,3.009,3.106,bbox,2.243,1.503,1.676,0.498
396,13.2,2.584,3.106,pose,2.243,1.503,1.676,0.498
397,13.233,2.948,3.009,bbox,2.243,1.503,1.718,0.498
398,13.267,2.914,2.948,bbox,2.282,1.503,1.761,0.498
399,13.3,2.436,2.914,pose,2.282,1.503,1.761,0.498
400,13.333,2.817,2.817,bbox,2.282,1.503,1.796,0.498
401,13.367,2.827,2.827,bbox,2.282,1.503,1.796,0.498
402,13.4,2.825,2.825,bbox,2.342,1.503,1.796,0.498
403,13.433,2.843,2.825,bbox,2.342,1.503,1.796,0.498
404,13.467,2.835,2.827,bbox,2.342,1.503,1.796,0.498
405,13.5,2.801,2.827,bbox,2.342,1.503,1.836,0.498
406,13.533,2.736,2.825,bbox,2.342,1.503,1.836,0.498
407,13.567,2.671,2.801,bbox,2.342,1.503,1.94,0.498
408,13.6,2.623,2.736,bbox,2.342,1.503,2.007,0.498
409,13.633,2.581,2.671,bbox,2.342,1.503,2.148,0.498
410,13.667,2.601,2.623,bbox,2.342,1.503,2.148,0.498
411,13.7,2.304,2.601,pose,2.342,1.549,2.251,0.498
412,13.733,2.599,2.599,bbox,2.342,1.615,2.31,0.498
413,13.767,2.604,2.599,bbox,2.342,1.733,2.31,0.498
414,13.8,1.38,2.599,pose,2.342,1.733,2.31,0.498
415,13.833,2.768,2.599,bbox,2.342,1.805,2.31,0.498
416,13.867,2.726,2.604,bbox,2.342,1.805,2.31,0.498
417,13.9,2.732,2.726,bbox,2.342,1.805,2.31,0.498
418,13.933,2.843,2.732,bbox,2.342,1.805,2.31,0.498
419,13.967,2.715,2.732,bbox,2.388,1.805,2.31,0.498
420,14.0,2.605,2.726,bbox,2.388,1.805,2.31,0.498
421,14.033,2.54,2.715,bbox,2.482,1.805,2.31,0.551
422,14.067,2.522,2.605,bbox,2.482,1.805,2.31,0.551
423,14.1,2.691,2.605,bbox,2.482,1.805,2.31,0.594
424,14.133,2.775,2.605,bbox,2.482,1.805,2.31,0.594
425,14.167,2.984,2.691,bbox,2.482,1.805,2.31,0.676
426,14.2,2.963,2.775,bbox,2.482,1.866,2.31,0.676
427,14.233,2.78,2.78,bbox,2.482,1.866,2.31,0.715
428,14.267,2.733,2.78,bbox,2.482,1.866,2.31,0.715
429,14.3,2.744,2.78,bbox,2.482,1.938,2.31,0.715
430,14.333,2.734,2.744,bbox,2.482,1.938,2.31,0.715
431,14.367,2.752,2.744,bbox,2.482,1.938,2.31,0.767
432,14.4,2.747,2.744,bbox,2.482,1.938,2.31,0.767
433,14.433,2.749,2.747,bbox,2.482,1.938,2.31,0.767
434,14.467,2.786,2.749,bbox,2.482,1.938,2.31,0.767
435,14.5,2.813,2.752,bbox,2.482,1.938,2.31,0.767
436,14.533,2.818,2.786,bbox,2.482,1.938,2.31,0.809
437,14.567,2.822,2.813,bbox,2.482,1.938,2.31,0.809
438,14.6,2.839,2.818,bbox,2.482,1.938,2.31,0.809
439,14.633,2.844,2.822,bbox,2.482,1.938,2.31,0.809
440,14.667,3.117,2.839,bbox,2.482,1.938,2.31,0.809
441,14.7,3.168,2.844,pose,2.482,1.938,2.31,0.809
442,14.733,2.885,2.885,bbox,2.482,1.938,2.31,0.809
443,14.767,2.842,2.885,bbox,2.482,1.938,2.31,0.809
444,14.8,2.827,2.885,bbox,2.546,1.938,2.31,0.809
445,14.833,2.786,2.842,bbox,2.546,1.938,2.31,0.809
446,14.867,2.796,2.827,bbox,2.546,1.938,2.31,0.809
447,14.9,2.76,2.796,bbox,2.546,1.938,2.31,0.809
448,14.933,2.748,2.786,bbox,2.546,1.938,2.31,0.809
449,14.967,2.735,2.76,bbox,2.546,1.938,2.31,0.809
450,15.0,2.753,2.753,bbox,2.546,1.938,2.31,0.809
451,15.033,2.839,2.753,bbox,2.546,1.938,2.31,0.809
452,15.067,2.869,2.753,bbox,2.546,1.97,2.31,0.85
453,15.1,2.934,2.839,bbox,2.546,2.005,2.31,0.85
454,15.133,3.037,2.869,bbox,2.546,2.038,2.31,0.85
455,15.167,3.157,2.934,bbox,2.546,2.074,2.31,0.85
456,15.2,3.192,3.037,bbox,2.546,2.123,2.31,0.85
457,15.233,3.217,3.157,bbox,2.546,2.199,2.31,0.85
458,15.267,3.199,3.192,bbox,2.546,2.245,2.31,0.85
459,15.3,3.223,3.199,bbox,2.546,2.245,2.31,0.85
460,15.333,3.168,3.199,bbox,2.546,2.245,2.31,0.85
461,15.367,3.158,3.199,bbox,2.546,2.245,2.31,0.85
462,15.4,3.214,3.199,bbox,2.546,2.245,2.31,0.85
463,15.433,3.239,3.214,bbox,2.546,2.276,2.31,0.85
464,15.467,3.257,3.214,bbox,2.546,2.307,2.31,0.85
465,15.5,3.282,3.239,bbox,2.546,2.349,2.31,0.85
466,15.533,3.33,3.257,bbox,2.546,2.349,2.31,0.85
467,15.567,3.403,3.282,bbox,2.546,2.349,2.31,0.85
468,15.6,5.178,3.33,pose,2.546,2.349,2.31,0.85
469,15.633,3.445,3.403,bbox,2.546,2.349,2.31,0.85
470,15.667,3.503,3.445,bbox,2.546,2.349,2.31,0.85
471,15.7,3.515,3.503,bbox,2.546,2.349,2.31,0.85
472,15.733,3.453,3.503,bbox,2.546,2.349,2.31,0.85
473,15.767,3.435,3.453,bbox,2.546,2.349,2.31,0.85
474,15.8,3.257,3.453,pose,2.546,2.349,2.31,0.85
475,15.833,3.387,3.435,bbox,2.546,2.349,2.31,0.85
476,15.867,3.315,3.387,bbox,2.546,2.349,2.31,0.85
477,15.9,3.288,3.315,bbox,2.546,2.349,2.346,0.85
478,15.933,3.232,3.288,bbox,2.546,2.349,2.346,0.85
479,15.967,3.34,3.315,bbox,2.589,2.349,2.346,0.85
480,16.0,3.276,3.288,bbox,2.589,2.349,2.427,0.85
481,16.033,3.375,3.288,bbox,2.636,2.349,2.427,0.85
482,16.067,3.381,3.34,bbox,2.636,2.349,2.427,0.85
483,16.1,2.507,3.34,bbox,2.636,2.349,2.47,0.85
484,16.133,2.519,3.276,bbox,2.636,2.349,2.576,0.85
485,16.167,3.094,3.094,bbox,2.636,2.349,2.637,0.85
486,16.2,,,,2.636,2.349,2.637,0.85
487,16.233,2.891,2.891,bbox,2.636,2.349,2.637,0.85
488,16.267,2.834,2.834,bbox,2.636,2.349,2.637,0.85
489,16.3,2.449,2.834,pose,2.636,2.349,2.637,0.85
490,16.333,2.703,2.834,bbox,2.705,2.349,2.637,0.85
491,16.367,2.723,2.723,bbox,2.705,2.349,2.637,0.85
492,16.4,2.743,2.723,bbox,2.798,2.349,2.637,0.85
493,16.433,2.772,2.723,bbox,2.798,2.349,2.637,0.85
494,16.467,2.781,2.743,bbox,2.798,2.349,2.637,0.85
495,16.5,2.776,2.772,pose,2.798,2.349,2.637,0.85
496,16.533,2.775,2.775,bbox,2.798,2.349,2.637,0.85
497,16.567,2.775,2.775,bbox,2.798,2.38,2.637,0.85
498,16.6,2.42,2.775,pose,2.798,2.38,2.637,0.85
499,16.633,2.897,2.775,bbox,2.798,2.427,2.637,0.85
500,16.667,3.001,2.775,bbox,2.798,2.427,2.637,0.903
501,16.7,,,,2.798,2.427,2.637,0.903
502,16.733,,,,2.798,2.427,2.637,0.903
503,16.767,3.214,2.897,bbox,2.798,2.427,2.637,0.903
504,16.8,3.302,3.001,bbox,2.798,2.427,2.637,0.903
505,16.833,3.47,3.214,bbox,2.798,2.427,2.637,0.903
506,16.867,3.517,3.302,bbox,2.798,2.427,2.637,0.903
507,16.9,,,,2.798,2.427,2.637,0.903
508,16.933,,,,2.798,2.427,2.637,0.903
509,16.967,,,,2.798,2.427,2.637,0.903
510,17.0,2.967,3.302,bbox,2.798,2.427,2.637,0.903
511,17.033,2.902,3.302,bbox,2.798,2.427,2.637,0.972
512,17.067,2.878,2.967,bbox,2.798,2.427,2.637,0.972
513,17.1,2.227,2.902,pose,2.798,2.427,2.637,0.972
514,17.133,2.848,2.878,bbox,2.915,2.427,2.637,0.972
515,17.167,2.845,2.848,bbox,2.915,2.427,2.637,0.972
516,17.2,2.693,2.845,pose,2.915,2.427,2.637,0.972
517,17.233,2.913,2.845,bbox,2.915,2.427,2.637,0.972
518,17.267,2.878,2.848,bbox,2.946,2.427,2.637,0.972
519,17.3,2.883,2.878,pose,2.946,2.427,2.637,0.972
520,17.333,2.929,2.883,bbox,2.994,2.427,2.637,0.972
521,17.367,2.941,2.913,bbox,2.994,2.427,2.637,0.972
522,17.4,,,,2.994,2.427,2.637,0.972
523,17.433,2.864,2.883,bbox,2.994,2.427,2.637,0.972
524,17.467,2.872,2.883,bbox,2.994,2.427,2.637,0.972
525,17.5,2.722,2.872,pose,2.994,2.427,2.637,0.972
526,17.533,2.891,2.872,bbox,2.994,2.427,2.637,0.972
527,17.567,2.876,2.872,bbox,2.994,2.427,2.637,0.972
528,17.6,2.76,2.872,pose,2.994,2.427,2.637,0.972
529,17.633,2.905,2.876,bbox,2.994,2.427,2.637,1.075
530,17.667,2.932,2.891,bbox,2.994,2.427,2.637,1.117
531,17.7,3.123,2.905,pose,2.994,2.427,2.637,1.117
532,17.733,3.002,2.932,bbox,2.994,2.427,2.637,1.117
533,17.767,2.997,2.997,bbox,2.994,2.427,2.637,1.117
534,17.8,2.602,2.997,pose,2.994,2.427,2.637,1.117
535,17.833,2.964,2.997,bbox,2.994,2.427,2.637,1.117
536,17.867,2.944,2.964,bbox,2.994,2.427,2.637,1.117
537,17.9,2.511,2.944,pose,2.994,2.427,2.637,1.117
538,17.933,2.951,2.944,bbox,2.994,2.427,2.637,1.171
539,17.967,3.013,2.951,bbox,2.994,2.427,2.637,1.171
540,18.0,3.109,2.951,pose,2.994,2.427,2.637,1.171
541,18.033,3.095,3.013,bbox,2.994,2.427,2.637,1.171
542,18.067,3.125,3.095,bbox,2.994,2.427,2.637,1.171
543,18.1,,,,2.994,2.427,2.637,1.171
544,18.133,,,,2.994,2.427,2.637,1.171
545,18.167,,,,2.994,2.427,2.637,1.171
546,18.2,,,,2.994,2.427,2.637,1.171
547,18.233,,,,2.994,2.427,2.637,1.171
548,18.267,,,,2.994,2.427,2.637,1.171
549,18.3,3.109,3.109,pose,2.994,2.427,2.637,1.171
550,18.333,3.238,3.109,bbox,2.994,2.494,2.637,1.171
551,18.367,3.183,3.125,bbox,2.994,2.494,2.637,1.171
552,18.4,3.172,3.172,bbox,2.994,2.494,2.637,1.171
553,18.433,3.119,3.172,bbox,2.994,2.494,2.637,1.171
554,18.467,3.126,3.172,bbox,2.994,2.494,2.637,1.171
555,18.5,3.066,3.126,bbox,2.994,2.494,2.688,1.171
556,18.533,3.027,3.119,bbox,2.994,2.494,2.688,1.171
557,18.567,2.97,3.066,bbox,3.03,2.494,2.688,1.171
558,18.6,2.619,3.027,pose,3.03,2.494,2.732,1.171
559,18.633,2.897,2.97,bbox,3.069,2.494,2.768,1.171
560,18.667,2.893,2.897,bbox,3.069,2.494,2.817,1.171
561,18.7,2.826,2.893,bbox,3.125,2.494,2.817,1.171
562,18.733,,,,3.125,2.494,2.817,1.171
563,18.767,,,,3.125,2.494,2.817,1.171
564,18.8,2.706,2.826,bbox,3.125,2.494,2.817,1.171
565,18.833,2.6,2.826,bbox,3.182,2.494,2.817,1.171
566,18.867,2.674,2.706,bbox,3.261,2.494,2.817,1.171
567,18.9,2.891,2.706,pose,3.261,2.494,2.852,1.171
568,18.933,2.59,2.674,bbox,3.261,2.494,2.898,1.171
569,18.967,2.563,2.6,bbox,3.261,2.494,2.989,1.171
570,19.0,2.658,2.658,bbox,3.301,2.494,2.989,1.263
571,19.033,2.689,2.658,bbox,3.301,2.494,3.024,1.263
572,19.067,2.659,2.658,bbox,3.369,2.494,3.024,1.263
573,19.1,2.629,2.658,bbox,3.369,2.494,3.024,1.263
574,19.133,2.621,2.658,bbox,3.369,2.494,3.024,1.263
575,19.167,2.648,2.648,bbox,3.369,2.494,3.081,1.263
576,19.2,2.494,2.629,pose,3.369,2.494,3.081,1.263
577,19.233,2.63,2.629,bbox,3.369,2.494,3.081,1.263
578,19.267,2.616,2.621,bbox,3.369,2.584,3.081,1.263
579,19.3,2.721,2.63,bbox,3.369,2.627,3.081,1.263
580,19.333,2.728,2.63,bbox,3.369,2.706,3.081,1.263
581,19.367,2.725,2.721,bbox,3.369,2.706,3.081,1.3
582,19.4,2.731,2.725,bbox,3.369,2.706,3.081,1.3
583,19.433,2.732,2.728,bbox,3.369,2.706,3.081,1.3
584,19.467,2.703,2.728,bbox,3.369,2.706,3.081,1.352
585,19.5,3.283,2.731,pose,3.369,2.706,3.081,1.352
586,19.533,2.843,2.732,bbox,3.369,2.706,3.081,1.352
587,19.567,3.055,2.843,bbox,3.369,2.768,3.081,1.352
588,19.6,2.576,2.843,pose,3.369,2.916,3.081,1.352
589,19.633,3.057,3.055,bbox,3.369,2.987,3.081,1.352
590,19.667,3.094,3.055,bbox,3.369,2.987,3.081,1.352
591,19.7,2.792,3.055,pose,3.369,3.056,3.081,1.352
592,19.733,3.178,3.057,bbox,3.369,3.134,3.081,1.352
593,19.767,3.229,3.094,bbox,3.369,3.134,3.081,1.352
594,19.8,3.209,3.178,bbox,3.369,3.134,3.081,1.352
595,19.833,3.187,3.187,bbox,3.369,3.134,3.081,1.352
596,19.867,3.206,3.206,bbox,3.369,3.172,3.081,1.352
597,19.9,3.169,3.206,bbox,3.369,3.172,3.081,1.352
598,19.933,3.213,3.206,bbox,3.369,3.208,3.081,1.352
599,19.967,3.257,3.206,bbox,3.369,3.208,3.081,1.352
600,20.0,3.257,3.213,bbox,3.369,3.241,3.081,1.352
601,20.033,3.281,3.257,bbox,3.369,3.241,3.148,1.352
602,20.067,3.389,3.257,bbox,3.369,3.241,3.148,1.352
603,20.1,3.112,3.257,pose,3.369,3.241,3.148,1.352
604,20.133,3.374,3.281,bbox,3.369,3.312,3.189,1.352
605,20.167,3.343,3.343,bbox,3.369,3.312,3.189,1.352
606,20.2,3.377,3.374,bbox,3.369,3.312,3.189,1.352
607,20.233,,,,3.369,3.312,3.189,1.352
608,20.267,3.26,3.343,bbox,3.369,3.312,3.189,1.352
609,20.3,3.158,3.343,bbox,3.369,3.312,3.189,1.352
610,20.333,3.05,3.26,bbox,3.369,3.312,3.221,1.352
611,20.367,3.015,3.158,bbox,3.369,3.312,3.221,1.352
612,20.4,,,,3.369,3.312,3.221,1.352
613,20.433,2.928,3.05,bbox,3.404,3.312,3.289,1.352
614,20.467,2.927,3.015,bbox,3.439,3.312,3.289,1.352
615,20.5,2.894,2.928,bbox,3.507,3.312,3.289,1.352
616,20.533,2.89,2.927,bbox,3.507,3.312,3.289,1.352
617,20.567,2.881,2.894,bbox,3.507,3.312,3.289,1.352
618,20.6,2.9,2.894,bbox,3.541,3.312,3.34,1.352
619,20.633,2.842,2.89,bbox,3.572,3.312,3.34,1.352
620,20.667,2.799,2.881,bbox,3.572,3.312,3.34,1.352
621,20.7,2.819,2.842,bbox,3.572,3.312,3.419,1.352
622,20.733,2.774,2.819,bbox,3.572,3.312,3.461,1.352
623,20.767,2.703,2.799,bbox,3.572,3.312,3.461,1.352
624,20.8,2.679,2.774,bbox,3.572,3.345,3.542,1.352
625,20.833,2.645,2.703,bbox,3.572,3.345,3.609,1.352
626,20.867,2.429,2.679,bbox,3.572,3.378,3.698,1.352
627,20.9,2.42,2.645,bbox,3.572,3.425,3.822,1.352
628,20.933,,,,3.572,3.425,3.822,1.352
629,20.967,,,,3.572,3.425,3.822,1.352
630,21.0,2.626,2.626,bbox,3.623,3.425,3.91,1.352
631,21.033,2.566,2.566,bbox,3.623,3.463,3.975,1.352
632,21.067,2.394,2.429,bbox,3.623,3.559,3.975,1.352
633,21.1,2.307,2.42,bbox,3.623,3.559,3.975,1.352
634,21.133,2.105,2.394,bbox,3.623,3.559,3.975,1.352
635,21.167,2.082,2.307,bbox,3.623,3.559,3.975,1.352
636,21.2,1.906,2.105,bbox,3.686,3.559,3.975,1.352
637,21.233,,,,3.686,3.559,3.975,1.352
638,21.267,,,,3.686,3.559,3.975,1.352
639,21.3,,,,3.686,3.559,3.975,1.352
640,21.333,,,,3.686,3.559,3.975,1.352
641,21.367,,,,3.686,3.559,3.975,1.352
642,21.4,,,,3.686,3.559,3.975,1.352
643,21.433,,,,3.686,3.559,3.975,1.352
644,21.467,,,,3.686,3.559,3.975,1.352
645,21.5,,,,3.686,3.559,3.975,1.352
646,21.533,,,,3.686,3.559,3.975,1.352
647,21.567,,,,3.686,3.559,3.975,1.352
648,21.6,,,,3.686,3.559,3.975,1.352
649,21.633,,,,3.686,3.559,3.975,1.352
650,21.667,,,,3.686,3.559,3.975,1.352
651,21.7,,,,3.686,3.559,3.975,1.352
652,21.733,,,,3.686,3.559,3.975,1.352
653,21.767,,,,3.686,3.559,3.975,1.352
654,21.8,,,,3.686,3.559,3.975,1.352
655,21.833,,,,3.686,3.559,3.975,1.352
656,21.867,,,,3.686,3.559,3.975,1.352
657,21.9,,,,3.686,3.559,3.975,1.352
658,21.933,,,,3.686,3.559,3.975,1.352
659,21.967,,,,3.686,3.559,3.975,1.352
660,22.0,,,,3.686,3.559,3.975,1.352
661,22.033,,,,3.686,3.559,3.975,1.352
662,22.067,,,,3.686,3.559,3.975,1.352
663,22.1,,,,3.686,3.559,3.975,1.352
664,22.133,,,,3.686,3.559,3.975,1.352
665,22.167,,,,3.686,3.559,3.975,1.352
666,22.2,,,,3.686,3.559,3.975,1.352
667,22.233,0.638,2.082,bbox,3.686,3.559,4.021,1.352
668,22.267,0.527,1.906,bbox,3.686,3.559,4.113,1.352
669,22.3,0.545,0.638,bbox,3.686,3.559,4.113,1.352
670,22.333,0.561,0.561,bbox,3.686,3.559,4.113,1.352
671,22.367,0.627,0.561,bbox,3.686,3.559,4.165,1.352
672,22.4,0.59,0.561,bbox,3.686,3.559,4.165,1.352
673,22.433,0.606,0.59,bbox,3.686,3.559,4.165,1.352
674,22.467,0.62,0.606,bbox,3.686,3.559,4.165,1.352
675,22.5,0.703,0.62,bbox,3.686,3.559,4.165,1.352
676,22.533,0.694,0.62,bbox,3.686,3.559,4.165,1.352
677,22.567,0.703,0.694,bbox,3.686,3.622,4.165,1.352
678,22.6,0.744,0.703,bbox,3.686,3.622,4.165,1.352
679,22.633,0.803,0.703,bbox,3.686,3.622,4.165,1.352
680,22.667,0.798,0.744,bbox,3.686,3.622,4.165,1.352
681,22.7,0.902,0.798,bbox,3.686,3.652,4.165,1.352
682,22.733,1.074,0.803,bbox,3.686,3.652,4.165,1.352
683,22.767,1.028,0.902,bbox,3.686,3.696,4.165,1.352
684,22.8,0.959,0.959,bbox,3.686,3.74,4.165,1.389
685,22.833,1.191,1.028,bbox,3.686,3.74,4.165,1.389
686,22.867,1.299,1.074,bbox,3.686,3.74,4.165,1.389
687,22.9,1.189,1.189,bbox,3.686,3.788,4.165,1.389
688,22.933,1.188,1.189,bbox,3.686,3.819,4.165,1.432
689,22.967,1.252,1.191,bbox,3.686,3.819,4.165,1.468
690,23.0,1.289,1.252,bbox,3.686,3.819,4.165,1.535
691,23.033,1.328,1.252,bbox,3.686,3.888,4.165,1.535
692,23.067,1.365,1.289,bbox,3.686,3.921,4.165,1.535
693,23.1,1.445,1.328,bbox,3.686,3.956,4.165,1.573
694,23.133,1.486,1.365,bbox,3.686,3.956,4.165,1.573
695,23.167,1.578,1.445,bbox,3.686,3.956,4.165,1.573
696,23.2,1.253,1.445,pose,3.686,3.956,4.165,1.613
697,23.233,1.605,1.486,bbox,3.686,3.956,4.165,1.613
698,23.267,1.623,1.578,bbox,3.686,3.956,4.165,1.613
699,23.3,1.76,1.605,bbox,3.686,3.956,4.165,1.66
700,23.333,1.807,1.623,bbox,3.686,3.996,4.165,1.66
701,23.367,1.921,1.76,bbox,3.686,4.031,4.165,1.698
702,23.4,2.152,1.807,bbox,3.686,4.07,4.165,1.741
703,23.433,2.312,1.921,bbox,3.686,4.111,4.165,1.741
704,23.467,1.996,1.996,bbox,3.686,4.153,4.165,1.806
705,23.5,1.525,1.996,pose,3.686,4.153,4.165,1.806
706,23.533,2.102,2.102,bbox,3.686,4.204,4.165,1.845
707,23.567,2.215,2.102,bbox,3.686,4.271,4.165,1.889
708,23.6,2.299,2.102,bbox,3.686,4.349,4.165,1.922
709,23.633,2.33,2.215,bbox,3.686,4.349,4.165,2.008
710,23.667,2.428,2.299,bbox,3.686,4.386,4.165,2.008
711,23.7,2.529,2.33,bbox,3.686,4.386,4.165,2.086
712,23.733,2.596,2.428,bbox,3.686,4.386,4.165,2.086
713,23.767,2.632,2.529,bbox,3.686,4.386,4.165,2.119
714,23.8,2.659,2.596,bbox,3.686,4.432,4.165,2.222
715,23.833,2.746,2.632,bbox,3.686,4.432,4.165,2.222
716,23.867,2.728,2.659,bbox,3.686,4.432,4.165,2.222
717,23.9,2.774,2.728,bbox,3.686,4.432,4.165,2.222
718,23.933,2.826,2.746,bbox,3.686,4.432,4.165,2.222
719,23.967,1.34,2.746,bbox,3.686,4.432,4.165,2.222
720,24.0,2.891,2.774,bbox,3.686,4.432,4.165,2.266
721,24.033,2.915,2.826,bbox,3.686,4.432,4.165,2.303
722,24.067,2.968,2.891,bbox,3.686,4.432,4.165,2.351
723,24.1,4.288,2.915,pose,3.686,4.432,4.165,2.46
724,24.133,3.0,2.968,bbox,3.686,4.432,4.165,2.46
725,24.167,3.096,3.0,bbox,3.686,4.432,4.165,2.5
726,24.2,3.133,3.096,bbox,3.686,4.432,4.165,2.5
727,24.233,3.177,3.133,bbox,3.686,4.432,4.165,2.5
728,24.267,3.223,3.133,bbox,3.686,4.432,4.165,2.596
729,24.3,3.222,3.177,bbox,3.686,4.432,4.165,2.596
730,24.333,1.895,3.177,bbox,3.686,4.432,4.165,2.596
731,24.367,1.9,3.177,bbox,3.686,4.432,4.165,2.596
732,24.4,1.86,1.9,bbox,3.686,4.432,4.165,2.596
733,24.433,1.856,1.895,bbox,3.725,4.432,4.165,2.596
734,24.467,1.545,1.86,bbox,3.774,4.432,4.165,2.596
735,24.5,3.377,1.86,bbox,3.774,4.432,4.165,2.596
736,24.533,1.568,1.856,bbox,3.774,4.432,4.165,2.596
737,24.567,1.556,1.568,bbox,3.774,4.482,4.219,2.596
738,24.6,1.535,1.556,bbox,3.774,4.482,4.291,2.596
739,24.633,1.6,1.568,bbox,3.774,4.482,4.291,2.596
740,24.667,1.532,1.556,bbox,3.774,4.482,4.291,2.596
741,24.7,1.921,1.556,pose,3.774,4.482,4.326,2.596
742,24.733,1.463,1.535,bbox,3.774,4.482,4.326,2.596
743,24.767,1.41,1.532,bbox,3.774,4.482,4.428,2.596
744,24.8,1.388,1.463,bbox,3.774,4.482,4.481,2.596
745,24.833,1.391,1.41,bbox,3.774,4.52,4.511,2.596
746,24.867,1.378,1.391,bbox,3.774,4.52,4.511,2.596
747,24.9,1.724,1.391,pose,3.774,4.52,4.511,2.596
748,24.933,1.39,1.39,bbox,3.774,4.52,4.511,2.596
749,24.967,1.374,1.39,bbox,3.774,4.52,4.542,2.596
750,25.0,1.729,1.39,pose,3.774,4.559,4.635,2.596
751,25.033,1.568,1.568,bbox,3.774,4.559,4.669,2.596
752,25.067,1.577,1.568,bbox,3.774,4.559,4.669,2.596
753,25.1,1.641,1.577,bbox,3.774,4.604,4.709,2.596
754,25.133,1.574,1.577,bbox,3.774,4.604,4.753,2.596
755,25.167,1.513,1.574,bbox,3.774,4.604,4.753,2.596
756,25.2,1.513,1.574,bbox,3.774,4.604,4.753,2.596
757,25.233,2.914,1.574,bbox,3.774,4.604,4.753,2.596
758,25.267,,,,3.774,4.604,4.753,2.596
759,25.3,2.923,1.574,bbox,3.774,4.604,4.753,2.681
760,25.333,2.867,2.867,bbox,3.774,4.604,4.753,2.681
761,25.367,2.934,2.914,bbox,3.774,4.604,4.753,2.752
762,25.4,2.838,2.914,pose,3.774,4.604,4.753,2.752
763,25.433,2.992,2.923,bbox,3.774,4.604,4.753,2.752
764,25.467,3.023,2.934,bbox,3.774,4.706,4.753,2.752
765,25.5,3.038,2.992,bbox,3.774,4.788,4.753,2.752
766,25.533,3.072,3.023,bbox,3.774,4.788,4.753,2.752
767,25.567,3.168,3.038,bbox,3.774,4.788,4.753,2.752
768,25.6,3.727,3.072,pose,3.774,4.788,4.753,2.752
769,25.633,3.133,3.133,bbox,3.774,4.788,4.753,2.752
770,25.667,3.156,3.156,bbox,3.806,4.788,4.753,2.752
771,25.7,3.84,3.168,pose,3.806,4.788,4.753,2.752
772,25.733,,,,3.806,4.788,4.753,2.752
773,25.767,,,,3.806,4.788,4.753,2.752
774,25.8,,,,3.806,4.788,4.753,2.752
775,25.833,,,,3.806,4.788,4.753,2.752
776,25.867,,,,3.806,4.788,4.753,2.752
777,25.9,,,,3.806,4.788,4.753,2.752
778,25.933,,,,3.806,4.788,4.753,2.752
779,25.967,,,,3.806,4.788,4.753,2.752
780,26.0,5.218,3.727,pose,3.806,4.788,4.819,2.752
781,26.033,3.276,3.276,bbox,3.806,4.788,4.819,2.752
782,26.067,3.306,3.306,bbox,3.806,4.788,4.91,2.752
783,26.1,5.216,3.84,pose,3.806,4.788,4.91,2.752
784,26.133,3.345,3.345,bbox,3.806,4.856,4.961,2.752
785,26.167,3.356,3.345,bbox,3.806,4.856,4.961,2.752
786,26.2,3.432,3.356,bbox,3.806,4.856,5.013,2.752
787,26.233,,,,3.806,4.856,5.013,2.752
788,26.267,,,,3.806,4.856,5.013,2.752
789,26.3,,,,3.806,4.856,5.013,2.752
790,26.333,,,,3.806,4.856,5.013,2.752
791,26.367,,,,3.806,4.856,5.013,2.752
792,26.4,,,,3.806,4.856,5.013,2.752
793,26.433,,,,3.806,4.856,5.013,2.752
794,26.467,,,,3.806,4.856,5.013,2.752
795,26.5,,,,3.806,4.856,5.013,2.752
796,26.533,,,,3.806,4.856,5.013,2.752
797,26.567,,,,3.806,4.856,5.013,2.752
798,26.6,,,,3.806,4.856,5.013,2.752
799,26.633,,,,3.806,4.856,5.013,2.752
800,26.667,,,,3.806,4.856,5.013,2.752
801,26.7,,,,3.806,4.856,5.013,2.752
802,26.733,,,,3.806,4.856,5.013,2.752
803,26.767,,,,3.806,4.856,5.013,2.752
804,26.8,,,,3.806,4.856,5.013,2.752
805,26.833,,,,3.806,4.856,5.013,2.752
806,26.867,,,,3.806,4.856,5.013,2.752
807,26.9,,,,3.806,4.856,5.013,2.752
808,26.933,,,,3.806,4.856,5.013,2.752
809,26.967,,,,3.806,4.856,5.013,2.752
810,27.0,,,,3.806,4.856,5.013,2.752
811,27.033,,,,3.806,4.856,5.013,2.752
812,27.067,,,,3.806,4.856,5.013,2.752
813,27.1,,,,3.806,4.856,5.013,2.752
814,27.133,,,,3.806,4.856,5.013,2.752
815,27.167,,,,3.806,4.856,5.013,2.752
816,27.2,,,,3.806,4.856,5.013,2.752
817,27.233,,,,3.806,4.856,5.013,2.752
818,27.267,,,,3.806,4.856,5.013,2.752
819,27.3,,,,3.806,4.856,5.013,2.752
820,27.333,,,,3.806,4.856,5.013,2.752
821,27.367,,,,3.806,4.856,5.013,2.752
822,27.4,,,,3.806,4.856,5.013,2.752
823,27.433,,,,3.806,4.856,5.013,2.752
824,27.467,,,,3.806,4.856,5.013,2.752
825,27.5,,,,3.806,4.856,5.013,2.752
826,27.533,,,,3.806,4.856,5.013,2.752
827,27.567,,,,3.806,4.856,5.013,2.752
828,27.6,,,,3.806,4.856,5.013,2.752
829,27.633,,,,3.806,4.856,5.013,2.752
830,27.667,,,,3.806,4.856,5.013,2.752
831,27.7,,,,3.806,4.856,5.013,2.752
832,27.733,,,,3.806,4.856,5.013,2.752
833,27.767,,,,3.806,4.856,5.013,2.752
834,27.8,3.976,3.432,bbox,3.806,4.856,5.013,2.752
835,27.833,3.993,3.432,bbox,3.806,4.898,5.013,2.752
836,27.867,3.995,3.976,bbox,3.806,4.898,5.013,2.752
837,27.9,6.053,3.993,pose,3.806,4.988,5.013,2.752
838,27.933,4.041,3.995,bbox,3.806,4.988,5.013,2.752
839,27.967,4.106,4.041,bbox,3.806,4.988,5.013,2.752
840,28.0,4.368,4.106,pose,3.806,5.05,5.013,2.752
841,28.033,4.096,4.106,bbox,3.806,5.05,5.07,2.752
842,28.067,4.042,4.096,bbox,3.806,5.05,5.07,2.752
843,28.1,4.107,4.106,bbox,3.806,5.05,5.07,2.752
844,28.133,4.134,4.107,bbox,3.806,5.05,5.07,2.752
845,28.167,,,,3.806,5.05,5.07,2.752
846,28.2,,,,3.806,5.05,5.07,2.752
847,28.233,,,,3.806,5.05,5.07,2.752
848,28.267,,,,3.806,5.05,5.07,2.752
849,28.3,,,,3.806,5.05,5.07,2.752
850,28.333,4.045,4.096,bbox,3.806,5.105,5.07,2.752
851,28.367,,,,3.806,5.105,5.07,2.752
852,28.4,4.189,4.107,pose,3.806,5.105,5.07,2.752
853,28.433,3.999,4.107,bbox,3.806,5.105,5.07,2.752
854,28.467,3.987,4.045,bbox,3.806,5.146,5.106,2.752
855,28.5,3.625,3.999,pose,3.806,5.205,5.199,2.752
856,28.533,4.003,3.999,bbox,3.806,5.205,5.235,2.752
857,28.567,4.017,3.999,bbox,3.806,5.205,5.306,2.752
858,28.6,2.336,3.987,pose,3.806,5.238,5.306,2.752
859,28.633,3.967,3.967,bbox,3.806,5.238,5.306,2.752
860,28.667,3.954,3.967,bbox,3.806,5.238,5.357,2.752
861,28.7,0.558,3.954,pose,3.806,5.329,5.357,2.752
862,28.733,3.927,3.927,bbox,3.806,5.329,5.389,2.752
863,28.767,3.902,3.927,bbox,3.806,5.329,5.389,2.752
864,28.8,0.837,3.902,pose,3.806,5.329,5.389,2.752
865,28.833,3.939,3.902,bbox,3.806,5.329,5.428,2.752
866,28.867,3.983,3.927,bbox,3.806,5.374,5.428,2.752
867,28.9,4.073,3.939,bbox,3.806,5.446,5.428,2.752
868,28.933,4.027,3.983,bbox,3.806,5.446,5.428,2.752
869,28.967,4.121,4.027,bbox,3.806,5.549,5.428,2.752
870,29.0,3.622,4.027,pose,3.806,5.549,5.428,2.752
871,29.033,4.145,4.073,bbox,3.806,5.621,5.428,2.752
872,29.067,4.216,4.121,bbox,3.806,5.621,5.428,2.752
873,29.1,4.253,4.145,pose,3.806,5.699,5.428,2.752
874,29.133,4.221,4.216,bbox,3.806,5.699,5.428,2.752
875,29.167,4.245,4.221,bbox,3.806,5.748,5.428,2.752
876,29.2,4.26,4.245,bbox,3.806,5.748,5.428,2.752
877,29.233,4.243,4.245,bbox,3.806,5.748,5.428,2.752
878,29.267,4.299,4.245,bbox,3.806,5.748,5.428,2.752
879,29.3,4.256,4.256,bbox,3.806,5.823,5.428,2.752
880,29.333,4.377,4.26,bbox,3.806,5.823,5.428,2.752
881,29.367,4.508,4.299,bbox,3.806,5.823,5.428,2.752
882,29.4,4.324,4.324,pose,3.806,5.904,5.428,2.752
883,29.433,4.665,4.377,bbox,3.806,5.904,5.428,2.752
884,29.467,4.831,4.508,bbox,3.806,5.951,5.428,2.752
885,29.5,6.777,4.665,pose,3.806,6.053,5.428,2.792
886,29.533,4.861,4.831,bbox,3.806,6.09,5.428,2.792
887,29.567,5.104,4.861,bbox,3.806,6.183,5.428,2.792
888,29.6,5.009,5.009,bbox,3.806,6.183,5.428,2.792
889,29.633,5.002,5.009,bbox,3.806,6.237,5.428,2.792
890,29.667,,,,3.806,6.237,5.428,2.792
891,29.7,,,,3.806,6.237,5.428,2.792
892,29.733,,,,3.806,6.237,5.428,2.792
893,29.767,,,,3.806,6.237,5.428,2.792
894,29.8,,,,3.806,6.237,5.428,2.792
895,29.833,,,,3.806,6.237,5.428,2.792
896,29.867,,,,3.806,6.237,5.428,2.792
897,29.9,,,,3.806,6.237,5.428,2.792
898,29.933,,,,3.806,6.237,5.428,2.792
899,29.967,,,,3.806,6.237,5.428,2.792
900,30.0,,,,3.806,6.237,5.428,2.792
901,30.033,,,,3.806,6.237,5.428,2.792
902,30.067,,,,3.806,6.237,5.428,2.792
903,30.1,,,,3.806,6.237,5.428,2.792
904,30.133,,,,3.806,6.237,5.428,2.792
905,30.167,,,,3.806,6.237,5.428,2.792
906,30.2,,,,3.806,6.237,5.428,2.792
907,30.233,,,,3.806,6.237,5.428,2.792
908,30.267,,,,3.806,6.237,5.428,2.792
909,30.3,,,,3.806,6.237,5.428,2.792
910,30.333,,,,3.806,6.237,5.428,2.792
911,30.367,,,,3.806,6.237,5.428,2.792
912,30.4,,,,3.806,6.237,5.428,2.792
913,30.433,,,,3.806,6.237,5.428,2.792
914,30.467,,,,3.806,6.237,5.428,2.792
915,30.5,,,,3.806,6.237,5.428,2.792
916,30.533,,,,3.806,6.237,5.428,2.792
917,30.567,,,,3.806,6.237,5.428,2.792
918,30.6,,,,3.806,6.237,5.428,2.792
919,30.633,,,,3.806,6.237,5.428,2.792
920,30.667,,,,3.806,6.237,5.428,2.792
921,30.7,,,,3.806,6.237,5.428,2.792
922,30.733,,,,3.806,6.237,5.428,2.792
923,30.767,,,,3.806,6.237,5.428,2.792
924,30.8,,,,3.806,6.237,5.428,2.792
925,30.833,,,,3.806,6.237,5.428,2.792
926,30.867,5.373,5.009,bbox,3.806,6.237,5.428,2.792
927,30.9,5.33,5.104,bbox,3.806,6.237,5.428,2.792
928,30.933,5.325,5.325,bbox,3.806,6.237,5.56,2.792
929,30.967,5.306,5.325,bbox,3.806,6.237,5.56,2.792
930,31.0,5.307,5.325,pose,3.806,6.237,5.56,2.792
931,31.033,5.245,5.307,bbox,3.806,6.237,5.56,2.792
932,31.067,5.24,5.306,bbox,3.806,6.237,5.593,2.792
933,31.1,5.337,5.306,bbox,3.806,6.237,5.593,2.792
934,31.133,5.381,5.307,bbox,3.806,6.237,5.593,2.792
935,31.167,5.332,5.332,bbox,3.806,6.237,5.593,2.792
936,31.2,5.331,5.332,bbox,3.806,6.237,5.593,2.792
937,31.233,5.451,5.337,bbox,3.806,6.237,5.593,2.792
938,31.267,5.491,5.381,bbox,3.806,6.237,5.593,2.792
939,31.3,5.489,5.451,bbox,3.806,6.237,5.593,2.792
940,31.333,5.425,5.451,bbox,3.806,6.237,5.593,2.792
941,31.367,5.35,5.451,bbox,3.806,6.237,5.593,2.792
942,31.4,5.455,5.455,bbox,3.848,6.237,5.593,2.792
943,31.433,,,,3.848,6.237,5.593,2.792
944,31.467,5.444,5.444,bbox,3.848,6.237,5.593,2.792
945,31.5,5.182,5.425,pose,3.883,6.237,5.593,2.792
946,31.533,5.445,5.444,bbox,3.883,6.237,5.593,2.792
947,31.567,5.484,5.445,bbox,3.946,6.237,5.593,2.792
948,31.6,5.554,5.445,bbox,3.946,6.237,5.593,2.792
949,31.633,5.568,5.484,bbox,4.022,6.237,5.593,2.792
950,31.667,5.52,5.52,bbox,4.058,6.237,5.593,2.792
951,31.7,5.182,5.52,pose,4.058,6.237,5.593,2.792
952,31.733,5.455,5.52,bbox,4.058,6.237,5.593,2.792
953,31.767,5.458,5.458,bbox,4.058,6.237,5.593,2.838
954,31.8,5.35,5.455,bbox,4.058,6.237,5.593,2.838
955,31.833,5.254,5.35,bbox,4.058,6.237,5.593,2.838
956,31.867,5.231,5.35,bbox,4.058,6.237,5.593,2.838
957,31.9,,,,4.058,6.237,5.593,2.838
958,31.933,,,,4.058,6.237,5.593,2.838
959,31.967,5.253,5.254,bbox,4.102,6.237,5.593,2.869
960,32.0,5.055,5.253,pose,4.102,6.237,5.593,2.869
961,32.033,,,,4.102,6.237,5.593,2.869
962,32.067,,,,4.102,6.237,5.593,2.869
963,32.1,,,,4.102,6.237,5.593,2.869
964,32.133,,,,4.102,6.237,5.593,2.869
965,32.167,,,,4.102,6.237,5.593,2.869
966,32.2,,,,4.102,6.237,5.593,2.869
967,32.233,,,,4.102,6.237,5.593,2.869
968,32.267,,,,4.102,6.237,5.593,2.869
969,32.3,,,,4.102,6.237,5.593,2.869
970,32.333,,,,4.102,6.237,5.593,2.869
971,32.367,,,,4.102,6.237,5.593,2.869
972,32.4,4.732,5.231,pose,4.14,6.237,5.593,2.869
973,32.433,,,,4.14,6.237,5.593,2.869
974,32.467,4.823,5.055,bbox,4.14,6.237,5.593,2.869
975,32.5,,,,4.14,6.237,5.593,2.869
976,32.533,,,,4.14,6.237,5.593,2.869
977,32.567,,,,4.14,6.237,5.593,2.869
978,32.6,4.485,4.823,pose,4.14,6.237,5.593,2.942
979,32.633,4.761,4.761,bbox,4.29,6.237,5.593,2.942
980,32.667,4.74,4.74,bbox,4.326,6.237,5.593,2.942
981,32.7,4.76,4.76,bbox,4.326,6.237,5.593,2.942
982,32.733,4.749,4.749,bbox,4.356,6.237,5.593,2.942
983,32.767,4.765,4.76,bbox,4.356,6.237,5.593,2.942
984,32.8,4.79,4.76,bbox,4.395,6.237,5.593,2.942
985,32.833,,,,4.395,6.237,5.593,2.942
986,32.867,,,,4.395,6.237,5.593,2.942
987,32.9,,,,4.395,6.237,5.593,2.942
988,32.933,4.697,4.76,bbox,4.395,6.237,5.593,2.942
989,32.967,4.736,4.749,bbox,4.395,6.237,5.593,2.942
990,33.0,4.821,4.765,pose,4.395,6.237,5.593,2.942
991,33.033,4.623,4.736,bbox,4.517,6.237,5.593,2.942
992,33.067,4.638,4.697,bbox,4.517,6.237,5.593,2.942
993,33.1,4.858,4.736,pose,4.517,6.237,5.593,2.942
994,33.133,4.716,4.716,bbox,4.552,6.237,5.593,2.942
995,33.167,4.727,4.716,bbox,4.552,6.237,5.593,2.942
996,33.2,4.808,4.727,pose,4.552,6.237,5.593,2.942
997,33.233,4.753,4.753,bbox,4.552,6.346,5.593,2.942
998,33.267,4.82,4.753,bbox,4.552,6.346,5.593,2.942
999,33.3,4.847,4.808,bbox,4.552,6.388,5.593,2.942
1000,33.333,4.808,4.808,bbox,4.552,6.388,5.593,2.942
1001,33.367,4.817,4.817,bbox,4.552,6.388,5.593,2.942
1002,33.4,,,,4.552,6.388,5.593,2.942
1003,33.433,,,,4.552,6.388,5.593,2.942
1004,33.467,,,,4.552,6.388,5.593,2.942
1005,33.5,,,,4.552,6.388,5.593,2.942
1006,33.533,,,,4.552,6.388,5.593,2.942
1007,33.567,,,,4.552,6.388,5.593,2.942
1008,33.6,,,,4.552,6.388,5.593,2.942
1009,33.633,4.621,4.817,bbox,4.552,6.388,5.593,2.942
1010,33.667,4.664,4.808,bbox,4.552,6.388,5.593,2.942
1011,33.7,4.554,4.664,pose,4.552,6.484,5.593,2.942
1012,33.733,,,,4.552,6.484,5.593,2.942
1013,33.767,,,,4.552,6.484,5.593,2.942
1014,33.8,,,,4.552,6.484,5.593,2.942
1015,33.833,4.893,4.664,bbox,4.552,6.484,5.633,2.942
1016,33.867,,,,4.552,6.484,5.633,2.942
1017,33.9,,,,4.552,6.484,5.633,2.942
1018,33.933,,,,4.552,6.484,5.633,2.942
1019,33.967,,,,4.552,6.484,5.633,2.942
1020,34.0,,,,4.552,6.484,5.633,2.942
1021,34.033,,,,4.552,6.484,5.633,2.942
1022,34.067,,,,4.552,6.484,5.633,2.942
1023,34.1,,,,4.552,6.484,5.633,2.942
1024,34.133,,,,4.552,6.484,5.633,2.942
1025,34.167,,,,4.552,6.484,5.633,2.942
1026,34.2,,,,4.552,6.484,5.633,2.942
1027,34.233,,,,4.552,6.484,5.633,2.942
1028,34.267,,,,4.552,6.484,5.633,2.942
1029,34.3,,,,4.552,6.484,5.633,2.942
1030,34.333,,,,4.552,6.484,5.633,2.942
1031,34.367,,,,4.552,6.484,5.633,2.942
1032,34.4,,,,4.552,6.484,5.633,2.942
1033,34.433,,,,4.552,6.484,5.633,2.942
1034,34.467,,,,4.552,6.484,5.633,2.942
1035,34.5,,,,4.552,6.484,5.633,2.942
1036,34.533,,,,4.552,6.484,5.633,2.942
1037,34.567,,,,4.552,6.484,5.633,2.942
1038,34.6,,,,4.552,6.484,5.633,2.942
1039,34.633,,,,4.552,6.484,5.633,2.942
1040,34.667,,,,4.552,6.484,5.633,2.942
1041,34.7,,,,4.552,6.484,5.633,2.942
1042,34.733,,,,4.552,6.484,5.633,2.942
1043,34.767,,,,4.552,6.484,5.633,2.942
1044,34.8,,,,4.552,6.484,5.633,2.942
1045,34.833,,,,4.552,6.484,5.633,2.942
1046,34.867,,,,4.552,6.484,5.633,2.942
1047,34.9,,,,4.552,6.484,5.633,2.942
1048,34.933,,,,4.552,6.484,5.633,2.942
1049,34.967,,,,4.552,6.484,5.633,2.942
1050,35.0,,,,4.552,6.484,5.633,2.942
1051,35.033,,,,4.552,6.484,5.633,2.942
1052,35.067,,,,4.552,6.484,5.633,2.942
1053,35.1,,,,4.552,6.484,5.633,2.942
1054,35.133,,,,4.552,6.484,5.633,2.942
1055,35.167,,,,4.552,6.484,5.633,2.942
1056,35.2,,,,4.552,6.484,5.633,2.942
1057,35.233,,,,4.552,6.484,5.633,2.942
1058,35.267,,,,4.552,6.484,5.633,2.942
1059,35.3,,,,4.552,6.484,5.633,2.942
1060,35.333,,,,4.552,6.484,5.633,2.942
1061,35.367,,,,4.552,6.484,5.633,2.942
1062,35.4,,,,4.552,6.484,5.633,2.942
1063,35.433,,,,4.552,6.484,5.633,2.942
1064,35.467,,,,4.552,6.484,5.633,2.942
1065,35.5,,,,4.552,6.484,5.633,2.942
1066,35.533,,,,4.552,6.484,5.633,2.942
1067,35.567,,,,4.552,6.484,5.633,2.942
1068,35.6,,,,4.552,6.484,5.633,2.942
1069,35.633,,,,4.552,6.484,5.633,2.942
1070,35.667,,,,4.552,6.484,5.633,2.942
1071,35.7,,,,4.552,6.484,5.633,2.942
1072,35.733,,,,4.552,6.484,5.633,2.942
1073,35.767,,,,4.552,6.484,5.633,2.942
1074,35.8,4.012,4.621,pose,4.552,6.484,5.633,2.942
1075,35.833,4.323,4.554,bbox,4.552,6.484,5.684,2.942
1076,35.867,4.309,4.323,bbox,4.552,6.484,5.777,2.942
1077,35.9,4.067,4.309,pose,4.608,6.484,5.777,2.942
1078,35.933,4.213,4.213,bbox,4.664,6.484,5.822,2.942
1079,35.967,4.198,4.213,bbox,4.664,6.484,5.822,2.942
1080,36.0,4.129,4.198,pose,4.664,6.484,5.822,2.985
1081,36.033,4.199,4.198,bbox,4.711,6.484,5.822,2.985
1082,36.067,4.22,4.199,bbox,4.711,6.484,5.822,2.985
1083,36.1,4.165,4.198,pose,4.711,6.484,5.822,3.016
1084,36.133,4.313,4.199,bbox,4.711,6.484,5.822,3.092
1085,36.167,4.335,4.22,bbox,4.711,6.484,5.822,3.092
1086,36.2,4.343,4.313,bbox,4.711,6.484,5.822,3.092
1087,36.233,4.377,4.335,bbox,4.711,6.484,5.822,3.092
1088,36.267,4.384,4.343,bbox,4.711,6.484,5.822,3.092
1089,36.3,4.353,4.353,bbox,4.711,6.484,5.822,3.092
1090,36.333,4.374,4.374,bbox,4.711,6.484,5.822,3.092
1091,36.367,4.381,4.377,bbox,4.711,6.484,5.822,3.092
1092,36.4,4.398,4.381,bbox,4.711,6.484,5.822,3.092
1093,36.433,4.485,4.381,bbox,4.758,6.484,5.822,3.092
1094,36.467,4.41,4.398,bbox,4.758,6.484,5.822,3.092
1095,36.5,4.406,4.406,bbox,4.758,6.484,5.822,3.124
1096,36.533,4.441,4.41,bbox,4.758,6.484,5.822,3.124
1097,36.567,4.492,4.441,bbox,4.758,6.484,5.822,3.124
1098,36.6,4.586,4.441,bbox,4.758,6.484,5.822,3.124
1099,36.633,4.662,4.492,bbox,4.758,6.53,5.822,3.124
1100,36.667,4.791,4.586,bbox,4.758,6.53,5.822,3.124
1101,36.7,4.909,4.662,bbox,4.758,6.576,5.822,3.124
1102,36.733,4.925,4.791,bbox,4.758,6.609,5.822,3.124
1103,36.767,4.959,4.909,bbox,4.758,6.609,5.822,3.124
1104,36.8,4.946,4.925,bbox,4.758,6.609,5.822,3.124
1105,36.833,4.931,4.931,bbox,4.758,6.609,5.822,3.124
1106,36.867,4.914,4.931,bbox,4.758,6.609,5.822,3.124
1107,36.9,5.041,4.946,bbox,4.758,6.609,5.822,3.124
1108,36.933,5.105,4.946,bbox,4.758,6.687,5.822,3.124
1109,36.967,5.348,5.041,bbox,4.758,6.687,5.822,3.124
1110,37.0,5.327,5.105,bbox,4.758,6.735,5.822,3.124
1111,37.033,5.333,5.327,bbox,4.758,6.828,5.822,3.124
1112,37.067,,,,4.758,6.828,5.822,3.124
1113,37.1,,,,4.758,6.828,5.822,3.124
1114,37.133,,,,4.758,6.828,5.822,3.124
1115,37.167,,,,4.758,6.828,5.822,3.124
1116,37.2,,,,4.758,6.828,5.822,3.124
1117,37.233,,,,4.758,6.828,5.822,3.124
1118,37.267,,,,4.758,6.828,5.822,3.124
1119,37.3,,,,4.758,6.828,5.822,3.124
1120,37.333,,,,4.758,6.828,5.822,3.124
1121,37.367,,,,4.758,6.828,5.822,3.124
1122,37.4,,,,4.758,6.828,5.822,3.124
1123,37.433,,,,4.758,6.828,5.822,3.124
1124,37.467,5.397,5.333,bbox,4.758,6.828,5.822,3.124
1125,37.5,5.367,5.348,bbox,4.758,6.937,5.822,3.124
1126,37.533,3.2,5.333,bbox,4.758,6.937,5.822,3.124
1127,37.567,3.136,5.333,bbox,4.889,6.937,5.822,3.124
1128,37.6,3.08,3.2,pose,4.889,6.937,5.822,3.124
1129,37.633,3.094,3.136,bbox,4.889,6.937,5.822,3.124
1130,37.667,3.042,3.094,bbox,4.889,6.937,5.822,3.124
1131,37.7,2.997,3.08,bbox,4.889,6.937,5.822,3.124
1132,37.733,2.975,3.042,bbox,4.889,6.937,5.859,3.124
1133,37.767,2.933,2.997,bbox,4.889,6.937,5.859,3.124
1134,37.8,4.924,2.997,pose,4.889,6.937,5.859,3.124
1135,37.833,,,,4.889,6.937,5.859,3.124
1136,37.867,,,,4.889,6.937,5.859,3.124
1137,37.9,2.758,2.975,bbox,4.889,6.937,5.859,3.124
1138,37.933,2.72,2.933,bbox,4.939,6.937,5.859,3.124
1139,37.967,5.151,2.933,bbox,4.939,6.937,5.912,3.124
1140,38.0,5.147,4.924,bbox,4.939,6.937,5.912,3.124
1141,38.033,5.119,5.119,bbox,4.939,6.937,5.912,3.124
1142,38.067,2.617,5.119,bbox,4.939,6.937,5.912,3.124
1143,38.1,,,,4.939,6.937,5.912,3.124
1144,38.133,,,,4.939,6.937,5.912,3.124
1145,38.167,4.903,5.119,bbox,4.939,6.937,5.912,3.124
1146,38.2,4.883,4.903,bbox,4.939,6.937,5.912,3.124
1147,38.233,4.908,4.903,bbox,4.939,6.937,5.912,3.124
1148,38.267,4.996,4.903,bbox,4.939,6.937,5.912,3.124
1149,38.3,4.875,4.903,pose,4.939,6.937,5.912,3.124
1150,38.333,4.962,4.908,bbox,4.939,6.937,5.912,3.124
1151,38.367,4.924,4.924,bbox,4.939,6.937,5.912,3.124
1152,38.4,2.713,4.924,pose,4.939,6.937,5.912,3.124
1153,38.433,2.431,4.875,bbox,4.939,6.937,5.912,3.124
1154,38.467,2.438,2.713,bbox,4.939,6.937,5.912,3.124
1155,38.5,2.86,2.713,pose,4.939,6.937,5.912,3.124
1156,38.533,2.369,2.438,bbox,4.939,6.937,5.912,3.124
1157,38.567,2.335,2.431,bbox,4.939,6.937,5.912,3.124
1158,38.6,2.78,2.438,pose,4.969,6.937,5.912,3.124
1159,38.633,2.298,2.369,bbox,5.003,6.937,5.912,3.124
1160,38.667,2.255,2.335,bbox,5.003,6.937,5.912,3.124
1161,38.7,2.76,2.335,pose,5.003,6.937,5.912,3.124
1162,38.733,2.224,2.298,bbox,5.003,6.937,5.912,3.124
1163,38.767,4.825,2.298,bbox,5.003,6.937,5.912,3.124
1164,38.8,4.703,2.76,pose,5.003,6.937,5.912,3.124
1165,38.833,4.743,4.703,bbox,5.003,6.937,5.912,3.124
1166,38.867,4.709,4.709,bbox,5.003,6.937,5.912,3.124
1167,38.9,4.672,4.709,pose,5.003,6.937,5.912,3.124
1168,38.933,4.656,4.703,bbox,5.003,6.937,5.912,3.124
1169,38.967,4.644,4.672,bbox,5.003,6.937,5.912,3.124
1170,39.0,4.641,4.656,bbox,5.003,6.937,5.912,3.124
1171,39.033,4.632,4.644,bbox,5.003,6.937,5.912,3.124
1172,39.067,4.631,4.641,bbox,5.003,6.937,5.912,3.124
1173,39.1,4.633,4.633,bbox,5.003,6.937,5.912,3.124
1174,39.133,4.669,4.633,bbox,5.003,6.937,5.912,3.124
1175,39.167,4.718,4.633,bbox,5.003,6.937,5.912,3.124
1176,39.2,4.618,4.633,pose,5.003,6.971,5.912,3.124
1177,39.233,4.745,4.669,bbox,5.003,6.971,5.912,3.124
1178,39.267,4.739,4.718,bbox,5.003,7.002,5.912,3.124
1179,39.3,4.523,4.718,pose,5.003,7.002,5.912,3.124
1180,39.333,4.766,4.739,bbox,5.003,7.002,5.912,3.124
1181,39.367,4.73,4.739,bbox,5.003,7.002,5.912,3.124
1182,39.4,4.516,4.73,pose,5.003,7.002,5.912,3.124
1183,39.433,4.82,4.73,bbox,5.003,7.002,5.912,3.124
1184,39.467,4.789,4.766,bbox,5.003,7.002,5.912,3.124
1185,39.5,4.866,4.789,bbox,5.003,7.002,5.912,3.124
1186,39.533,4.789,4.789,bbox,5.003,7.002,5.912,3.124
1187,39.567,4.896,4.82,bbox,5.003,7.002,5.912,3.124
1188,39.6,2.156,4.789,bbox,5.003,7.002,5.912,3.124
1189,39.633,2.131,4.789,bbox,5.003,7.002,5.912,3.124
1190,39.667,4.846,4.789,bbox,5.003,7.002,5.912,3.124
1191,39.7,4.859,4.846,bbox,5.003,7.002,5.912,3.124
1192,39.733,4.945,4.846,bbox,5.003,7.002,5.912,3.124
1193,39.767,2.195,4.846,bbox,5.003,7.002,5.912,3.162
1194,39.8,2.015,4.846,pose,5.003,7.002,5.912,3.162
1195,39.833,2.171,2.195,bbox,5.003,7.002,5.912,3.162
1196,39.867,2.201,2.195,bbox,5.003,7.002,5.912,3.162
1197,39.9,1.5,2.171,pose,5.003,7.002,5.912,3.162
1198,39.933,2.133,2.133,bbox,5.003,7.002,5.912,3.162
1199,39.967,2.134,2.134,bbox,5.003,7.002,5.912,3.162
1200,40.0,2.131,2.133,bbox,5.003,7.002,5.912,3.162
1201,40.033,2.137,2.133,bbox,5.003,7.002,5.912,3.162
1202,40.067,2.1,2.133,bbox,5.003,7.002,5.912,3.162
1203,40.1,2.136,2.134,bbox,5.003,7.002,5.912,3.162
1204,40.133,2.171,2.136,bbox,5.003,7.002,5.912,3.162
1205,40.167,2.202,2.137,bbox,5.003,7.002,5.912,3.162
1206,40.2,2.223,2.171,bbox,5.003,7.002,5.912,3.162
1207,40.233,2.221,2.202,bbox,5.003,7.002,5.912,3.162
1208,40.267,2.218,2.218,bbox,5.003,7.002,5.912,3.162
1209,40.3,0.881,2.218,pose,5.003,7.002,5.912,3.162
1210,40.333,2.207,2.218,bbox,5.003,7.002,5.912,3.162
1211,40.367,2.175,2.207,bbox,5.003,7.002,5.912,3.162
1212,40.4,2.126,2.175,bbox,5.003,7.002,5.912,3.162
1213,40.433,2.103,2.126,bbox,5.003,7.002,5.912,3.162
1214,40.467,2.08,2.126,bbox,5.003,7.002,5.912,3.162
1215,40.5,3.149,2.126,pose,5.003,7.002,5.912,3.162
1216,40.533,1.972,2.103,bbox,5.003,7.002,5.912,3.162
1217,40.567,2.01,2.08,bbox,5.003,7.002,5.951,3.162
1218,40.6,3.926,2.08,pose,5.003,7.002,5.951,3.162
1219,40.633,2.008,2.01,bbox,5.003,7.002,6.001,3.162
1220,40.667,1.986,2.008,bbox,5.003,7.002,6.001,3.162
1221,40.7,1.094,2.008,pose,5.003,7.032,6.001,3.162
1222,40.733,1.957,1.986,bbox,5.037,7.032,6.001,3.162
1223,40.767,1.897,1.957,bbox,5.073,7.032,6.001,3.162
1224,40.8,1.771,1.897,pose,5.073,7.032,6.001,3.162
1225,40.833,1.819,1.819,bbox,5.113,7.032,6.001,3.162
1226,40.867,1.766,1.819,bbox,5.113,7.032,6.001,3.162
1227,40.9,1.714,1.771,bbox,5.143,7.032,6.001,3.162
1228,40.933,1.692,1.766,bbox,5.143,7.032,6.001,3.162
1229,40.967,1.675,1.714,bbox,5.143,7.032,6.001,3.162
1230,41.0,1.651,1.692,bbox,5.225,7.032,6.001,3.162
1231,41.033,4.505,1.692,bbox,5.225,7.032,6.001,3.162
1232,41.067,4.447,1.692,bbox,5.225,7.032,6.001,3.162
1233,41.1,4.433,4.433,bbox,5.225,7.032,6.001,3.162
1234,41.133,4.399,4.433,bbox,5.225,7.032,6.001,3.162
1235,41.167,4.354,4.433,bbox,5.225,7.032,6.001,3.162
1236,41.2,4.302,4.399,bbox,5.225,7.032,6.001,3.162
1237,41.233,1.614,4.354,bbox,5.225,7.032,6.001,3.162
1238,41.267,1.603,4.302,bbox,5.225,7.032,6.001,3.162
1239,41.3,4.282,4.282,bbox,5.225,7.032,6.001,3.162
1240,41.333,4.265,4.265,bbox,5.225,7.032,6.001,3.162
1241,41.367,4.246,4.246,bbox,5.225,7.032,6.001,3.162
1242,41.4,4.194,4.246,bbox,5.225,7.032,6.001,3.162
1243,41.433,4.21,4.246,bbox,5.225,7.032,6.001,3.162
1244,41.467,4.186,4.21,bbox,5.225,7.032,6.001,3.162
1245,41.5,4.142,4.194,bbox,5.225,7.032,6.001,3.162
1246,41.533,4.152,4.186,bbox,5.225,7.032,6.001,3.162
1247,41.567,4.135,4.152,bbox,5.225,7.032,6.001,3.162
1248,41.6,4.228,4.152,bbox,5.225,7.032,6.001,3.162
1249,41.633,4.217,4.152,bbox,5.225,7.032,6.001,3.162
1250,41.667,3.173,4.152,bbox,5.225,7.032,6.001,3.162
1251,41.7,4.277,4.217,bbox,5.225,7.032,6.001,3.162
1252,41.733,4.288,4.228,bbox,5.225,7.032,6.001,3.162
1253,41.767,4.251,4.251,bbox,5.225,7.032,6.001,3.208
1254,41.8,4.114,4.251,pose,5.225,7.032,6.001,3.208
1255,41.833,4.294,4.277,bbox,5.225,7.032,6.001,3.208
1256,41.867,4.374,4.288,bbox,5.225,7.032,6.001,3.208
1257,41.9,4.39,4.294,bbox,5.225,7.032,6.001,3.208
1258,41.933,4.384,4.374,bbox,5.225,7.032,6.001,3.208
1259,41.967,4.373,4.374,bbox,5.225,7.032,6.001,3.208
1260,42.0,4.38,4.38,bbox,5.225,7.032,6.001,3.208
1261,42.033,4.375,4.38,bbox,5.225,7.032,6.001,3.208
1262,42.067,4.382,4.38,bbox,5.225,7.032,6.001,3.208
1263,42.1,4.415,4.38,bbox,5.225,7.032,6.001,3.208
1264,42.133,4.412,4.382,bbox,5.225,7.032,6.001,3.208
1265,42.167,4.426,4.412,bbox,5.225,7.032,6.001,3.208
1266,42.2,4.337,4.412,bbox,5.225,7.032,6.001,3.208
1267,42.233,4.244,4.412,bbox,5.225,7.032,6.001,3.208
1268,42.267,4.317,4.337,bbox,5.225,7.032,6.001,3.208
1269,42.3,5.304,4.337,pose,5.225,7.032,6.001,3.208
1270,42.333,,,,5.225,7.032,6.001,3.208
1271,42.367,,,,5.225,7.032,6.001,3.208
1272,42.4,,,,5.225,7.032,6.001,3.208
1273,42.433,,,,5.225,7.032,6.001,3.208
1274,42.467,,,,5.225,7.032,6.001,3.208
1275,42.5,,,,5.225,7.032,6.001,3.208
1276,42.533,,,,5.225,7.032,6.001,3.208
1277,42.567,,,,5.225,7.032,6.001,3.208
1278,42.6,,,,5.225,7.032,6.001,3.208
1279,42.633,,,,5.225,7.032,6.001,3.208
1280,42.667,,,,5.225,7.032,6.001,3.208
1281,42.7,,,,5.225,7.032,6.001,3.208
1282,42.733,,,,5.225,7.032,6.001,3.208
1283,42.767,,,,5.225,7.032,6.001,3.208
1284,42.8,,,,5.225,7.032,6.001,3.208
1285,42.833,,,,5.225,7.032,6.001,3.208
1286,42.867,,,,5.225,7.032,6.001,3.208
1287,42.9,4.004,4.317,pose,5.225,7.032,6.001,3.208
1288,42.933,4.02,4.244,bbox,5.225,7.032,6.001,3.208
1289,42.967,4.016,4.02,bbox,5.225,7.032,6.074,3.208
1290,43.0,4.029,4.02,pose,5.225,7.032,6.074,3.208
1291,43.033,3.992,4.016,bbox,5.225,7.032,6.074,3.208
1292,43.067,3.992,4.016,bbox,5.225,7.032,6.074,3.208
1293,43.1,4.053,4.016,pose,5.225,7.032,6.074,3.208
1294,43.133,4.0,4.0,bbox,5.225,7.032,6.074,3.208
1295,43.167,3.996,3.996,bbox,5.225,7.032,6.074,3.208
1296,43.2,3.981,3.996,bbox,5.225,7.032,6.074,3.208
1297,43.233,3.992,3.996,bbox,5.225,7.032,6.074,3.208
1298,43.267,3.987,3.992,bbox,5.225,7.032,6.074,3.208
1299,43.3,,,,5.225,7.032,6.074,3.208
1300,43.333,4.01,3.992,bbox,5.225,7.032,6.074,3.208
1301,43.367,4.015,3.992,bbox,5.225,7.032,6.074,3.208
1302,43.4,4.025,4.01,pose,5.225,7.032,6.074,3.208
1303,43.433,3.998,4.01,bbox,5.225,7.032,6.074,3.208
1304,43.467,3.947,4.01,bbox,5.225,7.032,6.074,3.208
1305,43.5,3.905,3.998,bbox,5.225,7.032,6.074,3.208
1306,43.533,3.956,3.956,bbox,5.257,7.032,6.074,3.208
1307,43.567,3.904,3.947,bbox,5.29,7.032,6.074,3.208
1308,43.6,3.916,3.916,bbox,5.328,7.032,6.074,3.208
1309,43.633,3.902,3.905,bbox,5.328,7.032,6.074,3.208
1310,43.667,3.924,3.916,bbox,5.328,7.032,6.129,3.208
1311,43.7,3.939,3.916,bbox,5.328,7.032,6.18,3.208
1312,43.733,3.889,3.916,bbox,5.328,7.032,6.18,3.208
1313,43.767,3.852,3.902,bbox,5.328,7.032,6.18,3.208
1314,43.8,3.841,3.889,bbox,5.328,7.032,6.224,3.208
1315,43.833,3.793,3.852,bbox,5.328,7.032,6.224,3.208
1316,43.867,3.674,3.841,bbox,5.328,7.032,6.224,3.208
1317,43.9,3.539,3.793,bbox,5.363,7.032,6.224,3.208
1318,43.933,3.474,3.674,bbox,5.414,7.032,6.281,3.208
1319,43.967,3.372,3.539,bbox,5.414,7.032,6.342,3.208
1320,44.0,3.305,3.474,bbox,5.414,7.032,6.342,3.208
1321,44.033,3.329,3.372,bbox,5.414,7.032,6.408,3.208
1322,44.067,3.276,3.329,bbox,5.414,7.032,6.463,3.208
1323,44.1,3.264,3.305,bbox,5.414,7.032,6.536,3.208
1324,44.133,3.291,3.291,bbox,5.414,7.032,6.574,3.208
1325,44.167,3.291,3.291,bbox,5.414,7.032,6.627,3.208
1326,44.2,3.18,3.276,bbox,5.414,7.032,6.627,3.208
1327,44.233,3.16,3.264,bbox,5.414,7.032,6.627,3.208
1328,44.267,3.131,3.18,bbox,5.414,7.032,6.627,3.208
1329,44.3,3.102,3.16,bbox,5.414,7.032,6.627,3.208
1330,44.333,3.089,3.131,bbox,5.414,7.032,6.627,3.208
1331,44.367,3.05,3.102,bbox,5.414,7.032,6.627,3.208
1332,44.4,3.072,3.089,bbox,5.414,7.032,6.627,3.208
1333,44.433,3.098,3.089,bbox,5.414,7.032,6.627,3.208
1334,44.467,3.14,3.089,bbox,5.414,7.032,6.627,3.208
1335,44.5,3.172,3.098,bbox,5.414,7.032,6.627,3.208
1336,44.533,3.189,3.14,bbox,5.414,7.032,6.627,3.208
1337,44.567,3.181,3.172,bbox,5.414,7.032,6.627,3.208
1338,44.6,3.166,3.172,bbox,5.414,7.032,6.627,3.208
1339,44.633,3.115,3.172,bbox,5.414,7.032,6.627,3.208
1340,44.667,3.087,3.166,bbox,5.414,7.032,6.627,3.208
1341,44.7,3.046,3.115,bbox,5.414,7.032,6.627,3.208
1342,44.733,3.014,3.087,bbox,5.414,7.032,6.627,3.208
1343,44.767,3.017,3.046,bbox,5.414,7.032,6.658,3.208
1344,44.8,3.006,3.017,bbox,5.414,7.032,6.658,3.208
1345,44.833,3.01,3.014,bbox,5.414,7.032,6.658,3.208
1346,44.867,3.034,3.014,bbox,5.414,7.032,6.658,3.208
1347,44.9,3.037,3.017,bbox,5.414,7.032,6.658,3.208
1348,44.933,3.033,3.033,bbox,5.414,7.032,6.688,3.208
1349,44.967,3.013,3.033,bbox,5.414,7.032,6.688,3.208
1350,45.0,3.028,3.033,bbox,5.414,7.032,6.736,3.208
1351,45.033,2.985,3.028,bbox,5.414,7.032,6.736,3.208
1352,45.067,2.979,3.013,bbox,5.414,7.032,6.736,3.208
1353,45.1,3.011,3.011,bbox,5.414,7.032,6.736,3.208
1354,45.133,3.039,3.011,bbox,5.414,7.032,6.736,3.208
1355,45.167,3.003,3.003,bbox,5.414,7.032,6.736,3.208
1356,45.2,3.022,3.011,bbox,5.453,7.032,6.736,3.208
1357,45.233,2.986,3.011,bbox,5.56,7.032,6.736,3.208
1358,45.267,2.835,3.003,bbox,5.661,7.032,6.736,3.208
1359,45.3,2.696,2.986,bbox,5.701,7.032,6.736,3.208
1360,45.333,2.586,2.835,bbox,5.774,7.032,6.736,3.208
1361,45.367,2.572,2.696,bbox,5.923,7.032,6.802,3.208
1362,45.4,,,,5.923,7.032,6.802,3.208
1363,45.433,,,,5.923,7.032,6.802,3.208
1364,45.467,,,,5.923,7.032,6.802,3.208
1365,45.5,2.387,2.586,bbox,5.973,7.032,6.84,3.208
1366,45.533,2.371,2.572,bbox,6.097,7.032,6.84,3.208
1367,45.567,2.452,2.452,bbox,6.097,7.154,6.84,3.208
1368,45.6,,,,6.097,7.154,6.84,3.208
1369,45.633,,,,6.097,7.154,6.84,3.208
1370,45.667,1.917,2.387,bbox,6.097,7.154,6.84,3.208
1371,45.7,,,,6.097,7.154,6.84,3.208
1372,45.733,,,,6.097,7.154,6.84,3.208
1373,45.767,2.505,2.387,bbox,6.097,7.154,6.84,3.208
1374,45.8,0.817,2.371,pose,6.097,7.154,6.84,3.208
1375,45.833,,,,6.097,7.154,6.84,3.208
1376,45.867,2.319,2.319,bbox,6.097,7.251,6.84,3.208
1377,45.9,2.124,2.124,bbox,6.097,7.251,6.84,3.208
1378,45.933,1.974,2.124,bbox,6.097,7.251,6.84,3.208
1379,45.967,1.984,1.984,bbox,6.097,7.251,6.892,3.208
1380,46.0,1.967,1.984,bbox,6.097,7.251,6.892,3.208
1381,46.033,2.028,1.984,bbox,6.097,7.251,6.967,3.208
1382,46.067,2.303,1.984,bbox,6.097,7.312,6.967,3.208
1383,46.1,2.477,2.028,bbox,6.097,7.421,6.967,3.208
1384,46.133,2.375,2.303,bbox,6.097,7.529,7.021,3.208
1385,46.167,2.38,2.375,bbox,6.097,7.529,7.086,3.208
1386,46.2,2.469,2.38,bbox,6.097,7.627,7.118,3.208
1387,46.233,,,,6.097,7.627,7.118,3.208
1388,46.267,2.754,2.469,bbox,6.097,7.627,7.118,3.208
1389,46.3,2.956,2.469,bbox,6.097,7.627,7.118,3.208
1390,46.333,3.046,2.754,bbox,6.097,7.745,7.118,3.208
1391,46.367,3.238,2.956,bbox,6.097,7.886,7.118,3.208
1392,46.4,3.094,3.046,bbox,6.097,7.886,7.118,3.208
1393,46.433,3.236,3.094,bbox,6.097,8.007,7.118,3.208
1394,46.467,3.028,3.094,bbox,6.097,8.007,7.118,3.208
1395,46.5,3.473,3.236,bbox,6.097,8.108,7.118,3.208
1396,46.533,3.614,3.236,bbox,6.097,8.184,7.176,3.208
1397,46.567,3.854,3.473,bbox,6.097,8.27,7.176,3.208
1398,46.6,4.028,3.614,bbox,6.097,8.351,7.176,3.208
1399,46.633,4.023,3.854,bbox,6.097,8.351,7.176,3.208
1400,46.667,3.779,3.854,bbox,6.097,8.418,7.176,3.208
1401,46.7,3.74,3.854,bbox,6.097,8.418,7.176,3.208
1402,46.733,3.847,3.847,bbox,6.097,8.418,7.176,3.208
1403,46.767,3.753,3.779,bbox,6.097,8.452,7.176,3.208
1404,46.8,3.763,3.763,bbox,6.097,8.452,7.212,3.208
1405,46.833,3.663,3.753,bbox,6.097,8.452,7.212,3.208
1406,46.867,3.464,3.753,bbox,6.097,8.452,7.212,3.208
1407,46.9,3.349,3.663,bbox,6.097,8.452,7.254,3.208
1408,46.933,3.262,3.464,bbox,6.097,8.452,7.319,3.208
1409,46.967,3.172,3.349,bbox,6.097,8.452,7.351,3.208
1410,47.0,3.157,3.262,bbox,6.097,8.452,7.351,3.208
1411,47.033,3.198,3.198,bbox,6.097,8.452,7.412,3.208
1412,47.067,3.166,3.172,bbox,6.097,8.452,7.412,3.208
1413,47.1,3.14,3.166,bbox,6.097,8.452,7.447,3.208
1414,47.133,3.148,3.157,bbox,6.097,8.452,7.447,3.208
1415,47.167,3.202,3.166,bbox,6.097,8.452,7.447,3.208
1416,47.2,3.147,3.148,bbox,6.097,8.452,7.447,3.208
1417,47.233,3.113,3.147,bbox,6.097,8.452,7.447,3.208
1418,47.267,3.141,3.147,bbox,6.097,8.452,7.447,3.208
1419,47.3,3.134,3.141,bbox,6.097,8.452,7.447,3.208
1420,47.333,3.135,3.135,bbox,6.097,8.452,7.447,3.208
1421,47.367,3.145,3.135,bbox,6.097,8.452,7.447,3.208
1422,47.4,2.732,3.135,pose,6.097,8.452,7.447,3.208
1423,47.433,3.119,3.134,bbox,6.097,8.452,7.447,3.208
1424,47.467,3.041,3.119,bbox,6.097,8.452,7.447,3.208
1425,47.5,3.028,3.041,bbox,6.097,8.452,7.447,3.208
1426,47.533,3.041,3.041,bbox,6.097,8.452,7.447,3.243
1427,47.567,3.123,3.041,bbox,6.097,8.452,7.447,3.243
1428,47.6,3.191,3.041,bbox,6.097,8.452,7.447,3.243
1429,47.633,3.24,3.123,bbox,6.097,8.452,7.447,3.286
1430,47.667,3.323,3.191,bbox,6.097,8.452,7.447,3.286
1431,47.7,3.389,3.24,bbox,6.097,8.452,7.447,3.332
1432,47.733,3.409,3.323,bbox,6.097,8.452,7.447,3.4
1433,47.767,3.421,3.389,bbox,6.097,8.452,7.447,3.449
1434,47.8,3.533,3.409,bbox,6.097,8.452,7.447,3.505
1435,47.833,3.524,3.421,bbox,6.097,8.452,7.447,3.543
1436,47.867,3.48,3.48,bbox,6.097,8.452,7.447,3.586
1437,47.9,3.414,3.48,bbox,6.097,8.452,7.447,3.586
1438,47.933,3.375,3.48,bbox,6.097,8.452,7.447,3.586
1439,47.967,3.452,3.452,bbox,6.097,8.452,7.447,3.586
1440,48.0,3.373,3.414,pose,6.097,8.452,7.447,3.631
1441,48.033,3.615,3.414,bbox,6.097,8.452,7.447,3.663
1442,48.067,3.718,3.452,bbox,6.097,8.452,7.447,3.702
1443,48.1,,,,6.097,8.452,7.447,3.702
1444,48.133,3.753,3.615,bbox,6.097,8.452,7.447,3.702
1445,48.167,3.769,3.718,bbox,6.097,8.452,7.447,3.741
1446,48.2,3.789,3.753,bbox,6.097,8.452,7.447,3.741
1447,48.233,3.864,3.769,bbox,6.097,8.452,7.447,3.741
1448,48.267,3.875,3.789,bbox,6.097,8.452,7.447,3.741
1449,48.3,3.616,3.789,pose,6.097,8.452,7.447,3.807
1450,48.333,3.848,3.848,bbox,6.097,8.452,7.447,3.807
1451,48.367,3.79,3.848,bbox,6.097,8.452,7.447,3.807
1452,48.4,3.725,3.79,bbox,6.097,8.452,7.447,3.807
1453,48.433,3.706,3.725,bbox,6.097,8.452,7.447,3.807
1454,48.467,3.704,3.725,bbox,6.097,8.452,7.479,3.807
1455,48.5,3.743,3.725,bbox,6.097,8.452,7.479,3.807
1456,48.533,3.55,3.706,bbox,6.097,8.452,7.479,3.807
1457,48.567,3.698,3.704,bbox,6.097,8.452,7.479,3.807
1458,48.6,3.457,3.698,bbox,6.097,8.452,7.518,3.807
1459,48.633,3.485,3.55,bbox,6.097,8.452,7.518,3.807
1460,48.667,3.534,3.534,bbox,6.097,8.452,7.557,3.807
1461,48.7,3.606,3.534,bbox,6.097,8.452,7.557,3.807
1462,48.733,3.412,3.485,bbox,6.097,8.452,7.557,3.807
1463,48.767,3.405,3.485,bbox,6.097,8.452,7.557,3.807
1464,48.8,3.255,3.412,bbox,6.097,8.452,7.557,3.807
1465,48.833,3.219,3.405,bbox,6.141,8.452,7.603,3.807
1466,48.867,3.154,3.255,bbox,6.141,8.452,7.641,3.807
1467,48.9,3.107,3.219,bbox,6.141,8.452,7.675,3.807
1468,48.933,3.084,3.154,bbox,6.141,8.452,7.722,3.807
1469,48.967,3.075,3.107,bbox,6.141,8.452,7.775,3.807
1470,49.0,3.043,3.084,bbox,6.141,8.452,7.809,3.807
1471,49.033,3.006,3.075,bbox,6.141,8.452,7.851,3.807
1472,49.067,2.977,3.043,bbox,6.141,8.452,7.914,3.807
1473,49.1,2.986,3.006,bbox,6.141,8.452,7.914,3.807
1474,49.133,3.026,3.006,bbox,6.141,8.452,7.914,3.807
1475,49.167,2.959,2.986,bbox,6.141,8.452,7.914,3.807
1476,49.2,2.941,2.977,bbox,6.176,8.452,7.914,3.807
1477,49.233,2.888,2.959,bbox,6.216,8.452,7.914,3.807
1478,49.267,2.799,2.941,bbox,6.282,8.452,7.914,3.807
1479,49.3,2.699,2.888,bbox,6.355,8.452,7.914,3.807
1480,49.333,2.672,2.799,bbox,6.403,8.452,7.914,3.807
1481,49.367,2.625,2.699,bbox,6.403,8.452,7.914,3.807
1482,49.4,2.63,2.672,bbox,6.44,8.452,7.914,3.84
1483,49.433,2.618,2.63,bbox,6.475,8.452,7.914,3.84
1484,49.467,2.581,2.625,bbox,6.475,8.452,7.914,3.84
1485,49.5,2.552,2.618,bbox,6.475,8.452,7.914,3.84
1486,49.533,2.547,2.581,bbox,6.475,8.452,7.914,3.84
1487,49.567,,,,6.475,8.452,7.914,3.84
1488,49.6,2.704,2.581,pose,6.475,8.452,7.914,3.84
1489,49.633,2.542,2.552,bbox,6.475,8.452,7.914,3.84
1490,49.667,2.422,2.547,bbox,6.475,8.452,7.914,3.84
1491,49.7,,,,6.475,8.452,7.914,3.84
1492,49.733,,,,6.475,8.452,7.914,3.84
1493,49.767,2.627,2.547,bbox,6.475,8.452,7.983,3.84
1494,49.8,2.437,2.542,pose,6.475,8.452,7.983,3.84
1495,49.833,2.643,2.542,bbox,6.475,8.452,8.051,3.84
1496,49.867,2.513,2.513,bbox,6.475,8.452,8.051,3.84
1497,49.9,2.465,2.513,bbox,6.475,8.452,8.051,3.84
1498,49.933,2.534,2.513,bbox,6.475,8.452,8.051,3.84
1499,49.967,2.563,2.534,bbox,6.475,8.452,8.051,3.878
1500,50.0,2.339,2.513,pose,6.475,8.452,8.051,3.921
1501,50.033,2.638,2.534,bbox,6.475,8.452,8.051,3.954
1502,50.067,2.798,2.563,bbox,6.475,8.452,8.051,4.023
1503,50.1,2.279,2.563,pose,6.475,8.452,8.051,4.132
1504,50.133,2.938,2.638,bbox,6.475,8.452,8.051,4.202
1505,50.167,3.02,2.798,bbox,6.475,8.452,8.051,4.202
1506,50.2,2.586,2.798,pose,6.475,8.452,8.051,4.202
1507,50.233,3.1,2.938,bbox,6.475,8.452,8.051,4.234
1508,50.267,3.025,3.02,bbox,6.475,8.452,8.051,4.234
1509,50.3,2.998,3.02,bbox,6.475,8.452,8.051,4.234
1510,50.333,2.995,2.998,bbox,6.475,8.452,8.051,4.234
1511,50.367,3.143,3.025,bbox,6.475,8.452,8.051,4.234
1512,50.4,2.985,2.998,pose,6.475,8.452,8.051,4.234
1513,50.433,3.225,2.998,bbox,6.475,8.452,8.051,4.306
1514,50.467,3.275,3.143,bbox,6.475,8.452,8.051,4.444
1515,50.5,2.989,3.143,pose,6.475,8.452,8.051,4.444
1516,50.533,3.295,3.225,bbox,6.475,8.452,8.051,4.444
1517,50.567,3.18,3.225,bbox,6.475,8.452,8.051,4.444
1518,50.6,3.325,3.275,bbox,6.475,8.452,8.051,4.444
1519,50.633,3.376,3.295,bbox,6.475,8.452,8.051,4.444
1520,50.667,3.375,3.325,bbox,6.475,8.452,8.051,4.444
1521,50.7,3.374,3.374,bbox,6.475,8.452,8.051,4.444
1522,50.733,3.101,3.374,bbox,6.475,8.452,8.051,4.444
1523,50.767,3.078,3.374,bbox,6.475,8.452,8.051,4.444
1524,50.8,3.048,3.101,bbox,6.475,8.452,8.051,4.444
1525,50.833,,,,6.475,8.452,8.051,4.444
1526,50.867,,,,6.475,8.452,8.051,4.444
1527,50.9,3.207,3.101,bbox,6.475,8.452,8.051,4.444
1528,50.933,3.22,3.101,bbox,6.475,8.452,8.051,4.444
1529,50.967,3.165,3.165,bbox,6.475,8.452,8.051,4.527
1530,51.0,3.15,3.165,bbox,6.475,8.452,8.051,4.527
1531,51.033,3.199,3.199,bbox,6.475,8.452,8.051,4.527
1532,51.067,3.156,3.165,bbox,6.475,8.452,8.051,4.527
1533,51.1,3.769,3.165,pose,6.475,8.452,8.051,4.527
1534,51.133,3.011,3.156,bbox,6.475,8.452,8.051,4.527
1535,51.167,2.936,3.156,bbox,6.475,8.452,8.051,4.527
1536,51.2,2.945,3.011,pose,6.475,8.452,8.051,4.527
1537,51.233,2.863,2.945,bbox,6.475,8.452,8.118,4.527
1538,51.267,2.869,2.936,bbox,6.475,8.452,8.118,4.527
1539,51.3,2.884,2.884,bbox,6.475,8.452,8.161,4.527
1540,51.333,2.895,2.884,bbox,6.475,8.452,8.161,4.527
1541,51.367,2.857,2.869,bbox,6.475,8.452,8.161,4.527
1542,51.4,2.888,2.884,bbox,6.475,8.452,8.161,4.527
1543,51.433,2.936,2.888,bbox,6.475,8.452,8.161,4.527
1544,51.467,2.739,2.888,bbox,6.508,8.452,8.202,4.527
1545,51.5,4.48,2.888,pose,6.508,8.452,8.202,4.527
1546,51.533,2.553,2.888,bbox,6.508,8.452,8.202,4.527
1547,51.567,2.672,2.739,bbox,6.508,8.452,8.326,4.527
1548,51.6,2.589,2.672,bbox,6.508,8.452,8.326,4.527
1549,51.633,2.626,2.626,bbox,6.554,8.452,8.326,4.527
1550,51.667,2.598,2.598,bbox,6.554,8.452,8.326,4.527
1551,51.7,1.086,2.598,pose,6.554,8.452,8.326,4.527
1552,51.733,2.714,2.598,bbox,6.554,8.452,8.326,4.527
1553,51.767,2.778,2.626,bbox,6.554,8.452,8.326,4.527
1554,51.8,,,,6.554,8.452,8.326,4.527
1555,51.833,2.88,2.714,bbox,6.554,8.5,8.326,4.576
1556,51.867,2.912,2.778,bbox,6.554,8.542,8.326,4.623
1557,51.9,3.078,2.88,bbox,6.554,8.586,8.326,4.713
1558,51.933,3.112,2.912,bbox,6.554,8.586,8.326,4.713
1559,51.967,3.188,3.078,bbox,6.554,8.627,8.326,4.759
1560,52.0,3.252,3.112,bbox,6.554,8.627,8.326,4.759
1561,52.033,3.318,3.188,bbox,6.554,8.627,8.326,4.759
1562,52.067,3.509,3.252,bbox,6.554,8.627,8.326,4.759
1563,52.1,3.348,3.318,bbox,6.554,8.627,8.326,4.759
1564,52.133,3.364,3.348,bbox,6.554,8.627,8.326,4.759
1565,52.167,3.582,3.364,bbox,6.554,8.627,8.326,4.793
1566,52.2,3.477,3.477,bbox,6.554,8.627,8.326,4.853
1567,52.233,3.524,3.477,bbox,6.554,8.627,8.326,4.884
1568,52.267,3.616,3.524,bbox,6.554,8.627,8.326,4.949
1569,52.3,3.703,3.582,bbox,6.554,8.627,8.326,5.017
1570,52.333,3.617,3.616,bbox,6.554,8.627,8.326,5.079
1571,52.367,3.551,3.616,bbox,6.554,8.627,8.326,5.079
1572,52.4,3.538,3.616,bbox,6.554,8.627,8.326,5.079
1573,52.433,3.492,3.551,bbox,6.554,8.627,8.326,5.079
1574,52.467,3.433,3.538,bbox,6.554,8.627,8.326,5.079
1575,52.5,3.399,3.492,bbox,6.554,8.627,8.326,5.079
1576,52.533,3.448,3.448,bbox,6.554,8.627,8.326,5.079
1577,52.567,3.386,3.433,bbox,6.554,8.627,8.326,5.079
1578,52.6,3.357,3.399,bbox,6.554,8.627,8.326,5.079
1579,52.633,3.339,3.386,bbox,6.554,8.627,8.326,5.079
1580,52.667,3.282,3.357,bbox,6.554,8.627,8.326,5.079
1581,52.7,3.3,3.339,bbox,6.554,8.627,8.326,5.079
1582,52.733,3.293,3.3,bbox,6.554,8.627,8.362,5.079
1583,52.767,3.316,3.3,bbox,6.554,8.627,8.362,5.079
1584,52.8,3.519,3.3,bbox,6.554,8.627,8.362,5.079
1585,52.833,3.633,3.316,bbox,6.554,8.627,8.362,5.079
1586,52.867,,,,6.554,8.627,8.362,5.079
1587,52.9,,,,6.554,8.627,8.362,5.079
1588,52.933,,,,6.554,8.627,8.362,5.079
1589,52.967,3.455,3.455,bbox,6.554,8.627,8.362,5.079
1590,53.0,3.334,3.455,bbox,6.554,8.627,8.362,5.079
1591,53.033,3.094,3.455,bbox,6.554,8.627,8.432,5.079
1592,53.067,3.094,3.334,bbox,6.554,8.658,8.462,5.079
1593,53.1,2.535,3.094,pose,6.554,8.658,8.462,5.079
1594,53.133,2.984,3.094,bbox,6.554,8.658,8.526,5.079
1595,53.167,3.01,3.01,bbox,6.554,8.658,8.526,5.079
1596,53.2,3.103,3.01,bbox,6.554,8.658,8.526,5.079
1597,53.233,3.078,3.01,bbox,6.554,8.658,8.526,5.079
1598,53.267,3.227,3.078,bbox,6.554,8.658,8.526,5.079
1599,53.3,3.251,3.103,bbox,6.554,8.658,8.526,5.079
1600,53.333,3.284,3.227,bbox,6.554,8.658,8.526,5.079
1601,53.367,3.26,3.251,bbox,6.554,8.658,8.526,5.079
1602,53.4,3.292,3.26,bbox,6.554,8.658,8.526,5.079
1603,53.433,3.301,3.284,bbox,6.554,8.658,8.526,5.116
1604,53.467,3.443,3.292,bbox,6.554,8.658,8.526,5.116
1605,53.5,3.358,3.301,bbox,6.554,8.658,8.526,5.116
1606,53.533,3.39,3.358,bbox,6.554,8.658,8.526,5.116
1607,53.567,3.349,3.358,bbox,6.554,8.658,8.526,5.116
1608,53.6,3.391,3.39,bbox,6.554,8.658,8.526,5.116
1609,53.633,3.38,3.38,bbox,6.554,8.658,8.526,5.116
1610,53.667,3.318,3.38,bbox,6.554,8.658,8.526,5.116
1611,53.7,3.326,3.349,bbox,6.554,8.658,8.526,5.116
1612,53.733,3.293,3.326,bbox,6.554,8.658,8.588,5.116
1613,53.767,3.283,3.318,bbox,6.554,8.658,8.588,5.116
1614,53.8,2.586,3.293,pose,6.554,8.658,8.588,5.116
1615,53.833,3.198,3.283,bbox,6.554,8.658,8.588,5.116
1616,53.867,3.102,3.198,bbox,6.554,8.658,8.588,5.116
1617,53.9,3.111,3.111,bbox,6.554,8.658,8.588,5.116
1618,53.933,3.169,3.111,bbox,6.554,8.688,8.588,5.116
1619,53.967,3.104,3.111,bbox,6.554,8.688,8.588,5.116
1620,54.0,3.132,3.111,pose,6.554,8.688,8.588,5.116
1621,54.033,3.085,3.111,bbox,6.554,8.688,8.588,5.116
1622,54.067,3.126,3.126,bbox,6.554,8.688,8.628,5.116
1623,54.1,3.191,3.126,pose,6.554,8.688,8.628,5.116
1624,54.133,3.091,3.126,bbox,6.554,8.688,8.684,5.116
1625,54.167,3.058,3.091,bbox,6.554,8.688,8.684,5.116
1626,54.2,2.944,3.091,pose,6.554,8.688,8.684,5.116
1627,54.233,3.011,3.058,bbox,6.554,8.688,8.742,5.116
1628,54.267,3.007,3.011,bbox,6.554,8.688,8.773,5.116
1629,54.3,2.942,3.007,pose,6.554,8.688,8.773,5.116
1630,54.333,2.988,2.988,bbox,6.554,8.688,8.773,5.116
1631,54.367,2.981,2.988,bbox,6.554,8.688,8.773,5.116
1632,54.4,2.376,2.981,pose,6.554,8.688,8.773,5.116
1633,54.433,3.011,2.981,bbox,6.554,8.688,8.773,5.116
1634,54.467,3.105,2.988,bbox,6.554,8.688,8.773,5.116
1635,54.5,3.128,3.011,bbox,6.554,8.688,8.773,5.116
1636,54.533,3.139,3.105,bbox,6.607,8.688,8.773,5.116
1637,54.567,3.118,3.118,bbox,6.607,8.688,8.773,5.116
1638,54.6,3.075,3.118,bbox,6.607,8.688,8.773,5.116
1639,54.633,2.979,3.118,bbox,6.607,8.688,8.773,5.116
1640,54.667,2.978,3.075,bbox,6.607,8.688,8.773,5.116
1641,54.7,3.668,3.075,pose,6.607,8.688,8.773,5.116
1642,54.733,2.813,2.979,bbox,6.607,8.688,8.773,5.116
1643,54.767,2.812,2.978,bbox,6.607,8.688,8.773,5.116
1644,54.8,2.772,2.813,bbox,6.607,8.688,8.773,5.116
1645,54.833,2.724,2.812,bbox,6.607,8.688,8.816,5.116
1646,54.867,2.662,2.772,bbox,6.607,8.688,8.816,5.116
1647,54.9,2.213,2.724,pose,6.607,8.688,8.816,5.116
1648,54.933,2.905,2.724,bbox,6.643,8.688,8.816,5.116
1649,54.967,2.887,2.724,bbox,6.643,8.688,8.816,5.116
1650,55.0,2.579,2.662,pose,6.643,8.688,8.816,5.116
1651,55.033,,,,6.643,8.688,8.816,5.116
1652,55.067,3.087,2.887,bbox,6.643,8.688,8.816,5.116
1653,55.1,3.113,2.905,bbox,6.643,8.688,8.816,5.116
1654,55.133,3.131,3.087,bbox,6.643,8.688,8.816,5.116
1655,55.167,3.109,3.109,bbox,6.676,8.688,8.816,5.116
1656,55.2,5.059,3.113,pose,6.676,8.688,8.816,5.116
1657,55.233,2.774,3.113,bbox,6.676,8.688,8.816,5.116
1658,55.267,2.826,3.109,bbox,6.709,8.688,8.876,5.116
1659,55.3,2.828,2.828,bbox,6.709,8.688,8.908,5.116
1660,55.333,2.851,2.828,bbox,6.709,8.688,8.908,5.116
1661,55.367,2.877,2.828,bbox,6.709,8.688,8.908,5.116
1662,55.4,2.879,2.851,bbox,6.709,8.688,8.908,5.116
1663,55.433,2.764,2.851,bbox,6.709,8.688,8.908,5.116
1664,55.467,2.691,2.851,bbox,6.709,8.688,8.908,5.116
1665,55.5,2.747,2.764,bbox,6.709,8.688,8.908,5.148
1666,55.533,2.618,2.747,bbox,6.709,8.688,8.908,5.183
1667,55.567,2.665,2.691,bbox,6.709,8.688,8.908,5.216
1668,55.6,2.672,2.672,bbox,6.709,8.688,8.908,5.266
1669,55.633,2.742,2.672,bbox,6.709,8.688,8.908,5.312
1670,55.667,2.883,2.672,bbox,6.709,8.688,8.908,5.359
1671,55.7,2.852,2.742,bbox,6.709,8.688,8.908,5.413
1672,55.733,2.912,2.852,bbox,6.709,8.688,8.908,5.449
1673,55.767,2.968,2.883,bbox,6.709,8.688,8.908,5.483
1674,55.8,3.111,2.912,bbox,6.709,8.688,8.908,5.538
1675,55.833,3.178,2.968,bbox,6.709,8.688,8.908,5.591
1676,55.867,3.175,3.111,bbox,6.709,8.688,8.908,5.678
1677,55.9,3.249,3.175,bbox,6.709,8.688,8.908,5.741
1678,55.933,3.323,3.178,bbox,6.709,8.688,8.908,5.786
1679,55.967,3.388,3.249,bbox,6.709,8.688,8.908,5.832
1680,56.0,3.697,3.323,pose,6.709,8.688,8.908,5.832
1681,56.033,3.411,3.388,bbox,6.709,8.688,8.908,5.881
1682,56.067,3.366,3.388,bbox,6.709,8.688,8.908,5.926
1683,56.1,3.402,3.402,bbox,6.709,8.688,8.908,5.926
1684,56.133,3.388,3.402,bbox,6.709,8.688,8.908,5.926
1685,56.167,3.452,3.402,bbox,6.709,8.688,8.908,5.926
1686,56.2,3.549,3.402,pose,6.709,8.688,8.908,5.926
1687,56.233,3.535,3.452,bbox,6.709,8.688,8.908,6.004
1688,56.267,3.508,3.508,bbox,6.709,8.688,8.908,6.088
1689,56.3,3.324,3.508,pose,6.709,8.688,8.908,6.088
1690,56.333,3.645,3.535,bbox,6.709,8.688,8.908,6.088
1691,56.367,3.807,3.535,bbox,6.709,8.688,8.908,6.088
1692,56.4,3.559,3.559,bbox,6.709,8.688,8.908,6.088
1693,56.433,3.512,3.559,bbox,6.709,8.688,8.908,6.088
1694,56.467,3.533,3.559,bbox,6.709,8.688,8.908,6.088
1695,56.5,3.544,3.544,bbox,6.709,8.688,8.908,6.088
1696,56.533,3.549,3.544,bbox,6.709,8.688,8.908,6.088
1697,56.567,3.511,3.533,bbox,6.709,8.688,8.908,6.088
1698,56.6,3.525,3.533,bbox,6.709,8.688,8.908,6.088
1699,56.633,3.493,3.525,bbox,6.709,8.688,8.908,6.088
1700,56.667,3.48,3.511,bbox,6.709,8.688,8.908,6.088
1701,56.7,3.407,3.493,bbox,6.709,8.688,8.908,6.088
1702,56.733,3.374,3.48,bbox,6.709,8.688,8.908,6.088
1703,56.767,,,,6.709,8.688,8.908,6.088
1704,56.8,,,,6.709,8.688,8.908,6.088
1705,56.833,,,,6.709,8.688,8.908,6.088
1706,56.867,3.355,3.407,bbox,6.709,8.688,8.908,6.088
1707,56.9,2.512,3.374,pose,6.709,8.688,8.908,6.088
1708,56.933,3.242,3.355,bbox,6.709,8.688,8.908,6.088
1709,56.967,3.174,3.242,bbox,6.746,8.688,8.983,6.088
1710,57.0,3.179,3.179,bbox,6.78,8.688,8.983,6.088
1711,57.033,3.205,3.179,bbox,6.78,8.688,8.983,6.088
1712,57.067,3.213,3.205,bbox,6.78,8.688,9.031,6.088
1713,57.1,3.101,3.179,bbox,6.78,8.688,9.071,6.088
1714,57.133,3.055,3.179,bbox,6.78,8.688,9.104,6.088
1715,57.167,3.095,3.101,bbox,6.78,8.688,9.104,6.088
1716,57.2,5.834,3.101,pose,6.78,8.688,9.104,6.088
1717,57.233,3.047,3.095,bbox,6.78,8.688,9.104,6.088
1718,57.267,3.016,3.055,bbox,6.78,8.688,9.104,6.088
1719,57.3,2.898,3.047,bbox,6.78,8.688,9.143,6.088
1720,57.333,2.909,3.016,bbox,6.78,8.688,9.143,6.088
1721,57.367,2.789,2.909,bbox,6.823,8.688,9.193,6.088
1722,57.4,,,,6.823,8.688,9.193,6.088
1723,57.433,,,,6.823,8.688,9.193,6.088
1724,57.467,,,,6.823,8.688,9.193,6.088
1725,57.5,2.862,2.898,pose,6.823,8.688,9.193,6.088
1726,57.533,2.787,2.862,bbox,6.823,8.688,9.243,6.088
1727,57.567,2.859,2.859,bbox,6.823,8.688,9.28,6.088
1728,57.6,1.038,2.789,pose,6.823,8.688,9.28,6.088
1729,57.633,2.862,2.859,bbox,6.823,8.688,9.28,6.088
1730,57.667,2.901,2.859,bbox,6.823,8.688,9.28,6.088
1731,57.7,3.16,2.862,pose,6.823,8.688,9.28,6.131
1732,57.733,3.014,2.901,bbox,6.823,8.688,9.28,6.162
1733,57.767,3.09,3.014,bbox,6.823,8.688,9.28,6.162
1734,57.8,3.195,3.09,bbox,6.823,8.688,9.28,6.162
1735,57.833,3.13,3.13,bbox,6.823,8.688,9.28,6.162
1736,57.867,3.124,3.124,bbox,6.823,8.688,9.28,6.162
1737,57.9,,,,6.823,8.688,9.28,6.162
1738,57.933,,,,6.823,8.688,9.28,6.162
1739,57.967,2.974,3.124,bbox,6.823,8.688,9.28,6.162
1740,58.0,2.924,3.124,bbox,6.823,8.688,9.28,6.248
1741,58.033,,,,6.823,8.688,9.28,6.248
1742,58.067,,,,6.823,8.688,9.28,6.248
1743,58.1,,,,6.823,8.688,9.28,6.248
1744,58.133,2.759,2.974,bbox,6.823,8.688,9.28,6.248
1745,58.167,2.796,2.924,bbox,6.823,8.688,9.28,6.248
1746,58.2,2.77,2.796,bbox,6.823,8.812,9.28,6.248
1747,58.233,2.82,2.796,bbox,6.823,8.812,9.28,6.248
1748,58.267,2.83,2.796,bbox,6.823,8.812,9.28,6.248
1749,58.3,2.906,2.82,bbox,6.858,8.812,9.28,6.248
1750,58.333,2.946,2.83,bbox,6.858,8.812,9.28,6.248
1751,58.367,2.98,2.906,bbox,6.858,8.812,9.28,6.248
1752,58.4,1.011,2.906,pose,6.858,8.812,9.28,6.31
1753,58.433,3.097,2.946,bbox,6.858,8.812,9.28,6.36
1754,58.467,3.223,2.98,bbox,6.904,8.812,9.28,6.508
1755,58.5,2.203,2.98,pose,6.904,8.812,9.28,6.625
1756,58.533,3.236,3.097,bbox,6.97,8.812,9.28,6.625
1757,58.567,3.272,3.223,bbox,6.97,8.812,9.28,6.696
1758,58.6,3.278,3.236,bbox,7.036,8.812,9.28,6.696
1759,58.633,3.304,3.272,bbox,7.069,8.812,9.28,6.696
1760,58.667,3.239,3.272,bbox,7.069,8.812,9.28,6.748
1761,58.7,3.201,3.272,bbox,7.106,8.812,9.28,6.748
1762,58.733,,,,7.106,8.812,9.28,6.748
1763,58.767,3.146,3.239,bbox,7.106,8.812,9.28,6.748
1764,58.8,3.136,3.201,bbox,7.106,8.812,9.28,6.748
1765,58.833,3.203,3.201,bbox,7.138,8.812,9.28,6.83
1766,58.867,,,,7.138,8.812,9.28,6.83
1767,58.9,2.873,3.146,pose,7.168,8.812,9.28,6.895
1768,58.933,3.204,3.146,bbox,7.168,8.812,9.28,7.016
1769,58.967,3.228,3.203,bbox,7.298,8.812,9.28,7.06
1770,59.0,3.117,3.203,bbox,7.378,8.812,9.28,7.06
1771,59.033,3.291,3.204,bbox,7.441,8.812,9.28,7.06
1772,59.067,3.322,3.228,bbox,7.441,8.812,9.28,7.06
1773,59.1,3.168,3.228,pose,7.491,8.812,9.28,7.06
1774,59.133,3.373,3.291,bbox,7.491,8.812,9.28,7.06
1775,59.167,3.361,3.322,bbox,7.491,8.812,9.28,7.06
1776,59.2,3.348,3.348,bbox,7.491,8.812,9.28,7.06
1777,59.233,3.349,3.349,bbox,7.491,8.812,9.28,7.06
1778,59.267,3.044,3.349,bbox,7.491,8.812,9.28,7.06
1779,59.3,3.192,3.348,bbox,7.491,8.812,9.28,7.06
1780,59.333,3.203,3.203,bbox,7.491,8.812,9.368,7.06
1781,59.367,3.245,3.203,bbox,7.491,8.812,9.368,7.06
1782,59.4,,,,7.491,8.812,9.368,7.06
1783,59.433,3.161,3.192,bbox,7.491,8.812,9.42,7.06
1784,59.467,3.166,3.192,bbox,7.491,8.812,9.42,7.06
1785,59.5,4.746,3.203,pose,7.563,8.812,9.42,7.06
1786,59.533,3.267,3.245,bbox,7.61,8.812,9.542,7.06
1787,59.567,3.263,3.263,bbox,7.61,8.812,9.542,7.06
1788,59.6,3.232,3.263,bbox,7.61,8.812,9.594,7.06
1789,59.633,3.195,3.263,bbox,7.648,8.812,9.594,7.06
1790,59.667,3.173,3.232,bbox,7.648,8.812,9.625,7.06
1791,59.7,3.039,3.195,bbox,7.648,8.812,9.658,7.06
1792,59.733,2.959,3.173,bbox,7.692,8.812,9.712,7.06
1793,59.767,2.971,3.039,bbox,7.765,8.812,9.775,7.06
1794,59.8,2.986,2.986,bbox,7.765,8.812,9.82,7.06
1795,59.833,2.926,2.971,bbox,7.811,8.812,9.82,7.06
1796,59.867,2.921,2.959,bbox,7.811,8.812,9.82,7.06
1797,59.9,2.921,2.926,bbox,7.926,8.812,9.82,7.06
1798,59.933,2.892,2.921,bbox,7.926,8.812,9.82,7.06
1799,59.967,2.868,2.921,bbox,7.961,8.812,9.82,7.06
1800,60.0,2.837,2.892,bbox,8.051,8.812,9.866,7.06
1801,60.033,2.877,2.877,bbox,8.147,8.812,9.929,7.06
1802,60.067,,,,8.147,8.812,9.929,7.06
1803,60.1,,,,8.147,8.812,9.929,7.06
1804,60.133,,,,8.147,8.812,9.929,7.06
1805,60.167,,,,8.147,8.812,9.929,7.06
1806,60.2,,,,8.147,8.812,9.929,7.06
1807,60.233,,,,8.147,8.812,9.929,7.06
1808,60.267,,,,8.147,8.812,9.929,7.06
1809,60.3,,,,8.147,8.812,9.929,7.06
1810,60.333,3.09,2.877,bbox,8.147,8.812,9.929,7.06
1811,60.367,,,,8.147,8.812,9.929,7.06
1812,60.4,3.195,2.877,bbox,8.264,8.812,9.929,7.06
1813,60.433,3.281,3.09,bbox,8.264,8.812,9.929,7.06
1814,60.467,3.142,3.142,bbox,8.264,8.943,9.929,7.19
1815,60.5,3.075,3.142,bbox,8.264,9.018,9.929,7.274
1816,60.533,2.934,3.142,bbox,8.264,9.018,9.929,7.274
1817,60.567,2.921,3.075,bbox,8.264,9.018,9.929,7.274
1818,60.6,2.825,2.934,bbox,8.264,9.018,9.929,7.274
1819,60.633,2.858,2.921,bbox,8.264,9.092,9.991,7.274
1820,60.667,2.815,2.858,bbox,8.264,9.144,9.991,7.274
1821,60.7,2.877,2.858,bbox,8.264,9.239,9.991,7.274
1822,60.733,2.895,2.858,bbox,8.264,9.311,10.059,7.274
1823,60.767,2.896,2.877,bbox,8.264,9.425,10.059,7.274
1824,60.8,2.901,2.895,bbox,8.264,9.425,10.059,7.274
1825,60.833,2.932,2.896,bbox,8.264,9.469,10.059,7.274
1826,60.867,2.879,2.896,bbox,8.264,9.469,10.059,7.274
1827,60.9,2.77,2.896,bbox,8.264,9.502,10.059,7.274
1828,60.933,2.822,2.879,bbox,8.264,9.502,10.059,7.274
1829,60.967,2.988,2.879,bbox,8.264,9.502,10.059,7.274
1830,61.0,3.06,2.879,bbox,8.264,9.539,10.059,7.305
1831,61.033,3.217,2.988,bbox,8.264,9.539,10.059,7.305
1832,61.067,3.42,3.06,bbox,8.264,9.539,10.059,7.305
1833,61.1,3.44,3.217,bbox,8.264,9.63,10.059,7.305
1834,61.133,3.35,3.35,bbox,8.264,9.678,10.059,7.305
1835,61.167,3.39,3.39,bbox,8.264,9.812,10.059,7.305
1836,61.2,3.634,3.42,bbox,8.264,9.812,10.059,7.305
1837,61.233,3.699,3.44,bbox,8.264,9.812,10.059,7.305
1838,61.267,3.601,3.601,bbox,8.264,9.868,10.059,7.305
1839,61.3,3.703,3.634,bbox,8.264,9.971,10.059,7.305
1840,61.333,3.758,3.699,bbox,8.264,10.057,10.059,7.305
1841,61.367,3.823,3.703,bbox,8.264,10.089,10.059,7.305
1842,61.4,3.827,3.758,bbox,8.264,10.129,10.059,7.305
1843,61.433,3.773,3.773,bbox,8.264,10.129,10.059,7.305
1844,61.467,3.804,3.804,bbox,8.264,10.129,10.059,7.305
1845,61.5,3.806,3.806,bbox,8.264,10.129,10.059,7.305
1846,61.533,3.884,3.806,bbox,8.264,10.129,10.059,7.305
1847,61.567,3.949,3.806,bbox,8.264,10.26,10.059,7.305
1848,61.6,3.892,3.884,pose,8.264,10.315,10.059,7.305
1849,61.633,4.024,3.892,bbox,8.264,10.347,10.059,7.305
1850,61.667,4.032,3.949,bbox,8.264,10.347,10.059,7.305
1851,61.7,4.129,4.024,pose,8.264,10.347,10.059,7.305
1852,61.733,,,,8.264,10.347,10.059,7.305
1853,61.767,4.031,4.031,bbox,8.264,10.384,10.059,7.305
1854,61.8,4.007,4.031,bbox,8.264,10.421,10.059,7.305
1855,61.833,4.016,4.031,bbox,8.264,10.421,10.15,7.305
1856,61.867,4.043,4.031,bbox,8.264,10.421,10.186,7.305
1857,61.9,4.063,4.031,bbox,8.264,10.421,10.219,7.305
1858,61.933,4.089,4.043,bbox,8.264,10.421,10.219,7.305
1859,61.967,4.035,4.043,bbox,8.264,10.421,10.219,7.305
1860,62.0,3.976,4.043,bbox,8.264,10.421,10.219,7.305
1861,62.033,3.889,4.035,bbox,8.264,10.421,10.219,7.305
1862,62.067,3.802,3.976,bbox,8.264,10.421,10.25,7.305
1863,62.1,3.145,3.889,pose,8.264,10.421,10.25,7.305
1864,62.133,3.569,3.802,bbox,8.264,10.421,10.287,7.305
1865,62.167,3.483,3.569,bbox,8.264,10.421,10.333,7.305
1866,62.2,3.414,3.483,bbox,8.264,10.421,10.333,7.305
1867,62.233,3.239,3.414,bbox,8.264,10.421,10.442,7.305
1868,62.267,3.438,3.438,bbox,8.264,10.421,10.442,7.305
1869,62.3,2.808,3.414,pose,8.264,10.421,10.442,7.305
1870,62.333,3.427,3.414,bbox,8.296,10.421,10.442,7.305
1871,62.367,3.294,3.294,bbox,8.296,10.421,10.442,7.305
1872,62.4,2.449,3.294,pose,8.296,10.421,10.442,7.305
1873,62.433,3.31,3.294,bbox,8.296,10.421,10.442,7.305
1874,62.467,3.238,3.294,bbox,8.296,10.421,10.489,7.305
1875,62.5,3.232,3.238,bbox,8.332,10.421,10.546,7.305
1876,62.533,3.199,3.232,bbox,8.332,10.421,10.582,7.305
1877,62.567,3.085,3.232,bbox,8.332,10.421,10.582,7.305
1878,62.6,2.346,3.199,pose,8.363,10.421,10.582,7.305
1879,62.633,2.93,3.085,bbox,8.363,10.421,10.582,7.305
1880,62.667,2.909,2.93,bbox,8.363,10.421,10.582,7.305
1881,62.7,2.899,2.909,bbox,8.363,10.421,10.625,7.305
1882,62.733,2.914,2.909,bbox,8.363,10.421,10.625,7.305
1883,62.767,2.888,2.909,bbox,8.363,10.421,10.662,7.305
1884,62.8,2.889,2.899,bbox,8.363,10.421,10.696,7.305
1885,62.833,2.847,2.889,bbox,8.363,10.421,10.726,7.305
1886,62.867,2.829,2.888,bbox,8.363,10.421,10.726,7.305
1887,62.9,2.91,2.888,bbox,8.363,10.421,10.726,7.305
1888,62.933,2.831,2.847,bbox,8.363,10.421,10.726,7.305
1889,62.967,2.791,2.831,bbox,8.363,10.421,10.726,7.305
1890,63.0,2.818,2.829,bbox,8.363,10.421,10.726,7.305
1891,63.033,2.819,2.819,bbox,8.363,10.421,10.726,7.305
1892,63.067,2.841,2.819,bbox,8.363,10.421,10.726,7.305
1893,63.1,2.901,2.819,bbox,8.363,10.421,10.726,7.305
1894,63.133,2.914,2.841,bbox,8.363,10.421,10.726,7.305
1895,63.167,2.926,2.901,bbox,8.363,10.421,10.726,7.305
1896,63.2,2.945,2.914,bbox,8.363,10.421,10.726,7.305
1897,63.233,2.95,2.926,bbox,8.363,10.421,10.726,7.305
1898,63.267,2.946,2.945,bbox,8.363,10.421,10.726,7.305
1899,63.3,2.896,2.945,bbox,8.363,10.421,10.726,7.305
1900,63.333,2.843,2.945,bbox,8.363,10.421,10.726,7.305
1901,63.367,2.807,2.896,bbox,8.363,10.421,10.726,7.305
1902,63.4,2.815,2.843,bbox,8.363,10.421,10.726,7.305
1903,63.433,2.821,2.821,bbox,8.363,10.421,10.726,7.305
1904,63.467,2.803,2.815,bbox,8.363,10.421,10.726,7.305
1905,63.5,2.847,2.815,bbox,8.363,10.421,10.726,7.305
1906,63.533,2.838,2.821,bbox,8.363,10.421,10.726,7.305
1907,63.567,2.854,2.838,bbox,8.363,10.421,10.726,7.305
1908,63.6,2.795,2.838,bbox,8.363,10.421,10.726,7.305
1909,63.633,2.791,2.838,bbox,8.363,10.421,10.726,7.305
1910,63.667,2.751,2.795,bbox,8.363,10.421,10.726,7.305
1911,63.7,2.747,2.791,bbox,8.363,10.421,10.726,7.305
1912,63.733,2.752,2.752,bbox,8.363,10.421,10.726,7.305
1913,63.767,2.757,2.752,bbox,8.363,10.421,10.726,7.305
1914,63.8,2.797,2.752,bbox,8.363,10.421,10.726,7.305
1915,63.833,2.846,2.757,bbox,8.363,10.515,10.726,7.305
1916,63.867,2.851,2.797,bbox,8.363,10.515,10.726,7.305
1917,63.9,2.948,2.846,bbox,8.363,10.56,10.726,7.305
1918,63.933,3.018,2.851,bbox,8.363,10.645,10.726,7.305
1919,63.967,2.991,2.948,bbox,8.423,10.645,10.726,7.305
1920,64.0,3.137,2.991,bbox,8.423,10.705,10.726,7.305
1921,64.033,3.145,3.018,bbox,8.423,10.759,10.726,7.305
1922,64.067,3.138,3.137,bbox,8.423,10.759,10.726,7.305
1923,64.1,3.072,3.137,bbox,8.423,10.759,10.726,7.305
1924,64.133,3.02,3.137,bbox,8.423,10.79,10.726,7.305
1925,64.167,3.075,3.075,bbox,8.423,10.79,10.78,7.305
1926,64.2,3.111,3.075,bbox,8.423,10.844,10.835,7.305
1927,64.233,3.158,3.075,bbox,8.423,10.88,10.872,7.305
1928,64.267,3.193,3.111,bbox,8.423,10.88,10.872,7.305
1929,64.3,2.614,3.111,pose,8.423,10.96,10.872,7.305
1930,64.333,,,,8.423,10.96,10.872,7.305
1931,64.367,,,,8.423,10.96,10.872,7.305
1932,64.4,3.077,3.111,bbox,8.423,10.998,10.872,7.305
1933,64.433,2.849,3.077,bbox,8.423,10.998,10.933,7.305
1934,64.467,2.929,2.929,bbox,8.423,10.998,11.039,7.305
1935,64.5,2.957,2.929,pose,8.423,11.033,11.039,7.305
1936,64.533,2.861,2.929,bbox,8.458,11.033,11.039,7.305
1937,64.567,2.823,2.861,bbox,8.458,11.033,11.092,7.305
1938,64.6,2.766,2.861,bbox,8.458,11.033,11.092,7.305
1939,64.633,2.715,2.823,bbox,8.458,11.033,11.092,7.305
1940,64.667,2.682,2.766,bbox,8.458,11.033,11.092,7.305
1941,64.7,3.099,2.766,pose,8.458,11.033,11.092,7.305
1942,64.733,2.603,2.715,bbox,8.458,11.033,11.131,7.305
1943,64.767,2.564,2.682,bbox,8.458,11.033,11.131,7.305
1944,64.8,2.023,2.603,pose,8.458,11.033,11.22,7.305
1945,64.833,2.576,2.576,bbox,8.458,11.033,11.27,7.305
1946,64.867,2.572,2.572,bbox,8.458,11.033,11.27,7.305
1947,64.9,4.646,2.572,pose,8.458,11.033,11.27,7.305
1948,64.933,2.654,2.576,bbox,8.458,11.079,11.27,7.305
1949,64.967,2.731,2.654,bbox,8.458,11.079,11.27,7.336
1950,65.0,2.77,2.731,bbox,8.458,11.135,11.27,7.336
1951,65.033,2.851,2.77,bbox,8.458,11.135,11.27,7.366
1952,65.067,2.993,2.77,bbox,8.458,11.183,11.27,7.366
1953,65.1,2.868,2.851,pose,8.458,11.227,11.27,7.42
1954,65.133,3.201,2.868,bbox,8.458,11.227,11.27,7.544
1955,65.167,3.266,2.993,bbox,8.458,11.27,11.27,7.587
1956,65.2,2.862,2.993,pose,8.458,11.27,11.27,7.587
1957,65.233,3.29,3.201,bbox,8.458,11.27,11.27,7.587
1958,65.267,3.242,3.242,bbox,8.458,11.27,11.27,7.587
1959,65.3,5.133,3.266,pose,8.458,11.27,11.27,7.587
1960,65.333,3.223,3.242,bbox,8.458,11.27,11.27,7.587
1961,65.367,3.234,3.242,bbox,8.458,11.27,11.27,7.587
1962,65.4,2.971,3.234,pose,8.458,11.27,11.27,7.645
1963,65.433,3.278,3.234,bbox,8.458,11.27,11.27,7.713
1964,65.467,3.279,3.234,bbox,8.458,11.27,11.27,7.713
1965,65.5,3.312,3.278,bbox,8.458,11.27,11.27,7.713
1966,65.533,3.348,3.279,bbox,8.458,11.27,11.27,7.713
1967,65.567,3.356,3.312,bbox,8.458,11.27,11.27,7.713
1968,65.6,3.376,3.348,bbox,8.458,11.27,11.27,7.713
1969,65.633,3.344,3.348,bbox,8.458,11.27,11.27,7.713
1970,65.667,3.342,3.348,bbox,8.458,11.27,11.27,7.713
1971,65.7,,,,8.458,11.27,11.27,7.713
1972,65.733,3.248,3.344,bbox,8.508,11.27,11.27,7.713
1973,65.767,3.239,3.342,bbox,8.508,11.27,11.27,7.713
1974,65.8,2.854,3.248,pose,8.508,11.27,11.27,7.713
1975,65.833,3.179,3.239,bbox,8.508,11.27,11.303,7.713
1976,65.867,3.182,3.182,bbox,8.508,11.27,11.303,7.713
1977,65.9,3.132,3.179,pose,8.508,11.27,11.303,7.713
1978,65.933,3.005,3.132,bbox,8.508,11.27,11.357,7.713
1979,65.967,2.947,3.132,bbox,8.551,11.27,11.357,7.713
1980,66.0,2.839,3.005,bbox,8.551,11.27,11.357,7.713
1981,66.033,2.835,2.947,bbox,8.551,11.27,11.357,7.713
1982,66.067,2.788,2.839,bbox,8.551,11.27,11.357,7.713
1983,66.1,3.138,2.839,pose,8.551,11.27,11.357,7.713
1984,66.133,2.776,2.835,bbox,8.613,11.27,11.357,7.713
1985,66.167,2.782,2.788,bbox,8.613,11.27,11.401,7.713
1986,66.2,4.834,2.788,pose,8.613,11.27,11.401,7.713
1987,66.233,2.72,2.782,bbox,8.645,11.27,11.401,7.713
1988,66.267,2.729,2.776,bbox,8.645,11.27,11.401,7.713
1989,66.3,4.62,2.782,pose,8.645,11.27,11.401,7.713
1990,66.333,2.755,2.755,bbox,8.698,11.27,11.442,7.713
1991,66.367,2.736,2.736,bbox,8.698,11.27,11.442,7.713
1992,66.4,4.406,2.755,pose,8.698,11.27,11.442,7.713
1993,66.433,2.805,2.805,bbox,8.698,11.27,11.442,7.847
1994,66.467,2.841,2.805,bbox,8.698,11.27,11.442,7.847
1995,66.5,2.92,2.841,bbox,8.698,11.27,11.442,7.912
1996,66.533,3.003,2.92,bbox,8.698,11.27,11.442,8.004
1997,66.567,3.097,2.92,bbox,8.698,11.27,11.442,8.004
1998,66.6,3.247,3.003,bbox,8.698,11.27,11.442,8.088
1999,66.633,3.239,3.097,bbox,8.698,11.27,11.442,8.144
2000,66.667,3.049,3.097,bbox,8.698,11.27,11.442,8.174
2001,66.7,2.646,3.097,pose,8.698,11.27,11.442,8.174
2002,66.733,3.134,3.134,bbox,8.698,11.27,11.442,8.174
2003,66.767,3.189,3.134,bbox,8.698,11.27,11.442,8.205
2004,66.8,2.401,3.049,pose,8.698,11.27,11.442,8.238
2005,66.833,3.202,3.134,bbox,8.698,11.27,11.442,8.341
2006,66.867,3.243,3.189,bbox,8.698,11.27,11.442,8.341
2007,66.9,2.634,3.189,pose,8.698,11.27,11.442,8.421
2008,66.933,3.304,3.202,bbox,8.698,11.27,11.442,8.421
2009,66.967,3.32,3.243,bbox,8.698,11.27,11.442,8.47
2010,67.0,2.842,3.243,pose,8.698,11.27,11.442,8.47
2011,67.033,3.309,3.304,bbox,8.698,11.27,11.442,8.47
2012,67.067,3.335,3.309,bbox,8.698,11.27,11.442,8.47
2013,67.1,2.947,3.309,pose,8.698,11.27,11.442,8.47
2014,67.133,3.354,3.309,bbox,8.698,11.27,11.442,8.47
2015,67.167,3.39,3.335,bbox,8.698,11.27,11.442,8.47
2016,67.2,3.453,3.354,bbox,8.698,11.27,11.442,8.47
2017,67.233,3.278,3.354,bbox,8.698,11.27,11.442,8.47
2018,67.267,3.332,3.354,bbox,8.698,11.27,11.442,8.47
2019,67.3,3.274,3.332,bbox,8.698,11.27,11.509,8.47
2020,67.333,3.197,3.278,bbox,8.698,11.27,11.509,8.47
2021,67.367,3.166,3.274,bbox,8.698,11.27,11.509,8.47
2022,67.4,3.14,3.197,bbox,8.698,11.27,11.509,8.47
2023,67.433,3.064,3.166,bbox,8.698,11.27,11.509,8.47
2024,67.467,2.988,3.14,bbox,8.698,11.27,11.509,8.47
2025,67.5,2.304,3.064,pose,8.698,11.27,11.509,8.47
2026,67.533,2.998,2.998,bbox,8.698,11.27,11.509,8.47
2027,67.567,2.994,2.994,bbox,8.698,11.27,11.509,8.47
2028,67.6,2.367,2.988,pose,8.698,11.27,11.509,8.47
2029,67.633,3.061,2.994,bbox,8.698,11.27,11.509,8.47
2030,67.667,3.024,2.998,bbox,8.698,11.27,11.509,8.47
2031,67.7,3.065,3.024,bbox,8.698,11.27,11.509,8.47
2032,67.733,3.082,3.061,bbox,8.698,11.27,11.509,8.47
2033,67.767,3.067,3.065,bbox,8.698,11.27,11.509,8.47
2034,67.8,3.054,3.065,bbox,8.698,11.27,11.543,8.47
2035,67.833,2.993,3.065,bbox,8.698,11.27,11.543,8.47
2036,67.867,3.028,3.054,bbox,8.698,11.27,11.543,8.47
2037,67.9,3.041,3.041,bbox,8.698,11.33,11.543,8.47
2038,67.933,3.084,3.041,bbox,8.698,11.387,11.543,8.47
2039,67.967,3.158,3.041,bbox,8.698,11.387,11.543,8.47
2040,68.0,2.563,3.041,pose,8.698,11.387,11.543,8.47
2041,68.033,3.192,3.084,bbox,8.698,11.387,11.543,8.47
2042,68.067,3.234,3.158,bbox,8.698,11.387,11.543,8.47
2043,68.1,3.281,3.192,bbox,8.698,11.387,11.543,8.47
2044,68.133,3.293,3.234,bbox,8.698,11.43,11.543,8.47
2045,68.167,3.238,3.238,bbox,8.698,11.43,11.543,8.47
2046,68.2,3.252,3.252,bbox,8.698,11.43,11.543,8.47
2047,68.233,3.222,3.252,bbox,8.698,11.43,11.543,8.47
2048,68.267,3.22,3.238,bbox,8.698,11.43,11.543,8.47
2049,68.3,3.177,3.222,bbox,8.698,11.461,11.543,8.47
2050,68.333,3.181,3.22,bbox,8.698,11.495,11.543,8.47
2051,68.367,3.203,3.203,bbox,8.698,11.495,11.543,8.47
2052,68.4,3.239,3.203,bbox,8.698,11.495,11.543,8.47
2053,68.433,3.354,3.203,bbox,8.698,11.495,11.543,8.47
2054,68.467,3.409,3.239,bbox,8.698,11.495,11.543,8.47
2055,68.5,3.379,3.354,bbox,8.698,11.495,11.543,8.47
2056,68.533,3.379,3.379,bbox,8.698,11.495,11.543,8.47
2057,68.567,3.298,3.379,bbox,8.698,11.495,11.543,8.47
2058,68.6,3.227,3.379,bbox,8.698,11.495,11.543,8.47
2059,68.633,3.197,3.298,bbox,8.698,11.495,11.543,8.47
2060,68.667,3.092,3.227,bbox,8.698,11.495,11.578,8.47
2061,68.7,3.01,3.197,bbox,8.698,11.495,11.641,8.47
2062,68.733,2.936,3.092,bbox,8.698,11.495,11.72,8.47
2063,68.767,2.897,3.01,bbox,8.728,11.495,11.792,8.47
2064,68.8,3.936,3.01,pose,8.728,11.495,11.792,8.47
2065,68.833,2.844,2.936,bbox,8.728,11.495,11.829,8.47
2066,68.867,2.836,2.897,bbox,8.76,11.495,11.829,8.47
2067,68.9,2.47,2.844,pose,8.797,11.495,11.829,8.47
2068,68.933,2.806,2.836,bbox,8.797,11.495,11.872,8.47
2069,68.967,2.82,2.82,bbox,8.797,11.495,11.915,8.47
2070,69.0,6.29,2.82,pose,8.797,11.495,11.915,8.47
2071,69.033,2.79,2.806,bbox,8.797,11.495,11.979,8.47
2072,69.067,2.826,2.82,bbox,8.797,11.495,11.979,8.47
2073,69.1,2.934,2.826,pose,8.797,11.495,11.979,8.47
2074,69.133,2.876,2.876,bbox,8.797,11.495,11.979,8.513
2075,69.167,2.875,2.875,bbox,8.797,11.495,11.979,8.513
2076,69.2,3.365,2.876,pose,8.797,11.495,11.979,8.55
2077,69.233,3.026,2.934,bbox,8.797,11.495,11.979,8.602
2078,69.267,3.046,3.026,bbox,8.797,11.495,11.979,8.602
2079,69.3,3.082,3.046,bbox,8.797,11.495,11.979,8.602
2080,69.333,3.058,3.058,bbox,8.797,11.495,11.979,8.602
2081,69.367,3.042,3.046,bbox,8.797,11.495,11.979,8.602
2082,69.4,3.009,3.046,bbox,8.797,11.495,11.979,8.602
2083,69.433,2.947,3.042,bbox,8.797,11.495,11.979,8.602
2084,69.467,2.901,3.009,bbox,8.797,11.495,11.979,8.602
2085,69.5,2.881,2.947,bbox,8.797,11.495,11.979,8.602
2086,69.533,2.864,2.901,bbox,8.797,11.495,11.979,8.602
2087,69.567,2.85,2.881,bbox,8.797,11.495,11.979,8.602
2088,69.6,4.885,2.881,pose,8.797,11.495,11.979,8.602
2089,69.633,2.82,2.864,bbox,8.797,11.495,11.979,8.602
2090,69.667,2.838,2.85,bbox,8.797,11.495,11.979,8.602
2091,69.7,2.877,2.85,bbox,8.797,11.495,11.979,8.602
2092,69.733,2.862,2.862,bbox,8.828,11.495,11.979,8.602
2093,69.767,2.869,2.862,bbox,8.828,11.495,11.979,8.602
2094,69.8,2.863,2.863,bbox,8.828,11.495,11.979,8.602
2095,69.833,2.938,2.869,bbox,8.828,11.495,11.979,8.602
2096,69.867,3.007,2.869,bbox,8.828,11.495,11.979,8.602
2097,69.9,3.04,2.938,bbox,8.828,11.495,11.979,8.648
2098,69.933,3.129,3.007,bbox,8.828,11.495,11.979,8.703
2099,69.967,3.236,3.04,bbox,8.828,11.495,11.979,8.754
2100,70.0,4.163,3.129,pose,8.828,11.495,11.979,8.834
2101,70.033,3.352,3.236,bbox,8.828,11.495,11.979,8.905
2102,70.067,3.136,3.236,bbox,8.828,11.495,11.979,8.959
2103,70.1,3.061,3.236,bbox,8.828,11.495,11.979,8.959
2104,70.133,3.078,3.136,bbox,8.828,11.495,11.979,8.959
2105,70.167,2.966,3.078,bbox,8.828,11.495,11.979,8.959
2106,70.2,3.08,3.078,pose,8.828,11.495,11.979,8.959
2107,70.233,3.045,3.061,bbox,8.828,11.495,11.979,8.959
2108,70.267,3.104,3.078,bbox,8.828,11.495,11.979,9.047
2109,70.3,3.155,3.08,bbox,8.828,11.495,11.979,9.09
2110,70.333,3.161,3.104,bbox,8.828,11.495,11.979,9.126
2111,70.367,3.187,3.155,bbox,8.828,11.495,11.979,9.126
2112,70.4,2.861,3.155,pose,8.828,11.495,11.979,9.162
2113,70.433,3.163,3.161,bbox,8.828,11.495,11.979,9.162
2114,70.467,3.143,3.161,bbox,8.828,11.495,11.979,9.162
2115,70.5,2.879,3.143,pose,8.828,11.495,11.979,9.162
2116,70.533,3.205,3.143,bbox,8.828,11.495,11.979,9.196
2117,70.567,2.957,3.143,bbox,8.828,11.495,12.013,9.196
2118,70.6,2.935,2.957,bbox,8.828,11.495,12.013,9.196
2119,70.633,2.932,2.935,bbox,8.828,11.495,12.013,9.196
2120,70.667,2.943,2.943,bbox,8.828,11.495,12.013,9.196
2121,70.7,2.534,2.935,pose,8.828,11.495,12.013,9.196
2122,70.733,3.089,2.935,bbox,8.828,11.495,12.013,9.196
2123,70.767,3.156,2.943,bbox,8.828,11.495,12.013,9.263
2124,70.8,3.163,3.089,bbox,8.828,11.495,12.013,9.263
2125,70.833,3.211,3.156,bbox,8.828,11.495,12.013,9.263
2126,70.867,3.144,3.156,bbox,8.828,11.495,12.013,9.263
2127,70.9,3.198,3.163,bbox,8.828,11.495,12.013,9.263
2128,70.933,3.167,3.167,bbox,8.828,11.495,12.013,9.263
2129,70.967,3.163,3.167,bbox,8.828,11.495,12.013,9.263
2130,71.0,3.166,3.166,bbox,8.828,11.495,12.013,9.263
2131,71.033,3.06,3.166,bbox,8.828,11.495,12.046,9.263
2132,71.067,2.946,3.163,bbox,8.828,11.495,12.046,9.263
2133,71.1,2.846,3.06,bbox,8.828,11.495,12.087,9.263
2134,71.133,2.928,2.946,bbox,8.828,11.495,12.164,9.263
2135,71.167,2.93,2.93,bbox,8.828,11.495,12.254,9.263
2136,71.2,2.91,2.928,bbox,8.828,11.495,12.326,9.263
2137,71.233,2.91,2.91,bbox,8.828,11.495,12.367,9.263
2138,71.267,2.863,2.91,bbox,8.828,11.495,12.367,9.263
2139,71.3,2.814,2.91,bbox,8.828,11.495,12.367,9.263
2140,71.333,2.775,2.863,bbox,8.828,11.495,12.367,9.263
2141,71.367,2.75,2.814,bbox,8.828,11.495,12.367,9.263
2142,71.4,2.749,2.775,bbox,8.883,11.495,12.367,9.295
2143,71.433,2.798,2.775,bbox,8.926,11.495,12.367,9.295
2144,71.467,2.802,2.775,bbox,8.926,11.495,12.367,9.325
2145,71.5,2.744,2.75,bbox,8.926,11.495,12.367,9.325
2146,71.533,2.702,2.749,bbox,8.926,11.495,12.367,9.325
2147,71.567,2.696,2.744,bbox,9.007,11.495,12.367,9.356
2148,71.6,2.673,2.702,bbox,9.007,11.495,12.367,9.356
2149,71.633,2.597,2.696,bbox,9.007,11.495,12.367,9.356
2150,71.667,2.584,2.673,bbox,9.007,11.495,12.367,9.356
2151,71.7,2.557,2.597,bbox,9.007,11.495,12.42,9.356
2152,71.733,2.584,2.584,bbox,9.007,11.495,12.42,9.356
2153,71.767,2.594,2.584,bbox,9.007,11.495,12.46,9.356
2154,71.8,2.498,2.584,bbox,9.007,11.495,12.492,9.356
2155,71.833,2.438,2.557,bbox,9.007,11.495,12.492,9.356
2156,71.867,2.432,2.498,bbox,9.007,11.495,12.492,9.356
2157,71.9,2.511,2.498,bbox,9.007,11.495,12.492,9.39
2158,71.933,2.547,2.498,bbox,9.007,11.495,12.492,9.39
2159,71.967,2.632,2.511,bbox,9.007,11.495,12.492,9.429
2160,72.0,2.224,2.511,pose,9.007,11.495,12.492,9.479
2161,72.033,2.825,2.547,bbox,9.007,11.495,12.492,9.527
2162,72.067,2.902,2.632,bbox,9.007,11.495,12.492,9.594
2163,72.1,2.772,2.772,bbox,9.007,11.495,12.492,9.594
2164,72.133,2.787,2.787,bbox,9.007,11.495,12.492,9.594
2165,72.167,2.849,2.825,bbox,9.007,11.495,12.492,9.594
2166,72.2,2.791,2.791,bbox,9.007,11.495,12.492,9.594
2167,72.233,2.891,2.791,bbox,9.007,11.495,12.492,9.594
2168,72.267,2.683,2.791,bbox,9.007,11.495,12.492,9.594
2169,72.3,2.774,2.791,bbox,9.007,11.495,12.492,9.634
2170,72.333,2.879,2.791,bbox,9.007,11.495,12.492,9.671
2171,72.367,3.157,2.879,bbox,9.007,11.495,12.492,9.671
2172,72.4,3.124,2.879,bbox,9.007,11.495,12.492,9.751
2173,72.433,3.188,3.124,bbox,9.007,11.495,12.492,9.784
2174,72.467,,,,9.007,11.495,12.492,9.784
2175,72.5,3.301,3.157,bbox,9.007,11.495,12.492,9.784
2176,72.533,3.283,3.188,bbox,9.007,11.495,12.492,9.822
2177,72.567,3.229,3.229,bbox,9.007,11.495,12.492,9.822
2178,72.6,3.229,3.229,bbox,9.007,11.495,12.492,9.822
2179,72.633,,,,9.007,11.495,12.492,9.822
2180,72.667,,,,9.007,11.495,12.492,9.822
2181,72.7,3.138,3.229,bbox,9.007,11.495,12.492,9.822
2182,72.733,2.977,3.229,bbox,9.007,11.495,12.492,9.822
2183,72.767,2.968,3.138,bbox,9.007,11.495,12.492,9.822
2184,72.8,3.129,3.129,bbox,9.007,11.495,12.492,9.822
2185,72.833,2.925,2.977,bbox,9.007,11.495,12.492,9.822
2186,72.867,2.955,2.968,bbox,9.007,11.495,12.536,9.822
2187,72.9,3.059,2.968,bbox,9.007,11.495,12.536,9.822
2188,72.933,,,,9.007,11.495,12.536,9.822
2189,72.967,2.96,2.96,bbox,9.007,11.495,12.536,9.853
2190,73.0,2.585,2.955,pose,9.007,11.495,12.536,9.853
2191,73.033,2.81,2.955,bbox,9.007,11.495,12.536,9.853
2192,73.067,2.761,2.81,bbox,9.007,11.495,12.536,9.853
2193,73.1,2.766,2.766,bbox,9.007,11.495,12.58,9.853
2194,73.133,2.755,2.761,bbox,9.007,11.495,12.613,9.853
2195,73.167,2.731,2.761,bbox,9.007,11.495,12.646,9.853
2196,73.2,2.734,2.755,bbox,9.007,11.495,12.693,9.853
2197,73.233,2.743,2.743,bbox,9.007,11.495,12.726,9.853
2198,73.267,2.745,2.743,bbox,9.007,11.495,12.726,9.853
2199,73.3,2.196,2.734,pose,9.007,11.495,12.726,9.853
2200,73.333,2.667,2.734,bbox,9.007,11.495,12.726,9.853
2201,73.367,,,,9.007,11.495,12.726,9.853
2202,73.4,2.705,2.705,bbox,9.007,11.495,12.726,9.853
2203,73.433,2.774,2.705,bbox,9.007,11.495,12.726,9.928
2204,73.467,,,,9.007,11.495,12.726,9.928
2205,73.5,,,,9.007,11.495,12.726,9.928
2206,73.533,,,,9.007,11.495,12.726,9.928
2207,73.567,,,,9.007,11.495,12.726,9.928
2208,73.6,,,,9.007,11.495,12.726,9.928
2209,73.633,,,,9.007,11.495,12.726,9.928
2210,73.667,,,,9.007,11.495,12.726,9.928
2211,73.7,,,,9.007,11.495,12.726,9.928
2212,73.733,,,,9.007,11.495,12.726,9.928
2213,73.767,,,,9.007,11.495,12.726,9.928
2214,73.8,,,,9.007,11.495,12.726,9.928
2215,73.833,,,,9.007,11.495,12.726,9.928
2216,73.867,,,,9.007,11.495,12.726,9.928
2217,73.9,,,,9.007,11.495,12.726,9.928
2218,73.933,,,,9.007,11.495,12.726,9.928
2219,73.967,,,,9.007,11.495,12.726,9.928
2220,74.0,,,,9.007,11.495,12.726,9.928
2221,74.033,,,,9.007,11.495,12.726,9.928
2222,74.067,,,,9.007,11.495,12.726,9.928
2223,74.1,3.428,2.705,bbox,9.061,11.495,12.726,9.987
2224,74.133,,,,9.061,11.495,12.726,9.987
2225,74.167,3.332,2.774,bbox,9.109,11.495,12.726,9.987
2226,74.2,,,,9.109,11.495,12.726,9.987
2227,74.233,,,,9.109,11.495,12.726,9.987
2228,74.267,3.455,3.332,bbox,9.109,11.495,12.726,9.987
2229,74.3,3.448,3.428,bbox,9.109,11.495,12.726,9.987
2230,74.333,3.484,3.448,bbox,9.109,11.495,12.726,9.987
2231,74.367,3.492,3.455,bbox,9.109,11.495,12.76,9.987
2232,74.4,,,,9.109,11.495,12.76,9.987
2233,74.433,,,,9.109,11.495,12.76,9.987
2234,74.467,,,,9.109,11.495,12.76,9.987
2235,74.5,,,,9.109,11.495,12.76,9.987
2236,74.533,,,,9.109,11.495,12.76,9.987
2237,74.567,,,,9.109,11.495,12.76,9.987
2238,74.6,2.684,3.455,pose,9.109,11.495,12.76,9.987
2239,74.633,2.984,3.448,bbox,9.109,11.495,12.76,9.987
2240,74.667,,,,9.109,11.495,12.76,9.987
2241,74.7,2.975,2.984,bbox,9.109,11.495,12.76,9.987
2242,74.733,,,,9.109,11.495,12.76,9.987
2243,74.767,,,,9.109,11.495,12.76,9.987
2244,74.8,2.972,2.975,pose,9.109,11.495,12.76,9.987
2245,74.833,,,,9.109,11.495,12.76,9.987
2246,74.867,,,,9.109,11.495,12.76,9.987
2247,74.9,2.903,2.972,pose,9.109,11.495,12.76,9.987
2248,74.933,3.089,2.975,bbox,9.109,11.495,12.873,9.987
2249,74.967,3.058,2.975,bbox,9.109,11.495,12.873,9.987
2250,75.0,2.689,2.972,pose,9.175,11.495,12.873,10.1
2251,75.033,3.167,3.058,bbox,9.175,11.495,12.944,10.1
2252,75.067,3.172,3.089,bbox,9.175,11.495,12.944,10.1
2253,75.1,3.173,3.167,bbox,9.206,11.495,12.944,10.1
2254,75.133,3.319,3.172,bbox,9.206,11.495,12.944,10.1
2255,75.167,,,,9.206,11.495,12.944,10.1
2256,75.2,3.122,3.172,bbox,9.254,11.495,12.98,10.1
2257,75.233,3.086,3.172,bbox,9.304,11.495,12.98,10.1
2258,75.267,3.055,3.122,bbox,9.304,11.495,13.015,10.1
2259,75.3,3.015,3.086,bbox,9.304,11.495,13.015,10.1
2260,75.333,2.972,3.055,bbox,9.304,11.495,13.015,10.1
2261,75.367,2.913,3.015,bbox,9.304,11.495,13.015,10.1
2262,75.4,2.924,2.972,bbox,9.304,11.495,13.015,10.1
2263,75.433,2.852,2.924,bbox,9.304,11.495,13.048,10.1
2264,75.467,2.823,2.913,bbox,9.304,11.495,13.048,10.1
2265,75.5,2.46,2.852,pose,9.304,11.495,13.093,10.1
2266,75.533,2.773,2.823,bbox,9.304,11.495,13.093,10.1
2267,75.567,2.782,2.782,bbox,9.304,11.495,13.093,10.1
2268,75.6,1.913,2.773,pose,9.304,11.495,13.093,10.1
2269,75.633,2.845,2.773,bbox,9.304,11.495,13.093,10.1
2270,75.667,2.847,2.782,bbox,9.304,11.495,13.093,10.1
2271,75.7,2.854,2.845,bbox,9.304,11.495,13.093,10.1
2272,75.733,2.915,2.847,bbox,9.304,11.495,13.093,10.1
2273,75.767,3.048,2.854,bbox,9.304,11.495,13.093,10.13
2274,75.8,3.069,2.915,bbox,9.304,11.535,13.093,10.161
2275,75.833,3.033,3.033,bbox,9.304,11.593,13.093,10.198
2276,75.867,3.044,3.044,bbox,9.304,11.593,13.093,10.198
2277,75.9,2.666,3.044,pose,9.304,11.593,13.093,10.198
2278,75.933,3.172,3.044,bbox,9.304,11.593,13.093,10.198
2279,75.967,3.348,3.044,bbox,9.304,11.593,13.093,10.27
2280,76.0,3.373,3.172,bbox,9.304,11.593,13.093,10.319
2281,76.033,3.445,3.348,bbox,9.304,11.593,13.093,10.319
2282,76.067,3.516,3.373,bbox,9.304,11.631,13.093,10.319
2283,76.1,3.393,3.393,bbox,9.304,11.631,13.093,10.319
2284,76.133,3.385,3.393,bbox,9.304,11.631,13.093,10.4
2285,76.167,3.387,3.393,bbox,9.304,11.631,13.093,10.437
2286,76.2,2.853,3.387,pose,9.304,11.631,13.093,10.473
2287,76.233,3.425,3.387,bbox,9.304,11.631,13.093,10.473
2288,76.267,3.496,3.387,bbox,9.304,11.631,13.093,10.507
2289,76.3,3.233,3.387,pose,9.304,11.631,13.093,10.507
2290,76.333,3.683,3.425,bbox,9.304,11.631,13.093,10.507
2291,76.367,3.85,3.496,bbox,9.304,11.631,13.093,10.507
2292,76.4,,,,9.304,11.631,13.093,10.507
2293,76.433,,,,9.304,11.631,13.093,10.507
2294,76.467,,,,9.304,11.631,13.093,10.507
2295,76.5,,,,9.304,11.631,13.093,10.507
2296,76.533,,,,9.304,11.631,13.093,10.507
2297,76.567,,,,9.304,11.631,13.093,10.507
2298,76.6,,,,9.304,11.631,13.093,10.507
2299,76.633,3.771,3.683,bbox,9.304,11.631,13.093,10.507
2300,76.667,3.749,3.749,bbox,9.304,11.631,13.093,10.507
2301,76.7,3.721,3.749,bbox,9.304,11.631,13.093,10.507
2302,76.733,3.486,3.749,bbox,9.304,11.631,13.13,10.507
2303,76.767,,,,9.304,11.631,13.13,10.507
2304,76.8,3.349,3.721,bbox,9.304,11.631,13.13,10.507
2305,76.833,3.267,3.486,bbox,9.304,11.631,13.176,10.507
2306,76.867,,,,9.304,11.631,13.176,10.507
2307,76.9,3.241,3.349,bbox,9.353,11.631,13.246,10.507
2308,76.933,3.199,3.267,bbox,9.353,11.631,13.304,10.507
2309,76.967,3.157,3.241,bbox,9.353,11.631,13.304,10.507
2310,77.0,3.164,3.199,bbox,9.439,11.631,13.304,10.507
2311,77.033,3.152,3.164,bbox,9.439,11.631,13.304,10.507
2312,77.067,2.98,3.157,bbox,9.439,11.631,13.304,10.507
2313,77.1,3.006,3.152,bbox,9.439,11.631,13.387,10.507
2314,77.133,3.004,3.006,bbox,9.473,11.631,13.446,10.507
2315,77.167,2.988,3.004,bbox,9.473,11.631,13.495,10.507
2316,77.2,3.015,3.004,bbox,9.473,11.631,13.495,10.507
2317,77.233,2.907,3.004,bbox,9.473,11.631,13.495,10.507
2318,77.267,2.894,2.988,bbox,9.508,11.631,13.495,10.507
2319,77.3,2.88,2.907,bbox,9.508,11.631,13.495,10.507
2320,77.333,2.902,2.902,bbox,9.508,11.631,13.495,10.507
2321,77.367,2.895,2.895,bbox,9.508,11.631,13.495,10.507
2322,77.4,2.9,2.895,bbox,9.508,11.631,13.495,10.507
2323,77.433,2.908,2.9,bbox,9.508,11.631,13.495,10.507
2324,77.467,2.893,2.9,bbox,9.508,11.631,13.495,10.507
2325,77.5,2.909,2.9,bbox,9.508,11.631,13.495,10.507
2326,77.533,2.906,2.906,bbox,9.508,11.631,13.495,10.507
2327,77.567,2.825,2.906,bbox,9.508,11.631,13.495,10.507
2328,77.6,2.807,2.893,bbox,9.508,11.631,13.495,10.507
2329,77.633,2.773,2.825,bbox,9.508,11.631,13.495,10.507
2330,77.667,2.679,2.807,bbox,9.508,11.631,13.495,10.507
2331,77.7,4.87,2.807,pose,9.508,11.631,13.495,10.507
2332,77.733,2.64,2.773,bbox,9.508,11.631,13.495,10.507
2333,77.767,2.61,2.679,bbox,9.508,11.631,13.53,10.507
2334,77.8,2.0,2.64,pose,9.508,11.631,13.53,10.507
2335,77.833,2.539,2.61,bbox,9.508,11.631,13.586,10.507
2336,77.867,2.517,2.539,bbox,9.508,11.631,13.637,10.507
2337,77.9,2.481,2.517,bbox,9.508,11.631,13.675,10.507
2338,77.933,2.542,2.517,bbox,9.508,11.631,13.711,10.507
2339,77.967,2.534,2.534,bbox,9.508,11.631,13.711,10.507
2340,78.0,2.065,2.517,pose,9.508,11.631,13.711,10.507
2341,78.033,2.559,2.534,bbox,9.508,11.631,13.711,10.507
2342,78.067,2.568,2.542,bbox,9.508,11.631,13.711,10.564
2343,78.1,2.705,2.559,pose,9.508,11.631,13.711,10.564
2344,78.133,,,,9.508,11.631,13.711,10.564
2345,78.167,,,,9.508,11.631,13.711,10.564
2346,78.2,,,,9.508,11.631,13.711,10.564
2347,78.233,3.171,2.568,bbox,9.508,11.667,13.711,10.564
2348,78.267,3.203,2.705,bbox,9.508,11.699,13.711,10.638
2349,78.3,,,,9.508,11.699,13.711,10.638
2350,78.333,,,,9.508,11.699,13.711,10.638
2351,78.367,,,,9.508,11.699,13.711,10.638
2352,78.4,3.296,3.171,bbox,9.508,11.73,13.711,10.638
2353,78.433,3.284,3.203,bbox,9.508,11.73,13.711,10.673
2354,78.467,3.197,3.203,bbox,9.508,11.73,13.711,10.673
2355,78.5,3.272,3.272,bbox,9.508,11.73,13.711,10.673
2356,78.533,3.299,3.284,bbox,9.508,11.73,13.711,10.673
2357,78.567,,,,9.508,11.73,13.711,10.673
2358,78.6,,,,9.508,11.73,13.711,10.673
2359,78.633,,,,9.508,11.73,13.711,10.673
2360,78.667,3.351,3.284,bbox,9.508,11.73,13.711,10.751
2361,78.7,,,,9.508,11.73,13.711,10.751
2362,78.733,,,,9.508,11.73,13.711,10.751
2363,78.767,3.47,3.299,bbox,9.508,11.73,13.711,10.811
2364,78.8,3.419,3.351,bbox,9.508,11.73,13.711,10.811
2365,78.833,3.417,3.417,bbox,9.508,11.73,13.711,10.94
2366,78.867,3.355,3.417,bbox,9.508,11.73,13.711,10.94
2367,78.9,3.299,3.417,bbox,9.508,11.73,13.711,10.94
2368,78.933,3.269,3.355,bbox,9.574,11.73,13.711,10.94
2369,78.967,2.995,3.299,bbox,9.62,11.73,13.711,10.94
2370,79.0,3.155,3.269,bbox,9.62,11.73,13.745,10.94
2371,79.033,3.164,3.164,bbox,9.651,11.73,13.82,10.94
2372,79.067,3.114,3.155,bbox,9.651,11.73,13.82,10.94
2373,79.1,3.022,3.114,bbox,9.651,11.73,13.877,10.94
2374,79.133,3.011,3.114,bbox,9.651,11.73,13.877,10.94
2375,79.167,3.0,3.022,bbox,9.651,11.73,13.916,10.94
2376,79.2,2.963,3.011,bbox,9.685,11.73,13.916,10.94
2377,79.233,2.855,3.0,bbox,9.685,11.73,13.916,10.94
2378,79.267,2.8,2.963,bbox,9.72,11.73,13.916,10.94
2379,79.3,2.761,2.855,bbox,9.72,11.73,13.916,10.94
2380,79.333,2.758,2.8,bbox,9.77,11.73,13.916,10.94
2381,79.367,2.81,2.8,bbox,9.801,11.73,13.916,10.94
2382,79.4,2.877,2.8,bbox,9.801,11.73,13.916,10.94
2383,79.433,2.872,2.81,bbox,9.801,11.73,13.916,10.94
2384,79.467,2.894,2.872,bbox,9.801,11.73,13.916,10.976
2385,79.5,2.908,2.877,bbox,9.869,11.73,13.916,10.976
2386,79.533,2.875,2.877,bbox,9.869,11.73,13.916,10.976
2387,79.567,2.858,2.875,bbox,9.869,11.73,13.916,10.976
2388,79.6,2.853,2.875,bbox,9.869,11.73,13.916,10.976
2389,79.633,2.809,2.858,bbox,9.869,11.73,13.916,10.976
2390,79.667,2.783,2.853,bbox,9.869,11.73,13.916,10.976
2391,79.7,2.382,2.809,pose,9.869,11.73,13.916,10.976
2392,79.733,2.767,2.783,bbox,9.869,11.73,13.916,10.976
2393,79.767,2.658,2.767,bbox,9.869,11.73,13.916,10.976
2394,79.8,6.205,2.767,pose,9.869,11.73,13.916,10.976
2395,79.833,2.503,2.658,bbox,9.869,11.73,13.916,10.976
2396,79.867,2.479,2.658,bbox,9.869,11.73,13.978,10.976
2397,79.9,2.445,2.503,bbox,9.912,11.73,14.092,10.976
2398,79.933,2.385,2.479,bbox,9.912,11.73,14.141,10.976
2399,79.967,2.381,2.445,bbox,9.912,11.73,14.195,10.976
2400,80.0,2.427,2.427,bbox,9.912,11.73,14.195,10.976
2401,80.033,2.438,2.427,bbox,9.912,11.73,14.195,10.976
2402,80.067,2.482,2.427,bbox,9.912,11.73,14.195,10.976
2403,80.1,7.257,2.438,pose,9.912,11.73,14.195,10.976
2404,80.133,2.442,2.442,bbox,9.912,11.73,14.195,11.009
2405,80.167,2.372,2.442,bbox,9.912,11.73,14.195,11.009
2406,80.2,2.425,2.442,bbox,9.912,11.73,14.195,11.009
2407,80.233,2.547,2.442,bbox,9.912,11.794,14.195,11.009
2408,80.267,2.695,2.442,bbox,9.912,11.794,14.195,11.009
2409,80.3,2.801,2.547,bbox,9.912,11.834,14.195,11.115
2410,80.333,2.627,2.627,bbox,9.912,11.902,14.195,11.115
2411,80.367,2.61,2.627,bbox,9.912,11.902,14.195,11.115
2412,80.4,2.776,2.695,bbox,9.912,11.902,14.195,11.19
2413,80.433,2.828,2.776,bbox,9.912,11.937,14.195,11.19
2414,80.467,2.866,2.776,bbox,9.912,11.937,14.195,11.19
2415,80.5,2.952,2.828,bbox,9.912,11.937,14.195,11.237
2416,80.533,3.023,2.866,bbox,9.912,11.937,14.195,11.237
2417,80.567,3.053,2.952,bbox,9.912,11.937,14.195,11.286
2418,80.6,3.47,3.023,pose,9.912,11.937,14.195,11.286
2419,80.633,3.061,3.053,bbox,9.912,11.937,14.195,11.286
2420,80.667,3.015,3.053,bbox,9.912,11.937,14.195,11.286
2421,80.7,,,,9.912,11.937,14.195,11.286
2422,80.733,2.871,3.053,bbox,9.912,11.937,14.195,11.286
2423,80.767,2.731,3.015,bbox,9.912,11.937,14.268,11.286
2424,80.8,2.526,2.871,bbox,9.912,11.937,14.268,11.286
2425,80.833,2.472,2.731,bbox,9.912,11.937,14.385,11.286
2426,80.867,,,,9.912,11.937,14.385,11.286
2427,80.9,2.417,2.526,bbox,9.912,11.937,14.385,11.286
2428,80.933,2.473,2.473,bbox,9.943,11.937,14.45,11.286
2429,80.967,2.47,2.472,bbox,9.943,11.937,14.527,11.286
2430,81.0,,,,9.943,11.937,14.527,11.286
2431,81.033,,,,9.943,11.937,14.527,11.286
2432,81.067,,,,9.943,11.937,14.527,11.286
2433,81.1,2.279,2.47,bbox,9.943,11.937,14.527,11.286
2434,81.133,2.227,2.417,bbox,9.943,11.937,14.565,11.286
2435,81.167,,,,9.943,11.937,14.565,11.286
2436,81.2,,,,9.943,11.937,14.565,11.286
2437,81.233,,,,9.943,11.937,14.565,11.286
2438,81.267,,,,9.943,11.937,14.565,11.286
2439,81.3,,,,9.943,11.937,14.565,11.286
2440,81.333,,,,9.943,11.937,14.565,11.286
2441,81.367,2.038,2.279,bbox,9.943,11.937,14.565,11.286
2442,81.4,2.189,2.227,bbox,9.943,11.937,14.679,11.286
2443,81.433,2.35,2.227,bbox,9.943,11.937,14.679,11.286
2444,81.467,2.583,2.227,bbox,9.943,11.937,14.679,11.286
2445,81.5,2.734,2.35,bbox,9.943,11.937,14.679,11.286
2446,81.533,2.577,2.577,bbox,9.943,12.04,14.679,11.286
2447,81.567,2.843,2.583,bbox,9.943,12.04,14.679,11.286
2448,81.6,,,,9.943,12.04,14.679,11.286
2449,81.633,,,,9.943,12.04,14.679,11.286
2450,81.667,,,,9.943,12.04,14.679,11.286
2451,81.7,3.373,2.734,bbox,9.943,12.04,14.679,11.286
2452,81.733,3.293,2.843,bbox,9.943,12.156,14.679,11.286
2453,81.767,3.466,3.293,bbox,9.943,12.156,14.679,11.286
2454,81.8,3.401,3.373,bbox,9.943,12.156,14.679,11.343
2455,81.833,3.425,3.401,bbox,9.943,12.156,14.679,11.402
2456,81.867,3.518,3.425,bbox,9.943,12.156,14.679,11.445
2457,81.9,3.683,3.466,bbox,9.943,12.253,14.679,11.445
2458,81.933,3.717,3.518,bbox,9.943,12.253,14.679,11.445
2459,81.967,3.862,3.683,bbox,9.943,12.253,14.679,11.445
2460,82.0,3.682,3.683,pose,9.943,12.344,14.679,11.445
2461,82.033,4.031,3.717,bbox,9.943,12.396,14.679,11.445
2462,82.067,4.17,3.862,bbox,9.943,12.516,14.679,11.565
2463,82.1,4.257,4.031,bbox,9.943,12.562,14.679,11.654
2464,82.133,4.408,4.17,bbox,9.943,12.675,14.679,11.698
2465,82.167,4.469,4.257,bbox,9.943,12.736,14.679,11.804
2466,82.2,4.59,4.408,pose,9.943,12.805,14.679,11.863
2467,82.233,4.699,4.469,bbox,9.943,12.805,14.679,11.863
2468,82.267,4.833,4.59,bbox,9.943,12.846,14.679,12.009
2469,82.3,4.802,4.699,pose,9.943,12.894,14.679,12.009
2470,82.333,4.956,4.802,bbox,9.943,12.925,14.679,12.1
2471,82.367,5.172,4.833,bbox,9.943,13.047,14.679,12.157
2472,82.4,5.113,4.956,pose,9.943,13.047,14.679,12.157
2473,82.433,5.409,5.113,bbox,9.943,13.092,14.679,12.196
2474,82.467,5.445,5.172,bbox,9.943,13.092,14.679,12.276
2475,82.5,5.514,5.409,bbox,9.943,13.229,14.679,12.323
2476,82.533,5.582,5.445,bbox,9.943,13.269,14.679,12.365
2477,82.567,5.685,5.514,bbox,9.943,13.269,14.679,12.365
2478,82.6,5.572,5.572,pose,9.943,13.328,14.679,12.419
2479,82.633,6.193,5.582,bbox,9.943,13.375,14.679,12.484
2480,82.667,,,,9.943,13.375,14.679,12.484
2481,82.7,5.974,5.685,pose,9.943,13.454,14.679,12.603
2482,82.733,6.542,5.974,bbox,9.943,13.504,14.679,12.603
2483,82.767,6.588,6.193,bbox,9.943,13.595,14.679,12.735
2484,82.8,6.082,6.193,pose,9.943,13.651,14.679,12.789
2485,82.833,6.601,6.542,bbox,9.943,13.696,14.679,12.83
2486,82.867,6.877,6.588,bbox,9.943,13.696,14.679,12.888
2487,82.9,6.423,6.588,pose,9.943,13.755,14.679,12.888
2488,82.933,6.87,6.601,bbox,9.943,13.795,14.679,12.888
2489,82.967,6.967,6.87,bbox,9.943,13.795,14.679,12.946
2490,83.0,6.598,6.87,pose,9.943,13.795,14.679,13.002
2491,83.033,7.066,6.87,bbox,9.943,13.826,14.679,13.054
2492,83.067,7.11,6.967,bbox,9.943,13.857,14.679,13.151
2493,83.1,6.957,6.967,pose,9.943,13.89,14.679,13.199
2494,83.133,7.387,7.066,bbox,9.943,13.89,14.679,13.199
2495,83.167,7.587,7.11,bbox,9.943,13.89,14.679,13.315
2496,83.2,7.243,7.243,pose,9.943,13.89,14.679,13.315
2497,83.233,7.737,7.387,bbox,9.943,13.93,14.679,13.406
2498,83.267,7.841,7.587,bbox,9.943,13.93,14.679,13.451
2499,83.3,,,,9.943,13.93,14.679,13.451
2500,83.333,,,,9.943,13.93,14.679,13.451
2501,83.367,,,,9.943,13.93,14.679,13.451
2502,83.4,,,,9.943,13.93,14.679,13.451
2503,83.433,,,,9.943,13.93,14.679,13.451
2504,83.467,,,,9.943,13.93,14.679,13.451
2505,83.5,,,,9.943,13.93,14.679,13.451
2506,83.533,,,,9.943,13.93,14.679,13.451
2507,83.567,,,,9.943,13.93,14.679,13.451
2508,83.6,,,,9.943,13.93,14.679,13.451
2509,83.633,,,,9.943,13.93,14.679,13.451
2510,83.667,,,,9.943,13.93,14.679,13.451
2511,83.7,,,,9.943,13.93,14.679,13.451
2512,83.733,,,,9.943,13.93,14.679,13.451
2513,83.767,,,,9.943,13.93,14.679,13.451
2514,83.8,,,,9.943,13.93,14.679,13.451
2515,83.833,,,,9.943,13.93,14.679,13.451
2516,83.867,,,,9.943,13.93,14.679,13.451
2517,83.9,,,,9.943,13.93,14.679,13.451
2518,83.933,,,,9.943,13.93,14.679,13.451
2519,83.967,,,,9.943,13.93,14.679,13.451
2520,84.0,,,,9.943,13.93,14.679,13.451
2521,84.033,,,,9.943,13.93,14.679,13.451
2522,84.067,,,,9.943,13.93,14.679,13.451
2523,84.1,,,,9.943,13.93,14.679,13.451
2524,84.133,,,,9.943,13.93,14.679,13.451
2525,84.167,,,,9.943,13.93,14.679,13.451
2526,84.2,,,,9.943,13.93,14.679,13.451
2527,84.233,,,,9.943,13.93,14.679,13.451
2528,84.267,,,,9.943,13.93,14.679,13.451
2529,84.3,,,,9.943,13.93,14.679,13.451
2530,84.333,,,,9.943,13.93,14.679,13.451
2531,84.367,,,,9.943,13.93,14.679,13.451
2532,84.4,,,,9.943,13.93,14.679,13.451
2533,84.433,10.093,7.737,bbox,9.943,13.93,14.679,13.52
2534,84.467,9.908,7.841,bbox,9.943,13.93,14.679,13.557
2535,84.5,9.773,9.773,bbox,9.943,13.93,14.679,13.557
2536,84.533,9.669,9.773,bbox,10.001,13.93,14.679,13.557
2537,84.567,9.533,9.773,bbox,10.057,13.93,14.679,13.557
2538,84.6,,,,10.057,13.93,14.679,13.557
2539,84.633,,,,10.057,13.93,14.679,13.557
2540,84.667,9.259,9.669,bbox,10.057,13.93,14.725,13.557
2541,84.7,9.237,9.533,bbox,10.096,13.93,14.725,13.557
2542,84.733,9.137,9.259,bbox,10.096,13.93,14.777,13.557
2543,84.767,,,,10.096,13.93,14.777,13.557
2544,84.8,8.956,9.237,bbox,10.096,13.93,14.777,13.557
2545,84.833,8.775,9.137,bbox,10.151,13.93,14.777,13.557
2546,84.867,8.592,8.956,bbox,10.188,13.93,14.818,13.557
2547,84.9,8.58,8.775,bbox,10.318,13.93,14.818,13.557
2548,84.933,8.522,8.592,bbox,10.318,13.93,14.818,13.557
2549,84.967,,,,10.318,13.93,14.818,13.557
2550,85.0,,,,10.318,13.93,14.818,13.557
2551,85.033,,,,10.318,13.93,14.818,13.557
2552,85.067,8.149,8.58,bbox,10.362,13.93,14.818,13.557
2553,85.1,,,,10.362,13.93,14.818,13.557
2554,85.133,,,,10.362,13.93,14.818,13.557
2555,85.167,,,,10.362,13.93,14.818,13.557
2556,85.2,,,,10.362,13.93,14.818,13.557
2557,85.233,,,,10.362,13.93,14.818,13.557
2558,85.267,,,,10.362,13.93,14.818,13.557
2559,85.3,,,,10.362,13.93,14.818,13.557
2560,85.333,,,,10.362,13.93,14.818,13.557
2561,85.367,,,,10.362,13.93,14.818,13.557
2562,85.4,,,,10.362,13.93,14.818,13.557
2563,85.433,,,,10.362,13.93,14.818,13.557
2564,85.467,,,,10.362,13.93,14.818,13.557
2565,85.5,,,,10.362,13.93,14.818,13.557
2566,85.533,,,,10.362,13.93,14.818,13.557
2567,85.567,,,,10.362,13.93,14.818,13.557
2568,85.6,,,,10.362,13.93,14.818,13.557
2569,85.633,,,,10.362,13.93,14.818,13.557
2570,85.667,,,,10.362,13.93,14.818,13.557
2571,85.7,6.939,8.522,bbox,10.472,13.93,14.85,13.557
2572,85.733,6.939,8.149,bbox,10.472,13.93,14.916,13.557
2573,85.767,,,,10.472,13.93,14.916,13.557
2574,85.8,7.62,7.62,bbox,10.472,13.93,14.916,13.557
2575,85.833,7.444,7.444,bbox,10.472,13.93,14.916,13.557
2576,85.867,7.56,7.444,bbox,10.472,13.93,14.916,13.629
2577,85.9,6.754,7.444,pose,10.472,13.93,14.916,13.672
2578,85.933,,,,10.472,13.93,14.916,13.672
2579,85.967,,,,10.472,13.93,14.916,13.672
2580,86.0,6.98,7.444,bbox,10.472,13.93,14.916,13.712
2581,86.033,,,,10.472,13.93,14.916,13.712
2582,86.067,,,,10.472,13.93,14.916,13.712
2583,86.1,,,,10.472,13.93,14.916,13.712
2584,86.133,,,,10.472,13.93,14.916,13.712
2585,86.167,,,,10.472,13.93,14.916,13.712
2586,86.2,,,,10.472,13.93,14.916,13.712
2587,86.233,,,,10.472,13.93,14.916,13.712
2588,86.267,,,,10.472,13.93,14.916,13.712
2589,86.3,,,,10.472,13.93,14.916,13.712
2590,86.333,6.371,6.98,bbox,10.472,13.93,14.916,13.825
2591,86.367,6.463,6.754,bbox,10.472,13.93,14.916,13.825
2592,86.4,6.247,6.463,pose,10.472,13.93,14.916,13.825
2593,86.433,6.417,6.417,bbox,10.552,13.93,14.916,13.866
2594,86.467,6.433,6.417,bbox,10.552,13.93,14.916,13.866
2595,86.5,5.748,6.417,pose,10.605,13.93,14.916,13.866
2596,86.533,6.254,6.254,bbox,10.67,13.93,14.955,13.866
2597,86.567,6.21,6.254,bbox,10.67,13.93,14.955,13.866
2598,86.6,5.637,6.21,pose,10.721,13.93,14.955,13.866
2599,86.633,6.077,6.077,bbox,10.721,13.93,14.955,13.866
2600,86.667,,,,10.721,13.93,14.955,13.866
2601,86.7,6.256,6.21,bbox,10.721,13.93,14.955,13.866
2602,86.733,6.209,6.209,bbox,10.791,13.93,15.072,13.866
2603,86.767,6.005,6.077,bbox,10.791,13.93,15.116,13.866
2604,86.8,5.925,6.077,bbox,10.873,13.93,15.152,13.866
2605,86.833,5.779,6.005,bbox,10.957,13.93,15.152,13.866
2606,86.867,5.679,5.925,bbox,10.957,13.93,15.152,13.866
2607,86.9,5.627,5.779,bbox,10.957,13.93,15.152,13.866
2608,86.933,5.633,5.679,bbox,11.07,13.93,15.152,13.866
2609,86.967,5.612,5.633,bbox,11.122,13.93,15.152,13.866
2610,87.0,5.607,5.627,bbox,11.122,13.93,15.152,13.866
2611,87.033,5.529,5.612,bbox,11.206,13.93,15.152,13.866
2612,87.067,5.489,5.607,bbox,11.249,13.93,15.152,13.866
2613,87.1,4.635,5.529,pose,11.249,13.93,15.152,13.866
2614,87.133,5.421,5.489,bbox,11.338,13.93,15.152,13.866
2615,87.167,5.412,5.421,bbox,11.383,13.93,15.152,13.866
2616,87.2,5.394,5.412,bbox,11.383,13.93,15.152,13.866
2617,87.233,5.41,5.41,bbox,11.453,13.93,15.152,13.866
2618,87.267,5.348,5.41,bbox,11.453,13.93,15.152,13.866
2619,87.3,5.35,5.394,bbox,11.453,13.93,15.152,13.866
2620,87.333,5.341,5.35,bbox,11.495,13.93,15.152,13.866
2621,87.367,5.295,5.348,bbox,11.528,13.93,15.152,13.866
2622,87.4,5.357,5.348,bbox,11.587,13.93,15.152,13.866
2623,87.433,5.286,5.341,bbox,11.587,13.93,15.152,13.866
2624,87.467,5.248,5.295,bbox,11.637,13.93,15.152,13.866
2625,87.5,5.195,5.286,bbox,11.694,13.93,15.152,13.866
2626,87.533,5.151,5.248,bbox,11.694,13.93,15.152,13.866
2627,87.567,,,,11.694,13.93,15.152,13.866
2628,87.6,5.056,5.195,bbox,11.694,13.93,15.152,13.866
2629,87.633,5.002,5.151,bbox,11.763,13.93,15.152,13.866
2630,87.667,4.98,5.056,bbox,11.763,13.93,15.152,13.908
2631,87.7,4.922,5.002,bbox,11.887,13.93,15.152,13.951
2632,87.733,4.9,4.98,bbox,11.962,13.93,15.152,13.986
2633,87.767,,,,11.962,13.93,15.152,13.986
2634,87.8,5.093,4.98,bbox,12.003,13.93,15.152,13.986
2635,87.833,,,,12.003,13.93,15.152,13.986
2636,87.867,,,,12.003,13.93,15.152,13.986
2637,87.9,4.8,4.922,bbox,12.1,13.93,15.152,13.986
2638,87.933,4.795,4.9,bbox,12.155,13.93,15.152,13.986
2639,87.967,4.776,4.8,bbox,12.155,13.93,15.152,13.986
2640,88.0,4.741,4.795,bbox,12.155,13.93,15.152,13.986
2641,88.033,4.688,4.776,bbox,12.155,13.93,15.152,13.986
2642,88.067,4.662,4.741,bbox,12.155,13.93,15.152,13.986
2643,88.1,4.621,4.688,bbox,12.155,13.93,15.152,13.986
2644,88.133,4.586,4.662,bbox,12.155,13.93,15.152,13.986
2645,88.167,4.598,4.621,bbox,12.155,13.93,15.152,13.986
2646,88.2,4.598,4.598,bbox,12.155,13.93,15.193,13.986
2647,88.233,4.564,4.598,bbox,12.155,13.93,15.193,13.986
2648,88.267,4.541,4.586,bbox,12.155,13.93,15.193,13.986
2649,88.3,4.525,4.564,bbox,12.155,13.93,15.229,13.986
2650,88.333,4.427,4.541,bbox,12.155,13.93,15.229,13.986
2651,88.367,4.369,4.525,bbox,12.155,13.93,15.229,13.986
2652,88.4,4.365,4.427,bbox,12.155,13.93,15.229,13.986
2653,88.433,4.346,4.369,bbox,12.155,13.93,15.262,13.986
2654,88.467,4.321,4.365,bbox,12.155,13.93,15.262,13.986
2655,88.5,4.304,4.346,bbox,12.155,13.93,15.262,13.986
2656,88.533,4.28,4.321,bbox,12.155,13.93,15.262,13.986
2657,88.567,4.261,4.304,bbox,12.155,13.93,15.262,13.986
2658,88.6,4.263,4.28,bbox,12.155,13.93,15.262,13.986
2659,88.633,4.257,4.263,bbox,12.155,13.93,15.262,13.986
2660,88.667,4.225,4.261,bbox,12.155,13.93,15.262,13.986
2661,88.7,4.209,4.257,bbox,12.155,13.93,15.262,13.986
2662,88.733,4.193,4.225,bbox,12.155,13.93,15.262,13.986
2663,88.767,4.173,4.209,bbox,12.155,13.93,15.262,13.986
2664,88.8,4.158,4.193,bbox,12.155,13.93,15.262,13.986
2665,88.833,4.15,4.173,bbox,12.155,13.93,15.262,13.986
2666,88.867,4.144,4.158,bbox,12.155,13.93,15.262,13.986
2667,88.9,4.125,4.15,bbox,12.155,13.93,15.262,13.986
2668,88.933,4.135,4.144,bbox,12.155,13.93,15.262,13.986
2669,88.967,4.137,4.137,bbox,12.155,13.93,15.262,13.986
2670,89.0,4.136,4.136,bbox,12.155,13.93,15.262,13.986
2671,89.033,4.128,4.135,bbox,12.155,13.93,15.262,13.986
2672,89.067,4.126,4.135,bbox,12.155,13.93,15.262,13.986
2673,89.1,4.12,4.128,bbox,12.155,13.93,15.262,13.986
2674,89.133,4.13,4.128,bbox,12.155,13.93,15.262,13.986
2675,89.167,4.128,4.128,bbox,12.155,13.93,15.262,13.986
2676,89.2,4.127,4.127,bbox,12.155,13.93,15.262,13.986
2677,89.233,4.127,4.127,bbox,12.155,13.93,15.262,13.986
2678,89.267,4.117,4.127,bbox,12.155,13.93,15.262,13.986
2679,89.3,4.113,4.127,bbox,12.155,13.93,15.262,13.986
2680,89.333,4.127,4.127,bbox,12.155,13.93,15.262,13.986
2681,89.367,4.163,4.127,bbox,12.155,13.93,15.262,13.986
2682,89.4,4.162,4.127,bbox,12.155,13.93,15.262,13.986
2683,89.433,4.131,4.131,bbox,12.155,13.93,15.262,13.986
2684,89.467,4.145,4.145,bbox,12.155,13.93,15.262,13.986
2685,89.5,4.112,4.145,bbox,12.155,13.93,15.262,13.986
2686,89.533,4.118,4.131,bbox,12.155,13.93,15.262,13.986
2687,89.567,4.069,4.118,bbox,12.155,13.93,15.262,13.986
2688,89.6,4.075,4.112,bbox,12.155,13.93,15.262,13.986
2689,89.633,4.061,4.075,bbox,12.155,13.93,15.262,13.986
2690,89.667,4.055,4.069,bbox,12.155,13.93,15.262,13.986
2691,89.7,,,,12.155,13.93,15.262,13.986
2692,89.733,,,,12.155,13.93,15.262,13.986
2693,89.767,4.09,4.069,bbox,12.155,13.93,15.262,13.986
2694,89.8,4.043,4.061,bbox,12.155,13.93,15.262,13.986
2695,89.833,4.028,4.055,bbox,12.155,13.93,15.262,13.986
2696,89.867,4.02,4.043,bbox,12.155,13.93,15.262,13.986
2697,89.9,3.103,4.028,pose,12.216,13.93,15.262,13.986
2698,89.933,3.996,4.02,bbox,12.216,13.93,15.262,13.986
2699,89.967,3.893,3.996,bbox,12.253,13.93,15.262,13.986
2700,90.0,4.167,3.996,pose,12.306,13.93,15.262,13.986
2701,90.033,3.754,3.893,bbox,12.306,13.93,15.323,13.986
2702,90.067,3.623,3.893,bbox,12.306,13.93,15.323,13.986
2703,90.1,3.602,3.754,bbox,12.306,13.93,15.425,13.986
2704,90.133,3.562,3.623,bbox,12.306,13.93,15.496,13.986
2705,90.167,3.568,3.602,bbox,12.306,13.93,15.496,13.986
2706,90.2,3.548,3.568,bbox,12.306,13.93,15.496,13.986
2707,90.233,3.529,3.562,bbox,12.306,13.93,15.496,13.986
2708,90.267,3.495,3.548,bbox,12.306,13.93,15.496,13.986
2709,90.3,3.461,3.529,bbox,12.306,13.93,15.496,13.986
2710,90.333,3.409,3.495,bbox,12.306,13.93,15.496,13.986
2711,90.367,3.401,3.461,bbox,12.306,13.93,15.496,13.986
2712,90.4,3.346,3.409,bbox,12.306,13.93,15.496,13.986
2713,90.433,3.269,3.401,bbox,12.306,13.93,15.496,13.986
2714,90.467,3.224,3.346,bbox,12.306,13.93,15.496,13.986
2715,90.5,3.146,3.269,bbox,12.306,13.93,15.607,13.986
2716,90.533,3.124,3.224,bbox,12.306,13.93,15.642,13.986
2717,90.567,3.122,3.146,bbox,12.306,13.93,15.693,13.986
2718,90.6,3.111,3.124,bbox,12.306,13.93,15.693,13.986
2719,90.633,3.108,3.122,bbox,12.306,13.93,15.693,13.986
2720,90.667,3.074,3.111,bbox,12.306,13.93,15.693,13.986
2721,90.7,2.615,3.108,pose,12.306,13.93,15.693,13.986
2722,90.733,3.072,3.074,bbox,12.306,13.93,15.693,13.986
2723,90.767,3.088,3.074,bbox,12.306,13.93,15.693,13.986
2724,90.8,2.719,3.072,pose,12.306,13.93,15.693,13.986
2725,90.833,3.137,3.072,bbox,12.306,13.93,15.693,13.986
2726,90.867,3.166,3.088,bbox,12.306,13.93,15.693,13.986
2727,90.9,3.158,3.137,bbox,12.306,13.93,15.693,13.986
2728,90.933,3.142,3.142,bbox,12.306,13.93,15.693,13.986
2729,90.967,3.131,3.142,bbox,12.306,13.93,15.693,13.986
2730,91.0,3.091,3.142,bbox,12.306,13.93,15.693,13.986
2731,91.033,3.05,3.131,bbox,12.306,13.93,15.693,13.986
2732,91.067,3.022,3.091,bbox,12.306,13.93,15.693,13.986
2733,91.1,2.489,3.05,pose,12.306,13.93,15.693,13.986
2734,91.133,2.951,3.022,bbox,12.306,13.93,15.693,13.986
2735,91.167,2.936,2.951,bbox,12.306,13.93,15.693,13.986
2736,91.2,2.925,2.936,bbox,12.306,13.93,15.73,13.986
2737,91.233,2.94,2.936,bbox,12.306,13.93,15.73,13.986
2738,91.267,2.95,2.94,bbox,12.306,13.93,15.73,13.986
2739,91.3,2.938,2.938,bbox,12.306,13.93,15.76,13.986
2740,91.333,2.899,2.938,bbox,12.306,13.93,15.76,13.986
2741,91.367,2.869,2.938,bbox,12.306,13.93,15.76,13.986
2742,91.4,2.816,2.899,bbox,12.306,13.93,15.76,13.986
2743,91.433,2.775,2.869,bbox,12.306,13.93,15.76,13.986
2744,91.467,2.738,2.816,bbox,12.306,13.93,15.792,13.986
2745,91.5,5.74,2.816,pose,12.306,13.93,15.792,13.986
2746,91.533,2.672,2.775,bbox,12.306,13.93,15.824,13.986
2747,91.567,2.7,2.738,bbox,12.306,13.93,15.824,13.986
2748,91.6,2.735,2.735,bbox,12.306,13.93,15.865,13.986
2749,91.633,2.758,2.735,bbox,12.306,13.93,15.865,13.986
2750,91.667,2.768,2.735,bbox,12.306,13.93,15.865,13.986
2751,91.7,2.806,2.758,bbox,12.306,13.93,15.865,13.986
2752,91.733,2.824,2.768,bbox,12.306,13.93,15.865,13.986
2753,91.767,2.919,2.806,bbox,12.306,13.93,15.865,14.021
2754,91.8,2.927,2.824,bbox,12.306,13.93,15.865,14.021
2755,91.833,2.977,2.919,bbox,12.306,13.93,15.865,14.11
2756,91.867,3.039,2.927,bbox,12.306,13.93,15.865,14.154
2757,91.9,2.789,2.927,pose,12.306,13.93,15.865,14.225
2758,91.933,3.109,2.977,bbox,12.306,13.93,15.865,14.265
2759,91.967,3.129,3.039,bbox,12.306,13.93,15.865,14.328
2760,92.0,3.121,3.109,bbox,12.306,13.93,15.865,14.328
2761,92.033,3.13,3.121,bbox,12.306,13.93,15.865,14.328
2762,92.067,3.149,3.129,bbox,12.306,13.93,15.865,14.328
2763,92.1,3.138,3.13,bbox,12.306,13.93,15.865,14.358
2764,92.133,3.188,3.138,bbox,12.306,13.93,15.865,14.358
2765,92.167,3.198,3.149,bbox,12.306,13.93,15.865,14.358
2766,92.2,3.213,3.188,bbox,12.306,13.93,15.865,14.358
2767,92.233,3.233,3.198,bbox,12.306,13.93,15.865,14.358
2768,92.267,3.245,3.213,bbox,12.306,13.93,15.865,14.358
2769,92.3,3.239,3.233,bbox,12.306,13.93,15.865,14.358
2770,92.333,3.218,3.233,bbox,12.306,13.93,15.865,14.358
2771,92.367,3.204,3.233,bbox,12.306,13.93,15.865,14.358
2772,92.4,3.187,3.218,bbox,12.306,13.93,15.865,14.358
2773,92.433,3.18,3.204,bbox,12.306,13.93,15.865,14.358
2774,92.467,3.153,3.187,bbox,12.306,13.93,15.865,14.358
2775,92.5,3.183,3.183,bbox,12.306,13.93,15.865,14.358
2776,92.533,3.181,3.181,bbox,12.306,13.93,15.865,14.358
2777,92.567,3.137,3.18,bbox,12.306,13.93,15.865,14.358
2778,92.6,3.111,3.153,bbox,12.306,13.93,15.865,14.358
2779,92.633,3.127,3.137,bbox,12.306,13.93,15.865,14.358
2780,92.667,3.104,3.127,bbox,12.306,13.93,15.896,14.358
2781,92.7,3.084,3.111,bbox,12.306,13.93,15.896,14.358
2782,92.733,3.029,3.104,bbox,12.306,13.93,15.927,14.358
2783,92.767,3.0,3.084,bbox,12.306,13.93,15.927,14.358
2784,92.8,2.969,3.029,bbox,12.306,13.93,15.927,14.358
2785,92.833,2.919,3.0,bbox,12.306,13.93,15.927,14.358
2786,92.867,2.879,2.969,bbox,12.306,13.93,15.927,14.358
2787,92.9,2.612,2.919,pose,12.306,13.93,15.927,14.358
2788,92.933,2.826,2.879,bbox,12.306,13.93,15.927,14.358
2789,92.967,2.815,2.826,bbox,12.306,13.93,15.965,14.358
2790,93.0,2.858,2.826,bbox,12.306,13.93,16.076,14.358
2791,93.033,2.855,2.826,bbox,12.306,13.93,16.119,14.358
2792,93.067,2.864,2.855,bbox,12.306,13.93,16.15,14.358
2793,93.1,2.866,2.858,bbox,12.306,13.93,16.15,14.358
2794,93.133,2.87,2.864,bbox,12.306,13.93,16.15,14.358
2795,93.167,2.854,2.864,bbox,12.306,13.93,16.15,14.358
2796,93.2,2.877,2.866,bbox,12.306,13.93,16.15,14.358
2797,93.233,2.895,2.87,bbox,12.306,13.93,16.15,14.358
2798,93.267,2.927,2.877,bbox,12.306,13.93,16.15,14.447
2799,93.3,2.919,2.895,bbox,12.306,13.93,16.15,14.504
2800,93.333,2.92,2.919,bbox,12.306,13.93,16.15,14.537
2801,93.367,2.907,2.919,bbox,12.341,13.93,16.15,14.537
2802,93.4,2.917,2.919,bbox,12.341,13.93,16.15,14.537
2803,93.433,2.906,2.917,bbox,12.341,13.93,16.15,14.537
2804,93.467,2.883,2.907,bbox,12.341,13.93,16.15,14.537
2805,93.5,2.875,2.906,bbox,12.341,13.93,16.15,14.537
2806,93.533,2.851,2.883,bbox,12.341,13.93,16.15,14.537
2807,93.567,2.819,2.875,bbox,12.341,13.93,16.15,14.537
2808,93.6,2.763,2.851,bbox,12.341,13.93,16.15,14.537
2809,93.633,2.694,2.819,bbox,12.341,13.93,16.15,14.537
2810,93.667,2.671,2.763,bbox,12.341,13.93,16.198,14.537
2811,93.7,2.68,2.694,bbox,12.341,13.93,16.25,14.537
2812,93.733,2.628,2.68,bbox,12.341,13.93,16.289,14.537
2813,93.767,,,,12.341,13.93,16.289,14.537
2814,93.8,,,,12.341,13.93,16.289,14.537
2815,93.833,2.547,2.671,bbox,12.341,13.93,16.289,14.537
2816,93.867,2.545,2.628,bbox,12.341,13.93,16.339,14.537
2817,93.9,2.566,2.566,bbox,12.341,13.93,16.339,14.537
2818,93.933,2.628,2.566,bbox,12.341,13.93,16.339,14.537
2819,93.967,2.654,2.566,bbox,12.341,13.93,16.339,14.537
2820,94.0,2.711,2.628,bbox,12.341,13.93,16.339,14.6
2821,94.033,2.791,2.654,bbox,12.341,13.93,16.339,14.636
2822,94.067,2.848,2.711,bbox,12.341,13.93,16.339,14.771
2823,94.1,2.926,2.791,bbox,12.341,13.93,16.339,14.832
2824,94.133,2.955,2.848,bbox,12.341,13.93,16.339,14.928
2825,94.167,2.997,2.926,bbox,12.341,13.93,16.339,14.928
2826,94.2,3.026,2.955,bbox,12.341,13.93,16.339,14.969
2827,94.233,3.018,2.997,bbox,12.341,13.93,16.339,14.969
2828,94.267,3.01,3.01,bbox,12.341,13.93,16.339,14.969
2829,94.3,3.037,3.018,bbox,12.341,13.93,16.339,14.969
2830,94.333,3.059,3.026,bbox,12.341,13.93,16.339,14.969
2831,94.367,3.114,3.037,bbox,12.341,13.93,16.339,14.969
2832,94.4,,,,12.341,13.93,16.339,14.969
2833,94.433,2.8,3.037,bbox,12.341,13.93,16.339,14.969
2834,94.467,2.698,3.037,bbox,12.341,13.93,16.339,15.029
2835,94.5,2.991,2.991,pose,12.341,13.93,16.339,15.122
2836,94.533,2.748,2.8,bbox,12.341,13.93,16.339,15.154
2837,94.567,2.808,2.8,bbox,12.411,13.93,16.339,15.154
2838,94.6,,,,12.411,13.93,16.339,15.154
2839,94.633,,,,12.411,13.93,16.339,15.154
2840,94.667,,,,12.411,13.93,16.339,15.154
2841,94.7,,,,12.411,13.93,16.339,15.154
2842,94.733,,,,12.411,13.93,16.339,15.154
2843,94.767,,,,12.411,13.93,16.339,15.154
2844,94.8,,,,12.411,13.93,16.339,15.154
2845,94.833,,,,12.411,13.93,16.339,15.154
2846,94.867,3.013,2.808,bbox,12.411,13.93,16.339,15.154
2847,94.9,3.025,2.991,bbox,12.411,13.93,16.339,15.154
2848,94.933,2.732,2.808,bbox,12.411,13.93,16.339,15.154
2849,94.967,2.941,2.941,bbox,12.411,13.93,16.339,15.154
2850,95.0,2.992,2.992,bbox,12.411,13.99,16.339,15.154
2851,95.033,2.964,2.964,bbox,12.411,13.99,16.339,15.154
2852,95.067,2.937,2.941,bbox,12.411,13.99,16.339,15.154
2853,95.1,2.863,2.941,bbox,12.411,13.99,16.339,15.154
2854,95.133,2.813,2.937,bbox,12.411,13.99,16.339,15.154
2855,95.167,2.795,2.863,bbox,12.411,13.99,16.339,15.154
2856,95.2,2.763,2.813,bbox,12.411,13.99,16.339,15.154
2857,95.233,2.737,2.795,bbox,12.411,13.99,16.339,15.154
2858,95.267,2.71,2.763,bbox,12.411,13.99,16.369,15.154
2859,95.3,2.681,2.737,bbox,12.411,13.99,16.369,15.154
2860,95.333,2.661,2.71,bbox,12.411,13.99,16.369,15.154
2861,95.367,,,,12.411,13.99,16.369,15.154
2862,95.4,2.714,2.71,bbox,12.411,13.99,16.369,15.154
2863,95.433,2.767,2.71,bbox,12.411,13.99,16.369,15.154
2864,95.467,2.816,2.714,bbox,12.411,13.99,16.369,15.189
2865,95.5,2.891,2.767,bbox,12.411,13.99,16.369,15.224
2866,95.533,,,,12.411,13.99,16.369,15.224
2867,95.567,,,,12.411,13.99,16.369,15.224
2868,95.6,3.073,2.816,bbox,12.411,13.99,16.369,15.224
2869,95.633,3.178,2.891,bbox,12.411,13.99,16.369,15.271
2870,95.667,3.214,3.073,bbox,12.411,14.085,16.369,15.271
2871,95.7,3.205,3.178,bbox,12.411,14.085,16.369,15.271
2872,95.733,3.227,3.205,bbox,12.411,14.085,16.369,15.306
2873,95.767,3.25,3.214,bbox,12.411,14.085,16.369,15.337
2874,95.8,3.299,3.227,bbox,12.411,14.085,16.369,15.337
2875,95.833,3.353,3.25,bbox,12.411,14.085,16.369,15.369
2876,95.867,3.42,3.299,bbox,12.411,14.085,16.369,15.403
2877,95.9,,,,12.411,14.085,16.369,15.403
2878,95.933,,,,12.411,14.085,16.369,15.403
2879,95.967,3.409,3.353,bbox,12.411,14.085,16.369,15.403
2880,96.0,3.79,3.409,pose,12.411,14.085,16.369,15.403
2881,96.033,3.594,3.42,bbox,12.411,14.085,16.369,15.465
2882,96.067,3.568,3.568,bbox,12.411,14.085,16.369,15.593
2883,96.1,3.641,3.594,pose,12.411,14.085,16.369,15.593
2884,96.133,3.543,3.594,bbox,12.411,14.085,16.369,15.593
2885,96.167,3.536,3.568,bbox,12.411,14.085,16.369,15.593
2886,96.2,3.273,3.543,bbox,12.411,14.085,16.369,15.593
2887,96.233,3.368,3.536,bbox,12.411,14.085,16.369,15.593
2888,96.267,3.346,3.368,bbox,12.411,14.085,16.448,15.593
2889,96.3,3.321,3.346,bbox,12.445,14.085,16.481,15.593
2890,96.333,3.32,3.321,bbox,12.445,14.085,16.534,15.593
2891,96.367,3.372,3.346,bbox,12.445,14.085,16.534,15.593
2892,96.4,3.071,3.321,pose,12.483,14.085,16.534,15.593
2893,96.433,3.375,3.321,bbox,12.483,14.085,16.534,15.593
2894,96.467,3.348,3.348,bbox,12.483,14.085,16.534,15.593
2895,96.5,2.857,3.348,pose,12.483,14.085,16.534,15.593
2896,96.533,3.167,3.167,bbox,12.483,14.085,16.568,15.593
2897,96.567,3.103,3.167,bbox,12.483,14.085,16.568,15.593
2898,96.6,2.998,3.103,bbox,12.483,14.085,16.568,15.593
2899,96.633,2.93,2.998,bbox,12.483,14.085,16.603,15.593
2900,96.667,2.566,2.998,bbox,12.534,14.085,16.603,15.593
2901,96.7,2.798,2.93,bbox,12.534,14.085,16.661,15.593
2902,96.733,2.885,2.885,bbox,12.534,14.085,16.693,15.593
2903,96.767,2.897,2.885,bbox,12.567,14.085,16.693,15.593
2904,96.8,2.902,2.885,bbox,12.567,14.085,16.693,15.593
2905,96.833,2.892,2.892,bbox,12.567,14.085,16.693,15.593
2906,96.867,2.868,2.892,bbox,12.567,14.085,16.693,15.593
2907,96.9,2.855,2.892,bbox,12.567,14.085,16.693,15.593
2908,96.933,2.844,2.868,bbox,12.567,14.085,16.693,15.593
2909,96.967,2.876,2.868,bbox,12.567,14.085,16.693,15.593
2910,97.0,2.897,2.868,bbox,12.567,14.085,16.693,15.593
2911,97.033,2.907,2.876,bbox,12.567,14.085,16.693,15.639
2912,97.067,2.888,2.888,bbox,12.567,14.085,16.693,15.639
2913,97.1,2.894,2.894,bbox,12.567,14.085,16.693,15.639
2914,97.133,2.911,2.897,bbox,12.567,14.085,16.693,15.639
2915,97.167,2.91,2.907,bbox,12.567,14.085,16.693,15.639
2916,97.2,2.872,2.894,bbox,12.567,14.085,16.693,15.639
2917,97.233,2.763,2.894,bbox,12.567,14.085,16.693,15.639
2918,97.267,2.809,2.872,bbox,12.567,14.085,16.693,15.639
2919,97.3,2.799,2.809,bbox,12.567,14.085,16.693,15.639
2920,97.333,2.777,2.799,bbox,12.567,14.123,16.733,15.639
2921,97.367,2.736,2.777,bbox,12.567,14.123,16.733,15.639
2922,97.4,2.799,2.799,bbox,12.567,14.153,16.777,15.639
2923,97.433,2.822,2.799,bbox,12.567,14.153,16.843,15.639
2924,97.467,,,,12.567,14.153,16.843,15.639
2925,97.5,2.872,2.799,bbox,12.567,14.222,16.886,15.639
2926,97.533,2.922,2.822,bbox,12.567,14.271,16.886,15.639
2927,97.567,2.979,2.872,bbox,12.567,14.271,16.886,15.639
2928,97.6,3.02,2.922,bbox,12.567,14.325,16.886,15.639
2929,97.633,3.02,2.979,bbox,12.567,14.369,16.886,15.639
2930,97.667,3.014,3.014,bbox,12.567,14.369,16.886,15.639
2931,97.7,3.018,3.018,bbox,12.567,14.369,16.886,15.639
2932,97.733,2.989,3.018,bbox,12.567,14.369,16.886,15.639
2933,97.767,2.925,3.014,bbox,12.567,14.406,16.886,15.639
2934,97.8,2.864,2.989,bbox,12.567,14.406,16.886,15.639
2935,97.833,2.833,2.925,bbox,12.567,14.459,16.932,15.639
2936,97.867,2.826,2.864,bbox,12.567,14.459,17.003,15.639
2937,97.9,2.026,2.833,pose,12.633,14.459,17.081,15.639
2938,97.933,2.854,2.833,bbox,12.633,14.545,17.128,15.639
2939,97.967,2.938,2.833,bbox,12.633,14.63,17.185,15.639
2940,98.0,,,,12.633,14.63,17.185,15.639
2941,98.033,2.989,2.854,bbox,12.633,14.63,17.185,15.639
2942,98.067,3.052,2.938,bbox,12.633,14.717,17.242,15.639
2943,98.1,3.096,2.989,bbox,12.633,14.768,17.242,15.639
2944,98.133,3.241,3.052,bbox,12.633,14.826,17.273,15.639
2945,98.167,3.282,3.096,bbox,12.633,14.869,17.303,15.639
2946,98.2,,,,12.633,14.869,17.303,15.639
2947,98.233,3.281,3.241,bbox,12.633,14.952,17.303,15.639
2948,98.267,3.187,3.241,bbox,12.633,15.022,17.303,15.639
2949,98.3,,,,12.633,15.022,17.303,15.639
2950,98.333,,,,12.633,15.022,17.303,15.639
2951,98.367,3.073,3.241,bbox,12.633,15.128,17.379,15.639
2952,98.4,,,,12.633,15.128,17.379,15.639
2953,98.433,2.982,3.187,bbox,12.633,15.173,17.443,15.639
2954,98.467,3.024,3.073,bbox,12.633,15.268,17.443,15.639
2955,98.5,3.013,3.024,bbox,12.633,15.311,17.549,15.639
2956,98.533,,,,12.633,15.311,17.549,15.639
2957,98.567,,,,12.633,15.311,17.549,15.639
2958,98.6,2.998,3.013,bbox,12.633,15.311,17.549,15.639
2959,98.633,3.056,3.013,bbox,12.633,15.311,17.607,15.639
2960,98.667,3.025,3.024,bbox,12.633,15.366,17.721,15.639
2961,98.7,2.974,3.013,bbox,12.633,15.399,17.721,15.639
2962,98.733,2.939,2.998,bbox,12.633,15.399,17.721,15.639
2963,98.767,2.884,2.974,bbox,12.633,15.399,17.721,15.639
2964,98.8,,,,12.633,15.399,17.721,15.639
2965,98.833,2.697,2.939,bbox,12.633,15.399,17.765,15.639
2966,98.867,2.569,2.884,bbox,12.633,15.399,17.805,15.639
2967,98.9,2.529,2.697,pose,12.633,15.399,17.857,15.639
2968,98.933,2.525,2.569,bbox,12.633,15.399,17.944,15.639
2969,98.967,2.649,2.569,bbox,12.633,15.399,18.025,15.639
2970,99.0,2.646,2.569,bbox,12.633,15.399,18.025,15.639
2971,99.033,2.567,2.567,bbox,12.633,15.399,18.105,15.639
2972,99.067,2.415,2.567,bbox,12.633,15.399,18.136,15.639
2973,99.1,2.438,2.567,bbox,12.633,15.399,18.181,15.639
2974,99.133,2.416,2.438,bbox,12.633,15.399,18.181,15.639
2975,99.167,2.413,2.416,bbox,12.633,15.399,18.181,15.639
2976,99.2,2.531,2.416,bbox,12.633,15.399,18.181,15.639
2977,99.233,2.408,2.416,bbox,12.633,15.399,18.181,15.639
2978,99.267,2.293,2.413,bbox,12.633,15.399,18.181,15.639
2979,99.3,2.125,2.408,pose,12.633,15.399,18.181,15.639
2980,99.333,2.35,2.35,bbox,12.633,15.436,18.181,15.639
2981,99.367,2.416,2.35,bbox,12.633,15.477,18.181,15.639
2982,99.4,2.462,2.35,bbox,12.633,15.477,18.181,15.639
2983,99.433,2.511,2.416,bbox,12.633,15.477,18.181,15.639
2984,99.467,2.506,2.462,bbox,12.633,15.477,18.181,15.639
2985,99.5,2.726,2.506,pose,12.633,15.477,18.181,15.639
2986,99.533,2.631,2.511,bbox,12.633,15.477,18.181,15.675
2987,99.567,2.718,2.631,bbox,12.633,15.477,18.181,15.783
2988,99.6,2.768,2.718,bbox,12.633,15.477,18.181,15.848
2989,99.633,2.741,2.726,bbox,12.633,15.477,18.181,15.892
2990,99.667,2.645,2.718,bbox,12.633,15.477,18.181,15.892
2991,99.7,2.224,2.718,pose,12.633,15.477,18.181,15.923
2992,99.733,2.826,2.741,bbox,12.633,15.477,18.181,15.923
2993,99.767,2.805,2.741,bbox,12.633,15.477,18.181,15.961
2994,99.8,,,,12.633,15.477,18.181,15.961
2995,99.833,,,,12.633,15.477,18.181,15.961
2996,99.867,3.031,2.805,bbox,12.633,15.477,18.181,15.961
2997,99.9,3.105,2.826,bbox,12.633,15.477,18.181,15.961
2998,99.933,3.183,3.031,bbox,12.633,15.477,18.181,15.961
2999,99.967,3.166,3.105,bbox,12.633,15.477,18.181,16.022
3000,100.0,3.188,3.166,bbox,12.633,15.477,18.181,16.022
3001,100.033,3.353,3.183,bbox,12.633,15.477,18.181,16.074
3002,100.067,3.299,3.188,bbox,12.633,15.477,18.181,16.074
3003,100.1,3.406,3.299,bbox,12.633,15.477,18.181,16.119
3004,100.133,3.307,3.307,bbox,12.633,15.477,18.181,16.119
3005,100.167,3.188,3.307,bbox,12.633,15.477,18.181,16.119
3006,100.2,3.143,3.299,bbox,12.633,15.477,18.181,16.119
3007,100.233,3.056,3.188,bbox,12.633,15.477,18.181,16.119
3008,100.267,3.031,3.143,bbox,12.633,15.477,18.181,16.119
3009,100.3,2.373,3.056,pose,12.633,15.477,18.181,16.119
3010,100.333,3.141,3.056,bbox,12.633,15.477,18.181,16.119
3011,100.367,3.089,3.056,bbox,12.633,15.477,18.181,16.119
3012,100.4,3.144,3.089,bbox,12.633,15.477,18.181,16.119
3013,100.433,3.054,3.089,bbox,12.633,15.477,18.181,16.119
3014,100.467,3.168,3.141,bbox,12.633,15.477,18.181,16.119
3015,100.5,3.115,3.115,bbox,12.633,15.477,18.181,16.119
3016,100.533,,,,12.633,15.477,18.181,16.119
3017,100.567,3.016,3.115,bbox,12.633,15.477,18.181,16.119
3018,100.6,2.94,3.054,bbox,12.633,15.477,18.181,16.119
3019,100.633,2.85,3.016,bbox,12.717,15.477,18.181,16.119
3020,100.667,2.816,2.94,bbox,12.774,15.477,18.181,16.119
3021,100.7,2.736,2.85,bbox,12.833,15.477,18.226,16.119
3022,100.733,2.751,2.816,bbox,12.898,15.477,18.226,16.119
3023,100.767,2.775,2.775,bbox,12.965,15.477,18.226,16.119
3024,100.8,2.694,2.751,bbox,13.008,15.477,18.226,16.119
3025,100.833,2.663,2.736,bbox,13.04,15.477,18.226,16.179
3026,100.867,2.667,2.694,bbox,13.04,15.477,18.226,16.179
3027,100.9,2.654,2.667,bbox,13.04,15.477,18.226,16.227
3028,100.933,2.654,2.663,bbox,13.04,15.477,18.226,16.227
3029,100.967,2.653,2.654,bbox,13.04,15.477,18.226,16.258
3030,101.0,2.653,2.654,bbox,13.04,15.477,18.226,16.258
3031,101.033,2.679,2.654,bbox,13.04,15.477,18.226,16.258
3032,101.067,2.833,2.654,bbox,13.04,15.477,18.226,16.258
3033,101.1,2.931,2.679,bbox,13.04,15.477,18.226,16.258
3034,101.133,3.069,2.833,bbox,13.04,15.477,18.226,16.393
3035,101.167,3.138,2.931,bbox,13.04,15.477,18.226,16.459
3036,101.2,4.076,3.069,pose,13.04,15.477,18.226,16.538
3037,101.233,3.144,3.138,bbox,13.04,15.477,18.226,16.538
3038,101.267,3.128,3.138,bbox,13.04,15.477,18.226,16.538
3039,101.3,6.259,3.144,pose,13.04,15.477,18.226,16.538
3040,101.333,3.053,3.144,bbox,13.04,15.477,18.226,16.538
3041,101.367,3.001,3.128,bbox,13.04,15.477,18.226,16.538
3042,101.4,4.081,3.128,pose,13.04,15.477,18.226,16.538
3043,101.433,2.915,3.053,bbox,13.04,15.477,18.226,16.538
3044,101.467,2.881,3.001,bbox,13.072,15.477,18.226,16.538
3045,101.5,2.907,2.915,bbox,13.072,15.477,18.261,16.538
3046,101.533,2.921,2.915,bbox,13.112,15.477,18.261,16.538
3047,101.567,2.931,2.915,bbox,13.112,15.477,18.261,16.538
3048,101.6,2.987,2.921,bbox,13.112,15.477,18.261,16.538
3049,101.633,3.024,2.931,bbox,13.112,15.477,18.261,16.538
3050,101.667,3.017,2.987,bbox,13.112,15.477,18.261,16.538
3051,101.7,3.057,3.017,bbox,13.112,15.477,18.261,16.538
3052,101.733,3.089,3.024,bbox,13.145,15.477,18.261,16.538
3053,101.767,3.082,3.057,bbox,13.145,15.477,18.261,16.575
3054,101.8,3.018,3.057,bbox,13.145,15.477,18.261,16.575
3055,101.833,3.009,3.057,bbox,13.145,15.477,18.261,16.575
3056,101.867,3.045,3.045,bbox,13.145,15.477,18.261,16.575
3057,101.9,6.0,3.045,pose,13.145,15.477,18.261,16.575
3058,101.933,3.066,3.045,bbox,13.145,15.477,18.261,16.575
3059,101.967,3.028,3.045,bbox,13.145,15.477,18.261,16.575
3060,102.0,4.307,3.066,pose,13.179,15.477,18.261,16.575
3061,102.033,2.922,3.066,bbox,13.179,15.477,18.261,16.618
3062,102.067,2.947,3.028,bbox,13.179,15.477,18.261,16.618
3063,102.1,2.941,2.947,bbox,13.179,15.477,18.261,16.618
3064,102.133,2.961,2.947,bbox,13.179,15.477,18.261,16.618
3065,102.167,2.994,2.947,bbox,13.179,15.477,18.261,16.618
3066,102.2,2.877,2.947,bbox,13.179,15.477,18.261,16.618
3067,102.233,2.874,2.941,bbox,13.179,15.477,18.261,16.618
3068,102.267,2.94,2.94,bbox,13.179,15.477,18.261,16.618
3069,102.3,5.637,2.94,pose,13.179,15.477,18.261,16.618
3070,102.333,3.209,2.94,bbox,13.179,15.477,18.261,16.618
3071,102.367,3.239,3.209,bbox,13.179,15.477,18.261,16.618
3072,102.4,3.261,3.239,bbox,13.179,15.477,18.261,16.618
3073,102.433,3.276,3.261,bbox,13.179,15.477,18.261,16.618
3074,102.467,3.254,3.254,bbox,13.179,15.519,18.261,16.618
3075,102.5,3.24,3.254,bbox,13.179,15.519,18.261,16.618
3076,102.533,3.19,3.254,bbox,13.179,15.519,18.261,16.618
3077,102.567,3.111,3.24,bbox,13.179,15.519,18.261,16.618
3078,102.6,3.195,3.195,bbox,13.179,15.519,18.299,16.618
3079,102.633,3.139,3.19,bbox,13.179,15.519,18.383,16.618
3080,102.667,3.241,3.19,bbox,13.179,15.519,18.383,16.618
3081,102.7,4.828,3.195,pose,13.179,15.576,18.383,16.618
3082,102.733,3.283,3.241,bbox,13.179,15.576,18.423,16.618
3083,102.767,3.218,3.241,bbox,13.179,15.607,18.423,16.618
3084,102.8,3.163,3.241,bbox,13.179,15.607,18.423,16.618
3085,102.833,3.152,3.218,bbox,13.179,15.607,18.423,16.618
3086,102.867,3.243,3.218,bbox,13.179,15.607,18.423,16.618
3087,102.9,2.975,3.163,bbox,13.179,15.661,18.423,16.618
3088,102.933,3.214,3.163,bbox,13.179,15.71,18.423,16.618
3089,102.967,3.228,3.214,bbox,13.179,15.756,18.498,16.618
3090,103.0,3.252,3.228,bbox,13.179,15.756,18.498,16.618
3091,103.033,3.288,3.228,bbox,13.179,15.756,18.498,16.618
3092,103.067,3.246,3.246,bbox,13.179,15.756,18.498,16.618
3093,103.1,2.77,3.246,pose,13.179,15.756,18.498,16.618
3094,103.133,3.214,3.246,bbox,13.179,15.756,18.498,16.618
3095,103.167,3.184,3.214,bbox,13.179,15.756,18.534,16.618
3096,103.2,2.75,3.184,pose,13.179,15.756,18.534,16.618
3097,103.233,3.154,3.154,bbox,13.179,15.756,18.534,16.65
3098,103.267,2.265,3.154,bbox,13.216,15.756,18.534,16.65
3099,103.3,3.88,3.154,pose,13.216,15.756,18.534,16.65
3100,103.333,2.302,2.75,bbox,13.216,15.756,18.534,16.689
3101,103.367,2.325,2.325,bbox,13.282,15.756,18.534,16.689
3102,103.4,3.814,2.325,pose,13.282,15.756,18.534,16.689
3103,103.433,2.376,2.376,bbox,13.282,15.756,18.534,16.72
3104,103.467,2.383,2.376,bbox,13.282,15.756,18.534,16.72
3105,103.5,2.355,2.376,bbox,13.282,15.756,18.534,16.72
3106,103.533,2.319,2.376,bbox,13.282,15.756,18.534,16.72
3107,103.567,2.278,2.355,bbox,13.282,15.756,18.569,16.72
3108,103.6,3.697,2.355,pose,13.282,15.756,18.569,16.72
3109,103.633,2.162,2.319,bbox,13.282,15.756,18.604,16.72
3110,103.667,2.082,2.278,bbox,13.282,15.756,18.643,16.72
3111,103.7,1.917,2.162,bbox,13.282,15.756,18.769,16.72
3112,103.733,1.825,2.082,bbox,13.282,15.756,18.871,16.72
3113,103.767,2.131,2.082,bbox,13.282,15.756,18.871,16.72
3114,103.8,3.12,2.082,bbox,13.282,15.756,18.871,16.72
3115,103.833,3.162,2.131,bbox,13.282,15.756,18.871,16.72
3116,103.867,3.104,3.104,bbox,13.282,15.756,18.871,16.72
3117,103.9,2.84,3.104,pose,13.282,15.756,18.871,16.72
3118,103.933,3.036,3.104,bbox,13.282,15.756,18.871,16.72
3119,103.967,3.002,3.036,bbox,13.282,15.756,18.912,16.72
3120,104.0,2.558,3.002,pose,13.318,15.756,18.912,16.72
3121,104.033,2.927,2.927,bbox,13.318,15.756,18.952,16.72
3122,104.067,2.902,2.927,bbox,13.318,15.756,18.952,16.72
3123,104.1,2.839,2.902,bbox,13.318,15.756,18.952,16.72
3124,104.133,2.806,2.839,bbox,13.318,15.756,18.952,16.72
3125,104.167,2.785,2.839,bbox,13.318,15.756,18.986,16.72
3126,104.2,0.79,2.806,pose,13.318,15.756,19.027,16.72
3127,104.233,2.732,2.785,bbox,13.318,15.756,19.027,16.72
3128,104.267,2.772,2.772,bbox,13.318,15.756,19.099,16.72
3129,104.3,1.325,2.732,pose,13.318,15.756,19.099,16.72
3130,104.333,2.827,2.732,bbox,13.318,15.756,19.099,16.72
3131,104.367,2.874,2.772,bbox,13.318,15.756,19.099,16.72
3132,104.4,2.206,2.772,pose,13.318,15.756,19.099,16.72
3133,104.433,2.954,2.827,bbox,13.318,15.756,19.099,16.72
3134,104.467,2.976,2.874,bbox,13.318,15.756,19.099,16.803
3135,104.5,2.077,2.874,bbox,13.318,15.756,19.099,16.85
3136,104.533,,,,13.318,15.756,19.099,16.85
3137,104.567,,,,13.318,15.756,19.099,16.85
3138,104.6,,,,13.318,15.756,19.099,16.85
3139,104.633,,,,13.318,15.756,19.099,16.85
3140,104.667,,,,13.318,15.756,19.099,16.85
3141,104.7,,,,13.318,15.756,19.099,16.85
3142,104.733,,,,13.318,15.756,19.099,16.85
3143,104.767,,,,13.318,15.756,19.099,16.85
3144,104.8,,,,13.318,15.756,19.099,16.85
3145,104.833,,,,13.318,15.756,19.099,16.85
3146,104.867,,,,13.318,15.756,19.099,16.85
3147,104.9,,,,13.318,15.756,19.099,16.85
3148,104.933,2.339,2.339,bbox,13.318,15.756,19.099,16.892
3149,104.967,3.235,2.954,bbox,13.318,15.756,19.099,16.892
3150,105.0,4.89,2.976,pose,13.318,15.756,19.099,16.892
3151,105.033,3.188,3.188,bbox,13.318,15.881,19.099,16.892
3152,105.067,3.184,3.188,bbox,13.318,15.93,19.099,16.892
3153,105.1,2.181,3.188,bbox,13.318,15.93,19.099,16.892
3154,105.133,2.155,3.184,bbox,13.318,15.93,19.154,16.892
3155,105.167,2.191,2.191,bbox,13.318,15.93,19.154,16.892
3156,105.2,2.218,2.191,bbox,13.318,15.93,19.154,16.892
3157,105.233,2.247,2.191,bbox,13.318,15.93,19.154,16.892
3158,105.267,3.517,2.218,bbox,13.318,15.93,19.154,16.892
3159,105.3,2.157,2.218,bbox,13.318,15.93,19.154,16.892
3160,105.333,,,,13.318,15.93,19.154,16.892
3161,105.367,,,,13.318,15.93,19.154,16.892
3162,105.4,,,,13.318,15.93,19.154,16.892
3163,105.433,,,,13.318,15.93,19.154,16.892
3164,105.467,1.901,2.218,bbox,13.318,15.93,19.22,16.892
3165,105.5,,,,13.318,15.93,19.22,16.892
3166,105.533,3.477,2.247,bbox,13.318,15.93,19.22,16.892
3167,105.567,3.476,3.476,bbox,13.318,15.93,19.22,16.892
3168,105.6,3.461,3.461,bbox,13.318,15.93,19.22,16.892
3169,105.633,3.395,3.461,bbox,13.318,15.983,19.342,16.892
3170,105.667,3.366,3.461,bbox,13.318,16.031,19.389,16.892
3171,105.7,3.349,3.395,bbox,13.318,16.031,19.455,16.892
3172,105.733,3.311,3.366,bbox,13.318,16.031,19.503,16.892
3173,105.767,3.359,3.359,bbox,13.318,16.031,19.541,16.892
3174,105.8,3.478,3.359,bbox,13.318,16.031,19.575,16.892
3175,105.833,3.495,3.359,bbox,13.318,16.031,19.613,16.892
3176,105.867,3.367,3.367,bbox,13.318,16.031,19.613,16.892
3177,105.9,,,,13.318,16.031,19.613,16.892
3178,105.933,3.283,3.367,bbox,13.318,16.031,19.613,16.892
3179,105.967,3.173,3.367,bbox,13.318,16.031,19.645,16.892
3180,106.0,3.083,3.283,bbox,13.318,16.031,19.728,16.892
3181,106.033,3.079,3.173,bbox,13.318,16.031,19.795,16.892
3182,106.067,3.112,3.112,bbox,13.318,16.079,19.873,16.892
3183,106.1,3.088,3.088,bbox,13.318,16.152,19.939,16.892
3184,106.133,3.106,3.088,bbox,13.318,16.152,19.97,16.892
3185,106.167,,,,13.318,16.152,19.97,16.892
3186,106.2,3.044,3.088,bbox,13.318,16.152,19.97,16.892
3187,106.233,3.105,3.105,bbox,13.318,16.152,19.97,16.892
3188,106.267,3.066,3.088,bbox,13.318,16.152,20.035,16.892
3189,106.3,3.06,3.066,bbox,13.318,16.152,20.072,16.892
3190,106.333,3.054,3.06,bbox,13.318,16.152,20.072,16.892
3191,106.367,3.03,3.06,bbox,13.318,16.152,20.118,16.892
3192,106.4,3.009,3.054,bbox,13.318,16.152,20.118,16.892
3193,106.433,2.968,3.03,bbox,13.318,16.152,20.118,16.892
3194,106.467,,,,13.318,16.152,20.118,16.892
3195,106.5,,,,13.318,16.152,20.118,16.892
3196,106.533,2.835,3.009,bbox,13.318,16.152,20.118,16.892
3197,106.567,2.803,2.968,bbox,13.318,16.152,20.118,16.892
3198,106.6,2.8,2.835,bbox,13.318,16.152,20.194,16.892
3199,106.633,2.825,2.825,bbox,13.318,16.152,20.194,16.892
3200,106.667,2.839,2.825,bbox,13.318,16.152,20.194,16.892
3201,106.7,2.884,2.825,bbox,13.318,16.152,20.194,16.892
3202,106.733,2.896,2.839,bbox,13.318,16.152,20.194,16.892
3203,106.767,2.895,2.884,bbox,13.318,16.152,20.194,16.892
3204,106.8,2.893,2.893,bbox,13.318,16.152,20.194,16.892
3205,106.833,2.892,2.893,bbox,13.318,16.152,20.194,16.892
3206,106.867,2.882,2.893,bbox,13.318,16.152,20.194,16.892
3207,106.9,2.897,2.893,bbox,13.318,16.152,20.194,16.892
3208,106.933,2.929,2.893,bbox,13.318,16.152,20.194,16.892
3209,106.967,2.978,2.897,bbox,13.318,16.152,20.194,16.923
3210,107.0,3.04,2.929,bbox,13.318,16.152,20.194,16.959
3211,107.033,3.115,2.978,bbox,13.318,16.152,20.194,17.022
3212,107.067,3.187,3.04,bbox,13.318,16.152,20.194,17.085
3213,107.1,2.541,3.04,pose,13.318,16.152,20.194,17.085
3214,107.133,3.279,3.115,bbox,13.318,16.152,20.194,17.122
3215,107.167,3.317,3.187,bbox,13.318,16.152,20.194,17.178
3216,107.2,3.272,3.272,bbox,13.318,16.152,20.194,17.243
3217,107.233,3.303,3.279,bbox,13.318,16.152,20.194,17.243
3218,107.267,3.253,3.279,bbox,13.318,16.152,20.194,17.243
3219,107.3,3.233,3.272,bbox,13.318,16.152,20.194,17.282
3220,107.333,3.172,3.253,bbox,13.318,16.152,20.194,17.282
3221,107.367,3.182,3.233,bbox,13.318,16.152,20.194,17.282
3222,107.4,3.237,3.233,bbox,13.318,16.152,20.194,17.282
3223,107.433,3.207,3.207,bbox,13.318,16.152,20.194,17.282
3224,107.467,3.176,3.182,bbox,13.318,16.152,20.194,17.282
3225,107.5,3.126,3.182,bbox,13.318,16.152,20.194,17.282
3226,107.533,3.136,3.176,bbox,13.318,16.152,20.194,17.282
3227,107.567,3.162,3.162,bbox,13.318,16.152,20.194,17.282
3228,107.6,3.208,3.162,pose,13.318,16.152,20.194,17.282
3229,107.633,3.176,3.162,bbox,13.318,16.152,20.194,17.282
3230,107.667,3.152,3.162,bbox,13.318,16.152,20.194,17.282
3231,107.7,3.129,3.162,bbox,13.318,16.152,20.232,17.282
3232,107.733,3.059,3.152,bbox,13.318,16.152,20.232,17.282
3233,107.767,3.058,3.129,bbox,13.318,16.152,20.232,17.282
3234,107.8,3.071,3.071,bbox,13.318,16.152,20.266,17.282
3235,107.833,3.092,3.071,bbox,13.318,16.152,20.266,17.282
3236,107.867,3.089,3.071,bbox,13.318,16.152,20.266,17.282
3237,107.9,3.093,3.089,bbox,13.318,16.152,20.266,17.282
3238,107.933,3.122,3.092,bbox,13.318,16.152,20.266,17.282
3239,107.967,3.126,3.093,bbox,13.318,16.152,20.266,17.282
3240,108.0,3.13,3.122,bbox,13.318,16.152,20.266,17.282
3241,108.033,3.148,3.126,bbox,13.318,16.152,20.266,17.282
3242,108.067,3.093,3.126,bbox,13.318,16.152,20.266,17.282
3243,108.1,3.496,3.13,pose,13.318,16.152,20.266,17.282
3244,108.133,3.01,3.13,bbox,13.318,16.152,20.266,17.282
3245,108.167,2.944,3.093,bbox,13.318,16.152,20.266,17.282
3246,108.2,2.905,3.01,bbox,13.318,16.152,20.266,17.282
3247,108.233,2.814,2.944,bbox,13.318,16.152,20.266,17.282
3248,108.267,2.777,2.905,bbox,13.318,16.152,20.266,17.282
3249,108.3,4.73,2.905,pose,13.318,16.152,20.266,17.282
3250,108.333,2.7,2.814,bbox,13.318,16.152,20.319,17.282
3251,108.367,2.709,2.777,bbox,13.318,16.152,20.35,17.282
3252,108.4,4.185,2.777,pose,13.318,16.152,20.35,17.282
3253,108.433,2.758,2.758,bbox,13.318,16.152,20.415,17.282
3254,108.467,2.783,2.758,bbox,13.318,16.152,20.415,17.282
3255,108.5,2.803,2.783,bbox,13.318,16.152,20.415,17.282
3256,108.533,2.846,2.803,bbox,13.318,16.152,20.415,17.321
3257,108.567,2.881,2.803,bbox,13.318,16.152,20.415,17.321
3258,108.6,2.939,2.846,bbox,13.318,16.152,20.415,17.381
3259,108.633,3.012,2.881,bbox,13.318,16.152,20.415,17.433
3260,108.667,3.051,2.939,bbox,13.318,16.152,20.415,17.501
3261,108.7,4.587,3.012,pose,13.318,16.152,20.415,17.591
3262,108.733,3.035,3.035,bbox,13.318,16.152,20.415,17.591
3263,108.767,3.003,3.035,bbox,13.318,16.152,20.415,17.591
3264,108.8,2.949,3.035,bbox,13.318,16.152,20.415,17.591
3265,108.833,2.925,3.003,bbox,13.318,16.152,20.415,17.591
3266,108.867,2.918,2.949,bbox,13.318,16.152,20.415,17.591
3267,108.9,3.779,2.949,pose,13.318,16.152,20.415,17.591
3268,108.933,2.889,2.925,bbox,13.318,16.152,20.415,17.591
3269,108.967,2.856,2.918,bbox,13.318,16.152,20.415,17.591
3270,109.0,2.848,2.889,bbox,13.318,16.152,20.415,17.591
3271,109.033,2.893,2.889,bbox,13.318,16.152,20.415,17.591
3272,109.067,2.914,2.889,bbox,13.318,16.152,20.415,17.591
3273,109.1,2.908,2.893,bbox,13.318,16.152,20.415,17.591
3274,109.133,2.843,2.893,bbox,13.318,16.152,20.415,17.591
3275,109.167,2.782,2.893,bbox,13.318,16.152,20.415,17.591
3276,109.2,3.318,2.908,pose,13.318,16.152,20.415,17.591
3277,109.233,2.704,2.843,bbox,13.318,16.152,20.472,17.591
3278,109.267,2.635,2.782,bbox,13.318,16.152,20.536,17.591
3279,109.3,2.538,2.704,bbox,13.318,16.152,20.665,17.591
3280,109.333,2.46,2.635,bbox,13.318,16.152,20.706,17.591
3281,109.367,2.464,2.538,bbox,13.318,16.152,20.782,17.591
3282,109.4,2.438,2.464,bbox,13.318,16.152,20.849,17.591
3283,109.433,2.478,2.464,bbox,13.318,16.152,20.849,17.591
3284,109.467,2.426,2.46,bbox,13.318,16.201,20.849,17.591
3285,109.5,2.484,2.464,bbox,13.318,16.26,20.849,17.591
3286,109.533,2.546,2.478,bbox,13.318,16.328,20.849,17.591
3287,109.567,,,,13.318,16.328,20.849,17.591
3288,109.6,,,,13.318,16.328,20.849,17.591
3289,109.633,,,,13.318,16.328,20.849,17.591
3290,109.667,,,,13.318,16.328,20.849,17.591
3291,109.7,1.969,2.478,pose,13.388,16.328,20.891,17.591
3292,109.733,2.979,2.484,bbox,13.388,16.4,20.891,17.591
3293,109.767,3.024,2.546,bbox,13.388,16.457,20.891,17.591
3294,109.8,3.063,2.979,bbox,13.388,16.457,20.891,17.621
3295,109.833,3.07,3.024,bbox,13.388,16.457,20.891,17.621
3296,109.867,3.017,3.024,bbox,13.388,16.457,20.891,17.621
3297,109.9,2.84,3.024,pose,13.388,16.457,20.891,17.621
3298,109.933,3.061,3.061,bbox,13.388,16.457,20.891,17.621
3299,109.967,3.046,3.046,bbox,13.388,16.457,20.891,17.662
3300,110.0,3.046,3.046,bbox,13.388,16.489,20.891,17.662
3301,110.033,,,,13.388,16.489,20.891,17.662
3302,110.067,3.022,3.046,bbox,13.388,16.489,20.891,17.662
3303,110.1,3.093,3.046,bbox,13.388,16.529,20.891,17.662
3304,110.133,3.116,3.046,bbox,13.388,16.529,20.891,17.662
3305,110.167,3.154,3.093,bbox,13.388,16.529,20.891,17.662
3306,110.2,,,,13.388,16.529,20.891,17.662
3307,110.233,3.296,3.116,bbox,13.388,16.529,20.891,17.662
3308,110.267,3.32,3.154,bbox,13.388,16.529,20.891,17.662
3309,110.3,3.344,3.296,bbox,13.388,16.529,20.891,17.662
3310,110.333,,,,13.388,16.529,20.891,17.662
3311,110.367,3.236,3.296,bbox,13.388,16.529,20.891,17.662
3312,110.4,3.072,3.296,bbox,13.388,16.529,20.891,17.662
3313,110.433,3.075,3.236,bbox,13.388,16.529,20.891,17.662
3314,110.467,2.979,3.075,bbox,13.388,16.529,20.891,17.662
3315,110.5,2.909,3.072,bbox,13.388,16.529,20.96,17.662
3316,110.533,2.884,2.979,bbox,13.449,16.529,20.997,17.662
3317,110.567,2.909,2.909,bbox,13.482,16.529,21.046,17.662
3318,110.6,2.935,2.909,pose,13.482,16.529,21.117,17.662
3319,110.633,2.948,2.909,bbox,13.517,16.529,21.117,17.662
3320,110.667,2.931,2.931,bbox,13.554,16.529,21.117,17.662
3321,110.7,2.873,2.931,bbox,13.554,16.529,21.174,17.662
3322,110.733,,,,13.554,16.529,21.174,17.662
3323,110.767,2.721,2.931,bbox,13.554,16.529,21.174,17.662
3324,110.8,0.486,2.873,pose,13.616,16.529,21.174,17.662
3325,110.833,,,,13.616,16.529,21.174,17.662
3326,110.867,2.568,2.721,bbox,13.616,16.529,21.174,17.662
3327,110.9,6.025,2.721,pose,13.616,16.529,21.174,17.662
3328,110.933,2.325,2.568,bbox,13.696,16.529,21.174,17.662
3329,110.967,2.611,2.568,bbox,13.795,16.529,21.174,17.662
3330,111.0,2.587,2.587,bbox,13.795,16.529,21.174,17.662
3331,111.033,2.454,2.587,bbox,13.903,16.529,21.174,17.742
3332,111.067,2.064,2.454,bbox,13.951,16.529,21.249,17.742
3333,111.1,2.104,2.454,bbox,14.008,16.529,21.249,17.742
3334,111.133,2.163,2.163,bbox,14.008,16.529,21.249,17.773
3335,111.167,2.23,2.163,bbox,14.039,16.529,21.249,17.773
3336,111.2,2.856,2.163,pose,14.039,16.604,21.322,17.773
3337,111.233,,,,14.039,16.604,21.322,17.773
3338,111.267,2.335,2.23,bbox,14.039,16.604,21.322,17.846
3339,111.3,2.279,2.279,bbox,14.039,16.604,21.322,17.921
3340,111.333,2.313,2.313,bbox,14.039,16.604,21.322,17.985
3341,111.367,,,,14.039,16.604,21.322,17.985
3342,111.4,,,,14.039,16.604,21.322,17.985
3343,111.433,2.442,2.335,bbox,14.039,16.604,21.322,17.985
3344,111.467,2.521,2.335,bbox,14.039,16.604,21.322,17.985
3345,111.5,,,,14.039,16.604,21.322,17.985
3346,111.533,2.682,2.442,bbox,14.039,16.604,21.322,18.095
3347,111.567,2.688,2.521,bbox,14.039,16.604,21.322,18.148
3348,111.6,2.688,2.682,bbox,14.039,16.668,21.322,18.27
3349,111.633,2.787,2.688,bbox,14.039,16.668,21.322,18.27
3350,111.667,2.98,2.688,bbox,14.039,16.668,21.322,18.332
3351,111.7,3.074,2.787,bbox,14.039,16.668,21.322,18.445
3352,111.733,3.171,2.98,bbox,14.039,16.668,21.322,18.544
3353,111.767,3.179,3.074,bbox,14.039,16.668,21.322,18.623
3354,111.8,3.346,3.171,bbox,14.039,16.668,21.322,18.623
3355,111.833,3.409,3.179,bbox,14.039,16.668,21.322,18.623
3356,111.867,3.512,3.346,bbox,14.039,16.668,21.322,18.623
3357,111.9,3.381,3.381,pose,14.039,16.668,21.322,18.623
3358,111.933,,,,14.039,16.668,21.322,18.623
3359,111.967,,,,14.039,16.668,21.322,18.623
3360,112.0,3.124,3.381,bbox,14.078,16.668,21.322,18.623
3361,112.033,3.099,3.381,bbox,14.078,16.668,21.322,18.623
3362,112.067,3.042,3.124,bbox,14.078,16.668,21.322,18.623
3363,112.1,3.046,3.099,bbox,14.139,16.668,21.322,18.623
3364,112.133,3.037,3.046,bbox,14.197,16.668,21.322,18.623
3365,112.167,3.04,3.042,bbox,14.197,16.668,21.322,18.623
3366,112.2,2.907,3.04,bbox,14.228,16.668,21.322,18.623
3367,112.233,2.829,3.037,bbox,14.228,16.668,21.322,18.623
3368,112.267,2.821,2.907,bbox,14.228,16.668,21.322,18.623
3369,112.3,2.749,2.829,bbox,14.338,16.668,21.322,18.623
3370,112.333,2.468,2.821,bbox,14.338,16.668,21.322,18.623
3371,112.367,2.379,2.749,bbox,14.338,16.668,21.355,18.623
3372,112.4,2.269,2.468,bbox,14.338,16.668,21.355,18.623
3373,112.433,,,,14.338,16.668,21.355,18.623
3374,112.467,,,,14.338,16.668,21.355,18.623
3375,112.5,,,,14.338,16.668,21.355,18.623
3376,112.533,1.626,2.379,bbox,14.405,16.668,21.425,18.623
3377,112.567,1.597,2.269,bbox,14.405,16.668,21.425,18.623
3378,112.6,1.441,1.626,bbox,14.449,16.668,21.425,18.623
3379,112.633,1.432,1.597,bbox,14.449,16.668,21.425,18.623
3380,112.667,1.425,1.441,bbox,14.449,16.668,21.425,18.623
3381,112.7,1.488,1.441,bbox,14.449,16.668,21.425,18.623
3382,112.733,1.498,1.441,bbox,14.449,16.699,21.496,18.623
3383,112.767,1.571,1.488,bbox,14.449,16.699,21.496,18.623
3384,112.8,1.465,1.488,bbox,14.449,16.699,21.496,18.623
3385,112.833,1.457,1.488,bbox,14.449,16.699,21.496,18.623
3386,112.867,1.368,1.465,bbox,14.449,16.762,21.496,18.623
3387,112.9,1.366,1.457,bbox,14.449,16.762,21.496,18.623
3388,112.933,1.379,1.379,bbox,14.449,16.762,21.61,18.623
3389,112.967,1.12,1.368,bbox,14.449,16.762,21.61,18.623
3390,113.0,1.111,1.366,bbox,14.449,16.762,21.61,18.623
3391,113.033,1.112,1.12,bbox,14.449,16.762,21.679,18.623
3392,113.067,1.074,1.112,bbox,14.449,16.86,21.755,18.623
3393,113.1,1.027,1.111,bbox,14.449,16.86,21.755,18.623
3394,113.133,0.97,1.074,bbox,14.449,16.86,21.787,18.623
3395,113.167,0.936,1.027,bbox,14.449,16.86,21.83,18.623
3396,113.2,1.152,1.027,bbox,14.449,16.86,21.886,18.623
3397,113.233,1.06,1.027,bbox,14.449,16.86,21.928,18.623
3398,113.267,1.142,1.06,bbox,14.449,16.86,21.974,18.623
3399,113.3,,,,14.449,16.86,21.974,18.623
3400,113.333,0.952,1.06,bbox,14.449,16.86,22.024,18.623
3401,113.367,0.932,1.06,bbox,14.449,16.899,22.067,18.623
3402,113.4,3.207,1.06,pose,14.449,16.899,22.067,18.623
3403,113.433,0.985,0.985,bbox,14.449,16.995,22.171,18.623
3404,113.467,1.175,0.985,bbox,14.449,17.028,22.204,18.623
3405,113.5,1.234,1.175,bbox,14.449,17.08,22.204,18.623
3406,113.533,1.304,1.234,bbox,14.449,17.08,22.204,18.623
3407,113.567,1.296,1.234,bbox,14.449,17.124,22.204,18.623
3408,113.6,0.382,1.234,pose,14.449,17.178,22.204,18.623
3409,113.633,1.059,1.234,bbox,14.449,17.178,22.204,18.623
3410,113.667,1.097,1.097,bbox,14.449,17.178,22.204,18.623
3411,113.7,0.527,1.059,pose,14.449,17.178,22.204,18.623
3412,113.733,1.25,1.059,bbox,14.449,17.178,22.204,18.663
3413,113.767,1.318,1.097,bbox,14.449,17.261,22.204,18.663
3414,113.8,0.79,1.097,pose,14.449,17.31,22.204,18.663
3415,113.833,1.441,1.25,bbox,14.449,17.345,22.204,18.663
3416,113.867,1.501,1.318,bbox,14.449,17.42,22.204,18.663
3417,113.9,1.583,1.441,bbox,14.449,17.463,22.204,18.663
3418,113.933,1.661,1.501,bbox,14.449,17.511,22.204,18.663
3419,113.967,1.739,1.583,bbox,14.449,17.582,22.204,18.731
3420,114.0,1.971,1.661,bbox,14.449,17.625,22.204,18.781
3421,114.033,2.096,1.739,bbox,14.449,17.625,22.204,18.781
3422,114.067,2.142,1.971,bbox,14.449,17.66,22.204,18.781
3423,114.1,2.232,2.096,bbox,14.449,17.703,22.204,18.781
3424,114.133,2.33,2.142,bbox,14.449,17.738,22.204,18.829
3425,114.167,2.367,2.232,bbox,14.449,17.77,22.204,18.829
3426,114.2,2.047,2.232,pose,14.449,17.77,22.204,18.87
3427,114.233,2.51,2.33,bbox,14.449,17.77,22.204,18.978
3428,114.267,2.554,2.367,bbox,14.449,17.77,22.204,19.013
3429,114.3,2.084,2.367,pose,14.449,17.83,22.204,19.013
3430,114.333,2.61,2.51,bbox,14.449,17.83,22.204,19.116
3431,114.367,2.669,2.554,bbox,14.449,17.872,22.204,19.116
3432,114.4,3.218,2.61,pose,14.449,17.946,22.204,19.116
3433,114.433,5.498,2.669,bbox,14.449,17.998,22.204,19.165
3434,114.467,3.051,3.051,bbox,14.449,17.998,22.204,19.165
3435,114.5,3.177,3.177,pose,14.449,17.998,22.204,19.204
3436,114.533,3.168,3.177,bbox,14.449,17.998,22.204,19.259
3437,114.567,3.209,3.177,bbox,14.449,17.998,22.204,19.3
3438,114.6,3.262,3.177,bbox,14.449,17.998,22.204,19.349
3439,114.633,3.352,3.209,bbox,14.449,17.998,22.204,19.415
3440,114.667,3.43,3.262,bbox,14.449,17.998,22.204,19.415
3441,114.7,,,,14.449,17.998,22.204,19.415
3442,114.733,3.56,3.352,bbox,14.449,17.998,22.204,19.511
3443,114.767,,,,14.449,17.998,22.204,19.511
3444,114.8,3.69,3.43,bbox,14.449,17.998,22.204,19.558
3445,114.833,,,,14.449,17.998,22.204,19.558
3446,114.867,,,,14.449,17.998,22.204,19.558
3447,114.9,,,,14.449,17.998,22.204,19.558
3448,114.933,3.914,3.56,bbox,14.449,18.066,22.204,19.558
3449,114.967,4.097,3.69,bbox,14.449,18.161,22.204,19.608
3450,115.0,4.639,3.914,bbox,14.449,18.237,22.204,19.608
3451,115.033,4.437,4.097,bbox,14.449,18.284,22.204,19.647
3452,115.067,,,,14.449,18.284,22.204,19.647
3453,115.1,,,,14.449,18.284,22.204,19.647
3454,115.133,,,,14.449,18.284,22.204,19.647
3455,115.167,,,,14.449,18.284,22.204,19.647
3456,115.2,,,,14.449,18.284,22.204,19.647
3457,115.233,,,,14.449,18.284,22.204,19.647
3458,115.267,,,,14.449,18.284,22.204,19.647
3459,115.3,5.531,4.437,pose,14.449,18.359,22.204,19.69
3460,115.333,,,,14.449,18.359,22.204,19.69
3461,115.367,,,,14.449,18.359,22.204,19.69
3462,115.4,,,,14.449,18.359,22.204,19.69
3463,115.433,,,,14.449,18.359,22.204,19.69
3464,115.467,,,,14.449,18.359,22.204,19.69
3465,115.5,,,,14.449,18.359,22.204,19.69
3466,115.533,,,,14.449,18.359,22.204,19.69
3467,115.567,,,,14.449,18.359,22.204,19.69
3468,115.6,,,,14.449,18.359,22.204,19.69
3469,115.633,5.52,4.639,bbox,14.449,18.359,22.204,19.69
3470,115.667,5.531,5.52,bbox,14.449,18.359,22.204,19.69
3471,115.7,4.983,5.52,pose,14.449,18.359,22.204,19.69
3472,115.733,5.57,5.531,bbox,14.449,18.359,22.204,19.746
3473,115.767,5.651,5.531,bbox,14.449,18.359,22.204,19.746
3474,115.8,5.473,5.531,pose,14.449,18.359,22.204,19.871
3475,115.833,5.857,5.57,bbox,14.449,18.359,22.204,19.871
3476,115.867,5.954,5.651,bbox,14.449,18.413,22.204,19.936
3477,115.9,5.918,5.857,bbox,14.449,18.413,22.204,20.016
3478,115.933,5.94,5.918,bbox,14.449,18.413,22.204,20.016
3479,115.967,5.957,5.94,bbox,14.449,18.449,22.204,20.016
3480,116.0,5.49,5.94,pose,14.449,18.449,22.204,20.016
3481,116.033,6.003,5.94,bbox,14.449,18.481,22.204,20.072
3482,116.067,6.105,5.957,bbox,14.449,18.481,22.204,20.072
3483,116.1,6.374,6.003,bbox,14.449,18.481,22.204,20.072
3484,116.133,6.759,6.105,bbox,14.449,18.481,22.204,20.133
3485,116.167,6.8,6.374,bbox,14.449,18.481,22.204,20.196
3486,116.2,6.845,6.759,bbox,14.449,18.512,22.204,20.308
3487,116.233,,,,14.449,18.512,22.204,20.308
3488,116.267,,,,14.449,18.512,22.204,20.308
3489,116.3,,,,14.449,18.512,22.204,20.308
3490,116.333,6.389,6.759,bbox,14.449,18.549,22.204,20.364
3491,116.367,6.298,6.759,bbox,14.449,18.605,22.204,20.414
3492,116.4,,,,14.449,18.605,22.204,20.414
3493,116.433,6.192,6.389,bbox,14.449,18.605,22.204,20.56
3494,116.467,,,,14.449,18.605,22.204,20.56
3495,116.5,,,,14.449,18.605,22.204,20.56
3496,116.533,,,,14.449,18.605,22.204,20.56
3497,116.567,6.84,6.389,bbox,14.449,18.605,22.204,20.593
3498,116.6,6.573,6.389,bbox,14.449,18.605,22.204,20.651
3499,116.633,6.875,6.573,bbox,14.449,18.605,22.204,20.772
3500,116.667,,,,14.449,18.605,22.204,20.772
3501,116.7,,,,14.449,18.605,22.204,20.772
3502,116.733,6.986,6.84,bbox,14.449,18.605,22.204,20.772
3503,116.767,6.9,6.875,bbox,14.449,18.605,22.204,20.772
3504,116.8,6.885,6.885,pose,14.449,18.605,22.204,20.858
3505,116.833,,,,14.449,18.605,22.204,20.858
3506,116.867,,,,14.449,18.605,22.204,20.858
3507,116.9,7.43,6.9,pose,14.487,18.605,22.204,20.914
3508,116.933,7.211,6.986,bbox,14.487,18.605,22.204,20.914
3509,116.967,7.536,7.211,bbox,14.487,18.605,22.204,20.994
3510,117.0,7.47,7.43,pose,14.608,18.605,22.204,20.994
3511,117.033,7.607,7.47,bbox,14.678,18.605,22.204,20.994
3512,117.067,7.615,7.536,bbox,14.678,18.605,22.204,20.994
3513,117.1,7.324,7.536,pose,14.678,18.605,22.204,20.994
3514,117.133,7.59,7.59,bbox,14.678,18.605,22.204,21.045
3515,117.167,7.614,7.607,bbox,14.678,18.605,22.204,21.045
3516,117.2,,,,14.678,18.605,22.204,21.045
3517,117.233,,,,14.678,18.605,22.204,21.045
3518,117.267,,,,14.678,18.605,22.204,21.045
3519,117.3,7.513,7.59,bbox,14.678,18.605,22.204,21.045
3520,117.333,7.469,7.513,bbox,14.678,18.605,22.204,21.045
3521,117.367,7.407,7.513,bbox,14.678,18.605,22.204,21.045
3522,117.4,7.217,7.469,bbox,14.678,18.605,22.204,21.045
3523,117.433,7.119,7.407,bbox,14.725,18.605,22.204,21.045
3524,117.467,7.049,7.217,bbox,14.756,18.605,22.204,21.045
3525,117.5,7.056,7.119,bbox,14.756,18.605,22.204,21.045
3526,117.533,7.03,7.056,bbox,14.832,18.605,22.204,21.045
3527,117.567,7.005,7.049,bbox,14.832,18.605,22.204,21.045
3528,117.6,6.528,7.03,pose,14.832,18.605,22.204,21.045
3529,117.633,6.94,7.005,bbox,14.949,18.605,22.204,21.075
3530,117.667,6.867,6.94,bbox,15.012,18.605,22.204,21.112
3531,117.7,6.846,6.867,bbox,15.012,18.605,22.204,21.112
3532,117.733,6.838,6.846,bbox,15.089,18.605,22.204,21.112
3533,117.767,6.824,6.846,bbox,15.089,18.605,22.204,21.112
3534,117.8,6.773,6.838,bbox,15.089,18.605,22.204,21.112
3535,117.833,6.689,6.824,bbox,15.089,18.605,22.204,21.112
3536,117.867,6.564,6.773,bbox,15.089,18.605,22.204,21.112
3537,117.9,6.495,6.689,bbox,15.089,18.605,22.204,21.112
3538,117.933,6.494,6.564,bbox,15.089,18.605,22.204,21.112
3539,117.967,6.421,6.495,bbox,15.089,18.605,22.245,21.112
3540,118.0,6.344,6.494,bbox,15.089,18.605,22.245,21.112
3541,118.033,6.236,6.421,bbox,15.144,18.605,22.245,21.112
3542,118.067,,,,15.144,18.605,22.245,21.112
3543,118.1,,,,15.144,18.605,22.245,21.112
3544,118.133,5.802,6.344,bbox,15.144,18.605,22.245,21.112
3545,118.167,5.727,6.236,bbox,15.229,18.605,22.28,21.112
3546,118.2,5.767,5.802,bbox,15.343,18.605,22.375,21.112
3547,118.233,5.572,5.767,bbox,15.377,18.605,22.418,21.112
3548,118.267,,,,15.377,18.605,22.418,21.112
3549,118.3,,,,15.377,18.605,22.418,21.112
3550,118.333,5.389,5.727,bbox,15.377,18.605,22.418,21.112
3551,118.367,5.379,5.572,bbox,15.468,18.605,22.448,21.112
3552,118.4,5.375,5.389,bbox,15.503,18.605,22.508,21.112
3553,118.433,5.451,5.389,bbox,15.607,18.605,22.551,21.112
3554,118.467,,,,15.607,18.605,22.551,21.112
3555,118.5,,,,15.607,18.605,22.551,21.112
3556,118.533,,,,15.607,18.605,22.551,21.112
3557,118.567,,,,15.607,18.605,22.551,21.112
3558,118.6,5.442,5.389,bbox,15.607,18.605,22.551,21.112
3559,118.633,5.515,5.442,bbox,15.66,18.605,22.551,21.112
3560,118.667,5.602,5.451,bbox,15.66,18.605,22.551,21.112
3561,118.7,5.416,5.451,bbox,15.716,18.605,22.551,21.112
3562,118.733,,,,15.716,18.605,22.551,21.112
3563,118.767,,,,15.716,18.605,22.551,21.112
3564,118.8,,,,15.716,18.605,22.551,21.112
3565,118.833,5.288,5.442,bbox,15.716,18.605,22.551,21.112
3566,118.867,,,,15.716,18.605,22.551,21.112
3567,118.9,5.027,5.416,bbox,15.716,18.605,22.551,21.112
3568,118.933,4.896,5.288,bbox,15.85,18.605,22.551,21.175
3569,118.967,4.879,5.027,bbox,15.85,18.605,22.551,21.175
3570,119.0,4.873,4.896,bbox,15.909,18.605,22.551,21.175
3571,119.033,5.027,4.896,bbox,16.049,18.605,22.551,21.175
3572,119.067,4.995,4.896,bbox,16.049,18.605,22.551,21.175
3573,119.1,5.014,4.995,bbox,16.049,18.605,22.551,21.175
3574,119.133,5.032,5.014,bbox,16.049,18.605,22.551,21.175
3575,119.167,5.104,5.027,bbox,16.091,18.605,22.551,21.175
3576,119.2,,,,16.091,18.605,22.551,21.175
3577,119.233,5.091,5.032,bbox,16.174,18.605,22.551,21.175
3578,119.267,5.084,5.084,bbox,16.174,18.605,22.551,21.175
3579,119.3,4.947,5.084,bbox,16.174,18.605,22.551,21.175
3580,119.333,4.908,5.084,bbox,16.206,18.605,22.551,21.175
3581,119.367,2.9,4.947,bbox,16.314,18.605,22.551,21.175
3582,119.4,2.163,4.908,pose,16.314,18.605,22.551,21.175
3583,119.433,4.578,4.578,bbox,16.42,18.605,22.551,21.175
3584,119.467,2.79,2.9,bbox,16.42,18.605,22.551,21.175
3585,119.5,,,,16.42,18.605,22.551,21.175
3586,119.533,,,,16.42,18.605,22.551,21.175
3587,119.567,,,,16.42,18.605,22.551,21.175
3588,119.6,,,,16.42,18.605,22.551,21.175
3589,119.633,,,,16.42,18.605,22.551,21.175
3590,119.667,,,,16.42,18.605,22.551,21.175
3591,119.7,,,,16.42,18.605,22.551,21.175
3592,119.733,,,,16.42,18.605,22.551,21.175
3593,119.767,2.564,2.79,bbox,16.457,18.605,22.624,21.175
3594,119.8,2.562,2.564,bbox,16.523,18.605,22.624,21.175
3595,119.833,2.567,2.567,bbox,16.523,18.605,22.624,21.175
3596,119.867,4.204,2.567,bbox,16.523,18.605,22.624,21.175
3597,119.9,4.18,2.567,bbox,16.523,18.605,22.624,21.175
3598,119.933,4.157,4.157,bbox,16.523,18.605,22.624,21.175
3599,119.967,4.157,4.157,bbox,16.523,18.605,22.624,21.175
3600,120.0,4.156,4.157,bbox,16.523,18.605,22.624,21.175
3601,120.033,4.166,4.157,bbox,16.523,18.605,22.624,21.175
3602,120.067,4.163,4.157,bbox,16.523,18.605,22.624,21.175
3603,120.1,4.181,4.163,bbox,16.523,18.605,22.624,21.175
3604,120.133,4.17,4.166,bbox,16.523,18.605,22.624,21.175
3605,120.167,4.128,4.166,bbox,16.523,18.605,22.624,21.175
3606,120.2,4.129,4.163,bbox,16.523,18.605,22.624,21.175
3607,120.233,4.132,4.132,bbox,16.523,18.605,22.624,21.175
3608,120.267,4.113,4.129,bbox,16.523,18.605,22.624,21.175
3609,120.3,4.103,4.128,bbox,16.523,18.605,22.624,21.175
3610,120.333,4.103,4.113,bbox,16.523,18.605,22.624,21.175
3611,120.367,4.108,4.108,bbox,16.523,18.605,22.624,21.175
3612,120.4,4.093,4.103,bbox,16.523,18.605,22.624,21.175
3613,120.433,4.08,4.103,bbox,16.523,18.605,22.624,21.175
3614,120.467,4.078,4.093,bbox,16.523,18.605,22.624,21.175
3615,120.5,4.298,4.093,pose,16.523,18.605,22.624,21.175
3616,120.533,4.064,4.08,bbox,16.523,18.605,22.624,21.175
3617,120.567,4.055,4.078,bbox,16.523,18.605,22.624,21.175
3618,120.6,4.244,4.078,pose,16.523,18.605,22.624,21.175
3619,120.633,4.026,4.064,bbox,16.523,18.605,22.624,21.175
3620,120.667,4.023,4.055,bbox,16.523,18.605,22.624,21.175
3621,120.7,3.798,4.026,pose,16.523,18.605,22.624,21.175
3622,120.733,,,,16.523,18.605,22.624,21.175
3623,120.767,4.037,4.026,bbox,16.523,18.605,22.624,21.175
3624,120.8,3.963,4.023,pose,16.523,18.605,22.624,21.175
3625,120.833,3.981,3.981,bbox,16.523,18.605,22.624,21.175
3626,120.867,3.942,3.963,bbox,16.582,18.605,22.624,21.175
3627,120.9,3.893,3.963,bbox,16.582,18.605,22.624,21.175
3628,120.933,3.833,3.942,bbox,16.582,18.605,22.669,21.175
3629,120.967,3.848,3.893,bbox,16.582,18.605,22.716,21.175
3630,121.0,3.722,3.848,bbox,16.625,18.605,22.776,21.175
3631,121.033,3.72,3.833,bbox,16.625,18.605,22.776,21.175
3632,121.067,3.694,3.722,bbox,16.625,18.605,22.876,21.175
3633,121.1,4.565,3.722,pose,16.672,18.605,22.876,21.175
3634,121.133,3.658,3.72,bbox,16.672,18.605,22.876,21.175
3635,121.167,3.618,3.694,bbox,16.672,18.605,22.912,21.175
3636,121.2,2.911,3.658,pose,16.672,18.605,22.912,21.175
3637,121.233,3.48,3.618,bbox,16.672,18.605,22.912,21.175
3638,121.267,3.396,3.48,bbox,16.672,18.605,22.912,21.175
3639,121.3,3.354,3.396,bbox,16.672,18.605,22.956,21.175
3640,121.333,3.247,3.354,bbox,16.724,18.605,23.011,21.175
3641,121.367,3.189,3.354,bbox,16.724,18.605,23.011,21.175
3642,121.4,3.152,3.247,bbox,16.724,18.605,23.056,21.175
3643,121.433,3.15,3.189,bbox,16.724,18.605,23.104,21.175
3644,121.467,3.152,3.152,bbox,16.724,18.605,23.151,21.175
3645,121.5,3.17,3.152,bbox,16.724,18.605,23.151,21.175
3646,121.533,3.16,3.152,bbox,16.724,18.605,23.151,21.175
3647,121.567,3.146,3.152,bbox,16.724,18.605,23.151,21.175
3648,121.6,2.638,3.152,pose,16.724,18.605,23.151,21.175
3649,121.633,3.112,3.146,bbox,16.724,18.605,23.151,21.175
3650,121.667,3.068,3.112,bbox,16.724,18.605,23.151,21.175
3651,121.7,2.685,3.068,pose,16.724,18.605,23.151,21.175
3652,121.733,3.027,3.027,bbox,16.724,18.605,23.151,21.175
3653,121.767,3.047,3.047,bbox,16.724,18.605,23.151,21.175
3654,121.8,3.057,3.047,bbox,16.724,18.605,23.151,21.175
3655,121.833,3.081,3.047,bbox,16.724,18.605,23.151,21.175
3656,121.867,3.108,3.057,bbox,16.724,18.605,23.151,21.175
3657,121.9,3.13,3.081,bbox,16.724,18.605,23.151,21.175
3658,121.933,3.123,3.108,bbox,16.724,18.605,23.151,21.175
3659,121.967,3.126,3.123,bbox,16.724,18.605,23.151,21.175
3660,122.0,3.079,3.123,bbox,16.724,18.605,23.151,21.175
3661,122.033,3.041,3.123,bbox,16.724,18.605,23.151,21.175
3662,122.067,3.01,3.079,bbox,16.724,18.605,23.151,21.175
3663,122.1,2.988,3.041,bbox,16.724,18.605,23.183,21.175
3664,122.133,2.985,3.01,bbox,16.724,18.605,23.183,21.175
3665,122.167,2.964,2.988,bbox,16.724,18.605,23.183,21.175
3666,122.2,2.969,2.985,bbox,16.724,18.605,23.183,21.175
3667,122.233,2.935,2.969,bbox,16.724,18.605,23.183,21.175
3668,122.267,2.92,2.964,bbox,16.724,18.605,23.183,21.175
3669,122.3,2.927,2.935,bbox,16.724,18.605,23.183,21.175
3670,122.333,2.928,2.928,bbox,16.724,18.605,23.183,21.175
3671,122.367,2.917,2.927,bbox,16.724,18.605,23.183,21.175
3672,122.4,6.576,2.927,pose,16.724,18.605,23.183,21.175
3673,122.433,2.938,2.928,bbox,16.724,18.605,23.215,21.175
3674,122.467,2.93,2.93,bbox,16.724,18.605,23.215,21.175
3675,122.5,2.913,2.93,bbox,16.724,18.605,23.215,21.175
3676,122.533,2.906,2.93,bbox,16.724,18.605,23.215,21.175
3677,122.567,2.874,2.913,bbox,16.724,18.605,23.215,21.175
3678,122.6,6.187,2.913,pose,16.724,18.605,23.215,21.175
3679,122.633,2.799,2.906,bbox,16.724,18.605,23.215,21.175
3680,122.667,2.777,2.874,bbox,16.724,18.605,23.215,21.175
3681,122.7,2.763,2.799,bbox,16.724,18.605,23.251,21.175
3682,122.733,2.735,2.777,bbox,16.724,18.605,23.251,21.175
3683,122.767,2.749,2.763,bbox,16.724,18.605,23.251,21.175
3684,122.8,2.74,2.749,bbox,16.724,18.605,23.251,21.175
3685,122.833,2.73,2.74,bbox,16.724,18.605,23.251,21.175
3686,122.867,2.745,2.74,bbox,16.724,18.605,23.251,21.175
3687,122.9,2.776,2.745,bbox,16.724,18.605,23.251,21.175
3688,122.933,2.804,2.745,bbox,16.724,18.605,23.251,21.175
3689,122.967,2.831,2.776,bbox,16.724,18.605,23.251,21.175
3690,123.0,2.854,2.804,bbox,16.724,18.605,23.251,21.175
3691,123.033,2.846,2.831,bbox,16.724,18.605,23.251,21.213
3692,123.067,2.888,2.846,bbox,16.724,18.605,23.251,21.256
3693,123.1,,,,16.724,18.605,23.251,21.256
3694,123.133,3.009,2.854,bbox,16.724,18.605,23.251,21.256
3695,123.167,3.037,2.888,bbox,16.724,18.605,23.251,21.324
3696,123.2,3.071,3.009,bbox,16.724,18.605,23.251,21.441
3697,123.233,3.092,3.037,bbox,16.724,18.605,23.251,21.441
3698,123.267,3.112,3.071,bbox,16.724,18.605,23.251,21.441
3699,123.3,3.155,3.092,bbox,16.724,18.605,23.251,21.441
3700,123.333,3.195,3.112,bbox,16.724,18.605,23.251,21.441
3701,123.367,3.198,3.155,bbox,16.724,18.605,23.251,21.475
3702,123.4,3.229,3.195,bbox,16.724,18.605,23.251,21.475
3703,123.433,3.245,3.198,bbox,16.724,18.605,23.251,21.475
3704,123.467,3.251,3.229,bbox,16.724,18.605,23.251,21.514
3705,123.5,2.742,3.229,pose,16.724,18.605,23.251,21.56
3706,123.533,3.313,3.245,bbox,16.724,18.605,23.251,21.6
3707,123.567,3.302,3.251,bbox,16.724,18.605,23.251,21.676
3708,123.6,3.331,3.302,bbox,16.724,18.605,23.251,21.676
3709,123.633,3.344,3.313,bbox,16.724,18.605,23.251,21.676
3710,123.667,3.363,3.331,bbox,16.724,18.605,23.251,21.676
3711,123.7,3.294,3.331,pose,16.724,18.605,23.251,21.676
3712,123.733,3.354,3.344,bbox,16.724,18.605,23.251,21.676
3713,123.767,3.338,3.344,bbox,16.724,18.605,23.251,21.676
3714,123.8,3.34,3.34,bbox,16.724,18.605,23.251,21.676
3715,123.833,3.314,3.338,bbox,16.724,18.605,23.251,21.676
3716,123.867,3.264,3.338,bbox,16.724,18.605,23.251,21.676
3717,123.9,3.209,3.314,bbox,16.724,18.605,23.251,21.676
3718,123.933,3.126,3.264,bbox,16.724,18.605,23.294,21.676
3719,123.967,3.123,3.209,bbox,16.724,18.605,23.337,21.676
3720,124.0,3.117,3.126,bbox,16.724,18.605,23.43,21.676
3721,124.033,3.072,3.123,bbox,16.724,18.605,23.467,21.676
3722,124.067,3.064,3.117,bbox,16.724,18.605,23.467,21.676
3723,124.1,3.204,3.117,pose,16.724,18.605,23.467,21.676
3724,124.133,3.07,3.072,bbox,16.724,18.605,23.515,21.676
3725,124.167,3.033,3.07,bbox,16.724,18.605,23.515,21.676
3726,124.2,3.044,3.064,bbox,16.724,18.605,23.515,21.676
3727,124.233,3.028,3.044,bbox,16.724,18.605,23.515,21.676
3728,124.267,3.005,3.033,bbox,16.724,18.605,23.515,21.676
3729,124.3,2.974,3.028,bbox,16.724,18.605,23.515,21.676
3730,124.333,1.644,3.005,bbox,16.724,18.605,23.56,21.676
3731,124.367,2.8,2.974,bbox,16.847,18.605,23.606,21.676
3732,124.4,2.824,2.824,bbox,16.847,18.605,23.648,21.676
3733,124.433,2.803,2.803,bbox,16.903,18.605,23.648,21.676
3734,124.467,2.812,2.803,bbox,16.903,18.605,23.648,21.676
3735,124.5,2.854,2.812,bbox,16.903,18.605,23.648,21.676
3736,124.533,2.851,2.824,bbox,16.945,18.605,23.648,21.676
3737,124.567,2.854,2.851,bbox,16.986,18.605,23.648,21.721
3738,124.6,4.043,2.854,pose,17.028,18.605,23.648,21.721
3739,124.633,2.877,2.854,bbox,17.028,18.605,23.648,21.721
3740,124.667,,,,17.028,18.605,23.648,21.721
3741,124.7,2.975,2.877,bbox,17.028,18.605,23.648,21.721
3742,124.733,,,,17.028,18.605,23.648,21.721
3743,124.767,,,,17.028,18.605,23.648,21.721
3744,124.8,,,,17.028,18.605,23.648,21.721
3745,124.833,,,,17.028,18.605,23.648,21.721
3746,124.867,3.198,2.975,bbox,17.028,18.605,23.648,21.721
3747,124.9,3.211,3.198,bbox,17.028,18.605,23.648,21.721
3748,124.933,3.22,3.198,bbox,17.028,18.662,23.648,21.721
3749,124.967,3.212,3.211,bbox,17.028,18.662,23.648,21.768
3750,125.0,3.204,3.211,bbox,17.028,18.662,23.648,21.801
3751,125.033,3.254,3.212,bbox,17.028,18.662,23.648,21.801
3752,125.067,3.237,3.22,bbox,17.028,18.662,23.648,21.801
3753,125.1,3.206,3.212,bbox,17.028,18.662,23.648,21.801
3754,125.133,3.197,3.206,bbox,17.028,18.662,23.648,21.801
3755,125.167,3.157,3.206,bbox,17.028,18.662,23.648,21.801
3756,125.2,3.143,3.197,bbox,17.028,18.662,23.648,21.801
3757,125.233,3.117,3.157,bbox,17.028,18.662,23.648,21.801
3758,125.267,3.065,3.143,bbox,17.028,18.662,23.681,21.801
3759,125.3,3.038,3.117,bbox,17.028,18.662,23.756,21.801
3760,125.333,3.026,3.065,bbox,17.028,18.662,23.795,21.801
3761,125.367,3.018,3.038,bbox,17.028,18.662,23.795,21.801
3762,125.4,2.959,3.026,bbox,17.028,18.662,23.835,21.801
3763,125.433,2.918,3.018,bbox,17.028,18.662,23.835,21.801
3764,125.467,1.89,2.959,bbox,17.028,18.662,23.835,21.801
3765,125.5,1.864,2.918,bbox,17.073,18.662,23.835,21.801
3766,125.533,1.856,1.89,bbox,17.073,18.662,23.835,21.801
3767,125.567,1.851,1.864,bbox,17.073,18.662,23.835,21.801
3768,125.6,1.822,1.856,bbox,17.073,18.662,23.835,21.801
3769,125.633,1.827,1.851,bbox,17.073,18.662,23.835,21.801
3770,125.667,1.849,1.849,bbox,17.073,18.662,23.835,21.801
3771,125.7,1.859,1.849,bbox,17.073,18.662,23.835,21.801
3772,125.733,1.865,1.849,bbox,17.073,18.662,23.835,21.801
3773,125.767,2.947,1.859,bbox,17.073,18.662,23.835,21.801
3774,125.8,2.907,1.865,bbox,17.073,18.662,23.835,21.801
3775,125.833,2.877,2.877,bbox,17.073,18.662,23.835,21.801
3776,125.867,2.851,2.877,bbox,17.073,18.662,23.835,21.801
3777,125.9,2.87,2.877,bbox,17.073,18.662,23.835,21.801
3778,125.933,2.899,2.877,bbox,17.073,18.662,23.835,21.801
3779,125.967,2.939,2.877,bbox,17.073,18.662,23.835,21.801
3780,126.0,3.677,2.899,pose,17.073,18.662,23.835,21.833
3781,126.033,3.035,2.939,bbox,17.073,18.662,23.835,21.833
3782,126.067,3.083,3.035,bbox,17.073,18.662,23.835,21.904
3783,126.1,3.259,3.083,pose,17.073,18.662,23.835,21.904
3784,126.133,3.161,3.161,bbox,17.073,18.662,23.835,21.904
3785,126.167,3.167,3.161,bbox,17.073,18.662,23.835,21.904
3786,126.2,2.015,3.161,bbox,17.073,18.662,23.835,21.904
3787,126.233,3.03,3.161,bbox,17.073,18.662,23.835,21.904
3788,126.267,1.959,3.03,bbox,17.073,18.662,23.835,21.904
3789,126.3,1.951,2.015,bbox,17.073,18.662,23.835,21.904
3790,126.333,2.883,2.015,bbox,17.073,18.662,23.835,21.904
3791,126.367,2.847,2.847,bbox,17.073,18.662,23.835,21.904
3792,126.4,2.848,2.847,bbox,17.073,18.662,23.835,21.904
3793,126.433,2.814,2.847,bbox,17.073,18.662,23.868,21.904
3794,126.467,2.825,2.847,bbox,17.073,18.662,23.868,21.904
3795,126.5,,,,17.073,18.662,23.868,21.904
3796,126.533,,,,17.073,18.662,23.868,21.904
3797,126.567,2.893,2.847,bbox,17.073,18.662,23.868,21.904
3798,126.6,2.892,2.848,bbox,17.073,18.662,23.868,21.904
3799,126.633,2.908,2.892,bbox,17.073,18.662,23.868,21.904
3800,126.667,2.919,2.893,bbox,17.073,18.662,23.868,21.904
3801,126.7,2.917,2.908,bbox,17.113,18.662,23.868,21.904
3802,126.733,2.913,2.913,bbox,17.113,18.662,23.868,21.904
3803,126.767,1.983,2.913,bbox,17.177,18.662,23.868,21.904
3804,126.8,2.008,2.913,bbox,17.259,18.662,23.868,21.904
3805,126.833,2.024,2.024,bbox,17.259,18.662,23.868,21.904
3806,126.867,2.914,2.024,bbox,17.259,18.662,23.868,21.904
3807,126.9,,,,17.259,18.662,23.868,21.904
3808,126.933,,,,17.259,18.662,23.868,21.904
3809,126.967,1.983,2.008,bbox,17.259,18.662,23.868,21.904
3810,127.0,1.976,2.008,bbox,17.259,18.662,23.868,21.904
3811,127.033,2.702,2.024,bbox,17.259,18.662,23.949,21.904
3812,127.067,2.668,2.668,bbox,17.259,18.662,23.949,21.904
3813,127.1,2.701,2.668,bbox,17.259,18.662,23.997,21.904
3814,127.133,2.732,2.701,bbox,17.259,18.662,23.997,21.904
3815,127.167,2.703,2.702,bbox,17.259,18.662,23.997,21.904
3816,127.2,3.272,2.703,pose,17.259,18.662,23.997,21.904
3817,127.233,2.74,2.732,bbox,17.259,18.662,23.997,21.904
3818,127.267,2.742,2.74,bbox,17.259,18.662,23.997,21.904
3819,127.3,2.739,2.74,bbox,17.259,18.662,23.997,21.94
3820,127.333,2.75,2.742,bbox,17.259,18.662,23.997,21.94
3821,127.367,2.759,2.742,bbox,17.259,18.701,23.997,21.94
3822,127.4,2.807,2.75,bbox,17.259,18.701,23.997,21.971
3823,127.433,2.909,2.759,bbox,17.259,18.701,23.997,21.971
3824,127.467,2.991,2.807,bbox,17.259,18.777,23.997,21.971
3825,127.5,3.836,2.909,pose,17.259,18.777,23.997,22.01
3826,127.533,3.125,2.991,bbox,17.259,18.777,23.997,22.01
3827,127.567,3.166,3.125,bbox,17.259,18.812,23.997,22.049
3828,127.6,3.219,3.166,pose,17.259,18.812,23.997,22.049
3829,127.633,3.158,3.166,bbox,17.259,18.812,23.997,22.049
3830,127.667,3.141,3.158,bbox,17.259,18.812,23.997,22.049
3831,127.7,3.058,3.158,pose,17.259,18.812,23.997,22.049
3832,127.733,3.053,3.141,bbox,17.259,18.812,23.997,22.049
3833,127.767,2.987,3.058,bbox,17.259,18.812,23.997,22.049
3834,127.8,2.929,3.053,bbox,17.259,18.812,23.997,22.049
3835,127.833,2.893,2.987,bbox,17.259,18.812,23.997,22.049
3836,127.867,2.821,2.929,bbox,17.259,18.812,24.042,22.049
3837,127.9,2.799,2.893,bbox,17.259,18.812,24.079,22.049
3838,127.933,2.841,2.841,bbox,17.259,18.812,24.148,22.049
3839,127.967,2.901,2.841,bbox,17.259,18.812,24.148,22.049
3840,128.0,2.744,2.821,pose,17.259,18.812,24.148,22.049
3841,128.033,2.856,2.841,bbox,17.259,18.812,24.148,22.049
3842,128.067,2.875,2.856,bbox,17.259,18.812,24.148,22.049
3843,128.1,2.826,2.856,bbox,17.259,18.812,24.202,22.049
3844,128.133,2.761,2.826,bbox,17.295,18.812,24.202,22.049
3845,128.167,2.73,2.826,bbox,17.295,18.812,24.248,22.049
3846,128.2,2.585,2.761,bbox,17.346,18.812,24.356,22.049
3847,128.233,,,,17.346,18.812,24.356,22.049
3848,128.267,,,,17.346,18.812,24.356,22.049
3849,128.3,2.538,2.73,bbox,17.346,18.812,24.422,22.049
3850,128.333,2.526,2.585,bbox,17.346,18.812,24.471,22.049
3851,128.367,,,,17.346,18.812,24.471,22.049
3852,128.4,2.169,2.538,bbox,17.346,18.812,24.471,22.049
3853,128.433,2.104,2.526,bbox,17.445,18.812,24.55,22.049
3854,128.467,2.065,2.169,bbox,17.523,18.812,24.55,22.049
3855,128.5,2.053,2.104,bbox,17.523,18.812,24.55,22.049
3856,128.533,2.043,2.065,bbox,17.523,18.812,24.55,22.049
3857,128.567,2.032,2.053,bbox,17.523,18.812,24.55,22.049
3858,128.6,,,,17.523,18.812,24.55,22.049
3859,128.633,,,,17.523,18.812,24.55,22.049
3860,128.667,1.647,2.043,bbox,17.523,18.812,24.55,22.049
3861,128.7,,,,17.523,18.812,24.55,22.049
3862,128.733,1.683,2.032,bbox,17.523,18.812,24.55,22.049
3863,128.767,2.49,2.032,bbox,17.523,18.812,24.55,22.049
3864,128.8,2.71,2.032,bbox,17.523,18.812,24.55,22.049
3865,128.833,2.847,2.49,bbox,17.523,18.812,24.55,22.049
3866,128.867,2.937,2.71,bbox,17.523,18.943,24.55,22.104
3867,128.9,3.078,2.847,bbox,17.523,19.05,24.55,22.2
3868,128.933,3.093,2.937,bbox,17.523,19.094,24.55,22.26
3869,128.967,3.159,3.078,bbox,17.523,19.174,24.55,22.3
3870,129.0,3.166,3.093,bbox,17.523,19.174,24.55,22.336
3871,129.033,3.212,3.159,bbox,17.523,19.174,24.55,22.377
3872,129.067,3.158,3.159,bbox,17.523,19.211,24.55,22.377
3873,129.1,2.466,3.159,pose,17.523,19.211,24.55,22.377
3874,129.133,3.268,3.166,bbox,17.523,19.265,24.55,22.377
3875,129.167,3.338,3.212,bbox,17.523,19.295,24.55,22.466
3876,129.2,3.441,3.268,bbox,17.553,19.295,24.55,22.53
3877,129.233,3.495,3.338,bbox,17.553,19.349,24.55,22.604
3878,129.267,3.542,3.441,bbox,17.553,19.349,24.55,22.604
3879,129.3,2.31,3.441,bbox,17.553,19.349,24.55,22.69
3880,129.333,2.294,3.441,bbox,17.553,19.416,24.55,22.69
3881,129.367,3.588,3.495,bbox,17.553,19.416,24.55,22.69
3882,129.4,3.69,3.542,bbox,17.553,19.416,24.55,22.69
3883,129.433,,,,17.553,19.416,24.55,22.69
3884,129.467,3.898,3.588,bbox,17.553,19.416,24.55,22.723
3885,129.5,,,,17.553,19.416,24.55,22.723
3886,129.533,,,,17.553,19.416,24.55,22.723
3887,129.567,4.093,3.69,bbox,17.553,19.476,24.55,22.766
3888,129.6,4.064,3.898,pose,17.553,19.545,24.55,22.886
3889,129.633,4.173,4.064,bbox,17.553,19.6,24.55,22.986
3890,129.667,4.244,4.093,bbox,17.553,19.654,24.55,22.986
3891,129.7,,,,17.553,19.654,24.55,22.986
3892,129.733,,,,17.553,19.654,24.55,22.986
3893,129.767,4.448,4.173,bbox,17.553,19.698,24.55,22.986
3894,129.8,4.506,4.244,pose,17.553,19.766,24.55,23.03
3895,129.833,4.675,4.448,bbox,17.553,19.813,24.55,23.149
3896,129.867,4.865,4.506,bbox,17.553,19.888,24.55,23.295
3897,129.9,4.995,4.675,bbox,17.553,19.888,24.55,23.357
3898,129.933,5.142,4.865,bbox,17.553,19.951,24.55,23.393
3899,129.967,5.212,4.995,bbox,17.553,19.951,24.55,23.481
3900,130.0,5.308,5.142,bbox,17.553,20.023,24.55,23.543
3901,130.033,5.427,5.212,bbox,17.553,20.023,24.55,23.543
3902,130.067,5.466,5.308,bbox,17.553,20.058,24.55,23.543
3903,130.1,5.101,5.308,pose,17.553,20.058,24.55,23.606
3904,130.133,5.608,5.427,bbox,17.553,20.058,24.55,23.649
3905,130.167,5.687,5.466,bbox,17.553,20.115,24.55,23.649
3906,130.2,5.785,5.608,bbox,17.553,20.115,24.55,23.692
3907,130.233,5.843,5.687,bbox,17.553,20.115,24.55,23.733
3908,130.267,5.935,5.785,bbox,17.553,20.115,24.55,23.825
3909,130.3,5.582,5.785,pose,17.553,20.153,24.55,23.825
3910,130.333,6.038,5.843,bbox,17.553,20.153,24.55,23.825
3911,130.367,3.132,5.843,bbox,17.553,20.153,24.55,23.899
3912,130.4,3.099,5.582,pose,17.553,20.153,24.55,23.899
3913,130.433,3.265,3.265,bbox,17.553,20.153,24.55,23.964
3914,130.467,6.383,3.265,bbox,17.553,20.153,24.55,24.064
3915,130.5,,,,17.553,20.153,24.55,24.064
3916,130.533,6.508,3.265,bbox,17.553,20.153,24.55,24.104
3917,130.567,6.587,6.383,bbox,17.553,20.153,24.55,24.167
3918,130.6,6.593,6.508,bbox,17.553,20.252,24.55,24.26
3919,130.633,6.637,6.587,bbox,17.553,20.252,24.55,24.26
3920,130.667,6.706,6.593,bbox,17.553,20.252,24.55,24.26
3921,130.7,6.704,6.637,bbox,17.553,20.252,24.55,24.26
3922,130.733,6.665,6.665,bbox,17.553,20.288,24.55,24.26
3923,130.767,6.761,6.704,bbox,17.553,20.288,24.55,24.26
3924,130.8,6.848,6.706,bbox,17.553,20.288,24.55,24.26
3925,130.833,6.949,6.761,bbox,17.553,20.358,24.55,24.26
3926,130.867,7.145,6.848,bbox,17.553,20.358,24.55,24.26
3927,130.9,6.937,6.937,bbox,17.553,20.358,24.55,24.26
3928,130.933,6.937,6.937,bbox,17.553,20.358,24.55,24.26
3929,130.967,6.959,6.949,bbox,17.553,20.358,24.55,24.26
3930,131.0,7.024,6.959,bbox,17.553,20.358,24.55,24.26
3931,131.033,7.072,6.959,bbox,17.553,20.358,24.55,24.26
3932,131.067,7.158,7.024,bbox,17.553,20.388,24.55,24.26
3933,131.1,7.132,7.072,pose,17.553,20.424,24.55,24.26
3934,131.133,5.338,7.072,bbox,17.553,20.456,24.55,24.26
3935,131.167,5.413,7.072,bbox,17.553,20.522,24.55,24.26
3936,131.2,5.292,5.413,pose,17.553,20.522,24.55,24.26
3937,131.233,5.447,5.413,bbox,17.553,20.561,24.55,24.26
3938,131.267,5.481,5.413,bbox,17.553,20.561,24.55,24.26
3939,131.3,5.35,5.413,pose,17.553,20.561,24.55,24.26
3940,131.333,7.458,5.447,bbox,17.553,20.561,24.55,24.26
3941,131.367,7.523,5.481,bbox,17.553,20.561,24.55,24.26
3942,131.4,5.283,5.481,pose,17.553,20.561,24.55,24.26
3943,131.433,5.678,5.678,bbox,17.553,20.561,24.55,24.26
3944,131.467,5.727,5.727,bbox,17.553,20.561,24.55,24.26
3945,131.5,5.365,5.678,pose,17.553,20.561,24.55,24.26
3946,131.533,7.565,5.678,bbox,17.553,20.618,24.55,24.26
3947,131.567,7.57,5.727,bbox,17.553,20.618,24.55,24.26
3948,131.6,5.332,5.727,pose,17.553,20.649,24.55,24.26
3949,131.633,5.759,5.759,bbox,17.553,20.713,24.55,24.26
3950,131.667,5.763,5.763,bbox,17.553,20.713,24.55,24.26
3951,131.7,5.404,5.759,pose,17.553,20.713,24.55,24.26
3952,131.733,5.63,5.63,bbox,17.553,20.748,24.55,24.26
3953,131.767,5.561,5.63,bbox,17.553,20.748,24.55,24.26
3954,131.8,5.515,5.561,bbox,17.553,20.748,24.624,24.26
3955,131.833,5.489,5.515,bbox,17.553,20.748,24.667,24.26
3956,131.867,5.434,5.515,bbox,17.553,20.748,24.667,24.26
3957,131.9,5.414,5.489,bbox,17.553,20.748,24.667,24.26
3958,131.933,5.417,5.434,bbox,17.553,20.748,24.667,24.26
3959,131.967,5.343,5.417,bbox,17.553,20.748,24.667,24.26
3960,132.0,5.409,5.414,bbox,17.553,20.748,24.667,24.26
3961,132.033,5.439,5.414,bbox,17.553,20.748,24.667,24.26
3962,132.067,5.455,5.417,bbox,17.553,20.748,24.667,24.26
3963,132.1,5.482,5.439,bbox,17.553,20.748,24.667,24.26
3964,132.133,6.718,5.455,bbox,17.553,20.748,24.667,24.26
3965,132.167,6.737,5.482,bbox,17.553,20.748,24.667,24.26
3966,132.2,6.47,6.47,pose,17.553,20.748,24.667,24.26
3967,132.233,5.693,6.47,bbox,17.553,20.748,24.667,24.26
3968,132.267,,,,17.553,20.748,24.667,24.26
3969,132.3,,,,17.553,20.748,24.667,24.26
3970,132.333,,,,17.553,20.748,24.667,24.26
3971,132.367,,,,17.553,20.748,24.667,24.26
3972,132.4,,,,17.553,20.748,24.667,24.26
3973,132.433,,,,17.553,20.748,24.667,24.26
3974,132.467,,,,17.553,20.748,24.667,24.26
3975,132.5,,,,17.553,20.748,24.667,24.26
3976,132.533,,,,17.553,20.748,24.667,24.26
3977,132.567,,,,17.553,20.748,24.667,24.26
3978,132.6,,,,17.553,20.748,24.667,24.26
3979,132.633,,,,17.553,20.748,24.667,24.26
3980,132.667,,,,17.553,20.748,24.667,24.26
3981,132.7,,,,17.553,20.748,24.667,24.26
3982,132.733,,,,17.553,20.748,24.667,24.26
3983,132.767,,,,17.553,20.748,24.667,24.26
3984,132.8,,,,17.553,20.748,24.667,24.26
3985,132.833,,,,17.553,20.748,24.667,24.26
3986,132.867,6.161,6.47,bbox,17.553,20.748,24.667,24.26
3987,132.9,,,,17.553,20.748,24.667,24.26
3988,132.933,6.239,6.239,bbox,17.553,20.748,24.667,24.26
3989,132.967,6.234,6.234,bbox,17.553,20.808,24.667,24.26
3990,133.0,6.208,6.208,bbox,17.553,20.808,24.667,24.26
3991,133.033,6.222,6.222,bbox,17.553,20.808,24.667,24.26
3992,133.067,6.291,6.234,bbox,17.553,20.808,24.667,24.26
3993,133.1,6.255,6.234,bbox,17.553,20.808,24.706,24.26
3994,133.133,1.534,6.222,bbox,17.553,20.808,24.745,24.26
3995,133.167,,,,17.553,20.808,24.745,24.26
3996,133.2,,,,17.553,20.808,24.745,24.26
3997,133.233,,,,17.553,20.808,24.745,24.26
3998,133.267,,,,17.553,20.808,24.745,24.26
3999,133.3,,,,17.553,20.808,24.745,24.26
4000,133.333,,,,17.553,20.808,24.745,24.26
4001,133.367,,,,17.553,20.808,24.745,24.26
4002,133.4,,,,17.553,20.808,24.745,24.26
4003,133.433,,,,17.553,20.808,24.745,24.26
4004,133.467,,,,17.553,20.808,24.745,24.26
4005,133.5,,,,17.553,20.808,24.745,24.26
4006,133.533,,,,17.553,20.808,24.745,24.26
4007,133.567,,,,17.553,20.808,24.745,24.26
4008,133.6,,,,17.553,20.808,24.745,24.26
4009,133.633,,,,17.553,20.808,24.745,24.26
4010,133.667,,,,17.553,20.808,24.745,24.26
4011,133.7,,,,17.553,20.808,24.745,24.26
4012,133.733,,,,17.553,20.808,24.745,24.26
4013,133.767,,,,17.553,20.808,24.745,24.26
4014,133.8,,,,17.553,20.808,24.745,24.26
4015,133.833,,,,17.553,20.808,24.745,24.26
4016,133.867,,,,17.553,20.808,24.745,24.26
4017,133.9,,,,17.553,20.808,24.745,24.26
4018,133.933,,,,17.553,20.808,24.745,24.26
4019,133.967,,,,17.553,20.808,24.745,24.26
4020,134.0,,,,17.553,20.808,24.745,24.26
4021,134.033,,,,17.553,20.808,24.745,24.26
4022,134.067,,,,17.553,20.808,24.745,24.26
4023,134.1,,,,17.553,20.808,24.745,24.26
4024,134.133,,,,17.553,20.808,24.745,24.26
4025,134.167,0.616,6.222,bbox,17.553,20.808,24.745,24.26
4026,134.2,1.045,1.534,pose,17.553,20.808,24.8,24.26
4027,134.233,0.647,1.045,bbox,17.553,20.808,24.8,24.26
4028,134.267,0.645,0.647,bbox,17.553,20.808,24.858,24.26
4029,134.3,0.957,0.647,pose,17.553,20.808,24.858,24.26
4030,134.333,0.642,0.647,bbox,17.553,20.808,24.858,24.26
4031,134.367,0.64,0.645,bbox,17.553,20.808,24.858,24.26
4032,134.4,1.177,0.645,pose,17.553,20.808,24.858,24.26
4033,134.433,0.636,0.642,bbox,17.553,20.808,24.858,24.26
4034,134.467,0.628,0.64,bbox,17.553,20.808,24.858,24.26
4035,134.5,1.13,0.64,pose,17.553,20.808,24.858,24.26
4036,134.533,0.694,0.694,bbox,17.553,20.808,24.858,24.26
4037,134.567,0.634,0.636,bbox,17.553,20.808,24.858,24.26
4038,134.6,3.689,0.694,pose,17.553,20.808,24.858,24.26
4039,134.633,0.584,0.694,bbox,17.553,20.808,24.858,24.26
4040,134.667,0.592,0.634,bbox,17.553,20.808,24.858,24.26
4041,134.7,0.642,0.634,pose,17.553,20.808,24.858,24.26
4042,134.733,0.58,0.592,bbox,17.553,20.808,24.858,24.26
4043,134.767,0.582,0.584,bbox,17.553,20.808,24.858,24.26
4044,134.8,2.86,0.592,pose,17.553,20.808,24.858,24.26
4045,134.833,0.577,0.582,bbox,17.553,20.808,24.858,24.26
4046,134.867,0.568,0.58,bbox,17.553,20.808,24.858,24.26
4047,134.9,2.099,0.582,pose,17.553,20.808,24.858,24.26
4048,134.933,0.557,0.577,bbox,17.553,20.808,24.858,24.26
4049,134.967,0.549,0.568,bbox,17.553,20.808,24.858,24.26
4050,135.0,1.069,0.568,pose,17.553,20.808,24.858,24.26
4051,135.033,,,,17.553,20.808,24.858,24.26
4052,135.067,,,,17.553,20.808,24.858,24.26
4053,135.1,,,,17.553,20.808,24.858,24.26
4054,135.133,0.459,0.557,bbox,17.553,20.808,24.943,24.26
4055,135.167,0.461,0.549,bbox,17.553,20.808,24.943,24.26
4056,135.2,0.744,0.549,pose,17.553,20.808,24.943,24.26
4057,135.233,,,,17.553,20.808,24.943,24.26
4058,135.267,0.438,0.461,bbox,17.553,20.808,24.943,24.26
4059,135.3,,,,17.553,20.808,24.943,24.26
4060,135.333,,,,17.553,20.808,24.943,24.26
4061,135.367,,,,17.553,20.808,24.943,24.26
4062,135.4,,,,17.553,20.808,24.943,24.26
4063,135.433,,,,17.553,20.808,24.943,24.26
4064,135.467,,,,17.553,20.808,24.943,24.26
4065,135.5,,,,17.553,20.808,24.943,24.26
4066,135.533,,,,17.553,20.808,24.943,24.26
4067,135.567,,,,17.553,20.808,24.943,24.26
4068,135.6,,,,17.553,20.808,24.943,24.26
4069,135.633,,,,17.553,20.808,24.943,24.26
4070,135.667,,,,17.553,20.808,24.943,24.26
4071,135.7,0.621,0.461,pose,17.553,20.808,24.943,24.26
4072,135.733,1.334,0.621,bbox,17.553,20.808,24.943,24.26
4073,135.767,1.336,0.744,bbox,17.553,20.808,24.943,24.26
4074,135.8,0.914,0.914,pose,17.553,20.808,24.943,24.26
4075,135.833,1.348,1.334,bbox,17.553,20.808,24.943,24.26
4076,135.867,1.329,1.334,bbox,17.553,20.808,24.943,24.26
4077,135.9,0.602,1.329,pose,17.553,20.808,24.943,24.26
4078,135.933,1.384,1.329,bbox,17.553,20.808,24.943,24.26
4079,135.967,1.394,1.348,bbox,17.553,20.808,24.943,24.26
4080,136.0,0.963,1.329,pose,17.553,20.808,24.943,24.26
4081,136.033,1.394,1.384,bbox,17.553,20.808,24.943,24.26
4082,136.067,1.396,1.394,bbox,17.553,20.808,24.943,24.26
4083,136.1,0.637,1.394,pose,17.553,20.808,24.943,24.26
4084,136.133,1.385,1.385,bbox,17.553,20.808,24.943,24.26
4085,136.167,1.345,1.385,bbox,17.553,20.808,24.943,24.26
4086,136.2,1.002,1.345,pose,17.553,20.808,24.943,24.26
4087,136.233,1.316,1.316,bbox,17.553,20.808,24.943,24.26
4088,136.267,1.316,1.316,bbox,17.553,20.808,24.943,24.26
4089,136.3,0.569,1.316,pose,17.553,20.808,24.943,24.26
4090,136.333,1.316,1.316,bbox,17.553,20.808,24.943,24.26
4091,136.367,1.388,1.316,bbox,17.553,20.808,24.943,24.292
4092,136.4,0.847,1.316,pose,17.553,20.808,24.943,24.292
4093,136.433,1.37,1.316,bbox,17.553,20.808,24.943,24.292
4094,136.467,,,,17.553,20.808,24.943,24.292
4095,136.5,,,,17.553,20.808,24.943,24.292
4096,136.533,,,,17.553,20.808,24.943,24.292
4097,136.567,,,,17.553,20.808,24.943,24.292
4098,136.6,,,,17.553,20.808,24.943,24.292
4099,136.633,0.409,1.316,bbox,17.553,20.808,24.943,24.292
4100,136.667,0.432,0.847,bbox,17.553,20.808,24.943,24.292
4101,136.7,1.256,0.847,pose,17.553,20.808,24.943,24.292
4102,136.733,0.464,0.464,bbox,17.553,20.808,24.943,24.366
4103,136.767,0.48,0.464,bbox,17.553,20.808,24.943,24.366
4104,136.8,0.494,0.48,bbox,17.553,20.808,24.943,24.366
4105,136.833,0.498,0.494,bbox,17.553,20.808,24.943,24.408
4106,136.867,0.507,0.494,bbox,17.553,20.808,24.943,24.408
4107,136.9,0.503,0.498,bbox,17.553,20.808,24.943,24.438
4108,136.933,0.5,0.5,bbox,17.553,20.808,24.943,24.438
4109,136.967,0.499,0.5,bbox,17.553,20.808,24.943,24.438
4110,137.0,2.742,0.503,pose,17.553,20.808,24.943,24.438
4111,137.033,0.544,0.503,bbox,17.553,20.808,24.943,24.438
4112,137.067,0.579,0.544,bbox,17.553,20.808,24.943,24.438
4113,137.1,,,,17.553,20.808,24.943,24.438
4114,137.133,6.609,0.579,bbox,17.553,20.808,24.943,24.438
4115,137.167,,,,17.553,20.808,24.943,24.438
4116,137.2,,,,17.553,20.808,24.943,24.438
4117,137.233,,,,17.553,20.808,24.943,24.438
4118,137.267,,,,17.553,20.808,24.943,24.438
4119,137.3,,,,17.553,20.808,24.943,24.438
4120,137.333,,,,17.553,20.808,24.943,24.438
4121,137.367,,,,17.553,20.808,24.943,24.438
4122,137.4,,,,17.553,20.808,24.943,24.438
4123,137.433,,,,17.553,20.808,24.943,24.438
4124,137.467,,,,17.553,20.808,24.943,24.438
4125,137.5,,,,17.553,20.808,24.943,24.438
4126,137.533,,,,17.553,20.808,24.943,24.438
4127,137.567,,,,17.553,20.808,24.943,24.438
4128,137.6,,,,17.553,20.808,24.943,24.438
4129,137.633,,,,17.553,20.808,24.943,24.438
4130,137.667,,,,17.553,20.808,24.943,24.438
4131,137.7,,,,17.553,20.808,24.943,24.438
4132,137.733,,,,17.553,20.808,24.943,24.438
4133,137.767,,,,17.553,20.808,24.943,24.438
4134,137.8,,,,17.553,20.808,24.943,24.438
4135,137.833,,,,17.553,20.808,24.943,24.438
4136,137.867,,,,17.553,20.808,24.943,24.438
4137,137.9,,,,17.553,20.808,24.943,24.438
4138,137.933,,,,17.553,20.808,24.943,24.438
4139,137.967,,,,17.553,20.808,24.943,24.438
4140,138.0,,,,17.553,20.808,24.943,24.438
4141,138.033,,,,17.553,20.808,24.943,24.438
4142,138.067,,,,17.553,20.808,24.943,24.438
4143,138.1,,,,17.553,20.808,24.943,24.438
4144,138.133,,,,17.553,20.808,24.943,24.438
4145,138.167,5.447,2.742,bbox,17.553,20.808,24.943,24.438
4146,138.2,5.51,5.447,bbox,17.553,20.808,24.943,24.438
4147,138.233,5.459,5.459,bbox,17.553,20.808,24.943,24.486
4148,138.267,5.508,5.508,bbox,17.553,20.858,24.943,24.486
4149,138.3,5.024,5.459,pose,17.553,20.858,24.943,24.486
4150,138.333,5.43,5.459,bbox,17.553,20.858,24.943,24.486
4151,138.367,5.37,5.43,bbox,17.553,20.858,24.943,24.486
4152,138.4,5.352,5.37,bbox,17.553,20.858,24.943,24.486
4153,138.433,5.367,5.367,bbox,17.553,20.858,24.943,24.486
4154,138.467,5.35,5.367,bbox,17.553,20.858,24.943,24.486
4155,138.5,5.28,5.352,pose,17.553,20.858,24.943,24.486
4156,138.533,5.354,5.352,bbox,17.553,20.858,24.943,24.486
4157,138.567,1.484,5.35,bbox,17.553,20.858,24.943,24.486
4158,138.6,,,,17.553,20.858,24.943,24.486
4159,138.633,,,,17.553,20.858,24.943,24.486
4160,138.667,,,,17.553,20.858,24.943,24.486
4161,138.7,,,,17.553,20.858,24.943,24.486
4162,138.733,,,,17.553,20.858,24.943,24.486
4163,138.767,,,,17.553,20.858,24.943,24.486
4164,138.8,,,,17.553,20.858,24.943,24.486
4165,138.833,,,,17.553,20.858,24.943,24.486
4166,138.867,5.492,5.35,bbox,17.553,20.858,24.979,24.486
4167,138.9,5.682,5.354,bbox,17.553,20.858,24.979,24.486
4168,138.933,5.756,5.492,bbox,17.553,20.858,24.979,24.486
4169,138.967,5.805,5.682,bbox,17.553,20.858,24.979,24.592
4170,139.0,5.352,5.682,bbox,17.553,20.858,24.979,24.592
4171,139.033,5.625,5.682,bbox,17.553,20.858,24.979,24.592
4172,139.067,5.644,5.644,bbox,17.553,20.858,24.979,24.592
4173,139.1,5.69,5.644,bbox,17.596,20.858,24.979,24.592
4174,139.133,5.667,5.644,bbox,17.596,20.858,24.979,24.592
4175,139.167,5.634,5.644,bbox,17.596,20.858,24.979,24.592
4176,139.2,5.614,5.644,bbox,17.596,20.858,24.979,24.592
4177,139.233,5.574,5.634,bbox,17.596,20.858,24.979,24.592
4178,139.267,5.569,5.614,bbox,17.596,20.858,24.979,24.592
4179,139.3,5.555,5.574,bbox,17.596,20.858,24.979,24.592
4180,139.333,5.551,5.569,bbox,17.596,20.858,24.979,24.592
4181,139.367,5.555,5.555,bbox,17.596,20.858,24.979,24.592
4182,139.4,5.474,5.555,pose,17.596,20.858,24.979,24.592
4183,139.433,5.539,5.551,bbox,17.596,20.858,24.979,24.592
4184,139.467,5.545,5.545,bbox,17.596,20.858,24.979,24.592
4185,139.5,5.537,5.539,bbox,17.596,20.858,24.979,24.592
4186,139.533,5.55,5.539,bbox,17.596,20.858,24.979,24.592
4187,139.567,5.577,5.545,bbox,17.596,20.858,24.979,24.592
4188,139.6,5.584,5.55,bbox,17.596,20.858,24.979,24.592
4189,139.633,1.958,5.55,bbox,17.596,20.858,24.979,24.592
4190,139.667,,,,17.596,20.858,24.979,24.592
4191,139.7,,,,17.596,20.858,24.979,24.592
4192,139.733,,,,17.596,20.858,24.979,24.592
4193,139.767,,,,17.596,20.858,24.979,24.592
4194,139.8,,,,17.596,20.858,24.979,24.592
4195,139.833,,,,17.596,20.858,24.979,24.592
4196,139.867,,,,17.596,20.858,24.979,24.592
4197,139.9,,,,17.596,20.858,24.979,24.592
4198,139.933,,,,17.596,20.858,24.979,24.592
4199,139.967,,,,17.596,20.858,24.979,24.592
4200,140.0,,,,17.596,20.858,24.979,24.592
4201,140.033,,,,17.596,20.858,24.979,24.592
4202,140.067,,,,17.596,20.858,24.979,24.592
4203,140.1,,,,17.596,20.858,24.979,24.592
4204,140.133,,,,17.596,20.858,24.979,24.592
4205,140.167,,,,17.596,20.858,24.979,24.592
4206,140.2,,,,17.596,20.858,24.979,24.592
4207,140.233,,,,17.596,20.858,24.979,24.592
4208,140.267,,,,17.596,20.858,24.979,24.592
4209,140.3,,,,17.596,20.858,24.979,24.592
4210,140.333,,,,17.596,20.858,24.979,24.592
4211,140.367,,,,17.596,20.858,24.979,24.592
4212,140.4,,,,17.596,20.858,24.979,24.592
4213,140.433,,,,17.596,20.858,24.979,24.592
4214,140.467,,,,17.596,20.858,24.979,24.592
4215,140.5,,,,17.596,20.858,24.979,24.592
4216,140.533,,,,17.596,20.858,24.979,24.592
4217,140.567,5.251,5.55,bbox,17.596,20.858,24.979,24.592
4218,140.6,5.172,5.251,pose,17.596,20.858,25.026,24.592
4219,140.633,5.308,5.251,bbox,17.596,20.99,25.026,24.592
4220,140.667,5.364,5.251,bbox,17.596,20.99,25.026,24.592
4221,140.7,5.275,5.275,pose,17.596,20.99,25.026,24.592
4222,140.733,5.385,5.308,bbox,17.596,20.99,25.026,24.592
4223,140.767,5.435,5.364,bbox,17.596,20.99,25.026,24.592
4224,140.8,6.644,5.385,pose,17.596,20.99,25.026,24.592
4225,140.833,2.067,5.385,bbox,17.596,20.99,25.026,24.592
4226,140.867,,,,17.596,20.99,25.026,24.592
4227,140.9,,,,17.596,20.99,25.026,24.592
4228,140.933,,,,17.596,20.99,25.026,24.592
4229,140.967,,,,17.596,20.99,25.026,24.592
4230,141.0,,,,17.596,20.99,25.026,24.592
4231,141.033,,,,17.596,20.99,25.026,24.592
4232,141.067,,,,17.596,20.99,25.026,24.592
4233,141.1,,,,17.596,20.99,25.026,24.592
4234,141.133,,,,17.596,20.99,25.026,24.592
4235,141.167,,,,17.596,20.99,25.026,24.592
4236,141.2,,,,17.596,20.99,25.026,24.592
4237,141.233,,,,17.596,20.99,25.026,24.592
4238,141.267,,,,17.596,20.99,25.026,24.592
4239,141.3,,,,17.596,20.99,25.026,24.592
4240,141.333,,,,17.596,20.99,25.026,24.592
4241,141.367,,,,17.596,20.99,25.026,24.592
4242,141.4,,,,17.596,20.99,25.026,24.592
4243,141.433,,,,17.596,20.99,25.026,24.592
4244,141.467,,,,17.596,20.99,25.026,24.592
4245,141.5,,,,17.596,20.99,25.026,24.592
4246,141.533,,,,17.596,20.99,25.026,24.592
4247,141.567,,,,17.596,20.99,25.026,24.592
4248,141.6,,,,17.596,20.99,25.026,24.592
4249,141.633,,,,17.596,20.99,25.026,24.592
4250,141.667,,,,17.596,20.99,25.026,24.592
4251,141.7,,,,17.596,20.99,25.026,24.592
4252,141.733,,,,17.596,20.99,25.026,24.592
4253,141.767,,,,17.596,20.99,25.026,24.592
4254,141.8,,,,17.596,20.99,25.026,24.592
4255,141.833,,,,17.596,20.99,25.026,24.592
4256,141.867,5.508,5.435,bbox,17.596,20.99,25.026,24.592
4257,141.9,5.283,5.435,pose,17.596,20.99,25.026,24.592
4258,141.933,5.405,5.405,bbox,17.596,21.13,25.026,24.592
4259,141.967,5.407,5.405,bbox,17.596,21.176,25.026,24.592
4260,142.0,5.18,5.405,pose,17.596,21.176,25.026,24.592
4261,142.033,5.352,5.352,bbox,17.596,21.176,25.026,24.592
4262,142.067,5.334,5.352,bbox,17.596,21.176,25.026,24.592
4263,142.1,5.128,5.334,pose,17.596,21.176,25.026,24.592
4264,142.133,5.375,5.334,bbox,17.596,21.176,25.026,24.592
4265,142.167,5.39,5.352,bbox,17.596,21.176,25.026,24.592
4266,142.2,5.177,5.334,pose,17.596,21.176,25.026,24.592
4267,142.233,5.496,5.375,bbox,17.596,21.176,25.026,24.592
4268,142.267,5.553,5.39,bbox,17.596,21.176,25.026,24.592
4269,142.3,5.319,5.39,pose,17.596,21.176,25.026,24.592
4270,142.333,5.573,5.496,bbox,17.596,21.176,25.026,24.592
4271,142.367,5.609,5.553,bbox,17.596,21.214,25.026,24.592
4272,142.4,5.372,5.553,pose,17.596,21.214,25.026,24.592
4273,142.433,5.669,5.573,bbox,17.596,21.25,25.026,24.592
4274,142.467,5.678,5.609,bbox,17.596,21.25,25.026,24.592
4275,142.5,5.369,5.609,pose,17.596,21.25,25.026,24.592
4276,142.533,5.681,5.669,bbox,17.596,21.25,25.026,24.592
4277,142.567,5.785,5.678,bbox,17.596,21.25,25.026,24.592
4278,142.6,5.847,5.681,bbox,17.596,21.25,25.026,24.592
4279,142.633,5.824,5.785,bbox,17.596,21.25,25.026,24.592
4280,142.667,2.706,5.785,bbox,17.596,21.25,25.026,24.592
4281,142.7,2.744,5.785,bbox,17.596,21.358,25.026,24.592
4282,142.733,,,,17.596,21.358,25.026,24.592
4283,142.767,2.742,2.744,bbox,17.596,21.358,25.026,24.592
4284,142.8,2.755,2.744,bbox,17.596,21.358,25.026,24.592
4285,142.833,,,,17.596,21.358,25.026,24.592
4286,142.867,,,,17.596,21.358,25.026,24.592
4287,142.9,,,,17.596,21.358,25.026,24.592
4288,142.933,,,,17.596,21.358,25.026,24.592
4289,142.967,,,,17.596,21.358,25.026,24.592
4290,143.0,,,,17.596,21.358,25.026,24.592
4291,143.033,,,,17.596,21.358,25.026,24.592
4292,143.067,,,,17.596,21.358,25.026,24.592
4293,143.1,,,,17.596,21.358,25.026,24.592
4294,143.133,,,,17.596,21.358,25.026,24.592
4295,143.167,,,,17.596,21.358,25.026,24.592
4296,143.2,,,,17.596,21.358,25.026,24.592
4297,143.233,,,,17.596,21.358,25.026,24.592
4298,143.267,,,,17.596,21.358,25.026,24.592
4299,143.3,,,,17.596,21.358,25.026,24.592
4300,143.333,,,,17.596,21.358,25.026,24.592
4301,143.367,3.194,2.744,bbox,17.596,21.391,25.067,24.592
4302,143.4,,,,17.596,21.391,25.067,24.592
4303,143.433,,,,17.596,21.391,25.067,24.592
4304,143.467,,,,17.596,21.391,25.067,24.592
4305,143.5,,,,17.596,21.391,25.067,24.592
4306,143.533,,,,17.596,21.391,25.067,24.592
4307,143.567,,,,17.596,21.391,25.067,24.592
4308,143.6,,,,17.596,21.391,25.067,24.592
4309,143.633,,,,17.596,21.391,25.067,24.592
4310,143.667,,,,17.596,21.391,25.067,24.592
4311,143.7,,,,17.596,21.391,25.067,24.592
4312,143.733,,,,17.596,21.391,25.067,24.592
4313,143.767,,,,17.596,21.391,25.067,24.592
4314,143.8,,,,17.596,21.391,25.067,24.592
4315,143.833,,,,17.596,21.391,25.067,24.592
4316,143.867,,,,17.596,21.391,25.067,24.592
4317,143.9,,,,17.596,21.391,25.067,24.592
4318,143.933,,,,17.596,21.391,25.067,24.592
4319,143.967,,,,17.596,21.391,25.067,24.592
4320,144.0,,,,17.596,21.391,25.067,24.592
4321,144.033,,,,17.596,21.391,25.067,24.592
4322,144.067,,,,17.596,21.391,25.067,24.592
4323,144.1,,,,17.596,21.391,25.067,24.592
4324,144.133,,,,17.596,21.391,25.067,24.592
4325,144.167,,,,17.596,21.391,25.067,24.592
4326,144.2,,,,17.596,21.391,25.067,24.592
4327,144.233,,,,17.596,21.391,25.067,24.592
4328,144.267,,,,17.596,21.391,25.067,24.592
4329,144.3,,,,17.596,21.391,25.067,24.592
4330,144.333,,,,17.596,21.391,25.067,24.592
4331,144.367,,,,17.596,21.391,25.067,24.592
4332,144.4,7.95,2.755,bbox,17.596,21.391,25.067,24.592
4333,144.433,8.004,3.194,bbox,17.596,21.391,25.067,24.628
4334,144.467,8.078,7.95,bbox,17.596,21.391,25.067,24.628
4335,144.5,7.725,7.95,pose,17.596,21.391,25.067,24.628
4336,144.533,8.161,8.004,bbox,17.596,21.391,25.067,24.675
4337,144.567,8.117,8.078,bbox,17.596,21.391,25.067,24.675
4338,144.6,7.073,8.078,pose,17.596,21.391,25.067,24.736
4339,144.633,,,,17.596,21.391,25.067,24.736
4340,144.667,,,,17.596,21.391,25.067,24.736
4341,144.7,,,,17.596,21.391,25.067,24.736
4342,144.733,,,,17.596,21.391,25.067,24.736
4343,144.767,,,,17.596,21.391,25.067,24.736
4344,144.8,,,,17.596,21.391,25.067,24.736
4345,144.833,,,,17.596,21.391,25.067,24.736
4346,144.867,,,,17.596,21.391,25.067,24.736
4347,144.9,,,,17.596,21.391,25.067,24.736
4348,144.933,,,,17.596,21.391,25.067,24.736
4349,144.967,,,,17.596,21.391,25.067,24.736
4350,145.0,,,,17.596,21.391,25.067,24.736
4351,145.033,,,,17.596,21.391,25.067,24.736
4352,145.067,,,,17.596,21.391,25.067,24.736
4353,145.1,,,,17.596,21.391,25.067,24.736
4354,145.133,,,,17.596,21.391,25.067,24.736
4355,145.167,,,,17.596,21.391,25.067,24.736
4356,145.2,,,,17.596,21.391,25.067,24.736
4357,145.233,,,,17.596,21.391,25.067,24.736
4358,145.267,,,,17.596,21.391,25.067,24.736
4359,145.3,7.28,7.725,pose,17.675,21.391,25.067,24.736
4360,145.333,7.711,7.711,bbox,17.675,21.391,25.122,24.736
4361,145.367,6.389,7.28,bbox,17.675,21.391,25.122,24.736
4362,145.4,,,,17.675,21.391,25.122,24.736
4363,145.433,,,,17.675,21.391,25.122,24.736
4364,145.467,,,,17.675,21.391,25.122,24.736
4365,145.5,7.419,7.28,pose,17.675,21.391,25.122,24.736
4366,145.533,7.497,7.419,bbox,17.675,21.391,25.122,24.736
4367,145.567,7.371,7.419,bbox,17.675,21.451,25.157,24.736
4368,145.6,3.566,7.371,pose,17.675,21.451,25.157,24.736
4369,145.633,,,,17.675,21.451,25.157,24.736
4370,145.667,,,,17.675,21.451,25.157,24.736
4371,145.7,,,,17.675,21.451,25.157,24.736
4372,145.733,,,,17.675,21.451,25.157,24.736
4373,145.767,,,,17.675,21.451,25.157,24.736
4374,145.8,,,,17.675,21.451,25.157,24.736
4375,145.833,,,,17.675,21.451,25.157,24.736
4376,145.867,,,,17.675,21.451,25.157,24.736
4377,145.9,,,,17.675,21.451,25.157,24.736
4378,145.933,,,,17.675,21.451,25.157,24.736
4379,145.967,,,,17.675,21.451,25.157,24.736
4380,146.0,,,,17.675,21.451,25.157,24.736
4381,146.033,,,,17.675,21.451,25.157,24.736
4382,146.067,,,,17.675,21.451,25.157,24.736
4383,146.1,,,,17.675,21.451,25.157,24.736
4384,146.133,,,,17.675,21.451,25.157,24.736
4385,146.167,,,,17.675,21.451,25.157,24.736
4386,146.2,,,,17.675,21.451,25.157,24.736
4387,146.233,,,,17.675,21.451,25.157,24.736
4388,146.267,,,,17.675,21.451,25.157,24.736
4389,146.3,,,,17.675,21.451,25.157,24.736
4390,146.333,,,,17.675,21.451,25.157,24.736
4391,146.367,,,,17.675,21.451,25.157,24.736
4392,146.4,,,,17.675,21.451,25.157,24.736
4393,146.433,,,,17.675,21.451,25.157,24.736
4394,146.467,,,,17.675,21.451,25.157,24.736
4395,146.5,,,,17.675,21.451,25.157,24.736
4396,146.533,,,,17.675,21.451,25.157,24.736
4397,146.567,,,,17.675,21.451,25.157,24.736
4398,146.6,,,,17.675,21.451,25.157,24.736
4399,146.633,,,,17.675,21.451,25.157,24.736
4400,146.667,,,,17.675,21.451,25.157,24.736
4401,146.7,,,,17.675,21.451,25.157,24.736
4402,146.733,,,,17.675,21.451,25.157,24.736
4403,146.767,,,,17.675,21.451,25.157,24.736
4404,146.8,,,,17.675,21.451,25.157,24.736
4405,146.833,,,,17.675,21.451,25.157,24.736
4406,146.867,,,,17.675,21.451,25.157,24.736
4407,146.9,,,,17.675,21.451,25.157,24.736
4408,146.933,,,,17.675,21.451,25.157,24.736
4409,146.967,,,,17.675,21.451,25.157,24.736
4410,147.0,,,,17.675,21.451,25.157,24.736
4411,147.033,,,,17.675,21.451,25.157,24.736
4412,147.067,,,,17.675,21.451,25.157,24.736
4413,147.1,,,,17.675,21.451,25.157,24.736
4414,147.133,,,,17.675,21.451,25.157,24.736
4415,147.167,,,,17.675,21.451,25.157,24.736
4416,147.2,,,,17.675,21.451,25.157,24.736
4417,147.233,,,,17.675,21.451,25.157,24.736
4418,147.267,,,,17.675,21.451,25.157,24.736
4419,147.3,,,,17.675,21.451,25.157,24.736
4420,147.333,,,,17.675,21.451,25.157,24.736
4421,147.367,,,,17.675,21.451,25.157,24.736
4422,147.4,,,,17.675,21.451,25.157,24.736
4423,147.433,,,,17.675,21.451,25.157,24.736
4424,147.467,,,,17.675,21.451,25.157,24.736
4425,147.5,,,,17.675,21.451,25.157,24.736
4426,147.533,,,,17.675,21.451,25.157,24.736
4427,147.567,,,,17.675,21.451,25.157,24.736
4428,147.6,4.821,7.371,pose,17.675,21.451,25.157,24.736
4429,147.633,,,,17.675,21.451,25.157,24.736
4430,147.667,,,,17.675,21.451,25.157,24.736
4431,147.7,,,,17.675,21.451,25.157,24.736
4432,147.733,4.542,4.821,bbox,17.675,21.451,25.157,24.736
4433,147.767,4.59,4.59,bbox,17.675,21.451,25.157,24.736
4434,147.8,4.948,4.59,pose,17.787,21.451,25.157,24.736
4435,147.833,4.552,4.59,bbox,17.818,21.451,25.157,24.736
4436,147.867,4.501,4.552,bbox,17.818,21.451,25.213,24.736
4437,147.9,4.482,4.552,bbox,17.818,21.451,25.213,24.736
4438,147.933,4.456,4.501,bbox,17.818,21.451,25.271,24.736
4439,147.967,4.428,4.482,bbox,17.818,21.451,25.271,24.736
4440,148.0,4.429,4.456,bbox,17.818,21.451,25.271,24.736
4441,148.033,4.443,4.443,bbox,17.818,21.451,25.271,24.736
4442,148.067,4.449,4.443,bbox,17.818,21.451,25.271,24.736
4443,148.1,5.174,4.443,pose,17.818,21.451,25.271,24.736
4444,148.133,4.419,4.443,bbox,17.818,21.451,25.271,24.736
4445,148.167,4.438,4.443,bbox,17.818,21.451,25.271,24.736
4446,148.2,4.776,4.449,bbox,17.818,21.451,25.271,24.736
4447,148.233,4.784,4.776,bbox,17.818,21.55,25.271,24.736
4448,148.267,4.444,4.444,bbox,17.943,21.55,25.271,24.736
4449,148.3,4.457,4.457,bbox,17.943,21.625,25.271,24.736
4450,148.333,4.429,4.457,bbox,17.943,21.625,25.271,24.736
4451,148.367,4.425,4.444,bbox,18.017,21.625,25.271,24.736
4452,148.4,4.721,4.444,pose,18.017,21.625,25.271,24.736
4453,148.433,1.852,4.429,bbox,18.017,21.625,25.271,24.736
4454,148.467,,,,18.017,21.625,25.271,24.736
4455,148.5,1.958,4.425,bbox,18.017,21.625,25.323,24.736
4456,148.533,2.064,2.064,bbox,18.017,21.625,25.323,24.736
4457,148.567,1.998,1.998,bbox,18.017,21.625,25.323,24.799
4458,148.6,3.581,1.998,pose,18.017,21.625,25.323,24.877
4459,148.633,5.041,2.064,bbox,18.017,21.625,25.323,24.877
4460,148.667,5.063,3.581,bbox,18.017,21.625,25.323,24.877
4461,148.7,4.387,4.387,bbox,18.017,21.625,25.323,24.877
4462,148.733,4.392,4.392,bbox,18.017,21.625,25.323,24.877
4463,148.767,5.254,5.041,bbox,18.017,21.625,25.323,24.877
4464,148.8,5.236,5.063,bbox,18.017,21.625,25.323,24.877
4465,148.833,5.266,5.236,bbox,18.017,21.625,25.323,25.003
4466,148.867,5.22,5.236,bbox,18.017,21.625,25.323,25.078
4467,148.9,5.194,5.236,bbox,18.017,21.625,25.323,25.121
4468,148.933,5.129,5.22,bbox,18.017,21.625,25.323,25.159
4469,148.967,5.104,5.194,bbox,18.017,21.625,25.323,25.159
4470,149.0,5.129,5.129,bbox,18.017,21.625,25.323,25.159
4471,149.033,5.184,5.129,bbox,18.017,21.625,25.323,25.221
4472,149.067,5.273,5.129,bbox,18.017,21.625,25.323,25.221
4473,149.1,3.625,5.129,pose,18.017,21.625,25.323,25.268
4474,149.133,5.394,5.184,bbox,18.017,21.625,25.323,25.268
4475,149.167,,,,18.017,21.625,25.323,25.268
4476,149.2,5.456,5.273,bbox,18.017,21.625,25.323,25.349
4477,149.233,,,,18.017,21.625,25.323,25.349
4478,149.267,,,,18.017,21.625,25.323,25.349
4479,149.3,5.585,5.394,bbox,18.017,21.625,25.323,25.349
4480,149.333,2.708,5.394,bbox,18.017,21.625,25.323,25.41
4481,149.367,,,,18.017,21.625,25.323,25.41
4482,149.4,,,,18.017,21.625,25.323,25.41
4483,149.433,,,,18.017,21.625,25.323,25.41
4484,149.467,4.33,5.394,bbox,18.017,21.625,25.323,25.41
4485,149.5,4.47,4.47,pose,18.017,21.625,25.323,25.41
4486,149.533,4.302,4.33,bbox,18.017,21.625,25.323,25.41
4487,149.567,4.346,4.33,bbox,18.017,21.625,25.323,25.45
4488,149.6,4.369,4.346,bbox,18.017,21.625,25.323,25.485
4489,149.633,5.992,4.369,bbox,18.017,21.701,25.323,25.485
4490,149.667,4.454,4.369,bbox,18.112,21.701,25.323,25.485
4491,149.7,,,,18.112,21.701,25.323,25.485
4492,149.733,,,,18.112,21.701,25.323,25.485
4493,149.767,4.443,4.443,bbox,18.112,21.701,25.323,25.485
4494,149.8,4.478,4.454,bbox,18.112,21.796,25.323,25.485
4495,149.833,4.461,4.461,bbox,18.207,21.796,25.323,25.485
4496,149.867,4.472,4.461,bbox,18.207,21.796,25.323,25.485
4497,149.9,4.511,4.472,bbox,18.207,21.796,25.323,25.485
4498,149.933,4.53,4.478,bbox,18.207,21.796,25.323,25.485
4499,149.967,4.548,4.511,bbox,18.207,21.796,25.323,25.485
4500,150.0,4.621,4.53,bbox,18.207,21.796,25.323,25.485
4501,150.033,4.629,4.548,bbox,18.207,21.796,25.323,25.485
4502,150.067,4.65,4.621,bbox,18.207,21.796,25.323,25.485
4503,150.1,4.648,4.629,bbox,18.207,21.796,25.323,25.485
4504,150.133,4.594,4.629,bbox,18.207,21.796,25.323,25.485
4505,150.167,4.6,4.629,bbox,18.207,21.796,25.323,25.485
4506,150.2,4.583,4.6,bbox,18.207,21.796,25.323,25.485
4507,150.233,4.639,4.6,bbox,18.207,21.796,25.323,25.485
4508,150.267,4.638,4.6,bbox,18.207,21.796,25.323,25.485
4509,150.3,4.657,4.638,bbox,18.207,21.796,25.323,25.485
4510,150.333,4.67,4.639,bbox,18.207,21.796,25.323,25.485
4511,150.367,4.663,4.657,bbox,18.207,21.796,25.323,25.485
4512,150.4,4.707,4.663,bbox,18.207,21.796,25.323,25.485
4513,150.433,4.704,4.67,bbox,18.207,21.796,25.323,25.485
4514,150.467,4.709,4.704,bbox,18.207,21.796,25.323,25.485
4515,150.5,6.241,4.707,bbox,18.207,21.796,25.323,25.485
4516,150.533,6.232,4.709,bbox,18.207,21.828,25.323,25.485
4517,150.567,6.234,6.232,bbox,18.207,21.828,25.323,25.485
4518,150.6,6.182,6.232,bbox,18.207,21.862,25.323,25.485
4519,150.633,4.636,6.232,bbox,18.207,21.862,25.323,25.485
4520,150.667,4.609,6.182,bbox,18.248,21.862,25.323,25.485
4521,150.7,,,,18.248,21.862,25.323,25.485
4522,150.733,4.606,4.636,bbox,18.248,21.862,25.323,25.485
4523,150.767,4.691,4.636,bbox,18.248,21.862,25.323,25.485
4524,150.8,,,,18.248,21.862,25.323,25.485
4525,150.833,4.741,4.636,bbox,18.248,21.862,25.323,25.485
4526,150.867,6.18,4.691,bbox,18.248,21.862,25.323,25.485
4527,150.9,6.188,4.741,bbox,18.248,21.862,25.323,25.485
4528,150.933,6.154,6.154,bbox,18.248,21.862,25.323,25.485
4529,150.967,6.188,6.18,bbox,18.248,21.862,25.323,25.485
4530,151.0,6.146,6.18,bbox,18.248,21.862,25.323,25.485
4531,151.033,6.141,6.154,bbox,18.248,21.862,25.323,25.485
4532,151.067,4.869,6.146,bbox,18.248,21.862,25.323,25.485
4533,151.1,4.885,6.141,bbox,18.327,21.862,25.323,25.485
4534,151.133,4.88,4.885,bbox,18.327,21.862,25.323,25.485
4535,151.167,4.838,4.88,bbox,18.393,21.862,25.323,25.485
4536,151.2,5.891,4.88,bbox,18.393,21.862,25.323,25.485
4537,151.233,4.837,4.88,bbox,18.393,21.862,25.323,25.485
4538,151.267,,,,18.393,21.862,25.323,25.485
4539,151.3,,,,18.393,21.862,25.323,25.485
4540,151.333,,,,18.393,21.862,25.323,25.485
4541,151.367,,,,18.393,21.862,25.323,25.485
4542,151.4,,,,18.393,21.862,25.323,25.485
4543,151.433,,,,18.393,21.862,25.323,25.485
4544,151.467,,,,18.393,21.862,25.323,25.485
4545,151.5,,,,18.393,21.862,25.323,25.485
4546,151.533,,,,18.393,21.862,25.323,25.485
4547,151.567,,,,18.393,21.862,25.323,25.485
4548,151.6,,,,18.393,21.862,25.323,25.485
4549,151.633,,,,18.393,21.862,25.323,25.485
4550,151.667,,,,18.393,21.862,25.323,25.485
4551,151.7,,,,18.393,21.862,25.323,25.485
4552,151.733,,,,18.393,21.862,25.323,25.485
4553,151.767,,,,18.393,21.862,25.323,25.485
4554,151.8,,,,18.393,21.862,25.323,25.485
4555,151.833,,,,18.393,21.862,25.323,25.485
4556,151.867,,,,18.393,21.862,25.323,25.485
4557,151.9,,,,18.393,21.862,25.323,25.485
4558,151.933,,,,18.393,21.862,25.323,25.485
4559,151.967,,,,18.393,21.862,25.323,25.485
4560,152.0,4.625,4.838,bbox,18.393,21.862,25.323,25.485
4561,152.033,4.604,4.837,bbox,18.393,21.862,25.323,25.485
4562,152.067,4.579,4.625,bbox,18.393,21.862,25.47,25.485
4563,152.1,4.577,4.604,bbox,18.393,21.862,25.512,25.485
4564,152.133,4.616,4.604,bbox,18.499,21.862,25.512,25.485
4565,152.167,4.498,4.579,bbox,18.499,21.862,25.552,25.485
4566,152.2,4.486,4.577,bbox,18.499,21.862,25.552,25.485
4567,152.233,4.479,4.498,bbox,18.499,21.862,25.621,25.485
4568,152.267,4.485,4.486,bbox,18.499,21.862,25.621,25.485
4569,152.3,6.191,4.486,pose,18.499,21.862,25.621,25.485
4570,152.333,,,,18.499,21.862,25.621,25.485
4571,152.367,,,,18.499,21.862,25.621,25.485
4572,152.4,,,,18.499,21.862,25.621,25.485
4573,152.433,4.36,4.485,bbox,18.499,21.862,25.621,25.485
4574,152.467,4.343,4.479,bbox,18.499,21.862,25.621,25.485
4575,152.5,4.342,4.36,bbox,18.499,21.862,25.661,25.485
4576,152.533,4.321,4.343,bbox,18.499,21.862,25.661,25.485
4577,152.567,4.264,4.342,bbox,18.499,21.862,25.701,25.485
4578,152.6,4.217,4.321,bbox,18.499,21.862,25.701,25.485
4579,152.633,4.156,4.264,bbox,18.499,21.862,25.701,25.485
4580,152.667,,,,18.499,21.862,25.701,25.485
4581,152.7,,,,18.499,21.862,25.701,25.485
4582,152.733,,,,18.499,21.862,25.701,25.485
4583,152.767,,,,18.499,21.862,25.701,25.485
4584,152.8,,,,18.499,21.862,25.701,25.485
4585,152.833,,,,18.499,21.862,25.701,25.485
4586,152.867,,,,18.499,21.862,25.701,25.485
4587,152.9,,,,18.499,21.862,25.701,25.485
4588,152.933,4.305,4.264,bbox,18.499,21.862,25.701,25.485
4589,152.967,4.264,4.264,bbox,18.499,21.862,25.701,25.485
4590,153.0,4.242,4.242,bbox,18.499,21.862,25.701,25.485
4591,153.033,4.228,4.242,bbox,18.499,21.862,25.701,25.517
4592,153.067,4.249,4.249,bbox,18.499,21.862,25.701,25.517
4593,153.1,4.24,4.242,bbox,18.499,21.862,25.701,25.517
4594,153.133,4.252,4.242,bbox,18.543,21.862,25.701,25.517
4595,153.167,4.267,4.249,bbox,18.543,21.862,25.701,25.517
4596,153.2,4.316,4.252,bbox,18.543,21.862,25.701,25.517
4597,153.233,4.344,4.267,bbox,18.543,21.862,25.701,25.517
4598,153.267,4.339,4.316,bbox,18.543,21.862,25.701,25.517
4599,153.3,4.353,4.339,bbox,18.543,21.862,25.701,25.517
4600,153.333,4.375,4.344,bbox,18.543,21.862,25.701,25.517
4601,153.367,4.384,4.353,bbox,18.543,21.862,25.701,25.517
4602,153.4,4.384,4.375,bbox,18.543,21.862,25.701,25.517
4603,153.433,4.4,4.384,bbox,18.543,21.862,25.701,25.517
4604,153.467,4.393,4.384,bbox,18.543,21.862,25.701,25.517
4605,153.5,4.413,4.393,bbox,18.543,21.862,25.701,25.517
4606,153.533,,,,18.543,21.862,25.701,25.517
4607,153.567,4.432,4.4,bbox,18.543,21.862,25.701,25.517
4608,153.6,,,,18.543,21.862,25.701,25.517
4609,153.633,,,,18.543,21.862,25.701,25.517
4610,153.667,,,,18.543,21.862,25.701,25.517
4611,153.7,,,,18.543,21.862,25.701,25.517
4612,153.733,,,,18.543,21.862,25.701,25.517
4613,153.767,,,,18.543,21.862,25.701,25.517
4614,153.8,,,,18.543,21.862,25.701,25.517
4615,153.833,4.313,4.4,bbox,18.543,21.862,25.701,25.517
4616,153.867,4.257,4.393,bbox,18.543,21.862,25.701,25.517
4617,153.9,4.243,4.313,bbox,18.543,21.862,25.846,25.517
4618,153.933,4.201,4.257,bbox,18.543,21.862,25.846,25.517
4619,153.967,,,,18.543,21.862,25.846,25.517
4620,154.0,,,,18.543,21.862,25.846,25.517
4621,154.033,4.078,4.243,bbox,18.543,21.862,25.846,25.517
4622,154.067,4.016,4.201,bbox,18.543,21.862,25.846,25.517
4623,154.1,3.992,4.078,bbox,18.543,21.862,25.922,25.517
4624,154.133,3.95,4.016,bbox,18.543,21.862,25.958,25.517
4625,154.167,3.89,3.992,bbox,18.543,21.862,25.958,25.517
4626,154.2,3.884,3.95,bbox,18.543,21.862,25.958,25.517
4627,154.233,3.853,3.89,bbox,18.543,21.862,25.958,25.517
4628,154.267,3.861,3.884,bbox,18.543,21.862,25.958,25.517
4629,154.3,3.864,3.864,bbox,18.543,21.862,25.958,25.517
4630,154.333,3.839,3.861,bbox,18.543,21.862,25.958,25.517
4631,154.367,3.853,3.853,bbox,18.543,21.862,25.958,25.517
4632,154.4,3.964,3.861,pose,18.543,21.862,25.958,25.517
4633,154.433,3.87,3.864,bbox,18.543,21.862,25.958,25.517
4634,154.467,3.869,3.869,bbox,18.543,21.862,25.958,25.517
4635,154.5,3.878,3.87,pose,18.543,21.862,25.958,25.517
4636,154.533,3.861,3.87,bbox,18.543,21.862,25.958,25.517
4637,154.567,3.835,3.869,bbox,18.543,21.862,25.958,25.517
4638,154.6,3.798,3.861,bbox,18.543,21.862,25.994,25.517
4639,154.633,3.761,3.835,bbox,18.573,21.862,25.994,25.517
4640,154.667,3.775,3.798,bbox,18.573,21.862,25.994,25.517
4641,154.7,3.774,3.775,bbox,18.63,21.862,25.994,25.517
4642,154.733,3.748,3.774,bbox,18.63,21.862,25.994,25.517
4643,154.767,3.681,3.761,bbox,18.668,21.862,25.994,25.517
4644,154.8,3.609,3.748,bbox,18.704,21.862,26.036,25.517
4645,154.833,3.552,3.681,bbox,18.758,21.862,26.088,25.517
4646,154.867,3.539,3.609,bbox,18.758,21.862,26.17,25.517
4647,154.9,3.412,3.552,pose,18.758,21.862,26.233,25.517
4648,154.933,3.519,3.539,bbox,18.758,21.862,26.233,25.517
4649,154.967,3.454,3.519,bbox,18.758,21.862,26.233,25.517
4650,155.0,3.383,3.454,bbox,18.758,21.862,26.233,25.517
4651,155.033,3.317,3.412,bbox,18.8,21.862,26.233,25.517
4652,155.067,3.181,3.383,bbox,18.8,21.862,26.233,25.517
4653,155.1,3.099,3.317,bbox,18.8,21.862,26.233,25.517
4654,155.133,3.036,3.181,bbox,18.8,21.862,26.306,25.517
4655,155.167,2.968,3.099,bbox,18.8,21.862,26.373,25.517
4656,155.2,3.471,3.099,pose,18.8,21.862,26.373,25.517
4657,155.233,2.926,3.036,bbox,18.8,21.862,26.414,25.517
4658,155.267,2.944,2.968,bbox,18.8,21.862,26.465,25.517
4659,155.3,3.049,2.968,pose,18.8,21.862,26.465,25.517
4660,155.333,2.959,2.959,bbox,18.8,21.862,26.526,25.517
4661,155.367,2.931,2.944,bbox,18.8,21.862,26.526,25.517
4662,155.4,3.336,2.959,pose,18.8,21.862,26.526,25.517
4663,155.433,2.867,2.959,bbox,18.8,21.862,26.556,25.517
4664,155.467,2.819,2.931,bbox,18.8,21.862,26.556,25.517
4665,155.5,3.448,2.931,pose,18.8,21.862,26.556,25.517
4666,155.533,2.8,2.867,bbox,18.8,21.862,26.556,25.517
4667,155.567,2.774,2.819,bbox,18.8,21.862,26.556,25.517
4668,155.6,2.624,2.8,pose,18.8,21.862,26.556,25.517
4669,155.633,2.843,2.8,bbox,18.8,21.862,26.556,25.517
4670,155.667,2.85,2.8,bbox,18.8,21.862,26.556,25.517
4671,155.7,2.876,2.843,bbox,18.8,21.862,26.556,25.517
4672,155.733,2.876,2.85,bbox,18.8,21.862,26.556,25.517
4673,155.767,2.845,2.85,bbox,18.8,21.862,26.556,25.517
4674,155.8,2.789,2.85,bbox,18.832,21.862,26.556,25.517
4675,155.833,2.675,2.845,bbox,18.981,21.862,26.556,25.517
4676,155.867,2.503,2.789,bbox,18.981,21.862,26.556,25.517
4677,155.9,2.398,2.675,bbox,19.092,21.862,26.556,25.517
4678,155.933,2.432,2.503,bbox,19.156,21.862,26.615,25.517
4679,155.967,2.428,2.432,bbox,19.156,21.862,26.687,25.517
4680,156.0,2.423,2.428,bbox,19.187,21.862,26.724,25.517
4681,156.033,2.429,2.428,bbox,19.187,21.862,26.724,25.517
4682,156.067,2.439,2.429,bbox,19.187,21.862,26.724,25.517
4683,156.1,2.537,2.429,bbox,19.187,21.862,26.724,25.517
4684,156.133,2.558,2.439,bbox,19.187,21.903,26.724,25.517
4685,156.167,2.553,2.537,bbox,19.187,21.952,26.724,25.517
4686,156.2,4.98,2.553,pose,19.187,21.952,26.724,25.517
4687,156.233,2.584,2.558,bbox,19.187,21.952,26.724,25.517
4688,156.267,2.669,2.584,bbox,19.187,21.989,26.724,25.517
4689,156.3,2.773,2.669,bbox,19.187,21.989,26.724,25.567
4690,156.333,2.88,2.773,bbox,19.187,22.065,26.724,25.67
4691,156.367,2.93,2.773,bbox,19.187,22.11,26.724,25.67
4692,156.4,3.997,2.88,pose,19.187,22.11,26.724,25.735
4693,156.433,3.052,2.93,bbox,19.187,22.173,26.724,25.766
4694,156.467,3.064,3.052,bbox,19.187,22.22,26.724,25.766
4695,156.5,3.131,3.064,bbox,19.187,22.22,26.724,25.766
4696,156.533,3.152,3.131,bbox,19.187,22.301,26.724,25.766
4697,156.567,3.19,3.131,bbox,19.187,22.338,26.724,25.766
4698,156.6,3.141,3.141,bbox,19.187,22.406,26.724,25.766
4699,156.633,3.109,3.141,bbox,19.187,22.439,26.724,25.766
4700,156.667,3.007,3.141,bbox,19.187,22.439,26.724,25.766
4701,156.7,2.929,3.109,bbox,19.187,22.439,26.724,25.766
4702,156.733,2.874,3.007,bbox,19.187,22.439,26.768,25.766
4703,156.767,2.918,2.929,bbox,19.187,22.439,26.826,25.766
4704,156.8,3.661,2.929,pose,19.187,22.482,26.826,25.766
4705,156.833,2.927,2.927,bbox,19.187,22.482,26.865,25.766
4706,156.867,2.96,2.927,bbox,19.187,22.482,26.865,25.766
4707,156.9,2.988,2.96,bbox,19.187,22.482,26.929,25.766
4708,156.933,2.879,2.96,bbox,19.187,22.482,26.929,25.766
4709,156.967,2.89,2.927,bbox,19.187,22.482,26.978,25.766
4710,157.0,2.987,2.96,bbox,19.187,22.482,26.978,25.766
4711,157.033,2.97,2.97,bbox,19.187,22.482,27.025,25.766
4712,157.067,,,,19.187,22.482,27.025,25.766
4713,157.1,,,,19.187,22.482,27.025,25.766
4714,157.133,,,,19.187,22.482,27.025,25.766
4715,157.167,,,,19.187,22.482,27.025,25.766
4716,157.2,,,,19.187,22.482,27.025,25.766
4717,157.233,3.283,2.97,bbox,19.187,22.523,27.056,25.766
4718,157.267,,,,19.187,22.523,27.056,25.766
4719,157.3,,,,19.187,22.523,27.056,25.766
4720,157.333,,,,19.187,22.523,27.056,25.766
4721,157.367,,,,19.187,22.523,27.056,25.766
4722,157.4,,,,19.187,22.523,27.056,25.766
4723,157.433,,,,19.187,22.523,27.056,25.766
4724,157.467,,,,19.187,22.523,27.056,25.766
4725,157.5,,,,19.187,22.523,27.056,25.766
4726,157.533,,,,19.187,22.523,27.056,25.766
4727,157.567,,,,19.187,22.523,27.056,25.766
4728,157.6,,,,19.187,22.523,27.056,25.766
4729,157.633,,,,19.187,22.523,27.056,25.766
4730,157.667,2.732,2.97,bbox,19.187,22.584,27.056,25.766
4731,157.7,2.743,2.97,pose,19.187,22.584,27.056,25.766
4732,157.733,2.75,2.75,bbox,19.187,22.584,27.056,25.766
4733,157.767,2.738,2.743,bbox,19.187,22.584,27.056,25.766
4734,157.8,2.166,2.738,pose,19.187,22.584,27.177,25.766
4735,157.833,,,,19.187,22.584,27.177,25.766
4736,157.867,,,,19.187,22.584,27.177,25.766
4737,157.9,,,,19.187,22.584,27.177,25.766
4738,157.933,,,,19.187,22.584,27.177,25.766
4739,157.967,,,,19.187,22.584,27.177,25.766
4740,158.0,,,,19.187,22.584,27.177,25.766
4741,158.033,,,,19.187,22.584,27.177,25.766
4742,158.067,,,,19.187,22.584,27.177,25.766
4743,158.1,,,,19.187,22.584,27.177,25.766
4744,158.133,,,,19.187,22.584,27.177,25.766
4745,158.167,,,,19.187,22.584,27.177,25.766
4746,158.2,,,,19.187,22.584,27.177,25.766
4747,158.233,,,,19.187,22.584,27.177,25.766
4748,158.267,,,,19.187,22.584,27.177,25.766
4749,158.3,,,,19.187,22.584,27.177,25.766
4750,158.333,,,,19.187,22.584,27.177,25.766
4751,158.367,,,,19.187,22.584,27.177,25.766
4752,158.4,,,,19.187,22.584,27.177,25.766
4753,158.433,,,,19.187,22.584,27.177,25.766
4754,158.467,,,,19.187,22.584,27.177,25.766
4755,158.5,,,,19.187,22.584,27.177,25.766
4756,158.533,,,,19.187,22.584,27.177,25.766
4757,158.567,,,,19.187,22.584,27.177,25.766
4758,158.6,,,,19.187,22.584,27.177,25.766
4759,158.633,,,,19.187,22.584,27.177,25.766
4760,158.667,,,,19.187,22.584,27.177,25.766
4761,158.7,,,,19.187,22.584,27.177,25.766
4762,158.733,,,,19.187,22.584,27.177,25.766
4763,158.767,,,,19.187,22.584,27.177,25.766
4764,158.8,,,,19.187,22.584,27.177,25.766
4765,158.833,,,,19.187,22.584,27.177,25.766
4766,158.867,1.641,2.738,bbox,19.241,22.584,27.177,25.766
4767,158.9,1.596,2.166,bbox,19.241,22.584,27.177,25.766
4768,158.933,1.458,1.641,bbox,19.241,22.584,27.177,25.766
4769,158.967,1.447,1.596,bbox,19.369,22.584,27.177,25.766
4770,159.0,3.209,1.596,pose,19.445,22.584,27.177,25.844
4771,159.033,1.328,1.458,bbox,19.445,22.584,27.177,25.844
4772,159.067,1.331,1.447,bbox,19.445,22.584,27.177,25.94
4773,159.1,1.111,1.331,pose,19.445,22.584,27.177,25.974
4774,159.133,1.188,1.328,bbox,19.579,22.584,27.177,25.974
4775,159.167,1.183,1.188,bbox,19.579,22.584,27.177,26.093
4776,159.2,0.977,1.183,pose,19.678,22.584,27.177,26.093
4777,159.233,1.112,1.112,bbox,19.678,22.584,27.177,26.135
4778,159.267,1.129,1.129,bbox,19.678,22.584,27.177,26.237
4779,159.3,1.104,1.112,bbox,19.714,22.584,27.177,26.237
4780,159.333,1.088,1.104,bbox,19.714,22.584,27.177,26.237
4781,159.367,1.087,1.104,bbox,19.714,22.584,27.177,26.329
4782,159.4,0.745,1.088,pose,19.714,22.584,27.177,26.388
4783,159.433,0.994,1.087,bbox,19.714,22.584,27.177,26.388
4784,159.467,0.989,0.994,bbox,19.714,22.584,27.177,26.462
4785,159.5,0.803,0.989,pose,19.803,22.584,27.177,26.515
4786,159.533,0.957,0.957,bbox,19.878,22.584,27.177,26.575
4787,159.567,1.022,0.989,bbox,19.909,22.584,27.177,26.63
4788,159.6,0.926,0.957,bbox,20.056,22.584,27.177,26.706
4789,159.633,0.919,0.926,bbox,20.091,22.584,27.177,26.749
4790,159.667,0.931,0.931,bbox,20.091,22.584,27.177,26.816
4791,159.7,0.985,0.931,bbox,20.212,22.584,27.177,26.816
4792,159.733,0.994,0.931,bbox,20.212,22.584,27.177,26.847
4793,159.767,1.02,0.985,bbox,20.244,22.584,27.177,26.892
4794,159.8,2.001,0.994,pose,20.279,22.584,27.177,26.892
4795,159.833,1.016,1.016,bbox,20.328,22.584,27.177,26.925
4796,159.867,1.056,1.02,bbox,20.409,22.584,27.177,26.925
4797,159.9,0.969,1.02,pose,20.461,22.584,27.177,27.018
4798,159.933,1.082,1.056,bbox,20.505,22.584,27.177,27.069
4799,159.967,1.092,1.056,bbox,20.544,22.584,27.177,27.069
4800,160.0,1.133,1.082,bbox,20.593,22.584,27.177,27.142
4801,160.033,1.107,1.092,bbox,20.627,22.584,27.177,27.182
4802,160.067,1.078,1.092,bbox,20.683,22.584,27.177,27.236
4803,160.1,1.081,1.092,pose,20.714,22.584,27.177,27.236
4804,160.133,1.075,1.081,bbox,20.752,22.584,27.177,27.283
4805,160.167,1.104,1.081,bbox,20.752,22.584,27.177,27.322
4806,160.2,4.995,1.081,pose,20.792,22.584,27.177,27.322
4807,160.233,1.142,1.104,bbox,20.833,22.584,27.177,27.387
4808,160.267,1.146,1.142,bbox,20.869,22.584,27.177,27.387
4809,160.3,1.155,1.146,bbox,20.869,22.584,27.177,27.47
4810,160.333,1.101,1.146,bbox,20.869,22.584,27.177,27.47
4811,160.367,1.129,1.142,bbox,20.869,22.584,27.177,27.47
4812,160.4,1.206,1.146,bbox,20.869,22.584,27.177,27.47
4813,160.433,1.211,1.155,bbox,20.912,22.584,27.177,27.561
4814,160.467,1.208,1.206,bbox,20.959,22.584,27.177,27.637
4815,160.5,,,,20.959,22.584,27.177,27.637
4816,160.533,,,,20.959,22.584,27.177,27.637
4817,160.567,,,,20.959,22.584,27.177,27.637
4818,160.6,,,,20.959,22.584,27.177,27.637
4819,160.633,,,,20.959,22.584,27.177,27.637
4820,160.667,,,,20.959,22.584,27.177,27.637
4821,160.7,,,,20.959,22.584,27.177,27.637
4822,160.733,,,,20.959,22.584,27.177,27.637
4823,160.767,,,,20.959,22.584,27.177,27.637
4824,160.8,,,,20.959,22.584,27.177,27.637
4825,160.833,,,,20.959,22.584,27.177,27.637
4826,160.867,,,,20.959,22.584,27.177,27.637
4827,160.9,,,,20.959,22.584,27.177,27.637
4828,160.933,1.97,1.208,bbox,20.959,22.584,27.177,27.678
4829,160.967,,,,20.959,22.584,27.177,27.678
4830,161.0,,,,20.959,22.584,27.177,27.678
4831,161.033,2.17,1.211,bbox,20.959,22.709,27.177,27.716
4832,161.067,2.23,1.97,bbox,20.959,22.709,27.177,27.716
4833,161.1,2.359,2.17,bbox,20.959,22.788,27.177,27.862
4834,161.133,2.468,2.23,bbox,20.959,22.82,27.177,27.862
4835,161.167,2.489,2.359,bbox,20.959,22.889,27.177,27.892
4836,161.2,2.517,2.468,bbox,20.959,22.986,27.177,27.924
4837,161.233,,,,20.959,22.986,27.177,27.924
4838,161.267,,,,20.959,22.986,27.177,27.924
4839,161.3,,,,20.959,22.986,27.177,27.924
4840,161.333,,,,20.959,22.986,27.177,27.924
4841,161.367,,,,20.959,22.986,27.177,27.924
4842,161.4,,,,20.959,22.986,27.177,27.924
4843,161.433,,,,20.959,22.986,27.177,27.924
4844,161.467,,,,20.959,22.986,27.177,27.924
4845,161.5,,,,20.959,22.986,27.177,27.924
4846,161.533,,,,20.959,22.986,27.177,27.924
4847,161.567,,,,20.959,22.986,27.177,27.924
4848,161.6,,,,20.959,22.986,27.177,27.924
4849,161.633,,,,20.959,22.986,27.177,27.924
4850,161.667,,,,20.959,22.986,27.177,27.924
4851,161.7,,,,20.959,22.986,27.177,27.924
4852,161.733,,,,20.959,22.986,27.177,27.924
4853,161.767,,,,20.959,22.986,27.177,27.924
4854,161.8,,,,20.959,22.986,27.177,27.924
4855,161.833,,,,20.959,22.986,27.177,27.924
4856,161.867,3.731,2.489,bbox,20.959,22.986,27.177,27.924
4857,161.9,3.806,2.517,bbox,20.959,23.018,27.177,27.924
4858,161.933,,,,20.959,23.018,27.177,27.924
4859,161.967,,,,20.959,23.018,27.177,27.924
4860,162.0,,,,20.959,23.018,27.177,27.924
4861,162.033,,,,20.959,23.018,27.177,27.924
4862,162.067,,,,20.959,23.018,27.177,27.924
4863,162.1,,,,20.959,23.018,27.177,27.924
4864,162.133,,,,20.959,23.018,27.177,27.924
4865,162.167,,,,20.959,23.018,27.177,27.924
4866,162.2,,,,20.959,23.018,27.177,27.924
4867,162.233,,,,20.959,23.018,27.177,27.924
4868,162.267,,,,20.959,23.018,27.177,27.924
4869,162.3,,,,20.959,23.018,27.177,27.924
4870,162.333,,,,20.959,23.018,27.177,27.924
4871,162.367,,,,20.959,23.018,27.177,27.924
4872,162.4,,,,20.959,23.018,27.177,27.924
4873,162.433,,,,20.959,23.018,27.177,27.924
4874,162.467,,,,20.959,23.018,27.177,27.924
4875,162.5,,,,20.959,23.018,27.177,27.924
4876,162.533,,,,20.959,23.018,27.177,27.924
4877,162.567,,,,20.959,23.018,27.177,27.924
4878,162.6,,,,20.959,23.018,27.177,27.924
4879,162.633,,,,20.959,23.018,27.177,27.924
4880,162.667,,,,20.959,23.018,27.177,27.924
4881,162.7,,,,20.959,23.018,27.177,27.924
4882,162.733,,,,20.959,23.018,27.177,27.924
4883,162.767,,,,20.959,23.018,27.177,27.924
4884,162.8,,,,20.959,23.018,27.177,27.924
4885,162.833,,,,20.959,23.018,27.177,27.924
4886,162.867,,,,20.959,23.018,27.177,27.924
4887,162.9,,,,20.959,23.018,27.177,27.924
4888,162.933,,,,20.959,23.018,27.177,27.924
4889,162.967,,,,20.959,23.018,27.177,27.924
4890,163.0,,,,20.959,23.018,27.177,27.924
4891,163.033,,,,20.959,23.018,27.177,27.924
4892,163.067,,,,20.959,23.018,27.177,27.924
4893,163.1,,,,20.959,23.018,27.177,27.924
4894,163.133,0.766,2.517,bbox,20.959,23.018,27.177,27.924
4895,163.167,0.86,2.517,bbox,21.092,23.018,27.177,27.924
4896,163.2,,,,21.092,23.018,27.177,27.924
4897,163.233,,,,21.092,23.018,27.177,27.924
4898,163.267,,,,21.092,23.018,27.177,27.924
4899,163.3,,,,21.092,23.018,27.177,27.924
4900,163.333,,,,21.092,23.018,27.177,27.924
4901,163.367,,,,21.092,23.018,27.177,27.924
4902,163.4,,,,21.092,23.018,27.177,27.924
4903,163.433,,,,21.092,23.018,27.177,27.924
4904,163.467,,,,21.092,23.018,27.177,27.924
4905,163.5,7.258,3.731,pose,21.092,23.018,27.177,28.069
4906,163.533,,,,21.092,23.018,27.177,28.069
4907,163.567,,,,21.092,23.018,27.177,28.069
4908,163.6,,,,21.092,23.018,27.177,28.069
4909,163.633,6.76,3.806,bbox,21.092,23.018,27.297,28.069
4910,163.667,,,,21.092,23.018,27.297,28.069
4911,163.7,,,,21.092,23.018,27.297,28.069
4912,163.733,,,,21.092,23.018,27.297,28.069
4913,163.767,,,,21.092,23.018,27.297,28.069
4914,163.8,,,,21.092,23.018,27.297,28.069
4915,163.833,,,,21.092,23.018,27.297,28.069
4916,163.867,,,,21.092,23.018,27.297,28.069
4917,163.9,,,,21.092,23.018,27.297,28.069
4918,163.933,,,,21.092,23.018,27.297,28.069
4919,163.967,,,,21.092,23.018,27.297,28.069
4920,164.0,,,,21.092,23.018,27.297,28.069
4921,164.033,,,,21.092,23.018,27.297,28.069
4922,164.067,6.401,6.401,bbox,21.092,23.018,27.297,28.069
4923,164.1,,,,21.092,23.018,27.297,28.069
4924,164.133,,,,21.092,23.018,27.297,28.069
4925,164.167,,,,21.092,23.018,27.297,28.069
4926,164.2,,,,21.092,23.018,27.297,28.069
4927,164.233,,,,21.092,23.018,27.297,28.069
4928,164.267,,,,21.092,23.018,27.297,28.069
4929,164.3,,,,21.092,23.018,27.297,28.069
4930,164.333,,,,21.092,23.018,27.297,28.069
4931,164.367,,,,21.092,23.018,27.297,28.069
4932,164.4,,,,21.092,23.018,27.297,28.069
4933,164.433,,,,21.092,23.018,27.297,28.069
4934,164.467,,,,21.092,23.018,27.297,28.069
4935,164.5,,,,21.092,23.018,27.297,28.069
4936,164.533,,,,21.092,23.018,27.297,28.069
4937,164.567,,,,21.092,23.018,27.297,28.069
4938,164.6,,,,21.092,23.018,27.297,28.069
4939,164.633,,,,21.092,23.018,27.297,28.069
4940,164.667,,,,21.092,23.018,27.297,28.069
4941,164.7,,,,21.092,23.018,27.297,28.069
4942,164.733,,,,21.092,23.018,27.297,28.069
4943,164.767,,,,21.092,23.018,27.297,28.069
4944,164.8,,,,21.092,23.018,27.297,28.069
4945,164.833,,,,21.092,23.018,27.297,28.069
4946,164.867,,,,21.092,23.018,27.297,28.069
4947,164.9,,,,21.092,23.018,27.297,28.069
4948,164.933,5.336,6.401,bbox,21.092,23.018,27.297,28.069
4949,164.967,5.268,6.401,bbox,21.092,23.018,27.297,28.069
4950,165.0,,,,21.092,23.018,27.297,28.069
4951,165.033,5.148,5.336,bbox,21.092,23.018,27.297,28.069
4952,165.067,,,,21.092,23.018,27.297,28.069
4953,165.1,,,,21.092,23.018,27.297,28.069
4954,165.133,,,,21.092,23.018,27.297,28.069
4955,165.167,,,,21.092,23.018,27.297,28.069
4956,165.2,,,,21.092,23.018,27.297,28.069
4957,165.233,,,,21.092,23.018,27.297,28.069
4958,165.267,,,,21.092,23.018,27.297,28.069
4959,165.3,5.01,5.268,pose,21.141,23.018,27.328,28.069
4960,165.333,4.796,5.148,bbox,21.267,23.018,27.358,28.069
4961,165.367,4.75,5.01,bbox,21.267,23.018,27.416,28.069
4962,165.4,4.73,4.796,bbox,21.267,23.018,27.508,28.069
4963,165.433,,,,21.267,23.018,27.508,28.069
4964,165.467,4.675,4.75,bbox,21.267,23.018,27.596,28.069
4965,165.5,4.695,4.73,bbox,21.267,23.018,27.596,28.069
4966,165.533,,,,21.267,23.018,27.596,28.069
4967,165.567,,,,21.267,23.018,27.596,28.069
4968,165.6,4.473,4.695,pose,21.267,23.018,27.596,28.069
4969,165.633,,,,21.267,23.018,27.596,28.069
4970,165.667,4.705,4.695,bbox,21.267,23.018,27.644,28.069
4971,165.7,4.751,4.695,pose,21.267,23.018,27.691,28.069
4972,165.733,,,,21.267,23.018,27.691,28.069
4973,165.767,4.631,4.695,bbox,21.267,23.018,27.691,28.069
4974,165.8,4.828,4.705,pose,21.267,23.082,27.691,28.069
4975,165.833,4.577,4.705,bbox,21.267,23.082,27.691,28.069
4976,165.867,4.519,4.631,bbox,21.267,23.082,27.691,28.069
4977,165.9,4.78,4.631,pose,21.267,23.082,27.691,28.069
4978,165.933,,,,21.267,23.082,27.691,28.069
4979,165.967,,,,21.267,23.082,27.691,28.069
4980,166.0,,,,21.267,23.082,27.691,28.069
4981,166.033,,,,21.267,23.082,27.691,28.069
4982,166.067,,,,21.267,23.082,27.691,28.069
4983,166.1,,,,21.267,23.082,27.691,28.069
4984,166.133,,,,21.267,23.082,27.691,28.069
4985,166.167,,,,21.267,23.082,27.691,28.069
4986,166.2,,,,21.267,23.082,27.691,28.069
4987,166.233,,,,21.267,23.082,27.691,28.069
4988,166.267,,,,21.267,23.082,27.691,28.069
4989,166.3,,,,21.267,23.082,27.691,28.069
4990,166.333,,,,21.267,23.082,27.691,28.069
4991,166.367,,,,21.267,23.082,27.691,28.069
4992,166.4,,,,21.267,23.082,27.691,28.069
4993,166.433,,,,21.267,23.082,27.691,28.069
4994,166.467,,,,21.267,23.082,27.691,28.069
4995,166.5,,,,21.267,23.082,27.691,28.069
4996,166.533,,,,21.267,23.082,27.691,28.069
4997,166.567,,,,21.267,23.082,27.691,28.069
4998,166.6,,,,21.267,23.082,27.691,28.069
4999,166.633,,,,21.267,23.082,27.691,28.069
5000,166.667,,,,21.267,23.082,27.691,28.069
5001,166.7,,,,21.267,23.082,27.691,28.069
5002,166.733,,,,21.267,23.082,27.691,28.069
5003,166.767,,,,21.267,23.082,27.691,28.069
5004,166.8,,,,21.267,23.082,27.691,28.069
5005,166.833,,,,21.267,23.082,27.691,28.069
5006,166.867,,,,21.267,23.082,27.691,28.069
5007,166.9,,,,21.267,23.082,27.691,28.069
5008,166.933,,,,21.267,23.082,27.691,28.069
5009,166.967,,,,21.267,23.082,27.691,28.069
5010,167.0,,,,21.267,23.082,27.691,28.069
5011,167.033,,,,21.267,23.082,27.691,28.069
5012,167.067,,,,21.267,23.082,27.691,28.069
5013,167.1,,,,21.267,23.082,27.691,28.069
5014,167.133,,,,21.267,23.082,27.691,28.069
5015,167.167,,,,21.267,23.082,27.691,28.069
5016,167.2,,,,21.267,23.082,27.691,28.069
5017,167.233,,,,21.267,23.082,27.691,28.069
5018,167.267,,,,21.267,23.082,27.691,28.069
5019,167.3,,,,21.267,23.082,27.691,28.069
5020,167.333,,,,21.267,23.082,27.691,28.069
5021,167.367,,,,21.267,23.082,27.691,28.069
5022,167.4,,,,21.267,23.082,27.691,28.069
5023,167.433,,,,21.267,23.082,27.691,28.069
5024,167.467,5.357,4.78,bbox,21.267,23.082,27.691,28.069
5025,167.5,5.348,4.78,bbox,21.267,23.082,27.691,28.069
5026,167.533,,,,21.267,23.082,27.691,28.069
5027,167.567,,,,21.267,23.082,27.691,28.069
5028,167.6,,,,21.267,23.082,27.691,28.069
5029,167.633,,,,21.267,23.082,27.691,28.069
5030,167.667,,,,21.267,23.082,27.691,28.069
5031,167.7,,,,21.267,23.082,27.691,28.069
5032,167.733,,,,21.267,23.082,27.691,28.069
5033,167.767,,,,21.267,23.082,27.691,28.069
5034,167.8,,,,21.267,23.082,27.691,28.069
5035,167.833,,,,21.267,23.082,27.691,28.069
5036,167.867,,,,21.267,23.082,27.691,28.069
5037,167.9,,,,21.267,23.082,27.691,28.069
5038,167.933,,,,21.267,23.082,27.691,28.069
5039,167.967,,,,21.267,23.082,27.691,28.069
5040,168.0,,,,21.267,23.082,27.691,28.069
5041,168.033,,,,21.267,23.082,27.691,28.069
5042,168.067,,,,21.267,23.082,27.691,28.069
5043,168.1,5.101,5.101,bbox,21.379,23.082,27.691,28.069
5044,168.133,,,,21.379,23.082,27.691,28.069
5045,168.167,,,,21.379,23.082,27.691,28.069
5046,168.2,,,,21.379,23.082,27.691,28.069
5047,168.233,,,,21.379,23.082,27.691,28.069
5048,168.267,,,,21.379,23.082,27.691,28.069
5049,168.3,,,,21.379,23.082,27.691,28.069
5050,168.333,4.952,5.101,bbox,21.379,23.082,27.691,28.069
5051,168.367,,,,21.379,23.082,27.691,28.069
5052,168.4,,,,21.379,23.082,27.691,28.069
5053,168.433,,,,21.379,23.082,27.691,28.069
5054,168.467,,,,21.379,23.082,27.691,28.069
5055,168.5,,,,21.379,23.082,27.691,28.069
5056,168.533,,,,21.379,23.082,27.691,28.069
5057,168.567,,,,21.379,23.082,27.691,28.069
5058,168.6,5.078,5.101,bbox,21.379,23.132,27.777,28.069
5059,168.633,5.097,5.097,bbox,21.379,23.132,27.777,28.069
5060,168.667,5.135,5.097,bbox,21.379,23.132,27.777,28.069
5061,168.7,5.187,5.097,bbox,21.379,23.132,27.777,28.069
5062,168.733,5.194,5.135,bbox,21.379,23.187,27.777,28.069
5063,168.767,5.207,5.187,bbox,21.379,23.187,27.777,28.069
5064,168.8,5.219,5.194,bbox,21.379,23.187,27.777,28.069
5065,168.833,5.238,5.207,bbox,21.379,23.234,27.777,28.069
5066,168.867,5.26,5.219,bbox,21.379,23.234,27.777,28.069
5067,168.9,6.843,5.238,bbox,21.379,23.267,27.777,28.069
5068,168.933,3.689,5.238,bbox,21.379,23.267,27.777,28.069
5069,168.967,,,,21.379,23.267,27.777,28.069
5070,169.0,,,,21.379,23.267,27.777,28.069
5071,169.033,,,,21.379,23.267,27.777,28.069
5072,169.067,,,,21.379,23.267,27.777,28.069
5073,169.1,,,,21.379,23.267,27.777,28.069
5074,169.133,,,,21.379,23.267,27.777,28.069
5075,169.167,,,,21.379,23.267,27.777,28.069
5076,169.2,,,,21.379,23.267,27.777,28.069
5077,169.233,,,,21.379,23.267,27.777,28.069
5078,169.267,,,,21.379,23.267,27.777,28.069
5079,169.3,,,,21.379,23.267,27.777,28.069
5080,169.333,,,,21.379,23.267,27.777,28.069
5081,169.367,,,,21.379,23.267,27.777,28.069
5082,169.4,,,,21.379,23.267,27.777,28.069
5083,169.433,,,,21.379,23.267,27.777,28.069
5084,169.467,,,,21.379,23.267,27.777,28.069
5085,169.5,,,,21.379,23.267,27.777,28.069
5086,169.533,,,,21.379,23.267,27.777,28.069
5087,169.567,,,,21.379,23.267,27.777,28.069
5088,169.6,,,,21.379,23.267,27.777,28.069
5089,169.633,,,,21.379,23.267,27.777,28.069
5090,169.667,,,,21.379,23.267,27.777,28.069
5091,169.7,,,,21.379,23.267,27.777,28.069
5092,169.733,,,,21.379,23.267,27.777,28.069
5093,169.767,,,,21.379,23.267,27.777,28.069
5094,169.8,,,,21.379,23.267,27.777,28.069
5095,169.833,,,,21.379,23.267,27.777,28.069
5096,169.867,,,,21.379,23.267,27.777,28.069
5097,169.9,,,,21.379,23.267,27.777,28.069
5098,169.933,,,,21.379,23.267,27.777,28.069
5099,169.967,6.567,5.26,bbox,21.379,23.267,27.777,28.069
5100,170.0,6.512,6.512,pose,21.379,23.307,27.777,28.069
5101,170.033,6.501,6.512,bbox,21.379,23.307,27.777,28.069
5102,170.067,6.562,6.512,bbox,21.379,23.307,27.777,28.069
5103,170.1,4.331,6.512,bbox,21.379,23.307,27.777,28.069
5104,170.133,,,,21.379,23.307,27.777,28.069
5105,170.167,,,,21.379,23.307,27.777,28.069
5106,170.2,,,,21.379,23.307,27.777,28.069
5107,170.233,,,,21.379,23.307,27.777,28.069
5108,170.267,,,,21.379,23.307,27.777,28.069
5109,170.3,,,,21.379,23.307,27.777,28.069
5110,170.333,,,,21.379,23.307,27.777,28.069
5111,170.367,,,,21.379,23.307,27.777,28.069
5112,170.4,,,,21.379,23.307,27.777,28.069
5113,170.433,,,,21.379,23.307,27.777,28.069
5114,170.467,,,,21.379,23.307,27.777,28.069
5115,170.5,,,,21.379,23.307,27.777,28.069
5116,170.533,,,,21.379,23.307,27.777,28.069
5117,170.567,,,,21.379,23.307,27.777,28.069
5118,170.6,,,,21.379,23.307,27.777,28.069
5119,170.633,,,,21.379,23.307,27.777,28.069
5120,170.667,,,,21.379,23.307,27.777,28.069
5121,170.7,,,,21.379,23.307,27.777,28.069
5122,170.733,,,,21.379,23.307,27.777,28.069
5123,170.767,,,,21.379,23.307,27.777,28.069
5124,170.8,,,,21.379,23.307,27.777,28.069
5125,170.833,,,,21.379,23.307,27.777,28.069
5126,170.867,,,,21.379,23.307,27.777,28.069
5127,170.9,,,,21.379,23.307,27.777,28.069
5128,170.933,,,,21.379,23.307,27.777,28.069
5129,170.967,,,,21.379,23.307,27.777,28.069
5130,171.0,,,,21.379,23.307,27.777,28.069
5131,171.033,,,,21.379,23.307,27.777,28.069
5132,171.067,,,,21.379,23.307,27.777,28.069
5133,171.1,,,,21.379,23.307,27.777,28.069
5134,171.133,4.024,6.501,bbox,21.379,23.307,27.777,28.069
5135,171.167,4.028,4.331,bbox,21.379,23.307,27.777,28.069
5136,171.2,3.992,4.028,bbox,21.379,23.307,27.777,28.069
5137,171.233,4.018,4.024,bbox,21.379,23.307,27.825,28.069
5138,171.267,4.006,4.018,bbox,21.379,23.307,27.825,28.069
5139,171.3,4.383,4.018,pose,21.379,23.307,27.825,28.069
5140,171.333,3.974,4.006,bbox,21.379,23.307,27.825,28.069
5141,171.367,5.802,4.018,bbox,21.379,23.307,27.825,28.069
5142,171.4,5.775,4.383,bbox,21.379,23.307,27.825,28.069
5143,171.433,5.75,5.75,bbox,21.379,23.307,27.855,28.069
5144,171.467,5.681,5.75,bbox,21.379,23.307,27.855,28.069
5145,171.5,5.541,5.75,bbox,21.379,23.341,27.855,28.069
5146,171.533,5.221,5.681,bbox,21.414,23.341,27.934,28.069
5147,171.567,5.286,5.541,bbox,21.445,23.341,27.934,28.069
5148,171.6,5.096,5.286,bbox,21.544,23.341,28.024,28.069
5149,171.633,5.026,5.221,bbox,21.626,23.341,28.024,28.069
5150,171.667,4.854,5.096,bbox,21.681,23.341,28.075,28.069
5151,171.7,4.915,5.026,bbox,21.734,23.341,28.153,28.069
5152,171.733,4.851,4.915,bbox,21.766,23.341,28.153,28.069
5153,171.767,4.933,4.915,bbox,21.766,23.341,28.153,28.069
5154,171.8,4.854,4.854,bbox,21.766,23.341,28.153,28.069
5155,171.833,4.719,4.854,bbox,21.766,23.341,28.153,28.069
5156,171.867,4.635,4.851,bbox,21.766,23.341,28.204,28.069
5157,171.9,5.794,4.854,pose,21.766,23.341,28.204,28.069
5158,171.933,4.586,4.719,bbox,21.848,23.341,28.204,28.069
5159,171.967,4.54,4.635,bbox,21.848,23.341,28.273,28.069
5160,172.0,4.53,4.586,bbox,21.93,23.341,28.316,28.069
5161,172.033,4.522,4.54,bbox,21.969,23.341,28.316,28.069
5162,172.067,4.526,4.53,bbox,21.969,23.341,28.358,28.069
5163,172.1,4.478,4.526,bbox,21.969,23.341,28.358,28.069
5164,172.133,4.411,4.522,bbox,21.969,23.341,28.358,28.069
5165,172.167,4.376,4.478,bbox,21.969,23.341,28.358,28.069
5166,172.2,4.341,4.411,bbox,21.969,23.341,28.358,28.069
5167,172.233,4.301,4.376,bbox,21.969,23.341,28.358,28.069
5168,172.267,4.248,4.341,bbox,21.969,23.341,28.358,28.069
5169,172.3,4.176,4.301,bbox,21.969,23.341,28.358,28.069
5170,172.333,4.129,4.248,bbox,22.041,23.341,28.358,28.069
5171,172.367,4.109,4.176,bbox,22.094,23.341,28.358,28.069
5172,172.4,4.099,4.129,bbox,22.094,23.341,28.358,28.069
5173,172.433,4.102,4.109,bbox,22.173,23.341,28.358,28.069
5174,172.467,4.094,4.102,bbox,22.173,23.341,28.358,28.069
5175,172.5,2.36,4.099,pose,22.173,23.341,28.358,28.069
5176,172.533,4.176,4.099,bbox,22.173,23.341,28.358,28.069
5177,172.567,4.156,4.102,bbox,22.173,23.341,28.358,28.069
5178,172.6,4.18,4.156,bbox,22.173,23.341,28.358,28.069
5179,172.633,4.172,4.172,bbox,22.173,23.341,28.358,28.069
5180,172.667,4.196,4.176,bbox,22.173,23.341,28.358,28.099
5181,172.7,4.221,4.18,bbox,22.173,23.341,28.358,28.099
5182,172.733,4.272,4.196,bbox,22.173,23.394,28.358,28.099
5183,172.767,4.304,4.221,bbox,22.173,23.394,28.358,28.099
5184,172.8,4.316,4.272,bbox,22.173,23.425,28.358,28.099
5185,172.833,4.332,4.304,bbox,22.173,23.425,28.358,28.099
5186,172.867,4.336,4.316,bbox,22.173,23.425,28.358,28.099
5187,172.9,4.351,4.332,bbox,22.173,23.425,28.358,28.099
5188,172.933,4.371,4.336,bbox,22.173,23.425,28.358,28.099
5189,172.967,4.375,4.351,bbox,22.173,23.425,28.358,28.099
5190,173.0,4.379,4.371,bbox,22.173,23.425,28.358,28.099
5191,173.033,4.4,4.375,bbox,22.173,23.425,28.358,28.099
5192,173.067,4.387,4.379,bbox,22.173,23.425,28.358,28.099
5193,173.1,4.374,4.379,bbox,22.173,23.425,28.358,28.099
5194,173.133,4.378,4.379,bbox,22.173,23.425,28.358,28.099
5195,173.167,4.358,4.378,bbox,22.173,23.425,28.358,28.099
5196,173.2,4.35,4.374,bbox,22.173,23.425,28.358,28.099
5197,173.233,4.329,4.358,bbox,22.173,23.425,28.358,28.099
5198,173.267,4.313,4.35,bbox,22.173,23.425,28.358,28.099
5199,173.3,4.276,4.329,bbox,22.173,23.425,28.358,28.099
5200,173.333,4.273,4.313,bbox,22.173,23.425,28.358,28.099
5201,173.367,4.252,4.276,bbox,22.173,23.425,28.358,28.099
5202,173.4,4.212,4.273,bbox,22.173,23.425,28.358,28.099
5203,173.433,4.201,4.252,bbox,22.173,23.425,28.358,28.099
5204,173.467,3.049,4.212,bbox,22.173,23.425,28.396,28.099
5205,173.5,,,,22.173,23.425,28.396,28.099
5206,173.533,,,,22.173,23.425,28.396,28.099
5207,173.567,,,,22.173,23.425,28.396,28.099
5208,173.6,,,,22.173,23.425,28.396,28.099
5209,173.633,3.036,4.201,bbox,22.241,23.425,28.436,28.099
5210,173.667,,,,22.241,23.425,28.436,28.099
5211,173.7,4.091,4.091,bbox,22.241,23.425,28.436,28.099
5212,173.733,4.089,4.089,bbox,22.325,23.425,28.486,28.099
5213,173.767,4.038,4.038,bbox,22.325,23.425,28.546,28.099
5214,173.8,3.799,4.038,pose,22.325,23.425,28.546,28.099
5215,173.833,3.949,4.038,bbox,22.325,23.425,28.546,28.099
5216,173.867,3.851,3.949,bbox,22.325,23.425,28.546,28.099
5217,173.9,3.837,3.851,bbox,22.404,23.425,28.546,28.099
5218,173.933,3.79,3.837,bbox,22.436,23.425,28.613,28.099
5219,173.967,3.775,3.837,bbox,22.436,23.425,28.695,28.099
5220,174.0,3.746,3.79,bbox,22.436,23.425,28.782,28.099
5221,174.033,3.718,3.775,bbox,22.436,23.425,28.834,28.099
5222,174.067,3.677,3.746,bbox,22.436,23.425,28.871,28.099
5223,174.1,3.889,3.746,pose,22.54,23.425,28.871,28.099
5224,174.133,3.586,3.718,bbox,22.54,23.425,28.871,28.099
5225,174.167,3.518,3.677,bbox,22.54,23.425,28.905,28.099
5226,174.2,2.958,3.586,pose,22.54,23.425,28.905,28.099
5227,174.233,3.325,3.518,bbox,22.54,23.425,28.942,28.099
5228,174.267,3.2,3.325,bbox,22.54,23.425,28.942,28.099
5229,174.3,3.11,3.2,bbox,22.54,23.425,29.043,28.099
5230,174.333,3.037,3.11,bbox,22.54,23.425,29.15,28.099
5231,174.367,3.009,3.11,bbox,22.54,23.425,29.211,28.099
5232,174.4,2.958,3.037,bbox,22.54,23.425,29.266,28.099
5233,174.433,2.958,3.009,bbox,22.603,23.425,29.309,28.099
5234,174.467,2.971,2.971,bbox,22.603,23.425,29.39,28.099
5235,174.5,3.003,2.971,bbox,22.603,23.425,29.424,28.099
5236,174.533,2.978,2.971,bbox,22.603,23.425,29.424,28.099
5237,174.567,2.955,2.971,bbox,22.603,23.425,29.424,28.099
5238,174.6,2.951,2.971,bbox,22.603,23.425,29.424,28.099
5239,174.633,2.961,2.961,bbox,22.603,23.425,29.424,28.099
5240,174.667,2.969,2.961,bbox,22.603,23.425,29.424,28.099
5241,174.7,3.002,2.961,bbox,22.603,23.425,29.424,28.099
5242,174.733,3.018,2.969,bbox,22.603,23.425,29.424,28.134
5243,174.767,3.03,3.002,bbox,22.603,23.425,29.424,28.134
5244,174.8,3.015,3.015,bbox,22.603,23.425,29.424,28.134
5245,174.833,3.016,3.016,bbox,22.603,23.425,29.424,28.134
5246,174.867,3.008,3.016,bbox,22.603,23.425,29.424,28.134
5247,174.9,2.996,3.015,bbox,22.603,23.425,29.424,28.134
5248,174.933,2.983,3.008,bbox,22.603,23.425,29.424,28.134
5249,174.967,2.932,2.996,bbox,22.603,23.425,29.424,28.134
5250,175.0,2.907,2.983,bbox,22.603,23.425,29.424,28.134
5251,175.033,2.876,2.932,bbox,22.603,23.425,29.456,28.134
5252,175.067,2.84,2.907,bbox,22.603,23.425,29.497,28.134
5253,175.1,2.83,2.876,bbox,22.603,23.425,29.53,28.134
5254,175.133,2.819,2.84,bbox,22.603,23.425,29.53,28.134
5255,175.167,2.81,2.83,bbox,22.603,23.425,29.53,28.134
5256,175.2,2.793,2.819,bbox,22.603,23.425,29.53,28.134
5257,175.233,2.839,2.819,bbox,22.603,23.425,29.53,28.134
5258,175.267,2.896,2.819,bbox,22.603,23.425,29.53,28.134
5259,175.3,2.733,2.81,bbox,22.603,23.425,29.53,28.134
5260,175.333,3.043,2.839,bbox,22.603,23.425,29.53,28.176
5261,175.367,3.195,2.896,bbox,22.603,23.425,29.53,28.226
5262,175.4,3.294,3.043,bbox,22.603,23.425,29.53,28.326
5263,175.433,3.356,3.195,bbox,22.603,23.425,29.53,28.454
5264,175.467,3.348,3.294,bbox,22.603,23.425,29.53,28.532
5265,175.5,3.33,3.33,bbox,22.603,23.425,29.53,28.59
5266,175.533,3.298,3.33,bbox,22.603,23.425,29.53,28.59
5267,175.567,3.285,3.33,bbox,22.603,23.425,29.53,28.59
5268,175.6,3.288,3.298,bbox,22.603,23.425,29.53,28.59
5269,175.633,3.339,3.298,bbox,22.603,23.425,29.53,28.632
5270,175.667,3.414,3.298,bbox,22.603,23.425,29.53,28.674
5271,175.7,3.106,3.288,pose,22.603,23.425,29.53,28.741
5272,175.733,3.532,3.339,bbox,22.603,23.425,29.53,28.815
5273,175.767,3.583,3.414,bbox,22.603,23.425,29.53,28.852
5274,175.8,3.631,3.532,bbox,22.603,23.425,29.53,28.852
5275,175.833,3.63,3.583,bbox,22.603,23.425,29.53,28.852
5276,175.867,3.575,3.583,bbox,22.603,23.425,29.53,28.852
5277,175.9,3.06,3.583,pose,22.603,23.425,29.53,28.852
5278,175.933,3.453,3.575,bbox,22.603,23.425,29.53,28.852
5279,175.967,3.353,3.453,bbox,22.603,23.425,29.53,28.852
5280,176.0,2.793,3.353,pose,22.603,23.425,29.53,28.852
5281,176.033,3.223,3.223,bbox,22.603,23.425,29.53,28.852
5282,176.067,3.168,3.223,bbox,22.603,23.425,29.566,28.852
5283,176.1,3.096,3.168,bbox,22.603,23.425,29.642,28.852
5284,176.133,3.086,3.096,bbox,22.603,23.425,29.712,28.852
5285,176.167,3.136,3.136,bbox,22.603,23.425,29.786,28.852
5286,176.2,3.159,3.136,bbox,22.603,23.425,29.833,28.852
5287,176.233,3.17,3.136,bbox,22.603,23.425,29.833,28.852
5288,176.267,3.164,3.159,bbox,22.603,23.425,29.833,28.852
5289,176.3,3.156,3.159,bbox,22.603,23.425,29.833,28.852
5290,176.333,3.152,3.159,bbox,22.634,23.425,29.833,28.852
5291,176.367,3.112,3.156,bbox,22.634,23.425,29.833,28.852
5292,176.4,3.073,3.152,bbox,22.666,23.425,29.833,28.852
5293,176.433,3.029,3.112,bbox,22.705,23.425,29.833,28.852
5294,176.467,2.999,3.073,bbox,22.799,23.425,29.833,28.852
5295,176.5,2.71,3.029,pose,22.831,23.425,29.833,28.852
5296,176.533,2.901,2.999,bbox,22.898,23.425,29.833,28.852
5297,176.567,2.859,2.901,bbox,22.898,23.425,29.885,28.852
5298,176.6,5.251,2.901,pose,22.898,23.425,29.885,28.852
5299,176.633,2.811,2.859,bbox,22.935,23.425,29.885,28.852
5300,176.667,2.761,2.859,bbox,22.935,23.425,29.885,28.852
5301,176.7,2.739,2.811,bbox,22.935,23.425,29.885,28.852
5302,176.733,2.726,2.761,bbox,22.935,23.425,29.885,28.883
5303,176.767,2.672,2.739,bbox,22.935,23.425,29.885,28.883
5304,176.8,3.057,2.739,pose,22.935,23.425,29.885,28.883
5305,176.833,2.718,2.726,bbox,22.935,23.425,29.885,28.883
5306,176.867,2.751,2.726,bbox,22.935,23.425,29.885,28.914
5307,176.9,2.651,2.718,pose,22.935,23.425,29.885,28.914
5308,176.933,2.77,2.751,bbox,22.935,23.425,29.885,28.914
5309,176.967,2.8,2.751,bbox,22.935,23.425,29.885,28.914
5310,177.0,2.762,2.762,bbox,22.935,23.425,29.885,28.914
5311,177.033,2.724,2.762,bbox,22.935,23.425,29.885,28.914
5312,177.067,2.716,2.762,bbox,22.935,23.425,29.885,28.914
5313,177.1,2.677,2.724,bbox,22.935,23.425,29.92,28.914
5314,177.133,2.663,2.716,bbox,22.935,23.425,29.92,28.914
5315,177.167,2.671,2.677,bbox,22.935,23.425,29.92,28.914
5316,177.2,2.683,2.677,bbox,22.935,23.425,29.92,28.914
5317,177.233,2.687,2.677,bbox,22.935,23.425,29.92,28.914
5318,177.267,2.745,2.683,bbox,22.935,23.425,29.92,28.914
5319,177.3,2.794,2.687,bbox,22.935,23.425,29.92,28.948
5320,177.333,2.862,2.745,bbox,22.935,23.425,29.92,28.992
5321,177.367,2.944,2.794,bbox,22.935,23.425,29.92,29.049
5322,177.4,3.02,2.862,pose,22.935,23.425,29.92,29.104
5323,177.433,3.079,2.944,bbox,22.935,23.425,29.92,29.16
5324,177.467,3.096,3.02,bbox,22.935,23.425,29.92,29.2
5325,177.5,3.087,3.079,bbox,22.935,23.425,29.92,29.2
5326,177.533,3.053,3.079,bbox,22.935,23.425,29.92,29.2
5327,177.567,3.051,3.079,bbox,22.935,23.425,29.92,29.2
5328,177.6,2.939,3.053,pose,22.935,23.425,29.92,29.2
5329,177.633,2.944,3.051,bbox,22.935,23.425,29.92,29.2
5330,177.667,2.908,2.944,bbox,22.935,23.425,29.92,29.2
5331,177.7,2.909,2.939,pose,22.935,23.425,29.92,29.2
5332,177.733,2.847,2.909,bbox,22.935,23.425,29.92,29.2
5333,177.767,2.855,2.908,bbox,22.935,23.425,29.92,29.2
5334,177.8,2.863,2.863,bbox,22.935,23.425,29.991,29.2
5335,177.833,2.867,2.863,bbox,22.935,23.425,29.991,29.2
5336,177.867,2.882,2.863,bbox,22.935,23.425,29.991,29.2
5337,177.9,2.89,2.867,bbox,22.935,23.425,29.991,29.2
5338,177.933,2.91,2.882,bbox,22.935,23.425,29.991,29.2
5339,177.967,2.918,2.89,bbox,22.935,23.425,29.991,29.2
5340,178.0,2.91,2.91,bbox,22.935,23.425,29.991,29.2
5341,178.033,2.895,2.91,bbox,22.935,23.425,29.991,29.2
5342,178.067,2.906,2.91,bbox,22.935,23.425,29.991,29.2
5343,178.1,3.457,2.91,pose,22.935,23.425,29.991,29.2
5344,178.133,2.906,2.906,bbox,22.935,23.425,29.991,29.2
5345,178.167,2.936,2.906,bbox,22.935,23.425,29.991,29.2
5346,178.2,4.937,2.936,pose,22.935,23.425,29.991,29.2
5347,178.233,2.86,2.936,bbox,22.935,23.425,29.991,29.2
5348,178.267,2.803,2.906,bbox,22.935,23.425,29.991,29.2
5349,178.3,2.768,2.86,bbox,22.935,23.425,29.991,29.2
5350,178.333,2.737,2.803,bbox,22.935,23.425,30.039,29.2
5351,178.367,2.714,2.768,bbox,22.935,23.425,30.039,29.2
5352,178.4,2.683,2.737,bbox,22.935,23.425,30.079,29.2
5353,178.433,2.647,2.714,bbox,22.935,23.425,30.123,29.2
5354,178.467,2.632,2.683,bbox,22.935,23.425,30.123,29.2
5355,178.5,3.515,2.683,pose,22.935,23.425,30.158,29.2
5356,178.533,2.652,2.652,bbox,22.935,23.477,30.158,29.2
5357,178.567,2.666,2.652,bbox,22.935,23.477,30.158,29.2
5358,178.6,2.674,2.666,bbox,22.935,23.477,30.158,29.2
5359,178.633,2.638,2.666,bbox,22.935,23.511,30.158,29.2
5360,178.667,2.706,2.666,bbox,22.935,23.511,30.158,29.2
5361,178.7,2.726,2.674,bbox,22.935,23.543,30.2,29.2
5362,178.733,2.672,2.674,bbox,22.935,23.543,30.2,29.2
5363,178.767,2.676,2.676,bbox,22.935,23.543,30.2,29.2
5364,178.8,2.692,2.692,bbox,22.935,23.543,30.241,29.2
5365,178.833,2.767,2.692,bbox,22.935,23.587,30.241,29.2
5366,178.867,2.786,2.692,bbox,22.935,23.587,30.241,29.2
5367,178.9,3.83,2.767,pose,22.935,23.587,30.241,29.2
5368,178.933,2.824,2.786,bbox,22.935,23.587,30.241,29.2
5369,178.967,2.874,2.824,bbox,22.935,23.587,30.241,29.279
5370,179.0,2.821,2.824,pose,22.935,23.587,30.241,29.325
5371,179.033,2.954,2.874,bbox,22.935,23.587,30.241,29.365
5372,179.067,2.953,2.874,bbox,22.935,23.587,30.241,29.365
5373,179.1,2.969,2.953,bbox,22.935,23.587,30.241,29.365
5374,179.133,2.969,2.954,bbox,22.935,23.587,30.241,29.365
5375,179.167,2.947,2.954,bbox,22.935,23.587,30.241,29.365
5376,179.2,5.335,2.969,pose,22.935,23.587,30.241,29.365
5377,179.233,2.801,2.969,bbox,22.935,23.587,30.241,29.365
5378,179.267,2.674,2.947,bbox,22.935,23.587,30.274,29.365
5379,179.3,2.581,2.801,bbox,22.935,23.587,30.404,29.365
5380,179.333,2.603,2.674,bbox,22.935,23.587,30.55,29.365
5381,179.367,2.575,2.603,bbox,22.935,23.587,30.603,29.365
5382,179.4,2.536,2.581,bbox,22.935,23.587,30.603,29.365
5383,179.433,2.537,2.575,bbox,22.935,23.587,30.603,29.365
5384,179.467,,,,22.935,23.587,30.603,29.365
5385,179.5,,,,22.935,23.587,30.603,29.365
5386,179.533,,,,22.935,23.587,30.603,29.365
5387,179.567,,,,22.935,23.587,30.603,29.365
5388,179.6,,,,22.935,23.587,30.603,29.365
5389,179.633,,,,22.935,23.587,30.603,29.365
5390,179.667,,,,22.935,23.587,30.603,29.365
5391,179.7,,,,22.935,23.587,30.603,29.365
5392,179.733,1.739,2.537,bbox,22.935,23.587,30.603,29.365
5393,179.767,1.87,2.536,bbox,23.033,23.587,30.603,29.365
5394,179.8,2.001,2.001,bbox,23.033,23.587,30.603,29.365
5395,179.833,2.067,2.001,bbox,23.033,23.587,30.603,29.365
5396,179.867,2.101,2.001,bbox,23.033,23.661,30.603,29.365
5397,179.9,,,,23.033,23.661,30.603,29.365
5398,179.933,2.063,2.063,bbox,23.033,23.729,30.603,29.365
5399,179.967,2.087,2.067,bbox,23.033,23.778,30.603,29.365
5400,180.0,5.436,2.087,pose,23.033,23.778,30.603,29.365
5401,180.033,2.118,2.101,bbox,23.033,23.778,30.603,29.365
5402,180.067,1.967,2.087,bbox,23.033,23.778,30.603,29.365
5403,180.1,2.216,2.118,bbox,23.033,23.778,30.603,29.365
5404,180.133,2.364,2.216,bbox,23.033,23.778,30.603,29.446
5405,180.167,2.39,2.216,bbox,23.033,23.825,30.603,29.501
5406,180.2,,,,23.033,23.825,30.603,29.501
5407,180.233,2.501,2.364,bbox,23.033,23.825,30.603,29.589
5408,180.267,,,,23.033,23.825,30.603,29.589
5409,180.3,2.628,2.39,bbox,23.033,23.873,30.603,29.65
5410,180.333,2.653,2.501,bbox,23.033,23.933,30.603,29.756
5411,180.367,2.7,2.628,bbox,23.033,24.022,30.603,29.836
5412,180.4,2.754,2.653,bbox,23.033,24.053,30.603,29.836
5413,180.433,2.884,2.7,bbox,23.033,24.124,30.603,29.919
5414,180.467,2.959,2.754,bbox,23.033,24.175,30.603,29.919
5415,180.5,3.026,2.884,bbox,23.033,24.232,30.603,29.978
5416,180.533,1.892,2.884,bbox,23.033,24.232,30.603,30.069
5417,180.567,1.992,2.884,bbox,23.033,24.232,30.603,30.101
5418,180.6,1.744,1.992,pose,23.033,24.232,30.603,30.21
5419,180.633,2.121,1.992,bbox,23.033,24.232,30.603,30.299
5420,180.667,2.21,1.992,bbox,23.033,24.232,30.603,30.426
5421,180.7,2.294,2.121,bbox,23.033,24.232,30.603,30.466
5422,180.733,2.397,2.21,bbox,23.033,24.277,30.603,30.517
5423,180.767,2.456,2.294,bbox,23.033,24.277,30.603,30.603
5424,180.8,2.142,2.294,pose,23.033,24.277,30.603,30.703
5425,180.833,2.5,2.397,bbox,23.033,24.277,30.603,30.746
5426,180.867,,,,23.033,24.277,30.603,30.746
5427,180.9,,,,23.033,24.277,30.603,30.746
5428,180.933,,,,23.033,24.277,30.603,30.746
5429,180.967,,,,23.033,24.277,30.603,30.746
5430,181.0,4.121,2.456,bbox,23.033,24.277,30.603,30.791
5431,181.033,4.189,2.5,bbox,23.033,24.277,30.603,30.838
5432,181.067,4.419,4.121,bbox,23.033,24.277,30.603,30.838
5433,181.1,4.575,4.189,bbox,23.033,24.337,30.603,30.883
5434,181.133,4.674,4.419,bbox,23.033,24.387,30.603,30.933
5435,181.167,4.781,4.575,bbox,23.033,24.442,30.603,30.994
5436,181.2,4.387,4.575,pose,23.033,24.442,30.603,31.063
5437,181.233,4.991,4.674,bbox,23.033,24.442,30.603,31.118
5438,181.267,5.051,4.781,bbox,23.033,24.442,30.603,31.118
5439,181.3,5.139,4.991,bbox,23.033,24.513,30.603,31.198
5440,181.333,5.199,5.051,bbox,23.033,24.513,30.603,31.198
5441,181.367,5.29,5.139,bbox,23.033,24.513,30.603,31.23
5442,181.4,5.335,5.199,bbox,23.033,24.553,30.603,31.23
5443,181.433,5.375,5.29,bbox,23.033,24.553,30.603,31.27
5444,181.467,5.392,5.335,bbox,23.033,24.589,30.603,31.3
5445,181.5,3.26,5.335,pose,23.033,24.589,30.603,31.3
5446,181.533,3.447,5.335,bbox,23.033,24.589,30.603,31.372
5447,181.567,3.367,3.447,bbox,23.033,24.589,30.603,31.455
5448,181.6,3.134,3.367,pose,23.033,24.589,30.603,31.455
5449,181.633,3.322,3.322,bbox,23.033,24.589,30.603,31.535
5450,181.667,5.582,3.367,bbox,23.033,24.589,30.603,31.535
5451,181.7,5.655,3.367,bbox,23.033,24.589,30.603,31.535
5452,181.733,5.6,5.582,bbox,23.033,24.589,30.603,31.535
5453,181.767,5.617,5.6,bbox,23.033,24.649,30.603,31.535
5454,181.8,3.981,5.6,bbox,23.033,24.649,30.603,31.535
5455,181.833,4.127,5.6,bbox,23.033,24.649,30.603,31.535
5456,181.867,4.086,4.127,bbox,23.033,24.689,30.603,31.535
5457,181.9,4.144,4.127,bbox,23.033,24.689,30.603,31.535
5458,181.933,4.17,4.127,bbox,23.033,24.689,30.603,31.535
5459,181.967,3.362,4.127,bbox,23.033,24.689,30.603,31.535
5460,182.0,5.811,4.144,pose,23.033,24.689,30.603,31.535
5461,182.033,5.79,4.17,bbox,23.033,24.689,30.603,31.535
5462,182.067,5.79,5.79,bbox,23.033,24.689,30.603,31.535
5463,182.1,5.789,5.79,bbox,23.033,24.689,30.603,31.535
5464,182.133,5.796,5.79,bbox,23.033,24.689,30.603,31.535
5465,182.167,3.557,5.79,bbox,23.033,24.689,30.603,31.535
5466,182.2,,,,23.033,24.689,30.603,31.535
5467,182.233,,,,23.033,24.689,30.603,31.535
5468,182.267,,,,23.033,24.689,30.603,31.535
5469,182.3,,,,23.033,24.689,30.603,31.535
5470,182.333,,,,23.033,24.689,30.603,31.535
5471,182.367,,,,23.033,24.689,30.603,31.535
5472,182.4,,,,23.033,24.689,30.603,31.535
5473,182.433,,,,23.033,24.689,30.603,31.535
5474,182.467,,,,23.033,24.689,30.603,31.535
5475,182.5,,,,23.033,24.689,30.603,31.535
5476,182.533,,,,23.033,24.689,30.603,31.535
5477,182.567,,,,23.033,24.689,30.603,31.535
5478,182.6,,,,23.033,24.689,30.603,31.535
5479,182.633,,,,23.033,24.689,30.603,31.535
5480,182.667,,,,23.033,24.689,30.603,31.535
5481,182.7,,,,23.033,24.689,30.603,31.535
5482,182.733,,,,23.033,24.689,30.603,31.535
5483,182.767,,,,23.033,24.689,30.603,31.535
5484,182.8,,,,23.033,24.689,30.603,31.535
5485,182.833,,,,23.033,24.689,30.603,31.535
5486,182.867,,,,23.033,24.689,30.603,31.535
5487,182.9,,,,23.033,24.689,30.603,31.535
5488,182.933,,,,23.033,24.689,30.603,31.535
5489,182.967,,,,23.033,24.689,30.603,31.535
5490,183.0,,,,23.033,24.689,30.603,31.535
5491,183.033,,,,23.033,24.689,30.603,31.535
5492,183.067,,,,23.033,24.689,30.603,31.535
5493,183.1,,,,23.033,24.689,30.603,31.535
5494,183.133,,,,23.033,24.689,30.603,31.535
5495,183.167,,,,23.033,24.689,30.603,31.535
5496,183.2,,,,23.033,24.689,30.603,31.535
5497,183.233,,,,23.033,24.689,30.603,31.535
5498,183.267,,,,23.033,24.689,30.603,31.535
5499,183.3,6.546,5.79,bbox,23.033,24.689,30.603,31.59
5500,183.333,2.761,5.789,bbox,23.033,24.689,30.603,31.59
5501,183.367,,,,23.033,24.689,30.603,31.59
5502,183.4,,,,23.033,24.689,30.603,31.59
5503,183.433,,,,23.033,24.689,30.603,31.59
5504,183.467,,,,23.033,24.689,30.603,31.59
5505,183.5,,,,23.033,24.689,30.603,31.59
5506,183.533,,,,23.033,24.689,30.603,31.59
5507,183.567,,,,23.033,24.689,30.603,31.59
5508,183.6,,,,23.033,24.689,30.603,31.59
5509,183.633,,,,23.033,24.689,30.603,31.59
5510,183.667,,,,23.033,24.689,30.603,31.59
5511,183.7,,,,23.033,24.689,30.603,31.59
5512,183.733,,,,23.033,24.689,30.603,31.59
5513,183.767,,,,23.033,24.689,30.603,31.59
5514,183.8,,,,23.033,24.689,30.603,31.59
5515,183.833,,,,23.033,24.689,30.603,31.59
5516,183.867,,,,23.033,24.689,30.603,31.59
5517,183.9,,,,23.033,24.689,30.603,31.59
5518,183.933,,,,23.033,24.689,30.603,31.59
5519,183.967,,,,23.033,24.689,30.603,31.59
5520,184.0,,,,23.033,24.689,30.603,31.59
5521,184.033,,,,23.033,24.689,30.603,31.59
5522,184.067,,,,23.033,24.689,30.603,31.59
5523,184.1,,,,23.033,24.689,30.603,31.59
5524,184.133,,,,23.033,24.689,30.603,31.59
5525,184.167,,,,23.033,24.689,30.603,31.59
5526,184.2,,,,23.033,24.689,30.603,31.59
5527,184.233,,,,23.033,24.689,30.603,31.59
5528,184.267,,,,23.033,24.689,30.603,31.59
5529,184.3,,,,23.033,24.689,30.603,31.59
5530,184.333,,,,23.033,24.689,30.603,31.59
5531,184.367,3.373,3.557,bbox,23.033,24.689,30.603,31.59
5532,184.4,3.229,3.373,pose,23.079,24.689,30.603,31.59
5533,184.433,3.244,3.244,bbox,23.079,24.689,30.603,31.59
5534,184.467,3.153,3.229,bbox,23.079,24.689,30.718,31.59
5535,184.5,3.168,3.229,pose,23.121,24.689,30.718,31.666
5536,184.533,2.981,3.168,bbox,23.121,24.689,30.794,31.666
5537,184.567,2.973,3.153,bbox,23.225,24.689,30.86,31.666
5538,184.6,2.504,2.981,pose,23.225,24.689,30.86,31.666
5539,184.633,2.615,2.973,bbox,23.269,24.689,30.904,31.666
5540,184.667,2.433,2.615,bbox,23.417,24.689,30.964,31.666
5541,184.7,2.608,2.608,bbox,23.525,24.689,31.053,31.666
5542,184.733,2.592,2.592,bbox,23.562,24.689,31.053,31.666
5543,184.767,2.48,2.592,bbox,23.627,24.689,31.053,31.666
5544,184.8,2.219,2.48,bbox,23.676,24.689,31.053,31.666
5545,184.833,2.166,2.48,bbox,23.676,24.689,31.132,31.666
5546,184.867,1.855,2.219,bbox,23.676,24.689,31.185,31.666
5547,184.9,1.733,2.166,bbox,23.782,24.689,31.185,31.666
5548,184.933,1.674,1.855,bbox,23.782,24.689,31.185,31.666
5549,184.967,1.592,1.733,bbox,23.838,24.689,31.219,31.666
5550,185.0,2.182,1.733,pose,23.838,24.689,31.255,31.666
5551,185.033,1.36,1.674,bbox,23.928,24.689,31.255,31.666
5552,185.067,1.241,1.592,bbox,23.995,24.689,31.326,31.666
5553,185.1,1.186,1.36,pose,24.034,24.689,31.326,31.666
5554,185.133,1.09,1.241,bbox,24.113,24.689,31.44,31.666
5555,185.167,1.016,1.186,bbox,24.174,24.689,31.498,31.666
5556,185.2,1.05,1.09,pose,24.174,24.689,31.498,31.666
5557,185.233,0.86,1.05,bbox,24.174,24.689,31.61,31.666
5558,185.267,0.803,1.016,bbox,24.204,24.689,31.643,31.666
5559,185.3,0.836,0.86,pose,24.204,24.689,31.643,31.666
5560,185.333,0.832,0.836,bbox,24.325,24.689,31.688,31.666
5561,185.367,0.849,0.836,bbox,24.325,24.689,31.688,31.666
5562,185.4,0.815,0.832,bbox,24.325,24.689,31.688,31.666
5563,185.433,0.815,0.832,bbox,24.325,24.689,31.688,31.666
5564,185.467,0.786,0.815,bbox,24.325,24.689,31.688,31.666
5565,185.5,2.339,0.815,pose,24.325,24.689,31.688,31.666
5566,185.533,0.757,0.815,bbox,24.325,24.689,31.688,31.666
5567,185.567,0.67,0.786,bbox,24.325,24.689,31.688,31.666
5568,185.6,0.685,0.757,bbox,24.325,24.689,31.688,31.666
5569,185.633,0.708,0.708,bbox,24.325,24.689,31.778,31.666
5570,185.667,0.697,0.697,bbox,24.325,24.689,31.778,31.666
5571,185.7,0.731,0.697,bbox,24.325,24.689,31.778,31.666
5572,185.733,0.697,0.697,bbox,24.325,24.689,31.778,31.666
5573,185.767,0.768,0.708,bbox,24.325,24.689,31.778,31.666
5574,185.8,0.815,0.731,bbox,24.325,24.731,31.778,31.712
5575,185.833,0.856,0.768,bbox,24.325,24.77,31.819,31.712
5576,185.867,0.89,0.815,bbox,24.325,24.818,31.819,31.712
5577,185.9,0.868,0.856,pose,24.325,24.852,31.819,31.712
5578,185.933,1.006,0.868,bbox,24.325,24.852,31.819,31.712
5579,185.967,1.03,0.89,bbox,24.325,24.918,31.819,31.712
5580,186.0,1.629,1.006,pose,24.325,24.96,31.819,31.712
5581,186.033,1.18,1.03,bbox,24.325,24.96,31.819,31.712
5582,186.067,1.265,1.18,bbox,24.325,25.09,31.819,31.712
5583,186.1,3.608,1.265,pose,24.325,25.09,31.819,31.712
5584,186.133,1.318,1.318,bbox,24.325,25.122,31.819,31.712
5585,186.167,1.415,1.318,bbox,24.325,25.122,31.819,31.712
5586,186.2,3.302,1.415,pose,24.325,25.155,31.819,31.773
5587,186.233,1.442,1.442,bbox,24.325,25.198,31.819,31.773
5588,186.267,1.493,1.442,bbox,24.325,25.198,31.819,31.773
5589,186.3,1.544,1.493,bbox,24.325,25.198,31.819,31.824
5590,186.333,1.56,1.544,bbox,24.325,25.198,31.819,31.824
5591,186.367,1.647,1.544,bbox,24.325,25.198,31.819,31.824
5592,186.4,2.092,1.56,pose,24.325,25.198,31.819,31.824
5593,186.433,1.769,1.647,bbox,24.325,25.236,31.819,31.824
5594,186.467,1.844,1.769,bbox,24.325,25.307,31.819,31.875
5595,186.5,2.179,1.844,pose,24.325,25.356,31.819,31.875
5596,186.533,2.364,2.092,bbox,24.325,25.437,31.819,31.914
5597,186.567,2.41,2.179,bbox,24.325,25.525,31.819,31.914
5598,186.6,2.157,2.179,pose,24.325,25.525,31.819,31.914
5599,186.633,2.404,2.364,bbox,24.325,25.525,31.819,31.914
5600,186.667,2.465,2.404,bbox,24.325,25.525,31.819,31.914
5601,186.7,2.825,2.41,pose,24.325,25.525,31.819,31.914
5602,186.733,2.747,2.465,bbox,24.325,25.525,31.819,31.914
5603,186.767,2.777,2.747,bbox,24.325,25.525,31.819,31.991
5604,186.8,2.628,2.747,bbox,24.325,25.525,31.819,31.991
5605,186.833,2.61,2.747,bbox,24.367,25.525,31.819,31.991
5606,186.867,0.941,2.628,bbox,24.367,25.525,31.819,31.991
5607,186.9,2.845,2.628,bbox,24.367,25.525,31.819,31.991
5608,186.933,2.934,2.628,bbox,24.367,25.525,31.819,31.991
5609,186.967,2.968,2.845,bbox,24.367,25.525,31.819,31.991
5610,187.0,3.042,2.934,bbox,24.367,25.604,31.819,32.044
5611,187.033,5.524,2.968,bbox,24.367,25.604,31.819,32.044
5612,187.067,,,,24.367,25.604,31.819,32.044
5613,187.1,,,,24.367,25.604,31.819,32.044
5614,187.133,3.201,3.042,bbox,24.367,25.604,31.819,32.044
5615,187.167,7.147,3.201,bbox,24.367,25.604,31.819,32.044
5616,187.2,,,,24.367,25.604,31.819,32.044
5617,187.233,5.146,5.146,bbox,24.367,25.604,31.819,32.044
5618,187.267,,,,24.367,25.604,31.819,32.044
5619,187.3,,,,24.367,25.604,31.819,32.044
5620,187.333,,,,24.367,25.604,31.819,32.044
5621,187.367,,,,24.367,25.604,31.819,32.044
5622,187.4,,,,24.367,25.604,31.819,32.044
5623,187.433,,,,24.367,25.604,31.819,32.044
5624,187.467,,,,24.367,25.604,31.819,32.044
5625,187.5,6.392,5.524,pose,24.367,25.604,31.819,32.044
5626,187.533,,,,24.367,25.604,31.819,32.044
5627,187.567,,,,24.367,25.604,31.819,32.044
5628,187.6,7.403,6.392,bbox,24.367,25.604,31.819,32.044
5629,187.633,7.292,7.147,bbox,24.367,25.604,31.819,32.044
5630,187.667,7.304,7.292,bbox,24.367,25.703,31.819,32.044
5631,187.7,2.508,7.292,bbox,24.367,25.703,31.819,32.076
5632,187.733,,,,24.367,25.703,31.819,32.076
5633,187.767,,,,24.367,25.703,31.819,32.076
5634,187.8,7.558,7.304,pose,24.367,25.76,31.819,32.076
5635,187.833,5.022,7.292,bbox,24.367,25.821,31.819,32.076
5636,187.867,5.09,5.09,bbox,24.367,25.967,31.819,32.076
5637,187.9,7.326,5.09,bbox,24.367,26.04,31.819,32.076
5638,187.933,7.371,7.326,bbox,24.367,26.084,31.819,32.076
5639,187.967,5.3,5.3,bbox,24.367,26.084,31.819,32.076
5640,188.0,7.362,7.326,bbox,24.367,26.148,31.819,32.076
5641,188.033,5.351,7.326,bbox,24.367,26.148,31.819,32.076
5642,188.067,5.418,5.418,bbox,24.367,26.179,31.819,32.076
5643,188.1,7.075,5.418,pose,24.367,26.179,31.819,32.076
5644,188.133,7.516,7.075,bbox,24.367,26.224,31.819,32.076
5645,188.167,5.808,5.808,bbox,24.367,26.324,31.819,32.076
5646,188.2,7.661,7.075,bbox,24.367,26.367,31.819,32.076
5647,188.233,6.062,7.075,bbox,24.367,26.413,31.819,32.076
5648,188.267,7.693,7.516,bbox,24.367,26.529,31.819,32.156
5649,188.3,9.008,7.661,pose,24.367,26.585,31.819,32.156
5650,188.333,6.25,7.661,bbox,24.367,26.692,31.819,32.156
5651,188.367,6.225,6.25,bbox,24.367,26.692,31.819,32.156
5652,188.4,6.539,6.539,bbox,24.367,26.692,31.819,32.2
5653,188.433,,,,24.367,26.692,31.819,32.2
5654,188.467,7.686,6.539,bbox,24.367,26.732,31.819,32.2
5655,188.5,7.729,6.539,bbox,24.407,26.732,31.819,32.2
5656,188.533,7.747,7.686,bbox,24.407,26.771,31.819,32.2
5657,188.567,7.781,7.729,bbox,24.407,26.771,31.819,32.2
5658,188.6,7.916,7.747,bbox,24.407,26.771,31.819,32.2
5659,188.633,8.009,7.781,bbox,24.407,26.771,31.819,32.2
5660,188.667,7.928,7.916,bbox,24.407,26.771,31.819,32.2
5661,188.7,8.029,7.928,pose,24.407,26.771,31.819,32.23
5662,188.733,,,,24.407,26.771,31.819,32.23
5663,188.767,,,,24.407,26.771,31.819,32.23
5664,188.8,,,,24.407,26.771,31.819,32.23
5665,188.833,,,,24.407,26.771,31.819,32.23
5666,188.867,,,,24.407,26.771,31.819,32.23
5667,188.9,,,,24.407,26.771,31.819,32.23
5668,188.933,,,,24.407,26.771,31.819,32.23
5669,188.967,,,,24.407,26.771,31.819,32.23
5670,189.0,,,,24.407,26.771,31.819,32.23
5671,189.033,,,,24.407,26.771,31.819,32.23
5672,189.067,,,,24.407,26.771,31.819,32.23
5673,189.1,,,,24.407,26.771,31.819,32.23
5674,189.133,,,,24.407,26.771,31.819,32.23
5675,189.167,,,,24.407,26.771,31.819,32.23
5676,189.2,,,,24.407,26.771,31.819,32.23
5677,189.233,,,,24.407,26.771,31.819,32.23
5678,189.267,,,,24.407,26.771,31.819,32.23
5679,189.3,,,,24.407,26.771,31.819,32.23
5680,189.333,,,,24.407,26.771,31.819,32.23
5681,189.367,,,,24.407,26.771,31.819,32.23
5682,189.4,,,,24.407,26.771,31.819,32.23
5683,189.433,,,,24.407,26.771,31.819,32.23
5684,189.467,,,,24.407,26.771,31.819,32.23
5685,189.5,,,,24.407,26.771,31.819,32.23
5686,189.533,,,,24.407,26.771,31.819,32.23
5687,189.567,,,,24.407,26.771,31.819,32.23
5688,189.6,,,,24.407,26.771,31.819,32.23
5689,189.633,,,,24.407,26.771,31.819,32.23
5690,189.667,,,,24.407,26.771,31.819,32.23
5691,189.7,,,,24.407,26.771,31.819,32.23
5692,189.733,0.453,7.928,bbox,24.407,26.771,31.819,32.23
5693,189.767,0.455,7.928,bbox,24.407,26.771,31.819,32.23
5694,189.8,0.461,0.461,bbox,24.407,26.771,31.819,32.23
5695,189.833,0.458,0.458,bbox,24.407,26.771,31.819,32.23
5696,189.867,0.46,0.458,bbox,24.407,26.771,31.819,32.23
5697,189.9,0.457,0.458,bbox,24.407,26.771,31.819,32.23
5698,189.933,0.463,0.46,bbox,24.407,26.771,31.819,32.23
5699,189.967,0.445,0.458,bbox,24.407,26.771,31.819,32.23
