frame,time_s,distance_raw_m,distance_smooth_m,method,f1_advance_m,f1_retreat_m,f2_advance_m,f2_retreat_m,f1_pos_m,f2_pos_m,f1_stance_m,f2_stance_m,f1_hip_height_m,f2_hip_height_m
0,0.0,3.285,3.285,bbox,0.0,0.0,0.0,0.0,6.724,9.3218,,0.3111,,0.7118
1,0.033,3.291,3.288,bbox,0.0,0.0,0.0,0.0,6.7217,9.3171,,,,
2,0.067,3.31,3.291,bbox,0.0,0.0,0.0,0.0,6.7187,9.3072,,,,
3,0.1,3.279,3.288,bbox,0.0,0.0,0.0,0.0,6.7203,9.2885,,0.362,,0.7119
4,0.133,3.273,3.285,bbox,0.0,0.0,0.0,0.0,6.72,9.2817,,,,
5,0.167,3.237,3.279,bbox,0.0,0.0,0.033,0.0,6.721,9.2663,,,,
6,0.2,2.752,3.273,pose,0.0,0.0,0.033,0.0,6.7276,9.252,0.115,0.4117,0.0698,0.7157
7,0.233,3.181,3.237,bbox,0.0,0.0,0.033,0.0,6.7295,9.232,,,,
8,0.267,3.186,3.186,bbox,0.0,0.0,0.07,0.0,6.7293,9.2217,,,,
9,0.3,3.181,3.181,bbox,0.0,0.0,0.07,0.0,6.7341,9.2131,,0.3924,,0.6596
10,0.333,,,,0.0,0.0,0.07,0.0,,,,,,
11,0.367,,,,0.0,0.0,0.07,0.0,,,,,,
12,0.4,3.136,3.181,bbox,0.0,0.0,0.1,0.0,6.7553,9.1771,,0.4434,,0.7376
13,0.433,3.122,3.181,bbox,0.0,0.0,0.1,0.0,6.7688,9.1701,,,,
14,0.467,,,,0.0,0.0,0.1,0.0,,,,,,
15,0.5,,,,0.0,0.0,0.1,0.0,,,,,,
16,0.533,,,,0.0,0.0,0.1,0.0,,,,,,
17,0.567,,,,0.0,0.0,0.1,0.0,,,,,,
18,0.6,,,,0.0,0.0,0.1,0.0,,,,,,
19,0.633,3.009,3.136,bbox,0.031,0.0,0.145,0.0,6.8145,9.1085,,,,
20,0.667,,,,0.031,0.0,0.145,0.0,,,,,,
21,0.7,2.947,3.122,bbox,0.031,0.0,0.145,0.0,6.837,9.0743,,0.3535,,0.7024
22,0.733,2.894,3.009,bbox,0.09,0.0,0.213,0.0,6.8555,9.0472,,,,
23,0.767,2.832,2.947,bbox,0.09,0.0,0.248,0.0,6.8878,9.0205,,,,
24,0.8,2.799,2.894,bbox,0.131,0.0,0.248,0.0,6.9081,9.0017,,,,
25,0.833,2.723,2.832,bbox,0.164,0.0,0.301,0.0,6.9178,8.9701,,,,
26,0.867,2.658,2.799,bbox,0.164,0.0,0.301,0.0,6.9258,8.9188,,,,
27,0.9,2.542,2.723,bbox,0.194,0.0,0.352,0.0,6.9508,8.8922,,,,
28,0.933,2.475,2.658,bbox,0.194,0.0,0.403,0.0,6.9669,8.887,,,,
29,0.967,2.475,2.542,bbox,0.227,0.0,0.403,0.0,6.9735,8.8782,,,,
30,1.0,2.405,2.475,bbox,0.227,0.0,0.435,0.0,6.9883,8.866,,,,
31,1.033,,,,0.227,0.0,0.435,0.0,,,,,,
32,1.067,2.488,2.475,bbox,0.227,0.0,0.435,0.0,7.0078,8.8376,,,,
33,1.1,2.467,2.475,bbox,0.264,0.0,0.435,0.0,7.021,8.82,,,,
34,1.133,2.489,2.475,bbox,0.264,0.0,0.484,0.0,7.031,8.8096,,,,
35,1.167,2.493,2.488,bbox,0.297,0.0,0.484,0.0,7.0308,8.8025,,,,
36,1.2,2.484,2.488,bbox,0.297,0.0,0.484,0.0,7.0262,8.7875,,,,
37,1.233,2.45,2.484,bbox,0.297,0.0,0.519,0.0,7.0245,8.7731,,,,
38,1.267,,,,0.297,0.0,0.519,0.0,,,,,,
39,1.3,,,,0.297,0.0,0.519,0.0,,,,,,
40,1.333,2.24,2.484,bbox,0.297,0.0,0.519,0.0,7.0232,8.7347,,,,
41,1.367,,,,0.297,0.0,0.519,0.0,,,,,,
42,1.4,,,,0.297,0.0,0.519,0.0,,,,,,
43,1.433,,,,0.297,0.0,0.519,0.0,,,,,,
44,1.467,,,,0.297,0.0,0.519,0.0,,,,,,
45,1.5,,,,0.297,0.0,0.519,0.0,,,,,,
46,1.533,,,,0.297,0.0,0.519,0.0,,,,,,
47,1.567,,,,0.297,0.0,0.519,0.0,,,,,,
48,1.6,,,,0.297,0.0,0.519,0.0,,,,,,
49,1.633,,,,0.297,0.0,0.519,0.0,,,,,,
50,1.667,1.945,2.45,bbox,0.297,0.0,0.519,0.0,6.9978,8.414,,,,
51,1.7,,,,0.297,0.0,0.519,0.0,,,,,,
52,1.733,,,,0.297,0.0,0.519,0.0,,,,,,
53,1.767,,,,0.297,0.0,0.519,0.0,,,,,,
54,1.8,,,,0.297,0.0,0.519,0.0,,,,,,
55,1.833,,,,0.297,0.0,0.519,0.0,,,,,,
56,1.867,,,,0.297,0.0,0.519,0.0,,,,,,
57,1.9,,,,0.297,0.0,0.519,0.0,,,,,,
58,1.933,4.836,2.45,bbox,0.297,0.0,0.587,0.0,3.0541,8.2484,,,,
59,1.967,4.867,2.45,bbox,0.297,0.0,0.737,0.0,3.0692,8.2366,,,,
60,2.0,1.782,2.24,bbox,0.297,0.08,0.887,0.0,6.9406,8.2248,,0.1693,,-0.5627
61,2.033,1.799,1.945,bbox,0.297,0.08,0.887,0.0,6.9346,8.2277,,,,
62,2.067,1.796,1.799,bbox,0.297,0.08,0.887,0.0,6.9319,8.2333,,,,
63,2.1,2.16,1.799,pose,0.297,0.08,0.887,0.0,6.9285,8.2132,0.1201,0.0501,0.1237,-0.5915
64,2.133,4.683,1.799,bbox,0.297,0.08,0.887,0.0,3.2144,8.2158,,,,
65,2.167,,,,0.297,0.08,0.887,0.0,,,,,,
66,2.2,4.61,2.16,bbox,0.297,0.08,0.92,0.0,3.2934,8.195,0.0928,,-0.5832,
67,2.233,4.543,4.543,bbox,0.297,0.243,0.92,0.0,3.3472,8.1869,,,,
68,2.267,,,,0.297,0.243,0.92,0.0,,,,,,
69,2.3,,,,0.297,0.243,0.92,0.0,,,,,,
70,2.333,,,,0.297,0.243,0.92,0.0,,,,,,
71,2.367,,,,0.297,0.243,0.92,0.0,,,,,,
72,2.4,,,,0.297,0.243,0.92,0.0,,,,,,
73,2.433,,,,0.297,0.243,0.92,0.0,,,,,,
74,2.467,,,,0.297,0.243,0.92,0.0,,,,,,
75,2.5,,,,0.297,0.243,0.92,0.0,,,,,,
76,2.533,,,,0.297,0.243,0.92,0.0,,,,,,
77,2.567,,,,0.297,0.243,0.92,0.0,,,,,,
78,2.6,,,,0.297,0.243,0.92,0.0,,,,,,
79,2.633,1.796,4.543,bbox,0.297,0.243,0.92,0.0,6.8942,8.0364,,,,
80,2.667,1.816,4.543,bbox,0.297,0.243,0.92,0.0,6.8663,8.0064,,,,
81,2.7,,,,0.297,0.243,0.92,0.0,,,,,,
82,2.733,,,,0.297,0.243,0.92,0.0,,,,,,
83,2.767,4.188,4.188,bbox,0.447,0.243,1.099,0.0,3.6788,8.0079,,,,
84,2.8,,,,0.447,0.243,1.099,0.0,,,,,,
85,2.833,,,,0.447,0.243,1.099,0.0,,,,,,
86,2.867,,,,0.447,0.243,1.099,0.0,,,,,,
87,2.9,,,,0.447,0.243,1.099,0.0,,,,,,
88,2.933,,,,0.447,0.243,1.099,0.0,,,,,,
89,2.967,,,,0.447,0.243,1.099,0.0,,,,,,
90,3.0,,,,0.447,0.243,1.099,0.0,,,,,,
91,3.033,,,,0.447,0.243,1.099,0.0,,,,,,
92,3.067,,,,0.447,0.243,1.099,0.0,,,,,,
93,3.1,,,,0.447,0.243,1.099,0.0,,,,,,
94,3.133,,,,0.447,0.243,1.099,0.0,,,,,,
95,3.167,,,,0.447,0.243,1.099,0.0,,,,,,
96,3.2,4.417,4.188,bbox,0.488,0.243,1.099,0.0,3.72,8.2036,0.1563,,0.7736,
97,3.233,,,,0.488,0.243,1.099,0.0,,,,,,
98,3.267,,,,0.488,0.243,1.099,0.0,,,,,,
99,3.3,,,,0.488,0.243,1.099,0.0,,,,,,
100,3.333,,,,0.488,0.243,1.099,0.0,,,,,,
101,3.367,,,,0.488,0.243,1.099,0.0,,,,,,
102,3.4,4.31,4.188,bbox,0.488,0.243,1.099,0.0,3.6061,8.2091,0.5086,,0.6758,
103,3.433,4.316,4.31,bbox,0.488,0.284,1.099,0.15,3.5909,8.2442,,,,
104,3.467,,,,0.488,0.284,1.099,0.15,,,,,,
105,3.5,4.643,4.316,bbox,0.488,0.356,1.099,0.15,3.519,8.2669,0.5537,,0.7103,
106,3.533,4.628,4.417,bbox,0.488,0.356,1.099,0.191,3.5383,8.2755,,,,
107,3.567,4.65,4.628,bbox,0.488,0.424,1.099,0.191,3.5378,8.2802,,,,
108,3.6,4.667,4.643,bbox,0.488,0.424,1.099,0.222,3.5235,8.2906,0.1147,,0.5342,
109,3.633,4.736,4.65,bbox,0.488,0.424,1.099,0.222,3.5171,8.3229,,,,
110,3.667,4.791,4.667,bbox,0.488,0.424,1.099,0.222,3.5027,8.36,,,,
111,3.7,,,,0.488,0.424,1.099,0.222,,,,,,
112,3.733,,,,0.488,0.424,1.099,0.222,,,,,,
113,3.767,,,,0.488,0.424,1.099,0.222,,,,,,
114,3.8,,,,0.488,0.424,1.099,0.222,,,,,,
115,3.833,,,,0.488,0.424,1.099,0.222,,,,,,
116,3.867,,,,0.488,0.424,1.099,0.222,,,,,,
117,3.9,,,,0.488,0.424,1.099,0.222,,,,,,
118,3.933,,,,0.488,0.424,1.099,0.222,,,,,,
119,3.967,,,,0.488,0.424,1.099,0.222,,,,,,
120,4.0,,,,0.488,0.424,1.099,0.222,,,,,,
121,4.033,,,,0.488,0.424,1.099,0.222,,,,,,
122,4.067,,,,0.488,0.424,1.099,0.222,,,,,,
123,4.1,,,,0.488,0.424,1.099,0.222,,,,,,
124,4.133,,,,0.488,0.424,1.099,0.222,,,,,,
125,4.167,,,,0.488,0.424,1.099,0.222,,,,,,
126,4.2,,,,0.488,0.424,1.099,0.222,,,,,,
127,4.233,,,,0.488,0.424,1.099,0.222,,,,,,
128,4.267,4.764,4.736,bbox,0.488,0.424,1.099,0.222,3.5395,8.3038,,,,
129,4.3,,,,0.488,0.424,1.099,0.222,,,,,,
130,4.333,,,,0.488,0.424,1.099,0.222,,,,,,
131,4.367,4.615,4.736,bbox,0.488,0.424,1.099,0.222,3.5856,8.17,,,,
132,4.4,4.527,4.736,bbox,0.488,0.424,1.099,0.222,3.5903,8.125,0.6195,,0.6842,
133,4.433,4.564,4.615,bbox,0.535,0.424,1.204,0.222,3.6074,8.11,,,,
134,4.467,4.479,4.564,bbox,0.535,0.424,1.249,0.222,3.6437,8.0762,,,,
135,4.5,4.489,4.527,bbox,0.535,0.424,1.249,0.222,3.6222,8.0513,,,,
136,4.533,4.441,4.489,bbox,0.566,0.424,1.298,0.222,3.6161,8.033,,,,
137,4.567,,,,0.566,0.424,1.298,0.222,,,,,,
138,4.6,4.365,4.479,bbox,0.566,0.424,1.298,0.222,3.6438,7.9704,0.1543,,0.2725,
139,4.633,4.355,4.441,bbox,0.566,0.424,1.341,0.222,3.6366,7.9457,,,,
140,4.667,4.361,4.365,bbox,0.566,0.424,1.404,0.222,3.6434,7.9332,,,,
141,4.7,4.319,4.361,bbox,0.566,0.424,1.404,0.222,3.6583,7.9222,0.3555,,0.7026,
142,4.733,4.266,4.355,bbox,0.566,0.424,1.441,0.222,3.7008,7.9128,,,,
143,4.767,4.239,4.319,bbox,0.608,0.424,1.441,0.222,3.7012,7.9003,,,,
144,4.8,4.216,4.266,bbox,0.651,0.424,1.441,0.222,3.7212,7.8881,0.5252,,0.6989,
145,4.833,4.217,4.239,bbox,0.651,0.424,1.474,0.222,3.7002,7.8822,,,,
146,4.867,4.229,4.229,bbox,0.651,0.424,1.474,0.222,3.6979,7.8853,,,,
147,4.9,4.215,4.217,bbox,0.651,0.424,1.474,0.222,3.7344,7.8874,0.4465,,0.7049,
148,4.933,,,,0.651,0.424,1.474,0.222,,,,,,
149,4.967,,,,0.651,0.424,1.474,0.222,,,,,,
150,5.0,,,,0.651,0.424,1.474,0.222,,,,,,
151,5.033,,,,0.651,0.424,1.474,0.222,,,,,,
152,5.067,,,,0.651,0.424,1.474,0.222,,,,,,
153,5.1,,,,0.651,0.424,1.474,0.222,,,,,,
154,5.133,4.234,4.217,bbox,0.651,0.424,1.474,0.222,3.7896,7.9869,,,,
155,5.167,4.238,4.229,bbox,0.684,0.424,1.474,0.222,3.8113,8.0023,,,,
156,5.2,4.085,4.229,bbox,0.739,0.424,1.474,0.308,3.8114,8.026,0.4693,,0.692,
157,5.233,,,,0.739,0.424,1.474,0.308,,,,,,
158,5.267,4.083,4.215,bbox,0.739,0.424,1.474,0.308,3.8073,8.0684,,,,
159,5.3,,,,0.739,0.424,1.474,0.308,,,,,,
160,5.333,,,,0.739,0.424,1.474,0.308,,,,,,
161,5.367,,,,0.739,0.424,1.474,0.308,,,,,,
162,5.4,,,,0.739,0.424,1.474,0.308,,,,,,
163,5.433,,,,0.739,0.424,1.474,0.308,,,,,,
164,5.467,,,,0.739,0.424,1.474,0.308,,,,,,
165,5.5,,,,0.739,0.424,1.474,0.308,,,,,,
166,5.533,,,,0.739,0.424,1.474,0.308,,,,,,
167,5.567,,,,0.739,0.424,1.474,0.308,,,,,,
168,5.6,4.391,4.234,bbox,0.739,0.424,1.474,0.348,3.7685,8.1867,0.431,,0.72,
169,5.633,,,,0.739,0.424,1.474,0.348,,,,,,
170,5.667,,,,0.739,0.424,1.474,0.348,,,,,,
171,5.7,4.431,4.238,bbox,0.739,0.424,1.474,0.39,3.7547,8.1464,0.4042,,0.7132,
172,5.733,,,,0.739,0.424,1.474,0.39,,,,,,
173,5.767,,,,0.739,0.424,1.474,0.39,,,,,,
174,5.8,,,,0.739,0.424,1.474,0.39,,,,,,
175,5.833,,,,0.739,0.424,1.474,0.39,,,,,,
176,5.867,4.304,4.304,bbox,0.739,0.424,1.474,0.39,3.7582,8.0455,,,,
177,5.9,4.263,4.304,bbox,0.739,0.424,1.474,0.39,3.7597,8.0308,0.4597,,0.6977,
178,5.933,4.21,4.304,bbox,0.739,0.424,1.474,0.39,3.7642,8.0059,,,,
179,5.967,4.178,4.263,bbox,0.739,0.424,1.511,0.39,3.7598,7.9862,,,,
180,6.0,4.146,4.21,bbox,0.739,0.424,1.511,0.39,3.7496,7.9724,0.4609,,0.7112,
181,6.033,4.121,4.178,bbox,0.739,0.424,1.556,0.39,3.7505,7.9448,,,,
182,6.067,4.09,4.146,bbox,0.739,0.463,1.556,0.39,3.7423,7.9238,,,,
183,6.1,,,,0.739,0.463,1.556,0.39,,,,,,
184,6.133,,,,0.739,0.463,1.556,0.39,,,,,,
185,6.167,,,,0.739,0.463,1.556,0.39,,,,,,
186,6.2,4.1,4.121,bbox,0.739,0.463,1.597,0.39,3.745,7.8527,0.1593,,0.7253,
187,6.233,4.035,4.1,bbox,0.739,0.463,1.597,0.39,3.7405,7.8385,,,,
188,6.267,4.038,4.09,bbox,0.739,0.463,1.689,0.39,3.7265,7.834,,,,
189,6.3,4.017,4.038,bbox,0.739,0.463,1.689,0.39,3.7574,7.8231,0.2255,,0.8134,
190,6.333,4.018,4.035,bbox,0.739,0.463,1.689,0.39,3.7793,7.804,,,,
191,6.367,4.025,4.025,bbox,0.739,0.463,1.689,0.39,3.7777,7.7895,,,,
192,6.4,3.996,4.018,bbox,0.739,0.463,1.738,0.39,3.7904,7.7739,0.5664,,0.7449,
193,6.433,4.004,4.017,bbox,0.739,0.463,1.738,0.39,3.7986,7.7643,,,,
194,6.467,3.988,4.004,bbox,0.779,0.463,1.768,0.39,3.8073,7.7536,,,,
195,6.5,4.004,4.004,bbox,0.779,0.463,1.768,0.39,3.8223,7.7494,0.6898,,0.5811,
196,6.533,4.012,4.004,bbox,0.779,0.463,1.768,0.39,3.8283,7.7515,,,,
197,6.567,4.044,4.004,bbox,0.779,0.463,1.768,0.39,3.8155,7.7556,,,,
198,6.6,4.029,4.012,bbox,0.811,0.463,1.768,0.39,3.8544,7.7656,0.5754,,0.5541,
199,6.633,3.92,4.012,bbox,0.811,0.463,1.768,0.39,3.9212,7.7749,,,,
200,6.667,4.045,4.029,bbox,0.843,0.463,1.768,0.39,3.8909,7.7751,,,,
201,6.7,4.051,4.044,bbox,0.88,0.463,1.768,0.39,3.8958,7.7764,,,,
202,6.733,4.041,4.041,bbox,0.88,0.463,1.768,0.39,3.8707,7.7457,,,,
203,6.767,3.942,4.041,bbox,0.88,0.463,1.768,0.39,3.8932,7.7041,,,,
204,6.8,3.828,4.041,bbox,0.88,0.463,1.768,0.39,3.9317,7.6393,0.8997,,0.6464,
205,6.833,3.822,3.942,bbox,0.88,0.463,1.838,0.39,3.9318,7.6355,,,,
206,6.867,3.814,3.828,bbox,0.911,0.463,1.903,0.39,3.9216,7.6085,,,,
207,6.9,3.748,3.822,bbox,0.911,0.463,1.903,0.39,3.9475,7.6073,0.8306,,0.6658,
208,6.933,3.718,3.814,bbox,0.911,0.463,1.934,0.39,3.9711,7.5926,,,,
209,6.967,3.629,3.748,bbox,0.911,0.463,1.934,0.39,3.9924,7.5374,,,,
210,7.0,3.555,3.718,bbox,0.96,0.463,1.934,0.39,4.0106,7.4806,0.7283,,0.626,
211,7.033,3.588,3.629,bbox,0.96,0.463,2.005,0.39,3.9939,7.4741,,,,
212,7.067,3.558,3.588,bbox,0.96,0.463,2.062,0.39,4.0005,7.4368,,,,
213,7.1,3.509,3.558,bbox,0.96,0.463,2.062,0.39,3.9943,7.3883,0.6727,,0.6066,
214,7.133,3.409,3.555,bbox,0.96,0.463,2.105,0.39,3.9968,7.3086,,,,
215,7.167,3.386,3.509,bbox,0.96,0.463,2.154,0.39,3.9998,7.2797,,,,
216,7.2,3.393,3.409,bbox,0.96,0.463,2.234,0.39,3.9503,7.2503,0.1622,,0.6991,
217,7.233,3.404,3.404,bbox,0.96,0.463,2.234,0.39,3.9187,7.233,,,,
218,7.267,3.43,3.404,bbox,0.96,0.463,2.292,0.39,3.9008,7.2226,,,,
219,7.3,3.525,3.404,bbox,0.96,0.516,2.292,0.39,3.8904,7.2275,,,,
220,7.333,,,,0.96,0.516,2.292,0.39,,,,,,
221,7.367,3.465,3.43,bbox,0.96,0.516,2.292,0.39,3.862,7.2294,,,,
222,7.4,3.501,3.465,bbox,0.96,0.516,2.292,0.39,3.8549,7.2314,0.6446,,0.6805,
223,7.433,,,,0.96,0.516,2.292,0.39,,,,,,
224,7.467,3.57,3.501,bbox,0.96,0.572,2.292,0.39,3.8538,7.2398,,,,
225,7.5,3.578,3.525,bbox,0.96,0.572,2.292,0.39,3.8496,7.2333,,,,
226,7.533,3.608,3.57,bbox,0.96,0.572,2.292,0.39,3.843,7.2395,,,,
227,7.567,3.624,3.578,bbox,0.96,0.572,2.292,0.39,3.8368,7.2408,,,,
228,7.6,3.642,3.608,bbox,0.96,0.572,2.292,0.39,3.8232,7.2341,0.7121,,0.6493,
229,7.633,3.599,3.608,bbox,0.96,0.572,2.292,0.39,3.8158,7.2281,,,,
230,7.667,3.581,3.608,bbox,0.96,0.611,2.292,0.39,3.8145,7.2247,,,,
231,7.7,3.556,3.599,bbox,0.96,0.611,2.292,0.39,3.7981,7.2044,0.2112,,0.7558,
232,7.733,3.553,3.581,bbox,0.96,0.611,2.292,0.39,3.79,7.1908,,,,
233,7.767,3.535,3.556,bbox,0.96,0.611,2.338,0.39,3.7831,7.1768,,,,
234,7.8,3.686,3.556,bbox,0.96,0.644,2.338,0.39,3.7719,7.1594,0.2784,,0.6984,
235,7.833,3.638,3.556,bbox,0.96,0.644,2.338,0.39,3.7552,7.1408,,,,
236,7.867,3.605,3.605,bbox,0.96,0.644,2.383,0.39,3.7443,7.1136,,,,
237,7.9,3.627,3.627,bbox,0.96,0.679,2.383,0.39,3.7445,7.0985,0.2496,,0.6127,
238,7.933,3.729,3.638,bbox,0.96,0.679,2.429,0.39,3.7441,7.0818,,,,
239,7.967,3.645,3.638,bbox,0.96,0.679,2.429,0.39,3.7416,7.05,,,,
240,8.0,3.546,3.627,bbox,0.96,0.679,2.46,0.39,3.7456,6.9802,0.0955,,0.6409,
241,8.033,3.453,3.627,bbox,0.96,0.679,2.492,0.39,3.7517,6.9353,,,,
242,8.067,3.397,3.546,bbox,0.96,0.679,2.562,0.39,3.7649,6.9372,,,,
243,8.1,3.315,3.453,bbox,0.96,0.679,2.605,0.39,3.7802,6.9331,0.4844,,0.6416,
244,8.133,3.302,3.397,bbox,0.96,0.679,2.605,0.39,3.7826,6.9289,,,,
245,8.167,3.25,3.315,bbox,0.96,0.679,2.605,0.39,3.7871,6.912,,,,
246,8.2,3.167,3.302,bbox,0.96,0.679,2.605,0.39,3.7899,6.8565,0.7654,,0.6298,
247,8.233,3.112,3.25,bbox,0.992,0.679,2.605,0.39,3.7991,6.8152,,,,
248,8.267,3.128,3.167,bbox,0.992,0.679,2.686,0.39,3.823,6.7927,,,,
249,8.3,3.169,3.167,bbox,0.992,0.679,2.727,0.39,3.8396,6.7904,,,,
250,8.333,3.15,3.15,bbox,1.028,0.679,2.727,0.39,3.8967,6.7985,,,,
251,8.367,3.166,3.15,bbox,1.028,0.679,2.727,0.39,3.897,6.7994,,,,
252,8.4,3.183,3.166,bbox,1.102,0.679,2.727,0.39,3.8969,6.8149,,,,
253,8.433,3.155,3.166,bbox,1.102,0.679,2.727,0.39,3.9065,6.8375,,,,
254,8.467,3.126,3.155,bbox,1.102,0.679,2.727,0.39,3.9248,6.8689,,,,
255,8.5,3.065,3.155,bbox,1.102,0.679,2.727,0.39,3.935,6.863,0.9563,,0.5649,
256,8.533,3.016,3.126,bbox,1.102,0.679,2.727,0.431,3.9488,6.856,,,,
257,8.567,2.976,3.065,bbox,1.14,0.679,2.727,0.431,3.9642,6.8226,,,,
258,8.6,3.02,3.02,bbox,1.14,0.679,2.727,0.431,3.9826,6.8741,0.7677,,0.5884,
259,8.633,2.931,3.016,bbox,1.14,0.679,2.727,0.431,4.0041,6.7984,,,,
260,8.667,2.934,2.976,bbox,1.187,0.679,2.76,0.431,4.0081,6.7814,,,,
261,8.7,2.956,2.956,bbox,1.187,0.679,2.76,0.431,4.0067,6.7996,0.8619,,0.5834,
262,8.733,2.97,2.956,bbox,1.187,0.679,2.76,0.431,4.0113,6.8224,,,,
263,8.767,2.994,2.956,bbox,1.187,0.679,2.76,0.431,4.011,6.8529,,,,
264,8.8,2.927,2.956,bbox,1.187,0.679,2.76,0.431,4.0151,6.7784,0.7658,,0.4964,
265,8.833,2.972,2.97,bbox,1.187,0.679,2.76,0.431,4.0151,6.8455,,,,
266,8.867,2.919,2.97,bbox,1.22,0.679,2.76,0.431,4.0261,6.8286,,,,
267,8.9,2.907,2.927,bbox,1.22,0.679,2.76,0.431,4.0209,6.8048,0.8754,,0.5832,
268,8.933,2.884,2.919,bbox,1.22,0.679,2.76,0.431,4.0237,6.7756,,,,
269,8.967,2.86,2.907,bbox,1.22,0.679,2.76,0.431,4.0306,6.7531,,,,
270,9.0,2.799,2.884,bbox,1.22,0.679,2.807,0.431,4.0469,6.7001,0.8275,,0.6627,
271,9.033,2.798,2.86,bbox,1.22,0.679,2.807,0.431,4.0356,6.6728,,,,
272,9.067,2.789,2.799,bbox,1.22,0.679,2.883,0.431,4.0367,6.6577,,,,
273,9.1,3.693,2.799,pose,1.22,0.679,2.883,0.431,4.0519,6.663,0.0404,0.0115,0.5723,-0.0679
274,9.133,2.762,2.798,bbox,1.22,0.679,2.92,0.431,4.035,6.6449,,,,
275,9.167,2.736,2.789,bbox,1.22,0.679,2.92,0.431,4.0266,6.629,,,,
276,9.2,2.727,2.762,bbox,1.22,0.679,2.92,0.431,4.0335,6.6342,0.4951,,0.5984,
277,9.233,2.716,2.736,bbox,1.22,0.679,2.92,0.431,4.0247,6.6242,,,,
278,9.267,2.726,2.727,bbox,1.22,0.679,2.954,0.431,4.0037,6.62,,,,
279,9.3,2.76,2.727,bbox,1.22,0.679,2.954,0.431,3.977,6.5986,0.7502,,0.6361,
280,9.333,2.788,2.727,bbox,1.22,0.679,2.954,0.431,3.9488,6.5867,,,,
281,9.367,2.817,2.76,bbox,1.22,0.717,2.984,0.431,3.9209,6.5872,,,,
282,9.4,2.866,2.788,bbox,1.22,0.717,2.984,0.431,3.9004,6.6008,0.7828,,0.6251,
283,9.433,2.902,2.817,bbox,1.22,0.773,2.984,0.431,3.8837,6.6214,,,,
284,9.467,2.953,2.866,bbox,1.22,0.773,2.984,0.431,3.8645,6.6471,,,,
285,9.5,3.012,2.902,bbox,1.22,0.811,2.984,0.431,3.8019,6.6795,0.8087,,0.5908,
286,9.533,3.041,2.953,bbox,1.22,0.811,2.984,0.479,3.7926,6.699,,,,
287,9.567,3.125,3.012,bbox,1.22,0.892,2.984,0.512,3.7751,6.723,,,,
288,9.6,3.142,3.041,bbox,1.22,0.892,2.984,0.512,3.7811,6.747,0.7145,,0.6101,
289,9.633,3.155,3.125,bbox,1.22,0.892,2.984,0.555,3.7776,6.7622,,,,
290,9.667,3.178,3.142,bbox,1.22,0.892,2.984,0.555,3.765,6.7589,,,,
291,9.7,3.17,3.155,bbox,1.22,0.892,2.984,0.591,3.7592,6.7675,0.8143,,0.6467,
292,9.733,3.156,3.156,bbox,1.22,0.929,2.984,0.591,3.7616,6.7596,,,,
293,9.767,3.133,3.156,bbox,1.22,0.929,2.984,0.591,3.7624,6.754,,,,
294,9.8,3.132,3.156,bbox,1.22,0.929,2.984,0.591,3.759,6.7564,0.8018,,0.6575,
295,9.833,3.143,3.143,bbox,1.22,0.929,2.984,0.591,3.7617,6.7556,,,,
296,9.867,3.129,3.133,bbox,1.22,0.929,2.984,0.591,3.7574,6.7555,,,,
297,9.9,3.129,3.132,bbox,1.22,0.929,2.984,0.591,3.7498,6.7415,0.7458,,0.6821,
298,9.933,3.113,3.129,bbox,1.22,0.929,2.984,0.591,3.7494,6.733,,,,
299,9.967,3.122,3.129,bbox,1.22,0.929,2.984,0.591,3.7494,6.7355,,,,
300,10.0,3.161,3.129,bbox,1.22,0.929,2.984,0.591,3.7501,6.721,0.8282,,0.5757,
301,10.033,3.168,3.129,bbox,1.22,0.929,2.984,0.591,3.7567,6.7059,,,,
302,10.067,3.136,3.136,bbox,1.22,0.929,3.022,0.591,3.7611,6.6846,,,,
303,10.1,3.118,3.136,bbox,1.22,0.929,3.022,0.591,3.7687,6.6661,0.8136,,0.618,
304,10.133,3.1,3.136,bbox,1.22,0.929,3.059,0.591,3.7723,6.6463,,,,
305,10.167,3.068,3.118,bbox,1.22,0.929,3.059,0.591,3.7743,6.6374,,,,
306,10.2,3.032,3.1,bbox,1.22,0.929,3.097,0.591,3.7768,6.6306,0.7979,,0.6607,
307,10.233,2.994,3.068,bbox,1.22,0.929,3.097,0.591,3.7854,6.6148,,,,
308,10.267,2.956,3.032,bbox,1.22,0.929,3.097,0.591,3.7865,6.5999,,,,
309,10.3,2.92,2.994,bbox,1.22,0.929,3.129,0.591,3.789,6.5414,0.8058,,0.6191,
310,10.333,2.876,2.956,bbox,1.22,0.929,3.129,0.591,3.7885,6.4826,,,,
311,10.367,2.809,2.92,bbox,1.22,0.929,3.202,0.591,3.7863,6.4194,,,,
312,10.4,2.792,2.876,bbox,1.22,0.929,3.261,0.591,3.7898,6.3782,0.8535,,0.5448,
313,10.433,2.77,2.809,bbox,1.22,0.929,3.324,0.591,3.7898,6.359,,,,
314,10.467,2.783,2.792,bbox,1.22,0.929,3.365,0.591,3.7883,6.3652,,,,
315,10.5,2.771,2.783,bbox,1.22,0.929,3.365,0.591,3.7841,6.3514,0.8722,,0.5557,
316,10.533,2.76,2.771,bbox,1.22,0.929,3.365,0.591,3.7776,6.3481,,,,
317,10.567,2.759,2.77,bbox,1.22,0.929,3.365,0.591,3.7827,6.3635,,,,
318,10.6,2.746,2.76,bbox,1.22,0.929,3.365,0.591,3.7898,6.3788,0.681,,0.6164,
319,10.633,2.786,2.76,bbox,1.22,0.929,3.365,0.591,3.7946,6.4192,,,,
320,10.667,2.843,2.76,bbox,1.22,0.929,3.365,0.591,3.7985,6.5078,,,,
321,10.7,2.917,2.786,bbox,1.22,0.929,3.365,0.632,3.8002,6.5693,0.8008,,0.6243,
322,10.733,2.947,2.843,bbox,1.253,0.929,3.365,0.721,3.8043,6.6164,,,,
323,10.767,3.03,2.917,bbox,1.253,0.929,3.365,0.782,3.7957,6.6718,,,,
324,10.8,2.546,2.917,pose,1.253,0.929,3.365,0.829,3.7857,6.7363,0.8454,0.6059,0.5731,0.5156
325,10.833,3.192,2.947,bbox,1.253,0.929,3.365,0.885,3.7982,6.757,,,,
326,10.867,3.202,3.03,bbox,1.253,0.929,3.365,0.949,3.8035,6.7728,,,,
327,10.9,3.081,3.081,pose,1.253,0.929,3.365,0.949,3.8034,6.7897,0.8518,0.0147,0.5647,0.2303
328,10.933,3.209,3.192,bbox,1.253,0.929,3.365,0.986,3.8032,6.7805,,,,
329,10.967,3.214,3.202,bbox,1.253,0.929,3.365,0.986,3.8096,6.8063,,,,
330,11.0,3.174,3.202,bbox,1.253,0.929,3.365,0.986,3.8232,6.8313,0.812,,0.6206,
331,11.033,3.177,3.177,bbox,1.253,0.929,3.365,1.019,3.8389,6.8883,,,,
332,11.067,3.22,3.209,bbox,1.253,0.929,3.365,1.019,3.8455,6.9546,,,,
333,11.1,3.26,3.214,bbox,1.294,0.929,3.365,1.101,3.8536,7.0163,0.7651,,0.638,
334,11.133,3.327,3.22,bbox,1.294,0.929,3.365,1.168,3.848,7.052,,,,
335,11.167,3.392,3.26,bbox,1.294,0.929,3.365,1.229,3.8497,7.073,,,,
336,11.2,3.424,3.327,bbox,1.294,0.929,3.365,1.265,3.8378,7.0702,0.8339,,0.6242,
337,11.233,3.453,3.392,bbox,1.294,0.929,3.365,1.265,3.8358,7.06,,,,
338,11.267,3.461,3.424,bbox,1.294,0.929,3.365,1.265,3.8489,7.0505,,,,
339,11.3,3.471,3.453,bbox,1.294,0.929,3.365,1.265,3.8397,7.0391,0.828,,0.5464,
340,11.333,3.442,3.453,bbox,1.294,0.929,3.365,1.265,3.8467,7.0414,,,,
341,11.367,3.443,3.453,bbox,1.294,0.929,3.365,1.265,3.8497,7.0443,,,,
342,11.4,3.414,3.443,bbox,1.294,0.929,3.365,1.265,3.8484,7.0328,0.6764,,0.5706,
343,11.433,3.335,3.442,bbox,1.294,0.929,3.365,1.265,3.8508,7.0072,,,,
344,11.467,3.273,3.414,bbox,1.294,0.929,3.365,1.265,3.8485,6.9625,,,,
345,11.5,3.229,3.335,bbox,1.294,0.929,3.41,1.265,3.859,6.9297,0.7862,,0.6301,
346,11.533,3.17,3.273,bbox,1.294,0.929,3.455,1.265,3.8585,6.861,,,,
347,11.567,3.134,3.229,bbox,1.294,0.929,3.487,1.265,3.8633,6.8327,,,,
348,11.6,3.105,3.17,bbox,1.294,0.929,3.556,1.265,3.8693,6.786,0.584,,0.6397,
349,11.633,3.145,3.145,bbox,1.294,0.929,3.556,1.265,3.8646,6.76,,,,
350,11.667,3.165,3.145,bbox,1.294,0.929,3.631,1.265,3.8388,6.7107,,,,
351,11.7,3.141,3.141,bbox,1.294,0.929,3.631,1.265,3.8094,6.6734,0.8611,,0.6099,
352,11.733,3.109,3.141,bbox,1.294,0.929,3.706,1.265,3.784,6.6381,,,,
353,11.767,3.081,3.141,bbox,1.294,0.929,3.744,1.265,3.7541,6.6034,,,,
354,11.8,3.038,3.109,bbox,1.294,0.984,3.779,1.265,3.731,6.5422,0.0064,,0.1843,
355,11.833,2.934,3.081,bbox,1.294,0.984,3.814,1.265,3.7276,6.4835,,,,
356,11.867,2.877,3.038,bbox,1.294,1.037,3.875,1.265,3.7272,6.4302,,,,
357,11.9,2.831,2.934,bbox,1.294,1.037,3.934,1.265,3.7086,6.3771,,,,
358,11.933,2.837,2.877,bbox,1.294,1.037,3.987,1.265,3.6905,6.3486,,,,
359,11.967,2.8,2.837,bbox,1.294,1.037,4.04,1.265,3.6825,6.3023,,,,
360,12.0,2.412,2.831,pose,1.294,1.078,4.04,1.265,3.6862,6.2446,0.9987,0.0214,0.5726,1.1291
361,12.033,2.726,2.8,bbox,1.294,1.078,4.115,1.265,3.6822,6.2014,,,,
362,12.067,2.737,2.737,bbox,1.294,1.078,4.173,1.265,3.6827,6.1781,,,,
363,12.1,3.787,2.737,pose,1.294,1.078,4.216,1.265,3.8067,6.1916,0.5675,0.1087,0.4062,-0.4451
364,12.133,2.71,2.726,bbox,1.294,1.078,4.216,1.265,3.6822,6.1913,,,,
365,12.167,2.75,2.737,bbox,1.294,1.078,4.216,1.265,3.6286,6.2081,,,,
366,12.2,2.83,2.75,bbox,1.294,1.078,4.216,1.265,3.59,6.239,0.9542,,0.6085,
367,12.233,2.814,2.814,bbox,1.294,1.14,4.216,1.265,3.5676,6.2475,,,,
368,12.267,2.859,2.814,bbox,1.294,1.178,4.216,1.303,3.5438,6.2756,,,,
369,12.3,4.046,2.83,pose,1.294,1.178,4.216,1.303,3.5334,6.3142,0.9358,0.1638,0.6784,-0.9503
370,12.333,2.975,2.859,bbox,1.294,1.224,4.216,1.339,3.5119,6.3202,,,,
371,12.367,2.989,2.975,bbox,1.294,1.224,4.216,1.378,3.4936,6.3265,,,,
372,12.4,,,,1.294,1.224,4.216,1.378,,,,,,
373,12.433,3.118,2.989,bbox,1.294,1.256,4.216,1.378,3.4577,6.335,,,,
374,12.467,3.163,3.118,bbox,1.294,1.256,4.216,1.378,3.4648,6.3469,,,,
375,12.5,3.15,3.118,bbox,1.294,1.303,4.216,1.378,3.4444,6.3611,0.9659,,0.5467,
376,12.533,3.219,3.15,bbox,1.294,1.303,4.216,1.41,3.4299,6.3936,,,,
377,12.567,2.29,3.15,bbox,1.294,1.303,4.216,1.41,7.8884,6.4118,,,,
378,12.6,,,,1.294,1.303,4.216,1.41,,,,,,
379,12.633,,,,1.294,1.303,4.216,1.41,,,,,,
380,12.667,,,,1.294,1.303,4.216,1.41,,,,,,
381,12.7,,,,1.294,1.303,4.216,1.41,,,,,,
382,12.733,,,,1.294,1.303,4.216,1.41,,,,,,
383,12.767,,,,1.294,1.303,4.216,1.41,,,,,,
384,12.8,,,,1.294,1.303,4.216,1.41,,,,,,
385,12.833,,,,1.294,1.303,4.216,1.41,,,,,,
386,12.867,,,,1.294,1.303,4.216,1.41,,,,,,
387,12.9,,,,1.294,1.303,4.216,1.41,,,,,,
388,12.933,,,,1.294,1.303,4.216,1.41,,,,,,
389,12.967,,,,1.294,1.303,4.216,1.41,,,,,,
390,13.0,,,,1.294,1.303,4.216,1.41,,,,,,
391,13.033,,,,1.294,1.303,4.216,1.41,,,,,,
392,13.067,,,,1.294,1.303,4.216,1.41,,,,,,
393,13.1,,,,1.294,1.303,4.216,1.41,,,,,,
394,13.133,,,,1.294,1.303,4.216,1.41,,,,,,
395,13.167,,,,1.294,1.303,4.216,1.41,,,,,,
396,13.2,,,,1.294,1.303,4.216,1.41,,,,,,
397,13.233,,,,1.294,1.303,4.216,1.41,,,,,,
398,13.267,,,,1.294,1.303,4.216,1.41,,,,,,
399,13.3,,,,1.294,1.303,4.216,1.41,,,,,,
400,13.333,,,,1.294,1.303,4.216,1.41,,,,,,
401,13.367,,,,1.294,1.303,4.216,1.41,,,,,,
402,13.4,,,,1.294,1.303,4.216,1.41,,,,,,
403,13.433,,,,1.294,1.303,4.216,1.41,,,,,,
404,13.467,,,,1.294,1.303,4.216,1.41,,,,,,
405,13.5,,,,1.294,1.303,4.216,1.41,,,,,,
406,13.533,,,,1.294,1.303,4.216,1.41,,,,,,
407,13.567,,,,1.294,1.303,4.216,1.41,,,,,,
408,13.6,2.615,3.15,bbox,1.294,1.303,4.216,1.41,3.823,6.1895,0.7835,,0.0601,
409,13.633,2.573,2.615,bbox,1.444,1.303,4.216,1.41,3.903,6.2275,,,,
410,13.667,2.625,2.615,bbox,1.524,1.303,4.286,1.41,3.979,6.2765,,,,
411,13.7,2.509,2.573,bbox,1.6,1.303,4.286,1.41,4.1306,6.3321,,0.6694,,0.5491
412,13.733,2.565,2.573,bbox,1.6,1.303,4.286,1.41,4.1955,6.3789,,,,
413,13.767,2.341,2.565,bbox,1.75,1.303,4.286,1.466,7.8907,6.4044,,,,
414,13.8,2.318,2.509,bbox,1.815,1.303,4.286,1.513,7.8962,6.446,0.1159,,0.5691,
415,13.833,2.826,2.509,bbox,1.965,1.303,4.286,1.513,4.407,6.4502,,,,
416,13.867,2.843,2.565,bbox,1.965,1.303,4.286,1.58,4.4104,6.4457,,,,
417,13.9,0.647,2.341,pose,1.965,1.303,4.286,1.58,4.328,6.4025,0.1043,0.096,-0.2045,0.0669
418,13.933,2.852,2.826,bbox,1.965,1.303,4.286,1.58,4.2371,6.3409,,,,
419,13.967,2.743,2.826,bbox,1.965,1.382,4.329,1.58,4.1286,6.323,,,,
420,14.0,2.584,2.743,bbox,1.965,1.382,4.391,1.58,7.9179,6.3167,0.0073,,-0.3471,
421,14.033,2.542,2.584,bbox,1.965,1.382,4.391,1.58,7.9164,6.3185,,,,
422,14.067,2.512,2.584,bbox,2.115,1.382,4.391,1.58,7.9207,6.3273,,,,
423,14.1,2.491,2.542,bbox,2.115,1.382,4.391,1.58,7.9224,6.3346,0.035,,-0.7873,
424,14.133,2.471,2.512,bbox,2.115,1.382,4.391,1.58,7.924,6.3714,,,,
425,14.167,2.395,2.491,bbox,2.115,1.382,4.391,1.58,7.922,6.407,,,,
426,14.2,2.328,2.471,bbox,2.115,1.382,4.391,1.61,7.9354,6.4324,0.0225,,-1.3585,
427,14.233,2.27,2.395,bbox,2.115,1.382,4.391,1.646,7.9403,6.4643,,,,
428,14.267,2.221,2.328,bbox,2.115,1.382,4.391,1.646,7.9344,6.4952,,,,
429,14.3,2.193,2.27,bbox,2.115,1.382,4.391,1.703,7.9312,6.5118,0.0932,,0.4214,
430,14.333,2.725,2.27,bbox,2.115,1.382,4.391,1.734,3.9879,6.5137,,,,
431,14.367,2.76,2.27,bbox,2.115,1.382,4.391,1.734,3.9668,6.5198,,,,
432,14.4,2.751,2.725,bbox,2.115,1.518,4.391,1.734,3.9606,6.5134,0.3685,,0.6976,
433,14.433,2.218,2.725,bbox,2.115,1.518,4.391,1.734,7.9295,6.5171,,,,
434,14.467,2.238,2.725,bbox,2.115,1.518,4.391,1.734,7.9324,6.5121,,,,
435,14.5,2.249,2.249,bbox,2.265,1.518,4.391,1.734,7.9344,6.5095,0.1708,,0.4842,
436,14.533,2.252,2.249,bbox,2.265,1.518,4.391,1.734,7.939,6.5018,,,,
437,14.567,2.24,2.24,bbox,2.265,1.518,4.391,1.734,7.9393,6.5003,,,,
438,14.6,2.238,2.24,bbox,2.265,1.518,4.391,1.734,7.9425,6.4937,0.1348,,0.5368,
439,14.633,2.244,2.244,bbox,2.265,1.518,4.391,1.734,7.9447,6.4848,,,,
440,14.667,2.226,2.24,bbox,2.265,1.518,4.391,1.734,7.9484,6.4734,,,,
441,14.7,2.242,2.24,bbox,2.265,1.518,4.391,1.734,7.9547,6.4515,0.0436,,-1.0577,
442,14.733,2.307,2.242,bbox,2.265,1.518,4.391,1.734,7.9672,6.4103,,,,
443,14.767,2.322,2.244,bbox,2.265,1.518,4.435,1.734,7.9736,6.3982,,,,
444,14.8,2.306,2.306,bbox,2.302,1.518,4.476,1.734,7.9789,6.3951,0.1817,,0.5992,
445,14.833,2.355,2.307,bbox,2.302,1.518,4.476,1.734,7.9815,6.3752,,,,
446,14.867,2.388,2.322,bbox,2.302,1.518,4.476,1.734,7.989,6.3624,,,,
447,14.9,2.403,2.355,bbox,2.302,1.518,4.511,1.734,7.9971,6.3526,0.1415,,0.416,
448,14.933,2.377,2.377,bbox,2.302,1.518,4.511,1.734,8.0073,6.358,,,,
449,14.967,2.351,2.377,bbox,2.302,1.518,4.511,1.734,8.0122,6.3746,,,,
450,15.0,2.325,2.377,bbox,2.343,1.518,4.511,1.734,8.0228,6.4056,0.242,,0.5662,
451,15.033,2.342,2.351,bbox,2.343,1.518,4.511,1.734,8.0299,6.4375,,,,
452,15.067,2.313,2.342,bbox,2.343,1.518,4.511,1.764,8.0336,6.4661,,,,
453,15.1,2.271,2.325,bbox,2.343,1.518,4.511,1.796,8.0445,6.506,0.2087,,0.5824,
454,15.133,2.254,2.313,bbox,2.343,1.518,4.511,1.796,8.0582,6.5463,,,,
455,15.167,2.213,2.271,bbox,2.38,1.518,4.511,1.865,8.0736,6.6223,,,,
456,15.2,2.597,2.271,pose,2.38,1.518,4.511,1.905,8.0885,6.6486,0.0533,0.0199,0.16,0.292
457,15.233,2.237,2.254,bbox,2.38,1.518,4.511,1.981,8.1074,6.6601,,,,
458,15.267,2.291,2.254,bbox,2.424,1.518,4.511,1.981,8.1317,6.6714,,,,
459,15.3,2.27,2.27,bbox,2.424,1.518,4.511,2.019,8.1565,6.7018,0.152,,0.4639,
460,15.333,2.228,2.27,bbox,2.467,1.518,4.511,2.019,8.1799,6.713,,,,
461,15.367,2.209,2.237,bbox,2.467,1.518,4.511,2.061,8.2111,6.7386,,,,
462,15.4,2.221,2.228,bbox,2.515,1.518,4.511,2.061,8.2412,6.7661,0.1072,,0.5536,
463,15.433,2.21,2.221,bbox,2.546,1.518,4.511,2.097,8.2724,6.8105,,,,
464,15.467,2.199,2.21,bbox,2.576,1.518,4.511,2.097,8.2922,6.833,,,,
465,15.5,2.18,2.209,bbox,2.608,1.518,4.511,2.169,8.3116,6.8587,0.0507,,0.1259,
466,15.533,2.168,2.199,bbox,2.608,1.518,4.511,2.169,8.332,6.8834,,,,
467,15.567,3.361,2.199,bbox,2.608,1.518,4.511,2.217,3.7238,6.9047,,,,
468,15.6,3.421,2.199,bbox,2.608,1.518,4.511,2.217,3.7259,6.9058,0.0896,,0.6571,
469,15.633,3.429,3.361,bbox,2.608,1.648,4.511,2.264,3.7281,6.9182,,,,
470,15.667,2.219,3.361,bbox,2.608,1.648,4.511,2.264,8.4173,6.935,,,,
471,15.7,2.226,3.361,bbox,2.608,1.648,4.511,2.264,8.4254,6.9372,,,,
472,15.733,3.437,3.421,bbox,2.608,1.648,4.511,2.294,3.7417,6.9564,,,,
473,15.767,3.436,3.429,bbox,2.608,1.648,4.511,2.294,3.7339,6.9637,,,,
474,15.8,3.524,3.436,pose,2.608,1.648,4.511,2.294,3.751,6.9836,0.5789,0.0438,0.686,0.7516
475,15.833,3.387,3.436,bbox,2.608,1.648,4.511,2.294,3.7756,6.9775,,,,
476,15.867,3.353,3.436,bbox,2.608,1.648,4.511,2.294,3.7874,6.9574,,,,
477,15.9,3.3,3.387,bbox,2.655,1.648,4.511,2.294,3.8093,6.9185,0.7578,,0.6909,
478,15.933,3.25,3.353,bbox,2.655,1.648,4.511,2.294,3.8638,6.8983,,,,
479,15.967,2.419,3.3,bbox,2.689,1.648,4.511,2.294,8.5101,6.8617,,,,
480,16.0,2.473,3.25,bbox,2.743,1.648,4.548,2.294,8.5417,6.8397,0.0251,,-0.8136,
481,16.033,2.515,2.515,bbox,2.893,1.648,4.584,2.294,8.5702,6.8357,,,,
482,16.067,2.51,2.51,bbox,2.925,1.648,4.584,2.294,8.5795,6.842,,,,
483,16.1,2.501,2.501,bbox,2.925,1.648,4.584,2.294,8.6016,6.8404,,,,
484,16.133,3.099,2.51,bbox,2.925,1.648,4.584,2.294,4.1176,6.8241,,,,
485,16.167,,,,2.925,1.648,4.584,2.294,,,,,,
486,16.2,,,,2.925,1.648,4.584,2.294,,,,,,
487,16.233,,,,2.925,1.648,4.584,2.294,,,,,,
488,16.267,,,,2.925,1.648,4.584,2.294,,,,,,
489,16.3,2.704,2.515,pose,2.925,1.648,4.584,2.294,4.0558,6.6606,0.9246,0.0334,0.6433,0.2373
490,16.333,2.731,2.704,bbox,2.963,1.648,4.622,2.294,8.6593,6.6388,,,,
491,16.367,2.772,2.731,bbox,2.963,1.648,4.772,2.294,8.6634,6.6268,,,,
492,16.4,2.799,2.772,bbox,3.042,1.648,4.772,2.294,8.6704,6.6288,,0.1089,,0.305
493,16.433,2.79,2.772,bbox,3.042,1.648,4.772,2.294,8.6785,6.6407,,,,
494,16.467,2.775,2.775,bbox,3.042,1.648,4.772,2.294,8.6814,6.6523,,,,
495,16.5,2.767,2.775,bbox,3.042,1.648,4.772,2.294,8.691,6.6599,,,,
496,16.533,2.733,2.775,bbox,3.042,1.648,4.772,2.294,8.6956,6.6776,,,,
497,16.567,2.766,2.767,bbox,3.042,1.648,4.772,2.294,4.0585,6.7093,,,,
498,16.6,2.19,2.766,pose,3.042,1.648,4.772,2.294,4.0305,6.7309,0.9116,0.7107,0.6337,0.6444
499,16.633,2.885,2.766,bbox,3.042,1.776,4.772,2.342,3.9987,6.7441,,,,
500,16.667,2.937,2.766,bbox,3.042,1.776,4.772,2.342,3.9841,6.7647,,,,
501,16.7,2.738,2.766,bbox,3.042,1.776,4.772,2.377,8.7118,6.7718,,,,
502,16.733,,,,3.042,1.776,4.772,2.377,,,,,,
503,16.767,,,,3.042,1.776,4.772,2.377,,,,,,
504,16.8,,,,3.042,1.776,4.772,2.377,,,,,,
505,16.833,,,,3.042,1.776,4.772,2.377,,,,,,
506,16.867,,,,3.042,1.776,4.772,2.377,,,,,,
507,16.9,,,,3.042,1.776,4.772,2.377,,,,,,
508,16.933,,,,3.042,1.776,4.772,2.377,,,,,,
509,16.967,,,,3.042,1.776,4.772,2.377,,,,,,
510,17.0,,,,3.042,1.776,4.772,2.377,,,,,,
511,17.033,,,,3.042,1.776,4.772,2.377,,,,,,
512,17.067,,,,3.042,1.776,4.772,2.377,,,,,,
513,17.1,,,,3.042,1.776,4.772,2.377,,,,,,
514,17.133,,,,3.042,1.776,4.772,2.377,,,,,,
515,17.167,,,,3.042,1.776,4.772,2.377,,,,,,
516,17.2,,,,3.042,1.776,4.772,2.377,,,,,,
517,17.233,,,,3.042,1.776,4.772,2.377,,,,,,
518,17.267,,,,3.042,1.776,4.772,2.377,,,,,,
519,17.3,,,,3.042,1.776,4.772,2.377,,,,,,
520,17.333,,,,3.042,1.776,4.772,2.377,,,,,,
521,17.367,3.151,2.885,bbox,3.042,1.776,4.772,2.377,8.9089,6.5585,,,,
522,17.4,3.116,2.937,bbox,3.165,1.776,4.772,2.377,8.902,6.5579,,0.1503,,0.5858
523,17.433,,,,3.165,1.776,4.772,2.377,,,,,,
524,17.467,3.147,3.116,bbox,3.315,1.776,4.922,2.377,8.9188,6.5483,,,,
525,17.5,,,,3.315,1.776,4.922,2.377,,,,,,
526,17.533,,,,3.315,1.776,4.922,2.377,,,,,,
527,17.567,,,,3.315,1.776,4.922,2.377,,,,,,
528,17.6,3.378,3.147,bbox,3.315,1.776,4.922,2.377,9.0219,6.5076,,,,
529,17.633,3.414,3.151,bbox,3.315,1.776,4.922,2.377,9.0339,6.4932,,,,
530,17.667,3.413,3.378,bbox,3.435,1.776,4.973,2.377,9.0448,6.4995,,,,
531,17.7,3.418,3.413,bbox,3.435,1.776,4.973,2.377,9.0463,6.4893,,0.2286,,0.2155
532,17.733,3.377,3.413,bbox,3.435,1.776,4.973,2.377,9.0485,6.5088,,,,
533,17.767,3.319,3.413,bbox,3.435,1.776,4.973,2.377,9.0642,6.5403,,,,
534,17.8,3.295,3.377,bbox,3.435,1.776,4.973,2.377,9.0785,6.5557,,0.5021,,0.6227
535,17.833,,,,3.435,1.776,4.973,2.377,,,,,,
536,17.867,,,,3.435,1.776,4.973,2.377,,,,,,
537,17.9,,,,3.435,1.776,4.973,2.377,,,,,,
538,17.933,,,,3.435,1.776,4.973,2.377,,,,,,
539,17.967,,,,3.435,1.776,4.973,2.377,,,,,,
540,18.0,3.382,3.377,bbox,3.477,1.776,4.973,2.41,9.1196,6.5578,,0.1583,,0.2928
541,18.033,3.376,3.376,bbox,3.477,1.776,4.973,2.41,9.1268,6.5645,,,,
542,18.067,3.347,3.347,bbox,3.532,1.776,4.973,2.41,9.1335,6.5803,,,,
543,18.1,3.312,3.347,bbox,3.532,1.776,4.973,2.41,9.1344,6.5892,,0.3812,,0.4938
544,18.133,3.267,3.347,bbox,3.532,1.776,4.973,2.45,9.1342,6.607,,,,
545,18.167,3.269,3.312,bbox,3.532,1.776,4.973,2.45,9.1409,6.6145,,,,
546,18.2,3.282,3.282,bbox,3.532,1.776,4.973,2.45,9.1435,6.615,,0.5298,,0.7078
547,18.233,3.279,3.279,bbox,3.532,1.776,4.973,2.484,9.142,6.6278,,,,
548,18.267,3.323,3.279,bbox,3.532,1.776,4.973,2.484,9.142,6.6217,,,,
549,18.3,3.346,3.282,bbox,3.532,1.776,4.973,2.484,9.143,6.6393,,,,
550,18.333,3.349,3.323,bbox,3.532,1.776,4.973,2.484,9.1453,6.6379,,,,
551,18.367,3.332,3.332,bbox,3.532,1.776,4.973,2.484,9.1451,6.6445,,,,
552,18.4,3.315,3.332,bbox,3.532,1.776,4.973,2.484,9.144,6.6465,,,,
553,18.433,,,,3.532,1.776,4.973,2.484,,,,,,
554,18.467,,,,3.532,1.776,4.973,2.484,,,,,,
555,18.5,,,,3.532,1.776,4.973,2.484,,,,,,
556,18.533,,,,3.532,1.776,4.973,2.484,,,,,,
557,18.567,,,,3.532,1.776,4.973,2.484,,,,,,
558,18.6,,,,3.532,1.776,4.973,2.484,,,,,,
559,18.633,,,,3.532,1.776,4.973,2.484,,,,,,
560,18.667,,,,3.532,1.776,4.973,2.484,,,,,,
561,18.7,3.591,3.346,bbox,3.532,1.776,4.973,2.484,9.1477,6.4269,,,,
562,18.733,3.645,3.349,bbox,3.532,1.776,4.973,2.484,9.1492,6.3962,,,,
563,18.767,3.663,3.591,bbox,3.532,1.776,5.099,2.484,9.1515,6.3912,,,,
564,18.8,3.707,3.645,bbox,3.532,1.776,5.13,2.484,9.16,6.3584,,,,
565,18.833,,,,3.532,1.776,5.13,2.484,,,,,,
566,18.867,,,,3.532,1.776,5.13,2.484,,,,,,
567,18.9,,,,3.532,1.776,5.13,2.484,,,,,,
568,18.933,,,,3.532,1.776,5.13,2.484,,,,,,
569,18.967,,,,3.532,1.776,5.13,2.484,,,,,,
570,19.0,,,,3.532,1.776,5.13,2.484,,,,,,
571,19.033,,,,3.532,1.776,5.13,2.484,,,,,,
572,19.067,,,,3.532,1.776,5.13,2.484,,,,,,
573,19.1,,,,3.532,1.776,5.13,2.484,,,,,,
574,19.133,,,,3.532,1.776,5.13,2.484,,,,,,
575,19.167,,,,3.532,1.776,5.13,2.484,,,,,,
576,19.2,,,,3.532,1.776,5.13,2.484,,,,,,
577,19.233,,,,3.532,1.776,5.13,2.484,,,,,,
578,19.267,,,,3.532,1.776,5.13,2.484,,,,,,
579,19.3,,,,3.532,1.776,5.13,2.484,,,,,,
580,19.333,,,,3.532,1.776,5.13,2.484,,,,,,
581,19.367,,,,3.532,1.776,5.13,2.484,,,,,,
582,19.4,,,,3.532,1.776,5.13,2.484,,,,,,
583,19.433,,,,3.532,1.776,5.13,2.484,,,,,,
584,19.467,,,,3.532,1.776,5.13,2.484,,,,,,
585,19.5,4.217,3.663,pose,3.564,1.776,5.13,2.484,9.1544,6.4784,0.1044,0.1388,-0.1962,0.0046
586,19.533,3.495,3.663,bbox,3.564,1.776,5.13,2.484,9.1536,6.4819,,,,
587,19.567,3.37,3.663,bbox,3.564,1.776,5.13,2.566,9.1546,6.6178,,,,
588,19.6,,,,3.564,1.776,5.13,2.566,,,,,,
589,19.633,3.26,3.495,bbox,3.564,1.776,5.13,2.566,9.1607,6.6933,,,,
590,19.667,3.187,3.37,bbox,3.564,1.776,5.13,2.706,9.1574,6.7579,,,,
591,19.7,,,,3.564,1.776,5.13,2.706,,,,,,
592,19.733,,,,3.564,1.776,5.13,2.706,,,,,,
593,19.767,,,,3.564,1.776,5.13,2.706,,,,,,
594,19.8,,,,3.564,1.776,5.13,2.706,,,,,,
595,19.833,,,,3.564,1.776,5.13,2.706,,,,,,
596,19.867,,,,3.564,1.776,5.13,2.706,,,,,,
597,19.9,,,,3.564,1.776,5.13,2.706,,,,,,
598,19.933,,,,3.564,1.776,5.13,2.706,,,,,,
599,19.967,6.047,3.37,bbox,3.564,1.776,5.13,2.706,9.1795,4.0346,,,,
600,20.0,3.267,3.267,bbox,3.564,1.776,5.13,2.706,7.0529,4.0404,,0.8642,,0.6393
601,20.033,6.07,3.267,bbox,3.564,1.776,5.28,2.706,9.1664,4.0487,,,,
602,20.067,,,,3.564,1.776,5.28,2.706,,,,,,
603,20.1,2.794,3.267,bbox,3.564,1.776,5.28,2.706,9.167,7.1596,0.0039,,-0.3222,
604,20.133,,,,3.564,1.776,5.28,2.706,,,,,,
605,20.167,2.825,3.267,bbox,3.564,1.776,5.28,2.706,9.1667,7.1358,,,,
606,20.2,2.871,2.871,bbox,3.564,1.776,5.28,2.856,9.1659,7.1318,0.0679,,-0.7337,
607,20.233,2.862,2.862,bbox,3.564,1.776,5.28,2.856,9.1651,7.15,,,,
608,20.267,2.89,2.862,bbox,3.564,1.776,5.28,2.856,9.1651,7.1472,,,,
609,20.3,5.779,2.871,bbox,3.564,1.776,5.28,2.856,9.1797,4.1642,,0.5263,,0.6826
610,20.333,3.012,2.89,bbox,3.564,1.776,5.28,2.856,7.0672,4.2113,,,,
611,20.367,2.95,2.95,bbox,3.564,1.776,5.28,2.856,7.0439,9.1822,,,,
612,20.4,,,,3.564,1.776,5.28,2.856,,,,,,
613,20.433,,,,3.564,1.776,5.28,2.856,,,,,,
614,20.467,,,,3.564,1.776,5.28,2.856,,,,,,
615,20.5,,,,3.564,1.776,5.28,2.856,,,,,,
616,20.533,,,,3.564,1.776,5.28,2.856,,,,,,
617,20.567,,,,3.564,1.776,5.28,2.856,,,,,,
618,20.6,,,,3.564,1.776,5.28,2.856,,,,,,
619,20.633,,,,3.564,1.776,5.28,2.856,,,,,,
620,20.667,,,,3.564,1.776,5.28,2.856,,,,,,
621,20.7,,,,3.564,1.776,5.28,2.856,,,,,,
622,20.733,,,,3.564,1.776,5.28,2.856,,,,,,
623,20.767,,,,3.564,1.776,5.28,2.856,,,,,,
624,20.8,,,,3.564,1.776,5.28,2.856,,,,,,
625,20.833,,,,3.564,1.776,5.28,2.856,,,,,,
626,20.867,,,,3.564,1.776,5.28,2.856,,,,,,
627,20.9,,,,3.564,1.776,5.28,2.856,,,,,,
628,20.933,,,,3.564,1.776,5.28,2.856,,,,,,
629,20.967,,,,3.564,1.776,5.28,2.856,,,,,,
630,21.0,,,,3.564,1.776,5.28,2.856,,,,,,
631,21.033,,,,3.564,1.776,5.28,2.856,,,,,,
632,21.067,,,,3.564,1.776,5.28,2.856,,,,,,
633,21.1,,,,3.564,1.776,5.28,2.856,,,,,,
634,21.133,,,,3.564,1.776,5.28,2.856,,,,,,
635,21.167,,,,3.564,1.776,5.28,2.856,,,,,,
636,21.2,,,,3.564,1.776,5.28,2.856,,,,,,
637,21.233,,,,3.564,1.776,5.28,2.856,,,,,,
638,21.267,,,,3.564,1.776,5.28,2.856,,,,,,
639,21.3,,,,3.564,1.776,5.28,2.856,,,,,,
640,21.333,,,,3.564,1.776,5.28,2.856,,,,,,
641,21.367,,,,3.564,1.776,5.28,2.856,,,,,,
642,21.4,6.048,3.012,pose,3.564,1.776,5.28,2.856,9.2372,7.2401,0.1977,0.3543,0.6391,-0.3343
643,21.433,2.843,3.012,bbox,3.564,1.776,5.28,2.951,9.1538,7.227,,,,
644,21.467,2.786,2.95,bbox,3.564,1.844,5.28,2.951,9.0828,7.2222,,,,
645,21.5,5.602,2.95,pose,3.564,1.844,5.28,2.951,9.0235,7.2483,0.0594,0.0847,-1.0003,0.2501
646,21.533,2.646,2.843,bbox,3.564,1.844,5.28,2.951,8.9471,7.1956,,,,
647,21.567,,,,3.564,1.844,5.28,2.951,,,,,,
648,21.6,,,,3.564,1.844,5.28,2.951,,,,,,
649,21.633,,,,3.564,1.844,5.28,2.951,,,,,,
650,21.667,,,,3.564,1.844,5.28,2.951,,,,,,
651,21.7,,,,3.564,1.844,5.28,2.951,,,,,,
652,21.733,,,,3.564,1.844,5.28,2.951,,,,,,
653,21.767,,,,3.564,1.844,5.28,2.951,,,,,,
654,21.8,,,,3.564,1.844,5.28,2.951,,,,,,
655,21.833,,,,3.564,1.844,5.28,2.951,,,,,,
656,21.867,2.787,2.787,bbox,3.564,1.904,5.28,2.951,8.5971,6.7833,,,,
657,21.9,2.76,2.786,bbox,3.564,1.98,5.312,2.951,8.5901,6.7773,,,,
658,21.933,2.57,2.76,bbox,3.564,2.13,5.462,2.951,8.5737,6.7636,,,,
659,21.967,2.429,2.646,bbox,3.564,2.13,5.462,2.951,8.4751,6.7539,,,,
660,22.0,2.36,2.57,bbox,3.564,2.13,5.462,2.951,8.4376,6.7593,,,,
661,22.033,2.32,2.429,bbox,3.564,2.252,5.462,2.951,8.4265,6.7653,,,,
662,22.067,2.825,2.429,bbox,3.564,2.29,5.462,2.951,8.4261,6.1801,,,,
663,22.1,0.646,2.36,bbox,3.564,2.29,5.462,2.951,6.7972,6.2423,,,,
664,22.133,2.574,2.36,bbox,3.564,2.29,5.641,2.951,8.438,6.2731,,,,
665,22.167,0.639,2.32,bbox,3.564,2.29,5.641,2.951,6.8223,6.3017,,,,
666,22.2,0.607,0.646,bbox,3.564,2.451,5.641,2.951,6.8122,6.3301,,0.1892,,0.3667
667,22.233,2.232,0.646,bbox,3.564,2.451,5.641,2.951,6.8214,8.4284,,,,
668,22.267,0.526,0.639,bbox,3.564,2.451,5.641,3.008,6.8314,6.3817,,,,
669,22.3,0.52,0.607,bbox,3.564,2.451,5.641,3.06,6.8603,6.3858,,0.0752,,0.2408
670,22.333,2.797,0.607,bbox,3.564,2.451,5.641,3.06,8.4838,6.4083,,,,
671,22.367,2.426,2.232,bbox,3.602,2.451,5.641,3.06,8.5192,6.4428,,,,
672,22.4,0.587,0.587,bbox,3.74,2.451,5.641,3.06,6.9984,6.5088,,0.1062,,0.6718
673,22.433,0.613,0.613,bbox,3.788,2.451,5.641,3.121,7.0462,6.5423,,,,
674,22.467,0.6,0.613,bbox,3.788,2.451,5.641,3.187,7.0634,6.5744,,,,
675,22.5,2.288,0.613,bbox,3.788,2.451,5.641,3.22,8.5916,6.6187,,0.0958,,0.7783
676,22.533,2.352,0.613,bbox,3.788,2.451,5.641,3.252,8.6367,6.6799,,,,
677,22.567,0.701,0.701,bbox,3.955,2.451,5.641,3.297,7.3202,6.7451,,,,
678,22.6,0.727,0.727,bbox,4.008,2.451,5.641,3.358,7.373,6.8333,,,,
679,22.633,0.78,0.78,bbox,4.07,2.451,5.641,3.423,7.4354,6.8521,,,,
680,22.667,0.712,0.727,bbox,4.07,2.451,5.641,3.511,7.4828,6.8989,,,,
681,22.7,1.048,0.727,bbox,4.07,2.451,5.641,3.511,7.5438,6.9364,,0.0501,,0.5963
682,22.733,1.176,0.78,bbox,4.118,2.451,5.641,3.577,7.649,6.9548,,,,
683,22.767,1.262,1.048,bbox,4.179,2.451,5.641,3.614,7.7743,6.9699,,,,
684,22.8,1.14,1.14,bbox,4.284,2.451,5.641,3.614,7.8006,7.0139,,,,
685,22.833,1.206,1.176,bbox,4.409,2.451,5.641,3.648,7.8736,7.0401,,,,
686,22.867,1.32,1.206,bbox,4.409,2.451,5.641,3.692,7.9702,7.057,,,,
687,22.9,1.317,1.262,bbox,4.509,2.451,5.641,3.692,8.0522,7.027,,,,
688,22.933,1.205,1.206,bbox,4.605,2.451,5.641,3.692,8.1186,7.0371,,,,
689,22.967,1.306,1.306,bbox,4.687,2.451,5.641,3.692,8.2318,7.0577,,,,
690,23.0,1.29,1.306,bbox,4.754,2.451,5.641,3.735,8.3128,7.0867,,0.1828,,0.5149
691,23.033,1.32,1.306,bbox,4.867,2.451,5.641,3.735,8.3979,7.1277,,,,
692,23.067,1.423,1.306,bbox,4.948,2.451,5.641,3.735,8.4759,7.1276,,,,
693,23.1,1.45,1.32,bbox,5.033,2.451,5.641,3.797,8.5435,7.119,,,,
694,23.133,1.48,1.423,bbox,5.111,2.451,5.641,3.797,8.602,7.1217,,,,
695,23.167,1.565,1.45,bbox,5.179,2.451,5.641,3.797,8.6661,7.162,,,,
696,23.2,1.156,1.45,pose,5.237,2.451,5.641,3.797,8.7307,7.1817,0.0768,0.6272,0.6901,0.8025
697,23.233,1.624,1.48,bbox,5.301,2.451,5.641,3.84,8.7962,7.1905,,,,
698,23.267,1.613,1.565,bbox,5.366,2.451,5.641,3.84,8.874,7.2121,,,,
699,23.3,1.066,1.565,bbox,5.431,2.451,5.641,3.84,8.948,9.0022,,,,
700,23.333,1.811,1.613,bbox,5.509,2.451,5.641,3.84,9.0163,7.183,,,,
701,23.367,1.995,1.624,bbox,5.583,2.451,5.641,3.84,9.0905,7.1915,,,,
702,23.4,2.152,1.811,bbox,5.651,2.451,5.641,3.84,9.1685,7.1868,,0.139,,0.7977
703,23.433,2.308,1.995,bbox,5.726,2.451,5.641,3.84,9.2496,7.179,,,,
704,23.467,2.04,2.04,bbox,5.804,2.451,5.641,3.84,9.3815,7.1318,,,,
705,23.5,2.03,2.04,bbox,5.885,2.451,5.641,3.84,9.4422,7.1334,,0.0474,,0.7713
706,23.533,2.12,2.12,bbox,6.017,2.451,5.641,3.84,9.4779,7.0639,,,,
707,23.567,2.215,2.12,bbox,6.077,2.451,5.671,3.84,9.5102,6.9965,,,,
708,23.6,1.89,2.04,pose,6.113,2.451,5.739,3.84,9.563,6.9386,0.195,0.1056,0.7055,0.8623
709,23.633,2.339,2.12,bbox,6.145,2.451,5.806,3.84,9.5979,6.9148,,,,
710,23.667,2.428,2.215,bbox,6.198,2.451,5.864,3.84,9.6288,6.8561,,,,
711,23.7,2.558,2.339,bbox,6.233,2.451,5.864,3.84,9.6561,6.7649,,0.4286,,0.8855
712,23.733,2.603,2.428,bbox,6.264,2.451,5.947,3.84,9.7094,6.7363,,,,
713,23.767,2.63,2.558,bbox,6.264,2.451,6.038,3.84,9.728,6.7325,,,,
714,23.8,2.658,2.603,bbox,6.344,2.451,6.038,3.84,9.7457,6.7349,,0.0362,,0.5382
715,23.833,2.739,2.63,bbox,6.344,2.451,6.038,3.84,9.7576,6.7379,,,,
716,23.867,2.745,2.658,bbox,6.381,2.451,6.068,3.84,9.7714,6.728,,,,
717,23.9,2.803,2.739,bbox,6.381,2.451,6.068,3.84,9.7884,6.6784,,0.305,,0.8076
718,23.933,1.384,2.739,bbox,6.381,2.451,6.068,3.84,9.8121,8.4444,,,,
719,23.967,1.345,2.739,bbox,6.423,2.451,6.068,3.84,9.8049,8.386,,,,
720,24.0,1.371,1.384,bbox,6.423,2.451,6.068,3.993,9.8099,8.3557,,0.0141,,-0.4549
721,24.033,2.899,1.384,bbox,6.423,2.451,6.068,3.993,9.8144,6.4793,,,,
722,24.067,2.961,1.384,bbox,6.423,2.451,6.068,3.993,9.8362,6.4202,,,,
723,24.1,2.933,2.899,bbox,6.423,2.451,6.218,3.993,9.8481,6.4008,,0.0448,,0.8962
724,24.133,2.967,2.933,bbox,6.471,2.451,6.277,3.993,9.8709,6.3759,,,,
725,24.167,3.051,2.961,bbox,6.471,2.451,6.277,3.993,9.8697,6.2864,,,,
726,24.2,3.126,2.967,bbox,6.505,2.451,6.322,3.993,9.8733,6.2597,,0.0076,,0.8501
727,24.233,3.13,3.051,bbox,6.505,2.451,6.411,3.993,9.8638,6.2281,,,,
728,24.267,3.159,3.126,bbox,6.505,2.451,6.411,3.993,9.8486,6.2057,,,,
729,24.3,3.177,3.13,bbox,6.505,2.451,6.469,3.993,9.8289,6.1784,,0.0503,,0.9058
730,24.333,3.163,3.159,bbox,6.505,2.451,6.469,3.993,9.8088,6.1695,,,,
731,24.367,3.169,3.163,bbox,6.505,2.492,6.519,3.993,9.7714,6.1391,,,,
732,24.4,1.814,3.163,bbox,6.505,2.492,6.519,3.993,9.7108,7.8772,,0.3241,,-1.2368
733,24.433,1.845,3.163,bbox,6.505,2.549,6.519,3.993,9.708,7.8359,,,,
734,24.467,3.324,3.163,bbox,6.505,2.61,6.519,3.993,9.7025,6.054,,,,
735,24.5,2.076,2.076,pose,6.505,2.61,6.558,3.993,9.6982,6.04,0.4221,0.0839,0.665,0.7991
736,24.533,1.515,1.845,bbox,6.505,2.61,6.643,3.993,7.7164,6.0314,,,,
737,24.567,1.548,1.845,bbox,6.505,2.61,6.643,3.993,7.6748,6.03,,,,
738,24.6,1.591,1.591,pose,6.505,2.773,6.643,3.993,7.6543,6.0065,0.0102,0.0797,0.0209,0.7871
739,24.633,1.563,1.563,bbox,6.505,2.814,6.643,3.993,7.6654,5.9949,,,,
740,24.667,1.513,1.548,bbox,6.505,2.814,6.691,3.993,7.6216,5.9811,,,,
741,24.7,1.365,1.548,pose,6.505,2.814,6.691,3.993,7.5748,5.9536,0.0067,0.1002,1.4902,-0.2113
742,24.733,1.45,1.513,bbox,6.505,2.867,6.691,3.993,7.514,5.9435,,,,
743,24.767,1.405,1.45,bbox,6.505,2.914,6.744,3.993,7.4627,5.929,,,,
744,24.8,1.397,1.405,bbox,6.505,2.975,6.744,3.993,7.4423,5.9053,0.1728,,0.3702,
745,24.833,1.385,1.397,bbox,6.505,3.026,6.744,3.993,7.4104,5.885,,,,
746,24.867,1.385,1.397,bbox,6.505,3.026,6.792,3.993,7.3841,5.8633,,,,
747,24.9,1.373,1.385,bbox,6.505,3.079,6.792,3.993,7.3413,5.8416,0.0543,,-0.0923,
748,24.933,1.431,1.385,bbox,6.505,3.079,6.834,3.993,7.3216,5.8259,,,,
749,24.967,1.562,1.385,bbox,6.505,3.148,6.834,3.993,7.3135,5.8075,,,,
750,25.0,1.564,1.431,bbox,6.505,3.148,6.872,3.993,7.1972,5.7858,,,,
751,25.033,1.629,1.562,bbox,6.505,3.148,6.872,3.993,7.2146,5.7724,,,,
752,25.067,1.752,1.564,bbox,6.505,3.274,6.912,3.993,7.1816,5.7499,,,,
753,25.1,1.772,1.629,bbox,6.505,3.274,6.912,3.993,7.1228,5.7294,,,,
754,25.133,1.661,1.661,bbox,6.505,3.307,6.948,3.993,7.1154,5.7222,,,,
755,25.167,1.703,1.703,bbox,6.505,3.366,6.948,3.993,7.0915,5.7009,,,,
756,25.2,1.528,1.703,bbox,6.505,3.366,6.948,3.993,7.0414,5.6989,0.1863,,0.6545,
757,25.233,1.47,1.661,bbox,6.505,3.398,6.997,3.993,6.9872,5.6854,,,,
758,25.267,1.392,1.528,bbox,6.505,3.448,6.997,3.993,6.9365,5.6793,,,,
759,25.3,1.361,1.47,bbox,6.505,3.502,6.997,3.993,6.9024,5.6737,,,,
760,25.333,2.827,1.47,bbox,6.505,3.553,6.997,3.993,6.8736,9.7622,,,,
761,25.367,2.804,1.47,bbox,6.505,3.587,6.997,3.993,6.8603,9.756,,,,
762,25.4,2.791,2.791,pose,6.505,3.587,6.997,4.128,6.8074,9.76,0.4749,0.0179,0.5352,-0.1118
763,25.433,2.925,2.804,bbox,6.505,3.629,6.997,4.128,6.7197,9.7586,,,,
764,25.467,2.967,2.827,bbox,6.505,3.682,6.997,4.128,6.6768,9.7648,,,,
765,25.5,2.871,2.871,pose,6.505,3.769,6.997,4.128,6.6717,9.7637,0.351,0.1243,0.6046,0.068
766,25.533,3.006,2.925,bbox,6.505,3.812,6.997,4.128,6.6689,9.7632,,,,
767,25.567,3.014,2.967,bbox,6.505,3.812,6.997,4.128,6.7307,9.7685,,,,
768,25.6,3.897,3.006,pose,6.505,3.812,6.997,4.128,6.7108,9.7803,0.2006,0.0976,-0.6981,0.7622
769,25.633,3.172,3.014,bbox,6.505,3.812,6.997,4.128,6.6514,9.7847,,,,
770,25.667,3.234,3.172,bbox,6.505,3.812,6.997,4.128,6.6083,9.792,,,,
771,25.7,3.191,3.191,bbox,6.505,3.812,6.997,4.128,6.6352,9.7804,,0.0319,,0.7941
772,25.733,,,,6.505,3.812,6.997,4.128,,,,,,
773,25.767,,,,6.505,3.812,6.997,4.128,,,,,,
774,25.8,,,,6.505,3.812,6.997,4.128,,,,,,
775,25.833,,,,6.505,3.812,6.997,4.128,,,,,,
776,25.867,,,,6.505,3.812,6.997,4.128,,,,,,
777,25.9,,,,6.505,3.812,6.997,4.128,,,,,,
778,25.933,,,,6.505,3.812,6.997,4.128,,,,,,
779,25.967,,,,6.505,3.812,6.997,4.128,,,,,,
780,26.0,,,,6.505,3.812,6.997,4.128,,,,,,
781,26.033,3.273,3.234,bbox,6.505,3.854,6.997,4.128,6.3144,9.5376,,,,
782,26.067,3.307,3.234,bbox,6.505,3.854,6.997,4.128,6.2904,9.5152,,,,
783,26.1,,,,6.505,3.854,6.997,4.128,,,,,,
784,26.133,3.358,3.273,bbox,6.505,4.031,7.122,4.128,6.2534,9.4577,,,,
785,26.167,,,,6.505,4.031,7.122,4.128,,,,,,
786,26.2,3.417,3.307,bbox,6.505,4.031,7.122,4.128,6.2294,9.424,0.2117,,-0.8032,
787,26.233,,,,6.505,4.031,7.122,4.128,,,,,,
788,26.267,,,,6.505,4.031,7.122,4.128,,,,,,
789,26.3,,,,6.505,4.031,7.122,4.128,,,,,,
790,26.333,,,,6.505,4.031,7.122,4.128,,,,,,
791,26.367,,,,6.505,4.031,7.122,4.128,,,,,,
792,26.4,,,,6.505,4.031,7.122,4.128,,,,,,
793,26.433,,,,6.505,4.031,7.122,4.128,,,,,,
794,26.467,,,,6.505,4.031,7.122,4.128,,,,,,
795,26.5,,,,6.505,4.031,7.122,4.128,,,,,,
796,26.533,,,,6.505,4.031,7.122,4.128,,,,,,
797,26.567,,,,6.505,4.031,7.122,4.128,,,,,,
798,26.6,,,,6.505,4.031,7.122,4.128,,,,,,
799,26.633,,,,6.505,4.031,7.122,4.128,,,,,,
800,26.667,,,,6.505,4.031,7.122,4.128,,,,,,
801,26.7,,,,6.505,4.031,7.122,4.128,,,,,,
802,26.733,,,,6.505,4.031,7.122,4.128,,,,,,
803,26.767,,,,6.505,4.031,7.122,4.128,,,,,,
804,26.8,,,,6.505,4.031,7.122,4.128,,,,,,
805,26.833,,,,6.505,4.031,7.122,4.128,,,,,,
806,26.867,,,,6.505,4.031,7.122,4.128,,,,,,
807,26.9,,,,6.505,4.031,7.122,4.128,,,,,,
808,26.933,,,,6.505,4.031,7.122,4.128,,,,,,
809,26.967,,,,6.505,4.031,7.122,4.128,,,,,,
810,27.0,,,,6.505,4.031,7.122,4.128,,,,,,
811,27.033,,,,6.505,4.031,7.122,4.128,,,,,,
812,27.067,,,,6.505,4.031,7.122,4.128,,,,,,
813,27.1,,,,6.505,4.031,7.122,4.128,,,,,,
814,27.133,,,,6.505,4.031,7.122,4.128,,,,,,
815,27.167,,,,6.505,4.031,7.122,4.128,,,,,,
816,27.2,,,,6.505,4.031,7.122,4.128,,,,,,
817,27.233,,,,6.505,4.031,7.122,4.128,,,,,,
818,27.267,,,,6.505,4.031,7.122,4.128,,,,,,
819,27.3,,,,6.505,4.031,7.122,4.128,,,,,,
820,27.333,,,,6.505,4.031,7.122,4.128,,,,,,
821,27.367,,,,6.505,4.031,7.122,4.128,,,,,,
822,27.4,,,,6.505,4.031,7.122,4.128,,,,,,
823,27.433,,,,6.505,4.031,7.122,4.128,,,,,,
824,27.467,,,,6.505,4.031,7.122,4.128,,,,,,
825,27.5,,,,6.505,4.031,7.122,4.128,,,,,,
826,27.533,,,,6.505,4.031,7.122,4.128,,,,,,
827,27.567,,,,6.505,4.031,7.122,4.128,,,,,,
828,27.6,,,,6.505,4.031,7.122,4.128,,,,,,
829,27.633,,,,6.505,4.031,7.122,4.128,,,,,,
830,27.667,,,,6.505,4.031,7.122,4.128,,,,,,
831,27.7,,,,6.505,4.031,7.122,4.128,,,,,,
832,27.733,,,,6.505,4.031,7.122,4.128,,,,,,
833,27.767,,,,6.505,4.031,7.122,4.128,,,,,,
834,27.8,3.399,3.358,pose,6.505,4.092,7.202,4.128,4.7624,8.7346,0.0111,0.0179,0.7331,1.3034
835,27.833,3.983,3.399,bbox,6.505,4.092,7.236,4.128,4.7275,8.728,,,,
836,27.867,3.997,3.417,bbox,6.505,4.266,7.386,4.128,4.7024,8.7145,,,,
837,27.9,6.048,3.983,pose,6.505,4.301,7.386,4.128,4.6909,8.7009,0.1866,0.5277,0.7348,-2.5264
838,27.933,4.003,3.997,bbox,6.505,4.301,7.386,4.128,4.6592,8.6608,,,,
839,27.967,4.061,4.003,bbox,6.505,4.337,7.419,4.128,4.6353,8.6447,,,,
840,28.0,5.087,4.061,pose,6.505,4.369,7.46,4.128,4.6192,8.6382,0.1462,0.4034,0.6934,-1.4347
841,28.033,4.083,4.083,bbox,6.505,4.369,7.46,4.128,4.6061,8.6196,,,,
842,28.067,4.049,4.061,bbox,6.505,4.409,7.46,4.128,4.6143,8.6068,,,,
843,28.1,4.078,4.078,bbox,6.505,4.409,7.501,4.128,4.5716,8.6035,0.2132,,0.6727,
844,28.133,,,,6.505,4.409,7.501,4.128,,,,,,
845,28.167,,,,6.505,4.409,7.501,4.128,,,,,,
846,28.2,,,,6.505,4.409,7.501,4.128,,,,,,
847,28.233,,,,6.505,4.409,7.501,4.128,,,,,,
848,28.267,,,,6.505,4.409,7.501,4.128,,,,,,
849,28.3,,,,6.505,4.409,7.501,4.128,,,,,,
850,28.333,,,,6.505,4.409,7.501,4.128,,,,,,
851,28.367,,,,6.505,4.409,7.501,4.128,,,,,,
852,28.4,3.993,4.078,bbox,6.505,4.409,7.501,4.128,4.1905,8.3096,,0.0504,,-0.4049
853,28.433,3.981,4.049,bbox,6.505,4.456,7.501,4.128,4.1622,8.2841,,,,
854,28.467,4.091,4.049,bbox,6.505,4.606,7.667,4.128,4.1252,8.2397,,,,
855,28.5,3.993,3.993,bbox,6.505,4.606,7.667,4.128,4.0933,8.2074,,0.183,,0.9674
856,28.533,4.016,3.993,bbox,6.505,4.672,7.737,4.128,4.0879,8.1719,,,,
857,28.567,4.02,4.016,bbox,6.505,4.704,7.769,4.128,4.0784,8.1378,,,,
858,28.6,4.057,4.02,bbox,6.505,4.704,7.805,4.128,4.0553,8.1011,0.0002,,0.4958,
859,28.633,3.974,4.016,bbox,6.505,4.704,7.839,4.128,3.9794,8.0752,,,,
860,28.667,3.943,4.016,bbox,6.505,4.742,7.875,4.128,3.9363,8.0468,,,,
861,28.7,1.404,3.974,pose,6.505,4.818,7.875,4.128,3.9505,8.0394,0.1815,0.1936,0.4907,-0.5735
862,28.733,3.946,3.946,bbox,6.505,4.818,7.93,4.128,3.9289,8.0307,,,,
863,28.767,3.907,3.943,bbox,6.505,4.86,7.93,4.128,3.9367,8.0276,,,,
864,28.8,0.933,3.907,pose,6.505,4.86,7.93,4.128,3.8983,8.0027,0.3529,0.3316,0.7153,-0.9001
865,28.833,3.931,3.907,bbox,6.505,4.86,7.93,4.128,3.8614,7.9854,,,,
866,28.867,3.983,3.931,bbox,6.505,4.899,7.974,4.128,3.7941,7.9753,,,,
867,28.9,2.842,3.907,pose,6.505,4.936,7.974,4.128,3.7619,7.9742,0.1606,0.2196,0.7172,-0.4885
868,28.933,4.004,3.931,bbox,6.505,5.003,7.974,4.128,3.6856,7.9595,,,,
869,28.967,4.093,3.983,bbox,6.505,5.035,7.974,4.128,3.5755,7.9398,,,,
870,29.0,3.821,3.983,pose,6.505,5.111,8.017,4.128,3.5311,7.9148,0.0363,0.0433,0.6499,0.7965
871,29.033,4.138,4.004,bbox,6.505,5.221,8.017,4.128,3.4912,7.9083,,,,
872,29.067,4.198,4.093,bbox,6.505,5.266,8.062,4.128,3.4329,7.908,,,,
873,29.1,3.951,4.093,pose,6.505,5.306,8.062,4.128,3.4087,7.9094,0.0238,0.0243,0.7086,0.9809
874,29.133,4.239,4.138,bbox,6.505,5.364,8.062,4.128,3.3939,7.9099,,,,
875,29.167,4.25,4.198,bbox,6.505,5.364,8.062,4.128,3.3651,7.9187,,,,
876,29.2,4.24,4.239,bbox,6.505,5.403,8.062,4.128,3.3126,7.927,,,,
877,29.233,4.186,4.239,bbox,6.505,5.403,8.062,4.128,3.2835,7.9224,,,,
878,29.267,4.24,4.24,bbox,6.505,5.484,8.062,4.128,3.2723,7.9305,,,,
879,29.3,4.233,4.24,bbox,6.505,5.484,8.062,4.128,3.2244,7.8512,0.5503,,0.684,
880,29.333,4.33,4.24,bbox,6.505,5.525,8.062,4.128,3.166,7.8638,,,,
881,29.367,4.48,4.24,bbox,6.505,5.572,8.062,4.128,3.1191,7.9103,,,,
882,29.4,4.582,4.33,bbox,6.505,5.631,8.062,4.128,3.065,7.9443,,0.068,,0.3858
883,29.433,4.709,4.48,bbox,6.505,5.678,8.062,4.128,3.0095,7.9516,,,,
884,29.467,4.827,4.582,bbox,6.505,5.732,8.062,4.128,2.9508,7.9678,,,,
885,29.5,8.641,4.709,pose,6.505,5.787,8.062,4.164,2.9106,7.9825,0.1468,0.468,-0.9823,-1.8691
886,29.533,4.851,4.827,bbox,6.505,5.846,8.062,4.164,2.8689,7.9871,,,,
887,29.567,4.932,4.851,bbox,6.505,5.886,8.062,4.195,2.8196,7.9957,,,,
888,29.6,5.005,4.932,bbox,6.505,5.928,8.062,4.195,2.7887,8.0043,,,,
889,29.633,,,,6.505,5.928,8.062,4.195,,,,,,
890,29.667,,,,6.505,5.928,8.062,4.195,,,,,,
891,29.7,,,,6.505,5.928,8.062,4.195,,,,,,
892,29.733,,,,6.505,5.928,8.062,4.195,,,,,,
893,29.767,,,,6.505,5.928,8.062,4.195,,,,,,
894,29.8,,,,6.505,5.928,8.062,4.195,,,,,,
895,29.833,,,,6.505,5.928,8.062,4.195,,,,,,
896,29.867,,,,6.505,5.928,8.062,4.195,,,,,,
897,29.9,,,,6.505,5.928,8.062,4.195,,,,,,
898,29.933,,,,6.505,5.928,8.062,4.195,,,,,,
899,29.967,,,,6.505,5.928,8.062,4.195,,,,,,
900,30.0,,,,6.505,5.928,8.062,4.195,,,,,,
901,30.033,,,,6.505,5.928,8.062,4.195,,,,,,
902,30.067,,,,6.505,5.928,8.062,4.195,,,,,,
903,30.1,,,,6.505,5.928,8.062,4.195,,,,,,
904,30.133,,,,6.505,5.928,8.062,4.195,,,,,,
905,30.167,,,,6.505,5.928,8.062,4.195,,,,,,
906,30.2,,,,6.505,5.928,8.062,4.195,,,,,,
907,30.233,,,,6.505,5.928,8.062,4.195,,,,,,
908,30.267,,,,6.505,5.928,8.062,4.195,,,,,,
909,30.3,,,,6.505,5.928,8.062,4.195,,,,,,
910,30.333,,,,6.505,5.928,8.062,4.195,,,,,,
911,30.367,,,,6.505,5.928,8.062,4.195,,,,,,
912,30.4,,,,6.505,5.928,8.062,4.195,,,,,,
913,30.433,,,,6.505,5.928,8.062,4.195,,,,,,
914,30.467,,,,6.505,5.928,8.062,4.195,,,,,,
915,30.5,,,,6.505,5.928,8.062,4.195,,,,,,
916,30.533,,,,6.505,5.928,8.062,4.195,,,,,,
917,30.567,,,,6.505,5.928,8.062,4.195,,,,,,
918,30.6,,,,6.505,5.928,8.062,4.195,,,,,,
919,30.633,,,,6.505,5.928,8.062,4.195,,,,,,
920,30.667,,,,6.505,5.928,8.062,4.195,,,,,,
921,30.7,,,,6.505,5.928,8.062,4.195,,,,,,
922,30.733,,,,6.505,5.928,8.062,4.195,,,,,,
923,30.767,,,,6.505,5.928,8.062,4.195,,,,,,
924,30.8,,,,6.505,5.928,8.062,4.195,,,,,,
925,30.833,,,,6.505,5.928,8.062,4.195,,,,,,
926,30.867,,,,6.505,5.928,8.062,4.195,,,,,,
927,30.9,5.371,5.005,bbox,6.505,5.977,8.062,4.195,2.0401,7.8446,0.3362,,0.6722,
928,30.933,5.282,5.005,bbox,6.505,6.008,8.062,4.195,2.0317,7.8106,,,,
929,30.967,5.303,5.282,bbox,6.505,6.158,8.2,4.195,2.0388,7.799,,,,
930,31.0,5.26,5.282,bbox,6.505,6.158,8.233,4.195,2.0443,7.7852,0.288,,0.6782,
931,31.033,5.235,5.282,bbox,6.505,6.158,8.233,4.195,2.0607,7.7608,,,,
932,31.067,5.191,5.26,bbox,6.505,6.158,8.233,4.195,2.0722,7.7566,,,,
933,31.1,5.286,5.26,bbox,6.505,6.158,8.283,4.195,2.0898,7.7481,0.2443,,0.7228,
934,31.133,5.319,5.26,bbox,6.537,6.158,8.283,4.195,2.113,7.7439,,,,
935,31.167,5.343,5.286,bbox,6.537,6.158,8.283,4.195,2.1277,7.7399,,,,
936,31.2,5.314,5.314,bbox,6.578,6.158,8.283,4.195,2.1432,7.7275,0.021,,0.6829,
937,31.233,5.395,5.319,bbox,6.578,6.158,8.283,4.195,2.1629,7.7217,,,,
938,31.267,,,,6.578,6.158,8.283,4.195,,,,,,
939,31.3,,,,6.578,6.158,8.283,4.195,,,,,,
940,31.333,5.392,5.343,bbox,6.608,6.158,8.317,4.195,2.2326,7.7131,,,,
941,31.367,5.251,5.343,bbox,6.608,6.158,8.317,4.195,2.2726,7.7372,,,,
942,31.4,,,,6.608,6.158,8.317,4.195,,,,,,
943,31.433,,,,6.608,6.158,8.317,4.195,,,,,,
944,31.467,,,,6.608,6.158,8.317,4.195,,,,,,
945,31.5,5.416,5.392,bbox,6.697,6.158,8.317,4.195,2.4128,7.7893,0.4575,,0.7116,
946,31.533,5.474,5.395,bbox,6.737,6.158,8.317,4.195,2.4371,7.8027,,,,
947,31.567,5.477,5.416,bbox,6.877,6.158,8.317,4.257,2.4639,7.7958,,,,
948,31.6,,,,6.877,6.158,8.317,4.257,,,,,,
949,31.633,5.547,5.474,bbox,6.877,6.158,8.317,4.257,2.4787,7.798,,,,
950,31.667,5.508,5.477,bbox,6.929,6.158,8.317,4.257,2.4889,7.8147,,,,
951,31.7,5.454,5.477,bbox,6.929,6.158,8.317,4.257,2.4988,7.8236,0.548,,0.6628,
952,31.733,5.457,5.477,bbox,6.929,6.158,8.317,4.257,2.5193,7.8415,,,,
953,31.767,5.459,5.459,bbox,6.963,6.158,8.317,4.291,2.5315,7.8625,,,,
954,31.8,5.351,5.457,bbox,6.963,6.158,8.317,4.291,2.5636,7.8787,0.4031,,0.6626,
955,31.833,5.281,5.454,bbox,6.996,6.158,8.317,4.33,2.5858,7.8971,,,,
956,31.867,5.256,5.351,bbox,7.028,6.158,8.317,4.33,2.6099,7.9036,,,,
957,31.9,,,,7.028,6.158,8.317,4.33,,,,,,
958,31.933,,,,7.028,6.158,8.317,4.33,,,,,,
959,31.967,,,,7.028,6.158,8.317,4.33,,,,,,
960,32.0,,,,7.028,6.158,8.317,4.33,,,,,,
961,32.033,,,,7.028,6.158,8.317,4.33,,,,,,
962,32.067,,,,7.028,6.158,8.317,4.33,,,,,,
963,32.1,,,,7.028,6.158,8.317,4.33,,,,,,
964,32.133,,,,7.028,6.158,8.317,4.33,,,,,,
965,32.167,,,,7.028,6.158,8.317,4.33,,,,,,
966,32.2,,,,7.028,6.158,8.317,4.33,,,,,,
967,32.233,,,,7.028,6.158,8.317,4.33,,,,,,
968,32.267,4.913,5.281,bbox,7.028,6.158,8.317,4.365,3.011,8.0189,,,,
969,32.3,,,,7.028,6.158,8.317,4.365,,,,,,
970,32.333,4.925,5.256,bbox,7.075,6.158,8.317,4.365,3.0728,8.0222,,,,
971,32.367,,,,7.075,6.158,8.317,4.365,,,,,,
972,32.4,4.697,4.925,pose,7.225,6.158,8.317,4.487,3.0938,8.0294,0.5781,0.0122,0.628,0.7344
973,32.433,,,,7.225,6.158,8.317,4.487,,,,,,
974,32.467,,,,7.225,6.158,8.317,4.487,,,,,,
975,32.5,,,,7.225,6.158,8.317,4.487,,,,,,
976,32.533,,,,7.225,6.158,8.317,4.487,,,,,,
977,32.567,,,,7.225,6.158,8.317,4.487,,,,,,
978,32.6,4.881,4.913,bbox,7.286,6.158,8.317,4.487,3.1303,8.0483,,0.0477,,-0.2367
979,32.633,4.87,4.881,bbox,7.286,6.158,8.317,4.487,3.1525,8.0527,,,,
980,32.667,4.813,4.87,bbox,7.344,6.158,8.317,4.487,3.1741,8.0621,,,,
981,32.7,4.766,4.813,bbox,7.344,6.158,8.317,4.52,3.2107,8.0621,,0.0228,,0.714
982,32.733,,,,7.344,6.158,8.317,4.52,,,,,,
983,32.767,,,,7.344,6.158,8.317,4.52,,,,,,
984,32.8,,,,7.344,6.158,8.317,4.52,,,,,,
985,32.833,,,,7.344,6.158,8.317,4.52,,,,,,
986,32.867,,,,7.344,6.158,8.317,4.52,,,,,,
987,32.9,,,,7.344,6.158,8.317,4.52,,,,,,
988,32.933,4.695,4.813,bbox,7.388,6.158,8.317,4.52,3.4147,8.0874,,,,
989,32.967,4.718,4.766,bbox,7.424,6.158,8.317,4.52,3.4133,8.0891,,,,
990,33.0,4.745,4.745,bbox,7.574,6.158,8.317,4.555,3.4116,8.0919,0.0144,,0.6189,
991,33.033,4.678,4.718,bbox,7.574,6.158,8.317,4.555,3.4535,8.0897,,,,
992,33.067,4.695,4.695,bbox,7.574,6.158,8.317,4.555,3.4582,8.0881,,,,
993,33.1,4.729,4.718,bbox,7.574,6.158,8.317,4.555,3.4276,8.0854,0.0112,,0.7144,
994,33.133,,,,7.574,6.158,8.317,4.555,,,,,,
995,33.167,,,,7.574,6.158,8.317,4.555,,,,,,
996,33.2,4.85,4.729,pose,7.574,6.158,8.317,4.555,3.3667,8.0916,0.0582,0.0339,0.7202,0.7399
997,33.233,4.785,4.729,bbox,7.574,6.158,8.317,4.555,3.3281,8.0962,,,,
998,33.267,4.844,4.785,bbox,7.574,6.203,8.317,4.555,3.3086,8.0941,,,,
999,33.3,4.914,4.844,bbox,7.574,6.242,8.317,4.555,3.2875,8.0974,,,,
1000,33.333,,,,7.574,6.242,8.317,4.555,,,,,,
1001,33.367,,,,7.574,6.242,8.317,4.555,,,,,,
1002,33.4,,,,7.574,6.242,8.317,4.555,,,,,,
1003,33.433,,,,7.574,6.242,8.317,4.555,,,,,,
1004,33.467,,,,7.574,6.242,8.317,4.555,,,,,,
1005,33.5,,,,7.574,6.242,8.317,4.555,,,,,,
1006,33.533,,,,7.574,6.242,8.317,4.555,,,,,,
1007,33.567,,,,7.574,6.242,8.317,4.555,,,,,,
1008,33.6,,,,7.574,6.242,8.317,4.555,,,,,,
1009,33.633,,,,7.574,6.242,8.317,4.555,,,,,,
1010,33.667,4.666,4.844,bbox,7.574,6.242,8.317,4.555,3.1406,8.0257,,,,
1011,33.7,,,,7.574,6.242,8.317,4.555,,,,,,
1012,33.733,,,,7.574,6.242,8.317,4.555,,,,,,
1013,33.767,,,,7.574,6.242,8.317,4.555,,,,,,
1014,33.8,,,,7.574,6.242,8.317,4.555,,,,,,
1015,33.833,,,,7.574,6.242,8.317,4.555,,,,,,
1016,33.867,,,,7.574,6.242,8.317,4.555,,,,,,
1017,33.9,,,,7.574,6.242,8.317,4.555,,,,,,
1018,33.933,,,,7.574,6.242,8.317,4.555,,,,,,
1019,33.967,,,,7.574,6.242,8.317,4.555,,,,,,
1020,34.0,,,,7.574,6.242,8.317,4.555,,,,,,
1021,34.033,,,,7.574,6.242,8.317,4.555,,,,,,
1022,34.067,,,,7.574,6.242,8.317,4.555,,,,,,
1023,34.1,,,,7.574,6.242,8.317,4.555,,,,,,
1024,34.133,,,,7.574,6.242,8.317,4.555,,,,,,
1025,34.167,,,,7.574,6.242,8.317,4.555,,,,,,
1026,34.2,,,,7.574,6.242,8.317,4.555,,,,,,
1027,34.233,,,,7.574,6.242,8.317,4.555,,,,,,
1028,34.267,,,,7.574,6.242,8.317,4.555,,,,,,
1029,34.3,4.552,4.785,bbox,7.574,6.282,8.317,4.555,2.9861,7.6903,0.0253,,0.6777,
1030,34.333,4.542,4.666,bbox,7.574,6.429,8.378,4.555,2.9986,7.681,,,,
1031,34.367,,,,7.574,6.429,8.378,4.555,,,,,,
1032,34.4,,,,7.574,6.429,8.378,4.555,,,,,,
1033,34.433,,,,7.574,6.429,8.378,4.555,,,,,,
1034,34.467,4.535,4.552,bbox,7.574,6.546,8.528,4.555,3.0238,7.622,,,,
1035,34.5,4.537,4.542,bbox,7.574,6.546,8.528,4.555,3.0306,7.6244,0.128,,0.7344,
1036,34.533,,,,7.574,6.546,8.528,4.555,,,,,,
1037,34.567,4.748,4.542,bbox,7.574,6.546,8.594,4.555,2.9901,7.6216,,,,
1038,34.6,,,,7.574,6.546,8.594,4.555,,,,,,
1039,34.633,,,,7.574,6.546,8.594,4.555,,,,,,
1040,34.667,4.619,4.542,bbox,7.574,6.546,8.594,4.555,3.0192,7.6,,,,
1041,34.7,4.567,4.567,bbox,7.574,6.546,8.594,4.555,3.0299,7.601,,,,
1042,34.733,4.532,4.567,bbox,7.574,6.546,8.594,4.555,3.0357,7.5952,,,,
1043,34.767,4.454,4.567,bbox,7.574,6.546,8.594,4.555,3.0408,7.5832,,,,
1044,34.8,4.416,4.532,bbox,7.574,6.546,8.594,4.555,3.0471,7.5605,,,,
1045,34.833,4.401,4.454,bbox,7.574,6.546,8.635,4.555,3.0477,7.5484,,,,
1046,34.867,,,,7.574,6.546,8.635,4.555,,,,,,
1047,34.9,,,,7.574,6.546,8.635,4.555,,,,,,
1048,34.933,,,,7.574,6.546,8.635,4.555,,,,,,
1049,34.967,,,,7.574,6.546,8.635,4.555,,,,,,
1050,35.0,,,,7.574,6.546,8.635,4.555,,,,,,
1051,35.033,,,,7.574,6.546,8.635,4.555,,,,,,
1052,35.067,,,,7.574,6.546,8.635,4.555,,,,,,
1053,35.1,,,,7.574,6.546,8.635,4.555,,,,,,
1054,35.133,,,,7.574,6.546,8.635,4.555,,,,,,
1055,35.167,,,,7.574,6.546,8.635,4.555,,,,,,
1056,35.2,,,,7.574,6.546,8.635,4.555,,,,,,
1057,35.233,,,,7.574,6.546,8.635,4.555,,,,,,
1058,35.267,,,,7.574,6.546,8.635,4.555,,,,,,
1059,35.3,,,,7.574,6.546,8.635,4.555,,,,,,
1060,35.333,,,,7.574,6.546,8.635,4.555,,,,,,
1061,35.367,,,,7.574,6.546,8.635,4.555,,,,,,
1062,35.4,,,,7.574,6.546,8.635,4.555,,,,,,
1063,35.433,,,,7.574,6.546,8.635,4.555,,,,,,
1064,35.467,,,,7.574,6.546,8.635,4.555,,,,,,
1065,35.5,,,,7.574,6.546,8.635,4.555,,,,,,
1066,35.533,,,,7.574,6.546,8.635,4.555,,,,,,
1067,35.567,,,,7.574,6.546,8.635,4.555,,,,,,
1068,35.6,,,,7.574,6.546,8.635,4.555,,,,,,
1069,35.633,,,,7.574,6.546,8.635,4.555,,,,,,
1070,35.667,,,,7.574,6.546,8.635,4.555,,,,,,
1071,35.7,3.951,4.416,pose,7.574,6.546,8.635,4.555,3.4688,7.7349,0.2702,0.4728,0.6651,0.688
1072,35.733,4.212,4.401,bbox,7.574,6.546,8.635,4.555,3.4965,7.7206,,,,
1073,35.767,4.254,4.254,bbox,7.748,6.546,8.635,4.692,3.5109,7.741,,,,
1074,35.8,4.243,4.243,bbox,7.748,6.546,8.635,4.692,3.5299,7.754,,0.4144,,0.6411
1075,35.833,4.332,4.243,bbox,7.79,6.546,8.635,4.692,3.5398,7.7878,,,,
1076,35.867,4.4,4.254,bbox,7.79,6.546,8.635,4.726,3.5497,7.8003,,,,
1077,35.9,4.379,4.332,bbox,7.79,6.546,8.635,4.76,3.564,7.8174,0.006,,0.6169,
1078,35.933,4.355,4.355,bbox,7.829,6.546,8.635,4.76,3.5887,7.8312,,,,
1079,35.967,4.291,4.355,bbox,7.829,6.546,8.635,4.76,3.6063,7.88,,,,
1080,36.0,4.021,4.355,pose,7.868,6.546,8.635,4.803,3.633,7.8759,0.1163,0.317,0.6784,0.7096
1081,36.033,4.216,4.291,bbox,7.868,6.546,8.635,4.848,3.6534,7.8845,,,,
1082,36.067,4.222,4.222,bbox,7.912,6.546,8.635,4.848,3.6666,7.9146,,,,
1083,36.1,4.168,4.216,pose,7.912,6.546,8.635,4.848,3.6666,7.952,0.0317,0.1124,0.7128,0.5766
1084,36.133,4.311,4.216,bbox,7.943,6.546,8.635,4.887,3.6635,8.012,,,,
1085,36.167,,,,7.943,6.546,8.635,4.887,,,,,,
1086,36.2,4.356,4.222,bbox,7.943,6.546,8.635,4.924,3.6489,8.0545,0.1056,,0.6394,
1087,36.233,4.395,4.311,bbox,7.943,6.546,8.635,4.984,3.6513,8.074,,,,
1088,36.267,4.403,4.356,bbox,7.943,6.546,8.635,5.026,3.6704,8.091,,,,
1089,36.3,4.374,4.374,bbox,7.943,6.546,8.635,5.026,3.6973,8.1034,0.4471,,0.5985,
1090,36.333,4.406,4.395,bbox,7.943,6.546,8.635,5.063,3.7149,8.1177,,,,
1091,36.367,4.391,4.395,bbox,7.977,6.546,8.635,5.063,3.7267,8.1289,,,,
1092,36.4,4.374,4.391,bbox,7.977,6.546,8.635,5.063,3.736,8.1381,0.434,,0.6277,
1093,36.433,4.428,4.391,bbox,7.977,6.546,8.635,5.101,3.7341,8.1662,,,,
1094,36.467,4.383,4.391,bbox,8.013,6.546,8.635,5.101,3.7334,8.177,,,,
1095,36.5,4.403,4.391,bbox,8.013,6.546,8.635,5.138,3.7332,8.1812,0.4015,,0.6789,
1096,36.533,4.564,4.403,bbox,8.013,6.546,8.635,5.138,3.7175,8.1649,,,,
1097,36.567,4.579,4.428,bbox,8.013,6.546,8.635,5.138,3.6873,8.1663,,,,
1098,36.6,4.692,4.564,bbox,8.013,6.546,8.635,5.138,3.6386,8.1691,,,,
1099,36.633,4.795,4.579,bbox,8.013,6.592,8.635,5.138,3.5878,8.1704,,,,
1100,36.667,4.829,4.692,bbox,8.013,6.641,8.635,5.138,3.5539,8.1917,,,,
1101,36.7,4.837,4.795,bbox,8.013,6.692,8.635,5.138,3.5408,8.2054,,,,
1102,36.733,4.84,4.829,bbox,8.013,6.726,8.635,5.138,3.536,8.2454,,,,
1103,36.767,,,,8.013,6.726,8.635,5.138,,,,,,
1104,36.8,4.978,4.837,bbox,8.013,6.726,8.635,5.177,3.5058,8.2772,0.4193,,0.7087,
1105,36.833,4.998,4.84,bbox,8.013,6.726,8.635,5.217,3.4993,8.2938,,,,
1106,36.867,4.96,4.96,bbox,8.013,6.774,8.635,5.249,3.4848,8.2972,,,,
1107,36.9,,,,8.013,6.774,8.635,5.249,,,,,,
1108,36.933,,,,8.013,6.774,8.635,5.249,,,,,,
1109,36.967,5.256,4.978,bbox,8.013,6.774,8.635,5.249,3.3809,8.3306,,,,
1110,37.0,,,,8.013,6.774,8.635,5.249,,,,,,
1111,37.033,,,,8.013,6.774,8.635,5.249,,,,,,
1112,37.067,,,,8.013,6.774,8.635,5.249,,,,,,
1113,37.1,,,,8.013,6.774,8.635,5.249,,,,,,
1114,37.133,,,,8.013,6.774,8.635,5.249,,,,,,
1115,37.167,,,,8.013,6.774,8.635,5.249,,,,,,
1116,37.2,,,,8.013,6.774,8.635,5.249,,,,,,
1117,37.233,,,,8.013,6.774,8.635,5.249,,,,,,
1118,37.267,,,,8.013,6.774,8.635,5.249,,,,,,
1119,37.3,,,,8.013,6.774,8.635,5.249,,,,,,
1120,37.333,,,,8.013,6.774,8.635,5.249,,,,,,
1121,37.367,,,,8.013,6.774,8.635,5.249,,,,,,
1122,37.4,,,,8.013,6.774,8.635,5.249,,,,,,
1123,37.433,,,,8.013,6.774,8.635,5.249,,,,,,
1124,37.467,5.282,4.998,bbox,8.013,6.774,8.635,5.249,2.996,8.3513,,,,
1125,37.5,5.332,5.256,bbox,8.013,6.899,8.635,5.302,2.9914,8.3485,,,,
1126,37.533,,,,8.013,6.899,8.635,5.302,,,,,,
1127,37.567,,,,8.013,6.899,8.635,5.302,,,,,,
1128,37.6,5.268,5.268,bbox,8.013,7.049,8.635,5.302,2.98,8.3039,,0.0167,,0.6896
1129,37.633,,,,8.013,7.049,8.635,5.302,,,,,,
1130,37.667,,,,8.013,7.049,8.635,5.302,,,,,,
1131,37.7,,,,8.013,7.049,8.635,5.302,,,,,,
1132,37.733,,,,8.013,7.049,8.635,5.302,,,,,,
1133,37.767,,,,8.013,7.049,8.635,5.302,,,,,,
1134,37.8,,,,8.013,7.049,8.635,5.302,,,,,,
1135,37.833,,,,8.013,7.049,8.635,5.302,,,,,,
1136,37.867,,,,8.013,7.049,8.635,5.302,,,,,,
1137,37.9,,,,8.013,7.049,8.635,5.302,,,,,,
1138,37.933,,,,8.013,7.049,8.635,5.302,,,,,,
1139,37.967,5.162,5.268,bbox,8.013,7.049,8.635,5.302,2.8833,8.1669,,,,
1140,38.0,5.135,5.268,bbox,8.013,7.049,8.635,5.302,2.8814,8.1575,,,,
1141,38.033,5.1,5.162,bbox,8.013,7.161,8.799,5.302,2.883,8.1369,,,,
1142,38.067,,,,8.013,7.161,8.799,5.302,,,,,,
1143,38.1,,,,8.013,7.161,8.799,5.302,,,,,,
1144,38.133,4.988,5.135,bbox,8.013,7.161,8.799,5.302,2.8802,8.0139,,,,
1145,38.167,,,,8.013,7.161,8.799,5.302,,,,,,
1146,38.2,4.868,5.1,bbox,8.013,7.161,8.829,5.302,2.8798,7.9591,,,,
1147,38.233,4.887,4.988,bbox,8.013,7.161,8.952,5.302,2.8719,7.9516,,,,
1148,38.267,5.008,4.988,bbox,8.013,7.161,9.007,5.302,2.8689,7.9473,,,,
1149,38.3,5.003,4.988,bbox,8.013,7.161,9.007,5.302,2.8754,7.9317,,,,
1150,38.333,5.126,5.003,bbox,8.013,7.161,9.007,5.302,2.8703,7.9202,,,,
1151,38.367,4.946,5.003,bbox,8.013,7.161,9.007,5.302,2.8743,7.934,,,,
1152,38.4,,,,8.013,7.161,9.007,5.302,,,,,,
1153,38.433,,,,8.013,7.161,9.007,5.302,,,,,,
1154,38.467,4.996,5.003,bbox,8.013,7.161,9.007,5.302,2.8766,7.9175,,,,
1155,38.5,4.661,4.996,pose,8.013,7.161,9.046,5.302,2.8889,7.905,0.3356,0.5188,0.6747,0.6979
1156,38.533,,,,8.013,7.161,9.046,5.302,,,,,,
1157,38.567,4.941,4.946,bbox,8.013,7.161,9.046,5.302,2.8875,7.8321,,,,
1158,38.6,,,,8.013,7.161,9.046,5.302,,,,,,
1159,38.633,,,,8.013,7.161,9.046,5.302,,,,,,
1160,38.667,,,,8.013,7.161,9.046,5.302,,,,,,
1161,38.7,4.634,4.941,pose,8.013,7.161,9.046,5.302,2.9257,7.761,0.2983,0.2744,0.7347,0.6962
1162,38.733,4.763,4.763,bbox,8.013,7.161,9.134,5.302,2.9336,7.7531,,,,
1163,38.767,4.73,4.73,bbox,8.055,7.161,9.205,5.302,2.9316,7.7448,,,,
1164,38.8,4.693,4.73,pose,8.055,7.161,9.205,5.302,2.9304,7.7336,0.3433,0.1685,0.7672,0.7352
1165,38.833,4.757,4.73,bbox,8.055,7.161,9.205,5.302,2.9341,7.7317,,,,
1166,38.867,4.73,4.73,bbox,8.055,7.161,9.205,5.302,2.9366,7.7278,,,,
1167,38.9,4.698,4.73,pose,8.055,7.161,9.205,5.302,2.9461,7.7224,0.3148,0.0334,0.7339,0.7369
1168,38.933,4.666,4.698,bbox,8.055,7.161,9.238,5.302,2.949,7.7174,,,,
1169,38.967,4.659,4.698,bbox,8.055,7.161,9.238,5.302,2.9484,7.7164,,,,
1170,39.0,4.616,4.666,pose,8.055,7.161,9.238,5.302,2.9512,7.7214,0.3531,0.0941,0.7299,0.52
1171,39.033,4.641,4.659,bbox,8.055,7.161,9.238,5.302,2.9478,7.7256,,,,
1172,39.067,4.64,4.641,bbox,8.055,7.161,9.238,5.302,2.948,7.7303,,,,
1173,39.1,4.634,4.64,bbox,8.055,7.161,9.238,5.302,2.9514,7.7367,0.0987,,0.7563,
1174,39.133,4.651,4.64,bbox,8.055,7.161,9.238,5.302,2.9503,7.7549,,,,
1175,39.167,4.68,4.641,bbox,8.055,7.161,9.238,5.302,2.951,7.7758,,,,
1176,39.2,4.55,4.64,pose,8.055,7.161,9.238,5.302,2.9549,7.7892,0.4065,0.3924,0.739,0.7021
1177,39.233,4.735,4.651,bbox,8.055,7.161,9.238,5.35,2.955,7.8026,,,,
1178,39.267,4.733,4.68,bbox,8.055,7.161,9.238,5.35,2.956,7.8155,,,,
1179,39.3,4.553,4.68,pose,8.055,7.161,9.238,5.35,2.9589,7.8223,0.3999,0.462,0.7651,0.6953
1180,39.333,4.775,4.733,bbox,8.085,7.161,9.238,5.39,2.9591,7.8512,,,,
1181,39.367,4.72,4.733,bbox,8.085,7.161,9.238,5.39,2.9596,7.8674,,,,
1182,39.4,4.741,4.733,pose,8.085,7.161,9.238,5.426,2.9589,7.8777,0.3777,0.0495,0.7179,0.7197
1183,39.433,4.811,4.741,bbox,8.085,7.161,9.238,5.426,2.9562,7.8795,,,,
1184,39.467,4.839,4.775,bbox,8.085,7.161,9.238,5.426,2.9565,7.889,,,,
1185,39.5,1.047,4.741,pose,8.085,7.161,9.238,5.426,2.9562,7.8855,0.4002,0.1339,0.7415,-0.2889
1186,39.533,4.845,4.811,bbox,8.085,7.161,9.238,5.426,2.9535,7.8802,,,,
1187,39.567,4.914,4.839,bbox,8.085,7.161,9.238,5.46,2.9576,7.8973,,,,
1188,39.6,4.946,4.845,bbox,8.085,7.161,9.238,5.46,2.9616,7.91,0.3989,,0.7221,
1189,39.633,4.876,4.876,bbox,8.085,7.161,9.238,5.46,2.9606,7.9263,,,,
1190,39.667,4.836,4.876,bbox,8.085,7.161,9.238,5.46,2.9586,7.9356,,,,
1191,39.7,4.9,4.9,bbox,8.085,7.161,9.238,5.501,2.9639,7.9413,0.0182,,0.2192,
1192,39.733,4.954,4.9,bbox,8.085,7.161,9.238,5.501,2.9633,7.9717,,,,
1193,39.767,2.234,4.876,bbox,8.085,7.161,9.238,5.501,5.8221,7.9782,,,,
1194,39.8,2.176,4.836,bbox,8.085,7.161,9.238,5.545,5.828,7.97,0.101,,0.6829,
1195,39.833,2.186,2.234,bbox,8.243,7.161,9.238,5.545,5.8294,7.9824,,,,
1196,39.867,2.216,2.216,bbox,8.243,7.161,9.238,5.545,5.8231,8.0079,,,,
1197,39.9,2.193,2.193,bbox,8.243,7.161,9.238,5.545,5.8229,7.9975,0.0942,,0.0928,
1198,39.933,2.153,2.186,bbox,8.243,7.161,9.238,5.545,5.8243,8.001,,,,
1199,39.967,2.1,2.186,bbox,8.243,7.161,9.238,5.576,5.8223,8.0087,,,,
1200,40.0,2.133,2.153,bbox,8.243,7.161,9.238,5.576,5.8378,8.016,,,,
1201,40.033,2.141,2.141,bbox,8.243,7.161,9.238,5.576,5.8463,8.033,,,,
1202,40.067,2.117,2.133,bbox,8.243,7.161,9.238,5.576,5.8423,8.0317,,,,
1203,40.1,1.583,2.117,pose,8.243,7.161,9.238,5.606,5.8536,8.04,0.0461,0.213,0.2626,-0.1099
1204,40.133,2.167,2.133,bbox,8.243,7.161,9.238,5.606,5.8772,8.0447,,,,
1205,40.167,2.172,2.141,bbox,8.275,7.161,9.238,5.606,5.8718,8.049,,,,
1206,40.2,2.16,2.16,bbox,8.275,7.161,9.238,5.606,5.8714,8.0569,,,,
1207,40.233,2.231,2.167,bbox,8.275,7.161,9.238,5.606,5.8942,8.0636,,,,
1208,40.267,2.231,2.172,bbox,8.275,7.161,9.238,5.606,5.9159,8.0663,,,,
1209,40.3,2.233,2.231,bbox,8.315,7.161,9.238,5.638,5.9195,8.0651,0.0157,,0.4267,
1210,40.333,2.236,2.231,bbox,8.315,7.161,9.238,5.638,5.9272,8.0639,,,,
1211,40.367,2.2,2.231,bbox,8.315,7.161,9.238,5.638,5.942,8.0565,,,,
1212,40.4,2.152,2.231,bbox,8.348,7.161,9.238,5.638,5.9476,8.0405,0.3286,,-1.5431,
1213,40.433,2.141,2.2,bbox,8.348,7.161,9.238,5.638,5.9497,8.0162,,,,
1214,40.467,2.116,2.152,bbox,8.348,7.161,9.238,5.638,5.9571,7.9737,,,,
1215,40.5,1.668,2.141,pose,8.348,7.161,9.286,5.638,5.9639,7.951,0.1088,0.0168,-0.2341,-0.2533
1216,40.533,2.006,2.116,bbox,8.348,7.161,9.328,5.638,5.9775,7.9228,,,,
1217,40.567,2.037,2.037,bbox,8.385,7.161,9.328,5.638,5.978,7.9053,,,,
1218,40.6,2.011,2.011,bbox,8.385,7.161,9.379,5.638,5.9934,7.9106,0.2212,,-0.5069,
1219,40.633,2.041,2.011,bbox,8.385,7.161,9.379,5.638,6.0003,7.911,,,,
1220,40.667,2.055,2.037,bbox,8.385,7.161,9.379,5.638,6.0249,7.9055,,,,
1221,40.7,2.035,2.037,bbox,8.421,7.161,9.379,5.638,6.0508,7.9013,0.0261,,-0.0151,
1222,40.733,1.991,2.035,bbox,8.421,7.161,9.379,5.638,6.0814,7.8895,,,,
1223,40.767,1.939,2.035,bbox,8.472,7.161,9.379,5.638,6.1206,7.8868,,,,
1224,40.8,1.896,1.991,bbox,8.502,7.161,9.412,5.638,6.1316,7.8751,0.0077,,0.6899,
1225,40.833,1.826,1.939,bbox,8.542,7.161,9.412,5.638,6.1524,7.8601,,,,
1226,40.867,1.759,1.896,bbox,8.542,7.161,9.412,5.638,6.1839,7.8491,,,,
1227,40.9,1.702,1.826,bbox,8.574,7.161,9.412,5.638,6.2376,7.8263,0.1033,,0.3816,
1228,40.933,1.667,1.759,bbox,8.605,7.161,9.453,5.638,6.2626,7.7968,,,,
1229,40.967,1.664,1.702,bbox,8.659,7.161,9.453,5.638,6.2741,7.7867,,,,
1230,41.0,1.647,1.667,bbox,8.659,7.161,9.505,5.638,6.2815,7.7651,0.2132,,-0.7254,
1231,41.033,1.618,1.664,bbox,8.695,7.161,9.505,5.638,6.3056,7.7462,,,,
1232,41.067,1.605,1.647,bbox,8.695,7.161,9.537,5.638,6.3052,7.737,,,,
1233,41.1,1.604,1.618,bbox,8.726,7.161,9.537,5.638,6.3053,7.732,,,,
1234,41.133,1.618,1.618,bbox,8.726,7.161,9.537,5.638,6.3054,7.732,,,,
1235,41.167,1.629,1.618,bbox,8.726,7.161,9.57,5.638,6.3162,7.7263,,,,
1236,41.2,4.351,1.618,bbox,8.726,7.161,9.57,5.638,3.478,7.7222,,,,
1237,41.233,4.228,1.629,bbox,8.726,7.161,9.57,5.638,3.58,7.729,,,,
1238,41.267,1.611,1.629,bbox,8.726,7.161,9.57,5.638,6.3688,7.7251,,,,
1239,41.3,4.245,4.228,bbox,8.726,7.311,9.57,5.638,3.5111,7.7116,,0.1027,,-0.3198
1240,41.333,4.249,4.245,bbox,8.726,7.375,9.57,5.638,3.5161,7.729,,,,
1241,41.367,4.228,4.228,bbox,8.726,7.375,9.57,5.638,3.53,7.7251,,,,
1242,41.4,1.581,4.228,bbox,8.726,7.375,9.57,5.638,6.449,7.7367,0.3719,,-1.2318,
1243,41.433,4.202,4.228,bbox,8.726,7.375,9.57,5.638,3.5569,7.7477,,,,
1244,41.467,4.179,4.202,bbox,8.767,7.375,9.57,5.638,3.5677,7.7444,,,,
1245,41.5,4.153,4.179,bbox,8.767,7.375,9.57,5.638,3.577,7.759,0.1342,,0.7373,
1246,41.533,4.171,4.171,bbox,8.767,7.375,9.57,5.638,3.5838,7.7713,,,,
1247,41.567,4.159,4.171,bbox,8.767,7.375,9.57,5.638,3.5834,7.7895,,,,
1248,41.6,1.67,4.159,bbox,8.767,7.375,9.57,5.678,6.4967,7.7979,0.1637,,-0.0823,
1249,41.633,1.707,4.153,bbox,8.767,7.375,9.57,5.678,6.5013,7.82,,,,
1250,41.667,3.09,3.09,bbox,8.944,7.375,9.57,5.678,6.5102,3.5603,,,,
1251,41.7,4.233,3.09,bbox,8.944,7.375,9.57,5.678,7.8663,3.5534,,0.4158,,0.7559
1252,41.733,4.286,3.09,bbox,8.944,7.375,9.702,5.678,7.8957,3.5461,,,,
1253,41.767,4.304,4.233,bbox,9.108,7.375,9.702,5.678,7.911,3.5443,,,,
1254,41.8,4.216,4.233,bbox,9.108,7.375,9.702,5.678,7.9224,3.5454,,,,
1255,41.833,4.254,4.254,bbox,9.152,7.375,9.702,5.678,7.9315,3.5431,,,,
1256,41.867,4.311,4.286,bbox,9.152,7.375,9.702,5.678,7.9436,3.5435,,,,
1257,41.9,4.353,4.304,bbox,9.152,7.375,9.702,5.678,7.9472,3.5427,,0.4016,,0.6893
1258,41.933,4.299,4.299,bbox,9.152,7.375,9.702,5.678,7.9409,3.5465,,,,
1259,41.967,4.291,4.299,bbox,9.185,7.375,9.702,5.678,7.9467,3.5466,,,,
1260,42.0,4.362,4.311,bbox,9.185,7.375,9.702,5.678,7.9419,3.5325,,,,
1261,42.033,4.361,4.353,bbox,9.185,7.375,9.702,5.678,7.9356,3.5258,,,,
1262,42.067,4.394,4.361,bbox,9.185,7.375,9.702,5.678,7.9312,3.53,,,,
1263,42.1,1.913,4.361,bbox,9.185,7.375,9.702,5.678,7.928,6.4699,,0.1404,,0.3429
1264,42.133,1.916,4.361,bbox,9.185,7.375,9.702,5.678,7.9104,6.474,,,,
1265,42.167,1.943,1.943,bbox,9.185,7.375,9.702,5.8,7.9055,6.4832,,,,
1266,42.2,1.948,1.943,bbox,9.185,7.408,9.702,5.8,7.8885,6.4745,,0.1529,,0.2779
1267,42.233,4.312,1.943,bbox,9.185,7.408,9.702,5.8,7.8699,3.5259,,,,
1268,42.267,,,,9.185,7.408,9.702,5.8,,,,,,
1269,42.3,,,,9.185,7.408,9.702,5.8,,,,,,
1270,42.333,,,,9.185,7.408,9.702,5.8,,,,,,
1271,42.367,,,,9.185,7.408,9.702,5.8,,,,,,
1272,42.4,,,,9.185,7.408,9.702,5.8,,,,,,
1273,42.433,,,,9.185,7.408,9.702,5.8,,,,,,
1274,42.467,,,,9.185,7.408,9.702,5.8,,,,,,
1275,42.5,,,,9.185,7.408,9.702,5.8,,,,,,
1276,42.533,,,,9.185,7.408,9.702,5.8,,,,,,
1277,42.567,,,,9.185,7.408,9.702,5.8,,,,,,
1278,42.6,,,,9.185,7.408,9.702,5.8,,,,,,
1279,42.633,,,,9.185,7.408,9.702,5.8,,,,,,
1280,42.667,,,,9.185,7.408,9.702,5.8,,,,,,
1281,42.7,,,,9.185,7.408,9.702,5.8,,,,,,
1282,42.733,,,,9.185,7.408,9.702,5.8,,,,,,
1283,42.767,,,,9.185,7.408,9.702,5.8,,,,,,
1284,42.8,,,,9.185,7.408,9.702,5.8,,,,,,
1285,42.833,,,,9.185,7.408,9.702,5.8,,,,,,
1286,42.867,,,,9.185,7.408,9.702,5.8,,,,,,
1287,42.9,,,,9.185,7.408,9.702,5.8,,,,,,
1288,42.933,3.993,1.948,bbox,9.185,7.408,9.702,5.8,7.5164,3.5356,,,,
1289,42.967,3.995,3.993,bbox,9.185,7.449,9.848,5.8,7.5159,3.5207,,,,
1290,43.0,3.985,3.993,bbox,9.185,7.599,9.848,5.8,7.5126,3.5286,,0.423,,0.6646
1291,43.033,3.979,3.993,bbox,9.185,7.599,9.848,5.8,7.5085,3.5307,,,,
1292,43.067,3.974,3.985,bbox,9.185,7.599,9.848,5.8,7.5064,3.5342,,,,
1293,43.1,3.961,3.979,bbox,9.185,7.599,9.848,5.8,7.5011,3.5314,,0.4272,,0.6745
1294,43.133,3.958,3.974,bbox,9.185,7.599,9.848,5.8,7.5004,3.5326,,,,
1295,43.167,3.955,3.961,bbox,9.185,7.599,9.848,5.8,7.4981,3.5341,,,,
1296,43.2,3.961,3.961,bbox,9.185,7.599,9.848,5.8,7.4904,3.533,,0.4514,,0.6832
1297,43.233,1.626,3.958,bbox,9.185,7.599,9.848,5.8,7.4881,6.5585,,,,
1298,43.267,,,,9.185,7.599,9.848,5.8,,,,,,
1299,43.3,,,,9.185,7.599,9.848,5.8,,,,,,
1300,43.333,,,,9.185,7.599,9.848,5.8,,,,,,
1301,43.367,,,,9.185,7.599,9.848,5.8,,,,,,
1302,43.4,,,,9.185,7.599,9.848,5.8,,,,,,
1303,43.433,,,,9.185,7.599,9.848,5.8,,,,,,
1304,43.467,,,,9.185,7.599,9.848,5.8,,,,,,
1305,43.5,,,,9.185,7.599,9.848,5.8,,,,,,
1306,43.533,,,,9.185,7.599,9.848,5.8,,,,,,
1307,43.567,,,,9.185,7.599,9.848,5.8,,,,,,
1308,43.6,,,,9.185,7.599,9.848,5.8,,,,,,
1309,43.633,,,,9.185,7.599,9.848,5.8,,,,,,
1310,43.667,,,,9.185,7.599,9.848,5.8,,,,,,
1311,43.7,,,,9.185,7.599,9.848,5.8,,,,,,
1312,43.733,,,,9.185,7.599,9.848,5.8,,,,,,
1313,43.767,,,,9.185,7.599,9.848,5.8,,,,,,
1314,43.8,,,,9.185,7.599,9.848,5.8,,,,,,
1315,43.833,,,,9.185,7.599,9.848,5.8,,,,,,
1316,43.867,,,,9.185,7.599,9.848,5.8,,,,,,
1317,43.9,,,,9.185,7.599,9.848,5.8,,,,,,
1318,43.933,,,,9.185,7.599,9.848,5.8,,,,,,
1319,43.967,,,,9.185,7.599,9.848,5.8,,,,,,
1320,44.0,,,,9.185,7.599,9.848,5.8,,,,,,
1321,44.033,,,,9.185,7.599,9.848,5.8,,,,,,
1322,44.067,,,,9.185,7.599,9.848,5.8,,,,,,
1323,44.1,,,,9.185,7.599,9.848,5.8,,,,,,
1324,44.133,,,,9.185,7.599,9.848,5.8,,,,,,
1325,44.167,,,,9.185,7.599,9.848,5.8,,,,,,
1326,44.2,,,,9.185,7.599,9.848,5.8,,,,,,
1327,44.233,,,,9.185,7.599,9.848,5.8,,,,,,
1328,44.267,3.106,3.955,bbox,9.185,7.599,9.848,5.8,6.9731,4.0082,,,,
1329,44.3,3.07,3.106,bbox,9.185,7.599,9.848,5.949,6.9806,4.0229,,0.8782,,0.6233
1330,44.333,3.056,3.07,bbox,9.185,7.777,9.848,5.949,6.9905,4.0365,,,,
1331,44.367,3.035,3.056,bbox,9.185,7.777,9.848,5.949,7.0038,4.05,,,,
1332,44.4,3.053,3.056,bbox,9.185,7.777,9.848,5.949,7.0196,4.0716,,0.8456,,0.6603
1333,44.433,3.084,3.056,bbox,9.185,7.777,9.848,5.99,7.0382,4.0798,,,,
1334,44.467,3.117,3.056,bbox,9.185,7.777,9.848,5.99,7.0462,4.0889,,,,
1335,44.5,3.169,3.084,bbox,9.233,7.777,9.848,5.99,7.0472,4.0973,,0.0892,,0.2313
1336,44.533,,,,9.233,7.777,9.848,5.99,,,,,,
1337,44.567,3.184,3.117,bbox,9.233,7.777,9.848,6.029,7.046,4.1279,,,,
1338,44.6,3.189,3.169,bbox,9.233,7.777,9.848,6.029,7.037,4.137,,0.2489,,0.3745
1339,44.633,3.151,3.169,bbox,9.233,7.777,9.848,6.068,7.0367,4.1519,,,,
1340,44.667,3.105,3.169,bbox,9.233,7.777,9.848,6.068,7.0312,4.1579,,,,
1341,44.7,3.068,3.151,bbox,9.233,7.777,9.848,6.068,7.015,4.1675,,0.8128,,0.6222
1342,44.733,2.991,3.105,bbox,9.233,7.777,9.848,6.098,7.0125,4.1782,,,,
1343,44.767,2.996,3.068,bbox,9.233,7.777,9.848,6.098,7.0204,4.2036,,,,
1344,44.8,2.987,2.996,bbox,9.233,7.777,9.848,6.098,7.0081,4.2139,,0.8089,,0.6508
1345,44.833,2.979,2.991,bbox,9.233,7.777,9.848,6.144,6.9909,4.2226,,,,
1346,44.867,3.001,2.991,bbox,9.233,7.807,9.848,6.144,6.989,4.2351,,,,
1347,44.9,3.024,2.996,bbox,9.233,7.807,9.848,6.144,6.974,4.2267,,,,
1348,44.933,3.028,3.001,bbox,9.233,7.807,9.848,6.144,6.9746,4.2406,,,,
1349,44.967,3.007,3.007,bbox,9.233,7.841,9.848,6.175,6.9662,4.2627,,,,
1350,45.0,3.015,3.015,bbox,9.233,7.841,9.848,6.175,6.9628,4.2747,,,,
1351,45.033,2.941,3.015,bbox,9.233,7.841,9.848,6.175,6.9681,4.4139,,,,
1352,45.067,2.989,3.007,bbox,9.233,7.841,9.848,6.215,6.9808,4.3901,,,,
1353,45.1,3.068,3.007,bbox,9.233,7.841,9.848,6.306,7.0071,4.3652,,,,
1354,45.133,,,,9.233,7.841,9.848,6.306,,,,,,
1355,45.167,2.965,2.989,bbox,9.233,7.841,9.848,6.306,7.0421,4.5655,,,,
1356,45.2,2.931,2.965,bbox,9.265,7.841,9.848,6.354,7.0438,4.656,0.5745,,-1.9135,
1357,45.233,2.916,2.965,bbox,9.265,7.841,9.848,6.504,7.0206,4.627,,,,
1358,45.267,2.804,2.931,bbox,9.265,7.841,9.848,6.566,6.9921,4.6685,,,,
1359,45.3,2.66,2.916,bbox,9.265,7.841,9.848,6.566,6.9518,4.7198,,,,
1360,45.333,2.571,2.804,bbox,9.265,7.841,9.848,6.607,6.9255,4.7751,,,,
1361,45.367,2.609,2.66,bbox,9.265,7.896,9.848,6.658,6.9356,4.8188,,,,
1362,45.4,,,,9.265,7.896,9.848,6.658,,,,,,
1363,45.433,,,,9.265,7.896,9.848,6.658,,,,,,
1364,45.467,,,,9.265,7.896,9.848,6.658,,,,,,
1365,45.5,2.336,2.609,bbox,9.265,7.896,9.848,6.714,6.7745,4.9823,,,,
1366,45.533,2.293,2.571,bbox,9.265,7.896,9.848,6.757,6.7459,4.9603,,,,
1367,45.567,2.398,2.398,bbox,9.265,8.072,9.848,6.792,6.7472,4.8538,,,,
1368,45.6,,,,9.265,8.072,9.848,6.792,,,,,,
1369,45.633,2.335,2.336,bbox,9.265,8.072,9.848,6.792,6.6694,4.7897,,,,
1370,45.667,,,,9.265,8.072,9.848,6.792,,,,,,
1371,45.7,,,,9.265,8.072,9.848,6.792,,,,,,
1372,45.733,,,,9.265,8.072,9.848,6.792,,,,,,
1373,45.767,2.381,2.336,bbox,9.265,8.072,9.848,6.792,6.6389,4.6061,,,,
1374,45.8,,,,9.265,8.072,9.848,6.792,,,,,,
1375,45.833,,,,9.265,8.072,9.848,6.792,,,,,,
1376,45.867,,,,9.265,8.072,9.848,6.792,,,,,,
1377,45.9,2.007,2.335,bbox,9.265,8.177,9.912,6.792,6.4499,4.6625,0.7812,,0.4168,
1378,45.933,1.933,2.335,bbox,9.265,8.208,10.039,6.792,6.4188,4.6593,,,,
1379,45.967,1.88,2.007,bbox,9.265,8.358,10.039,6.792,6.3632,4.6346,,,,
1380,46.0,1.862,1.933,bbox,9.265,8.389,10.039,6.792,6.2931,4.5983,,,,
1381,46.033,1.986,1.933,bbox,9.265,8.445,10.039,6.792,6.238,4.4944,,,,
1382,46.067,2.09,1.933,bbox,9.265,8.515,10.103,6.792,6.2247,4.4237,,,,
1383,46.1,2.19,1.986,bbox,9.265,8.57,10.207,6.792,6.214,4.3297,,0.0465,,-0.038
1384,46.133,2.362,2.09,bbox,9.265,8.57,10.278,6.792,6.2218,4.2214,,,,
1385,46.167,2.328,2.19,bbox,9.265,8.57,10.372,6.792,6.2436,4.1386,,,,
1386,46.2,2.498,2.328,bbox,9.265,8.57,10.48,6.792,6.2554,4.0397,,,,
1387,46.233,,,,9.265,8.57,10.48,6.792,,,,,,
1388,46.267,,,,9.265,8.57,10.48,6.792,,,,,,
1389,46.3,2.951,2.362,bbox,9.265,8.57,10.563,6.792,6.3214,3.8105,,0.1005,,-0.0062
1390,46.333,,,,9.265,8.57,10.563,6.792,,,,,,
1391,46.367,,,,9.265,8.57,10.563,6.792,,,,,,
1392,46.4,3.143,2.498,bbox,9.265,8.57,10.662,6.792,6.3568,3.4613,,0.0317,,0.4918
1393,46.433,3.184,2.951,bbox,9.349,8.57,10.812,6.792,6.3551,3.3834,,,,
1394,46.467,2.965,2.965,bbox,9.349,8.57,10.962,6.792,6.1095,3.3449,,,,
1395,46.5,3.431,3.143,bbox,9.349,8.57,11.04,6.792,6.3084,3.2861,,,,
1396,46.533,3.595,3.184,bbox,9.381,8.57,11.078,6.792,6.3534,3.2292,,,,
1397,46.567,,,,9.381,8.57,11.078,6.792,,,,,,
1398,46.6,3.993,3.431,bbox,9.381,8.57,11.137,6.792,6.3832,3.0706,,,,
1399,46.633,4.027,3.595,bbox,9.381,8.57,11.194,6.792,6.3979,3.0695,,,,
1400,46.667,,,,9.381,8.57,11.194,6.792,,,,,,
1401,46.7,,,,9.381,8.57,11.194,6.792,,,,,,
1402,46.733,3.647,3.647,bbox,9.381,8.57,11.343,6.792,6.1686,3.0801,,,,
1403,46.767,3.532,3.647,bbox,9.381,8.57,11.343,6.792,6.1222,3.0894,,,,
1404,46.8,3.677,3.677,bbox,9.381,8.691,11.343,6.792,6.2325,3.105,,,,
1405,46.833,3.563,3.647,bbox,9.381,8.691,11.343,6.792,6.2608,3.1455,,,,
1406,46.867,3.468,3.563,bbox,9.381,8.691,11.343,6.792,6.2521,3.1748,,,,
1407,46.9,3.335,3.532,bbox,9.381,8.691,11.343,6.858,6.2326,3.1863,,,,
1408,46.933,3.254,3.468,bbox,9.381,8.691,11.343,6.858,6.2289,3.2089,,,,
1409,46.967,3.176,3.335,bbox,9.381,8.691,11.343,6.899,6.2125,3.2433,,,,
1410,47.0,3.141,3.254,bbox,9.381,8.691,11.343,6.899,6.2383,3.2763,,0.1169,,0.3662
1411,47.033,3.104,3.176,bbox,9.381,8.691,11.343,6.956,6.2331,3.3153,,,,
1412,47.067,3.079,3.141,bbox,9.381,8.691,11.343,6.989,6.257,3.346,,,,
1413,47.1,3.072,3.104,bbox,9.381,8.691,11.343,7.028,6.2585,3.3946,,0.0492,,-0.0138
1414,47.133,3.111,3.104,bbox,9.381,8.691,11.343,7.058,6.2657,3.42,,,,
1415,47.167,3.174,3.104,bbox,9.381,8.691,11.343,7.107,6.2504,3.4488,,,,
1416,47.2,3.118,3.111,bbox,9.381,8.691,11.343,7.107,6.3208,3.4845,,0.0036,,-0.1118
1417,47.233,3.106,3.111,bbox,9.414,8.691,11.343,7.161,6.3602,3.5158,,,,
1418,47.267,3.103,3.111,bbox,9.469,8.691,11.343,7.197,6.3558,3.5346,,,,
1419,47.3,3.066,3.106,bbox,9.504,8.691,11.343,7.228,6.3616,3.5499,,0.1006,,-0.0777
1420,47.333,3.056,3.103,bbox,9.504,8.691,11.343,7.228,6.3869,3.5739,,,,
1421,47.367,3.072,3.072,bbox,9.504,8.691,11.343,7.262,6.4295,3.5972,,,,
1422,47.4,3.001,3.066,bbox,9.535,8.691,11.343,7.262,6.4651,3.6126,,0.1306,,0.0327
1423,47.433,3.1,3.066,bbox,9.578,8.691,11.343,7.309,6.4897,3.636,,,,
1424,47.467,2.996,3.056,bbox,9.613,8.691,11.343,7.309,6.5089,3.6476,,,,
1425,47.5,3.009,3.009,bbox,9.613,8.691,11.343,7.348,6.5491,3.6665,,0.0237,,0.0324
1426,47.533,3.036,3.009,bbox,9.657,8.691,11.343,7.348,6.5871,3.6848,,,,
1427,47.567,3.084,3.036,bbox,9.697,8.691,11.343,7.379,6.6418,3.7056,,,,
1428,47.6,3.17,3.036,bbox,9.735,8.691,11.343,7.379,6.6874,3.7225,,0.4868,,0.1806
1429,47.633,3.227,3.084,bbox,9.79,8.691,11.343,7.418,6.747,3.7262,,,,
1430,47.667,3.299,3.17,bbox,9.836,8.691,11.343,7.418,6.8156,3.7541,,,,
1431,47.7,3.352,3.227,bbox,9.895,8.691,11.343,7.418,6.8808,3.7676,,0.028,,0.2142
1432,47.733,3.367,3.299,bbox,9.964,8.691,11.343,7.466,6.9339,3.7735,,,,
1433,47.767,3.419,3.352,bbox,10.029,8.691,11.343,7.466,7.0008,3.7904,,,,
1434,47.8,3.293,3.352,pose,10.082,8.691,11.343,7.466,7.0478,3.7969,0.0143,0.4992,-0.3676,0.5166
1435,47.833,3.466,3.367,bbox,10.149,8.691,11.343,7.503,7.0887,3.7985,,,,
1436,47.867,3.407,3.407,bbox,10.196,8.691,11.343,7.503,7.1068,3.8093,,,,
1437,47.9,3.372,3.407,bbox,10.237,8.691,11.343,7.503,7.1315,3.8232,,0.8529,,0.6796
1438,47.933,3.387,3.387,bbox,10.237,8.691,11.343,7.503,7.1969,3.8456,,,,
1439,47.967,3.406,3.406,bbox,10.28,8.691,11.343,7.536,7.2273,3.8713,,,,
1440,48.0,3.53,3.406,bbox,10.345,8.691,11.343,7.536,7.2832,3.8813,,0.8197,,0.6145
1441,48.033,3.534,3.406,bbox,10.376,8.691,11.343,7.584,7.3075,3.8841,,,,
1442,48.067,3.643,3.53,bbox,10.431,8.691,11.343,7.584,7.373,3.8877,,,,
1443,48.1,,,,10.431,8.691,11.343,7.584,,,,,,
1444,48.133,3.693,3.534,bbox,10.431,8.691,11.343,7.584,7.3377,3.8937,,,,
1445,48.167,3.733,3.643,bbox,10.486,8.691,11.343,7.584,7.3961,3.9012,,,,
1446,48.2,3.768,3.693,bbox,10.521,8.691,11.343,7.584,7.4418,3.9108,,0.3323,,0.412
1447,48.233,3.843,3.733,bbox,10.521,8.691,11.343,7.584,7.4915,3.9204,,,,
1448,48.267,3.892,3.768,bbox,10.59,8.691,11.343,7.623,7.5181,3.9242,,,,
1449,48.3,3.886,3.843,bbox,10.64,8.691,11.343,7.623,7.5157,3.9274,,0.7983,,0.6652
1450,48.333,3.846,3.846,bbox,10.64,8.691,11.343,7.623,7.5242,3.9292,,,,
1451,48.367,3.782,3.846,bbox,10.64,8.691,11.343,7.623,7.4995,3.9375,,,,
1452,48.4,3.73,3.846,bbox,10.64,8.691,11.343,7.623,7.4754,3.9529,,0.7658,,0.66
1453,48.433,3.731,3.782,bbox,10.64,8.691,11.343,7.623,7.4581,3.9653,,,,
1454,48.467,3.699,3.731,bbox,10.64,8.691,11.343,7.665,7.4492,3.9604,,,,
1455,48.5,3.704,3.73,bbox,10.64,8.724,11.343,7.665,7.4458,3.9658,,0.7566,,0.5981
1456,48.533,3.715,3.715,bbox,10.64,8.724,11.343,7.665,7.4301,3.9836,,,,
1457,48.567,3.709,3.709,bbox,10.64,8.724,11.343,7.665,7.4147,3.9904,,,,
1458,48.6,3.453,3.704,bbox,10.64,8.724,11.343,7.696,7.3684,3.9953,,0.6787,,0.5883
1459,48.633,3.412,3.704,bbox,10.64,8.768,11.343,7.696,7.3539,3.9965,,,,
1460,48.667,3.437,3.453,bbox,10.64,8.814,11.343,7.696,7.3276,4.0,,,,
1461,48.7,3.395,3.437,bbox,10.64,8.814,11.343,7.696,7.339,4.0142,,0.3309,,0.6347
1462,48.733,3.369,3.412,bbox,10.64,8.814,11.343,7.696,7.3233,4.0404,,,,
1463,48.767,3.351,3.395,bbox,10.64,8.855,11.343,7.727,7.2686,4.0575,,,,
1464,48.8,3.245,3.369,bbox,10.64,8.855,11.343,7.727,7.2575,4.072,,0.6168,,0.6227
1465,48.833,3.2,3.351,bbox,10.64,8.914,11.343,7.77,7.2242,4.071,,,,
1466,48.867,3.143,3.245,bbox,10.64,8.914,11.343,7.77,7.1755,4.0784,,,,
1467,48.9,3.098,3.2,bbox,10.64,8.958,11.343,7.77,7.1317,4.0789,,0.7152,,0.6014
1468,48.933,3.059,3.143,bbox,10.64,9.007,11.343,7.77,7.1031,4.0914,,,,
1469,48.967,3.053,3.098,bbox,10.64,9.051,11.343,7.77,7.0616,4.0999,,,,
1470,49.0,3.015,3.059,bbox,10.64,9.051,11.343,7.804,7.0166,4.1087,,0.7679,,0.5378
1471,49.033,,,,10.64,9.051,11.343,7.804,,,,,,
1472,49.067,,,,10.64,9.051,11.343,7.804,,,,,,
1473,49.1,2.993,3.053,bbox,10.64,9.121,11.343,7.804,6.9733,4.1518,,0.5568,,0.5215
1474,49.133,2.983,3.015,bbox,10.64,9.166,11.343,7.804,6.9858,4.1762,,,,
1475,49.167,2.933,2.993,bbox,10.64,9.166,11.343,7.864,7.0026,4.2122,,,,
1476,49.2,2.946,2.983,bbox,10.64,9.166,11.343,7.864,7.0255,4.2411,0.0094,,0.2809,
1477,49.233,2.852,2.946,bbox,10.64,9.166,11.343,7.924,7.0384,4.2782,,,,
1478,49.267,2.771,2.933,bbox,10.64,9.166,11.343,7.924,7.0682,4.3508,,,,
1479,49.3,2.658,2.852,bbox,10.64,9.166,11.343,7.991,7.091,4.3968,,0.0552,,-0.2722
1480,49.333,2.645,2.771,bbox,10.691,9.166,11.343,8.063,7.1198,4.4347,,,,
1481,49.367,2.61,2.658,bbox,10.691,9.166,11.343,8.109,7.1322,4.4636,,,,
1482,49.4,2.615,2.645,bbox,10.743,9.166,11.343,8.147,7.1314,4.4828,,0.2291,,0.6585
1483,49.433,2.604,2.615,bbox,10.743,9.166,11.343,8.147,7.1166,4.4857,,,,
1484,49.467,2.55,2.61,bbox,10.743,9.166,11.343,8.195,7.0896,4.487,,,,
1485,49.5,2.538,2.604,bbox,10.743,9.166,11.343,8.195,7.0649,4.4863,,0.1441,,0.345
1486,49.533,2.537,2.55,bbox,10.743,9.196,11.343,8.195,7.0515,4.4854,,,,
1487,49.567,2.513,2.538,bbox,10.743,9.196,11.343,8.195,7.0411,4.4873,,,,
1488,49.6,,,,10.743,9.196,11.343,8.195,,,,,,
1489,49.633,,,,10.743,9.196,11.343,8.195,,,,,,
1490,49.667,,,,10.743,9.196,11.343,8.195,,,,,,
1491,49.7,3.049,2.538,pose,10.743,9.234,11.343,8.195,6.9058,4.4845,0.1709,0.008,-0.1588,-0.0146
1492,49.733,,,,10.743,9.234,11.343,8.195,,,,,,
1493,49.767,2.587,2.538,bbox,10.743,9.234,11.343,8.195,6.8574,4.4581,,,,
1494,49.8,3.693,2.587,pose,10.743,9.38,11.343,8.195,6.8545,4.4507,0.6307,0.0173,0.3127,-0.0035
1495,49.833,2.594,2.594,bbox,10.743,9.428,11.343,8.195,6.8572,4.4395,,,,
1496,49.867,2.411,2.594,bbox,10.743,9.428,11.375,8.195,6.8742,4.4369,,,,
1497,49.9,2.421,2.587,bbox,10.743,9.428,11.375,8.195,6.907,4.4294,,0.0205,,0.1011
1498,49.933,2.485,2.485,bbox,10.743,9.428,11.375,8.195,6.9575,4.4159,,,,
1499,49.967,2.558,2.485,bbox,10.793,9.428,11.375,8.195,6.9977,4.4102,,,,
1500,50.0,2.607,2.485,bbox,10.843,9.428,11.41,8.195,7.0501,4.3907,,,,
1501,50.033,2.662,2.558,bbox,10.883,9.428,11.41,8.195,7.1071,4.3925,,,,
1502,50.067,2.751,2.607,bbox,10.936,9.428,11.41,8.195,7.1849,4.3903,,,,
1503,50.1,2.233,2.607,pose,10.993,9.428,11.41,8.195,7.2392,4.3914,0.7851,0.783,0.6263,0.599
1504,50.133,2.887,2.662,bbox,11.07,9.428,11.41,8.195,7.2787,4.3998,,,,
1505,50.167,,,,11.07,9.428,11.41,8.195,,,,,,
1506,50.2,,,,11.07,9.428,11.41,8.195,,,,,,
1507,50.233,3.04,2.751,bbox,11.125,9.428,11.41,8.195,7.3398,4.4166,,,,
1508,50.267,3.0,2.887,bbox,11.125,9.428,11.41,8.195,7.2436,4.4203,,,,
1509,50.3,,,,11.125,9.428,11.41,8.195,,,,,,
1510,50.333,2.882,2.887,bbox,11.164,9.428,11.41,8.195,7.3136,4.423,,,,
1511,50.367,3.123,3.0,bbox,11.199,9.428,11.41,8.195,7.4117,4.4171,,,,
1512,50.4,3.2,3.04,pose,11.199,9.428,11.41,8.195,7.4776,4.418,0.0171,0.1539,0.1623,0.5603
1513,50.433,3.241,3.123,bbox,11.297,9.428,11.41,8.195,7.5262,4.4116,,,,
1514,50.467,3.267,3.2,bbox,11.363,9.428,11.41,8.195,7.5529,4.4119,,,,
1515,50.5,3.323,3.241,pose,11.412,9.428,11.41,8.195,7.5679,4.4047,0.5103,0.0291,0.635,0.3626
1516,50.533,3.317,3.267,bbox,11.412,9.428,11.41,8.195,7.5699,4.3982,,,,
1517,50.567,3.17,3.267,bbox,11.412,9.428,11.41,8.195,7.4133,4.3861,,,,
1518,50.6,3.325,3.317,bbox,11.412,9.428,11.41,8.195,7.5217,4.3847,,0.6492,,0.4588
1519,50.633,3.368,3.323,bbox,11.412,9.428,11.41,8.195,7.5504,4.3733,,,,
1520,50.667,3.416,3.325,bbox,11.412,9.428,11.441,8.195,7.526,4.3512,,,,
1521,50.7,3.402,3.368,bbox,11.412,9.428,11.441,8.195,7.5159,4.3399,,0.0163,,0.1423
1522,50.733,3.118,3.368,bbox,11.412,9.428,11.475,8.195,7.3124,4.3262,,,,
1523,50.767,3.095,3.368,bbox,11.412,9.428,11.475,8.195,7.2968,4.3126,,,,
1524,50.8,,,,11.412,9.428,11.475,8.195,,,,,,
1525,50.833,,,,11.412,9.428,11.475,8.195,,,,,,
1526,50.867,3.163,3.163,bbox,11.412,9.588,11.475,8.195,7.3139,4.2632,,,,
1527,50.9,,,,11.412,9.588,11.475,8.195,,,,,,
1528,50.933,,,,11.412,9.588,11.475,8.195,,,,,,
1529,50.967,,,,11.412,9.588,11.475,8.195,,,,,,
1530,51.0,3.146,3.146,bbox,11.412,9.588,11.513,8.195,7.2159,4.2527,,,,
1531,51.033,3.193,3.146,bbox,11.412,9.588,11.563,8.195,7.2084,4.2435,,,,
1532,51.067,3.161,3.161,bbox,11.412,9.686,11.563,8.195,7.1852,4.24,,,,
1533,51.1,3.033,3.161,bbox,11.412,9.686,11.563,8.195,7.1166,4.209,,0.07,,0.0016
1534,51.133,2.893,3.146,bbox,11.412,9.717,11.563,8.195,7.0769,4.1908,,,,
1535,51.167,2.883,3.033,bbox,11.412,9.786,11.617,8.195,7.0386,4.188,,,,
1536,51.2,3.131,3.033,pose,11.412,9.825,11.617,8.195,7.0031,4.2034,0.1191,0.0301,0.3048,0.0804
1537,51.233,2.794,2.893,bbox,11.412,9.864,11.617,8.195,6.9685,4.1943,,,,
1538,51.267,2.779,2.883,bbox,11.412,9.899,11.617,8.195,6.9512,4.1879,,,,
1539,51.3,2.755,2.794,bbox,11.412,9.934,11.617,8.195,6.9292,4.1934,,0.0356,,-0.1211
1540,51.333,2.77,2.779,bbox,11.412,9.934,11.617,8.195,6.9196,4.1859,,,,
1541,51.367,,,,11.412,9.934,11.617,8.195,,,,,,
1542,51.4,,,,11.412,9.934,11.617,8.195,,,,,,
1543,51.433,,,,11.412,9.934,11.617,8.195,,,,,,
1544,51.467,,,,11.412,9.934,11.617,8.195,,,,,,
1545,51.5,2.568,2.77,bbox,11.412,9.973,11.617,8.195,6.6941,4.1782,,,,
1546,51.533,2.513,2.755,bbox,11.412,9.973,11.617,8.195,6.6278,4.1767,,,,
1547,51.567,2.633,2.633,bbox,11.412,10.133,11.617,8.195,6.5947,4.1821,,,,
1548,51.6,2.556,2.568,bbox,11.412,10.199,11.648,8.195,6.564,4.177,,0.1647,,0.2999
1549,51.633,2.58,2.568,bbox,11.412,10.232,11.648,8.195,6.5669,4.1588,,,,
1550,51.667,2.646,2.58,bbox,11.412,10.232,11.648,8.195,6.5672,4.1073,,,,
1551,51.7,2.675,2.633,bbox,11.412,10.232,11.648,8.195,6.5769,4.0562,,0.1687,,0.2893
1552,51.733,2.753,2.646,bbox,11.412,10.232,11.719,8.195,6.5922,4.0139,,,,
1553,51.767,2.709,2.675,bbox,11.412,10.232,11.77,8.195,6.6127,3.9666,,,,
1554,51.8,,,,11.412,10.232,11.77,8.195,,,,,,
1555,51.833,2.74,2.709,bbox,11.412,10.232,11.812,8.195,6.662,3.8985,,,,
1556,51.867,2.862,2.74,bbox,11.412,10.232,11.859,8.195,6.6722,3.8756,,,,
1557,51.9,3.065,2.753,bbox,11.479,10.232,11.927,8.195,6.6986,3.8592,,0.0722,,0.4186
1558,51.933,3.123,2.862,bbox,11.479,10.232,11.927,8.195,6.7018,3.82,,,,
1559,51.967,3.113,3.065,bbox,11.479,10.232,11.967,8.195,6.6884,3.7802,,,,
1560,52.0,3.165,3.113,bbox,11.479,10.232,12.006,8.195,6.6912,3.7845,,0.0183,,0.1216
1561,52.033,3.169,3.123,bbox,11.479,10.232,12.041,8.195,6.6871,3.7795,,,,
1562,52.067,3.202,3.165,bbox,11.479,10.232,12.041,8.195,6.6959,3.7691,,,,
1563,52.1,3.249,3.169,bbox,11.479,10.232,12.041,8.195,6.6922,3.7522,,0.0669,,0.1933
1564,52.133,3.264,3.202,bbox,11.509,10.232,12.041,8.195,6.7508,3.73,,,,
1565,52.167,3.395,3.249,bbox,11.509,10.232,12.074,8.195,6.8591,3.7087,,,,
1566,52.2,,,,11.509,10.232,12.074,8.195,,,,,,
1567,52.233,,,,11.509,10.232,12.074,8.195,,,,,,
1568,52.267,,,,11.509,10.232,12.074,8.195,,,,,,
1569,52.3,,,,11.509,10.232,12.074,8.195,,,,,,
1570,52.333,3.57,3.264,bbox,11.568,10.232,12.074,8.195,6.9166,3.7071,,,,
1571,52.367,3.552,3.395,bbox,11.676,10.232,12.117,8.195,6.9134,3.7038,,,,
1572,52.4,3.496,3.496,bbox,11.728,10.232,12.117,8.195,6.9112,3.6944,,0.0957,,0.564
1573,52.433,3.466,3.496,bbox,11.728,10.232,12.117,8.195,6.9085,3.6895,,,,
1574,52.467,3.391,3.496,bbox,11.728,10.232,12.117,8.195,6.8774,3.6867,,,,
1575,52.5,3.399,3.466,bbox,11.728,10.232,12.117,8.195,6.9005,3.6824,,0.7553,,0.5812
1576,52.533,3.393,3.399,bbox,11.728,10.232,12.117,8.195,6.9088,3.676,,,,
1577,52.567,,,,11.728,10.232,12.117,8.195,,,,,,
1578,52.6,3.312,3.393,bbox,11.728,10.232,12.117,8.195,6.8762,3.6709,,0.7749,,0.6393
1579,52.633,3.291,3.391,bbox,11.728,10.266,12.15,8.195,6.8323,3.6671,,,,
1580,52.667,3.225,3.312,bbox,11.728,10.266,12.15,8.195,6.7987,3.6742,,,,
1581,52.7,3.25,3.291,bbox,11.728,10.311,12.15,8.195,6.7709,3.6736,,0.7429,,0.6473
1582,52.733,3.251,3.251,bbox,11.728,10.345,12.15,8.195,6.7529,3.6831,,,,
1583,52.767,,,,11.728,10.345,12.15,8.195,,,,,,
1584,52.8,3.449,3.251,pose,11.728,10.345,12.15,8.195,6.7273,3.6845,0.2256,0.0692,0.8975,0.1556
1585,52.833,,,,11.728,10.345,12.15,8.195,,,,,,
1586,52.867,,,,11.728,10.345,12.15,8.195,,,,,,
1587,52.9,,,,11.728,10.345,12.15,8.195,,,,,,
1588,52.933,,,,11.728,10.345,12.15,8.195,,,,,,
1589,52.967,,,,11.728,10.345,12.15,8.195,,,,,,
1590,53.0,4.973,3.251,bbox,11.728,10.391,12.15,8.195,6.5582,2.4859,,0.1078,,0.2326
1591,53.033,4.883,3.449,bbox,11.728,10.391,12.15,8.195,6.5089,2.4668,,,,
1592,53.067,2.999,3.449,bbox,11.728,10.566,12.297,8.195,6.4645,3.5287,,,,
1593,53.1,2.969,3.449,bbox,11.728,10.615,12.297,8.195,6.4365,3.5141,,0.6707,,0.7087
1594,53.133,2.962,2.999,bbox,11.728,10.66,12.297,8.195,6.4106,3.5054,,,,
1595,53.167,3.034,2.999,bbox,11.728,10.66,12.297,8.195,6.4133,3.4817,,,,
1596,53.2,2.635,2.969,pose,11.728,10.696,12.297,8.195,6.4288,3.468,0.6144,0.569,0.6929,0.6019
1597,53.233,3.052,2.969,bbox,11.728,10.696,12.344,8.195,6.4441,3.4722,,,,
1598,53.267,3.151,3.034,bbox,11.728,10.696,12.344,8.195,6.4617,3.4637,,,,
1599,53.3,3.191,3.052,bbox,11.728,10.696,12.344,8.195,6.4735,3.4505,,,,
1600,53.333,3.277,3.151,bbox,11.761,10.696,12.344,8.195,6.5037,3.4337,,,,
1601,53.367,3.276,3.191,bbox,11.761,10.696,12.375,8.195,6.5389,3.4264,,,,
1602,53.4,3.306,3.276,bbox,11.803,10.696,12.375,8.195,6.5356,3.4101,,,,
1603,53.433,3.284,3.277,bbox,11.835,10.696,12.375,8.195,6.5558,3.4001,,,,
1604,53.467,,,,11.835,10.696,12.375,8.195,,,,,,
1605,53.5,3.371,3.284,bbox,11.835,10.696,12.416,8.195,6.5456,3.3794,,0.7006,,0.7264
1606,53.533,3.363,3.306,bbox,11.835,10.696,12.416,8.195,6.5332,3.3739,,,,
1607,53.567,3.357,3.357,bbox,11.835,10.696,12.446,8.195,6.5277,3.3579,,,,
1608,53.6,3.389,3.363,bbox,11.835,10.696,12.446,8.195,6.544,3.3584,,0.5821,,0.6921
1609,53.633,3.409,3.371,bbox,11.835,10.696,12.446,8.195,6.5477,3.361,,,,
1610,53.667,3.37,3.37,bbox,11.835,10.696,12.446,8.195,6.5032,3.3525,,,,
1611,53.7,3.325,3.37,bbox,11.835,10.696,12.446,8.195,6.4929,3.3575,,0.0557,,0.4943
1612,53.733,3.272,3.37,bbox,11.835,10.728,12.446,8.195,6.4739,3.3551,,,,
1613,53.767,3.274,3.325,bbox,11.835,10.728,12.446,8.195,6.4566,3.3549,,,,
1614,53.8,2.62,3.274,pose,11.835,10.728,12.446,8.195,6.4332,3.3406,0.8818,0.5903,0.548,0.6598
1615,53.833,3.159,3.272,bbox,11.835,10.775,12.446,8.195,6.4138,3.327,,,,
1616,53.867,3.111,3.159,bbox,11.835,10.775,12.485,8.195,6.4085,3.3208,,,,
1617,53.9,2.931,3.111,pose,11.835,10.775,12.485,8.195,6.4277,3.3069,0.0119,0.5686,0.1071,0.7492
1618,53.933,3.207,3.111,bbox,11.835,10.817,12.485,8.195,6.412,3.2894,,,,
1619,53.967,3.149,3.149,bbox,11.835,10.817,12.519,8.195,6.3817,3.2822,,,,
1620,54.0,2.935,3.111,pose,11.835,10.817,12.519,8.195,6.35,3.2768,0.4288,0.3892,0.4138,0.7356
1621,54.033,3.109,3.109,bbox,11.835,10.849,12.519,8.195,6.3287,3.2719,,,,
1622,54.067,3.105,3.109,bbox,11.835,10.881,12.549,8.195,6.2982,3.2699,,,,
1623,54.1,2.933,3.105,pose,11.835,10.881,12.549,8.195,6.2558,3.2729,0.7062,0.27,0.6831,0.6218
1624,54.133,3.053,3.053,bbox,11.835,10.933,12.549,8.195,6.2419,3.2744,,,,
1625,54.167,3.018,3.053,bbox,11.835,10.975,12.549,8.195,6.2132,3.2753,,,,
1626,54.2,3.196,3.053,pose,11.835,10.975,12.549,8.195,6.1963,3.2789,0.1348,0.0007,0.3904,0.3122
1627,54.233,2.979,3.018,bbox,11.835,11.018,12.549,8.195,6.1982,3.2754,,,,
1628,54.267,2.981,3.018,bbox,11.835,11.018,12.549,8.195,6.2042,3.2771,,,,
1629,54.3,2.674,2.981,pose,11.835,11.018,12.549,8.195,6.2165,3.2855,0.6822,0.2329,0.6808,0.6245
1630,54.333,2.953,2.979,bbox,11.835,11.018,12.549,8.195,6.2363,3.3093,,,,
1631,54.367,2.993,2.979,bbox,11.835,11.018,12.549,8.195,6.2555,3.3151,,,,
1632,54.4,2.639,2.953,pose,11.835,11.018,12.549,8.228,6.266,3.3315,0.6794,0.3608,0.6593,0.6574
1633,54.433,2.985,2.953,bbox,11.877,11.018,12.549,8.228,6.2714,3.3574,,,,
1634,54.467,3.047,2.985,bbox,11.877,11.018,12.549,8.228,6.2753,3.3496,,,,
1635,54.5,3.084,2.993,bbox,11.877,11.018,12.549,8.268,6.2689,3.3584,,0.0055,,0.4152
1636,54.533,3.093,3.047,bbox,11.877,11.018,12.549,8.268,6.2549,3.3674,,,,
1637,54.567,3.086,3.084,bbox,11.877,11.018,12.549,8.268,6.246,3.3811,,,,
1638,54.6,3.059,3.084,bbox,11.877,11.018,12.549,8.268,6.2319,3.3897,,,,
1639,54.633,2.954,3.084,bbox,11.877,11.018,12.549,8.299,6.2308,3.3952,,,,
1640,54.667,2.939,3.059,bbox,11.877,11.018,12.549,8.299,6.2195,3.4166,,,,
1641,54.7,2.826,2.954,bbox,11.877,11.018,12.549,8.299,6.2116,3.4348,,0.1925,,0.7518
1642,54.733,2.776,2.939,bbox,11.877,11.054,12.549,8.335,6.1959,3.4424,,,,
1643,54.767,2.749,2.826,bbox,11.877,11.054,12.549,8.335,6.1535,3.4626,,,,
1644,54.8,2.693,2.776,bbox,11.877,11.054,12.549,8.335,6.13,3.4721,,0.8228,,0.627
1645,54.833,2.685,2.749,bbox,11.877,11.12,12.549,8.381,6.1251,3.4942,,,,
1646,54.867,2.634,2.693,bbox,11.877,11.12,12.549,8.381,6.1176,3.5142,,,,
1647,54.9,2.623,2.685,bbox,11.877,11.12,12.549,8.412,6.1016,3.5227,,,,
1648,54.933,2.616,2.634,bbox,11.877,11.156,12.549,8.412,6.1015,3.5339,,,,
1649,54.967,2.622,2.623,bbox,11.877,11.156,12.549,8.412,6.0995,3.543,,,,
1650,55.0,2.633,2.623,bbox,11.877,11.156,12.549,8.452,6.1069,3.5517,,,,
1651,55.033,,,,11.877,11.156,12.549,8.452,,,,,,
1652,55.067,2.876,2.623,bbox,11.877,11.156,12.549,8.452,1.5095,3.5568,,,,
1653,55.1,,,,11.877,11.156,12.549,8.452,,,,,,
1654,55.133,,,,11.877,11.156,12.549,8.452,,,,,,
1655,55.167,,,,11.877,11.156,12.549,8.452,,,,,,
1656,55.2,,,,11.877,11.156,12.549,8.452,,,,,,
1657,55.233,,,,11.877,11.156,12.549,8.452,,,,,,
1658,55.267,,,,11.877,11.156,12.549,8.452,,,,,,
1659,55.3,,,,11.877,11.156,12.549,8.452,,,,,,
1660,55.333,,,,11.877,11.156,12.549,8.452,,,,,,
1661,55.367,,,,11.877,11.156,12.549,8.452,,,,,,
1662,55.4,,,,11.877,11.156,12.549,8.452,,,,,,
1663,55.433,,,,11.877,11.156,12.549,8.452,,,,,,
1664,55.467,,,,11.877,11.156,12.549,8.452,,,,,,
1665,55.5,,,,11.877,11.156,12.549,8.452,,,,,,
1666,55.533,,,,11.877,11.156,12.549,8.452,,,,,,
1667,55.567,,,,11.877,11.156,12.549,8.452,,,,,,
1668,55.6,,,,11.877,11.156,12.549,8.452,,,,,,
1669,55.633,,,,11.877,11.156,12.549,8.452,,,,,,
1670,55.667,,,,11.877,11.156,12.549,8.452,,,,,,
1671,55.7,,,,11.877,11.156,12.549,8.452,,,,,,
1672,55.733,,,,11.877,11.156,12.549,8.452,,,,,,
1673,55.767,,,,11.877,11.156,12.549,8.452,,,,,,
1674,55.8,,,,11.877,11.156,12.549,8.452,,,,,,
1675,55.833,,,,11.877,11.156,12.549,8.452,,,,,,
1676,55.867,,,,11.877,11.156,12.549,8.452,,,,,,
1677,55.9,,,,11.877,11.156,12.549,8.452,,,,,,
1678,55.933,,,,11.877,11.156,12.549,8.452,,,,,,
1679,55.967,,,,11.877,11.156,12.549,8.452,,,,,,
1680,56.0,,,,11.877,11.156,12.549,8.452,,,,,,
1681,56.033,,,,11.877,11.156,12.549,8.452,,,,,,
1682,56.067,,,,11.877,11.156,12.549,8.452,,,,,,
1683,56.1,,,,11.877,11.156,12.549,8.452,,,,,,
1684,56.133,,,,11.877,11.156,12.549,8.452,,,,,,
1685,56.167,,,,11.877,11.156,12.549,8.452,,,,,,
1686,56.2,,,,11.877,11.156,12.549,8.452,,,,,,
1687,56.233,,,,11.877,11.156,12.549,8.452,,,,,,
1688,56.267,,,,11.877,11.156,12.549,8.452,,,,,,
1689,56.3,3.484,2.633,bbox,11.877,11.156,12.549,8.452,6.9444,3.5491,,0.385,,0.5012
1690,56.333,3.559,2.876,bbox,11.877,11.156,12.549,8.452,6.9448,3.535,,,,
1691,56.367,3.604,3.484,bbox,12.017,11.156,12.549,8.452,6.9208,3.5229,,,,
1692,56.4,3.531,3.531,bbox,12.017,11.156,12.549,8.452,6.8944,3.5131,,0.8396,,0.6186
1693,56.433,3.518,3.531,bbox,12.017,11.156,12.549,8.452,6.8845,3.4953,,,,
1694,56.467,3.53,3.531,bbox,12.017,11.156,12.549,8.452,6.8817,3.4822,,,,
1695,56.5,3.511,3.53,bbox,12.017,11.192,12.588,8.452,6.8576,3.4615,,0.0925,,0.1277
1696,56.533,3.527,3.527,bbox,12.017,11.192,12.588,8.452,6.8383,3.4368,,,,
1697,56.567,3.489,3.518,bbox,12.017,11.192,12.621,8.452,6.803,3.4265,,,,
1698,56.6,3.49,3.511,bbox,12.017,11.238,12.621,8.452,6.7716,3.4136,,0.46,,0.578
1699,56.633,3.427,3.49,bbox,12.017,11.274,12.656,8.452,6.7355,3.4149,,,,
1700,56.667,3.472,3.489,bbox,12.017,11.305,12.656,8.452,6.6987,3.4064,,,,
1701,56.7,3.391,3.472,bbox,12.017,11.341,12.656,8.452,6.656,3.382,,0.2761,,0.5725
1702,56.733,3.375,3.427,bbox,12.017,11.378,12.656,8.452,6.6403,3.3713,,,,
1703,56.767,,,,12.017,11.378,12.656,8.452,,,,,,
1704,56.8,,,,12.017,11.378,12.656,8.452,,,,,,
1705,56.833,3.322,3.391,bbox,12.017,11.421,12.701,8.452,6.478,3.3219,,,,
1706,56.867,3.315,3.375,bbox,12.017,11.421,12.701,8.452,6.4659,3.3132,,,,
1707,56.9,3.27,3.322,bbox,12.017,11.586,12.761,8.452,6.4504,3.306,,0.7691,,0.4853
1708,56.933,3.184,3.315,bbox,12.017,11.586,12.761,8.452,6.4136,3.3016,,,,
1709,56.967,3.137,3.27,bbox,12.017,11.586,12.761,8.452,6.38,3.2999,,,,
1710,57.0,3.115,3.184,bbox,12.017,11.651,12.761,8.452,6.3248,3.2864,,0.1979,,0.1289
1711,57.033,3.088,3.137,bbox,12.017,11.684,12.761,8.452,6.273,3.2787,,,,
1712,57.067,,,,12.017,11.684,12.761,8.452,,,,,,
1713,57.1,3.05,3.115,bbox,12.017,11.739,12.796,8.452,6.1877,3.2594,,0.0168,,0.178
1714,57.133,3.06,3.088,bbox,12.017,11.791,12.796,8.452,6.1725,3.2624,,,,
1715,57.167,,,,12.017,11.791,12.796,8.452,,,,,,
1716,57.2,3.676,3.088,pose,12.017,11.877,12.796,8.452,6.1308,3.2497,0.0047,0.3952,-0.6587,0.3855
1717,57.233,3.005,3.06,bbox,12.017,11.877,12.796,8.452,6.0852,3.2524,,,,
1718,57.267,2.936,3.05,bbox,12.017,11.934,12.796,8.452,6.0586,3.2663,,,,
1719,57.3,2.748,3.005,bbox,12.017,11.979,12.796,8.452,5.9926,3.28,,0.8091,,0.6875
1720,57.333,2.716,2.936,bbox,12.017,11.979,12.796,8.452,5.931,3.2754,,,,
1721,57.367,2.616,2.748,bbox,12.017,12.072,12.796,8.452,5.8321,3.2772,,,,
1722,57.4,,,,12.017,12.072,12.796,8.452,,,,,,
1723,57.433,,,,12.017,12.072,12.796,8.452,,,,,,
1724,57.467,2.72,2.72,bbox,12.017,12.133,12.796,8.452,5.7966,3.2586,,,,
1725,57.5,2.597,2.716,bbox,12.017,12.232,12.796,8.452,5.783,3.2395,,0.019,,-0.0349
1726,57.533,2.588,2.616,bbox,12.017,12.232,12.796,8.452,5.8139,3.2408,,,,
1727,57.567,2.693,2.616,bbox,12.017,12.232,12.842,8.452,5.8559,3.2119,,,,
1728,57.6,2.774,2.693,bbox,12.017,12.232,12.842,8.452,5.8784,3.204,,0.8359,,0.6615
1729,57.633,2.77,2.693,bbox,12.017,12.232,12.842,8.452,5.9019,3.1927,,,,
1730,57.667,,,,12.017,12.232,12.842,8.452,,,,,,
1731,57.7,,,,12.017,12.232,12.842,8.452,,,,,,
1732,57.733,2.952,2.77,bbox,12.063,12.232,12.879,8.452,5.9237,3.1642,,,,
1733,57.767,3.016,2.774,bbox,12.063,12.232,12.879,8.452,5.9283,3.1603,,,,
1734,57.8,3.062,2.952,bbox,12.108,12.232,12.919,8.452,5.9313,3.1512,,,,
1735,57.833,2.997,2.997,bbox,12.108,12.232,12.919,8.452,5.9123,3.1291,,,,
1736,57.867,2.884,2.997,bbox,12.108,12.232,12.919,8.452,5.8882,3.1105,,,,
1737,57.9,,,,12.108,12.232,12.919,8.452,,,,,,
1738,57.933,,,,12.108,12.232,12.919,8.452,,,,,,
1739,57.967,,,,12.108,12.232,12.919,8.452,,,,,,
1740,58.0,2.853,2.997,bbox,12.108,12.232,12.954,8.452,5.9127,2.5481,,0.9581,,0.8193
1741,58.033,,,,12.108,12.232,12.954,8.452,,,,,,
1742,58.067,,,,12.108,12.232,12.954,8.452,,,,,,
1743,58.1,,,,12.108,12.232,12.954,8.452,,,,,,
1744,58.133,,,,12.108,12.232,12.954,8.452,,,,,,
1745,58.167,2.783,2.884,bbox,12.108,12.232,12.954,8.452,5.7938,2.186,,,,
1746,58.2,2.697,2.853,bbox,12.108,12.268,13.122,8.452,5.7758,2.1903,,,,
1747,58.233,2.855,2.853,bbox,12.108,12.362,13.272,8.452,5.7823,2.1447,,,,
1748,58.267,2.787,2.787,bbox,12.108,12.362,13.272,8.452,5.8098,2.1179,,,,
1749,58.3,2.876,2.787,bbox,12.108,12.362,13.318,8.452,5.8334,2.1204,0.3359,,0.8879,
1750,58.333,2.94,2.855,bbox,12.108,12.362,13.318,8.452,5.8934,2.099,,,,
1751,58.367,2.957,2.876,bbox,12.148,12.362,13.318,8.452,5.9569,2.1188,,,,
1752,58.4,3.056,2.94,bbox,12.208,12.362,13.318,8.452,6.0673,2.1312,0.0166,,1.3675,
1753,58.433,3.106,2.957,bbox,12.271,12.362,13.318,8.452,6.1438,2.167,,,,
1754,58.467,3.199,3.056,bbox,12.382,12.362,13.318,8.452,6.3025,2.2101,,,,
1755,58.5,,,,12.382,12.362,13.318,8.452,,,,,,
1756,58.533,3.25,3.106,bbox,12.458,12.362,13.318,8.452,6.4069,2.2826,,,,
1757,58.567,3.271,3.199,bbox,12.608,12.362,13.318,8.518,6.4454,2.3468,,,,
1758,58.6,3.276,3.25,bbox,12.713,12.362,13.318,8.59,6.4848,2.4,,,,
1759,58.633,3.284,3.271,bbox,12.751,12.362,13.318,8.654,6.5115,2.457,,,,
1760,58.667,3.225,3.271,bbox,12.791,12.362,13.318,8.707,6.5084,2.4911,,,,
1761,58.7,,,,12.791,12.362,13.318,8.707,,,,,,
1762,58.733,,,,12.791,12.362,13.318,8.707,,,,,,
1763,58.767,,,,12.791,12.362,13.318,8.707,,,,,,
1764,58.8,,,,12.791,12.362,13.318,8.707,,,,,,
1765,58.833,3.211,3.271,bbox,12.791,12.362,13.318,8.764,6.9142,2.659,,,,
1766,58.867,,,,12.791,12.362,13.318,8.764,,,,,,
1767,58.9,,,,12.791,12.362,13.318,8.764,,,,,,
1768,58.933,3.228,3.228,bbox,12.791,12.362,13.318,8.799,6.9826,2.9257,,,,
1769,58.967,3.239,3.228,bbox,12.967,12.362,13.318,8.949,6.9765,3.0082,,,,
1770,59.0,3.239,3.228,bbox,13.01,12.362,13.318,9.099,6.9565,3.0631,,0.0211,,0.5426
1771,59.033,3.301,3.239,bbox,13.01,12.362,13.318,9.181,6.9773,3.0743,,,,
1772,59.067,3.326,3.239,bbox,13.01,12.362,13.318,9.236,6.9637,3.0856,,,,
1773,59.1,3.375,3.301,bbox,13.01,12.362,13.318,9.236,6.9752,3.0853,,0.3552,,0.5995
1774,59.133,3.393,3.326,bbox,13.01,12.362,13.318,9.236,6.9591,3.0956,,,,
1775,59.167,3.38,3.375,bbox,13.01,12.362,13.318,9.236,6.9432,3.1167,,,,
1776,59.2,3.344,3.375,bbox,13.01,12.362,13.318,9.268,6.9267,3.1325,,0.9948,,0.7113
1777,59.233,3.324,3.375,bbox,13.01,12.362,13.318,9.268,6.917,3.1387,,,,
1778,59.267,3.02,3.344,bbox,13.01,12.362,13.318,9.305,6.6228,3.1402,,,,
1779,59.3,3.182,3.324,bbox,13.01,12.402,13.318,9.305,6.8205,3.1534,,0.7951,,0.7766
1780,59.333,3.172,3.182,bbox,13.01,12.498,13.318,9.305,6.8113,3.1565,,,,
1781,59.367,3.216,3.182,bbox,13.01,12.498,13.318,9.305,6.7531,3.1317,,,,
1782,59.4,,,,13.01,12.498,13.318,9.305,,,,,,
1783,59.433,3.161,3.172,bbox,13.01,12.566,13.318,9.305,6.6675,3.2673,,,,
1784,59.467,3.161,3.172,bbox,13.01,12.566,13.318,9.305,6.6295,3.3242,,,,
1785,59.5,3.194,3.172,bbox,13.01,12.651,13.318,9.44,6.6003,3.3449,,0.8726,,0.7086
1786,59.533,3.221,3.194,bbox,13.01,12.689,13.318,9.497,6.5853,3.3565,,,,
1787,59.567,3.228,3.194,bbox,13.01,12.689,13.318,9.497,6.5578,3.3938,,,,
1788,59.6,3.214,3.214,bbox,13.01,12.733,13.318,9.529,6.5304,3.4071,,,,
1789,59.633,3.181,3.214,bbox,13.01,12.733,13.318,9.567,6.4912,3.422,,,,
1790,59.667,3.105,3.214,bbox,13.01,12.788,13.318,9.567,6.4427,3.4674,,,,
1791,59.7,3.021,3.181,bbox,13.01,12.827,13.318,9.567,6.3928,3.5295,0.1937,,0.2317,
1792,59.733,7.955,3.181,bbox,13.01,12.876,13.318,9.567,6.3676,0.3195,,,,
1793,59.767,,,,13.01,12.876,13.318,9.567,,,,,,
1794,59.8,,,,13.01,12.876,13.318,9.567,,,,,,
1795,59.833,,,,13.01,12.876,13.318,9.567,,,,,,
1796,59.867,,,,13.01,12.876,13.318,9.567,,,,,,
1797,59.9,8.551,3.181,pose,13.01,12.921,13.318,9.567,6.398,0.3312,0.134,0.0236,1.5969,-1.7457
1798,59.933,,,,13.01,12.921,13.318,9.567,,,,,,
1799,59.967,,,,13.01,12.921,13.318,9.567,,,,,,
1800,60.0,9.37,7.955,pose,13.01,12.921,13.44,9.567,6.3022,0.3435,0.0318,0.0581,0.9968,-1.521
1801,60.033,8.047,8.047,bbox,13.01,12.951,13.44,9.567,6.2888,0.3445,,,,
1802,60.067,8.065,8.065,bbox,13.01,13.016,13.44,9.567,6.2774,0.3609,,,,
1803,60.1,8.065,8.065,bbox,13.01,13.016,13.44,9.567,6.2831,0.3643,,0.1649,,-1.4246
1804,60.133,,,,13.01,13.016,13.44,9.567,,,,,,
1805,60.167,,,,13.01,13.016,13.44,9.567,,,,,,
1806,60.2,11.162,8.065,pose,13.01,13.016,13.44,9.567,6.3771,0.3991,0.3021,0.179,-0.1967,-1.2396
1807,60.233,8.329,8.065,bbox,13.01,13.016,13.44,9.567,6.4101,0.4061,,,,
1808,60.267,8.372,8.329,bbox,13.084,13.016,13.44,9.622,6.4499,0.4034,,,,
1809,60.3,8.302,8.329,bbox,13.084,13.016,13.44,9.622,6.3942,0.4053,,0.1147,,-1.3048
1810,60.333,8.149,8.329,bbox,13.084,13.016,13.44,9.622,6.3342,0.4101,,,,
1811,60.367,8.1,8.302,bbox,13.084,13.016,13.44,9.622,6.3515,0.4179,,,,
1812,60.4,11.356,8.302,pose,13.084,13.016,13.44,9.622,6.5405,0.4207,0.5851,0.1321,-2.4212,-0.9683
1813,60.433,8.148,8.149,bbox,13.084,13.016,13.44,9.622,6.5998,0.4504,,,,
1814,60.467,8.042,8.148,bbox,13.248,13.016,13.44,9.622,6.611,0.4696,,,,
1815,60.5,8.337,8.148,pose,13.302,13.016,13.44,9.674,6.5948,0.4716,0.0253,0.2323,1.8789,-1.0617
1816,60.533,7.758,8.148,bbox,13.302,13.016,13.44,9.674,6.5634,0.4922,,,,
1817,60.567,7.729,8.042,bbox,13.302,13.016,13.44,9.674,6.5594,0.508,,,,
1818,60.6,,,,13.302,13.016,13.44,9.674,,,,,,
1819,60.633,,,,13.302,13.016,13.44,9.674,,,,,,
1820,60.667,,,,13.302,13.016,13.44,9.674,,,,,,
1821,60.7,,,,13.302,13.016,13.44,9.674,,,,,,
1822,60.733,,,,13.302,13.016,13.44,9.674,,,,,,
1823,60.767,,,,13.302,13.016,13.44,9.674,,,,,,
1824,60.8,2.351,7.758,pose,13.302,13.048,13.44,9.715,6.3203,3.6285,0.3668,0.2018,-0.1495,0.7203
1825,60.833,2.86,7.729,bbox,13.302,13.048,13.44,9.715,6.3265,3.6142,,,,
1826,60.867,2.84,2.86,bbox,13.302,13.202,13.44,9.881,6.344,3.58,,,,
1827,60.9,2.739,2.84,bbox,13.302,13.202,13.44,9.915,6.3637,3.6603,,0.0384,,0.6682
1828,60.933,2.938,2.84,bbox,13.302,13.202,13.44,9.915,6.3979,3.52,,,,
1829,60.967,3.078,2.86,bbox,13.302,13.202,13.474,9.915,6.4275,3.4423,,,,
1830,61.0,3.192,2.938,pose,13.356,13.202,13.534,9.915,6.4384,3.4248,0.3059,0.013,0.4672,0.1387
1831,61.033,,,,13.356,13.202,13.534,9.915,,,,,,
1832,61.067,3.434,3.078,bbox,13.356,13.202,13.612,9.915,6.4842,3.3068,,,,
1833,61.1,3.454,3.192,bbox,13.397,13.202,13.612,9.915,6.4886,3.169,0.1483,,-0.1927,
1834,61.133,3.391,3.391,bbox,13.437,13.202,13.747,9.915,6.4784,3.1368,,,,
1835,61.167,3.429,3.429,bbox,13.437,13.202,13.885,9.915,6.5596,3.1274,,,,
1836,61.2,3.597,3.434,bbox,13.437,13.202,13.917,9.915,6.5788,2.9942,,0.8861,,0.6635
1837,61.233,3.626,3.454,bbox,13.518,13.202,13.917,9.915,6.6156,2.9343,,,,
1838,61.267,,,,13.518,13.202,13.917,9.915,,,,,,
1839,61.3,2.98,3.429,pose,13.518,13.202,14.06,9.915,6.6822,2.8665,0.7229,0.8859,0.754,0.6315
1840,61.333,3.751,3.597,bbox,13.574,13.202,14.12,9.915,6.6909,2.8693,,,,
1841,61.367,3.833,3.626,bbox,13.64,13.202,14.185,9.915,6.719,2.8533,,,,
1842,61.4,3.884,3.751,bbox,13.64,13.202,14.185,9.915,6.754,2.8315,,,,
1843,61.433,3.786,3.786,bbox,13.677,13.202,14.185,9.915,6.7709,2.9185,,,,
1844,61.467,3.779,3.786,bbox,13.712,13.202,14.185,9.915,6.7669,2.9056,,,,
1845,61.5,3.809,3.809,bbox,13.712,13.202,14.185,9.915,6.7716,2.8599,,0.7691,,0.7554
1846,61.533,3.89,3.809,bbox,13.712,13.202,14.185,9.915,6.7798,2.7918,,,,
1847,61.567,3.941,3.809,bbox,13.712,13.202,14.185,9.915,6.7775,2.7438,,,,
1848,61.6,3.98,3.89,bbox,13.712,13.202,14.262,9.915,6.7879,2.7263,,0.4084,,0.804
1849,61.633,3.999,3.941,bbox,13.712,13.202,14.31,9.915,6.8175,2.7093,,,,
1850,61.667,4.033,3.98,bbox,13.746,13.202,14.31,9.915,6.83,2.6806,,,,
1851,61.7,4.082,3.999,bbox,13.746,13.202,14.345,9.915,6.8391,2.6567,,0.142,,0.7057
1852,61.733,4.046,4.033,bbox,13.746,13.202,14.345,9.915,6.8153,2.635,,,,
1853,61.767,4.003,4.033,bbox,13.746,13.202,14.397,9.915,6.7636,2.6296,,,,
1854,61.8,3.997,4.033,bbox,13.746,13.202,14.397,9.915,6.7437,2.6335,,0.0606,,0.7164
1855,61.833,3.972,4.003,bbox,13.746,13.202,14.397,9.915,6.7134,2.6342,,,,
1856,61.867,4.012,4.003,bbox,13.746,13.246,14.397,9.915,6.6843,2.6356,,,,
1857,61.9,4.018,4.003,bbox,13.746,13.276,14.397,9.915,6.6744,2.6449,,0.065,,0.6936
1858,61.933,4.024,4.012,bbox,13.746,13.276,14.397,9.915,6.6888,2.661,,,,
1859,61.967,4.024,4.018,bbox,13.746,13.276,14.397,9.915,6.676,2.6702,,,,
1860,62.0,3.918,4.018,bbox,13.746,13.314,14.397,9.915,6.6607,2.6876,,0.4414,,0.6695
1861,62.033,3.853,4.018,bbox,13.746,13.314,14.397,9.915,6.6206,2.6952,,,,
1862,62.067,3.809,3.918,bbox,13.746,13.314,14.397,9.946,6.5886,2.715,,,,
1863,62.1,3.726,3.853,bbox,13.746,13.369,14.397,9.946,6.5301,2.7388,,,,
1864,62.133,3.608,3.809,bbox,13.746,13.401,14.397,9.946,6.4178,2.7546,,,,
1865,62.167,3.496,3.726,bbox,13.746,13.46,14.397,9.997,6.305,2.7817,,,,
1866,62.2,1.823,3.608,pose,13.746,13.572,14.397,9.997,6.2279,2.8019,0.303,0.907,-0.067,0.6789
1867,62.233,3.373,3.496,bbox,13.746,13.672,14.397,10.04,6.3173,2.8502,,,,
1868,62.267,3.436,3.436,bbox,13.746,13.672,14.397,10.04,6.3406,2.8456,,,,
1869,62.3,2.889,3.373,pose,13.746,13.672,14.397,10.104,6.3363,2.8648,0.098,0.9893,-0.0772,0.654
1870,62.333,3.412,3.373,bbox,13.746,13.672,14.397,10.104,6.3064,2.8854,,,,
1871,62.367,,,,13.746,13.672,14.397,10.104,,,,,,
1872,62.4,3.229,3.373,bbox,13.746,13.672,14.397,10.104,6.2566,2.9376,0.8471,,0.6354,
1873,62.433,3.239,3.239,bbox,13.746,13.672,14.397,10.144,6.2318,2.9571,,,,
1874,62.467,3.25,3.239,bbox,13.746,13.733,14.397,10.196,6.2045,2.99,,,,
1875,62.5,3.201,3.239,bbox,13.746,13.733,14.397,10.196,6.1983,3.0205,,0.9057,,0.7154
1876,62.533,,,,13.746,13.733,14.397,10.196,,,,,,
1877,62.567,2.993,3.229,bbox,13.746,13.785,14.397,10.249,6.1861,3.0915,,,,
1878,62.6,2.957,3.201,bbox,13.746,13.785,14.397,10.279,6.1711,3.1245,,0.7874,,0.7032
1879,62.633,2.919,2.993,bbox,13.746,13.785,14.397,10.35,6.1621,3.1369,,,,
1880,62.667,2.857,2.957,bbox,13.746,13.819,14.397,10.383,6.1431,3.1636,,,,
1881,62.7,2.865,2.919,bbox,13.746,13.819,14.397,10.383,6.1125,3.1797,,0.8186,,0.6581
1882,62.733,2.887,2.887,bbox,13.746,13.819,14.397,10.422,6.0917,3.1876,,,,
1883,62.767,2.851,2.865,bbox,13.746,13.877,14.397,10.422,6.0726,3.1996,,,,
1884,62.8,2.831,2.857,bbox,13.746,13.877,14.397,10.422,6.056,3.2081,,0.8073,,0.6566
1885,62.833,2.809,2.851,bbox,13.746,13.917,14.397,10.458,6.0556,3.2171,,,,
1886,62.867,2.799,2.831,bbox,13.746,13.917,14.397,10.458,6.0625,3.2317,,,,
1887,62.9,2.906,2.831,bbox,13.746,13.917,14.397,10.458,6.0698,3.2432,,0.8081,,0.7072
1888,62.933,2.807,2.809,bbox,13.746,13.917,14.397,10.49,6.0856,3.2529,,,,
1889,62.967,2.771,2.807,bbox,13.746,13.917,14.397,10.49,6.1051,3.2668,,,,
1890,63.0,2.78,2.799,bbox,13.746,13.917,14.397,10.49,6.1203,3.2871,,0.7624,,0.7717
1891,63.033,2.757,2.78,bbox,13.778,13.917,14.397,10.525,6.1448,3.3093,,,,
1892,63.067,2.812,2.78,bbox,13.778,13.917,14.397,10.525,6.1671,3.3193,,,,
1893,63.1,2.834,2.78,bbox,13.818,13.917,14.397,10.568,6.1873,3.3326,,0.5304,,0.7257
1894,63.133,2.845,2.812,bbox,13.818,13.917,14.397,10.568,6.2067,3.3422,,,,
1895,63.167,2.864,2.834,bbox,13.861,13.917,14.397,10.568,6.2078,3.3502,,,,
1896,63.2,2.848,2.845,bbox,13.861,13.917,14.397,10.601,6.2174,3.3639,,0.8127,,0.6667
1897,63.233,2.859,2.848,bbox,13.861,13.917,14.397,10.601,6.221,3.3721,,,,
1898,63.267,2.863,2.859,bbox,13.891,13.917,14.397,10.601,6.2276,3.3814,,,,
1899,63.3,2.861,2.861,bbox,13.891,13.917,14.397,10.601,6.2375,3.3941,,0.2959,,0.5455
1900,63.333,,,,13.891,13.917,14.397,10.601,,,,,,
1901,63.367,2.701,2.859,bbox,13.891,13.917,14.397,10.64,6.2271,3.4062,,,,
1902,63.4,2.714,2.859,bbox,13.891,13.917,14.397,10.64,6.2119,3.411,,0.8044,,0.7528
1903,63.433,2.753,2.753,bbox,13.891,13.917,14.397,10.64,6.1904,3.4248,,,,
1904,63.467,2.79,2.753,bbox,13.891,13.917,14.397,10.64,6.1872,3.4353,,,,
1905,63.5,2.843,2.753,bbox,13.891,13.917,14.397,10.683,6.2011,3.4542,,0.6489,,0.7727
1906,63.533,2.839,2.79,bbox,13.891,13.917,14.397,10.683,6.2067,3.4772,,,,
1907,63.567,2.827,2.827,bbox,13.891,13.917,14.397,10.683,6.2267,3.5057,,,,
1908,63.6,2.781,2.827,bbox,13.891,13.917,14.397,10.736,6.2716,3.5341,,0.7254,,0.6776
1909,63.633,2.724,2.827,bbox,13.891,13.917,14.397,10.736,6.2974,3.546,,,,
1910,63.667,2.65,2.781,bbox,13.945,13.917,14.397,10.793,6.3271,3.5639,,,,
1911,63.7,2.673,2.724,bbox,13.945,13.917,14.397,10.793,6.3379,3.5595,,0.7749,,0.7172
1912,63.733,2.718,2.718,bbox,14.0,13.917,14.397,10.793,6.3479,3.5581,,,,
1913,63.767,2.741,2.718,bbox,14.0,13.917,14.397,10.793,6.3534,3.5327,,,,
1914,63.8,2.782,2.718,bbox,14.0,13.917,14.397,10.793,6.3657,3.515,,0.0036,,0.7106
1915,63.833,2.806,2.741,bbox,14.0,13.917,14.397,10.793,6.3747,3.4657,,,,
1916,63.867,2.818,2.782,bbox,14.039,13.917,14.397,10.793,6.3798,3.4237,,,,
1917,63.9,2.915,2.806,bbox,14.039,13.917,14.466,10.793,6.375,3.3895,,0.8361,,0.7352
1918,63.933,3.01,2.818,bbox,14.039,13.917,14.508,10.793,6.3854,3.3391,,,,
1919,63.967,,,,14.039,13.917,14.508,10.793,,,,,,
1920,64.0,2.455,2.818,pose,14.039,13.917,14.542,10.793,6.3757,3.2903,0.6298,0.9202,0.69,0.6132
1921,64.033,3.152,2.915,bbox,14.039,13.917,14.592,10.793,6.3555,3.2658,,,,
1922,64.067,3.152,3.01,bbox,14.039,13.917,14.641,10.793,6.3372,3.2651,,,,
1923,64.1,3.092,3.092,bbox,14.039,13.917,14.641,10.793,6.3031,3.2855,,0.8813,,0.7098
1924,64.133,3.09,3.092,bbox,14.039,13.917,14.641,10.793,6.2422,3.2141,,,,
1925,64.167,,,,14.039,13.917,14.641,10.793,,,,,,
1926,64.2,5.066,3.152,pose,14.039,13.98,14.641,10.793,6.2037,3.1945,0.6525,0.7169,0.9358,0.7215
1927,64.233,3.151,3.151,bbox,14.039,14.041,14.717,10.793,6.1931,3.1217,,,,
1928,64.267,3.191,3.151,bbox,14.039,14.079,14.717,10.793,6.1877,3.0918,,,,
1929,64.3,,,,14.039,14.079,14.717,10.793,,,,,,
1930,64.333,,,,14.039,14.079,14.717,10.793,,,,,,
1931,64.367,,,,14.039,14.079,14.717,10.793,,,,,,
1932,64.4,,,,14.039,14.079,14.717,10.793,,,,,,
1933,64.433,,,,14.039,14.079,14.717,10.793,,,,,,
1934,64.467,2.934,3.151,bbox,14.039,14.079,14.81,10.793,6.081,3.1205,,,,
1935,64.5,2.837,3.151,bbox,14.039,14.079,14.81,10.793,5.9984,3.1219,,0.2338,,0.6966
1936,64.533,2.816,2.934,bbox,14.039,14.202,14.81,10.793,5.9783,3.1246,,,,
1937,64.567,2.81,2.837,bbox,14.039,14.284,14.81,10.793,5.966,3.1377,,,,
1938,64.6,2.777,2.816,bbox,14.039,14.284,14.81,10.793,5.9347,3.1418,,0.4856,,0.7158
1939,64.633,2.734,2.81,bbox,14.039,14.317,14.81,10.793,5.8984,3.1536,,,,
1940,64.667,2.686,2.777,bbox,14.039,14.348,14.81,10.793,5.8789,3.1742,,,,
1941,64.7,2.641,2.734,bbox,14.039,14.384,14.81,10.825,5.8324,3.1776,,0.6438,,0.7313
1942,64.733,2.589,2.686,bbox,14.039,14.384,14.81,10.825,5.7831,3.1922,,,,
1943,64.767,2.55,2.641,bbox,14.039,14.45,14.81,10.825,5.75,3.2081,,,,
1944,64.8,2.558,2.589,bbox,14.039,14.5,14.81,10.863,5.7346,3.2266,,0.8123,,0.6837
1945,64.833,2.556,2.558,bbox,14.039,14.533,14.81,10.863,5.7253,3.2294,,,,
1946,64.867,2.552,2.556,bbox,14.039,14.533,14.81,10.863,5.7033,3.217,,,,
1947,64.9,2.575,2.556,bbox,14.039,14.533,14.81,10.894,5.7255,3.2226,,0.4012,,0.5071
1948,64.933,2.622,2.558,bbox,14.039,14.533,14.81,10.894,5.7644,3.1921,,,,
1949,64.967,2.691,2.575,bbox,14.039,14.533,14.81,10.894,5.7955,3.1274,,,,
1950,65.0,3.636,2.622,pose,14.039,14.533,14.84,10.894,5.8452,3.0877,0.3006,0.1929,-0.3083,0.4467
1951,65.033,2.853,2.691,bbox,14.085,14.533,14.905,10.894,5.8852,3.0528,,,,
1952,65.067,2.98,2.853,bbox,14.134,14.533,14.945,10.894,6.0008,3.0198,,,,
1953,65.1,3.082,2.98,bbox,14.174,14.533,14.979,10.894,6.0456,2.9798,,0.8535,,0.7165
1954,65.133,3.173,3.082,bbox,14.29,14.533,15.013,10.894,6.0808,2.9721,,,,
1955,65.167,3.24,3.082,bbox,14.335,14.533,15.052,10.894,6.1022,2.9635,,,,
1956,65.2,3.267,3.173,bbox,14.37,14.533,15.052,10.894,6.1099,2.9609,,0.5538,,0.5851
1957,65.233,3.283,3.24,bbox,14.37,14.533,15.052,10.894,6.125,2.9601,,,,
1958,65.267,3.249,3.249,bbox,14.37,14.533,15.052,10.894,6.1142,2.9582,,,,
1959,65.3,3.225,3.249,bbox,14.403,14.533,15.052,10.894,6.1359,2.9621,,0.3971,,0.5848
1960,65.333,3.224,3.249,bbox,14.403,14.533,15.052,10.894,6.1671,2.9659,,,,
1961,65.367,3.224,3.225,bbox,14.403,14.533,15.052,10.894,6.2177,2.9746,,,,
1962,65.4,3.262,3.225,bbox,14.456,14.533,15.052,10.894,6.2845,2.9785,,0.4828,,0.6828
1963,65.433,3.267,3.225,bbox,14.507,14.533,15.052,10.894,6.2993,2.9844,,,,
1964,65.467,3.268,3.262,bbox,14.574,14.533,15.052,10.894,6.3015,2.9844,,,,
1965,65.5,3.301,3.267,bbox,14.574,14.533,15.052,10.894,6.3017,2.998,0.0719,,1.6329,
1966,65.533,3.348,3.268,bbox,14.574,14.533,15.052,10.894,6.3043,3.0105,,,,
1967,65.567,3.352,3.301,bbox,14.574,14.533,15.052,10.894,6.3061,3.0101,,,,
1968,65.6,3.376,3.348,bbox,14.574,14.533,15.052,10.924,6.3053,3.0255,,0.1532,,0.2927
1969,65.633,,,,14.574,14.533,15.052,10.924,,,,,,
1970,65.667,,,,14.574,14.533,15.052,10.924,,,,,,
1971,65.7,,,,14.574,14.533,15.052,10.924,,,,,,
1972,65.733,3.254,3.348,bbox,14.574,14.533,15.052,10.924,6.2703,3.0763,,,,
1973,65.767,3.253,3.348,bbox,14.574,14.533,15.052,10.924,6.2703,3.0794,,,,
1974,65.8,3.401,3.352,pose,14.574,14.533,15.052,10.99,6.2339,3.121,0.158,0.0565,0.5684,0.1155
1975,65.833,3.128,3.254,bbox,14.574,14.533,15.052,10.99,6.2212,3.1288,,,,
1976,65.867,3.153,3.253,bbox,14.574,14.583,15.052,11.035,6.2142,3.1287,,,,
1977,65.9,2.99,3.153,bbox,14.574,14.583,15.052,11.035,6.1868,3.1759,,0.9075,,0.6598
1978,65.933,2.981,3.128,bbox,14.574,14.583,15.052,11.035,6.1833,3.1797,,,,
1979,65.967,2.941,2.99,bbox,14.574,14.63,15.052,11.09,6.17,3.1995,,,,
1980,66.0,2.434,2.981,pose,14.574,14.63,15.052,11.09,6.1659,3.2761,0.2409,0.7731,0.6184,0.7168
1981,66.033,2.808,2.941,bbox,14.574,14.63,15.052,11.09,6.1653,3.2863,,,,
1982,66.067,2.783,2.808,bbox,14.574,14.63,15.052,11.19,6.1572,3.3021,,,,
1983,66.1,2.775,2.783,bbox,14.574,14.63,15.052,11.19,6.1194,3.3254,,0.792,,0.6583
1984,66.133,2.773,2.775,bbox,14.574,14.63,15.052,11.19,6.1169,3.325,,,,
1985,66.167,2.714,2.775,bbox,14.574,14.698,15.052,11.239,6.0912,3.3345,,,,
1986,66.2,2.732,2.773,bbox,14.574,14.698,15.052,11.239,6.0536,3.3875,,0.6861,,0.5879
1987,66.233,2.731,2.732,bbox,14.574,14.698,15.052,11.239,6.0493,3.3962,,,,
1988,66.267,2.752,2.732,bbox,14.574,14.764,15.052,11.301,6.0518,3.4181,,,,
1989,66.3,3.531,2.732,pose,14.574,14.764,15.052,11.301,6.0745,3.4547,0.6157,0.0096,0.5853,0.3432
1990,66.333,2.745,2.745,bbox,14.574,14.764,15.052,11.332,6.0745,3.4504,,,,
1991,66.367,2.719,2.745,bbox,14.574,14.764,15.052,11.364,6.1057,3.4605,,,,
1992,66.4,2.256,2.745,pose,14.574,14.764,15.052,11.364,6.1789,3.4689,0.4741,1.0599,0.5097,0.5743
1993,66.433,2.819,2.745,bbox,14.626,14.764,15.052,11.364,6.2603,3.4694,,,,
1994,66.467,2.857,2.745,bbox,14.699,14.764,15.052,11.364,6.3286,3.4667,,,,
1995,66.5,4.996,2.819,pose,14.78,14.764,15.052,11.364,6.4147,3.4758,0.6269,1.0323,0.5993,0.66
1996,66.533,2.997,2.857,bbox,14.849,14.764,15.052,11.364,6.4942,3.4865,,,,
1997,66.567,3.08,2.997,bbox,14.935,14.764,15.052,11.364,6.5575,3.4979,,,,
1998,66.6,,,,14.935,14.764,15.052,11.364,,,,,,
1999,66.633,3.091,3.08,bbox,15.014,14.764,15.052,11.4,6.6228,3.5049,,,,
2000,66.667,3.013,3.08,bbox,15.077,14.764,15.052,11.4,6.6335,3.4971,,,,
2001,66.7,2.474,3.013,pose,15.143,14.764,15.052,11.4,6.6484,3.4995,0.9735,0.2754,0.6936,0.5295
2002,66.733,3.128,3.08,bbox,15.143,14.764,15.052,11.4,6.6768,3.507,,,,
2003,66.767,3.167,3.091,bbox,15.143,14.764,15.052,11.4,6.7153,3.5143,,,,
2004,66.8,2.385,3.013,pose,15.197,14.764,15.052,11.4,6.7656,3.5188,0.8226,1.0332,0.7158,0.5252
2005,66.833,3.179,3.128,bbox,15.235,14.764,15.052,11.4,6.8048,3.5255,,,,
2006,66.867,3.221,3.167,bbox,15.285,14.764,15.052,11.433,6.883,3.536,,,,
2007,66.9,2.932,3.167,pose,15.325,14.764,15.052,11.433,6.9509,3.5363,0.5719,0.5466,0.6849,0.2814
2008,66.933,3.216,3.179,bbox,15.403,14.764,15.052,11.433,6.9541,3.5462,,,,
2009,66.967,3.265,3.216,bbox,15.471,14.764,15.052,11.433,6.9877,3.553,,,,
2010,67.0,2.865,3.216,pose,15.471,14.764,15.052,11.433,7.0348,3.566,0.4479,1.0012,0.6455,0.6446
2011,67.033,3.31,3.216,bbox,15.508,14.764,15.052,11.467,7.0331,3.5914,,,,
2012,67.067,3.319,3.265,bbox,15.553,14.764,15.052,11.467,7.0339,3.6178,,,,
2013,67.1,3.341,3.31,bbox,15.553,14.764,15.052,11.505,7.0361,3.6338,,0.6163,,0.6622
2014,67.133,3.359,3.319,bbox,15.553,14.764,15.052,11.505,7.0469,3.6393,,,,
2015,67.167,3.384,3.341,bbox,15.553,14.764,15.052,11.548,7.0576,3.6474,,,,
2016,67.2,3.446,3.359,bbox,15.553,14.764,15.052,11.548,7.0645,3.6444,,0.8589,,0.5785
2017,67.233,3.314,3.359,bbox,15.553,14.764,15.052,11.548,6.9942,3.6468,,,,
2018,67.267,3.388,3.384,bbox,15.553,14.764,15.052,11.548,6.992,3.6501,,,,
2019,67.3,3.226,3.384,bbox,15.553,14.803,15.052,11.548,6.9715,3.6519,,0.8423,,0.5746
2020,67.333,3.171,3.314,bbox,15.553,14.803,15.052,11.548,6.9601,3.6525,,,,
2021,67.367,3.162,3.226,bbox,15.553,14.803,15.052,11.548,6.9544,3.6543,,,,
2022,67.4,3.112,3.171,bbox,15.553,14.837,15.052,11.548,6.9464,3.6561,,0.8535,,0.658
2023,67.433,3.057,3.162,bbox,15.553,14.837,15.052,11.548,6.9235,3.6621,,,,
2024,67.467,2.986,3.112,bbox,15.553,14.837,15.052,11.548,6.912,3.6754,,,,
2025,67.5,2.993,3.057,bbox,15.553,14.873,15.052,11.548,6.9137,3.684,,0.8411,,0.7127
2026,67.533,2.984,2.993,bbox,15.553,14.873,15.052,11.589,6.9075,3.7035,,,,
2027,67.567,2.98,2.986,bbox,15.553,14.873,15.052,11.589,6.901,3.7074,,,,
2028,67.6,2.956,2.984,bbox,15.553,14.873,15.052,11.589,6.8783,3.7235,,0.8191,,0.6536
2029,67.633,3.004,2.984,bbox,15.553,14.873,15.052,11.621,6.8797,3.7317,,,,
2030,67.667,2.98,2.98,bbox,15.553,14.917,15.052,11.621,6.8636,3.7521,,,,
2031,67.7,2.278,2.98,pose,15.553,14.917,15.052,11.621,6.8424,3.7227,0.088,0.8121,0.4566,0.6361
2032,67.733,3.018,2.98,bbox,15.553,14.917,15.052,11.621,6.8079,3.7003,,,,
2033,67.767,3.056,3.004,bbox,15.553,14.954,15.052,11.621,6.7884,3.6682,,,,
2034,67.8,3.02,3.018,bbox,15.553,14.989,15.052,11.621,6.7673,3.68,,0.8527,,0.7306
2035,67.833,,,,15.553,14.989,15.052,11.621,,,,,,
2036,67.867,2.998,3.018,bbox,15.553,14.989,15.052,11.621,6.7801,3.6177,,,,
2037,67.9,,,,15.553,14.989,15.052,11.621,,,,,,
2038,67.933,3.075,3.02,bbox,15.553,14.989,15.092,11.621,6.796,3.513,,,,
2039,67.967,3.125,3.056,bbox,15.553,14.989,15.142,11.621,6.8192,3.4735,,,,
2040,68.0,2.613,3.02,pose,15.553,14.989,15.247,11.621,6.8275,3.4895,0.6469,0.8085,0.764,0.6528
2041,68.033,3.187,3.075,bbox,15.553,14.989,15.247,11.621,6.8377,3.5073,,,,
2042,68.067,3.243,3.125,bbox,15.553,14.989,15.247,11.621,6.8478,3.4881,,,,
2043,68.1,3.21,3.187,pose,15.553,14.989,15.247,11.621,6.8342,3.4493,0.1261,0.822,0.7353,0.5961
2044,68.133,3.238,3.21,bbox,15.553,14.989,15.247,11.621,6.8309,3.4703,,,,
2045,68.167,3.222,3.222,bbox,15.553,14.989,15.29,11.621,6.8255,3.4491,,,,
2046,68.2,3.187,3.222,bbox,15.553,14.989,15.29,11.621,6.8232,3.4387,,0.7343,,0.685
2047,68.233,3.203,3.21,bbox,15.553,14.989,15.29,11.621,6.8276,3.4327,,,,
2048,68.267,3.209,3.209,bbox,15.553,14.989,15.321,11.621,6.8235,3.3954,,,,
2049,68.3,3.202,3.203,bbox,15.553,14.989,15.321,11.621,6.8054,3.3728,,0.5839,,0.7519
2050,68.333,3.186,3.202,bbox,15.553,14.989,15.365,11.621,6.7845,3.3571,,,,
2051,68.367,3.243,3.203,bbox,15.553,14.989,15.365,11.621,6.7687,3.3519,,,,
2052,68.4,3.283,3.209,bbox,15.553,14.989,15.399,11.621,6.7417,3.3614,,0.278,,0.7283
2053,68.433,3.347,3.243,bbox,15.553,15.028,15.399,11.621,6.7183,3.3656,,,,
2054,68.467,,,,15.553,15.028,15.399,11.621,,,,,,
2055,68.5,3.344,3.283,bbox,15.553,15.028,15.399,11.621,6.6804,3.3713,,0.2066,,0.6424
2056,68.533,3.337,3.337,bbox,15.553,15.078,15.399,11.621,6.676,3.372,,,,
2057,68.567,3.286,3.337,bbox,15.553,15.116,15.399,11.621,6.666,3.3705,,,,
2058,68.6,3.209,3.337,bbox,15.553,15.116,15.399,11.621,6.625,3.3755,,0.3122,,0.6744
2059,68.633,3.184,3.286,bbox,15.553,15.116,15.399,11.621,6.5606,3.3866,,,,
2060,68.667,3.089,3.209,bbox,15.553,15.172,15.399,11.621,6.4866,3.4164,,,,
2061,68.7,3.011,3.184,bbox,15.553,15.236,15.399,11.621,6.4043,3.4006,,0.5908,,0.6745
2062,68.733,2.929,3.089,bbox,15.553,15.31,15.399,11.661,6.381,3.4252,,,,
2063,68.767,2.898,3.011,bbox,15.553,15.392,15.399,11.661,6.3601,3.4563,,,,
2064,68.8,2.87,2.929,bbox,15.553,15.392,15.399,11.661,6.3385,3.4708,,0.8537,,0.6448
2065,68.833,2.841,2.898,bbox,15.553,15.437,15.399,11.716,6.317,3.5032,,,,
2066,68.867,2.822,2.87,bbox,15.553,15.437,15.399,11.716,6.2755,3.5239,,,,
2067,68.9,2.538,2.841,pose,15.553,15.48,15.399,11.763,6.2268,3.5378,0.3334,0.2439,0.0362,0.6461
2068,68.933,2.772,2.822,bbox,15.553,15.521,15.399,11.763,6.2157,3.5566,,,,
2069,68.967,2.793,2.793,bbox,15.553,15.57,15.399,11.798,6.2163,3.5586,,,,
2070,69.0,7.256,2.793,pose,15.553,15.57,15.399,11.798,6.2186,3.5569,0.05,0.9464,-0.1977,0.5748
2071,69.033,2.773,2.773,bbox,15.553,15.57,15.399,11.798,6.211,3.5528,,,,
2072,69.067,2.808,2.793,bbox,15.553,15.57,15.399,11.798,6.2538,3.5417,,,,
2073,69.1,2.827,2.808,bbox,15.553,15.57,15.399,11.798,6.2752,3.5372,,0.9935,,0.6251
2074,69.133,2.857,2.827,bbox,15.553,15.57,15.399,11.798,6.3043,3.5263,,,,
2075,69.167,2.856,2.827,bbox,15.601,15.57,15.399,11.798,6.3423,3.5297,,,,
2076,69.2,3.405,2.856,pose,15.601,15.57,15.399,11.798,6.3812,3.5113,0.0589,0.9385,0.7935,0.6402
2077,69.233,2.994,2.857,bbox,15.669,15.57,15.399,11.798,6.4,3.5027,,,,
2078,69.267,3.016,2.994,bbox,15.708,15.57,15.399,11.798,6.4048,3.5039,,,,
2079,69.3,3.066,3.016,bbox,15.708,15.57,15.399,11.798,6.4084,3.5095,,0.9183,,0.5317
2080,69.333,3.046,3.046,bbox,15.708,15.57,15.399,11.798,6.4132,3.5146,,,,
2081,69.367,3.027,3.027,bbox,15.708,15.57,15.399,11.798,6.4174,3.5214,,,,
2082,69.4,2.992,3.027,bbox,15.74,15.57,15.399,11.798,6.4176,3.5228,,0.9465,,0.5924
2083,69.433,2.932,3.027,bbox,15.74,15.57,15.399,11.798,6.4126,3.53,,,,
2084,69.467,2.882,2.992,bbox,15.74,15.57,15.399,11.798,6.4132,3.5343,,,,
2085,69.5,4.614,2.992,pose,15.74,15.57,15.399,11.798,6.3979,3.536,0.3744,0.8735,0.362,0.6605
2086,69.533,2.849,2.932,bbox,15.74,15.57,15.399,11.798,6.3887,3.5471,,,,
2087,69.567,2.848,2.882,bbox,15.74,15.57,15.399,11.798,6.3819,3.5649,,,,
2088,69.6,2.917,2.882,pose,15.74,15.57,15.399,11.798,6.3711,3.5808,0.1526,0.8375,0.8306,0.666
2089,69.633,2.818,2.849,bbox,15.74,15.601,15.399,11.798,6.3684,3.5988,,,,
2090,69.667,2.834,2.848,bbox,15.74,15.601,15.399,11.841,6.3723,3.6082,,,,
2091,69.7,2.858,2.848,bbox,15.74,15.601,15.399,11.841,6.38,3.6109,,0.8373,,0.5837
2092,69.733,2.861,2.858,bbox,15.74,15.601,15.399,11.841,6.3954,3.6187,,,,
2093,69.767,2.861,2.858,bbox,15.74,15.601,15.399,11.871,6.408,3.6332,,,,
2094,69.8,2.864,2.861,bbox,15.74,15.601,15.399,11.871,6.4326,3.6546,,0.9808,,0.5522
2095,69.833,2.926,2.861,bbox,15.74,15.601,15.399,11.871,6.4831,3.6674,,,,
2096,69.867,3.021,2.864,bbox,15.79,15.601,15.399,11.915,6.5355,3.6636,,,,
2097,69.9,3.041,2.926,bbox,15.841,15.601,15.399,11.915,6.5988,3.6665,,0.6029,,0.2747
2098,69.933,3.103,3.021,bbox,15.893,15.601,15.399,11.915,6.678,3.6717,,,,
2099,69.967,3.166,3.041,bbox,15.956,15.601,15.399,11.915,6.7449,3.6732,,,,
2100,70.0,3.973,3.103,pose,16.036,15.601,15.399,11.915,6.7786,3.6752,0.2826,0.9904,-0.0372,0.6274
2101,70.033,3.291,3.166,bbox,16.102,15.601,15.399,11.915,6.8094,3.6823,,,,
2102,70.067,3.132,3.166,bbox,16.136,15.601,15.399,11.915,6.8366,3.6909,,,,
2103,70.1,3.011,3.166,bbox,16.167,15.601,15.399,11.915,6.8515,3.7143,,0.9482,,0.6683
2104,70.133,2.964,3.132,bbox,16.167,15.601,15.399,11.951,6.8603,3.7356,,,,
2105,70.167,2.966,3.011,bbox,16.209,15.601,15.399,11.951,6.8799,3.7529,,,,
2106,70.2,2.956,2.966,bbox,16.209,15.601,15.399,11.996,6.9121,3.7679,,0.8873,,0.6412
2107,70.233,3.04,2.966,bbox,16.209,15.601,15.399,11.996,6.9771,3.7741,,,,
2108,70.267,3.09,2.966,bbox,16.27,15.601,15.399,12.028,7.0266,3.784,,,,
2109,70.3,3.14,3.04,bbox,16.335,15.601,15.399,12.028,7.0691,3.7932,,0.8747,,0.5608
2110,70.333,3.156,3.09,bbox,16.384,15.601,15.399,12.028,7.105,3.8002,,,,
2111,70.367,3.166,3.14,bbox,16.427,15.601,15.399,12.028,7.1286,3.8005,,,,
2112,70.4,2.814,3.14,pose,16.463,15.601,15.399,12.06,7.1549,3.806,0.4688,0.9051,0.6812,0.6119
2113,70.433,3.153,3.153,bbox,16.463,15.601,15.399,12.06,7.1651,3.8133,,,,
2114,70.467,3.166,3.156,bbox,16.513,15.601,15.399,12.06,7.1661,3.8156,,,,
2115,70.5,2.821,3.153,pose,16.513,15.601,15.399,12.06,7.1753,3.8167,0.4323,0.8961,0.6341,0.6716
2116,70.533,3.173,3.153,bbox,16.513,15.601,15.399,12.06,7.1895,3.8204,,,,
2117,70.567,,,,16.513,15.601,15.399,12.06,,,,,,
2118,70.6,2.463,3.153,pose,16.513,15.601,15.399,12.06,6.9798,3.847,0.1342,0.8328,0.6748,0.6901
2119,70.633,2.958,2.958,bbox,16.513,15.601,15.399,12.06,7.0068,3.8511,,,,
2120,70.667,2.957,2.957,bbox,16.513,15.74,15.399,12.107,7.0118,3.8541,,,,
2121,70.7,2.681,2.957,pose,16.513,15.74,15.399,12.107,6.9871,3.8498,0.2855,0.8431,0.3935,0.6445
2122,70.733,3.081,2.957,bbox,16.513,15.74,15.399,12.107,7.0984,3.8505,,,,
2123,70.767,3.102,2.958,bbox,16.513,15.74,15.399,12.107,7.066,3.8511,,,,
2124,70.8,3.144,3.081,bbox,16.513,15.74,15.399,12.107,7.0397,3.8554,,0.8503,,0.6415
2125,70.833,3.143,3.102,bbox,16.513,15.74,15.399,12.107,7.0306,3.8593,,,,
2126,70.867,3.062,3.102,bbox,16.513,15.74,15.399,12.107,7.0177,3.8563,,,,
2127,70.9,3.21,3.143,bbox,16.513,15.74,15.399,12.107,7.004,3.865,,0.8181,,0.678
2128,70.933,7.52,3.144,bbox,16.513,15.74,15.399,12.107,6.984,0.2488,,,,
2129,70.967,,,,16.513,15.74,15.399,12.107,,,,,,
2130,71.0,,,,16.513,15.74,15.399,12.107,,,,,,
2131,71.033,7.489,3.21,bbox,16.513,15.74,15.399,12.107,6.9121,0.2446,,,,
2132,71.067,2.96,3.21,bbox,16.513,15.74,15.399,12.107,6.8423,3.885,,,,
2133,71.1,,,,16.513,15.74,15.399,12.107,,,,,,
2134,71.133,,,,16.513,15.74,15.399,12.107,,,,,,
2135,71.167,2.9,3.21,bbox,16.513,15.84,15.399,12.107,6.6516,3.896,,,,
2136,71.2,,,,16.513,15.84,15.399,12.107,,,,,,
2137,71.233,,,,16.513,15.84,15.399,12.107,,,,,,
2138,71.267,2.869,2.96,bbox,16.513,15.91,15.399,12.145,6.6534,3.9405,,,,
2139,71.3,2.804,2.9,bbox,16.513,16.06,15.399,12.145,6.6855,3.9707,,0.033,,0.4193
2140,71.333,2.78,2.869,bbox,16.513,16.06,15.399,12.2,6.7045,3.9986,,,,
2141,71.367,2.719,2.804,bbox,16.513,16.06,15.399,12.231,6.727,4.0222,,,,
2142,71.4,2.766,2.78,bbox,16.513,16.06,15.399,12.231,6.7515,4.0471,,0.342,,0.0354
2143,71.433,2.768,2.768,bbox,16.554,16.06,15.399,12.282,6.7666,4.0718,,,,
2144,71.467,,,,16.554,16.06,15.399,12.282,,,,,,
2145,71.5,2.672,2.766,bbox,16.554,16.06,15.399,12.282,6.8183,4.1402,,0.1378,,-0.1725
2146,71.533,2.627,2.719,bbox,16.594,16.06,15.399,12.332,6.8372,4.1589,,,,
2147,71.567,2.643,2.672,bbox,16.645,16.06,15.399,12.4,6.8473,4.1608,,,,
2148,71.6,2.552,2.643,bbox,16.645,16.06,15.399,12.4,6.8411,4.1746,,1.0513,,0.6194
2149,71.633,7.174,2.643,bbox,16.645,16.06,15.399,12.4,6.7872,0.2564,,,,
2150,71.667,7.447,2.643,bbox,16.645,16.06,15.399,12.4,6.7716,0.2551,,,,
2151,71.7,,,,16.645,16.06,15.399,12.4,,,,,,
2152,71.733,,,,16.645,16.06,15.399,12.4,,,,,,
2153,71.767,,,,16.645,16.06,15.399,12.4,,,,,,
2154,71.8,7.099,7.099,bbox,16.645,16.091,15.53,12.4,6.7099,0.2512,,,,
2155,71.833,2.401,7.099,bbox,16.645,16.091,15.53,12.4,6.7422,4.2132,,,,
2156,71.867,2.411,7.099,bbox,16.645,16.091,15.53,12.4,6.7614,4.2157,,,,
2157,71.9,2.429,2.429,bbox,16.645,16.091,15.53,12.55,6.8039,4.2104,,0.9918,,0.5629
2158,71.933,2.503,2.429,bbox,16.645,16.091,15.53,12.55,6.8477,4.2081,,,,
2159,71.967,2.507,2.429,bbox,16.645,16.091,15.53,12.55,6.8965,4.2078,,,,
2160,72.0,2.698,2.503,bbox,16.706,16.091,15.53,12.55,6.9406,4.2036,,0.9619,,0.5521
2161,72.033,2.766,2.507,bbox,16.755,16.091,15.53,12.55,6.9609,4.203,,,,
2162,72.067,7.636,2.698,bbox,16.799,16.091,15.53,12.55,6.9804,0.241,,,,
2163,72.1,7.227,2.766,bbox,16.799,16.091,15.53,12.55,6.9974,0.2378,,,,
2164,72.133,7.342,7.227,bbox,16.839,16.091,15.687,12.55,7.0057,0.2409,,,,
2165,72.167,7.564,7.342,bbox,16.839,16.091,15.687,12.55,6.9989,0.247,,,,
2166,72.2,7.266,7.342,bbox,16.839,16.091,15.687,12.55,7.0398,0.2518,,,,
2167,72.233,7.25,7.266,bbox,16.839,16.091,15.687,12.55,7.0822,0.2551,,,,
2168,72.267,2.653,7.266,bbox,16.839,16.091,15.687,12.55,6.8861,4.0976,,,,
2169,72.3,2.757,7.25,bbox,16.839,16.091,15.687,12.55,4.0961,7.0006,0.8171,,0.6014,
2170,72.333,2.836,2.836,bbox,16.839,16.185,15.687,12.714,4.1001,7.0608,,,,
2171,72.367,,,,16.839,16.185,15.687,12.714,,,,,,
2172,72.4,2.925,2.836,bbox,16.839,16.335,15.687,12.864,4.0716,7.1819,0.8316,,0.5815,
2173,72.433,3.105,2.836,bbox,16.839,16.335,15.687,12.925,4.073,7.2493,,,,
2174,72.467,7.602,2.925,bbox,16.839,16.335,15.687,13.046,0.2385,7.2059,,,,
2175,72.5,7.701,3.105,bbox,16.839,16.335,15.687,13.046,0.2335,7.2013,,,,
2176,72.533,7.692,7.602,bbox,16.839,16.514,15.687,13.046,0.2365,7.2087,,,,
2177,72.567,7.675,7.675,bbox,16.839,16.514,15.687,13.046,0.238,7.1978,,,,
2178,72.6,3.229,7.675,bbox,16.839,16.514,15.687,13.046,4.0748,7.2614,,,,
2179,72.633,,,,16.839,16.514,15.687,13.046,,,,,,
2180,72.667,,,,16.839,16.514,15.687,13.046,,,,,,
2181,72.7,,,,16.839,16.514,15.687,13.046,,,,,,
2182,72.733,,,,16.839,16.514,15.687,13.046,,,,,,
2183,72.767,,,,16.839,16.514,15.687,13.046,,,,,,
2184,72.8,2.96,7.675,bbox,16.839,16.514,15.687,13.046,4.1022,7.1517,,,,
2185,72.833,,,,16.839,16.514,15.687,13.046,,,,,,
2186,72.867,,,,16.839,16.514,15.687,13.046,,,,,,
2187,72.9,,,,16.839,16.514,15.687,13.046,,,,,,
2188,72.933,,,,16.839,16.514,15.687,13.046,,,,,,
2189,72.967,,,,16.839,16.514,15.687,13.046,,,,,,
2190,73.0,,,,16.839,16.514,15.687,13.046,,,,,,
2191,73.033,,,,16.839,16.514,15.687,13.046,,,,,,
2192,73.067,,,,16.839,16.514,15.687,13.046,,,,,,
2193,73.1,2.763,3.229,bbox,16.988,16.514,15.687,13.046,4.0811,6.9582,0.6985,,0.6779,
2194,73.133,2.72,2.96,bbox,16.988,16.514,15.717,13.046,4.0739,6.8999,,,,
2195,73.167,,,,16.988,16.514,15.717,13.046,,,,,,
2196,73.2,2.694,2.763,bbox,16.988,16.514,15.867,13.046,4.0453,6.8311,0.7592,,0.6456,
2197,73.233,2.643,2.72,bbox,16.988,16.514,15.926,13.046,4.0551,6.799,,,,
2198,73.267,2.636,2.694,bbox,16.988,16.514,15.994,13.046,4.0724,6.8026,,,,
2199,73.3,2.613,2.643,bbox,16.988,16.514,15.994,13.046,4.0782,6.8102,0.8226,,0.4551,
2200,73.333,2.633,2.636,bbox,16.988,16.514,15.994,13.046,4.0925,6.8426,,,,
2201,73.367,,,,16.988,16.514,15.994,13.046,,,,,,
2202,73.4,,,,16.988,16.514,15.994,13.046,,,,,,
2203,73.433,,,,16.988,16.514,15.994,13.046,,,,,,
2204,73.467,,,,16.988,16.514,15.994,13.046,,,,,,
2205,73.5,,,,16.988,16.514,15.994,13.046,,,,,,
2206,73.533,,,,16.988,16.514,15.994,13.046,,,,,,
2207,73.567,,,,16.988,16.514,15.994,13.046,,,,,,
2208,73.6,,,,16.988,16.514,15.994,13.046,,,,,,
2209,73.633,,,,16.988,16.514,15.994,13.046,,,,,,
2210,73.667,,,,16.988,16.514,15.994,13.046,,,,,,
2211,73.7,,,,16.988,16.514,15.994,13.046,,,,,,
2212,73.733,,,,16.988,16.514,15.994,13.046,,,,,,
2213,73.767,,,,16.988,16.514,15.994,13.046,,,,,,
2214,73.8,,,,16.988,16.514,15.994,13.046,,,,,,
2215,73.833,,,,16.988,16.514,15.994,13.046,,,,,,
2216,73.867,,,,16.988,16.514,15.994,13.046,,,,,,
2217,73.9,,,,16.988,16.514,15.994,13.046,,,,,,
2218,73.933,,,,16.988,16.514,15.994,13.046,,,,,,
2219,73.967,,,,16.988,16.514,15.994,13.046,,,,,,
2220,74.0,,,,16.988,16.514,15.994,13.046,,,,,,
2221,74.033,,,,16.988,16.514,15.994,13.046,,,,,,
2222,74.067,,,,16.988,16.514,15.994,13.046,,,,,,
2223,74.1,,,,16.988,16.514,15.994,13.046,,,,,,
2224,74.133,,,,16.988,16.514,15.994,13.046,,,,,,
2225,74.167,3.348,2.636,bbox,16.988,16.514,15.994,13.046,4.0281,7.4257,,,,
2226,74.2,,,,16.988,16.514,15.994,13.046,,,,,,
2227,74.233,,,,16.988,16.514,15.994,13.046,,,,,,
2228,74.267,,,,16.988,16.514,15.994,13.046,,,,,,
2229,74.3,,,,16.988,16.514,15.994,13.046,,,,,,
2230,74.333,,,,16.988,16.514,15.994,13.046,,,,,,
2231,74.367,,,,16.988,16.514,15.994,13.046,,,,,,
2232,74.4,,,,16.988,16.514,15.994,13.046,,,,,,
2233,74.433,,,,16.988,16.514,15.994,13.046,,,,,,
2234,74.467,,,,16.988,16.514,15.994,13.046,,,,,,
2235,74.5,,,,16.988,16.514,15.994,13.046,,,,,,
2236,74.533,,,,16.988,16.514,15.994,13.046,,,,,,
2237,74.567,,,,16.988,16.514,15.994,13.046,,,,,,
2238,74.6,,,,16.988,16.514,15.994,13.046,,,,,,
2239,74.633,3.037,2.636,bbox,16.988,16.514,15.994,13.046,3.7645,6.9271,,,,
2240,74.667,,,,16.988,16.514,15.994,13.046,,,,,,
2241,74.7,3.053,3.037,bbox,16.988,16.56,15.994,13.118,3.7665,6.9039,,,,
2242,74.733,,,,16.988,16.56,15.994,13.118,,,,,,
2243,74.767,,,,16.988,16.56,15.994,13.118,,,,,,
2244,74.8,,,,16.988,16.56,15.994,13.118,,,,,,
2245,74.833,,,,16.988,16.56,15.994,13.118,,,,,,
2246,74.867,,,,16.988,16.56,15.994,13.118,,,,,,
2247,74.9,,,,16.988,16.56,15.994,13.118,,,,,,
2248,74.933,,,,16.988,16.56,15.994,13.118,,,,,,
2249,74.967,,,,16.988,16.56,15.994,13.118,,,,,,
2250,75.0,,,,16.988,16.56,15.994,13.118,,,,,,
2251,75.033,,,,16.988,16.56,15.994,13.118,,,,,,
2252,75.067,,,,16.988,16.56,15.994,13.118,,,,,,
2253,75.1,,,,16.988,16.56,15.994,13.118,,,,,,
2254,75.133,,,,16.988,16.56,15.994,13.118,,,,,,
2255,75.167,,,,16.988,16.56,15.994,13.118,,,,,,
2256,75.2,3.113,3.053,bbox,16.988,16.71,15.994,13.118,3.7867,6.7701,0.4756,,-0.4732,
2257,75.233,3.067,3.067,bbox,16.988,16.71,15.994,13.118,3.7928,6.7495,,,,
2258,75.267,3.038,3.053,bbox,16.988,16.71,16.128,13.118,3.7974,6.7182,,,,
2259,75.3,3.0,3.053,bbox,16.988,16.71,16.128,13.118,3.803,6.6994,0.2386,,-0.305,
2260,75.333,,,,16.988,16.71,16.128,13.118,,,,,,
2261,75.367,,,,16.988,16.71,16.128,13.118,,,,,,
2262,75.4,,,,16.988,16.71,16.128,13.118,,,,,,
2263,75.433,,,,16.988,16.71,16.128,13.118,,,,,,
2264,75.467,,,,16.988,16.71,16.128,13.118,,,,,,
2265,75.5,,,,16.988,16.71,16.128,13.118,,,,,,
2266,75.533,2.781,3.038,bbox,16.988,16.71,16.18,13.118,3.8329,6.5369,,,,
2267,75.567,2.764,3.0,bbox,16.988,16.71,16.18,13.118,3.8476,6.5169,,,,
2268,75.6,2.806,2.806,bbox,17.034,16.71,16.349,13.118,3.8648,6.5499,0.9178,,0.6227,
2269,75.633,2.837,2.806,bbox,17.034,16.71,16.349,13.118,3.8545,6.5449,,,,
2270,75.667,2.839,2.806,bbox,17.034,16.71,16.349,13.118,3.8485,6.5483,,,,
2271,75.7,2.842,2.837,bbox,17.034,16.71,16.349,13.118,3.8277,6.571,0.4273,,0.633,
2272,75.733,,,,17.034,16.71,16.349,13.118,,,,,,
2273,75.767,2.953,2.839,bbox,17.034,16.71,16.349,13.118,3.75,6.6338,,,,
2274,75.8,3.013,2.842,bbox,17.034,16.71,16.349,13.118,3.7025,6.6608,0.9449,,0.7037,
2275,75.833,3.04,2.953,bbox,17.034,16.793,16.349,13.202,3.684,6.6826,,,,
2276,75.867,3.009,3.009,bbox,17.034,16.841,16.349,13.202,3.6604,6.7027,,,,
2277,75.9,,,,17.034,16.841,16.349,13.202,,,,,,
2278,75.933,,,,17.034,16.841,16.349,13.202,,,,,,
2279,75.967,,,,17.034,16.841,16.349,13.202,,,,,,
2280,76.0,,,,17.034,16.841,16.349,13.202,,,,,,
2281,76.033,,,,17.034,16.841,16.349,13.202,,,,,,
2282,76.067,,,,17.034,16.841,16.349,13.202,,,,,,
2283,76.1,3.304,3.013,bbox,17.034,16.841,16.349,13.251,3.5411,6.9594,0.8829,,0.6903,
2284,76.133,3.334,3.04,bbox,17.034,16.883,16.349,13.251,3.5436,6.997,,,,
2285,76.167,3.363,3.304,bbox,17.034,17.0,16.349,13.421,3.5371,7.0338,,,,
2286,76.2,2.831,3.304,pose,17.034,17.0,16.349,13.459,3.5296,7.0586,0.7642,0.7096,0.7572,0.7063
2287,76.233,3.418,3.334,bbox,17.034,17.0,16.349,13.496,3.5199,7.0789,,,,
2288,76.267,3.432,3.363,bbox,17.034,17.0,16.349,13.496,3.5195,7.1189,,,,
2289,76.3,3.199,3.363,pose,17.034,17.0,16.349,13.541,3.5078,7.139,0.5134,0.6038,0.7382,0.741
2290,76.333,,,,17.034,17.0,16.349,13.541,,,,,,
2291,76.367,,,,17.034,17.0,16.349,13.541,,,,,,
2292,76.4,,,,17.034,17.0,16.349,13.541,,,,,,
2293,76.433,,,,17.034,17.0,16.349,13.541,,,,,,
2294,76.467,,,,17.034,17.0,16.349,13.541,,,,,,
2295,76.5,,,,17.034,17.0,16.349,13.541,,,,,,
2296,76.533,,,,17.034,17.0,16.349,13.541,,,,,,
2297,76.567,,,,17.034,17.0,16.349,13.541,,,,,,
2298,76.6,,,,17.034,17.0,16.349,13.541,,,,,,
2299,76.633,,,,17.034,17.0,16.349,13.541,,,,,,
2300,76.667,,,,17.034,17.0,16.349,13.541,,,,,,
2301,76.7,,,,17.034,17.0,16.349,13.541,,,,,,
2302,76.733,,,,17.034,17.0,16.349,13.541,,,,,,
2303,76.767,,,,17.034,17.0,16.349,13.541,,,,,,
2304,76.8,,,,17.034,17.0,16.349,13.541,,,,,,
2305,76.833,,,,17.034,17.0,16.349,13.541,,,,,,
2306,76.867,,,,17.034,17.0,16.349,13.541,,,,,,
2307,76.9,,,,17.034,17.0,16.349,13.541,,,,,,
2308,76.933,3.236,3.236,bbox,17.034,17.0,16.349,13.541,3.6057,6.8282,,,,
2309,76.967,3.197,3.236,bbox,17.034,17.0,16.349,13.541,3.6247,6.8094,,,,
2310,77.0,2.865,3.199,pose,17.096,17.0,16.499,13.541,3.6202,6.7744,0.1243,0.0444,0.0314,0.5133
2311,77.033,3.081,3.197,bbox,17.096,17.0,16.499,13.541,3.6281,6.7184,,,,
2312,77.067,2.966,3.081,bbox,17.096,17.0,16.552,13.541,3.6509,6.6541,,,,
2313,77.1,,,,17.096,17.0,16.552,13.541,,,,,,
2314,77.133,2.96,2.966,bbox,17.096,17.0,16.608,13.541,3.6653,6.5509,,,,
2315,77.167,,,,17.096,17.0,16.608,13.541,,,,,,
2316,77.2,,,,17.096,17.0,16.608,13.541,,,,,,
2317,77.233,2.96,2.96,bbox,17.141,17.0,16.673,13.541,3.7485,6.512,,,,
2318,77.267,2.916,2.96,bbox,17.141,17.0,16.776,13.541,3.7678,6.518,,,,
2319,77.3,2.888,2.96,bbox,17.239,17.0,16.776,13.541,3.7776,6.5245,0.8742,,0.6806,
2320,77.333,2.896,2.916,bbox,17.239,17.0,16.776,13.541,3.7906,6.5627,,,,
2321,77.367,2.874,2.896,bbox,17.239,17.0,16.776,13.541,3.7931,6.5597,,,,
2322,77.4,2.854,2.888,bbox,17.281,17.0,16.776,13.541,3.7974,6.5561,0.7724,,0.638,
2323,77.433,2.837,2.874,bbox,17.281,17.0,16.776,13.541,3.8077,6.5662,,,,
2324,77.467,2.83,2.854,bbox,17.281,17.0,16.776,13.541,3.8092,6.5521,,,,
2325,77.5,2.869,2.854,bbox,17.281,17.0,16.776,13.541,3.8094,6.5352,0.853,,0.6132,
2326,77.533,2.847,2.847,bbox,17.281,17.0,16.776,13.541,3.8083,6.5341,,,,
2327,77.567,2.811,2.837,bbox,17.281,17.0,16.776,13.541,3.8149,6.5202,,,,
2328,77.6,2.815,2.83,bbox,17.281,17.0,16.776,13.541,3.8181,6.5231,0.8178,,0.7275,
2329,77.633,2.767,2.815,bbox,17.281,17.0,16.776,13.541,3.8205,6.5032,,,,
2330,77.667,2.693,2.811,bbox,17.281,17.0,16.807,13.541,3.824,6.4879,,,,
2331,77.7,2.686,2.767,bbox,17.281,17.0,16.807,13.541,3.8266,6.4513,0.8309,,0.6883,
2332,77.733,2.64,2.693,bbox,17.315,17.0,16.839,13.541,3.8254,6.4253,,,,
2333,77.767,2.535,2.686,bbox,17.315,17.0,16.875,13.541,3.8282,6.3741,,,,
2334,77.8,,,,17.315,17.0,16.875,13.541,,,,,,
2335,77.833,2.473,2.64,bbox,17.315,17.0,16.875,13.541,3.8273,6.3164,,,,
2336,77.867,2.46,2.535,bbox,17.315,17.0,16.953,13.541,3.8196,6.2977,,,,
2337,77.9,1.878,2.473,pose,17.315,17.0,17.01,13.541,3.8001,6.2979,0.8776,0.4316,0.5523,0.3892
2338,77.933,2.455,2.46,bbox,17.315,17.0,17.01,13.541,3.7877,6.2877,,,,
2339,77.967,2.469,2.46,bbox,17.315,17.0,17.01,13.541,3.7881,6.3165,,,,
2340,78.0,1.815,2.455,pose,17.315,17.035,17.01,13.541,3.7802,6.3649,0.8063,0.8735,0.7006,0.6527
2341,78.033,2.505,2.455,bbox,17.315,17.035,17.01,13.541,3.7588,6.3754,,,,
2342,78.067,2.529,2.469,bbox,17.315,17.035,17.01,13.589,3.7452,6.4018,,,,
2343,78.1,,,,17.315,17.035,17.01,13.589,,,,,,
2344,78.133,,,,17.315,17.035,17.01,13.589,,,,,,
2345,78.167,,,,17.315,17.035,17.01,13.589,,,,,,
2346,78.2,,,,17.315,17.035,17.01,13.589,,,,,,
2347,78.233,,,,17.315,17.035,17.01,13.589,,,,,,
2348,78.267,,,,17.315,17.035,17.01,13.589,,,,,,
2349,78.3,,,,17.315,17.035,17.01,13.589,,,,,,
2350,78.333,,,,17.315,17.035,17.01,13.589,,,,,,
2351,78.367,,,,17.315,17.035,17.01,13.589,,,,,,
2352,78.4,3.234,2.505,bbox,17.315,17.035,17.01,13.589,3.6258,6.6856,,,,
2353,78.433,,,,17.315,17.035,17.01,13.589,,,,,,
2354,78.467,3.219,2.529,bbox,17.315,17.078,17.01,13.626,3.6192,6.7119,,,,
2355,78.5,,,,17.315,17.078,17.01,13.626,,,,,,
2356,78.533,3.179,3.179,bbox,17.315,17.198,17.01,13.776,3.6245,6.8342,,,,
2357,78.567,3.122,3.179,bbox,17.315,17.198,17.01,13.776,3.6122,6.7011,,,,
2358,78.6,,,,17.315,17.198,17.01,13.776,,,,,,
2359,78.633,,,,17.315,17.198,17.01,13.776,,,,,,
2360,78.667,,,,17.315,17.198,17.01,13.776,,,,,,
2361,78.7,,,,17.315,17.198,17.01,13.776,,,,,,
2362,78.733,,,,17.315,17.198,17.01,13.776,,,,,,
2363,78.767,3.369,3.219,bbox,17.315,17.198,17.01,13.776,3.5925,6.9014,,,,
2364,78.8,3.393,3.219,bbox,17.315,17.198,17.01,13.925,3.5851,6.8932,0.7402,,0.6535,
2365,78.833,,,,17.315,17.198,17.01,13.925,,,,,,
2366,78.867,3.295,3.295,bbox,17.315,17.198,17.01,13.984,3.6457,6.8944,,,,
2367,78.9,3.231,3.295,bbox,17.315,17.198,17.01,13.984,3.6937,6.8727,0.1614,,0.9101,
2368,78.933,3.218,3.295,bbox,17.315,17.198,17.01,13.984,3.7179,6.8548,,,,
2369,78.967,3.191,3.231,bbox,17.382,17.198,17.01,13.984,3.7268,6.8276,,,,
2370,79.0,3.172,3.218,bbox,17.382,17.198,17.049,13.984,3.7321,6.7929,,,,
2371,79.033,3.155,3.191,bbox,17.413,17.198,17.049,13.984,3.7246,6.7592,,,,
2372,79.067,3.116,3.172,bbox,17.413,17.198,17.111,13.984,3.7182,6.6888,,,,
2373,79.1,3.037,3.155,bbox,17.413,17.198,17.144,13.984,3.7378,6.6668,0.182,,0.6241,
2374,79.133,3.048,3.116,bbox,17.413,17.198,17.215,13.984,3.7491,6.6599,,,,
2375,79.167,3.021,3.048,bbox,17.413,17.198,17.215,13.984,3.7812,6.6415,,,,
2376,79.2,2.945,3.037,bbox,17.413,17.198,17.215,13.984,3.7973,6.6142,0.8579,,0.6439,
2377,79.233,2.829,3.021,bbox,17.47,17.198,17.262,13.984,3.8277,6.6103,,,,
2378,79.267,2.796,2.945,bbox,17.47,17.198,17.262,13.984,3.8464,6.6154,,,,
2379,79.3,2.753,2.829,bbox,17.516,17.198,17.262,13.984,3.8602,6.616,0.2486,,0.7206,
2380,79.333,2.755,2.796,bbox,17.516,17.198,17.262,13.984,3.8621,6.6231,,,,
2381,79.367,2.804,2.796,bbox,17.549,17.198,17.262,13.984,3.8667,6.648,,,,
2382,79.4,2.856,2.796,bbox,17.549,17.198,17.262,13.984,3.8876,6.6914,0.2392,,0.5126,
2383,79.433,2.885,2.804,bbox,17.549,17.198,17.262,13.984,3.9024,6.6868,,,,
2384,79.467,2.913,2.856,bbox,17.549,17.198,17.262,13.984,3.918,6.6629,,,,
2385,79.5,2.916,2.885,bbox,17.591,17.198,17.262,13.984,3.9367,6.671,0.9856,,0.5634,
2386,79.533,2.85,2.885,bbox,17.591,17.198,17.262,13.984,3.9577,6.6611,,,,
2387,79.567,2.843,2.885,bbox,17.626,17.198,17.262,13.984,3.9621,6.6687,,,,
2388,79.6,2.851,2.851,bbox,17.626,17.198,17.262,13.984,3.9594,6.6827,0.9434,,0.5076,
2389,79.633,2.82,2.85,bbox,17.626,17.198,17.262,13.984,3.9618,6.6731,,,,
2390,79.667,2.798,2.843,bbox,17.626,17.198,17.262,14.015,3.9692,6.6848,,,,
2391,79.7,3.084,2.843,pose,17.626,17.198,17.262,14.015,3.9659,6.6927,0.938,0.0029,0.6256,-0.2
2392,79.733,2.783,2.82,bbox,17.626,17.198,17.262,14.015,3.9723,6.6727,,,,
2393,79.767,2.719,2.798,bbox,17.626,17.198,17.262,14.015,3.9622,6.6068,,,,
2394,79.8,2.549,2.783,bbox,17.658,17.198,17.262,14.015,4.0389,6.5586,0.8298,,0.7046,
2395,79.833,2.489,2.719,bbox,17.658,17.198,17.328,14.015,4.0588,6.4987,,,,
2396,79.867,2.468,2.549,bbox,17.728,17.198,17.377,14.015,4.0461,6.4279,,,,
2397,79.9,2.741,2.549,pose,17.728,17.198,17.436,14.015,4.0484,6.3912,0.8373,0.117,0.6591,-0.119
2398,79.933,2.434,2.489,bbox,17.728,17.198,17.507,14.015,4.0479,6.3696,,,,
2399,79.967,2.388,2.468,bbox,17.728,17.198,17.544,14.015,4.0334,6.3275,,,,
2400,80.0,1.648,2.434,pose,17.728,17.198,17.544,14.015,4.0449,6.3128,0.8681,0.0482,0.5605,0.6474
2401,80.033,2.343,2.388,bbox,17.728,17.198,17.605,14.015,4.0621,6.3299,,,,
2402,80.067,2.425,2.388,bbox,17.728,17.198,17.605,14.015,4.0658,6.3597,,,,
2403,80.1,2.412,2.388,bbox,17.728,17.198,17.605,14.015,4.0411,6.3612,0.9661,,0.5934,
2404,80.133,2.381,2.381,bbox,17.728,17.198,17.605,14.015,4.0323,6.3623,,,,
2405,80.167,2.277,2.381,bbox,17.728,17.198,17.605,14.015,4.0219,6.3412,,,,
2406,80.2,7.076,2.412,pose,17.728,17.198,17.605,14.015,3.997,6.3544,0.8942,0.0346,0.6808,-0.4033
2407,80.233,,,,17.728,17.198,17.605,14.015,,,,,,
2408,80.267,,,,17.728,17.198,17.605,14.015,,,,,,
2409,80.3,,,,17.728,17.198,17.605,14.015,,,,,,
2410,80.333,2.614,2.412,bbox,17.728,17.198,17.605,14.047,3.8625,6.4505,,,,
2411,80.367,2.649,2.614,bbox,17.728,17.24,17.605,14.047,3.8466,6.4908,,,,
2412,80.4,2.752,2.649,pose,17.728,17.374,17.605,14.136,3.8343,6.5894,0.454,0.1682,0.7585,0.6207
2413,80.433,,,,17.728,17.374,17.605,14.136,,,,,,
2414,80.467,,,,17.728,17.374,17.605,14.136,,,,,,
2415,80.5,2.94,2.752,bbox,17.728,17.374,17.605,14.176,3.8312,6.7024,0.0908,,0.7428,
2416,80.533,3.009,2.752,bbox,17.728,17.374,17.605,14.275,3.8353,6.7401,,,,
2417,80.567,3.05,2.94,bbox,17.728,17.374,17.605,14.388,3.8492,6.7849,,,,
2418,80.6,3.567,3.009,pose,17.728,17.374,17.605,14.425,3.855,6.7913,0.0723,0.0169,0.5405,1.2218
2419,80.633,3.071,3.05,bbox,17.728,17.374,17.605,14.47,3.8608,6.8028,,,,
2420,80.667,3.016,3.05,bbox,17.728,17.374,17.605,14.47,3.8767,6.7838,,,,
2421,80.7,,,,17.728,17.374,17.605,14.47,,,,,,
2422,80.733,,,,17.728,17.374,17.605,14.47,,,,,,
2423,80.767,2.72,3.05,bbox,17.728,17.374,17.605,14.47,3.9079,6.6079,,,,
2424,80.8,6.17,3.071,pose,17.728,17.374,17.605,14.47,3.9317,6.4427,0.7373,0.1447,0.7302,0.3236
2425,80.833,2.438,3.016,bbox,17.773,17.374,17.756,14.47,3.9514,6.3603,,,,
2426,80.867,2.454,2.72,bbox,17.773,17.374,17.906,14.47,3.9614,6.3625,,,,
2427,80.9,,,,17.773,17.374,17.906,14.47,,,,,,
2428,80.933,2.435,2.454,bbox,17.817,17.374,17.987,14.47,3.9937,6.2995,,,,
2429,80.967,2.455,2.454,bbox,17.817,17.374,17.987,14.47,4.0046,6.2808,,,,
2430,81.0,,,,17.817,17.374,17.987,14.47,,,,,,
2431,81.033,,,,17.817,17.374,17.987,14.47,,,,,,
2432,81.067,,,,17.817,17.374,17.987,14.47,,,,,,
2433,81.1,,,,17.817,17.374,17.987,14.47,,,,,,
2434,81.133,2.241,2.438,bbox,17.859,17.374,18.05,14.47,4.066,5.9573,,,,
2435,81.167,,,,17.859,17.374,18.05,14.47,,,,,,
2436,81.2,,,,17.859,17.374,18.05,14.47,,,,,,
2437,81.233,,,,17.859,17.374,18.05,14.47,,,,,,
2438,81.267,,,,17.859,17.374,18.05,14.47,,,,,,
2439,81.3,2.137,2.435,bbox,17.859,17.374,18.05,14.47,3.84,5.5652,0.0643,,0.6748,
2440,81.333,,,,17.859,17.374,18.05,14.47,,,,,,
2441,81.367,,,,17.859,17.374,18.05,14.47,,,,,,
2442,81.4,2.236,2.241,bbox,17.859,17.374,18.218,14.47,3.6061,5.6232,0.0252,,0.8235,
2443,81.433,2.381,2.241,bbox,17.859,17.524,18.368,14.47,3.465,5.6685,,,,
2444,81.467,2.575,2.241,bbox,17.859,17.674,18.368,14.47,3.3459,5.6862,,,,
2445,81.5,,,,17.859,17.674,18.368,14.47,,,,,,
2446,81.533,,,,17.859,17.674,18.368,14.47,,,,,,
2447,81.567,,,,17.859,17.674,18.368,14.47,,,,,,
2448,81.6,,,,17.859,17.674,18.368,14.47,,,,,,
2449,81.633,,,,17.859,17.674,18.368,14.47,,,,,,
2450,81.667,,,,17.859,17.674,18.368,14.47,,,,,,
2451,81.7,,,,17.859,17.674,18.368,14.47,,,,,,
2452,81.733,,,,17.859,17.674,18.368,14.47,,,,,,
2453,81.767,,,,17.859,17.674,18.368,14.47,,,,,,
2454,81.8,,,,17.859,17.674,18.368,14.47,,,,,,
2455,81.833,,,,17.859,17.674,18.368,14.47,,,,,,
2456,81.867,,,,17.859,17.674,18.368,14.47,,,,,,
2457,81.9,2.688,2.381,pose,17.859,17.815,18.368,14.47,2.4796,6.1934,0.7206,0.8301,0.6569,0.702
2458,81.933,3.637,2.575,bbox,17.859,17.934,18.368,14.47,2.4222,6.2275,,,,
2459,81.967,3.808,2.688,bbox,17.859,18.084,18.368,14.638,2.3651,6.272,,,,
2460,82.0,3.643,3.637,pose,17.859,18.142,18.368,14.672,2.2839,6.3211,0.0346,0.4316,0.6259,0.7309
2461,82.033,4.01,3.643,bbox,17.859,18.199,18.368,14.717,2.1841,6.3837,,,,
2462,82.067,4.183,3.808,bbox,17.859,18.28,18.368,14.766,2.0601,6.4843,,,,
2463,82.1,4.224,4.01,bbox,17.859,18.38,18.368,14.828,2.0062,6.5278,0.0261,,0.7361,
2464,82.133,4.399,4.183,bbox,17.859,18.504,18.368,14.929,1.9157,6.6459,,,,
2465,82.167,4.484,4.224,bbox,17.859,18.558,18.368,14.972,1.8822,6.7134,,,,
2466,82.2,,,,17.859,18.558,18.368,14.972,,,,,,
2467,82.233,4.744,4.399,bbox,17.859,18.648,18.368,15.09,1.8271,6.8616,,,,
2468,82.267,4.868,4.484,bbox,17.859,18.682,18.368,15.158,1.8084,6.9754,,,,
2469,82.3,4.961,4.744,bbox,17.859,18.737,18.368,15.306,1.7328,7.0047,0.1939,,0.5049,
2470,82.333,4.989,4.868,bbox,17.859,18.737,18.368,15.42,1.6542,7.0423,,,,
2471,82.367,5.183,4.961,bbox,17.859,18.831,18.368,15.42,1.5851,7.0843,,,,
2472,82.4,4.879,4.961,pose,17.859,18.91,18.368,15.487,1.479,7.112,0.0612,0.5208,0.5917,0.789
2473,82.433,5.468,4.989,bbox,17.859,18.979,18.368,15.529,1.405,7.1583,,,,
2474,82.467,5.442,5.183,bbox,17.859,19.085,18.368,15.529,1.3512,7.2048,,,,
2475,82.5,5.507,5.442,bbox,17.859,19.159,18.368,15.603,1.3048,7.2421,0.3179,,0.478,
2476,82.533,5.559,5.468,bbox,17.859,19.213,18.368,15.649,1.2554,7.2915,,,,
2477,82.567,5.69,5.507,bbox,17.859,19.259,18.368,15.687,1.1944,7.3455,,,,
2478,82.6,5.582,5.559,pose,17.859,19.309,18.368,15.736,1.1486,7.408,0.3314,0.0237,0.7,0.7305
2479,82.633,,,,17.859,19.309,18.368,15.736,,,,,,
2480,82.667,,,,17.859,19.309,18.368,15.736,,,,,,
2481,82.7,6.559,5.582,pose,17.859,19.37,18.368,15.79,0.933,7.6027,0.0186,0.527,0.1873,0.7309
2482,82.733,6.961,5.69,bbox,17.859,19.415,18.368,15.852,0.8608,7.6799,,,,
2483,82.767,7.011,6.559,bbox,17.859,19.565,18.368,16.002,0.7918,7.7195,,,,
2484,82.8,6.128,6.559,pose,17.859,19.638,18.368,16.08,0.7425,7.7642,0.1189,0.7335,0.7157,0.6869
2485,82.833,6.562,6.562,bbox,17.859,19.707,18.368,16.119,0.7454,7.7767,,,,
2486,82.867,6.74,6.74,bbox,17.859,19.753,18.368,16.164,0.6958,7.8078,,,,
2487,82.9,6.734,6.734,bbox,17.859,19.753,18.368,16.164,0.6761,7.8225,0.2148,,0.7562,
2488,82.933,6.89,6.734,bbox,17.859,19.803,18.368,16.208,0.6457,7.8555,,,,
2489,82.967,7.032,6.74,bbox,17.859,19.803,18.368,16.208,0.6226,7.8981,,,,
2490,83.0,6.687,6.74,pose,17.859,19.853,18.368,16.255,0.5905,7.984,0.5131,0.3103,0.809,0.7158
2491,83.033,7.075,6.89,bbox,17.859,19.853,18.368,16.298,0.5666,8.0487,,,,
2492,83.067,7.144,7.032,bbox,17.859,19.908,18.368,16.384,0.5178,8.1012,,,,
2493,83.1,7.217,7.075,bbox,17.859,19.908,18.368,16.448,0.4952,8.1459,0.0007,,0.5295,
2494,83.133,7.321,7.144,bbox,17.859,19.981,18.368,16.501,0.4769,8.1993,,,,
2495,83.167,7.554,7.217,bbox,17.859,19.981,18.368,16.546,0.4695,8.3023,,,,
2496,83.2,7.292,7.292,pose,17.859,20.022,18.368,16.599,0.4364,8.3302,0.3616,0.1586,0.544,0.6446
2497,83.233,7.735,7.321,bbox,17.859,20.022,18.368,16.702,0.4027,8.3754,,,,
2498,83.267,7.813,7.554,bbox,17.859,20.062,18.368,16.702,0.3586,8.3943,,,,
2499,83.3,,,,17.859,20.062,18.368,16.702,,,,,,
2500,83.333,,,,17.859,20.062,18.368,16.702,,,,,,
2501,83.367,,,,17.859,20.062,18.368,16.702,,,,,,
2502,83.4,,,,17.859,20.062,18.368,16.702,,,,,,
2503,83.433,,,,17.859,20.062,18.368,16.702,,,,,,
2504,83.467,,,,17.859,20.062,18.368,16.702,,,,,,
2505,83.5,,,,17.859,20.062,18.368,16.702,,,,,,
2506,83.533,,,,17.859,20.062,18.368,16.702,,,,,,
2507,83.567,,,,17.859,20.062,18.368,16.702,,,,,,
2508,83.6,,,,17.859,20.062,18.368,16.702,,,,,,
2509,83.633,,,,17.859,20.062,18.368,16.702,,,,,,
2510,83.667,,,,17.859,20.062,18.368,16.702,,,,,,
2511,83.7,,,,17.859,20.062,18.368,16.702,,,,,,
2512,83.733,,,,17.859,20.062,18.368,16.702,,,,,,
2513,83.767,,,,17.859,20.062,18.368,16.702,,,,,,
2514,83.8,,,,17.859,20.062,18.368,16.702,,,,,,
2515,83.833,,,,17.859,20.062,18.368,16.702,,,,,,
2516,83.867,,,,17.859,20.062,18.368,16.702,,,,,,
2517,83.9,,,,17.859,20.062,18.368,16.702,,,,,,
2518,83.933,,,,17.859,20.062,18.368,16.702,,,,,,
2519,83.967,,,,17.859,20.062,18.368,16.702,,,,,,
2520,84.0,,,,17.859,20.062,18.368,16.702,,,,,,
2521,84.033,,,,17.859,20.062,18.368,16.702,,,,,,
2522,84.067,,,,17.859,20.062,18.368,16.702,,,,,,
2523,84.1,,,,17.859,20.062,18.368,16.702,,,,,,
2524,84.133,,,,17.859,20.062,18.368,16.702,,,,,,
2525,84.167,,,,17.859,20.062,18.368,16.702,,,,,,
2526,84.2,,,,17.859,20.062,18.368,16.702,,,,,,
2527,84.233,,,,17.859,20.062,18.368,16.702,,,,,,
2528,84.267,,,,17.859,20.062,18.368,16.702,,,,,,
2529,84.3,,,,17.859,20.062,18.368,16.702,,,,,,
2530,84.333,,,,17.859,20.062,18.368,16.702,,,,,,
2531,84.367,,,,17.859,20.062,18.368,16.702,,,,,,
2532,84.4,,,,17.859,20.062,18.368,16.702,,,,,,
2533,84.433,,,,17.859,20.062,18.368,16.702,,,,,,
2534,84.467,,,,17.859,20.062,18.368,16.702,,,,,,
2535,84.5,,,,17.859,20.062,18.368,16.702,,,,,,
2536,84.533,,,,17.859,20.062,18.368,16.702,,,,,,
2537,84.567,,,,17.859,20.062,18.368,16.702,,,,,,
2538,84.6,,,,17.859,20.062,18.368,16.702,,,,,,
2539,84.633,,,,17.859,20.062,18.368,16.702,,,,,,
2540,84.667,,,,17.859,20.062,18.368,16.702,,,,,,
2541,84.7,,,,17.859,20.062,18.368,16.702,,,,,,
2542,84.733,,,,17.859,20.062,18.368,16.702,,,,,,
2543,84.767,,,,17.859,20.062,18.368,16.702,,,,,,
2544,84.8,,,,17.859,20.062,18.368,16.702,,,,,,
2545,84.833,,,,17.859,20.062,18.368,16.702,,,,,,
2546,84.867,,,,17.859,20.062,18.368,16.702,,,,,,
2547,84.9,,,,17.859,20.062,18.368,16.702,,,,,,
2548,84.933,,,,17.859,20.062,18.368,16.702,,,,,,
2549,84.967,,,,17.859,20.062,18.368,16.702,,,,,,
2550,85.0,,,,17.859,20.062,18.368,16.702,,,,,,
2551,85.033,,,,17.859,20.062,18.368,16.702,,,,,,
2552,85.067,,,,17.859,20.062,18.368,16.702,,,,,,
2553,85.1,,,,17.859,20.062,18.368,16.702,,,,,,
2554,85.133,,,,17.859,20.062,18.368,16.702,,,,,,
2555,85.167,,,,17.859,20.062,18.368,16.702,,,,,,
2556,85.2,,,,17.859,20.062,18.368,16.702,,,,,,
2557,85.233,,,,17.859,20.062,18.368,16.702,,,,,,
2558,85.267,,,,17.859,20.062,18.368,16.702,,,,,,
2559,85.3,,,,17.859,20.062,18.368,16.702,,,,,,
2560,85.333,,,,17.859,20.062,18.368,16.702,,,,,,
2561,85.367,,,,17.859,20.062,18.368,16.702,,,,,,
2562,85.4,,,,17.859,20.062,18.368,16.702,,,,,,
2563,85.433,,,,17.859,20.062,18.368,16.702,,,,,,
2564,85.467,,,,17.859,20.062,18.368,16.702,,,,,,
2565,85.5,,,,17.859,20.062,18.368,16.702,,,,,,
2566,85.533,,,,17.859,20.062,18.368,16.702,,,,,,
2567,85.567,,,,17.859,20.062,18.368,16.702,,,,,,
2568,85.6,,,,17.859,20.062,18.368,16.702,,,,,,
2569,85.633,,,,17.859,20.062,18.368,16.702,,,,,,
2570,85.667,,,,17.859,20.062,18.368,16.702,,,,,,
2571,85.7,,,,17.859,20.062,18.368,16.702,,,,,,
2572,85.733,,,,17.859,20.062,18.368,16.702,,,,,,
2573,85.767,,,,17.859,20.062,18.368,16.702,,,,,,
2574,85.8,,,,17.859,20.062,18.368,16.702,,,,,,
2575,85.833,,,,17.859,20.062,18.368,16.702,,,,,,
2576,85.867,,,,17.859,20.062,18.368,16.702,,,,,,
2577,85.9,,,,17.859,20.062,18.368,16.702,,,,,,
2578,85.933,,,,17.859,20.062,18.368,16.702,,,,,,
2579,85.967,,,,17.859,20.062,18.368,16.702,,,,,,
2580,86.0,,,,17.859,20.062,18.368,16.702,,,,,,
2581,86.033,,,,17.859,20.062,18.368,16.702,,,,,,
2582,86.067,,,,17.859,20.062,18.368,16.702,,,,,,
2583,86.1,,,,17.859,20.062,18.368,16.702,,,,,,
2584,86.133,,,,17.859,20.062,18.368,16.702,,,,,,
2585,86.167,,,,17.859,20.062,18.368,16.702,,,,,,
2586,86.2,,,,17.859,20.062,18.368,16.702,,,,,,
2587,86.233,,,,17.859,20.062,18.368,16.702,,,,,,
2588,86.267,,,,17.859,20.062,18.368,16.702,,,,,,
2589,86.3,,,,17.859,20.062,18.368,16.702,,,,,,
2590,86.333,,,,17.859,20.062,18.368,16.702,,,,,,
2591,86.367,,,,17.859,20.062,18.368,16.702,,,,,,
2592,86.4,,,,17.859,20.062,18.368,16.702,,,,,,
2593,86.433,,,,17.859,20.062,18.368,16.702,,,,,,
2594,86.467,,,,17.859,20.062,18.368,16.702,,,,,,
2595,86.5,,,,17.859,20.062,18.368,16.702,,,,,,
2596,86.533,,,,17.859,20.062,18.368,16.702,,,,,,
2597,86.567,,,,17.859,20.062,18.368,16.702,,,,,,
2598,86.6,,,,17.859,20.062,18.368,16.702,,,,,,
2599,86.633,,,,17.859,20.062,18.368,16.702,,,,,,
2600,86.667,,,,17.859,20.062,18.368,16.702,,,,,,
2601,86.7,,,,17.859,20.062,18.368,16.702,,,,,,
2602,86.733,,,,17.859,20.062,18.368,16.702,,,,,,
2603,86.767,,,,17.859,20.062,18.368,16.702,,,,,,
2604,86.8,,,,17.859,20.062,18.368,16.702,,,,,,
2605,86.833,,,,17.859,20.062,18.368,16.702,,,,,,
2606,86.867,5.776,7.554,bbox,17.859,20.062,18.368,16.702,1.9958,8.1936,,,,
2607,86.9,5.652,7.292,bbox,17.859,20.062,18.368,16.702,2.072,8.1801,0.036,,0.7792,
2608,86.933,5.633,5.776,bbox,18.009,20.062,18.477,16.702,2.1235,8.1911,,,,
2609,86.967,5.622,5.652,bbox,18.085,20.062,18.477,16.702,2.1776,8.1962,,,,
2610,87.0,5.688,5.652,bbox,18.137,20.062,18.477,16.702,2.2178,8.1883,0.1146,,0.7356,
2611,87.033,5.537,5.633,bbox,18.191,20.062,18.477,16.702,2.2642,8.162,,,,
2612,87.067,5.475,5.622,bbox,18.231,20.062,18.477,16.702,2.3176,8.1486,,,,
2613,87.1,4.945,5.537,pose,18.277,20.062,18.508,16.702,2.3563,8.1429,0.3749,0.1194,0.6845,-0.7492
2614,87.133,5.427,5.475,bbox,18.331,20.062,18.508,16.702,2.3832,8.1409,,,,
2615,87.167,5.397,5.427,bbox,18.369,20.062,18.508,16.702,2.406,8.1409,,,,
2616,87.2,4.576,5.397,pose,18.369,20.062,18.508,16.702,2.3943,8.1444,0.6831,0.1647,0.652,-0.6996
2617,87.233,5.396,5.396,bbox,18.407,20.062,18.508,16.702,2.4409,8.1492,,,,
2618,87.267,5.342,5.396,bbox,18.407,20.062,18.508,16.702,2.4658,8.1549,,,,
2619,87.3,5.353,5.353,bbox,18.454,20.062,18.508,16.702,2.4923,8.164,0.5263,,0.6969,
2620,87.333,5.331,5.342,bbox,18.454,20.062,18.508,16.702,2.5363,8.1738,,,,
2621,87.367,5.334,5.342,bbox,18.505,20.062,18.508,16.702,2.5947,8.1823,,,,
2622,87.4,,,,18.505,20.062,18.508,16.702,,,,,,
2623,87.433,5.319,5.334,bbox,18.549,20.062,18.508,16.702,2.684,8.2148,,,,
2624,87.467,,,,18.549,20.062,18.508,16.702,,,,,,
2625,87.5,5.228,5.331,bbox,18.608,20.062,18.508,16.702,2.7525,8.2316,0.0202,,0.7138,
2626,87.533,5.042,5.319,bbox,18.697,20.062,18.508,16.755,2.8551,8.2471,,,,
2627,87.567,,,,18.697,20.062,18.508,16.755,,,,,,
2628,87.6,,,,18.697,20.062,18.508,16.755,,,,,,
2629,87.633,5.014,5.228,bbox,18.766,20.062,18.508,16.755,2.9977,8.3391,,,,
2630,87.667,4.922,5.042,bbox,18.868,20.062,18.508,16.787,3.0558,8.371,,,,
2631,87.7,4.911,5.014,bbox,19.011,20.062,18.508,16.879,3.0803,8.3833,0.7487,,0.7084,
2632,87.733,,,,19.011,20.062,18.508,16.879,,,,,,
2633,87.767,,,,19.011,20.062,18.508,16.879,,,,,,
2634,87.8,,,,19.011,20.062,18.508,16.879,,,,,,
2635,87.833,,,,19.011,20.062,18.508,16.879,,,,,,
2636,87.867,,,,19.011,20.062,18.508,16.879,,,,,,
2637,87.9,,,,19.011,20.062,18.508,16.879,,,,,,
2638,87.933,,,,19.011,20.062,18.508,16.879,,,,,,
2639,87.967,,,,19.011,20.062,18.508,16.879,,,,,,
2640,88.0,,,,19.011,20.062,18.508,16.879,,,,,,
2641,88.033,4.849,4.922,bbox,19.069,20.062,18.508,16.911,3.3789,8.3753,,,,
2642,88.067,4.763,4.911,bbox,19.069,20.062,18.508,16.911,3.4,8.3601,,,,
2643,88.1,4.713,4.849,bbox,19.243,20.062,18.508,16.911,4.4491,8.3441,0.2366,,0.1185,
2644,88.133,4.639,4.763,bbox,19.243,20.062,18.508,16.911,4.4471,8.3096,,,,
2645,88.167,4.63,4.713,bbox,19.415,20.062,18.508,16.911,4.4394,8.2863,,,,
2646,88.2,4.626,4.639,bbox,19.415,20.062,18.57,16.911,4.4363,8.2627,0.0586,,0.0249,
2647,88.233,4.621,4.63,bbox,19.415,20.062,18.57,16.911,4.4319,8.2309,,,,
2648,88.267,4.592,4.626,bbox,19.415,20.062,18.617,16.911,4.4324,8.21,,,,
2649,88.3,4.531,4.621,bbox,19.415,20.062,18.649,16.911,4.4335,8.1878,0.1533,,0.2235,
2650,88.333,4.547,4.592,bbox,19.415,20.062,18.649,16.911,4.426,8.1901,,,,
2651,88.367,4.271,4.547,bbox,19.415,20.062,18.689,16.911,3.5824,8.15,,,,
2652,88.4,4.339,4.531,bbox,19.415,20.062,18.689,16.911,3.5895,8.1264,0.4198,,0.7327,
2653,88.433,4.312,4.339,bbox,19.415,20.226,18.729,16.911,3.5909,8.098,,,,
2654,88.467,4.285,4.312,bbox,19.415,20.226,18.729,16.911,3.5908,8.0844,,,,
2655,88.5,4.27,4.285,bbox,19.415,20.226,18.781,16.911,3.5868,8.072,0.4441,,0.7514,
2656,88.533,4.255,4.285,bbox,19.415,20.226,18.781,16.911,3.5844,8.0582,,,,
2657,88.567,4.231,4.27,bbox,19.415,20.226,18.781,16.911,3.581,8.0402,,,,
2658,88.6,4.209,4.255,bbox,19.415,20.226,18.821,16.911,3.5822,8.023,0.2012,,0.6219,
2659,88.633,4.209,4.231,bbox,19.415,20.226,18.821,16.911,3.5811,8.0017,,,,
2660,88.667,4.184,4.209,bbox,19.415,20.226,18.856,16.911,3.581,7.9893,,,,
2661,88.7,4.15,4.209,bbox,19.415,20.226,18.856,16.911,3.5813,7.9783,0.2522,,0.7671,
2662,88.733,4.145,4.184,bbox,19.415,20.226,18.89,16.911,3.5811,7.977,,,,
2663,88.767,4.116,4.15,bbox,19.415,20.226,18.89,16.911,3.5812,7.9746,,,,
2664,88.8,4.103,4.145,bbox,19.415,20.226,18.89,16.911,3.5721,7.9719,0.4532,,0.7538,
2665,88.833,4.099,4.116,bbox,19.415,20.226,18.89,16.911,3.5684,7.9672,,,,
2666,88.867,4.172,4.116,bbox,19.415,20.226,18.89,16.911,4.4518,7.9644,,,,
2667,88.9,4.149,4.116,bbox,19.415,20.226,18.89,16.911,4.4704,7.9625,0.0282,,-0.1646,
2668,88.933,4.146,4.146,bbox,19.555,20.226,18.89,16.911,4.478,7.9613,,,,
2669,88.967,4.097,4.146,bbox,19.555,20.226,18.89,16.911,3.5618,7.9603,,,,
2670,89.0,4.092,4.146,bbox,19.555,20.226,18.89,16.911,3.5622,7.96,0.4354,,0.7535,
2671,89.033,4.101,4.101,bbox,19.555,20.376,18.89,16.911,3.5621,7.9618,,,,
2672,89.067,4.113,4.101,bbox,19.555,20.376,18.89,16.911,3.5606,7.9625,,,,
2673,89.1,4.113,4.101,bbox,19.555,20.376,18.89,16.911,3.5604,7.9596,0.2282,,0.7463,
2674,89.133,4.12,4.113,bbox,19.555,20.376,18.89,16.911,3.5611,7.9585,,,,
2675,89.167,4.111,4.113,bbox,19.555,20.376,18.89,16.911,3.5602,7.9578,,,,
2676,89.2,4.107,4.113,bbox,19.555,20.376,18.921,16.911,3.5582,7.9542,,,,
2677,89.233,4.104,4.111,bbox,19.555,20.376,18.921,16.911,3.5606,7.9488,,,,
2678,89.267,4.114,4.111,bbox,19.555,20.376,18.921,16.911,3.5572,7.9486,,,,
2679,89.3,4.088,4.107,bbox,19.555,20.376,18.921,16.911,3.565,7.9465,0.331,,0.7378,
2680,89.333,4.079,4.104,bbox,19.555,20.376,18.921,16.911,3.559,7.938,,,,
2681,89.367,4.101,4.101,bbox,19.555,20.376,18.921,16.911,3.5519,7.9343,,,,
2682,89.4,4.099,4.099,bbox,19.555,20.376,18.921,16.911,3.5502,7.929,0.4496,,0.7279,
2683,89.433,4.155,4.099,bbox,19.555,20.376,18.921,16.911,3.4814,7.9168,,,,
2684,89.467,4.171,4.101,bbox,19.555,20.376,18.921,16.911,3.4705,7.9132,,,,
2685,89.5,4.135,4.135,bbox,19.555,20.445,18.963,16.911,3.493,7.9006,0.4327,,0.7138,
2686,89.533,4.115,4.135,bbox,19.555,20.445,18.963,16.911,3.5425,7.899,,,,
2687,89.567,4.061,4.135,bbox,19.555,20.445,18.963,16.911,3.563,7.8947,,,,
2688,89.6,4.061,4.115,bbox,19.604,20.445,18.963,16.911,3.5798,7.8954,0.3031,,0.7192,
2689,89.633,4.056,4.061,bbox,19.604,20.445,18.963,16.911,3.5926,7.8811,,,,
2690,89.667,4.033,4.061,bbox,19.642,20.445,18.963,16.911,3.608,7.8689,,,,
2691,89.7,4.006,4.056,bbox,19.642,20.445,18.998,16.911,3.6267,7.8643,0.6163,,0.6268,
2692,89.733,4.027,4.033,bbox,19.642,20.445,18.998,16.911,3.6443,7.8517,,,,
2693,89.767,4.025,4.027,bbox,19.689,20.445,18.998,16.911,3.6571,7.8475,,,,
2694,89.8,3.976,4.025,bbox,19.689,20.445,18.998,16.911,3.6862,7.8352,0.2598,,0.5659,
2695,89.833,3.995,4.006,bbox,19.719,20.445,19.032,16.911,3.7064,7.8234,,,,
2696,89.867,3.997,3.997,bbox,19.719,20.445,19.032,16.911,3.7254,7.8181,,,,
2697,89.9,2.594,3.995,pose,19.768,20.445,19.032,16.911,3.7417,7.8211,0.2446,0.1557,-0.0491,0.0524
2698,89.933,3.953,3.976,bbox,19.768,20.445,19.032,16.911,3.7774,7.7926,,,,
2699,89.967,3.826,3.953,bbox,19.804,20.445,19.032,16.911,3.8284,7.7386,,,,
2700,90.0,,,,19.804,20.445,19.032,16.911,,,,,,
2701,90.033,,,,19.804,20.445,19.032,16.911,,,,,,
2702,90.067,,,,19.804,20.445,19.032,16.911,,,,,,
2703,90.1,,,,19.804,20.445,19.032,16.911,,,,,,
2704,90.133,,,,19.804,20.445,19.032,16.911,,,,,,
2705,90.167,3.557,3.826,bbox,19.839,20.445,19.087,16.911,3.8185,7.4949,,,,
2706,90.2,1.712,3.557,pose,19.88,20.445,19.141,16.911,3.8274,7.4999,0.2305,0.1543,-0.1868,0.4281
2707,90.233,3.529,3.557,bbox,19.88,20.445,19.291,16.911,3.8579,7.473,,,,
2708,90.267,3.494,3.529,bbox,19.88,20.445,19.291,16.911,3.8679,7.4536,,,,
2709,90.3,3.455,3.494,bbox,19.92,20.445,19.291,16.911,3.8732,7.4322,0.4182,,0.6706,
2710,90.333,3.383,3.455,bbox,19.92,20.445,19.337,16.911,3.8954,7.3811,,,,
2711,90.367,3.373,3.455,bbox,19.92,20.445,19.337,16.911,3.9165,7.3741,,,,
2712,90.4,3.333,3.383,bbox,19.957,20.445,19.41,16.911,3.926,7.3277,,0.77,,0.6972
2713,90.433,3.232,3.373,bbox,19.957,20.445,19.41,16.911,3.9327,7.2521,,,,
2714,90.467,3.151,3.333,bbox,19.988,20.445,19.463,16.911,3.9397,7.2143,,,,
2715,90.5,3.127,3.232,bbox,19.988,20.445,19.539,16.911,3.939,7.1782,0.7702,,0.6504,
2716,90.533,3.091,3.151,bbox,19.988,20.445,19.577,16.911,3.935,7.1459,,,,
2717,90.567,3.073,3.127,bbox,19.988,20.445,19.613,16.911,3.9317,7.1269,,,,
2718,90.6,3.073,3.091,bbox,19.988,20.445,19.645,16.911,3.9358,7.1168,0.8678,,0.6844,
2719,90.633,3.069,3.073,bbox,19.988,20.445,19.645,16.911,3.9413,7.1189,,,,
2720,90.667,,,,19.988,20.445,19.645,16.911,,,,,,
2721,90.7,2.602,3.073,pose,19.988,20.445,19.645,16.911,3.9525,7.1236,0.855,0.5701,0.7095,0.7703
2722,90.733,3.037,3.069,bbox,19.988,20.445,19.645,16.911,3.9496,7.1307,,,,
2723,90.767,3.052,3.052,bbox,19.988,20.445,19.645,16.911,3.9522,7.1405,,,,
2724,90.8,2.638,3.037,pose,19.988,20.445,19.645,16.911,3.9437,7.1485,0.9346,0.4488,0.6232,0.8003
2725,90.833,3.113,3.037,bbox,19.988,20.445,19.645,16.911,3.9406,7.1442,,,,
2726,90.867,3.118,3.052,bbox,19.988,20.445,19.645,16.911,3.942,7.1423,,,,
2727,90.9,3.182,3.113,pose,19.988,20.445,19.645,16.911,3.945,7.1352,0.7656,0.0454,0.6088,0.1738
2728,90.933,3.119,3.118,bbox,19.988,20.445,19.645,16.911,3.9436,7.1267,,,,
2729,90.967,3.118,3.118,bbox,19.988,20.445,19.645,16.911,3.9432,7.1113,,,,
2730,91.0,3.062,3.118,bbox,19.988,20.445,19.645,16.911,3.9504,7.0963,0.8844,,0.694,
2731,91.033,3.038,3.118,bbox,19.988,20.445,19.679,16.911,3.9472,7.0899,,,,
2732,91.067,2.999,3.062,bbox,19.988,20.445,19.679,16.911,3.9499,7.0672,,,,
2733,91.1,2.974,3.038,bbox,19.988,20.445,19.679,16.911,3.9677,7.0551,0.8052,,0.7018,
2734,91.133,2.948,2.999,bbox,19.988,20.445,19.724,16.911,3.967,7.0258,,,,
2735,91.167,2.936,2.974,bbox,20.029,20.445,19.724,16.911,3.9714,6.9921,,,,
2736,91.2,2.895,2.948,bbox,20.029,20.445,19.765,16.911,3.9736,6.9727,0.086,,0.6619,
2737,91.233,2.935,2.936,bbox,20.029,20.445,19.799,16.911,3.9828,6.946,,,,
2738,91.267,2.944,2.936,bbox,20.029,20.445,19.799,16.911,3.9833,6.9375,,,,
2739,91.3,2.924,2.935,bbox,20.029,20.445,19.845,16.911,3.985,6.9174,,,,
2740,91.333,2.863,2.924,bbox,20.029,20.445,19.845,16.911,3.9847,6.913,,,,
2741,91.367,2.852,2.924,bbox,20.029,20.445,19.845,16.911,3.9795,6.8919,,,,
2742,91.4,2.787,2.863,bbox,20.029,20.445,19.878,16.911,3.9886,6.8568,0.8002,,0.6647,
2743,91.433,2.756,2.852,bbox,20.029,20.445,19.878,16.911,3.9977,6.8254,,,,
2744,91.467,2.726,2.787,bbox,20.029,20.445,19.934,16.911,3.9987,6.8043,,,,
2745,91.5,2.684,2.756,bbox,20.06,20.445,19.965,16.911,4.0057,6.7578,0.7223,,0.7357,
2746,91.533,2.657,2.726,bbox,20.06,20.445,19.965,16.911,4.0118,6.7427,,,,
2747,91.567,2.694,2.694,bbox,20.06,20.445,20.033,16.911,4.0129,6.7439,,,,
2748,91.6,2.71,2.694,bbox,20.06,20.445,20.033,16.911,4.0047,6.7552,0.7956,,0.7316,
2749,91.633,2.743,2.694,bbox,20.06,20.445,20.033,16.911,4.0048,6.7668,,,,
2750,91.667,2.764,2.71,bbox,20.06,20.445,20.033,16.911,3.9948,6.8031,,,,
2751,91.7,2.778,2.743,bbox,20.06,20.445,20.033,16.911,3.997,6.8289,0.8122,,0.656,
2752,91.733,2.818,2.764,bbox,20.06,20.445,20.033,16.956,3.9965,6.8641,,,,
2753,91.767,2.894,2.778,bbox,20.06,20.445,20.033,16.956,3.9992,6.9334,,,,
2754,91.8,4.761,2.818,pose,20.06,20.445,20.033,17.017,3.998,6.9825,0.5482,0.2436,0.684,-1.5816
2755,91.833,2.983,2.894,bbox,20.06,20.445,20.033,17.087,4.0003,7.0716,,,,
2756,91.867,3.025,2.983,bbox,20.06,20.445,20.033,17.136,4.0144,7.1033,,,,
2757,91.9,3.051,3.025,bbox,20.06,20.445,20.033,17.225,4.0134,7.1224,0.6444,,0.7303,
2758,91.933,3.079,3.051,bbox,20.06,20.445,20.033,17.257,4.0114,7.1638,,,,
2759,91.967,3.112,3.051,bbox,20.06,20.445,20.033,17.257,4.0206,7.1909,,,,
2760,92.0,3.107,3.079,bbox,20.06,20.445,20.033,17.317,4.0234,7.1912,,,,
2761,92.033,3.101,3.101,bbox,20.06,20.445,20.033,17.317,4.0239,7.207,,,,
2762,92.067,3.102,3.102,bbox,20.06,20.445,20.033,17.317,4.0231,7.2367,,,,
2763,92.1,3.108,3.107,bbox,20.06,20.445,20.033,17.36,4.0262,7.2723,0.7682,,0.6427,
2764,92.133,3.14,3.107,bbox,20.06,20.445,20.033,17.36,4.0308,7.2987,,,,
2765,92.167,3.167,3.108,bbox,20.06,20.445,20.033,17.426,4.0305,7.3238,,,,
2766,92.2,3.185,3.14,bbox,20.092,20.445,20.033,17.426,4.0303,7.3452,0.55,,0.6741,
2767,92.233,3.217,3.167,bbox,20.092,20.445,20.033,17.477,4.0302,7.3728,,,,
2768,92.267,3.219,3.185,bbox,20.092,20.445,20.033,17.477,4.0379,7.3752,,,,
2769,92.3,3.22,3.217,bbox,20.092,20.445,20.033,17.526,4.0338,7.3819,0.6019,,0.6968,
2770,92.333,3.198,3.217,bbox,20.092,20.445,20.033,17.526,4.0335,7.3802,,,,
2771,92.367,3.193,3.217,bbox,20.092,20.445,20.033,17.526,4.0387,7.3724,,,,
2772,92.4,3.25,3.219,pose,20.092,20.445,20.033,17.526,4.049,7.3717,0.1226,0.4872,0.7279,0.6799
2773,92.433,3.176,3.198,bbox,20.092,20.445,20.033,17.526,4.0478,7.3552,,,,
2774,92.467,3.154,3.193,bbox,20.092,20.445,20.033,17.526,4.0442,7.3293,,,,
2775,92.5,3.168,3.176,bbox,20.092,20.445,20.033,17.526,4.0309,7.314,0.6327,,0.6906,
2776,92.533,3.19,3.176,bbox,20.092,20.445,20.076,17.526,4.0279,7.2872,,,,
2777,92.567,3.156,3.168,bbox,20.092,20.445,20.076,17.526,4.0328,7.2723,,,,
2778,92.6,3.147,3.156,bbox,20.092,20.445,20.119,17.526,4.0423,7.2492,0.1344,,0.2823,
2779,92.633,3.117,3.156,bbox,20.092,20.445,20.119,17.526,4.0614,7.2295,,,,
2780,92.667,3.098,3.147,bbox,20.092,20.445,20.157,17.526,4.0885,7.2146,,,,
2781,92.7,3.078,3.117,bbox,20.123,20.445,20.157,17.526,4.1106,7.2153,0.7223,,0.7502,
2782,92.733,3.052,3.098,bbox,20.123,20.445,20.19,17.526,4.1336,7.2118,,,,
2783,92.767,2.982,3.078,bbox,20.173,20.445,20.19,17.526,4.1564,7.2041,,,,
2784,92.8,,,,20.173,20.445,20.19,17.526,,,,,,
2785,92.833,2.878,3.052,bbox,20.173,20.445,20.19,17.526,4.1717,7.1749,,,,
2786,92.867,2.849,2.982,bbox,20.218,20.445,20.19,17.526,4.1752,7.1391,,,,
2787,92.9,2.543,2.878,pose,20.218,20.445,20.231,17.526,4.1855,7.1109,0.5658,0.5147,0.727,0.6748
2788,92.933,2.795,2.849,bbox,20.218,20.445,20.267,17.526,4.2001,7.0553,,,,
2789,92.967,2.778,2.795,bbox,20.218,20.445,20.267,17.526,4.2058,7.0094,,,,
2790,93.0,2.823,2.795,bbox,20.262,20.445,20.35,17.526,4.2238,6.9797,,,,
2791,93.033,2.867,2.795,bbox,20.262,20.445,20.396,17.526,4.2301,6.98,,,,
2792,93.067,2.872,2.823,bbox,20.262,20.445,20.396,17.526,4.2233,6.9817,,,,
2793,93.1,2.878,2.867,bbox,20.262,20.445,20.396,17.526,4.2321,6.9856,,,,
2794,93.133,,,,20.262,20.445,20.396,17.526,,,,,,
2795,93.167,2.862,2.867,bbox,20.262,20.445,20.396,17.526,4.2503,7.0299,,,,
2796,93.2,2.852,2.867,bbox,20.294,20.445,20.396,17.526,4.2576,7.053,0.0033,,0.3948,
2797,93.233,2.858,2.862,bbox,20.294,20.445,20.396,17.526,4.2776,7.1028,,,,
2798,93.267,2.891,2.862,bbox,20.294,20.445,20.396,17.57,4.273,7.1615,,,,
2799,93.3,2.564,2.858,pose,20.335,20.445,20.396,17.619,4.2909,7.1911,0.6846,0.0111,0.6558,0.4223
2800,93.333,2.906,2.858,bbox,20.335,20.445,20.396,17.678,4.3079,7.2208,,,,
2801,93.367,2.877,2.877,bbox,20.335,20.445,20.396,17.678,4.3287,7.2247,,,,
2802,93.4,2.854,2.877,bbox,20.37,20.445,20.396,17.737,4.3568,7.2357,0.7743,,0.6388,
2803,93.433,2.86,2.86,bbox,20.37,20.445,20.396,17.737,4.3907,7.2301,,,,
2804,93.467,2.805,2.86,bbox,20.419,20.445,20.396,17.737,4.4101,7.2329,,,,
2805,93.5,2.815,2.854,bbox,20.453,20.445,20.396,17.737,4.4145,7.2353,,0.6755,,0.3051
2806,93.533,2.773,2.815,bbox,20.453,20.445,20.396,17.737,4.4227,7.2203,,,,
2807,93.567,2.762,2.805,bbox,20.453,20.445,20.396,17.737,4.4272,7.2031,,,,
2808,93.6,2.709,2.773,bbox,20.485,20.445,20.396,17.737,4.4309,7.1586,0.5227,,0.5487,
2809,93.633,2.636,2.762,bbox,20.485,20.445,20.396,17.737,4.4383,7.1179,,,,
2810,93.667,2.615,2.709,bbox,20.485,20.445,20.459,17.737,4.4397,7.0822,,,,
2811,93.7,2.62,2.636,bbox,20.485,20.445,20.499,17.737,4.4392,7.0638,0.2311,,0.6855,
2812,93.733,,,,20.485,20.445,20.499,17.737,,,,,,
2813,93.767,,,,20.485,20.445,20.499,17.737,,,,,,
2814,93.8,,,,20.485,20.445,20.499,17.737,,,,,,
2815,93.833,2.563,2.62,bbox,20.485,20.445,20.535,17.737,4.4554,6.9871,,,,
2816,93.867,,,,20.485,20.445,20.535,17.737,,,,,,
2817,93.9,2.582,2.615,bbox,20.485,20.445,20.535,17.737,4.4532,7.0036,0.6095,,0.6843,
2818,93.933,,,,20.485,20.445,20.535,17.737,,,,,,
2819,93.967,2.604,2.604,bbox,20.485,20.445,20.535,17.737,4.4459,7.1001,,,,
2820,94.0,2.62,2.604,bbox,20.515,20.445,20.535,17.737,4.4706,7.1367,,,,
2821,94.033,2.744,2.604,bbox,20.515,20.445,20.535,17.737,4.4599,7.2321,,,,
2822,94.067,2.782,2.62,bbox,20.515,20.445,20.535,17.792,4.4552,7.2952,,,,
2823,94.1,2.864,2.744,bbox,20.515,20.445,20.535,17.887,4.4463,7.3606,,0.0936,,0.0808
2824,94.133,,,,20.515,20.445,20.535,17.887,,,,,,
2825,94.167,2.964,2.782,bbox,20.515,20.445,20.535,17.95,4.4389,7.4237,,,,
2826,94.2,2.944,2.864,bbox,20.515,20.445,20.535,18.016,4.4421,7.4378,,,,
2827,94.233,2.974,2.944,bbox,20.515,20.445,20.535,18.079,4.4362,7.4545,,,,
2828,94.267,2.973,2.964,bbox,20.515,20.445,20.535,18.079,4.4336,7.4759,,,,
2829,94.3,2.996,2.973,bbox,20.515,20.445,20.535,18.11,4.4255,7.5001,,,,
2830,94.333,,,,20.515,20.445,20.535,18.11,,,,,,
2831,94.367,,,,20.515,20.445,20.535,18.11,,,,,,
2832,94.4,3.159,2.974,bbox,20.515,20.445,20.535,18.11,4.4199,7.6394,,0.057,,0.8546
2833,94.433,,,,20.515,20.445,20.535,18.11,,,,,,
2834,94.467,,,,20.515,20.445,20.535,18.11,,,,,,
2835,94.5,,,,20.515,20.445,20.535,18.11,,,,,,
2836,94.533,,,,20.515,20.445,20.535,18.11,,,,,,
2837,94.567,3.304,2.996,bbox,20.515,20.445,20.535,18.155,4.4365,7.7551,,,,
2838,94.6,3.203,3.159,pose,20.515,20.445,20.535,18.295,4.4321,7.753,0.538,0.0862,0.6982,1.2412
2839,94.633,3.26,3.203,bbox,20.515,20.445,20.535,18.394,4.4198,7.7393,,,,
2840,94.667,,,,20.515,20.445,20.535,18.394,,,,,,
2841,94.7,3.164,3.203,bbox,20.515,20.445,20.535,18.394,4.4602,7.707,,0.1625,,0.6047
2842,94.733,,,,20.515,20.445,20.535,18.394,,,,,,
2843,94.767,3.053,3.203,bbox,20.515,20.445,20.535,18.394,4.4981,7.6702,,,,
2844,94.8,3.069,3.164,bbox,20.515,20.445,20.567,18.394,4.4645,7.633,,,,
2845,94.833,,,,20.515,20.445,20.567,18.394,,,,,,
2846,94.867,,,,20.515,20.445,20.567,18.394,,,,,,
2847,94.9,3.01,3.069,bbox,20.515,20.445,20.604,18.394,4.5302,7.5373,,0.7462,,0.2177
2848,94.933,3.009,3.053,bbox,20.56,20.445,20.641,18.394,4.5735,7.5213,,,,
2849,94.967,2.991,3.01,bbox,20.592,20.445,20.737,18.394,4.6007,7.5061,,,,
2850,95.0,3.009,3.009,bbox,20.635,20.445,20.737,18.394,4.6045,7.5086,0.2565,,0.3983,
2851,95.033,2.975,3.009,bbox,20.635,20.445,20.737,18.394,4.6072,7.496,,,,
2852,95.067,2.92,2.991,bbox,20.666,20.445,20.768,18.394,4.6188,7.4982,,,,
2853,95.1,2.89,2.975,bbox,20.666,20.445,20.768,18.394,4.6191,7.4819,0.049,,0.5948,
2854,95.133,,,,20.666,20.445,20.768,18.394,,,,,,
2855,95.167,,,,20.666,20.445,20.768,18.394,,,,,,
2856,95.2,2.76,2.92,bbox,20.666,20.445,20.768,18.394,4.6414,7.4159,0.1287,,0.2986,
2857,95.233,,,,20.666,20.445,20.768,18.394,,,,,,
2858,95.267,2.706,2.89,bbox,20.666,20.445,20.768,18.394,4.6576,7.3975,,,,
2859,95.3,,,,20.666,20.445,20.768,18.394,,,,,,
2860,95.333,,,,20.666,20.445,20.768,18.394,,,,,,
2861,95.367,2.671,2.76,bbox,20.703,20.445,20.855,18.394,4.6885,7.4196,,,,
2862,95.4,2.7,2.706,bbox,20.703,20.445,20.855,18.394,4.6899,7.4366,,0.1769,,0.3825
2863,95.433,2.757,2.706,bbox,20.75,20.445,20.855,18.394,4.6907,7.4599,,,,
2864,95.467,2.813,2.706,bbox,20.75,20.445,20.855,18.394,4.6828,7.4873,,,,
2865,95.5,2.901,2.757,bbox,20.75,20.445,20.855,18.435,4.6672,7.5359,0.095,,0.2188,
2866,95.533,2.995,2.813,bbox,20.75,20.445,20.855,18.435,4.654,7.5988,,,,
2867,95.567,,,,20.75,20.445,20.855,18.435,,,,,,
2868,95.6,3.057,2.901,pose,20.75,20.445,20.855,18.511,4.6047,7.7008,0.038,0.2476,0.6196,0.2359
2869,95.633,3.245,2.995,bbox,20.75,20.479,20.855,18.574,4.5871,7.7048,,,,
2870,95.667,3.265,3.057,bbox,20.75,20.529,20.855,18.676,4.5672,7.7376,,,,
2871,95.7,3.203,3.203,bbox,20.75,20.529,20.855,18.676,4.5725,7.7697,0.7746,,0.7179,
2872,95.733,3.22,3.22,bbox,20.75,20.561,20.855,18.712,4.5513,7.7932,,,,
2873,95.767,3.234,3.234,bbox,20.75,20.561,20.855,18.745,4.5443,7.8339,,,,
2874,95.8,3.308,3.234,bbox,20.75,20.561,20.855,18.745,4.5248,7.8648,0.074,,-0.5891,
2875,95.833,3.339,3.234,bbox,20.75,20.561,20.855,18.809,4.5138,7.9137,,,,
2876,95.867,,,,20.75,20.561,20.855,18.809,,,,,,
2877,95.9,,,,20.75,20.561,20.855,18.809,,,,,,
2878,95.933,,,,20.75,20.561,20.855,18.809,,,,,,
2879,95.967,,,,20.75,20.561,20.855,18.809,,,,,,
2880,96.0,3.483,3.308,pose,20.75,20.608,20.855,18.84,4.4878,8.0963,0.3204,0.0936,0.6585,0.64
2881,96.033,3.566,3.339,bbox,20.75,20.608,20.855,18.889,4.4937,8.1027,,,,
2882,96.067,3.554,3.483,bbox,20.75,20.639,20.855,19.039,4.4895,8.1116,,,,
2883,96.1,3.557,3.554,bbox,20.75,20.639,20.855,19.039,4.4865,8.1087,0.326,,0.7107,
2884,96.133,3.547,3.554,bbox,20.75,20.639,20.855,19.039,4.4867,8.1181,,,,
2885,96.167,3.504,3.554,bbox,20.75,20.639,20.855,19.039,4.5066,8.1065,,,,
2886,96.2,2.892,3.547,pose,20.75,20.639,20.855,19.039,4.5212,8.0311,0.7483,0.0319,0.6998,0.6573
2887,96.233,3.402,3.504,bbox,20.75,20.639,20.855,19.039,4.5429,8.0576,,,,
2888,96.267,3.344,3.402,bbox,20.75,20.639,20.893,19.039,4.5494,8.0025,,,,
2889,96.3,3.331,3.344,bbox,20.8,20.639,20.893,19.039,4.5455,7.9488,0.8882,,0.6278,
2890,96.333,3.34,3.34,bbox,20.8,20.639,20.948,19.039,4.5626,7.935,,,,
2891,96.367,3.372,3.344,bbox,20.8,20.639,21.002,19.039,4.5772,7.9143,,,,
2892,96.4,2.879,3.34,pose,20.8,20.639,21.002,19.039,4.5965,7.901,1.0101,0.0638,0.6069,1.022
2893,96.433,3.353,3.34,bbox,20.834,20.639,21.037,19.039,4.595,7.8827,,,,
2894,96.467,3.295,3.34,bbox,20.834,20.639,21.037,19.039,4.6058,7.8784,,,,
2895,96.5,3.13,3.295,pose,20.834,20.639,21.068,19.039,4.629,7.8696,1.0016,0.1305,0.6343,0.8453
2896,96.533,3.161,3.161,bbox,20.834,20.639,21.068,19.039,4.6404,7.8555,,,,
2897,96.567,3.097,3.161,bbox,20.886,20.639,21.068,19.039,4.6431,7.8352,,,,
2898,96.6,2.463,3.13,pose,20.886,20.639,21.068,19.039,4.6783,7.8182,0.5001,0.7635,0.6528,0.5941
2899,96.633,2.931,3.097,bbox,20.886,20.639,21.116,19.039,4.7166,7.7681,,,,
2900,96.667,2.569,2.931,bbox,20.935,20.639,21.116,19.039,5.0524,7.7375,,,,
2901,96.7,2.597,2.597,pose,20.973,20.639,21.183,19.039,4.8659,7.7219,0.1933,0.6196,0.7431,0.637
2902,96.733,2.884,2.597,bbox,21.039,20.639,21.213,19.039,4.7827,7.7358,,,,
2903,96.767,,,,21.039,20.639,21.213,19.039,,,,,,
2904,96.8,,,,21.039,20.639,21.213,19.039,,,,,,
2905,96.833,2.873,2.873,bbox,21.039,20.639,21.213,19.039,4.8089,7.7133,,,,
2906,96.867,2.842,2.842,bbox,21.081,20.639,21.213,19.039,4.8248,7.7275,,,,
2907,96.9,2.828,2.842,bbox,21.081,20.639,21.213,19.039,4.8207,7.728,0.8827,,0.6411,
2908,96.933,2.813,2.842,bbox,21.081,20.639,21.213,19.039,4.8295,7.7387,,,,
2909,96.967,2.849,2.842,bbox,21.081,20.639,21.213,19.039,4.8308,7.7817,,,,
2910,97.0,2.889,2.842,bbox,21.081,20.639,21.213,19.039,4.828,7.814,0.8501,,0.7175,
2911,97.033,2.892,2.849,bbox,21.081,20.639,21.213,19.083,4.8392,7.8382,,,,
2912,97.067,2.874,2.874,bbox,21.081,20.639,21.213,19.115,4.8492,7.8154,,,,
2913,97.1,2.89,2.889,bbox,21.081,20.639,21.213,19.115,4.8481,7.8123,0.6811,,0.689,
2914,97.133,2.885,2.889,bbox,21.081,20.639,21.213,19.115,4.8578,7.7936,,,,
2915,97.167,,,,21.081,20.639,21.213,19.115,,,,,,
2916,97.2,2.85,2.885,bbox,21.081,20.639,21.213,19.115,4.8695,7.7717,0.7274,,0.6639,
2917,97.233,2.729,2.874,bbox,21.114,20.639,21.213,19.115,4.9611,7.7524,,,,
2918,97.267,2.774,2.85,bbox,21.114,20.639,21.256,19.115,4.871,7.7126,,,,
2919,97.3,2.782,2.782,bbox,21.114,20.639,21.256,19.115,4.843,7.6824,0.7927,,0.6534,
2920,97.333,2.751,2.774,bbox,21.114,20.639,21.315,19.115,4.8085,7.6297,,,,
2921,97.367,2.706,2.751,bbox,21.114,20.639,21.345,19.115,4.7557,7.5674,,,,
2922,97.4,2.772,2.772,bbox,21.114,20.689,21.398,19.115,4.6904,7.5319,0.8506,,0.7216,
2923,97.433,2.813,2.772,bbox,21.114,20.742,21.46,19.115,4.6519,7.5136,,,,
2924,97.467,,,,21.114,20.742,21.46,19.115,,,,,,
2925,97.5,,,,21.114,20.742,21.46,19.115,,,,,,
2926,97.533,2.926,2.772,bbox,21.114,20.807,21.496,19.115,4.5715,7.4938,,,,
2927,97.567,2.971,2.813,bbox,21.114,20.845,21.496,19.115,4.5362,7.4883,,,,
2928,97.6,3.006,2.926,bbox,21.114,20.926,21.534,19.115,4.524,7.4863,0.8342,,0.6752,
2929,97.633,3.011,2.971,bbox,21.114,20.961,21.534,19.115,4.4958,7.4723,,,,
2930,97.667,,,,21.114,20.961,21.534,19.115,,,,,,
2931,97.7,3.023,3.006,bbox,21.114,20.961,21.534,19.115,4.4855,7.4665,,,,
2932,97.733,2.968,3.006,bbox,21.114,21.001,21.534,19.115,4.4634,7.458,,,,
2933,97.767,2.92,3.006,bbox,21.114,21.001,21.534,19.115,4.4366,7.4145,,,,
2934,97.8,2.865,2.968,pose,21.114,21.034,21.569,19.115,4.3915,7.3344,0.6991,0.1528,0.6846,0.2749
2935,97.833,2.833,2.92,bbox,21.114,21.034,21.613,19.115,4.3393,7.2533,,,,
2936,97.867,,,,21.114,21.034,21.613,19.115,,,,,,
2937,97.9,,,,21.114,21.034,21.613,19.115,,,,,,
2938,97.933,2.849,2.865,bbox,21.114,21.106,21.693,19.115,4.1256,7.15,,,,
2939,97.967,,,,21.114,21.106,21.693,19.115,,,,,,
2940,98.0,2.611,2.849,pose,21.114,21.158,21.774,19.115,3.9755,7.0998,0.1471,0.1641,0.7559,0.58
2941,98.033,2.974,2.849,bbox,21.114,21.308,21.877,19.115,3.949,7.0686,,,,
2942,98.067,3.008,2.849,bbox,21.114,21.458,21.928,19.115,3.9078,7.0333,,,,
2943,98.1,3.056,2.974,bbox,21.114,21.458,21.959,19.115,3.8489,7.0061,0.1842,,0.7741,
2944,98.133,3.277,3.008,bbox,21.114,21.526,21.994,19.115,3.7781,6.9939,,,,
2945,98.167,3.276,3.056,bbox,21.114,21.585,21.994,19.115,3.6884,6.9679,,,,
2946,98.2,,,,21.114,21.585,21.994,19.115,,,,,,
2947,98.233,,,,21.114,21.585,21.994,19.115,,,,,,
2948,98.267,3.158,3.158,bbox,21.114,21.655,22.034,19.115,3.5466,6.8288,,,,
2949,98.3,,,,21.114,21.655,22.034,19.115,,,,,,
2950,98.333,,,,21.114,21.655,22.034,19.115,,,,,,
2951,98.367,,,,21.114,21.655,22.034,19.115,,,,,,
2952,98.4,,,,21.114,21.655,22.034,19.115,,,,,,
2953,98.433,,,,21.114,21.655,22.034,19.115,,,,,,
2954,98.467,,,,21.114,21.655,22.034,19.115,,,,,,
2955,98.5,3.019,3.158,bbox,21.114,21.745,22.034,19.115,3.3284,6.4348,0.7882,,0.6952,
2956,98.533,,,,21.114,21.745,22.034,19.115,,,,,,
2957,98.567,,,,21.114,21.745,22.034,19.115,,,,,,
2958,98.6,,,,21.114,21.745,22.034,19.115,,,,,,
2959,98.633,3.072,3.158,bbox,21.114,21.887,22.199,19.115,3.2336,6.2692,,,,
2960,98.667,2.996,3.072,bbox,21.114,22.037,22.349,19.115,3.2366,6.2699,,,,
2961,98.7,2.943,3.019,bbox,21.114,22.129,22.499,19.115,3.2247,6.2499,0.8451,,0.6682,
2962,98.733,2.892,2.996,bbox,21.114,22.129,22.499,19.115,3.2145,6.2089,,,,
2963,98.767,2.847,2.943,bbox,21.114,22.129,22.499,19.115,3.1978,6.1565,,,,
2964,98.8,,,,21.114,22.129,22.499,19.115,,,,,,
2965,98.833,,,,21.114,22.129,22.499,19.115,,,,,,
2966,98.867,2.569,2.892,bbox,21.114,22.129,22.56,19.115,3.1615,5.9308,,,,
2967,98.9,2.515,2.847,bbox,21.114,22.167,22.612,19.115,3.1487,5.8789,0.4278,,0.7341,
2968,98.933,2.53,2.569,bbox,21.114,22.204,22.762,19.115,3.1433,5.8444,,,,
2969,98.967,,,,21.114,22.204,22.762,19.115,,,,,,
2970,99.0,,,,21.114,22.204,22.762,19.115,,,,,,
2971,99.033,2.56,2.56,bbox,21.114,22.204,22.814,19.115,3.1519,5.7684,,,,
2972,99.067,2.402,2.53,bbox,21.114,22.204,22.848,19.115,3.1707,5.7436,,,,
2973,99.1,2.369,2.515,bbox,21.114,22.204,22.924,19.115,3.186,5.7223,,,,
2974,99.133,2.417,2.417,bbox,21.114,22.204,22.924,19.115,3.2049,5.6983,,,,
2975,99.167,2.387,2.402,bbox,21.114,22.204,22.971,19.115,3.2076,5.6747,,,,
2976,99.2,2.76,2.402,pose,21.146,22.204,22.971,19.115,3.1926,5.6643,0.5487,0.0135,0.7093,0.3064
2977,99.233,2.396,2.396,bbox,21.146,22.204,23.018,19.115,3.1832,5.6446,,,,
2978,99.267,2.271,2.396,bbox,21.146,22.204,23.018,19.115,3.1466,5.623,,,,
2979,99.3,1.899,2.387,pose,21.146,22.204,23.048,19.115,3.1185,5.608,0.8849,0.4285,0.5385,0.6912
2980,99.333,2.317,2.317,bbox,21.146,22.25,23.048,19.115,3.0992,5.5901,,,,
2981,99.367,2.364,2.317,bbox,21.146,22.25,23.085,19.115,3.0932,5.5906,,,,
2982,99.4,2.397,2.317,bbox,21.146,22.297,23.085,19.115,3.0896,5.5966,0.829,,0.4446,
2983,99.433,2.398,2.364,bbox,21.146,22.297,23.085,19.115,3.0941,5.6082,,,,
2984,99.467,2.44,2.397,bbox,21.146,22.297,23.085,19.115,3.094,5.6425,,,,
2985,99.5,2.459,2.398,bbox,21.146,22.297,23.085,19.115,3.0999,5.6816,1.0187,,0.4663,
2986,99.533,2.464,2.44,bbox,21.146,22.297,23.085,19.15,3.103,5.7425,,,,
2987,99.567,2.584,2.459,bbox,21.146,22.297,23.085,19.189,3.0991,5.8091,,,,
2988,99.6,2.648,2.464,bbox,21.146,22.297,23.085,19.25,3.0935,5.8593,1.02,,0.5499,
2989,99.633,2.684,2.584,bbox,21.146,22.297,23.085,19.316,3.0838,5.8941,,,,
2990,99.667,,,,21.146,22.297,23.085,19.316,,,,,,
2991,99.7,2.648,2.648,bbox,21.146,22.297,23.085,19.366,3.0754,5.9269,,,,
2992,99.733,,,,21.146,22.297,23.085,19.366,,,,,,
2993,99.767,,,,21.146,22.297,23.085,19.366,,,,,,
2994,99.8,2.882,2.648,bbox,21.146,22.297,23.085,19.401,3.0953,6.0356,,,,
2995,99.833,,,,21.146,22.297,23.085,19.401,,,,,,
2996,99.867,3.076,2.684,bbox,21.146,22.297,23.085,19.434,3.0905,6.1603,,,,
2997,99.9,2.991,2.882,bbox,21.146,22.297,23.085,19.543,3.0906,6.1965,0.8801,,0.6736,
2998,99.933,3.02,2.991,bbox,21.146,22.297,23.085,19.667,3.0761,6.2339,,,,
2999,99.967,,,,21.146,22.297,23.085,19.667,,,,,,
3000,100.0,,,,21.146,22.297,23.085,19.667,,,,,,
3001,100.033,3.176,3.02,bbox,21.146,22.297,23.085,19.704,3.0747,6.337,,,,
3002,100.067,3.222,3.076,bbox,21.146,22.297,23.085,19.741,3.0678,6.3627,,,,
3003,100.1,,,,21.146,22.297,23.085,19.741,,,,,,
3004,100.133,,,,21.146,22.297,23.085,19.741,,,,,,
3005,100.167,,,,21.146,22.297,23.085,19.741,,,,,,
3006,100.2,,,,21.146,22.297,23.085,19.741,,,,,,
3007,100.233,,,,21.146,22.297,23.085,19.741,,,,,,
3008,100.267,,,,21.146,22.297,23.085,19.741,,,,,,
3009,100.3,,,,21.146,22.297,23.085,19.741,,,,,,
3010,100.333,3.106,3.106,bbox,21.146,22.297,23.085,19.844,3.1518,6.3673,,,,
3011,100.367,,,,21.146,22.297,23.085,19.844,,,,,,
3012,100.4,3.3,3.176,bbox,21.146,22.297,23.085,19.844,3.183,6.3166,,,,
3013,100.433,3.075,3.176,bbox,21.198,22.297,23.085,19.844,3.21,6.3094,,,,
3014,100.467,,,,21.198,22.297,23.085,19.844,,,,,,
3015,100.5,,,,21.198,22.297,23.085,19.844,,,,,,
3016,100.533,,,,21.198,22.297,23.085,19.844,,,,,,
3017,100.567,3.01,3.106,bbox,21.229,22.297,23.085,19.844,3.3244,6.2455,,,,
3018,100.6,2.95,3.075,bbox,21.229,22.297,23.085,19.844,3.3697,6.2266,0.3332,,-0.2172,
3019,100.633,2.792,3.01,bbox,21.371,22.297,23.176,19.844,3.4459,6.195,,,,
3020,100.667,2.822,2.95,bbox,21.416,22.297,23.176,19.844,3.4855,6.1646,,,,
3021,100.7,2.724,2.822,bbox,21.492,22.297,23.227,19.844,3.5714,6.1591,,,,
3022,100.733,2.72,2.792,bbox,21.532,22.297,23.227,19.844,3.6168,6.1988,,,,
3023,100.767,2.705,2.724,bbox,21.618,22.297,23.227,19.844,3.6455,6.2226,,,,
3024,100.8,2.666,2.72,bbox,21.663,22.297,23.227,19.844,3.6588,6.2653,0.2704,,0.2838,
3025,100.833,2.594,2.705,bbox,21.663,22.297,23.227,19.844,3.6756,6.3148,,,,
3026,100.867,2.639,2.666,bbox,21.705,22.297,23.227,19.914,3.6969,6.3313,,,,
3027,100.9,2.632,2.639,bbox,21.705,22.297,23.227,19.964,3.7003,6.3661,0.8222,,0.6505,
3028,100.933,2.647,2.639,bbox,21.743,22.297,23.227,19.964,3.7036,6.38,,,,
3029,100.967,2.645,2.639,bbox,21.743,22.297,23.227,20.015,3.7109,6.3976,,,,
3030,101.0,2.653,2.645,bbox,21.743,22.297,23.227,20.015,3.7124,6.429,0.8943,,0.7535,
3031,101.033,2.669,2.647,bbox,21.743,22.297,23.227,20.047,3.7199,6.4556,,,,
3032,101.067,2.803,2.653,bbox,21.743,22.297,23.227,20.078,3.7195,6.5738,,,,
3033,101.1,2.92,2.669,bbox,21.743,22.297,23.227,20.078,3.7135,6.6489,0.8492,,0.6053,
3034,101.133,3.034,2.803,bbox,21.743,22.297,23.227,20.223,3.7131,6.7225,,,,
3035,101.167,,,,21.743,22.297,23.227,20.223,,,,,,
3036,101.2,5.405,2.92,pose,21.743,22.297,23.227,20.298,3.7261,6.7622,0.7792,0.6015,0.5834,-2.1742
3037,101.233,3.142,3.034,bbox,21.743,22.297,23.227,20.372,3.7243,6.7655,,,,
3038,101.267,3.113,3.113,bbox,21.743,22.297,23.227,20.411,3.7361,6.7715,,,,
3039,101.3,5.676,3.142,pose,21.743,22.297,23.227,20.411,3.7436,6.7657,0.8584,0.5863,0.6582,-2.3364
3040,101.333,3.032,3.142,bbox,21.782,22.297,23.227,20.411,3.7506,6.7674,,,,
3041,101.367,3.002,3.113,bbox,21.782,22.297,23.227,20.411,3.7723,6.7541,,,,
3042,101.4,5.431,3.113,pose,21.782,22.297,23.227,20.411,3.7967,6.739,0.1291,0.5149,0.7323,-2.0248
3043,101.433,2.918,3.032,bbox,21.819,22.297,23.227,20.411,3.8081,6.7167,,,,
3044,101.467,2.871,3.002,bbox,21.819,22.297,23.227,20.411,3.8199,6.6929,,,,
3045,101.5,2.884,2.918,bbox,21.854,22.297,23.272,20.411,3.8338,6.6838,0.7784,,0.6663,
3046,101.533,2.917,2.917,bbox,21.854,22.297,23.272,20.411,3.8262,6.6722,,,,
3047,101.567,2.918,2.917,bbox,21.854,22.297,23.305,20.411,3.8257,6.6425,,,,
3048,101.6,2.967,2.917,bbox,21.854,22.297,23.305,20.411,3.8339,6.6377,0.6823,,0.5732,
3049,101.633,3.048,2.918,bbox,21.854,22.297,23.305,20.411,3.8346,6.6579,,,,
3050,101.667,3.024,2.967,bbox,21.854,22.297,23.347,20.411,3.8414,6.6395,,,,
3051,101.7,,,,21.854,22.297,23.347,20.411,,,,,,
3052,101.733,,,,21.854,22.297,23.347,20.411,,,,,,
3053,101.767,,,,21.854,22.297,23.347,20.411,,,,,,
3054,101.8,5.051,3.024,pose,21.854,22.297,23.347,20.411,3.8428,6.7052,1.0409,0.1095,0.5483,-0.7
3055,101.833,3.01,3.024,bbox,21.888,22.297,23.347,20.411,3.8462,6.7104,,,,
3056,101.867,3.05,3.048,bbox,21.888,22.297,23.347,20.474,3.8421,6.7208,,,,
3057,101.9,5.882,3.05,pose,21.888,22.297,23.347,20.474,3.8473,6.7177,0.9867,0.5485,0.6107,-2.2349
3058,101.933,3.017,3.05,bbox,21.888,22.297,23.347,20.474,3.8658,6.7231,,,,
3059,101.967,3.032,3.032,bbox,21.888,22.297,23.347,20.474,3.8808,6.7305,,,,
3060,102.0,2.945,3.032,bbox,21.888,22.297,23.347,20.474,3.8977,6.7603,0.6664,,0.673,
3061,102.033,2.915,3.017,bbox,21.927,22.297,23.347,20.474,3.9044,6.7761,,,,
3062,102.067,2.95,2.95,bbox,21.927,22.297,23.347,20.529,3.8908,6.79,,,,
3063,102.1,2.927,2.945,bbox,21.927,22.297,23.347,20.529,3.9045,6.7979,0.9022,,0.6169,
3064,102.133,2.964,2.945,bbox,21.927,22.297,23.347,20.529,3.9005,6.8175,,,,
3065,102.167,2.997,2.95,bbox,21.927,22.297,23.347,20.567,3.9035,6.8609,,,,
3066,102.2,2.902,2.95,bbox,21.927,22.297,23.347,20.567,3.8992,6.7909,0.9288,,0.611,
3067,102.233,2.898,2.927,bbox,21.927,22.297,23.347,20.567,3.8842,6.7817,,,,
3068,102.267,3.032,2.964,bbox,21.927,22.297,23.347,20.567,3.88,6.9106,,,,
3069,102.3,2.825,2.902,pose,21.927,22.297,23.347,20.63,3.8624,7.0102,0.9068,0.032,0.6949,1.124
3070,102.333,3.19,2.902,bbox,21.927,22.297,23.347,20.68,3.8408,7.0304,,,,
3071,102.367,3.241,3.032,bbox,21.927,22.297,23.347,20.779,3.7992,7.0405,,,,
3072,102.4,2.608,3.032,pose,21.927,22.337,23.347,20.779,3.7582,7.0246,0.9005,0.6623,0.7081,0.6203
3073,102.433,3.233,3.19,bbox,21.927,22.379,23.347,20.779,3.7221,7.0066,,,,
3074,102.467,3.047,3.19,bbox,21.927,22.42,23.347,20.779,3.6945,6.7602,,,,
3075,102.5,3.029,3.047,bbox,21.927,22.456,23.347,20.779,3.6765,6.741,0.814,,0.7088,
3076,102.533,3.016,3.029,bbox,21.927,22.456,23.5,20.779,3.6692,6.756,,,,
3077,102.567,3.108,3.047,bbox,21.927,22.501,23.5,20.779,3.6452,6.7837,,,,
3078,102.6,3.189,3.047,bbox,21.927,22.501,23.5,20.779,3.6004,6.7971,0.8074,,0.6459,
3079,102.633,3.166,3.108,bbox,21.927,22.533,23.5,20.779,3.574,6.723,,,,
3080,102.667,3.228,3.166,bbox,21.927,22.577,23.5,20.779,3.5278,6.7109,,,,
3081,102.7,4.282,3.189,pose,21.927,22.577,23.537,20.779,3.4947,6.7076,0.8656,0.0084,0.6793,0.0837
3082,102.733,3.266,3.228,bbox,21.927,22.65,23.537,20.779,3.4644,6.7041,,,,
3083,102.767,3.19,3.228,bbox,21.927,22.683,23.537,20.779,3.4832,6.6687,,,,
3084,102.8,2.766,3.228,pose,21.927,22.683,23.537,20.779,3.4742,6.6611,0.7671,0.0591,0.7652,0.8987
3085,102.833,3.134,3.19,bbox,21.927,22.683,23.592,20.779,3.4338,6.6548,,,,
3086,102.867,3.203,3.19,bbox,21.927,22.713,23.592,20.779,3.3377,6.6433,,,,
3087,102.9,2.945,3.134,bbox,21.927,22.744,23.592,20.779,3.2825,6.3366,,,,
3088,102.933,3.179,3.134,bbox,21.927,22.84,23.592,20.779,3.2435,6.5541,,,,
3089,102.967,3.229,3.179,bbox,21.927,22.895,23.704,20.779,3.2252,6.5565,,,,
3090,103.0,,,,21.927,22.895,23.704,20.779,,,,,,
3091,103.033,3.246,3.203,bbox,21.927,22.934,23.704,20.779,3.2041,6.5151,,,,
3092,103.067,3.25,3.229,bbox,21.927,22.934,23.745,20.779,3.2005,6.4937,,,,
3093,103.1,3.032,3.229,pose,21.927,22.974,23.745,20.779,3.1964,6.4723,0.0375,0.5574,0.7136,0.6938
3094,103.133,3.223,3.229,bbox,21.927,22.974,23.745,20.779,3.1786,6.4851,,,,
3095,103.167,3.218,3.223,bbox,21.927,22.974,23.745,20.779,3.2029,6.4988,,,,
3096,103.2,2.737,3.218,pose,21.927,22.974,23.745,20.779,3.2221,6.5109,0.5976,0.562,0.787,0.6874
3097,103.233,3.147,3.147,bbox,21.927,22.974,23.745,20.779,3.2133,6.518,,,,
3098,103.267,,,,21.927,22.974,23.745,20.779,,,,,,
3099,103.3,3.175,3.175,pose,21.927,22.974,23.745,20.779,3.1358,6.5331,0.4178,0.2709,0.7571,0.7416
3100,103.333,,,,21.927,22.974,23.745,20.779,,,,,,
3101,103.367,,,,21.927,22.974,23.745,20.779,,,,,,
3102,103.4,,,,21.927,22.974,23.745,20.779,,,,,,
3103,103.433,,,,21.927,22.974,23.745,20.779,,,,,,
3104,103.467,,,,21.927,22.974,23.745,20.779,,,,,,
3105,103.5,,,,21.927,22.974,23.745,20.779,,,,,,
3106,103.533,,,,21.927,22.974,23.745,20.779,,,,,,
3107,103.567,,,,21.927,22.974,23.745,20.779,,,,,,
3108,103.6,,,,21.927,22.974,23.745,20.779,,,,,,
3109,103.633,,,,21.927,22.974,23.745,20.779,,,,,,
3110,103.667,,,,21.927,22.974,23.745,20.779,,,,,,
3111,103.7,,,,21.927,22.974,23.745,20.779,,,,,,
3112,103.733,,,,21.927,22.974,23.745,20.779,,,,,,
3113,103.767,,,,21.927,22.974,23.745,20.779,,,,,,
3114,103.8,,,,21.927,22.974,23.745,20.779,,,,,,
3115,103.833,,,,21.927,22.974,23.745,20.779,,,,,,
3116,103.867,3.065,3.147,bbox,21.927,22.974,23.745,20.779,3.2962,6.3031,,,,
3117,103.9,3.012,3.065,bbox,21.927,22.974,23.745,20.779,3.327,6.276,,,,
3118,103.933,3.012,3.065,bbox,22.019,22.974,23.9,20.779,3.3251,6.2606,,,,
3119,103.967,2.993,3.012,bbox,22.019,22.974,23.9,20.779,3.3321,6.2647,,,,
3120,104.0,2.064,3.012,pose,22.05,22.974,23.938,20.779,3.3291,6.2445,1.09,0.8044,0.6081,0.6915
3121,104.033,2.909,2.993,bbox,22.05,22.974,23.938,20.779,3.3269,6.2433,,,,
3122,104.067,2.858,2.909,bbox,22.05,22.974,23.938,20.779,3.3416,6.2285,,,,
3123,104.1,2.377,2.858,pose,22.05,22.974,23.938,20.779,3.3468,6.1923,0.7752,0.8355,0.2309,0.6213
3124,104.133,2.792,2.792,bbox,22.05,22.974,23.974,20.779,3.345,6.1506,,,,
3125,104.167,2.74,2.792,bbox,22.05,22.974,24.01,20.779,3.3524,6.1072,,,,
3126,104.2,0.922,2.74,pose,22.05,22.974,24.052,20.779,3.3694,6.0746,0.9137,0.2169,0.6493,0.1933
3127,104.233,2.693,2.693,bbox,22.05,22.974,24.095,20.779,3.3889,6.0631,,,,
3128,104.267,2.735,2.735,bbox,22.092,22.974,24.128,20.779,3.3873,6.0586,,,,
3129,104.3,2.741,2.735,bbox,22.092,22.974,24.128,20.779,3.3903,6.0571,0.818,,0.543,
3130,104.333,2.788,2.735,bbox,22.092,22.974,24.128,20.779,3.3822,6.0589,,,,
3131,104.367,2.842,2.741,bbox,22.092,22.974,24.128,20.779,3.373,6.073,,,,
3132,104.4,2.913,2.788,bbox,22.092,22.974,24.128,20.779,3.3675,6.1222,0.1172,,0.3182,
3133,104.433,2.931,2.842,bbox,22.092,22.974,24.128,20.779,3.3558,6.1528,,,,
3134,104.467,2.951,2.913,bbox,22.092,22.974,24.128,20.827,3.3496,6.1858,,,,
3135,104.5,2.941,2.931,bbox,22.092,22.974,24.128,20.857,3.3579,6.2164,1.0009,,0.7311,
3136,104.533,2.977,2.941,bbox,22.092,22.974,24.128,20.89,3.3306,6.2646,,,,
3137,104.567,2.952,2.951,bbox,22.092,22.974,24.128,20.921,3.3021,6.2422,,,,
3138,104.6,3.012,2.952,bbox,22.092,23.012,24.128,20.921,3.2745,6.3104,0.4897,,0.6664,
3139,104.633,2.858,2.952,bbox,22.092,23.012,24.128,20.921,3.2744,6.1885,,,,
3140,104.667,3.031,2.977,bbox,22.092,23.069,24.128,20.969,3.2735,6.3458,,,,
3141,104.7,3.091,3.012,bbox,22.092,23.069,24.128,21.015,3.2733,6.3869,0.4079,,0.7332,
3142,104.733,3.099,3.031,bbox,22.092,23.069,24.128,21.05,3.3137,6.4345,,,,
3143,104.767,3.152,3.091,bbox,22.092,23.069,24.128,21.091,3.3861,6.504,,,,
3144,104.8,3.296,3.099,bbox,22.092,23.069,24.128,21.139,3.297,6.507,0.6929,,0.5694,
3145,104.833,3.293,3.152,bbox,22.092,23.069,24.128,21.198,3.2993,6.4936,,,,
3146,104.867,3.323,3.293,bbox,22.092,23.069,24.128,21.198,3.2439,6.4885,,,,
3147,104.9,,,,22.092,23.069,24.128,21.198,,,,,,
3148,104.933,3.31,3.296,bbox,22.092,23.069,24.128,21.198,3.2069,6.4815,,,,
3149,104.967,3.218,3.296,bbox,22.092,23.099,24.128,21.198,3.2038,6.474,,,,
3150,105.0,,,,22.092,23.099,24.128,21.198,,,,,,
3151,105.033,3.191,3.293,bbox,22.092,23.136,24.128,21.198,3.1608,6.4669,,,,
3152,105.067,,,,22.092,23.136,24.128,21.198,,,,,,
3153,105.1,,,,22.092,23.136,24.128,21.198,,,,,,
3154,105.133,,,,22.092,23.136,24.128,21.198,,,,,,
3155,105.167,,,,22.092,23.136,24.128,21.198,,,,,,
3156,105.2,,,,22.092,23.136,24.128,21.198,,,,,,
3157,105.233,,,,22.092,23.136,24.128,21.198,,,,,,
3158,105.267,,,,22.092,23.136,24.128,21.198,,,,,,
3159,105.3,,,,22.092,23.136,24.128,21.198,,,,,,
3160,105.333,3.44,3.31,bbox,22.092,23.136,24.128,21.198,2.7352,6.2749,,,,
3161,105.367,3.408,3.31,bbox,22.092,23.182,24.128,21.198,2.7183,6.252,,,,
3162,105.4,3.462,3.408,bbox,22.092,23.332,24.305,21.198,2.6238,6.2102,,,,
3163,105.433,,,,22.092,23.332,24.305,21.198,,,,,,
3164,105.467,,,,22.092,23.332,24.305,21.198,,,,,,
3165,105.5,,,,22.092,23.332,24.305,21.198,,,,,,
3166,105.533,3.454,3.44,bbox,22.092,23.332,24.305,21.198,2.3678,5.9061,,,,
3167,105.567,3.473,3.454,bbox,22.092,23.444,24.37,21.198,2.3165,5.8626,,,,
3168,105.6,3.439,3.454,bbox,22.092,23.594,24.52,21.198,2.2804,5.819,0.0864,,-0.4308,
3169,105.633,3.36,3.454,bbox,22.092,23.645,24.563,21.198,2.2474,5.7935,,,,
3170,105.667,3.36,3.439,bbox,22.092,23.681,24.607,21.198,2.2243,5.7594,,,,
3171,105.7,3.343,3.36,bbox,22.092,23.714,24.607,21.198,2.2115,5.7178,0.7269,,0.7468,
3172,105.733,3.292,3.36,bbox,22.092,23.714,24.666,21.198,2.1955,5.6863,,,,
3173,105.767,3.306,3.343,bbox,22.092,23.75,24.708,21.198,2.183,5.6578,,,,
3174,105.8,3.389,3.343,bbox,22.092,23.75,24.739,21.198,2.1622,5.6367,0.2482,,0.7308,
3175,105.833,,,,22.092,23.75,24.739,21.198,,,,,,
3176,105.867,3.404,3.343,bbox,22.092,23.75,24.739,21.198,2.1996,5.5868,,,,
3177,105.9,3.298,3.306,bbox,22.092,23.75,24.789,21.198,2.177,5.5614,0.4715,,0.492,
3178,105.933,,,,22.092,23.75,24.789,21.198,,,,,,
3179,105.967,3.09,3.306,bbox,22.092,23.75,24.839,21.198,2.233,5.4294,,,,
3180,106.0,3.11,3.298,bbox,22.092,23.784,24.839,21.198,2.1484,5.3555,0.7683,,0.7212,
3181,106.033,,,,22.092,23.784,24.839,21.198,,,,,,
3182,106.067,3.129,3.129,bbox,22.092,23.784,24.996,21.198,2.0723,5.2499,,,,
3183,106.1,,,,22.092,23.784,24.996,21.198,,,,,,
3184,106.133,3.094,3.11,bbox,22.092,23.784,25.07,21.198,2.0552,5.1929,,,,
3185,106.167,,,,22.092,23.784,25.07,21.198,,,,,,
3186,106.2,2.987,3.094,bbox,22.092,23.889,25.176,21.198,2.0423,5.1241,0.0695,,0.7973,
3187,106.233,3.008,3.094,bbox,22.092,23.889,25.233,21.198,2.0341,5.094,,,,
3188,106.267,3.024,3.024,bbox,22.092,23.919,25.302,21.198,2.0344,5.0601,,,,
3189,106.3,3.041,3.024,bbox,22.092,23.919,25.332,21.198,2.0447,5.0243,0.0368,,0.5892,
3190,106.333,3.045,3.024,bbox,22.092,23.919,25.365,21.198,2.0506,5.0041,,,,
3191,106.367,3.02,3.024,bbox,22.092,23.919,25.401,21.198,2.0612,4.9844,,,,
3192,106.4,,,,22.092,23.919,25.401,21.198,,,,,,
3193,106.433,,,,22.092,23.919,25.401,21.198,,,,,,
3194,106.467,,,,22.092,23.919,25.401,21.198,,,,,,
3195,106.5,,,,22.092,23.919,25.401,21.198,,,,,,
3196,106.533,,,,22.092,23.919,25.401,21.198,,,,,,
3197,106.567,,,,22.092,23.919,25.401,21.198,,,,,,
3198,106.6,2.815,3.024,bbox,22.092,23.919,25.401,21.198,2.0775,4.8988,0.1048,,-0.3062,
3199,106.633,,,,22.092,23.919,25.401,21.198,,,,,,
3200,106.667,2.844,3.02,bbox,22.092,23.919,25.441,21.198,2.0991,4.9038,,,,
3201,106.7,2.869,2.869,bbox,22.128,23.919,25.51,21.198,2.1199,4.916,0.1302,,0.0112,
3202,106.733,,,,22.128,23.919,25.51,21.198,,,,,,
3203,106.767,2.878,2.869,bbox,22.128,23.919,25.51,21.198,2.1498,4.9426,,,,
3204,106.8,2.886,2.869,bbox,22.17,23.919,25.51,21.198,2.1498,4.9794,0.2094,,0.683,
3205,106.833,2.884,2.878,bbox,22.17,23.919,25.51,21.198,2.1456,5.0053,,,,
3206,106.867,2.835,2.878,bbox,22.17,23.919,25.51,21.262,2.1535,5.0114,,,,
3207,106.9,2.829,2.878,bbox,22.17,23.919,25.51,21.262,2.1412,5.0406,1.0219,,0.7089,
3208,106.933,2.873,2.873,bbox,22.17,23.919,25.51,21.294,2.13,5.0782,,,,
3209,106.967,2.956,2.873,bbox,22.17,23.919,25.51,21.294,2.1371,5.1417,,,,
3210,107.0,3.006,2.873,bbox,22.17,23.919,25.51,21.36,2.1462,5.2067,0.3181,,0.6401,
3211,107.033,3.085,2.956,bbox,22.17,23.919,25.51,21.424,2.1513,5.2488,,,,
3212,107.067,3.151,3.006,bbox,22.17,23.919,25.51,21.489,2.1596,5.2967,,,,
3213,107.1,3.213,3.085,bbox,22.201,23.919,25.51,21.531,2.1827,5.3228,0.7851,,0.4959,
3214,107.133,3.196,3.151,bbox,22.201,23.919,25.51,21.579,2.1996,5.354,,,,
3215,107.167,3.269,3.196,bbox,22.233,23.919,25.51,21.579,2.2098,5.379,,,,
3216,107.2,3.201,3.201,bbox,22.233,23.919,25.51,21.636,2.2174,5.3868,1.0607,,0.6234,
3217,107.233,3.267,3.213,bbox,22.233,23.919,25.51,21.636,2.2165,5.4169,,,,
3218,107.267,3.191,3.201,bbox,22.233,23.919,25.51,21.669,2.2035,5.4517,,,,
3219,107.3,2.763,3.201,pose,22.233,23.919,25.51,21.699,2.2086,5.4719,1.054,0.1453,0.6913,0.6515
3220,107.333,3.112,3.191,bbox,22.233,23.919,25.51,21.734,2.2039,5.4859,,,,
3221,107.367,3.099,3.112,bbox,22.233,23.919,25.51,21.734,2.2069,5.4978,,,,
3222,107.4,3.155,3.112,bbox,22.233,23.919,25.51,21.768,2.2051,5.5065,,,,
3223,107.433,3.182,3.112,bbox,22.233,23.919,25.51,21.768,2.2228,5.5055,,,,
3224,107.467,3.164,3.155,bbox,22.233,23.919,25.51,21.768,2.2303,5.5,,,,
3225,107.5,3.109,3.155,bbox,22.273,23.919,25.51,21.768,2.2505,5.4898,,,,
3226,107.533,3.08,3.155,bbox,22.273,23.919,25.51,21.768,2.2542,5.4768,,,,
3227,107.567,3.092,3.109,bbox,22.273,23.919,25.51,21.768,2.2585,5.468,,,,
3228,107.6,,,,22.273,23.919,25.51,21.768,,,,,,
3229,107.633,,,,22.273,23.919,25.51,21.768,,,,,,
3230,107.667,,,,22.273,23.919,25.51,21.768,,,,,,
3231,107.7,3.038,3.092,bbox,22.304,23.919,25.51,21.768,2.2639,5.3873,,,,
3232,107.733,3.018,3.08,bbox,22.304,23.919,25.51,21.768,2.2668,5.3555,,,,
3233,107.767,3.029,3.038,bbox,22.304,23.919,25.608,21.768,2.2694,5.3347,,,,
3234,107.8,3.018,3.029,bbox,22.304,23.919,25.64,21.768,2.2665,5.326,,,,
3235,107.833,3.082,3.029,bbox,22.304,23.919,25.64,21.768,2.2726,5.3197,,,,
3236,107.867,3.093,3.029,bbox,22.304,23.919,25.64,21.768,2.2759,5.2934,,,,
3237,107.9,3.085,3.082,bbox,22.304,23.919,25.676,21.768,2.2853,5.2832,0.8107,,0.72,
3238,107.933,3.09,3.085,bbox,22.304,23.919,25.676,21.768,2.2843,5.2705,,,,
3239,107.967,3.101,3.09,bbox,22.304,23.919,25.712,21.768,2.283,5.2698,,,,
3240,108.0,,,,22.304,23.919,25.712,21.768,,,,,,
3241,108.033,,,,22.304,23.919,25.712,21.768,,,,,,
3242,108.067,3.094,3.093,bbox,22.334,23.919,25.712,21.768,2.3089,5.2497,,,,
3243,108.1,3.066,3.09,bbox,22.334,23.919,25.712,21.768,2.3133,5.2567,0.8165,,0.6687,
3244,108.133,2.989,3.09,bbox,22.334,23.919,25.712,21.768,2.3038,5.2439,,,,
3245,108.167,2.926,3.066,bbox,22.334,23.919,25.746,21.768,2.3096,5.2215,,,,
3246,108.2,2.88,2.989,bbox,22.334,23.919,25.746,21.768,2.3092,5.1937,0.9077,,0.708,
3247,108.233,2.772,2.926,bbox,22.334,23.919,25.746,21.768,2.3144,5.1441,,,,
3248,108.267,2.712,2.88,bbox,22.334,23.919,25.802,21.768,2.3136,5.1085,,,,
3249,108.3,2.692,2.772,bbox,22.334,23.919,25.851,21.768,2.3157,5.0704,0.8843,,0.7279,
3250,108.333,2.674,2.712,bbox,22.364,23.919,25.887,21.768,2.3283,5.0314,,,,
3251,108.367,2.702,2.702,bbox,22.364,23.919,25.925,21.768,2.3322,5.0444,,,,
3252,108.4,2.691,2.692,bbox,22.364,23.919,25.925,21.768,2.3325,5.0169,0.8666,,0.7081,
3253,108.433,2.737,2.692,bbox,22.364,23.919,25.925,21.768,2.3297,5.0529,,,,
3254,108.467,2.764,2.702,bbox,22.364,23.919,25.925,21.768,2.337,5.0766,,,,
3255,108.5,2.795,2.737,bbox,22.364,23.919,25.925,21.768,2.3383,5.1143,0.889,,0.6487,
3256,108.533,2.835,2.764,bbox,22.364,23.919,25.925,21.768,2.3405,5.1685,,,,
3257,108.567,2.874,2.795,bbox,22.364,23.919,25.925,21.812,2.351,5.2225,,,,
3258,108.6,2.928,2.835,bbox,22.364,23.919,25.925,21.866,2.3637,5.3005,0.4582,,0.5959,
3259,108.633,2.969,2.874,bbox,22.401,23.919,25.925,21.92,2.3668,5.3857,,,,
3260,108.667,3.015,2.928,bbox,22.401,23.919,25.925,21.998,2.3631,5.4177,,,,
3261,108.7,3.005,2.969,bbox,22.401,23.919,25.925,22.083,2.3674,5.4059,0.8411,,0.7179,
3262,108.733,2.993,2.993,bbox,22.401,23.919,25.925,22.083,2.3779,5.3956,,,,
3263,108.767,2.99,2.993,bbox,22.401,23.919,25.925,22.083,2.3913,5.3806,,,,
3264,108.8,2.926,2.993,bbox,22.401,23.919,25.925,22.083,2.4158,5.3622,0.7943,,0.7236,
3265,108.833,2.918,2.99,bbox,22.441,23.919,25.925,22.083,2.4137,5.3552,,,,
3266,108.867,2.889,2.926,bbox,22.441,23.919,25.925,22.083,2.4148,5.3415,,,,
3267,108.9,2.886,2.918,bbox,22.441,23.919,25.956,22.083,2.4236,5.3399,0.7855,,0.6656,
3268,108.933,2.853,2.889,bbox,22.441,23.919,25.956,22.083,2.4557,5.3286,,,,
3269,108.967,2.821,2.886,bbox,22.474,23.919,25.956,22.083,2.4746,5.3209,,,,
3270,109.0,2.804,2.853,bbox,22.506,23.919,25.956,22.083,2.4854,5.3216,0.4756,,0.6576,
3271,109.033,2.865,2.853,bbox,22.506,23.919,25.956,22.083,2.4626,5.3384,,,,
3272,109.067,2.882,2.853,bbox,22.506,23.919,25.956,22.083,2.4609,5.3573,,,,
3273,109.1,2.857,2.857,bbox,22.506,23.919,25.956,22.083,2.4739,5.3291,0.7819,,0.779,
3274,109.133,2.809,2.857,bbox,22.506,23.919,25.956,22.083,2.4812,5.2887,,,,
3275,109.167,2.765,2.857,bbox,22.506,23.919,25.956,22.083,2.4876,5.2375,,,,
3276,109.2,2.735,2.809,bbox,22.506,23.919,26.022,22.083,2.4968,5.1892,0.1848,,0.8271,
3277,109.233,2.667,2.765,bbox,22.538,23.919,26.073,22.083,2.5167,5.1359,,,,
3278,109.267,2.608,2.735,bbox,22.538,23.919,26.122,22.083,2.5455,5.0924,,,,
3279,109.3,2.535,2.667,pose,22.538,23.919,26.175,22.083,2.5647,5.0199,0.1206,0.1588,-0.4033,0.0808
3280,109.333,2.436,2.608,bbox,22.596,23.919,26.218,22.083,2.5973,4.9646,,,,
3281,109.367,2.457,2.535,bbox,22.596,23.919,26.291,22.083,2.6083,4.9896,,,,
3282,109.4,2.461,2.461,bbox,22.647,23.919,26.291,22.083,2.6039,5.0222,0.5011,,0.7254,
3283,109.433,2.472,2.461,bbox,22.647,23.919,26.291,22.083,2.5984,5.0713,,,,
3284,109.467,2.498,2.461,bbox,22.647,23.919,26.291,22.083,2.5627,5.0484,,,,
3285,109.5,2.475,2.472,bbox,22.647,23.919,26.291,22.083,2.5081,5.0151,,,,
3286,109.533,2.532,2.475,bbox,22.647,23.954,26.291,22.083,2.4772,5.011,,,,
3287,109.567,,,,22.647,23.954,26.291,22.083,,,,,,
3288,109.6,2.667,2.498,bbox,22.647,24.008,26.291,22.083,2.3761,5.0386,,0.196,,0.142
3289,109.633,2.752,2.532,bbox,22.647,24.039,26.291,22.083,2.3499,5.0821,,,,
3290,109.667,,,,22.647,24.039,26.291,22.083,,,,,,
3291,109.7,2.928,2.667,bbox,22.647,24.135,26.291,22.083,2.3814,5.1739,0.1266,,0.2323,
3292,109.733,2.989,2.752,bbox,22.647,24.135,26.291,22.146,2.3782,5.2173,,,,
3293,109.767,3.067,2.928,bbox,22.647,24.135,26.291,22.237,2.3827,5.2672,,,,
3294,109.8,3.067,2.989,bbox,22.647,24.135,26.291,22.281,2.3766,5.3136,,0.0656,,0.2307
3295,109.833,3.074,3.067,bbox,22.647,24.135,26.291,22.331,2.3842,5.3578,,,,
3296,109.867,3.019,3.067,bbox,22.647,24.135,26.291,22.377,2.406,5.3729,,,,
3297,109.9,,,,22.647,24.135,26.291,22.377,,,,,,
3298,109.933,3.058,3.067,bbox,22.647,24.135,26.291,22.421,2.4232,5.48,,,,
3299,109.967,,,,22.647,24.135,26.291,22.421,,,,,,
3300,110.0,2.023,3.058,pose,22.647,24.135,26.291,22.421,2.4386,5.4667,0.4289,0.0246,0.7593,0.0462
3301,110.033,3.404,3.058,bbox,22.689,24.135,26.291,22.53,2.4879,5.5879,,,,
3302,110.067,3.075,3.058,bbox,22.689,24.135,26.291,22.53,2.4581,5.6221,,,,
3303,110.1,3.105,3.075,bbox,22.724,24.135,26.291,22.651,2.4622,5.6309,,,,
3304,110.133,3.117,3.105,bbox,22.724,24.135,26.291,22.682,2.4758,5.619,,,,
3305,110.167,3.168,3.117,bbox,22.724,24.135,26.291,22.682,2.5056,5.6382,,,,
3306,110.2,3.379,3.117,pose,22.724,24.135,26.291,22.682,2.5236,5.6473,0.0285,0.4934,0.4796,0.6902
3307,110.233,3.255,3.168,bbox,22.772,24.135,26.291,22.682,2.5627,5.6829,,,,
3308,110.267,3.312,3.255,bbox,22.772,24.135,26.291,22.682,2.5977,5.6797,,,,
3309,110.3,,,,22.772,24.135,26.291,22.682,,,,,,
3310,110.333,3.285,3.285,bbox,22.829,24.135,26.291,22.743,2.6454,5.7096,,,,
3311,110.367,3.212,3.285,bbox,22.864,24.135,26.291,22.743,2.6612,5.7014,,,,
3312,110.4,3.055,3.255,bbox,22.911,24.135,26.291,22.743,2.684,5.6979,0.4014,,0.6915,
3313,110.433,3.029,3.212,bbox,22.911,24.135,26.291,22.743,2.7403,5.6564,,,,
3314,110.467,2.923,3.055,bbox,22.95,24.135,26.291,22.743,2.7933,5.641,,,,
3315,110.5,2.883,3.029,bbox,23.006,24.135,26.291,22.743,2.8398,5.6061,0.7141,,0.5782,
3316,110.533,2.864,2.923,bbox,23.059,24.135,26.33,22.743,2.8825,5.5574,,,,
3317,110.567,2.884,2.884,bbox,23.106,24.135,26.365,22.743,2.9242,5.5586,,,,
3318,110.6,2.925,2.884,bbox,23.148,24.135,26.412,22.743,2.969,5.5533,,,,
3319,110.633,2.926,2.884,bbox,23.19,24.135,26.412,22.743,2.9925,5.5435,,,,
3320,110.667,2.912,2.912,bbox,23.235,24.135,26.412,22.743,3.0601,5.5541,,,,
3321,110.7,2.847,2.912,bbox,23.235,24.135,26.412,22.743,3.1458,5.5627,0.1558,,-0.0024,
3322,110.733,,,,23.235,24.135,26.412,22.743,,,,,,
3323,110.767,2.653,2.912,bbox,23.326,24.135,26.412,22.743,3.3529,5.6306,,,,
3324,110.8,2.749,2.847,bbox,23.412,24.135,26.412,22.743,3.2653,5.6595,,,,
3325,110.833,2.502,2.749,bbox,23.531,24.135,26.412,22.815,3.535,5.704,,,,
3326,110.867,2.372,2.653,bbox,23.619,24.135,26.412,22.815,3.5769,5.6538,,,,
3327,110.9,2.361,2.502,bbox,23.751,24.135,26.412,22.815,3.4851,5.6846,,,,
3328,110.933,2.292,2.372,bbox,23.801,24.135,26.412,22.869,3.5422,5.7067,,,,
3329,110.967,,,,23.801,24.135,26.412,22.869,,,,,,
3330,111.0,2.508,2.372,bbox,23.801,24.135,26.412,22.869,3.7496,6.0762,,,,
3331,111.033,2.4,2.372,bbox,23.843,24.135,26.412,22.869,3.8074,6.1491,,,,
3332,111.067,2.063,2.361,bbox,23.993,24.135,26.412,23.041,3.859,5.9732,,,,
3333,111.1,2.098,2.292,bbox,24.051,24.135,26.412,23.091,3.9078,6.0224,0.2938,,0.4144,
3334,111.133,2.156,2.156,bbox,24.102,24.135,26.412,23.144,3.9528,6.0999,,,,
3335,111.167,2.246,2.156,bbox,24.151,24.135,26.412,23.144,3.9798,6.1935,,,,
3336,111.2,,,,24.151,24.135,26.412,23.144,,,,,,
3337,111.233,,,,24.151,24.135,26.412,23.144,,,,,,
3338,111.267,,,,24.151,24.135,26.412,23.144,,,,,,
3339,111.3,,,,24.151,24.135,26.412,23.144,,,,,,
3340,111.333,2.448,2.156,bbox,24.196,24.135,26.412,23.144,4.043,6.4382,,,,
3341,111.367,,,,24.196,24.135,26.412,23.144,,,,,,
3342,111.4,,,,24.196,24.135,26.412,23.144,,,,,,
3343,111.433,2.446,2.246,bbox,24.196,24.135,26.412,23.262,4.0242,6.4568,,,,
3344,111.467,,,,24.196,24.135,26.412,23.262,,,,,,
3345,111.5,,,,24.196,24.135,26.412,23.262,,,,,,
3346,111.533,,,,24.196,24.135,26.412,23.262,,,,,,
3347,111.567,,,,24.196,24.135,26.412,23.262,,,,,,
3348,111.6,2.682,2.446,bbox,24.196,24.135,26.412,23.412,3.9507,6.7626,0.1541,,0.5813,
3349,111.633,2.734,2.448,bbox,24.196,24.135,26.412,23.412,3.9288,6.868,,,,
3350,111.667,2.866,2.682,bbox,24.196,24.135,26.412,23.58,3.9286,6.9674,,,,
3351,111.7,,,,24.196,24.135,26.412,23.58,,,,,,
3352,111.733,,,,24.196,24.135,26.412,23.58,,,,,,
3353,111.767,3.133,2.734,bbox,24.196,24.135,26.412,23.686,3.9306,7.0762,,,,
3354,111.8,3.285,2.866,bbox,24.196,24.135,26.412,23.785,3.9461,7.2373,0.7126,,0.5384,
3355,111.833,,,,24.196,24.135,26.412,23.785,,,,,,
3356,111.867,,,,24.196,24.135,26.412,23.785,,,,,,
3357,111.9,,,,24.196,24.135,26.412,23.785,,,,,,
3358,111.933,,,,24.196,24.135,26.412,23.785,,,,,,
3359,111.967,,,,24.196,24.135,26.412,23.785,,,,,,
3360,112.0,,,,24.196,24.135,26.412,23.785,,,,,,
3361,112.033,,,,24.196,24.135,26.412,23.785,,,,,,
3362,112.067,3.047,3.047,bbox,24.196,24.135,26.412,23.894,4.2898,7.239,,,,
3363,112.1,3.026,3.047,bbox,24.196,24.135,26.412,24.037,4.2974,7.2198,,,,
3364,112.133,3.013,3.047,bbox,24.339,24.135,26.412,24.037,4.3392,7.2255,,,,
3365,112.167,3.01,3.026,bbox,24.339,24.135,26.412,24.037,4.3435,7.2254,,,,
3366,112.2,2.908,3.013,bbox,24.389,24.135,26.412,24.037,4.5037,7.2404,,,,
3367,112.233,2.861,3.01,bbox,24.389,24.135,26.412,24.037,4.5919,7.2396,,,,
3368,112.267,2.847,2.908,bbox,24.543,24.135,26.412,24.037,4.6106,7.2378,,,,
3369,112.3,2.559,2.861,bbox,24.631,24.135,26.412,24.037,4.8679,7.1564,,,,
3370,112.333,2.4,2.847,bbox,24.631,24.135,26.412,24.037,4.937,7.0868,,,,
3371,112.367,2.366,2.559,bbox,24.8,24.135,26.475,24.037,4.9577,7.0722,,,,
3372,112.4,2.25,2.4,bbox,24.8,24.135,26.545,24.037,4.8617,6.9603,,,,
3373,112.433,,,,24.8,24.135,26.545,24.037,,,,,,
3374,112.467,,,,24.8,24.135,26.545,24.037,,,,,,
3375,112.5,,,,24.8,24.135,26.545,24.037,,,,,,
3376,112.533,,,,24.8,24.135,26.545,24.037,,,,,,
3377,112.567,,,,24.8,24.135,26.545,24.037,,,,,,
3378,112.6,1.434,2.366,bbox,24.869,24.135,26.545,24.037,4.998,6.3652,,,,
3379,112.633,1.426,2.25,bbox,24.869,24.135,26.671,24.037,4.9939,6.3595,,,,
3380,112.667,1.432,1.434,bbox,24.869,24.135,26.821,24.037,4.9504,6.3044,,,,
3381,112.7,1.515,1.434,bbox,24.869,24.135,26.821,24.037,4.7134,6.1462,,,,
3382,112.733,1.525,1.434,bbox,24.869,24.135,26.882,24.037,4.6894,6.131,,,,
3383,112.767,1.585,1.515,bbox,24.869,24.272,27.032,24.037,4.6288,6.1269,,,,
3384,112.8,1.467,1.515,bbox,24.869,24.272,27.032,24.037,4.5945,5.9594,0.0308,,0.7534,
3385,112.833,1.459,1.515,bbox,24.869,24.356,27.032,24.037,4.5899,5.9436,,,,
3386,112.867,1.382,1.467,bbox,24.869,24.391,27.202,24.037,4.5648,5.8474,,,,
3387,112.9,1.33,1.459,bbox,24.869,24.391,27.202,24.037,4.5541,5.6762,0.3288,,0.5887,
3388,112.933,1.311,1.382,bbox,24.869,24.391,27.314,24.037,4.5539,5.6517,,,,
3389,112.967,1.198,1.33,bbox,24.869,24.431,27.464,24.037,4.5134,5.601,,,,
3390,113.0,1.132,1.311,bbox,24.869,24.431,27.464,24.037,4.4693,5.5234,,0.0464,,0.6234
3391,113.033,1.132,1.198,bbox,24.869,24.472,27.539,24.037,4.4656,5.52,,,,
3392,113.067,1.08,1.132,bbox,24.869,24.51,27.617,24.037,4.4747,5.4884,,,,
3393,113.1,1.033,1.132,bbox,24.869,24.51,27.617,24.037,4.4684,5.4476,,0.0076,,0.6702
3394,113.133,0.978,1.08,bbox,24.869,24.51,27.652,24.037,4.4589,5.3978,,,,
3395,113.167,0.931,1.033,bbox,24.869,24.51,27.692,24.037,4.4539,5.3605,,,,
3396,113.2,1.164,1.033,bbox,24.869,24.51,27.742,24.037,4.4529,5.3239,0.0255,,0.3878,
3397,113.233,1.129,1.033,bbox,24.869,24.51,27.78,24.037,4.4407,5.2717,,,,
3398,113.267,1.171,1.129,bbox,24.869,24.51,27.816,24.037,4.3589,5.2322,,,,
3399,113.3,,,,24.869,24.51,27.816,24.037,,,,,,
3400,113.333,1.116,1.129,bbox,24.869,24.544,27.868,24.037,4.2729,5.1548,,,,
3401,113.367,1.109,1.129,bbox,24.869,24.626,27.908,24.037,4.25,5.1161,,,,
3402,113.4,2.28,1.129,pose,24.869,24.712,27.985,24.037,4.2375,5.1074,0.0712,0.3044,0.4769,0.2713
3403,113.433,1.13,1.13,bbox,24.869,24.712,28.024,24.037,4.2115,5.0928,,,,
3404,113.467,1.19,1.13,bbox,24.869,24.747,28.024,24.037,4.1697,5.0845,,,,
3405,113.5,1.229,1.19,bbox,24.869,24.747,28.024,24.037,4.1447,5.0923,0.0388,,0.4206,
3406,113.533,1.142,1.19,bbox,24.869,24.815,28.024,24.037,4.1188,5.0759,,,,
3407,113.567,1.266,1.19,bbox,24.869,24.815,28.024,24.037,4.1178,5.0989,,,,
3408,113.6,0.813,1.19,pose,24.869,24.866,28.056,24.037,4.1119,5.0727,0.6304,0.0476,0.7049,0.4422
3409,113.633,1.044,1.142,bbox,24.869,24.866,28.056,24.037,4.0866,5.0772,,,,
3410,113.667,1.082,1.082,bbox,24.869,24.866,28.056,24.037,4.0441,5.0827,,,,
3411,113.7,0.61,1.044,pose,24.869,24.898,28.056,24.037,4.0087,5.109,0.4366,0.5256,0.6654,0.7092
3412,113.733,1.247,1.044,bbox,24.869,24.941,28.056,24.037,3.9672,5.1569,,,,
3413,113.767,1.33,1.082,bbox,24.869,24.976,28.056,24.037,3.9059,5.1699,,,,
3414,113.8,1.364,1.247,bbox,24.869,25.018,28.056,24.11,3.833,5.1677,,0.7503,,0.6727
3415,113.833,1.459,1.33,bbox,24.869,25.079,28.056,24.11,3.7401,5.1754,,,,
3416,113.867,1.506,1.364,bbox,24.869,25.152,28.056,24.11,3.7029,5.1935,,,,
3417,113.9,1.571,1.459,bbox,24.869,25.245,28.056,24.11,3.6341,5.2164,,0.6454,,0.6383
3418,113.933,1.639,1.506,bbox,24.869,25.282,28.056,24.146,3.5929,5.2568,,,,
3419,113.967,1.706,1.571,bbox,24.869,25.351,28.056,24.146,3.5604,5.2972,,,,
3420,114.0,1.968,1.639,bbox,24.869,25.392,28.056,24.21,3.526,5.5157,0.2309,,0.6743,
3421,114.033,2.086,1.706,bbox,24.869,25.425,28.056,24.25,3.4872,5.5949,,,,
3422,114.067,2.148,1.968,bbox,24.869,25.459,28.056,24.4,3.4418,5.616,,,,
3423,114.1,2.206,2.086,bbox,24.869,25.498,28.056,24.479,3.4042,5.6622,0.0198,,0.3346,
3424,114.133,2.304,2.148,bbox,24.869,25.543,28.056,24.479,3.3881,5.7456,,,,
3425,114.167,2.36,2.206,bbox,24.869,25.581,28.056,24.547,3.3669,5.7939,,,,
3426,114.2,2.387,2.304,bbox,24.869,25.581,28.056,24.63,3.3394,5.8322,,0.1512,,0.7192
3427,114.233,2.438,2.36,bbox,24.869,25.618,28.056,24.678,3.3018,5.8866,,,,
3428,114.267,2.554,2.387,bbox,24.869,25.618,28.056,24.717,3.2498,5.9161,,,,
3429,114.3,2.112,2.387,pose,24.869,25.683,28.056,24.771,3.1954,5.937,0.021,0.4886,0.3694,0.7156
3430,114.333,2.646,2.438,bbox,24.869,25.735,28.056,24.771,3.1752,5.9683,,,,
3431,114.367,2.674,2.554,bbox,24.869,25.79,28.056,24.821,3.1468,5.9962,,,,
3432,114.4,2.867,2.646,bbox,24.869,25.79,28.056,24.853,3.0486,6.0259,,0.0914,,0.58
3433,114.433,3.049,2.674,bbox,24.869,25.838,28.056,24.853,2.9807,6.0747,,,,
3434,114.467,3.047,2.867,bbox,24.869,25.936,28.056,24.91,2.9476,6.1038,,,,
3435,114.5,3.112,3.047,bbox,24.869,26.004,28.056,24.959,2.9172,6.1797,0.011,,-0.0235,
3436,114.533,3.164,3.049,bbox,24.869,26.037,28.056,24.959,2.8927,6.236,,,,
3437,114.567,3.269,3.112,bbox,24.869,26.068,28.056,25.064,2.8848,6.2659,,,,
3438,114.6,3.229,3.164,bbox,24.869,26.068,28.056,25.12,2.867,6.3166,,,,
3439,114.633,3.326,3.229,bbox,24.869,26.1,28.056,25.12,2.8383,6.3798,,,,
3440,114.667,3.388,3.269,bbox,24.869,26.1,28.056,25.201,2.8225,6.4306,,,,
3441,114.7,3.64,3.326,pose,24.869,26.147,28.056,25.264,2.7945,6.4591,0.0209,0.0661,0.0724,0.7312
3442,114.733,3.52,3.388,bbox,24.869,26.147,28.056,25.315,2.7647,6.5019,,,,
3443,114.767,,,,24.869,26.147,28.056,25.315,,,,,,
3444,114.8,,,,24.869,26.147,28.056,25.315,,,,,,
3445,114.833,,,,24.869,26.147,28.056,25.315,,,,,,
3446,114.867,,,,24.869,26.147,28.056,25.315,,,,,,
3447,114.9,,,,24.869,26.147,28.056,25.315,,,,,,
3448,114.933,3.809,3.52,bbox,24.869,26.19,28.056,25.315,2.615,6.6446,,,,
3449,114.967,3.919,3.64,bbox,24.869,26.19,28.056,25.386,2.57,6.6711,,,,
3450,115.0,4.348,3.809,bbox,24.869,26.37,28.056,25.529,2.5197,6.6937,,0.6027,,0.7057
3451,115.033,,,,24.869,26.37,28.056,25.529,,,,,,
3452,115.067,,,,24.869,26.37,28.056,25.529,,,,,,
3453,115.1,,,,24.869,26.37,28.056,25.529,,,,,,
3454,115.133,,,,24.869,26.37,28.056,25.529,,,,,,
3455,115.167,,,,24.869,26.37,28.056,25.529,,,,,,
3456,115.2,,,,24.869,26.37,28.056,25.529,,,,,,
3457,115.233,,,,24.869,26.37,28.056,25.529,,,,,,
3458,115.267,,,,24.869,26.37,28.056,25.529,,,,,,
3459,115.3,,,,24.869,26.37,28.056,25.529,,,,,,
3460,115.333,,,,24.869,26.37,28.056,25.529,,,,,,
3461,115.367,,,,24.869,26.37,28.056,25.529,,,,,,
3462,115.4,,,,24.869,26.37,28.056,25.529,,,,,,
3463,115.433,,,,24.869,26.37,28.056,25.529,,,,,,
3464,115.467,,,,24.869,26.37,28.056,25.529,,,,,,
3465,115.5,,,,24.869,26.37,28.056,25.529,,,,,,
3466,115.533,,,,24.869,26.37,28.056,25.529,,,,,,
3467,115.567,,,,24.869,26.37,28.056,25.529,,,,,,
3468,115.6,,,,24.869,26.37,28.056,25.529,,,,,,
3469,115.633,5.581,3.919,bbox,24.869,26.415,28.056,25.529,1.7024,7.6366,,,,
3470,115.667,5.697,4.348,bbox,24.869,26.465,28.056,25.578,1.7085,7.6955,,,,
3471,115.7,5.164,5.164,pose,24.869,26.615,28.056,25.728,1.7054,7.7717,0.3903,0.1781,0.7562,0.6811
3472,115.733,5.619,5.581,bbox,24.869,26.615,28.056,25.787,1.6917,7.8479,,,,
3473,115.767,5.691,5.619,bbox,24.869,26.615,28.056,25.863,1.6699,7.9113,,,,
3474,115.8,5.444,5.619,pose,24.869,26.615,28.056,25.939,1.6166,7.9514,0.4526,0.076,0.6758,0.7192
3475,115.833,5.894,5.619,bbox,24.869,26.654,28.056,26.003,1.5944,7.9873,,,,
3476,115.867,,,,24.869,26.654,28.056,26.003,,,,,,
3477,115.9,5.878,5.691,bbox,24.869,26.707,28.056,26.043,1.5198,8.0429,0.3168,,0.7588,
3478,115.933,5.958,5.878,bbox,24.869,26.707,28.056,26.079,1.4838,8.0811,,,,
3479,115.967,5.981,5.894,bbox,24.869,26.804,28.056,26.134,1.4496,8.0864,,,,
3480,116.0,6.028,5.958,bbox,24.869,26.84,28.056,26.173,1.4122,8.1328,0.5499,,0.8013,
3481,116.033,6.179,5.981,bbox,24.869,26.874,28.056,26.173,1.398,8.1185,,,,
3482,116.067,,,,24.869,26.874,28.056,26.173,,,,,,
3483,116.1,6.68,6.028,bbox,24.869,26.912,28.056,26.21,1.3515,8.2085,,,,
3484,116.133,6.783,6.179,bbox,24.869,26.912,28.056,26.21,1.3304,8.323,,,,
3485,116.167,,,,24.869,26.912,28.056,26.21,,,,,,
3486,116.2,,,,24.869,26.912,28.056,26.21,,,,,,
3487,116.233,,,,24.869,26.912,28.056,26.21,,,,,,
3488,116.267,,,,24.869,26.912,28.056,26.21,,,,,,
3489,116.3,,,,24.869,26.912,28.056,26.21,,,,,,
3490,116.333,,,,24.869,26.912,28.056,26.21,,,,,,
3491,116.367,,,,24.869,26.912,28.056,26.21,,,,,,
3492,116.4,,,,24.869,26.912,28.056,26.21,,,,,,
3493,116.433,,,,24.869,26.912,28.056,26.21,,,,,,
3494,116.467,,,,24.869,26.912,28.056,26.21,,,,,,
3495,116.5,,,,24.869,26.912,28.056,26.21,,,,,,
3496,116.533,,,,24.869,26.912,28.056,26.21,,,,,,
3497,116.567,,,,24.869,26.912,28.056,26.21,,,,,,
3498,116.6,,,,24.869,26.912,28.056,26.21,,,,,,
3499,116.633,,,,24.869,26.912,28.056,26.21,,,,,,
3500,116.667,,,,24.869,26.912,28.056,26.21,,,,,,
3501,116.7,,,,24.869,26.912,28.056,26.21,,,,,,
3502,116.733,6.898,6.68,bbox,24.869,26.972,28.056,26.3,1.0707,8.7611,,,,
3503,116.767,,,,24.869,26.972,28.056,26.3,,,,,,
3504,116.8,,,,24.869,26.972,28.056,26.3,,,,,,
3505,116.833,,,,24.869,26.972,28.056,26.3,,,,,,
3506,116.867,,,,24.869,26.972,28.056,26.3,,,,,,
3507,116.9,,,,24.869,26.972,28.056,26.3,,,,,,
3508,116.933,7.447,6.783,bbox,24.869,26.972,28.056,26.415,1.2472,9.0964,,,,
3509,116.967,7.501,6.898,bbox,24.869,27.063,28.056,26.565,1.2605,9.1267,,,,
3510,117.0,7.394,7.394,pose,24.869,27.063,28.056,26.715,1.27,9.1546,0.0305,0.1133,0.1681,0.296
3511,117.033,7.55,7.447,bbox,24.869,27.063,28.056,26.745,1.2411,9.1679,,,,
3512,117.067,7.593,7.501,bbox,24.869,27.063,28.056,26.745,1.2356,9.1808,,,,
3513,117.1,7.541,7.541,bbox,24.869,27.063,28.056,26.786,1.2714,9.1926,0.7279,,0.6604,
3514,117.133,7.559,7.55,bbox,24.869,27.063,28.056,26.786,1.2744,9.212,,,,
3515,117.167,,,,24.869,27.063,28.056,26.786,,,,,,
3516,117.2,7.669,7.559,bbox,24.869,27.063,28.056,26.786,1.3033,9.2201,0.548,,0.7204,
3517,117.233,,,,24.869,27.063,28.056,26.786,,,,,,
3518,117.267,7.57,7.57,bbox,24.869,27.063,28.056,26.786,1.4866,9.1943,,,,
3519,117.3,7.569,7.569,bbox,24.912,27.063,28.056,26.786,1.5125,9.1862,,,,
3520,117.333,7.52,7.569,bbox,25.062,27.063,28.056,26.786,1.5656,9.1803,,,,
3521,117.367,,,,25.062,27.063,28.056,26.786,,,,,,
3522,117.4,,,,25.062,27.063,28.056,26.786,,,,,,
3523,117.433,,,,25.062,27.063,28.056,26.786,,,,,,
3524,117.467,7.133,7.569,bbox,25.062,27.063,28.056,26.786,1.6895,9.1817,,,,
3525,117.5,7.058,7.52,bbox,25.141,27.063,28.056,26.786,1.7429,9.1926,0.23,,0.7438,
3526,117.533,7.004,7.133,bbox,25.265,27.063,28.056,26.786,1.8237,9.2119,,,,
3527,117.567,7.008,7.058,bbox,25.318,27.063,28.056,26.786,1.8896,9.2415,,,,
3528,117.6,6.53,7.008,pose,25.399,27.063,28.056,26.83,1.9394,9.264,0.5838,0.3957,0.7033,0.8831
3529,117.633,6.89,7.004,bbox,25.465,27.063,28.056,26.83,1.9724,9.2782,,,,
3530,117.667,6.834,6.89,bbox,25.515,27.063,28.056,26.882,2.0028,9.2873,,,,
3531,117.7,6.8,6.834,bbox,25.548,27.063,28.056,26.882,2.008,9.2937,0.6479,,0.7442,
3532,117.733,6.783,6.8,bbox,25.578,27.063,28.056,26.882,2.0072,9.31,,,,
3533,117.767,6.809,6.809,bbox,25.578,27.063,28.056,26.882,2.0035,9.309,,,,
3534,117.8,6.779,6.8,bbox,25.578,27.063,28.056,26.922,2.0166,9.3037,0.651,,0.7794,
3535,117.833,6.676,6.783,bbox,25.578,27.063,28.056,26.922,2.038,9.2728,,,,
3536,117.867,6.586,6.779,bbox,25.578,27.063,28.056,26.922,2.0639,9.2643,,,,
3537,117.9,6.529,6.676,bbox,25.613,27.063,28.086,26.922,2.0778,9.229,0.3932,,0.7199,
3538,117.933,6.493,6.586,bbox,25.613,27.063,28.086,26.922,2.1249,9.1916,,,,
3539,117.967,6.437,6.529,bbox,25.653,27.063,28.13,26.922,2.2093,9.1849,,,,
3540,118.0,6.387,6.493,bbox,25.7,27.063,28.168,26.922,2.2554,9.1644,0.0455,,0.7234,
3541,118.033,6.264,6.437,bbox,25.785,27.063,28.168,26.922,2.2924,9.1118,,,,
3542,118.067,,,,25.785,27.063,28.168,26.922,,,,,,
3543,118.1,,,,25.785,27.063,28.168,26.922,,,,,,
3544,118.133,,,,25.785,27.063,28.168,26.922,,,,,,
3545,118.167,,,,25.785,27.063,28.168,26.922,,,,,,
3546,118.2,5.853,6.387,bbox,25.831,27.063,28.168,26.922,2.5343,8.9293,0.1351,,0.7517,
3547,118.233,,,,25.831,27.063,28.168,26.922,,,,,,
3548,118.267,,,,25.831,27.063,28.168,26.922,,,,,,
3549,118.3,,,,25.831,27.063,28.168,26.922,,,,,,
3550,118.333,,,,25.831,27.063,28.168,26.922,,,,,,
3551,118.367,5.358,6.264,bbox,25.868,27.063,28.247,26.922,2.7626,8.8062,,,,
3552,118.4,,,,25.868,27.063,28.247,26.922,,,,,,
3553,118.433,,,,25.868,27.063,28.247,26.922,,,,,,
3554,118.467,,,,25.868,27.063,28.247,26.922,,,,,,
3555,118.5,,,,25.868,27.063,28.247,26.922,,,,,,
3556,118.533,,,,25.868,27.063,28.247,26.922,,,,,,
3557,118.567,,,,25.868,27.063,28.247,26.922,,,,,,
3558,118.6,5.523,5.853,bbox,26.018,27.063,28.397,26.922,3.0385,8.7508,0.1293,,0.44,
3559,118.633,,,,26.018,27.063,28.397,26.922,,,,,,
3560,118.667,,,,26.018,27.063,28.397,26.922,,,,,,
3561,118.7,,,,26.018,27.063,28.397,26.922,,,,,,
3562,118.733,,,,26.018,27.063,28.397,26.922,,,,,,
3563,118.767,,,,26.018,27.063,28.397,26.922,,,,,,
3564,118.8,,,,26.018,27.063,28.397,26.922,,,,,,
3565,118.833,,,,26.018,27.063,28.397,26.922,,,,,,
3566,118.867,,,,26.018,27.063,28.397,26.922,,,,,,
3567,118.9,5.085,5.523,bbox,26.168,27.063,28.435,26.922,3.4215,8.8921,0.4572,,0.724,
3568,118.933,4.917,5.358,bbox,26.318,27.063,28.435,26.922,3.5036,8.8906,,,,
3569,118.967,4.895,5.085,bbox,26.468,27.063,28.435,26.922,3.5418,8.9035,,,,
3570,119.0,4.895,4.917,bbox,26.55,27.063,28.435,26.922,3.547,8.9062,,,,
3571,119.033,4.996,4.917,bbox,26.55,27.063,28.435,26.922,3.5052,8.901,,,,
3572,119.067,4.958,4.917,bbox,26.588,27.063,28.435,26.922,3.5474,8.8878,,,,
3573,119.1,5.01,4.958,bbox,26.588,27.063,28.435,26.922,3.5622,8.8738,,,,
3574,119.133,,,,26.588,27.063,28.435,26.922,,,,,,
3575,119.167,,,,26.588,27.063,28.435,26.922,,,,,,
3576,119.2,,,,26.588,27.063,28.435,26.922,,,,,,
3577,119.233,5.071,4.996,bbox,26.588,27.063,28.435,26.922,3.6654,8.8255,,,,
3578,119.267,5.076,5.01,bbox,26.588,27.063,28.435,26.922,3.6857,8.8244,,,,
3579,119.3,4.962,5.01,bbox,26.712,27.063,28.501,26.922,3.7893,8.8161,,,,
3580,119.333,4.937,5.01,bbox,26.712,27.063,28.501,26.922,3.7879,8.7905,,,,
3581,119.367,2.904,4.962,bbox,26.834,27.063,28.501,26.922,6.2606,8.7817,,,,
3582,119.4,,,,26.834,27.063,28.501,26.922,,,,,,
3583,119.433,2.802,4.937,bbox,26.834,27.063,28.536,26.922,6.2957,8.7133,,,,
3584,119.467,2.833,2.904,bbox,26.985,27.063,28.536,26.922,6.2969,8.692,,,,
3585,119.5,2.842,2.842,bbox,27.02,27.063,28.613,26.922,6.3046,8.664,0.2032,,0.8817,
3586,119.533,2.817,2.833,bbox,27.02,27.063,28.613,26.922,6.3213,8.643,,,,
3587,119.567,2.791,2.817,bbox,27.02,27.063,28.663,26.922,6.3311,8.6168,,,,
3588,119.6,4.311,2.833,bbox,27.02,27.063,28.663,26.922,3.9944,8.5939,0.2658,,0.7707,
3589,119.633,4.258,2.842,bbox,27.02,27.063,28.71,26.922,3.9967,8.5597,,,,
3590,119.667,4.244,4.244,bbox,27.02,27.204,28.71,26.922,3.9969,8.5406,,,,
3591,119.7,4.225,4.244,bbox,27.02,27.204,28.767,26.922,3.9878,8.5143,0.3643,,0.7393,
3592,119.733,2.591,4.244,bbox,27.02,27.204,28.767,26.922,6.3282,8.4966,,,,
3593,119.767,,,,27.02,27.204,28.767,26.922,,,,,,
3594,119.8,,,,27.02,27.204,28.767,26.922,,,,,,
3595,119.833,,,,27.02,27.204,28.767,26.922,,,,,,
3596,119.867,,,,27.02,27.204,28.767,26.922,,,,,,
3597,119.9,,,,27.02,27.204,28.767,26.922,,,,,,
3598,119.933,,,,27.02,27.204,28.767,26.922,,,,,,
3599,119.967,,,,27.02,27.204,28.767,26.922,,,,,,
3600,120.0,,,,27.02,27.204,28.767,26.922,,,,,,
3601,120.033,,,,27.02,27.204,28.767,26.922,,,,,,
3602,120.067,,,,27.02,27.204,28.767,26.922,,,,,,
3603,120.1,,,,27.02,27.204,28.767,26.922,,,,,,
3604,120.133,,,,27.02,27.204,28.767,26.922,,,,,,
3605,120.167,,,,27.02,27.204,28.767,26.922,,,,,,
3606,120.2,,,,27.02,27.204,28.767,26.922,,,,,,
3607,120.233,,,,27.02,27.204,28.767,26.922,,,,,,
3608,120.267,,,,27.02,27.204,28.767,26.922,,,,,,
3609,120.3,,,,27.02,27.204,28.767,26.922,,,,,,
3610,120.333,,,,27.02,27.204,28.767,26.922,,,,,,
3611,120.367,,,,27.02,27.204,28.767,26.922,,,,,,
3612,120.4,,,,27.02,27.204,28.767,26.922,,,,,,
3613,120.433,,,,27.02,27.204,28.767,26.922,,,,,,
3614,120.467,,,,27.02,27.204,28.767,26.922,,,,,,
3615,120.5,,,,27.02,27.204,28.767,26.922,,,,,,
3616,120.533,,,,27.02,27.204,28.767,26.922,,,,,,
3617,120.567,,,,27.02,27.204,28.767,26.922,,,,,,
3618,120.6,,,,27.02,27.204,28.767,26.922,,,,,,
3619,120.633,,,,27.02,27.204,28.767,26.922,,,,,,
3620,120.667,,,,27.02,27.204,28.767,26.922,,,,,,
3621,120.7,,,,27.02,27.204,28.767,26.922,,,,,,
3622,120.733,,,,27.02,27.204,28.767,26.922,,,,,,
3623,120.767,,,,27.02,27.204,28.767,26.922,,,,,,
3624,120.8,3.966,4.225,pose,27.02,27.204,28.812,26.922,4.0804,8.3217,0.7238,0.1627,0.6961,0.3776
3625,120.833,3.96,3.966,bbox,27.104,27.204,28.812,26.922,4.0979,8.307,,,,
3626,120.867,3.896,3.96,bbox,27.104,27.204,28.98,26.922,4.1134,8.2596,,,,
3627,120.9,3.663,3.896,pose,27.137,27.204,28.98,26.922,4.1396,8.2164,0.8615,0.0869,0.5918,0.1004
3628,120.933,3.788,3.896,bbox,27.137,27.204,29.042,26.922,4.1549,8.1377,,,,
3629,120.967,3.804,3.804,bbox,27.137,27.204,29.085,26.922,4.1774,8.1307,,,,
3630,121.0,3.635,3.788,bbox,27.178,27.204,29.164,26.922,4.2065,8.0326,0.5007,,0.5738,
3631,121.033,3.688,3.688,bbox,27.178,27.204,29.164,26.922,4.2228,8.0069,,,,
3632,121.067,3.682,3.688,bbox,27.23,27.204,29.269,26.922,4.2358,7.9806,,,,
3633,121.1,3.873,3.688,pose,27.23,27.204,29.269,26.922,4.2555,7.9589,0.0268,0.3276,0.697,0.8907
3634,121.133,3.624,3.682,bbox,27.23,27.204,29.321,26.922,4.2673,7.963,,,,
3635,121.167,,,,27.23,27.204,29.321,26.922,,,,,,
3636,121.2,2.713,3.682,pose,27.279,27.204,29.321,26.922,4.2699,7.9229,0.9745,1.0109,0.5632,0.4054
3637,121.233,3.477,3.624,bbox,27.279,27.204,29.321,26.922,4.2786,7.8762,,,,
3638,121.267,3.417,3.477,bbox,27.279,27.204,29.379,26.922,4.2864,7.8342,,,,
3639,121.3,2.568,3.417,pose,27.279,27.204,29.426,26.922,4.2915,7.8235,0.9647,0.893,0.6308,0.7422
3640,121.333,3.255,3.255,bbox,27.31,27.204,29.468,26.922,4.3529,7.772,,,,
3641,121.367,3.191,3.255,bbox,27.31,27.204,29.468,26.922,4.3866,7.7292,,,,
3642,121.4,3.145,3.191,bbox,27.376,27.204,29.53,26.922,4.3942,7.6826,0.4785,,0.6442,
3643,121.433,,,,27.376,27.204,29.53,26.922,,,,,,
3644,121.467,3.134,3.145,bbox,27.41,27.204,29.573,26.922,4.4157,7.6399,,,,
3645,121.5,3.16,3.16,bbox,27.41,27.204,29.619,26.922,4.4111,7.6286,0.0226,,-0.0836,
3646,121.533,3.153,3.153,bbox,27.41,27.204,29.662,26.922,4.4166,7.6317,,,,
3647,121.567,,,,27.41,27.204,29.662,26.922,,,,,,
3648,121.6,2.902,3.145,pose,27.41,27.204,29.662,26.922,4.4301,7.6518,0.8672,0.0129,0.6777,0.7659
3649,121.633,3.087,3.134,bbox,27.44,27.204,29.662,26.922,4.4297,7.6594,,,,
3650,121.667,3.048,3.087,bbox,27.44,27.204,29.662,26.922,4.4456,7.6562,,,,
3651,121.7,2.528,3.048,pose,27.44,27.204,29.662,26.922,4.4393,7.6567,0.844,0.6263,0.712,0.7785
3652,121.733,3.007,3.007,bbox,27.44,27.204,29.662,26.922,4.4451,7.658,,,,
3653,121.767,3.019,3.019,bbox,27.44,27.204,29.662,26.922,4.4556,7.6574,,,,
3654,121.8,3.041,3.019,bbox,27.44,27.204,29.662,26.922,4.4612,7.6515,0.2011,,0.7315,
3655,121.833,,,,27.44,27.204,29.662,26.922,,,,,,
3656,121.867,3.068,3.019,bbox,27.479,27.204,29.662,26.922,4.4647,7.6473,,,,
3657,121.9,3.073,3.041,bbox,27.479,27.204,29.662,26.922,4.4706,7.6415,0.0091,,0.6773,
3658,121.933,,,,27.479,27.204,29.662,26.922,,,,,,
3659,121.967,,,,27.479,27.204,29.662,26.922,,,,,,
3660,122.0,3.036,3.041,bbox,27.479,27.204,29.662,26.922,4.4804,7.5981,0.8449,,0.6666,
3661,122.033,3.011,3.041,bbox,27.479,27.204,29.662,26.922,4.4762,7.5643,,,,
3662,122.067,2.98,3.036,bbox,27.479,27.204,29.704,26.922,4.4805,7.5432,,,,
3663,122.1,2.973,3.011,bbox,27.479,27.204,29.738,26.922,4.4784,7.5212,0.8009,,0.7165,
3664,122.133,,,,27.479,27.204,29.738,26.922,,,,,,
3665,122.167,,,,27.479,27.204,29.738,26.922,,,,,,
3666,122.2,,,,27.479,27.204,29.738,26.922,,,,,,
3667,122.233,2.926,2.98,bbox,27.479,27.204,29.738,26.922,4.4879,7.4663,,,,
3668,122.267,2.909,2.973,bbox,27.479,27.204,29.781,26.922,4.4864,7.4561,,,,
3669,122.3,2.877,2.926,bbox,27.509,27.204,29.835,26.922,4.4858,7.4273,0.7687,,0.694,
3670,122.333,2.878,2.909,bbox,27.509,27.204,29.835,26.922,4.4904,7.3947,,,,
3671,122.367,2.864,2.878,bbox,27.509,27.204,29.875,26.922,4.4913,7.3718,,,,
3672,122.4,2.921,2.878,bbox,27.509,27.204,29.907,26.922,4.4938,7.3686,0.8487,,0.6084,
3673,122.433,2.914,2.878,bbox,27.509,27.204,29.907,26.922,4.5088,7.3494,,,,
3674,122.467,2.935,2.914,bbox,27.509,27.204,29.907,26.922,4.5147,7.3558,,,,
3675,122.5,2.92,2.92,bbox,27.509,27.204,29.946,26.922,4.5119,7.336,1.0883,,0.6872,
3676,122.533,2.914,2.92,bbox,27.509,27.204,29.946,26.922,4.5131,7.3221,,,,
3677,122.567,2.862,2.914,bbox,27.509,27.204,29.946,26.922,4.5157,7.2943,,,,
3678,122.6,2.825,2.914,bbox,27.509,27.204,29.98,26.922,4.5175,7.2739,0.9652,,0.4066,
3679,122.633,2.794,2.862,bbox,27.509,27.204,29.98,26.922,4.5164,7.2602,,,,
3680,122.667,2.781,2.825,bbox,27.509,27.204,30.028,26.922,4.5135,7.2512,,,,
3681,122.7,2.746,2.794,bbox,27.509,27.204,30.028,26.922,4.5106,7.2266,0.238,,0.0523,
3682,122.733,2.763,2.781,bbox,27.509,27.204,30.028,26.922,4.504,7.2194,,,,
3683,122.767,2.737,2.763,bbox,27.509,27.204,30.075,26.922,4.5074,7.2037,,,,
3684,122.8,2.709,2.746,bbox,27.509,27.204,30.075,26.922,4.512,7.188,0.9462,,0.6824,
3685,122.833,,,,27.509,27.204,30.075,26.922,,,,,,
3686,122.867,2.728,2.737,bbox,27.509,27.204,30.075,26.922,4.5013,7.2024,,,,
3687,122.9,2.759,2.737,bbox,27.509,27.204,30.075,26.922,4.4964,7.2184,,,,
3688,122.933,,,,27.509,27.204,30.075,26.922,,,,,,
3689,122.967,2.822,2.737,bbox,27.509,27.204,30.075,26.922,4.4815,7.2591,,,,
3690,123.0,2.832,2.759,bbox,27.509,27.204,30.075,26.922,4.4653,7.2941,,,,
3691,123.033,2.831,2.822,bbox,27.509,27.204,30.075,26.954,4.4603,7.3148,,,,
3692,123.067,2.874,2.831,bbox,27.509,27.204,30.075,26.989,4.4528,7.3726,,,,
3693,123.1,,,,27.509,27.204,30.075,26.989,,,,,,
3694,123.133,2.963,2.832,bbox,27.509,27.204,30.075,26.989,4.4436,7.4606,,,,
3695,123.167,3.014,2.874,bbox,27.509,27.237,30.075,27.068,4.4297,7.4818,,,,
3696,123.2,2.933,2.933,pose,27.509,27.237,30.075,27.156,4.3937,7.5023,0.9088,0.006,0.7003,0.1069
3697,123.233,3.094,2.963,bbox,27.509,27.237,30.075,27.156,4.3808,7.512,,,,
3698,123.267,3.105,3.014,bbox,27.509,27.297,30.075,27.198,4.3708,7.5185,,,,
3699,123.3,3.131,3.094,bbox,27.509,27.297,30.075,27.198,4.3632,7.5425,0.8537,,0.5939,
3700,123.333,3.17,3.105,bbox,27.509,27.297,30.075,27.198,4.3578,7.5484,,,,
3701,123.367,3.184,3.131,bbox,27.509,27.327,30.075,27.238,4.3457,7.58,,,,
3702,123.4,3.2,3.17,bbox,27.509,27.327,30.075,27.238,4.344,7.6103,0.0364,,0.1556,
3703,123.433,3.22,3.184,bbox,27.509,27.327,30.075,27.275,4.3342,7.6516,,,,
3704,123.467,3.23,3.2,bbox,27.509,27.327,30.075,27.305,4.3328,7.6903,,,,
3705,123.5,2.987,3.2,pose,27.509,27.327,30.075,27.347,4.3351,7.7348,0.6161,0.0652,0.5374,0.9918
3706,123.533,3.284,3.22,bbox,27.509,27.327,30.075,27.385,4.327,7.7465,,,,
3707,123.567,3.306,3.23,bbox,27.509,27.357,30.075,27.43,4.3201,7.763,,,,
3708,123.6,3.327,3.284,bbox,27.509,27.357,30.075,27.43,4.3113,7.7447,0.4968,,0.7463,
3709,123.633,3.334,3.306,bbox,27.509,27.357,30.075,27.43,4.313,7.7382,,,,
3710,123.667,3.349,3.327,bbox,27.509,27.357,30.075,27.43,4.3134,7.731,,,,
3711,123.7,3.383,3.334,bbox,27.509,27.357,30.075,27.43,4.3047,7.722,0.4696,,0.6079,
3712,123.733,3.366,3.349,bbox,27.509,27.357,30.075,27.43,4.2954,7.705,,,,
3713,123.767,3.359,3.359,bbox,27.509,27.357,30.075,27.43,4.2974,7.7041,,,,
3714,123.8,3.321,3.359,bbox,27.509,27.393,30.075,27.43,4.2957,7.6822,,,,
3715,123.833,3.288,3.359,bbox,27.509,27.393,30.106,27.43,4.2927,7.6633,,,,
3716,123.867,3.256,3.321,bbox,27.509,27.393,30.106,27.43,4.2824,7.6127,,,,
3717,123.9,3.197,3.288,bbox,27.509,27.393,30.147,27.43,4.2776,7.554,,,,
3718,123.933,3.122,3.256,bbox,27.509,27.393,30.197,27.43,4.277,7.4601,,,,
3719,123.967,3.127,3.197,bbox,27.509,27.393,30.256,27.43,4.2765,7.4294,,,,
3720,124.0,3.108,3.127,bbox,27.509,27.393,30.35,27.43,4.2721,7.4072,0.8193,,0.7214,
3721,124.033,3.072,3.122,bbox,27.509,27.393,30.381,27.43,4.2676,7.3474,,,,
3722,124.067,3.096,3.108,bbox,27.509,27.393,30.381,27.43,4.2746,7.3527,,,,
3723,124.1,3.078,3.096,bbox,27.509,27.393,30.457,27.43,4.2702,7.3339,,,,
3724,124.133,3.079,3.079,bbox,27.509,27.393,30.457,27.43,4.2556,7.3193,,,,
3725,124.167,3.058,3.078,bbox,27.509,27.393,30.457,27.43,4.2499,7.3096,,,,
3726,124.2,3.03,3.078,bbox,27.509,27.435,30.491,27.43,4.2507,7.2867,0.8462,,0.6168,
3727,124.233,3.006,3.058,bbox,27.509,27.435,30.491,27.43,4.2513,7.246,,,,
3728,124.267,2.988,3.03,bbox,27.509,27.435,30.523,27.43,4.2553,7.198,,,,
3729,124.3,,,,27.509,27.435,30.523,27.43,,,,,,
3730,124.333,,,,27.509,27.435,30.523,27.43,,,,,,
3731,124.367,2.757,3.006,bbox,27.509,27.435,30.564,27.43,4.3501,7.0667,,,,
3732,124.4,2.807,2.988,bbox,27.509,27.435,30.612,27.43,4.3696,7.0602,0.4827,,0.3704,
3733,124.433,2.812,2.812,bbox,27.604,27.435,30.743,27.43,4.3881,7.0521,,,,
3734,124.467,2.772,2.807,bbox,27.604,27.435,30.743,27.43,4.4182,7.0559,,,,
3735,124.5,5.403,2.807,pose,27.642,27.435,30.743,27.43,4.4489,7.0745,0.2691,0.4169,0.1804,-1.9935
3736,124.533,2.705,2.807,bbox,27.672,27.435,30.743,27.43,4.5844,7.0734,,,,
3737,124.567,2.748,2.772,bbox,27.703,27.435,30.743,27.43,4.6482,7.0557,,,,
3738,124.6,5.285,2.772,pose,27.76,27.435,30.743,27.43,4.5066,7.0167,0.1395,0.5346,-0.0409,-0.4208
3739,124.633,2.858,2.858,bbox,27.76,27.435,30.743,27.43,4.4595,6.9804,,,,
3740,124.667,2.841,2.841,bbox,27.838,27.435,30.776,27.43,4.6185,7.0343,,,,
3741,124.7,2.952,2.858,bbox,27.838,27.512,30.776,27.43,4.4656,7.035,0.6598,,0.3847,
3742,124.733,2.937,2.937,bbox,27.838,27.512,30.776,27.43,4.5881,7.0447,,,,
3743,124.767,,,,27.838,27.512,30.776,27.43,,,,,,
3744,124.8,3.102,2.937,bbox,27.838,27.554,30.776,27.43,4.3901,7.1226,0.9313,,0.2732,
3745,124.833,,,,27.838,27.554,30.776,27.43,,,,,,
3746,124.867,3.207,2.952,bbox,27.838,27.554,30.776,27.43,4.3308,7.2576,,,,
3747,124.9,5.59,3.102,pose,27.838,27.629,30.776,27.518,4.3261,7.2884,0.0754,0.0772,0.475,-0.2169
3748,124.933,3.226,3.207,bbox,27.838,27.688,30.776,27.653,4.3263,7.3199,,,,
3749,124.967,3.226,3.226,bbox,27.838,27.688,30.776,27.684,4.3299,7.3282,,,,
3750,125.0,3.244,3.226,bbox,27.838,27.688,30.776,27.716,4.3242,7.3473,,,,
3751,125.033,3.262,3.244,bbox,27.838,27.688,30.776,27.716,4.302,7.3655,,,,
3752,125.067,3.246,3.244,bbox,27.838,27.688,30.776,27.716,4.275,7.3616,,,,
3753,125.1,3.196,3.244,bbox,27.838,27.688,30.776,27.716,4.2624,7.3423,,0.5266,,0.2453
3754,125.133,3.175,3.244,bbox,27.838,27.744,30.776,27.716,4.2475,7.3137,,,,
3755,125.167,3.17,3.196,bbox,27.838,27.744,30.776,27.716,4.2371,7.2915,,,,
3756,125.2,0.682,3.175,pose,27.838,27.744,30.776,27.716,4.2223,7.2452,0.2185,0.1602,-0.3179,0.8948
3757,125.233,3.074,3.17,bbox,27.838,27.782,30.776,27.716,4.2179,7.174,,,,
3758,125.267,3.021,3.074,bbox,27.838,27.782,30.85,27.716,4.2081,7.1208,,,,
3759,125.3,2.996,3.021,bbox,27.838,27.782,30.922,27.716,4.1863,7.0759,0.0232,,0.7013,
3760,125.333,2.994,2.996,bbox,27.838,27.782,30.975,27.716,4.1671,7.0401,,,,
3761,125.367,3.067,3.021,bbox,27.838,27.832,31.02,27.716,4.1869,7.0264,,,,
3762,125.4,2.964,2.996,bbox,27.838,27.832,31.056,27.716,4.1475,7.0037,0.6741,,0.5206,
3763,125.433,,,,27.838,27.832,31.056,27.716,,,,,,
3764,125.467,,,,27.838,27.832,31.056,27.716,,,,,,
3765,125.5,,,,27.838,27.832,31.056,27.716,,,,,,
3766,125.533,,,,27.838,27.832,31.056,27.716,,,,,,
3767,125.567,,,,27.838,27.832,31.056,27.716,,,,,,
3768,125.6,,,,27.838,27.832,31.056,27.716,,,,,,
3769,125.633,2.833,2.994,bbox,27.838,27.832,31.056,27.716,4.0637,6.9294,,,,
3770,125.667,,,,27.838,27.832,31.056,27.716,,,,,,
3771,125.7,1.865,2.964,bbox,27.838,27.832,31.092,27.716,5.6891,6.922,0.1475,,0.4417,
3772,125.733,1.878,2.833,bbox,27.838,27.832,31.166,27.716,5.6793,6.9018,,,,
3773,125.767,2.926,2.833,bbox,27.838,27.872,31.166,27.716,4.0332,6.8994,,,,
3774,125.8,2.914,2.833,bbox,27.838,27.955,31.166,27.716,4.0235,6.909,0.4631,,0.5563,
3775,125.833,1.896,1.896,bbox,27.988,27.955,31.166,27.716,5.6599,6.9088,,,,
3776,125.867,2.85,2.85,bbox,27.988,28.105,31.166,27.716,4.0084,6.9274,,,,
3777,125.9,2.863,2.863,bbox,27.988,28.105,31.166,27.716,4.008,6.954,0.8334,,0.7738,
3778,125.933,2.887,2.863,bbox,27.988,28.105,31.166,27.716,4.0059,6.9796,,,,
3779,125.967,2.929,2.863,bbox,27.988,28.105,31.166,27.716,4.0025,6.9979,,,,
3780,126.0,3.268,2.887,pose,27.988,28.105,31.166,27.766,3.9968,7.0275,0.0919,0.1619,0.7289,0.3158
3781,126.033,2.033,2.887,bbox,27.988,28.105,31.166,27.766,5.648,7.0512,,,,
3782,126.067,3.042,2.929,bbox,27.988,28.136,31.166,27.814,3.9877,7.0435,,,,
3783,126.1,3.744,3.042,pose,27.988,28.136,31.166,27.814,3.9896,7.0428,0.8967,0.1299,0.6708,-0.4558
3784,126.133,3.112,3.112,bbox,27.988,28.136,31.166,27.814,3.99,7.0319,,,,
3785,126.167,,,,27.988,28.136,31.166,27.814,,,,,,
3786,126.2,2.005,3.042,bbox,27.988,28.136,31.166,27.814,5.6513,6.9995,0.1195,,0.128,
3787,126.233,3.01,3.042,bbox,27.988,28.136,31.166,27.814,3.9898,6.9934,,,,
3788,126.267,,,,27.988,28.136,31.166,27.814,,,,,,
3789,126.3,,,,27.988,28.136,31.166,27.814,,,,,,
3790,126.333,2.888,3.01,bbox,27.988,28.136,31.166,27.814,3.9887,6.9402,,,,
3791,126.367,2.849,2.888,bbox,27.988,28.136,31.2,27.814,3.9919,6.9025,,,,
3792,126.4,2.634,2.849,pose,27.988,28.136,31.254,27.814,3.996,6.876,0.7559,0.0973,0.7213,0.4276
3793,126.433,2.788,2.849,bbox,27.988,28.136,31.291,27.814,4.0017,6.8427,,,,
3794,126.467,2.814,2.814,bbox,27.988,28.136,31.291,27.814,3.9987,6.8308,,,,
3795,126.5,,,,27.988,28.136,31.291,27.814,,,,,,
3796,126.533,2.83,2.814,bbox,27.988,28.136,31.351,27.814,3.9996,6.834,,,,
3797,126.567,2.858,2.814,bbox,27.988,28.136,31.351,27.814,3.9971,6.8486,,,,
3798,126.6,1.908,2.814,bbox,27.988,28.136,31.351,27.814,5.6037,6.867,0.1604,,0.5021,
3799,126.633,2.892,2.83,bbox,27.988,28.136,31.351,27.814,4.0265,6.8893,,,,
3800,126.667,2.919,2.858,bbox,27.988,28.136,31.351,27.814,4.0393,6.9078,,,,
3801,126.7,2.92,2.892,bbox,28.025,28.136,31.351,27.86,4.0611,6.9214,1.0531,,0.577,
3802,126.733,2.9,2.9,bbox,28.025,28.136,31.351,27.86,4.0733,6.9278,,,,
3803,126.767,2.917,2.917,bbox,28.025,28.136,31.351,27.86,4.0761,6.9162,,,,
3804,126.8,2.0,2.917,bbox,28.059,28.136,31.351,27.892,5.5823,6.9209,0.2271,,0.752,
3805,126.833,2.021,2.9,bbox,28.059,28.136,31.351,27.892,5.5782,6.9218,,,,
3806,126.867,2.88,2.88,bbox,28.059,28.136,31.351,27.892,4.0758,6.9174,,,,
3807,126.9,2.025,2.025,bbox,28.212,28.136,31.351,27.892,5.5637,6.8984,0.1682,,0.4274,
3808,126.933,2.764,2.025,bbox,28.212,28.136,31.351,27.892,4.0827,6.849,,,,
3809,126.967,2.74,2.74,bbox,28.212,28.286,31.351,27.892,4.0974,6.8256,,,,
3810,127.0,2.719,2.74,bbox,28.212,28.286,31.423,27.892,4.1109,6.7982,0.8565,,0.6964,
3811,127.033,2.676,2.719,bbox,28.212,28.286,31.423,27.892,4.1248,6.7492,,,,
3812,127.067,1.948,2.719,bbox,28.212,28.286,31.474,27.892,5.5374,6.7372,,,,
3813,127.1,1.941,2.676,bbox,28.212,28.286,31.523,27.892,5.5328,6.7141,0.1977,,0.6809,
3814,127.133,2.669,2.669,bbox,28.257,28.286,31.523,27.892,4.1427,6.7061,,,,
3815,127.167,1.875,1.948,bbox,28.407,28.286,31.558,27.892,5.5241,6.6365,,,,
3816,127.2,,,,28.407,28.286,31.558,27.892,,,,,,
3817,127.233,2.728,1.948,bbox,28.407,28.286,31.558,27.892,4.1023,6.7185,,,,
3818,127.267,2.738,2.669,bbox,28.407,28.436,31.558,27.892,4.0744,6.7327,,,,
3819,127.3,2.724,2.724,bbox,28.407,28.476,31.558,27.892,4.0571,6.7555,0.755,,0.7338,
3820,127.333,2.751,2.728,bbox,28.407,28.476,31.558,27.892,4.0296,6.781,,,,
3821,127.367,2.746,2.738,bbox,28.407,28.522,31.558,27.933,3.9925,6.8021,,,,
3822,127.4,2.757,2.746,bbox,28.407,28.522,31.558,27.933,3.9606,6.8242,0.8401,,0.7322,
3823,127.433,2.876,2.751,bbox,28.407,28.586,31.558,27.98,3.9019,6.861,,,,
3824,127.467,2.962,2.757,bbox,28.407,28.618,31.558,27.98,3.8676,6.8844,,,,
3825,127.5,4.648,2.876,pose,28.407,28.677,31.558,28.039,3.8375,6.895,0.666,0.2509,0.7022,-1.4873
3826,127.533,3.137,2.962,bbox,28.407,28.711,31.558,28.039,3.8117,6.9182,,,,
3827,127.567,3.165,3.137,bbox,28.407,28.741,31.558,28.073,3.8142,6.9109,,,,
3828,127.6,3.367,3.165,pose,28.407,28.741,31.558,28.073,3.8078,6.9055,0.4668,0.0847,0.6576,0.4749
3829,127.633,3.169,3.169,bbox,28.407,28.741,31.558,28.073,3.7969,6.8963,,,,
3830,127.667,3.136,3.165,bbox,28.407,28.741,31.558,28.073,3.7862,6.891,,,,
3831,127.7,3.038,3.165,pose,28.407,28.782,31.558,28.073,3.7831,6.886,0.4796,0.1157,0.6578,0.5268
3832,127.733,3.035,3.136,bbox,28.407,28.782,31.558,28.073,3.78,6.8516,,,,
3833,127.767,2.964,3.038,bbox,28.407,28.782,31.558,28.073,3.7835,6.8326,,,,
3834,127.8,2.898,3.035,bbox,28.407,28.782,31.601,28.073,3.8,6.7942,0.6231,,0.7025,
3835,127.833,2.872,2.964,bbox,28.407,28.782,31.601,28.073,3.8027,6.7442,,,,
3836,127.867,2.814,2.898,bbox,28.407,28.782,31.659,28.073,3.8108,6.6721,,,,
3837,127.9,2.791,2.872,bbox,28.407,28.782,31.709,28.073,3.8146,6.6425,0.1676,,0.7023,
3838,127.933,2.82,2.82,bbox,28.407,28.782,31.781,28.073,3.8194,6.6259,,,,
3839,127.967,2.865,2.82,bbox,28.407,28.782,31.781,28.073,3.8172,6.6108,,,,
3840,128.0,2.878,2.82,bbox,28.407,28.782,31.827,28.073,3.825,6.5553,0.8467,,0.5848,
3841,128.033,,,,28.407,28.782,31.827,28.073,,,,,,
3842,128.067,2.857,2.857,bbox,28.407,28.782,31.827,28.073,3.853,6.5231,,,,
3843,128.1,2.79,2.857,bbox,28.407,28.782,31.898,28.073,3.8996,6.4575,,0.1178,,0.9014
3844,128.133,2.715,2.857,bbox,28.463,28.782,31.93,28.073,3.9155,6.3569,,,,
3845,128.167,2.634,2.79,bbox,28.51,28.782,31.995,28.073,3.9157,6.2821,,,,
3846,128.2,,,,28.51,28.782,31.995,28.073,,,,,,
3847,128.233,,,,28.51,28.782,31.995,28.073,,,,,,
3848,128.267,,,,28.51,28.782,31.995,28.073,,,,,,
3849,128.3,2.127,2.715,pose,28.51,28.782,32.096,28.073,3.9574,6.2673,0.0807,0.0981,0.5832,0.0584
3850,128.333,,,,28.51,28.782,32.096,28.073,,,,,,
3851,128.367,,,,28.51,28.782,32.096,28.073,,,,,,
3852,128.4,2.179,2.634,bbox,28.51,28.782,32.171,28.073,4.0356,6.0168,0.7644,,0.8029,
3853,128.433,2.088,2.179,bbox,28.568,28.782,32.171,28.073,4.0599,5.9938,,,,
3854,128.467,2.038,2.127,bbox,28.646,28.782,32.336,28.073,4.0734,5.9815,,,,
3855,128.5,2.054,2.088,bbox,28.646,28.782,32.336,28.073,4.0729,5.9962,0.3764,,0.8259,
3856,128.533,2.012,2.054,bbox,28.646,28.782,32.336,28.073,4.0513,5.9798,,,,
3857,128.567,,,,28.646,28.782,32.336,28.073,,,,,,
3858,128.6,,,,28.646,28.782,32.336,28.073,,,,,,
3859,128.633,,,,28.646,28.782,32.336,28.073,,,,,,
3860,128.667,,,,28.646,28.782,32.336,28.073,,,,,,
3861,128.7,,,,28.646,28.782,32.336,28.073,,,,,,
3862,128.733,,,,28.646,28.782,32.336,28.073,,,,,,
3863,128.767,,,,28.646,28.782,32.336,28.073,,,,,,
3864,128.8,,,,28.646,28.782,32.336,28.073,,,,,,
3865,128.833,,,,28.646,28.782,32.336,28.073,,,,,,
3866,128.867,2.892,2.054,bbox,28.646,28.782,32.336,28.073,3.2751,6.2065,,,,
3867,128.9,3.067,2.054,bbox,28.646,28.782,32.336,28.073,3.149,6.2508,,,,
3868,128.933,3.092,2.892,bbox,28.646,28.916,32.336,28.202,3.1365,6.285,,,,
3869,128.967,3.102,3.067,bbox,28.646,29.042,32.336,28.247,3.1109,6.3288,,,,
3870,129.0,3.168,3.092,bbox,28.646,29.042,32.336,28.281,3.0492,6.3277,0.205,,0.4496,
3871,129.033,3.218,3.102,bbox,28.646,29.08,32.336,28.322,2.9978,6.3261,,,,
3872,129.067,3.155,3.155,bbox,28.646,29.142,32.336,28.322,3.0347,6.3301,,,,
3873,129.1,2.733,3.155,pose,28.646,29.142,32.336,28.322,3.0194,6.3861,0.5053,0.3301,0.7715,0.6306
3874,129.133,3.288,3.168,bbox,28.646,29.142,32.336,28.322,2.9627,6.4256,,,,
3875,129.167,3.341,3.218,bbox,28.646,29.193,32.336,28.382,2.9731,6.4993,,,,
3876,129.2,2.974,3.155,pose,28.646,29.193,32.336,28.421,2.9328,6.5737,0.2404,0.3567,0.7217,0.6926
3877,129.233,2.216,2.974,bbox,28.646,29.193,32.336,28.495,5.0485,6.6498,,,,
3878,129.267,,,,28.646,29.193,32.336,28.495,,,,,,
3879,129.3,,,,28.646,29.193,32.336,28.495,,,,,,
3880,129.333,,,,28.646,29.193,32.336,28.495,,,,,,
3881,129.367,,,,28.646,29.193,32.336,28.495,,,,,,
3882,129.4,,,,28.646,29.193,32.336,28.495,,,,,,
3883,129.433,,,,28.646,29.193,32.336,28.495,,,,,,
3884,129.467,,,,28.646,29.193,32.336,28.495,,,,,,
3885,129.5,,,,28.646,29.193,32.336,28.495,,,,,,
3886,129.533,,,,28.646,29.193,32.336,28.495,,,,,,
3887,129.567,,,,28.646,29.193,32.336,28.495,,,,,,
3888,129.6,,,,28.646,29.193,32.336,28.495,,,,,,
3889,129.633,3.137,3.137,bbox,28.646,29.193,32.336,28.57,4.5689,7.0971,,,,
3890,129.667,3.161,3.137,bbox,28.771,29.193,32.336,28.646,4.5453,7.1433,,,,
3891,129.7,3.912,3.137,pose,28.771,29.193,32.336,28.796,4.5294,7.1917,0.4476,0.0405,-1.3496,0.5491
3892,129.733,,,,28.771,29.193,32.336,28.796,,,,,,
3893,129.767,4.419,3.161,bbox,28.771,29.193,32.336,28.842,2.2674,7.2654,,,,
3894,129.8,2.84,3.161,pose,28.771,29.193,32.336,28.89,4.4814,7.298,0.2883,0.0664,-0.0032,0.5359
3895,129.833,3.338,3.338,bbox,28.771,29.257,32.336,28.964,4.4748,7.3418,,,,
3896,129.867,2.557,3.338,bbox,28.771,29.257,32.336,28.964,4.4645,1.9762,,,,
3897,129.9,4.816,3.338,pose,28.771,29.257,32.336,28.964,7.4806,1.8751,0.342,0.0033,0.7082,0.865
3898,129.933,3.669,3.338,bbox,28.771,29.257,32.486,28.964,7.5262,4.4305,,,,
3899,129.967,3.717,3.669,bbox,28.921,29.257,32.486,28.964,7.534,4.4141,,,,
3900,130.0,3.951,3.717,pose,28.967,29.257,32.522,28.964,7.5893,4.3939,0.6011,0.4332,0.6902,-1.3014
3901,130.033,2.78,3.717,bbox,28.967,29.257,32.522,28.964,1.6676,4.3653,,,,
3902,130.067,,,,28.967,29.257,32.522,28.964,,,,,,
3903,130.1,5.601,3.717,bbox,28.967,29.257,32.522,28.964,1.5621,7.626,0.8368,,0.8917,
3904,130.133,5.618,3.951,bbox,28.967,29.407,32.522,28.964,1.5437,7.6493,,,,
3905,130.167,2.892,3.951,bbox,28.967,29.513,32.522,28.964,1.4941,4.2968,,,,
3906,130.2,,,,28.967,29.513,32.522,28.964,,,,,,
3907,130.233,2.998,2.998,bbox,28.967,29.513,32.522,28.964,1.3893,4.2722,,,,
3908,130.267,3.021,3.021,bbox,28.967,29.581,32.619,28.964,1.3358,4.2579,,,,
3909,130.3,3.147,3.021,pose,28.967,29.686,32.619,28.964,1.2966,4.2348,0.3137,0.2201,0.6948,0.073
3910,130.333,3.022,3.021,bbox,28.967,29.739,32.658,28.964,1.2594,4.2166,,,,
3911,130.367,3.082,3.022,bbox,28.967,29.778,32.658,28.964,1.1869,4.1942,,,,
3912,130.4,6.197,3.082,bbox,28.967,29.816,32.658,28.964,1.1008,7.9207,,0.1174,,-0.4166
3913,130.433,6.333,3.147,bbox,28.967,29.888,32.658,28.964,1.0245,7.9615,,,,
3914,130.467,6.357,6.197,bbox,28.967,29.974,32.658,29.091,0.954,8.0072,,,,
3915,130.5,3.316,6.197,bbox,28.967,30.05,32.658,29.091,0.8739,4.1177,,0.4047,,-1.194
3916,130.533,3.288,6.197,bbox,28.967,30.121,32.658,29.091,0.8472,4.0958,,,,
3917,130.567,6.529,6.333,bbox,28.967,30.201,32.658,29.132,0.8252,8.1144,,,,
3918,130.6,6.584,6.357,bbox,28.967,30.201,32.658,29.177,0.8038,8.1259,,,,
3919,130.633,6.603,6.529,bbox,28.967,30.25,32.658,29.285,0.7865,8.1331,,,,
3920,130.667,6.659,6.584,bbox,28.967,30.25,32.658,29.285,0.7805,8.1788,,,,
3921,130.7,6.686,6.603,bbox,28.967,30.288,32.658,29.285,0.7793,8.2036,,,,
3922,130.733,6.695,6.659,bbox,28.967,30.288,32.658,29.349,0.7733,8.2452,,,,
3923,130.767,6.754,6.686,bbox,28.967,30.288,32.658,29.349,0.761,8.297,,,,
3924,130.8,6.834,6.695,bbox,28.967,30.288,32.658,29.415,0.7485,8.3097,0.066,,0.7425,
3925,130.833,6.881,6.754,bbox,28.967,30.288,32.658,29.467,0.7405,8.3247,,,,
3926,130.867,6.964,6.834,bbox,28.967,30.326,32.658,29.467,0.7276,8.348,,,,
3927,130.9,5.05,6.834,bbox,28.967,30.326,32.658,29.467,4.0247,8.3836,0.0989,,0.0646,
3928,130.933,5.06,6.834,bbox,28.967,30.326,32.658,29.518,4.0106,8.4063,,,,
3929,130.967,6.944,6.881,bbox,28.967,30.326,32.658,29.554,0.702,8.4223,,,,
3930,131.0,6.936,6.936,bbox,28.967,30.326,32.658,29.554,0.6945,8.4559,0.1068,,0.7909,
3931,131.033,7.02,6.936,bbox,28.967,30.373,32.658,29.592,0.6824,8.4977,,,,
3932,131.067,7.179,6.944,bbox,28.967,30.373,32.658,29.626,0.6774,8.5257,,,,
3933,131.1,7.21,7.02,bbox,28.967,30.373,32.658,29.668,0.6819,8.5623,0.0768,,0.7978,
3934,131.133,5.32,7.02,bbox,28.967,30.373,32.658,29.668,3.9387,8.586,,,,
3935,131.167,5.373,7.02,bbox,28.967,30.373,32.658,29.732,3.9371,8.621,,,,
3936,131.2,7.226,7.179,pose,28.967,30.373,32.658,29.732,0.6971,8.6413,0.0449,0.4133,0.744,0.7613
3937,131.233,,,,28.967,30.373,32.658,29.732,,,,,,
3938,131.267,,,,28.967,30.373,32.658,29.732,,,,,,
3939,131.3,,,,28.967,30.373,32.658,29.732,,,,,,
3940,131.333,,,,28.967,30.373,32.658,29.732,,,,,,
3941,131.367,,,,28.967,30.373,32.658,29.732,,,,,,
3942,131.4,,,,28.967,30.373,32.658,29.732,,,,,,
3943,131.433,,,,28.967,30.373,32.658,29.732,,,,,,
3944,131.467,,,,28.967,30.373,32.658,29.732,,,,,,
3945,131.5,,,,28.967,30.373,32.658,29.732,,,,,,
3946,131.533,7.588,7.21,bbox,29.095,30.373,32.658,29.791,0.8302,8.8222,,,,
3947,131.567,7.508,7.226,bbox,29.095,30.373,32.658,29.791,0.84,8.8372,,,,
3948,131.6,7.071,7.226,pose,29.095,30.373,32.658,29.961,0.8626,8.8665,0.4247,0.3072,0.8062,0.7381
3949,131.633,5.685,7.226,bbox,29.095,30.373,32.658,29.961,3.941,8.8928,,,,
3950,131.667,5.69,7.071,bbox,29.127,30.373,32.658,30.006,3.9395,8.906,,,,
3951,131.7,5.468,5.69,pose,29.277,30.373,32.658,30.006,3.9531,8.9223,0.1375,0.1498,0.361,0.7505
3952,131.733,7.305,5.69,bbox,29.277,30.373,32.658,30.045,0.9256,8.9372,,,,
3953,131.767,5.488,5.685,bbox,29.277,30.373,32.658,30.045,4.0339,8.95,,,,
3954,131.8,5.464,5.488,bbox,29.277,30.373,32.658,30.076,4.0643,8.9558,0.1089,,0.2721,
3955,131.833,5.421,5.468,bbox,29.372,30.373,32.658,30.076,4.0807,8.9617,,,,
3956,131.867,5.371,5.464,bbox,29.402,30.373,32.658,30.076,4.097,8.9741,,,,
3957,131.9,6.934,5.464,bbox,29.402,30.373,32.658,30.076,1.2023,8.9775,0.4496,,0.7719,
3958,131.933,6.922,5.464,bbox,29.402,30.373,32.658,30.113,1.227,8.9821,,,,
3959,131.967,5.289,5.421,bbox,29.402,30.373,32.658,30.113,4.1141,8.98,,,,
3960,132.0,,,,29.402,30.373,32.658,30.113,,,,,,
3961,132.033,,,,29.402,30.373,32.658,30.113,,,,,,
3962,132.067,5.378,5.378,bbox,29.435,30.373,32.658,30.113,4.1144,9.0209,,,,
3963,132.1,6.75,6.75,pose,29.435,30.523,32.658,30.113,1.3854,9.0324,0.1194,0.0738,0.8092,0.7331
3964,132.133,6.707,6.707,bbox,29.555,30.523,32.658,30.16,1.5051,9.043,,,,
3965,132.167,6.694,6.694,bbox,29.555,30.523,32.658,30.16,1.507,9.0692,,,,
3966,132.2,6.497,6.694,pose,29.555,30.523,32.658,30.16,1.5603,9.0802,0.5388,0.0624,0.8292,0.7791
3967,132.233,5.644,6.694,bbox,29.555,30.523,32.658,30.208,3.9645,9.0965,,,,
3968,132.267,,,,29.555,30.523,32.658,30.208,,,,,,
3969,132.3,,,,29.555,30.523,32.658,30.208,,,,,,
3970,132.333,,,,29.555,30.523,32.658,30.208,,,,,,
3971,132.367,,,,29.555,30.523,32.658,30.208,,,,,,
3972,132.4,5.473,6.497,pose,29.61,30.523,32.658,30.208,3.8538,9.1385,0.164,0.1822,0.3216,0.8139
3973,132.433,6.461,6.461,bbox,29.76,30.523,32.658,30.208,1.819,9.1527,,,,
3974,132.467,5.703,5.703,bbox,29.91,30.523,32.658,30.278,3.8582,9.162,,,,
3975,132.5,,,,29.91,30.523,32.658,30.278,,,,,,
3976,132.533,,,,29.91,30.523,32.658,30.278,,,,,,
3977,132.567,,,,29.91,30.523,32.658,30.278,,,,,,
3978,132.6,6.23,5.703,pose,29.91,30.523,32.658,30.278,2.0208,9.1748,0.4775,0.1362,0.8088,-0.4597
3979,132.633,6.24,6.23,bbox,29.91,30.673,32.658,30.278,2.0679,9.181,,,,
3980,132.667,5.861,6.23,bbox,29.91,30.673,32.658,30.314,3.8714,9.1863,,,,
3981,132.7,6.302,6.23,bbox,29.971,30.673,32.658,30.314,2.1292,9.1902,0.0128,,0.7972,
3982,132.733,5.972,6.23,bbox,29.971,30.673,32.658,30.314,3.8699,9.1914,,,,
3983,132.767,5.997,5.997,bbox,30.121,30.673,32.658,30.314,3.8682,9.1901,,,,
3984,132.8,6.149,5.997,bbox,30.121,30.673,32.658,30.314,2.2528,9.1929,0.0535,,0.858,
3985,132.833,6.254,6.149,bbox,30.121,30.823,32.658,30.314,2.2776,9.1919,,,,
3986,132.867,6.161,6.149,bbox,30.271,30.823,32.658,30.314,3.8634,9.1957,,,,
3987,132.9,,,,30.271,30.823,32.658,30.314,,,,,,
3988,132.933,,,,30.271,30.823,32.658,30.314,,,,,,
3989,132.967,,,,30.271,30.823,32.658,30.314,,,,,,
3990,133.0,,,,30.271,30.823,32.658,30.314,,,,,,
3991,133.033,,,,30.271,30.823,32.658,30.314,,,,,,
3992,133.067,,,,30.271,30.823,32.658,30.314,,,,,,
3993,133.1,,,,30.271,30.823,32.658,30.314,,,,,,
3994,133.133,,,,30.271,30.823,32.658,30.314,,,,,,
3995,133.167,,,,30.271,30.823,32.658,30.314,,,,,,
3996,133.2,,,,30.271,30.823,32.658,30.314,,,,,,
3997,133.233,,,,30.271,30.823,32.658,30.314,,,,,,
3998,133.267,,,,30.271,30.823,32.658,30.314,,,,,,
3999,133.3,,,,30.271,30.823,32.658,30.314,,,,,,
4000,133.333,,,,30.271,30.823,32.658,30.314,,,,,,
4001,133.367,,,,30.271,30.823,32.658,30.314,,,,,,
4002,133.4,,,,30.271,30.823,32.658,30.314,,,,,,
4003,133.433,,,,30.271,30.823,32.658,30.314,,,,,,
4004,133.467,1.238,6.149,bbox,30.271,30.823,32.658,30.314,3.8736,2.9533,,,,
4005,133.5,1.184,6.149,bbox,30.271,30.823,32.658,30.314,3.8726,2.9887,0.2465,,-0.6446,
4006,133.533,1.177,1.238,bbox,30.271,30.823,32.791,30.314,3.8724,3.0239,,,,
4007,133.567,1.101,1.184,bbox,30.271,30.823,32.791,30.314,3.8713,3.0759,,,,
4008,133.6,3.487,1.184,pose,30.271,30.823,32.791,30.314,3.8669,3.0075,0.5404,0.486,-1.8314,0.7595
4009,133.633,1.132,1.177,bbox,30.271,30.823,32.791,30.314,3.8662,3.0421,,,,
4010,133.667,1.118,1.132,bbox,30.271,30.823,32.791,30.314,3.8653,3.0446,,,,
4011,133.7,1.199,1.132,pose,30.271,30.823,32.791,30.314,3.8657,3.0843,0.0979,0.4434,0.3289,0.7254
4012,133.733,1.014,1.132,bbox,30.271,30.823,32.791,30.314,3.865,3.1214,,,,
4013,133.767,0.975,1.118,bbox,30.271,30.823,32.791,30.374,3.8652,3.1715,,,,
4014,133.8,2.063,1.118,pose,30.271,30.823,32.791,30.412,3.8648,3.1943,0.5623,0.1046,-1.9988,0.9479
4015,133.833,0.905,1.014,bbox,30.271,30.823,32.791,30.462,3.8654,3.2245,,,,
4016,133.867,0.884,0.975,bbox,30.271,30.823,32.791,30.462,3.8656,3.2575,,,,
4017,133.9,1.209,0.975,pose,30.271,30.823,32.791,30.515,3.8663,3.2737,0.4861,0.6157,-1.6951,-2.3218
4018,133.933,0.81,0.905,bbox,30.271,30.823,32.791,30.548,3.8666,3.3022,,,,
4019,133.967,0.738,0.884,bbox,30.271,30.823,32.791,30.548,3.8684,3.3266,,,,
4020,134.0,0.812,0.812,pose,30.271,30.823,32.791,30.592,3.8724,3.3439,0.1176,0.0785,0.2868,0.8738
4021,134.033,0.7,0.81,bbox,30.271,30.823,32.791,30.592,3.8732,3.3572,,,,
4022,134.067,0.608,0.738,bbox,30.271,30.823,32.791,30.634,3.8734,3.3594,,,,
4023,134.1,0.962,0.738,pose,30.271,30.823,32.791,30.634,3.8744,3.363,0.1496,0.1064,0.2794,0.8127
4024,134.133,0.595,0.7,bbox,30.271,30.823,32.791,30.634,3.8748,3.3587,,,,
4025,134.167,0.599,0.608,bbox,30.271,30.823,32.791,30.634,3.8726,3.3445,,,,
4026,134.2,0.895,0.608,pose,30.271,30.823,32.791,30.634,3.871,3.3571,0.1163,0.1414,0.3174,0.9309
4027,134.233,0.598,0.599,bbox,30.271,30.823,32.791,30.634,3.8706,3.3496,,,,
4028,134.267,0.611,0.599,bbox,30.271,30.823,32.791,30.634,3.8687,3.3396,,,,
4029,134.3,0.847,0.611,pose,30.271,30.823,32.791,30.634,3.8678,3.3373,0.2028,0.0823,0.3027,0.9566
4030,134.333,0.612,0.612,bbox,30.271,30.823,32.791,30.634,3.8677,3.3418,,,,
4031,134.367,0.614,0.612,bbox,30.271,30.823,32.791,30.634,3.8681,3.3465,,,,
4032,134.4,0.921,0.614,pose,30.271,30.823,32.791,30.634,3.8707,3.3462,0.1598,0.0487,0.3484,0.9447
4033,134.433,0.718,0.718,bbox,30.271,30.823,32.791,30.634,3.8713,3.3499,,,,
4034,134.467,0.701,0.701,bbox,30.271,30.823,32.791,30.634,3.8704,3.352,,,,
4035,134.5,2.992,0.718,pose,30.271,30.823,32.791,30.634,3.8693,3.3569,0.4103,0.0853,-1.4158,0.8479
4036,134.533,0.714,0.718,bbox,30.271,30.823,32.791,30.634,3.8706,3.3619,,,,
4037,134.567,0.698,0.714,bbox,30.271,30.823,32.791,30.634,3.8715,3.3692,,,,
4038,134.6,0.818,0.714,pose,30.271,30.823,32.791,30.634,3.8721,3.3741,0.1406,0.1624,0.2841,0.872
4039,134.633,0.606,0.714,bbox,30.271,30.823,32.791,30.634,3.8718,3.379,,,,
4040,134.667,0.598,0.698,bbox,30.271,30.823,32.791,30.664,3.8702,3.3835,,,,
4041,134.7,5.376,0.698,pose,30.271,30.823,32.791,30.664,3.8705,3.3872,0.1488,0.5552,0.1579,-2.4738
4042,134.733,0.59,0.606,bbox,30.271,30.823,32.791,30.664,3.87,3.3924,,,,
4043,134.767,0.585,0.598,bbox,30.271,30.823,32.791,30.664,3.8665,3.3948,,,,
4044,134.8,2.432,0.598,pose,30.271,30.823,32.791,30.664,3.868,3.4024,0.3406,0.2077,-1.2432,0.8066
4045,134.833,0.591,0.591,bbox,30.271,30.823,32.791,30.664,3.8673,3.4072,,,,
4046,134.867,0.588,0.59,bbox,30.271,30.823,32.791,30.664,3.8668,3.419,,,,
4047,134.9,1.061,0.591,pose,30.271,30.823,32.791,30.697,3.8681,3.4277,0.4093,0.5322,-1.3522,-2.2455
4048,134.933,0.58,0.591,bbox,30.271,30.823,32.791,30.697,3.8682,3.4383,,,,
4049,134.967,0.553,0.588,bbox,30.271,30.823,32.791,30.697,3.8666,3.445,,,,
4050,135.0,1.871,0.588,pose,30.271,30.823,32.791,30.728,3.8684,3.4697,0.2258,0.4626,-0.4912,-2.1411
4051,135.033,0.532,0.58,bbox,30.271,30.823,32.791,30.728,3.8683,3.4837,,,,
4052,135.067,0.514,0.553,bbox,30.271,30.823,32.791,30.76,3.8666,3.4987,,,,
4053,135.1,0.408,0.532,pose,30.271,30.823,32.791,30.76,3.8647,3.5202,0.3808,0.266,-1.4316,-1.0956
4054,135.133,0.468,0.514,bbox,30.271,30.823,32.791,30.76,3.8596,3.5282,,,,
4055,135.167,0.46,0.468,bbox,30.271,30.823,32.791,30.81,3.8579,3.5363,,,,
4056,135.2,0.749,0.468,pose,30.271,30.823,32.791,30.81,3.8605,3.5415,0.4348,0.2882,-1.6951,-1.0971
4057,135.233,0.475,0.468,bbox,30.271,30.823,32.791,30.81,3.8595,3.5548,,,,
4058,135.267,0.496,0.475,bbox,30.271,30.823,32.791,30.81,3.8522,3.5642,,,,
4059,135.3,,,,30.271,30.823,32.791,30.81,,,,,,
4060,135.333,,,,30.271,30.823,32.791,30.81,,,,,,
4061,135.367,,,,30.271,30.823,32.791,30.81,,,,,,
4062,135.4,,,,30.271,30.823,32.791,30.81,,,,,,
4063,135.433,,,,30.271,30.823,32.791,30.81,,,,,,
4064,135.467,,,,30.271,30.823,32.791,30.81,,,,,,
4065,135.5,,,,30.271,30.823,32.791,30.81,,,,,,
4066,135.533,,,,30.271,30.823,32.791,30.81,,,,,,
4067,135.567,,,,30.271,30.823,32.791,30.81,,,,,,
4068,135.6,,,,30.271,30.823,32.791,30.81,,,,,,
4069,135.633,1.125,0.496,bbox,30.271,30.823,32.791,30.845,3.8362,3.6746,,,,
4070,135.667,,,,30.271,30.823,32.791,30.845,,,,,,
4071,135.7,1.223,0.749,pose,30.271,30.823,32.791,30.845,3.8287,3.6877,0.492,0.3864,-1.9453,-1.4221
4072,135.733,,,,30.271,30.823,32.791,30.845,,,,,,
4073,135.767,,,,30.271,30.823,32.791,30.845,,,,,,
4074,135.8,,,,30.271,30.823,32.791,30.845,,,,,,
4075,135.833,1.375,1.125,bbox,30.271,30.823,32.791,30.965,3.821,3.715,,,,
4076,135.867,1.385,1.223,bbox,30.271,30.858,32.791,30.965,3.82,3.7227,,,,
4077,135.9,0.531,1.223,pose,30.271,30.858,32.791,31.005,3.8197,3.7254,0.4336,0.5063,-1.7794,-1.9182
4078,135.933,,,,30.271,30.858,32.791,31.005,,,,,,
4079,135.967,,,,30.271,30.858,32.791,31.005,,,,,,
4080,136.0,1.181,1.223,pose,30.271,30.858,32.791,31.005,3.8156,3.7262,0.5016,0.43,-2.0563,-1.6998
4081,136.033,,,,30.271,30.858,32.791,31.005,,,,,,
4082,136.067,1.432,1.375,bbox,30.271,30.858,32.791,31.005,3.8236,3.7232,,,,
4083,136.1,0.966,1.181,pose,30.271,30.858,32.791,31.005,3.8238,3.72,0.5257,0.5012,-2.0238,-1.7898
4084,136.133,1.423,1.181,bbox,30.271,30.858,32.791,31.005,3.8225,3.7173,,,,
4085,136.167,1.413,1.413,bbox,30.271,30.858,32.791,31.005,3.8209,3.7135,,,,
4086,136.2,1.849,1.423,pose,30.271,30.858,32.791,31.005,3.8197,3.7068,0.3132,0.4597,-0.8364,-1.7354
4087,136.233,1.397,1.413,bbox,30.271,30.858,32.791,31.005,3.821,3.6992,,,,
4088,136.267,,,,30.271,30.858,32.791,31.005,,,,,,
4089,136.3,,,,30.271,30.858,32.791,31.005,,,,,,
4090,136.333,,,,30.271,30.858,32.791,31.005,,,,,,
4091,136.367,,,,30.271,30.858,32.791,31.005,,,,,,
4092,136.4,,,,30.271,30.858,32.791,31.005,,,,,,
4093,136.433,1.404,1.413,bbox,30.271,30.858,32.791,31.005,3.8213,3.6455,,,,
4094,136.467,,,,30.271,30.858,32.791,31.005,,,,,,
4095,136.5,,,,30.271,30.858,32.791,31.005,,,,,,
4096,136.533,,,,30.271,30.858,32.791,31.005,,,,,,
4097,136.567,,,,30.271,30.858,32.791,31.005,,,,,,
4098,136.6,,,,30.271,30.858,32.791,31.005,,,,,,
4099,136.633,,,,30.271,30.858,32.791,31.005,,,,,,
4100,136.667,,,,30.271,30.858,32.791,31.005,,,,,,
4101,136.7,,,,30.271,30.858,32.791,31.005,,,,,,
4102,136.733,,,,30.271,30.858,32.791,31.005,,,,,,
4103,136.767,,,,30.271,30.858,32.791,31.005,,,,,,
4104,136.8,5.255,1.413,pose,30.271,30.858,32.791,31.005,3.8525,3.484,0.1736,0.5413,0.54,-2.0698
4105,136.833,0.506,1.404,bbox,30.271,30.858,32.861,31.005,3.8498,3.4729,,,,
4106,136.867,0.513,1.397,bbox,30.271,30.858,33.011,31.005,3.8469,3.4574,,,,
4107,136.9,5.615,1.404,pose,30.271,30.858,33.011,31.005,3.8399,3.4509,0.0097,0.5634,0.3096,-2.3689
4108,136.933,0.509,0.513,bbox,30.271,30.858,33.011,31.005,3.8391,3.4479,,,,
4109,136.967,0.518,0.513,bbox,30.271,30.858,33.044,31.005,3.842,3.4471,,,,
4110,137.0,0.535,0.518,bbox,30.271,30.858,33.044,31.005,3.8434,3.4229,,0.5172,,-1.7453
4111,137.033,0.559,0.535,bbox,30.271,30.858,33.044,31.005,3.8453,3.393,,,,
4112,137.067,0.587,0.535,bbox,30.271,30.858,33.044,31.005,3.8455,3.3623,,,,
4113,137.1,0.62,0.559,bbox,30.271,30.858,33.102,31.005,3.8464,3.3272,,0.2668,,1.137
4114,137.133,6.485,0.587,bbox,30.271,30.858,33.102,31.005,3.8462,9.0126,,,,
4115,137.167,,,,30.271,30.858,33.102,31.005,,,,,,
4116,137.2,,,,30.271,30.858,33.102,31.005,,,,,,
4117,137.233,,,,30.271,30.858,33.102,31.005,,,,,,
4118,137.267,,,,30.271,30.858,33.102,31.005,,,,,,
4119,137.3,,,,30.271,30.858,33.102,31.005,,,,,,
4120,137.333,,,,30.271,30.858,33.102,31.005,,,,,,
4121,137.367,,,,30.271,30.858,33.102,31.005,,,,,,
4122,137.4,,,,30.271,30.858,33.102,31.005,,,,,,
4123,137.433,,,,30.271,30.858,33.102,31.005,,,,,,
4124,137.467,,,,30.271,30.858,33.102,31.005,,,,,,
4125,137.5,,,,30.271,30.858,33.102,31.005,,,,,,
4126,137.533,,,,30.271,30.858,33.102,31.005,,,,,,
4127,137.567,,,,30.271,30.858,33.102,31.005,,,,,,
4128,137.6,,,,30.271,30.858,33.102,31.005,,,,,,
4129,137.633,,,,30.271,30.858,33.102,31.005,,,,,,
4130,137.667,,,,30.271,30.858,33.102,31.005,,,,,,
4131,137.7,,,,30.271,30.858,33.102,31.005,,,,,,
4132,137.733,,,,30.271,30.858,33.102,31.005,,,,,,
4133,137.767,,,,30.271,30.858,33.102,31.005,,,,,,
4134,137.8,,,,30.271,30.858,33.102,31.005,,,,,,
4135,137.833,,,,30.271,30.858,33.102,31.005,,,,,,
4136,137.867,,,,30.271,30.858,33.102,31.005,,,,,,
4137,137.9,,,,30.271,30.858,33.102,31.005,,,,,,
4138,137.933,,,,30.271,30.858,33.102,31.005,,,,,,
4139,137.967,,,,30.271,30.858,33.102,31.005,,,,,,
4140,138.0,,,,30.271,30.858,33.102,31.005,,,,,,
4141,138.033,,,,30.271,30.858,33.102,31.005,,,,,,
4142,138.067,,,,30.271,30.858,33.102,31.005,,,,,,
4143,138.1,,,,30.271,30.858,33.102,31.005,,,,,,
4144,138.133,,,,30.271,30.858,33.102,31.005,,,,,,
4145,138.167,5.426,0.62,bbox,30.271,30.858,33.102,31.005,2.5812,9.1083,,,,
4146,138.2,5.438,5.426,bbox,30.271,30.858,33.102,31.155,2.5245,9.1015,,0.3178,,0.7204
4147,138.233,5.458,5.438,bbox,30.271,30.991,33.102,31.24,2.481,9.0974,,,,
4148,138.267,5.501,5.458,bbox,30.271,31.048,33.102,31.24,2.4586,9.0943,,,,
4149,138.3,5.454,5.454,bbox,30.271,31.091,33.102,31.24,2.4643,9.0869,,,,
4150,138.333,5.445,5.454,bbox,30.271,31.091,33.102,31.24,2.4778,9.0763,,,,
4151,138.367,5.436,5.454,bbox,30.271,31.091,33.102,31.24,2.5022,9.0563,,,,
4152,138.4,5.354,5.445,bbox,30.271,31.091,33.102,31.24,2.5237,9.0384,,0.3044,,0.797
4153,138.433,5.345,5.436,bbox,30.271,31.091,33.143,31.24,2.514,9.0297,,,,
4154,138.467,5.329,5.354,bbox,30.304,31.091,33.143,31.24,2.516,9.0178,,,,
4155,138.5,5.32,5.345,bbox,30.304,31.091,33.143,31.24,2.5033,9.0044,,0.3281,,0.8273
4156,138.533,5.316,5.329,bbox,30.304,31.091,33.181,31.24,2.493,8.9768,,,,
4157,138.567,5.195,5.32,bbox,30.304,31.091,33.181,31.24,3.8647,8.9474,,,,
4158,138.6,1.474,5.316,bbox,30.304,31.091,33.222,31.24,3.8643,2.469,0.4869,,-1.7496,
4159,138.633,1.488,5.195,bbox,30.456,31.091,33.222,31.24,3.8643,2.4448,,,,
4160,138.667,1.492,1.492,bbox,30.456,31.091,33.402,31.24,3.8661,2.4309,,,,
4161,138.7,5.079,1.492,bbox,30.456,31.091,33.402,31.24,3.8667,8.868,0.5007,,-1.8011,
4162,138.733,5.173,1.492,bbox,30.456,31.091,33.402,31.24,3.8647,8.8611,,,,
4163,138.767,5.237,5.079,bbox,30.456,31.091,33.402,31.39,3.8646,8.8462,,,,
4164,138.8,5.723,5.173,pose,30.456,31.091,33.402,31.39,3.8662,8.8259,0.4826,0.0003,-1.5985,-0.4924
4165,138.833,5.244,5.237,bbox,30.456,31.091,33.402,31.39,3.8644,8.8131,,,,
4166,138.867,5.246,5.244,bbox,30.456,31.091,33.402,31.39,3.8642,8.809,,,,
4167,138.9,5.261,5.246,bbox,30.456,31.091,33.435,31.39,3.8647,8.7831,0.5415,,-1.8522,
4168,138.933,5.248,5.248,bbox,30.456,31.091,33.435,31.39,3.8651,8.7893,,,,
4169,138.967,5.262,5.248,bbox,30.456,31.091,33.435,31.39,3.8651,8.773,,,,
4170,139.0,5.288,5.261,bbox,30.456,31.091,33.465,31.39,3.8649,8.7576,0.5317,,-1.7972,
4171,139.033,1.845,5.261,bbox,30.456,31.091,33.465,31.39,3.8653,2.1303,,,,
4172,139.067,,,,30.456,31.091,33.465,31.39,,,,,,
4173,139.1,,,,30.456,31.091,33.465,31.39,,,,,,
4174,139.133,,,,30.456,31.091,33.465,31.39,,,,,,
4175,139.167,,,,30.456,31.091,33.465,31.39,,,,,,
4176,139.2,,,,30.456,31.091,33.465,31.39,,,,,,
4177,139.233,,,,30.456,31.091,33.465,31.39,,,,,,
4178,139.267,,,,30.456,31.091,33.465,31.39,,,,,,
4179,139.3,,,,30.456,31.091,33.465,31.39,,,,,,
4180,139.333,1.873,5.248,bbox,30.456,31.091,33.465,31.39,3.8643,2.0584,,,,
4181,139.367,5.125,5.125,bbox,30.456,31.091,33.64,31.39,3.864,8.5854,,,,
4182,139.4,5.111,5.111,bbox,30.456,31.091,33.64,31.39,3.8638,8.579,0.4526,,-1.4494,
4183,139.433,5.102,5.102,bbox,30.456,31.091,33.64,31.39,3.8621,8.5829,,,,
4184,139.467,5.113,5.111,bbox,30.456,31.091,33.64,31.39,3.8627,8.5849,,,,
4185,139.5,3.085,5.111,pose,30.456,31.091,33.64,31.39,3.8629,2.0107,0.4573,0.0874,-1.4592,2.1349
4186,139.533,1.939,5.102,bbox,30.456,31.091,33.64,31.39,3.8623,1.9985,,,,
4187,139.567,1.948,3.085,bbox,30.456,31.091,33.797,31.39,3.8624,1.9926,,,,
4188,139.6,3.549,3.085,pose,30.456,31.091,33.797,31.39,3.8617,1.9839,0.5592,0.0391,-1.9225,0.2931
4189,139.633,1.965,1.965,bbox,30.456,31.091,33.797,31.39,3.8621,1.977,,,,
4190,139.667,1.982,1.965,bbox,30.456,31.091,33.797,31.39,3.8619,1.9655,,,,
4191,139.7,4.016,1.982,pose,30.456,31.091,33.83,31.39,3.8617,1.9612,0.5208,0.2746,-1.7737,0.9107
4192,139.733,1.99,1.99,bbox,30.456,31.091,33.83,31.39,3.8618,1.9585,,,,
4193,139.767,1.987,1.987,bbox,30.456,31.091,33.83,31.39,3.862,1.9584,,,,
4194,139.8,3.198,1.99,pose,30.456,31.091,33.83,31.39,3.8618,1.953,0.5135,0.0633,-1.7209,0.2455
4195,139.833,2.0,2.0,bbox,30.456,31.091,33.83,31.39,3.8624,1.9531,,,,
4196,139.867,2.006,2.0,bbox,30.456,31.091,33.83,31.39,3.8628,1.9489,,,,
4197,139.9,2.999,2.006,pose,30.456,31.091,33.83,31.39,3.8626,1.9424,0.4668,0.0103,-1.6179,0.773
4198,139.933,2.018,2.018,bbox,30.456,31.091,33.83,31.39,3.8624,1.9368,,,,
4199,139.967,2.021,2.018,bbox,30.456,31.091,33.865,31.39,3.8624,1.9336,,,,
4200,140.0,,,,30.456,31.091,33.865,31.39,,,,,,
4201,140.033,,,,30.456,31.091,33.865,31.39,,,,,,
4202,140.067,,,,30.456,31.091,33.865,31.39,,,,,,
4203,140.1,,,,30.456,31.091,33.865,31.39,,,,,,
4204,140.133,,,,30.456,31.091,33.865,31.39,,,,,,
4205,140.167,,,,30.456,31.091,33.865,31.39,,,,,,
4206,140.2,3.271,2.021,pose,30.456,31.091,33.865,31.39,3.8614,1.9249,0.4768,0.003,-1.5651,0.7002
4207,140.233,,,,30.456,31.091,33.865,31.39,,,,,,
4208,140.267,,,,30.456,31.091,33.865,31.39,,,,,,
4209,140.3,,,,30.456,31.091,33.865,31.39,,,,,,
4210,140.333,,,,30.456,31.091,33.865,31.39,,,,,,
4211,140.367,,,,30.456,31.091,33.865,31.39,,,,,,
4212,140.4,,,,30.456,31.091,33.865,31.39,,,,,,
4213,140.433,,,,30.456,31.091,33.865,31.39,,,,,,
4214,140.467,,,,30.456,31.091,33.865,31.39,,,,,,
4215,140.5,,,,30.456,31.091,33.865,31.39,,,,,,
4216,140.533,,,,30.456,31.091,33.865,31.39,,,,,,
4217,140.567,,,,30.456,31.091,33.865,31.39,,,,,,
4218,140.6,,,,30.456,31.091,33.865,31.39,,,,,,
4219,140.633,,,,30.456,31.091,33.865,31.39,,,,,,
4220,140.667,,,,30.456,31.091,33.865,31.39,,,,,,
4221,140.7,,,,30.456,31.091,33.865,31.39,,,,,,
4222,140.733,,,,30.456,31.091,33.865,31.39,,,,,,
4223,140.767,5.442,2.999,bbox,30.456,31.091,33.865,31.39,8.1006,1.9018,,,,
4224,140.8,5.384,3.271,pose,30.456,31.091,33.865,31.39,8.0862,1.8953,0.1192,0.2984,0.8131,-0.8168
4225,140.833,2.062,3.271,bbox,30.456,31.091,33.906,31.39,3.8604,1.8939,,,,
4226,140.867,,,,30.456,31.091,33.906,31.39,,,,,,
4227,140.9,,,,30.456,31.091,33.906,31.39,,,,,,
4228,140.933,,,,30.456,31.091,33.906,31.39,,,,,,
4229,140.967,,,,30.456,31.091,33.906,31.39,,,,,,
4230,141.0,,,,30.456,31.091,33.906,31.39,,,,,,
4231,141.033,,,,30.456,31.091,33.906,31.39,,,,,,
4232,141.067,,,,30.456,31.091,33.906,31.39,,,,,,
4233,141.1,,,,30.456,31.091,33.906,31.39,,,,,,
4234,141.133,,,,30.456,31.091,33.906,31.39,,,,,,
4235,141.167,,,,30.456,31.091,33.906,31.39,,,,,,
4236,141.2,,,,30.456,31.091,33.906,31.39,,,,,,
4237,141.233,,,,30.456,31.091,33.906,31.39,,,,,,
4238,141.267,,,,30.456,31.091,33.906,31.39,,,,,,
4239,141.3,,,,30.456,31.091,33.906,31.39,,,,,,
4240,141.333,,,,30.456,31.091,33.906,31.39,,,,,,
4241,141.367,,,,30.456,31.091,33.906,31.39,,,,,,
4242,141.4,,,,30.456,31.091,33.906,31.39,,,,,,
4243,141.433,,,,30.456,31.091,33.906,31.39,,,,,,
4244,141.467,,,,30.456,31.091,33.906,31.39,,,,,,
4245,141.5,,,,30.456,31.091,33.906,31.39,,,,,,
4246,141.533,,,,30.456,31.091,33.906,31.39,,,,,,
4247,141.567,,,,30.456,31.091,33.906,31.39,,,,,,
4248,141.6,,,,30.456,31.091,33.906,31.39,,,,,,
4249,141.633,,,,30.456,31.091,33.906,31.39,,,,,,
4250,141.667,,,,30.456,31.091,33.906,31.39,,,,,,
4251,141.7,,,,30.456,31.091,33.906,31.39,,,,,,
4252,141.733,,,,30.456,31.091,33.906,31.39,,,,,,
4253,141.767,,,,30.456,31.091,33.906,31.39,,,,,,
4254,141.8,4.344,4.344,pose,30.456,31.091,33.906,31.39,1.6863,3.8568,0.3733,0.5568,0.5839,-1.9269
4255,141.833,2.276,4.344,bbox,30.456,31.091,33.906,31.39,1.683,3.8569,,,,
4256,141.867,2.276,2.276,bbox,30.456,31.245,33.906,31.54,1.6804,3.8569,,,,
4257,141.9,3.537,2.276,pose,30.456,31.245,33.906,31.54,1.6768,3.8567,0.0144,0.5557,0.7393,-1.942
4258,141.933,2.273,2.276,bbox,30.456,31.245,33.906,31.54,1.6727,3.8569,,,,
4259,141.967,2.296,2.276,bbox,30.456,31.245,33.906,31.54,1.6566,3.8567,,,,
4260,142.0,4.195,2.296,pose,30.456,31.245,33.906,31.54,1.6552,3.8536,0.1004,0.514,0.8623,-1.863
4261,142.033,2.299,2.299,bbox,30.456,31.245,33.906,31.54,1.6393,3.8534,,,,
4262,142.067,2.3,2.299,bbox,30.456,31.276,33.906,31.54,1.6362,3.8534,,,,
4263,142.1,3.863,2.3,pose,30.456,31.276,33.906,31.54,1.6149,3.8535,0.1303,0.5072,0.4453,-1.8551
4264,142.133,2.387,2.387,bbox,30.456,31.276,33.906,31.54,1.6154,3.8531,,,,
4265,142.167,2.458,2.387,bbox,30.456,31.316,33.906,31.54,1.5907,3.8532,,,,
4266,142.2,1.857,2.387,pose,30.456,31.316,33.906,31.54,1.591,3.8533,0.3673,0.4913,-1.0504,-1.8311
4267,142.233,2.352,2.387,bbox,30.456,31.316,33.906,31.54,1.5821,3.8533,,,,
4268,142.267,2.419,2.387,bbox,30.456,31.316,33.906,31.54,1.5353,3.853,,,,
4269,142.3,4.297,2.419,pose,30.456,31.349,33.906,31.54,1.4943,3.8534,0.0603,0.5007,0.9141,-1.8361
4270,142.333,2.446,2.419,bbox,30.456,31.396,33.906,31.54,1.4986,3.8535,,,,
4271,142.367,2.483,2.446,bbox,30.456,31.433,33.906,31.54,1.4585,3.8537,,,,
4272,142.4,4.411,2.483,pose,30.456,31.433,33.906,31.54,1.4624,3.8536,0.111,0.5399,0.9693,-1.9408
4273,142.433,2.494,2.494,bbox,30.456,31.469,33.906,31.54,1.4462,3.8535,,,,
4274,142.467,2.513,2.494,bbox,30.456,31.469,33.906,31.54,1.4505,3.8534,,,,
4275,142.5,4.309,2.513,pose,30.456,31.469,33.906,31.54,1.4496,3.8533,0.1684,0.5238,0.9321,-1.8263
4276,142.533,2.525,2.525,bbox,30.456,31.469,33.906,31.54,1.4465,3.8537,,,,
4277,142.567,2.547,2.525,bbox,30.456,31.469,33.906,31.54,1.4252,3.8548,,,,
4278,142.6,4.389,2.547,pose,30.456,31.469,33.906,31.54,1.4088,3.8545,0.1381,0.5287,0.8837,-1.8137
4279,142.633,2.637,2.637,bbox,30.456,31.506,33.906,31.54,1.336,3.8548,,,,
4280,142.667,2.657,2.637,bbox,30.456,31.506,33.906,31.54,1.3182,3.8547,,,,
4281,142.7,2.689,2.657,bbox,30.456,31.595,33.906,31.54,1.3086,3.8548,,0.5313,,-1.821
4282,142.733,2.712,2.689,bbox,30.456,31.595,33.906,31.54,1.2922,3.8544,,,,
4283,142.767,2.713,2.689,bbox,30.456,31.595,33.906,31.54,1.2746,3.8543,,,,
4284,142.8,2.797,2.712,bbox,30.456,31.639,33.906,31.54,1.2572,3.8557,,0.5401,,-1.9685
4285,142.833,2.768,2.713,bbox,30.456,31.639,33.906,31.54,1.2346,3.8558,,,,
4286,142.867,2.8,2.768,bbox,30.456,31.674,33.906,31.54,1.2298,3.856,,,,
4287,142.9,4.331,2.797,pose,30.456,31.674,33.906,31.54,1.2134,3.8563,0.1629,0.5319,-1.7956,-1.8792
4288,142.933,4.96,2.8,bbox,30.456,31.674,33.906,31.54,8.0221,3.8563,,,,
4289,142.967,,,,30.456,31.674,33.906,31.54,,,,,,
4290,143.0,,,,30.456,31.674,33.906,31.54,,,,,,
4291,143.033,,,,30.456,31.674,33.906,31.54,,,,,,
4292,143.067,,,,30.456,31.674,33.906,31.54,,,,,,
4293,143.1,,,,30.456,31.674,33.906,31.54,,,,,,
4294,143.133,,,,30.456,31.674,33.906,31.54,,,,,,
4295,143.167,,,,30.456,31.674,33.906,31.54,,,,,,
4296,143.2,,,,30.456,31.674,33.906,31.54,,,,,,
4297,143.233,,,,30.456,31.674,33.906,31.54,,,,,,
4298,143.267,,,,30.456,31.674,33.906,31.54,,,,,,
4299,143.3,,,,30.456,31.674,33.906,31.54,,,,,,
4300,143.333,,,,30.456,31.674,33.906,31.54,,,,,,
4301,143.367,,,,30.456,31.674,33.906,31.54,,,,,,
4302,143.4,,,,30.456,31.674,33.906,31.54,,,,,,
4303,143.433,,,,30.456,31.674,33.906,31.54,,,,,,
4304,143.467,,,,30.456,31.674,33.906,31.54,,,,,,
4305,143.5,,,,30.456,31.674,33.906,31.54,,,,,,
4306,143.533,,,,30.456,31.674,33.906,31.54,,,,,,
4307,143.567,,,,30.456,31.674,33.906,31.54,,,,,,
4308,143.6,,,,30.456,31.674,33.906,31.54,,,,,,
4309,143.633,,,,30.456,31.674,33.906,31.54,,,,,,
4310,143.667,,,,30.456,31.674,33.906,31.54,,,,,,
4311,143.7,,,,30.456,31.674,33.906,31.54,,,,,,
4312,143.733,,,,30.456,31.674,33.906,31.54,,,,,,
4313,143.767,,,,30.456,31.674,33.906,31.54,,,,,,
4314,143.8,,,,30.456,31.674,33.906,31.54,,,,,,
4315,143.833,7.115,4.331,bbox,30.456,31.674,33.906,31.54,8.7278,0.7032,,,,
4316,143.867,7.153,4.96,bbox,30.584,31.674,33.906,31.54,8.7692,0.7053,,,,
4317,143.9,4.321,4.96,pose,30.584,31.674,34.056,31.54,3.8435,0.7058,0.7019,0.066,-2.5066,1.4854
4318,143.933,,,,30.584,31.674,34.056,31.54,,,,,,
4319,143.967,,,,30.584,31.674,34.056,31.54,,,,,,
4320,144.0,,,,30.584,31.674,34.056,31.54,,,,,,
4321,144.033,,,,30.584,31.674,34.056,31.54,,,,,,
4322,144.067,,,,30.584,31.674,34.056,31.54,,,,,,
4323,144.1,,,,30.584,31.674,34.056,31.54,,,,,,
4324,144.133,,,,30.584,31.674,34.056,31.54,,,,,,
4325,144.167,,,,30.584,31.674,34.056,31.54,,,,,,
4326,144.2,,,,30.584,31.674,34.056,31.54,,,,,,
4327,144.233,,,,30.584,31.674,34.056,31.54,,,,,,
4328,144.267,,,,30.584,31.674,34.056,31.54,,,,,,
4329,144.3,,,,30.584,31.674,34.056,31.54,,,,,,
4330,144.333,,,,30.584,31.674,34.056,31.54,,,,,,
4331,144.367,,,,30.584,31.674,34.056,31.54,,,,,,
4332,144.4,,,,30.584,31.674,34.056,31.54,,,,,,
4333,144.433,,,,30.584,31.674,34.056,31.54,,,,,,
4334,144.467,,,,30.584,31.674,34.056,31.54,,,,,,
4335,144.5,,,,30.584,31.674,34.056,31.54,,,,,,
4336,144.533,,,,30.584,31.674,34.056,31.54,,,,,,
4337,144.567,,,,30.584,31.674,34.056,31.54,,,,,,
4338,144.6,,,,30.584,31.674,34.056,31.54,,,,,,
4339,144.633,,,,30.584,31.674,34.056,31.54,,,,,,
4340,144.667,,,,30.584,31.674,34.056,31.54,,,,,,
4341,144.7,,,,30.584,31.674,34.056,31.54,,,,,,
4342,144.733,,,,30.584,31.674,34.056,31.54,,,,,,
4343,144.767,,,,30.584,31.674,34.056,31.54,,,,,,
4344,144.8,,,,30.584,31.674,34.056,31.54,,,,,,
4345,144.833,,,,30.584,31.674,34.056,31.54,,,,,,
4346,144.867,,,,30.584,31.674,34.056,31.54,,,,,,
4347,144.9,,,,30.584,31.674,34.056,31.54,,,,,,
4348,144.933,7.858,7.115,bbox,30.734,31.674,34.056,31.54,9.3153,1.0675,,,,
4349,144.967,7.868,7.153,bbox,30.775,31.674,34.056,31.54,9.325,1.083,,,,
4350,145.0,6.355,7.153,bbox,30.925,31.674,34.056,31.69,9.3421,3.8601,,0.6547,,-2.1962
4351,145.033,6.376,6.376,bbox,30.925,31.674,34.056,31.69,9.3458,3.8602,,,,
4352,145.067,6.395,6.395,bbox,30.925,31.674,34.056,31.855,9.3571,3.8661,,,,
4353,145.1,7.889,6.395,bbox,30.956,31.674,34.056,31.855,9.367,1.1893,0.016,,0.7255,
4354,145.133,6.38,6.38,bbox,30.956,31.674,34.056,31.855,9.3724,3.8694,,,,
4355,145.167,6.392,6.392,bbox,30.956,31.674,34.056,31.855,9.3754,3.8777,,,,
4356,145.2,7.239,6.395,pose,30.956,31.674,34.056,31.855,9.3908,3.876,0.2363,0.6406,0.7193,-2.2755
4357,145.233,7.848,7.239,bbox,30.956,31.674,34.056,31.855,9.3916,1.2741,,,,
4358,145.267,6.381,6.392,bbox,31.001,31.674,34.056,31.855,9.395,3.8788,,,,
4359,145.3,7.362,7.239,pose,31.001,31.674,34.056,31.855,9.3852,3.8789,0.2433,0.6669,0.727,-2.3677
4360,145.333,7.768,7.362,bbox,31.001,31.674,34.056,31.855,9.3844,1.4243,,,,
4361,145.367,6.367,7.362,bbox,31.001,31.674,34.056,31.855,9.3724,3.8805,,,,
4362,145.4,7.234,7.234,pose,31.001,31.674,34.056,31.855,9.3651,3.8814,0.2389,0.6361,0.7248,-2.2657
4363,145.433,6.355,7.234,bbox,31.001,31.674,34.056,31.855,9.3535,3.8816,,,,
4364,145.467,6.345,6.367,bbox,31.001,31.674,34.056,31.855,9.3473,3.8845,,,,
4365,145.5,,,,31.001,31.674,34.056,31.855,,,,,,
4366,145.533,,,,31.001,31.674,34.056,31.855,,,,,,
4367,145.567,,,,31.001,31.674,34.056,31.855,,,,,,
4368,145.6,7.306,6.367,bbox,31.001,31.711,34.056,31.855,9.3025,1.6266,,,,
4369,145.633,7.296,7.234,bbox,31.001,31.711,34.056,31.855,9.2872,1.6203,,,,
4370,145.667,7.191,7.191,bbox,31.001,31.762,34.185,31.855,9.2585,1.6317,,,,
4371,145.7,7.186,7.191,bbox,31.001,31.762,34.185,31.855,9.2266,1.6413,0.145,,-0.1521,
4372,145.733,7.297,7.296,bbox,31.001,31.807,34.185,31.855,9.2291,1.658,,,,
4373,145.767,7.149,7.191,bbox,31.001,31.807,34.185,31.855,9.2248,1.6956,,,,
4374,145.8,7.068,7.186,bbox,31.001,31.838,34.185,31.855,9.2163,1.7184,,0.0097,,1.1659
4375,145.833,7.128,7.149,bbox,31.001,31.838,34.185,31.919,9.2047,1.7571,,,,
4376,145.867,7.087,7.128,bbox,31.001,31.838,34.185,31.919,9.1903,1.7807,,,,
4377,145.9,6.898,7.087,pose,31.001,31.838,34.185,31.981,9.1625,1.8049,0.0853,0.1492,-0.1061,0.5624
4378,145.933,6.919,7.068,bbox,31.001,31.875,34.185,31.981,9.1369,1.824,,,,
4379,145.967,6.897,6.919,bbox,31.001,31.875,34.185,32.029,9.0897,1.8421,,,,
4380,146.0,6.759,6.898,bbox,31.001,31.928,34.185,32.029,9.0618,1.8682,,0.0584,,1.6101
4381,146.033,6.723,6.897,bbox,31.001,31.975,34.185,32.066,9.0388,1.893,,,,
4382,146.067,6.085,6.759,bbox,31.001,31.975,34.185,32.066,9.0168,3.8442,,,,
4383,146.1,,,,31.001,31.975,34.185,32.066,,,,,,
4384,146.133,,,,31.001,31.975,34.185,32.066,,,,,,
4385,146.167,,,,31.001,31.975,34.185,32.066,,,,,,
4386,146.2,,,,31.001,31.975,34.185,32.066,,,,,,
4387,146.233,,,,31.001,31.975,34.185,32.066,,,,,,
4388,146.267,,,,31.001,31.975,34.185,32.066,,,,,,
4389,146.3,,,,31.001,31.975,34.185,32.066,,,,,,
4390,146.333,5.983,6.723,bbox,31.001,32.026,34.185,32.117,8.8489,3.8402,,,,
4391,146.367,,,,31.001,32.026,34.185,32.117,,,,,,
4392,146.4,,,,31.001,32.026,34.185,32.117,,,,,,
4393,146.433,6.26,6.26,bbox,31.001,32.026,34.185,32.267,8.7253,2.1391,,,,
4394,146.467,6.204,6.204,bbox,31.001,32.198,34.185,32.267,8.6984,2.1528,,,,
4395,146.5,6.162,6.162,bbox,31.001,32.322,34.185,32.303,8.6541,2.1756,0.2162,,0.7005,
4396,146.533,1.989,6.162,bbox,31.001,32.322,34.185,32.303,3.8412,2.1919,,,,
4397,146.567,,,,31.001,32.322,34.185,32.303,,,,,,
4398,146.6,,,,31.001,32.322,34.185,32.303,,,,,,
4399,146.633,,,,31.001,32.322,34.185,32.303,,,,,,
4400,146.667,,,,31.001,32.322,34.185,32.303,,,,,,
4401,146.7,,,,31.001,32.322,34.185,32.303,,,,,,
4402,146.733,,,,31.001,32.322,34.185,32.303,,,,,,
4403,146.767,,,,31.001,32.322,34.185,32.303,,,,,,
4404,146.8,,,,31.001,32.322,34.185,32.303,,,,,,
4405,146.833,,,,31.001,32.322,34.185,32.303,,,,,,
4406,146.867,,,,31.001,32.322,34.185,32.303,,,,,,
4407,146.9,,,,31.001,32.322,34.185,32.303,,,,,,
4408,146.933,,,,31.001,32.322,34.185,32.303,,,,,,
4409,146.967,,,,31.001,32.322,34.185,32.303,,,,,,
4410,147.0,,,,31.001,32.322,34.185,32.303,,,,,,
4411,147.033,,,,31.001,32.322,34.185,32.303,,,,,,
4412,147.067,,,,31.001,32.322,34.185,32.303,,,,,,
4413,147.1,,,,31.001,32.322,34.185,32.303,,,,,,
4414,147.133,,,,31.001,32.322,34.185,32.303,,,,,,
4415,147.167,,,,31.001,32.322,34.185,32.303,,,,,,
4416,147.2,,,,31.001,32.322,34.185,32.303,,,,,,
4417,147.233,,,,31.001,32.322,34.185,32.303,,,,,,
4418,147.267,,,,31.001,32.322,34.185,32.303,,,,,,
4419,147.3,,,,31.001,32.322,34.185,32.303,,,,,,
4420,147.333,,,,31.001,32.322,34.185,32.303,,,,,,
4421,147.367,,,,31.001,32.322,34.185,32.303,,,,,,
4422,147.4,,,,31.001,32.322,34.185,32.303,,,,,,
4423,147.433,,,,31.001,32.322,34.185,32.303,,,,,,
4424,147.467,,,,31.001,32.322,34.185,32.303,,,,,,
4425,147.5,,,,31.001,32.322,34.185,32.303,,,,,,
4426,147.533,,,,31.001,32.322,34.185,32.303,,,,,,
4427,147.567,,,,31.001,32.322,34.185,32.303,,,,,,
4428,147.6,4.457,6.162,pose,31.001,32.393,34.185,32.303,7.8307,3.8425,0.0188,0.4011,-0.309,-1.3874
4429,147.633,,,,31.001,32.393,34.185,32.303,,,,,,
4430,147.667,4.596,4.596,bbox,31.001,32.543,34.185,32.303,7.7833,3.8397,,,,
4431,147.7,,,,31.001,32.543,34.185,32.303,,,,,,
4432,147.733,4.538,4.538,bbox,31.001,32.59,34.185,32.47,7.728,3.8424,,,,
4433,147.767,4.649,4.538,bbox,31.001,32.646,34.185,32.47,7.6876,3.8406,,,,
4434,147.8,4.679,4.596,bbox,31.001,32.646,34.185,32.47,7.6828,3.8401,,0.407,,-1.4634
4435,147.833,4.631,4.631,bbox,31.001,32.686,34.185,32.47,7.6661,3.84,,,,
4436,147.867,4.485,4.631,bbox,31.001,32.686,34.185,32.47,7.6173,3.8397,,,,
4437,147.9,4.475,4.631,bbox,31.001,32.686,34.185,32.47,7.5976,3.8414,,0.4415,,-1.5491
4438,147.933,4.433,4.485,bbox,31.001,32.756,34.185,32.47,7.5689,3.8412,,,,
4439,147.967,4.567,4.485,bbox,31.001,32.756,34.185,32.47,7.5531,2.6448,,,,
4440,148.0,4.393,4.475,bbox,31.001,32.805,34.185,32.47,7.5377,3.8421,,0.4779,,-1.7023
4441,148.033,4.403,4.433,bbox,31.001,32.805,34.185,32.47,7.5303,3.842,,,,
4442,148.067,4.414,4.414,bbox,31.001,32.836,34.185,32.47,7.5318,3.8418,,,,
4443,148.1,4.384,4.403,bbox,31.001,32.836,34.185,32.47,7.524,3.8422,,0.3995,,-1.3704
4444,148.133,4.398,4.398,bbox,31.001,32.836,34.185,32.47,7.5138,3.8426,,,,
4445,148.167,4.378,4.398,bbox,31.001,32.836,34.185,32.47,7.4997,3.843,,,,
4446,148.2,2.348,4.384,pose,31.001,32.836,34.185,32.47,2.438,3.8434,0.2381,0.2981,0.7931,-0.9427
4447,148.233,1.776,4.378,bbox,31.001,32.874,34.185,32.47,2.3905,3.8431,,,,
4448,148.267,4.385,4.378,bbox,31.001,32.874,34.185,32.47,7.4699,3.8433,,,,
4449,148.3,4.429,4.378,bbox,31.001,32.918,34.185,32.47,7.4561,3.8428,,0.3549,,-1.1664
4450,148.333,4.397,4.385,bbox,31.001,32.918,34.185,32.47,7.4406,3.8437,,,,
4451,148.367,4.396,4.396,bbox,31.001,32.918,34.185,32.47,7.436,3.8434,,,,
4452,148.4,4.315,4.396,bbox,31.001,32.918,34.185,32.47,7.424,3.8431,,0.0577,,0.1456
4453,148.433,1.842,4.396,bbox,31.001,32.918,34.185,32.47,2.3149,3.8463,,,,
4454,148.467,,,,31.001,32.918,34.185,32.47,,,,,,
4455,148.5,1.946,4.315,bbox,31.001,32.95,34.185,32.47,2.2713,3.8438,,0.3941,,-1.3492
4456,148.533,2.027,2.027,bbox,31.001,33.1,34.185,32.47,2.1785,3.8474,,,,
4457,148.567,1.977,1.977,bbox,31.001,33.143,34.185,32.47,2.1774,3.8482,,,,
4458,148.6,3.505,1.977,pose,31.001,33.236,34.185,32.47,2.1471,3.8473,0.4627,0.4446,0.8214,-1.6257
4459,148.633,2.012,2.012,bbox,31.001,33.236,34.185,32.47,2.1301,3.8478,,,,
4460,148.667,4.356,2.027,bbox,31.001,33.236,34.185,32.47,7.3823,3.8477,,,,
4461,148.7,4.342,3.505,bbox,31.001,33.236,34.185,32.47,7.3801,3.8475,,0.4307,,-1.557
4462,148.733,4.337,4.337,bbox,31.149,33.236,34.185,32.47,7.3829,3.847,,,,
4463,148.767,5.224,4.342,bbox,31.149,33.236,34.185,32.47,7.3913,1.9691,,,,
4464,148.8,5.268,4.356,bbox,31.149,33.236,34.185,32.47,7.3998,1.9246,,,,
4465,148.833,4.375,4.375,bbox,31.149,33.236,34.185,32.47,7.4105,3.846,,,,
4466,148.867,4.359,4.375,bbox,31.149,33.236,34.185,32.47,7.3975,3.8464,,,,
4467,148.9,5.143,5.143,bbox,31.149,33.236,34.329,32.47,7.3815,1.82,,0.0071,,0.8537
4468,148.933,4.312,4.375,bbox,31.149,33.236,34.329,32.62,7.3567,3.847,,,,
4469,148.967,4.261,4.359,bbox,31.149,33.236,34.329,32.62,7.3244,3.8472,,,,
4470,149.0,4.245,4.312,bbox,31.149,33.236,34.329,32.62,7.3142,3.8468,,0.4845,,-1.7353
4471,149.033,4.232,4.261,bbox,31.149,33.292,34.329,32.62,7.31,3.8482,,,,
4472,149.067,5.286,4.261,bbox,31.149,33.292,34.329,32.62,7.3245,1.6227,,,,
4473,149.1,4.229,4.245,bbox,31.149,33.292,34.329,32.62,7.3461,3.8453,,0.4803,,-1.7143
4474,149.133,4.232,4.232,bbox,31.149,33.292,34.329,32.62,7.3569,3.845,,,,
4475,149.167,4.214,4.232,bbox,31.149,33.292,34.329,32.62,7.3593,3.8448,,,,
4476,149.2,4.219,4.229,bbox,31.182,33.292,34.329,32.62,7.384,3.8435,,0.4618,,-1.5664
4477,149.233,4.244,4.229,bbox,31.182,33.292,34.329,32.62,7.4074,3.8432,,,,
4478,149.267,4.237,4.232,bbox,31.182,33.292,34.329,32.62,7.4181,3.8438,,,,
4479,149.3,5.088,4.237,pose,31.232,33.292,34.329,32.62,7.4292,1.4223,0.0613,0.7195,-0.3636,0.809
4480,149.333,5.593,4.244,bbox,31.232,33.292,34.329,32.62,7.441,1.412,,,,
4481,149.367,5.645,5.088,bbox,31.232,33.292,34.482,32.62,7.4492,1.4003,,,,
4482,149.4,3.781,5.088,pose,31.232,33.292,34.482,32.62,3.8497,1.4013,0.4713,0.6915,-1.6343,0.7834
4483,149.433,4.269,5.088,bbox,31.232,33.292,34.482,32.62,3.8475,7.4858,,,,
4484,149.467,4.285,4.285,bbox,31.232,33.42,34.482,32.62,3.8459,7.5168,,,,
4485,149.5,4.148,4.269,pose,31.232,33.42,34.482,32.759,3.846,7.527,0.456,0.0583,-1.4987,-0.4911
4486,149.533,4.327,4.269,bbox,31.232,33.42,34.482,32.79,3.8484,7.5579,,,,
4487,149.567,4.347,4.285,bbox,31.232,33.42,34.482,32.79,3.8489,7.584,,,,
4488,149.6,4.36,4.327,bbox,31.232,33.42,34.482,32.831,3.8493,7.6014,0.5292,,-1.8386,
4489,149.633,4.405,4.347,bbox,31.232,33.42,34.482,32.831,3.8496,7.6211,,,,
4490,149.667,4.455,4.36,bbox,31.232,33.42,34.482,32.875,3.8492,7.6375,,,,
4491,149.7,4.479,4.405,bbox,31.232,33.42,34.482,32.875,3.8488,7.6501,0.5081,,-1.793,
4492,149.733,4.491,4.455,bbox,31.232,33.42,34.482,32.911,3.8491,7.6586,,,,
4493,149.767,4.442,4.455,bbox,31.232,33.42,34.482,32.911,3.849,7.6626,,,,
4494,149.8,4.472,4.472,bbox,31.232,33.42,34.482,32.911,3.8488,7.6691,0.5075,,-1.8102,
4495,149.833,4.45,4.472,bbox,31.232,33.42,34.482,32.911,3.8497,7.6802,,,,
4496,149.867,4.45,4.45,bbox,31.232,33.42,34.482,32.943,3.85,7.6893,,,,
4497,149.9,4.51,4.45,bbox,31.232,33.42,34.482,32.943,3.8507,7.7016,0.5256,,-1.7901,
4498,149.933,4.54,4.472,bbox,31.232,33.42,34.482,32.943,3.8505,7.713,,,,
4499,149.967,4.611,4.51,bbox,31.232,33.42,34.482,32.975,3.8506,7.7237,,,,
4500,150.0,6.116,4.54,bbox,31.232,33.42,34.482,32.975,1.0474,7.7192,0.015,,0.8392,
4501,150.033,6.144,4.611,bbox,31.232,33.42,34.482,32.975,1.0498,7.7393,,,,
4502,150.067,6.161,6.116,bbox,31.232,33.569,34.482,32.975,1.0472,7.7592,,,,
4503,150.1,4.671,6.116,bbox,31.232,33.569,34.482,33.013,3.8465,7.7798,0.4887,,-1.797,
4504,150.133,4.592,6.116,bbox,31.232,33.569,34.482,33.013,3.8463,7.8006,,,,
4505,150.167,4.603,4.671,bbox,31.382,33.569,34.482,33.053,3.8463,7.8081,,,,
4506,150.2,4.581,4.603,bbox,31.382,33.569,34.482,33.053,3.8461,7.8234,0.4852,,-1.8043,
4507,150.233,4.641,4.603,bbox,31.382,33.569,34.482,33.053,3.8459,7.8354,,,,
4508,150.267,4.668,4.603,bbox,31.382,33.569,34.482,33.097,3.8459,7.8385,,,,
4509,150.3,4.699,4.641,bbox,31.382,33.569,34.482,33.097,3.8461,7.8451,0.4806,,-1.801,
4510,150.333,4.692,4.668,bbox,31.382,33.569,34.482,33.097,3.8447,7.8556,,,,
4511,150.367,4.684,4.684,bbox,31.382,33.569,34.482,33.097,3.8449,7.8613,,,,
4512,150.4,4.697,4.692,bbox,31.382,33.569,34.482,33.129,3.8445,7.8627,0.4876,,-1.7456,
4513,150.433,4.696,4.696,bbox,31.382,33.569,34.482,33.129,3.8443,7.8669,,,,
4514,150.467,4.724,4.696,bbox,31.382,33.569,34.482,33.129,3.8461,7.8714,,,,
4515,150.5,4.765,4.697,bbox,31.382,33.569,34.482,33.129,3.8462,7.8707,0.5017,,-1.8158,
4516,150.533,4.748,4.724,bbox,31.382,33.569,34.482,33.129,3.845,7.8765,,,,
4517,150.567,4.79,4.748,bbox,31.382,33.569,34.482,33.129,3.8448,7.8829,,,,
4518,150.6,4.727,4.748,bbox,31.382,33.569,34.482,33.129,3.8448,7.8852,0.4679,,-1.6472,
4519,150.633,4.621,4.748,bbox,31.382,33.569,34.482,33.129,3.8449,7.8867,,,,
4520,150.667,4.619,4.727,bbox,31.382,33.569,34.482,33.129,3.845,7.8934,,,,
4521,150.7,4.578,4.621,bbox,31.382,33.569,34.482,33.16,3.8454,7.9084,0.4559,,-1.5714,
4522,150.733,4.627,4.621,bbox,31.382,33.569,34.482,33.16,3.8466,7.9189,,,,
4523,150.767,4.667,4.621,bbox,31.382,33.569,34.482,33.16,3.8469,7.926,,,,
4524,150.8,4.686,4.627,bbox,31.382,33.569,34.482,33.192,3.8451,7.9334,0.4547,,-1.6676,
4525,150.833,4.649,4.649,bbox,31.382,33.569,34.482,33.192,3.8445,7.9386,,,,
4526,150.867,4.72,4.667,bbox,31.382,33.569,34.482,33.192,3.8446,7.9462,,,,
4527,150.9,4.725,4.686,bbox,31.382,33.569,34.482,33.192,3.8447,7.9547,0.4518,,-1.6567,
4528,150.933,4.742,4.72,bbox,31.382,33.569,34.482,33.192,3.8448,7.9647,,,,
4529,150.967,4.821,4.725,bbox,31.382,33.569,34.482,33.228,3.8444,7.9695,,,,
4530,151.0,4.783,4.742,bbox,31.382,33.569,34.482,33.228,3.8442,7.9735,0.4863,,-1.7176,
4531,151.033,4.835,4.783,bbox,31.382,33.569,34.482,33.228,3.8433,7.9843,,,,
4532,151.067,4.871,4.821,bbox,31.382,33.569,34.482,33.228,3.8434,8.0001,,,,
4533,151.1,4.958,4.835,pose,31.382,33.569,34.482,33.228,3.8434,7.9932,0.4556,0.0345,-1.6532,0.0215
4534,151.133,4.854,4.854,bbox,31.382,33.569,34.482,33.267,3.8434,8.0031,,,,
4535,151.167,4.823,4.854,bbox,31.382,33.569,34.482,33.267,3.8442,7.9908,,,,
4536,151.2,5.221,4.871,pose,31.382,33.569,34.482,33.267,3.8472,7.997,0.452,0.1302,-1.6182,0.3892
4537,151.233,4.835,4.854,bbox,31.382,33.569,34.482,33.267,3.847,8.0032,,,,
4538,151.267,4.837,4.837,bbox,31.382,33.569,34.482,33.267,3.8467,8.0088,,,,
4539,151.3,4.848,4.837,bbox,31.382,33.569,34.482,33.267,3.846,8.0186,0.4727,,-1.7274,
4540,151.333,4.847,4.847,bbox,31.382,33.569,34.482,33.267,3.8464,8.0227,,,,
4541,151.367,4.875,4.847,bbox,31.382,33.569,34.482,33.267,3.8456,8.0305,,,,
4542,151.4,4.884,4.848,bbox,31.382,33.569,34.482,33.267,3.8461,8.0375,0.5165,,-1.8957,
4543,151.433,5.818,4.875,bbox,31.382,33.569,34.482,33.304,1.7534,8.0357,,,,
4544,151.467,5.781,4.884,bbox,31.382,33.569,34.482,33.304,1.7892,8.0376,,,,
4545,151.5,4.81,4.884,pose,31.382,33.72,34.482,33.304,1.8223,8.0355,0.0007,0.1099,0.8083,0.2863
4546,151.533,5.613,5.613,bbox,31.382,33.72,34.482,33.304,1.8451,8.0315,,,,
4547,151.567,5.589,5.613,bbox,31.382,33.72,34.482,33.304,1.8692,8.0236,,,,
4548,151.6,5.662,5.613,bbox,31.382,33.72,34.482,33.304,1.8931,8.014,0.0072,,0.7773,
4549,151.633,5.611,5.611,bbox,31.429,33.72,34.482,33.304,1.921,8.0102,,,,
4550,151.667,,,,31.429,33.72,34.482,33.304,,,,,,
4551,151.7,5.589,5.611,bbox,31.429,33.72,34.482,33.304,1.9729,8.0068,0.0661,,0.7441,
4552,151.733,5.608,5.608,bbox,31.481,33.72,34.482,33.304,2.0015,8.0025,,,,
4553,151.767,5.754,5.611,bbox,31.533,33.72,34.482,33.304,2.021,7.9959,,,,
4554,151.8,5.55,5.608,bbox,31.533,33.72,34.482,33.304,2.054,7.971,0.2971,,0.7363,
4555,151.833,5.498,5.589,bbox,31.581,33.72,34.516,33.304,2.0653,7.9481,,,,
4556,151.867,5.508,5.55,bbox,31.614,33.72,34.516,33.304,2.0704,7.9354,,,,
4557,151.9,5.456,5.508,bbox,31.614,33.72,34.564,33.304,2.0779,7.9125,0.3425,,0.7827,
4558,151.933,5.395,5.498,bbox,31.614,33.72,34.564,33.304,2.0798,7.8822,,,,
4559,151.967,,,,31.614,33.72,34.564,33.304,,,,,,
4560,152.0,4.615,5.456,bbox,31.614,33.72,34.6,33.304,3.8865,7.8187,0.505,,-2.0716,
4561,152.033,,,,31.614,33.72,34.6,33.304,,,,,,
4562,152.067,4.551,5.395,bbox,31.614,33.72,34.63,33.304,3.8975,7.7652,,,,
4563,152.1,4.578,4.615,bbox,31.79,33.72,34.693,33.304,3.9051,7.7268,0.4346,,-1.7087,
4564,152.133,4.604,4.604,bbox,31.79,33.72,34.747,33.304,3.9012,7.7117,,,,
4565,152.167,4.506,4.578,bbox,31.79,33.72,34.785,33.304,3.9158,7.6615,,,,
4566,152.2,4.484,4.551,bbox,31.79,33.72,34.785,33.304,3.9076,7.6419,0.4595,,-1.8963,
4567,152.233,4.394,4.506,bbox,31.79,33.72,34.851,33.304,3.9086,7.6318,,,,
4568,152.267,4.441,4.484,bbox,31.79,33.72,34.851,33.304,3.9028,7.6196,,,,
4569,152.3,4.498,4.484,bbox,31.79,33.72,34.851,33.304,3.9032,7.6113,0.6277,,-2.3555,
4570,152.333,4.402,4.441,bbox,31.79,33.72,34.893,33.304,3.9051,7.6026,,,,
4571,152.367,4.356,4.402,bbox,31.79,33.72,34.893,33.304,3.9108,7.5885,,,,
4572,152.4,6.275,4.441,pose,31.79,33.72,34.893,33.304,3.9031,7.5819,0.6211,0.0089,-2.5472,-0.0037
4573,152.433,4.364,4.402,bbox,31.79,33.72,34.924,33.304,3.8945,7.5671,,,,
4574,152.467,4.323,4.364,bbox,31.79,33.72,34.924,33.304,3.8948,7.5418,,,,
4575,152.5,6.42,4.364,pose,31.79,33.72,34.924,33.304,3.8822,7.5068,0.6217,0.4675,-2.5782,0.5313
4576,152.533,4.33,4.364,bbox,31.79,33.72,34.97,33.304,3.8745,7.4901,,,,
4577,152.567,4.268,4.33,bbox,31.79,33.72,35.005,33.304,3.8829,7.4594,,,,
4578,152.6,4.218,4.323,bbox,31.79,33.72,35.005,33.304,3.8807,7.4194,0.5767,,-2.3508,
4579,152.633,4.157,4.268,bbox,31.79,33.72,35.053,33.304,3.8789,7.3601,,,,
4580,152.667,4.125,4.218,bbox,31.79,33.72,35.093,33.304,3.8807,7.3323,,,,
4581,152.7,4.144,4.157,bbox,31.79,33.72,35.152,33.304,3.8751,7.3213,0.5917,,-2.1417,
4582,152.733,4.176,4.157,bbox,31.79,33.72,35.152,33.304,3.8527,7.3165,,,,
4583,152.767,4.197,4.157,bbox,31.79,33.72,35.186,33.304,3.8529,7.3264,,,,
4584,152.8,4.195,4.176,bbox,31.79,33.753,35.186,33.304,3.8472,7.3269,0.688,,-2.4549,
4585,152.833,4.188,4.188,bbox,31.79,33.753,35.186,33.304,3.853,7.3332,,,,
4586,152.867,4.183,4.188,bbox,31.79,33.753,35.186,33.304,3.8332,7.3344,,,,
4587,152.9,4.195,4.195,bbox,31.79,33.753,35.186,33.304,3.8299,7.3451,0.5927,,-2.2279,
4588,152.933,4.225,4.195,bbox,31.79,33.753,35.186,33.304,3.8163,7.3551,,,,
4589,152.967,4.269,4.195,bbox,31.79,33.753,35.186,33.304,3.804,7.384,,,,
4590,153.0,4.266,4.225,bbox,31.79,33.79,35.186,33.304,3.8016,7.3925,0.4455,,-1.3249,
4591,153.033,4.271,4.266,bbox,31.79,33.79,35.186,33.362,3.7814,7.3994,,,,
4592,153.067,4.32,4.269,bbox,31.79,33.79,35.186,33.362,3.7704,7.4228,,,,
4593,153.1,4.36,4.271,bbox,31.79,33.825,35.186,33.362,3.7479,7.4269,,,,
4594,153.133,4.403,4.32,bbox,31.79,33.825,35.186,33.4,3.7409,7.4428,,,,
4595,153.167,4.408,4.36,bbox,31.79,33.858,35.186,33.4,3.7319,7.4503,,,,
4596,153.2,4.455,4.403,bbox,31.79,33.858,35.186,33.4,3.7377,7.4665,,0.146,,-2.5784
4597,153.233,4.513,4.408,bbox,31.79,33.858,35.186,33.4,3.7233,7.4749,,,,
4598,153.267,4.468,4.455,bbox,31.79,33.858,35.186,33.444,3.7159,7.4745,,,,
4599,153.3,4.524,4.468,bbox,31.79,33.858,35.186,33.444,3.7048,7.4911,,,,
4600,153.333,4.538,4.513,bbox,31.79,33.89,35.186,33.444,3.6982,7.5038,,,,
4601,153.367,4.573,4.524,bbox,31.79,33.89,35.186,33.444,3.696,7.5066,,,,
4602,153.4,4.575,4.538,bbox,31.79,33.89,35.186,33.479,3.6956,7.5011,,,,
4603,153.433,4.621,4.573,bbox,31.79,33.89,35.186,33.479,3.6794,7.4948,,,,
4604,153.467,4.616,4.575,bbox,31.79,33.89,35.186,33.479,3.6684,7.4794,,,,
4605,153.5,4.659,4.616,bbox,31.79,33.927,35.186,33.479,3.6646,7.4725,,,,
4606,153.533,4.647,4.621,bbox,31.79,33.927,35.186,33.479,3.675,7.4651,,,,
4607,153.567,4.661,4.647,bbox,31.79,33.927,35.186,33.479,3.6568,7.4472,,,,
4608,153.6,4.676,4.659,bbox,31.79,33.927,35.222,33.479,3.6408,7.4342,,,,
4609,153.633,4.643,4.659,bbox,31.79,33.927,35.222,33.479,3.6339,7.4107,,,,
4610,153.667,4.575,4.647,bbox,31.79,33.965,35.253,33.479,3.638,7.395,,,,
4611,153.7,4.547,4.643,bbox,31.79,33.965,35.253,33.479,3.6548,7.3591,0.2554,,0.2253,
4612,153.733,4.48,4.575,bbox,31.79,33.965,35.292,33.479,3.6606,7.3355,,,,
4613,153.767,4.444,4.547,bbox,31.79,33.965,35.328,33.479,3.6404,7.3068,,,,
4614,153.8,4.433,4.48,bbox,31.79,33.965,35.328,33.479,3.6755,7.2747,,,,
4615,153.833,4.336,4.444,bbox,31.79,33.965,35.38,33.479,3.7083,7.2397,,,,
4616,153.867,4.28,4.433,bbox,31.825,33.965,35.412,33.479,3.6954,7.2105,,,,
4617,153.9,4.28,4.336,bbox,31.825,33.965,35.447,33.479,3.6727,7.1824,0.1733,,-0.6265,
4618,153.933,4.308,4.308,bbox,31.825,33.965,35.447,33.479,3.6354,7.1445,,,,
4619,153.967,,,,31.825,33.965,35.447,33.479,,,,,,
4620,154.0,,,,31.825,33.965,35.447,33.479,,,,,,
4621,154.033,4.222,4.28,bbox,31.825,33.965,35.504,33.479,3.5658,7.0425,,,,
4622,154.067,4.175,4.28,bbox,31.825,34.006,35.542,33.479,3.5595,6.9951,,,,
4623,154.1,4.155,4.222,bbox,31.825,34.075,35.644,33.479,3.5555,6.962,0.5256,,-1.7036,
4624,154.133,4.037,4.175,bbox,31.825,34.075,35.692,33.479,2.5885,6.9427,,,,
4625,154.167,3.988,4.155,bbox,31.825,34.075,35.725,33.479,2.5702,6.9103,,,,
4626,154.2,3.895,4.037,bbox,31.825,34.235,35.725,33.479,2.6604,6.8913,0.4193,,0.77,
4627,154.233,3.85,3.988,bbox,31.825,34.235,35.776,33.479,2.6698,6.8705,,,,
4628,154.267,3.843,3.895,bbox,31.825,34.235,35.776,33.479,2.6682,6.8575,,,,
4629,154.3,3.846,3.85,bbox,31.825,34.235,35.816,33.479,2.6669,6.8508,0.4036,,0.7726,
4630,154.333,3.823,3.846,bbox,31.825,34.235,35.816,33.479,2.6669,6.8326,,,,
4631,154.367,3.835,3.843,bbox,31.825,34.235,35.816,33.479,2.652,6.8265,,,,
4632,154.4,3.939,3.843,pose,31.825,34.235,35.854,33.479,2.6536,6.8167,0.452,0.1099,0.7742,0.7745
4633,154.433,3.843,3.843,bbox,31.825,34.235,35.854,33.479,2.6604,6.8012,,,,
4634,154.467,3.857,3.843,bbox,31.825,34.235,35.854,33.479,2.6698,6.8004,,,,
4635,154.5,3.844,3.844,bbox,31.825,34.235,35.886,33.479,2.6742,6.761,0.4846,,0.7521,
4636,154.533,3.83,3.844,bbox,31.825,34.235,35.886,33.479,2.6823,6.7471,,,,
4637,154.567,3.78,3.843,bbox,31.825,34.235,35.926,33.479,2.7117,6.718,,,,
4638,154.6,3.276,3.83,pose,31.825,34.235,35.926,33.479,2.7247,3.4831,0.7308,0.4782,0.6922,-1.6199
4639,154.633,,,,31.825,34.235,35.926,33.479,,,,,,
4640,154.667,1.124,3.78,bbox,31.876,34.235,35.969,33.479,2.7767,3.4908,,,,
4641,154.7,3.75,3.75,bbox,31.876,34.235,36.021,33.479,2.7994,6.6663,0.4891,,-2.1402,
4642,154.733,3.718,3.718,bbox,31.941,34.235,36.059,33.479,2.8212,6.6279,,,,
4643,154.767,1.073,3.276,bbox,31.941,34.235,36.209,33.479,2.8553,3.4953,,,,
4644,154.8,,,,31.941,34.235,36.209,33.479,,,,,,
4645,154.833,,,,31.941,34.235,36.209,33.479,,,,,,
4646,154.867,,,,31.941,34.235,36.209,33.479,,,,,,
4647,154.9,,,,31.941,34.235,36.209,33.479,,,,,,
4648,154.933,,,,31.941,34.235,36.209,33.479,,,,,,
4649,154.967,,,,31.941,34.235,36.209,33.479,,,,,,
4650,155.0,3.35,3.35,bbox,31.986,34.235,36.209,33.479,6.3272,2.9868,,0.2451,,0.7892
4651,155.033,3.463,3.463,bbox,32.02,34.235,36.209,33.513,6.3042,3.5294,,,,
4652,155.067,3.281,3.35,bbox,32.17,34.235,36.209,33.513,6.2305,3.5304,,,,
4653,155.1,3.231,3.281,bbox,32.17,34.235,36.209,33.513,6.1775,3.5492,,,,
4654,155.133,3.122,3.281,bbox,32.17,34.235,36.209,33.513,6.1212,3.5625,,,,
4655,155.167,2.961,3.231,bbox,32.17,34.288,36.209,33.513,6.0772,3.0834,,,,
4656,155.2,2.921,3.122,bbox,32.17,34.345,36.209,33.513,6.041,3.0864,,,,
4657,155.233,2.906,2.961,bbox,32.17,34.389,36.358,33.513,6.0062,3.0925,,,,
4658,155.267,2.924,2.924,bbox,32.17,34.425,36.358,33.513,5.9903,3.0871,,,,
4659,155.3,2.934,2.924,bbox,32.17,34.46,36.358,33.513,5.9779,3.089,,0.0431,,-0.0408
4660,155.333,2.927,2.924,bbox,32.17,34.46,36.358,33.513,5.9446,3.0921,,,,
4661,155.367,2.914,2.924,bbox,32.17,34.46,36.358,33.513,5.926,3.0895,,,,
4662,155.4,7.683,2.927,pose,32.17,34.521,36.358,33.513,5.8908,3.6864,0.2445,0.0161,-1.6144,0.0044
4663,155.433,2.895,2.927,bbox,32.17,34.521,36.358,33.513,5.8787,3.6962,,,,
4664,155.467,2.869,2.914,bbox,32.17,34.575,36.358,33.662,5.878,3.7091,,,,
4665,155.5,4.658,2.914,pose,32.17,34.575,36.358,33.662,5.8872,3.7274,0.0638,0.1437,-0.278,0.594
4666,155.533,2.844,2.895,bbox,32.17,34.575,36.358,33.662,5.8986,3.7442,,,,
4667,155.567,2.792,2.869,bbox,32.17,34.575,36.358,33.703,5.8889,3.7558,,,,
4668,155.6,1.84,2.844,pose,32.17,34.575,36.358,33.703,3.0802,3.7708,0.1377,0.1347,0.3,0.4172
4669,155.633,2.829,2.829,bbox,32.17,34.575,36.358,33.703,3.0719,5.8656,,,,
4670,155.667,2.685,2.792,bbox,32.17,34.729,36.358,33.747,3.7988,5.8132,,,,
4671,155.7,7.627,2.792,pose,32.17,34.729,36.358,33.897,3.8093,5.831,0.1062,0.5897,0.2319,-1.627
4672,155.733,2.729,2.729,bbox,32.17,34.729,36.358,33.897,3.816,5.8588,,,,
4673,155.767,2.664,2.729,bbox,32.17,34.729,36.358,33.931,3.8265,5.8476,,,,
4674,155.8,2.655,2.685,bbox,32.17,34.729,36.358,33.931,3.8342,5.8254,,0.4568,,-0.1565
4675,155.833,2.645,2.664,bbox,32.17,34.729,36.358,33.931,3.8491,5.7909,,,,
4676,155.867,2.475,2.655,bbox,32.17,34.729,36.358,33.931,3.3691,5.7106,,,,
4677,155.9,2.348,2.645,bbox,32.17,34.729,36.415,33.931,3.4379,5.648,,,,
4678,155.933,2.491,2.491,bbox,32.205,34.729,36.495,33.931,3.8744,5.682,,,,
4679,155.967,2.427,2.475,bbox,32.205,34.729,36.495,33.931,3.8811,5.6734,,,,
4680,156.0,2.374,2.427,bbox,32.205,34.864,36.532,33.931,3.4904,5.6667,1.3369,,0.0962,
4681,156.033,2.325,2.374,bbox,32.355,34.864,36.532,33.931,3.8939,5.6688,,,,
4682,156.067,2.444,2.427,bbox,32.355,34.864,36.532,33.931,3.4424,5.6652,,,,
4683,156.1,2.23,2.374,pose,32.355,35.014,36.532,33.931,3.4067,5.6709,0.0192,0.0435,-0.6374,-0.1034
4684,156.133,2.319,2.325,bbox,32.355,35.014,36.532,33.931,3.9004,5.6531,,,,
4685,156.167,2.505,2.325,bbox,32.355,35.062,36.532,33.931,3.3758,5.6612,,,,
4686,156.2,4.977,2.444,pose,32.355,35.098,36.532,33.931,3.3627,5.6633,0.066,0.5136,0.1209,-0.2331
4687,156.233,2.54,2.505,bbox,32.355,35.128,36.532,33.931,3.2972,5.6475,,,,
4688,156.267,2.458,2.505,bbox,32.355,35.128,36.532,33.931,3.9267,5.7162,,,,
4689,156.3,2.561,2.54,bbox,32.355,35.128,36.532,33.931,3.9284,5.8001,0.5249,,-1.7792,
4690,156.333,2.652,2.561,bbox,32.505,35.128,36.532,33.974,3.9313,5.8847,,,,
4691,156.367,2.686,2.561,bbox,32.505,35.128,36.532,34.058,3.9322,5.9002,,,,
4692,156.4,2.712,2.652,bbox,32.505,35.128,36.532,34.142,3.9331,5.8967,0.4445,,-1.3511,
4693,156.433,2.79,2.686,bbox,32.505,35.128,36.532,34.142,3.9324,5.916,,,,
4694,156.467,2.831,2.712,bbox,32.505,35.128,36.532,34.142,3.9314,5.8976,,,,
4695,156.5,2.768,2.768,bbox,32.505,35.128,36.532,34.142,3.9324,5.8819,0.4846,,-1.3539,
4696,156.533,2.715,2.768,bbox,32.505,35.128,36.532,34.142,3.9341,5.8738,,,,
4697,156.567,2.702,2.768,bbox,32.505,35.128,36.532,34.142,3.9351,5.8631,,,,
4698,156.6,3.106,2.768,bbox,32.505,35.128,36.532,34.142,2.9415,5.8485,0.4349,,-1.6469,
4699,156.633,3.082,2.768,bbox,32.505,35.128,36.532,34.142,2.9353,5.8505,,,,
4700,156.667,2.552,2.715,bbox,32.505,35.128,36.566,34.142,3.9342,5.8072,,,,
4701,156.7,2.481,2.702,bbox,32.505,35.128,36.566,34.142,3.9334,5.7642,0.5174,,-1.6398,
4702,156.733,2.455,2.552,bbox,32.505,35.128,36.61,34.142,3.9339,5.7316,,,,
4703,156.767,2.487,2.487,bbox,32.505,35.128,36.653,34.142,3.9319,5.7253,,,,
4704,156.8,2.533,2.487,bbox,32.505,35.128,36.685,34.142,3.9289,5.7062,0.5295,,-1.7782,
4705,156.833,2.539,2.487,bbox,32.505,35.128,36.685,34.142,3.9309,5.6732,,,,
4706,156.867,1.383,2.487,bbox,32.505,35.128,36.685,34.142,3.9251,2.9002,,,,
4707,156.9,2.985,2.533,bbox,32.505,35.128,36.744,34.142,5.6403,2.9016,,0.3858,,0.3032
4708,156.933,2.428,2.533,bbox,32.505,35.128,36.894,34.142,5.3968,3.9226,,,,
4709,156.967,1.374,2.428,bbox,32.505,35.128,36.894,34.142,2.9078,3.9163,,,,
4710,157.0,1.364,1.383,bbox,32.505,35.128,36.894,34.142,2.9085,3.9096,,0.5091,,-1.5531
4711,157.033,2.474,2.428,bbox,32.653,35.128,36.894,34.142,5.3963,3.905,,,,
4712,157.067,,,,32.653,35.128,36.894,34.142,,,,,,
4713,157.1,,,,32.653,35.128,36.894,34.142,,,,,,
4714,157.133,,,,32.653,35.128,36.894,34.142,,,,,,
4715,157.167,,,,32.653,35.128,36.894,34.142,,,,,,
4716,157.2,2.367,2.367,bbox,32.653,35.128,36.894,34.142,5.4483,3.8608,,0.207,,0.7924
4717,157.233,,,,32.653,35.128,36.894,34.142,,,,,,
4718,157.267,1.603,1.603,bbox,32.653,35.278,36.894,34.142,2.5429,3.8374,,,,
4719,157.3,2.44,2.367,pose,32.653,35.278,36.955,34.142,2.5313,3.8267,0.7184,0.204,0.4926,0.9861
4720,157.333,2.322,2.367,bbox,32.803,35.278,36.955,34.142,5.3577,3.8151,,,,
4721,157.367,2.326,2.326,bbox,32.803,35.278,36.989,34.142,5.3824,3.7995,,,,
4722,157.4,2.22,2.322,bbox,32.803,35.278,36.989,34.142,5.368,3.7872,,0.1411,,0.4059
4723,157.433,2.193,2.322,bbox,32.803,35.278,36.989,34.142,5.3012,3.7696,,,,
4724,157.467,2.196,2.22,bbox,32.803,35.278,37.029,34.142,5.2802,3.754,,,,
4725,157.5,2.221,2.22,bbox,32.803,35.335,37.029,34.142,5.2913,3.7434,,0.1948,,1.0755
4726,157.533,2.176,2.196,bbox,32.803,35.335,37.062,34.142,5.3007,3.7323,,,,
4727,157.567,,,,32.803,35.335,37.062,34.142,,,,,,
4728,157.6,2.254,2.196,bbox,32.803,35.335,37.062,34.142,5.2947,3.7108,,0.2469,,-0.3177
4729,157.633,2.174,2.196,bbox,32.803,35.335,37.062,34.142,5.2743,3.7048,,,,
4730,157.667,2.726,2.221,bbox,32.803,35.335,37.105,34.142,5.2815,2.5533,,,,
4731,157.7,2.929,2.254,pose,32.803,35.335,37.105,34.142,5.2595,2.5719,0.044,0.2528,-0.0091,0.4513
4732,157.733,2.752,2.726,bbox,32.803,35.335,37.261,34.142,5.1768,2.6206,,,,
4733,157.767,2.581,2.726,bbox,32.803,35.377,37.261,34.142,5.1662,2.6644,,,,
4734,157.8,2.579,2.726,bbox,32.803,35.459,37.261,34.142,5.1065,2.7159,,0.1195,,0.0366
4735,157.833,2.599,2.599,bbox,32.803,35.459,37.261,34.186,5.0849,2.7773,,,,
4736,157.867,,,,32.803,35.459,37.261,34.186,,,,,,
4737,157.9,,,,32.803,35.459,37.261,34.186,,,,,,
4738,157.933,,,,32.803,35.459,37.261,34.186,,,,,,
4739,157.967,,,,32.803,35.459,37.261,34.186,,,,,,
4740,158.0,,,,32.803,35.459,37.261,34.186,,,,,,
4741,158.033,,,,32.803,35.459,37.261,34.186,,,,,,
4742,158.067,1.867,2.581,bbox,32.803,35.459,37.261,34.238,5.2805,3.5054,,,,
4743,158.1,1.719,2.579,bbox,32.803,35.459,37.261,34.299,5.2711,3.6347,,,,
4744,158.133,1.534,1.867,bbox,32.898,35.459,37.261,34.449,5.3382,3.7949,,,,
4745,158.167,1.563,1.719,bbox,32.898,35.459,37.261,34.578,5.4032,3.7929,,,,
4746,158.2,,,,32.898,35.459,37.261,34.578,,,,,,
4747,158.233,1.642,1.642,bbox,32.965,35.459,37.261,34.728,5.5095,3.8835,,,,
4748,158.267,1.617,1.617,bbox,33.03,35.459,37.261,34.728,5.5076,3.9207,,,,
4749,158.3,,,,33.03,35.459,37.261,34.728,,,,,,
4750,158.333,1.815,1.617,bbox,33.134,35.459,37.261,34.819,5.6079,3.9526,,,,
4751,158.367,2.178,1.642,bbox,33.134,35.459,37.261,34.856,5.7275,4.0001,,,,
4752,158.4,,,,33.134,35.459,37.261,34.856,,,,,,
4753,158.433,3.275,1.815,bbox,33.234,35.459,37.261,34.856,5.8793,3.3338,,,,
4754,158.467,,,,33.234,35.459,37.261,34.856,,,,,,
4755,158.5,3.465,2.178,bbox,33.354,35.459,37.261,34.856,6.0182,3.2866,,0.1337,,0.8452
4756,158.533,,,,33.354,35.459,37.261,34.856,,,,,,
4757,158.567,1.786,2.178,bbox,33.504,35.459,37.261,34.888,6.0585,4.4485,,,,
4758,158.6,3.501,3.275,bbox,33.643,35.459,37.411,34.888,6.0725,3.2611,,,,
4759,158.633,1.711,3.275,bbox,33.683,35.459,37.411,34.888,6.1029,4.5729,,,,
4760,158.667,3.543,3.465,bbox,33.683,35.459,37.458,34.888,6.1544,3.239,,,,
4761,158.7,3.618,3.501,pose,33.728,35.459,37.458,34.888,6.2087,3.2129,0.03,0.1622,0.6578,0.2099
4762,158.733,3.763,3.543,bbox,33.779,35.459,37.506,34.888,6.2948,3.2024,,,,
4763,158.767,3.939,3.618,bbox,33.833,35.459,37.506,34.888,6.3935,3.1305,,,,
4764,158.8,1.564,3.618,bbox,33.92,35.459,37.506,34.888,6.4859,5.0215,0.2493,,0.6733,
4765,158.833,1.537,3.618,bbox,34.018,35.459,37.506,34.888,6.5634,5.0973,,,,
4766,158.867,1.605,1.605,bbox,34.111,35.459,37.506,35.012,6.6279,5.1811,,,,
4767,158.9,4.636,1.605,pose,34.188,35.459,37.506,35.012,6.6777,2.8391,0.0429,0.0598,0.5314,0.9046
4768,158.933,4.591,1.605,bbox,34.253,35.459,37.506,35.012,6.7273,2.794,,,,
4769,158.967,4.627,4.591,bbox,34.302,35.459,37.656,35.012,6.7328,2.788,,,,
4770,159.0,4.052,4.591,pose,34.352,35.459,37.701,35.012,6.8245,2.7177,0.3849,0.1237,0.6676,0.194
4771,159.033,3.373,4.591,bbox,34.352,35.459,37.701,35.012,5.6195,2.695,,,,
4772,159.067,3.376,4.052,bbox,34.352,35.459,37.777,35.012,5.6224,2.6927,,,,
4773,159.1,3.5,3.5,bbox,34.352,35.609,37.777,35.012,5.7762,2.6579,0.1582,,0.4609,
4774,159.133,5.032,3.5,bbox,34.352,35.609,37.777,35.012,6.989,2.6474,,,,
4775,159.167,5.04,3.5,bbox,34.352,35.609,37.837,35.012,6.9928,2.6475,,,,
4776,159.2,4.747,4.747,pose,34.502,35.609,37.837,35.012,7.0973,2.6798,0.1456,0.0983,0.6891,0.1991
4777,159.233,5.11,5.032,bbox,34.502,35.609,37.837,35.012,7.1554,2.7235,,,,
4778,159.267,5.147,5.04,bbox,34.61,35.609,37.837,35.012,7.1594,2.7298,,,,
4779,159.3,5.223,5.11,bbox,34.668,35.609,37.837,35.078,7.2563,2.8183,,,,
4780,159.333,5.197,5.147,bbox,34.668,35.609,37.837,35.078,7.3215,2.8635,,,,
4781,159.367,5.204,5.197,bbox,34.769,35.609,37.837,35.172,7.3257,2.8674,,,,
4782,159.4,4.792,5.197,bbox,34.769,35.609,37.837,35.218,6.6391,2.9198,0.5222,,0.4837,
4783,159.433,4.921,5.197,bbox,34.769,35.609,37.837,35.218,6.6795,2.9248,,,,
4784,159.467,4.147,4.921,bbox,34.769,35.759,37.837,35.274,6.7899,2.9322,,,,
4785,159.5,5.518,4.921,pose,34.769,35.759,37.837,35.274,7.6583,2.9425,0.5183,0.1805,0.6261,0.207
4786,159.533,5.663,4.921,bbox,34.769,35.759,37.837,35.274,7.6755,2.9425,,,,
4787,159.567,4.291,4.921,bbox,34.919,35.759,37.837,35.274,7.0604,2.9421,,,,
4788,159.6,4.212,4.291,pose,35.003,35.759,37.837,35.274,7.144,2.9422,0.0412,0.0267,0.6849,0.787
4789,159.633,4.285,4.291,bbox,35.003,35.759,37.837,35.274,7.1553,2.9432,,,,
4790,159.667,4.144,4.285,bbox,35.003,35.759,37.837,35.274,7.1856,2.9418,,,,
4791,159.7,5.454,4.285,bbox,35.003,35.759,37.837,35.274,7.8702,2.944,,0.0132,,0.0775
4792,159.733,5.458,4.285,bbox,35.044,35.759,37.837,35.274,7.8726,2.9398,,,,
4793,159.767,5.406,5.406,bbox,35.194,35.759,37.837,35.274,7.9107,2.9449,,,,
4794,159.8,5.491,5.454,bbox,35.194,35.759,37.837,35.274,8.0203,2.9361,,,,
4795,159.833,5.5,5.458,bbox,35.235,35.759,37.837,35.274,8.032,2.9359,,,,
4796,159.867,5.665,5.491,bbox,35.345,35.759,37.837,35.274,8.0865,2.9357,,,,
4797,159.9,5.127,5.491,pose,35.345,35.759,37.837,35.274,8.1419,2.9254,0.0794,0.1602,0.5145,-0.1324
4798,159.933,5.771,5.5,bbox,35.411,35.759,37.837,35.274,8.1905,2.9145,,,,
4799,159.967,5.96,5.665,bbox,35.466,35.759,37.837,35.274,8.2393,2.9107,,,,
4800,160.0,6.263,5.771,bbox,35.515,35.759,37.837,35.274,8.293,2.8983,,0.3637,,-1.086
4801,160.033,6.47,5.96,bbox,35.564,35.759,37.837,35.274,8.3406,2.8899,,,,
4802,160.067,4.982,5.96,bbox,35.564,35.759,37.837,35.274,7.7486,2.885,,,,
4803,160.1,6.852,6.263,pose,35.564,35.759,37.837,35.274,7.789,2.882,0.1362,0.5732,0.8971,-2.0795
4804,160.133,,,,35.564,35.759,37.837,35.274,,,,,,
4805,160.167,5.037,6.263,bbox,35.564,35.909,37.872,35.274,7.854,2.8794,,,,
4806,160.2,6.013,6.013,pose,35.564,35.909,37.872,35.274,7.8853,2.8775,0.2384,0.3168,0.8297,-0.8656
4807,160.233,5.136,5.136,bbox,35.564,35.909,37.872,35.274,7.9164,2.8798,,,,
4808,160.267,5.136,5.136,bbox,35.595,35.909,37.872,35.274,7.9415,2.8922,,,,
4809,160.3,6.962,5.136,pose,35.626,35.909,37.872,35.274,7.9794,2.899,0.1971,0.5686,0.8183,-2.1061
4810,160.333,5.307,5.307,bbox,35.626,35.909,37.872,35.274,8.0035,2.9055,,,,
4811,160.367,5.361,5.307,bbox,35.689,35.909,37.872,35.274,8.055,2.9054,,,,
4812,160.4,6.626,5.361,pose,35.689,35.909,37.872,35.274,8.0643,2.9049,0.2703,0.5577,0.7333,-1.7809
4813,160.433,5.558,5.558,bbox,35.765,35.909,37.872,35.274,8.0957,2.9096,,,,
4814,160.467,5.498,5.498,bbox,35.765,35.909,37.872,35.274,8.1127,2.9105,,,,
4815,160.5,6.954,5.558,pose,35.805,35.909,37.872,35.274,8.1069,2.9161,0.3395,0.5536,0.7425,-1.952
4816,160.533,5.385,5.558,bbox,35.805,35.909,37.872,35.274,8.1038,2.9258,,,,
4817,160.567,7.313,5.558,bbox,35.805,35.909,37.872,35.305,9.075,2.9311,,,,
4818,160.6,7.444,6.954,pose,35.805,35.909,37.872,35.305,9.1187,2.9375,0.7081,0.6007,0.6869,-1.9932
4819,160.633,7.511,7.313,bbox,35.972,35.909,37.872,35.305,9.1514,2.9434,,,,
4820,160.667,5.308,7.313,bbox,35.972,35.909,37.872,35.305,7.9863,2.9472,,,,
4821,160.7,,,,35.972,35.909,37.872,35.305,,,,,,
4822,160.733,,,,35.972,35.909,37.872,35.305,,,,,,
4823,160.767,,,,35.972,35.909,37.872,35.305,,,,,,
4824,160.8,7.879,7.444,bbox,36.016,35.909,37.872,35.305,9.2648,2.9986,,0.3904,,-1.805
4825,160.833,,,,36.016,35.909,37.872,35.305,,,,,,
4826,160.867,7.955,7.511,bbox,36.049,35.909,37.872,35.336,9.3784,2.9808,,,,
4827,160.9,7.95,7.879,bbox,36.162,35.909,37.872,35.37,9.4524,3.0344,,0.5192,,-2.1713
4828,160.933,8.033,7.95,bbox,36.276,35.909,37.872,35.37,9.5193,3.0593,,,,
4829,160.967,5.058,7.95,bbox,36.276,35.909,37.872,35.423,7.7396,3.0935,,,,
4830,161.0,6.76,7.95,pose,36.276,35.909,37.872,35.423,7.7273,3.1188,0.5456,0.5748,0.6495,-2.215
4831,161.033,5.112,6.76,bbox,36.276,36.059,37.872,35.482,7.6925,3.1529,,,,
4832,161.067,5.112,5.112,bbox,36.276,36.059,37.872,35.482,7.6316,3.0663,,,,
4833,161.1,8.646,5.112,bbox,36.276,36.059,37.872,35.482,9.7329,3.0699,,0.1633,,1.2521
4834,161.133,8.835,6.76,bbox,36.276,36.059,37.872,35.482,9.7592,3.0908,,,,
4835,161.167,,,,36.276,36.059,37.872,35.482,,,,,,
4836,161.2,4.662,5.112,bbox,36.276,36.106,37.872,35.482,7.4276,3.1705,,0.086,,0.5376
4837,161.233,4.608,5.112,bbox,36.276,36.167,37.872,35.482,7.4011,3.1995,,,,
4838,161.267,,,,36.276,36.167,37.872,35.482,,,,,,
4839,161.3,4.329,4.662,pose,36.276,36.317,37.872,35.559,7.3441,3.2196,0.0172,0.0518,0.5808,0.1215
4840,161.333,,,,36.276,36.317,37.872,35.559,,,,,,
4841,161.367,,,,36.276,36.317,37.872,35.559,,,,,,
4842,161.4,,,,36.276,36.317,37.872,35.559,,,,,,
4843,161.433,,,,36.276,36.317,37.872,35.559,,,,,,
4844,161.467,,,,36.276,36.317,37.872,35.559,,,,,,
4845,161.5,,,,36.276,36.317,37.872,35.559,,,,,,
4846,161.533,,,,36.276,36.317,37.872,35.559,,,,,,
4847,161.567,,,,36.276,36.317,37.872,35.559,,,,,,
4848,161.6,3.74,4.608,pose,36.276,36.317,37.872,35.559,6.8213,3.3935,0.2157,0.003,0.7826,0.8393
4849,161.633,3.724,4.329,bbox,36.276,36.401,37.872,35.608,6.7893,3.4163,,,,
4850,161.667,3.558,3.74,bbox,36.276,36.551,37.872,35.758,6.678,3.4484,,,,
4851,161.7,,,,36.276,36.551,37.872,35.758,,,,,,
4852,161.733,,,,36.276,36.551,37.872,35.758,,,,,,
4853,161.767,3.27,3.724,bbox,36.276,36.583,37.872,35.758,6.5346,3.5286,,,,
4854,161.8,4.058,3.724,pose,36.276,36.694,37.872,35.813,6.464,3.5644,0.0236,0.0665,0.8365,0.4216
4855,161.833,8.537,3.724,bbox,36.276,36.694,37.872,35.894,9.913,3.594,,,,
4856,161.867,,,,36.276,36.694,37.872,35.894,,,,,,
4857,161.9,,,,36.276,36.694,37.872,35.894,,,,,,
4858,161.933,8.364,4.058,bbox,36.276,36.694,37.872,35.929,9.9273,3.6964,,,,
4859,161.967,3.847,4.058,bbox,36.426,36.694,37.872,35.929,9.9373,5.9924,,,,
4860,162.0,3.872,4.058,bbox,36.426,36.694,37.872,36.061,9.9401,5.9348,,0.2375,,0.8342
4861,162.033,2.243,3.872,bbox,36.426,36.694,37.872,36.173,5.8757,3.8083,,,,
4862,162.067,2.164,3.847,bbox,36.426,36.694,37.872,36.21,5.8319,3.8451,,,,
4863,162.1,3.094,3.094,pose,36.426,36.83,37.872,36.255,5.7861,3.8896,0.192,0.1637,-0.5084,0.1561
4864,162.133,1.987,2.243,bbox,36.426,36.874,37.872,36.255,5.7478,3.9136,,,,
4865,162.167,,,,36.426,36.874,37.872,36.255,,,,,,
4866,162.2,1.878,2.164,bbox,36.426,36.919,37.872,36.255,5.7089,3.9687,,0.0208,,0.7518
4867,162.233,1.838,1.987,bbox,36.426,36.958,37.872,36.255,5.7058,3.9988,,,,
4868,162.267,1.753,1.878,bbox,36.426,36.997,37.872,36.334,5.667,4.028,,,,
4869,162.3,,,,36.426,36.997,37.872,36.334,,,,,,
4870,162.333,,,,36.426,36.997,37.872,36.334,,,,,,
4871,162.367,4.467,1.878,bbox,36.426,36.997,37.872,36.364,10.0007,5.5661,,,,
4872,162.4,4.437,1.878,bbox,36.426,36.997,37.872,36.364,9.9861,5.5101,,0.2814,,0.8284
4873,162.433,4.468,4.437,bbox,36.576,36.997,37.872,36.543,9.9728,5.4412,,,,
4874,162.467,4.589,4.467,bbox,36.576,36.997,37.872,36.543,9.9864,5.382,,,,
4875,162.5,4.617,4.468,bbox,36.576,36.997,37.872,36.543,9.9861,5.3133,,0.0292,,0.9122
4876,162.533,4.548,4.548,bbox,36.576,36.997,37.931,36.543,9.9876,5.2779,,,,
4877,162.567,4.543,4.548,bbox,36.576,36.997,38.0,36.543,9.9757,5.2196,,,,
4878,162.6,4.366,4.548,pose,36.576,36.997,38.035,36.543,9.9713,5.1903,0.0464,0.4032,1.326,0.999
4879,162.633,4.62,4.548,bbox,36.576,36.997,38.094,36.543,9.9694,5.1387,,,,
4880,162.667,,,,36.576,36.997,38.094,36.543,,,,,,
4881,162.7,,,,36.576,36.997,38.094,36.543,,,,,,
4882,162.733,,,,36.576,36.997,38.094,36.543,,,,,,
4883,162.767,,,,36.576,36.997,38.094,36.543,,,,,,
4884,162.8,,,,36.576,36.997,38.094,36.543,,,,,,
4885,162.833,,,,36.576,36.997,38.094,36.543,,,,,,
4886,162.867,,,,36.576,36.997,38.094,36.543,,,,,,
4887,162.9,,,,36.576,36.997,38.094,36.543,,,,,,
4888,162.933,,,,36.576,36.997,38.094,36.543,,,,,,
4889,162.967,,,,36.576,36.997,38.094,36.543,,,,,,
4890,163.0,,,,36.576,36.997,38.094,36.543,,,,,,
4891,163.033,,,,36.576,36.997,38.094,36.543,,,,,,
4892,163.067,,,,36.576,36.997,38.094,36.543,,,,,,
4893,163.1,,,,36.576,36.997,38.094,36.543,,,,,,
4894,163.133,,,,36.576,36.997,38.094,36.543,,,,,,
4895,163.167,,,,36.576,36.997,38.094,36.543,,,,,,
4896,163.2,7.057,4.548,pose,36.576,36.997,38.094,36.543,9.8401,4.6011,0.0404,0.2968,0.7006,-1.4128
4897,163.233,6.856,4.62,bbox,36.576,36.997,38.175,36.543,9.8117,4.6141,,,,
4898,163.267,6.818,6.818,bbox,36.576,37.129,38.325,36.543,9.8157,4.6308,,,,
4899,163.3,,,,36.576,37.129,38.325,36.543,,,,,,
4900,163.333,,,,36.576,37.129,38.325,36.543,,,,,,
4901,163.367,,,,36.576,37.129,38.325,36.543,,,,,,
4902,163.4,,,,36.576,37.129,38.325,36.543,,,,,,
4903,163.433,,,,36.576,37.129,38.325,36.543,,,,,,
4904,163.467,,,,36.576,37.129,38.325,36.543,,,,,,
4905,163.5,6.689,6.818,bbox,36.576,37.129,38.325,36.543,9.8148,4.6541,,0.398,,1.3619
4906,163.533,,,,36.576,37.129,38.325,36.543,,,,,,
4907,163.567,6.719,6.818,bbox,36.576,37.129,38.325,36.543,9.82,4.6411,,,,
4908,163.6,,,,36.576,37.129,38.325,36.543,,,,,,
4909,163.633,6.764,6.764,bbox,36.576,37.129,38.325,36.543,9.8085,4.5991,,,,
4910,163.667,6.971,6.764,bbox,36.576,37.129,38.325,36.543,9.802,4.4197,,,,
4911,163.7,,,,36.576,37.129,38.325,36.543,,,,,,
4912,163.733,,,,36.576,37.129,38.325,36.543,,,,,,
4913,163.767,6.843,6.764,bbox,36.576,37.161,38.356,36.543,9.7733,4.5854,,,,
4914,163.8,,,,36.576,37.161,38.356,36.543,,,,,,
4915,163.833,6.785,6.785,bbox,36.576,37.161,38.356,36.543,9.7203,4.5882,,,,
4916,163.867,,,,36.576,37.161,38.356,36.543,,,,,,
4917,163.9,,,,36.576,37.161,38.356,36.543,,,,,,
4918,163.933,,,,36.576,37.161,38.356,36.543,,,,,,
4919,163.967,,,,36.576,37.161,38.356,36.543,,,,,,
4920,164.0,,,,36.576,37.161,38.356,36.543,,,,,,
4921,164.033,,,,36.576,37.161,38.356,36.543,,,,,,
4922,164.067,,,,36.576,37.161,38.356,36.543,,,,,,
4923,164.1,,,,36.576,37.161,38.356,36.543,,,,,,
4924,164.133,,,,36.576,37.161,38.356,36.543,,,,,,
4925,164.167,,,,36.576,37.161,38.356,36.543,,,,,,
4926,164.2,,,,36.576,37.161,38.356,36.543,,,,,,
4927,164.233,,,,36.576,37.161,38.356,36.543,,,,,,
4928,164.267,,,,36.576,37.161,38.356,36.543,,,,,,
4929,164.3,,,,36.576,37.161,38.356,36.543,,,,,,
4930,164.333,,,,36.576,37.161,38.356,36.543,,,,,,
4931,164.367,,,,36.576,37.161,38.356,36.543,,,,,,
4932,164.4,,,,36.576,37.161,38.356,36.543,,,,,,
4933,164.433,,,,36.576,37.161,38.356,36.543,,,,,,
4934,164.467,,,,36.576,37.161,38.356,36.543,,,,,,
4935,164.5,,,,36.576,37.161,38.356,36.543,,,,,,
4936,164.533,,,,36.576,37.161,38.356,36.543,,,,,,
4937,164.567,,,,36.576,37.161,38.356,36.543,,,,,,
4938,164.6,,,,36.576,37.161,38.356,36.543,,,,,,
4939,164.633,,,,36.576,37.161,38.356,36.543,,,,,,
4940,164.667,,,,36.576,37.161,38.356,36.543,,,,,,
4941,164.7,,,,36.576,37.161,38.356,36.543,,,,,,
4942,164.733,,,,36.576,37.161,38.356,36.543,,,,,,
4943,164.767,,,,36.576,37.161,38.356,36.543,,,,,,
4944,164.8,,,,36.576,37.161,38.356,36.543,,,,,,
4945,164.833,,,,36.576,37.161,38.356,36.543,,,,,,
4946,164.867,5.83,6.785,bbox,36.576,37.196,38.356,36.543,9.2623,2.233,,,,
4947,164.9,5.754,6.785,pose,36.576,37.249,38.52,36.543,9.2552,2.2,0.0585,0.0869,0.7257,0.7306
4948,164.933,5.891,5.891,bbox,36.576,37.399,38.67,36.543,9.2429,2.1548,,,,
4949,164.967,,,,36.576,37.399,38.67,36.543,,,,,,
4950,165.0,,,,36.576,37.399,38.67,36.543,,,,,,
4951,165.033,,,,36.576,37.399,38.67,36.543,,,,,,
4952,165.067,6.005,5.891,bbox,36.576,37.399,38.703,36.543,9.1728,2.0073,,,,
4953,165.1,6.087,5.891,pose,36.576,37.399,38.748,36.543,9.1562,1.9221,0.0599,0.0689,-0.1046,0.9776
4954,165.133,6.07,6.005,bbox,36.576,37.489,38.896,36.543,9.1251,1.8356,,,,
4955,165.167,5.031,6.005,bbox,36.576,37.489,38.896,36.543,9.082,4.9322,,,,
4956,165.2,,,,36.576,37.489,38.896,36.543,,,,,,
4957,165.233,,,,36.576,37.489,38.896,36.543,,,,,,
4958,165.267,,,,36.576,37.489,38.896,36.543,,,,,,
4959,165.3,4.803,6.005,bbox,36.576,37.536,38.896,36.543,9.0053,5.0549,,0.1094,,0.8357
4960,165.333,4.729,5.031,bbox,36.576,37.579,38.896,36.693,8.9886,5.0752,,,,
4961,165.367,4.696,4.803,bbox,36.576,37.656,38.896,36.816,8.981,5.0948,,,,
4962,165.4,4.653,4.729,bbox,36.576,37.656,38.896,36.816,8.9642,5.1034,0.4758,,0.8034,
4963,165.433,4.61,4.696,bbox,36.576,37.656,38.896,36.856,8.9522,5.111,,,,
4964,165.467,4.618,4.653,bbox,36.576,37.697,38.896,36.856,8.94,5.1033,,,,
4965,165.5,4.075,4.618,pose,36.576,37.697,38.896,36.856,8.9307,5.0948,0.444,0.0156,0.7949,-0.0594
4966,165.533,,,,36.576,37.697,38.896,36.856,,,,,,
4967,165.567,,,,36.576,37.697,38.896,36.856,,,,,,
4968,165.6,,,,36.576,37.697,38.896,36.856,,,,,,
4969,165.633,,,,36.576,37.697,38.896,36.856,,,,,,
4970,165.667,4.686,4.618,bbox,36.576,37.697,38.896,36.856,8.8743,5.0172,,,,
4971,165.7,4.622,4.618,pose,36.576,37.731,38.896,36.856,8.8648,5.0142,0.25,0.0939,0.8129,-0.0528
4972,165.733,,,,36.576,37.731,38.896,36.856,,,,,,
4973,165.767,4.617,4.618,bbox,36.576,37.787,38.973,36.856,8.855,5.0026,,,,
4974,165.8,5.063,4.622,pose,36.576,37.787,38.973,36.856,8.8565,5.0021,0.1469,0.0649,0.7989,-0.4175
4975,165.833,,,,36.576,37.787,38.973,36.856,,,,,,
4976,165.867,4.506,4.622,bbox,36.576,37.787,38.973,36.856,8.8569,5.0039,,,,
4977,165.9,4.778,4.622,pose,36.576,37.787,38.973,36.856,8.8518,5.0058,0.1063,0.0844,0.8349,-0.6476
4978,165.933,,,,36.576,37.787,38.973,36.856,,,,,,
4979,165.967,,,,36.576,37.787,38.973,36.856,,,,,,
4980,166.0,,,,36.576,37.787,38.973,36.856,,,,,,
4981,166.033,,,,36.576,37.787,38.973,36.856,,,,,,
4982,166.067,,,,36.576,37.787,38.973,36.856,,,,,,
4983,166.1,,,,36.576,37.787,38.973,36.856,,,,,,
4984,166.133,,,,36.576,37.787,38.973,36.856,,,,,,
4985,166.167,,,,36.576,37.787,38.973,36.856,,,,,,
4986,166.2,,,,36.576,37.787,38.973,36.856,,,,,,
4987,166.233,,,,36.576,37.787,38.973,36.856,,,,,,
4988,166.267,,,,36.576,37.787,38.973,36.856,,,,,,
4989,166.3,,,,36.576,37.787,38.973,36.856,,,,,,
4990,166.333,,,,36.576,37.787,38.973,36.856,,,,,,
4991,166.367,,,,36.576,37.787,38.973,36.856,,,,,,
4992,166.4,,,,36.576,37.787,38.973,36.856,,,,,,
4993,166.433,,,,36.576,37.787,38.973,36.856,,,,,,
4994,166.467,,,,36.576,37.787,38.973,36.856,,,,,,
4995,166.5,5.742,4.778,pose,36.576,37.787,38.973,36.856,8.8054,4.9987,0.0592,0.2036,-0.1,-0.8368
4996,166.533,,,,36.576,37.787,38.973,36.856,,,,,,
4997,166.567,,,,36.576,37.787,38.973,36.856,,,,,,
4998,166.6,,,,36.576,37.787,38.973,36.856,,,,,,
4999,166.633,,,,36.576,37.787,38.973,36.856,,,,,,
5000,166.667,,,,36.576,37.787,38.973,36.856,,,,,,
5001,166.7,,,,36.576,37.787,38.973,36.856,,,,,,
5002,166.733,,,,36.576,37.787,38.973,36.856,,,,,,
5003,166.767,,,,36.576,37.787,38.973,36.856,,,,,,
5004,166.8,,,,36.576,37.787,38.973,36.856,,,,,,
5005,166.833,,,,36.576,37.787,38.973,36.856,,,,,,
5006,166.867,,,,36.576,37.787,38.973,36.856,,,,,,
5007,166.9,,,,36.576,37.787,38.973,36.856,,,,,,
5008,166.933,,,,36.576,37.787,38.973,36.856,,,,,,
5009,166.967,5.277,5.063,bbox,36.576,37.787,38.973,36.856,8.6948,4.9899,,,,
5010,167.0,,,,36.576,37.787,38.973,36.856,,,,,,
5011,167.033,,,,36.576,37.787,38.973,36.856,,,,,,
5012,167.067,,,,36.576,37.787,38.973,36.856,,,,,,
5013,167.1,,,,36.576,37.787,38.973,36.856,,,,,,
5014,167.133,,,,36.576,37.787,38.973,36.856,,,,,,
5015,167.167,,,,36.576,37.787,38.973,36.856,,,,,,
5016,167.2,,,,36.576,37.787,38.973,36.856,,,,,,
5017,167.233,,,,36.576,37.787,38.973,36.856,,,,,,
5018,167.267,,,,36.576,37.787,38.973,36.856,,,,,,
5019,167.3,,,,36.576,37.787,38.973,36.856,,,,,,
5020,167.333,,,,36.576,37.787,38.973,36.856,,,,,,
5021,167.367,,,,36.576,37.787,38.973,36.856,,,,,,
5022,167.4,,,,36.576,37.787,38.973,36.856,,,,,,
5023,167.433,,,,36.576,37.787,38.973,36.856,,,,,,
5024,167.467,,,,36.576,37.787,38.973,36.856,,,,,,
5025,167.5,,,,36.576,37.787,38.973,36.856,,,,,,
5026,167.533,,,,36.576,37.787,38.973,36.856,,,,,,
5027,167.567,,,,36.576,37.787,38.973,36.856,,,,,,
5028,167.6,,,,36.576,37.787,38.973,36.856,,,,,,
5029,167.633,,,,36.576,37.787,38.973,36.856,,,,,,
5030,167.667,,,,36.576,37.787,38.973,36.856,,,,,,
5031,167.7,,,,36.576,37.787,38.973,36.856,,,,,,
5032,167.733,,,,36.576,37.787,38.973,36.856,,,,,,
5033,167.767,,,,36.576,37.787,38.973,36.856,,,,,,
5034,167.8,,,,36.576,37.787,38.973,36.856,,,,,,
5035,167.833,,,,36.576,37.787,38.973,36.856,,,,,,
5036,167.867,,,,36.576,37.787,38.973,36.856,,,,,,
5037,167.9,,,,36.576,37.787,38.973,36.856,,,,,,
5038,167.933,,,,36.576,37.787,38.973,36.856,,,,,,
5039,167.967,,,,36.576,37.787,38.973,36.856,,,,,,
5040,168.0,,,,36.576,37.787,38.973,36.856,,,,,,
5041,168.033,,,,36.576,37.787,38.973,36.856,,,,,,
5042,168.067,,,,36.576,37.787,38.973,36.856,,,,,,
5043,168.1,,,,36.576,37.787,38.973,36.856,,,,,,
5044,168.133,,,,36.576,37.787,38.973,36.856,,,,,,
5045,168.167,2.833,4.778,bbox,36.576,37.856,38.973,36.856,2.5848,4.9732,,,,
5046,168.2,2.86,4.778,bbox,36.576,37.967,38.973,36.856,2.5761,4.9764,,0.016,,-0.533
5047,168.233,2.879,2.879,bbox,36.576,38.117,39.014,36.856,2.5973,4.9766,,,,
5048,168.267,,,,36.576,38.117,39.014,36.856,,,,,,
5049,168.3,,,,36.576,38.117,39.014,36.856,,,,,,
5050,168.333,,,,36.576,38.117,39.014,36.856,,,,,,
5051,168.367,3.1,2.879,bbox,36.576,38.117,39.014,36.856,2.5253,5.0236,,,,
5052,168.4,3.233,2.879,pose,36.576,38.117,39.014,36.856,2.5211,4.9718,0.6175,0.0229,0.7015,-0.5058
5053,168.433,2.952,2.952,bbox,36.576,38.189,39.014,36.856,2.4992,4.9503,,,,
5054,168.467,2.992,2.992,bbox,36.576,38.189,39.014,36.856,2.4811,4.9519,,,,
5055,168.5,,,,36.576,38.189,39.014,36.856,,,,,,
5056,168.533,3.067,3.067,bbox,36.576,38.189,39.014,36.856,2.4238,4.9596,,,,
5057,168.567,3.119,3.067,bbox,36.576,38.233,39.014,36.856,2.366,4.9601,,,,
5058,168.6,3.144,3.067,pose,36.576,38.29,39.014,36.856,2.3114,4.9598,0.2835,0.2268,0.7505,-1.2814
5059,168.633,3.222,3.119,bbox,36.576,38.348,39.014,36.856,2.2417,4.9605,,,,
5060,168.667,,,,36.576,38.348,39.014,36.856,,,,,,
5061,168.7,,,,36.576,38.348,39.014,36.856,,,,,,
5062,168.733,,,,36.576,38.348,39.014,36.856,,,,,,
5063,168.767,,,,36.576,38.348,39.014,36.856,,,,,,
5064,168.8,5.027,3.144,pose,36.576,38.402,39.014,36.856,2.0117,4.9415,0.0692,0.3358,0.7093,1.1689
5065,168.833,,,,36.576,38.402,39.014,36.856,,,,,,
5066,168.867,3.648,3.222,bbox,36.576,38.472,39.014,36.856,1.9274,4.9159,,,,
5067,168.9,3.847,3.648,pose,36.576,38.622,39.049,36.856,1.8938,4.9067,0.3588,0.1282,0.7642,0.3021
5068,168.933,3.718,3.718,bbox,36.576,38.706,39.049,36.856,1.8646,4.8948,,,,
5069,168.967,3.762,3.762,bbox,36.576,38.74,39.084,36.856,1.8306,4.8906,,,,
5070,169.0,4.111,3.762,pose,36.576,38.74,39.084,36.856,1.8157,4.887,0.3432,0.2176,0.6794,0.3685
5071,169.033,3.765,3.765,bbox,36.576,38.803,39.084,36.856,1.791,4.8911,,,,
5072,169.067,3.919,3.765,bbox,36.576,38.803,39.084,36.856,1.7304,4.8859,,,,
5073,169.1,3.53,3.765,pose,36.576,38.843,39.084,36.856,1.6798,4.8606,0.3083,0.0235,0.7467,-0.6923
5074,169.133,3.885,3.885,bbox,36.576,38.903,39.084,36.856,1.6528,4.8457,,,,
5075,169.167,3.861,3.861,bbox,36.576,38.954,39.13,36.856,1.6199,4.8396,,,,
5076,169.2,3.542,3.861,pose,36.576,38.954,39.13,36.856,1.5929,4.839,0.0252,0.1986,0.8171,-0.9014
5077,169.233,3.827,3.827,bbox,36.576,39.014,39.13,36.856,1.5475,4.8277,,,,
5078,169.267,3.877,3.861,bbox,36.576,39.014,39.13,36.856,1.4897,4.8181,,,,
5079,169.3,3.863,3.861,pose,36.576,39.086,39.163,36.856,1.4084,4.812,0.0132,0.0809,0.7957,-0.251
5080,169.333,,,,36.576,39.086,39.163,36.856,,,,,,
5081,169.367,4.08,3.863,bbox,36.576,39.144,39.163,36.856,1.3242,4.8206,,,,
5082,169.4,,,,36.576,39.144,39.163,36.856,,,,,,
5083,169.433,,,,36.576,39.144,39.163,36.856,,,,,,
5084,169.467,,,,36.576,39.144,39.163,36.856,,,,,,
5085,169.5,,,,36.576,39.144,39.163,36.856,,,,,,
5086,169.533,,,,36.576,39.144,39.163,36.856,,,,,,
5087,169.567,,,,36.576,39.144,39.163,36.856,,,,,,
5088,169.6,,,,36.576,39.144,39.163,36.856,,,,,,
5089,169.633,,,,36.576,39.144,39.163,36.856,,,,,,
5090,169.667,,,,36.576,39.144,39.163,36.856,,,,,,
5091,169.7,,,,36.576,39.144,39.163,36.856,,,,,,
5092,169.733,,,,36.576,39.144,39.163,36.856,,,,,,
5093,169.767,,,,36.576,39.144,39.163,36.856,,,,,,
5094,169.8,,,,36.576,39.144,39.163,36.856,,,,,,
5095,169.833,,,,36.576,39.144,39.163,36.856,,,,,,
5096,169.867,,,,36.576,39.144,39.163,36.856,,,,,,
5097,169.9,,,,36.576,39.144,39.163,36.856,,,,,,
5098,169.933,,,,36.576,39.144,39.163,36.856,,,,,,
5099,169.967,,,,36.576,39.144,39.163,36.856,,,,,,
5100,170.0,,,,36.576,39.144,39.163,36.856,,,,,,
5101,170.033,,,,36.576,39.144,39.163,36.856,,,,,,
5102,170.067,,,,36.576,39.144,39.163,36.856,,,,,,
5103,170.1,,,,36.576,39.144,39.163,36.856,,,,,,
5104,170.133,,,,36.576,39.144,39.163,36.856,,,,,,
5105,170.167,,,,36.576,39.144,39.163,36.856,,,,,,
5106,170.2,,,,36.576,39.144,39.163,36.856,,,,,,
5107,170.233,,,,36.576,39.144,39.163,36.856,,,,,,
5108,170.267,,,,36.576,39.144,39.163,36.856,,,,,,
5109,170.3,,,,36.576,39.144,39.163,36.856,,,,,,
5110,170.333,,,,36.576,39.144,39.163,36.856,,,,,,
5111,170.367,,,,36.576,39.144,39.163,36.856,,,,,,
5112,170.4,,,,36.576,39.144,39.163,36.856,,,,,,
5113,170.433,,,,36.576,39.144,39.163,36.856,,,,,,
5114,170.467,,,,36.576,39.144,39.163,36.856,,,,,,
5115,170.5,,,,36.576,39.144,39.163,36.856,,,,,,
5116,170.533,,,,36.576,39.144,39.163,36.856,,,,,,
5117,170.567,,,,36.576,39.144,39.163,36.856,,,,,,
5118,170.6,,,,36.576,39.144,39.163,36.856,,,,,,
5119,170.633,,,,36.576,39.144,39.163,36.856,,,,,,
5120,170.667,,,,36.576,39.144,39.163,36.856,,,,,,
5121,170.7,6.54,3.877,bbox,36.576,39.225,39.163,36.856,0.9212,8.2228,,,,
5122,170.733,4.063,4.063,bbox,36.576,39.225,39.163,36.856,4.7775,8.1971,,,,
5123,170.767,,,,36.576,39.225,39.163,36.856,,,,,,
5124,170.8,,,,36.576,39.225,39.163,36.856,,,,,,
5125,170.833,,,,36.576,39.225,39.163,36.856,,,,,,
5126,170.867,,,,36.576,39.225,39.163,36.856,,,,,,
5127,170.9,,,,36.576,39.225,39.163,36.856,,,,,,
5128,170.933,,,,36.576,39.225,39.163,36.856,,,,,,
5129,170.967,,,,36.576,39.225,39.163,36.856,,,,,,
5130,171.0,,,,36.576,39.225,39.163,36.856,,,,,,
5131,171.033,,,,36.576,39.225,39.163,36.856,,,,,,
5132,171.067,,,,36.576,39.225,39.163,36.856,,,,,,
5133,171.1,,,,36.576,39.225,39.163,36.856,,,,,,
5134,171.133,,,,36.576,39.225,39.163,36.856,,,,,,
5135,171.167,,,,36.576,39.225,39.163,36.856,,,,,,
5136,171.2,,,,36.576,39.225,39.163,36.856,,,,,,
5137,171.233,,,,36.576,39.225,39.163,36.856,,,,,,
5138,171.267,,,,36.576,39.225,39.163,36.856,,,,,,
5139,171.3,,,,36.576,39.225,39.163,36.856,,,,,,
5140,171.333,,,,36.576,39.225,39.163,36.856,,,,,,
5141,171.367,,,,36.576,39.225,39.163,36.856,,,,,,
5142,171.4,,,,36.576,39.225,39.163,36.856,,,,,,
5143,171.433,,,,36.576,39.225,39.163,36.856,,,,,,
5144,171.467,,,,36.576,39.225,39.163,36.856,,,,,,
5145,171.5,,,,36.576,39.225,39.163,36.856,,,,,,
5146,171.533,,,,36.576,39.225,39.163,36.856,,,,,,
5147,171.567,,,,36.576,39.225,39.163,36.856,,,,,,
5148,171.6,,,,36.576,39.225,39.163,36.856,,,,,,
5149,171.633,,,,36.576,39.225,39.163,36.856,,,,,,
5150,171.667,,,,36.576,39.225,39.163,36.856,,,,,,
5151,171.7,,,,36.576,39.225,39.163,36.856,,,,,,
5152,171.733,,,,36.576,39.225,39.163,36.856,,,,,,
5153,171.767,3.323,4.063,bbox,36.576,39.225,39.163,36.999,4.8564,7.4234,,,,
5154,171.8,4.8,4.08,bbox,36.726,39.225,39.163,36.999,2.1596,7.3986,,0.0284,,1.5668
5155,171.833,3.188,4.063,bbox,36.778,39.225,39.163,36.999,2.2115,4.841,,,,
5156,171.867,3.2,3.323,bbox,36.778,39.225,39.163,36.999,2.2179,4.8327,,,,
5157,171.9,3.22,3.22,bbox,36.778,39.225,39.338,36.999,7.2478,4.827,,0.4913,,0.0495
5158,171.933,3.218,3.218,bbox,36.778,39.225,39.338,36.999,7.2241,4.8091,,,,
5159,171.967,3.181,3.2,bbox,36.934,39.225,39.338,36.999,7.1896,4.7975,,,,
5160,172.0,3.058,3.2,bbox,36.934,39.225,39.37,36.999,7.136,4.8041,,,,
5161,172.033,3.001,3.181,bbox,36.934,39.225,39.37,36.999,7.1279,4.8075,,,,
5162,172.067,2.989,3.058,bbox,36.934,39.279,39.37,36.999,7.1117,4.8058,,,,
5163,172.1,2.95,3.001,bbox,36.934,39.279,39.37,36.999,7.0895,4.8065,,0.0038,,-0.1878
5164,172.133,2.919,2.989,bbox,36.934,39.279,39.37,36.999,7.0665,4.8101,,,,
5165,172.167,2.917,2.95,bbox,36.934,39.325,39.37,36.999,7.0612,4.8128,,,,
5166,172.2,4.585,2.95,pose,36.934,39.325,39.37,36.999,7.059,4.8302,0.3827,0.2576,0.637,0.0897
5167,172.233,4.312,2.95,bbox,36.934,39.325,39.37,36.999,7.054,2.5042,,,,
5168,172.267,4.252,4.252,bbox,36.934,39.325,39.37,36.999,7.0671,2.5501,,,,
5169,172.3,4.159,4.252,bbox,36.934,39.325,39.519,36.999,7.0725,2.5949,,0.0025,,0.8056
5170,172.333,4.135,4.252,bbox,36.934,39.325,39.519,36.999,7.0841,2.6313,,,,
5171,172.367,4.109,4.159,bbox,36.934,39.325,39.519,36.999,7.0782,2.6438,,,,
5172,172.4,4.081,4.135,bbox,36.934,39.325,39.519,37.035,7.0723,2.6493,,0.4817,,0.8031
5173,172.433,4.096,4.109,bbox,36.934,39.325,39.519,37.035,7.0767,2.6491,,,,
5174,172.467,4.096,4.096,bbox,36.934,39.325,39.519,37.035,7.0896,2.6528,,,,
5175,172.5,4.123,4.096,bbox,36.934,39.325,39.519,37.035,7.0873,2.6567,,0.5163,,0.8196
5176,172.533,4.119,4.096,bbox,36.934,39.325,39.519,37.035,7.0986,2.6492,,,,
5177,172.567,4.132,4.119,bbox,36.934,39.325,39.519,37.035,7.1159,2.646,,,,
5178,172.6,4.144,4.123,bbox,36.934,39.325,39.519,37.035,7.1361,2.6335,,0.4882,,0.723
5179,172.633,4.152,4.132,bbox,36.934,39.325,39.519,37.035,7.1444,2.6212,,,,
5180,172.667,3.109,4.132,bbox,36.981,39.325,39.519,37.035,7.1638,4.8011,,,,
5181,172.7,2.598,4.132,pose,36.981,39.325,39.519,37.035,7.1881,4.8019,0.0831,0.8885,0.3632,0.0026
5182,172.733,4.241,4.144,bbox,36.981,39.325,39.519,37.035,7.19,2.5193,,,,
5183,172.767,4.267,4.152,bbox,37.033,39.325,39.519,37.035,7.2026,2.4851,,,,
5184,172.8,4.315,4.241,bbox,37.033,39.325,39.631,37.035,7.2125,2.4566,,0.2882,,0.5249
5185,172.833,4.364,4.267,bbox,37.033,39.325,39.665,37.035,7.2254,2.4565,,,,
5186,172.867,4.364,4.315,bbox,37.033,39.325,39.665,37.035,7.2297,2.4799,,,,
5187,172.9,4.363,4.363,bbox,37.07,39.325,39.665,37.035,7.2382,2.4781,,0.0043,,0.6194
5188,172.933,4.378,4.364,bbox,37.07,39.325,39.665,37.035,7.2396,2.4861,,,,
5189,172.967,4.357,4.364,bbox,37.07,39.325,39.665,37.035,7.235,2.4875,,,,
5190,173.0,4.367,4.364,bbox,37.07,39.325,39.665,37.035,7.2357,2.4849,,0.4905,,0.6883
5191,173.033,4.365,4.365,bbox,37.07,39.325,39.665,37.035,7.2259,2.4773,,,,
5192,173.067,4.361,4.365,bbox,37.07,39.325,39.665,37.035,7.2273,2.4854,,,,
5193,173.1,4.35,4.361,bbox,37.07,39.325,39.665,37.035,7.2136,2.4803,,,,
5194,173.133,4.361,4.361,bbox,37.07,39.325,39.665,37.035,7.2157,2.4729,,,,
5195,173.167,4.337,4.361,bbox,37.07,39.325,39.665,37.035,7.1938,2.4696,,,,
5196,173.2,4.337,4.35,bbox,37.07,39.325,39.665,37.035,7.1727,2.4652,,,,
5197,173.233,4.305,4.337,bbox,37.07,39.357,39.665,37.035,7.1489,2.4574,,,,
5198,173.267,4.287,4.337,bbox,37.07,39.357,39.665,37.035,7.1288,2.4634,,,,
5199,173.3,4.257,4.305,bbox,37.07,39.402,39.665,37.035,7.1108,2.4701,,,,
5200,173.333,4.251,4.287,bbox,37.07,39.402,39.665,37.035,7.0983,2.4629,,,,
5201,173.367,4.232,4.257,bbox,37.07,39.44,39.665,37.035,7.0836,2.4958,,,,
5202,173.4,4.186,4.251,bbox,37.07,39.44,39.665,37.035,7.0551,2.4992,,,,
5203,173.433,4.205,4.232,bbox,37.07,39.44,39.665,37.035,7.023,2.5207,,,,
5204,173.467,3.032,4.205,bbox,37.07,39.496,39.665,37.035,7.019,4.7891,,,,
5205,173.5,,,,37.07,39.496,39.665,37.035,,,,,,
5206,173.533,,,,37.07,39.496,39.665,37.035,,,,,,
5207,173.567,,,,37.07,39.496,39.665,37.035,,,,,,
5208,173.6,3.036,4.186,bbox,37.07,39.528,39.665,37.071,6.9866,4.7985,,0.1685,,0.9696
5209,173.633,3.025,3.036,bbox,37.07,39.528,39.665,37.221,6.9615,4.8009,,,,
5210,173.667,2.948,3.032,bbox,37.07,39.564,39.665,37.221,6.8929,4.8013,,,,
5211,173.7,4.076,3.032,bbox,37.07,39.564,39.665,37.221,6.8601,2.6103,,0.106,,0.7974
5212,173.733,4.035,3.036,bbox,37.07,39.658,39.665,37.221,6.8667,2.6225,,,,
5213,173.767,4.017,4.017,bbox,37.07,39.658,39.805,37.221,6.8727,2.6353,,,,
5214,173.8,3.968,4.017,bbox,37.07,39.658,39.805,37.221,6.8528,2.67,,0.2911,,0.6404
5215,173.833,3.951,4.017,bbox,37.07,39.691,39.805,37.221,6.8574,2.6969,,,,
5216,173.867,3.879,3.968,bbox,37.07,39.691,39.805,37.255,6.7918,2.7226,,,,
5217,173.9,3.844,3.951,bbox,37.07,39.691,39.805,37.255,6.7005,2.7471,,,,
5218,173.933,3.792,3.879,bbox,37.07,39.759,39.805,37.308,6.6236,2.7474,,,,
5219,173.967,3.765,3.844,bbox,37.07,39.85,39.805,37.308,6.5682,2.7621,,,,
5220,174.0,3.733,3.792,bbox,37.07,39.927,39.805,37.308,6.5378,2.7938,,1.0266,,0.575
5221,174.033,3.691,3.765,bbox,37.07,39.983,39.805,37.347,6.5313,2.8477,,,,
5222,174.067,3.657,3.733,bbox,37.07,40.013,39.805,37.379,6.4792,2.8515,,,,
5223,174.1,5.063,3.733,pose,37.07,40.013,39.805,37.433,6.4759,2.8643,0.3311,0.2025,-1.0893,0.5247
5224,174.133,3.583,3.691,bbox,37.07,40.072,39.805,37.433,6.4657,2.8738,,,,
5225,174.167,3.529,3.657,bbox,37.07,40.072,39.805,37.433,6.434,2.8842,,,,
5226,174.2,3.416,3.583,bbox,37.07,40.072,39.805,37.433,6.3756,2.9045,,0.1769,,0.1284
5227,174.233,3.333,3.529,bbox,37.07,40.117,39.805,37.469,6.2924,2.9101,,,,
5228,174.267,3.199,3.416,bbox,37.07,40.175,39.805,37.469,6.2038,2.9298,,,,
5229,174.3,3.096,3.333,bbox,37.07,40.259,39.805,37.469,6.1452,2.9641,,0.9098,,0.5715
5230,174.333,3.043,3.199,bbox,37.07,40.347,39.805,37.515,6.0894,2.9902,,,,
5231,174.367,3.002,3.096,bbox,37.07,40.406,39.805,37.549,6.0422,3.0017,,,,
5232,174.4,2.95,3.043,bbox,37.07,40.462,39.805,37.549,5.9648,3.0108,,1.0601,,0.5849
5233,174.433,2.948,3.002,bbox,37.07,40.509,39.805,37.587,5.9318,3.0145,,,,
5234,174.467,2.932,2.95,bbox,37.07,40.586,39.805,37.587,5.8942,3.025,,,,
5235,174.5,2.968,2.95,bbox,37.07,40.619,39.805,37.587,5.9293,3.0306,,1.0429,,0.5671
5236,174.533,2.961,2.95,bbox,37.07,40.619,39.805,37.587,5.9358,3.0299,,,,
5237,174.567,2.938,2.948,bbox,37.07,40.619,39.805,37.587,5.9434,3.0336,,,,
5238,174.6,2.932,2.938,bbox,37.07,40.619,39.805,37.587,5.9488,3.032,,0.1044,,0.3787
5239,174.633,2.948,2.948,bbox,37.07,40.619,39.805,37.587,5.9725,3.0293,,,,
5240,174.667,2.973,2.948,bbox,37.07,40.619,39.805,37.587,6.017,3.0292,,,,
5241,174.7,2.979,2.948,bbox,37.111,40.619,39.805,37.587,6.0345,3.0284,,1.0535,,0.4158
5242,174.733,2.994,2.973,bbox,37.155,40.619,39.805,37.587,6.0396,3.0363,,,,
5243,174.767,2.992,2.979,bbox,37.155,40.619,39.805,37.587,6.0423,3.044,,,,
5244,174.8,3.001,2.992,bbox,37.155,40.619,39.805,37.622,6.0188,3.0421,,,,
5245,174.833,3.015,2.994,bbox,37.155,40.619,39.805,37.622,6.0267,3.0434,,,,
5246,174.867,1.932,2.994,bbox,37.155,40.619,39.805,37.622,6.0117,4.9109,,,,
5247,174.9,1.886,2.992,bbox,37.155,40.619,39.805,37.622,5.9984,4.9119,,0.0526,,0.0988
5248,174.933,1.881,1.932,bbox,37.155,40.619,39.805,37.779,5.9956,4.9104,,,,
5249,174.967,2.904,1.932,bbox,37.155,40.619,39.805,37.779,5.9696,3.0534,,,,
5250,175.0,2.874,1.932,bbox,37.155,40.619,39.805,37.779,5.9316,3.0652,,1.0608,,0.6761
5251,175.033,2.833,2.833,bbox,37.155,40.667,39.955,37.779,5.8814,3.0686,,,,
5252,175.067,1.796,2.833,bbox,37.155,40.705,39.955,37.779,5.8834,4.9304,,,,
5253,175.1,,,,37.155,40.705,39.955,37.779,,,,,,
5254,175.133,,,,37.155,40.705,39.955,37.779,,,,,,
5255,175.167,,,,37.155,40.705,39.955,37.779,,,,,,
5256,175.2,,,,37.155,40.705,39.955,37.779,,,,,,
5257,175.233,,,,37.155,40.705,39.955,37.779,,,,,,
5258,175.267,,,,37.155,40.705,39.955,37.779,,,,,,
5259,175.3,,,,37.155,40.705,39.955,37.779,,,,,,
5260,175.333,,,,37.155,40.705,39.955,37.779,,,,,,
5261,175.367,,,,37.155,40.705,39.955,37.779,,,,,,
5262,175.4,,,,37.155,40.705,39.955,37.779,,,,,,
5263,175.433,,,,37.155,40.705,39.955,37.779,,,,,,
5264,175.467,,,,37.155,40.705,39.955,37.779,,,,,,
5265,175.5,,,,37.155,40.705,39.955,37.779,,,,,,
5266,175.533,,,,37.155,40.705,39.955,37.779,,,,,,
5267,175.567,,,,37.155,40.705,39.955,37.779,,,,,,
5268,175.6,,,,37.155,40.705,39.955,37.779,,,,,,
5269,175.633,,,,37.155,40.705,39.955,37.779,,,,,,
5270,175.667,,,,37.155,40.705,39.955,37.779,,,,,,
5271,175.7,,,,37.155,40.705,39.955,37.779,,,,,,
5272,175.733,,,,37.155,40.705,39.955,37.779,,,,,,
5273,175.767,,,,37.155,40.705,39.955,37.779,,,,,,
5274,175.8,,,,37.155,40.705,39.955,37.779,,,,,,
5275,175.833,,,,37.155,40.705,39.955,37.779,,,,,,
5276,175.867,,,,37.155,40.705,39.955,37.779,,,,,,
5277,175.9,,,,37.155,40.705,39.955,37.779,,,,,,
5278,175.933,,,,37.155,40.705,39.955,37.779,,,,,,
5279,175.967,,,,37.155,40.705,39.955,37.779,,,,,,
5280,176.0,,,,37.155,40.705,39.955,37.779,,,,,,
5281,176.033,,,,37.155,40.705,39.955,37.779,,,,,,
5282,176.067,,,,37.155,40.705,39.955,37.779,,,,,,
5283,176.1,3.075,2.874,bbox,37.155,40.705,39.955,37.779,6.4148,3.2339,,0.8209,,0.7611
5284,176.133,3.067,2.874,bbox,37.155,40.705,39.955,37.929,6.3798,3.2377,,,,
5285,176.167,3.099,3.067,bbox,37.305,40.705,39.955,37.929,6.3506,3.247,,,,
5286,176.2,3.155,3.075,bbox,37.305,40.705,39.955,37.929,6.3308,3.2522,,0.7029,,0.5839
5287,176.233,3.166,3.099,bbox,37.305,40.705,39.955,37.929,6.3163,3.2719,,,,
5288,176.267,3.153,3.153,bbox,37.305,40.705,39.955,37.929,6.322,3.2882,,,,
5289,176.3,3.133,3.153,bbox,37.305,40.705,39.955,37.967,6.3374,3.3062,,0.9039,,0.5856
5290,176.333,3.127,3.153,bbox,37.305,40.705,39.955,37.967,6.3491,3.3368,,,,
5291,176.367,3.092,3.133,bbox,37.305,40.705,39.955,38.002,6.3638,3.3731,,,,
5292,176.4,3.074,3.127,bbox,37.305,40.705,39.955,38.032,6.3701,3.4049,,,,
5293,176.433,3.008,3.092,bbox,37.305,40.705,39.955,38.068,6.3733,3.465,,,,
5294,176.467,2.993,3.074,bbox,37.305,40.705,39.955,38.1,6.3635,3.5039,,,,
5295,176.5,2.944,3.008,bbox,37.305,40.705,39.955,38.16,6.342,3.54,,,,
5296,176.533,2.899,2.993,bbox,37.305,40.705,39.955,38.199,6.3263,3.5762,,,,
5297,176.567,2.86,2.944,bbox,37.305,40.705,39.955,38.235,6.3288,3.6014,,,,
5298,176.6,2.849,2.899,bbox,37.305,40.705,39.955,38.271,6.3292,3.6212,,0.0428,,0.4455
5299,176.633,2.851,2.86,bbox,37.305,40.705,39.955,38.271,6.3315,3.656,,,,
5300,176.667,2.753,2.851,bbox,37.305,40.705,39.955,38.316,6.3472,3.6647,,,,
5301,176.7,2.743,2.849,bbox,37.305,40.705,39.955,38.351,6.3808,3.6614,,1.1266,,0.5986
5302,176.733,2.766,2.766,bbox,37.305,40.705,39.955,38.351,6.3956,3.6603,,,,
5303,176.767,2.688,2.753,bbox,37.335,40.705,39.955,38.351,6.4268,3.6969,,,,
5304,176.8,2.659,2.743,bbox,37.335,40.705,39.955,38.351,6.4448,3.6947,,0.9245,,0.7328
5305,176.833,2.693,2.693,bbox,37.381,40.705,39.955,38.387,6.4604,3.6917,,,,
5306,176.867,2.713,2.693,bbox,37.381,40.705,39.955,38.387,6.466,3.6931,,,,
5307,176.9,2.796,2.693,pose,37.415,40.705,39.955,38.387,6.4662,3.6941,0.0867,0.3055,0.6519,0.7452
5308,176.933,2.73,2.713,bbox,37.415,40.705,39.955,38.387,6.471,3.6991,,,,
5309,176.967,2.738,2.73,bbox,37.415,40.705,39.955,38.387,6.472,3.7045,,,,
5310,177.0,2.7,2.73,bbox,37.415,40.705,39.955,38.387,6.4446,3.7055,,0.4078,,0.6553
5311,177.033,2.687,2.73,bbox,37.415,40.705,39.955,38.387,6.4202,3.7183,,,,
5312,177.067,2.656,2.7,bbox,37.415,40.705,39.955,38.387,6.4055,3.7268,,,,
5313,177.1,2.634,2.687,bbox,37.415,40.745,39.955,38.387,6.3831,3.7304,,0.8081,,0.6655
5314,177.133,2.629,2.656,bbox,37.415,40.745,39.955,38.422,6.3858,3.7286,,,,
5315,177.167,2.632,2.634,bbox,37.415,40.745,39.955,38.422,6.4069,3.7246,,,,
5316,177.2,2.664,2.634,bbox,37.415,40.745,39.955,38.422,6.4321,3.7201,,0.7857,,0.7234
5317,177.233,2.663,2.634,bbox,37.415,40.745,39.955,38.422,6.4559,3.7107,,,,
5318,177.267,2.715,2.663,bbox,37.415,40.745,39.955,38.422,6.511,3.7243,,,,
5319,177.3,2.785,2.664,bbox,37.451,40.745,39.955,38.422,6.5788,3.71,,0.8073,,0.734
5320,177.333,2.845,2.715,bbox,37.506,40.745,39.955,38.422,6.6285,3.6999,,,,
5321,177.367,2.934,2.785,bbox,37.574,40.745,39.955,38.422,6.6826,3.6962,,,,
5322,177.4,2.888,2.845,pose,37.623,40.745,39.955,38.422,6.7105,3.7031,0.0463,0.8483,1.462,0.6439
5323,177.433,3.047,2.888,bbox,37.677,40.745,39.955,38.422,6.7059,3.7047,,,,
5324,177.467,3.046,2.934,bbox,37.677,40.745,39.955,38.422,6.7216,3.7126,,,,
5325,177.5,3.014,3.014,bbox,37.677,40.745,39.955,38.422,6.7376,3.7197,,0.8279,,0.6457
5326,177.533,2.998,3.014,bbox,37.716,40.745,39.955,38.422,6.7416,3.7092,,,,
5327,177.567,3.028,3.028,bbox,37.716,40.745,39.955,38.422,6.7468,3.6991,,,,
5328,177.6,2.728,3.014,pose,37.716,40.745,39.955,38.422,6.7505,3.7151,0.0672,0.7737,1.1481,0.6887
5329,177.633,2.96,2.998,bbox,37.716,40.745,39.955,38.422,6.7486,3.7139,,,,
5330,177.667,2.893,2.96,bbox,37.716,40.745,39.955,38.422,6.7211,3.7149,,,,
5331,177.7,2.897,2.897,pose,37.716,40.745,39.955,38.422,6.7119,3.7012,0.1912,0.7438,0.3124,0.7173
5332,177.733,2.84,2.893,bbox,37.716,40.745,39.955,38.422,6.6637,3.7077,,,,
5333,177.767,2.85,2.893,bbox,37.716,40.745,39.955,38.422,6.6334,3.7165,,,,
5334,177.8,2.848,2.85,bbox,37.716,40.803,39.955,38.422,6.6053,3.7248,,0.8081,,0.7394
5335,177.833,2.851,2.85,bbox,37.716,40.833,39.955,38.422,6.5845,3.7203,,,,
5336,177.867,2.879,2.85,bbox,37.716,40.833,39.955,38.422,6.5733,3.7234,,,,
5337,177.9,2.863,2.851,bbox,37.716,40.882,39.955,38.422,6.5645,3.7328,,0.6532,,0.5391
5338,177.933,2.884,2.863,bbox,37.716,40.882,39.955,38.422,6.572,3.7391,,,,
5339,177.967,2.873,2.873,bbox,37.716,40.882,39.955,38.422,6.5661,3.7455,,,,
5340,178.0,2.873,2.873,bbox,37.716,40.882,39.955,38.422,6.5567,3.7548,,0.8282,,0.6689
5341,178.033,2.913,2.873,bbox,37.716,40.882,39.955,38.422,6.5619,3.7473,,,,
5342,178.067,2.893,2.884,bbox,37.716,40.882,39.955,38.422,6.5546,3.7435,,,,
5343,178.1,2.893,2.893,bbox,37.716,40.882,39.955,38.422,6.561,3.7449,,0.7868,,0.7322
5344,178.133,2.907,2.893,bbox,37.716,40.882,39.955,38.422,6.5732,3.7495,,,,
5345,178.167,2.92,2.907,bbox,37.716,40.882,39.955,38.422,6.5838,3.7485,,,,
5346,178.2,2.886,2.893,bbox,37.716,40.882,39.955,38.422,6.5665,3.7576,,0.7739,,0.7604
5347,178.233,2.836,2.893,bbox,37.716,40.882,39.955,38.422,6.5334,3.79,,,,
5348,178.267,2.784,2.886,bbox,37.716,40.882,39.955,38.453,6.5012,3.9208,,,,
5349,178.3,3.672,2.886,pose,37.716,40.933,39.955,38.485,6.4827,3.8338,0.139,0.7966,0.3678,0.6653
5350,178.333,2.738,2.836,bbox,37.716,40.965,39.955,38.485,6.4403,3.8036,,,,
5351,178.367,2.72,2.784,bbox,37.716,40.965,39.955,38.485,6.3934,3.8029,,,,
5352,178.4,2.673,2.738,bbox,37.716,41.026,39.955,38.485,6.3706,3.7921,,0.7936,,0.6627
5353,178.433,2.646,2.72,bbox,37.716,41.073,39.955,38.485,6.3393,3.777,,,,
5354,178.467,2.623,2.673,bbox,37.716,41.073,39.955,38.485,6.321,3.7702,,,,
5355,178.5,5.922,2.673,pose,37.716,41.127,39.955,38.485,6.3038,3.7434,0.4646,0.2553,-2.0832,0.7449
5356,178.533,2.643,2.646,bbox,37.716,41.127,39.955,38.485,6.2963,3.7249,,,,
5357,178.567,2.665,2.646,bbox,37.716,41.16,40.002,38.485,6.306,3.7124,,,,
5358,178.6,2.696,2.665,bbox,37.716,41.16,40.002,38.485,6.3158,3.6988,,0.265,,0.6809
5359,178.633,2.703,2.696,bbox,37.716,41.16,40.033,38.485,6.3068,3.67,,,,
5360,178.667,2.7,2.696,bbox,37.716,41.16,40.033,38.485,6.2648,3.6482,,,,
5361,178.7,2.592,2.696,pose,37.716,41.16,40.075,38.485,6.2265,3.6225,0.2542,0.8212,0.0188,0.7187
5362,178.733,2.692,2.696,bbox,37.716,41.202,40.075,38.485,6.1968,3.6233,,,,
5363,178.767,2.724,2.7,bbox,37.716,41.24,40.122,38.485,6.1851,3.6151,,,,
5364,178.8,2.728,2.7,bbox,37.716,41.24,40.122,38.485,6.193,3.6028,,0.8033,,0.6676
5365,178.833,2.762,2.724,bbox,37.716,41.24,40.122,38.485,6.2216,3.5769,,,,
5366,178.867,2.764,2.728,bbox,37.716,41.24,40.122,38.485,6.2472,3.5609,,,,
5367,178.9,2.991,2.762,pose,37.716,41.24,40.169,38.485,6.2856,3.5458,0.6629,0.8259,0.4235,0.6954
5368,178.933,2.808,2.764,bbox,37.716,41.24,40.169,38.485,6.3316,3.5376,,,,
5369,178.967,2.859,2.808,bbox,37.776,41.24,40.2,38.485,6.3859,3.5303,,,,
5370,179.0,2.89,2.859,bbox,37.822,41.24,40.2,38.485,6.4133,3.5263,,0.2861,,0.7845
5371,179.033,2.922,2.89,bbox,37.876,41.24,40.2,38.485,6.422,3.52,,,,
5372,179.067,2.937,2.89,bbox,37.876,41.24,40.2,38.485,6.4347,3.5202,,,,
5373,179.1,2.933,2.922,bbox,37.912,41.24,40.2,38.485,6.4378,3.5138,,0.3557,,0.7292
5374,179.133,2.916,2.922,bbox,37.912,41.24,40.2,38.485,6.4226,3.5108,,,,
5375,179.167,2.929,2.929,bbox,37.912,41.24,40.232,38.485,6.4035,3.5111,,,,
5376,179.2,2.849,2.929,bbox,37.912,41.24,40.232,38.485,6.3496,3.5144,,0.3742,,0.6982
5377,179.233,2.786,2.916,bbox,37.912,41.24,40.232,38.485,6.2947,3.518,,,,
5378,179.267,2.661,2.849,bbox,37.912,41.312,40.232,38.485,6.1535,3.5242,,,,
5379,179.3,2.559,2.786,bbox,37.912,41.367,40.232,38.485,6.0572,3.536,,0.4221,,0.6622
5380,179.333,2.564,2.661,bbox,37.912,41.508,40.232,38.485,6.0949,3.5543,,,,
5381,179.367,2.559,2.564,bbox,37.912,41.567,40.232,38.485,6.0897,3.572,,,,
5382,179.4,2.52,2.559,bbox,37.912,41.567,40.232,38.526,6.0943,3.6222,,0.7045,,0.7822
5383,179.433,2.512,2.559,bbox,37.912,41.567,40.232,38.526,6.0974,3.6611,,,,
5384,179.467,,,,37.912,41.567,40.232,38.526,,,,,,
5385,179.5,,,,37.912,41.567,40.232,38.526,,,,,,
5386,179.533,,,,37.912,41.567,40.232,38.526,,,,,,
5387,179.567,,,,37.912,41.567,40.232,38.526,,,,,,
5388,179.6,,,,37.912,41.567,40.232,38.526,,,,,,
5389,179.633,,,,37.912,41.567,40.232,38.526,,,,,,
5390,179.667,,,,37.912,41.567,40.232,38.526,,,,,,
5391,179.7,,,,37.912,41.567,40.232,38.526,,,,,,
5392,179.733,1.676,2.52,bbox,37.912,41.567,40.232,38.594,5.3426,3.8986,,,,
5393,179.767,1.885,2.512,bbox,37.912,41.567,40.232,38.633,5.3179,3.7044,,,,
5394,179.8,1.986,1.986,bbox,37.912,41.722,40.232,38.633,5.332,3.6334,0.1188,,-0.0186,
5395,179.833,2.053,1.986,bbox,37.912,41.722,40.232,38.633,5.382,3.5694,,,,
5396,179.867,2.1,1.986,bbox,37.912,41.722,40.232,38.633,5.3957,3.5352,,,,
5397,179.9,2.118,2.053,bbox,37.951,41.722,40.323,38.633,5.4091,3.5291,,0.7889,,0.7078
5398,179.933,2.01,2.053,bbox,37.951,41.722,40.358,38.633,5.4175,3.5271,,,,
5399,179.967,2.148,2.1,bbox,37.951,41.722,40.358,38.633,5.0772,3.5075,,,,
5400,180.0,2.002,2.1,bbox,37.951,41.722,40.358,38.633,5.4416,3.5205,,0.7491,,0.7905
5401,180.033,2.115,2.115,bbox,37.987,41.722,40.358,38.633,5.4896,3.4992,,,,
5402,180.067,,,,37.987,41.722,40.358,38.633,,,,,,
5403,180.1,,,,37.987,41.722,40.358,38.633,,,,,,
5404,180.133,2.386,2.115,bbox,37.987,41.722,40.358,38.633,5.633,3.44,,,,
5405,180.167,2.396,2.148,bbox,38.059,41.722,40.393,38.633,5.7096,3.4526,,,,
5406,180.2,2.442,2.386,bbox,38.202,41.722,40.44,38.633,5.7805,3.4094,0.5092,,-2.2075,
5407,180.233,,,,38.202,41.722,40.44,38.633,,,,,,
5408,180.267,,,,38.202,41.722,40.44,38.633,,,,,,
5409,180.3,5.145,2.396,pose,38.279,41.722,40.44,38.633,5.8907,3.2545,0.5577,0.1359,-2.1154,0.7055
5410,180.333,2.653,2.442,bbox,38.35,41.722,40.483,38.633,5.9153,3.2161,,,,
5411,180.367,2.707,2.653,bbox,38.46,41.722,40.633,38.633,5.9351,3.1427,,,,
5412,180.4,2.483,2.653,pose,38.46,41.722,40.672,38.633,5.9576,3.0797,0.3928,0.0217,0.6769,0.816
5413,180.433,2.869,2.707,bbox,38.504,41.722,40.745,38.633,6.0185,3.0138,,,,
5414,180.467,2.948,2.707,bbox,38.504,41.722,40.808,38.633,6.0773,2.9734,,,,
5415,180.5,1.482,2.707,pose,38.588,41.722,40.808,38.633,6.1718,5.0703,0.3777,0.0856,0.7121,-0.0285
5416,180.533,1.893,2.483,bbox,38.647,41.722,40.808,38.633,6.2631,5.1506,,,,
5417,180.567,2.023,2.023,bbox,38.741,41.722,40.808,38.783,6.3365,5.0581,,,,
5418,180.6,2.054,2.023,bbox,38.832,41.722,40.808,38.783,6.3825,5.0407,,0.5919,,0.0531
5419,180.633,2.116,2.023,bbox,38.906,41.722,40.808,38.783,6.4317,5.0357,,,,
5420,180.667,2.214,2.054,bbox,38.952,41.722,40.808,38.783,6.5053,5.0332,,,,
5421,180.7,3.131,2.116,pose,39.001,41.722,40.808,38.783,6.5583,5.033,0.0002,0.7237,-0.1606,-0.0681
5422,180.733,2.392,2.214,bbox,39.075,41.722,40.808,38.783,6.64,5.0321,,,,
5423,180.767,2.411,2.392,bbox,39.128,41.722,40.808,38.783,6.6832,5.0686,,,,
5424,180.8,,,,39.128,41.722,40.808,38.783,,,,,,
5425,180.833,2.488,2.411,bbox,39.209,41.722,40.808,38.783,6.7213,5.0635,,,,
5426,180.867,,,,39.209,41.722,40.808,38.783,,,,,,
5427,180.9,,,,39.209,41.722,40.808,38.783,,,,,,
5428,180.933,,,,39.209,41.722,40.808,38.783,,,,,,
5429,180.967,,,,39.209,41.722,40.808,38.783,,,,,,
5430,181.0,,,,39.209,41.722,40.808,38.783,,,,,,
5431,181.033,,,,39.209,41.722,40.808,38.783,,,,,,
5432,181.067,,,,39.209,41.722,40.808,38.783,,,,,,
5433,181.1,,,,39.209,41.722,40.808,38.783,,,,,,
5434,181.133,,,,39.209,41.722,40.808,38.783,,,,,,
5435,181.167,4.801,2.488,bbox,39.253,41.722,40.808,38.783,7.3248,2.2062,,,,
5436,181.2,4.898,2.488,bbox,39.291,41.722,40.808,38.783,7.3743,2.1752,,0.3574,,0.8441
5437,181.233,4.999,4.801,bbox,39.441,41.722,40.984,38.783,7.3949,2.1416,,,,
5438,181.267,5.057,4.898,bbox,39.49,41.722,41.015,38.783,7.4162,2.1052,,,,
5439,181.3,5.118,4.999,bbox,39.49,41.722,41.049,38.783,7.4432,2.0773,,0.1752,,0.4293
5440,181.333,5.2,5.057,bbox,39.532,41.722,41.085,38.783,7.4717,2.0508,,,,
5441,181.367,5.295,5.118,bbox,39.532,41.722,41.085,38.783,7.5102,2.0286,,,,
5442,181.4,3.485,5.118,bbox,39.588,41.722,41.085,38.783,7.5508,5.0765,,0.1657,,0.0849
5443,181.433,,,,39.588,41.722,41.085,38.783,,,,,,
5444,181.467,3.583,5.118,bbox,39.626,41.722,41.085,38.783,7.6287,5.0606,,,,
5445,181.5,3.523,3.583,bbox,39.667,41.722,41.085,38.905,7.6677,5.0798,,0.1116,,-0.0367
5446,181.533,3.49,3.523,bbox,39.745,41.722,41.085,38.905,7.6903,5.0932,,,,
5447,181.567,5.492,3.523,bbox,39.784,41.722,41.085,38.905,7.6897,1.8435,,,,
5448,181.6,3.074,3.523,pose,39.784,41.722,41.085,38.905,7.7188,5.0991,0.3451,0.0835,0.7102,-0.0389
5449,181.633,,,,39.784,41.722,41.085,38.905,,,,,,
5450,181.667,,,,39.784,41.722,41.085,38.905,,,,,,
5451,181.7,,,,39.784,41.722,41.085,38.905,,,,,,
5452,181.733,,,,39.784,41.722,41.085,38.905,,,,,,
5453,181.767,,,,39.784,41.722,41.085,38.905,,,,,,
5454,181.8,,,,39.784,41.722,41.085,38.905,,,,,,
5455,181.833,,,,39.784,41.722,41.085,38.905,,,,,,
5456,181.867,,,,39.784,41.722,41.085,38.905,,,,,,
5457,181.9,,,,39.784,41.722,41.085,38.905,,,,,,
5458,181.933,5.744,3.523,bbox,39.784,41.722,41.085,38.937,1.4204,7.8723,,,,
5459,181.967,5.726,5.492,bbox,39.784,41.722,41.085,38.937,1.4465,7.8778,,,,
5460,182.0,5.572,5.572,pose,39.784,41.85,41.085,39.093,1.3713,7.8856,0.675,0.021,0.8065,0.717
5461,182.033,5.792,5.726,bbox,39.784,41.85,41.085,39.093,1.3856,7.8974,,,,
5462,182.067,5.796,5.744,bbox,39.784,41.908,41.085,39.093,1.3891,7.9088,,,,
5463,182.1,5.784,5.784,bbox,39.784,41.908,41.085,39.093,1.3572,7.9147,0.2394,,0.6,
5464,182.133,3.528,5.784,bbox,39.784,41.908,41.085,39.13,5.1528,7.9238,,,,
5465,182.167,,,,39.784,41.908,41.085,39.13,,,,,,
5466,182.2,,,,39.784,41.908,41.085,39.13,,,,,,
5467,182.233,,,,39.784,41.908,41.085,39.13,,,,,,
5468,182.267,,,,39.784,41.908,41.085,39.13,,,,,,
5469,182.3,,,,39.784,41.908,41.085,39.13,,,,,,
5470,182.333,,,,39.784,41.908,41.085,39.13,,,,,,
5471,182.367,,,,39.784,41.908,41.085,39.13,,,,,,
5472,182.4,,,,39.784,41.908,41.085,39.13,,,,,,
5473,182.433,,,,39.784,41.908,41.085,39.13,,,,,,
5474,182.467,,,,39.784,41.908,41.085,39.13,,,,,,
5475,182.5,,,,39.784,41.908,41.085,39.13,,,,,,
5476,182.533,,,,39.784,41.908,41.085,39.13,,,,,,
5477,182.567,,,,39.784,41.908,41.085,39.13,,,,,,
5478,182.6,,,,39.784,41.908,41.085,39.13,,,,,,
5479,182.633,,,,39.784,41.908,41.085,39.13,,,,,,
5480,182.667,,,,39.784,41.908,41.085,39.13,,,,,,
5481,182.7,,,,39.784,41.908,41.085,39.13,,,,,,
5482,182.733,,,,39.784,41.908,41.085,39.13,,,,,,
5483,182.767,,,,39.784,41.908,41.085,39.13,,,,,,
5484,182.8,,,,39.784,41.908,41.085,39.13,,,,,,
5485,182.833,,,,39.784,41.908,41.085,39.13,,,,,,
5486,182.867,,,,39.784,41.908,41.085,39.13,,,,,,
5487,182.9,,,,39.784,41.908,41.085,39.13,,,,,,
5488,182.933,,,,39.784,41.908,41.085,39.13,,,,,,
5489,182.967,,,,39.784,41.908,41.085,39.13,,,,,,
5490,183.0,,,,39.784,41.908,41.085,39.13,,,,,,
5491,183.033,,,,39.784,41.908,41.085,39.13,,,,,,
5492,183.067,,,,39.784,41.908,41.085,39.13,,,,,,
5493,183.1,,,,39.784,41.908,41.085,39.13,,,,,,
5494,183.133,,,,39.784,41.908,41.085,39.13,,,,,,
5495,183.167,6.662,5.792,bbox,39.784,41.908,41.085,39.13,0.5965,7.4392,,,,
5496,183.2,6.641,5.796,bbox,39.784,41.939,41.085,39.13,0.6079,7.4088,,,,
5497,183.233,6.607,6.607,bbox,39.784,42.089,41.235,39.13,0.625,7.3879,,,,
5498,183.267,6.557,6.607,bbox,39.784,42.089,41.266,39.13,0.6355,7.3422,,,,
5499,183.3,2.885,6.607,bbox,39.784,42.089,41.266,39.13,5.2007,7.3028,0.1354,,-0.7913,
5500,183.333,,,,39.784,42.089,41.266,39.13,,,,,,
5501,183.367,,,,39.784,42.089,41.266,39.13,,,,,,
5502,183.4,,,,39.784,42.089,41.266,39.13,,,,,,
5503,183.433,,,,39.784,42.089,41.266,39.13,,,,,,
5504,183.467,,,,39.784,42.089,41.266,39.13,,,,,,
5505,183.5,,,,39.784,42.089,41.266,39.13,,,,,,
5506,183.533,,,,39.784,42.089,41.266,39.13,,,,,,
5507,183.567,,,,39.784,42.089,41.266,39.13,,,,,,
5508,183.6,,,,39.784,42.089,41.266,39.13,,,,,,
5509,183.633,,,,39.784,42.089,41.266,39.13,,,,,,
5510,183.667,,,,39.784,42.089,41.266,39.13,,,,,,
5511,183.7,,,,39.784,42.089,41.266,39.13,,,,,,
5512,183.733,,,,39.784,42.089,41.266,39.13,,,,,,
5513,183.767,,,,39.784,42.089,41.266,39.13,,,,,,
5514,183.8,,,,39.784,42.089,41.266,39.13,,,,,,
5515,183.833,,,,39.784,42.089,41.266,39.13,,,,,,
5516,183.867,,,,39.784,42.089,41.266,39.13,,,,,,
5517,183.9,,,,39.784,42.089,41.266,39.13,,,,,,
5518,183.933,,,,39.784,42.089,41.266,39.13,,,,,,
5519,183.967,,,,39.784,42.089,41.266,39.13,,,,,,
5520,184.0,,,,39.784,42.089,41.266,39.13,,,,,,
5521,184.033,,,,39.784,42.089,41.266,39.13,,,,,,
5522,184.067,,,,39.784,42.089,41.266,39.13,,,,,,
5523,184.1,,,,39.784,42.089,41.266,39.13,,,,,,
5524,184.133,,,,39.784,42.089,41.266,39.13,,,,,,
5525,184.167,,,,39.784,42.089,41.266,39.13,,,,,,
5526,184.2,,,,39.784,42.089,41.266,39.13,,,,,,
5527,184.233,,,,39.784,42.089,41.266,39.13,,,,,,
5528,184.267,,,,39.784,42.089,41.266,39.13,,,,,,
5529,184.3,,,,39.784,42.089,41.266,39.13,,,,,,
5530,184.333,3.422,6.557,bbox,39.784,42.089,41.332,39.13,2.0395,5.9436,,,,
5531,184.367,3.401,3.422,bbox,39.944,42.089,41.371,39.13,2.1221,5.9455,,,,
5532,184.4,3.319,3.401,bbox,40.027,42.089,41.521,39.13,2.1912,5.8988,0.2047,,0.7504,
5533,184.433,3.241,3.319,bbox,40.096,42.089,41.521,39.13,2.2702,5.8689,,,,
5534,184.467,3.157,3.319,bbox,40.096,42.089,41.568,39.13,2.3322,5.8518,,,,
5535,184.5,3.18,3.241,pose,40.175,42.089,41.568,39.13,2.3902,5.7932,0.0429,0.3363,0.7568,0.5668
5536,184.533,2.955,3.18,bbox,40.237,42.089,41.615,39.13,2.4259,5.7361,,,,
5537,184.567,,,,40.237,42.089,41.615,39.13,,,,,,
5538,184.6,2.702,3.157,pose,40.295,42.089,41.674,39.13,2.52,5.5385,0.1092,0.1532,0.4072,0.5652
5539,184.633,2.919,2.955,bbox,40.33,42.089,41.731,39.13,2.5558,5.2367,,,,
5540,184.667,2.434,2.919,bbox,40.425,42.089,41.881,39.13,2.6024,5.3844,,,,
5541,184.7,2.64,2.702,bbox,40.46,42.089,42.031,39.13,2.6117,5.2971,,,,
5542,184.733,2.605,2.64,bbox,40.507,42.089,42.118,39.13,2.6237,5.2402,,,,
5543,184.767,2.501,2.605,bbox,40.507,42.089,42.175,39.13,2.6382,5.1913,,,,
5544,184.8,2.218,2.501,bbox,40.507,42.089,42.175,39.13,2.6421,5.1528,,,,
5545,184.833,2.124,2.501,bbox,40.543,42.089,42.224,39.13,2.7233,5.0842,,,,
5546,184.867,2.053,2.218,bbox,40.543,42.089,42.263,39.13,2.7915,5.0158,,,,
5547,184.9,1.794,2.124,bbox,40.628,42.089,42.331,39.13,2.865,4.943,,,,
5548,184.933,1.661,2.053,bbox,40.696,42.089,42.4,39.13,2.9761,4.9011,,,,
5549,184.967,1.576,1.794,bbox,40.77,42.089,42.472,39.13,3.0313,4.839,,,,
5550,185.0,2.958,1.794,pose,40.881,42.089,42.514,39.13,3.0726,4.782,0.0309,0.3375,0.5159,1.3412
5551,185.033,1.336,1.661,bbox,40.936,42.089,42.576,39.13,3.1447,4.6921,,,,
5552,185.067,1.209,1.576,bbox,40.977,42.089,42.633,39.13,3.2089,4.6108,,,,
5553,185.1,1.93,1.576,pose,41.049,42.089,42.723,39.13,3.2766,4.559,0.0767,0.164,0.84,0.9546
5554,185.133,1.06,1.336,bbox,41.113,42.089,42.805,39.13,3.3284,4.5507,,,,
5555,185.167,1.01,1.209,bbox,41.181,42.089,42.856,39.13,3.3793,4.5543,,,,
5556,185.2,0.947,1.06,pose,41.233,42.089,42.856,39.13,3.4151,4.4647,0.162,0.0774,0.8723,0.37
5557,185.233,0.856,1.01,bbox,41.284,42.089,42.856,39.13,3.4349,4.4213,,,,
5558,185.267,0.801,0.947,bbox,41.32,42.089,42.951,39.13,3.47,4.3932,,,,
5559,185.3,1.258,0.947,pose,41.32,42.089,42.994,39.13,3.4407,4.3758,0.457,0.0443,0.8341,0.5725
5560,185.333,0.816,0.856,bbox,41.32,42.089,42.994,39.13,3.4383,4.37,,,,
5561,185.367,0.83,0.83,bbox,41.32,42.089,43.039,39.13,3.4302,4.3768,,,,
5562,185.4,0.814,0.816,bbox,41.32,42.089,43.039,39.13,3.4418,4.3639,0.5069,,0.8246,
5563,185.433,0.75,0.816,bbox,41.32,42.089,43.039,39.13,3.4818,4.3239,,,,
5564,185.467,0.744,0.814,bbox,41.32,42.089,43.039,39.13,3.5118,4.3409,,,,
5565,185.5,0.747,0.75,bbox,41.386,42.089,43.074,39.13,3.5073,4.3333,0.4823,,0.8442,
5566,185.533,0.742,0.747,bbox,41.386,42.089,43.074,39.13,3.5207,4.3404,,,,
5567,185.567,0.66,0.744,bbox,41.386,42.089,43.074,39.13,3.6144,4.3461,,,,
5568,185.6,0.716,0.742,bbox,41.425,42.089,43.074,39.13,3.5626,4.3554,0.0623,,0.8393,
5569,185.633,0.708,0.716,bbox,41.467,42.089,43.074,39.13,3.5887,4.375,,,,
5570,185.667,0.674,0.708,bbox,41.467,42.089,43.074,39.13,3.5759,4.3308,,,,
5571,185.7,1.142,0.708,bbox,41.467,42.089,43.074,39.13,5.3084,4.4017,0.2304,,0.2294,
5572,185.733,0.743,0.716,bbox,41.467,42.089,43.074,39.164,3.6164,4.4456,,,,
5573,185.767,0.772,0.743,bbox,41.515,42.089,43.074,39.164,3.6108,4.4859,,,,
5574,185.8,0.816,0.772,bbox,41.515,42.089,43.074,39.234,3.6154,4.5393,,0.0102,,0.5687
5575,185.833,0.863,0.816,bbox,41.515,42.089,43.074,39.275,3.6095,4.5839,,,,
5576,185.867,0.893,0.816,bbox,41.515,42.089,43.074,39.328,3.5891,4.5917,,,,
5577,185.9,0.943,0.863,bbox,41.515,42.089,43.074,39.373,3.5619,4.6242,,,,
5578,185.933,1.002,0.893,bbox,41.515,42.089,43.074,39.373,3.5521,4.678,,,,
5579,185.967,1.043,0.943,bbox,41.515,42.138,43.074,39.413,3.5438,4.7238,,,,
5580,186.0,1.083,1.002,bbox,41.515,42.138,43.074,39.467,3.5571,4.7773,,,,
5581,186.033,1.188,1.043,bbox,41.515,42.138,43.074,39.513,3.558,4.8511,,,,
5582,186.067,1.258,1.083,bbox,41.515,42.138,43.074,39.566,3.5334,4.8861,,,,
5583,186.1,1.289,1.188,bbox,41.515,42.138,43.074,39.64,3.515,4.8967,,0.0631,,-0.1886
5584,186.133,1.328,1.258,bbox,41.515,42.138,43.074,39.675,3.4946,4.9197,,,,
5585,186.167,1.386,1.289,bbox,41.515,42.185,43.074,39.675,3.456,4.9559,,,,
5586,186.2,2.239,1.328,pose,41.515,42.185,43.074,39.709,3.405,4.9838,0.0633,0.2088,0.2145,-0.5012
5587,186.233,1.455,1.386,bbox,41.515,42.244,43.074,39.745,3.3926,4.9991,,,,
5588,186.267,1.487,1.455,bbox,41.515,42.295,43.074,39.745,3.3451,5.0267,,,,
5589,186.3,1.526,1.487,bbox,41.515,42.295,43.074,39.788,3.3139,5.0552,,,,
5590,186.333,1.551,1.526,bbox,41.515,42.355,43.074,39.788,3.2912,5.0859,,,,
5591,186.367,1.623,1.526,bbox,41.515,42.386,43.074,39.844,3.2628,5.1269,,,,
5592,186.4,1.719,1.551,pose,41.515,42.386,43.074,39.875,3.2314,5.164,0.0151,0.1476,0.6803,-0.3108
5593,186.433,1.733,1.623,bbox,41.515,42.437,43.074,39.916,3.211,5.2037,,,,
5594,186.467,1.813,1.719,bbox,41.515,42.469,43.074,39.953,3.1916,5.2508,,,,
5595,186.5,2.124,1.733,pose,41.515,42.469,43.074,39.993,3.1754,5.4204,0.3104,0.1278,0.7997,0.3952
5596,186.533,2.359,1.813,bbox,41.515,42.509,43.074,40.04,3.1539,5.4214,,,,
5597,186.567,2.414,2.124,bbox,41.515,42.509,43.074,40.19,3.1302,5.4298,,,,
5598,186.6,2.174,2.174,pose,41.515,42.546,43.074,40.19,3.1011,5.4309,0.4803,0.0096,0.7493,0.3087
5599,186.633,2.406,2.359,bbox,41.515,42.546,43.074,40.19,3.0734,5.4306,,,,
5600,186.667,2.479,2.406,bbox,41.515,42.599,43.074,40.19,3.0376,5.4228,,,,
5601,186.7,2.233,2.406,pose,41.515,42.599,43.074,40.19,2.9738,5.4164,0.5245,0.0163,0.7292,0.4108
5602,186.733,2.6,2.406,bbox,41.515,42.663,43.074,40.19,2.9512,5.422,,,,
5603,186.767,2.605,2.479,bbox,41.515,42.726,43.074,40.19,2.9454,5.4026,,,,
5604,186.8,2.619,2.6,bbox,41.515,42.726,43.074,40.19,2.896,5.3921,,0.2133,,0.3932
5605,186.833,2.644,2.605,bbox,41.515,42.726,43.074,40.19,2.8439,5.3825,,,,
5606,186.867,2.679,2.619,bbox,41.515,42.804,43.074,40.19,2.784,5.3707,,,,
5607,186.9,0.972,2.619,bbox,41.515,42.804,43.112,40.19,5.947,5.3574,,0.4638,,-1.6827
5608,186.933,0.99,2.619,bbox,41.515,42.804,43.112,40.19,5.9663,5.3491,,,,
5609,186.967,2.629,2.629,bbox,41.515,42.856,43.112,40.19,2.7011,5.3399,,,,
5610,187.0,6.52,2.629,pose,41.665,42.856,43.146,40.19,6.0179,5.3314,0.7222,0.1285,-2.785,0.3127
5611,187.033,5.534,2.629,bbox,41.665,42.856,43.146,40.19,10.4599,5.3267,,,,
5612,187.067,,,,41.665,42.856,43.146,40.19,,,,,,
5613,187.1,,,,41.665,42.856,43.146,40.19,,,,,,
5614,187.133,,,,41.665,42.856,43.146,40.19,,,,,,
5615,187.167,,,,41.665,42.856,43.146,40.19,,,,,,
5616,187.2,,,,41.665,42.856,43.146,40.19,,,,,,
5617,187.233,7.304,5.534,bbox,41.736,42.856,43.146,40.19,10.111,2.4188,,,,
5618,187.267,3.585,5.534,bbox,41.886,42.856,43.146,40.19,6.4423,2.3434,,,,
5619,187.3,,,,41.886,42.856,43.146,40.19,,,,,,
5620,187.333,,,,41.886,42.856,43.146,40.19,,,,,,
5621,187.367,,,,41.886,42.856,43.146,40.19,,,,,,
5622,187.4,7.278,6.52,bbox,42.036,42.856,43.318,40.19,9.8797,2.2767,,,,
5623,187.433,7.272,7.272,bbox,42.036,42.856,43.394,40.19,9.8598,2.2408,,,,
5624,187.467,3.145,7.272,bbox,42.036,42.856,43.394,40.19,9.843,6.628,,,,
5625,187.5,,,,42.036,42.856,43.394,40.19,,,,,,
5626,187.533,3.021,3.585,bbox,42.036,42.893,43.394,40.19,9.781,6.6709,,,,
5627,187.567,2.928,3.145,bbox,42.036,42.893,43.394,40.34,9.7531,6.7345,,,,
5628,187.6,2.859,3.021,bbox,42.036,42.955,43.394,40.383,9.7252,6.8184,,,,
5629,187.633,7.274,3.021,bbox,42.036,42.955,43.394,40.383,9.6839,1.8896,,,,
5630,187.667,7.378,3.021,bbox,42.036,43.011,43.394,40.383,9.6492,1.8141,,,,
5631,187.7,7.429,7.274,pose,42.036,43.052,43.544,40.383,9.6194,1.7191,0.0524,0.0307,0.3002,0.6949
5632,187.733,7.459,7.378,bbox,42.036,43.087,43.619,40.383,9.5834,1.6649,,,,
5633,187.767,4.99,7.378,bbox,42.036,43.087,43.714,40.383,7.0988,1.6344,,,,
5634,187.8,5.045,7.378,bbox,42.036,43.153,43.768,40.383,7.1444,1.6032,,0.343,,0.7634
5635,187.833,7.484,7.429,bbox,42.036,43.243,43.799,40.383,9.4929,1.5686,,,,
5636,187.867,5.141,5.141,bbox,42.036,43.393,43.83,40.383,7.206,1.5022,,,,
5637,187.9,5.184,5.141,bbox,42.036,43.393,43.865,40.383,7.256,1.474,,0.5534,,0.4935
5638,187.933,5.271,5.184,bbox,42.086,43.393,43.931,40.383,7.3022,1.4452,,,,
5639,187.967,5.353,5.271,bbox,42.132,43.393,43.931,40.383,7.3388,1.4013,,,,
5640,188.0,7.419,5.271,bbox,42.132,43.393,43.988,40.383,9.3083,1.3785,,0.1133,,0.2799
5641,188.033,7.423,5.353,bbox,42.169,43.393,44.032,40.383,9.2961,1.3627,,,,
5642,188.067,5.437,5.437,bbox,42.246,43.393,44.032,40.383,7.4157,1.3133,,,,
5643,188.1,5.561,5.561,pose,42.3,43.393,44.07,40.383,7.4698,1.2657,0.0924,0.4716,-0.4564,0.546
5644,188.133,7.488,7.419,bbox,42.45,43.393,44.12,40.383,9.2427,1.2085,,,,
5645,188.167,7.579,7.423,bbox,42.45,43.393,44.167,40.383,9.2256,1.1209,,,,
5646,188.2,7.372,7.372,pose,42.45,43.451,44.225,40.383,9.1851,1.0124,0.0305,0.3194,0.6108,0.6794
5647,188.233,6.06,7.372,bbox,42.45,43.451,44.312,40.383,7.7564,0.921,,,,
5648,188.267,7.701,7.488,bbox,42.45,43.451,44.421,40.383,9.1293,0.8139,,,,
5649,188.3,6.241,7.372,bbox,42.45,43.507,44.512,40.383,7.822,0.698,,,,
5650,188.333,6.278,6.278,bbox,42.45,43.657,44.619,40.383,7.8645,0.6024,,,,
5651,188.367,6.262,6.262,bbox,42.45,43.657,44.735,40.383,7.9343,0.5647,,,,
5652,188.4,6.475,6.278,bbox,42.52,43.657,44.831,40.383,7.9944,0.5616,,,,
5653,188.433,,,,42.52,43.657,44.831,40.383,,,,,,
5654,188.467,7.792,6.278,bbox,42.52,43.657,44.868,40.383,8.9329,0.5577,,,,
5655,188.5,7.871,6.475,bbox,42.58,43.657,44.868,40.383,8.9302,0.5477,,0.462,,0.8501
5656,188.533,7.89,7.792,bbox,42.73,43.657,44.868,40.383,8.9153,0.5375,,,,
5657,188.567,7.845,7.845,bbox,42.73,43.657,44.868,40.383,8.9233,0.534,,,,
5658,188.6,7.907,7.871,bbox,42.73,43.657,44.868,40.383,8.9425,0.537,,0.338,,0.699
5659,188.633,7.961,7.89,bbox,42.73,43.657,44.868,40.383,8.9631,0.5368,,,,
5660,188.667,7.985,7.907,bbox,42.73,43.657,44.868,40.383,8.9843,0.5334,,,,
5661,188.7,8.122,7.961,bbox,42.778,43.657,44.899,40.383,8.9959,0.5234,,0.4424,,0.9379
5662,188.733,,,,42.778,43.657,44.899,40.383,,,,,,
5663,188.767,,,,42.778,43.657,44.899,40.383,,,,,,
5664,188.8,7.568,7.961,bbox,42.778,43.657,44.899,40.383,8.4405,0.32,,,,
5665,188.833,7.723,7.961,bbox,42.778,43.657,44.899,40.383,8.4804,0.3274,,,,
5666,188.867,7.766,7.766,bbox,42.778,43.807,45.06,40.383,8.4952,0.3376,,,,
5667,188.9,8.573,7.766,bbox,42.778,43.807,45.06,40.383,9.0362,0.3579,,,,
5668,188.933,7.637,7.723,bbox,42.778,43.807,45.06,40.383,8.5257,0.4205,,,,
5669,188.967,7.551,7.723,bbox,42.808,43.807,45.06,40.383,8.5295,0.4978,,,,
5670,189.0,8.411,7.766,bbox,42.808,43.807,45.06,40.465,9.0521,0.5596,,,,
5671,189.033,8.277,8.277,bbox,42.962,43.807,45.06,40.543,9.0473,0.6447,,,,
5672,189.067,8.176,8.176,bbox,42.962,43.807,45.06,40.605,9.0384,0.6935,,,,
5673,189.1,8.146,8.176,bbox,42.962,43.807,45.06,40.69,9.0523,0.7538,,0.4737,,0.1552
5674,189.133,8.159,8.176,bbox,42.962,43.807,45.06,40.738,9.0615,0.8073,,,,
5675,189.167,8.115,8.159,bbox,42.962,43.807,45.06,40.799,9.0624,0.8704,,,,
5676,189.2,8.396,8.159,pose,42.962,43.807,45.06,40.852,8.5395,0.9233,0.2027,0.0225,0.7375,-0.047
5677,189.233,7.196,8.146,bbox,42.962,43.807,45.06,40.915,8.5657,0.9616,,,,
5678,189.267,7.169,8.115,bbox,42.962,43.94,45.06,40.968,8.5322,1.0035,,,,
5679,189.3,7.149,7.196,bbox,42.962,43.94,45.06,41.007,8.5138,1.0342,,,,
5680,189.333,7.215,7.196,bbox,42.962,43.94,45.06,41.048,8.5622,1.0901,,,,
5681,189.367,7.107,7.169,bbox,42.962,43.94,45.06,41.079,8.5925,1.136,,,,
5682,189.4,7.365,7.169,bbox,42.962,43.94,45.06,41.135,8.6019,1.1782,,0.0678,,0.273
5683,189.433,7.709,7.215,bbox,42.962,43.94,45.06,41.181,8.6202,1.219,,,,
5684,189.467,7.646,7.365,bbox,42.998,43.94,45.06,41.223,8.6312,1.2771,,,,
5685,189.5,7.347,7.365,bbox,42.998,43.94,45.06,41.264,8.6398,1.3444,,0.0423,,0.168
5686,189.533,6.938,7.365,bbox,42.998,43.94,45.06,41.322,8.6346,1.412,,,,
5687,189.567,6.817,7.347,bbox,43.031,43.94,45.06,41.389,8.6626,1.4663,,,,
5688,189.6,6.796,6.938,bbox,43.031,43.94,45.06,41.457,8.6606,1.5067,,0.0724,,0.8708
5689,189.633,6.678,6.817,bbox,43.031,43.94,45.06,41.511,8.6732,1.5663,,,,
5690,189.667,6.607,6.796,bbox,43.031,43.94,45.06,41.552,8.6948,1.6339,,,,
5691,189.7,6.496,6.678,bbox,43.069,43.94,45.06,41.611,8.6898,1.7067,,0.0258,,0.6136
5692,189.733,6.434,6.607,bbox,43.069,43.94,45.06,41.679,8.6928,1.7561,,,,
5693,189.767,6.41,6.496,bbox,43.069,43.94,45.06,41.752,8.6957,1.7914,,,,
5694,189.8,6.352,6.434,bbox,43.069,43.94,45.06,41.801,8.7,1.8366,,0.1178,,0.8716
5695,189.833,6.335,6.41,bbox,43.069,43.94,45.06,41.836,8.7104,1.8888,,,,
5696,189.867,6.335,6.352,bbox,43.069,43.94,45.06,41.882,8.7124,1.8896,,,,
5697,189.9,6.254,6.335,bbox,43.107,43.94,45.06,41.934,8.7126,1.9677,,0.0201,,0.1071
5698,189.933,6.185,6.335,bbox,43.107,43.94,45.06,41.934,8.7134,2.0134,,,,
5699,189.967,6.113,6.254,bbox,43.107,43.94,45.06,42.013,8.7131,2.0497,,,,
