frame,time_s,distance_raw_m,distance_smooth_m,method,f1_advance_m,f1_retreat_m,f2_advance_m,f2_retreat_m,f1_pos_m,f2_pos_m,f1_stance_m,f2_stance_m,f1_hip_height_m,f2_hip_height_m
0,0.0,2.653,2.653,pose,0.0,0.0,0.0,0.0,2.9473,6.2033,0.8111,0.6864,0.6969,0.7001
1,0.02,3.245,2.949,bbox,0.0,0.0,0.0,0.0,2.9474,6.2098,,,,
2,0.04,3.259,3.245,bbox,0.0,0.0,0.0,0.0,2.9505,6.2219,,,,
3,0.06,2.766,3.005,pose,0.0,0.0,0.0,0.0,2.9541,6.2449,0.7997,0.6222,0.6556,0.7091
4,0.08,3.336,3.245,bbox,0.0,0.0,0.0,0.0,2.9571,6.2568,,,,
5,0.1,3.374,3.259,bbox,0.0,0.0,0.0,0.042,2.9528,6.2653,,,,
6,0.12,2.951,3.259,pose,0.0,0.0,0.0,0.042,2.9499,6.2542,0.7881,0.5492,0.6575,0.6635
7,0.14,3.495,3.336,bbox,0.0,0.0,0.0,0.042,2.9404,5.2231,,,,
8,0.16,3.457,3.374,bbox,0.0,0.0,0.0,0.042,2.9308,6.264,,,,
9,0.18,3.099,3.374,pose,0.0,0.0,0.0,0.042,2.9159,6.2536,0.816,0.4757,0.6768,0.6246
10,0.2,3.464,3.457,bbox,0.0,0.0,0.0,0.042,2.8992,6.2513,,,,
11,0.22,3.465,3.464,bbox,0.0,0.031,0.0,0.042,2.8916,6.2527,,,,
12,0.24,3.156,3.457,pose,0.0,0.031,0.0,0.042,2.8723,6.2563,0.8464,0.4116,0.7006,0.6061
13,0.26,3.494,3.464,bbox,0.0,0.031,0.0,0.042,2.8554,6.2557,,,,
14,0.28,3.511,3.465,bbox,0.0,0.075,0.0,0.042,2.8387,6.2552,,,,
15,0.3,3.156,3.465,pose,0.0,0.075,0.0,0.042,2.7951,6.2528,0.8789,0.4546,0.7159,0.5871
16,0.32,3.577,3.494,bbox,0.0,0.109,0.0,0.042,2.766,6.2503,,,,
17,0.34,3.574,3.511,bbox,0.0,0.152,0.0,0.042,2.7317,6.2354,,,,
18,0.36,3.166,3.511,pose,0.0,0.152,0.0,0.042,2.6857,6.2289,0.8676,0.5601,0.6801,0.6066
19,0.38,3.635,3.574,bbox,0.0,0.216,0.0,0.042,2.6501,6.2207,,,,
20,0.4,3.654,3.577,bbox,0.0,0.262,0.0,0.042,2.6108,6.203,,,,
21,0.42,3.012,3.574,pose,0.0,0.297,0.0,0.042,2.5894,6.1834,0.9655,0.687,0.6402,0.6339
22,0.44,3.709,3.635,bbox,0.0,0.336,0.042,0.042,2.5711,6.17,,,,
23,0.46,3.731,3.654,bbox,0.0,0.336,0.042,0.042,2.5519,6.144,,,,
24,0.48,2.879,3.654,pose,0.0,0.376,0.075,0.042,2.5356,6.1075,1.0489,0.8378,0.5988,0.6364
25,0.5,3.731,3.709,bbox,0.0,0.376,0.075,0.042,2.523,6.0724,,,,
26,0.52,3.733,3.731,bbox,0.0,0.412,0.137,0.042,2.5055,6.0552,,,,
27,0.54,2.806,3.731,pose,0.0,0.412,0.173,0.042,2.4956,6.0378,1.0925,0.9261,0.5815,0.6328
28,0.56,3.778,3.731,bbox,0.0,0.442,0.173,0.042,2.489,6.0218,,,,
29,0.58,3.795,3.733,bbox,0.0,0.442,0.207,0.042,2.4844,6.0149,,,,
30,0.6,2.825,3.733,pose,0.0,0.442,0.207,0.042,2.4665,6.0057,1.0958,0.9904,0.6392,0.599
31,0.62,3.786,3.778,bbox,0.0,0.442,0.207,0.042,2.4649,5.9949,,,,
32,0.64,2.077,3.778,bbox,0.0,0.481,0.239,0.042,2.4536,3.3644,,,,
33,0.66,,,,0.0,0.481,0.239,0.042,,,,,,
34,0.68,,,,0.0,0.481,0.239,0.042,,,,,,
35,0.7,,,,0.0,0.481,0.239,0.042,,,,,,
36,0.72,,,,0.0,0.481,0.239,0.042,,,,,,
37,0.74,,,,0.0,0.481,0.239,0.042,,,,,,
38,0.76,,,,0.0,0.481,0.239,0.042,,,,,,
39,0.78,,,,0.0,0.481,0.239,0.042,,,,,,
40,0.8,,,,0.0,0.481,0.239,0.042,,,,,,
41,0.82,,,,0.0,0.481,0.239,0.042,,,,,,
42,0.84,,,,0.0,0.481,0.239,0.042,,,,,,
43,0.86,,,,0.0,0.481,0.239,0.042,,,,,,
44,0.88,2.152,2.825,bbox,0.0,0.481,0.239,0.042,2.2822,3.377,,,,
45,0.9,2.106,2.152,pose,0.0,0.481,0.4,0.042,2.2764,3.3764,0.2149,0.4656,0.6853,0.3734
46,0.92,2.187,2.152,bbox,0.0,0.644,0.4,0.042,2.2709,3.376,,,,
47,0.94,3.35,2.152,bbox,0.0,0.644,0.4,0.042,2.2696,5.5289,,,,
48,0.96,3.568,2.187,pose,0.0,0.644,0.4,0.042,2.2666,5.5221,0.246,0.3535,0.6563,0.6947
49,0.98,2.205,2.205,bbox,0.0,0.644,0.4,0.042,2.2601,3.3743,,,,
50,1.0,2.198,2.205,bbox,0.0,0.644,0.4,0.042,2.2644,3.3712,,,,
51,1.02,1.909,2.205,pose,0.0,0.644,0.4,0.042,2.2679,3.3689,0.3613,0.4928,0.6288,0.4026
52,1.04,2.185,2.198,bbox,0.0,0.644,0.4,0.042,2.2689,3.3653,,,,
53,1.06,2.18,2.185,bbox,0.0,0.644,0.4,0.042,2.2766,3.3528,,,,
54,1.08,3.292,2.185,pose,0.0,0.644,0.4,0.042,2.2809,5.3919,0.5187,0.3445,0.6308,0.5939
55,1.1,3.2,2.185,bbox,0.0,0.644,0.4,0.042,2.2881,5.3964,,,,
56,1.12,3.165,3.165,bbox,0.0,0.644,0.4,0.184,2.3018,5.3834,,,,
57,1.14,2.896,3.165,pose,0.0,0.644,0.4,0.184,2.316,5.3749,0.7691,0.4927,0.6867,0.5534
58,1.16,3.134,3.165,bbox,0.0,0.644,0.4,0.184,2.3317,5.3534,,,,
59,1.18,3.07,3.134,bbox,0.034,0.644,0.4,0.184,2.36,5.3383,,,,
60,1.2,2.427,3.07,pose,0.034,0.644,0.4,0.184,2.398,5.3367,0.9921,0.7051,0.6933,0.5783
61,1.22,3.04,3.04,bbox,0.078,0.644,0.445,0.184,2.4233,5.3328,,,,
62,1.24,2.977,3.04,bbox,0.116,0.644,0.445,0.184,2.4513,5.318,,,,
63,1.26,2.073,2.977,pose,0.116,0.644,0.445,0.184,2.4683,5.3081,1.073,0.9123,0.6572,0.601
64,1.28,2.931,2.931,bbox,0.169,0.644,0.445,0.184,2.4719,5.2886,,,,
65,1.3,1.938,2.931,bbox,0.169,0.644,0.475,0.184,2.4811,3.2436,,,,
66,1.32,1.944,2.073,bbox,0.169,0.644,0.475,0.184,2.4877,3.2482,1.0773,,0.6038,
67,1.34,1.963,1.963,bbox,0.169,0.644,0.645,0.184,2.4902,3.2551,,,,
68,1.36,1.958,1.958,bbox,0.205,0.644,0.645,0.184,2.5021,3.2613,,,,
69,1.38,2.092,1.958,pose,0.205,0.644,0.645,0.184,2.503,5.253,1.0502,0.9561,0.5812,0.5202
70,1.4,3.072,1.963,bbox,0.205,0.644,0.645,0.184,2.5061,5.2524,,,,
71,1.42,3.063,2.092,bbox,0.205,0.644,0.645,0.34,2.5041,5.2513,,,,
72,1.44,2.081,2.092,pose,0.205,0.644,0.645,0.34,2.4946,5.2511,1.0636,0.9295,0.6123,0.5144
73,1.46,1.978,2.092,bbox,0.205,0.644,0.645,0.34,2.4796,3.286,,,,
74,1.48,1.96,2.081,bbox,0.205,0.644,0.645,0.34,2.4731,3.2861,,,,
75,1.5,2.074,2.074,pose,0.205,0.644,0.645,0.34,2.4622,5.2513,1.0886,0.9485,0.6368,0.5729
76,1.52,1.955,1.978,bbox,0.205,0.644,0.795,0.34,2.4477,3.2786,,,,
77,1.54,1.963,1.963,bbox,0.205,0.644,0.795,0.34,2.4314,3.2837,,,,
78,1.56,1.993,1.963,bbox,0.205,0.684,0.795,0.34,2.4117,3.2886,1.0731,,0.6569,
79,1.58,,,,0.205,0.684,0.795,0.34,,,,,,
80,1.6,,,,0.205,0.684,0.795,0.34,,,,,,
81,1.62,,,,0.205,0.684,0.795,0.34,,,,,,
82,1.64,,,,0.205,0.684,0.795,0.34,,,,,,
83,1.66,2.127,1.993,bbox,0.205,0.684,0.795,0.34,2.3255,3.2959,,,,
84,1.68,2.138,1.993,bbox,0.205,0.72,0.795,0.34,2.3214,3.2985,0.975,,0.6363,
85,1.7,3.29,2.127,bbox,0.205,0.806,0.795,0.34,2.3178,5.446,,,,
86,1.72,3.331,2.138,bbox,0.205,0.806,0.795,0.34,2.3132,5.4629,,,,
87,1.74,2.18,2.18,bbox,0.205,0.806,0.795,0.372,2.3141,3.3186,0.985,,0.6184,
88,1.76,2.188,2.188,bbox,0.205,0.806,0.795,0.372,2.3145,3.3176,,,,
89,1.78,2.181,2.188,bbox,0.205,0.806,0.795,0.372,2.3171,3.3197,,,,
90,1.8,2.173,2.181,bbox,0.205,0.806,0.795,0.372,2.3242,3.322,0.9947,,0.6204,
91,1.82,2.147,2.18,bbox,0.205,0.806,0.795,0.372,2.3305,3.3208,,,,
92,1.84,3.3,2.181,bbox,0.205,0.806,0.795,0.372,2.3287,5.4611,,,,
93,1.86,2.414,2.181,pose,0.205,0.806,0.795,0.372,2.3398,5.4587,0.9575,1.0221,0.6517,0.564
94,1.88,3.304,2.414,bbox,0.205,0.806,0.795,0.526,2.3503,5.4574,,,,
95,1.9,3.259,3.259,bbox,0.205,0.806,0.795,0.526,2.3612,5.4449,,,,
96,1.92,1.63,3.259,pose,0.205,0.806,0.795,0.526,2.3846,3.3519,0.8862,0.4869,0.6993,0.3839
97,1.94,,,,0.205,0.806,0.795,0.526,,,,,,
98,1.96,2.047,2.414,bbox,0.241,0.806,0.795,0.526,2.4304,3.3835,,,,
99,1.98,1.613,2.047,pose,0.241,0.806,0.958,0.526,2.4533,3.3731,0.7837,0.493,0.7288,0.3754
100,2.0,1.974,1.974,bbox,0.31,0.806,0.958,0.526,2.4752,3.3674,,,,
101,2.02,1.95,1.95,bbox,0.31,0.806,0.958,0.526,2.4959,3.3613,,,,
102,2.04,2.399,1.974,pose,0.355,0.806,0.958,0.526,2.5189,5.275,0.6855,0.8293,0.7438,0.614
103,2.06,2.838,1.974,bbox,0.355,0.806,0.958,0.526,2.5318,5.268,,,,
104,2.08,2.841,2.399,bbox,0.399,0.806,0.958,0.665,2.5445,5.2785,,,,
105,2.1,2.392,2.399,pose,0.399,0.806,0.958,0.665,2.545,5.288,0.7206,0.8096,0.7047,0.6023
106,2.12,1.834,2.399,bbox,0.399,0.806,0.958,0.665,2.5468,3.2909,,,,
107,2.14,1.841,2.392,bbox,0.399,0.806,0.958,0.665,2.552,3.2778,,,,
108,2.16,1.841,1.841,bbox,0.399,0.806,1.108,0.665,2.5638,3.2599,0.8191,,0.6772,
109,2.18,1.826,1.841,bbox,0.432,0.806,1.108,0.665,2.5814,3.2388,,,,
110,2.2,1.866,1.841,bbox,0.432,0.806,1.139,0.665,2.591,3.2198,,,,
111,2.22,1.934,1.841,pose,0.432,0.806,1.139,0.665,2.6126,5.2992,0.9608,1.0307,0.6876,0.5609
112,2.24,2.776,1.866,bbox,0.471,0.806,1.139,0.665,2.6426,5.2124,,,,
113,2.26,2.686,1.934,bbox,0.471,0.806,1.139,0.815,2.6656,5.1235,,,,
114,2.28,1.756,1.934,pose,0.523,0.806,1.139,0.815,2.6909,5.048,1.0565,0.4717,0.6557,0.1505
115,2.3,2.619,2.619,bbox,0.523,0.806,1.139,0.815,2.7193,5.0215,,,,
116,2.32,2.286,2.619,bbox,0.571,0.806,1.214,0.815,2.7556,5.0101,,,,
117,2.34,1.561,2.286,pose,0.571,0.806,1.214,0.815,2.7766,4.9887,1.0027,0.4396,0.5876,-0.1243
118,2.36,2.212,2.212,bbox,0.636,0.806,1.252,0.815,2.7928,4.9681,,,,
119,2.38,2.152,2.212,bbox,0.636,0.806,1.252,0.815,2.8245,4.962,,,,
120,2.4,1.934,2.152,pose,0.673,0.806,1.294,0.815,2.8143,4.9556,0.2187,1.068,0.6275,0.4563
121,2.42,2.152,2.152,bbox,0.673,0.806,1.294,0.815,2.8156,4.9528,,,,
122,2.44,2.476,2.152,bbox,0.673,0.806,1.294,0.815,2.8023,4.9611,,,,
123,2.46,1.691,2.152,pose,0.673,0.806,1.294,0.815,2.783,4.9752,0.9499,1.0283,0.6461,0.4703
124,2.48,2.596,2.152,bbox,0.673,0.806,1.294,0.815,2.7635,5.0125,,,,
125,2.5,2.606,2.476,bbox,0.673,0.806,1.294,0.815,2.7441,5.0282,,,,
126,2.52,1.717,2.476,pose,0.673,0.806,1.294,0.86,2.7316,5.0595,0.9693,1.0037,0.6828,0.516
127,2.54,2.646,2.596,bbox,0.673,0.855,1.294,0.86,2.7142,5.084,,,,
128,2.56,2.513,2.596,bbox,0.673,0.855,1.294,0.86,2.7044,4.9898,,,,
129,2.58,2.654,2.606,bbox,0.673,0.855,1.294,0.907,2.6987,5.129,0.8971,,0.6861,
130,2.6,2.699,2.646,bbox,0.673,0.894,1.294,0.907,2.687,5.1816,,,,
131,2.62,2.735,2.654,bbox,0.673,0.894,1.294,0.976,2.7084,5.225,,,,
132,2.64,1.831,2.654,pose,0.673,0.894,1.294,1.029,2.7443,5.2732,0.9276,0.0426,0.6857,0.1983
133,2.66,2.493,2.654,bbox,0.673,0.894,1.294,1.072,2.7472,5.3151,,,,
134,2.68,2.695,2.695,bbox,0.673,0.894,1.294,1.12,2.7302,5.4147,,,,
135,2.7,2.096,2.493,pose,0.673,0.894,1.294,1.162,2.7142,5.4653,0.9409,0.9133,0.6486,0.5296
136,2.72,2.975,2.493,bbox,0.673,0.894,1.294,1.262,2.6683,5.4824,,,,
137,2.74,3.037,2.695,bbox,0.673,0.894,1.294,1.312,2.6576,5.4974,,,,
138,2.76,2.469,2.695,pose,0.673,0.93,1.294,1.312,2.6546,5.5058,0.9416,0.0916,0.6299,-0.0986
139,2.78,3.061,2.975,bbox,0.673,0.93,1.294,1.345,2.6585,5.5136,,,,
140,2.8,3.039,3.037,bbox,0.673,0.93,1.294,1.345,2.6665,5.5253,,,,
141,2.82,2.236,3.037,pose,0.673,0.93,1.294,1.345,2.6674,5.5273,0.9604,0.9569,0.6423,0.5575
142,2.84,3.134,3.039,bbox,0.673,0.93,1.294,1.345,2.6744,5.5418,,,,
143,2.86,3.162,3.061,bbox,0.673,0.93,1.294,1.345,2.6845,5.5769,,,,
144,2.88,2.404,3.039,pose,0.673,0.93,1.294,1.389,2.695,5.6088,0.9101,0.8036,0.6595,0.6156
145,2.9,3.108,3.108,bbox,0.673,0.93,1.294,1.424,2.7108,5.644,,,,
146,2.92,3.085,3.108,bbox,0.673,0.93,1.294,1.456,2.7256,5.6702,,,,
147,2.94,2.523,3.085,pose,0.715,0.93,1.294,1.491,2.7531,5.6957,0.8309,0.607,0.6815,0.6602
148,2.96,3.006,3.006,bbox,0.715,0.93,1.294,1.491,2.7761,5.7101,,,,
149,2.98,2.974,3.006,bbox,0.758,0.93,1.294,1.543,2.8163,5.7495,,,,
150,3.0,2.592,2.974,pose,0.758,0.93,1.294,1.543,2.844,5.7839,0.7015,0.5146,0.7409,0.6794
151,3.02,2.932,2.932,bbox,0.821,0.93,1.294,1.597,2.8775,5.8129,,,,
152,3.04,2.932,2.932,bbox,0.821,0.93,1.294,1.631,2.9029,5.8319,,,,
153,3.06,2.603,2.932,pose,0.882,0.93,1.294,1.631,2.9203,5.9061,0.6025,0.5582,0.7108,0.6935
154,3.08,2.997,2.932,bbox,0.882,0.93,1.294,1.679,2.9362,5.9411,,,,
155,3.1,3.016,2.932,bbox,0.925,0.93,1.294,1.753,2.9512,5.9571,,,,
156,3.12,2.571,2.932,pose,0.925,0.93,1.294,1.788,2.961,5.9875,0.6889,0.5956,0.7132,0.6817
157,3.14,3.055,2.997,bbox,0.956,0.93,1.294,1.788,2.9706,6.0076,,,,
158,3.16,3.076,3.016,bbox,0.956,0.93,1.294,1.835,2.9897,6.0114,,,,
159,3.18,2.439,3.016,pose,0.956,0.93,1.294,1.835,3.0155,6.0365,0.91,0.6936,0.7288,0.6672
160,3.2,3.109,3.055,bbox,0.994,0.93,1.294,1.835,3.0436,6.0424,,,,
161,3.22,3.15,3.076,bbox,0.994,0.93,1.294,1.884,3.0641,6.0469,,,,
162,3.24,2.357,3.076,pose,1.048,0.93,1.294,1.884,3.0854,6.0579,1.0525,0.7866,0.657,0.6032
163,3.26,2.749,2.749,bbox,1.048,0.93,1.294,1.884,3.1018,6.0595,,,,
164,3.28,2.9,2.9,bbox,1.09,0.93,1.294,1.884,3.0982,6.0359,,,,
165,3.3,2.126,2.749,pose,1.09,0.93,1.294,1.884,3.1029,6.0414,1.1022,0.789,0.6726,0.5936
166,3.32,3.083,2.749,bbox,1.09,0.93,1.294,1.884,3.1045,6.0497,,,,
167,3.34,3.149,2.9,bbox,1.09,0.93,1.294,1.884,3.1079,6.0695,,,,
168,3.36,2.275,2.9,pose,1.09,0.93,1.294,1.884,3.1162,6.0715,1.0696,0.7915,0.6074,0.6212
169,3.38,3.156,3.083,bbox,1.09,0.93,1.294,1.917,3.1254,6.0798,,,,
170,3.4,3.103,3.103,bbox,1.121,0.93,1.294,1.917,3.1357,6.0492,,,,
171,3.42,2.274,3.103,pose,1.121,0.93,1.294,1.917,3.1475,6.0596,1.0041,0.8026,0.5998,0.6748
172,3.44,3.061,3.061,bbox,1.121,0.93,1.294,1.917,3.1506,6.0709,,,,
173,3.46,3.054,3.061,bbox,1.152,0.93,1.294,1.917,3.1543,6.0789,,,,
174,3.48,2.271,3.054,pose,1.152,0.93,1.294,1.917,3.1626,6.1004,0.97,0.7895,0.6545,0.6829
175,3.5,3.014,3.014,bbox,1.152,0.93,1.294,1.917,3.1662,6.103,,,,
176,3.52,3.038,3.038,bbox,1.152,0.93,1.294,1.948,3.1665,6.1337,,,,
177,3.54,2.34,3.014,pose,1.152,0.93,1.294,1.948,3.1674,6.1421,0.9477,0.7476,0.6995,0.6885
178,3.56,3.048,3.014,bbox,1.152,0.93,1.294,1.981,3.1635,6.1432,,,,
179,3.58,3.072,3.038,bbox,1.152,0.93,1.294,1.981,3.1642,6.1561,,,,
180,3.6,2.408,3.038,pose,1.152,0.93,1.294,1.981,3.1557,6.1787,0.964,0.7438,0.7004,0.6443
181,3.62,3.197,3.048,bbox,1.152,0.93,1.294,1.981,3.1471,6.2151,,,,
182,3.64,3.25,3.072,bbox,1.152,0.93,1.294,2.026,3.1342,6.2113,,,,
183,3.66,2.503,3.072,pose,1.152,0.93,1.294,2.026,3.1231,6.1218,0.9967,0.7614,0.675,0.6028
184,3.68,3.243,3.197,bbox,1.152,0.93,1.294,2.026,3.115,6.1402,,,,
185,3.7,3.214,3.214,bbox,1.152,0.93,1.333,2.026,3.1069,6.1264,,,,
186,3.72,2.469,3.214,pose,1.152,0.963,1.333,2.026,3.1063,6.1826,1.0323,0.7698,0.6373,0.5888
187,3.74,3.308,3.214,bbox,1.152,0.963,1.333,2.026,3.104,6.2095,,,,
188,3.76,3.159,3.214,bbox,1.152,0.963,1.333,2.026,3.1033,6.0898,,,,
189,3.78,2.395,3.159,pose,1.152,0.963,1.333,2.026,3.1003,6.0744,1.0399,0.8089,0.6209,0.5885
190,3.8,3.132,3.132,bbox,1.152,0.963,1.383,2.026,3.0999,6.0418,,,,
191,3.82,3.083,3.132,bbox,1.152,0.963,1.383,2.026,3.1012,6.035,,,,
192,3.84,2.234,3.083,pose,1.152,0.963,1.431,2.026,3.1043,6.0235,1.0395,0.9282,0.6316,0.6039
193,3.86,3.09,3.083,bbox,1.152,0.963,1.431,2.026,3.1196,6.013,,,,
194,3.88,3.007,3.083,bbox,1.152,0.963,1.431,2.026,3.139,5.971,,,,
195,3.9,2.136,3.007,pose,1.152,0.963,1.431,2.026,3.1431,5.9285,0.9676,0.988,0.6332,0.6035
196,3.92,2.972,2.972,bbox,1.152,0.963,1.502,2.026,3.16,5.9376,,,,
197,3.94,2.873,2.972,bbox,1.152,0.963,1.535,2.026,3.1783,5.8768,,,,
198,3.96,2.102,2.873,pose,1.197,0.963,1.535,2.026,3.1944,5.8331,0.8838,0.9681,0.6539,0.5882
199,3.98,2.898,2.873,bbox,1.197,0.963,1.535,2.026,3.2148,5.9118,,,,
200,4.0,2.866,2.873,bbox,1.232,0.963,1.586,2.026,3.2347,5.8863,,,,
201,4.02,2.072,2.866,pose,1.232,0.963,1.586,2.026,3.2514,5.9307,0.842,0.9371,0.6531,0.5337
202,4.04,2.909,2.866,bbox,1.272,0.963,1.586,2.026,3.2695,5.9244,,,,
203,4.06,2.837,2.866,bbox,1.272,0.963,1.586,2.026,3.2751,5.8597,,,,
204,4.08,2.106,2.837,pose,1.307,0.963,1.586,2.026,3.2884,5.8199,0.8169,0.9079,0.6609,0.5136
205,4.1,2.897,2.837,bbox,1.307,0.963,1.586,2.026,3.2964,5.9075,,,,
206,4.12,2.842,2.842,bbox,1.307,0.963,1.586,2.026,3.2943,5.875,,,,
207,4.14,2.088,2.837,pose,1.307,0.963,1.586,2.026,3.294,5.9253,0.7912,0.9208,0.6352,0.538
208,4.16,2.831,2.831,bbox,1.307,0.963,1.586,2.026,3.2946,5.9064,,,,
209,4.18,2.831,2.831,bbox,1.307,0.963,1.586,2.026,3.2835,5.9213,,,,
210,4.2,2.062,2.831,pose,1.307,0.963,1.586,2.026,3.2664,5.9121,0.8029,0.9606,0.6846,0.6016
211,4.22,2.835,2.831,bbox,1.307,0.963,1.586,2.061,3.2556,5.9236,,,,
212,4.24,2.871,2.831,bbox,1.307,0.963,1.586,2.061,3.2313,5.955,,,,
213,4.26,2.136,2.831,pose,1.307,0.963,1.586,2.061,3.2045,6.0046,0.8645,0.9489,0.7105,0.6154
214,4.28,3.03,2.835,bbox,1.307,1.001,1.586,2.095,3.1756,6.0517,,,,
215,4.3,3.07,2.871,bbox,1.307,1.001,1.586,2.144,3.1572,6.1027,,,,
216,4.32,2.377,2.871,pose,1.307,1.057,1.586,2.191,3.12,6.0953,0.9263,0.8574,0.7022,0.5981
217,4.34,3.188,3.03,bbox,1.307,1.057,1.586,2.235,3.0769,6.1251,,,,
218,4.36,3.315,3.07,bbox,1.307,1.112,1.586,2.235,3.0242,6.1718,,,,
219,4.38,2.803,3.07,pose,1.307,1.156,1.586,2.235,2.9882,6.1995,0.89,0.0927,0.6639,0.0896
220,4.4,3.489,3.188,bbox,1.307,1.208,1.586,2.311,2.9483,6.2256,,,,
221,4.42,3.6,3.315,bbox,1.307,1.244,1.586,2.311,2.9187,6.2384,,,,
222,4.44,2.851,3.315,pose,1.307,1.284,1.586,2.365,2.8864,6.2436,0.9341,0.8789,0.6259,0.5384
223,4.46,3.756,3.489,bbox,1.307,1.284,1.586,2.365,2.8529,6.2462,,,,
224,4.48,3.793,3.6,bbox,1.307,1.346,1.586,2.365,2.8199,6.2469,,,,
225,4.5,2.896,3.6,pose,1.307,1.379,1.586,2.365,2.7798,6.2427,1.0284,0.8769,0.5578,0.563
226,4.52,3.827,3.756,bbox,1.307,1.413,1.586,2.365,2.7676,6.2404,,,,
227,4.54,3.822,3.793,bbox,1.307,1.453,1.586,2.365,2.7631,6.2354,,,,
228,4.56,2.839,3.793,pose,1.307,1.453,1.586,2.365,2.7555,6.2351,1.0593,0.8748,0.5722,0.5824
229,4.58,3.716,3.716,bbox,1.307,1.453,1.586,2.365,2.7523,6.1905,,,,
230,4.6,3.702,3.716,bbox,1.307,1.453,1.586,2.365,2.7438,6.1839,,,,
231,4.62,2.791,3.702,pose,1.307,1.453,1.621,2.365,2.7376,6.182,1.0441,0.8714,0.6275,0.6106
232,4.64,3.636,3.636,bbox,1.307,1.489,1.621,2.365,2.73,6.1611,,,,
233,4.66,3.587,3.636,bbox,1.307,1.489,1.621,2.365,2.7277,6.1431,,,,
234,4.68,2.709,3.587,pose,1.307,1.489,1.621,2.365,2.7107,6.0986,0.9924,0.8662,0.6815,0.6267
235,4.7,3.532,3.532,bbox,1.307,1.489,1.669,2.365,2.6948,6.0643,,,,
236,4.72,3.515,3.532,bbox,1.307,1.522,1.713,2.365,2.6585,6.0363,,,,
237,4.74,2.761,3.515,pose,1.307,1.522,1.748,2.365,2.6227,6.0008,0.8107,0.852,0.7497,0.6267
238,4.76,3.517,3.515,bbox,1.307,1.574,1.748,2.365,2.5904,5.987,,,,
239,4.78,3.528,3.517,bbox,1.307,1.61,1.811,2.365,2.5747,5.9779,,,,
240,4.8,2.977,3.515,pose,1.307,1.642,1.811,2.365,2.5707,5.9626,0.5927,0.848,0.7361,0.6022
241,4.82,3.502,3.502,bbox,1.307,1.642,1.811,2.365,2.6123,5.9652,,,,
242,4.84,3.254,3.502,bbox,1.307,1.642,1.847,2.365,3.5277,5.962,,,,
243,4.86,3.27,3.27,pose,1.307,1.642,1.847,2.365,2.5644,5.9418,0.3839,0.862,0.715,0.5687
244,4.88,3.584,3.27,bbox,1.307,1.642,1.847,2.365,2.5518,5.9284,,,,
245,4.9,3.594,3.502,bbox,1.307,1.642,1.847,2.365,2.5415,5.9202,,,,
246,4.92,3.365,3.365,pose,1.307,1.681,1.884,2.365,2.5422,5.9164,0.3344,0.8395,0.7032,0.5841
247,4.94,3.534,3.534,bbox,1.307,1.681,1.884,2.365,2.5425,5.8915,,,,
248,4.96,3.485,3.534,bbox,1.307,1.681,1.884,2.365,2.5478,5.8805,,,,
249,4.98,3.246,3.485,pose,1.307,1.681,1.921,2.365,2.5466,5.8471,0.3842,0.766,0.669,0.6211
250,5.0,3.418,3.418,bbox,1.307,1.681,1.921,2.365,2.5454,5.8298,,,,
251,5.02,3.38,3.418,bbox,1.307,1.681,1.965,2.365,2.5501,5.7889,,,,
252,5.04,3.125,3.38,pose,1.307,1.681,1.965,2.365,2.5486,5.754,0.4717,0.6331,0.6259,0.6314
253,5.06,3.359,3.359,bbox,1.307,1.681,2.002,2.365,2.5555,5.8097,,,,
254,5.08,3.274,3.359,bbox,1.307,1.681,2.002,2.365,2.5581,5.7432,,,,
255,5.1,2.86,3.274,pose,1.307,1.681,2.058,2.365,2.5604,5.6415,0.6341,0.5468,0.6352,0.6067
256,5.12,3.151,3.151,bbox,1.307,1.681,2.058,2.365,2.5542,5.5967,,,,
257,5.14,3.111,3.151,bbox,1.307,1.681,2.17,2.365,2.5826,5.5977,,,,
258,5.16,2.469,3.111,pose,1.307,1.681,2.214,2.365,2.6066,5.5578,0.8322,0.6394,0.6848,0.6374
259,5.18,3.015,3.015,bbox,1.337,1.681,2.214,2.365,2.6425,5.5405,,,,
260,5.2,2.982,3.015,bbox,1.337,1.681,2.254,2.365,2.6771,5.5353,,,,
261,5.22,2.14,2.982,pose,1.397,1.681,2.254,2.365,2.7026,5.5205,0.9882,0.7911,0.6888,0.6104
262,5.24,2.967,2.967,bbox,1.432,1.681,2.254,2.365,2.7116,5.514,,,,
263,5.26,2.921,2.967,bbox,1.432,1.681,2.291,2.365,2.7186,5.4697,,,,
264,5.28,2.148,2.921,pose,1.466,1.681,2.291,2.365,2.7282,5.4524,0.9845,0.7839,0.6284,0.561
265,5.3,2.926,2.921,bbox,1.466,1.681,2.342,2.365,2.7301,5.4483,,,,
266,5.32,2.938,2.926,bbox,1.466,1.681,2.342,2.365,2.7377,5.4507,,,,
267,5.34,2.173,2.921,pose,1.466,1.681,2.342,2.365,2.735,5.4736,0.9685,0.7734,0.5837,0.5775
268,5.36,2.98,2.926,bbox,1.466,1.681,2.342,2.365,2.7377,5.4761,,,,
269,5.38,2.985,2.938,bbox,1.466,1.681,2.342,2.365,2.7343,5.4976,,,,
270,5.4,2.17,2.938,pose,1.466,1.681,2.342,2.365,2.7358,5.5113,0.9695,0.7886,0.593,0.625
271,5.42,2.98,2.98,bbox,1.466,1.681,2.342,2.365,2.7314,5.5165,,,,
272,5.44,2.981,2.98,bbox,1.466,1.681,2.342,2.407,2.7259,5.5324,,,,
273,5.46,2.152,2.98,pose,1.466,1.681,2.342,2.407,2.7192,5.5584,1.0007,0.8503,0.6278,0.6507
274,5.48,3.023,2.98,bbox,1.466,1.681,2.342,2.407,2.7088,5.5815,,,,
275,5.5,3.052,2.981,bbox,1.466,1.681,2.342,2.454,2.696,5.6044,,,,
276,5.52,2.285,2.981,pose,1.466,1.681,2.342,2.454,2.6826,5.6341,1.0392,0.8124,0.6653,0.6338
277,5.54,3.116,3.023,bbox,1.466,1.681,2.342,2.5,2.6632,5.6561,,,,
278,5.56,3.154,3.052,bbox,1.466,1.681,2.342,2.5,2.6373,5.6668,,,,
279,5.58,2.526,3.052,pose,1.466,1.729,2.342,2.552,2.596,5.6744,1.0032,0.7452,0.6687,0.6043
280,5.6,3.294,3.116,bbox,1.466,1.729,2.342,2.552,2.5735,5.6764,,,,
281,5.62,3.373,3.154,bbox,1.466,1.796,2.342,2.552,2.5452,5.7185,,,,
282,5.64,2.837,3.154,pose,1.466,1.796,2.342,2.552,2.5288,5.8202,0.9797,0.6397,0.6466,0.5697
283,5.66,3.633,3.294,bbox,1.466,1.847,2.342,2.614,2.5181,5.8539,,,,
284,5.68,3.675,3.373,bbox,1.466,1.847,2.342,2.716,2.5088,5.8643,,,,
285,5.7,2.906,3.373,pose,1.466,1.847,2.342,2.749,2.504,5.8592,0.978,0.6337,0.6329,0.5716
286,5.72,3.645,3.633,bbox,1.466,1.883,2.342,2.749,2.5021,5.8572,,,,
287,5.74,3.632,3.633,bbox,1.466,1.883,2.342,2.749,2.503,5.8545,,,,
288,5.76,2.817,3.632,pose,1.466,1.883,2.342,2.749,2.5033,5.8442,0.9922,0.6778,0.608,0.563
289,5.78,3.595,3.595,bbox,1.466,1.883,2.342,2.749,2.5031,5.8303,,,,
290,5.8,3.549,3.595,bbox,1.466,1.883,2.342,2.749,2.5101,5.7943,,,,
291,5.82,2.687,3.549,pose,1.466,1.883,2.342,2.749,2.5177,5.7669,0.9896,0.7507,0.6218,0.5881
292,5.84,3.381,3.381,bbox,1.466,1.883,2.402,2.749,2.525,5.7197,,,,
293,5.86,3.322,3.381,bbox,1.466,1.883,2.402,2.749,2.5318,5.6822,,,,
294,5.88,2.461,3.322,pose,1.466,1.883,2.477,2.749,2.534,5.6497,0.94,0.8372,0.6614,0.6213
295,5.9,3.22,3.22,bbox,1.466,1.883,2.514,2.749,2.5464,5.6186,,,,
296,5.92,3.16,3.22,bbox,1.466,1.883,2.547,2.749,2.5518,5.5816,,,,
297,5.94,2.349,3.16,pose,1.504,1.883,2.578,2.749,2.5651,5.5592,0.8759,0.8871,0.7217,0.6143
298,5.96,3.109,3.109,bbox,1.504,1.883,2.615,2.749,2.5755,5.5517,,,,
299,5.98,3.085,3.109,bbox,1.504,1.883,2.615,2.749,2.6043,5.5399,,,,
300,6.0,2.356,3.085,pose,1.504,1.883,2.615,2.749,2.6193,5.5315,0.8027,0.9074,0.7381,0.5677
301,6.02,3.064,3.064,bbox,1.562,1.883,2.656,2.749,2.641,5.5241,,,,
302,6.04,3.052,3.064,bbox,1.562,1.883,2.656,2.749,2.6613,5.52,,,,
303,6.06,2.37,3.052,pose,1.599,1.883,2.656,2.749,2.677,5.517,0.7341,0.9008,0.73,0.5513
304,6.08,3.052,3.052,bbox,1.599,1.883,2.656,2.749,2.6776,5.5176,,,,
305,6.1,3.014,3.052,bbox,1.635,1.883,2.656,2.749,2.6932,5.5224,,,,
306,6.12,2.295,3.014,pose,1.635,1.883,2.656,2.749,2.6987,5.5363,0.8101,0.8945,0.6867,0.5838
307,6.14,2.994,2.994,bbox,1.635,1.883,2.656,2.749,2.7008,5.5437,,,,
308,6.16,2.983,2.994,bbox,1.635,1.883,2.656,2.749,2.7218,5.5466,,,,
309,6.18,2.113,2.983,pose,1.635,1.883,2.656,2.749,2.7401,5.549,0.9779,0.9223,0.6668,0.6422
310,6.2,2.942,2.942,bbox,1.679,1.883,2.656,2.749,2.7705,5.5649,,,,
311,6.22,2.944,2.944,bbox,1.679,1.883,2.656,2.749,2.7879,5.5898,,,,
312,6.24,2.062,2.942,pose,1.728,1.883,2.656,2.749,2.8094,5.6221,1.0614,0.8982,0.644,0.6502
313,6.26,2.983,2.942,bbox,1.728,1.883,2.656,2.799,2.8218,5.6419,,,,
314,6.28,3.014,2.944,bbox,1.767,1.883,2.656,2.832,2.8365,5.6888,,,,
315,6.3,2.187,2.944,pose,1.767,1.883,2.656,2.832,2.8489,5.7237,1.0584,0.8011,0.5851,0.63
316,6.32,3.104,2.983,bbox,1.767,1.883,2.656,2.898,2.8511,5.7646,,,,
317,6.34,3.118,3.014,bbox,1.807,1.883,2.656,2.933,2.8552,5.7663,,,,
318,6.36,2.314,3.014,pose,1.807,1.883,2.656,2.974,2.8577,5.7676,1.0183,0.7871,0.5512,0.6076
319,6.38,3.173,3.104,bbox,1.807,1.883,2.656,2.974,2.868,5.7873,,,,
320,6.4,3.173,3.118,bbox,1.807,1.883,2.656,2.974,2.8755,5.7975,,,,
321,6.42,2.366,3.118,pose,1.807,1.883,2.656,2.974,2.8834,5.8062,0.9943,0.8375,0.5722,0.5744
322,6.44,3.218,3.173,bbox,1.807,1.883,2.656,3.007,2.8868,5.8332,,,,
323,6.46,3.217,3.173,bbox,1.841,1.883,2.656,3.007,2.887,5.8559,,,,
324,6.48,2.344,3.173,pose,1.841,1.883,2.656,3.043,2.8825,5.8637,1.0107,0.8701,0.6144,0.5469
325,6.5,3.202,3.202,bbox,1.841,1.883,2.656,3.043,2.8779,5.8675,,,,
326,6.52,3.172,3.202,bbox,1.841,1.883,2.656,3.073,2.8702,5.8746,,,,
327,6.54,2.314,3.172,pose,1.841,1.883,2.656,3.073,2.8595,5.8773,1.0256,0.8848,0.6317,0.6068
328,6.56,3.184,3.172,bbox,1.841,1.883,2.656,3.073,2.8478,5.8672,,,,
329,6.58,3.23,3.184,bbox,1.841,1.883,2.656,3.073,2.8208,5.8858,,,,
330,6.6,2.424,3.172,pose,1.841,1.919,2.656,3.073,2.8071,5.9153,1.0175,0.8014,0.6693,0.6668
331,6.62,3.262,3.184,bbox,1.841,1.919,2.656,3.073,2.7796,5.9486,,,,
332,6.64,3.304,3.23,bbox,1.841,1.96,2.656,3.125,2.7433,5.9795,,,,
333,6.66,2.751,3.23,pose,1.841,1.96,2.656,3.158,2.7155,6.0028,0.9023,0.6177,0.6662,0.6616
334,6.68,3.405,3.262,bbox,1.841,2.024,2.656,3.189,2.6945,6.0297,,,,
335,6.7,3.47,3.304,bbox,1.841,2.024,2.656,3.189,2.6837,6.0464,,,,
336,6.72,3.064,3.304,pose,1.841,2.072,2.656,3.239,2.6701,6.0678,0.9033,0.4992,0.6355,0.6606
337,6.74,3.577,3.405,bbox,1.841,2.072,2.656,3.239,2.6528,6.0853,,,,
338,6.76,3.64,3.47,bbox,1.841,2.072,2.656,3.277,2.6356,6.0989,,,,
339,6.78,3.33,3.47,pose,1.841,2.114,2.656,3.277,2.6189,6.1199,0.9459,0.4333,0.5883,0.6203
340,6.8,3.785,3.577,bbox,1.841,2.114,2.656,3.308,2.6094,6.1423,,,,
341,6.82,3.825,3.64,bbox,1.841,2.148,2.656,3.308,2.6054,6.1655,,,,
342,6.84,3.495,3.64,pose,1.841,2.148,2.656,3.352,2.5991,6.181,0.9626,0.3997,0.6129,0.5862
343,6.86,3.881,3.785,bbox,1.841,2.148,2.656,3.352,2.6014,6.1943,,,,
344,6.88,3.908,3.825,bbox,1.841,2.148,2.656,3.391,2.6017,6.1973,,,,
345,6.9,3.591,3.825,pose,1.841,2.148,2.656,3.391,2.5983,6.1981,0.9567,0.3491,0.6704,0.5643
346,6.92,3.882,3.881,bbox,1.841,2.148,2.656,3.391,2.6027,6.2038,,,,
347,6.94,3.861,3.881,bbox,1.841,2.148,2.656,3.391,2.6027,6.2144,,,,
348,6.96,3.458,3.861,pose,1.841,2.148,2.656,3.391,2.5979,6.2166,0.9099,0.4283,0.7161,0.552
349,6.98,3.821,3.821,bbox,1.841,2.148,2.656,3.424,2.5885,6.2225,,,,
350,7.0,3.8,3.821,bbox,1.841,2.148,2.656,3.424,2.5756,6.2234,,,,
351,7.02,3.369,3.8,pose,1.841,2.178,2.656,3.424,2.5671,6.2178,0.7699,0.5253,0.7521,0.5621
352,7.04,3.751,3.751,bbox,1.841,2.178,2.656,3.424,2.5455,6.205,,,,
353,7.06,3.702,3.751,bbox,1.841,2.178,2.656,3.424,2.5382,6.197,,,,
354,7.08,3.285,3.702,pose,1.841,2.221,2.656,3.424,2.5363,6.1764,0.5943,0.6252,0.7594,0.6039
355,7.1,3.641,3.641,bbox,1.841,2.221,2.656,3.424,2.5344,6.1531,,,,
356,7.12,3.66,3.66,bbox,1.841,2.221,2.694,3.424,2.5242,6.1186,,,,
357,7.14,3.303,3.641,pose,1.841,2.221,2.694,3.424,2.524,6.0712,0.4443,0.7445,0.721,0.6213
358,7.16,3.587,3.587,bbox,1.841,2.221,2.752,3.424,2.5214,6.0217,,,,
359,7.18,3.553,3.587,bbox,1.841,2.221,2.8,3.424,2.5209,5.9743,,,,
360,7.2,3.179,3.553,pose,1.841,2.221,2.849,3.424,2.5204,5.9533,0.4457,0.8511,0.6872,0.6213
361,7.22,3.565,3.553,bbox,1.841,2.221,2.896,3.424,2.5224,5.9343,,,,
362,7.24,3.573,3.565,bbox,1.841,2.221,2.896,3.424,2.5194,5.9212,,,,
363,7.26,3.108,3.553,pose,1.841,2.221,2.937,3.424,2.5243,5.8994,0.4967,0.9273,0.6346,0.5867
364,7.28,3.555,3.555,bbox,1.841,2.221,2.937,3.424,2.5288,5.8909,,,,
365,7.3,3.55,3.555,bbox,1.841,2.221,2.971,3.424,2.5321,5.8792,,,,
366,7.32,2.945,3.55,pose,1.841,2.221,2.971,3.424,2.5345,5.8824,0.6188,0.955,0.6397,0.5544
367,7.34,3.54,3.54,bbox,1.841,2.221,2.971,3.424,2.5398,5.8784,,,,
368,7.36,3.513,3.54,bbox,1.841,2.221,2.971,3.424,2.5579,5.8734,,,,
369,7.38,2.712,3.513,pose,1.841,2.221,2.971,3.424,2.5744,5.8645,0.7997,0.9028,0.6713,0.569
370,7.4,3.441,3.441,bbox,1.841,2.221,2.971,3.424,2.5961,5.8557,,,,
371,7.42,3.366,3.441,bbox,1.841,2.221,3.006,3.424,2.641,5.8355,,,,
372,7.44,2.49,3.366,pose,1.892,2.221,3.006,3.424,2.6727,5.7308,0.9728,0.8005,0.6857,0.5864
373,7.46,3.165,3.165,bbox,1.936,2.221,3.006,3.424,2.6938,5.7115,,,,
374,7.48,3.101,3.165,bbox,1.968,2.221,3.14,3.424,2.7124,5.6641,,,,
375,7.5,2.368,3.101,pose,1.968,2.221,3.14,3.424,2.72,5.64,1.0136,0.7148,0.6862,0.594
376,7.52,3.077,3.077,bbox,2.008,2.221,3.207,3.424,2.7268,5.6508,,,,
377,7.54,3.06,3.077,bbox,2.008,2.221,3.207,3.424,2.7353,5.6201,,,,
378,7.56,2.252,3.06,pose,2.008,2.221,3.207,3.424,2.7436,5.5964,1.0136,0.7445,0.6056,0.6047
379,7.58,3.046,3.046,bbox,2.008,2.221,3.251,3.424,2.7515,5.5728,,,,
380,7.6,3.022,3.046,bbox,2.039,2.221,3.251,3.424,2.7556,5.534,,,,
381,7.62,2.221,3.022,pose,2.039,2.221,3.298,3.424,2.7592,5.507,0.9801,0.7739,0.6073,0.5906
382,7.64,2.987,2.987,bbox,2.039,2.221,3.337,3.424,2.7615,5.4807,,,,
383,7.66,2.978,2.987,bbox,2.039,2.221,3.337,3.424,2.7586,5.4788,,,,
384,7.68,2.191,2.978,pose,2.039,2.221,3.382,3.424,2.7562,5.4885,0.9842,0.762,0.6215,0.5722
385,7.7,2.965,2.965,bbox,2.039,2.221,3.382,3.424,2.7548,5.4931,,,,
386,7.72,2.965,2.965,bbox,2.039,2.221,3.382,3.424,2.7461,5.4914,,,,
387,7.74,2.179,2.965,pose,2.039,2.221,3.382,3.424,2.7393,5.5155,1.0272,0.7515,0.6699,0.577
388,7.76,2.967,2.965,bbox,2.039,2.221,3.382,3.424,2.7292,5.5239,,,,
389,7.78,2.984,2.965,bbox,2.039,2.221,3.382,3.424,2.715,5.5505,,,,
390,7.8,2.197,2.965,pose,2.039,2.221,3.382,3.459,2.6958,5.5729,1.0208,0.8123,0.704,0.6134
391,7.82,3.022,2.967,bbox,2.039,2.221,3.382,3.459,2.6774,5.5781,,,,
392,7.84,3.092,2.984,bbox,2.039,2.269,3.382,3.508,2.6326,5.6138,,,,
393,7.86,2.355,2.984,pose,2.039,2.269,3.382,3.508,2.6125,5.6506,0.9807,0.8674,0.6984,0.6091
394,7.88,3.211,3.022,bbox,2.039,2.332,3.382,3.549,2.5842,5.6752,,,,
395,7.9,3.31,3.092,bbox,2.039,2.332,3.382,3.586,2.5663,5.7357,,,,
396,7.92,2.614,3.092,pose,2.039,2.381,3.382,3.586,2.5441,5.7772,0.9813,0.8363,0.6645,0.5846
397,7.94,3.478,3.211,bbox,2.039,2.381,3.382,3.671,2.5335,5.8244,,,,
398,7.96,3.561,3.31,bbox,2.039,2.421,3.382,3.713,2.5139,5.8629,,,,
399,7.98,2.844,3.31,pose,2.039,2.421,3.382,3.76,2.4965,5.9082,1.0125,0.763,0.6141,0.551
400,8.0,3.702,3.478,bbox,2.039,2.451,3.382,3.798,2.4891,5.889,,,,
401,8.02,3.8,3.561,bbox,2.039,2.451,3.382,3.798,2.4813,5.9397,,,,
402,8.04,3.081,3.561,pose,2.039,2.451,3.382,3.844,2.4771,5.948,1.018,0.6298,0.615,0.5202
403,8.06,3.755,3.702,bbox,2.039,2.484,3.382,3.844,2.4723,5.8823,,,,
404,8.08,3.698,3.702,bbox,2.039,2.484,3.382,3.844,2.4705,5.8564,,,,
405,8.1,3.041,3.698,pose,2.039,2.484,3.382,3.844,2.4726,5.8497,1.0315,0.6175,0.6582,0.5382
406,8.12,3.616,3.616,bbox,2.039,2.484,3.434,3.844,2.476,5.856,,,,
407,8.14,3.571,3.616,bbox,2.039,2.484,3.434,3.844,2.4718,5.8559,,,,
408,8.16,2.888,3.571,pose,2.039,2.484,3.434,3.844,2.4658,5.8533,0.9851,0.658,0.7201,0.5472
409,8.18,3.488,3.488,bbox,2.039,2.484,3.434,3.844,2.4523,5.841,,,,
410,8.2,3.461,3.488,bbox,2.039,2.484,3.434,3.844,2.4404,5.8242,,,,
411,8.22,2.847,3.461,pose,2.039,2.484,3.434,3.844,2.4115,5.8068,0.8578,0.7063,0.7569,0.5586
412,8.24,3.47,3.461,bbox,2.039,2.525,3.466,3.844,2.3879,5.7863,,,,
413,8.26,3.435,3.461,bbox,2.039,2.525,3.466,3.844,2.3842,5.7564,,,,
414,8.28,2.879,3.435,pose,2.039,2.577,3.504,3.844,2.3814,5.7021,0.6347,0.7811,0.7496,0.5842
415,8.3,3.35,3.35,bbox,2.039,2.577,3.504,3.844,2.3782,5.6544,,,,
416,8.32,3.322,3.35,bbox,2.039,2.577,3.588,3.844,2.3734,5.6236,,,,
417,8.34,2.859,3.322,pose,2.039,2.577,3.636,3.844,2.3698,5.5939,0.544,0.8808,0.7296,0.6202
418,8.36,3.313,3.313,bbox,2.039,2.577,3.667,3.844,2.3594,5.5907,,,,
419,8.38,3.337,3.322,bbox,2.039,2.577,3.667,3.844,2.3547,5.5828,,,,
420,8.4,2.838,3.313,pose,2.039,2.577,3.7,3.844,2.358,5.5755,0.5665,0.9553,0.6916,0.5996
421,8.42,3.37,3.313,bbox,2.039,2.577,3.7,3.844,2.3571,5.5601,,,,
422,8.44,3.374,3.337,bbox,2.039,2.577,3.7,3.844,2.3611,5.55,,,,
423,8.46,3.334,3.337,bbox,2.039,2.577,3.73,3.844,2.3744,5.5416,0.6243,,0.6493,
424,8.48,3.334,3.334,bbox,2.039,2.577,3.73,3.844,2.3789,5.533,,,,
425,8.5,3.314,3.334,bbox,2.039,2.577,3.73,3.844,2.3748,5.52,,,,
426,8.52,2.613,3.334,pose,2.039,2.577,3.73,3.844,2.3837,5.4998,0.7772,0.9324,0.6579,0.5752
427,8.54,3.241,3.314,bbox,2.039,2.577,3.771,3.844,2.3948,5.4686,,,,
428,8.56,3.175,3.241,bbox,2.039,2.577,3.771,3.844,2.4163,5.4418,,,,
429,8.58,2.376,3.175,pose,2.039,2.577,3.822,3.844,2.4397,5.4065,0.9429,0.8501,0.6732,0.6006
430,8.6,3.022,3.022,bbox,2.039,2.577,3.822,3.844,2.4749,5.372,,,,
431,8.62,2.978,3.022,bbox,2.091,2.577,3.884,3.844,2.4944,5.3378,,,,
432,8.64,2.266,2.978,pose,2.126,2.577,3.918,3.844,2.506,5.2966,1.01,0.7833,0.6908,0.6171
433,8.66,2.876,2.876,bbox,2.126,2.577,3.953,3.844,2.5208,5.2346,,,,
434,8.68,2.819,2.876,bbox,2.157,2.577,3.994,3.844,2.5437,5.2038,,,,
435,8.7,2.217,2.819,pose,2.157,2.577,4.056,3.844,2.545,5.1839,0.9883,0.7496,0.6314,0.6323
436,8.72,2.793,2.793,bbox,2.195,2.577,4.087,3.844,2.5609,5.1836,,,,
437,8.74,2.783,2.793,bbox,2.195,2.577,4.087,3.844,2.5844,5.1801,,,,
438,8.76,2.424,2.783,pose,2.195,2.577,4.087,3.844,2.5907,5.1968,0.9441,0.0402,0.6288,0.0298
439,8.78,2.796,2.783,bbox,2.235,2.577,4.087,3.844,2.598,5.1892,,,,
440,8.8,2.759,2.783,bbox,2.235,2.577,4.087,3.844,2.5974,5.1739,,,,
441,8.82,2.042,2.759,pose,2.235,2.577,4.087,3.844,2.5917,5.1605,0.9182,0.9023,0.6324,0.5598
442,8.84,2.801,2.759,bbox,2.235,2.577,4.087,3.844,2.5866,5.2181,,,,
443,8.86,2.819,2.796,bbox,2.235,2.577,4.087,3.844,2.5669,5.201,,,,
444,8.88,3.828,2.801,pose,2.235,2.577,4.087,3.844,2.5494,3.5334,1.0024,0.0317,0.6631,1.6593
445,8.9,2.927,2.819,bbox,2.235,2.577,4.117,3.844,2.5247,5.1737,,,,
446,8.92,2.745,2.819,bbox,2.235,2.612,4.117,3.844,2.5053,4.9721,,,,
447,8.94,2.011,2.819,pose,2.235,2.612,4.267,3.844,2.4671,4.9597,1.0794,1.0011,0.683,0.5106
448,8.96,2.838,2.838,bbox,2.235,2.656,4.267,3.844,2.4374,4.9645,,,,
449,8.98,2.881,2.838,bbox,2.235,2.694,4.267,3.844,2.4101,4.9675,,,,
450,9.0,3.103,2.838,bbox,2.235,2.694,4.267,3.844,2.3894,5.1357,0.985,,0.6605,
451,9.02,2.961,2.881,bbox,2.235,2.751,4.267,3.844,2.3659,4.9853,,,,
452,9.04,2.986,2.961,bbox,2.235,2.751,4.267,3.844,2.3477,5.0013,,,,
453,9.06,3.132,2.986,bbox,2.235,2.795,4.267,3.844,2.3167,5.1213,1.0047,,0.622,
454,9.08,3.146,3.103,bbox,2.235,2.795,4.267,3.993,2.3009,5.1419,,,,
455,9.1,3.149,3.132,bbox,2.235,2.845,4.267,3.993,2.2779,5.1479,,,,
456,9.12,2.195,3.132,pose,2.235,2.845,4.267,3.993,2.2597,5.1729,1.0487,1.029,0.6126,0.5876
457,9.14,3.199,3.146,bbox,2.235,2.883,4.267,3.993,2.2334,5.192,,,,
458,9.16,3.221,3.149,bbox,2.235,2.883,4.267,4.044,2.223,5.2035,,,,
459,9.18,3.258,3.199,bbox,2.235,2.928,4.267,4.044,2.2132,5.2447,1.086,,0.6156,
460,9.2,3.284,3.221,bbox,2.235,2.928,4.267,4.075,2.1994,5.2707,,,,
461,9.22,3.293,3.258,bbox,2.235,2.928,4.267,4.116,2.1963,5.2966,,,,
462,9.24,3.282,3.282,bbox,2.235,2.962,4.267,4.116,2.1918,5.3042,1.0699,,0.6801,
463,9.26,3.254,3.282,bbox,2.235,2.962,4.267,4.166,2.1879,5.2946,,,,
464,9.28,3.251,3.282,bbox,2.235,2.962,4.267,4.166,2.179,5.302,,,,
465,9.3,3.273,3.273,bbox,2.235,2.962,4.267,4.166,2.1682,5.3098,0.9954,,0.7581,
466,9.32,3.313,3.273,bbox,2.235,2.962,4.267,4.166,2.1375,5.3241,,,,
467,9.34,3.339,3.273,bbox,2.235,2.993,4.267,4.166,2.1172,5.3317,,,,
468,9.36,3.088,3.273,pose,2.235,3.024,4.267,4.166,2.0986,5.3733,0.7807,0.2828,0.777,-0.0096
469,9.38,3.47,3.313,bbox,2.235,3.024,4.267,4.203,2.0928,5.3819,,,,
470,9.4,3.49,3.339,bbox,2.235,3.063,4.267,4.245,2.0898,5.3986,,,,
471,9.42,3.248,3.339,pose,2.235,3.063,4.267,4.245,2.0765,5.4246,0.5953,0.6281,0.7329,0.5652
472,9.44,3.544,3.47,bbox,2.235,3.063,4.267,4.245,2.0698,5.4344,,,,
473,9.46,3.528,3.49,bbox,2.235,3.063,4.267,4.296,2.0651,5.4327,,,,
474,9.48,3.251,3.49,pose,2.235,3.063,4.267,4.296,2.0647,5.4317,0.5116,0.6736,0.7014,0.5582
475,9.5,3.473,3.473,bbox,2.235,3.096,4.267,4.296,2.0634,5.4214,,,,
476,9.52,3.454,3.473,bbox,2.235,3.096,4.267,4.296,2.0626,5.4057,,,,
477,9.54,3.11,3.454,pose,2.235,3.096,4.267,4.296,2.0627,5.3271,0.52,0.7365,0.6552,0.5729
478,9.56,3.419,3.419,bbox,2.235,3.096,4.267,4.296,2.0626,5.3484,,,,
479,9.58,3.364,3.419,bbox,2.235,3.096,4.343,4.296,2.0631,5.3132,,,,
480,9.6,2.823,3.364,pose,2.235,3.096,4.343,4.296,2.0672,5.26,0.6086,0.8416,0.6233,0.6147
481,9.62,3.236,3.236,bbox,2.235,3.096,4.378,4.296,2.0813,5.2376,,,,
482,9.64,3.205,3.236,bbox,2.235,3.096,4.431,4.296,2.0854,5.2132,,,,
483,9.66,2.499,3.205,pose,2.235,3.096,4.431,4.296,2.0913,5.1966,0.7563,0.9201,0.6663,0.6315
484,9.68,3.137,3.137,bbox,2.235,3.096,4.478,4.296,2.1071,5.1812,,,,
485,9.7,3.097,3.137,bbox,2.235,3.096,4.478,4.296,2.1277,5.1679,,,,
486,9.72,2.218,3.097,pose,2.277,3.096,4.51,4.296,2.1582,5.16,0.9306,0.9971,0.701,0.6125
487,9.74,3.067,3.067,bbox,2.277,3.096,4.51,4.296,2.1867,5.1599,,,,
488,9.76,3.06,3.067,bbox,2.329,3.096,4.51,4.296,2.2142,5.1427,,,,
489,9.78,2.219,3.06,pose,2.329,3.096,4.51,4.296,2.2228,5.1498,0.9989,0.4891,0.7059,-0.2702
490,9.8,3.111,3.06,bbox,2.385,3.096,4.51,4.296,2.2381,5.155,,,,
491,9.82,3.122,3.067,bbox,2.385,3.096,4.542,4.296,2.2579,5.1454,,,,
492,9.84,2.532,3.06,pose,2.385,3.096,4.542,4.296,2.2761,5.1367,0.9662,0.3863,0.6461,0.3472
493,9.86,1.987,2.532,bbox,2.428,3.096,4.542,4.296,2.291,3.0556,,,,
494,9.88,1.983,2.532,bbox,2.428,3.096,4.542,4.296,2.299,3.0552,,,,
495,9.9,1.656,1.987,pose,2.461,3.096,4.705,4.296,2.3036,3.062,0.9643,0.3973,0.6401,0.4027
496,9.92,2.0,1.987,bbox,2.461,3.096,4.705,4.296,2.2964,3.068,,,,
497,9.94,2.002,1.987,bbox,2.461,3.096,4.705,4.296,2.2874,3.0666,,,,
498,9.96,1.659,1.983,pose,2.461,3.096,4.705,4.296,2.2774,3.0684,0.9891,0.4055,0.6545,0.4
499,9.98,1.981,1.981,bbox,2.461,3.096,4.705,4.296,2.2615,3.0645,,,,
500,10.0,1.971,1.981,bbox,2.461,3.096,4.705,4.296,2.2426,3.0597,,,,
501,10.02,1.632,1.971,pose,2.461,3.096,4.705,4.296,2.2273,3.0602,1.0265,0.4457,0.6929,0.4142
502,10.04,1.997,1.971,bbox,2.461,3.145,4.705,4.296,2.2078,3.0639,,,,
503,10.06,1.999,1.981,bbox,2.461,3.145,4.705,4.296,2.192,3.0703,,,,
504,10.08,1.632,1.971,pose,2.461,3.179,4.705,4.296,2.1772,3.0797,1.0328,0.5151,0.6985,0.4102
505,10.1,2.062,1.997,bbox,2.461,3.179,4.705,4.296,2.1624,3.0852,,,,
506,10.12,2.1,1.999,bbox,2.461,3.21,4.705,4.296,2.1513,3.0893,,,,
507,10.14,2.126,2.062,bbox,2.461,3.21,4.705,4.296,2.1292,3.091,0.9944,,0.693,
508,10.16,2.146,2.1,bbox,2.461,3.21,4.705,4.296,2.1226,3.0918,,,,
509,10.18,2.169,2.126,bbox,2.461,3.258,4.705,4.296,2.1178,3.0908,,,,
510,10.2,1.718,2.126,pose,2.461,3.258,4.705,4.296,2.1157,3.093,1.0131,0.5278,0.6524,0.3707
511,10.22,2.21,2.146,bbox,2.461,3.258,4.705,4.296,2.1144,3.0944,,,,
512,10.24,3.064,2.169,bbox,2.461,3.258,4.705,4.327,2.1129,4.9039,,,,
513,10.26,2.298,2.21,pose,2.461,3.258,4.705,4.327,2.1134,4.9042,1.0208,0.5756,0.6285,-0.0201
514,10.28,2.214,2.214,bbox,2.461,3.258,4.705,4.327,2.1165,3.101,,,,
515,10.3,2.212,2.214,bbox,2.461,3.258,4.705,4.327,2.1191,3.1059,,,,
516,10.32,1.73,2.214,pose,2.461,3.258,4.705,4.327,2.1257,3.1094,1.0149,0.5184,0.6252,0.3778
517,10.34,2.195,2.212,bbox,2.461,3.258,4.705,4.327,2.134,3.1106,,,,
518,10.36,2.181,2.195,bbox,2.461,3.258,4.705,4.327,2.1384,3.1097,,,,
519,10.38,2.959,2.195,bbox,2.461,3.258,4.705,4.327,2.1629,4.8256,1.0005,,0.6553,
520,10.4,2.108,2.181,bbox,2.461,3.258,4.705,4.327,2.1773,3.1102,,,,
521,10.42,,,,2.461,3.258,4.705,4.327,,,,,,
522,10.44,,,,2.461,3.258,4.705,4.327,,,,,,
523,10.46,,,,2.461,3.258,4.705,4.327,,,,,,
524,10.48,,,,2.461,3.258,4.705,4.327,,,,,,
525,10.5,,,,2.461,3.258,4.705,4.327,,,,,,
526,10.52,,,,2.461,3.258,4.705,4.327,,,,,,
527,10.54,,,,2.461,3.258,4.705,4.327,,,,,,
528,10.56,,,,2.461,3.258,4.705,4.327,,,,,,
529,10.58,,,,2.461,3.258,4.705,4.327,,,,,,
530,10.6,,,,2.461,3.258,4.705,4.327,,,,,,
531,10.62,3.731,2.195,pose,2.495,3.258,4.705,4.327,3.5463,2.3729,0.0726,0.6932,1.5538,0.7889
532,10.64,2.211,2.211,bbox,2.495,3.258,4.705,4.327,4.8701,2.3663,,,,
533,10.66,1.918,2.211,bbox,2.659,3.258,4.838,4.327,3.0715,2.3713,,,,
534,10.68,,,,2.659,3.258,4.838,4.327,,,,,,
535,10.7,2.258,2.211,bbox,2.659,3.258,4.838,4.327,2.3709,3.5477,,,,
536,10.72,2.263,2.258,bbox,2.659,3.258,4.838,4.327,2.3751,3.5483,,,,
537,10.74,3.542,2.258,pose,2.659,3.408,4.838,4.477,2.3843,3.549,0.8889,0.0635,0.7073,1.0467
538,10.76,2.49,2.263,bbox,2.659,3.408,4.838,4.477,2.3838,5.1605,,,,
539,10.78,2.48,2.48,bbox,2.659,3.408,4.838,4.477,2.3935,5.1816,,,,
540,10.8,2.118,2.48,pose,2.659,3.408,4.838,4.628,2.416,5.1863,1.0718,0.3895,0.6675,0.7245
541,10.82,2.481,2.481,bbox,2.659,3.408,4.838,4.628,2.4339,5.1917,,,,
542,10.84,2.509,2.481,bbox,2.691,3.408,4.838,4.628,2.4407,5.1975,,,,
543,10.86,3.605,2.481,pose,2.691,3.408,4.838,4.628,2.4593,3.5522,1.0864,0.038,0.6632,1.4273
544,10.88,2.505,2.505,bbox,2.691,3.408,4.838,4.66,2.4735,5.2069,,,,
545,10.9,2.505,2.505,bbox,2.734,3.408,4.838,4.66,2.4869,5.2104,,,,
546,10.92,1.832,2.505,pose,2.734,3.408,4.838,4.66,2.498,5.2152,1.1807,0.5732,0.626,0.4071
547,10.94,2.506,2.505,bbox,2.734,3.408,4.838,4.66,2.513,5.2268,,,,
548,10.96,2.483,2.505,bbox,2.773,3.408,4.838,4.66,2.5405,5.2348,,,,
549,10.98,2.269,2.483,bbox,2.773,3.408,4.838,4.66,2.5635,3.5545,1.1851,,0.6043,
550,11.0,2.909,2.483,bbox,2.816,3.408,4.838,4.695,2.5794,5.3483,,,,
551,11.02,2.93,2.506,bbox,2.816,3.408,4.838,4.695,2.6095,5.3796,,,,
552,11.04,2.313,2.483,pose,2.855,3.408,4.838,4.816,2.6387,5.4028,1.0908,0.5687,0.6168,0.666
553,11.06,2.878,2.878,bbox,2.885,3.408,4.838,4.848,2.6612,5.3951,,,,
554,11.08,2.816,2.878,bbox,2.885,3.408,4.838,4.848,2.6939,5.4103,,,,
555,11.1,2.456,2.816,pose,2.936,3.408,4.838,4.848,2.725,5.4083,0.9558,0.3927,0.6665,0.691
556,11.12,2.739,2.739,bbox,2.969,3.408,4.838,4.848,2.7568,5.4398,,,,
557,11.14,2.707,2.739,bbox,3.0,3.408,4.838,4.878,2.7932,5.4531,,,,
558,11.16,2.484,2.707,pose,3.032,3.408,4.838,4.878,2.839,5.4606,0.7895,0.4345,0.7053,0.6852
559,11.18,2.579,2.579,bbox,3.068,3.408,4.838,4.921,2.8777,5.4694,,,,
560,11.2,2.551,2.579,bbox,3.114,3.408,4.838,4.921,2.9214,5.48,,,,
561,11.22,2.459,2.551,pose,3.153,3.408,4.838,4.921,2.9576,5.4853,0.5946,0.564,0.7471,0.6634
562,11.24,2.522,2.522,bbox,3.197,3.408,4.838,4.921,2.9979,5.52,,,,
563,11.26,2.564,2.551,bbox,3.233,3.408,4.838,4.953,3.0193,5.5644,,,,
564,11.28,2.398,2.522,pose,3.273,3.408,4.838,4.988,3.0345,5.5839,0.5595,0.6848,0.7438,0.6429
565,11.3,2.613,2.522,bbox,3.273,3.408,4.838,5.032,3.0428,5.6325,,,,
566,11.32,2.707,2.564,bbox,3.31,3.408,4.838,5.032,3.044,5.6988,,,,
567,11.34,2.262,2.564,pose,3.31,3.408,4.838,5.1,3.0545,5.7914,0.758,0.8242,0.7347,0.5995
568,11.36,2.835,2.613,bbox,3.31,3.408,4.838,5.167,3.0786,5.815,,,,
569,11.38,2.789,2.707,bbox,3.31,3.408,4.838,5.259,3.1139,5.8072,,,,
570,11.4,2.111,2.707,pose,3.354,3.408,4.838,5.259,3.1458,5.8425,0.9564,0.8714,0.7279,0.5644
571,11.42,2.905,2.789,bbox,3.389,3.408,4.838,5.259,3.169,5.9069,,,,
572,11.44,2.88,2.835,bbox,3.421,3.408,4.838,5.31,3.1854,5.8891,,,,
573,11.46,2.046,2.789,pose,3.421,3.408,4.838,5.357,3.2008,5.8985,1.0542,0.8863,0.6765,0.5786
574,11.48,2.87,2.87,bbox,3.461,3.408,4.838,5.357,3.2157,5.9043,,,,
575,11.5,2.899,2.88,bbox,3.461,3.408,4.838,5.357,3.2229,5.9204,,,,
576,11.52,2.034,2.87,pose,3.491,3.408,4.838,5.357,3.2241,5.9284,1.0698,0.8624,0.5951,0.6117
577,11.54,2.912,2.87,bbox,3.491,3.408,4.838,5.388,3.2223,5.9446,,,,
578,11.56,2.949,2.899,bbox,3.491,3.408,4.838,5.388,3.2186,5.9772,,,,
579,11.58,2.134,2.899,pose,3.491,3.408,4.838,5.388,3.2219,6.0056,1.0505,0.7511,0.5542,0.6668
580,11.6,2.977,2.912,bbox,3.491,3.408,4.838,5.445,3.2186,6.036,,,,
581,11.62,2.966,2.949,bbox,3.491,3.408,4.838,5.445,3.2257,6.0473,,,,
582,11.64,2.29,2.949,pose,3.491,3.408,4.838,5.504,3.2307,6.063,1.0536,0.6234,0.5676,0.6826
583,11.66,3.01,2.966,bbox,3.491,3.408,4.838,5.504,3.2256,6.0919,,,,
584,11.68,3.036,2.977,bbox,3.491,3.408,4.838,5.504,3.2214,6.1263,,,,
585,11.7,2.403,2.966,pose,3.491,3.408,4.838,5.56,3.2147,6.1279,1.0739,0.6039,0.637,0.6592
586,11.72,3.044,3.01,bbox,3.491,3.408,4.838,5.594,3.2093,6.1383,,,,
587,11.74,3.14,3.036,bbox,3.491,3.408,4.838,5.594,3.1915,6.2197,,,,
588,11.76,2.434,3.036,pose,3.491,3.408,4.838,5.594,3.1732,6.2295,1.1067,0.7111,0.6905,0.6297
589,11.78,3.264,3.044,bbox,3.491,3.408,4.838,5.688,3.158,6.2818,,,,
590,11.8,3.333,3.14,bbox,3.491,3.45,4.838,5.688,3.139,6.3071,,,,
591,11.82,2.708,3.14,pose,3.491,3.45,4.838,5.75,3.1255,6.3294,1.0511,0.0872,0.6893,0.2432
592,11.84,3.452,3.264,bbox,3.491,3.485,4.838,5.75,3.1065,6.3514,,,,
593,11.86,3.492,3.333,bbox,3.491,3.485,4.838,5.797,3.0773,6.358,,,,
594,11.88,2.729,3.333,pose,3.491,3.517,4.838,5.797,3.0491,6.3632,0.99,0.838,0.6989,0.5613
595,11.9,3.586,3.452,bbox,3.491,3.517,4.838,5.797,3.0333,6.3663,,,,
596,11.92,3.601,3.492,bbox,3.491,3.575,4.838,5.831,3.031,6.3729,,,,
597,11.94,3.156,3.492,pose,3.491,3.575,4.838,5.831,3.0342,6.3765,1.0115,0.0063,0.6419,-0.141
598,11.96,3.576,3.576,bbox,3.491,3.575,4.838,5.831,3.031,6.3746,,,,
599,11.98,3.575,3.576,bbox,3.491,3.575,4.838,5.831,3.0295,6.3771,,,,
600,12.0,2.703,3.575,pose,3.491,3.575,4.838,5.831,3.0287,6.3751,1.0164,0.8372,0.6207,0.6464
601,12.02,3.541,3.541,bbox,3.491,3.575,4.838,5.831,3.0305,6.3788,,,,
602,12.04,3.518,3.541,bbox,3.491,3.575,4.838,5.831,3.033,6.3937,,,,
603,12.06,2.72,3.518,pose,3.491,3.575,4.838,5.831,3.0345,6.409,1.0184,0.7738,0.6431,0.6663
604,12.08,3.479,3.479,bbox,3.491,3.575,4.838,5.862,3.0533,6.424,,,,
605,12.1,3.478,3.479,bbox,3.491,3.575,4.838,5.862,3.0698,6.449,,,,
606,12.12,2.8,3.478,pose,3.491,3.575,4.838,5.892,3.0836,6.4716,0.9976,0.6684,0.6695,0.6354
607,12.14,3.467,3.467,bbox,3.491,3.575,4.838,5.892,3.0975,6.4761,,,,
608,12.16,3.462,3.467,bbox,3.525,3.575,4.838,5.94,3.1091,6.4834,,,,
609,12.18,2.897,3.462,pose,3.525,3.575,4.838,5.94,3.1169,6.4779,0.941,0.5872,0.7027,0.6348
610,12.2,3.431,3.431,bbox,3.525,3.575,4.838,5.94,3.1329,6.4727,,,,
611,12.22,3.402,3.431,bbox,3.559,3.575,4.838,5.94,3.1468,6.4694,,,,
612,12.24,3.017,3.402,pose,3.559,3.575,4.838,5.94,3.1684,6.4733,0.834,0.5003,0.7302,0.6146
613,12.26,3.369,3.369,bbox,3.559,3.575,4.838,5.94,3.1907,6.454,,,,
614,12.28,3.337,3.369,bbox,3.61,3.575,4.838,5.94,3.2121,6.4437,,,,
615,12.3,3.044,3.337,pose,3.61,3.575,4.838,5.94,3.2323,6.4369,0.7137,0.4894,0.7921,0.5885
616,12.32,3.289,3.289,bbox,3.654,3.575,4.838,5.94,3.2527,6.435,,,,
617,12.34,3.266,3.289,bbox,3.654,3.575,4.873,5.94,3.2736,6.4351,,,,
618,12.36,2.951,3.266,pose,3.694,3.575,4.873,5.94,3.2821,6.4238,0.6214,0.5636,0.7886,0.573
619,12.38,3.193,3.193,bbox,3.694,3.575,4.873,5.94,3.2948,6.4087,,,,
620,12.4,3.179,3.193,bbox,3.694,3.575,4.873,5.94,3.2973,6.4126,,,,
621,12.42,2.754,3.179,pose,3.737,3.575,4.873,5.94,3.3002,6.386,0.6584,0.6776,0.7432,0.5892
622,12.44,3.128,3.128,bbox,3.737,3.575,4.873,5.94,3.302,6.3804,,,,
623,12.46,3.11,3.128,bbox,3.737,3.575,4.924,5.94,3.3163,6.3664,,,,
624,12.48,2.467,3.11,pose,3.737,3.575,4.924,5.94,3.3336,6.341,0.7888,0.8222,0.7315,0.6269
625,12.5,3.041,3.041,bbox,3.737,3.575,4.924,5.94,3.3625,6.3321,,,,
626,12.52,3.004,3.041,bbox,3.775,3.575,4.969,5.94,3.3919,6.2991,,,,
627,12.54,2.203,3.004,pose,3.775,3.575,4.969,5.94,3.4037,6.3044,0.9404,0.8991,0.7196,0.6261
628,12.56,3.019,3.004,bbox,3.834,3.575,5.005,5.94,3.4085,6.3004,,,,
629,12.58,2.973,3.004,bbox,3.834,3.575,5.005,5.94,3.4237,6.2457,,,,
630,12.6,2.154,2.973,pose,3.834,3.575,5.005,5.94,3.4418,6.2186,0.9785,0.9203,0.684,0.5889
631,12.62,2.98,2.973,bbox,3.865,3.575,5.064,5.94,3.4526,6.213,,,,
632,12.64,2.999,2.98,bbox,3.865,3.575,5.064,5.94,3.4596,6.2198,,,,
633,12.66,2.196,2.973,pose,3.865,3.575,5.064,5.94,3.4694,6.2192,0.9469,0.8904,0.6246,0.5598
634,12.68,3.021,2.98,bbox,3.901,3.575,5.064,5.94,3.4668,6.2318,,,,
635,12.7,3.031,2.999,bbox,3.901,3.575,5.064,5.94,3.4691,6.2462,,,,
636,12.72,2.182,2.999,pose,3.901,3.575,5.064,5.94,3.4717,6.2538,0.9443,0.8892,0.6331,0.5863
637,12.74,2.972,2.972,bbox,3.901,3.575,5.064,5.94,3.4705,6.2231,,,,
638,12.76,2.93,2.972,bbox,3.901,3.575,5.064,5.94,3.4656,6.2167,,,,
639,12.78,2.149,2.93,pose,3.901,3.575,5.064,5.94,3.4591,6.2323,0.9702,0.9199,0.6604,0.6074
640,12.8,2.949,2.93,bbox,3.901,3.575,5.064,5.94,3.4486,6.243,,,,
641,12.82,2.984,2.949,bbox,3.901,3.575,5.064,5.94,3.4311,6.2762,,,,
642,12.84,2.159,2.93,pose,3.901,3.575,5.064,5.94,3.4198,6.2949,0.9933,0.9709,0.714,0.6121
643,12.86,3.022,2.949,bbox,3.901,3.575,5.064,5.97,3.4018,6.3179,,,,
644,12.88,3.063,2.984,bbox,3.901,3.614,5.064,5.97,3.3856,6.3321,,,,
645,12.9,3.113,3.022,bbox,3.901,3.614,5.064,6.012,3.3756,6.3585,1.014,,0.7293,
646,12.92,3.143,3.063,bbox,3.901,3.649,5.064,6.012,3.3692,6.3764,,,,
647,12.94,3.541,3.113,bbox,3.901,3.649,5.064,6.052,3.5519,6.3948,,,,
648,12.96,2.566,3.113,pose,3.901,3.649,5.064,6.052,3.3406,6.4422,0.9804,0.2701,0.7322,0.0346
649,12.98,3.365,3.143,bbox,3.901,3.649,5.064,6.089,3.3242,6.4366,,,,
650,13.0,3.375,3.365,bbox,3.901,3.694,5.064,6.089,3.3219,6.4202,,,,
651,13.02,2.876,3.365,pose,3.901,3.694,5.064,6.089,3.3167,6.4184,0.3398,0.3634,0.6912,-0.1727
652,13.04,3.448,3.365,bbox,3.901,3.694,5.064,6.089,3.3163,6.4152,,,,
653,13.06,3.448,3.375,bbox,3.901,3.694,5.064,6.089,3.3118,6.4138,,,,
654,13.08,2.463,3.375,pose,3.901,3.694,5.064,6.089,3.31,6.4145,1.0142,1.072,0.6473,0.5206
655,13.1,3.437,3.437,bbox,3.901,3.694,5.064,6.089,3.3092,6.421,,,,
656,13.12,3.391,3.437,bbox,3.901,3.724,5.064,6.089,3.3058,6.4001,,,,
657,13.14,2.402,3.391,pose,3.901,3.724,5.064,6.089,3.3091,6.3969,1.0142,1.0457,0.6476,0.564
658,13.16,3.274,3.274,bbox,3.901,3.724,5.064,6.089,3.3174,6.3541,,,,
659,13.18,3.225,3.274,bbox,3.901,3.724,5.064,6.089,3.3231,6.3375,,,,
660,13.2,2.335,3.225,pose,3.901,3.724,5.105,6.089,3.3292,6.299,0.9971,0.9722,0.6777,0.6126
661,13.22,3.085,3.085,bbox,3.901,3.724,5.105,6.089,3.3342,6.2666,,,,
662,13.24,3.348,3.225,bbox,3.901,3.724,5.16,6.089,3.5482,6.2436,,,,
663,13.26,2.268,3.085,pose,3.901,3.724,5.192,6.089,3.3531,6.2191,0.9618,0.8965,0.7174,0.6364
664,13.28,2.886,2.886,bbox,3.944,3.724,5.192,6.089,3.3642,6.1909,,,,
665,13.3,2.856,2.886,bbox,3.944,3.724,5.24,6.089,3.3713,6.1741,,,,
666,13.32,2.259,2.856,pose,3.944,3.724,5.24,6.089,3.3797,6.1566,0.9145,0.8316,0.721,0.6485
667,13.34,2.837,2.837,bbox,3.944,3.724,5.285,6.089,3.3904,6.1575,,,,
668,13.36,2.832,2.837,bbox,3.944,3.724,5.285,6.089,3.3989,6.1483,,,,
669,13.38,2.281,2.832,pose,3.982,3.724,5.285,6.089,3.3986,6.1476,0.8813,0.7891,0.7132,0.6161
670,13.4,2.864,2.832,bbox,3.982,3.724,5.285,6.089,3.414,6.1562,,,,
671,13.42,2.866,2.837,bbox,3.982,3.724,5.285,6.089,3.4236,6.1499,,,,
672,13.44,2.328,2.832,pose,3.982,3.724,5.285,6.089,3.4154,6.1532,0.8616,0.7889,0.6459,0.5806
673,13.46,2.916,2.864,bbox,3.982,3.724,5.285,6.089,3.429,6.1569,,,,
674,13.48,2.926,2.866,bbox,4.015,3.724,5.285,6.089,3.4332,6.1628,,,,
675,13.5,2.343,2.866,pose,4.015,3.724,5.285,6.089,3.4384,6.1616,0.8902,0.7854,0.6458,0.5837
676,13.52,2.902,2.902,bbox,4.015,3.724,5.285,6.089,3.4345,6.1636,,,,
677,13.54,2.91,2.91,bbox,4.015,3.724,5.285,6.089,3.425,6.169,,,,
678,13.56,2.292,2.902,pose,4.015,3.724,5.285,6.089,3.4153,6.1796,0.912,0.8189,0.6492,0.6371
679,13.58,2.914,2.902,bbox,4.015,3.724,5.285,6.089,3.3995,6.2069,,,,
680,13.6,2.969,2.91,bbox,4.015,3.724,5.285,6.089,3.3709,6.2559,,,,
681,13.62,2.289,2.91,pose,4.015,3.724,5.285,6.121,3.3531,6.2771,0.9724,0.8509,0.6765,0.6522
682,13.64,3.051,2.914,bbox,4.015,3.777,5.285,6.17,3.3312,6.3114,,,,
683,13.66,3.098,2.969,bbox,4.015,3.777,5.285,6.17,3.315,6.3513,,,,
684,13.68,2.407,2.969,pose,4.015,3.816,5.285,6.226,3.3009,6.4028,0.9733,0.8286,0.7276,0.6141
685,13.7,3.253,3.051,bbox,4.015,3.816,5.285,6.266,3.2662,6.4249,,,,
686,13.72,3.305,3.098,bbox,4.015,3.847,5.285,6.317,3.236,6.4424,,,,
687,13.74,2.697,3.098,pose,4.015,3.882,5.285,6.317,3.204,6.4905,0.9003,0.7649,0.7267,0.5871
688,13.76,3.456,3.253,bbox,4.015,3.912,5.285,6.357,3.1828,6.4874,,,,
689,13.78,3.517,3.305,bbox,4.015,3.944,5.285,6.402,3.1743,6.4998,,,,
690,13.8,3.118,3.305,pose,4.015,3.944,5.285,6.402,3.1626,6.5019,0.7187,0.6784,0.6755,0.5671
691,13.82,3.565,3.456,bbox,4.015,3.944,5.285,6.402,3.1496,6.4997,,,,
692,13.84,3.59,3.517,bbox,4.015,3.985,5.285,6.402,3.145,6.5011,,,,
693,13.86,3.26,3.517,pose,4.015,3.985,5.285,6.402,3.1367,6.4217,0.6165,0.6789,0.6692,0.5647
694,13.88,3.505,3.505,bbox,4.015,3.985,5.285,6.402,3.1255,6.4342,,,,
695,13.9,3.548,3.548,bbox,4.015,3.985,5.285,6.402,3.5483,6.4586,,,,
696,13.92,3.591,3.548,pose,4.015,3.985,5.285,6.402,3.5471,6.4612,0.213,0.7236,0.5413,0.5566
697,13.94,3.525,3.525,bbox,4.015,3.985,5.285,6.402,3.1104,6.4598,,,,
698,13.96,3.483,3.525,bbox,4.015,4.022,5.285,6.402,3.1099,6.436,,,,
699,13.98,3.453,3.525,pose,4.165,4.022,5.285,6.402,3.545,6.4097,0.1808,0.8159,0.512,0.5976
700,14.0,3.451,3.483,bbox,4.165,4.022,5.336,6.402,3.5444,6.3625,,,,
701,14.02,3.411,3.453,bbox,4.165,4.022,5.336,6.402,3.5434,6.3209,,,,
702,14.04,2.569,3.451,pose,4.165,4.022,5.41,6.402,3.1215,6.2751,0.8214,0.8801,0.6855,0.602
703,14.06,3.227,3.411,bbox,4.165,4.022,5.451,6.402,3.1392,6.2469,,,,
704,14.08,3.181,3.227,bbox,4.165,4.174,5.497,6.402,3.1568,6.2318,,,,
705,14.1,3.152,3.181,bbox,4.165,4.174,5.497,6.402,3.1816,6.2186,0.9763,,0.7291,
706,14.12,3.112,3.152,bbox,4.165,4.174,5.54,6.402,3.2113,6.2022,,,,
707,14.14,3.1,3.152,bbox,4.165,4.174,5.54,6.402,3.2305,6.1939,,,,
708,14.16,2.194,3.112,pose,4.219,4.174,5.54,6.402,3.237,6.1979,1.0296,0.9715,0.7174,0.5701
709,14.18,3.113,3.112,bbox,4.219,4.174,5.574,6.402,3.2505,6.1936,,,,
710,14.2,3.135,3.112,bbox,4.219,4.174,5.574,6.402,3.2601,6.1972,,,,
711,14.22,2.224,3.1,pose,4.259,4.174,5.574,6.402,3.2645,6.1964,1.0306,0.9649,0.6664,0.5742
712,14.24,3.131,3.113,bbox,4.259,4.174,5.574,6.402,3.2785,6.1963,,,,
713,14.26,3.125,3.125,bbox,4.259,4.174,5.574,6.402,3.2898,6.1949,,,,
714,14.28,2.201,3.125,pose,4.259,4.174,5.574,6.402,3.2919,6.1915,1.0086,0.9626,0.6353,0.6012
715,14.3,3.077,3.077,bbox,4.298,4.174,5.574,6.402,3.2925,6.1898,,,,
716,14.32,3.071,3.077,bbox,4.298,4.174,5.574,6.402,3.2932,6.1845,,,,
717,14.34,2.2,3.071,pose,4.298,4.174,5.574,6.402,3.294,6.1858,1.0119,0.9223,0.6307,0.6389
718,14.36,3.076,3.071,bbox,4.298,4.174,5.574,6.402,3.2899,6.1838,,,,
719,14.38,3.08,3.076,bbox,4.298,4.174,5.574,6.402,3.2858,6.1824,,,,
720,14.4,2.22,3.071,pose,4.298,4.174,5.574,6.402,3.283,6.177,1.044,0.9126,0.6292,0.6491
721,14.42,3.083,3.076,bbox,4.298,4.174,5.574,6.402,3.2823,6.1804,,,,
722,14.44,3.093,3.08,bbox,4.298,4.174,5.574,6.402,3.2801,6.1772,,,,
723,14.46,2.259,3.08,pose,4.298,4.174,5.574,6.402,3.2861,6.1801,1.0485,0.9126,0.6157,0.6404
724,14.48,3.113,3.083,bbox,4.298,4.174,5.574,6.402,3.2908,6.1849,,,,
725,14.5,3.129,3.093,bbox,4.298,4.174,5.574,6.402,3.2965,6.1879,,,,
726,14.52,3.164,3.113,bbox,4.298,4.174,5.574,6.402,3.2932,6.1926,1.0605,,0.627,
727,14.54,3.186,3.129,bbox,4.298,4.174,5.574,6.402,3.2926,6.193,,,,
728,14.56,3.182,3.164,bbox,4.298,4.174,5.574,6.402,3.2977,6.1884,,,,
729,14.58,2.28,3.164,pose,4.298,4.174,5.574,6.402,3.3105,6.1881,1.0632,0.9507,0.6089,0.5463
730,14.6,3.182,3.182,bbox,4.298,4.174,5.574,6.402,3.3154,6.188,,,,
731,14.62,3.16,3.182,bbox,4.298,4.174,5.574,6.402,3.323,6.1817,,,,
732,14.64,2.218,3.16,pose,4.298,4.174,5.574,6.402,3.3354,6.1717,1.0202,1.0003,0.6098,0.5143
733,14.66,3.057,3.057,bbox,4.331,4.174,5.574,6.402,3.3472,6.1479,,,,
734,14.68,3.014,3.057,bbox,4.331,4.174,5.574,6.402,3.353,6.1182,,,,
735,14.7,2.039,3.014,pose,4.331,4.174,5.624,6.402,3.3687,6.0806,1.0109,1.1045,0.6576,0.5291
736,14.72,2.941,2.941,bbox,4.361,4.174,5.624,6.402,3.3719,6.0702,,,,
737,14.74,2.967,2.967,bbox,4.361,4.174,5.691,6.402,3.3686,6.0598,,,,
738,14.76,2.032,2.941,pose,4.361,4.174,5.691,6.402,3.3737,6.0512,1.0067,1.0188,0.6812,0.5123
739,14.78,2.909,2.909,bbox,4.361,4.174,5.691,6.402,3.3819,6.0356,,,,
740,14.8,2.917,2.917,bbox,4.361,4.174,5.691,6.402,3.3852,6.0215,,,,
741,14.82,2.902,2.909,bbox,4.361,4.174,5.736,6.402,3.3869,6.0092,0.9461,,0.707,
742,14.84,2.832,2.902,bbox,4.391,4.174,5.736,6.402,3.3833,5.9359,,,,
743,14.86,2.75,2.902,bbox,4.391,4.174,5.736,6.402,3.3844,5.877,,,,
744,14.88,2.055,2.832,pose,4.391,4.174,5.773,6.402,3.3802,5.9987,0.9494,0.9468,0.7241,0.5165
745,14.9,2.9,2.832,bbox,4.391,4.174,5.773,6.402,3.3762,6.0168,,,,
746,14.92,2.552,2.75,bbox,4.391,4.174,5.773,6.402,3.3713,6.0225,,,,
747,14.94,2.031,2.552,pose,4.391,4.174,5.773,6.402,3.3681,6.0049,0.9353,0.9616,0.6811,0.5496
748,14.96,2.86,2.552,bbox,4.391,4.174,5.773,6.402,3.3654,6.0062,,,,
749,14.98,2.865,2.86,bbox,4.391,4.174,5.773,6.402,3.3659,6.0254,,,,
750,15.0,2.083,2.552,pose,4.391,4.174,5.773,6.402,3.3643,6.0355,0.9565,0.9943,0.6319,0.5893
751,15.02,2.933,2.86,bbox,4.391,4.174,5.773,6.402,3.3646,6.0796,,,,
752,15.04,2.978,2.865,bbox,4.391,4.174,5.773,6.439,3.3705,6.1225,,,,
753,15.06,2.238,2.865,pose,4.391,4.174,5.773,6.483,3.3773,6.1692,0.9599,0.9601,0.6376,0.5914
754,15.08,3.075,2.933,bbox,4.391,4.174,5.773,6.526,3.3929,6.2262,,,,
755,15.1,3.122,2.978,bbox,4.391,4.174,5.773,6.573,3.4127,6.2728,,,,
756,15.12,2.422,2.978,pose,4.391,4.174,5.773,6.629,3.4222,6.2902,0.9305,0.9101,0.6408,0.5481
757,15.14,3.107,3.075,bbox,4.391,4.174,5.773,6.676,3.443,6.281,,,,
758,15.16,3.074,3.075,bbox,4.43,4.174,5.773,6.676,3.4632,6.2943,,,,
759,15.18,2.39,3.074,pose,4.43,4.174,5.773,6.676,3.4832,6.3056,0.8584,0.9593,0.6692,0.5043
760,15.2,3.039,3.039,bbox,4.471,4.174,5.773,6.676,3.4932,6.3117,,,,
761,15.22,3.015,3.039,bbox,4.471,4.174,5.773,6.709,3.5208,6.3243,,,,
762,15.24,2.368,3.015,pose,4.501,4.174,5.773,6.709,3.5645,6.3304,0.7021,0.9932,0.72,0.5097
763,15.26,2.926,2.926,bbox,4.501,4.174,5.773,6.709,3.5944,6.3305,,,,
764,15.28,3.55,3.015,bbox,4.572,4.174,5.773,6.709,3.5638,6.3332,,,,
765,15.3,3.479,3.015,pose,4.572,4.174,5.773,6.709,3.5633,6.3399,0.2104,0.9631,0.628,0.5601
766,15.32,2.76,2.926,bbox,4.572,4.174,5.773,6.709,3.7091,6.3604,,,,
767,15.34,2.723,2.926,bbox,4.602,4.174,5.773,6.743,3.7361,6.3753,,,,
768,15.36,2.312,2.76,pose,4.717,4.174,5.773,6.743,3.759,6.396,0.4859,0.8807,0.7504,0.6232
769,15.38,2.728,2.728,bbox,4.717,4.174,5.773,6.779,3.765,6.4287,,,,
770,15.4,2.731,2.728,bbox,4.767,4.174,5.773,6.779,3.7788,6.4628,,,,
771,15.42,2.322,2.723,pose,4.767,4.174,5.773,6.832,3.7949,6.4892,0.6429,0.6962,0.7506,0.664
772,15.44,2.788,2.728,bbox,4.767,4.174,5.773,6.866,3.7862,6.5299,,,,
773,15.46,2.821,2.731,bbox,4.767,4.174,5.773,6.866,3.7719,6.5326,,,,
774,15.48,2.234,2.731,pose,4.767,4.174,5.773,6.9,3.802,6.4968,0.8786,0.602,0.7232,0.6773
775,15.5,2.738,2.738,bbox,4.803,4.174,5.773,6.9,3.8339,6.4988,,,,
776,15.52,2.737,2.738,bbox,4.803,4.174,5.773,6.9,3.851,6.5019,,,,
777,15.54,2.106,2.737,pose,4.842,4.174,5.773,6.9,3.8782,6.5196,1.0331,0.6898,0.6837,0.6683
778,15.56,2.756,2.737,bbox,4.842,4.174,5.773,6.9,3.8956,6.5246,,,,
779,15.58,2.78,2.738,bbox,4.886,4.174,5.773,6.9,3.9026,6.5267,,,,
780,15.6,2.092,2.737,pose,4.886,4.174,5.773,6.9,3.9059,6.5341,1.083,0.776,0.6475,0.6324
781,15.62,2.833,2.756,bbox,4.886,4.174,5.773,6.9,3.9078,6.556,,,,
782,15.64,2.844,2.78,bbox,4.886,4.174,5.773,6.937,3.9192,6.5504,,,,
783,15.66,2.148,2.78,pose,4.886,4.174,5.773,6.937,3.9247,6.5511,1.04,0.8068,0.5851,0.581
784,15.68,2.898,2.833,bbox,4.927,4.174,5.773,6.937,3.9329,6.5462,,,,
785,15.7,2.954,2.844,bbox,4.927,4.174,5.773,6.937,3.9403,6.5665,,,,
786,15.72,2.948,2.898,bbox,4.927,4.174,5.773,6.937,3.9544,6.5811,,0.8106,,0.5657
787,15.74,2.968,2.948,bbox,4.927,4.174,5.773,6.97,3.9646,6.666,,,,
788,15.76,2.936,2.948,bbox,4.963,4.174,5.773,6.97,3.9697,6.6598,,,,
789,15.78,2.807,2.948,bbox,4.963,4.174,5.773,6.97,3.9696,6.5349,,0.9361,,0.5494
790,15.8,2.868,2.936,bbox,4.963,4.174,5.773,7.004,3.9716,6.6009,,,,
791,15.82,2.884,2.884,bbox,4.963,4.174,5.773,7.004,3.9687,6.6076,,,,
792,15.84,2.881,2.881,bbox,4.963,4.174,5.773,7.004,3.9665,6.6031,,0.9336,,0.5569
793,15.86,2.737,2.868,bbox,4.963,4.174,5.773,7.004,3.9681,6.4699,,,,
794,15.88,2.701,2.868,bbox,4.963,4.174,5.773,7.004,3.9589,6.4225,,,,
795,15.9,1.992,2.737,pose,4.963,4.174,5.773,7.004,3.9504,6.5855,0.9366,0.9592,0.6536,0.5198
796,15.92,2.918,2.737,bbox,4.963,4.174,5.773,7.004,3.9492,6.597,,,,
797,15.94,2.844,2.737,bbox,4.963,4.174,5.856,7.004,3.9465,6.5186,,,,
798,15.96,2.028,2.701,pose,4.963,4.174,5.856,7.004,3.9434,6.4597,0.9379,0.9638,0.6442,0.499
799,15.98,2.789,2.789,bbox,4.963,4.174,5.856,7.004,3.9548,6.4743,,,,
800,16.0,2.791,2.791,bbox,4.963,4.174,5.856,7.004,3.9772,6.5134,,,,
801,16.02,2.024,2.789,pose,4.963,4.174,5.856,7.004,4.0217,6.5424,0.9608,0.955,0.6297,0.536
802,16.04,2.773,2.773,bbox,4.963,4.174,5.856,7.004,4.0169,6.5648,,,,
803,16.06,2.779,2.779,bbox,5.023,4.174,5.856,7.004,4.0153,6.5707,,,,
804,16.08,2.755,2.773,bbox,5.023,4.174,5.856,7.051,4.0088,6.5744,,0.9635,,0.6027
805,16.1,2.762,2.762,bbox,5.023,4.174,5.856,7.051,3.9964,6.5931,,,,
806,16.12,2.87,2.773,bbox,5.023,4.174,5.856,7.051,3.9817,6.6371,,,,
807,16.14,2.25,2.762,pose,5.023,4.174,5.856,7.051,3.9752,6.6895,0.9585,0.901,0.656,0.5995
808,16.16,2.908,2.762,bbox,5.023,4.207,5.856,7.123,3.9639,6.733,,,,
809,16.18,2.959,2.87,bbox,5.023,4.207,5.856,7.175,3.9409,6.7948,,,,
810,16.2,2.398,2.87,pose,5.023,4.207,5.856,7.219,3.9171,6.8335,0.9963,0.8062,0.7236,0.5735
811,16.22,3.11,2.908,bbox,5.023,4.248,5.856,7.28,3.8989,6.8683,,,,
812,16.24,3.168,2.959,bbox,5.023,4.248,5.856,7.319,3.8683,6.8836,,,,
813,16.26,2.623,2.959,pose,5.023,4.29,5.856,7.354,3.8036,6.8967,0.9044,0.8068,0.7406,0.572
814,16.28,3.31,3.11,bbox,5.023,4.321,5.856,7.354,3.7817,6.9056,,,,
815,16.3,3.354,3.168,bbox,5.023,4.386,5.856,7.354,3.7662,6.9064,,,,
816,16.32,2.884,3.168,pose,5.023,4.386,5.856,7.391,3.7424,6.9059,0.7027,0.8578,0.7403,0.5565
817,16.34,3.432,3.31,bbox,5.023,4.423,5.856,7.391,3.7126,6.9053,,,,
818,16.36,3.439,3.354,bbox,5.023,4.423,5.856,7.391,3.6956,6.9044,,,,
819,16.38,3.425,3.425,bbox,5.023,4.476,5.856,7.391,3.6849,6.9011,0.4258,,0.7371,
820,16.4,3.426,3.426,bbox,5.023,4.476,5.856,7.391,3.6677,6.8982,,,,
821,16.42,3.415,3.426,bbox,5.023,4.476,5.856,7.391,3.6676,6.9027,,,,
822,16.44,3.038,3.425,pose,5.023,4.521,5.856,7.391,3.6558,6.8967,0.5397,0.842,0.6585,0.5919
823,16.46,3.39,3.415,bbox,5.023,4.521,5.856,7.391,3.5957,6.8377,,,,
824,16.48,3.395,3.395,bbox,5.023,4.521,5.856,7.391,3.5458,6.8013,,,,
825,16.5,2.929,3.39,pose,5.023,4.593,5.924,7.391,3.5135,6.7844,0.612,0.8067,0.6578,0.6489
826,16.52,3.427,3.39,bbox,5.023,4.643,5.96,7.391,3.4529,6.7693,,,,
827,16.54,3.389,3.39,bbox,5.023,4.676,5.96,7.391,3.4499,6.7501,,,,
828,16.56,3.071,3.389,pose,5.023,4.736,5.992,7.391,3.418,6.7362,0.2951,0.6907,0.7014,0.6535
829,16.58,3.413,3.389,bbox,5.023,4.736,5.992,7.391,3.3978,6.7285,,,,
830,16.6,3.385,3.389,bbox,5.023,4.771,6.025,7.391,3.3647,6.6701,,,,
831,16.62,2.789,3.385,pose,5.023,4.771,6.025,7.391,3.348,6.6514,0.9134,0.58,0.7072,0.6405
832,16.64,3.28,3.28,bbox,5.023,4.824,6.091,7.391,3.3474,6.5732,,,,
833,16.66,3.27,3.28,bbox,5.023,4.824,6.091,7.391,3.3484,6.5413,,,,
834,16.68,2.721,3.27,pose,5.023,4.824,6.188,7.391,3.3278,6.4634,1.0624,0.5105,0.7137,0.627
835,16.7,3.295,3.27,bbox,5.023,4.824,6.22,7.391,3.3068,6.4689,,,,
836,16.72,3.339,3.28,bbox,5.023,4.861,6.291,7.391,3.2825,6.4702,,,,
837,16.74,2.774,3.27,pose,5.023,4.861,6.291,7.391,3.2713,6.4358,1.1288,0.4605,0.6859,0.5851
838,16.76,3.328,3.295,bbox,5.023,4.907,6.291,7.391,3.2574,6.4057,,,,
839,16.78,3.337,3.328,bbox,5.023,4.907,6.326,7.391,3.2451,6.3828,,,,
840,16.8,2.714,3.328,pose,5.023,4.907,6.356,7.391,3.218,6.3656,1.1724,0.497,0.6337,0.5556
841,16.82,3.319,3.319,bbox,5.023,4.944,6.356,7.391,3.2053,6.326,,,,
842,16.84,3.286,3.319,bbox,5.023,4.944,6.396,7.391,3.1999,6.299,,,,
843,16.86,2.757,3.286,pose,5.023,4.984,6.435,7.391,3.1894,6.2659,1.0524,0.5698,0.5484,0.5578
844,16.88,3.305,3.286,bbox,5.023,4.984,6.435,7.391,3.1783,6.2613,,,,
845,16.9,3.272,3.286,bbox,5.023,4.984,6.495,7.391,3.1801,6.2503,,,,
846,16.92,2.405,3.272,pose,5.023,4.984,6.495,7.391,3.1818,6.2059,1.1274,0.711,0.6176,0.5868
847,16.94,3.135,3.135,bbox,5.023,4.984,6.495,7.391,3.1832,6.1703,,,,
848,16.96,3.094,3.135,bbox,5.023,4.984,6.555,7.391,3.19,6.1364,,,,
849,16.98,2.177,3.094,pose,5.023,4.984,6.591,7.391,3.2065,6.0803,1.0741,0.832,0.6426,0.6202
850,17.0,2.948,2.948,bbox,5.023,4.984,6.625,7.391,3.2251,6.0485,,,,
851,17.02,2.925,2.948,bbox,5.023,4.984,6.681,7.391,3.233,5.9952,,,,
852,17.04,2.225,2.925,pose,5.023,4.984,6.713,7.391,3.2492,5.9935,0.9554,0.784,0.6601,0.6017
853,17.06,2.913,2.913,bbox,5.023,4.984,6.755,7.391,3.2587,6.0062,,,,
854,17.08,2.853,2.913,bbox,5.067,4.984,6.755,7.391,3.2882,6.0011,,,,
855,17.1,3.572,2.913,pose,5.067,4.984,6.755,7.391,3.3021,5.0894,0.892,0.0184,0.6702,1.57
856,17.12,2.773,2.853,bbox,5.106,4.984,6.755,7.391,3.3119,5.9285,,,,
857,17.14,2.787,2.853,bbox,5.106,4.984,6.833,7.391,3.3139,5.9184,,,,
858,17.16,2.789,2.789,bbox,5.106,4.984,6.833,7.391,3.316,5.8984,,0.9912,,0.5232
859,17.18,2.782,2.787,bbox,5.106,4.984,6.863,7.391,3.3126,5.8632,,,,
860,17.2,2.74,2.782,bbox,5.106,4.984,6.863,7.391,3.3141,5.8305,,,,
861,17.22,1.871,2.782,pose,5.106,4.984,6.898,7.391,3.3092,5.7948,0.8848,1.0755,0.6357,0.5197
862,17.24,2.714,2.74,bbox,5.106,4.984,6.931,7.391,3.2907,5.737,,,,
863,17.26,2.707,2.714,bbox,5.106,4.984,6.967,7.391,3.2377,5.6524,,,,
864,17.28,2.715,2.714,bbox,5.106,4.984,7.024,7.391,3.1961,5.605,0.9084,,0.6785,
865,17.3,2.728,2.714,bbox,5.106,5.034,7.109,7.391,3.1745,5.5747,,,,
866,17.32,2.802,2.715,bbox,5.106,5.076,7.156,7.391,3.1386,5.5662,,,,
867,17.34,1.963,2.715,pose,5.106,5.076,7.187,7.391,3.1184,5.5707,0.922,0.9848,0.6948,0.4531
868,17.36,2.811,2.728,bbox,5.106,5.133,7.187,7.391,3.0875,5.5686,,,,
869,17.38,2.848,2.802,bbox,5.106,5.133,7.187,7.391,3.0641,5.5793,,,,
870,17.4,1.842,2.802,pose,5.106,5.185,7.187,7.391,3.0146,5.5788,0.9593,0.6661,0.7107,0.2864
871,17.42,2.959,2.811,bbox,5.106,5.185,7.187,7.391,2.9309,5.5692,,,,
872,17.44,3.057,2.848,bbox,5.106,5.257,7.187,7.391,2.8441,5.5826,,,,
873,17.46,3.12,2.959,bbox,5.106,5.341,7.187,7.391,2.7641,5.5996,0.9621,,0.7056,
874,17.48,3.165,3.057,bbox,5.106,5.428,7.187,7.391,2.7285,5.5986,,,,
875,17.5,3.118,3.118,bbox,5.106,5.508,7.187,7.391,2.7367,5.6024,,,,
876,17.52,2.321,3.118,pose,5.106,5.508,7.187,7.391,2.6149,5.5933,0.988,0.9733,0.668,0.5493
877,17.54,3.251,3.12,bbox,5.106,5.544,7.187,7.391,2.5958,5.587,,,,
878,17.56,3.245,3.165,bbox,5.106,5.657,7.187,7.391,2.5892,5.5938,,,,
879,17.58,2.404,3.118,pose,5.106,5.657,7.187,7.391,2.5082,5.5977,1.1112,0.8897,0.6405,0.5734
880,17.6,3.413,3.245,bbox,5.106,5.657,7.187,7.391,2.462,5.5997,,,,
881,17.62,3.451,3.251,bbox,5.106,5.764,7.187,7.391,2.4488,5.6119,,,,
882,17.64,2.602,3.245,pose,5.106,5.81,7.187,7.391,2.4297,5.636,1.1854,0.7289,0.6406,0.6059
883,17.66,3.548,3.413,bbox,5.106,5.81,7.187,7.429,2.4163,5.6755,,,,
884,17.68,3.557,3.451,bbox,5.106,5.842,7.187,7.429,2.3991,5.6931,,,,
885,17.7,2.773,3.451,pose,5.106,5.842,7.187,7.492,2.3932,5.6994,1.222,0.5577,0.6393,0.5864
886,17.72,3.579,3.548,bbox,5.106,5.873,7.187,7.492,2.3822,5.7026,,,,
887,17.74,3.6,3.557,bbox,5.106,5.873,7.187,7.492,2.3857,5.7134,,,,
888,17.76,3.001,3.557,pose,5.106,5.873,7.187,7.492,2.3815,5.7067,1.1596,0.4446,0.6705,0.5544
889,17.78,3.584,3.579,bbox,5.106,5.873,7.187,7.492,2.37,5.7007,,,,
890,17.8,3.736,3.584,bbox,5.106,5.873,7.187,7.523,2.3457,5.8805,,,,
891,17.82,3.206,3.584,pose,5.106,5.873,7.187,7.523,2.3172,5.7143,0.9825,0.3637,0.7402,0.559
892,17.84,2.127,3.206,bbox,5.106,5.873,7.187,7.523,5.9137,5.7276,,,,
893,17.86,,,,5.106,5.873,7.187,7.523,,,,,,
894,17.88,3.766,3.584,pose,5.106,5.873,7.187,7.523,5.9344,5.7418,0.0116,0.4208,1.5451,0.548
895,17.9,2.097,3.206,bbox,5.227,5.873,7.187,7.558,5.9463,5.7511,,,,
896,17.92,2.101,2.127,bbox,5.227,5.873,7.187,7.558,5.9594,5.7595,,,,
897,17.94,3.413,2.127,pose,5.227,5.873,7.187,7.558,2.218,5.7718,0.5009,0.4988,0.7813,0.5562
898,17.96,3.633,3.413,bbox,5.227,5.873,7.187,7.558,2.2191,5.7811,,,,
899,17.98,3.598,3.413,bbox,5.227,6.002,7.187,7.558,2.2186,5.7777,,,,
900,18.0,3.422,3.422,pose,5.227,6.002,7.187,7.558,2.2107,5.7502,0.3224,0.617,0.7456,0.597
901,18.02,3.542,3.542,bbox,5.227,6.002,7.187,7.558,2.2023,5.7215,,,,
902,18.04,3.531,3.542,bbox,5.227,6.002,7.187,7.558,2.2011,5.6922,,,,
903,18.06,3.363,3.531,pose,5.227,6.002,7.187,7.558,2.1964,5.662,0.2495,0.7666,0.7272,0.6138
904,18.08,3.48,3.48,bbox,5.227,6.002,7.236,7.558,2.1971,5.6358,,,,
905,18.1,3.478,3.48,bbox,5.227,6.002,7.266,7.558,2.1973,5.6217,,,,
906,18.12,3.221,3.478,pose,5.227,6.002,7.266,7.558,2.196,5.6103,0.2768,0.8893,0.6914,0.6014
907,18.14,3.504,3.478,bbox,5.227,6.002,7.307,7.558,2.2023,5.6106,,,,
908,18.16,3.509,3.48,bbox,5.227,6.002,7.307,7.558,2.2076,5.594,,,,
909,18.18,3.111,3.478,pose,5.227,6.002,7.307,7.558,2.2091,5.5864,0.3767,0.9333,0.6234,0.5774
910,18.2,3.516,3.504,bbox,5.227,6.002,7.307,7.558,2.2176,5.5801,,,,
911,18.22,3.535,3.509,bbox,5.227,6.002,7.342,7.558,2.2159,5.5741,,,,
912,18.24,2.98,3.509,pose,5.227,6.002,7.342,7.558,2.2236,5.5648,0.5604,0.9188,0.6756,0.5524
913,18.26,3.475,3.475,bbox,5.227,6.002,7.342,7.558,2.2307,5.5542,,,,
914,18.28,3.423,3.475,bbox,5.227,6.002,7.342,7.558,2.231,5.5293,,,,
915,18.3,2.671,3.423,pose,5.227,6.002,7.374,7.558,2.2541,5.5509,0.799,0.9142,0.7287,0.5936
916,18.32,2.95,2.98,bbox,5.227,6.002,7.374,7.558,2.2962,5.5446,,,,
917,18.34,3.237,3.237,bbox,5.262,6.002,7.374,7.558,2.3253,5.5573,,,,
918,18.36,2.32,2.95,pose,5.304,6.002,7.374,7.558,2.3753,5.5506,1.0347,0.8429,0.7503,0.6203
919,18.38,2.868,2.868,bbox,5.304,6.002,7.374,7.558,2.3922,5.5429,,,,
920,18.4,2.743,2.868,bbox,5.383,6.002,7.374,7.558,2.4145,5.5168,,,,
921,18.42,2.268,2.743,pose,5.383,6.002,7.374,7.558,2.426,5.4935,1.1058,0.7698,0.7036,0.6625
922,18.44,3.162,2.743,bbox,5.423,6.002,7.412,7.558,2.4467,5.4683,,,,
923,18.46,3.138,2.868,bbox,5.423,6.002,7.412,7.558,2.4462,5.438,,,,
924,18.48,2.346,2.743,pose,5.454,6.002,7.46,7.558,2.4463,5.4312,1.1161,0.6727,0.6461,0.6514
925,18.5,3.126,3.126,bbox,5.454,6.002,7.491,7.558,2.4546,5.406,,,,
926,18.52,3.141,3.138,bbox,5.454,6.002,7.491,7.558,2.4591,5.4199,,,,
927,18.54,2.375,3.126,pose,5.454,6.002,7.491,7.558,2.4601,5.3851,1.1178,0.6175,0.6167,0.6432
928,18.56,3.111,3.111,bbox,5.454,6.002,7.522,7.558,2.4674,5.3696,,,,
929,18.58,3.1,3.111,bbox,5.454,6.002,7.522,7.558,2.4707,5.3558,,,,
930,18.6,2.385,3.1,pose,5.454,6.002,7.559,7.558,2.4656,5.337,1.114,0.6328,0.6271,0.6055
931,18.62,3.079,3.079,bbox,5.454,6.002,7.559,7.558,2.4555,5.3269,,,,
932,18.64,3.061,3.079,bbox,5.454,6.002,7.591,7.558,2.4476,5.3119,,,,
933,18.66,2.314,3.061,pose,5.454,6.002,7.591,7.558,2.4429,5.3106,1.1086,0.6989,0.7003,0.5635
934,18.68,3.046,3.046,bbox,5.454,6.002,7.591,7.558,2.4351,5.2999,,,,
935,18.7,3.036,3.046,bbox,5.454,6.002,7.591,7.558,2.4266,5.291,,,,
936,18.72,1.831,3.036,pose,5.454,6.002,7.629,7.558,4.0324,5.2589,0.3815,0.8445,0.4298,0.5517
937,18.74,2.665,2.665,bbox,5.454,6.002,7.629,7.558,2.4079,5.2603,,,,
938,18.76,2.659,2.665,bbox,5.454,6.002,7.668,7.558,2.3944,5.2445,,,,
939,18.78,1.959,2.659,pose,5.454,6.041,7.668,7.558,2.3844,5.2373,1.02,0.974,0.7314,0.5459
940,18.8,2.704,2.659,bbox,5.454,6.041,7.668,7.558,2.3847,5.23,,,,
941,18.82,3.008,2.665,bbox,5.454,6.041,7.668,7.558,2.3799,5.2016,,,,
942,18.84,2.128,2.659,pose,5.454,6.041,7.699,7.558,2.3738,5.2023,0.9931,1.0264,0.663,0.5201
943,18.86,3.097,2.704,bbox,5.454,6.041,7.699,7.558,2.3699,5.1969,,,,
944,18.88,3.126,3.008,bbox,5.454,6.075,7.699,7.558,2.3717,5.207,,,,
945,18.9,2.158,3.008,pose,5.454,6.075,7.699,7.558,2.3659,5.1707,0.9932,1.0287,0.6504,0.4901
946,18.92,3.108,3.097,bbox,5.454,6.075,7.732,7.558,2.3627,5.1388,,,,
947,18.94,3.158,3.108,bbox,5.454,6.075,7.732,7.558,2.3563,5.1855,,,,
948,18.96,2.17,3.108,pose,5.454,6.075,7.732,7.558,2.3546,5.185,1.0084,1.0059,0.6792,0.478
949,18.98,3.094,3.094,bbox,5.454,6.075,7.732,7.558,2.3482,5.1345,,,,
950,19.0,3.111,3.108,bbox,5.454,6.075,7.732,7.558,2.3442,5.1677,,,,
951,19.02,2.31,3.094,bbox,5.454,6.075,7.732,7.558,4.1771,5.076,,0.962,,0.4765
952,19.04,,,,5.454,6.075,7.732,7.558,,,,,,
953,19.06,,,,5.454,6.075,7.732,7.558,,,,,,
954,19.08,,,,5.454,6.075,7.732,7.558,,,,,,
955,19.1,,,,5.454,6.075,7.732,7.558,,,,,,
956,19.12,,,,5.454,6.075,7.732,7.558,,,,,,
957,19.14,,,,5.454,6.075,7.732,7.558,,,,,,
958,19.16,,,,5.454,6.075,7.732,7.558,,,,,,
959,19.18,,,,5.454,6.075,7.732,7.558,,,,,,
960,19.2,,,,5.454,6.075,7.732,7.558,,,,,,
961,19.22,,,,5.454,6.075,7.732,7.558,,,,,,
962,19.24,,,,5.454,6.075,7.732,7.558,,,,,,
963,19.26,,,,5.454,6.075,7.732,7.558,,,,,,
964,19.28,,,,5.454,6.075,7.732,7.558,,,,,,
965,19.3,,,,5.454,6.075,7.732,7.558,,,,,,
966,19.32,,,,5.454,6.075,7.732,7.558,,,,,,
967,19.34,,,,5.454,6.075,7.732,7.558,,,,,,
968,19.36,,,,5.454,6.075,7.732,7.558,,,,,,
969,19.38,,,,5.454,6.075,7.732,7.558,,,,,,
970,19.4,,,,5.454,6.075,7.732,7.558,,,,,,
971,19.42,,,,5.454,6.075,7.732,7.558,,,,,,
972,19.44,,,,5.454,6.075,7.732,7.558,,,,,,
973,19.46,,,,5.454,6.075,7.732,7.558,,,,,,
974,19.48,,,,5.454,6.075,7.732,7.558,,,,,,
975,19.5,,,,5.454,6.075,7.732,7.558,,,,,,
976,19.52,3.188,3.094,bbox,5.454,6.075,7.794,7.558,5.224,2.1809,,,,
977,19.54,3.175,3.111,bbox,5.585,6.075,7.852,7.558,5.2104,2.1965,,,,
978,19.56,2.13,3.111,pose,5.735,6.075,8.002,7.558,5.1805,2.2158,0.863,1.2045,0.5594,0.7075
979,19.58,3.036,3.036,bbox,5.735,6.075,8.002,7.558,5.1599,2.2262,,,,
980,19.6,3.058,3.058,bbox,5.735,6.075,8.002,7.558,5.122,2.2317,,,,
981,19.62,1.817,3.036,pose,5.735,6.075,8.002,7.558,5.0796,2.254,0.8732,1.1974,0.5895,0.7447
982,19.64,2.221,2.221,bbox,5.735,6.133,8.002,7.558,5.0415,5.8734,,,,
983,19.66,,,,5.735,6.133,8.002,7.558,,,,,,
984,19.68,,,,5.735,6.133,8.002,7.558,,,,,,
985,19.7,,,,5.735,6.133,8.002,7.558,,,,,,
986,19.72,,,,5.735,6.133,8.002,7.558,,,,,,
987,19.74,,,,5.735,6.133,8.002,7.558,,,,,,
988,19.76,,,,5.735,6.133,8.002,7.558,,,,,,
989,19.78,,,,5.735,6.133,8.002,7.558,,,,,,
990,19.8,,,,5.735,6.133,8.002,7.558,,,,,,
991,19.82,,,,5.735,6.133,8.002,7.558,,,,,,
992,19.84,3.619,3.036,bbox,5.735,6.176,8.002,7.597,2.7539,5.921,,,,
993,19.86,1.562,2.221,pose,5.735,6.214,8.002,7.747,2.838,4.8588,0.7258,1.1741,0.6831,0.4956
994,19.88,2.203,2.203,bbox,5.735,6.364,8.002,7.747,2.8883,4.8177,,,,
995,19.9,2.129,2.203,bbox,5.735,6.364,8.002,7.747,2.8907,4.7738,,,,
996,19.92,1.329,2.129,pose,5.735,6.364,8.044,7.747,2.9125,4.7695,0.5967,1.0906,0.6331,0.4915
997,19.94,3.454,2.129,bbox,5.735,6.364,8.044,7.747,2.9196,5.996,,,,
998,19.96,3.46,2.203,bbox,5.735,6.364,8.044,7.747,2.9261,6.0185,,,,
999,19.98,4.43,3.454,pose,5.766,6.364,8.044,7.897,2.9292,6.0397,0.8991,0.1309,0.6645,1.5501
1000,20.0,3.491,3.46,bbox,5.766,6.364,8.044,7.897,3.0465,6.0705,,,,
1001,20.02,3.383,3.46,bbox,5.766,6.364,8.044,7.94,3.1431,6.0909,,,,
1002,20.04,4.411,3.491,pose,5.893,6.364,8.044,7.971,3.1984,6.1111,1.1924,0.0985,0.5969,1.6835
1003,20.06,3.397,3.491,bbox,5.99,6.364,8.044,7.971,3.2262,6.1296,,,,
1004,20.08,1.917,3.397,bbox,6.045,6.364,8.044,7.971,3.2814,2.5487,,,,
1005,20.1,,,,6.045,6.364,8.044,7.971,,,,,,
1006,20.12,,,,6.045,6.364,8.044,7.971,,,,,,
1007,20.14,,,,6.045,6.364,8.044,7.971,,,,,,
1008,20.16,,,,6.045,6.364,8.044,7.971,,,,,,
1009,20.18,,,,6.045,6.364,8.044,7.971,,,,,,
1010,20.2,,,,6.045,6.364,8.044,7.971,,,,,,
1011,20.22,,,,6.045,6.364,8.044,7.971,,,,,,
1012,20.24,,,,6.045,6.364,8.044,7.971,,,,,,
1013,20.26,,,,6.045,6.364,8.044,7.971,,,,,,
1014,20.28,,,,6.045,6.364,8.044,7.971,,,,,,
1015,20.3,,,,6.045,6.364,8.044,7.971,,,,,,
1016,20.32,,,,6.045,6.364,8.044,7.971,,,,,,
1017,20.34,,,,6.045,6.364,8.044,7.971,,,,,,
1018,20.36,,,,6.045,6.364,8.044,7.971,,,,,,
1019,20.38,,,,6.045,6.364,8.044,7.971,,,,,,
1020,20.4,,,,6.045,6.364,8.044,7.971,,,,,,
1021,20.42,,,,6.045,6.364,8.044,7.971,,,,,,
1022,20.44,,,,6.045,6.364,8.044,7.971,,,,,,
1023,20.46,,,,6.045,6.364,8.044,7.971,,,,,,
1024,20.48,,,,6.045,6.364,8.044,7.971,,,,,,
1025,20.5,,,,6.045,6.364,8.044,7.971,,,,,,
1026,20.52,,,,6.045,6.364,8.044,7.971,,,,,,
1027,20.54,,,,6.045,6.364,8.044,7.971,,,,,,
1028,20.56,,,,6.045,6.364,8.044,7.971,,,,,,
1029,20.58,,,,6.045,6.364,8.044,7.971,,,,,,
1030,20.6,,,,6.045,6.364,8.044,7.971,,,,,,
1031,20.62,,,,6.045,6.364,8.044,7.971,,,,,,
1032,20.64,,,,6.045,6.364,8.044,7.971,,,,,,
1033,20.66,,,,6.045,6.364,8.044,7.971,,,,,,
1034,20.68,,,,6.045,6.364,8.044,7.971,,,,,,
1035,20.7,7.34,3.397,pose,6.045,6.364,8.044,7.971,6.1004,2.303,0.0157,0.3951,1.583,0.4285
1036,20.72,5.912,4.411,bbox,6.128,6.364,8.173,7.971,6.097,2.2982,,,,
1037,20.74,5.913,5.912,bbox,6.278,6.364,8.323,7.971,6.0968,2.289,,,,
1038,20.76,7.328,5.913,pose,6.278,6.364,8.323,7.971,6.0967,2.285,0.028,0.3973,1.6187,0.4161
1039,20.78,5.892,5.913,bbox,6.278,6.364,8.323,7.971,6.0973,2.2868,,,,
1040,20.8,5.881,5.912,bbox,6.278,6.364,8.323,7.971,6.0985,2.2931,,,,
1041,20.82,7.745,5.913,pose,6.278,6.364,8.323,7.971,6.1035,2.2958,0.0343,0.0757,1.6381,0.1842
1042,20.84,5.877,5.892,bbox,6.278,6.364,8.323,7.971,6.1075,2.3134,,,,
1043,20.86,5.889,5.889,bbox,6.278,6.364,8.323,7.971,6.1107,2.328,,,,
1044,20.88,5.892,5.889,bbox,6.278,6.364,8.323,7.971,6.1148,2.3541,0.0361,,1.607,
1045,20.9,5.882,5.889,bbox,6.278,6.364,8.323,7.971,6.1126,2.3608,,,,
1046,20.92,5.877,5.882,bbox,6.278,6.364,8.323,8.022,6.112,2.371,,,,
1047,20.94,7.619,5.889,pose,6.278,6.364,8.323,8.022,6.1113,2.3803,0.1562,0.2885,1.6433,0.2971
1048,20.96,5.891,5.891,bbox,6.278,6.364,8.323,8.022,6.1058,2.3835,,,,
1049,20.98,3.427,5.882,bbox,6.278,6.364,8.323,8.022,4.6427,2.3731,,,,
1050,21.0,3.426,5.877,bbox,6.278,6.364,8.323,8.022,4.629,2.3597,0.0775,,0.6288,
1051,21.02,3.415,3.427,bbox,6.278,6.505,8.323,8.022,4.5981,2.3561,,,,
1052,21.04,3.399,3.426,bbox,6.278,6.505,8.323,8.022,4.5485,2.3495,,,,
1053,21.06,2.801,3.415,pose,6.278,6.549,8.323,8.022,4.5266,2.3445,0.208,0.5353,0.6064,0.4096
1054,21.08,3.41,3.41,bbox,6.278,6.599,8.323,8.022,4.5339,2.343,,,,
1055,21.1,3.444,3.41,bbox,6.278,6.599,8.323,8.022,4.5531,2.3456,,,,
1056,21.12,3.462,3.41,bbox,6.278,6.599,8.323,8.022,4.5617,2.3522,0.3098,,0.5988,
1057,21.14,3.458,3.444,bbox,6.278,6.599,8.323,8.022,4.5711,2.3639,,,,
1058,21.16,0.537,3.444,bbox,6.278,6.599,8.323,8.022,4.5817,4.0554,,,,
1059,21.18,2.897,3.444,pose,6.278,6.599,8.323,8.022,2.3989,4.5983,0.5176,0.4572,0.4097,0.6145
1060,21.2,3.476,3.458,bbox,6.278,6.599,8.323,8.182,2.4097,4.6177,,,,
1061,21.22,3.485,3.458,bbox,6.278,6.736,8.323,8.332,2.4138,4.6497,,,,
1062,21.24,3.485,3.476,bbox,6.278,6.736,8.323,8.332,2.4295,4.7012,,0.593,,0.6268
1063,21.26,0.686,3.476,bbox,6.278,6.736,8.323,8.384,4.0744,4.7313,,,,
1064,21.28,0.704,3.476,bbox,6.278,6.736,8.323,8.384,4.7688,4.0905,,,,
1065,21.3,0.45,0.704,pose,6.444,6.736,8.323,8.384,4.8016,4.0917,0.6311,0.3583,0.6682,0.6952
1066,21.32,2.556,0.704,bbox,6.444,6.736,8.473,8.384,2.4773,4.0904,,,,
1067,21.34,3.523,0.704,bbox,6.444,6.736,8.473,8.384,2.4787,4.8618,,,,
1068,21.36,2.783,2.556,pose,6.444,6.886,8.473,8.384,2.4685,4.8733,0.4112,0.5663,0.4362,0.6546
1069,21.38,3.566,2.783,bbox,6.444,6.886,8.473,8.534,2.4535,4.8943,,,,
1070,21.4,3.575,3.523,bbox,6.444,6.886,8.473,8.534,2.4466,4.9189,,,,
1071,21.42,2.863,3.523,pose,6.444,6.886,8.473,8.566,2.4404,4.9354,0.4163,0.4314,0.4176,0.713
1072,21.44,3.574,3.566,bbox,6.444,6.918,8.473,8.566,2.4418,4.9483,,,,
1073,21.46,0.881,3.566,bbox,6.444,6.918,8.473,8.607,4.0947,4.9758,,,,
1074,21.48,1.707,2.863,pose,6.444,6.918,8.473,8.607,2.4408,4.0702,0.4245,1.0106,0.4031,0.5854
1075,21.5,,,,6.444,6.918,8.473,8.607,,,,,,
1076,21.52,,,,6.444,6.918,8.473,8.607,,,,,,
1077,21.54,,,,6.444,6.918,8.473,8.607,,,,,,
1078,21.56,,,,6.444,6.918,8.473,8.607,,,,,,
1079,21.58,,,,6.444,6.918,8.473,8.607,,,,,,
1080,21.6,,,,6.444,6.918,8.473,8.607,,,,,,
1081,21.62,,,,6.444,6.918,8.473,8.607,,,,,,
1082,21.64,,,,6.444,6.918,8.473,8.607,,,,,,
1083,21.66,,,,6.444,6.918,8.473,8.607,,,,,,
1084,21.68,2.157,2.157,bbox,6.444,6.918,8.473,8.607,2.429,4.0137,,,,
1085,21.7,3.78,2.157,bbox,6.444,6.918,8.473,8.607,2.4212,5.2375,,,,
1086,21.72,1.759,1.759,pose,6.444,6.918,8.61,8.607,2.4113,3.9711,0.4672,0.8403,0.4323,0.6554
1087,21.74,3.86,2.157,bbox,6.444,6.918,8.61,8.607,2.4028,5.267,,,,
1088,21.76,3.915,3.78,bbox,6.444,6.953,8.61,8.757,2.3947,5.2947,,,,
1089,21.78,3.373,3.78,pose,6.444,6.953,8.61,8.757,2.3968,5.3167,0.4453,0.2961,0.427,0.7167
1090,21.8,4.021,3.86,bbox,6.444,6.953,8.61,8.814,2.3937,5.341,,,,
1091,21.82,4.053,3.915,bbox,6.444,6.953,8.61,8.814,2.3825,5.3628,,,,
1092,21.84,3.713,3.915,pose,6.444,6.953,8.61,8.861,2.3674,5.3895,0.4156,0.0354,0.4082,0.7239
1093,21.86,4.131,4.021,bbox,6.444,6.953,8.61,8.861,2.3465,5.4448,,,,
1094,21.88,,,,6.444,6.953,8.61,8.861,,,,,,
1095,21.9,,,,6.444,6.953,8.61,8.861,,,,,,
1096,21.92,6.518,4.053,bbox,6.444,6.997,8.61,8.909,2.3393,6.734,,,,
1097,21.94,1.688,4.053,bbox,6.444,6.997,8.61,8.965,5.6086,6.7472,,,,
1098,21.96,3.804,3.804,pose,6.444,6.997,8.61,8.965,5.6187,2.3493,0.0777,0.43,0.7713,0.4103
1099,21.98,,,,6.444,6.997,8.61,8.965,,,,,,
1100,22.0,,,,6.444,6.997,8.61,8.965,,,,,,
1101,22.02,,,,6.444,6.997,8.61,8.965,,,,,,
1102,22.04,,,,6.444,6.997,8.61,8.965,,,,,,
1103,22.06,,,,6.444,6.997,8.61,8.965,,,,,,
1104,22.08,,,,6.444,6.997,8.61,8.965,,,,,,
1105,22.1,,,,6.444,6.997,8.61,8.965,,,,,,
1106,22.12,,,,6.444,6.997,8.61,8.965,,,,,,
1107,22.14,,,,6.444,6.997,8.61,8.965,,,,,,
1108,22.16,,,,6.444,6.997,8.61,8.965,,,,,,
1109,22.18,,,,6.444,6.997,8.61,8.965,,,,,,
1110,22.2,,,,6.444,6.997,8.61,8.965,,,,,,
1111,22.22,,,,6.444,6.997,8.61,8.965,,,,,,
1112,22.24,,,,6.444,6.997,8.61,8.965,,,,,,
1113,22.26,,,,6.444,6.997,8.61,8.965,,,,,,
1114,22.28,,,,6.444,6.997,8.61,8.965,,,,,,
1115,22.3,,,,6.444,6.997,8.61,8.965,,,,,,
1116,22.32,,,,6.444,6.997,8.61,8.965,,,,,,
1117,22.34,,,,6.444,6.997,8.61,8.965,,,,,,
1118,22.36,,,,6.444,6.997,8.61,8.965,,,,,,
1119,22.38,,,,6.444,6.997,8.61,8.965,,,,,,
1120,22.4,,,,6.444,6.997,8.61,8.965,,,,,,
1121,22.42,,,,6.444,6.997,8.61,8.965,,,,,,
1122,22.44,,,,6.444,6.997,8.61,8.965,,,,,,
1123,22.46,,,,6.444,6.997,8.61,8.965,,,,,,
1124,22.48,,,,6.444,6.997,8.61,8.965,,,,,,
1125,22.5,,,,6.444,6.997,8.61,8.965,,,,,,
1126,22.52,,,,6.444,6.997,8.61,8.965,,,,,,
1127,22.54,,,,6.444,6.997,8.61,8.965,,,,,,
1128,22.56,,,,6.444,6.997,8.61,8.965,,,,,,
1129,22.58,3.427,3.804,bbox,6.594,6.997,8.61,8.965,6.8346,2.7278,,,,
1130,22.6,3.465,3.465,bbox,6.594,6.997,8.76,8.965,6.9055,2.7261,,,,
1131,22.62,2.57,3.427,pose,6.754,6.997,8.76,8.965,6.9463,2.7243,0.586,0.9113,0.7967,0.8061
1132,22.64,3.402,3.427,bbox,6.825,6.997,8.76,8.965,6.984,2.7243,,,,
1133,22.66,3.438,3.427,bbox,6.866,6.997,8.76,8.965,7.0298,2.7203,,,,
1134,22.68,2.503,3.402,pose,6.903,6.997,8.76,8.965,7.0859,2.7266,0.6497,0.8921,0.7744,0.8539
1135,22.7,3.386,3.386,bbox,6.949,6.997,8.76,8.965,7.1383,2.7191,,,,
1136,22.72,3.594,3.402,bbox,7.005,6.997,8.76,8.965,7.1651,2.7013,,,,
1137,22.74,2.664,3.386,pose,7.058,6.997,8.76,8.965,7.198,2.6851,0.606,0.7845,0.775,0.8271
1138,22.76,3.757,3.386,bbox,7.058,6.997,8.76,8.965,7.2386,2.6613,,,,
1139,22.78,3.832,3.594,bbox,7.118,6.997,8.803,8.965,7.2379,2.6341,,,,
1140,22.8,3.176,3.594,pose,7.157,6.997,8.803,8.965,7.3032,2.6184,0.4881,0.5137,0.7591,0.7842
1141,22.82,3.954,3.757,bbox,7.157,6.997,8.854,8.965,7.3772,2.5842,,,,
1142,22.84,3.999,3.832,bbox,7.223,6.997,8.854,8.965,7.4101,2.5602,,,,
1143,22.86,4.086,3.954,bbox,7.297,6.997,8.904,8.965,7.4572,2.5099,0.3363,,0.779,
1144,22.88,3.964,3.964,bbox,7.33,6.997,8.904,8.965,7.5036,2.4948,,,,
1145,22.9,3.926,3.964,bbox,7.377,6.997,8.978,8.965,7.5383,2.4957,,,,
1146,22.92,3.536,3.964,pose,7.423,6.997,8.978,8.965,7.559,2.5193,0.1656,0.0391,0.8019,0.792
1147,22.94,3.872,3.926,bbox,7.458,6.997,8.978,8.965,7.5776,2.5179,,,,
1148,22.96,1.643,3.872,bbox,7.458,6.997,8.978,8.965,7.6136,6.1825,,,,
1149,22.98,1.391,3.536,pose,7.497,6.997,8.978,8.965,7.6441,6.17,0.017,0.1435,0.891,-0.6887
1150,23.0,1.665,1.665,bbox,7.533,6.997,8.978,9.124,7.6638,6.1755,,,,
1151,23.02,1.679,1.665,bbox,7.564,6.997,8.978,9.124,7.6921,6.1604,,,,
1152,23.04,4.028,1.665,pose,7.564,6.997,8.978,9.124,7.7141,2.3928,0.0132,0.4633,0.8858,0.8913
1153,23.06,4.46,1.679,bbox,7.612,6.997,8.978,9.124,7.745,2.3688,,,,
1154,23.08,4.535,4.028,bbox,7.612,6.997,9.138,9.124,7.7677,2.3145,,,,
1155,23.1,4.128,4.128,pose,7.664,6.997,9.138,9.124,7.7815,2.3096,0.03,0.7793,0.8644,0.8641
1156,23.12,4.643,4.46,bbox,7.664,6.997,9.216,9.124,7.7943,2.2915,,,,
1157,23.14,4.686,4.535,bbox,7.701,6.997,9.216,9.124,7.8122,2.2911,,,,
1158,23.16,4.2,4.535,pose,7.701,6.997,9.216,9.124,7.8295,2.2998,0.0243,0.8267,0.857,0.832
1159,23.18,4.72,4.643,bbox,7.732,6.997,9.216,9.124,7.8506,2.3078,,,,
1160,23.2,4.741,4.686,bbox,7.732,6.997,9.216,9.124,7.8542,2.3056,,,,
1161,23.22,4.286,4.686,pose,7.77,6.997,9.216,9.124,7.8618,2.2996,0.042,0.832,0.8208,0.8127
1162,23.24,4.767,4.72,bbox,7.77,6.997,9.216,9.124,7.8637,2.2856,,,,
1163,23.26,4.828,4.741,bbox,7.77,6.997,9.216,9.124,7.8707,2.2544,,,,
1164,23.28,4.502,4.741,pose,7.77,6.997,9.216,9.124,7.8804,2.2296,0.0497,0.7027,0.7985,0.7873
1165,23.3,4.964,4.767,bbox,7.77,6.997,9.276,9.124,7.9115,2.1603,,,,
1166,23.32,5.003,4.828,bbox,7.77,6.997,9.276,9.124,7.9101,2.119,,,,
1167,23.34,4.816,4.828,pose,7.83,6.997,9.37,9.124,7.9239,2.0653,0.1074,0.2991,0.8103,0.8275
1168,23.36,5.147,4.964,bbox,7.83,6.997,9.412,9.124,7.9509,2.0219,,,,
1169,23.38,5.153,5.003,bbox,7.83,6.997,9.465,9.124,7.9476,1.9758,,,,
1170,23.4,5.229,5.147,bbox,7.867,6.997,9.509,9.124,7.9616,1.9317,,0.1842,,0.8468
1171,23.42,5.278,5.153,bbox,7.867,6.997,9.555,9.124,7.9925,1.881,,,,
1172,23.44,5.348,5.229,bbox,7.867,6.997,9.599,9.124,8.0074,1.8293,,,,
1173,23.46,5.106,5.229,pose,7.912,6.997,9.65,9.124,8.0127,1.7864,0.2083,0.0385,0.8436,0.856
1174,23.48,3.846,5.229,bbox,7.912,6.997,9.701,9.124,5.8784,1.7465,,,,
1175,23.5,3.849,5.106,bbox,7.912,6.997,9.744,9.124,5.8526,1.7156,,,,
1176,23.52,5.138,5.106,pose,7.912,6.997,9.784,9.124,7.995,1.6948,0.2374,0.1469,0.8217,0.8608
1177,23.54,5.461,5.106,bbox,7.912,6.997,9.815,9.124,7.9803,1.6672,,,,
1178,23.56,3.83,3.849,bbox,7.912,7.159,9.815,9.124,5.7432,1.6351,,,,
1179,23.58,5.102,5.102,pose,8.062,7.159,9.863,9.124,7.9256,1.6295,0.1799,0.5163,0.7866,0.8346
1180,23.6,5.44,5.138,bbox,8.062,7.159,9.896,9.124,7.9153,1.626,,,,
1181,23.62,3.788,5.102,bbox,8.062,7.159,9.896,9.124,5.6517,1.5803,,,,
1182,23.64,3.807,3.83,bbox,8.062,7.32,9.896,9.124,5.6164,1.5525,,0.6992,,0.7792
1183,23.66,3.78,3.807,bbox,8.062,7.411,9.95,9.124,5.5825,1.5219,,,,
1184,23.68,3.772,3.788,bbox,8.062,7.446,9.95,9.124,5.5517,1.4991,,,,
1185,23.7,3.801,3.788,bbox,8.062,7.48,10.009,9.124,5.5208,1.4563,,0.7897,,0.7629
1186,23.72,3.763,3.78,bbox,8.062,7.511,10.009,9.124,5.4896,1.4323,,,,
1187,23.74,3.777,3.777,bbox,8.062,7.542,10.074,9.124,5.4578,1.384,,,,
1188,23.76,2.626,3.772,pose,8.062,7.573,10.074,9.124,5.4403,1.3574,0.1542,0.7654,-0.7482,0.7606
1189,23.78,3.734,3.763,bbox,8.062,7.605,10.147,9.124,5.4171,1.3399,,,,
1190,23.8,3.749,3.749,bbox,8.062,7.605,10.147,9.124,5.3968,1.2988,,,,
1191,23.82,2.669,3.734,pose,8.062,7.646,10.191,9.124,5.3667,1.265,0.1655,0.602,-0.7012,0.7625
1192,23.84,3.776,3.734,bbox,8.062,7.646,10.232,9.124,5.3374,1.2317,,,,
1193,23.86,3.774,3.749,bbox,8.062,7.696,10.266,9.124,5.3054,1.2077,,,,
1194,23.88,2.972,3.749,pose,8.062,7.696,10.299,9.124,5.2721,1.1808,0.208,0.4286,-0.8081,0.7735
1195,23.9,3.747,3.747,bbox,8.062,7.757,10.299,9.124,5.2388,1.1492,,,,
1196,23.92,2.631,3.747,bbox,8.062,7.791,10.299,9.124,5.2067,7.8329,,,,
1197,23.94,,,,8.062,7.791,10.299,9.124,,,,,,
1198,23.96,,,,8.062,7.791,10.299,9.124,,,,,,
1199,23.98,,,,8.062,7.791,10.299,9.124,,,,,,
1200,24.0,,,,8.062,7.791,10.299,9.124,,,,,,
1201,24.02,,,,8.062,7.791,10.299,9.124,,,,,,
1202,24.04,,,,8.062,7.791,10.299,9.124,,,,,,
1203,24.06,,,,8.062,7.791,10.299,9.124,,,,,,
1204,24.08,6.015,3.747,bbox,8.062,7.824,10.299,9.124,0.8632,7.7377,,,,
1205,24.1,6.05,3.747,bbox,8.062,7.856,10.299,9.25,0.8194,7.7291,,,,
1206,24.12,5.792,5.792,pose,8.062,8.006,10.299,9.25,0.7737,7.7168,0.5651,0.378,0.8704,0.7834
1207,24.14,6.133,6.015,bbox,8.062,8.05,10.299,9.25,0.7341,7.7044,,,,
1208,24.16,6.205,6.05,bbox,8.062,8.095,10.299,9.25,0.701,7.6986,,,,
1209,24.18,5.893,6.05,pose,8.062,8.135,10.299,9.25,0.6603,7.69,0.6629,0.3681,0.8177,0.7529
1210,24.2,6.297,6.133,bbox,8.062,8.168,10.329,9.25,0.6609,7.6921,,,,
1211,24.22,3.628,6.133,bbox,8.062,8.208,10.329,9.25,0.6223,3.288,,,,
1212,24.24,,,,8.062,8.208,10.329,9.25,,,,,,
1213,24.26,,,,8.062,8.208,10.329,9.25,,,,,,
1214,24.28,,,,8.062,8.208,10.329,9.25,,,,,,
1215,24.3,,,,8.062,8.208,10.329,9.25,,,,,,
1216,24.32,,,,8.062,8.208,10.329,9.25,,,,,,
1217,24.34,,,,8.062,8.208,10.329,9.25,,,,,,
1218,24.36,,,,8.062,8.208,10.329,9.25,,,,,,
1219,24.38,,,,8.062,8.208,10.329,9.25,,,,,,
1220,24.4,,,,8.062,8.208,10.329,9.25,,,,,,
1221,24.42,,,,8.062,8.208,10.329,9.25,,,,,,
1222,24.44,,,,8.062,8.208,10.329,9.25,,,,,,
1223,24.46,,,,8.062,8.208,10.329,9.25,,,,,,
1224,24.48,,,,8.062,8.208,10.329,9.25,,,,,,
1225,24.5,,,,8.062,8.208,10.329,9.25,,,,,,
1226,24.52,,,,8.062,8.208,10.329,9.25,,,,,,
1227,24.54,,,,8.062,8.208,10.329,9.25,,,,,,
1228,24.56,,,,8.062,8.208,10.329,9.25,,,,,,
1229,24.58,,,,8.062,8.208,10.329,9.25,,,,,,
1230,24.6,,,,8.062,8.208,10.329,9.25,,,,,,
1231,24.62,,,,8.062,8.208,10.329,9.25,,,,,,
1232,24.64,,,,8.062,8.208,10.329,9.25,,,,,,
1233,24.66,,,,8.062,8.208,10.329,9.25,,,,,,
1234,24.68,,,,8.062,8.208,10.329,9.25,,,,,,
1235,24.7,,,,8.062,8.208,10.329,9.25,,,,,,
1236,24.72,,,,8.062,8.208,10.329,9.25,,,,,,
1237,24.74,,,,8.062,8.208,10.329,9.25,,,,,,
1238,24.76,,,,8.062,8.208,10.329,9.25,,,,,,
1239,24.78,,,,8.062,8.208,10.329,9.25,,,,,,
1240,24.8,,,,8.062,8.208,10.329,9.25,,,,,,
1241,24.82,,,,8.062,8.208,10.329,9.25,,,,,,
1242,24.84,,,,8.062,8.208,10.329,9.25,,,,,,
1243,24.86,,,,8.062,8.208,10.329,9.25,,,,,,
1244,24.88,,,,8.062,8.208,10.329,9.25,,,,,,
1245,24.9,,,,8.062,8.208,10.329,9.25,,,,,,
1246,24.92,,,,8.062,8.208,10.329,9.25,,,,,,
1247,24.94,,,,8.062,8.208,10.329,9.25,,,,,,
1248,24.96,,,,8.062,8.208,10.329,9.25,,,,,,
1249,24.98,,,,8.062,8.208,10.329,9.25,,,,,,
1250,25.0,,,,8.062,8.208,10.329,9.25,,,,,,
1251,25.02,,,,8.062,8.208,10.329,9.25,,,,,,
1252,25.04,,,,8.062,8.208,10.329,9.25,,,,,,
1253,25.06,,,,8.062,8.208,10.329,9.25,,,,,,
1254,25.08,,,,8.062,8.208,10.329,9.25,,,,,,
1255,25.1,,,,8.062,8.208,10.329,9.25,,,,,,
1256,25.12,,,,8.062,8.208,10.329,9.25,,,,,,
1257,25.14,,,,8.062,8.208,10.329,9.25,,,,,,
1258,25.16,3.237,5.893,bbox,8.062,8.208,10.329,9.25,7.1499,5.0841,,,,
1259,25.18,5.144,5.144,bbox,8.062,8.208,10.488,9.25,7.1247,3.4526,,,,
1260,25.2,,,,8.062,8.208,10.488,9.25,,,,,,
1261,25.22,5.177,5.144,bbox,8.212,8.208,10.638,9.25,7.1386,3.4606,,,,
1262,25.24,3.11,3.628,bbox,8.212,8.208,10.638,9.25,7.1494,5.2159,,,,
1263,25.26,2.67,3.237,pose,8.212,8.208,10.638,9.4,7.1242,5.2297,0.1225,0.4031,0.6472,0.4065
1264,25.28,3.047,3.11,bbox,8.212,8.208,10.638,9.532,7.1227,5.2463,,,,
1265,25.3,3.026,3.047,bbox,8.212,8.208,10.638,9.532,7.1254,5.263,,,,
1266,25.32,2.557,3.026,pose,8.212,8.208,10.638,9.562,7.1577,5.279,0.2213,0.4385,0.6837,0.3859
1267,25.34,3.183,3.026,bbox,8.212,8.208,10.638,9.562,3.5009,5.291,,,,
1268,25.36,,,,8.212,8.208,10.638,9.562,,,,,,
1269,25.38,,,,8.212,8.208,10.638,9.562,,,,,,
1270,25.4,,,,8.212,8.208,10.638,9.562,,,,,,
1271,25.42,,,,8.212,8.208,10.638,9.562,,,,,,
1272,25.44,,,,8.212,8.208,10.638,9.562,,,,,,
1273,25.46,,,,8.212,8.208,10.638,9.562,,,,,,
1274,25.48,,,,8.212,8.208,10.638,9.562,,,,,,
1275,25.5,,,,8.212,8.208,10.638,9.562,,,,,,
1276,25.52,,,,8.212,8.208,10.638,9.562,,,,,,
1277,25.54,,,,8.212,8.208,10.638,9.562,,,,,,
1278,25.56,,,,8.212,8.208,10.638,9.562,,,,,,
1279,25.58,,,,8.212,8.208,10.638,9.562,,,,,,
1280,25.6,,,,8.212,8.208,10.638,9.562,,,,,,
1281,25.62,,,,8.212,8.208,10.638,9.562,,,,,,
1282,25.64,,,,8.212,8.208,10.638,9.562,,,,,,
1283,25.66,,,,8.212,8.208,10.638,9.562,,,,,,
1284,25.68,,,,8.212,8.208,10.638,9.562,,,,,,
1285,25.7,,,,8.212,8.208,10.638,9.562,,,,,,
1286,25.72,,,,8.212,8.208,10.638,9.562,,,,,,
1287,25.74,,,,8.212,8.208,10.638,9.562,,,,,,
1288,25.76,,,,8.212,8.208,10.638,9.562,,,,,,
1289,25.78,,,,8.212,8.208,10.638,9.562,,,,,,
1290,25.8,,,,8.212,8.208,10.638,9.562,,,,,,
1291,25.82,,,,8.212,8.208,10.638,9.562,,,,,,
1292,25.84,,,,8.212,8.208,10.638,9.562,,,,,,
1293,25.86,,,,8.212,8.208,10.638,9.562,,,,,,
1294,25.88,,,,8.212,8.208,10.638,9.562,,,,,,
1295,25.9,,,,8.212,8.208,10.638,9.562,,,,,,
1296,25.92,,,,8.212,8.208,10.638,9.562,,,,,,
1297,25.94,,,,8.212,8.208,10.638,9.562,,,,,,
1298,25.96,,,,8.212,8.208,10.638,9.562,,,,,,
1299,25.98,,,,8.212,8.208,10.638,9.562,,,,,,
1300,26.0,,,,8.212,8.208,10.638,9.562,,,,,,
1301,26.02,,,,8.212,8.208,10.638,9.562,,,,,,
1302,26.04,,,,8.212,8.208,10.638,9.562,,,,,,
1303,26.06,,,,8.212,8.208,10.638,9.562,,,,,,
1304,26.08,,,,8.212,8.208,10.638,9.562,,,,,,
1305,26.1,,,,8.212,8.208,10.638,9.562,,,,,,
1306,26.12,,,,8.212,8.208,10.638,9.562,,,,,,
1307,26.14,,,,8.212,8.208,10.638,9.562,,,,,,
1308,26.16,5.5,3.047,pose,8.212,8.208,10.638,9.595,0.863,6.8143,0.12,0.5828,0.8221,0.743
1309,26.18,5.638,3.183,bbox,8.212,8.36,10.638,9.595,0.8848,6.8189,,,,
1310,26.2,5.601,5.5,bbox,8.212,8.51,10.638,9.757,0.9087,6.8238,,,,
1311,26.22,2.295,5.5,pose,8.212,8.51,10.638,9.757,5.3709,6.825,0.3765,0.6004,0.3637,0.7266
1312,26.24,,,,8.212,8.51,10.638,9.757,,,,,,
1313,26.26,,,,8.212,8.51,10.638,9.757,,,,,,
1314,26.28,,,,8.212,8.51,10.638,9.757,,,,,,
1315,26.3,,,,8.212,8.51,10.638,9.757,,,,,,
1316,26.32,,,,8.212,8.51,10.638,9.757,,,,,,
1317,26.34,,,,8.212,8.51,10.638,9.757,,,,,,
1318,26.36,,,,8.212,8.51,10.638,9.757,,,,,,
1319,26.38,,,,8.212,8.51,10.638,9.757,,,,,,
1320,26.4,,,,8.212,8.51,10.638,9.757,,,,,,
1321,26.42,,,,8.212,8.51,10.638,9.757,,,,,,
1322,26.44,,,,8.212,8.51,10.638,9.757,,,,,,
1323,26.46,,,,8.212,8.51,10.638,9.757,,,,,,
1324,26.48,,,,8.212,8.51,10.638,9.757,,,,,,
1325,26.5,,,,8.212,8.51,10.638,9.757,,,,,,
1326,26.52,,,,8.212,8.51,10.638,9.757,,,,,,
1327,26.54,,,,8.212,8.51,10.638,9.757,,,,,,
1328,26.56,,,,8.212,8.51,10.638,9.757,,,,,,
1329,26.58,,,,8.212,8.51,10.638,9.757,,,,,,
1330,26.6,,,,8.212,8.51,10.638,9.757,,,,,,
1331,26.62,,,,8.212,8.51,10.638,9.757,,,,,,
1332,26.64,,,,8.212,8.51,10.638,9.757,,,,,,
1333,26.66,,,,8.212,8.51,10.638,9.757,,,,,,
1334,26.68,,,,8.212,8.51,10.638,9.757,,,,,,
1335,26.7,,,,8.212,8.51,10.638,9.757,,,,,,
1336,26.72,,,,8.212,8.51,10.638,9.757,,,,,,
1337,26.74,,,,8.212,8.51,10.638,9.757,,,,,,
1338,26.76,,,,8.212,8.51,10.638,9.757,,,,,,
1339,26.78,,,,8.212,8.51,10.638,9.757,,,,,,
1340,26.8,,,,8.212,8.51,10.638,9.757,,,,,,
1341,26.82,,,,8.212,8.51,10.638,9.757,,,,,,
1342,26.84,5.225,5.5,bbox,8.212,8.51,10.638,9.757,1.5885,6.9314,,,,
1343,26.86,5.241,5.241,bbox,8.362,8.51,10.638,9.757,1.5876,6.9327,,,,
1344,26.88,4.719,5.225,pose,8.362,8.51,10.638,9.861,1.6038,6.9188,0.7531,0.498,0.7707,0.7078
1345,26.9,5.189,5.189,bbox,8.362,8.51,10.638,9.861,1.6016,6.9047,,,,
1346,26.92,5.184,5.189,bbox,8.362,8.51,10.638,9.861,1.6185,6.8906,,,,
1347,26.94,4.589,5.184,pose,8.362,8.51,10.638,9.861,1.6276,6.8742,0.7731,0.6072,0.7643,0.6876
1348,26.96,5.091,5.091,bbox,8.393,8.51,10.638,9.861,1.6313,6.8468,,,,
1349,26.98,5.093,5.093,bbox,8.393,8.51,10.683,9.861,1.6324,6.8285,,,,
1350,27.0,4.512,5.091,pose,8.393,8.51,10.683,9.861,1.6353,6.8177,0.7506,0.704,0.7701,0.6877
1351,27.02,5.13,5.091,bbox,8.393,8.51,10.728,9.861,1.6361,6.8023,,,,
1352,27.04,5.101,5.093,bbox,8.393,8.51,10.728,9.861,1.6417,6.7884,,,,
1353,27.06,4.486,5.093,pose,8.393,8.51,10.728,9.861,1.6457,6.7733,0.7347,0.7824,0.768,0.677
1354,27.08,5.115,5.101,bbox,8.393,8.51,10.768,9.861,1.6592,6.7629,,,,
1355,27.1,5.135,5.115,bbox,8.393,8.51,10.768,9.861,1.6659,6.7647,,,,
1356,27.12,4.74,5.101,pose,8.434,8.51,10.768,9.861,1.6814,6.7641,0.6713,0.3963,0.7843,0.667
1357,27.14,5.121,5.115,bbox,8.434,8.51,10.768,9.861,1.695,6.7608,,,,
1358,27.16,5.127,5.121,bbox,8.434,8.51,10.768,9.861,1.7065,6.7609,,,,
1359,27.18,4.532,5.121,pose,8.469,8.51,10.768,9.861,1.7172,6.757,0.6022,0.8271,0.827,0.6743
1360,27.2,5.124,5.121,bbox,8.469,8.51,10.768,9.861,1.7192,6.7548,,,,
1361,27.22,5.143,5.124,bbox,8.469,8.51,10.8,9.861,1.7121,6.7542,,,,
1362,27.24,2.365,5.124,pose,8.469,8.51,10.8,9.861,1.7147,3.5451,0.5869,0.3832,0.789,0.4041
1363,27.26,2.819,4.532,bbox,8.469,8.51,10.8,9.861,1.7148,3.5451,,,,
1364,27.28,2.812,2.819,bbox,8.469,8.51,10.953,9.861,1.7123,3.5438,,,,
1365,27.3,2.364,2.812,pose,8.469,8.51,10.953,9.861,1.7025,3.5522,0.6097,0.4267,0.7894,0.4132
1366,27.32,2.846,2.812,bbox,8.469,8.51,10.953,9.861,1.6899,3.5563,,,,
1367,27.34,2.861,2.819,bbox,8.469,8.51,10.953,9.861,1.6818,3.5589,,,,
1368,27.36,2.361,2.812,pose,8.469,8.51,10.953,9.861,1.6652,3.5606,0.6721,0.4384,0.7954,0.4111
1369,27.38,2.871,2.846,bbox,8.469,8.51,10.953,9.861,1.6686,3.5653,,,,
1370,27.4,2.891,2.861,bbox,8.469,8.51,10.953,9.861,1.6564,3.5666,,,,
1371,27.42,2.897,2.871,bbox,8.469,8.51,10.953,9.861,1.6451,3.5663,0.7224,,0.7959,
1372,27.44,2.912,2.891,bbox,8.469,8.549,10.953,9.861,1.6371,3.5688,,,,
1373,27.46,2.933,2.897,bbox,8.469,8.549,10.953,9.861,1.6324,3.5759,,,,
1374,27.48,2.402,2.897,pose,8.469,8.549,10.953,9.861,1.6267,3.5798,0.7482,0.4067,0.778,0.3937
1375,27.5,2.932,2.912,bbox,8.469,8.549,10.953,9.892,1.6229,3.5811,,,,
1376,27.52,2.923,2.923,bbox,8.469,8.549,10.953,9.892,1.6238,3.5773,,,,
1377,27.54,2.389,2.923,pose,8.469,8.581,10.953,9.892,1.623,3.5704,0.7714,0.4224,0.7573,0.3987
1378,27.56,2.907,2.907,bbox,8.469,8.581,10.953,9.892,1.6205,3.5647,,,,
1379,27.58,2.899,2.907,bbox,8.469,8.581,10.953,9.892,1.6192,3.5549,,,,
1380,27.6,4.446,2.907,pose,8.469,8.581,10.953,9.892,1.619,6.5044,0.7787,0.6959,0.7567,0.7077
1381,27.62,4.883,2.907,bbox,8.469,8.581,10.953,9.892,1.6183,6.5013,,,,
1382,27.64,4.895,4.446,bbox,8.469,8.581,10.953,10.037,1.6154,6.5085,,,,
1383,27.66,4.466,4.466,pose,8.469,8.581,10.953,10.037,1.6157,6.5182,0.7728,0.6924,0.7601,0.703
1384,27.68,4.908,4.883,bbox,8.469,8.581,10.953,10.037,1.6142,6.5317,,,,
1385,27.7,3.505,4.883,bbox,8.469,8.581,10.953,10.037,1.6093,4.5111,,,,
1386,27.72,4.78,4.78,bbox,8.469,8.581,10.953,10.037,1.6051,5.2035,0.7635,,0.7547,
1387,27.74,4.782,4.78,bbox,8.469,8.581,11.096,10.037,1.5969,5.218,,,,
1388,27.76,4.808,4.782,bbox,8.469,8.581,11.096,10.037,1.6001,5.2254,,,,
1389,27.78,4.229,4.78,pose,8.469,8.581,11.096,10.037,1.5974,5.233,0.7467,0.4358,0.7675,0.4199
1390,27.8,4.863,4.782,bbox,8.469,8.581,11.096,10.037,1.5891,5.2423,,,,
1391,27.82,4.902,4.808,bbox,8.469,8.581,11.096,10.037,1.5844,5.251,,,,
1392,27.84,4.487,4.808,pose,8.469,8.616,11.096,10.037,1.583,6.6037,0.7408,0.6894,0.7781,0.6794
1393,27.86,5.033,4.863,bbox,8.469,8.616,11.096,10.07,1.5809,6.6366,,,,
1394,27.88,5.0,4.902,bbox,8.469,8.616,11.096,10.07,1.5733,5.2618,,,,
1395,27.9,,,,8.469,8.616,11.096,10.07,,,,,,
1396,27.92,,,,8.469,8.616,11.096,10.07,,,,,,
1397,27.94,2.788,4.902,bbox,8.469,8.616,11.096,10.07,1.571,3.4047,,,,
1398,27.96,2.19,4.487,pose,8.469,8.616,11.096,10.07,1.5687,3.3917,0.7336,0.4314,0.7687,0.4155
1399,27.98,2.747,2.788,bbox,8.469,8.616,11.235,10.07,1.572,3.3909,,,,
1400,28.0,2.715,2.747,bbox,8.469,8.616,11.235,10.07,1.5761,3.3816,,,,
1401,28.02,2.2,2.715,pose,8.469,8.616,11.235,10.07,1.5793,3.3776,0.7183,0.346,0.7926,0.4319
1402,28.04,2.716,2.715,bbox,8.469,8.616,11.235,10.07,1.581,3.3746,,,,
1403,28.06,2.699,2.715,bbox,8.469,8.616,11.235,10.07,1.5862,3.3683,,,,
1404,28.08,4.476,2.715,pose,8.469,8.616,11.235,10.07,1.5919,6.5317,0.7226,0.6946,0.7809,0.6801
1405,28.1,4.896,2.716,bbox,8.469,8.616,11.235,10.07,1.5966,6.5319,,,,
1406,28.12,4.888,4.476,bbox,8.469,8.616,11.235,10.192,1.6014,6.5246,,,,
1407,28.14,4.471,4.476,pose,8.469,8.616,11.235,10.192,1.6107,6.5196,0.7323,0.6945,0.775,0.6674
1408,28.16,4.85,4.85,bbox,8.469,8.616,11.235,10.192,1.6156,6.5133,,,,
1409,28.18,4.833,4.85,bbox,8.469,8.616,11.235,10.192,1.6225,6.5133,,,,
1410,28.2,4.456,4.833,pose,8.469,8.616,11.235,10.192,1.6273,6.5091,0.7388,0.6908,0.7688,0.6599
1411,28.22,4.807,4.807,bbox,8.503,8.616,11.235,10.192,1.6338,6.4988,,,,
1412,28.24,4.762,4.807,bbox,8.503,8.616,11.235,10.192,1.6428,6.4915,,,,
1413,28.26,4.413,4.762,pose,8.503,8.616,11.235,10.192,1.6469,6.4892,0.7541,0.6886,0.7552,0.6858
1414,28.28,4.755,4.755,bbox,8.503,8.616,11.268,10.192,1.654,6.484,,,,
1415,28.3,4.744,4.755,bbox,8.503,8.616,11.268,10.192,1.6635,6.4744,,,,
1416,28.32,4.423,4.744,pose,8.534,8.616,11.268,10.192,1.674,6.4756,0.7459,0.6614,0.7456,0.6836
1417,28.34,4.734,4.734,bbox,8.534,8.616,11.268,10.192,1.6741,6.4664,,,,
1418,28.36,4.717,4.734,bbox,8.534,8.616,11.268,10.192,1.6782,6.4569,,,,
1419,28.38,4.444,4.717,pose,8.534,8.616,11.268,10.192,1.6877,6.4432,0.7295,0.597,0.7654,0.6867
1420,28.4,4.687,4.687,bbox,8.534,8.616,11.303,10.192,1.689,6.4249,,,,
1421,28.42,4.673,4.687,bbox,8.568,8.616,11.303,10.192,1.6963,6.409,,,,
1422,28.44,4.462,4.673,pose,8.568,8.616,11.335,10.192,1.6943,6.3977,0.704,0.5338,0.7678,0.7001
1423,28.46,4.622,4.622,bbox,8.568,8.616,11.335,10.192,1.7049,6.3782,,,,
1424,28.48,4.601,4.622,bbox,8.568,8.616,11.335,10.192,1.7218,6.3786,,,,
1425,28.5,4.453,4.601,pose,8.568,8.616,11.381,10.192,1.7277,6.3682,0.6349,0.4725,0.78,0.6954
1426,28.52,4.57,4.57,bbox,8.602,8.616,11.381,10.192,1.7445,6.3632,,,,
1427,28.54,4.547,4.57,bbox,8.602,8.616,11.381,10.192,1.7563,6.3524,,,,
1428,28.56,4.459,4.547,pose,8.602,8.616,11.381,10.192,1.7745,6.3528,0.5696,0.4452,0.7863,0.7177
1429,28.58,4.52,4.52,bbox,8.637,8.616,11.381,10.192,1.7843,6.3562,,,,
1430,28.6,4.519,4.52,bbox,8.637,8.616,11.381,10.192,1.7947,6.359,,,,
1431,28.62,4.452,4.519,pose,8.637,8.616,11.381,10.192,1.7946,6.3607,0.5101,0.4424,0.7845,0.7123
1432,28.64,4.508,4.508,bbox,8.675,8.616,11.381,10.192,1.8013,6.3608,,,,
1433,28.66,4.515,4.515,bbox,8.675,8.616,11.381,10.192,1.8089,6.3617,,,,
1434,28.68,4.453,4.508,pose,8.675,8.616,11.381,10.192,1.8053,6.362,0.4595,0.4661,0.8031,0.6927
1435,28.7,4.485,4.485,bbox,8.675,8.616,11.381,10.192,1.8074,6.3662,,,,
1436,28.72,4.488,4.488,bbox,8.675,8.616,11.381,10.192,1.8031,6.3697,,,,
1437,28.74,4.405,4.485,pose,8.675,8.616,11.381,10.192,1.808,6.376,0.4573,0.4568,0.7931,0.7012
1438,28.76,4.478,4.478,bbox,8.675,8.616,11.381,10.192,1.7954,6.3775,,,,
1439,28.78,4.472,4.478,bbox,8.675,8.616,11.381,10.192,1.7938,6.3839,,,,
1440,28.8,4.392,4.472,pose,8.675,8.616,11.381,10.192,1.8057,6.3837,0.4514,0.4494,0.7911,0.7064
1441,28.82,4.474,4.472,bbox,8.675,8.616,11.381,10.192,1.8079,6.3833,,,,
1442,28.84,4.477,4.474,bbox,8.675,8.616,11.381,10.192,1.8142,6.3807,,,,
1443,28.86,4.41,4.472,pose,8.675,8.616,11.381,10.192,1.8018,6.38,0.4611,0.4477,0.781,0.6977
1444,28.88,4.523,4.474,bbox,8.675,8.616,11.381,10.192,1.7938,6.3781,,,,
1445,28.9,4.511,4.477,bbox,8.675,8.616,11.381,10.192,1.7834,6.3764,,,,
1446,28.92,4.406,4.477,pose,8.675,8.616,11.381,10.192,1.778,6.3841,0.4744,0.4453,0.7837,0.6872
1447,28.94,4.509,4.509,bbox,8.675,8.616,11.381,10.192,1.7653,6.3785,,,,
1448,28.96,4.515,4.511,bbox,8.675,8.616,11.381,10.192,1.747,6.3767,,,,
1449,28.98,4.402,4.509,pose,8.675,8.616,11.381,10.192,1.7351,6.3699,0.4621,0.4486,0.7899,0.6805
1450,29.0,4.542,4.509,bbox,8.675,8.664,11.381,10.192,1.7213,6.3652,,,,
1451,29.02,4.538,4.515,bbox,8.675,8.664,11.381,10.192,1.7169,6.3642,,,,
1452,29.04,4.387,4.515,pose,8.675,8.664,11.381,10.192,1.7128,6.3621,0.4845,0.4426,0.7867,0.6975
1453,29.06,4.514,4.514,bbox,8.675,8.694,11.381,10.192,1.7125,6.3686,,,,
1454,29.08,4.539,4.538,bbox,8.675,8.694,11.381,10.192,1.7042,6.3644,,,,
1455,29.1,4.364,4.514,pose,8.675,8.694,11.381,10.192,1.7055,6.371,0.4862,0.4439,0.7789,0.6848
1456,29.12,4.556,4.514,bbox,8.675,8.694,11.381,10.192,1.7036,6.3796,,,,
1457,29.14,4.515,4.515,bbox,8.675,8.694,11.381,10.192,1.7056,6.3763,,,,
1458,29.16,4.392,4.515,pose,8.675,8.694,11.381,10.192,1.7091,6.379,0.447,0.4497,0.7745,0.6996
1459,29.18,4.519,4.515,bbox,8.675,8.694,11.381,10.192,1.7113,6.3794,,,,
1460,29.2,4.51,4.515,bbox,8.675,8.694,11.381,10.192,1.7138,6.3807,,,,
1461,29.22,4.426,4.51,pose,8.675,8.694,11.381,10.192,1.7141,6.3823,0.4104,0.4483,0.7721,0.7052
1462,29.24,4.523,4.51,bbox,8.675,8.694,11.381,10.192,1.7131,6.3826,,,,
1463,29.26,4.506,4.51,bbox,8.675,8.694,11.381,10.192,1.7205,6.3839,,,,
1464,29.28,4.434,4.506,pose,8.675,8.694,11.381,10.192,1.7218,6.3824,0.3925,0.4487,0.7523,0.6942
1465,29.3,4.542,4.506,bbox,8.675,8.694,11.381,10.192,1.7229,6.3792,,,,
1466,29.32,4.584,4.523,bbox,8.675,8.694,11.381,10.192,1.7266,6.4105,,,,
1467,29.34,4.475,4.506,pose,8.675,8.694,11.381,10.192,1.7344,6.4311,0.4072,0.4477,0.7474,0.6802
1468,29.36,2.432,4.475,bbox,8.675,8.694,11.381,10.192,1.7394,3.2215,,,,
1469,29.38,2.443,4.475,bbox,8.675,8.694,11.381,10.192,1.7422,3.2192,,,,
1470,29.4,2.022,2.443,pose,8.675,8.694,11.53,10.192,1.7474,3.2311,0.4945,0.4076,0.7526,0.3982
1471,29.42,4.697,2.443,bbox,8.675,8.694,11.53,10.192,1.7497,6.498,,,,
1472,29.44,4.673,2.443,bbox,8.706,8.694,11.53,10.192,1.7569,6.4768,,,,
1473,29.46,4.172,4.172,pose,8.706,8.694,11.53,10.342,1.7732,6.4455,0.6606,0.5287,0.7581,0.6468
1474,29.48,2.38,4.172,bbox,8.706,8.694,11.53,10.342,1.7999,3.2277,,,,
1475,29.5,,,,8.706,8.694,11.53,10.342,,,,,,
1476,29.52,,,,8.706,8.694,11.53,10.342,,,,,,
1477,29.54,,,,8.706,8.694,11.53,10.342,,,,,,
1478,29.56,,,,8.706,8.694,11.53,10.342,,,,,,
1479,29.58,,,,8.706,8.694,11.53,10.342,,,,,,
1480,29.6,,,,8.706,8.694,11.53,10.342,,,,,,
1481,29.62,,,,8.706,8.694,11.53,10.342,,,,,,
1482,29.64,,,,8.706,8.694,11.53,10.342,,,,,,
1483,29.66,,,,8.706,8.694,11.53,10.342,,,,,,
1484,29.68,,,,8.706,8.694,11.53,10.342,,,,,,
1485,29.7,,,,8.706,8.694,11.53,10.342,,,,,,
1486,29.72,,,,8.706,8.694,11.53,10.342,,,,,,
1487,29.74,,,,8.706,8.694,11.53,10.342,,,,,,
1488,29.76,,,,8.706,8.694,11.53,10.342,,,,,,
1489,29.78,,,,8.706,8.694,11.53,10.342,,,,,,
1490,29.8,,,,8.706,8.694,11.53,10.342,,,,,,
1491,29.82,,,,8.706,8.694,11.53,10.342,,,,,,
1492,29.84,,,,8.706,8.694,11.53,10.342,,,,,,
1493,29.86,,,,8.706,8.694,11.53,10.342,,,,,,
1494,29.88,,,,8.706,8.694,11.53,10.342,,,,,,
1495,29.9,,,,8.706,8.694,11.53,10.342,,,,,,
1496,29.92,,,,8.706,8.694,11.53,10.342,,,,,,
1497,29.94,,,,8.706,8.694,11.53,10.342,,,,,,
1498,29.96,,,,8.706,8.694,11.53,10.342,,,,,,
1499,29.98,,,,8.706,8.694,11.53,10.342,,,,,,
1500,30.0,,,,8.706,8.694,11.53,10.342,,,,,,
1501,30.02,,,,8.706,8.694,11.53,10.342,,,,,,
1502,30.04,,,,8.706,8.694,11.53,10.342,,,,,,
1503,30.06,,,,8.706,8.694,11.53,10.342,,,,,,
1504,30.08,,,,8.706,8.694,11.53,10.342,,,,,,
1505,30.1,3.716,4.172,bbox,8.706,8.694,11.53,10.342,2.2662,5.988,,,,
1506,30.12,3.57,3.716,pose,8.758,8.694,11.68,10.342,2.2811,5.9851,0.5385,0.3208,0.7415,0.6624
1507,30.14,3.724,3.716,bbox,8.908,8.694,11.68,10.342,2.2955,5.9827,,,,
1508,30.16,3.736,3.716,bbox,8.908,8.694,11.68,10.342,2.3016,5.9768,,,,
1509,30.18,3.547,3.716,pose,8.908,8.694,11.68,10.342,2.3138,5.9692,0.6004,0.332,0.696,0.6338
1510,30.2,3.753,3.724,bbox,8.943,8.694,11.68,10.342,2.3173,5.9824,,,,
1511,30.22,2.035,3.724,bbox,8.943,8.694,11.68,10.342,2.3363,3.3191,,,,
1512,30.24,,,,8.943,8.694,11.68,10.342,,,,,,
1513,30.26,,,,8.943,8.694,11.68,10.342,,,,,,
1514,30.28,,,,8.943,8.694,11.68,10.342,,,,,,
1515,30.3,,,,8.943,8.694,11.68,10.342,,,,,,
1516,30.32,,,,8.943,8.694,11.68,10.342,,,,,,
1517,30.34,,,,8.943,8.694,11.68,10.342,,,,,,
1518,30.36,,,,8.943,8.694,11.68,10.342,,,,,,
1519,30.38,,,,8.943,8.694,11.68,10.342,,,,,,
1520,30.4,,,,8.943,8.694,11.68,10.342,,,,,,
1521,30.42,,,,8.943,8.694,11.68,10.342,,,,,,
1522,30.44,,,,8.943,8.694,11.68,10.342,,,,,,
1523,30.46,,,,8.943,8.694,11.68,10.342,,,,,,
1524,30.48,,,,8.943,8.694,11.68,10.342,,,,,,
1525,30.5,,,,8.943,8.694,11.68,10.342,,,,,,
1526,30.52,,,,8.943,8.694,11.68,10.342,,,,,,
1527,30.54,,,,8.943,8.694,11.68,10.342,,,,,,
1528,30.56,,,,8.943,8.694,11.68,10.342,,,,,,
1529,30.58,,,,8.943,8.694,11.68,10.342,,,,,,
1530,30.6,,,,8.943,8.694,11.68,10.342,,,,,,
1531,30.62,,,,8.943,8.694,11.68,10.342,,,,,,
1532,30.64,,,,8.943,8.694,11.68,10.342,,,,,,
1533,30.66,,,,8.943,8.694,11.68,10.342,,,,,,
1534,30.68,,,,8.943,8.694,11.68,10.342,,,,,,
1535,30.7,,,,8.943,8.694,11.68,10.342,,,,,,
1536,30.72,,,,8.943,8.694,11.68,10.342,,,,,,
1537,30.74,,,,8.943,8.694,11.68,10.342,,,,,,
1538,30.76,,,,8.943,8.694,11.68,10.342,,,,,,
1539,30.78,,,,8.943,8.694,11.68,10.342,,,,,,
1540,30.8,3.051,3.547,bbox,8.943,8.694,11.68,10.342,5.6575,2.6849,,,,
1541,30.82,3.142,3.142,bbox,8.978,8.694,11.849,10.342,5.6615,2.6587,,,,
1542,30.84,2.413,3.051,pose,9.128,8.694,11.999,10.342,5.6602,2.67,0.789,0.8565,0.6259,0.6581
1543,30.86,3.161,3.051,bbox,9.128,8.694,11.999,10.342,5.6474,2.6685,,,,
1544,30.88,3.205,3.142,bbox,9.128,8.694,11.999,10.342,5.6401,2.6627,,,,
1545,30.9,2.487,3.142,pose,9.128,8.694,11.999,10.342,5.6355,2.6594,0.8035,0.8743,0.589,0.637
1546,30.92,3.219,3.161,bbox,9.128,8.694,11.999,10.342,5.6361,2.6553,,,,
1547,30.94,3.23,3.205,bbox,9.128,8.694,11.999,10.342,5.6389,2.6498,,,,
1548,30.96,2.477,3.205,pose,9.128,8.694,11.999,10.342,5.643,2.6338,0.8091,0.894,0.5777,0.6567
1549,30.98,3.228,3.219,bbox,9.128,8.694,12.034,10.342,5.6546,2.6291,,,,
1550,31.0,3.207,3.219,bbox,9.128,8.694,12.034,10.342,5.6622,2.6272,,,,
1551,31.02,2.433,3.207,pose,9.128,8.694,12.034,10.342,5.6799,2.614,0.8153,0.9153,0.6122,0.7061
1552,31.04,3.198,3.198,bbox,9.128,8.694,12.034,10.342,5.6905,2.6072,,,,
1553,31.06,3.211,3.207,bbox,9.128,8.694,12.07,10.342,5.6994,2.5918,,,,
1554,31.08,2.445,3.198,pose,9.161,8.694,12.07,10.342,5.7073,2.5733,0.7984,0.9385,0.6658,0.7424
1555,31.1,3.234,3.198,bbox,9.161,8.694,12.07,10.342,5.7146,2.5468,,,,
1556,31.12,3.274,3.211,bbox,9.161,8.694,12.111,10.342,5.7284,2.5038,,,,
1557,31.14,2.677,3.211,pose,9.161,8.694,12.111,10.342,5.7429,2.4603,0.7257,0.8582,0.6612,0.7169
1558,31.16,3.393,3.234,bbox,9.199,8.694,12.18,10.342,5.7611,2.4381,,,,
1559,31.18,3.434,3.274,bbox,9.199,8.694,12.224,10.342,5.7683,2.4252,,,,
1560,31.2,2.929,3.274,pose,9.232,8.694,12.224,10.342,5.7655,2.3999,0.6013,0.8582,0.655,0.6791
1561,31.22,3.528,3.393,bbox,9.232,8.694,12.259,10.342,5.7584,2.3766,,,,
1562,31.24,3.589,3.434,bbox,9.232,8.694,12.259,10.342,5.7726,2.3646,,,,
1563,31.26,3.15,3.434,pose,9.232,8.694,12.307,10.342,5.7717,2.3502,0.5175,0.9007,0.6037,0.6444
1564,31.28,3.692,3.528,bbox,9.232,8.694,12.307,10.342,5.7615,2.342,,,,
1565,31.3,3.709,3.589,bbox,9.232,8.694,12.307,10.342,5.754,2.3286,,,,
1566,31.32,3.294,3.589,pose,9.232,8.694,12.342,10.342,5.7543,2.3268,0.4251,0.9249,0.6024,0.6426
1567,31.34,3.701,3.692,bbox,9.232,8.694,12.342,10.342,5.7549,2.3344,,,,
1568,31.36,3.687,3.692,bbox,9.232,8.694,12.342,10.342,5.7528,2.3338,,,,
1569,31.38,3.246,3.687,pose,9.232,8.694,12.342,10.342,5.7479,2.3372,0.4562,0.8978,0.5818,0.688
1570,31.4,3.623,3.623,bbox,9.232,8.694,12.342,10.342,5.7401,2.3382,,,,
1571,31.42,3.562,3.623,bbox,9.232,8.694,12.342,10.342,5.7318,2.3323,,,,
1572,31.44,3.073,3.562,pose,9.232,8.694,12.342,10.342,5.7225,2.3341,0.5457,0.8507,0.576,0.7399
1573,31.46,3.503,3.503,bbox,9.232,8.694,12.342,10.342,5.7211,2.3096,,,,
1574,31.48,3.505,3.505,bbox,9.232,8.732,12.342,10.342,5.6976,2.2863,,,,
1575,31.5,2.988,3.503,pose,9.232,8.732,12.374,10.342,5.7505,2.2711,0.6978,0.7135,0.5948,0.7638
1576,31.52,3.535,3.503,bbox,9.232,8.732,12.374,10.342,5.7275,2.2625,,,,
1577,31.54,3.509,3.505,bbox,9.232,8.732,12.413,10.342,5.6927,2.2591,,,,
1578,31.56,2.98,3.505,pose,9.232,8.732,12.413,10.342,5.6618,2.2534,0.8667,0.5425,0.6079,0.748
1579,31.58,3.5,3.5,bbox,9.232,8.732,12.413,10.342,5.6278,2.2494,,,,
1580,31.6,3.519,3.509,bbox,9.232,8.793,12.413,10.342,5.6144,2.2459,,,,
1581,31.62,2.995,3.5,pose,9.232,8.827,12.413,10.342,5.5972,2.2437,0.994,0.5048,0.581,0.725
1582,31.64,3.516,3.5,bbox,9.232,8.827,12.413,10.342,5.574,2.2424,,,,
1583,31.66,3.514,3.514,bbox,9.232,8.858,12.413,10.342,5.5544,2.2449,,,,
1584,31.68,2.957,3.514,pose,9.232,8.858,12.413,10.342,5.5151,2.2469,1.0469,0.5382,0.557,0.6628
1585,31.7,3.432,3.432,bbox,9.232,8.901,12.413,10.342,5.4793,2.2464,,,,
1586,31.72,3.407,3.432,bbox,9.232,8.94,12.413,10.342,5.4843,2.2503,,,,
1587,31.74,2.827,3.407,pose,9.232,8.971,12.413,10.342,5.4481,2.2579,1.0164,0.6113,0.5526,0.638
1588,31.76,3.344,3.344,bbox,9.232,8.971,12.413,10.342,5.417,2.2616,,,,
1589,31.78,3.328,3.344,bbox,9.232,9.007,12.413,10.342,5.3806,2.2709,,,,
1590,31.8,2.672,3.328,pose,9.232,9.038,12.413,10.342,5.3735,2.2879,0.9253,0.7683,0.579,0.6623
1591,31.82,3.216,3.216,bbox,9.232,9.074,12.413,10.342,5.3553,2.2982,,,,
1592,31.84,3.03,3.216,bbox,9.232,9.074,12.413,10.342,5.3322,2.3248,,,,
1593,31.86,2.688,3.03,bbox,9.232,9.074,12.413,10.342,5.3083,2.3429,,0.9548,,0.681
1594,31.88,2.946,2.946,bbox,9.232,9.123,12.413,10.396,5.272,2.3739,,,,
1595,31.9,2.55,2.946,bbox,9.232,9.123,12.413,10.396,5.2457,2.4004,,,,
1596,31.92,2.164,2.688,pose,9.232,9.183,12.413,10.445,5.2274,2.431,0.774,1.0502,0.589,0.6885
1597,31.94,2.905,2.688,bbox,9.232,9.183,12.413,10.445,5.2102,2.4434,,,,
1598,31.96,2.896,2.896,bbox,9.232,9.228,12.413,10.502,5.1995,2.4609,,,,
1599,31.98,2.139,2.55,pose,9.232,9.228,12.413,10.502,5.1949,2.4681,0.79,1.0505,0.6054,0.6445
1600,32.0,2.869,2.869,bbox,9.232,9.228,12.413,10.502,5.1655,2.4753,,,,
1601,32.02,2.888,2.888,bbox,9.232,9.26,12.413,10.54,5.1601,2.4753,,,,
1602,32.04,2.11,2.869,pose,9.232,9.26,12.413,10.54,5.1497,2.4783,0.7384,1.049,0.5742,0.5959
1603,32.06,2.901,2.869,bbox,9.232,9.291,12.413,10.54,5.1641,2.4834,,,,
1604,32.08,2.818,2.869,bbox,9.232,9.291,12.413,10.54,5.1534,2.4857,,,,
1605,32.1,2.063,2.818,pose,9.232,9.291,12.413,10.54,5.149,2.4824,0.7426,1.0529,0.5796,0.6251
1606,32.12,2.867,2.818,bbox,9.232,9.291,12.413,10.54,5.1644,2.4803,,,,
1607,32.14,2.813,2.818,bbox,9.232,9.291,12.413,10.54,5.1847,2.4784,,,,
1608,32.16,2.079,2.813,pose,9.232,9.291,12.413,10.54,5.2134,2.4742,0.8068,1.0398,0.6026,0.6554
1609,32.18,2.875,2.813,bbox,9.232,9.291,12.413,10.54,5.2465,2.4645,,,,
1610,32.2,2.907,2.867,bbox,9.281,9.291,12.413,10.54,5.2809,2.4451,,,,
1611,32.22,2.155,2.813,pose,9.314,9.291,12.413,10.54,5.3202,2.4305,0.8854,1.0591,0.614,0.6805
1612,32.24,2.993,2.875,bbox,9.348,9.291,12.413,10.54,5.354,2.4201,,,,
1613,32.26,3.098,2.907,bbox,9.388,9.291,12.451,10.54,5.3945,2.4038,,,,
1614,32.28,2.37,2.907,pose,9.422,9.291,12.451,10.54,5.4266,2.3892,0.8742,1.0108,0.5899,0.6836
1615,32.3,3.214,2.993,bbox,9.462,9.291,12.451,10.54,5.4526,2.3773,,,,
1616,32.32,3.336,3.098,bbox,9.494,9.291,12.492,10.54,5.4893,2.3665,,,,
1617,32.34,2.714,3.098,pose,9.494,9.291,12.492,10.54,5.4991,2.3565,0.7959,0.9614,0.5568,0.6624
1618,32.36,3.413,3.214,bbox,9.557,9.291,12.492,10.54,5.4991,2.3442,,,,
1619,32.38,3.45,3.336,bbox,9.557,9.291,12.525,10.54,5.504,2.3358,,,,
1620,32.4,2.945,3.336,pose,9.557,9.291,12.525,10.54,5.5084,2.3319,0.6251,0.9577,0.5304,0.6386
1621,32.42,3.532,3.413,bbox,9.557,9.291,12.525,10.54,5.5115,2.3232,,,,
1622,32.44,3.527,3.45,bbox,9.557,9.291,12.525,10.54,5.5108,2.317,,,,
1623,32.46,2.958,3.45,pose,9.557,9.291,12.558,10.54,5.5163,2.3164,0.5978,0.9758,0.5409,0.6383
1624,32.48,3.484,3.484,bbox,9.557,9.291,12.558,10.54,5.512,2.319,,,,
1625,32.5,3.463,3.484,bbox,9.557,9.291,12.558,10.54,5.5081,2.3202,,,,
1626,32.52,2.826,3.463,pose,9.557,9.291,12.558,10.54,5.4981,2.3218,0.6479,0.9594,0.5332,0.6616
1627,32.54,1.942,2.958,bbox,9.557,9.291,12.558,10.54,3.1982,2.3348,,,,
1628,32.56,1.952,2.826,bbox,9.557,9.291,12.558,10.54,3.2069,2.3364,,,,
1629,32.58,2.639,2.639,pose,9.557,9.291,12.558,10.54,5.4922,2.3458,0.739,0.9113,0.5833,0.6994
1630,32.6,3.279,2.639,bbox,9.557,9.291,12.558,10.54,5.4776,2.3488,,,,
1631,32.62,3.226,2.639,bbox,9.557,9.329,12.558,10.54,5.4509,2.3676,,,,
1632,32.64,2.446,2.639,pose,9.557,9.329,12.558,10.54,5.422,2.3827,0.8493,0.8499,0.5997,0.7383
1633,32.66,3.11,3.11,bbox,9.557,9.329,12.558,10.584,5.3978,2.4048,,,,
1634,32.68,3.086,3.11,bbox,9.557,9.329,12.558,10.584,5.389,2.4262,,,,
1635,32.7,2.341,3.086,pose,9.557,9.382,12.558,10.621,5.3694,2.4453,0.92,0.771,0.6051,0.7542
1636,32.72,2.973,2.973,bbox,9.557,9.382,12.558,10.621,5.3615,2.4616,,,,
1637,32.74,2.954,2.973,bbox,9.557,9.382,12.558,10.662,5.3615,2.4712,,,,
1638,32.76,2.276,2.954,pose,9.557,9.419,12.558,10.662,5.3601,2.4703,0.955,0.7251,0.5542,0.7424
1639,32.78,2.984,2.954,bbox,9.557,9.419,12.558,10.662,5.359,2.4673,,,,
1640,32.8,2.994,2.973,bbox,9.557,9.419,12.558,10.662,5.3578,2.465,,,,
1641,32.82,2.278,2.954,pose,9.557,9.419,12.558,10.662,5.3557,2.4664,0.9577,0.7992,0.543,0.7134
1642,32.84,3.052,2.984,bbox,9.557,9.419,12.558,10.662,5.3562,2.4802,,,,
1643,32.86,3.041,2.994,bbox,9.557,9.419,12.558,10.662,5.3543,2.4865,,,,
1644,32.88,2.157,2.994,pose,9.557,9.419,12.558,10.697,5.3565,2.5145,0.9308,0.9553,0.5738,0.7088
1645,32.9,3.001,3.001,bbox,9.557,9.419,12.558,10.697,5.3605,2.5378,,,,
1646,32.92,2.98,3.001,bbox,9.557,9.419,12.558,10.731,5.3635,2.5608,,,,
1647,32.94,2.032,2.98,pose,9.557,9.419,12.558,10.731,5.3712,2.5824,0.9359,1.0761,0.6095,0.6825
1648,32.96,1.876,2.157,bbox,9.557,9.419,12.558,10.777,3.291,2.5946,,,,
1649,32.98,,,,9.557,9.419,12.558,10.777,,,,,,
1650,33.0,,,,9.557,9.419,12.558,10.777,,,,,,
1651,33.02,,,,9.557,9.419,12.558,10.777,,,,,,
1652,33.04,,,,9.557,9.419,12.558,10.777,,,,,,
1653,33.06,,,,9.557,9.419,12.558,10.777,,,,,,
1654,33.08,,,,9.557,9.419,12.558,10.777,,,,,,
1655,33.1,,,,9.557,9.419,12.558,10.777,,,,,,
1656,33.12,,,,9.557,9.419,12.558,10.777,,,,,,
1657,33.14,,,,9.557,9.419,12.558,10.777,,,,,,
1658,33.16,,,,9.557,9.419,12.558,10.777,,,,,,
1659,33.18,,,,9.557,9.419,12.558,10.777,,,,,,
1660,33.2,,,,9.557,9.419,12.558,10.777,,,,,,
1661,33.22,,,,9.557,9.419,12.558,10.777,,,,,,
1662,33.24,,,,9.557,9.419,12.558,10.777,,,,,,
1663,33.26,,,,9.557,9.419,12.558,10.777,,,,,,
1664,33.28,,,,9.557,9.419,12.558,10.777,,,,,,
1665,33.3,,,,9.557,9.419,12.558,10.777,,,,,,
1666,33.32,,,,9.557,9.419,12.558,10.777,,,,,,
1667,33.34,,,,9.557,9.419,12.558,10.777,,,,,,
1668,33.36,,,,9.557,9.419,12.558,10.777,,,,,,
1669,33.38,,,,9.557,9.419,12.558,10.777,,,,,,
1670,33.4,,,,9.557,9.419,12.558,10.777,,,,,,
1671,33.42,,,,9.557,9.419,12.558,10.777,,,,,,
1672,33.44,,,,9.557,9.419,12.558,10.777,,,,,,
1673,33.46,,,,9.557,9.419,12.558,10.777,,,,,,
1674,33.48,,,,9.557,9.419,12.558,10.777,,,,,,
1675,33.5,,,,9.557,9.419,12.558,10.777,,,,,,
1676,33.52,,,,9.557,9.419,12.558,10.777,,,,,,
1677,33.54,,,,9.557,9.419,12.558,10.777,,,,,,
1678,33.56,,,,9.557,9.419,12.558,10.777,,,,,,
1679,33.58,3.409,2.98,bbox,9.557,9.419,12.558,10.777,5.6655,2.5408,,,,
1680,33.6,2.84,2.84,pose,9.557,9.419,12.558,10.777,5.6652,2.5559,0.5219,1.0202,0.591,0.6129
1681,33.62,3.323,2.84,bbox,9.716,9.419,12.558,10.777,5.6618,2.5753,,,,
1682,33.64,3.269,3.269,bbox,9.716,9.419,12.558,10.777,5.6638,2.6043,,,,
1683,33.66,2.717,3.269,pose,9.716,9.419,12.558,10.777,5.6586,2.6279,0.5801,0.9394,0.5645,0.6627
1684,33.68,3.177,3.177,bbox,9.716,9.419,12.558,10.821,5.6705,2.6543,,,,
1685,33.7,3.128,3.177,bbox,9.716,9.419,12.558,10.821,5.6792,2.6964,,,,
1686,33.72,2.535,3.128,pose,9.716,9.419,12.558,10.871,5.6526,2.7216,0.6886,0.8382,0.5925,0.7143
1687,33.74,3.04,3.04,bbox,9.716,9.419,12.558,10.913,5.6689,2.7362,,,,
1688,33.76,2.974,3.04,bbox,9.716,9.419,12.558,10.913,5.6225,2.7504,,,,
1689,33.78,2.289,2.974,pose,9.716,9.419,12.558,10.953,5.5916,2.7666,0.8369,0.7731,0.611,0.7156
1690,33.8,2.906,2.906,bbox,9.716,9.458,12.558,10.953,5.5779,2.7837,,,,
1691,33.82,2.91,2.91,bbox,9.716,9.489,12.558,10.983,5.5584,2.7804,,,,
1692,33.84,2.159,2.906,pose,9.716,9.489,12.558,10.983,5.471,2.7959,0.9072,0.8196,0.5893,0.7124
1693,33.86,2.828,2.828,bbox,9.716,9.522,12.558,10.983,5.4476,2.8086,,,,
1694,33.88,2.838,2.838,bbox,9.716,9.609,12.558,10.983,5.4309,2.8125,,,,
1695,33.9,2.18,2.828,pose,9.716,9.609,12.558,11.025,5.3852,2.8165,0.9065,0.8422,0.5643,0.6601
1696,33.92,2.801,2.801,bbox,9.716,9.65,12.558,11.025,5.3917,2.8262,,,,
1697,33.94,2.813,2.813,bbox,9.716,9.689,12.558,11.025,5.3881,2.82,,,,
1698,33.96,2.182,2.801,pose,9.716,9.689,12.558,11.025,5.3901,2.8144,0.935,0.8672,0.5424,0.6369
1699,33.98,2.826,2.801,bbox,9.716,9.689,12.558,11.025,5.4012,2.8114,,,,
1700,34.0,2.867,2.813,bbox,9.716,9.689,12.558,11.025,5.4305,2.8016,,,,
1701,34.02,2.182,2.813,pose,9.716,9.689,12.558,11.025,5.4077,2.7898,0.9333,0.8883,0.5776,0.6626
1702,34.04,2.933,2.826,bbox,9.716,9.689,12.558,11.025,4.9056,2.7791,,,,
1703,34.06,2.936,2.867,bbox,9.716,9.689,12.558,11.025,5.5167,2.767,,,,
1704,34.08,2.195,2.867,pose,9.755,9.689,12.558,11.025,5.5444,2.7594,0.9391,0.9295,0.5938,0.6955
1705,34.1,2.974,2.933,bbox,9.841,9.689,12.599,11.025,5.5516,2.7486,,,,
1706,34.12,3.036,2.936,bbox,9.841,9.689,12.599,11.025,5.5762,2.728,,,,
1707,34.14,2.332,2.936,pose,9.876,9.689,12.599,11.025,5.6011,2.7118,0.9834,0.8847,0.5926,0.7115
1708,34.16,3.134,2.974,bbox,9.876,9.689,12.638,11.025,5.6385,2.697,,,,
1709,34.18,3.188,3.036,bbox,9.926,9.689,12.638,11.025,5.6441,2.6764,,,,
1710,34.2,2.615,3.036,pose,9.963,9.689,12.67,11.025,5.6617,2.6652,1.005,0.7495,0.5551,0.6922
1711,34.22,3.303,3.134,bbox,9.963,9.689,12.67,11.025,5.6804,2.6484,,,,
1712,34.24,3.367,3.188,bbox,9.963,9.689,12.701,11.025,5.7043,2.6396,,,,
1713,34.26,2.729,3.188,pose,10.005,9.689,12.701,11.025,5.7225,2.6225,1.0513,0.7209,0.51,0.6683
1714,34.28,3.473,3.303,bbox,10.005,9.689,12.701,11.025,5.7353,2.6152,,,,
1715,34.3,3.49,3.367,bbox,10.047,9.689,12.744,11.025,5.7428,2.6193,,,,
1716,34.32,2.711,3.367,pose,10.047,9.689,12.744,11.025,5.7443,2.62,1.0743,0.7747,0.5113,0.6435
1717,34.34,3.478,3.473,bbox,10.047,9.689,12.744,11.025,5.7408,2.6219,,,,
1718,34.36,3.448,3.473,bbox,10.047,9.689,12.744,11.025,5.7341,2.6223,,,,
1719,34.38,2.58,3.448,pose,10.047,9.689,12.744,11.025,5.7156,2.6203,1.0467,0.8472,0.5368,0.6609
1720,34.4,3.382,3.382,bbox,10.047,9.689,12.744,11.025,5.7119,2.6238,,,,
1721,34.42,3.318,3.382,bbox,10.047,9.689,12.744,11.025,5.6887,2.6395,,,,
1722,34.44,2.049,3.318,bbox,10.047,9.689,12.744,11.025,3.4487,2.6599,,0.9653,,0.673
1723,34.46,2.039,2.58,bbox,10.047,9.723,12.744,11.025,3.4538,2.6783,,,,
1724,34.48,3.231,3.231,bbox,10.047,9.723,12.744,11.062,5.6797,2.6963,,,,
1725,34.5,2.291,2.291,pose,10.047,9.723,12.744,11.062,5.6644,2.7043,0.9253,1.0212,0.6097,0.6703
1726,34.52,3.157,2.291,bbox,10.047,9.771,12.744,11.099,5.6398,2.7123,,,,
1727,34.54,3.091,3.091,bbox,10.047,9.771,12.744,11.099,5.5989,2.7277,,,,
1728,34.56,2.254,3.091,pose,10.047,9.771,12.744,11.099,5.5933,2.7371,0.8427,1.0136,0.6263,0.6245
1729,34.58,3.044,3.044,bbox,10.047,9.812,12.744,11.13,5.5686,2.7425,,,,
1730,34.6,3.012,3.044,bbox,10.047,9.812,12.744,11.13,5.5385,2.7368,,,,
1731,34.62,2.252,3.012,pose,10.047,9.843,12.744,11.13,5.5129,2.7364,0.7922,1.0094,0.6327,0.6023
1732,34.64,2.984,2.984,bbox,10.047,9.873,12.744,11.13,5.4996,2.7377,,,,
1733,34.66,2.969,2.984,bbox,10.047,9.873,12.744,11.13,5.4899,2.738,,,,
1734,34.68,2.28,2.969,pose,10.047,9.912,12.744,11.13,5.4686,2.735,0.7644,1.0206,0.6154,0.6192
1735,34.7,2.957,2.957,bbox,10.047,9.912,12.744,11.13,5.443,2.7284,,,,
1736,34.72,3.058,2.969,bbox,10.047,9.912,12.744,11.13,5.5298,2.7196,,,,
1737,34.74,1.605,2.957,pose,10.047,9.943,12.744,11.13,3.5255,2.707,0.4007,1.0265,0.415,0.6703
1738,34.76,,,,10.047,9.943,12.744,11.13,,,,,,
1739,34.78,1.97,2.28,bbox,10.047,9.943,12.744,11.13,3.5682,2.6854,,,,
1740,34.8,2.272,2.272,pose,10.047,10.029,12.744,11.13,5.382,2.6827,0.8256,1.0292,0.5204,0.7037
1741,34.82,2.937,2.272,bbox,10.047,10.029,12.786,11.13,5.374,2.6711,,,,
1742,34.84,2.967,2.272,bbox,10.047,10.029,12.786,11.13,5.4827,2.6586,,,,
1743,34.86,2.214,2.272,pose,10.047,10.029,12.786,11.13,5.434,2.6441,0.9626,0.9537,0.5212,0.7001
1744,34.88,3.086,2.937,bbox,10.094,10.029,12.786,11.13,5.4287,2.6382,,,,
1745,34.9,3.025,2.967,bbox,10.094,10.029,12.828,11.13,5.3674,2.6381,,,,
1746,34.92,2.07,2.967,pose,10.094,10.029,12.828,11.13,5.3245,2.6284,1.0921,0.9268,0.5176,0.6515
1747,34.94,2.971,2.971,bbox,10.094,10.091,12.828,11.13,5.2843,2.6219,,,,
1748,34.96,2.937,2.971,bbox,10.094,10.134,12.828,11.13,5.2317,2.614,,,,
1749,34.98,1.975,2.937,pose,10.094,10.174,12.828,11.13,5.2136,2.6071,1.0973,0.9266,0.5016,0.6442
1750,35.0,2.942,2.937,bbox,10.094,10.226,12.858,11.13,5.2042,2.5988,,,,
1751,35.02,2.94,2.94,bbox,10.094,10.226,12.858,11.13,5.1866,2.595,,,,
1752,35.04,2.643,2.937,pose,10.094,10.226,12.858,11.13,5.1751,2.5883,0.0046,0.94,-0.1212,0.6824
1753,35.06,2.956,2.94,bbox,10.094,10.271,12.858,11.13,5.1556,2.5803,,,,
1754,35.08,2.077,2.94,bbox,10.094,10.271,12.858,11.13,3.6038,2.5634,,,,
1755,35.1,1.63,2.643,pose,10.094,10.302,12.891,11.13,3.6092,2.5567,0.4926,0.9102,0.3934,0.7419
1756,35.12,2.077,2.077,bbox,10.094,10.452,12.891,11.13,3.6188,2.5526,,,,
1757,35.14,2.777,2.077,bbox,10.094,10.452,12.891,11.13,5.0869,2.531,,,,
1758,35.16,2.024,2.077,pose,10.094,10.452,12.891,11.13,5.0836,2.5037,0.974,0.8293,0.4681,0.7288
1759,35.18,2.887,2.077,bbox,10.244,10.452,12.941,11.13,5.1084,2.4883,,,,
1760,35.2,2.903,2.777,bbox,10.244,10.452,12.941,11.13,5.1335,2.4854,,,,
1761,35.22,2.35,2.777,pose,10.244,10.452,12.983,11.13,5.1588,2.4829,0.8907,0.6682,0.465,0.7132
1762,35.24,2.935,2.887,bbox,10.294,10.452,12.983,11.13,5.1966,2.4819,,,,
1763,35.26,2.973,2.903,bbox,10.294,10.452,12.983,11.13,5.2323,2.4791,,,,
1764,35.28,3.041,2.935,bbox,10.357,10.452,12.983,11.13,5.2698,2.4775,,0.6676,,0.6857
1765,35.3,3.088,2.973,bbox,10.393,10.452,12.983,11.13,5.3046,2.4768,,,,
1766,35.32,3.156,3.041,bbox,10.43,10.452,12.983,11.13,5.346,2.4755,,,,
1767,35.34,3.085,3.085,pose,10.465,10.452,12.983,11.13,5.397,2.4771,0.0148,0.6964,-0.1839,0.6581
1768,35.36,3.265,3.088,bbox,10.506,10.452,12.983,11.13,5.4333,2.4825,,,,
1769,35.38,3.295,3.156,bbox,10.557,10.452,12.983,11.13,5.4626,2.4916,,,,
1770,35.4,2.483,3.156,pose,10.594,10.452,12.983,11.13,5.4707,2.496,0.9907,0.8073,0.516,0.6497
1771,35.42,3.319,3.265,bbox,10.594,10.452,12.983,11.13,5.4834,2.5058,,,,
1772,35.44,3.279,3.279,bbox,10.631,10.452,12.983,11.13,5.4875,2.5277,,,,
1773,35.46,2.198,3.279,bbox,10.631,10.452,12.983,11.13,3.6878,2.554,,0.9407,,0.6697
1774,35.48,,,,10.631,10.452,12.983,11.13,,,,,,
1775,35.5,,,,10.631,10.452,12.983,11.13,,,,,,
1776,35.52,,,,10.631,10.452,12.983,11.13,,,,,,
1777,35.54,,,,10.631,10.452,12.983,11.13,,,,,,
1778,35.56,,,,10.631,10.452,12.983,11.13,,,,,,
1779,35.58,,,,10.631,10.452,12.983,11.13,,,,,,
1780,35.6,,,,10.631,10.452,12.983,11.13,,,,,,
1781,35.62,,,,10.631,10.452,12.983,11.13,,,,,,
1782,35.64,,,,10.631,10.452,12.983,11.13,,,,,,
1783,35.66,,,,10.631,10.452,12.983,11.13,,,,,,
1784,35.68,,,,10.631,10.452,12.983,11.13,,,,,,
1785,35.7,,,,10.631,10.452,12.983,11.13,,,,,,
1786,35.72,,,,10.631,10.452,12.983,11.13,,,,,,
1787,35.74,,,,10.631,10.452,12.983,11.13,,,,,,
1788,35.76,,,,10.631,10.452,12.983,11.13,,,,,,
1789,35.78,,,,10.631,10.452,12.983,11.13,,,,,,
1790,35.8,,,,10.631,10.452,12.983,11.13,,,,,,
1791,35.82,,,,10.631,10.452,12.983,11.13,,,,,,
1792,35.84,,,,10.631,10.452,12.983,11.13,,,,,,
1793,35.86,,,,10.631,10.452,12.983,11.13,,,,,,
1794,35.88,,,,10.631,10.452,12.983,11.13,,,,,,
1795,35.9,,,,10.631,10.452,12.983,11.13,,,,,,
1796,35.92,,,,10.631,10.452,12.983,11.13,,,,,,
1797,35.94,,,,10.631,10.452,12.983,11.13,,,,,,
1798,35.96,,,,10.631,10.452,12.983,11.13,,,,,,
1799,35.98,,,,10.631,10.452,12.983,11.13,,,,,,
1800,36.0,,,,10.631,10.452,12.983,11.13,,,,,,
1801,36.02,,,,10.631,10.452,12.983,11.13,,,,,,
1802,36.04,,,,10.631,10.452,12.983,11.13,,,,,,
1803,36.06,,,,10.631,10.452,12.983,11.13,,,,,,
1804,36.08,2.6,2.6,bbox,10.631,10.452,12.983,11.169,4.814,2.6069,,,,
1805,36.1,2.563,2.6,bbox,10.631,10.602,12.983,11.169,4.8032,2.6141,,,,
1806,36.12,1.596,2.563,pose,10.631,10.602,12.983,11.249,4.7865,2.6107,1.1585,0.9055,0.4298,0.684
1807,36.14,2.548,2.548,bbox,10.631,10.602,12.983,11.249,4.7905,2.6063,,,,
1808,36.16,2.58,2.563,bbox,10.631,10.602,12.983,11.249,4.7867,2.5795,,,,
1809,36.18,1.643,2.548,pose,10.631,10.602,12.983,11.249,4.798,2.5526,1.1043,0.9268,0.4417,0.7632
1810,36.2,2.68,2.548,bbox,10.631,10.602,12.983,11.249,4.8325,2.5199,,,,
1811,36.22,2.683,2.58,bbox,10.631,10.602,13.038,11.249,4.8479,2.4811,,,,
1812,36.24,1.83,2.58,pose,10.631,10.602,13.07,11.249,4.9087,2.4279,1.1051,0.866,0.4754,0.7659
1813,36.26,2.857,2.68,bbox,10.665,10.602,13.109,11.249,4.9287,2.3564,,,,
1814,36.28,2.902,2.683,bbox,10.726,10.602,13.162,11.249,4.9189,2.2868,,,,
1815,36.3,2.092,2.683,pose,10.726,10.602,13.234,11.249,4.9707,2.2292,1.1463,0.7622,0.4982,0.7397
1816,36.32,3.087,2.857,bbox,10.726,10.602,13.303,11.249,5.0065,2.1855,,,,
1817,36.34,5.144,2.902,bbox,10.788,10.602,13.361,11.249,5.7649,2.141,,,,
1818,36.36,5.166,3.087,bbox,10.824,10.602,13.405,11.249,5.7755,2.1245,,0.63,,0.6658
1819,36.38,3.351,3.351,bbox,10.964,10.602,13.449,11.249,5.1473,2.1179,,,,
1820,36.4,3.437,3.437,bbox,11.012,10.602,13.449,11.249,5.1945,2.1101,,,,
1821,36.42,2.868,3.437,pose,11.044,10.602,13.449,11.249,5.2267,2.1087,1.028,0.5155,0.508,0.6295
1822,36.44,3.546,3.437,bbox,11.044,10.602,13.48,11.249,5.2578,2.1101,,,,
1823,36.46,3.581,3.437,bbox,11.044,10.602,13.48,11.249,5.2709,2.1126,,,,
1824,36.48,3.021,3.437,pose,11.075,10.602,13.48,11.249,5.2794,2.1203,0.9834,0.5381,0.4852,0.6268
1825,36.5,3.575,3.546,bbox,11.075,10.602,13.48,11.249,5.2844,2.1314,,,,
1826,36.52,3.556,3.556,bbox,11.075,10.602,13.48,11.249,5.2839,2.137,,,,
1827,36.54,2.918,3.556,pose,11.075,10.602,13.48,11.249,5.2835,2.15,0.9822,0.5986,0.5068,0.6243
1828,36.56,3.502,3.502,bbox,11.075,10.602,13.48,11.249,5.2854,2.1569,,,,
1829,36.58,3.473,3.502,bbox,11.075,10.602,13.48,11.289,5.2817,2.1628,,,,
1830,36.6,2.721,3.473,pose,11.075,10.602,13.48,11.289,5.2854,2.1626,0.9812,0.7271,0.5259,0.6628
1831,36.62,3.392,3.392,bbox,11.075,10.602,13.48,11.289,5.2832,2.1785,,,,
1832,36.64,3.331,3.392,bbox,11.075,10.602,13.48,11.289,5.2718,2.1878,,,,
1833,36.66,3.272,3.331,bbox,11.075,10.602,13.48,11.289,5.2587,2.2047,,0.8945,,0.7077
1834,36.68,3.215,3.272,bbox,11.075,10.602,13.48,11.326,5.25,2.23,,,,
1835,36.7,3.173,3.272,bbox,11.075,10.602,13.48,11.326,5.2434,2.2584,,,,
1836,36.72,4.15,3.272,pose,11.075,10.602,13.48,11.369,5.8237,2.279,0.3588,1.0034,0.3986,0.7134
1837,36.74,4.914,3.272,bbox,11.075,10.602,13.48,11.369,5.826,2.2888,,,,
1838,36.76,4.938,4.15,bbox,11.226,10.602,13.48,11.418,5.8314,2.3047,,,,
1839,36.78,4.208,4.208,pose,11.226,10.602,13.48,11.418,5.8416,2.312,0.3504,0.9904,0.3894,0.6884
1840,36.8,2.974,4.208,bbox,11.226,10.602,13.48,11.418,5.1061,2.3232,,,,
1841,36.82,4.956,4.914,bbox,11.226,10.602,13.48,11.451,5.852,2.3408,,,,
1842,36.84,2.133,4.208,pose,11.226,10.602,13.48,11.451,5.0782,2.35,0.8391,0.9919,0.6106,0.6464
1843,36.86,2.964,2.974,bbox,11.226,10.745,13.48,11.451,5.0712,2.3578,,,,
1844,36.88,2.959,2.964,bbox,11.226,10.745,13.48,11.489,5.0646,2.3621,,,,
1845,36.9,2.155,2.959,pose,11.226,10.78,13.48,11.489,5.0609,2.3581,0.8053,0.9825,0.5607,0.6457
1846,36.92,2.971,2.959,bbox,11.226,10.78,13.48,11.489,5.0581,2.3518,,,,
1847,36.94,2.983,2.964,bbox,11.226,10.78,13.48,11.489,5.0585,2.3444,,,,
1848,36.96,2.148,2.959,pose,11.226,10.78,13.48,11.489,5.0723,2.3391,0.8112,1.0153,0.5602,0.6611
1849,36.98,2.996,2.971,bbox,11.226,10.78,13.48,11.489,5.089,2.3328,,,,
1850,37.0,3.004,2.983,bbox,11.226,10.78,13.48,11.489,5.1211,2.3463,,,,
1851,37.02,2.148,2.983,pose,11.226,10.78,13.48,11.489,5.1675,2.3687,0.8515,1.0159,0.5943,0.6862
1852,37.04,3.022,2.996,bbox,11.276,10.78,13.48,11.489,5.2026,2.3858,,,,
1853,37.06,3.039,3.004,bbox,11.322,10.78,13.48,11.489,5.2296,2.3902,,,,
1854,37.08,2.221,3.004,pose,11.357,10.78,13.48,11.524,5.2754,2.3941,0.9303,0.9659,0.6009,0.681
1855,37.1,3.13,3.022,bbox,11.357,10.78,13.48,11.524,5.3452,2.4108,,,,
1856,37.12,3.2,3.039,bbox,11.43,10.78,13.48,11.524,5.401,2.4323,,,,
1857,37.14,5.175,3.13,bbox,11.5,10.78,13.48,11.524,6.1264,2.4548,,0.9375,,0.6625
1858,37.16,5.212,3.2,bbox,11.556,10.78,13.48,11.571,6.1574,2.4722,,,,
1859,37.18,5.186,5.175,bbox,11.706,10.78,13.48,11.571,6.1685,2.4847,,,,
1860,37.2,2.576,5.175,pose,11.706,10.78,13.48,11.611,5.6178,2.5002,0.8402,0.9837,0.5672,0.6239
1861,37.22,3.429,5.175,bbox,11.706,10.78,13.48,11.611,5.6507,2.5216,,,,
1862,37.24,3.447,3.447,bbox,11.706,10.93,13.48,11.611,5.6622,2.5471,,,,
1863,37.26,2.706,3.429,pose,11.706,10.93,13.48,11.66,5.666,2.5666,0.6951,1.0676,0.538,0.6118
1864,37.28,3.438,3.429,bbox,11.706,10.93,13.48,11.66,5.6664,2.5929,,,,
1865,37.3,3.412,3.429,bbox,11.706,10.93,13.48,11.705,5.6672,2.6035,,,,
1866,37.32,4.054,3.438,pose,11.706,10.93,13.48,11.705,6.1251,2.6043,0.5197,1.1618,0.3771,0.632
1867,37.34,5.003,3.438,bbox,11.706,10.93,13.48,11.742,6.1179,2.6096,,,,
1868,37.36,3.282,3.438,bbox,11.706,10.93,13.48,11.742,5.6026,2.6088,,,,
1869,37.38,2.504,3.412,pose,11.706,10.93,13.48,11.742,5.5953,2.6077,0.7164,1.1711,0.563,0.6147
1870,37.4,3.222,3.282,bbox,11.706,10.989,13.48,11.742,5.5734,2.6111,,,,
1871,37.42,3.195,3.222,bbox,11.706,10.989,13.48,11.742,5.5521,2.6131,,,,
1872,37.44,2.36,3.195,pose,11.706,10.989,13.48,11.742,5.533,2.6261,0.7787,1.1353,0.5857,0.571
1873,37.46,3.158,3.158,bbox,11.706,11.04,13.48,11.742,5.5068,2.6364,,,,
1874,37.48,3.124,3.158,bbox,11.706,11.04,13.48,11.742,5.4829,2.6498,,,,
1875,37.5,2.218,3.124,pose,11.706,11.085,13.48,11.775,5.4653,2.6589,0.8614,1.0901,0.6034,0.5771
1876,37.52,3.041,3.041,bbox,11.706,11.085,13.48,11.775,5.4395,2.6781,,,,
1877,37.54,3.005,3.041,bbox,11.706,11.127,13.48,11.775,5.4209,2.6894,,,,
1878,37.56,2.184,3.005,pose,11.706,11.127,13.48,11.817,5.4002,2.7087,0.8779,1.0401,0.5867,0.6276
1879,37.58,2.965,2.965,bbox,11.706,11.171,13.48,11.817,5.4024,2.713,,,,
1880,37.6,2.964,2.965,bbox,11.706,11.171,13.48,11.847,5.3928,2.715,,,,
1881,37.62,2.159,2.964,pose,11.706,11.171,13.48,11.847,5.3762,2.7091,0.9217,1.0491,0.5113,0.6696
1882,37.64,3.078,2.964,bbox,11.706,11.171,13.48,11.847,5.4699,2.6984,,,,
1883,37.66,3.048,2.965,bbox,11.706,11.171,13.48,11.847,5.4311,2.6901,,,,
1884,37.68,3.014,3.014,bbox,11.706,11.171,13.48,11.847,5.3722,2.6728,,1.0384,,0.6842
1885,37.7,3.036,3.036,bbox,11.706,11.216,13.48,11.847,5.3497,2.6558,,,,
1886,37.72,3.039,3.039,bbox,11.706,11.216,13.516,11.847,5.3157,2.6294,,,,
1887,37.74,2.627,3.036,pose,11.706,11.216,13.516,11.847,5.2399,2.6,0.1293,0.9824,-0.1967,0.6609
1888,37.76,3.045,3.036,bbox,11.706,11.276,13.559,11.847,5.2343,2.5833,,,,
1889,37.78,3.114,3.039,bbox,11.706,11.348,13.559,11.847,5.2438,2.5744,,,,
1890,37.8,3.162,3.045,bbox,11.706,11.348,13.606,11.847,5.2363,2.5528,,0.9769,,0.6292
1891,37.82,3.174,3.114,bbox,11.706,11.348,13.606,11.847,5.2326,2.549,,,,
1892,37.84,3.171,3.162,bbox,11.706,11.348,13.636,11.847,5.2138,2.5432,,,,
1893,37.86,2.116,3.162,pose,11.706,11.348,13.636,11.847,5.2143,2.5376,1.0709,0.979,0.4624,0.6318
1894,37.88,3.092,3.162,bbox,11.706,11.348,13.636,11.847,5.1487,2.5329,,,,
1895,37.9,3.057,3.092,bbox,11.706,11.378,13.636,11.847,5.1439,2.5256,,,,
1896,37.92,1.905,3.057,pose,11.706,11.443,13.636,11.847,5.1222,2.5126,1.239,1.0152,0.4727,0.6594
1897,37.94,3.027,3.027,bbox,11.706,11.443,13.636,11.847,5.1504,2.5077,,,,
1898,37.96,2.951,3.027,bbox,11.706,11.443,13.676,11.847,5.1039,2.5006,,,,
1899,37.98,2.089,2.951,pose,11.706,11.443,13.676,11.847,5.096,2.487,1.1018,1.005,0.5185,0.7042
1900,38.0,3.063,2.951,bbox,11.706,11.443,13.676,11.847,5.2437,2.4724,,,,
1901,38.02,2.95,2.951,bbox,11.706,11.443,13.676,11.847,5.1267,2.4382,,,,
1902,38.04,2.234,2.95,pose,11.706,11.479,13.716,11.847,5.1125,2.409,1.0933,0.8923,0.5561,0.7136
1903,38.06,3.091,2.95,bbox,11.706,11.479,13.751,11.847,5.2067,2.3816,,,,
1904,38.08,3.27,3.063,bbox,11.8,11.479,13.751,11.847,5.3456,2.3647,,,,
1905,38.1,2.647,2.95,pose,11.8,11.479,13.807,11.847,5.3756,2.3318,1.0182,0.7067,0.553,0.6868
1906,38.12,3.412,3.091,bbox,11.939,11.479,13.807,11.847,5.4122,2.3201,,,,
1907,38.14,3.449,3.27,bbox,11.939,11.479,13.857,11.847,5.4349,2.3062,,,,
1908,38.16,2.961,3.27,pose,12.005,11.479,13.857,11.847,5.4459,2.2867,0.9553,0.5555,0.5219,0.6455
1909,38.18,3.545,3.412,bbox,12.005,11.479,13.857,11.847,5.4521,2.2739,,,,
1910,38.2,3.579,3.449,bbox,12.039,11.479,13.902,11.847,5.4568,2.2635,,,,
1911,38.22,3.093,3.449,pose,12.039,11.479,13.902,11.847,5.4566,2.2568,0.2555,0.5299,0.0921,0.6402
1912,38.24,3.612,3.545,bbox,12.039,11.479,13.902,11.847,5.4563,2.2517,,,,
1913,38.26,3.601,3.579,bbox,12.039,11.479,13.902,11.847,5.4585,2.2547,,,,
1914,38.28,3.005,3.579,pose,12.039,11.479,13.932,11.847,5.4575,2.2566,0.9535,0.5594,0.5309,0.6437
1915,38.3,3.577,3.577,bbox,12.039,11.479,13.932,11.847,5.4586,2.2591,,,,
1916,38.32,3.541,3.577,bbox,12.039,11.479,13.932,11.847,5.4559,2.2607,,,,
1917,38.34,2.819,3.541,pose,12.039,11.479,13.932,11.847,5.4534,2.2648,0.9589,0.656,0.5612,0.6671
1918,38.36,3.442,3.442,bbox,12.039,11.479,13.932,11.847,5.451,2.2722,,,,
1919,38.38,3.405,3.442,bbox,12.039,11.479,13.932,11.847,5.4459,2.2745,,,,
1920,38.4,2.57,3.405,pose,12.039,11.479,13.932,11.847,5.4359,2.2912,0.8811,0.7892,0.5897,0.7104
1921,38.42,3.263,3.263,bbox,12.039,11.479,13.932,11.847,5.4195,2.3261,,,,
1922,38.44,3.207,3.263,bbox,12.039,11.479,13.932,11.882,5.4053,2.3461,,,,
1923,38.46,2.329,3.207,pose,12.039,11.479,13.932,11.917,5.0927,2.3694,0.8068,0.9568,0.6038,0.6999
1924,38.48,2.764,2.764,bbox,12.039,11.52,13.932,11.917,5.0435,2.3986,,,,
1925,38.5,4.884,3.207,bbox,12.039,11.52,13.932,11.96,5.9518,2.411,,,,
1926,38.52,2.219,2.764,pose,12.039,11.67,13.932,11.96,5.2241,2.4184,0.7704,1.0292,0.6056,0.7121
1927,38.54,2.921,2.764,bbox,12.039,11.724,13.932,12.002,5.1701,2.4284,,,,
1928,38.56,2.901,2.901,bbox,12.039,11.724,13.932,12.002,5.1547,2.4403,,,,
1929,38.58,2.134,2.901,pose,12.039,11.724,13.932,12.002,5.1769,2.4442,0.7718,1.0659,0.5954,0.6474
1930,38.6,2.972,2.901,bbox,12.039,11.724,13.932,12.002,5.1729,2.4436,,,,
1931,38.62,4.985,2.921,bbox,12.039,11.724,13.932,12.034,5.9268,2.4444,,,,
1932,38.64,2.157,2.901,pose,12.039,11.724,13.932,12.034,5.1627,2.4494,0.7525,1.0699,0.5744,0.6291
1933,38.66,2.977,2.972,bbox,12.039,11.724,13.932,12.034,5.1574,2.4533,,,,
1934,38.68,2.971,2.972,bbox,12.039,11.724,13.932,12.034,5.1556,2.46,,,,
1935,38.7,2.17,2.971,pose,12.039,11.724,13.932,12.034,5.1613,2.4584,0.7632,1.0617,0.5778,0.6314
1936,38.72,2.976,2.971,bbox,12.039,11.724,13.932,12.034,5.1719,2.4536,,,,
1937,38.74,2.981,2.976,bbox,12.039,11.724,13.932,12.034,5.1871,2.4499,,,,
1938,38.76,2.171,2.971,pose,12.039,11.724,13.932,12.034,5.197,2.4424,0.7697,1.0725,0.5969,0.6675
1939,38.78,2.994,2.976,bbox,12.039,11.724,13.932,12.034,5.2027,2.4339,,,,
1940,38.8,2.994,2.981,bbox,12.039,11.724,13.932,12.034,5.2147,2.4216,,,,
1941,38.82,2.162,2.981,pose,12.072,11.724,13.932,12.034,5.2286,2.4119,0.7991,1.0666,0.6336,0.6764
1942,38.84,3.01,2.994,bbox,12.072,11.724,13.932,12.034,5.2417,2.3999,,,,
1943,38.86,3.057,2.994,bbox,12.072,11.724,13.964,12.034,5.2719,2.379,,,,
1944,38.88,2.31,2.994,pose,12.111,11.724,13.964,12.034,5.293,2.3595,0.8145,1.0013,0.6307,0.676
1945,38.9,3.187,3.01,bbox,12.141,11.724,13.997,12.034,5.3306,2.3474,,,,
1946,38.92,3.242,3.057,bbox,12.141,11.724,13.997,12.034,5.3559,2.3375,,,,
1947,38.94,2.509,3.057,pose,12.199,11.724,14.028,12.034,5.3781,2.3332,0.7858,0.9722,0.5945,0.6459
1948,38.96,3.342,3.187,bbox,12.199,11.724,14.028,12.034,5.3966,2.3305,,,,
1949,38.98,3.377,3.242,bbox,12.247,11.724,14.028,12.034,5.4077,2.3327,,,,
1950,39.0,2.668,3.242,pose,12.247,11.724,14.028,12.034,5.4118,2.3327,0.7114,0.9931,0.5521,0.6251
1951,39.02,3.402,3.342,bbox,12.247,11.724,14.028,12.034,5.4112,2.3393,,,,
1952,39.04,3.407,3.377,bbox,12.28,11.724,14.028,12.034,5.4146,2.3458,,,,
1953,39.06,2.754,3.377,pose,12.28,11.724,14.028,12.034,5.4166,2.3536,0.654,0.9752,0.5795,0.607
1954,39.08,3.392,3.392,bbox,12.28,11.724,14.028,12.034,5.4197,2.3619,,,,
1955,39.1,3.362,3.392,bbox,12.28,11.724,14.028,12.034,5.4219,2.3735,,,,
1956,39.12,2.647,3.362,pose,12.28,11.724,14.028,12.034,5.4238,2.4009,0.6871,0.9579,0.5613,0.6428
1957,39.14,3.267,3.267,bbox,12.28,11.724,14.028,12.034,5.4207,2.4156,,,,
1958,39.16,3.209,3.267,bbox,12.28,11.724,14.028,12.088,5.4169,2.4411,,,,
1959,39.18,2.508,3.209,pose,12.28,11.724,14.028,12.088,5.4087,2.4703,0.7449,0.8665,0.5878,0.6882
1960,39.2,4.634,3.209,bbox,12.28,11.724,14.028,12.128,5.8562,2.5003,,,,
1961,39.22,4.601,3.267,bbox,12.28,11.724,14.028,12.128,5.8589,2.5241,,,,
1962,39.24,2.33,3.209,pose,12.28,11.724,14.028,12.187,5.3422,2.5443,0.8453,0.7884,0.594,0.6972
1963,39.26,2.923,2.923,bbox,12.28,11.724,14.028,12.187,5.3198,2.5679,,,,
1964,39.28,4.506,4.506,bbox,12.428,11.724,14.028,12.231,5.8612,2.5953,,,,
1965,39.3,2.206,2.923,pose,12.428,11.874,14.028,12.231,5.2904,2.6245,0.8887,0.7627,0.5779,0.6998
1966,39.32,2.841,2.841,bbox,12.428,11.874,14.028,12.282,5.2857,2.6456,,,,
1967,39.34,2.829,2.841,bbox,12.428,11.926,14.028,12.282,5.2818,2.6745,,,,
1968,39.36,2.267,2.829,pose,12.428,11.926,14.028,12.333,5.2766,2.6942,0.774,0.7409,0.5115,0.7188
1969,39.38,2.846,2.829,bbox,12.428,11.926,14.028,12.333,5.2757,2.7209,,,,
1970,39.4,2.835,2.835,bbox,12.428,11.926,14.028,12.381,5.2752,2.7389,,,,
1971,39.42,2.269,2.829,pose,12.428,11.926,14.028,12.381,5.2756,2.7487,0.9007,0.7311,0.5176,0.6963
1972,39.44,2.781,2.781,bbox,12.428,11.926,14.028,12.426,5.2786,2.763,,,,
1973,39.46,2.763,2.781,bbox,12.428,11.926,14.028,12.426,5.281,2.7631,,,,
1974,39.48,2.237,2.763,pose,12.428,11.926,14.028,12.426,5.2839,2.7643,0.8966,0.7205,0.5467,0.699
1975,39.5,2.705,2.705,bbox,12.428,11.926,14.028,12.426,5.2865,2.7603,,,,
1976,39.52,2.687,2.705,bbox,12.428,11.926,14.028,12.426,5.296,2.7538,,,,
1977,39.54,2.175,2.687,pose,12.428,11.926,14.028,12.426,5.2987,2.7384,0.9374,0.7303,0.6059,0.7398
1978,39.56,2.715,2.687,bbox,12.428,11.926,14.028,12.426,5.3261,2.7218,,,,
1979,39.58,2.764,2.705,bbox,12.428,11.926,14.028,12.426,5.364,2.7006,,,,
1980,39.6,2.808,2.715,bbox,12.463,11.926,14.028,12.426,5.4028,2.6715,,0.7257,,0.7529
1981,39.62,2.845,2.764,bbox,12.501,11.926,14.067,12.426,5.4435,2.6549,,,,
1982,39.64,2.932,2.808,bbox,12.54,11.926,14.067,12.426,5.4705,2.6214,,,,
1983,39.66,2.589,2.808,pose,12.581,11.926,14.112,12.426,5.4919,2.5895,0.7997,0.6607,0.5986,0.7532
1984,39.68,3.041,2.845,bbox,12.581,11.926,14.146,12.426,5.4928,2.566,,,,
1985,39.7,3.073,2.932,bbox,12.629,11.926,14.178,12.426,5.493,2.5466,,,,
1986,39.72,2.789,2.932,pose,12.629,11.926,14.178,12.426,5.4987,2.5319,0.6934,0.6792,0.5587,0.7198
1987,39.74,3.142,3.041,bbox,12.629,11.926,14.221,12.426,5.491,2.5267,,,,
1988,39.76,3.159,3.073,bbox,12.629,11.926,14.221,12.426,5.4897,2.5235,,,,
1989,39.78,2.845,3.073,pose,12.629,11.926,14.221,12.426,5.4932,2.5102,0.6369,0.7429,0.5603,0.6718
1990,39.8,3.178,3.142,bbox,12.629,11.926,14.221,12.426,5.4977,2.514,,,,
1991,39.82,3.19,3.159,bbox,12.629,11.926,14.253,12.426,5.5018,2.5094,,,,
1992,39.84,2.676,3.159,pose,12.629,11.926,14.253,12.426,5.4986,2.5118,0.6651,0.8391,0.5527,0.6716
1993,39.86,3.152,3.152,bbox,12.629,11.926,14.253,12.426,5.5017,2.5312,,,,
1994,39.88,3.126,3.152,bbox,12.629,11.926,14.253,12.426,5.5059,2.5526,,,,
1995,39.9,2.455,3.126,pose,12.629,11.926,14.253,12.426,5.5018,2.5739,0.727,0.9709,0.5788,0.6725
1996,39.92,2.762,2.762,bbox,12.629,11.926,14.253,12.464,5.2378,2.5981,,,,
1997,39.94,2.918,2.918,bbox,12.629,11.926,14.253,12.464,5.4605,2.6146,,,,
1998,39.96,2.14,2.762,pose,12.629,11.926,14.253,12.51,5.478,2.6228,0.8509,1.0253,0.6143,0.6892
1999,39.98,2.899,2.762,bbox,12.629,11.926,14.253,12.51,5.4664,2.6249,,,,
2000,40.0,2.861,2.861,bbox,12.629,11.957,14.253,12.51,5.4468,2.6384,,,,
2001,40.02,1.973,2.861,pose,12.629,11.957,14.253,12.51,5.4302,2.6443,0.9073,1.0289,0.6196,0.6567
2002,40.04,2.898,2.861,bbox,12.629,11.957,14.253,12.55,5.3847,2.6555,,,,
2003,40.06,2.843,2.861,bbox,12.629,11.987,14.253,12.55,5.3987,2.6596,,,,
2004,40.08,2.054,2.843,pose,12.629,12.019,14.253,12.55,5.3838,2.6756,0.8879,0.9919,0.6085,0.5955
2005,40.1,2.945,2.843,bbox,12.629,12.019,14.253,12.55,5.3875,2.6825,,,,
2006,40.12,2.999,2.898,bbox,12.629,12.019,14.253,12.587,5.3837,2.6782,,,,
2007,40.14,2.109,2.843,pose,12.629,12.019,14.253,12.587,5.3745,2.6794,0.7901,0.9812,0.5004,0.6042
2008,40.16,3.026,2.945,bbox,12.629,12.019,14.253,12.587,5.3682,2.6806,,,,
2009,40.18,3.015,2.999,bbox,12.629,12.019,14.253,12.587,5.3429,2.6758,,,,
2010,40.2,2.057,2.999,pose,12.629,12.049,14.253,12.587,5.265,2.6707,0.7352,0.9968,0.4289,0.6496
2011,40.22,2.93,2.93,bbox,12.629,12.049,14.253,12.587,5.2388,2.6523,,,,
2012,40.24,2.887,2.93,bbox,12.629,12.153,14.253,12.587,5.1943,2.6324,,,,
2013,40.26,2.108,2.887,pose,12.629,12.153,14.253,12.587,5.1565,2.6183,0.4981,1.0265,0.4281,0.7039
2014,40.28,2.891,2.887,bbox,12.629,12.223,14.297,12.587,5.1356,2.5945,,,,
2015,40.3,2.909,2.891,bbox,12.629,12.261,14.297,12.587,5.0828,2.5636,,,,
2016,40.32,1.78,2.887,pose,12.629,12.261,14.335,12.587,5.0601,2.5232,1.2624,0.9606,0.4553,0.6858
2017,40.34,3.001,2.891,bbox,12.629,12.335,14.365,12.587,5.0408,2.4806,,,,
2018,40.36,3.018,2.909,bbox,12.629,12.335,14.406,12.587,5.007,2.4559,,,,
2019,40.38,2.983,2.983,bbox,12.629,12.377,14.448,12.587,4.9593,2.4416,,0.9053,,0.6636
2020,40.4,2.976,2.983,bbox,12.629,12.411,14.448,12.587,4.937,2.4281,,,,
2021,40.42,3.006,3.001,bbox,12.629,12.458,14.487,12.587,4.9513,2.4081,,,,
2022,40.44,1.899,2.983,pose,12.629,12.458,14.487,12.587,4.946,2.3975,1.141,0.9351,0.421,0.6745
2023,40.46,2.912,2.976,bbox,12.629,12.458,14.521,12.587,4.8618,2.3814,,,,
2024,40.48,2.886,2.912,bbox,12.629,12.458,14.521,12.587,4.8581,2.3724,,,,
2025,40.5,1.902,2.886,pose,12.629,12.524,14.521,12.587,4.8931,2.3731,1.1201,0.9312,0.4186,0.7033
2026,40.52,2.923,2.886,bbox,12.629,12.524,14.556,12.587,4.92,2.3649,,,,
2027,40.54,2.894,2.894,bbox,12.629,12.524,14.556,12.587,4.9365,2.3711,,,,
2028,40.56,2.83,2.886,bbox,12.629,12.524,14.556,12.587,4.9442,2.3669,,0.8866,,0.7494
2029,40.58,2.735,2.83,bbox,12.672,12.524,14.556,12.587,4.9509,2.3729,,,,
2030,40.6,2.824,2.83,bbox,12.672,12.524,14.556,12.587,4.9625,2.3433,,,,
2031,40.62,2.249,2.824,pose,12.672,12.524,14.556,12.587,4.9828,2.3084,1.1819,0.7327,0.5206,0.7713
2032,40.64,2.991,2.824,bbox,12.672,12.524,14.556,12.587,5.0109,2.2679,,,,
2033,40.66,3.076,2.824,bbox,12.719,12.524,14.621,12.587,5.0477,2.2342,,,,
2034,40.68,3.128,2.991,bbox,12.719,12.524,14.661,12.587,5.0656,2.1881,,0.7292,,0.7086
2035,40.7,3.199,3.076,bbox,12.784,12.524,14.695,12.587,5.0595,2.1409,,,,
2036,40.72,3.284,3.128,bbox,12.784,12.524,14.741,12.587,5.0659,2.087,,,,
2037,40.74,5.454,3.199,bbox,12.784,12.524,14.788,12.587,5.8554,2.0409,,0.8383,,0.688
2038,40.76,3.571,3.284,bbox,12.784,12.524,14.842,12.587,5.2031,1.9956,,,,
2039,40.78,3.643,3.571,bbox,12.939,12.524,14.888,12.587,5.2175,1.9652,,,,
2040,40.8,2.897,3.571,pose,12.939,12.524,14.933,12.587,5.226,1.9328,0.9071,0.8707,0.4527,0.6513
2041,40.82,3.764,3.643,bbox,12.939,12.524,14.964,12.587,5.2291,1.9135,,,,
2042,40.84,3.799,3.643,bbox,12.939,12.524,14.996,12.587,5.2383,1.9047,,,,
2043,40.86,2.923,3.643,pose,12.939,12.524,14.996,12.587,5.2397,1.8824,0.9996,0.8736,0.4956,0.6348
2044,40.88,3.816,3.764,bbox,12.971,12.524,14.996,12.587,5.2347,1.8782,,,,
2045,40.9,3.799,3.799,bbox,12.971,12.524,15.047,12.587,5.2359,1.8698,,,,
2046,40.92,3.296,3.799,pose,12.971,12.524,15.047,12.587,5.234,1.8721,0.223,0.8669,0.5211,0.6897
2047,40.94,3.708,3.708,bbox,12.971,12.524,15.047,12.587,5.227,1.8687,,,,
2048,40.96,3.656,3.708,bbox,12.971,12.524,15.047,12.587,5.2165,1.8715,,,,
2049,40.98,2.759,3.656,pose,12.971,12.524,15.047,12.587,5.1865,1.8794,0.9449,0.8236,0.5461,0.7339
2050,41.0,3.467,3.467,bbox,12.971,12.524,15.047,12.587,5.1406,1.8849,,,,
2051,41.02,3.44,3.467,bbox,12.971,12.573,15.047,12.587,5.1622,1.891,,,,
2052,41.04,2.682,3.44,pose,12.971,12.573,15.047,12.587,5.0115,1.9042,0.8555,0.7896,0.6055,0.7703
2053,41.06,3.125,3.125,bbox,12.971,12.619,15.047,12.587,4.9553,1.9223,,,,
2054,41.08,3.085,3.125,bbox,12.971,12.748,15.047,12.587,4.9265,1.9348,,,,
2055,41.1,2.612,3.085,pose,12.971,12.804,15.047,12.627,4.8916,1.943,0.7161,0.7231,0.6388,0.7725
2056,41.12,2.987,2.987,bbox,12.971,12.804,15.047,12.627,4.8794,1.9556,,,,
2057,41.14,2.995,2.995,bbox,12.971,12.868,15.047,12.627,4.8821,1.9535,,,,
2058,41.16,2.611,2.987,pose,12.971,12.868,15.047,12.659,4.9206,1.9572,0.5639,0.7332,0.6767,0.7314
2059,41.18,3.07,2.987,bbox,12.971,12.868,15.047,12.659,4.927,1.9521,,,,
2060,41.2,3.05,2.995,bbox,12.971,12.868,15.047,12.659,4.8989,1.9524,,,,
2061,41.22,4.597,3.05,pose,12.971,12.868,15.047,12.659,5.737,1.9553,0.3709,0.7615,0.4152,0.692
2062,41.24,5.207,3.07,bbox,13.006,12.868,15.047,12.659,5.7367,1.9624,,,,
2063,41.26,2.986,3.07,bbox,13.006,12.868,15.047,12.659,4.8005,1.9647,,,,
2064,41.28,2.531,3.05,pose,13.006,12.868,15.047,12.659,4.7542,1.9678,0.5474,0.8071,0.593,0.703
2065,41.3,2.942,2.986,bbox,13.006,12.994,15.047,12.659,4.746,1.9727,,,,
2066,41.32,2.943,2.943,bbox,13.006,13.04,15.047,12.659,4.7446,1.9773,,,,
2067,41.34,2.377,2.942,pose,13.006,13.04,15.047,12.659,4.7491,1.9808,0.6984,0.8005,0.5735,0.6809
2068,41.36,2.94,2.94,bbox,13.006,13.04,15.047,12.659,4.7407,1.9853,,,,
2069,41.38,2.931,2.94,bbox,13.006,13.04,15.047,12.659,4.7221,1.9918,,,,
2070,41.4,2.17,2.931,pose,13.006,13.04,15.047,12.69,4.7035,1.9933,0.861,0.7797,0.5668,0.6838
2071,41.42,2.885,2.885,bbox,13.006,13.073,15.047,12.69,4.7021,1.9911,,,,
2072,41.44,2.929,2.929,bbox,13.006,13.073,15.047,12.69,4.6943,1.9881,,,,
2073,41.46,2.202,2.885,pose,13.006,13.073,15.047,12.69,4.6887,1.9837,0.8188,0.8033,0.5239,0.7176
2074,41.48,2.898,2.885,bbox,13.006,13.073,15.047,12.69,4.6837,1.9726,,,,
2075,41.5,2.905,2.898,bbox,13.006,13.106,15.047,12.69,4.6795,1.953,,,,
2076,41.52,2.16,2.898,pose,13.006,13.106,15.047,12.69,4.6812,1.9335,0.8383,0.8516,0.5094,0.7351
2077,41.54,2.989,2.898,bbox,13.006,13.106,15.079,12.69,4.6905,1.9149,,,,
2078,41.56,3.038,2.905,bbox,13.006,13.106,15.079,12.69,4.695,1.8997,,,,
2079,41.58,2.169,2.905,pose,13.006,13.106,15.117,12.69,4.7013,1.8893,0.8549,0.9451,0.5652,0.7142
2080,41.6,2.975,2.975,bbox,13.006,13.106,15.117,12.69,4.7105,1.8747,,,,
2081,41.62,3.036,2.989,bbox,13.006,13.106,15.117,12.69,4.7163,1.8558,,,,
2082,41.64,2.259,2.975,pose,13.006,13.106,15.157,12.69,4.7287,1.8492,0.8493,0.991,0.6191,0.677
2083,41.66,3.097,2.975,bbox,13.006,13.106,15.157,12.69,4.7511,1.8517,,,,
2084,41.68,3.153,3.036,bbox,13.046,13.106,15.157,12.69,4.7812,1.8572,,,,
2085,41.7,2.349,3.036,pose,13.046,13.106,15.157,12.69,4.822,1.8784,0.8435,0.9948,0.5879,0.6153
2086,41.72,3.202,3.097,bbox,13.098,13.106,15.157,12.69,4.8788,1.9166,,,,
2087,41.74,3.186,3.153,bbox,13.139,13.106,15.157,12.69,4.9179,1.9622,,,,
2088,41.76,2.371,3.153,pose,13.196,13.106,15.157,12.732,4.9352,2.0199,0.7979,1.1072,0.562,0.5962
2089,41.78,3.176,3.176,bbox,13.235,13.106,15.157,12.778,4.9777,2.0791,,,,
2090,41.8,3.202,3.186,bbox,13.235,13.106,15.157,12.835,5.0329,2.1305,,,,
2091,41.82,2.906,3.176,pose,13.295,13.106,15.157,12.895,5.0944,2.1754,0.0138,0.1082,0.1397,0.6202
2092,41.84,3.206,3.176,bbox,13.35,13.106,15.157,12.946,5.1119,2.2187,,,,
2093,41.86,5.401,3.202,bbox,13.412,13.106,15.157,12.991,6.0271,2.2682,,,,
2094,41.88,4.324,3.206,pose,13.412,13.106,15.157,13.034,6.0557,2.309,0.4823,1.2353,0.3975,0.5852
2095,41.9,3.179,3.206,bbox,13.534,13.106,15.157,13.084,5.2168,2.3555,,,,
2096,41.92,5.361,4.324,bbox,13.684,13.106,15.157,13.125,6.1298,2.421,,,,
2097,41.94,2.41,4.324,pose,13.684,13.106,15.157,13.171,5.274,2.5277,0.6407,1.1962,0.5718,0.6252
2098,41.96,5.151,4.324,bbox,13.684,13.106,15.157,13.237,6.2151,2.6218,,,,
2099,41.98,5.155,5.151,bbox,13.787,13.106,15.157,13.343,6.2425,2.7236,,,,
2100,42.0,2.207,5.151,pose,13.787,13.106,15.157,13.437,5.3754,2.8202,0.7559,1.0875,0.5822,0.6339
2101,42.02,2.719,2.719,bbox,13.787,13.256,15.157,13.539,5.4166,2.9098,,,,
2102,42.04,2.659,2.719,bbox,13.841,13.256,15.157,13.636,5.4712,3.0045,,,,
2103,42.06,2.013,2.659,pose,13.841,13.256,15.157,13.725,5.4794,3.0873,0.8916,0.9159,0.6049,0.6532
2104,42.08,2.498,2.498,bbox,13.841,13.256,15.157,13.82,5.4925,3.1578,,,,
2105,42.1,2.441,2.498,bbox,13.841,13.256,15.157,13.903,5.5149,3.2242,,,,
2106,42.12,1.847,2.441,pose,13.841,13.256,15.157,13.973,5.5292,3.2861,0.9611,0.7857,0.5958,0.6568
2107,42.14,2.337,2.337,bbox,13.885,13.256,15.157,14.04,5.5437,3.351,,,,
2108,42.16,2.297,2.337,bbox,13.885,13.256,15.157,14.102,5.5508,3.3945,,,,
2109,42.18,1.62,2.297,pose,13.885,13.256,15.157,14.167,5.5566,3.442,0.8541,0.8943,0.5285,0.6638
2110,42.2,2.178,2.178,bbox,13.921,13.256,15.157,14.21,5.5592,3.4792,,,,
2111,42.22,2.124,2.178,bbox,13.921,13.256,15.157,14.257,5.5668,3.501,,,,
2112,42.24,1.462,2.124,pose,13.921,13.256,15.157,14.295,5.5657,3.5299,0.9163,0.8945,0.5228,0.6183
2113,42.26,2.098,2.098,bbox,13.921,13.256,15.157,14.295,5.5575,3.5454,,,,
2114,42.28,2.109,2.109,bbox,13.921,13.256,15.157,14.345,5.5463,3.5586,,,,
2115,42.3,1.601,2.098,pose,13.921,13.256,15.157,14.345,5.5308,3.5734,0.4703,0.8093,0.5257,0.6094
2116,42.32,2.055,2.055,bbox,13.921,13.256,15.157,14.345,5.5197,3.5699,,,,
2117,42.34,2.021,2.055,bbox,13.921,13.256,15.157,14.345,5.513,3.5391,,,,
2118,42.36,2.133,2.055,bbox,13.921,13.287,15.157,14.345,5.5035,3.4981,,0.7881,,0.646
2119,42.38,2.205,2.055,bbox,13.921,13.287,15.157,14.345,5.4952,3.4795,,,,
2120,42.4,2.211,2.133,bbox,13.921,13.287,15.189,14.345,5.503,3.4808,,,,
2121,42.42,1.589,2.133,pose,13.921,13.287,15.189,14.345,5.5125,3.4511,0.6562,0.8613,0.5741,0.6909
2122,42.44,2.287,2.205,bbox,13.921,13.287,15.189,14.345,5.5076,3.4066,,,,
2123,42.46,2.3,2.211,bbox,13.921,13.287,15.236,14.345,5.4937,3.3537,,,,
2124,42.48,1.707,2.211,pose,13.921,13.287,15.28,14.345,5.503,3.2948,0.7765,0.8965,0.5129,0.7548
2125,42.5,2.42,2.287,bbox,13.921,13.287,15.333,14.345,5.5253,3.2604,,,,
2126,42.52,2.461,2.3,bbox,13.921,13.287,15.392,14.345,5.5477,3.2152,,,,
2127,42.54,2.059,2.3,pose,13.921,13.287,15.427,14.345,5.5857,3.2187,0.5265,0.8027,0.5232,0.76
2128,42.56,2.51,2.42,bbox,13.921,13.287,15.468,14.345,5.6184,3.2166,,,,
2129,42.58,2.532,2.461,bbox,13.987,13.287,15.468,14.345,5.6601,3.2182,,,,
2130,42.6,2.139,2.461,pose,14.02,13.287,15.468,14.345,5.7034,3.2146,0.9248,0.6762,0.5048,0.768
2131,42.62,2.622,2.51,bbox,14.061,13.287,15.468,14.345,5.7091,3.2041,,,,
2132,42.64,2.689,2.532,bbox,14.105,13.287,15.468,14.345,5.7288,3.1947,,,,
2133,42.66,2.174,2.532,pose,14.105,13.287,15.468,14.345,5.7417,3.1728,1.0174,0.7325,0.4752,0.7361
2134,42.68,2.873,2.622,bbox,14.105,13.287,15.468,14.345,5.8083,3.1411,,,,
2135,42.7,2.999,2.689,bbox,14.143,13.287,15.514,14.345,5.8395,3.0969,,,,
2136,42.72,2.268,2.689,pose,14.21,13.287,15.546,14.345,5.8704,3.0536,0.9903,0.859,0.4983,0.7336
2137,42.74,3.116,2.873,bbox,14.241,13.287,15.59,14.345,5.8721,3.0121,,,,
2138,42.76,3.141,2.999,bbox,14.241,13.287,15.633,14.345,5.8658,2.9756,,,,
2139,42.78,2.256,2.999,pose,14.241,13.287,15.675,14.345,5.8647,2.9457,1.0057,0.9731,0.5644,0.6988
2140,42.8,4.839,3.116,bbox,14.272,13.287,15.711,14.345,6.3055,2.9142,,,,
2141,42.82,4.865,3.141,bbox,14.272,13.287,15.711,14.345,6.3004,2.9003,,,,
2142,42.84,2.395,3.141,pose,14.272,13.287,15.773,14.345,5.6652,2.8769,0.9139,0.9469,0.6219,0.6552
2143,42.86,4.979,4.839,bbox,14.417,13.287,15.773,14.345,6.2899,2.8693,,,,
2144,42.88,4.983,4.865,bbox,14.417,13.287,15.81,14.345,6.2899,2.8635,,,,
2145,42.9,2.655,4.865,pose,14.417,13.287,15.81,14.345,5.9592,2.8595,0.7324,0.8784,0.6498,0.6026
2146,42.92,3.307,3.307,bbox,14.417,13.437,15.81,14.345,5.975,2.8567,,,,
2147,42.94,3.305,3.307,bbox,14.417,13.437,15.81,14.345,5.9805,2.855,,,,
2148,42.96,2.837,3.305,pose,14.417,13.437,15.81,14.345,5.9818,2.8564,0.5401,0.8853,0.6344,0.6478
2149,42.98,3.284,3.284,bbox,14.417,13.437,15.81,14.345,5.9825,2.8585,,,,
2150,43.0,2.548,3.284,bbox,14.417,13.437,15.81,14.345,4.3484,2.8551,,,,
2151,43.02,2.54,2.837,bbox,14.417,13.437,15.81,14.345,4.336,2.8487,,0.8634,,0.689
2152,43.04,2.479,2.548,bbox,14.417,13.581,15.81,14.345,4.316,2.8534,,,,
2153,43.06,2.428,2.54,bbox,14.417,13.581,15.81,14.345,4.3252,2.8613,,,,
2154,43.08,1.893,2.479,pose,14.417,13.581,15.81,14.345,4.3288,2.8724,0.3584,0.8476,0.4401,0.7666
2155,43.1,2.374,2.428,bbox,14.417,13.581,15.81,14.345,4.322,2.8748,,,,
2156,43.12,2.356,2.374,bbox,14.417,13.581,15.81,14.345,4.3182,2.8767,,,,
2157,43.14,2.901,2.374,pose,14.417,13.581,15.81,14.345,5.9956,2.8769,0.438,0.7762,0.5697,0.7829
2158,43.16,2.315,2.356,bbox,14.417,13.581,15.81,14.345,4.2996,2.8777,,,,
2159,43.18,2.307,2.356,bbox,14.417,13.612,15.81,14.345,4.299,2.8853,,,,
2160,43.2,1.844,2.315,pose,14.417,13.612,15.81,14.345,4.2921,2.8853,0.2466,0.7494,0.4302,0.7811
2161,43.22,2.288,2.307,bbox,14.417,13.612,15.81,14.345,4.279,2.8886,,,,
2162,43.24,2.315,2.307,bbox,14.417,13.612,15.81,14.345,4.2777,2.8781,,,,
2163,43.26,1.78,2.288,pose,14.417,13.651,15.81,14.345,4.2665,2.8705,0.2706,0.8064,0.4138,0.732
2164,43.28,2.357,2.288,bbox,14.417,13.651,15.81,14.345,4.2568,2.8603,,,,
2165,43.3,2.361,2.315,bbox,14.417,13.651,15.81,14.345,4.2495,2.8734,,,,
2166,43.32,1.801,2.315,pose,14.417,13.651,15.81,14.345,4.2338,2.917,0.2704,0.9199,0.4044,0.6948
2167,43.34,2.331,2.331,bbox,14.417,13.651,15.81,14.345,4.2271,2.9456,,,,
2168,43.36,3.033,2.357,bbox,14.417,13.651,15.81,14.386,5.8307,2.9745,,,,
2169,43.38,3.926,2.361,pose,14.417,13.651,15.81,14.386,6.0727,2.9947,0.0522,1.1319,0.0339,0.6374
2170,43.4,4.347,3.033,bbox,14.537,13.651,15.81,14.443,6.067,3.014,,,,
2171,43.42,3.023,3.033,bbox,14.537,13.651,15.81,14.443,5.8112,3.0346,,,,
2172,43.44,2.044,3.033,pose,14.537,13.651,15.81,14.482,5.8088,3.0475,0.8873,1.208,0.5772,0.6245
2173,43.46,3.012,3.023,bbox,14.537,13.651,15.81,14.482,5.8094,3.0599,,,,
2174,43.48,2.994,3.012,bbox,14.537,13.651,15.81,14.516,5.8072,3.0735,,,,
2175,43.5,2.018,2.994,pose,14.537,13.651,15.81,14.516,5.8088,3.0941,0.8862,1.1538,0.5846,0.5819
2176,43.52,2.947,2.947,bbox,14.537,13.651,15.81,14.516,5.8143,3.1149,,,,
2177,43.54,2.932,2.947,bbox,14.537,13.651,15.81,14.563,5.8147,3.1395,,,,
2178,43.56,2.052,2.932,pose,14.537,13.651,15.81,14.563,5.8199,3.1749,0.8842,0.9443,0.6221,0.5093
2179,43.58,2.84,2.84,bbox,14.537,13.651,15.81,14.608,5.8213,3.2585,,,,
2180,43.6,2.775,2.84,bbox,14.537,13.651,15.81,14.643,5.825,3.353,,,,
2181,43.62,1.836,2.775,pose,14.537,13.651,15.81,14.727,4.2648,3.438,0.4897,0.6919,0.4142,0.4758
2182,43.64,2.149,2.149,bbox,14.537,13.651,15.81,14.822,4.2697,3.5068,,,,
2183,43.66,2.71,2.71,bbox,14.537,13.651,15.81,14.907,5.8877,3.5633,,,,
2184,43.68,1.962,2.149,pose,14.537,13.81,15.81,14.975,4.2831,3.5909,0.4962,0.4321,0.398,0.2648
2185,43.7,2.208,2.149,bbox,14.537,13.81,15.81,15.032,4.2909,3.6314,,,,
2186,43.72,2.248,2.208,bbox,14.537,13.81,15.81,15.032,4.2849,3.6179,,,,
2187,43.74,2.033,2.208,pose,14.537,13.81,15.81,15.086,4.3117,3.6356,0.4815,0.3916,0.3956,0.2267
2188,43.76,2.293,2.208,bbox,14.537,13.81,15.81,15.086,4.3251,3.6487,,,,
2189,43.78,3.006,2.248,bbox,14.537,13.81,15.81,15.086,6.0095,3.6356,,,,
2190,43.8,2.771,2.293,pose,14.579,13.81,15.81,15.086,6.0158,3.6772,0.7581,0.2632,0.5393,0.152
2191,43.82,3.01,2.771,bbox,14.729,13.81,15.81,15.117,6.0189,3.6931,,,,
2192,43.84,3.004,3.004,bbox,14.729,13.81,15.81,15.117,6.0125,3.6863,,,,
2193,43.86,2.669,3.004,pose,14.729,13.81,15.81,15.148,6.0032,3.6797,0.7803,0.3273,0.5049,0.1184
2194,43.88,2.919,2.919,bbox,14.729,13.81,15.81,15.148,5.9608,3.677,,,,
2195,43.9,3.021,3.004,bbox,14.729,13.81,15.81,15.148,6.0337,3.6671,,,,
2196,43.92,2.45,2.919,pose,14.729,13.81,15.81,15.148,6.0191,3.6594,0.8692,0.4022,0.5312,0.1809
2197,43.94,2.123,2.669,bbox,14.729,13.81,15.81,15.148,4.2492,3.6527,,,,
2198,43.96,2.098,2.45,bbox,14.729,13.859,15.81,15.148,4.251,3.6453,,,,
2199,43.98,2.102,2.123,bbox,14.729,14.009,15.81,15.148,4.2725,3.6278,0.4943,,0.3829,
2200,44.0,2.665,2.123,bbox,14.729,14.009,15.844,15.148,5.7538,3.6182,,,,
2201,44.02,2.668,2.123,bbox,14.729,14.009,15.844,15.148,5.7483,3.602,,,,
2202,44.04,2.211,2.211,pose,14.879,14.009,15.844,15.148,5.7397,3.5877,1.1101,0.4529,0.4997,0.4419
2203,44.06,2.94,2.665,bbox,14.879,14.009,15.888,15.148,5.9223,3.5658,,,,
2204,44.08,2.189,2.665,bbox,14.879,14.009,15.888,15.148,4.3081,3.5042,,,,
2205,44.1,1.807,2.211,pose,14.879,14.009,15.924,15.148,4.3147,3.4526,0.4787,0.624,0.3812,0.5064
2206,44.12,2.258,2.211,bbox,14.879,14.159,15.985,15.148,4.3189,3.4021,,,,
2207,44.14,2.952,2.258,bbox,14.879,14.159,16.037,15.148,5.7331,3.3468,,,,
2208,44.16,2.026,2.189,pose,14.879,14.159,16.088,15.148,5.7195,3.3067,1.2303,0.8698,0.4206,0.5547
2209,44.18,3.145,2.258,bbox,15.029,14.159,16.143,15.148,5.7101,3.2881,,,,
2210,44.2,2.243,2.258,bbox,15.029,14.159,16.183,15.148,4.2831,3.2723,,,,
2211,44.22,,,,15.029,14.159,16.183,15.148,,,,,,
2212,44.24,,,,15.029,14.159,16.183,15.148,,,,,,
2213,44.26,,,,15.029,14.159,16.183,15.148,,,,,,
2214,44.28,,,,15.029,14.159,16.183,15.148,,,,,,
2215,44.3,,,,15.029,14.159,16.183,15.148,,,,,,
2216,44.32,,,,15.029,14.159,16.183,15.148,,,,,,
2217,44.34,,,,15.029,14.159,16.183,15.148,,,,,,
2218,44.36,,,,15.029,14.159,16.183,15.148,,,,,,
2219,44.38,,,,15.029,14.159,16.183,15.148,,,,,,
2220,44.4,,,,15.029,14.159,16.183,15.148,,,,,,
2221,44.42,2.335,2.335,bbox,15.029,14.159,16.183,15.148,4.3641,3.2445,,,,
2222,44.44,3.374,2.335,bbox,15.029,14.159,16.217,15.148,5.8717,3.2074,,,,
2223,44.46,2.049,2.335,pose,15.029,14.309,16.217,15.148,4.3747,3.1503,0.4381,0.8016,0.4042,0.559
2224,44.48,,,,15.029,14.309,16.217,15.148,,,,,,
2225,44.5,,,,15.029,14.309,16.217,15.148,,,,,,
2226,44.52,,,,15.029,14.309,16.217,15.148,,,,,,
2227,44.54,,,,15.029,14.309,16.217,15.148,,,,,,
2228,44.56,,,,15.029,14.309,16.217,15.148,,,,,,
2229,44.58,,,,15.029,14.309,16.217,15.148,,,,,,
2230,44.6,,,,15.029,14.309,16.217,15.148,,,,,,
2231,44.62,,,,15.029,14.309,16.217,15.148,,,,,,
2232,44.64,,,,15.029,14.309,16.217,15.148,,,,,,
2233,44.66,2.941,2.335,bbox,15.029,14.309,16.282,15.148,4.4625,2.782,,,,
2234,44.68,3.71,2.941,bbox,15.117,14.309,16.339,15.148,6.0839,2.7695,,,,
2235,44.7,2.577,2.941,pose,15.267,14.309,16.489,15.148,6.1011,2.7483,0.056,1.0467,0.0515,0.5698
2236,44.72,3.048,2.941,bbox,15.417,14.309,16.489,15.148,6.0987,2.7288,,,,
2237,44.74,3.073,3.048,bbox,15.417,14.309,16.523,15.148,6.1175,2.7086,,,,
2238,44.76,2.593,3.048,pose,15.417,14.309,16.523,15.148,6.106,2.7,0.0018,0.9641,0.2856,0.5783
2239,44.78,3.083,3.048,bbox,15.417,14.309,16.563,15.148,6.1098,2.6998,,,,
2240,44.8,3.094,3.073,bbox,15.417,14.309,16.563,15.148,6.1187,2.6954,,,,
2241,44.82,2.584,3.073,pose,15.451,14.309,16.563,15.148,6.1208,2.6925,0.399,0.9566,0.7843,0.6132
2242,44.84,3.098,3.083,bbox,15.451,14.309,16.563,15.148,6.1261,2.6961,,,,
2243,44.86,3.058,3.083,bbox,15.451,14.309,16.563,15.148,6.098,2.7041,,,,
2244,44.88,3.628,3.094,pose,15.451,14.309,16.563,15.148,3.4017,2.7069,0.1099,0.9445,1.2071,0.6644
2245,44.9,,,,15.451,14.309,16.563,15.148,,,,,,
2246,44.92,,,,15.451,14.309,16.563,15.148,,,,,,
2247,44.94,,,,15.451,14.309,16.563,15.148,,,,,,
2248,44.96,,,,15.451,14.309,16.563,15.148,,,,,,
2249,44.98,,,,15.451,14.309,16.563,15.148,,,,,,
2250,45.0,,,,15.451,14.309,16.563,15.148,,,,,,
2251,45.02,,,,15.451,14.309,16.563,15.148,,,,,,
2252,45.04,,,,15.451,14.309,16.563,15.148,,,,,,
2253,45.06,,,,15.451,14.309,16.563,15.148,,,,,,
2254,45.08,,,,15.451,14.309,16.563,15.148,,,,,,
2255,45.1,2.501,3.058,bbox,15.451,14.309,16.563,15.148,4.3679,2.829,,,,
2256,45.12,2.477,3.058,bbox,15.451,14.478,16.563,15.148,4.3673,2.8292,,0.5402,,0.767
2257,45.14,3.025,3.025,bbox,15.451,14.478,16.563,15.268,5.8056,2.8288,,,,
2258,45.16,2.989,2.989,bbox,15.451,14.478,16.563,15.268,5.7572,2.8283,,,,
2259,45.18,2.293,2.501,pose,15.601,14.478,16.563,15.268,5.6938,2.8282,0.8568,0.6589,0.6145,0.7692
2260,45.2,2.856,2.856,bbox,15.601,14.478,16.563,15.268,5.6449,2.842,,,,
2261,45.22,2.858,2.858,bbox,15.601,14.478,16.563,15.268,5.6213,2.86,,,,
2262,45.24,2.17,2.856,pose,15.601,14.527,16.563,15.268,5.5946,2.8678,0.8632,0.7805,0.616,0.7227
2263,45.26,2.887,2.856,bbox,15.601,14.527,16.563,15.3,5.5946,2.8765,,,,
2264,45.28,2.939,2.858,bbox,15.601,14.567,16.563,15.3,5.6049,2.8841,,,,
2265,45.3,2.961,2.887,bbox,15.601,14.567,16.563,15.3,5.6096,2.8864,,0.807,,0.6622
2266,45.32,2.967,2.939,bbox,15.601,14.567,16.563,15.3,5.6208,2.9068,,,,
2267,45.34,2.97,2.961,bbox,15.601,14.567,16.563,15.3,5.6159,2.9128,,,,
2268,45.36,2.21,2.961,pose,15.601,14.567,16.563,15.346,5.6135,2.9162,0.8649,0.7934,0.5236,0.6986
2269,45.38,2.952,2.961,bbox,15.601,14.567,16.563,15.346,5.6296,2.9163,,,,
2270,45.4,2.963,2.963,bbox,15.601,14.567,16.563,15.346,5.6414,2.9135,,,,
2271,45.42,2.174,2.952,pose,15.601,14.567,16.563,15.346,5.6529,2.9158,0.8871,0.8173,0.5616,0.7271
2272,45.44,2.915,2.915,bbox,15.637,14.567,16.563,15.346,5.6612,2.9119,,,,
2273,45.46,2.923,2.923,bbox,15.637,14.567,16.563,15.346,5.6781,2.9126,,,,
2274,45.48,2.214,2.915,pose,15.637,14.567,16.563,15.346,5.7004,2.9034,0.9395,0.804,0.6073,0.7535
2275,45.5,2.979,2.915,bbox,15.674,14.567,16.563,15.346,5.7237,2.8924,,,,
2276,45.52,3.037,2.923,bbox,15.674,14.567,16.563,15.346,5.7598,2.8785,,,,
2277,45.54,2.405,2.923,pose,15.72,14.567,16.563,15.346,5.787,2.8661,1.012,0.7191,0.6112,0.7521
2278,45.56,3.145,2.979,bbox,15.756,14.567,16.563,15.346,5.8127,2.8425,,,,
2279,45.58,3.197,3.037,bbox,15.756,14.567,16.603,15.346,5.8365,2.8307,,,,
2280,45.6,2.539,3.037,pose,15.809,14.567,16.603,15.346,5.854,2.8058,1.0414,0.7784,0.5868,0.7097
2281,45.62,3.317,3.145,bbox,15.809,14.567,16.639,15.346,5.8623,2.798,,,,
2282,45.64,3.377,3.197,bbox,15.85,14.567,16.639,15.346,5.8765,2.7818,,,,
2283,45.66,2.58,3.197,pose,15.85,14.567,16.672,15.346,5.8813,2.7759,1.0858,0.8264,0.5449,0.6632
2284,45.68,3.427,3.317,bbox,15.85,14.567,16.672,15.346,5.8832,2.7775,,,,
2285,45.7,3.45,3.377,bbox,15.85,14.567,16.672,15.346,5.8819,2.7689,,,,
2286,45.72,2.679,3.377,pose,15.85,14.567,16.672,15.346,5.8818,2.7691,1.0894,0.5467,0.522,0.6695
2287,45.74,3.451,3.427,bbox,15.85,14.567,16.672,15.346,5.8834,2.7755,,,,
2288,45.76,3.426,3.427,bbox,15.85,14.567,16.672,15.346,5.8781,2.7933,,,,
2289,45.78,2.343,3.426,pose,15.85,14.567,16.672,15.346,5.8756,2.8294,1.0877,1.0383,0.5488,0.6538
2290,45.8,3.297,3.297,bbox,15.85,14.567,16.672,15.346,5.8733,2.8697,,,,
2291,45.82,3.246,3.297,bbox,15.85,14.567,16.672,15.378,5.8612,2.8899,,,,
2292,45.84,2.225,3.246,pose,15.85,14.567,16.672,15.418,5.8482,2.8958,1.0338,1.08,0.5779,0.6539
2293,45.86,3.183,3.183,bbox,15.85,14.567,16.672,15.418,5.8362,2.9024,,,,
2294,45.88,3.124,3.183,bbox,15.85,14.567,16.672,15.418,5.8226,2.9212,,,,
2295,45.9,2.197,3.124,pose,15.85,14.567,16.672,15.451,5.8044,2.9332,0.9614,1.0381,0.6262,0.6017
2296,45.92,3.077,3.077,bbox,15.85,14.599,16.672,15.451,5.7832,2.9436,,,,
2297,45.94,3.047,3.077,bbox,15.85,14.599,16.672,15.482,5.7621,2.9441,,,,
2298,45.96,2.173,3.047,pose,15.85,14.638,16.672,15.482,5.7289,2.9479,0.8671,1.0048,0.6402,0.5785
2299,45.98,2.965,2.965,bbox,15.85,14.638,16.672,15.482,5.7065,2.9492,,,,
2300,46.0,2.927,2.965,bbox,15.85,14.692,16.672,15.482,5.6843,2.9478,,,,
2301,46.02,2.173,2.927,pose,15.85,14.692,16.672,15.482,5.6602,2.948,0.7893,0.9994,0.6353,0.5975
2302,46.04,2.903,2.903,bbox,15.85,14.737,16.672,15.482,5.6621,2.9482,,,,
2303,46.06,2.928,2.927,bbox,15.85,14.737,16.672,15.482,5.6702,2.9378,,,,
2304,46.08,2.184,2.903,pose,15.85,14.737,16.672,15.482,5.6772,2.927,0.7806,1.024,0.6183,0.6611
2305,46.1,2.981,2.903,bbox,15.85,14.737,16.672,15.482,5.6805,2.9166,,,,
2306,46.12,3.038,2.928,bbox,15.85,14.737,16.672,15.482,5.7106,2.9037,,,,
2307,46.14,2.189,2.928,pose,15.85,14.737,16.672,15.482,5.699,2.8852,0.861,1.0651,0.5533,0.6743
2308,46.16,3.065,2.981,bbox,15.85,14.737,16.672,15.482,5.6756,2.8698,,,,
2309,46.18,3.073,3.038,bbox,15.85,14.737,16.72,15.482,5.6512,2.8367,,,,
2310,46.2,2.163,3.038,pose,15.85,14.737,16.72,15.482,5.6232,2.8044,1.0103,0.9891,0.5133,0.6857
2311,46.22,3.141,3.065,bbox,15.85,14.77,16.768,15.482,5.6052,2.7772,,,,
2312,46.24,3.135,3.073,bbox,15.85,14.77,16.8,15.482,5.586,2.7745,,,,
2313,46.26,2.111,3.073,pose,15.85,14.816,16.8,15.482,5.5581,2.7662,1.1536,0.9429,0.4957,0.6581
2314,46.28,3.124,3.124,bbox,15.85,14.816,16.8,15.482,5.5371,2.7585,,,,
2315,46.3,3.137,3.135,bbox,15.85,14.863,16.839,15.482,5.5363,2.7577,,,,
2316,46.32,2.115,3.124,pose,15.85,14.863,16.839,15.482,5.5348,2.7507,1.1495,0.9357,0.4906,0.6552
2317,46.34,3.15,3.124,bbox,15.85,14.863,16.839,15.482,5.5311,2.7423,,,,
2318,46.36,3.139,3.137,bbox,15.85,14.863,16.839,15.482,5.5109,2.7336,,,,
2319,46.38,2.106,3.137,pose,15.85,14.863,16.839,15.482,5.5025,2.7263,1.0963,0.9539,0.4943,0.6689
2320,46.4,3.066,3.066,bbox,15.85,14.91,16.871,15.482,5.4705,2.7266,,,,
2321,46.42,3.046,3.066,bbox,15.85,14.91,16.871,15.482,5.4693,2.7144,,,,
2322,46.44,2.096,3.046,pose,15.85,14.951,16.871,15.482,5.4257,2.7039,1.0584,0.9445,0.5492,0.7252
2323,46.46,2.953,2.953,bbox,15.85,14.951,16.871,15.482,5.4077,2.6861,,,,
2324,46.48,2.937,2.953,bbox,15.85,14.995,16.871,15.482,5.4006,2.6701,,,,
2325,46.5,2.16,2.937,pose,15.85,14.995,16.919,15.482,5.382,2.6491,0.9776,0.8621,0.5904,0.7334
2326,46.52,2.933,2.933,bbox,15.85,14.995,16.919,15.482,5.3722,2.6219,,,,
2327,46.54,2.937,2.937,bbox,15.85,15.039,16.956,15.482,5.3551,2.5958,,,,
2328,46.56,2.203,2.933,pose,15.85,15.039,16.956,15.482,5.3545,2.5776,0.9141,0.901,0.6057,0.7025
2329,46.58,2.981,2.933,bbox,15.85,15.039,17.009,15.482,5.3469,2.5594,,,,
2330,46.6,3.004,2.937,bbox,15.85,15.039,17.009,15.482,5.3437,2.5426,,,,
2331,46.62,2.838,2.937,bbox,15.85,15.074,17.045,15.482,4.2438,2.5318,,0.9661,,0.674
2332,46.64,2.815,2.838,bbox,15.85,15.074,17.045,15.482,4.2353,2.528,,,,
2333,46.66,3.095,2.981,bbox,15.85,15.074,17.045,15.482,5.3754,2.527,,,,
2334,46.68,2.263,2.838,pose,15.85,15.074,17.077,15.482,5.3799,2.5262,0.892,0.9544,0.5837,0.6792
2335,46.7,3.135,2.838,bbox,15.85,15.074,17.077,15.482,5.3744,2.5262,,,,
2336,46.72,3.108,3.095,bbox,15.85,15.074,17.077,15.482,5.3393,2.5235,,,,
2337,46.74,2.638,3.095,pose,15.85,15.074,17.077,15.482,5.3108,2.5204,0.1332,0.9657,-0.2165,0.6828
2338,46.76,3.074,3.074,bbox,15.85,15.074,17.077,15.482,5.3052,2.5208,,,,
2339,46.78,3.077,3.077,bbox,15.85,15.11,17.077,15.482,5.3031,2.5204,,,,
2340,46.8,2.246,3.074,pose,15.85,15.11,17.077,15.482,5.3032,2.5209,0.9476,0.9591,0.5277,0.6998
2341,46.82,3.071,3.071,bbox,15.85,15.11,17.077,15.482,5.3025,2.5235,,,,
2342,46.84,3.09,3.074,bbox,15.85,15.11,17.077,15.482,5.3074,2.5235,,,,
2343,46.86,2.269,3.071,pose,15.85,15.11,17.077,15.482,5.3101,2.5192,0.9427,0.93,0.5238,0.7158
2344,46.88,3.082,3.071,bbox,15.85,15.11,17.077,15.482,5.3046,2.5033,,,,
2345,46.9,3.065,3.071,bbox,15.85,15.11,17.077,15.482,5.302,2.5029,,,,
2346,46.92,2.241,3.065,pose,15.85,15.11,17.077,15.482,5.3016,2.5125,0.9336,0.9335,0.5594,0.7
2347,46.94,3.032,3.032,bbox,15.85,15.11,17.077,15.482,5.2977,2.5199,,,,
2348,46.96,3.0,3.032,bbox,15.85,15.11,17.077,15.482,5.2922,2.5215,,,,
2349,46.98,2.2,3.0,pose,15.85,15.11,17.077,15.482,5.2947,2.5345,0.9243,0.9413,0.6023,0.6615
2350,47.0,2.951,2.951,bbox,15.85,15.11,17.077,15.482,5.2838,2.5407,,,,
2351,47.02,2.918,2.951,bbox,15.85,15.11,17.077,15.482,5.2732,2.5406,,,,
2352,47.04,2.169,2.918,pose,15.85,15.11,17.077,15.482,5.2635,2.5583,0.8995,0.9426,0.6248,0.6584
2353,47.06,2.873,2.873,bbox,15.85,15.148,17.077,15.482,5.2589,2.5594,,,,
2354,47.08,2.885,2.885,bbox,15.85,15.148,17.077,15.512,5.2571,2.5608,,,,
2355,47.1,2.188,2.873,pose,15.85,15.148,17.077,15.512,5.2596,2.561,0.8778,0.9355,0.6026,0.6563
2356,47.12,4.97,2.873,bbox,15.85,15.148,17.077,15.512,6.0248,2.5569,,,,
2357,47.14,2.881,2.881,bbox,15.85,15.148,17.077,15.512,5.2527,2.5564,,,,
2358,47.16,2.186,2.881,pose,15.85,15.148,17.077,15.512,5.2447,2.5546,0.8655,0.9776,0.5932,0.643
2359,47.18,2.916,2.881,bbox,15.85,15.148,17.077,15.512,5.2549,2.5637,,,,
2360,47.2,2.935,2.916,bbox,15.85,15.148,17.077,15.512,5.2638,2.5684,,,,
2361,47.22,2.143,2.881,pose,15.85,15.148,17.077,15.512,5.2599,2.5867,0.9058,1.0351,0.551,0.6272
2362,47.24,2.849,2.849,bbox,15.85,15.148,17.077,15.512,5.2556,2.6005,,,,
2363,47.26,2.81,2.849,bbox,15.85,15.148,17.077,15.512,5.254,2.6256,,,,
2364,47.28,3.784,2.849,pose,15.85,15.148,17.077,15.554,5.969,2.656,0.4577,1.1575,0.4032,0.6474
2365,47.3,4.62,2.849,bbox,15.85,15.148,17.077,15.554,5.9579,2.6832,,,,
2366,47.32,4.563,3.784,bbox,15.987,15.148,17.077,15.61,5.9531,2.721,,,,
2367,47.34,3.663,3.784,pose,15.987,15.148,17.077,15.61,5.9501,2.7711,0.4243,1.1135,0.4195,0.6763
2368,47.36,2.568,3.784,bbox,15.987,15.148,17.077,15.675,5.1713,2.8113,,,,
2369,47.38,4.377,4.377,bbox,15.987,15.148,17.077,15.725,5.9459,2.8714,,,,
2370,47.4,3.66,3.663,pose,15.987,15.148,17.077,15.765,5.9481,2.9054,0.4407,1.0239,0.424,0.6553
2371,47.42,4.324,3.663,bbox,15.987,15.148,17.077,15.825,5.9521,2.9255,,,,
2372,47.44,4.288,4.288,bbox,15.987,15.148,17.077,15.859,5.9572,2.975,,,,
2373,47.46,1.854,4.288,pose,15.987,15.148,17.077,15.859,5.1042,2.9943,0.8621,0.8694,0.5351,0.6403
2374,47.48,2.462,3.66,bbox,15.987,15.148,17.077,15.928,5.112,3.0111,,,,
2375,47.5,2.31,2.462,bbox,15.987,15.303,17.077,15.928,5.1283,3.0078,,,,
2376,47.52,3.643,2.462,pose,15.987,15.303,17.077,15.928,5.9878,2.9849,0.4775,0.8473,0.404,0.6294
2377,47.54,2.375,2.375,bbox,15.987,15.303,17.077,15.928,5.1703,2.9636,,,,
2378,47.56,4.367,2.462,bbox,16.029,15.303,17.077,15.928,5.9992,2.9379,,,,
2379,47.58,3.654,3.643,pose,16.179,15.303,17.077,15.928,6.0093,2.9202,0.5176,0.8804,0.3974,0.6895
2380,47.6,2.507,3.643,bbox,16.179,15.303,17.114,15.928,5.2476,2.8948,,,,
2381,47.62,2.584,2.584,bbox,16.179,15.453,17.114,15.928,5.3011,2.8699,,,,
2382,47.64,1.723,2.584,pose,16.179,15.453,17.157,15.928,5.3156,2.8448,0.9988,0.9325,0.59,0.7169
2383,47.66,2.645,2.584,bbox,16.179,15.453,17.157,15.928,5.34,2.8112,,,,
2384,47.68,2.708,2.584,bbox,16.179,15.453,17.207,15.928,5.3623,2.7797,,,,
2385,47.7,2.009,2.584,pose,16.217,15.453,17.241,15.928,5.3994,2.743,0.9532,0.8979,0.5864,0.7439
2386,47.72,2.904,2.645,bbox,16.217,15.453,17.272,15.928,5.4366,2.6977,,,,
2387,47.74,2.936,2.708,bbox,16.277,15.453,17.309,15.928,5.4236,2.6648,,,,
2388,47.76,2.888,2.888,pose,16.277,15.453,17.354,15.928,5.4356,2.6363,0.0798,0.8692,0.2074,0.7149
2389,47.78,3.086,2.904,bbox,16.313,15.453,17.387,15.928,5.4351,2.6097,,,,
2390,47.8,4.851,2.936,bbox,16.313,15.453,17.387,15.928,6.0452,2.5969,,,,
2391,47.82,4.071,3.086,pose,16.313,15.453,17.442,15.928,6.0565,2.5858,0.5119,0.9073,0.4111,0.6778
2392,47.84,4.906,4.071,bbox,16.463,15.453,17.442,15.928,6.0594,2.5825,,,,
2393,47.86,4.903,4.851,bbox,16.463,15.453,17.442,15.928,6.0672,2.5805,,,,
2394,47.88,4.136,4.851,pose,16.463,15.453,17.442,15.928,6.0761,2.578,0.4481,0.9118,0.4205,0.6243
2395,47.9,4.944,4.903,bbox,16.463,15.453,17.442,15.928,6.0956,2.5755,,,,
2396,47.92,4.941,4.906,bbox,16.494,15.453,17.474,15.928,6.0965,2.5756,,,,
2397,47.94,4.174,4.903,pose,16.494,15.453,17.474,15.928,6.091,2.5797,0.4162,0.9058,0.4272,0.6254
2398,47.96,3.215,4.174,bbox,16.494,15.453,17.474,15.928,5.5354,2.5853,,,,
2399,47.98,3.205,4.174,bbox,16.494,15.453,17.474,15.928,5.5514,2.586,,,,
2400,48.0,4.122,4.122,pose,16.494,15.453,17.474,15.928,6.0713,2.59,0.4004,0.9195,0.427,0.6766
2401,48.02,4.801,4.122,bbox,16.494,15.453,17.474,15.928,6.0705,2.5913,,,,
2402,48.04,2.957,3.215,bbox,16.494,15.609,17.474,15.928,5.4284,2.591,,,,
2403,48.06,4.05,4.05,pose,16.644,15.609,17.474,15.928,6.0756,2.5967,0.4076,0.8974,0.4206,0.7432
2404,48.08,4.742,4.122,bbox,16.644,15.609,17.474,15.928,6.0889,2.6061,,,,
2405,48.1,2.992,4.05,bbox,16.644,15.609,17.474,15.928,5.4978,2.612,,,,
2406,48.12,2.202,2.992,pose,16.644,15.759,17.474,15.928,5.477,2.6162,0.8921,0.8384,0.6131,0.7653
2407,48.14,4.763,4.05,bbox,16.794,15.759,17.474,15.962,6.1328,2.6292,,,,
2408,48.16,2.93,2.992,bbox,16.794,15.909,17.474,15.962,5.4638,2.6405,,,,
2409,48.18,2.225,2.93,pose,16.794,15.909,17.474,15.962,5.4547,2.6521,0.8615,0.8064,0.5934,0.7788
2410,48.2,2.913,2.913,bbox,16.794,15.943,17.474,15.962,5.453,2.6558,,,,
2411,48.22,2.935,2.93,bbox,16.794,15.943,17.474,16.003,5.4443,2.6572,,,,
2412,48.24,4.109,2.93,pose,16.794,15.943,17.474,16.003,6.1709,2.6515,0.5441,0.8208,0.3748,0.7525
2413,48.26,4.875,2.935,bbox,16.794,15.943,17.474,16.003,6.1707,2.6478,,,,
2414,48.28,2.985,2.985,bbox,16.794,15.943,17.474,16.003,5.441,2.6435,,,,
2415,48.3,2.235,2.985,pose,16.794,15.943,17.474,16.003,5.4388,2.6445,0.8797,0.8617,0.5952,0.6828
2416,48.32,2.921,2.985,bbox,16.794,15.943,17.474,16.003,5.382,2.6491,,,,
2417,48.34,2.969,2.969,bbox,16.794,15.943,17.474,16.003,5.4493,2.6666,,,,
2418,48.36,2.233,2.921,pose,16.794,15.943,17.474,16.003,5.3965,2.6741,0.889,0.8402,0.6216,0.6704
2419,48.38,2.912,2.912,bbox,16.794,15.943,17.474,16.003,5.436,2.6808,,,,
2420,48.4,5.019,2.921,bbox,16.794,15.943,17.474,16.003,6.2588,2.6937,,,,
2421,48.42,5.014,2.969,bbox,16.794,15.943,17.474,16.003,6.2732,2.6945,,0.8142,,0.6477
2422,48.44,5.062,5.014,bbox,16.929,15.943,17.474,16.044,6.2815,2.7009,,,,
2423,48.46,5.045,5.019,bbox,16.929,15.943,17.474,16.044,6.2885,2.6956,,,,
2424,48.48,2.322,5.019,pose,16.929,15.943,17.474,16.044,5.5532,2.696,0.8269,0.8348,0.6588,0.6493
2425,48.5,3.059,5.014,bbox,16.929,15.943,17.474,16.044,5.5878,2.6848,,,,
2426,48.52,3.079,3.079,bbox,16.929,16.078,17.474,16.044,5.607,2.6776,,,,
2427,48.54,4.5,3.079,pose,16.929,16.078,17.474,16.044,6.3639,2.6737,0.265,0.8456,0.4403,0.6795
2428,48.56,2.938,3.059,bbox,16.929,16.078,17.474,16.044,5.4369,2.6706,,,,
2429,48.58,3.142,3.079,bbox,16.929,16.078,17.474,16.044,5.6136,2.6626,,,,
2430,48.6,2.477,3.079,pose,16.929,16.078,17.474,16.044,5.6303,2.6542,0.7862,0.8514,0.5814,0.7109
2431,48.62,3.199,3.142,bbox,16.929,16.078,17.505,16.044,5.6328,2.6471,,,,
2432,48.64,3.214,3.142,bbox,16.929,16.078,17.505,16.044,5.6301,2.639,,,,
2433,48.66,2.464,3.142,pose,16.929,16.078,17.505,16.044,5.6088,2.6347,0.797,0.8681,0.5625,0.6944
2434,48.68,3.176,3.176,bbox,16.929,16.078,17.505,16.044,5.5847,2.6366,,,,
2435,48.7,3.175,3.176,bbox,16.929,16.078,17.505,16.044,5.5802,2.6377,,,,
2436,48.72,4.78,3.176,pose,16.929,16.078,17.505,16.044,6.4754,2.6432,0.2718,0.8931,0.286,0.6898
2437,48.74,3.135,3.175,bbox,16.929,16.078,17.505,16.044,5.5597,2.6565,,,,
2438,48.76,3.072,3.175,bbox,16.929,16.078,17.505,16.044,5.5375,2.694,,,,
2439,48.78,2.055,3.135,pose,16.929,16.125,17.505,16.044,5.4932,2.7072,1.0156,0.9781,0.5595,0.681
2440,48.8,2.941,3.072,bbox,16.929,16.125,17.505,16.076,5.4701,2.7239,,,,
2441,48.82,2.878,2.941,bbox,16.929,16.192,17.505,16.076,5.4063,2.7233,,,,
2442,48.84,2.861,2.878,bbox,16.929,16.192,17.505,16.076,5.3855,2.736,,0.9714,,0.6485
2443,48.86,2.849,2.861,bbox,16.929,16.279,17.505,16.076,5.3623,2.7495,,,,
2444,48.88,2.837,2.861,bbox,16.929,16.279,17.505,16.118,5.3339,2.7554,,,,
2445,48.9,2.761,2.849,bbox,16.929,16.323,17.505,16.118,5.2654,2.759,,0.9394,,0.5955
2446,48.92,2.63,2.837,bbox,16.929,16.323,17.505,16.118,5.1957,2.7687,,,,
2447,48.94,2.567,2.761,bbox,16.929,16.42,17.505,16.118,5.1596,2.7651,,,,
2448,48.96,1.798,2.63,pose,16.929,16.489,17.505,16.118,5.1358,2.7592,0.3961,0.9405,0.2387,0.5908
2449,48.98,2.585,2.585,bbox,16.929,16.525,17.505,16.118,5.1253,2.753,,,,
2450,49.0,2.635,2.585,bbox,16.929,16.525,17.505,16.118,5.1255,2.7445,,,,
2451,49.02,1.858,2.567,pose,16.929,16.56,17.505,16.118,5.1198,2.7215,0.9362,1.0021,0.4932,0.6303
2452,49.04,2.662,2.585,bbox,16.929,16.56,17.505,16.118,5.1179,2.7054,,,,
2453,49.06,2.635,2.635,bbox,16.929,16.56,17.505,16.118,5.1236,2.6759,,,,
2454,49.08,1.923,2.635,pose,16.929,16.56,17.535,16.118,5.1455,2.6447,0.9238,1.0522,0.502,0.6637
2455,49.1,2.748,2.635,bbox,16.929,16.56,17.535,16.118,5.1769,2.5965,,,,
2456,49.12,2.906,2.662,bbox,16.929,16.56,17.596,16.118,5.2482,2.5407,,,,
2457,49.14,2.084,2.635,pose,16.981,16.56,17.644,16.118,5.2724,2.4869,0.997,1.0452,0.5456,0.6029
2458,49.16,3.152,2.748,bbox,17.052,16.56,17.7,16.118,5.2961,2.4193,,,,
2459,49.18,3.239,2.906,bbox,17.052,16.56,17.754,16.118,5.3279,2.3854,,,,
2460,49.2,3.306,3.152,bbox,17.1,16.56,17.822,16.118,5.3539,2.3618,,1.041,,0.5967
2461,49.22,3.366,3.239,bbox,17.132,16.56,17.855,16.118,5.3899,2.3408,,,,
2462,49.24,3.427,3.306,bbox,17.132,16.56,17.855,16.118,5.4204,2.3193,,,,
2463,49.26,3.496,3.366,bbox,17.194,16.56,17.9,16.118,5.461,2.3018,,1.0802,,0.5682
2464,49.28,3.563,3.427,bbox,17.224,16.56,17.9,16.118,5.4931,2.2956,,,,
2465,49.3,3.543,3.496,bbox,17.224,16.56,17.939,16.118,5.4484,2.2927,,,,
2466,49.32,3.607,3.543,bbox,17.265,16.56,17.939,16.118,5.4745,2.2927,,1.0962,,0.5814
2467,49.34,3.619,3.563,bbox,17.265,16.56,17.939,16.118,5.471,2.2862,,,,
2468,49.36,3.63,3.607,bbox,17.265,16.56,17.939,16.118,5.4689,2.277,,,,
2469,49.38,3.667,3.619,bbox,17.265,16.56,17.939,16.118,5.5069,2.272,,1.0889,,0.6572
2470,49.4,3.634,3.63,bbox,17.265,16.56,17.939,16.118,5.4857,2.2596,,,,
2471,49.42,3.614,3.63,bbox,17.265,16.56,17.939,16.118,5.4813,2.2547,,,,
2472,49.44,2.716,3.63,pose,17.265,16.56,17.981,16.118,5.4382,2.2326,1.0203,0.9947,0.5199,0.7315
2473,49.46,3.546,3.614,bbox,17.265,16.56,17.981,16.118,5.444,2.2091,,,,
2474,49.48,3.505,3.546,bbox,17.265,16.56,17.981,16.118,5.4309,2.1738,,,,
2475,49.5,2.83,3.505,pose,17.265,16.56,18.032,16.118,5.4397,2.1629,0.9843,0.7724,0.5443,0.773
2476,49.52,5.89,3.505,bbox,17.265,16.56,18.067,16.118,6.6667,2.1526,,,,
2477,49.54,3.506,3.506,bbox,17.265,16.56,18.067,16.118,5.5037,2.145,,,,
2478,49.56,3.492,3.505,bbox,17.302,16.56,18.067,16.118,5.4978,2.1396,,0.5716,,0.7341
2479,49.58,3.478,3.492,bbox,17.302,16.56,18.067,16.118,5.4697,2.1248,,,,
2480,49.6,3.456,3.492,bbox,17.302,16.56,18.101,16.118,5.436,2.1093,,,,
2481,49.62,3.107,3.478,pose,17.302,16.56,18.101,16.118,5.3524,2.1004,0.7677,0.4693,0.6366,0.7024
2482,49.64,3.386,3.456,bbox,17.302,16.621,18.132,16.118,5.3565,2.085,,,,
2483,49.66,3.361,3.386,bbox,17.302,16.701,18.132,16.118,5.3264,2.0773,,,,
2484,49.68,3.006,3.361,pose,17.302,16.701,18.132,16.118,5.2323,2.0743,0.6708,0.4974,0.6327,0.6676
2485,49.7,3.248,3.248,bbox,17.302,16.731,18.164,16.118,5.2196,2.0704,,,,
2486,49.72,3.253,3.253,bbox,17.302,16.825,18.164,16.118,5.215,2.0671,,,,
2487,49.74,2.862,3.248,pose,17.302,16.825,18.164,16.118,5.198,2.0719,0.7029,0.5686,0.629,0.6381
2488,49.76,3.242,3.242,bbox,17.302,16.825,18.164,16.118,5.1902,2.0765,,,,
2489,49.78,3.216,3.242,bbox,17.302,16.859,18.164,16.118,5.1783,2.0907,,,,
2490,49.8,2.636,3.216,pose,17.302,16.859,18.164,16.118,5.1779,2.1014,0.8073,0.7162,0.6198,0.6589
2491,49.82,3.301,3.216,bbox,17.302,16.859,18.164,16.118,5.1742,2.1264,,,,
2492,49.84,3.179,3.216,bbox,17.302,16.859,18.164,16.118,5.165,2.1442,,,,
2493,49.86,2.43,3.179,pose,17.302,16.859,18.164,16.167,5.1619,2.1546,0.8447,0.8784,0.5742,0.6832
2494,49.88,3.157,3.157,bbox,17.302,16.892,18.164,16.167,5.1496,2.1709,,,,
2495,49.9,3.234,3.179,bbox,17.302,16.892,18.164,16.167,5.128,2.1786,,,,
2496,49.92,2.302,3.157,pose,17.302,16.892,18.164,16.211,5.095,2.1866,0.9012,0.8825,0.5505,0.6674
2497,49.94,3.067,3.067,bbox,17.302,16.929,18.164,16.211,5.0557,2.2019,,,,
2498,49.96,2.957,3.067,bbox,17.302,16.962,18.164,16.211,4.9933,2.2234,,,,
2499,49.98,2.134,2.957,pose,17.302,17.002,18.164,16.242,4.9495,2.2494,0.9865,0.8541,0.5314,0.652
2500,50.0,2.917,2.917,bbox,17.302,17.064,18.164,16.242,4.9263,2.2528,,,,
2501,50.02,2.893,2.917,bbox,17.302,17.108,18.164,16.29,4.9015,2.264,,,,
2502,50.04,2.142,2.893,pose,17.302,17.108,18.164,16.29,4.8748,2.2694,0.9224,0.8458,0.515,0.6417
2503,50.06,2.841,2.841,bbox,17.302,17.156,18.164,16.29,4.8409,2.2674,,,,
2504,50.08,2.808,2.841,bbox,17.302,17.156,18.164,16.29,4.8247,2.2601,,,,
2505,50.1,2.132,2.808,pose,17.302,17.216,18.164,16.29,4.8124,2.2398,0.9038,0.8754,0.4899,0.6634
2506,50.12,2.865,2.808,bbox,17.302,17.216,18.164,16.29,4.8043,2.2071,,,,
2507,50.14,2.893,2.841,bbox,17.302,17.216,18.164,16.29,4.8007,2.188,,,,
2508,50.16,2.167,2.808,pose,17.302,17.253,18.206,16.29,4.8013,2.1735,0.9119,0.9396,0.4528,0.6857
2509,50.18,2.975,2.865,bbox,17.302,17.253,18.206,16.29,4.8055,2.1509,,,,
2510,50.2,3.027,2.893,bbox,17.302,17.253,18.239,16.29,4.8035,2.1178,,,,
2511,50.22,2.17,2.893,pose,17.302,17.253,18.239,16.29,4.7987,2.0765,0.9705,1.0271,0.4312,0.6831
2512,50.24,3.108,2.975,bbox,17.302,17.253,18.295,16.29,4.7944,2.034,,,,
2513,50.26,3.135,3.027,bbox,17.302,17.253,18.336,16.29,4.7839,2.0075,,,,
2514,50.28,2.126,3.027,pose,17.302,17.253,18.379,16.29,4.7568,1.9768,1.1267,1.0236,0.4465,0.6308
2515,50.3,3.154,3.108,bbox,17.302,17.253,18.379,16.29,4.726,1.9416,,,,
2516,50.32,3.156,3.135,bbox,17.302,17.301,18.436,16.29,4.6809,1.9095,,,,
2517,50.34,1.913,3.135,pose,17.302,17.331,18.471,16.29,4.6609,1.8849,1.2295,1.1,0.4653,0.5914
2518,50.36,3.173,3.154,bbox,17.302,17.376,18.503,16.29,4.6229,1.8675,,,,
2519,50.38,3.133,3.154,bbox,17.302,17.376,18.503,16.29,4.5632,1.8569,,,,
2520,50.4,1.859,3.133,pose,17.302,17.434,18.545,16.29,4.5157,1.8497,0.1334,1.1244,0.2074,0.5745
2521,50.42,3.095,3.095,bbox,17.302,17.494,18.545,16.29,4.4448,1.8461,,,,
2522,50.44,3.07,3.095,bbox,17.302,17.542,18.545,16.29,4.3989,1.8388,,,,
2523,50.46,1.945,3.07,pose,17.302,17.613,18.545,16.29,4.374,1.8407,1.1073,1.1565,0.433,0.6184
2524,50.48,3.051,3.051,bbox,17.302,17.658,18.545,16.29,4.3521,1.8276,,,,
2525,50.5,3.046,3.051,bbox,17.302,17.658,18.545,16.29,4.3486,1.8185,,,,
2526,50.52,2.027,3.046,pose,17.302,17.705,18.585,16.29,4.3498,1.8122,1.093,1.0881,0.4374,0.6783
2527,50.54,3.048,3.046,bbox,17.302,17.705,18.585,16.29,4.3593,1.8003,,,,
2528,50.56,3.08,3.048,bbox,17.302,17.705,18.585,16.29,4.3768,1.7664,,,,
2529,50.58,2.161,3.046,pose,17.302,17.705,18.585,16.29,4.3898,1.7376,1.1301,0.9234,0.439,0.7277
2530,50.6,3.115,3.048,bbox,17.302,17.705,18.647,16.29,4.4188,1.7181,,,,
2531,50.62,3.14,3.08,bbox,17.339,17.705,18.647,16.29,4.4521,1.7031,,,,
2532,50.64,2.303,3.08,pose,17.339,17.705,18.695,16.29,4.4754,1.6852,1.1011,0.7351,0.4775,0.7268
2533,50.66,3.133,3.115,bbox,17.402,17.705,18.695,16.29,4.4884,1.6753,,,,
2534,50.68,3.12,3.12,bbox,17.402,17.705,18.728,16.29,4.497,1.6665,,,,
2535,50.7,2.419,3.12,pose,17.438,17.705,18.728,16.29,4.5069,1.6538,1.0969,0.6106,0.5196,0.6883
2536,50.72,3.123,3.12,bbox,17.438,17.705,18.728,16.29,4.5096,1.6447,,,,
2537,50.74,3.132,3.123,bbox,17.438,17.705,18.759,16.29,4.5157,1.6414,,,,
2538,50.76,2.463,3.12,pose,17.438,17.705,18.759,16.29,4.5341,1.6373,1.0468,0.6283,0.5443,0.6685
2539,50.78,3.16,3.123,bbox,17.438,17.705,18.759,16.29,4.5589,1.6353,,,,
2540,50.8,3.189,3.132,bbox,17.484,17.705,18.759,16.29,4.5823,1.6347,,,,
2541,50.82,2.54,3.132,pose,17.484,17.705,18.759,16.29,4.5969,1.6348,0.9305,0.6542,0.5624,0.6325
2542,50.84,3.203,3.16,bbox,17.532,17.705,18.759,16.29,4.6055,1.6371,,,,
2543,50.86,3.216,3.189,bbox,17.532,17.705,18.759,16.29,4.6074,1.6404,,,,
2544,50.88,2.478,3.189,pose,17.532,17.705,18.759,16.29,4.6095,1.6475,0.91,0.7522,0.5458,0.6356
2545,50.9,3.217,3.203,bbox,17.532,17.705,18.759,16.29,4.6129,1.6607,,,,
2546,50.92,3.192,3.203,bbox,17.532,17.705,18.759,16.29,4.6116,1.6805,,,,
2547,50.94,2.293,3.192,pose,17.532,17.705,18.759,16.29,4.6094,1.7133,0.907,0.9362,0.5285,0.6515
2548,50.96,3.159,3.159,bbox,17.532,17.705,18.759,16.29,4.6101,1.7442,,,,
2549,50.98,3.13,3.159,bbox,17.532,17.705,18.759,16.349,4.6083,1.7856,,,,
2550,51.0,2.14,3.13,pose,17.532,17.705,18.759,16.38,4.6001,1.8073,0.9237,1.0821,0.4932,0.6694
2551,51.02,3.093,3.093,bbox,17.532,17.705,18.759,16.422,4.5868,1.8146,,,,
2552,51.04,3.077,3.093,bbox,17.532,17.705,18.759,16.422,4.5686,1.8218,,,,
2553,51.06,1.985,3.077,pose,17.532,17.705,18.759,16.422,4.5459,1.838,1.0361,1.115,0.4758,0.6637
2554,51.08,2.994,2.994,bbox,17.532,17.705,18.759,16.458,4.5128,1.8424,,,,
2555,51.1,2.944,2.994,bbox,17.532,17.742,18.759,16.458,4.4712,1.8503,,,,
2556,51.12,1.739,2.944,pose,17.532,17.775,18.759,16.458,4.4341,1.8615,1.1865,1.1086,0.4861,0.6124
2557,51.14,2.849,2.849,bbox,17.532,17.816,18.759,16.458,4.3869,1.8819,,,,
2558,51.16,2.777,2.849,bbox,17.532,17.854,18.759,16.497,4.3291,1.9008,,,,
2559,51.18,1.699,2.777,pose,17.532,17.901,18.759,16.497,4.2697,1.9177,1.1208,1.0763,0.4924,0.5983
2560,51.2,2.6,2.6,bbox,17.532,17.959,18.759,16.537,4.2037,1.9397,,,,
2561,51.22,2.571,2.6,bbox,17.532,18.018,18.759,16.537,4.1755,1.9463,,,,
2562,51.24,1.732,2.571,pose,17.532,18.084,18.759,16.576,4.1605,1.9446,1.0427,1.0619,0.5045,0.636
2563,51.26,2.587,2.571,bbox,17.532,18.084,18.759,16.576,4.1555,1.9348,,,,
2564,51.28,2.581,2.581,bbox,17.532,18.127,18.759,16.576,4.15,1.9219,,,,
2565,51.3,1.735,2.571,pose,17.532,18.127,18.759,16.576,4.1471,1.9105,1.0115,1.0455,0.4942,0.666
2566,51.32,2.612,2.581,bbox,17.532,18.127,18.759,16.576,4.1519,1.8943,,,,
2567,51.34,2.615,2.587,bbox,17.532,18.127,18.759,16.576,4.1737,1.8836,,,,
2568,51.36,1.742,2.581,pose,17.532,18.127,18.805,16.576,4.1964,1.888,1.0222,1.0279,0.513,0.7017
2569,51.38,2.596,2.596,bbox,17.532,18.127,18.805,16.576,4.2484,1.9086,,,,
2570,51.4,2.585,2.596,bbox,17.568,18.127,18.805,16.576,4.2925,1.9347,,,,
2571,51.42,1.771,2.585,pose,17.62,18.127,18.805,16.576,4.3198,1.9729,1.0465,0.9288,0.5532,0.734
2572,51.44,2.532,2.532,bbox,17.664,18.127,18.805,16.616,4.349,2.005,,,,
2573,51.46,2.544,2.544,bbox,17.664,18.127,18.805,16.654,4.3765,2.0175,,,,
2574,51.48,1.951,2.532,pose,17.72,18.127,18.805,16.686,4.4098,2.0256,0.942,0.8888,0.5272,0.7297
2575,51.5,2.634,2.532,bbox,17.72,18.127,18.805,16.686,4.4542,2.0177,,,,
2576,51.52,2.69,2.544,bbox,17.781,18.127,18.805,16.686,4.4941,2.0091,,,,
2577,51.54,2.073,2.544,pose,17.826,18.127,18.805,16.686,4.5413,1.9987,0.8872,0.885,0.5625,0.7169
2578,51.56,2.801,2.634,bbox,17.865,18.127,18.805,16.686,4.5697,1.9871,,,,
2579,51.58,2.833,2.69,bbox,17.913,18.127,18.805,16.686,4.6044,1.9671,,,,
2580,51.6,2.172,2.69,pose,17.913,18.127,18.805,16.686,4.6265,1.939,0.9058,0.9314,0.5332,0.7096
2581,51.62,3.016,2.801,bbox,17.976,18.127,18.842,16.686,4.645,1.908,,,,
2582,51.64,3.037,2.833,bbox,17.976,18.127,18.842,16.686,4.6468,1.8849,,,,
2583,51.66,2.136,2.833,pose,18.016,18.127,18.902,16.686,4.6499,1.8747,0.9574,1.0115,0.5327,0.6598
2584,51.68,3.071,3.016,bbox,18.016,18.127,18.902,16.686,4.6536,1.885,,,,
2585,51.7,3.036,3.036,bbox,18.016,18.127,18.902,16.686,4.6595,1.9161,,,,
2586,51.72,1.982,3.036,pose,18.016,18.127,18.902,16.686,4.6593,1.9288,0.9988,1.1617,0.552,0.6363
2587,51.74,3.039,3.036,bbox,18.016,18.127,18.902,16.686,4.6685,1.9323,,,,
2588,51.76,3.042,3.039,bbox,18.016,18.127,18.902,16.686,4.6816,1.9417,,,,
2589,51.78,1.998,3.036,pose,18.016,18.127,18.902,16.686,4.6818,1.9462,0.9664,1.1833,0.5672,0.6248
2590,51.8,3.004,3.004,bbox,18.053,18.127,18.902,16.72,4.7127,1.9491,,,,
2591,51.82,3.024,3.024,bbox,18.053,18.127,18.902,16.72,4.7483,1.9538,,,,
2592,51.84,2.104,3.004,pose,18.084,18.127,18.902,16.72,4.7775,1.958,0.7952,1.1924,0.6157,0.6115
2593,51.86,3.014,3.004,bbox,18.12,18.127,18.902,16.72,4.8169,1.9911,,,,
2594,51.88,2.975,3.004,bbox,18.12,18.127,18.902,16.72,4.831,2.0219,,,,
2595,51.9,2.072,2.975,pose,18.188,18.127,18.902,16.769,4.852,2.0683,0.666,1.2641,0.6504,0.6111
2596,51.92,2.895,2.895,bbox,18.188,18.127,18.902,16.8,4.8617,2.1221,,,,
2597,51.94,2.833,2.895,bbox,18.223,18.127,18.902,16.847,4.8657,2.1855,,,,
2598,51.96,6.371,2.895,pose,18.223,18.127,18.902,16.9,7.2758,2.2585,0.0177,1.2197,0.1138,0.6879
2599,51.98,6.888,2.895,bbox,18.223,18.127,18.902,16.964,7.2761,2.3349,,,,
2600,52.0,2.588,2.895,bbox,18.223,18.127,18.902,17.037,4.876,2.4224,,,,
2601,52.02,1.905,2.833,pose,18.265,18.127,18.902,17.113,4.8938,2.4846,0.7398,1.0154,0.6523,0.6878
2602,52.04,2.481,2.588,bbox,18.265,18.127,18.902,17.201,4.9006,2.5468,,,,
2603,52.06,2.428,2.481,bbox,18.265,18.127,18.902,17.263,4.8951,2.6022,,,,
2604,52.08,1.936,2.428,pose,18.265,18.127,18.902,17.325,4.9193,2.6326,0.8187,0.8928,0.6086,0.6141
2605,52.1,6.348,2.428,bbox,18.265,18.127,18.902,17.381,7.2625,2.6546,,,,
2606,52.12,,,,18.265,18.127,18.902,17.381,,,,,,
2607,52.14,,,,18.265,18.127,18.902,17.381,,,,,,
2608,52.16,,,,18.265,18.127,18.902,17.381,,,,,,
2609,52.18,,,,18.265,18.127,18.902,17.381,,,,,,
2610,52.2,,,,18.265,18.127,18.902,17.381,,,,,,
2611,52.22,,,,18.265,18.127,18.902,17.381,,,,,,
2612,52.24,,,,18.265,18.127,18.902,17.381,,,,,,
2613,52.26,,,,18.265,18.127,18.902,17.381,,,,,,
2614,52.28,,,,18.265,18.127,18.902,17.381,,,,,,
2615,52.3,,,,18.265,18.127,18.902,17.381,,,,,,
2616,52.32,,,,18.265,18.127,18.902,17.381,,,,,,
2617,52.34,,,,18.265,18.127,18.902,17.381,,,,,,
2618,52.36,,,,18.265,18.127,18.902,17.381,,,,,,
2619,52.38,,,,18.265,18.127,18.902,17.381,,,,,,
2620,52.4,,,,18.265,18.127,18.902,17.381,,,,,,
2621,52.42,,,,18.265,18.127,18.902,17.381,,,,,,
2622,52.44,,,,18.265,18.127,18.902,17.381,,,,,,
2623,52.46,,,,18.265,18.127,18.902,17.381,,,,,,
2624,52.48,,,,18.265,18.127,18.902,17.381,,,,,,
2625,52.5,,,,18.265,18.127,18.902,17.381,,,,,,
2626,52.52,,,,18.265,18.127,18.902,17.381,,,,,,
2627,52.54,,,,18.265,18.127,18.902,17.381,,,,,,
2628,52.56,6.752,2.481,bbox,18.265,18.127,18.902,17.381,7.4767,2.4511,,0.874,,0.633
2629,52.58,6.75,6.348,bbox,18.441,18.127,18.902,17.381,7.4856,2.4525,,,,
2630,52.6,3.432,6.348,bbox,18.441,18.127,19.039,17.381,5.718,2.4647,,,,
2631,52.62,2.688,6.348,pose,18.441,18.127,19.039,17.381,5.8053,2.4948,0.8045,0.9636,0.5857,0.635
2632,52.64,3.457,3.457,bbox,18.441,18.277,19.039,17.381,5.7449,2.5214,,,,
2633,52.66,3.482,3.457,bbox,18.441,18.33,19.039,17.411,5.7524,2.5376,,,,
2634,52.68,2.592,3.432,pose,18.441,18.33,19.039,17.411,5.7409,2.5473,0.5077,1.0242,-0.0177,0.6548
2635,52.7,3.48,3.457,bbox,18.441,18.33,19.039,17.453,5.7445,2.549,,,,
2636,52.72,3.482,3.48,bbox,18.441,18.33,19.039,17.453,5.7577,2.5545,,,,
2637,52.74,2.672,3.48,pose,18.441,18.33,19.039,17.453,5.7588,2.5608,0.7936,1.0592,0.5595,0.6671
2638,52.76,3.45,3.45,bbox,18.441,18.33,19.039,17.453,5.7672,2.5617,,,,
2639,52.78,3.455,3.455,bbox,18.441,18.33,19.039,17.453,5.7843,2.561,,,,
2640,52.8,2.498,3.45,pose,18.441,18.33,19.039,17.453,5.532,2.5614,0.2888,1.0549,-0.0128,0.6567
2641,52.82,3.114,3.114,bbox,18.441,18.33,19.039,17.453,5.5007,2.5627,,,,
2642,52.84,5.096,3.45,bbox,18.441,18.33,19.039,17.453,6.3465,2.5675,,,,
2643,52.86,5.046,3.455,bbox,18.473,18.33,19.039,17.453,6.3612,2.5695,,1.0288,,0.6657
2644,52.88,3.251,3.251,bbox,18.473,18.445,19.039,17.453,5.6694,2.5761,,,,
2645,52.9,5.02,5.02,bbox,18.623,18.445,19.039,17.485,6.3616,2.5797,,,,
2646,52.92,4.983,5.02,pose,18.623,18.445,19.039,17.485,6.3536,2.5867,0.0236,1.0174,0.1653,0.6826
2647,52.94,3.097,4.983,bbox,18.623,18.445,19.039,17.485,5.5804,2.6014,,,,
2648,52.96,3.069,3.251,bbox,18.623,18.588,19.039,17.485,5.5604,2.6066,,,,
2649,52.98,4.362,4.362,pose,18.773,18.588,19.039,17.517,6.3255,2.6206,0.1878,0.9268,0.3432,0.7367
2650,53.0,3.036,3.097,bbox,18.773,18.738,19.039,17.517,5.5418,2.6374,,,,
2651,53.02,4.87,3.097,bbox,18.773,18.738,19.039,17.517,6.3145,2.6482,,,,
2652,53.04,4.078,4.078,pose,18.923,18.738,19.039,17.553,6.3093,2.6623,0.5081,0.8597,0.39,0.7344
2653,53.06,4.849,4.362,bbox,18.923,18.738,19.039,17.553,6.3087,2.6691,,,,
2654,53.08,4.854,4.849,bbox,18.923,18.738,19.039,17.553,6.3114,2.6741,,,,
2655,53.1,4.1,4.849,pose,18.923,18.738,19.039,17.585,6.3114,2.6781,0.5104,0.8207,0.3733,0.7438
2656,53.12,2.947,4.1,bbox,18.923,18.738,19.039,17.585,5.421,2.6911,,,,
2657,53.14,2.901,4.1,bbox,18.923,18.738,19.039,17.585,5.3817,2.6962,,,,
2658,53.16,2.021,2.947,pose,18.923,18.889,19.039,17.585,5.3418,2.6992,1.034,0.8249,0.455,0.706
2659,53.18,2.867,2.901,bbox,18.923,18.928,19.039,17.585,5.3085,2.7009,,,,
2660,53.2,2.832,2.867,bbox,18.923,18.968,19.039,17.585,5.2608,2.6988,,,,
2661,53.22,1.844,2.832,pose,18.923,19.001,19.039,17.615,5.199,2.6995,1.1347,0.8288,0.4769,0.6675
2662,53.24,2.719,2.719,bbox,18.923,19.049,19.039,17.615,5.1388,2.6956,,,,
2663,53.26,2.725,2.725,bbox,18.923,19.111,19.039,17.615,5.1161,2.6837,,,,
2664,53.28,1.776,2.719,pose,18.923,19.171,19.039,17.615,5.0806,2.6711,1.0801,0.852,0.4436,0.7067
2665,53.3,2.704,2.704,bbox,18.923,19.171,19.039,17.615,5.0614,2.6584,,,,
2666,53.32,2.702,2.704,bbox,18.923,19.229,19.039,17.615,5.0538,2.6356,,,,
2667,53.34,1.814,2.702,pose,18.923,19.229,19.08,17.615,5.0555,2.6091,0.9449,0.9195,0.5059,0.7402
2668,53.36,2.723,2.702,bbox,18.923,19.229,19.08,17.615,5.055,2.5754,,,,
2669,53.38,2.755,2.704,bbox,18.923,19.229,19.129,17.615,5.0553,2.5371,,,,
2670,53.4,1.877,2.702,pose,18.923,19.229,19.163,17.615,5.0578,2.4834,1.0157,0.9476,0.531,0.7205
2671,53.42,2.879,2.723,bbox,18.923,19.229,19.201,17.615,5.059,2.414,,,,
2672,53.44,2.959,2.755,bbox,18.923,19.229,19.255,17.615,5.0671,2.365,,,,
2673,53.46,2.083,2.755,pose,18.923,19.229,19.324,17.615,5.0761,2.3374,1.0429,0.931,0.5818,0.6793
2674,53.48,3.033,2.879,bbox,18.923,19.229,19.373,17.615,5.0674,2.3137,,,,
2675,53.5,2.997,2.959,bbox,18.923,19.229,19.373,17.615,5.0484,2.2994,,,,
2676,53.52,2.63,2.959,pose,18.923,19.229,19.425,17.615,5.0448,2.2891,0.1703,1.0298,0.2031,0.6378
2677,53.54,3.032,2.997,bbox,18.923,19.229,19.425,17.615,5.0541,2.2574,,,,
2678,53.56,7.566,3.032,bbox,18.923,19.229,19.425,17.615,7.7027,2.2412,,,,
2679,53.58,,,,18.923,19.229,19.425,17.615,,,,,,
2680,53.6,,,,18.923,19.229,19.425,17.615,,,,,,
2681,53.62,,,,18.923,19.229,19.425,17.615,,,,,,
2682,53.64,,,,18.923,19.229,19.425,17.615,,,,,,
2683,53.66,,,,18.923,19.229,19.425,17.615,,,,,,
2684,53.68,7.723,3.032,bbox,18.923,19.229,19.481,17.615,7.7068,2.2213,,,,
2685,53.7,2.461,3.032,pose,19.046,19.229,19.481,17.615,5.2074,2.2215,0.9604,1.0762,0.4865,0.6653
2686,53.72,3.481,3.481,bbox,19.046,19.229,19.517,17.615,5.2117,2.2173,,,,
2687,53.74,3.453,3.481,bbox,19.046,19.229,19.517,17.615,5.2154,2.2139,,,,
2688,53.76,2.406,3.453,pose,19.046,19.229,19.517,17.615,5.2169,2.1971,1.0008,1.0224,0.5098,0.723
2689,53.78,7.367,3.453,bbox,19.046,19.229,19.517,17.615,7.6796,2.1797,,,,
2690,53.8,,,,19.046,19.229,19.517,17.615,,,,,,
2691,53.82,,,,19.046,19.229,19.517,17.615,,,,,,
2692,53.84,,,,19.046,19.229,19.517,17.615,,,,,,
2693,53.86,,,,19.046,19.229,19.517,17.615,,,,,,
2694,53.88,,,,19.046,19.229,19.517,17.615,,,,,,
2695,53.9,,,,19.046,19.229,19.517,17.615,,,,,,
2696,53.92,,,,19.046,19.229,19.517,17.615,,,,,,
2697,53.94,,,,19.046,19.229,19.517,17.615,,,,,,
2698,53.96,,,,19.046,19.229,19.517,17.615,,,,,,
2699,53.98,,,,19.046,19.229,19.517,17.615,,,,,,
2700,54.0,,,,19.046,19.229,19.517,17.615,,,,,,
2701,54.02,,,,19.046,19.229,19.517,17.615,,,,,,
2702,54.04,,,,19.046,19.229,19.517,17.615,,,,,,
2703,54.06,,,,19.046,19.229,19.517,17.615,,,,,,
2704,54.08,,,,19.046,19.229,19.517,17.615,,,,,,
2705,54.1,,,,19.046,19.229,19.517,17.615,,,,,,
2706,54.12,,,,19.046,19.229,19.517,17.615,,,,,,
2707,54.14,,,,19.046,19.229,19.517,17.615,,,,,,
2708,54.16,,,,19.046,19.229,19.517,17.615,,,,,,
2709,54.18,,,,19.046,19.229,19.517,17.615,,,,,,
2710,54.2,,,,19.046,19.229,19.517,17.615,,,,,,
2711,54.22,,,,19.046,19.229,19.517,17.615,,,,,,
2712,54.24,,,,19.046,19.229,19.517,17.615,,,,,,
2713,54.26,,,,19.046,19.229,19.517,17.615,,,,,,
2714,54.28,,,,19.046,19.229,19.517,17.615,,,,,,
2715,54.3,,,,19.046,19.229,19.517,17.615,,,,,,
2716,54.32,,,,19.046,19.229,19.517,17.615,,,,,,
2717,54.34,,,,19.046,19.229,19.517,17.615,,,,,,
2718,54.36,,,,19.046,19.229,19.517,17.615,,,,,,
2719,54.38,,,,19.046,19.229,19.517,17.615,,,,,,
2720,54.4,3.013,3.453,bbox,19.046,19.229,19.517,17.615,4.8316,2.0546,,,,
2721,54.42,2.166,3.013,pose,19.046,19.229,19.559,17.615,4.8125,2.0582,1.0052,0.819,0.5098,0.7108
2722,54.44,3.005,3.005,bbox,19.046,19.371,19.68,17.615,4.7928,2.0563,,,,
2723,54.46,2.998,3.005,bbox,19.046,19.371,19.68,17.615,4.7782,2.0598,,,,
2724,54.48,2.14,2.998,pose,19.046,19.41,19.68,17.615,4.7695,2.0617,0.9889,0.8374,0.4795,0.7337
2725,54.5,2.975,2.975,bbox,19.046,19.41,19.68,17.615,4.7621,2.0619,,,,
2726,54.52,2.973,2.975,bbox,19.046,19.41,19.68,17.615,4.7676,2.0597,,,,
2727,54.54,2.145,2.973,pose,19.046,19.41,19.68,17.615,4.7671,2.0549,0.9841,0.8452,0.512,0.7476
2728,54.56,2.951,2.951,bbox,19.046,19.41,19.68,17.615,4.7638,2.0435,,,,
2729,54.58,2.979,2.973,bbox,19.046,19.41,19.68,17.615,4.7654,2.0218,,,,
2730,54.6,2.191,2.951,pose,19.046,19.41,19.68,17.615,4.7886,1.9955,1.0238,0.8968,0.5373,0.7152
2731,54.62,3.121,2.951,bbox,19.046,19.41,19.716,17.615,4.8099,1.9622,,,,
2732,54.64,3.156,2.979,bbox,19.046,19.41,19.716,17.615,4.8355,1.9561,,,,
2733,54.66,2.363,2.979,pose,19.046,19.41,19.776,17.615,4.85,1.9525,1.0464,0.8294,0.5614,0.6576
2734,54.68,3.198,3.121,bbox,19.089,19.41,19.776,17.615,4.8899,1.9562,,,,
2735,54.7,3.252,3.156,bbox,19.089,19.41,19.776,17.615,4.9115,1.9525,,,,
2736,54.72,3.276,3.198,bbox,19.143,19.41,19.776,17.615,4.9356,1.9489,,0.8484,,0.6484
2737,54.74,3.295,3.252,bbox,19.143,19.41,19.776,17.615,4.9536,1.9452,,,,
2738,54.76,3.325,3.276,bbox,19.189,19.41,19.776,17.615,4.9739,1.9467,,,,
2739,54.78,2.5,3.276,pose,19.189,19.41,19.776,17.615,5.0011,1.9501,0.9826,0.8893,0.5398,0.6051
2740,54.8,3.362,3.295,bbox,19.227,19.41,19.776,17.615,5.0113,1.9638,,,,
2741,54.82,3.369,3.325,bbox,19.227,19.41,19.776,17.615,5.0226,1.9772,,,,
2742,54.84,2.353,3.325,pose,19.265,19.41,19.776,17.615,5.0399,2.0026,0.991,1.0171,0.522,0.615
2743,54.86,3.256,3.256,bbox,19.265,19.41,19.776,17.615,5.0509,2.0433,,,,
2744,54.88,3.259,3.259,bbox,19.265,19.41,19.776,17.655,5.0622,2.0681,,,,
2745,54.9,2.399,3.256,pose,19.304,19.41,19.776,17.696,5.0597,2.0986,0.9804,0.7753,0.537,0.7027
2746,54.92,3.199,3.199,bbox,19.304,19.41,19.776,17.696,5.0575,2.1197,,,,
2747,54.94,3.216,3.216,bbox,19.304,19.41,19.776,17.751,5.0532,2.1325,,,,
2748,54.96,2.167,3.199,pose,19.304,19.41,19.776,17.751,5.0534,2.1523,0.9629,1.1774,0.5758,0.6234
2749,54.98,3.169,3.169,bbox,19.304,19.41,19.776,17.785,5.0493,2.1531,,,,
2750,55.0,3.108,3.169,bbox,19.304,19.41,19.776,17.785,5.0443,2.1644,,,,
2751,55.02,2.08,3.108,pose,19.304,19.41,19.776,17.785,5.0377,2.1671,0.9496,1.1564,0.6162,0.5687
2752,55.04,3.121,3.108,bbox,19.304,19.41,19.776,17.817,5.0315,2.1638,,,,
2753,55.06,3.125,3.121,bbox,19.304,19.41,19.776,17.817,5.0293,2.1671,,,,
2754,55.08,2.163,3.108,pose,19.304,19.41,19.776,17.817,5.033,2.1705,0.8855,1.1508,0.6374,0.5328
2755,55.1,3.133,3.121,bbox,19.304,19.41,19.776,17.817,5.0403,2.1705,,,,
2756,55.12,3.124,3.124,bbox,19.304,19.41,19.776,17.817,5.0443,2.1717,,,,
2757,55.14,2.177,3.124,pose,19.304,19.41,19.776,17.817,5.0461,2.1715,0.8546,1.1459,0.6214,0.5422
2758,55.16,3.093,3.093,bbox,19.304,19.41,19.776,17.817,5.051,2.1737,,,,
2759,55.18,3.126,3.124,bbox,19.304,19.41,19.776,17.817,5.0605,2.1827,,,,
2760,55.2,2.228,3.093,pose,19.304,19.41,19.776,17.817,5.0707,2.1784,0.8573,1.1352,0.5829,0.6025
2761,55.22,3.182,3.093,bbox,19.304,19.41,19.776,17.817,5.0669,2.1587,,,,
2762,55.24,3.218,3.126,bbox,19.304,19.41,19.776,17.817,5.0719,2.1477,,,,
2763,55.26,2.26,3.126,pose,19.304,19.41,19.776,17.817,5.0715,2.1431,0.9029,1.1107,0.5211,0.6502
2764,55.28,3.262,3.182,bbox,19.304,19.41,19.776,17.817,5.0714,2.1363,,,,
2765,55.3,3.313,3.218,bbox,19.304,19.41,19.776,17.817,5.0601,2.1213,,,,
2766,55.32,2.309,3.218,pose,19.304,19.41,19.776,17.817,5.0353,2.0924,1.0042,1.0444,0.4668,0.6803
2767,55.34,3.279,3.262,bbox,19.304,19.41,19.819,17.817,5.0027,2.0773,,,,
2768,55.36,3.295,3.279,bbox,19.304,19.41,19.819,17.817,4.9527,2.0664,,,,
2769,55.38,2.186,3.279,pose,19.304,19.458,19.863,17.817,4.9219,2.0552,1.1864,0.9812,0.4424,0.6329
2770,55.4,3.27,3.27,bbox,19.304,19.508,19.863,17.817,4.9241,2.0526,,,,
2771,55.42,3.246,3.27,bbox,19.304,19.508,19.863,17.817,4.9191,2.0427,,,,
2772,55.44,2.213,3.246,pose,19.304,19.539,19.863,17.817,4.9182,2.0408,1.1401,0.9851,0.4281,0.6165
2773,55.46,3.294,3.246,bbox,19.304,19.539,19.894,17.817,4.9073,2.0456,,,,
2774,55.48,3.277,3.27,bbox,19.304,19.539,19.894,17.817,4.8888,2.0419,,,,
2775,55.5,2.189,3.246,pose,19.304,19.539,19.894,17.817,4.8822,2.0439,1.0807,0.9856,0.4566,0.6532
2776,55.52,7.753,3.277,bbox,19.304,19.539,19.894,17.817,7.5953,2.0405,,,,
2777,55.54,7.764,3.294,bbox,19.304,19.539,19.894,17.817,7.6009,2.0336,,,,
2778,55.56,2.178,3.277,pose,19.304,19.572,19.894,17.817,4.8314,2.0209,1.0062,1.0008,0.4903,0.6931
2779,55.58,3.138,3.138,bbox,19.304,19.572,19.894,17.817,4.819,2.0077,,,,
2780,55.6,3.106,3.138,bbox,19.304,19.629,19.894,17.817,4.8056,1.9969,,,,
2781,55.62,2.213,3.106,pose,19.304,19.629,19.932,17.817,4.8034,1.9696,0.9918,0.9357,0.5594,0.723
2782,55.64,3.112,3.106,bbox,19.304,19.629,19.932,17.817,4.8014,1.9402,,,,
2783,55.66,3.131,3.112,bbox,19.304,19.629,19.97,17.817,4.8004,1.9053,,,,
2784,55.68,2.389,3.106,pose,19.304,19.629,19.97,17.817,4.8089,1.8747,0.9719,0.8017,0.5728,0.7047
2785,55.7,3.207,3.112,bbox,19.304,19.629,20.035,17.817,4.8093,1.8551,,,,
2786,55.72,3.231,3.131,bbox,19.304,19.629,20.065,17.817,4.8114,1.8444,,,,
2787,55.74,2.579,3.131,pose,19.304,19.629,20.065,17.817,4.8216,1.8282,0.976,0.7065,0.5752,0.6888
2788,55.76,3.28,3.207,bbox,19.304,19.629,20.095,17.817,4.8252,1.8283,,,,
2789,55.78,3.296,3.231,bbox,19.304,19.629,20.095,17.817,4.8313,1.8263,,,,
2790,55.8,2.604,3.231,pose,19.304,19.629,20.095,17.817,4.8367,1.8251,0.9659,0.7295,0.5277,0.6248
2791,55.82,3.339,3.28,bbox,19.304,19.629,20.095,17.817,4.8431,1.824,,,,
2792,55.84,3.355,3.296,bbox,19.304,19.629,20.095,17.817,4.839,1.8241,,,,
2793,55.86,2.587,3.296,pose,19.304,19.629,20.095,17.817,4.8398,1.8265,0.9785,0.7704,0.5141,0.6029
2794,55.88,3.355,3.339,bbox,19.304,19.629,20.095,17.817,4.8358,1.828,,,,
2795,55.9,3.348,3.348,bbox,19.304,19.629,20.095,17.817,4.8296,1.8306,,,,
2796,55.92,2.472,3.348,pose,19.304,19.629,20.095,17.817,4.8246,1.8421,0.9819,0.87,0.5268,0.655
2797,55.94,3.263,3.263,bbox,19.304,19.629,20.095,17.817,4.8139,1.8618,,,,
2798,55.96,3.205,3.263,bbox,19.304,19.629,20.095,17.817,4.8061,1.8829,,,,
2799,55.98,2.31,3.205,pose,19.304,19.629,20.095,17.817,4.7953,1.9018,0.9458,0.9325,0.5673,0.6753
2800,56.0,3.08,3.08,bbox,19.304,19.629,20.095,17.855,4.7736,1.9174,,,,
2801,56.02,3.043,3.08,bbox,19.304,19.665,20.095,17.855,4.7502,1.9278,,,,
2802,56.04,2.281,3.043,pose,19.304,19.665,20.095,17.89,4.7425,1.9342,0.8629,0.9,0.5817,0.6351
2803,56.06,3.019,3.019,bbox,19.304,19.71,20.095,17.89,4.7199,1.9341,,,,
2804,56.08,2.999,3.019,bbox,19.304,19.71,20.095,17.89,4.7027,1.9403,,,,
2805,56.1,2.256,2.999,pose,19.304,19.741,20.095,17.89,4.6738,1.9422,0.8121,0.8822,0.5966,0.6165
2806,56.12,2.947,2.947,bbox,19.304,19.741,20.095,17.89,4.6574,1.9432,,,,
2807,56.14,2.92,2.947,bbox,19.304,19.787,20.095,17.89,4.6422,1.9397,,,,
2808,56.16,2.172,2.92,pose,19.304,19.787,20.095,17.89,4.635,1.9359,0.811,0.9324,0.6086,0.6485
2809,56.18,2.922,2.92,bbox,19.304,19.818,20.095,17.89,4.6292,1.9263,,,,
2810,56.2,2.925,2.922,bbox,19.304,19.818,20.095,17.89,4.6285,1.9187,,,,
2811,56.22,2.169,2.92,pose,19.304,19.818,20.095,17.89,4.625,1.9095,0.8442,0.965,0.5826,0.678
2812,56.24,2.954,2.922,bbox,19.304,19.818,20.095,17.89,4.6269,1.9003,,,,
2813,56.26,2.977,2.925,bbox,19.304,19.818,20.095,17.89,4.6292,1.8912,,,,
2814,56.28,2.186,2.925,pose,19.304,19.818,20.095,17.89,4.6215,1.882,0.8628,0.9919,0.5047,0.7202
2815,56.3,3.038,2.954,bbox,19.304,19.818,20.095,17.89,4.6228,1.8677,,,,
2816,56.32,3.066,2.977,bbox,19.304,19.818,20.131,17.89,4.5991,1.8378,,,,
2817,56.34,2.137,2.977,pose,19.304,19.818,20.131,17.89,4.5633,1.8113,1.0246,0.9534,0.4561,0.6926
2818,56.36,3.094,3.038,bbox,19.304,19.862,20.175,17.89,4.5201,1.7953,,,,
2819,56.38,3.069,3.066,bbox,19.304,19.897,20.175,17.89,4.487,1.7835,,,,
2820,56.4,1.914,3.066,pose,19.304,19.941,20.217,17.89,4.4503,1.773,1.2364,0.9955,0.4566,0.6412
2821,56.42,3.042,3.042,bbox,19.304,19.974,20.217,17.89,4.4219,1.769,,,,
2822,56.44,3.019,3.042,bbox,19.304,20.01,20.217,17.89,4.3922,1.7675,,,,
2823,56.46,1.836,3.019,pose,19.304,20.01,20.217,17.89,4.3153,1.7626,1.2214,0.995,0.4621,0.6228
2824,56.48,2.925,2.925,bbox,19.304,20.068,20.217,17.89,4.2518,1.7502,,,,
2825,56.5,2.88,2.925,bbox,19.304,20.145,20.25,17.89,4.2056,1.7508,,,,
2826,56.52,1.851,2.88,pose,19.304,20.209,20.25,17.89,4.1479,1.7545,1.0785,1.0127,0.4446,0.6242
2827,56.54,2.776,2.776,bbox,19.304,20.255,20.25,17.89,4.1162,1.7529,,,,
2828,56.56,2.752,2.776,bbox,19.304,20.313,20.25,17.89,4.0987,1.7559,,,,
2829,56.58,1.875,2.752,pose,19.304,20.344,20.25,17.89,4.0955,1.7452,0.977,1.0602,0.4505,0.6593
2830,56.6,2.769,2.752,bbox,19.304,20.344,20.25,17.89,4.1075,1.7385,,,,
2831,56.62,2.781,2.769,bbox,19.304,20.344,20.25,17.89,4.1216,1.7308,,,,
2832,56.64,1.969,2.752,pose,19.304,20.344,20.25,17.89,4.1716,1.7129,0.9842,0.9948,0.4606,0.6731
2833,56.66,2.898,2.769,bbox,19.304,20.344,20.282,17.89,4.2233,1.7002,,,,
2834,56.68,2.948,2.781,bbox,19.36,20.344,20.282,17.89,4.2734,1.6785,,,,
2835,56.7,2.162,2.781,pose,19.411,20.344,20.313,17.89,4.3297,1.6621,1.0088,0.9238,0.4946,0.6478
2836,56.72,3.099,2.898,bbox,19.461,20.344,20.313,17.89,4.3886,1.6493,,,,
2837,56.74,3.137,2.948,bbox,19.518,20.344,20.351,17.89,4.4374,1.655,,,,
2838,56.76,2.217,2.948,pose,19.577,20.344,20.351,17.89,4.4979,1.6644,1.0553,0.9468,0.5459,0.6219
2839,56.78,3.206,3.099,bbox,19.625,20.344,20.351,17.89,4.5518,1.6828,,,,
2840,56.8,3.236,3.137,bbox,19.686,20.344,20.351,17.89,4.6115,1.713,,,,
2841,56.82,2.352,3.137,pose,19.74,20.344,20.351,17.89,4.6819,1.727,1.0039,0.9167,0.5628,0.5959
2842,56.84,3.34,3.206,bbox,19.799,20.344,20.351,17.941,4.7413,1.7493,,,,
2843,56.86,3.375,3.236,bbox,19.87,20.344,20.351,17.941,4.7999,1.7722,,,,
2844,56.88,2.529,3.236,pose,19.929,20.344,20.351,17.977,4.8425,1.8042,0.947,0.9205,0.5501,0.609
2845,56.9,3.415,3.34,bbox,19.988,20.344,20.351,17.977,4.8824,1.8324,,,,
2846,56.92,3.445,3.375,bbox,20.03,20.344,20.351,18.032,4.9222,1.8559,,,,
2847,56.94,2.588,3.375,pose,20.07,20.344,20.351,18.032,4.9569,1.8822,0.9228,0.9242,0.5232,0.654
2848,56.96,3.464,3.415,bbox,20.11,20.344,20.351,18.083,4.9907,1.8978,,,,
2849,56.98,3.464,3.445,bbox,20.145,20.344,20.351,18.083,5.0143,1.9133,,,,
2850,57.0,2.615,3.445,pose,20.179,20.344,20.351,18.125,5.0312,1.9386,0.9085,0.8943,0.529,0.676
2851,57.02,3.418,3.418,bbox,20.179,20.344,20.351,18.125,5.0485,1.9611,,,,
2852,57.04,3.396,3.418,bbox,20.219,20.344,20.351,18.166,5.06,1.9781,,,,
2853,57.06,2.526,3.396,pose,20.219,20.344,20.351,18.166,5.0635,2.0023,0.9263,0.9106,0.5411,0.6748
2854,57.08,3.328,3.328,bbox,20.219,20.344,20.351,18.206,5.0624,2.0153,,,,
2855,57.1,3.285,3.328,bbox,20.25,20.344,20.351,18.206,5.0677,2.0491,,,,
2856,57.12,2.623,3.285,pose,20.25,20.344,20.351,18.243,5.0813,2.0887,0.9259,0.4137,0.5534,0.6772
2857,57.14,3.229,3.229,bbox,20.25,20.344,20.351,18.277,5.08,2.1305,,,,
2858,57.16,3.172,3.229,bbox,20.25,20.344,20.351,18.316,5.0603,2.1669,,,,
2859,57.18,2.159,3.172,pose,20.25,20.344,20.351,18.358,5.0442,2.2023,0.935,1.0745,0.5757,0.6456
2860,57.2,3.088,3.088,bbox,20.25,20.344,20.351,18.394,5.0207,2.2183,,,,
2861,57.22,3.063,3.088,bbox,20.25,20.344,20.351,18.43,5.0172,2.2298,,,,
2862,57.24,2.075,3.063,pose,20.25,20.386,20.351,18.43,5.0058,2.2459,0.8516,1.1326,0.5908,0.6024
2863,57.26,3.015,3.015,bbox,20.25,20.386,20.351,18.43,5.0113,2.2619,,,,
2864,57.28,2.991,3.015,bbox,20.25,20.386,20.351,18.473,5.0151,2.3005,,,,
2865,57.3,2.047,2.991,pose,20.25,20.386,20.351,18.473,5.0239,2.34,0.8189,1.1425,0.5722,0.5807
2866,57.32,2.923,2.923,bbox,20.25,20.386,20.351,18.528,5.0309,2.3845,,,,
2867,57.34,2.859,2.923,bbox,20.25,20.386,20.351,18.567,5.04,2.4426,,,,
2868,57.36,1.94,2.859,pose,20.25,20.386,20.351,18.612,5.0538,2.497,0.8176,1.1439,0.5709,0.6126
2869,57.38,2.76,2.76,bbox,20.25,20.386,20.351,18.67,5.0592,2.5537,,,,
2870,57.4,2.697,2.76,bbox,20.283,20.386,20.351,18.724,5.0644,2.6028,,,,
2871,57.42,1.797,2.697,pose,20.283,20.386,20.351,18.781,5.068,2.6617,0.8258,1.0556,0.5951,0.6553
2872,57.44,2.532,2.532,bbox,20.283,20.386,20.351,18.83,5.0788,2.7323,,,,
2873,57.46,2.486,2.532,bbox,20.283,20.386,20.351,18.889,5.0931,2.7788,,,,
2874,57.48,1.785,2.486,pose,20.283,20.386,20.351,18.96,5.1197,2.7988,0.8843,0.8295,0.6158,0.6449
2875,57.5,2.51,2.486,bbox,20.323,20.386,20.351,19.006,5.1577,2.8156,,,,
2876,57.52,2.581,2.51,bbox,20.323,20.386,20.351,19.006,5.214,2.8188,,,,
2877,57.54,1.952,2.486,pose,20.387,20.386,20.351,19.043,5.2765,2.8343,0.8399,0.7073,0.6156,0.6047
2878,57.56,2.67,2.51,bbox,20.444,20.386,20.351,19.043,5.3197,2.855,,,,
2879,57.58,2.675,2.581,bbox,20.506,20.386,20.351,19.043,5.3509,2.895,,,,
2880,57.6,2.109,2.581,pose,20.549,20.386,20.351,19.082,5.3843,2.9534,0.8272,0.6904,0.586,0.6025
2881,57.62,2.693,2.67,bbox,20.581,20.386,20.351,19.122,5.4248,2.9649,,,,
2882,57.64,2.719,2.675,bbox,20.614,20.386,20.351,19.181,5.4538,2.9879,,,,
2883,57.66,2.132,2.675,pose,20.654,20.386,20.351,19.181,5.4638,3.0026,0.8979,0.7349,0.5627,0.6166
2884,57.68,2.669,2.669,bbox,20.654,20.386,20.351,19.215,5.4699,3.0124,,,,
2885,57.7,2.659,2.669,bbox,20.693,20.386,20.351,19.215,5.4699,3.0109,,,,
2886,57.72,2.107,2.659,pose,20.693,20.386,20.351,19.215,5.473,2.995,0.9022,0.7669,0.5706,0.6389
2887,57.74,2.672,2.659,bbox,20.693,20.386,20.351,19.215,5.4694,2.987,,,,
2888,57.76,2.649,2.659,bbox,20.693,20.386,20.351,19.215,5.4705,2.9688,,,,
2889,57.78,2.105,2.649,pose,20.693,20.386,20.351,19.215,5.4997,2.937,0.8718,0.8057,0.6147,0.6802
2890,57.8,2.734,2.649,bbox,20.693,20.386,20.351,19.215,5.5382,2.9075,,,,
2891,57.82,2.841,2.672,bbox,20.729,20.386,20.402,19.215,5.5955,2.8712,,,,
2892,57.84,2.318,2.649,pose,20.768,20.386,20.402,19.215,5.6401,2.8441,0.6439,0.8435,0.6389,0.711
2893,57.86,2.957,2.734,bbox,20.825,20.386,20.467,19.215,5.6967,2.8154,,,,
2894,57.88,3.016,2.841,bbox,20.87,20.386,20.467,19.215,5.736,2.7686,,,,
2895,57.9,2.511,2.841,pose,20.926,20.386,20.523,19.215,5.7602,2.7432,0.4,0.8614,0.6996,0.7238
2896,57.92,3.07,2.957,bbox,20.966,20.386,20.57,19.215,5.7787,2.7312,,,,
2897,57.94,3.102,3.016,bbox,20.966,20.386,20.57,19.215,5.7826,2.7126,,,,
2898,57.96,2.782,3.016,pose,21.008,20.386,20.607,19.215,5.795,2.6949,0.2354,0.8742,0.7131,0.6773
2899,57.98,3.215,3.07,bbox,21.008,20.386,20.607,19.215,5.8327,2.6789,,,,
2900,58.0,6.635,3.102,bbox,21.008,20.386,20.644,19.215,7.8721,2.6719,,,,
2901,58.02,6.048,3.215,pose,21.062,20.386,20.644,19.215,7.8523,2.6603,0.1232,0.886,0.478,0.6205
2902,58.04,6.636,6.048,bbox,21.212,20.386,20.644,19.215,7.83,2.6522,,,,
2903,58.06,3.345,6.048,bbox,21.212,20.386,20.678,19.215,5.8977,2.6493,,,,
2904,58.08,3.183,6.048,pose,21.212,20.386,20.678,19.215,5.9218,2.6395,0.1705,0.8887,0.7227,0.615
2905,58.1,3.37,3.37,bbox,21.212,20.536,20.678,19.215,5.9666,2.6288,,,,
2906,58.12,3.416,3.37,bbox,21.212,20.536,20.678,19.215,5.9891,2.6259,,,,
2907,58.14,3.299,3.345,pose,21.212,20.536,20.71,19.215,6.0046,2.6247,0.304,0.6899,0.6978,0.6328
2908,58.16,3.537,3.37,bbox,21.212,20.536,20.71,19.215,6.0396,2.6177,,,,
2909,58.18,6.403,3.416,bbox,21.25,20.536,20.71,19.215,7.6522,2.619,,,,
2910,58.2,3.255,3.416,pose,21.285,20.536,20.71,19.215,6.1347,2.6194,0.464,0.8523,0.6779,0.713
2911,58.22,3.623,3.537,bbox,21.381,20.536,20.71,19.215,6.1836,2.6245,,,,
2912,58.24,3.636,3.623,bbox,21.429,20.536,20.71,19.215,6.2288,2.6378,,,,
2913,58.26,3.195,3.623,pose,21.475,20.536,20.71,19.215,6.2513,2.6531,0.5897,0.7866,0.7047,0.7429
2914,58.28,3.622,3.622,bbox,21.475,20.536,20.71,19.215,6.2804,2.6667,,,,
2915,58.3,3.63,3.623,bbox,21.475,20.536,20.71,19.215,6.312,2.6761,,,,
2916,58.32,5.673,3.63,pose,21.526,20.536,20.71,19.253,7.6031,2.6944,0.2082,0.7,0.4643,0.7741
2917,58.34,3.702,3.63,bbox,21.558,20.536,20.71,19.253,6.4235,2.7195,,,,
2918,58.36,3.683,3.683,bbox,21.669,20.536,20.71,19.253,6.4411,2.7331,,,,
2919,58.38,3.254,3.683,pose,21.669,20.536,20.71,19.306,6.4912,2.7494,0.704,0.6069,0.6892,0.7915
2920,58.4,3.778,3.702,bbox,21.737,20.536,20.71,19.306,6.5313,2.7722,,,,
2921,58.42,5.773,3.702,bbox,21.737,20.536,20.71,19.306,6.7259,2.7813,,,,
2922,58.44,5.734,3.778,bbox,21.777,20.536,20.71,19.359,7.476,2.7974,,0.5116,,0.7855
2923,58.46,5.704,5.704,bbox,21.927,20.536,20.71,19.359,7.4695,2.8136,,,,
2924,58.48,5.71,5.71,bbox,22.077,20.536,20.71,19.359,7.4616,2.8139,,,,
2925,58.5,3.654,5.71,pose,22.077,20.536,20.71,19.395,6.6525,2.8088,0.6185,0.516,0.5833,0.7582
2926,58.52,4.002,5.704,bbox,22.077,20.536,20.71,19.395,6.6576,2.7973,,,,
2927,58.54,4.061,4.061,bbox,22.077,20.686,20.71,19.395,6.6817,2.7938,,,,
2928,58.56,3.889,4.002,pose,22.077,20.686,20.71,19.395,6.6739,2.7897,0.5022,0.5497,0.543,0.7148
2929,58.58,4.134,4.002,bbox,22.077,20.686,20.71,19.395,6.6832,2.7822,,,,
2930,58.6,4.157,4.061,bbox,22.077,20.686,20.71,19.395,6.6917,2.7874,,,,
2931,58.62,3.883,4.061,pose,22.077,20.686,20.71,19.395,6.6883,2.7916,0.4577,0.6341,0.5441,0.6895
2932,58.64,4.104,4.104,bbox,22.077,20.686,20.71,19.395,6.6465,2.7797,,,,
2933,58.66,4.039,4.104,bbox,22.077,20.686,20.71,19.395,6.6222,2.7854,,,,
2934,58.68,3.563,4.039,pose,22.077,20.721,20.71,19.395,6.5841,2.7979,0.542,0.7983,0.5392,0.7248
2935,58.7,3.893,3.893,bbox,22.077,20.721,20.71,19.395,6.5402,2.7953,,,,
2936,58.72,3.871,3.893,bbox,22.077,20.784,20.71,19.395,6.5252,2.7843,,,,
2937,58.74,3.379,3.871,pose,22.077,20.828,20.71,19.395,6.4738,2.7899,0.6198,0.5878,0.5662,0.7556
2938,58.76,3.714,3.714,bbox,22.077,20.828,20.71,19.395,6.4131,2.7799,,,,
2939,58.78,3.673,3.714,bbox,22.077,20.894,20.71,19.395,6.3652,2.7752,,,,
2940,58.8,2.979,3.673,pose,22.077,20.955,20.71,19.395,6.3166,2.7623,0.7162,0.987,0.6136,0.7035
2941,58.82,3.595,3.595,bbox,22.077,21.003,20.743,19.395,6.2606,2.7594,,,,
2942,58.84,3.548,3.595,bbox,22.077,21.051,20.743,19.395,6.2018,2.7554,,,,
2943,58.86,2.701,3.548,pose,22.077,21.107,20.743,19.395,6.1214,2.7367,0.7972,1.0325,0.6367,0.6679
2944,58.88,3.454,3.454,bbox,22.077,21.166,20.743,19.395,6.0733,2.7163,,,,
2945,58.9,3.412,3.454,bbox,22.077,21.246,20.782,19.395,6.0238,2.7104,,,,
2946,58.92,2.518,3.412,pose,22.077,21.294,20.782,19.395,6.0041,2.7097,0.8674,1.0606,0.6561,0.6377
2947,58.94,3.365,3.365,bbox,22.077,21.344,20.782,19.395,5.979,2.723,,,,
2948,58.96,3.35,3.365,bbox,22.077,21.344,20.782,19.395,5.963,2.7421,,,,
2949,58.98,2.317,3.35,pose,22.077,21.389,20.782,19.395,5.957,2.8155,0.9447,1.1239,0.6064,0.6407
2950,59.0,3.266,3.266,bbox,22.077,21.389,20.782,19.395,5.9674,2.9029,,,,
2951,59.02,3.175,3.266,bbox,22.077,21.389,20.782,19.474,5.9645,2.9977,,,,
2952,59.04,2.133,3.175,pose,22.077,21.389,20.782,19.562,5.9542,3.0585,0.9436,1.1407,0.5848,0.6458
2953,59.06,3.057,3.057,bbox,22.077,21.389,20.782,19.656,5.9462,3.103,,,,
2954,59.08,2.965,3.057,bbox,22.077,21.389,20.782,19.717,5.9273,3.1577,,,,
2955,59.1,2.037,2.965,pose,22.077,21.421,20.782,19.762,5.9257,3.194,0.9249,1.0156,0.6123,0.5989
2956,59.12,2.917,2.917,bbox,22.077,21.421,20.782,19.816,5.9148,3.214,,,,
2957,59.14,2.911,2.917,bbox,22.077,21.421,20.782,19.853,5.9199,3.2267,,,,
2958,59.16,2.018,2.911,pose,22.077,21.421,20.782,19.853,5.9222,3.2444,0.8589,0.9858,0.645,0.536
2959,59.18,2.859,2.859,bbox,22.077,21.421,20.782,19.885,5.914,3.2523,,,,
2960,59.2,2.856,2.859,bbox,22.077,21.453,20.782,19.885,5.914,3.255,,,,
2961,59.22,2.021,2.856,pose,22.077,21.453,20.782,19.885,5.9145,3.2507,0.8545,0.9503,0.6619,0.5484
2962,59.24,2.879,2.856,bbox,22.077,21.453,20.782,19.885,5.919,3.2447,,,,
2963,59.26,2.721,2.856,bbox,22.077,21.453,20.782,19.885,5.8033,3.2409,,,,
2964,59.28,1.995,2.721,pose,22.077,21.453,20.782,19.885,5.7842,3.2406,0.8663,0.9798,0.6226,0.5684
2965,59.3,2.683,2.683,bbox,22.077,21.564,20.782,19.885,5.7635,3.2369,,,,
2966,59.32,2.685,2.685,bbox,22.077,21.564,20.782,19.885,5.7534,3.2267,,,,
2967,59.34,1.987,2.683,pose,22.077,21.604,20.782,19.885,5.7359,3.2112,0.87,1.0408,0.638,0.6506
2968,59.36,2.738,2.683,bbox,22.077,21.604,20.782,19.885,5.7385,3.1932,,,,
2969,59.38,2.761,2.685,bbox,22.077,21.604,20.782,19.885,5.7419,3.176,,,,
2970,59.4,2.121,2.685,pose,22.077,21.604,20.815,19.885,5.7576,3.15,0.6899,1.0474,0.5977,0.673
2971,59.42,2.882,2.738,bbox,22.077,21.604,20.815,19.885,5.7581,3.1046,,,,
2972,59.44,2.929,2.761,bbox,22.077,21.604,20.859,19.885,5.7588,3.0588,,,,
2973,59.46,2.325,2.761,pose,22.077,21.604,20.904,19.885,5.768,3.0333,0.842,0.9508,0.6131,0.6393
2974,59.48,3.011,2.882,bbox,22.077,21.604,20.95,19.885,5.778,3.0211,,,,
2975,59.5,3.03,2.929,bbox,22.077,21.604,20.95,19.885,5.7833,3.0038,,,,
2976,59.52,2.36,2.929,pose,22.077,21.604,20.988,19.885,5.7937,2.9958,0.8758,0.9272,0.6343,0.6239
2977,59.54,3.019,3.011,bbox,22.077,21.604,20.988,19.885,5.8122,2.9948,,,,
2978,59.56,3.006,3.011,bbox,22.107,21.604,20.988,19.885,5.8145,2.991,,,,
2979,59.58,2.306,3.006,pose,22.107,21.604,20.988,19.885,5.8683,2.9844,0.9267,0.9427,0.653,0.6207
2980,59.6,3.149,3.006,bbox,22.107,21.604,21.018,19.885,5.9417,2.9785,,,,
2981,59.62,3.162,3.019,bbox,22.182,21.604,21.018,19.885,5.96,2.974,,,,
2982,59.64,2.378,3.006,pose,22.255,21.604,21.018,19.885,5.9834,2.9714,0.869,0.9261,0.6374,0.6457
2983,59.66,3.209,3.149,bbox,22.255,21.604,21.018,19.885,6.0066,2.9681,,,,
2984,59.68,3.251,3.162,bbox,22.297,21.604,21.018,19.885,6.0403,2.9694,,,,
2985,59.7,2.526,3.162,pose,22.297,21.604,21.018,19.885,6.0593,2.9761,0.7858,0.9093,0.6038,0.6997
2986,59.72,3.034,3.034,bbox,22.297,21.604,21.018,19.885,5.8582,2.9869,,,,
2987,59.74,3.022,3.034,bbox,22.297,21.604,21.018,19.885,5.8345,2.9826,,,,
2988,59.76,3.045,3.034,bbox,22.297,21.729,21.018,19.885,5.8477,2.9866,,0.8857,,0.7335
2989,59.78,2.304,3.022,bbox,22.297,21.729,21.018,19.885,4.1515,2.9907,,,,
2990,59.8,2.289,3.022,bbox,22.297,21.729,21.018,19.885,4.1442,2.9954,,,,
2991,59.82,1.932,2.304,pose,22.297,21.903,21.018,19.885,4.1337,3.0052,0.0536,0.8648,0.402,0.744
2992,59.84,3.334,2.304,bbox,22.297,21.903,21.018,19.885,6.1072,3.0088,,,,
2993,59.86,3.316,2.304,bbox,22.297,21.903,21.018,19.885,6.0884,3.0077,,,,
2994,59.88,2.64,2.64,pose,22.447,21.903,21.018,19.885,6.074,3.0057,0.7172,0.9032,0.5691,0.6947
2995,59.9,3.306,3.306,bbox,22.447,21.903,21.018,19.885,6.0837,3.0044,,,,
2996,59.92,2.239,3.306,bbox,22.447,21.903,21.018,19.885,4.0429,3.0019,,,,
2997,59.94,1.769,2.64,pose,22.447,21.903,21.018,19.885,4.0243,3.0057,0.268,0.9676,0.454,0.6092
2998,59.96,2.23,2.239,bbox,22.447,22.053,21.018,19.885,4.0176,3.0243,,,,
2999,59.98,2.184,2.23,bbox,22.447,22.053,21.018,19.885,3.9956,3.0771,,,,
3000,60.0,1.734,2.184,pose,22.447,22.053,21.018,19.919,3.9881,3.123,0.3481,1.172,0.4508,0.5902
3001,60.02,3.036,2.184,bbox,22.447,22.053,21.018,19.971,5.9234,3.1411,,,,
3002,60.04,3.019,2.23,bbox,22.447,22.053,21.018,20.017,5.907,3.1492,,,,
3003,60.06,2.007,2.184,pose,22.572,22.053,21.018,20.017,5.8919,3.1597,0.5309,1.2532,0.0339,0.5933
3004,60.08,3.004,3.004,bbox,22.572,22.053,21.018,20.017,5.8787,3.1759,,,,
3005,60.1,2.998,3.004,bbox,22.572,22.053,21.018,20.054,5.877,3.1914,,,,
3006,60.12,1.946,2.998,pose,22.572,22.053,21.018,20.054,5.8791,3.2051,0.8646,1.2552,0.5503,0.5542
3007,60.14,2.964,2.964,bbox,22.572,22.053,21.018,20.086,5.8765,3.2484,,,,
3008,60.16,2.933,2.964,bbox,22.572,22.053,21.018,20.086,5.8713,3.2847,,,,
3009,60.18,1.672,2.933,pose,22.572,22.053,21.018,20.143,5.8535,3.3256,0.5862,1.3033,0.3337,0.5142
3010,60.2,2.833,2.833,bbox,22.572,22.053,21.018,20.179,5.852,3.3605,,,,
3011,60.22,2.715,2.833,bbox,22.572,22.092,21.018,20.22,5.8347,3.404,,,,
3012,60.24,1.654,2.715,pose,22.572,22.092,21.018,20.255,5.8933,3.45,0.4016,1.4893,0.2223,0.5186
3013,60.26,2.638,2.638,bbox,22.572,22.092,21.018,20.298,5.9034,3.4836,,,,
3014,60.28,2.539,2.638,bbox,22.572,22.092,21.018,20.344,5.8697,3.5391,,,,
3015,60.3,1.459,2.539,pose,22.612,22.092,21.018,20.378,5.9386,3.593,1.0022,1.4689,0.6171,0.5264
3016,60.32,2.677,2.539,bbox,22.612,22.092,21.018,20.433,6.0453,3.6475,,,,
3017,60.34,2.719,2.638,bbox,22.657,22.092,21.018,20.487,6.107,3.7011,,,,
3018,60.36,1.695,2.539,pose,22.764,22.092,21.018,20.542,6.1679,3.7382,0.9499,1.3393,0.5916,0.5115
3019,60.38,2.792,2.677,bbox,22.825,22.092,21.018,20.595,6.2363,3.7855,,,,
3020,60.4,2.816,2.719,bbox,22.886,22.092,21.018,20.633,6.2677,3.8098,,,,
3021,60.42,1.827,2.719,pose,22.955,22.092,21.018,20.68,6.295,3.8414,0.9092,1.2009,0.5706,0.5228
3022,60.44,2.786,2.786,bbox,22.986,22.092,21.018,20.68,6.3159,3.8637,,,,
3023,60.46,2.77,2.786,bbox,22.986,22.092,21.018,20.736,6.3269,3.8822,,,,
3024,60.48,2.017,2.77,pose,23.034,22.092,21.018,20.736,6.3443,3.89,0.286,1.1258,0.0707,0.5562
3025,60.5,2.759,2.759,bbox,23.034,22.092,21.018,20.777,6.349,3.8934,,,,
3026,60.52,2.762,2.762,bbox,23.034,22.092,21.018,20.777,6.3466,3.8739,,,,
3027,60.54,1.786,2.759,pose,23.065,22.092,21.018,20.777,6.3477,3.8537,0.9937,1.1307,0.5639,0.592
3028,60.56,2.551,2.551,bbox,23.065,22.092,21.018,20.777,6.3547,3.8321,,,,
3029,60.58,2.283,2.551,bbox,23.065,22.092,21.018,20.777,6.372,3.8246,,,,
3030,60.6,1.539,2.283,pose,23.065,22.092,21.068,20.777,6.3994,3.8002,0.9088,1.1388,0.5741,0.6475
3031,60.62,2.36,2.283,bbox,23.065,22.092,21.068,20.777,6.4382,3.7712,,,,
3032,60.64,2.399,2.36,bbox,23.118,22.092,21.1,20.777,6.4884,3.7544,,,,
3033,60.66,1.757,2.283,pose,23.157,22.092,21.1,20.777,6.5289,3.7361,0.6808,1.1398,0.6231,0.7076
3034,60.68,2.447,2.36,bbox,23.207,22.092,21.145,20.777,6.5501,3.7315,,,,
3035,60.7,2.866,2.399,bbox,23.247,22.092,21.145,20.777,6.5675,3.7019,,,,
3036,60.72,2.355,2.399,pose,23.247,22.092,21.145,20.777,6.5841,3.6678,0.5216,1.0862,0.6745,0.6713
3037,60.74,2.597,2.447,bbox,23.286,22.092,21.198,20.777,6.6115,3.6308,,,,
3038,60.76,2.989,2.597,bbox,23.286,22.092,21.232,20.777,6.6274,3.5922,,,,
3039,60.78,2.669,2.669,pose,23.33,22.092,21.269,20.777,6.6478,3.5786,0.4706,0.9321,0.6742,0.6677
3040,60.8,2.704,2.669,bbox,23.33,22.092,21.308,20.777,6.6845,3.5599,,,,
3041,60.82,2.702,2.702,bbox,23.366,22.092,21.308,20.777,6.7176,3.5465,,,,
3042,60.84,2.379,2.702,pose,23.403,22.092,21.34,20.777,6.7484,3.5344,0.4938,0.8607,0.6748,0.6756
3043,60.86,2.476,2.669,bbox,23.436,22.092,21.34,20.777,6.8184,3.529,,,,
3044,60.88,2.757,2.702,bbox,23.467,22.092,21.34,20.777,6.8163,3.5204,,,,
3045,60.9,2.511,2.511,pose,23.535,22.092,21.371,20.777,6.824,3.5177,0.5066,0.8713,0.6232,0.6492
3046,60.92,2.851,2.511,bbox,23.535,22.092,21.371,20.777,6.8049,3.4826,,,,
3047,60.94,2.868,2.757,bbox,23.535,22.092,21.371,20.777,6.7631,3.4452,,,,
3048,60.96,3.024,2.851,pose,23.535,22.092,21.417,20.777,6.7266,3.413,0.4677,0.8496,0.5975,0.699
3049,60.98,2.863,2.863,bbox,23.535,22.145,21.455,20.777,6.7047,3.3864,,,,
3050,61.0,2.865,2.865,bbox,23.535,22.181,21.487,20.777,6.6678,3.3601,,,,
3051,61.02,2.568,2.865,pose,23.535,22.181,21.487,20.777,6.6203,3.3392,0.4874,0.816,0.5723,0.7272
3052,61.04,2.81,2.863,bbox,23.535,22.24,21.54,20.777,6.5816,3.313,,,,
3053,61.06,3.27,2.863,bbox,23.535,22.288,21.54,20.777,6.5404,3.3073,,,,
3054,61.08,2.581,2.81,pose,23.535,22.326,21.587,20.777,6.5038,3.2912,0.5463,0.7592,0.5006,0.7948
3055,61.1,2.768,2.768,bbox,23.535,22.368,21.587,20.777,6.4755,3.2894,,,,
3056,61.12,3.174,2.81,bbox,23.535,22.404,21.587,20.777,6.4543,3.291,,,,
3057,61.14,2.789,2.789,pose,23.535,22.404,21.587,20.777,6.4176,3.2931,0.6529,0.6618,0.5942,0.7908
3058,61.16,3.116,2.789,bbox,23.535,22.454,21.587,20.777,6.4001,3.2979,,,,
3059,61.18,2.685,2.789,bbox,23.535,22.49,21.587,20.777,6.3904,3.3178,,,,
3060,61.2,2.167,2.789,pose,23.535,22.49,21.587,20.777,6.3669,3.3311,0.211,0.5619,-0.1044,0.8349
3061,61.22,2.5,2.685,bbox,23.535,22.49,21.587,20.777,6.3236,3.3514,,,,
3062,61.24,2.506,2.506,bbox,23.535,22.541,21.587,20.777,6.2826,3.3641,,,,
3063,61.26,2.07,2.5,pose,23.535,22.584,21.587,20.815,6.2583,3.3712,0.9051,0.5378,0.609,0.7964
3064,61.28,2.508,2.5,bbox,23.535,22.625,21.587,20.815,6.2403,3.3773,,,,
3065,61.3,2.508,2.506,bbox,23.535,22.625,21.587,20.815,6.23,3.3825,,,,
3066,61.32,2.017,2.506,pose,23.535,22.668,21.587,20.815,6.2068,3.3917,0.9922,0.5573,0.5848,0.7876
3067,61.34,2.483,2.483,bbox,23.535,22.668,21.587,20.846,6.207,3.3961,,,,
3068,61.36,2.486,2.486,bbox,23.535,22.701,21.587,20.846,6.1939,3.3809,,,,
3069,61.38,2.02,2.483,pose,23.535,22.701,21.587,20.846,6.187,3.3822,1.0281,0.5511,0.5504,0.7568
3070,61.4,2.502,2.483,bbox,23.535,22.701,21.587,20.846,6.1845,3.365,,,,
3071,61.42,2.498,2.486,bbox,23.535,22.701,21.587,20.846,6.1754,3.3601,,,,
3072,61.44,2.003,2.486,pose,23.535,22.701,21.587,20.846,6.1633,3.3504,0.9903,0.5871,0.5675,0.7301
3073,61.46,2.498,2.498,bbox,23.535,22.733,21.587,20.846,6.1589,3.3398,,,,
3074,61.48,2.498,2.498,bbox,23.535,22.733,21.619,20.846,6.139,3.3075,,,,
3075,61.5,1.998,2.498,pose,23.535,22.733,21.619,20.846,6.1076,3.2575,0.9906,0.634,0.5854,0.6987
3076,61.52,2.51,2.498,bbox,23.535,22.769,21.662,20.846,6.0901,3.2202,,,,
3077,61.54,2.563,2.498,bbox,23.535,22.8,21.712,20.846,6.0806,3.1711,,,,
3078,61.56,1.748,2.498,pose,23.535,22.8,21.712,20.846,6.0838,6.2291,0.9785,0.2194,0.6239,0.427
3079,61.58,,,,23.535,22.8,21.712,20.846,,,,,,
3080,61.6,,,,23.535,22.8,21.712,20.846,,,,,,
3081,61.62,,,,23.535,22.8,21.712,20.846,,,,,,
3082,61.64,,,,23.535,22.8,21.712,20.846,,,,,,
3083,61.66,,,,23.535,22.8,21.712,20.846,,,,,,
3084,61.68,,,,23.535,22.8,21.712,20.846,,,,,,
3085,61.7,,,,23.535,22.8,21.712,20.846,,,,,,
3086,61.72,,,,23.535,22.8,21.712,20.846,,,,,,
3087,61.74,,,,23.535,22.8,21.712,20.846,,,,,,
3088,61.76,,,,23.535,22.8,21.712,20.846,,,,,,
3089,61.78,,,,23.535,22.8,21.712,20.846,,,,,,
3090,61.8,,,,23.535,22.8,21.712,20.846,,,,,,
3091,61.82,,,,23.535,22.8,21.712,20.846,,,,,,
3092,61.84,,,,23.535,22.8,21.712,20.846,,,,,,
3093,61.86,,,,23.535,22.8,21.712,20.846,,,,,,
3094,61.88,,,,23.535,22.8,21.712,20.846,,,,,,
3095,61.9,,,,23.535,22.8,21.712,20.846,,,,,,
3096,61.92,,,,23.535,22.8,21.712,20.846,,,,,,
3097,61.94,,,,23.535,22.8,21.712,20.846,,,,,,
3098,61.96,,,,23.535,22.8,21.712,20.846,,,,,,
3099,61.98,,,,23.535,22.8,21.712,20.846,,,,,,
3100,62.0,,,,23.535,22.8,21.712,20.846,,,,,,
3101,62.02,,,,23.535,22.8,21.712,20.846,,,,,,
3102,62.04,,,,23.535,22.8,21.712,20.846,,,,,,
3103,62.06,,,,23.535,22.8,21.712,20.846,,,,,,
3104,62.08,,,,23.535,22.8,21.712,20.846,,,,,,
3105,62.1,,,,23.535,22.8,21.712,20.846,,,,,,
3106,62.12,,,,23.535,22.8,21.712,20.846,,,,,,
3107,62.14,,,,23.535,22.8,21.712,20.846,,,,,,
3108,62.16,,,,23.535,22.8,21.712,20.846,,,,,,
3109,62.18,2.939,2.51,bbox,23.535,22.8,21.749,20.846,5.7781,3.0526,,,,
3110,62.2,2.927,2.563,bbox,23.535,22.8,21.798,20.846,5.7751,3.0488,,,,
3111,62.22,2.385,2.563,pose,23.535,22.977,21.917,20.846,5.7611,3.0479,0.6611,0.9927,0.6175,0.5958
3112,62.24,2.933,2.927,bbox,23.535,22.977,21.917,20.846,5.7608,3.0391,,,,
3113,62.26,2.947,2.933,bbox,23.535,22.977,21.917,20.846,5.748,3.0198,,,,
3114,62.28,2.341,2.927,pose,23.535,22.977,21.917,20.846,5.7415,3.0148,0.7086,1.049,0.5312,0.6363
3115,62.3,2.943,2.933,bbox,23.535,23.007,21.95,20.846,5.7334,2.9997,,,,
3116,62.32,2.961,2.943,bbox,23.535,23.007,21.95,20.846,5.7366,2.9869,,,,
3117,62.34,2.183,2.943,pose,23.535,23.007,21.95,20.846,5.7009,2.9635,0.8615,1.0847,0.5381,0.6844
3118,62.36,2.944,2.943,bbox,23.535,23.007,21.982,20.846,5.6923,2.9466,,,,
3119,62.38,3.013,2.944,bbox,23.535,23.007,21.982,20.846,5.7222,2.9226,,,,
3120,62.4,2.21,2.944,pose,23.535,23.054,22.023,20.846,5.6745,2.8736,0.42,1.0085,-0.0394,0.6712
3121,62.42,3.073,2.944,bbox,23.535,23.054,22.023,20.846,5.6224,2.8161,,,,
3122,62.44,3.021,3.013,bbox,23.535,23.054,22.096,20.846,5.5253,2.7858,,,,
3123,62.46,2.103,3.013,pose,23.535,23.133,22.153,20.846,5.5026,2.7608,0.2093,0.9743,-0.0684,0.6366
3124,62.48,3.029,3.021,bbox,23.535,23.23,22.184,20.846,5.4685,2.7473,,,,
3125,62.5,3.045,3.029,bbox,23.535,23.23,22.184,20.846,5.4427,2.7361,,,,
3126,62.52,2.061,3.021,pose,23.535,23.287,22.222,20.846,5.4123,2.7258,1.126,1.0255,0.5119,0.5984
3127,62.54,3.068,3.029,bbox,23.535,23.287,22.222,20.846,5.4008,2.7173,,,,
3128,62.56,3.055,3.045,bbox,23.535,23.343,22.222,20.846,5.3777,2.7107,,,,
3129,62.58,2.083,3.045,pose,23.535,23.343,22.222,20.846,5.3522,2.6943,1.033,1.0776,0.5105,0.5774
3130,62.6,3.044,3.044,bbox,23.535,23.378,22.259,20.846,5.339,2.6815,,,,
3131,62.62,3.025,3.044,bbox,23.535,23.378,22.259,20.846,5.3341,2.678,,,,
3132,62.64,2.097,3.025,pose,23.535,23.416,22.259,20.846,5.3318,2.6743,0.9683,1.0834,0.5184,0.6166
3133,62.66,2.991,2.991,bbox,23.535,23.416,22.291,20.846,5.3363,2.6747,,,,
3134,62.68,2.981,2.991,bbox,23.535,23.416,22.291,20.846,5.3439,2.6678,,,,
3135,62.7,2.522,2.981,pose,23.535,23.416,22.291,20.846,5.3461,2.6508,0.1479,1.0447,-0.2483,0.6566
3136,62.72,2.978,2.978,bbox,23.535,23.416,22.291,20.846,5.3557,2.6337,,,,
3137,62.74,2.984,2.981,bbox,23.535,23.416,22.291,20.846,5.3696,2.6017,,,,
3138,62.76,2.994,2.981,bbox,23.535,23.416,22.336,20.846,5.377,2.5638,,0.9231,,0.7363
3139,62.78,3.031,2.984,bbox,23.565,23.416,22.368,20.846,5.3861,2.5244,,,,
3140,62.8,3.093,2.994,bbox,23.565,23.416,22.405,20.846,5.4208,2.4882,,,,
3141,62.82,2.428,2.994,pose,23.565,23.416,22.445,20.846,5.4034,2.4736,0.9859,0.6907,0.6,0.77
3142,62.84,3.119,3.031,bbox,23.599,23.416,22.481,20.846,5.4348,2.4649,,,,
3143,62.86,3.166,3.093,bbox,23.599,23.416,22.481,20.846,5.461,2.4495,,,,
3144,62.88,2.739,3.093,pose,23.63,23.416,22.481,20.846,5.4423,2.4382,0.0517,0.5033,0.0941,0.7308
3145,62.9,3.231,3.119,bbox,23.63,23.416,22.52,20.846,5.4669,2.4113,,,,
3146,62.92,3.172,3.166,bbox,23.63,23.416,22.52,20.846,5.3503,2.3798,,,,
3147,62.94,2.974,3.166,pose,23.63,23.416,22.558,20.846,5.3431,2.3649,1.0023,0.4142,0.548,0.6864
3148,62.96,3.273,3.172,bbox,23.63,23.494,22.59,20.846,5.3566,2.3447,,,,
3149,62.98,5.328,3.231,bbox,23.63,23.494,22.59,20.846,6.3643,2.3379,,,,
3150,63.0,5.076,3.273,pose,23.63,23.494,22.625,20.846,6.3713,2.3397,0.5998,0.4285,0.3866,0.6574
3151,63.02,5.378,5.076,bbox,23.78,23.494,22.625,20.846,6.3773,2.35,,,,
3152,63.04,3.456,5.076,bbox,23.78,23.494,22.625,20.846,5.497,2.3534,,,,
3153,63.06,5.121,5.121,pose,23.78,23.494,22.625,20.846,6.3963,2.361,0.6059,0.3309,0.3763,0.6272
3154,63.08,5.405,5.121,bbox,23.78,23.494,22.625,20.846,6.4129,2.3794,,,,
3155,63.1,5.418,5.378,bbox,23.812,23.494,22.625,20.846,6.4225,2.3896,,,,
3156,63.12,5.441,5.405,bbox,23.812,23.494,22.625,20.881,6.4225,2.4033,,0.5831,,0.5844
3157,63.14,5.507,5.418,bbox,23.812,23.494,22.625,20.881,6.4259,2.4151,,,,
3158,63.16,3.268,5.418,bbox,23.812,23.494,22.625,20.881,5.445,2.4349,,,,
3159,63.18,2.595,5.418,pose,23.812,23.494,22.625,20.917,5.4257,2.4592,0.8024,0.783,0.5893,0.6255
3160,63.2,5.387,5.387,bbox,23.812,23.494,22.625,20.917,6.443,2.4811,,,,
3161,63.22,3.014,3.268,bbox,23.812,23.618,22.625,20.961,5.3451,2.5123,,,,
3162,63.24,2.257,3.014,pose,23.812,23.618,22.625,20.961,5.2942,2.5405,0.7419,0.9794,0.5678,0.6719
3163,63.26,2.909,2.909,bbox,23.812,23.718,22.625,21.014,5.3172,2.5921,,,,
3164,63.28,2.853,2.909,bbox,23.812,23.718,22.625,21.014,5.3379,2.6409,,,,
3165,63.3,1.974,2.853,pose,23.812,23.718,22.625,21.094,5.3293,2.6655,0.7898,1.0364,0.5783,0.6571
3166,63.32,2.769,2.769,bbox,23.812,23.718,22.625,21.142,5.3088,2.7151,,,,
3167,63.34,2.729,2.769,bbox,23.812,23.718,22.625,21.142,5.3008,2.7308,,,,
3168,63.36,1.899,2.729,pose,23.812,23.754,22.625,21.217,5.3025,2.7663,0.8513,1.0167,0.5605,0.6499
3169,63.38,2.713,2.713,bbox,23.812,23.754,22.625,21.217,5.2982,2.7979,,,,
3170,63.4,2.723,2.723,bbox,23.812,23.754,22.625,21.268,5.2964,2.8138,,,,
3171,63.42,1.866,2.713,pose,23.812,23.754,22.625,21.299,5.2991,2.8195,0.8357,1.0024,0.5268,0.6779
3172,63.44,2.632,2.632,bbox,23.812,23.754,22.625,21.299,5.3026,2.8154,,,,
3173,63.46,2.649,2.649,bbox,23.812,23.754,22.625,21.299,5.3069,2.8078,,,,
3174,63.48,1.895,2.632,pose,23.812,23.754,22.625,21.299,5.3123,2.7937,0.8395,0.9948,0.5536,0.6789
3175,63.5,2.694,2.632,bbox,23.812,23.754,22.625,21.299,5.3074,2.7871,,,,
3176,63.52,2.699,2.649,bbox,23.812,23.754,22.625,21.299,5.3183,2.7667,,,,
3177,63.54,1.915,2.649,pose,23.812,23.754,22.625,21.299,5.3403,2.7533,0.9181,1.0246,0.6001,0.6978
3178,63.56,2.778,2.694,bbox,23.812,23.754,22.656,21.299,5.3638,2.7477,,,,
3179,63.58,2.85,2.699,bbox,23.844,23.754,22.656,21.299,5.4036,2.74,,,,
3180,63.6,2.249,2.699,pose,23.844,23.754,22.656,21.299,5.4433,2.7343,0.0807,0.9398,0.2089,0.6823
3181,63.62,2.941,2.778,bbox,23.907,23.754,22.656,21.299,5.462,2.731,,,,
3182,63.64,2.973,2.85,bbox,23.947,23.754,22.688,21.299,5.4754,2.7296,,,,
3183,63.66,2.341,2.85,pose,23.947,23.754,22.688,21.299,5.488,2.7274,0.9543,0.8762,0.5498,0.6706
3184,63.68,5.153,2.941,bbox,23.979,23.754,22.688,21.299,6.4892,2.7259,,,,
3185,63.7,5.152,2.973,bbox,23.979,23.754,22.688,21.299,6.4948,2.729,,,,
3186,63.72,4.517,4.517,pose,24.142,23.754,22.688,21.299,6.4973,2.7282,0.4482,0.8984,0.3912,0.6578
3187,63.74,5.116,5.116,bbox,24.142,23.754,22.688,21.299,6.5033,2.7318,,,,
3188,63.76,5.098,5.116,bbox,24.142,23.754,22.688,21.299,6.5089,2.7339,,,,
3189,63.78,4.479,5.098,pose,24.142,23.754,22.688,21.299,6.5161,2.7281,0.451,0.8758,0.4007,0.7058
3190,63.8,5.053,5.053,bbox,24.142,23.754,22.688,21.299,6.5159,2.7276,,,,
3191,63.82,3.141,5.053,bbox,24.142,23.754,22.688,21.299,5.6122,2.7148,,,,
3192,63.84,4.395,4.479,pose,24.142,23.754,22.688,21.299,6.5191,2.7091,0.4391,0.8679,0.3967,0.7328
3193,63.86,3.007,4.395,bbox,24.142,23.754,22.688,21.299,5.5069,2.7055,,,,
3194,63.88,5.028,4.395,bbox,24.142,23.754,22.688,21.299,6.5212,2.6926,,,,
3195,63.9,4.366,4.366,pose,24.142,23.754,22.688,21.299,6.5207,2.6802,0.4652,0.8594,0.3921,0.7518
3196,63.92,3.001,4.366,bbox,24.142,23.754,22.73,21.299,5.4848,2.6722,,,,
3197,63.94,2.969,3.007,bbox,24.142,23.875,22.73,21.299,5.4463,2.6722,,,,
3198,63.96,2.942,3.001,bbox,24.142,23.875,22.73,21.299,5.4026,2.6632,,0.8674,,0.7255
3199,63.98,2.934,2.969,bbox,24.142,23.935,22.73,21.299,5.3657,2.6575,,,,
3200,64.0,2.912,2.942,bbox,24.142,23.979,22.73,21.299,5.3141,2.6512,,,,
3201,64.02,2.152,2.934,pose,24.142,24.016,22.765,21.299,5.3003,2.6422,0.9534,0.8985,0.5254,0.6824
3202,64.04,2.867,2.912,bbox,24.142,24.067,22.765,21.299,5.27,2.6436,,,,
3203,64.06,2.908,2.908,bbox,24.142,24.067,22.765,21.299,5.263,2.6411,,,,
3204,64.08,2.218,2.867,pose,24.142,24.067,22.765,21.299,5.3134,2.6307,0.9234,0.8978,0.5053,0.6132
3205,64.1,3.025,2.867,bbox,24.142,24.067,22.765,21.299,5.2986,2.6114,,,,
3206,64.12,5.302,2.908,bbox,24.142,24.067,22.765,21.299,6.5232,2.5984,,,,
3207,64.14,4.865,3.025,pose,24.142,24.067,22.811,21.299,6.5253,2.5947,0.1151,0.9672,0.2355,0.6377
3208,64.16,5.31,4.865,bbox,24.291,24.067,22.811,21.299,6.5245,2.5947,,,,
3209,64.18,5.296,5.296,bbox,24.291,24.067,22.811,21.299,6.5255,2.5853,,,,
3210,64.2,2.208,5.296,pose,24.291,24.067,22.811,21.299,5.2638,2.5874,0.9317,0.9806,0.5027,0.6817
3211,64.22,3.012,4.865,bbox,24.291,24.067,22.811,21.299,5.2844,2.5807,,,,
3212,64.24,3.051,3.051,bbox,24.291,24.216,22.811,21.299,5.3267,2.5692,,,,
3213,64.26,2.197,3.012,pose,24.291,24.216,22.842,21.299,5.389,2.56,0.9754,0.9794,0.556,0.7166
3214,64.28,3.067,3.012,bbox,24.291,24.216,22.842,21.299,5.3827,2.5464,,,,
3215,64.3,3.111,3.051,bbox,24.347,24.216,22.842,21.299,5.418,2.53,,,,
3216,64.32,2.355,3.051,pose,24.347,24.216,22.876,21.299,5.4329,2.4624,1.0144,0.8747,0.5511,0.7288
3217,64.34,3.285,3.067,bbox,24.382,24.216,22.876,21.299,5.4595,2.4131,,,,
3218,64.36,3.338,3.111,bbox,24.382,24.216,22.96,21.299,5.4777,2.3891,,,,
3219,64.38,2.617,3.111,pose,24.424,24.216,23.01,21.299,5.4902,2.3753,0.9953,0.7415,0.5706,0.6641
3220,64.4,3.408,3.285,bbox,24.424,24.216,23.01,21.299,5.5023,2.366,,,,
3221,64.42,3.427,3.338,bbox,24.454,24.216,23.047,21.299,5.5163,2.3674,,,,
3222,64.44,5.033,3.408,pose,24.454,24.216,23.047,21.299,6.5302,2.3658,0.4636,0.645,0.4143,0.6104
3223,64.46,5.535,3.427,bbox,24.454,24.216,23.047,21.299,6.5297,2.363,,,,
3224,64.48,3.555,3.555,bbox,24.565,24.216,23.047,21.299,5.6006,2.3831,,,,
3225,64.5,2.855,3.555,pose,24.565,24.216,23.047,21.299,5.6122,2.3956,1.0532,0.6033,0.5105,0.6016
3226,64.52,3.526,3.555,bbox,24.565,24.216,23.047,21.299,5.6056,2.4141,,,,
3227,64.54,3.508,3.526,bbox,24.565,24.216,23.047,21.299,5.6035,2.4205,,,,
3228,64.56,2.747,3.508,pose,24.565,24.216,23.047,21.338,5.6145,2.4416,1.0585,0.7188,0.5209,0.6086
3229,64.58,3.484,3.484,bbox,24.565,24.216,23.047,21.338,5.6328,2.4597,,,,
3230,64.6,3.447,3.484,bbox,24.565,24.216,23.047,21.338,5.6421,2.4877,,,,
3231,64.62,3.39,3.447,bbox,24.597,24.216,23.047,21.384,5.6508,2.5111,,0.5383,,0.6691
3232,64.64,3.361,3.39,bbox,24.597,24.216,23.047,21.384,5.6737,2.5538,,,,
3233,64.66,3.289,3.39,bbox,24.597,24.216,23.047,21.435,5.6755,2.5988,,,,
3234,64.68,2.36,3.361,pose,24.638,24.216,23.047,21.478,5.6734,2.6477,0.9788,0.9668,0.6316,0.6949
3235,64.7,3.171,3.289,bbox,24.638,24.216,23.047,21.523,5.6769,2.677,,,,
3236,64.72,3.143,3.171,bbox,24.638,24.216,23.047,21.572,5.6758,2.6965,,,,
3237,64.74,2.36,3.143,pose,24.638,24.216,23.047,21.572,5.667,2.7097,0.1632,1.0084,0.5685,0.7001
3238,64.76,3.072,3.072,bbox,24.638,24.216,23.047,21.621,5.65,2.7203,,,,
3239,64.78,3.047,3.072,bbox,24.638,24.216,23.047,21.621,5.6345,2.7316,,,,
3240,64.8,2.249,3.047,pose,24.638,24.216,23.047,21.621,5.6111,2.7484,0.8086,1.003,0.6251,0.6449
3241,64.82,3.0,3.0,bbox,24.638,24.255,23.047,21.656,5.5896,2.7496,,,,
3242,64.84,3.001,3.001,bbox,24.638,24.255,23.047,21.656,5.5784,2.7513,,,,
3243,64.86,2.314,3.0,pose,24.638,24.3,23.047,21.656,5.5802,2.7434,0.735,1.0064,0.6461,0.6168
3244,64.88,3.051,3.0,bbox,24.638,24.3,23.047,21.656,5.5848,2.7422,,,,
3245,64.9,3.034,3.001,bbox,24.638,24.3,23.047,21.656,5.5699,2.7399,,,,
3246,64.92,2.262,3.001,pose,24.638,24.3,23.047,21.656,5.539,2.7434,0.7432,1.0158,0.5995,0.6253
3247,64.94,2.991,2.991,bbox,24.638,24.3,23.047,21.656,5.5378,2.7309,,,,
3248,64.96,2.964,2.991,bbox,24.638,24.351,23.047,21.656,5.5369,2.7261,,,,
3249,64.98,2.15,2.964,pose,24.638,24.351,23.047,21.656,5.5275,2.7186,0.7305,1.0079,0.2464,0.6455
3250,65.0,3.128,2.964,bbox,24.638,24.351,23.047,21.656,5.5135,2.7114,,,,
3251,65.02,3.08,2.991,bbox,24.638,24.351,23.047,21.656,5.4812,2.7039,,,,
3252,65.04,2.061,2.964,pose,24.638,24.351,23.047,21.656,5.4514,2.699,1.0356,1.0005,0.5339,0.687
3253,65.06,2.94,2.94,bbox,24.638,24.408,23.047,21.656,5.4247,2.6965,,,,
3254,65.08,2.965,2.965,bbox,24.638,24.408,23.08,21.656,5.3975,2.693,,,,
3255,65.1,2.004,2.94,pose,24.638,24.465,23.08,21.656,5.3936,2.6871,1.0929,0.9553,0.4979,0.69
3256,65.12,2.92,2.92,bbox,24.638,24.465,23.08,21.656,5.3722,2.679,,,,
3257,65.14,2.902,2.92,bbox,24.638,24.496,23.08,21.656,5.364,2.6749,,,,
3258,65.16,2.066,2.902,pose,24.638,24.496,23.08,21.656,5.3479,2.6708,1.1068,0.8821,0.4989,0.6615
3259,65.18,2.897,2.897,bbox,24.638,24.496,23.08,21.656,5.3201,2.6647,,,,
3260,65.2,2.948,2.902,bbox,24.638,24.542,23.08,21.656,5.3018,2.6564,,,,
3261,65.22,2.093,2.897,pose,24.638,24.542,23.114,21.656,5.2784,2.6404,1.0692,0.8802,0.5151,0.6579
3262,65.24,2.919,2.897,bbox,24.638,24.588,23.114,21.656,5.2698,2.6277,,,,
3263,65.26,2.848,2.897,bbox,24.638,24.588,23.114,21.656,5.2361,2.6159,,,,
3264,65.28,2.055,2.848,pose,24.638,24.62,23.151,21.656,5.2176,2.6078,0.959,0.9067,0.5062,0.6832
3265,65.3,2.838,2.838,bbox,24.638,24.653,23.151,21.656,5.1997,2.5974,,,,
3266,65.32,2.869,2.848,bbox,24.638,24.653,23.151,21.656,5.188,2.574,,,,
3267,65.34,2.125,2.838,pose,24.638,24.69,23.181,21.656,5.1913,2.5672,0.9096,0.9088,0.5353,0.7314
3268,65.36,2.888,2.838,bbox,24.638,24.69,23.181,21.656,5.1993,2.563,,,,
3269,65.38,2.906,2.869,bbox,24.638,24.69,23.212,21.656,5.2043,2.5449,,,,
3270,65.4,2.162,2.869,pose,24.638,24.69,23.212,21.656,5.2011,2.5133,0.9318,0.8857,0.5225,0.7299
3271,65.42,2.954,2.888,bbox,24.638,24.69,23.212,21.656,5.1964,2.4843,,,,
3272,65.44,2.986,2.906,bbox,24.638,24.69,23.266,21.656,5.1948,2.4594,,,,
3273,65.46,4.862,2.954,pose,24.638,24.69,23.266,21.656,6.4517,2.4424,0.4929,0.8127,0.397,0.7199
3274,65.48,5.513,2.986,bbox,24.638,24.69,23.319,21.656,6.4407,2.435,,,,
3275,65.5,2.976,2.986,bbox,24.638,24.69,23.319,21.656,5.1511,2.4371,,,,
3276,65.52,2.059,2.986,pose,24.638,24.69,23.319,21.656,5.1242,2.4361,1.1972,0.7912,0.498,0.6785
3277,65.54,2.943,2.976,bbox,24.638,24.738,23.319,21.656,5.097,2.4309,,,,
3278,65.56,2.909,2.943,bbox,24.638,24.738,23.319,21.656,5.0601,2.4319,,,,
3279,65.58,2.01,2.909,pose,24.638,24.792,23.319,21.656,5.0337,2.4364,1.2006,0.7739,0.5069,0.6743
3280,65.6,2.855,2.855,bbox,24.638,24.829,23.319,21.656,5.0033,2.4447,,,,
3281,65.62,2.823,2.855,bbox,24.638,24.829,23.319,21.656,4.9667,2.4452,,,,
3282,65.64,2.027,2.823,pose,24.638,24.886,23.319,21.656,4.9332,2.4439,1.1202,0.7835,0.4858,0.7171
3283,65.66,2.78,2.78,bbox,24.638,24.923,23.319,21.656,4.9067,2.4413,,,,
3284,65.68,2.741,2.78,bbox,24.638,24.956,23.319,21.656,4.8751,2.4297,,,,
3285,65.7,2.031,2.741,pose,24.638,24.956,23.319,21.656,4.8801,2.4457,1.0044,0.7708,0.4698,0.7567
3286,65.72,2.714,2.714,bbox,24.638,25.003,23.319,21.656,4.8864,2.4608,,,,
3287,65.74,2.72,2.72,bbox,24.638,25.003,23.319,21.656,4.9163,2.4777,,,,
3288,65.76,2.044,2.714,pose,24.638,25.003,23.319,21.656,4.9368,2.4713,0.915,0.8159,0.477,0.768
3289,65.78,2.794,2.714,bbox,24.638,25.003,23.319,21.656,4.9995,2.4802,,,,
3290,65.8,2.837,2.72,bbox,24.688,25.003,23.319,21.656,5.0516,2.4863,,,,
3291,65.82,2.095,2.72,pose,24.751,25.003,23.319,21.656,5.1078,2.5002,0.9415,0.8584,0.5188,0.7181
3292,65.84,2.91,2.794,bbox,24.803,25.003,23.319,21.656,5.1683,2.5174,,,,
3293,65.86,2.928,2.837,bbox,24.859,25.003,23.319,21.696,5.2165,2.539,,,,
3294,65.88,2.054,2.837,pose,24.92,25.003,23.319,21.696,5.2494,2.5576,1.0185,0.9106,0.5638,0.6576
3295,65.9,2.97,2.91,bbox,24.968,25.003,23.319,21.735,5.2866,2.5753,,,,
3296,65.92,3.01,2.928,bbox,25.001,25.003,23.319,21.735,5.319,2.5847,,,,
3297,65.94,2.143,2.928,pose,25.038,25.003,23.319,21.772,5.3682,2.5848,0.999,0.9285,0.5824,0.6118
3298,65.96,3.114,2.97,bbox,25.07,25.003,23.319,21.772,5.4148,2.5756,,,,
3299,65.98,3.186,3.01,bbox,25.119,25.003,23.319,21.772,5.4784,2.5735,,,,
3300,66.0,2.283,3.01,pose,25.166,25.003,23.319,21.772,5.5157,2.5794,0.9265,0.9756,0.5665,0.6011
3301,66.02,3.23,3.114,bbox,25.23,25.003,23.319,21.772,5.5304,2.5992,,,,
3302,66.04,3.204,3.186,bbox,25.267,25.003,23.319,21.772,5.5324,2.6296,,,,
3303,66.06,3.194,3.194,bbox,25.267,25.003,23.319,21.772,5.5379,2.6446,,1.0835,,0.6046
3304,66.08,3.212,3.204,bbox,25.267,25.003,23.319,21.826,5.5311,2.6465,,,,
3305,66.1,3.244,3.212,bbox,25.267,25.003,23.319,21.826,5.5282,2.6404,,,,
3306,66.12,2.748,3.204,pose,25.267,25.003,23.319,21.826,5.5196,2.6495,0.0617,1.1092,-0.1923,0.5963
3307,66.14,3.232,3.212,bbox,25.267,25.003,23.319,21.826,5.5201,2.64,,,,
3308,66.16,3.226,3.226,bbox,25.267,25.003,23.319,21.826,5.5291,2.6456,,,,
3309,66.18,2.173,3.226,pose,25.267,25.003,23.319,21.826,5.5428,2.6572,1.007,1.0911,0.5438,0.5745
3310,66.2,3.152,3.152,bbox,25.267,25.003,23.319,21.826,5.5551,2.6688,,,,
3311,66.22,3.187,3.187,bbox,25.267,25.003,23.319,21.826,5.5711,2.678,,,,
3312,66.24,2.264,3.152,pose,25.306,25.003,23.319,21.865,5.6083,2.6893,0.9006,1.0794,0.6087,0.5571
3313,66.26,2.965,2.965,bbox,25.306,25.003,23.319,21.865,4.5426,2.701,,,,
3314,66.28,2.932,2.965,bbox,25.306,25.003,23.319,21.865,4.5526,2.7212,,,,
3315,66.3,2.444,2.932,pose,25.306,25.003,23.319,21.897,5.7445,2.7356,0.6788,1.0435,0.6718,0.5981
3316,66.32,3.172,2.932,bbox,25.36,25.003,23.319,21.897,5.7533,2.7421,,,,
3317,66.34,3.149,2.965,bbox,25.496,25.003,23.319,21.932,5.7546,2.747,,,,
3318,66.36,2.539,2.932,pose,25.496,25.003,23.319,21.932,5.7604,2.7528,0.5746,0.9803,0.6624,0.6453
3319,66.38,3.143,3.143,bbox,25.496,25.003,23.319,21.932,5.7625,2.75,,,,
3320,66.4,3.132,3.143,bbox,25.496,25.003,23.319,21.932,5.7693,2.7559,,,,
3321,66.42,2.632,3.132,pose,25.496,25.003,23.319,21.932,5.7799,2.7658,0.5423,0.9206,0.6202,0.7114
3322,66.44,3.132,3.132,bbox,25.496,25.003,23.319,21.932,5.7967,2.7709,,,,
3323,66.46,3.142,3.132,bbox,25.531,25.003,23.319,21.962,5.8168,2.7808,,,,
3324,66.48,2.747,3.132,pose,25.531,25.003,23.319,21.962,5.8301,2.7808,0.5451,0.8637,0.6078,0.7358
3325,66.5,3.209,3.132,bbox,25.568,25.003,23.319,21.962,5.8501,2.7763,,,,
3326,66.52,3.258,3.142,bbox,25.568,25.003,23.319,21.962,5.8637,2.7725,,,,
3327,66.54,2.869,3.142,pose,25.601,25.003,23.319,21.962,5.8835,2.7683,0.5127,0.8719,0.6037,0.7262
3328,66.56,2.923,2.923,bbox,25.601,25.003,23.319,21.962,4.591,2.7584,,,,
3329,66.58,2.941,2.941,bbox,25.601,25.003,23.319,21.962,4.6006,2.7519,,,,
3330,66.6,3.098,2.941,pose,25.601,25.003,23.319,21.962,5.8666,2.7464,0.5289,0.3647,0.5811,0.6852
3331,66.62,3.291,2.941,bbox,25.601,25.003,23.319,21.962,5.864,2.745,,,,
3332,66.64,2.977,2.977,bbox,25.601,25.139,23.319,21.962,4.6203,2.7441,,,,
3333,66.66,2.831,2.977,pose,25.751,25.139,23.319,21.962,5.8552,2.742,0.5966,0.8993,0.5265,0.649
3334,66.68,3.353,3.098,bbox,25.751,25.139,23.319,21.962,5.8477,2.7432,,,,
3335,66.7,3.312,3.291,bbox,25.751,25.139,23.319,21.962,5.8404,2.7433,,,,
3336,66.72,2.607,2.977,pose,25.751,25.139,23.319,21.962,5.8297,2.7415,0.7378,0.8757,0.566,0.6435
3337,66.74,3.234,3.234,bbox,25.751,25.139,23.319,21.962,5.8166,2.7421,,,,
3338,66.76,5.125,3.312,bbox,25.751,25.139,23.319,21.962,6.4936,2.7483,,,,
3339,66.78,2.379,3.234,pose,25.751,25.139,23.319,21.962,5.758,2.7509,0.8508,0.87,0.5893,0.6903
3340,66.8,3.105,3.105,bbox,25.751,25.178,23.319,21.962,5.7026,2.7607,,,,
3341,66.82,3.027,3.105,bbox,25.751,25.236,23.319,21.962,5.6336,2.7615,,,,
3342,66.84,2.221,3.027,pose,25.751,25.292,23.319,21.962,5.5945,2.7644,0.9015,0.8263,0.5791,0.7301
3343,66.86,2.961,2.961,bbox,25.751,25.361,23.319,21.962,5.5518,2.766,,,,
3344,66.88,2.892,2.961,bbox,25.751,25.4,23.319,21.962,5.5099,2.7698,,,,
3345,66.9,2.151,2.892,pose,25.751,25.443,23.319,21.962,5.4796,2.7779,0.8745,0.7982,0.5591,0.7475
3346,66.92,2.855,2.855,bbox,25.751,25.485,23.319,21.962,5.4702,2.7831,,,,
3347,66.94,2.826,2.855,bbox,25.751,25.515,23.319,21.962,5.4715,2.7843,,,,
3348,66.96,2.035,2.826,pose,25.751,25.515,23.319,21.962,5.4715,2.7849,0.4435,0.801,0.3226,0.7299
3349,66.98,2.9,2.826,bbox,25.751,25.515,23.319,21.962,5.4704,2.7856,,,,
3350,67.0,2.926,2.855,bbox,25.751,25.515,23.319,21.962,5.468,2.7847,,,,
3351,67.02,2.139,2.826,pose,25.751,25.515,23.319,21.962,5.4718,2.7897,0.8765,0.8192,0.5216,0.6935
3352,67.04,2.886,2.886,bbox,25.751,25.515,23.319,21.962,5.4755,2.7947,,,,
3353,67.06,2.912,2.9,bbox,25.751,25.515,23.319,21.962,5.4798,2.7955,,,,
3354,67.08,2.155,2.886,pose,25.751,25.515,23.319,21.962,5.4853,2.7925,0.9152,0.8416,0.5491,0.7017
3355,67.1,2.951,2.886,bbox,25.751,25.515,23.319,21.962,5.4964,2.7812,,,,
3356,67.12,2.962,2.912,bbox,25.751,25.515,23.319,21.962,5.5099,2.7756,,,,
3357,67.14,2.178,2.912,pose,25.751,25.515,23.319,21.962,5.5348,2.7694,0.9577,0.8479,0.5786,0.7229
3358,67.16,3.018,2.951,bbox,25.782,25.515,23.319,21.962,5.5663,2.7582,,,,
3359,67.18,3.066,2.962,bbox,25.782,25.515,23.319,21.962,5.6002,2.735,,,,
3360,67.2,2.271,2.962,pose,25.838,25.515,23.319,21.962,5.6297,2.7268,0.9782,0.8542,0.5616,0.7385
3361,67.22,3.189,3.018,bbox,25.872,25.515,23.35,21.962,5.6759,2.7077,,,,
3362,67.24,3.281,3.066,bbox,25.872,25.515,23.35,21.962,5.7114,2.6765,,,,
3363,67.26,2.508,3.066,pose,25.948,25.515,23.35,21.962,5.7361,2.6548,0.9247,0.8336,0.5412,0.6945
3364,67.28,3.371,3.189,bbox,25.983,25.515,23.409,21.962,5.7512,2.6305,,,,
3365,67.3,3.347,3.281,bbox,25.983,25.515,23.409,21.962,5.7731,2.6169,,,,
3366,67.32,2.6,3.281,pose,26.023,25.515,23.455,21.962,5.7796,2.6123,1.0072,0.8048,0.5097,0.6714
3367,67.34,2.984,2.984,bbox,26.023,25.515,23.455,21.962,4.5299,2.6196,,,,
3368,67.36,3.007,3.007,bbox,26.023,25.515,23.455,21.962,4.5337,2.6168,,,,
3369,67.38,2.689,2.984,pose,26.023,25.665,23.455,21.962,4.5372,2.6073,0.4755,0.3095,0.4094,0.6451
3370,67.4,3.547,2.984,bbox,26.023,25.665,23.455,21.962,5.8176,2.6037,,,,
3371,67.42,3.54,3.007,bbox,26.023,25.665,23.455,21.962,5.8258,2.604,,,,
3372,67.44,2.67,3.007,pose,26.173,25.665,23.455,21.962,5.8272,2.6108,1.0211,0.8013,0.5769,0.6252
3373,67.46,3.501,3.501,bbox,26.173,25.665,23.455,21.962,5.8364,2.6266,,,,
3374,67.48,3.449,3.501,bbox,26.173,25.665,23.455,21.962,5.8508,2.646,,,,
3375,67.5,2.586,3.449,pose,26.173,25.665,23.455,21.962,5.8592,2.6568,0.9597,0.9332,0.601,0.6482
3376,67.52,3.415,3.415,bbox,26.206,25.665,23.455,21.962,5.8637,2.6856,,,,
3377,67.54,3.387,3.415,bbox,26.206,25.665,23.455,21.962,5.8678,2.6987,,,,
3378,67.56,2.563,3.387,pose,26.206,25.665,23.455,22.017,5.8808,2.7053,0.858,0.9975,0.6144,0.6676
3379,67.58,3.017,3.017,bbox,26.206,25.665,23.455,22.017,4.6049,2.7125,,,,
3380,67.6,3.023,3.023,bbox,26.206,25.665,23.455,22.017,4.6099,2.7176,,,,
3381,67.62,2.172,3.017,pose,26.206,25.802,23.455,22.017,4.6114,2.7131,0.4935,1.0163,0.3995,0.6403
3382,67.64,3.026,3.017,bbox,26.206,25.802,23.455,22.017,4.6083,2.7224,,,,
3383,67.66,3.024,3.023,bbox,26.206,25.802,23.455,22.049,4.6092,2.7299,,,,
3384,67.68,2.184,3.023,pose,26.206,25.802,23.455,22.049,4.6075,2.7318,0.4956,1.0452,0.417,0.6226
3385,67.7,3.017,3.017,bbox,26.206,25.802,23.455,22.049,4.6047,2.74,,,,
3386,67.72,3.005,3.017,bbox,26.206,25.802,23.455,22.049,4.6022,2.7466,,,,
3387,67.74,2.175,3.005,pose,26.206,25.802,23.455,22.049,4.6029,2.7545,0.4883,1.0197,0.4309,0.5945
3388,67.76,2.974,2.974,bbox,26.206,25.802,23.455,22.049,4.6,2.7617,,,,
3389,67.78,2.951,2.974,bbox,26.206,25.802,23.455,22.086,4.6017,2.7621,,,,
3390,67.8,2.145,2.951,pose,26.206,25.802,23.455,22.086,4.6002,2.7777,0.4933,0.9781,0.4073,0.6354
3391,67.82,2.898,2.898,bbox,26.206,25.802,23.455,22.086,4.5983,2.7931,,,,
3392,67.84,2.86,2.898,bbox,26.206,25.802,23.455,22.086,4.5944,2.8117,,,,
3393,67.86,2.115,2.86,pose,26.206,25.802,23.455,22.125,4.5742,2.8235,0.5054,0.9058,0.3815,0.6831
3394,67.88,2.926,2.86,bbox,26.206,25.802,23.455,22.125,5.8933,2.8451,,,,
3395,67.9,2.727,2.86,bbox,26.206,25.802,23.455,22.155,5.8927,2.8671,,,,
3396,67.92,2.295,2.727,pose,26.343,25.802,23.455,22.155,5.8938,2.8842,0.0092,0.7821,0.5565,0.7335
3397,67.94,2.688,2.688,bbox,26.343,25.802,23.455,22.199,4.5207,2.9023,,,,
3398,67.96,2.675,2.688,bbox,26.343,25.802,23.455,22.199,4.5143,2.9127,,,,
3399,67.98,2.658,2.675,bbox,26.343,25.952,23.455,22.234,4.5053,2.9253,,0.6975,,0.7319
3400,68.0,2.945,2.675,bbox,26.343,25.952,23.455,22.234,5.866,2.9365,,,,
3401,68.02,3.002,2.688,bbox,26.343,25.952,23.455,22.234,5.8343,2.9413,,,,
3402,68.04,2.313,2.675,pose,26.493,25.952,23.455,22.268,5.7982,2.9372,0.879,0.7204,0.6409,0.713
3403,68.06,2.593,2.658,bbox,26.493,25.952,23.455,22.268,4.512,2.9442,,,,
3404,68.08,2.584,2.593,bbox,26.493,25.952,23.455,22.268,4.5139,2.9566,,,,
3405,68.1,1.966,2.584,pose,26.493,26.102,23.455,22.268,4.5156,2.9757,0.5234,0.8375,0.4206,0.6894
3406,68.12,2.551,2.551,bbox,26.493,26.102,23.455,22.268,4.5147,2.9954,,,,
3407,68.14,2.947,2.584,bbox,26.493,26.102,23.455,22.307,5.7231,3.0099,,,,
3408,68.16,2.102,2.551,pose,26.493,26.102,23.455,22.307,5.698,3.0173,0.9017,0.8549,0.5348,0.6517
3409,68.18,2.889,2.551,bbox,26.643,26.102,23.455,22.341,5.6786,3.0265,,,,
3410,68.2,2.794,2.794,bbox,26.643,26.102,23.455,22.341,5.6344,3.0366,,,,
3411,68.22,1.862,2.794,pose,26.643,26.102,23.455,22.341,5.5965,3.0413,1.0998,0.8468,0.4904,0.6303
3412,68.24,2.681,2.681,bbox,26.643,26.146,23.455,22.341,5.5582,3.0427,,,,
3413,68.26,2.655,2.681,bbox,26.643,26.184,23.455,22.372,5.5347,3.0406,,,,
3414,68.28,1.862,2.655,pose,26.643,26.222,23.455,22.372,5.5076,3.0351,1.0925,0.8501,0.4905,0.6452
3415,68.3,2.751,2.655,bbox,26.643,26.222,23.455,22.372,5.4443,3.0248,,,,
3416,68.32,2.705,2.681,bbox,26.643,26.273,23.455,22.372,5.3909,3.0149,,,,
3417,68.34,2.657,2.657,bbox,26.643,26.336,23.455,22.372,5.3495,3.0039,,0.8653,,0.6993
3418,68.36,2.638,2.657,bbox,26.643,26.39,23.455,22.372,5.325,2.9871,,,,
3419,68.38,2.596,2.657,bbox,26.643,26.431,23.492,22.372,5.3046,2.9714,,,,
3420,68.4,1.864,2.638,pose,26.643,26.431,23.492,22.372,5.3036,2.9569,0.8428,0.8922,0.49,0.7189
3421,68.42,2.617,2.617,bbox,26.643,26.476,23.524,22.372,5.3,2.9495,,,,
3422,68.44,2.647,2.617,bbox,26.643,26.476,23.524,22.372,5.2996,2.9257,,,,
3423,68.46,1.947,2.596,pose,26.643,26.476,23.524,22.372,5.3051,2.8621,0.8853,0.9097,0.4868,0.6822
3424,68.48,2.808,2.617,bbox,26.643,26.476,23.57,22.372,5.3084,2.8126,,,,
3425,68.5,2.831,2.647,bbox,26.643,26.476,23.633,22.372,5.3104,2.7845,,,,
3426,68.52,1.97,2.647,pose,26.643,26.476,23.683,22.372,5.3149,2.7768,0.9414,0.9469,0.4788,0.6533
3427,68.54,2.882,2.808,bbox,26.643,26.476,23.683,22.372,5.3196,2.7632,,,,
3428,68.56,2.924,2.831,bbox,26.643,26.476,23.719,22.372,5.3216,2.7404,,,,
3429,68.58,1.983,2.831,pose,26.643,26.476,23.719,22.372,5.3217,2.7298,0.9653,1.0197,0.4767,0.6297
3430,68.6,3.017,2.882,bbox,26.643,26.476,23.755,22.372,5.3223,2.715,,,,
3431,68.62,3.035,2.924,bbox,26.643,26.476,23.755,22.372,5.3085,2.7043,,,,
3432,68.64,2.011,2.924,pose,26.643,26.476,23.755,22.372,5.3003,2.6984,0.9951,1.0461,0.4306,0.54
3433,68.66,3.075,3.017,bbox,26.643,26.476,23.791,22.372,5.2822,2.6924,,,,
3434,68.68,3.072,3.035,bbox,26.643,26.476,23.791,22.372,5.2491,2.6898,,,,
3435,68.7,1.907,3.035,pose,26.643,26.476,23.791,22.372,5.2161,2.6864,1.1397,1.0427,0.4291,0.5117
3436,68.72,3.019,3.019,bbox,26.643,26.531,23.791,22.372,5.1733,2.6936,,,,
3437,68.74,2.958,3.019,bbox,26.643,26.564,23.791,22.372,5.1276,2.7135,,,,
3438,68.76,1.587,2.958,pose,26.643,26.607,23.791,22.372,5.0843,2.7297,1.2714,1.0767,0.4288,0.4522
3439,68.78,2.768,2.768,bbox,26.643,26.653,23.791,22.372,5.0167,2.76,,,,
3440,68.8,2.686,2.768,bbox,26.643,26.696,23.791,22.372,4.974,2.8134,,,,
3441,68.82,1.332,2.686,pose,26.643,26.764,23.791,22.428,4.9291,2.8554,1.2922,1.1708,0.4598,0.4562
3442,68.84,2.37,2.37,bbox,26.643,26.807,23.791,22.481,4.8915,2.915,,,,
3443,68.86,2.308,2.37,bbox,26.643,26.851,23.791,22.523,4.8566,2.9642,,,,
3444,68.88,0.915,2.308,pose,26.643,26.889,23.791,22.583,4.8118,3.0254,1.2195,1.3594,0.4366,0.5244
3445,68.9,2.106,2.106,bbox,26.643,26.924,23.791,22.632,4.8157,3.0663,,,,
3446,68.92,2.071,2.106,bbox,26.643,26.924,23.791,22.693,4.8473,3.1079,,,,
3447,68.94,0.653,2.071,pose,26.643,26.924,23.791,22.734,4.8693,3.1736,1.1453,1.4206,0.3898,0.5595
3448,68.96,1.921,1.921,bbox,26.643,26.924,23.791,22.776,4.8611,3.1755,,,,
3449,68.98,1.906,1.921,bbox,26.643,26.924,23.791,22.842,4.8712,3.1948,,,,
3450,69.0,0.563,1.906,pose,26.643,26.924,23.791,22.842,4.8804,3.2624,1.1445,1.3431,0.3727,0.5649
3451,69.02,1.8,1.8,bbox,26.643,26.924,23.791,22.842,4.876,3.2891,,,,
3452,69.04,1.794,1.8,bbox,26.643,26.924,23.791,22.93,4.8728,3.3224,,,,
3453,69.06,3.265,1.8,pose,26.643,26.924,23.791,22.93,6.1366,3.3169,0.458,1.221,0.4121,0.5912
3454,69.08,1.798,1.798,bbox,26.643,26.924,23.791,22.985,4.8586,3.3297,,,,
3455,69.1,1.772,1.798,bbox,26.643,26.924,23.791,22.985,4.8369,3.3365,,,,
3456,69.12,0.571,1.794,pose,26.643,26.924,23.791,22.985,4.8334,3.3439,1.0813,1.0536,0.4346,0.6442
3457,69.14,1.752,1.772,bbox,26.643,26.924,23.791,22.985,4.828,3.348,,,,
3458,69.16,1.702,1.752,bbox,26.643,26.924,23.791,22.985,4.8207,3.3615,,,,
3459,69.18,0.567,1.702,pose,26.643,26.924,23.791,23.016,4.8179,3.386,1.0175,0.8804,0.4818,0.685
3460,69.2,1.585,1.585,bbox,26.643,26.924,23.791,23.016,4.8286,3.4011,,,,
3461,69.22,1.57,1.585,bbox,26.643,26.924,23.791,23.054,4.842,3.4076,,,,
3462,69.24,0.559,1.57,pose,26.643,26.924,23.791,23.054,4.8426,3.4058,0.9825,0.702,0.5108,0.739
3463,69.26,1.532,1.532,bbox,26.643,26.924,23.791,23.054,4.8568,3.4159,,,,
3464,69.28,1.516,1.532,bbox,26.643,26.924,23.791,23.054,4.8764,3.4298,,,,
3465,69.3,0.611,1.516,pose,26.643,26.924,23.791,23.054,4.9203,3.4392,0.9266,0.5484,0.5502,0.7716
3466,69.32,1.549,1.516,bbox,26.643,26.924,23.791,23.098,4.9516,3.4438,,,,
3467,69.34,1.551,1.532,bbox,26.707,26.924,23.791,23.098,4.9633,3.4456,,,,
3468,69.36,0.703,1.516,pose,26.738,26.924,23.791,23.098,4.9998,3.4559,0.82,0.4592,0.6016,0.7927
3469,69.38,1.596,1.549,bbox,26.738,26.924,23.791,23.098,5.0405,3.4671,,,,
3470,69.4,1.619,1.551,bbox,26.786,26.924,23.791,23.098,5.0747,3.4717,,,,
3471,69.42,0.916,1.551,pose,26.827,26.924,23.791,23.135,5.1139,3.4748,0.6282,0.4095,0.6432,0.7919
3472,69.44,1.911,1.596,bbox,26.827,26.924,23.791,23.135,4.3674,3.4655,,,,
3473,69.46,1.905,1.619,bbox,26.827,26.924,23.791,23.135,4.3627,3.4664,,,,
3474,69.48,1.444,1.619,pose,26.827,27.074,23.791,23.135,4.3554,3.4585,0.5315,0.3512,0.4012,0.7571
3475,69.5,1.9,1.9,bbox,26.827,27.074,23.791,23.135,4.3355,3.4412,,,,
3476,69.52,1.913,1.905,bbox,26.827,27.074,23.791,23.135,4.3135,3.4288,,,,
3477,69.54,1.441,1.9,pose,26.827,27.106,23.791,23.135,4.303,3.42,0.4415,0.3239,0.3996,0.7521
3478,69.56,1.883,1.883,bbox,26.827,27.106,23.829,23.135,4.2995,3.4092,,,,
3479,69.58,1.899,1.899,bbox,26.827,27.137,23.829,23.135,4.304,3.3888,,,,
3480,69.6,1.473,1.883,pose,26.827,27.137,23.829,23.135,4.3035,3.3816,0.4065,0.2117,0.4033,0.7596
3481,69.62,1.911,1.883,bbox,26.827,27.137,23.869,23.135,4.2984,3.3631,,,,
3482,69.64,1.914,1.899,bbox,26.827,27.137,23.869,23.135,4.2952,3.3479,,,,
3483,69.66,1.493,1.899,pose,26.827,27.137,23.869,23.135,4.29,3.3328,0.4202,0.1717,0.3803,0.7683
3484,69.68,1.941,1.911,bbox,26.827,27.137,23.91,23.135,4.2897,3.3189,,,,
3485,69.7,1.95,1.914,bbox,26.827,27.137,23.91,23.135,4.3011,3.3098,,,,
3486,69.72,1.535,1.914,pose,26.827,27.137,23.91,23.135,4.3038,3.3103,0.4208,0.1228,0.381,0.7664
3487,69.74,1.954,1.941,bbox,26.827,27.137,23.948,23.135,4.3043,3.3039,,,,
3488,69.76,2.248,1.95,bbox,26.827,27.137,23.948,23.135,5.6423,3.2995,,,,
3489,69.78,2.528,1.954,pose,26.827,27.137,23.948,23.135,5.6734,3.2856,0.4301,0.0927,0.719,-0.1929
3490,69.8,2.347,2.248,bbox,26.977,27.137,23.948,23.135,5.6986,3.2753,,,,
3491,69.82,1.97,2.248,bbox,26.977,27.137,23.948,23.135,4.2906,3.2639,,,,
3492,69.84,1.701,2.248,pose,26.977,27.137,23.983,23.135,4.2837,3.2385,0.4333,0.1052,0.4196,0.7457
3493,69.86,,,,26.977,27.137,23.983,23.135,,,,,,
3494,69.88,2.044,2.044,bbox,26.977,27.287,23.983,23.135,4.2743,3.1719,,,,
3495,69.9,,,,26.977,27.287,23.983,23.135,,,,,,
3496,69.92,2.106,2.044,bbox,26.977,27.287,24.02,23.135,4.2571,3.1091,,,,
3497,69.94,2.11,2.044,bbox,26.977,27.287,24.086,23.135,4.2494,3.0784,,,,
3498,69.96,2.139,2.106,bbox,26.977,27.321,24.149,23.135,4.2406,3.0479,,0.4299,,0.6695
3499,69.98,2.55,2.11,bbox,26.977,27.321,24.18,23.135,5.9031,3.0307,,,,
3500,70.0,2.812,2.139,bbox,26.977,27.321,24.21,23.135,5.9537,3.0243,,,,
3501,70.02,1.666,2.139,pose,26.977,27.321,24.21,23.135,4.1541,3.0203,0.4983,0.5214,0.3581,0.6658
3502,70.04,2.14,2.14,bbox,26.977,27.321,24.21,23.135,4.1538,3.0228,,,,
3503,70.06,2.123,2.14,bbox,26.977,27.424,24.21,23.135,4.1517,3.0432,,,,
3504,70.08,1.672,2.123,pose,26.977,27.424,24.21,23.135,4.1397,3.0417,0.5154,0.5936,0.3544,0.6777
3505,70.1,2.959,2.123,bbox,26.977,27.424,24.21,23.135,6.061,3.0391,,,,
3506,70.12,3.049,2.14,bbox,26.977,27.424,24.21,23.135,6.1367,3.0319,,,,
3507,70.14,2.433,2.433,pose,27.127,27.424,24.21,23.135,6.1346,3.0243,0.2137,0.6317,0.6524,0.6962
3508,70.16,3.074,2.959,bbox,27.201,27.424,24.21,23.135,6.1561,3.0127,,,,
3509,70.18,2.139,2.959,bbox,27.201,27.424,24.21,23.135,4.1569,3.005,,,,
3510,70.2,1.611,2.433,pose,27.201,27.424,24.245,23.135,4.1441,2.9997,0.5397,0.6094,0.3876,0.7049
3511,70.22,2.075,2.139,bbox,27.201,27.574,24.245,23.135,4.118,2.9931,,,,
3512,70.24,2.086,2.086,bbox,27.201,27.574,24.245,23.135,4.0983,2.9819,,,,
3513,70.26,2.09,2.086,bbox,27.201,27.613,24.245,23.135,4.0774,2.9546,,0.5587,,0.6975
3514,70.28,2.091,2.086,bbox,27.201,27.613,24.276,23.135,4.0565,2.9251,,,,
3515,70.3,2.116,2.09,bbox,27.201,27.653,24.276,23.135,4.0242,2.8849,,,,
3516,70.32,1.521,2.09,pose,27.201,27.653,24.333,23.135,3.996,2.8425,0.4287,0.4989,0.3988,0.6969
3517,70.34,2.165,2.091,bbox,27.201,27.707,24.373,23.135,3.9764,2.8103,,,,
3518,70.36,3.604,2.116,bbox,27.201,27.707,24.416,23.135,6.4712,2.76,,,,
3519,70.38,2.898,2.165,pose,27.201,27.707,24.448,23.135,6.4901,2.7103,0.6062,0.3758,0.7279,0.6816
3520,70.4,3.719,2.898,bbox,27.351,27.707,24.498,23.135,6.5052,2.6829,,,,
3521,70.42,3.771,3.604,bbox,27.351,27.707,24.548,23.135,6.5116,2.6496,,,,
3522,70.44,3.097,3.604,pose,27.385,27.707,24.548,23.135,6.5128,2.6148,0.6105,0.2319,0.7016,0.6919
3523,70.46,3.84,3.719,bbox,27.385,27.707,24.609,23.135,6.5235,2.5902,,,,
3524,70.48,2.381,3.719,bbox,27.385,27.707,24.643,23.135,3.9684,2.5651,,,,
3525,70.5,1.815,3.097,pose,27.385,27.707,24.643,23.135,3.9727,2.5429,0.3383,0.077,0.3707,0.7058
3526,70.52,2.45,2.45,bbox,27.385,27.85,24.693,23.135,3.9778,2.5176,,,,
3527,70.54,4.014,2.45,bbox,27.385,27.85,24.693,23.135,6.6256,2.5005,,,,
3528,70.56,3.551,2.45,pose,27.385,27.85,24.741,23.135,6.6712,2.4965,0.3853,0.0283,0.6671,0.7339
3529,70.58,4.078,3.551,bbox,27.535,27.85,24.741,23.135,6.7182,2.5006,,,,
3530,70.6,4.128,4.014,bbox,27.58,27.85,24.741,23.135,6.7629,2.4945,,,,
3531,70.62,1.973,4.014,pose,27.58,27.85,24.741,23.135,4.0066,2.4883,0.4381,0.0817,0.3981,0.6662
3532,70.64,2.468,3.551,bbox,27.58,27.85,24.741,23.135,4.0073,2.4627,,,,
3533,70.66,2.521,2.521,bbox,27.58,28.0,24.741,23.135,4.0179,2.4365,,,,
3534,70.68,2.096,2.468,pose,27.58,28.0,24.796,23.135,4.0221,2.4029,0.5105,0.322,0.4091,0.763
3535,70.7,2.602,2.468,bbox,27.58,28.0,24.796,23.135,4.0284,2.3788,,,,
3536,70.72,2.626,2.521,bbox,27.58,28.0,24.855,23.135,4.0257,2.3637,,,,
3537,70.74,2.062,2.521,pose,27.58,28.0,24.855,23.135,4.0165,2.339,0.5257,0.5503,0.3964,0.7398
3538,70.76,4.401,2.602,bbox,27.58,28.0,24.895,23.135,6.9291,2.3208,,,,
3539,70.78,4.413,2.626,bbox,27.58,28.0,24.895,23.135,6.942,2.3145,,,,
3540,70.8,3.852,3.852,pose,27.741,28.0,24.937,23.135,6.9566,2.2995,0.3518,0.6681,0.7795,0.7072
3541,70.82,4.462,4.401,bbox,27.741,28.0,24.937,23.135,6.9838,2.273,,,,
3542,70.84,4.518,4.413,bbox,27.741,28.0,24.937,23.135,7.0078,2.2529,,,,
3543,70.86,3.959,4.413,pose,27.795,28.0,24.985,23.135,7.0452,2.2417,0.3559,0.6368,0.7531,0.6987
3544,70.88,4.631,4.462,bbox,27.795,28.0,24.985,23.135,7.0861,2.2165,,,,
3545,70.9,4.68,4.518,bbox,27.857,28.0,25.017,23.135,7.1028,2.1881,,,,
3546,70.92,4.72,4.631,bbox,27.898,28.0,25.017,23.135,7.1134,2.1605,0.3031,,0.6969,
3547,70.94,4.756,4.68,bbox,27.898,28.0,25.07,23.135,7.1304,2.1251,,,,
3548,70.96,4.8,4.72,bbox,27.898,28.0,25.07,23.135,7.1519,2.095,,,,
3549,70.98,4.858,4.756,pose,27.942,28.0,25.133,23.135,7.1673,2.061,0.1157,0.0055,0.6676,-0.1831
3550,71.0,4.904,4.8,bbox,27.942,28.0,25.163,23.135,7.1835,2.0289,,,,
3551,71.02,4.951,4.858,bbox,27.979,28.0,25.197,23.135,7.1974,1.9826,,,,
3552,71.04,4.676,4.858,pose,27.979,28.0,25.229,23.135,7.2145,1.9572,0.0116,0.1538,0.63,0.6692
3553,71.06,5.007,4.904,bbox,28.009,28.0,25.276,23.135,7.2269,1.9271,,,,
3554,71.08,5.04,4.951,bbox,28.009,28.0,25.276,23.135,7.243,1.9055,,,,
3555,71.1,4.817,4.951,pose,28.009,28.0,25.331,23.135,7.2581,1.8673,0.1308,0.0604,0.6979,0.6783
3556,71.12,5.112,5.007,bbox,28.055,28.0,25.331,23.135,7.2873,1.8254,,,,
3557,71.14,5.153,5.04,bbox,28.055,28.0,25.391,23.135,7.3027,1.7965,,,,
3558,71.16,5.187,5.112,bbox,28.099,28.0,25.433,23.135,7.3239,1.7741,0.2643,,0.7412,
3559,71.18,5.234,5.153,bbox,28.099,28.0,25.433,23.135,7.3405,1.758,,,,
3560,71.2,5.3,5.187,bbox,28.136,28.0,25.484,23.135,7.369,1.7457,,,,
3561,71.22,4.953,5.187,pose,28.136,28.0,25.484,23.135,7.4011,1.7362,0.4476,0.1512,0.7739,0.7291
3562,71.24,5.43,5.234,bbox,28.181,28.0,25.484,23.135,7.4378,1.73,,,,
3563,71.26,5.394,5.3,bbox,28.213,28.0,25.522,23.135,7.4526,1.7271,,,,
3564,71.28,4.879,5.3,pose,28.249,28.0,25.522,23.135,7.4609,1.7116,0.541,0.4766,0.7982,0.7398
3565,71.3,5.418,5.394,bbox,28.249,28.0,25.522,23.135,7.4723,1.6965,,,,
3566,71.32,5.421,5.418,bbox,28.249,28.0,25.522,23.135,7.4764,1.6817,,,,
3567,71.34,4.849,5.394,pose,28.284,28.0,25.562,23.135,7.4835,1.6611,0.5592,0.6213,0.799,0.7016
3568,71.36,5.486,5.418,bbox,28.284,28.0,25.562,23.135,7.4986,1.6431,,,,
3569,71.38,5.532,5.421,bbox,28.284,28.0,25.597,23.135,7.5156,1.6329,,,,
3570,71.4,4.931,5.421,pose,28.284,28.0,25.597,23.135,7.5277,1.6292,0.5458,0.6501,0.7963,0.6974
3571,71.42,5.607,5.486,bbox,28.327,28.0,25.597,23.135,7.5415,1.6138,,,,
3572,71.44,5.646,5.532,bbox,28.327,28.0,25.629,23.135,7.557,1.6034,,,,
3573,71.46,4.999,5.532,pose,28.327,28.0,25.629,23.135,7.5764,1.5933,0.5264,0.6389,0.7823,0.6976
3574,71.48,5.67,5.607,bbox,28.369,28.0,25.629,23.135,7.6012,1.5872,,,,
3575,71.5,5.696,5.646,bbox,28.369,28.0,25.665,23.135,7.6207,1.5746,,,,
3576,71.52,5.114,5.646,pose,28.413,28.0,25.665,23.135,7.643,1.555,0.4913,0.5509,0.7768,0.6869
3577,71.54,5.808,5.67,bbox,28.413,28.0,25.665,23.135,7.6654,1.5382,,,,
3578,71.56,5.91,5.696,bbox,28.455,28.0,25.703,23.135,7.688,1.5168,,,,
3579,71.58,5.49,5.696,pose,28.455,28.0,25.703,23.135,7.7028,1.493,0.4148,0.2486,0.7693,0.6663
3580,71.6,5.989,5.808,bbox,28.5,28.0,25.741,23.135,7.7171,1.4625,,,,
3581,71.62,6.028,5.91,bbox,28.5,28.0,25.741,23.135,7.731,1.4233,,,,
3582,71.64,5.63,5.91,pose,28.5,28.0,25.796,23.135,7.7483,1.3867,0.3007,0.2745,0.7683,0.6218
3583,71.66,6.098,5.989,bbox,28.543,28.0,25.835,23.135,7.7696,1.3451,,,,
3584,71.68,6.124,6.028,bbox,28.543,28.0,25.871,23.135,7.784,1.3043,,,,
3585,71.7,6.072,6.072,pose,28.581,28.0,25.913,23.135,7.7948,1.266,0.1834,0.0601,0.8029,0.4422
3586,71.72,6.206,6.098,bbox,28.581,28.0,25.954,23.135,7.8034,1.2321,,,,
3587,71.74,6.18,6.124,bbox,28.581,28.0,25.992,23.135,7.8157,1.2094,,,,
3588,71.76,5.966,6.124,pose,28.615,28.0,26.026,23.135,7.8202,1.1937,0.0718,0.0138,0.8062,0.7172
3589,71.78,6.083,6.083,bbox,28.615,28.0,26.026,23.135,7.8275,1.1659,,,,
3590,71.8,6.047,6.083,bbox,28.615,28.0,26.065,23.135,7.8276,1.1468,,,,
3591,71.82,5.883,6.047,pose,28.615,28.0,26.065,23.135,7.8368,1.1287,0.0261,0.2705,0.7659,0.7349
3592,71.84,6.151,6.047,bbox,28.615,28.0,26.111,23.135,7.8391,1.0986,,,,
3593,71.86,6.205,6.083,bbox,28.648,28.0,26.111,23.135,7.8508,1.0718,,,,
3594,71.88,6.267,6.151,pose,28.648,28.0,26.16,23.135,7.8591,1.0551,0.0608,0.0857,0.7601,-0.2307
3595,71.9,6.198,6.198,bbox,28.648,28.0,26.16,23.135,7.8673,1.0355,,,,
3596,71.92,6.215,6.205,bbox,28.648,28.0,26.203,23.135,7.8789,1.0167,,,,
3597,71.94,6.128,6.205,pose,28.679,28.0,26.203,23.135,7.8819,1.0212,0.0706,0.1591,0.7372,0.2672
3598,71.96,6.274,6.215,bbox,28.679,28.0,26.237,23.135,7.894,0.9946,,,,
3599,71.98,6.267,6.215,bbox,28.679,28.0,26.237,23.135,7.9029,1.0087,,,,
3600,72.0,6.005,6.215,pose,28.679,28.0,26.237,23.135,7.9175,0.9991,0.0472,0.6116,0.7476,0.7972
3601,72.02,6.408,6.267,bbox,28.715,28.0,26.237,23.135,7.9307,0.9918,,,,
3602,72.04,6.412,6.274,bbox,28.715,28.0,26.237,23.135,7.9553,0.9963,,,,
3603,72.06,6.063,6.267,pose,28.715,28.0,26.237,23.135,7.9705,0.9891,0.0153,0.6004,0.7232,0.7973
3604,72.08,6.431,6.408,bbox,28.767,28.0,26.237,23.135,7.9761,0.9954,,,,
3605,72.1,6.455,6.412,bbox,28.767,28.0,26.237,23.135,7.982,0.9612,,,,
3606,72.12,6.474,6.431,bbox,28.767,28.0,26.269,23.135,7.985,0.9292,0.0717,,0.7402,
3607,72.14,6.509,6.455,bbox,28.767,28.0,26.269,23.135,7.9892,0.9015,,,,
3608,72.16,6.521,6.474,bbox,28.767,28.0,26.329,23.135,7.9944,0.9106,,,,
3609,72.18,6.18,6.474,pose,28.801,28.0,26.329,23.135,7.9967,0.9061,0.1933,0.5276,0.7786,0.7926
3610,72.2,6.531,6.509,bbox,28.801,28.0,26.329,23.135,7.9975,0.901,,,,
3611,72.22,6.504,6.509,bbox,28.801,28.0,26.329,23.135,7.9987,0.9093,,,,
3612,72.24,6.154,6.504,pose,28.801,28.0,26.329,23.135,7.9977,0.9149,0.2961,0.4736,0.8241,0.8132
3613,72.26,6.449,6.449,bbox,28.801,28.0,26.329,23.135,8.0036,0.9129,,,,
3614,72.28,6.45,6.45,bbox,28.801,28.0,26.329,23.135,8.0066,0.9082,,,,
3615,72.3,6.18,6.449,pose,28.801,28.0,26.329,23.135,8.0097,0.9049,0.3887,0.4301,0.8521,0.8078
3616,72.32,6.462,6.449,bbox,28.801,28.0,26.329,23.135,8.0107,0.8935,,,,
3617,72.34,6.456,6.45,bbox,28.801,28.0,26.329,23.135,8.0107,0.8804,,,,
3618,72.36,6.181,6.45,pose,28.801,28.0,26.365,23.135,8.0118,0.8665,0.4446,0.3853,0.851,0.8255
3619,72.38,6.429,6.429,bbox,28.801,28.0,26.365,23.135,8.0139,0.8519,,,,
3620,72.4,6.417,6.429,bbox,28.801,28.0,26.365,23.135,8.0168,0.8374,,,,
3621,72.42,6.2,6.417,pose,28.801,28.0,26.406,23.135,8.0178,0.8035,0.4364,0.3067,0.858,0.8473
3622,72.44,5.287,6.2,bbox,28.801,28.0,26.406,23.135,8.0157,3.948,,,,
3623,72.46,,,,28.801,28.0,26.406,23.135,,,,,,
3624,72.48,,,,28.801,28.0,26.406,23.135,,,,,,
3625,72.5,,,,28.801,28.0,26.406,23.135,,,,,,
3626,72.52,,,,28.801,28.0,26.406,23.135,,,,,,
3627,72.54,,,,28.801,28.0,26.406,23.135,,,,,,
3628,72.56,,,,28.801,28.0,26.406,23.135,,,,,,
3629,72.58,,,,28.801,28.0,26.406,23.135,,,,,,
3630,72.6,,,,28.801,28.0,26.406,23.135,,,,,,
3631,72.62,,,,28.801,28.0,26.406,23.135,,,,,,
3632,72.64,,,,28.801,28.0,26.406,23.135,,,,,,
3633,72.66,,,,28.801,28.0,26.406,23.135,,,,,,
3634,72.68,,,,28.801,28.0,26.406,23.135,,,,,,
3635,72.7,,,,28.801,28.0,26.406,23.135,,,,,,
3636,72.72,,,,28.801,28.0,26.406,23.135,,,,,,
3637,72.74,,,,28.801,28.0,26.406,23.135,,,,,,
3638,72.76,,,,28.801,28.0,26.406,23.135,,,,,,
3639,72.78,,,,28.801,28.0,26.406,23.135,,,,,,
3640,72.8,,,,28.801,28.0,26.406,23.135,,,,,,
3641,72.82,,,,28.801,28.0,26.406,23.135,,,,,,
3642,72.84,,,,28.801,28.0,26.406,23.135,,,,,,
3643,72.86,,,,28.801,28.0,26.406,23.135,,,,,,
3644,72.88,,,,28.801,28.0,26.406,23.135,,,,,,
3645,72.9,,,,28.801,28.0,26.406,23.135,,,,,,
3646,72.92,,,,28.801,28.0,26.406,23.135,,,,,,
3647,72.94,,,,28.801,28.0,26.406,23.135,,,,,,
3648,72.96,,,,28.801,28.0,26.406,23.135,,,,,,
3649,72.98,,,,28.801,28.0,26.406,23.135,,,,,,
3650,73.0,,,,28.801,28.0,26.406,23.135,,,,,,
3651,73.02,,,,28.801,28.0,26.406,23.135,,,,,,
3652,73.04,,,,28.801,28.0,26.406,23.135,,,,,,
3653,73.06,5.418,6.2,bbox,28.801,28.0,26.406,23.135,6.9993,2.7769,,,,
3654,73.08,4.769,5.418,pose,28.801,28.0,26.406,23.285,6.995,2.7938,0.3612,0.4923,0.8189,0.4076
3655,73.1,5.368,5.368,bbox,28.801,28.124,26.406,23.285,7.0118,2.8036,,,,
3656,73.12,5.389,5.368,bbox,28.801,28.124,26.406,23.285,6.9993,2.804,,,,
3657,73.14,4.884,5.368,pose,28.801,28.124,26.406,23.285,7.0325,2.7898,0.3583,0.4772,0.8225,0.4065
3658,73.16,5.544,5.368,bbox,28.801,28.124,26.406,23.285,7.043,2.7979,,,,
3659,73.18,5.54,5.389,bbox,28.801,28.124,26.406,23.285,7.0529,2.7929,,,,
3660,73.2,4.937,5.389,pose,28.832,28.124,26.406,23.285,7.0554,2.7915,0.3573,0.4187,0.8132,0.3329
3661,73.22,5.595,5.54,bbox,28.832,28.124,26.406,23.285,7.0529,2.7527,,,,
3662,73.24,5.598,5.544,bbox,28.832,28.124,26.406,23.285,7.0479,2.774,,,,
3663,73.26,5.632,5.595,bbox,28.832,28.124,26.406,23.285,7.0494,2.7528,0.3659,,0.8138,
3664,73.28,5.664,5.598,bbox,28.832,28.124,26.406,23.285,7.0518,2.7466,,,,
3665,73.3,5.669,5.632,bbox,28.832,28.124,26.406,23.285,7.0524,2.7555,,,,
3666,73.32,5.321,5.632,pose,28.832,28.124,26.406,23.285,7.0545,2.7519,0.3755,0.0415,0.8156,-0.2975
3667,73.34,5.679,5.664,bbox,28.832,28.124,26.406,23.285,7.0594,2.7514,,,,
3668,73.36,5.694,5.669,bbox,28.832,28.124,26.406,23.285,7.0592,2.7357,,,,
3669,73.38,5.693,5.679,bbox,28.832,28.124,26.406,23.285,7.0721,2.7144,0.3782,,0.7968,
3670,73.4,5.661,5.679,bbox,28.832,28.124,26.447,23.285,7.0822,2.7166,,,,
3671,73.42,5.664,5.679,bbox,28.832,28.124,26.447,23.285,7.1033,2.7197,,,,
3672,73.44,5.69,5.69,bbox,28.871,28.124,26.447,23.285,7.1268,2.7172,0.3722,,0.8034,
3673,73.46,5.706,5.69,bbox,28.871,28.124,26.447,23.285,7.1422,2.7253,,,,
3674,73.48,5.755,5.69,bbox,28.916,28.124,26.447,23.285,7.1525,2.7194,,,,
3675,73.5,5.735,5.706,bbox,28.916,28.124,26.447,23.285,7.1553,2.7463,0.3735,,0.8025,
3676,73.52,5.787,5.735,bbox,28.916,28.124,26.447,23.285,7.1562,2.7169,,,,
3677,73.54,6.084,5.755,bbox,28.916,28.124,26.447,23.285,7.1546,0.2828,,,,
3678,73.56,5.849,5.787,pose,28.916,28.124,26.447,23.285,7.1487,0.2888,0.3796,0.0054,0.7897,0.8131
3679,73.58,6.114,5.849,bbox,28.916,28.124,26.616,23.285,7.1493,0.2972,,,,
3680,73.6,6.132,6.084,bbox,28.916,28.124,26.616,23.285,7.1412,0.3071,,,,
3681,73.62,5.914,6.084,pose,28.916,28.124,26.616,23.285,7.1359,0.3194,0.3651,0.0809,0.7992,-0.1535
3682,73.64,6.083,6.083,bbox,28.916,28.124,26.616,23.285,7.1287,0.3366,,,,
3683,73.66,6.046,6.083,bbox,28.916,28.124,26.616,23.285,7.1246,0.3821,,,,
3684,73.68,5.501,6.046,pose,28.916,28.124,26.616,23.324,7.1224,0.4269,0.3255,0.4523,0.7952,0.8482
3685,73.7,5.97,5.97,bbox,28.916,28.124,26.616,23.37,7.1226,0.4788,,,,
3686,73.72,5.938,5.97,bbox,28.916,28.124,26.616,23.415,7.1309,0.5122,,,,
3687,73.74,5.37,5.938,pose,28.916,28.124,26.616,23.467,7.1272,0.5378,0.3131,0.6264,0.7916,0.8298
3688,73.76,5.944,5.938,bbox,28.916,28.124,26.616,23.5,7.1361,0.5651,,,,
3689,73.78,5.958,5.944,bbox,28.916,28.124,26.616,23.5,7.1432,0.5736,,,,
3690,73.8,5.364,5.938,pose,28.916,28.124,26.616,23.553,7.1557,0.5866,0.2517,0.7432,0.8047,0.8112
3691,73.82,6.015,5.944,bbox,28.916,28.124,26.616,23.553,7.1711,0.5951,,,,
3692,73.84,6.047,5.958,bbox,28.916,28.124,26.616,23.553,7.182,0.611,,,,
3693,73.86,5.427,5.958,pose,28.96,28.124,26.616,23.553,7.1911,0.6189,0.2119,0.7516,0.8373,0.8095
3694,73.88,5.996,5.996,bbox,28.96,28.124,26.616,23.599,7.196,0.6317,,,,
3695,73.9,5.987,5.996,bbox,28.96,28.124,26.616,23.599,7.2012,0.6513,,,,
3696,73.92,5.45,5.987,pose,28.96,28.124,26.616,23.599,7.1908,0.6685,0.1375,0.7502,0.8079,0.8091
3697,73.94,5.933,5.933,bbox,28.96,28.124,26.616,23.639,7.1767,0.6752,,,,
3698,73.96,5.909,5.933,bbox,28.96,28.124,26.616,23.639,7.1628,0.6865,,,,
3699,73.98,5.433,5.909,pose,28.96,28.124,26.616,23.639,7.1433,0.7017,0.1632,0.6535,0.7871,0.782
3700,74.0,5.885,5.885,bbox,28.96,28.124,26.616,23.674,7.1352,0.7121,,,,
3701,74.02,5.88,5.885,bbox,28.96,28.124,26.616,23.674,7.1306,0.7272,,,,
3702,74.04,5.478,5.88,pose,28.96,28.159,26.616,23.674,7.1268,0.7398,0.1642,0.5192,0.781,0.775
3703,74.06,5.903,5.88,bbox,28.96,28.159,26.616,23.715,7.1215,0.7595,,,,
3704,74.08,5.887,5.885,bbox,28.96,28.159,26.616,23.715,7.1138,0.7799,,,,
3705,74.1,5.472,5.88,pose,28.96,28.159,26.616,23.747,7.1012,0.7936,0.1692,0.3815,0.7976,0.7768
3706,74.12,6.006,5.887,bbox,28.96,28.159,26.616,23.747,7.0895,2.576,,,,
3707,74.14,,,,28.96,28.159,26.616,23.747,,,,,,
3708,74.16,5.62,5.887,pose,28.96,28.193,26.616,23.781,7.0702,2.5453,0.1725,0.4035,0.7808,0.3877
3709,74.18,6.126,5.887,bbox,28.96,28.193,26.616,23.931,7.061,2.553,,,,
3710,74.2,5.772,5.772,bbox,28.96,28.224,26.616,23.931,7.0557,0.9421,,,,
3711,74.22,5.587,5.772,pose,28.96,28.224,26.616,23.931,7.0488,0.9608,0.1685,0.0743,0.7742,0.6936
3712,74.24,5.748,5.748,bbox,28.96,28.224,26.766,23.931,7.0506,0.9756,,,,
3713,74.26,5.733,5.748,bbox,28.96,28.224,26.766,23.931,7.0483,0.9959,,,,
3714,74.28,5.544,5.733,pose,28.96,28.224,26.766,23.931,7.0413,1.0202,0.1784,0.0763,0.7579,0.606
3715,74.3,6.176,5.733,bbox,28.96,28.224,26.766,23.931,7.0405,2.5698,,,,
3716,74.32,6.185,5.748,bbox,28.96,28.224,26.766,23.976,7.0412,2.5775,,,,
3717,74.34,5.29,5.733,pose,28.96,28.224,26.766,24.1,7.0428,1.1443,0.1667,0.3687,0.7508,0.8055
3718,74.36,5.585,5.585,bbox,28.96,28.224,26.766,24.14,7.0434,1.1842,,,,
3719,74.38,5.539,5.585,bbox,28.96,28.224,26.766,24.184,7.0422,1.2282,,,,
3720,74.4,5.159,5.539,pose,28.96,28.224,26.766,24.184,7.0412,1.2573,0.1813,0.5128,0.751,0.7901
3721,74.42,5.497,5.497,bbox,28.96,28.224,26.766,24.184,7.0424,1.2772,,,,
3722,74.44,5.48,5.497,bbox,28.96,28.224,26.766,24.184,7.0417,1.2893,,,,
3723,74.46,5.1,5.48,pose,28.96,28.224,26.766,24.233,7.0436,1.2932,0.1864,0.5822,0.7353,0.7938
3724,74.48,5.5,5.48,bbox,28.96,28.224,26.766,24.233,7.0439,1.3025,,,,
3725,74.5,5.505,5.497,bbox,28.96,28.224,26.766,24.233,7.0447,1.3008,,,,
3726,74.52,5.106,5.48,pose,28.96,28.224,26.766,24.233,7.0424,1.317,0.195,0.5901,0.7525,0.788
3727,74.54,5.455,5.455,bbox,28.96,28.224,26.766,24.233,7.0459,1.3263,,,,
3728,74.56,5.45,5.455,bbox,28.96,28.224,26.766,24.273,7.0435,1.3244,,,,
3729,74.58,5.061,5.45,pose,28.96,28.224,26.766,24.273,7.0445,1.3274,0.2293,0.5726,0.7433,0.762
3730,74.6,5.446,5.446,bbox,28.96,28.224,26.766,24.273,7.0472,1.3328,,,,
3731,74.62,5.395,5.446,bbox,28.96,28.224,26.766,24.273,7.0514,1.3436,,,,
3732,74.64,4.994,5.395,pose,28.96,28.224,26.766,24.273,7.0606,1.3551,0.295,0.5215,0.7629,0.7477
3733,74.66,5.348,5.348,bbox,28.96,28.224,26.766,24.273,7.0606,1.3678,,,,
3734,74.68,5.329,5.348,bbox,28.96,28.224,26.766,24.311,7.0673,1.3878,,,,
3735,74.7,4.996,5.329,pose,28.96,28.224,26.766,24.311,7.0666,1.3937,0.3685,0.4257,0.795,0.7408
3736,74.72,5.333,5.329,bbox,28.96,28.224,26.766,24.344,7.0691,1.4198,,,,
3737,74.74,5.319,5.329,bbox,28.96,28.224,26.766,24.344,7.0707,1.4507,,,,
3738,74.76,4.989,5.319,pose,28.96,28.224,26.766,24.376,7.0741,1.4779,0.4553,0.282,0.8282,0.751
3739,74.78,5.215,5.215,bbox,28.96,28.224,26.766,24.407,7.0813,1.4985,,,,
3740,74.8,5.187,5.215,bbox,28.96,28.224,26.766,24.407,7.0862,1.5189,,,,
3741,74.82,4.965,5.187,pose,28.96,28.224,26.766,24.454,7.0931,1.5407,0.5199,0.099,0.8126,0.7633
3742,74.84,5.067,5.067,bbox,28.96,28.224,26.766,24.454,7.0966,1.5697,,,,
3743,74.86,5.065,5.067,bbox,28.96,28.224,26.766,24.496,7.1126,1.5859,,,,
3744,74.88,4.858,5.065,pose,28.96,28.224,26.766,24.496,7.1206,1.5988,0.5489,0.0285,0.8242,0.7857
3745,74.9,5.069,5.065,bbox,29.003,28.224,26.766,24.542,7.1276,1.613,,,,
3746,74.92,5.05,5.065,bbox,29.003,28.224,26.766,24.542,7.143,1.6316,,,,
3747,74.94,4.688,5.05,pose,29.003,28.224,26.766,24.542,7.1621,1.6715,0.5488,0.2309,0.825,0.809
3748,74.96,5.934,5.05,bbox,29.033,28.224,26.766,24.587,7.1758,2.5924,,,,
3749,74.98,5.003,5.05,bbox,29.033,28.224,26.766,24.627,7.1871,1.7705,,,,
3750,75.0,4.565,5.003,pose,29.066,28.224,26.766,24.726,7.2053,1.8038,0.5459,0.4063,0.8282,0.7948
3751,75.02,4.978,4.978,bbox,29.066,28.224,26.766,24.76,7.2182,1.8271,,,,
3752,75.04,4.934,4.978,bbox,29.066,28.224,26.766,24.76,7.2346,1.8665,,,,
3753,75.06,4.46,4.934,pose,29.108,28.224,26.766,24.76,7.2517,1.8815,0.5088,0.5243,0.8329,0.7992
3754,75.08,4.962,4.934,bbox,29.108,28.224,26.766,24.822,7.2656,1.9017,,,,
3755,75.1,5.007,4.962,bbox,29.142,28.224,26.766,24.822,7.2801,1.9139,,,,
3756,75.12,4.535,4.934,pose,29.142,28.224,26.766,24.858,7.2989,1.9233,0.4354,0.5802,0.8439,0.7805
3757,75.14,4.994,4.962,bbox,29.142,28.224,26.766,24.858,7.3142,1.9368,,,,
3758,75.16,5.008,4.994,bbox,29.189,28.224,26.766,24.858,7.3407,1.9406,,,,
3759,75.18,4.564,4.994,pose,29.189,28.224,26.766,24.893,7.359,1.9403,0.3486,0.6046,0.8487,0.7948
3760,75.2,5.04,4.994,bbox,29.231,28.224,26.766,24.893,7.3783,1.935,,,,
3761,75.22,5.035,5.008,bbox,29.231,28.224,26.766,24.893,7.3985,1.9344,,,,
3762,75.24,4.761,5.008,pose,29.268,28.224,26.766,24.893,7.413,1.9447,0.2359,0.4706,0.8133,0.8445
3763,75.26,5.046,5.035,bbox,29.268,28.224,26.766,24.893,7.4261,1.9508,,,,
3764,75.28,5.068,5.04,bbox,29.303,28.224,26.766,24.893,7.4401,1.9529,,,,
3765,75.3,4.929,5.035,pose,29.303,28.224,26.766,24.893,7.451,1.9623,0.1527,0.1415,0.7963,0.8255
3766,75.32,5.038,5.038,bbox,29.303,28.224,26.766,24.893,7.4497,1.9656,,,,
3767,75.34,5.065,5.046,bbox,29.34,28.224,26.766,24.893,7.4714,1.9648,,,,
3768,75.36,4.767,5.038,pose,29.34,28.224,26.766,24.893,7.4901,1.966,0.0686,0.6125,0.7703,0.7839
3769,75.38,5.062,5.038,bbox,29.34,28.224,26.766,24.893,7.5044,1.9671,,,,
3770,75.4,5.076,5.062,bbox,29.38,28.224,26.766,24.893,7.5128,1.9665,,,,
3771,75.42,4.797,5.062,pose,29.38,28.224,26.766,24.893,7.5233,1.9622,0.009,0.5937,0.7822,0.7931
3772,75.44,5.131,5.062,bbox,29.38,28.224,26.766,24.893,7.5343,1.9613,,,,
3773,75.46,5.147,5.076,bbox,29.413,28.224,26.766,24.893,7.5408,1.9601,,,,
3774,75.48,4.856,5.076,pose,29.413,28.224,26.766,24.893,7.5538,1.9629,0.0243,0.5569,0.7905,0.813
3775,75.5,5.173,5.131,bbox,29.413,28.224,26.766,24.893,7.5636,1.9732,,,,
3776,75.52,5.155,5.147,bbox,29.444,28.224,26.766,24.893,7.5783,1.9927,,,,
3777,75.54,4.854,5.147,pose,29.444,28.224,26.766,24.929,7.5897,1.9952,0.0242,0.58,0.7922,0.8264
3778,75.56,5.189,5.155,bbox,29.444,28.224,26.766,24.929,7.6032,2.014,,,,
3779,75.58,5.176,5.173,bbox,29.48,28.224,26.766,24.929,7.6152,2.0347,,,,
3780,75.6,4.869,5.155,pose,29.48,28.224,26.766,24.97,7.6213,2.0389,0.0988,0.4928,0.7923,0.8121
3781,75.62,5.155,5.155,bbox,29.48,28.224,26.766,24.97,7.6347,2.0508,,,,
3782,75.64,5.177,5.176,bbox,29.511,28.224,26.766,24.97,7.6453,2.0554,,,,
3783,75.66,4.893,5.155,pose,29.511,28.224,26.766,25.007,7.6551,2.0546,0.0236,0.5048,0.8027,0.8364
3784,75.68,5.198,5.155,bbox,29.511,28.224,26.766,25.007,7.6655,2.0614,,,,
3785,75.7,5.196,5.177,bbox,29.545,28.224,26.766,25.007,7.678,2.0713,,,,
3786,75.72,4.941,5.177,pose,29.545,28.224,26.766,25.007,7.6835,2.0786,0.0248,0.4686,0.8089,0.827
3787,75.74,5.18,5.18,bbox,29.545,28.224,26.766,25.007,7.6906,2.086,,,,
3788,75.76,5.235,5.196,bbox,29.545,28.224,26.766,25.007,7.6882,2.0803,,,,
3789,75.78,4.951,5.18,pose,29.578,28.224,26.766,25.007,7.6932,2.0683,0.1142,0.5432,0.8091,0.8329
3790,75.8,5.263,5.18,bbox,29.578,28.224,26.766,25.007,7.6982,2.0651,,,,
3791,75.82,3.279,5.18,bbox,29.578,28.224,26.766,25.007,7.6996,4.4787,,,,
3792,75.84,3.986,4.951,pose,29.578,28.224,26.766,25.007,7.6968,4.4787,0.2775,0.4046,0.8031,1.5226
3793,75.86,3.309,3.986,bbox,29.578,28.224,26.766,25.186,7.6952,4.4807,,,,
3794,75.88,5.328,3.986,bbox,29.578,28.224,26.766,25.186,7.7003,2.0387,,,,
3795,75.9,5.078,3.986,pose,29.578,28.224,26.766,25.186,7.7125,2.0214,0.4326,0.5445,0.7923,0.8389
3796,75.92,5.408,5.078,bbox,29.578,28.224,26.916,25.186,7.735,2.0153,,,,
3797,75.94,5.434,5.328,bbox,29.578,28.224,26.916,25.186,7.7543,2.0041,,,,
3798,75.96,5.058,5.328,pose,29.625,28.224,26.916,25.186,7.7592,1.9869,0.5188,0.5922,0.7919,0.8373
3799,75.98,5.451,5.408,bbox,29.625,28.224,26.951,25.186,7.7636,1.9772,,,,
3800,76.0,5.46,5.434,bbox,29.625,28.224,26.951,25.186,7.7625,1.969,,,,
3801,76.02,5.061,5.434,pose,29.625,28.224,26.951,25.186,7.7657,1.9654,0.5384,0.6241,0.7643,0.818
3802,76.04,5.498,5.451,bbox,29.625,28.224,26.986,25.186,7.7672,1.9595,,,,
3803,76.06,5.5,5.46,bbox,29.656,28.224,26.986,25.186,7.7689,1.9634,,,,
3804,76.08,5.488,5.488,bbox,29.656,28.224,26.986,25.186,7.7726,1.9603,,0.6231,,0.8169
3805,76.1,5.47,5.488,bbox,29.656,28.224,26.986,25.186,7.7743,1.9588,,,,
3806,76.12,5.433,5.488,bbox,29.656,28.224,26.986,25.186,7.7765,1.9514,,,,
3807,76.14,5.254,5.47,pose,29.656,28.224,26.986,25.186,7.7942,1.9502,0.1616,0.4393,0.7403,0.8296
3808,76.16,5.452,5.452,bbox,29.656,28.224,26.986,25.186,7.8047,1.944,,,,
3809,76.18,5.474,5.452,bbox,29.656,28.224,26.986,25.186,7.8268,1.9395,,,,
3810,76.2,5.51,5.452,bbox,29.695,28.224,26.986,25.186,7.8539,1.9285,,0.2555,,0.8112
3811,76.22,5.559,5.474,bbox,29.695,28.224,26.986,25.186,7.8813,1.9244,,,,
3812,76.24,5.564,5.51,bbox,29.744,28.224,27.026,25.186,7.8952,1.9201,,,,
3813,76.26,5.562,5.559,bbox,29.744,28.224,27.026,25.186,7.9111,1.9192,,0.7181,,0.7845
3814,76.28,5.578,5.562,bbox,29.785,28.224,27.026,25.186,7.9189,1.9112,,,,
3815,76.3,5.618,5.564,bbox,29.785,28.224,27.026,25.186,7.9194,1.9014,,,,
3816,76.32,5.625,5.578,pose,29.785,28.224,27.026,25.186,7.9144,1.9007,0.0065,0.7166,-0.1008,0.7802
3817,76.34,5.606,5.606,bbox,29.785,28.224,27.026,25.186,7.9116,1.8954,,,,
3818,76.36,5.611,5.611,bbox,29.785,28.224,27.026,25.186,7.9097,1.8905,,,,
3819,76.38,5.44,5.611,pose,29.785,28.224,27.06,25.186,7.9115,1.8741,0.1297,0.6805,0.662,0.7716
3820,76.4,5.626,5.611,bbox,29.785,28.224,27.06,25.186,7.9139,1.8605,,,,
3821,76.42,5.626,5.611,bbox,29.785,28.224,27.06,25.186,7.9127,1.8493,,,,
3822,76.44,5.426,5.611,pose,29.785,28.224,27.094,25.186,7.91,1.8326,0.1107,0.6404,0.7136,0.7978
3823,76.46,5.594,5.594,bbox,29.785,28.224,27.094,25.186,7.9084,1.8182,,,,
3824,76.48,5.606,5.606,bbox,29.785,28.224,27.094,25.186,7.9019,1.7904,,,,
3825,76.5,5.538,5.594,pose,29.785,28.224,27.137,25.186,7.8983,1.7684,0.054,0.5127,-0.1944,0.8083
3826,76.52,1.893,5.538,bbox,29.785,28.224,27.137,25.186,2.5758,1.7468,,,,
3827,76.54,,,,29.785,28.224,27.137,25.186,,,,,,
3828,76.56,,,,29.785,28.224,27.137,25.186,,,,,,
3829,76.58,,,,29.785,28.224,27.137,25.186,,,,,,
3830,76.6,,,,29.785,28.224,27.137,25.186,,,,,,
3831,76.62,,,,29.785,28.224,27.137,25.186,,,,,,
3832,76.64,,,,29.785,28.224,27.137,25.186,,,,,,
3833,76.66,,,,29.785,28.224,27.137,25.186,,,,,,
3834,76.68,,,,29.785,28.224,27.137,25.186,,,,,,
3835,76.7,,,,29.785,28.224,27.137,25.186,,,,,,
3836,76.72,,,,29.785,28.224,27.137,25.186,,,,,,
3837,76.74,,,,29.785,28.224,27.137,25.186,,,,,,
3838,76.76,,,,29.785,28.224,27.137,25.186,,,,,,
3839,76.78,,,,29.785,28.224,27.137,25.186,,,,,,
3840,76.8,,,,29.785,28.224,27.137,25.186,,,,,,
3841,76.82,,,,29.785,28.224,27.137,25.186,,,,,,
3842,76.84,,,,29.785,28.224,27.137,25.186,,,,,,
3843,76.86,,,,29.785,28.224,27.137,25.186,,,,,,
3844,76.88,,,,29.785,28.224,27.137,25.186,,,,,,
3845,76.9,,,,29.785,28.224,27.137,25.186,,,,,,
3846,76.92,,,,29.785,28.224,27.137,25.186,,,,,,
3847,76.94,,,,29.785,28.224,27.137,25.186,,,,,,
3848,76.96,,,,29.785,28.224,27.137,25.186,,,,,,
3849,76.98,,,,29.785,28.224,27.137,25.186,,,,,,
3850,77.0,,,,29.785,28.224,27.137,25.186,,,,,,
3851,77.02,,,,29.785,28.224,27.137,25.186,,,,,,
3852,77.04,,,,29.785,28.224,27.137,25.186,,,,,,
3853,77.06,,,,29.785,28.224,27.137,25.186,,,,,,
3854,77.08,,,,29.785,28.224,27.137,25.186,,,,,,
3855,77.1,,,,29.785,28.224,27.137,25.186,,,,,,
3856,77.12,,,,29.785,28.224,27.137,25.186,,,,,,
3857,77.14,6.025,5.594,bbox,29.785,28.224,27.187,25.186,7.5817,1.2256,,,,
3858,77.16,2.108,5.538,bbox,29.785,28.371,27.187,25.186,2.3684,1.2224,,0.5625,,0.7747
3859,77.18,,,,29.785,28.371,27.187,25.186,,,,,,
3860,77.2,,,,29.785,28.371,27.187,25.186,,,,,,
3861,77.22,,,,29.785,28.371,27.187,25.186,,,,,,
3862,77.24,,,,29.785,28.371,27.187,25.186,,,,,,
3863,77.26,,,,29.785,28.371,27.187,25.186,,,,,,
3864,77.28,,,,29.785,28.371,27.187,25.186,,,,,,
3865,77.3,,,,29.785,28.371,27.187,25.186,,,,,,
3866,77.32,,,,29.785,28.371,27.187,25.186,,,,,,
3867,77.34,,,,29.785,28.371,27.187,25.186,,,,,,
3868,77.36,,,,29.785,28.371,27.187,25.186,,,,,,
3869,77.38,,,,29.785,28.371,27.187,25.186,,,,,,
3870,77.4,,,,29.785,28.371,27.187,25.186,,,,,,
3871,77.42,,,,29.785,28.371,27.187,25.186,,,,,,
3872,77.44,,,,29.785,28.371,27.187,25.186,,,,,,
3873,77.46,,,,29.785,28.371,27.187,25.186,,,,,,
3874,77.48,,,,29.785,28.371,27.187,25.186,,,,,,
3875,77.5,,,,29.785,28.371,27.187,25.186,,,,,,
3876,77.52,,,,29.785,28.371,27.187,25.186,,,,,,
3877,77.54,,,,29.785,28.371,27.187,25.186,,,,,,
3878,77.56,,,,29.785,28.371,27.187,25.186,,,,,,
3879,77.58,,,,29.785,28.371,27.187,25.186,,,,,,
3880,77.6,,,,29.785,28.371,27.187,25.186,,,,,,
3881,77.62,,,,29.785,28.371,27.187,25.186,,,,,,
3882,77.64,,,,29.785,28.371,27.187,25.186,,,,,,
3883,77.66,,,,29.785,28.371,27.187,25.186,,,,,,
3884,77.68,,,,29.785,28.371,27.187,25.186,,,,,,
3885,77.7,,,,29.785,28.371,27.187,25.186,,,,,,
3886,77.72,,,,29.785,28.371,27.187,25.186,,,,,,
3887,77.74,,,,29.785,28.371,27.187,25.186,,,,,,
3888,77.76,,,,29.785,28.371,27.187,25.186,,,,,,
3889,77.78,5.483,5.483,bbox,29.785,28.521,27.358,25.186,6.8823,1.1821,,,,
3890,77.8,5.498,5.483,bbox,29.785,28.521,27.358,25.186,6.8771,1.1779,,,,
3891,77.82,4.975,5.483,pose,29.785,28.521,27.402,25.186,6.8737,1.1774,0.9224,0.4872,0.624,0.7768
3892,77.84,5.522,5.483,bbox,29.785,28.521,27.402,25.186,6.8734,1.1667,,,,
3893,77.86,5.494,5.494,bbox,29.785,28.521,27.402,25.186,6.8641,1.1635,,,,
3894,77.88,4.995,5.494,pose,29.785,28.521,27.402,25.186,6.8671,1.1534,0.9028,0.4109,0.643,0.7773
3895,77.9,5.529,5.494,bbox,29.785,28.521,27.402,25.186,6.87,1.1303,,,,
3896,77.92,5.507,5.507,bbox,29.785,28.521,27.402,25.186,6.8523,1.1216,,,,
3897,77.94,5.089,5.494,pose,29.785,28.521,27.453,25.186,6.8328,1.1145,0.8632,0.3486,0.6553,0.7584
3898,77.96,5.503,5.503,bbox,29.785,28.551,27.453,25.186,6.8281,1.1089,,,,
3899,77.98,5.495,5.503,bbox,29.785,28.551,27.453,25.186,6.8172,1.1017,,,,
3900,78.0,5.084,5.495,pose,29.785,28.551,27.453,25.186,6.8086,1.1059,0.8089,0.3097,0.6799,0.7543
3901,78.02,5.438,5.438,bbox,29.785,28.586,27.453,25.186,6.7965,1.1123,,,,
3902,78.04,5.441,5.441,bbox,29.785,28.586,27.453,25.186,6.78,1.1074,,,,
3903,78.06,5.092,5.438,pose,29.785,28.586,27.453,25.186,6.76,1.1044,0.7403,0.302,0.6959,0.7614
3904,78.08,5.377,5.377,bbox,29.785,28.624,27.453,25.186,6.7182,1.1196,,,,
3905,78.1,5.342,5.377,bbox,29.785,28.624,27.453,25.186,6.6947,1.1373,,,,
3906,78.12,5.161,5.342,pose,29.785,28.685,27.453,25.186,6.691,1.1522,0.6823,0.0673,0.6951,0.0977
3907,78.14,5.27,5.27,bbox,29.785,28.685,27.453,25.186,6.6983,1.166,,,,
3908,78.16,5.277,5.277,bbox,29.785,28.685,27.453,25.186,6.698,1.1825,,,,
3909,78.18,5.082,5.27,pose,29.785,28.685,27.453,25.222,6.6952,1.2065,0.6467,0.0801,0.6995,0.733
3910,78.2,6.067,5.27,bbox,29.785,28.685,27.453,25.222,6.6943,2.21,,,,
3911,78.22,6.074,5.277,bbox,29.785,28.685,27.453,25.262,6.6967,2.209,,,,
3912,78.24,6.084,6.067,bbox,29.785,28.685,27.453,25.412,6.6975,2.2065,0.6473,,0.7256,
3913,78.26,6.113,6.074,bbox,29.785,28.685,27.453,25.412,6.699,2.2034,,,,
3914,78.28,6.131,6.084,bbox,29.785,28.685,27.453,25.412,6.7054,2.206,,,,
3915,78.3,4.952,6.084,pose,29.785,28.685,27.453,25.412,6.7087,1.3648,0.658,0.2393,0.7093,0.7517
3916,78.32,5.248,6.084,bbox,29.785,28.685,27.453,25.412,6.7127,1.3835,,,,
3917,78.34,5.226,5.248,bbox,29.785,28.685,27.606,25.412,6.7196,1.4238,,,,
3918,78.36,4.751,5.226,pose,29.785,28.685,27.606,25.412,6.7268,1.4806,0.6564,0.4942,0.7116,0.761
3919,78.38,5.154,5.154,bbox,29.785,28.685,27.606,25.412,6.7311,1.5088,,,,
3920,78.4,5.131,5.154,bbox,29.785,28.685,27.606,25.469,6.733,1.5581,,,,
3921,78.42,4.576,5.131,pose,29.785,28.685,27.606,25.469,6.7428,1.597,0.6752,0.6769,0.7028,0.7784
3922,78.44,5.085,5.085,bbox,29.785,28.685,27.606,25.547,6.7477,1.6245,,,,
3923,78.46,5.098,5.098,bbox,29.785,28.685,27.606,25.586,6.7468,1.6486,,,,
3924,78.48,4.47,5.085,pose,29.785,28.685,27.606,25.586,6.7563,1.6698,0.677,0.8323,0.6831,0.7927
3925,78.5,5.072,5.072,bbox,29.785,28.685,27.606,25.637,6.7597,1.681,,,,
3926,78.52,5.084,5.084,bbox,29.823,28.685,27.606,25.637,6.7572,1.6816,,,,
3927,78.54,4.463,5.072,pose,29.823,28.685,27.606,25.67,6.7598,1.684,0.6858,0.8598,0.7162,0.7866
3928,78.56,5.06,5.06,bbox,29.823,28.685,27.606,25.67,6.7513,1.6878,,,,
3929,78.58,5.076,5.072,bbox,29.823,28.685,27.606,25.67,6.7491,1.6962,,,,
3930,78.6,4.522,5.06,pose,29.823,28.685,27.606,25.67,6.7349,1.7033,0.684,0.8218,0.7049,0.7735
3931,78.62,5.054,5.054,bbox,29.823,28.685,27.606,25.67,6.7284,1.6992,,,,
3932,78.64,5.046,5.054,bbox,29.823,28.685,27.606,25.67,6.7214,1.6997,,,,
3933,78.66,4.377,5.046,pose,29.823,28.685,27.606,25.67,6.7178,1.6967,0.7129,0.8943,0.6994,0.7082
3934,78.68,5.047,5.046,bbox,29.823,28.72,27.606,25.67,6.7177,1.7024,,,,
3935,78.7,5.023,5.046,bbox,29.823,28.72,27.606,25.67,6.71,1.7037,,,,
3936,78.72,4.378,5.023,pose,29.823,28.72,27.606,25.67,6.7064,1.7051,0.703,0.8657,0.7,0.7249
3937,78.74,5.0,5.0,bbox,29.823,28.72,27.606,25.67,6.6995,1.7143,,,,
3938,78.76,4.971,5.0,bbox,29.823,28.72,27.606,25.67,6.6973,1.7201,,,,
3939,78.78,4.345,4.971,pose,29.823,28.72,27.606,25.703,6.7047,1.7316,0.6917,0.8133,0.7052,0.6995
3940,78.8,4.937,4.937,bbox,29.823,28.72,27.606,25.703,6.707,1.7554,,,,
3941,78.82,4.895,4.937,bbox,29.823,28.72,27.606,25.703,6.7099,1.7738,,,,
3942,78.84,4.332,4.895,pose,29.823,28.72,27.606,25.744,6.7159,1.7993,0.6905,0.7455,0.7063,0.7422
3943,78.86,4.836,4.836,bbox,29.823,28.72,27.606,25.744,6.7014,1.8336,,,,
3944,78.88,4.806,4.836,bbox,29.823,28.72,27.606,25.788,6.6982,1.8585,,,,
3945,78.9,4.334,4.806,pose,29.823,28.72,27.606,25.822,6.7078,1.8685,0.6938,0.6933,0.6904,0.7343
3946,78.92,4.785,4.785,bbox,29.823,28.72,27.606,25.822,6.7329,1.9042,,,,
3947,78.94,4.749,4.785,bbox,29.823,28.72,27.606,25.857,6.7352,1.931,,,,
3948,78.96,4.319,4.749,pose,29.823,28.72,27.606,25.893,6.7139,1.9452,0.6826,0.6604,0.6893,0.7569
3949,78.98,4.633,4.633,bbox,29.823,28.72,27.606,25.893,6.624,1.9408,,,,
3950,79.0,4.638,4.638,bbox,29.823,28.72,27.606,25.929,6.6248,1.944,,,,
3951,79.02,4.302,4.633,pose,29.823,28.817,27.606,25.929,6.6234,1.95,0.68,0.6698,0.6914,0.7745
3952,79.04,4.617,4.617,bbox,29.823,28.817,27.606,25.929,6.6015,1.9478,,,,
3953,79.06,4.6,4.617,bbox,29.823,28.817,27.606,25.929,6.5953,1.9391,,,,
3954,79.08,4.304,4.6,pose,29.823,28.817,27.606,25.929,6.5835,1.926,0.6627,0.6924,0.6852,0.7828
3955,79.1,4.584,4.584,bbox,29.823,28.817,27.606,25.929,6.5695,1.9081,,,,
3956,79.12,4.57,4.584,bbox,29.823,28.858,27.606,25.929,6.5619,1.9068,,,,
3957,79.14,4.284,4.57,pose,29.823,28.858,27.639,25.929,6.5491,1.8738,0.6189,0.7355,0.6921,0.7835
3958,79.16,4.571,4.57,bbox,29.823,28.858,27.639,25.929,6.5257,1.8905,,,,
3959,79.18,4.605,4.571,bbox,29.823,28.893,27.639,25.929,6.5124,1.8758,,,,
3960,79.2,4.332,4.57,pose,29.823,28.893,27.639,25.929,6.4967,1.8857,0.562,0.7201,0.6867,0.7681
3961,79.22,4.575,4.571,bbox,29.823,28.929,27.671,25.929,6.4818,1.8761,,,,
3962,79.24,4.6,4.575,bbox,29.823,28.929,27.671,25.929,6.4804,1.8462,,,,
3963,79.26,4.342,4.575,pose,29.823,28.96,27.671,25.929,6.4694,1.8532,0.4989,0.7336,0.7119,0.7591
3964,79.28,4.61,4.575,bbox,29.823,28.96,27.671,25.929,6.4687,1.8462,,,,
3965,79.3,4.607,4.6,bbox,29.823,28.96,27.671,25.929,6.4664,1.8346,,,,
3966,79.32,4.321,4.6,pose,29.823,28.96,27.671,25.929,6.469,1.8343,0.4667,0.7139,0.7056,0.7708
3967,79.34,4.592,4.592,bbox,29.823,28.96,27.713,25.929,6.4743,1.8289,,,,
3968,79.36,4.609,4.607,bbox,29.823,28.96,27.713,25.929,6.483,1.8305,,,,
3969,79.38,4.334,4.592,pose,29.823,28.96,27.713,25.929,6.4912,1.8277,0.4664,0.7059,0.6914,0.7762
3970,79.4,4.659,4.592,bbox,29.823,28.96,27.713,25.929,6.4932,1.8216,,,,
3971,79.42,4.66,4.609,bbox,29.823,28.96,27.713,25.929,6.4902,1.8162,,,,
3972,79.44,4.394,4.609,pose,29.823,28.96,27.713,25.929,6.49,1.8148,0.4582,0.6784,0.6971,0.7719
3973,79.46,4.661,4.659,bbox,29.823,28.96,27.713,25.929,6.4843,1.8082,,,,
3974,79.48,4.662,4.66,bbox,29.823,28.96,27.713,25.929,6.4754,1.7996,,,,
3975,79.5,4.411,4.66,pose,29.823,28.96,27.713,25.929,6.4754,1.7923,0.4647,0.6498,0.6884,0.7578
3976,79.52,4.659,4.659,bbox,29.823,28.96,27.748,25.929,6.4768,1.7938,,,,
3977,79.54,4.676,4.661,bbox,29.823,28.96,27.748,25.929,6.4821,1.7839,,,,
3978,79.56,4.435,4.659,pose,29.823,28.96,27.748,25.929,6.4815,1.7811,0.4592,0.6409,0.6981,0.7524
3979,79.58,4.692,4.659,bbox,29.823,28.96,27.748,25.929,6.4806,1.7826,,,,
3980,79.6,4.688,4.676,bbox,29.823,28.96,27.748,25.929,6.4838,1.7865,,,,
3981,79.62,4.438,4.676,pose,29.823,28.96,27.748,25.929,6.4807,1.7799,0.457,0.6461,0.6888,0.7604
3982,79.64,4.711,4.688,bbox,29.823,28.96,27.748,25.929,6.4897,1.778,,,,
3983,79.66,4.704,4.692,bbox,29.823,28.96,27.748,25.929,6.491,1.7813,,,,
3984,79.68,4.429,4.688,pose,29.823,28.96,27.748,25.929,6.4982,1.7842,0.4616,0.6426,0.6912,0.7566
3985,79.7,4.706,4.704,bbox,29.823,28.96,27.748,25.929,6.5042,1.7864,,,,
3986,79.72,4.696,4.704,bbox,29.823,28.96,27.748,25.929,6.5091,1.7885,,,,
3987,79.74,4.381,4.696,pose,29.823,28.96,27.748,25.929,6.5145,1.7974,0.4696,0.6519,0.6817,0.756
3988,79.76,4.671,4.671,bbox,29.823,28.96,27.748,25.929,6.5177,1.8071,,,,
3989,79.78,4.611,4.671,bbox,29.856,28.96,27.748,25.929,6.5199,1.8657,,,,
3990,79.8,4.4,4.611,pose,29.856,28.96,27.748,25.929,6.5223,1.8542,0.4637,0.6247,0.697,0.7687
3991,79.82,4.659,4.611,bbox,29.856,28.96,27.748,25.975,6.5287,1.8448,,,,
3992,79.84,4.671,4.659,bbox,29.856,28.96,27.748,25.975,6.5316,1.855,,,,
3993,79.86,4.397,4.611,pose,29.856,28.96,27.748,25.975,6.539,1.8729,0.4667,0.6164,0.7002,0.7758
3994,79.88,4.611,4.611,bbox,29.856,28.96,27.748,25.975,6.542,1.8841,,,,
3995,79.9,4.587,4.611,bbox,29.856,28.96,27.748,25.975,6.5438,1.8979,,,,
3996,79.92,4.362,4.587,pose,29.856,28.96,27.748,26.014,6.5436,1.9155,0.4658,0.5644,0.6994,0.7825
3997,79.94,4.535,4.535,bbox,29.856,28.96,27.748,26.014,6.5434,1.9346,,,,
3998,79.96,4.506,4.535,bbox,29.856,28.96,27.748,26.045,6.5403,1.9506,,,,
3999,79.98,4.346,4.506,pose,29.856,28.96,27.748,26.045,6.5403,1.962,0.4721,0.4843,0.7019,0.7846
4000,80.0,4.469,4.469,bbox,29.856,28.96,27.748,26.08,6.5368,1.9666,,,,
4001,80.02,4.457,4.469,bbox,29.856,28.96,27.748,26.08,6.5331,1.9768,,,,
4002,80.04,4.341,4.457,pose,29.856,28.96,27.748,26.08,6.5307,1.9839,0.4715,0.4191,0.6883,0.7813
4003,80.06,4.456,4.456,bbox,29.856,28.96,27.748,26.08,6.5306,1.9824,,,,
4004,80.08,4.488,4.457,bbox,29.856,28.96,27.748,26.112,6.527,1.9837,,,,
4005,80.1,4.4,4.456,pose,29.856,28.96,27.748,26.112,6.5322,1.9832,0.4755,0.3636,0.6737,0.7579
4006,80.12,4.54,4.456,bbox,29.856,28.96,27.748,26.112,6.5307,1.9892,,,,
4007,80.14,4.559,4.488,bbox,29.856,28.96,27.748,26.112,6.5339,1.9904,,,,
4008,80.16,4.387,4.488,pose,29.856,28.96,27.748,26.112,6.5422,1.991,0.4995,0.4005,0.6485,0.7238
4009,80.18,4.629,4.54,bbox,29.856,28.96,27.748,26.112,6.6063,1.9987,,,,
4010,80.2,4.647,4.559,bbox,29.856,28.96,27.748,26.112,6.6068,2.0009,,,,
4011,80.22,4.363,4.559,pose,29.915,28.96,27.748,26.112,6.5736,2.0073,0.5374,0.4026,0.6408,0.6989
4012,80.24,4.591,4.591,bbox,29.915,28.96,27.748,26.112,6.5587,2.0139,,,,
4013,80.26,4.555,4.591,bbox,29.915,28.96,27.748,26.112,6.5531,2.0282,,,,
4014,80.28,4.044,4.555,pose,29.915,28.96,27.748,26.144,6.5422,2.0364,0.6598,0.5719,0.6418,0.7277
4015,80.3,4.486,4.486,bbox,29.915,28.96,27.748,26.144,6.522,2.0507,,,,
4016,80.32,4.452,4.486,bbox,29.915,28.991,27.748,26.144,6.4976,2.0812,,,,
4017,80.34,3.763,4.452,pose,29.915,28.991,27.748,26.18,6.4839,2.1232,0.7537,0.7719,0.6672,0.7374
4018,80.36,4.32,4.32,bbox,29.915,29.036,27.748,26.211,6.4688,2.161,,,,
4019,80.38,4.327,4.327,bbox,29.915,29.036,27.748,26.253,6.4636,2.1811,,,,
4020,80.4,3.565,4.32,pose,29.915,29.036,27.748,26.291,6.4538,2.1956,0.7956,0.9339,0.6539,0.7091
4021,80.42,4.302,4.302,bbox,29.915,29.07,27.748,26.291,6.453,2.2091,,,,
4022,80.44,4.326,4.32,bbox,29.915,29.07,27.748,26.325,6.4463,2.223,,,,
4023,80.46,3.457,4.302,pose,29.915,29.07,27.748,26.325,6.4359,2.2383,0.8344,1.0358,0.6343,0.6866
4024,80.48,3.835,3.835,bbox,29.915,29.07,27.748,26.325,6.4329,2.2466,,,,
4025,80.5,3.812,3.835,bbox,29.915,29.07,27.748,26.368,6.4322,2.2532,,,,
4026,80.52,3.432,3.812,pose,29.915,29.1,27.748,26.368,6.4214,2.2637,0.8081,1.0699,0.6199,0.6577
4027,80.54,4.34,3.812,bbox,29.915,29.1,27.748,26.368,6.4242,2.2703,,,,
4028,80.56,4.323,3.835,bbox,29.915,29.1,27.748,26.368,6.422,2.275,,,,
4029,80.58,3.438,3.812,pose,29.915,29.1,27.748,26.4,6.414,2.2786,0.7849,1.1061,0.6464,0.6251
4030,80.6,4.241,4.241,bbox,29.915,29.1,27.748,26.4,6.4005,2.28,,,,
4031,80.62,4.232,4.241,bbox,29.915,29.1,27.748,26.4,6.3924,2.2882,,,,
4032,80.64,3.542,4.232,pose,29.915,29.133,27.748,26.4,6.3663,2.305,0.7102,0.919,0.674,0.6583
4033,80.66,4.127,4.127,bbox,29.915,29.133,27.748,26.4,6.3498,2.3192,,,,
4034,80.68,4.045,4.127,bbox,29.915,29.167,27.748,26.435,6.3352,2.3426,,,,
4035,80.7,3.316,4.045,pose,29.915,29.167,27.748,26.435,6.3258,2.3661,0.6135,1.0034,0.7134,0.6424
4036,80.72,3.945,3.945,bbox,29.915,29.198,27.748,26.472,6.305,2.403,,,,
4037,80.74,3.83,3.945,bbox,29.915,29.198,27.748,26.472,6.272,2.4549,,,,
4038,80.76,3.253,3.83,pose,29.915,29.228,27.748,26.533,6.247,2.4915,0.5073,0.8582,0.704,0.7275
4039,80.78,3.66,3.66,bbox,29.915,29.261,27.748,26.585,6.2347,2.5221,,,,
4040,80.8,3.638,3.66,bbox,29.915,29.261,27.748,26.621,6.2134,2.5563,,,,
4041,80.82,3.244,3.638,pose,29.915,29.299,27.748,26.652,6.2094,2.5874,0.4316,0.6601,0.6961,0.7534
4042,80.84,3.568,3.568,bbox,29.915,29.299,27.748,26.686,6.2062,2.6013,,,,
4043,80.86,3.555,3.568,bbox,29.915,29.299,27.748,26.717,6.1889,2.6352,,,,
4044,80.88,3.175,3.555,pose,29.915,29.299,27.748,26.717,6.1578,2.6227,0.4112,0.5635,0.652,0.7558
4045,80.9,3.474,3.474,bbox,29.915,29.344,27.748,26.752,6.1311,2.6365,,,,
4046,80.92,3.421,3.474,bbox,29.915,29.376,27.748,26.752,6.1138,2.6419,,,,
4047,80.94,3.135,3.421,pose,29.915,29.376,27.748,26.752,6.0881,2.6635,0.427,0.6317,0.6298,0.7645
4048,80.96,3.41,3.41,bbox,29.915,29.414,27.748,26.752,6.119,2.7578,,,,
4049,80.98,3.431,3.421,bbox,29.915,29.414,27.748,26.793,6.1354,2.761,,,,
4050,81.0,2.876,3.41,pose,29.915,29.414,27.748,26.888,6.1374,2.7972,0.4978,0.8537,0.5936,0.743
4051,81.02,3.374,3.374,bbox,29.915,29.414,27.748,26.888,6.1394,2.8352,,,,
4052,81.04,3.342,3.374,bbox,29.915,29.414,27.748,26.927,6.1411,2.8734,,,,
4053,81.06,2.626,3.342,pose,29.915,29.414,27.748,26.965,6.1267,2.8902,0.6003,1.0027,0.6121,0.698
4054,81.08,3.281,3.281,bbox,29.915,29.414,27.748,27.003,6.0891,2.91,,,,
4055,81.1,3.235,3.281,bbox,29.915,29.414,27.748,27.003,6.0518,2.9254,,,,
4056,81.12,2.426,3.235,pose,29.915,29.414,27.748,27.04,6.0243,2.9264,0.7629,1.0495,0.6449,0.6582
4057,81.14,3.195,3.195,bbox,29.915,29.482,27.748,27.04,5.9999,2.9283,,,,
4058,81.16,3.185,3.195,bbox,29.915,29.482,27.748,27.04,5.9797,2.9308,,,,
4059,81.18,2.327,3.185,pose,29.915,29.533,27.748,27.04,5.9728,2.9361,0.8637,1.0356,0.6259,0.6322
4060,81.2,3.168,3.168,bbox,29.915,29.533,27.748,27.04,5.9607,2.9448,,,,
4061,81.22,3.159,3.168,bbox,29.915,29.533,27.748,27.04,5.9468,2.9542,,,,
4062,81.24,2.275,3.159,pose,29.915,29.573,27.748,27.075,5.9288,2.9616,0.9025,0.9993,0.6073,0.6345
4063,81.26,3.131,3.131,bbox,29.915,29.573,27.748,27.075,5.9192,2.978,,,,
4064,81.28,3.096,3.131,bbox,29.915,29.605,27.748,27.075,5.8983,2.9861,,,,
4065,81.3,2.274,3.096,pose,29.915,29.605,27.748,27.108,5.8791,3.0029,0.9083,0.9156,0.5633,0.6753
4066,81.32,3.022,3.022,bbox,29.915,29.635,27.748,27.108,5.8799,3.0214,,,,
4067,81.34,3.001,3.022,bbox,29.915,29.635,27.748,27.108,5.8935,3.0478,,,,
4068,81.36,2.244,3.001,pose,29.915,29.635,27.748,27.151,5.9129,3.0594,0.9135,0.8515,0.5906,0.696
4069,81.38,2.955,2.955,bbox,29.915,29.635,27.748,27.151,5.8795,3.056,,,,
4070,81.4,2.938,2.955,bbox,29.915,29.635,27.748,27.186,5.8691,3.0609,,,,
4071,81.42,2.227,2.938,pose,29.915,29.635,27.748,27.186,5.8563,3.0646,0.9032,0.8194,0.6427,0.6487
4072,81.44,2.898,2.898,bbox,29.915,29.635,27.748,27.186,5.8581,3.0599,,,,
4073,81.46,2.9,2.9,bbox,29.915,29.675,27.748,27.186,5.8589,3.0618,,,,
4074,81.48,2.215,2.898,pose,29.915,29.675,27.748,27.186,5.8547,3.0656,0.8832,0.8121,0.6639,0.6199
4075,81.5,2.895,2.895,bbox,29.915,29.675,27.748,27.186,5.8534,3.0626,,,,
4076,81.52,2.901,2.898,bbox,29.915,29.675,27.748,27.186,5.8554,3.0636,,,,
4077,81.54,2.251,2.895,pose,29.915,29.675,27.748,27.186,5.8578,3.0634,0.8497,0.8091,0.6532,0.6436
4078,81.56,2.929,2.895,bbox,29.915,29.675,27.748,27.186,5.8705,3.0452,,,,
4079,81.58,2.932,2.901,bbox,29.915,29.675,27.748,27.186,5.8721,3.0425,,,,
4080,81.6,2.325,2.901,pose,29.915,29.675,27.748,27.186,5.8798,3.0278,0.8306,0.8705,0.6147,0.7028
4081,81.62,3.052,2.929,bbox,29.915,29.675,27.748,27.186,5.8912,2.9889,,,,
4082,81.64,3.069,2.932,bbox,29.915,29.675,27.748,27.186,5.8967,2.9665,,,,
4083,81.66,2.408,2.932,pose,29.947,29.675,27.815,27.186,5.8958,2.9302,0.8756,0.9439,0.5868,0.7028
4084,81.68,3.219,3.052,bbox,29.947,29.675,27.815,27.186,5.9011,2.8633,,,,
4085,81.7,3.315,3.069,bbox,29.947,29.675,27.873,27.186,5.9073,2.7985,,,,
4086,81.72,2.65,3.069,pose,29.947,29.675,27.94,27.186,5.9118,2.7487,0.8637,0.9085,0.5788,0.6707
4087,81.74,3.422,3.219,bbox,29.947,29.675,28.005,27.186,5.9228,2.7137,,,,
4088,81.76,3.461,3.315,bbox,29.947,29.675,28.055,27.186,5.9129,2.6735,,,,
4089,81.78,2.78,3.315,pose,29.947,29.675,28.09,27.186,5.9038,2.6392,0.8687,0.9367,0.6202,0.6089
4090,81.8,3.513,3.422,bbox,29.947,29.675,28.13,27.186,5.8924,2.6018,,,,
4091,81.82,3.563,3.461,bbox,29.947,29.675,28.164,27.186,5.8945,2.5603,,,,
4092,81.84,2.793,3.461,pose,29.947,29.675,28.202,27.186,5.8934,2.5369,0.8465,1.0511,0.6553,0.5789
4093,81.86,3.593,3.513,bbox,29.947,29.675,28.243,27.186,5.9035,2.5177,,,,
4094,81.88,3.606,3.563,bbox,29.947,29.675,28.243,27.186,5.8987,2.5023,,,,
4095,81.9,2.792,3.563,pose,29.947,29.675,28.286,27.186,5.8995,2.4956,0.7795,1.1055,0.6641,0.5707
4096,81.92,3.593,3.593,bbox,29.947,29.675,28.286,27.186,5.8967,2.4932,,,,
4097,81.94,3.611,3.593,bbox,29.947,29.675,28.286,27.186,5.8999,2.4932,,,,
4098,81.96,2.939,3.593,pose,29.947,29.675,28.286,27.186,5.8966,2.4811,0.6487,1.1136,0.6567,0.6214
4099,81.98,3.62,3.593,bbox,29.947,29.675,28.286,27.186,5.9144,2.4682,,,,
4100,82.0,3.662,3.611,bbox,29.947,29.675,28.323,27.186,5.9443,2.4556,,,,
4101,82.02,3.102,3.611,pose,29.947,29.675,28.323,27.186,6.0614,2.4342,0.5502,1.0178,0.6027,0.6928
4102,82.04,3.712,3.62,bbox,29.99,29.675,28.323,27.186,5.9335,2.4072,,,,
4103,82.06,3.737,3.662,bbox,29.99,29.675,28.369,27.186,5.9163,2.3659,,,,
4104,82.08,3.18,3.662,pose,29.99,29.675,28.369,27.186,5.9217,2.3304,0.4822,0.7968,0.5774,0.7588
4105,82.1,3.674,3.674,bbox,29.99,29.675,28.438,27.186,5.9296,2.3024,,,,
4106,82.12,3.773,3.712,bbox,29.99,29.675,28.473,27.186,5.9355,2.2862,,,,
4107,82.14,3.576,3.674,pose,29.99,29.675,28.473,27.186,5.9392,2.2783,0.5051,0.5591,0.5637,0.7686
4108,82.16,3.803,3.674,bbox,29.99,29.675,28.517,27.186,5.9372,2.2589,,,,
4109,82.18,3.831,3.773,bbox,29.99,29.675,28.517,27.186,5.9427,2.2422,,,,
4110,82.2,3.819,3.803,pose,29.99,29.675,28.517,27.186,5.9459,2.2252,0.575,0.3553,0.5657,0.7431
4111,82.22,3.88,3.819,bbox,29.99,29.675,28.561,27.186,5.9305,2.2063,,,,
4112,82.24,3.911,3.831,bbox,29.99,29.675,28.561,27.186,5.9478,2.1884,,,,
4113,82.26,3.792,3.831,pose,29.99,29.675,28.597,27.186,5.9305,2.1788,0.7319,0.2521,0.5947,0.686
4114,82.28,3.905,3.88,bbox,29.99,29.675,28.597,27.186,5.9018,2.1688,,,,
4115,82.3,3.927,3.905,bbox,29.99,29.675,28.597,27.186,5.8626,2.1683,,,,
4116,82.32,3.791,3.905,pose,29.99,29.706,28.635,27.186,5.8294,2.1662,0.9123,0.1894,0.6219,0.6429
4117,82.34,3.867,3.867,bbox,29.99,29.745,28.635,27.186,5.8029,2.1614,,,,
4118,82.36,3.848,3.867,bbox,29.99,29.779,28.635,27.186,5.7929,2.1553,,,,
4119,82.38,3.835,3.848,bbox,29.99,29.779,28.635,27.186,5.7806,2.1527,,0.2073,,0.6278
4120,82.4,3.844,3.844,bbox,29.99,29.815,28.635,27.186,5.7673,2.1619,,,,
4121,82.42,3.867,3.848,bbox,29.99,29.815,28.635,27.186,5.7581,2.1584,,,,
4122,82.44,3.437,3.844,pose,29.99,29.815,28.635,27.186,5.7544,2.1696,1.0796,0.4318,0.5489,0.6222
4123,82.46,3.902,3.844,bbox,29.99,29.85,28.635,27.186,5.7431,2.1698,,,,
4124,82.48,3.847,3.847,bbox,29.99,29.85,28.635,27.186,5.7365,2.1741,,,,
4125,82.5,3.359,3.847,pose,29.99,29.85,28.635,27.186,5.733,2.1838,1.062,0.1793,0.549,0.6308
4126,82.52,3.762,3.762,bbox,29.99,29.85,28.635,27.186,5.7282,2.1881,,,,
4127,82.54,3.726,3.762,bbox,29.99,29.85,28.635,27.186,5.7168,2.198,,,,
4128,82.56,2.858,3.726,pose,29.99,29.85,28.635,27.186,5.6913,2.215,0.9939,0.8288,0.5881,0.6915
4129,82.58,3.587,3.587,bbox,29.99,29.891,28.635,27.186,5.6706,2.2546,,,,
4130,82.6,3.512,3.587,bbox,29.99,29.891,28.635,27.232,5.6453,2.2999,,,,
4131,82.62,2.584,3.512,pose,29.99,29.937,28.635,27.272,5.6103,2.3364,0.8905,1.0343,0.639,0.6861
4132,82.64,3.369,3.369,bbox,29.99,29.937,28.635,27.317,5.5765,2.3698,,,,
4133,82.66,3.291,3.369,bbox,29.99,29.998,28.635,27.353,5.5352,2.39,,,,
4134,82.68,2.488,3.291,pose,29.99,30.032,28.635,27.387,5.5049,2.4098,0.8067,1.084,0.646,0.6578
4135,82.7,3.246,3.246,bbox,29.99,30.073,28.635,27.387,5.4896,2.4125,,,,
4136,82.72,3.292,3.291,bbox,29.99,30.073,28.635,27.427,5.5303,2.4278,,,,
4137,82.74,2.454,3.246,pose,29.99,30.103,28.635,27.427,5.4449,2.4373,0.7739,1.0547,0.638,0.5805
4138,82.76,3.202,3.202,bbox,29.99,30.103,28.635,27.427,5.4212,2.4391,,,,
4139,82.78,3.177,3.202,bbox,29.99,30.163,28.635,27.427,5.3896,2.4424,,,,
4140,82.8,2.43,3.177,pose,29.99,30.163,28.635,27.427,5.384,2.445,0.7645,1.0349,0.6204,0.5619
4141,82.82,3.182,3.177,bbox,29.99,30.218,28.635,27.459,5.372,2.4478,,,,
4142,82.84,3.176,3.177,bbox,29.99,30.218,28.635,27.459,5.356,2.4403,,,,
4143,82.86,2.448,3.176,pose,29.99,30.218,28.635,27.459,5.354,2.4394,0.7646,1.0494,0.5828,0.5908
4144,82.88,3.192,3.176,bbox,29.99,30.218,28.635,27.459,5.3751,2.4418,,,,
4145,82.9,3.161,3.176,bbox,29.99,30.218,28.635,27.459,5.3618,2.425,,,,
4146,82.92,2.422,3.161,pose,29.99,30.252,28.635,27.459,5.3523,2.4107,0.7802,1.0901,0.5927,0.6264
4147,82.94,3.129,3.129,bbox,29.99,30.252,28.635,27.459,5.3375,2.3839,,,,
4148,82.96,3.188,3.161,bbox,29.99,30.252,28.667,27.459,5.3724,2.3478,,,,
4149,82.98,2.48,3.129,pose,29.99,30.252,28.667,27.459,5.3827,2.324,0.7805,1.1131,0.6241,0.6638
4150,83.0,3.265,3.129,bbox,29.99,30.252,28.729,27.459,5.3962,2.2938,,,,
4151,83.02,3.329,3.188,bbox,29.99,30.252,28.729,27.459,5.4269,2.2616,,,,
4152,83.04,2.654,3.188,pose,30.03,30.252,28.784,27.459,5.4535,2.2409,0.802,1.0444,0.6598,0.6672
4153,83.06,3.427,3.265,bbox,30.06,30.252,28.816,27.459,5.4389,2.2154,,,,
4154,83.08,3.516,3.329,bbox,30.06,30.252,28.816,27.459,5.4797,2.1917,,,,
4155,83.1,2.944,3.329,pose,30.06,30.252,28.862,27.459,5.4975,2.1794,0.7627,0.989,0.6314,0.6451
4156,83.12,3.626,3.427,bbox,30.113,30.252,28.862,27.459,5.5077,2.1673,,,,
4157,83.14,3.687,3.516,bbox,30.113,30.252,28.898,27.459,5.5435,2.1521,,,,
4158,83.16,3.216,3.516,pose,30.113,30.252,28.898,27.459,5.563,2.1453,0.6745,0.9979,0.5914,0.605
4159,83.18,3.769,3.626,bbox,30.113,30.252,28.898,27.459,5.5058,2.136,,,,
4160,83.2,3.769,3.687,bbox,30.113,30.252,28.932,27.459,5.4936,2.1293,,,,
4161,83.22,3.383,3.687,pose,30.113,30.252,28.932,27.459,5.4577,2.1286,0.5474,1.0199,0.568,0.5784
4162,83.24,3.722,3.722,bbox,30.113,30.252,28.932,27.459,5.4381,2.1379,,,,
4163,83.26,3.706,3.722,bbox,30.113,30.252,28.932,27.459,5.4501,2.1517,,,,
4164,83.28,3.755,3.722,pose,30.113,30.252,28.932,27.459,5.5497,2.1593,0.5629,0.1191,0.5633,0.5641
4165,83.3,3.675,3.706,bbox,30.113,30.252,28.932,27.459,5.5095,2.1729,,,,
4166,83.32,3.669,3.706,bbox,30.113,30.252,28.932,27.459,5.5444,2.1956,,,,
4167,83.34,3.184,3.675,pose,30.173,30.252,28.932,27.459,5.539,2.2135,0.6046,0.9531,0.5653,0.637
4168,83.36,3.557,3.669,bbox,30.173,30.252,28.932,27.51,5.5254,2.241,,,,
4169,83.38,3.488,3.557,bbox,30.173,30.252,28.932,27.51,5.5223,2.2613,,,,
4170,83.4,2.93,3.488,pose,30.173,30.252,28.932,27.555,5.5179,2.2885,0.7351,0.8526,0.5808,0.6767
4171,83.42,3.418,3.418,bbox,30.173,30.252,28.932,27.555,5.5775,2.3206,,,,
4172,83.44,3.333,3.418,bbox,30.173,30.252,28.932,27.603,5.5304,2.3462,,,,
4173,83.46,2.679,3.333,pose,30.173,30.252,28.932,27.635,5.5072,2.376,0.8993,0.7072,0.6168,0.7351
4174,83.48,3.192,3.192,bbox,30.173,30.252,28.932,27.635,5.5075,2.421,,,,
4175,83.5,3.108,3.192,bbox,30.173,30.284,28.932,27.69,5.4846,2.4612,,,,
4176,83.52,2.552,3.108,pose,30.173,30.284,28.932,27.735,5.462,2.4954,0.9549,0.5611,0.601,0.7607
4177,83.54,3.044,3.044,bbox,30.173,30.284,28.932,27.775,5.454,2.5207,,,,
4178,83.56,3.033,3.044,bbox,30.173,30.329,28.932,27.809,5.4363,2.539,,,,
4179,83.58,2.472,3.033,pose,30.173,30.329,28.932,27.809,5.4318,2.5589,0.9868,0.5497,0.557,0.7512
4180,83.6,3.01,3.01,bbox,30.173,30.329,28.932,27.853,5.428,2.57,,,,
4181,83.62,3.023,3.023,bbox,30.173,30.359,28.932,27.853,5.4279,2.5622,,,,
4182,83.64,2.26,3.01,pose,30.173,30.359,28.932,27.853,5.4287,2.5552,0.9726,0.7773,0.5537,0.7566
4183,83.66,3.027,3.01,bbox,30.173,30.359,28.932,27.853,5.4294,2.5865,,,,
4184,83.68,3.007,3.01,bbox,30.173,30.359,28.932,27.884,5.4423,2.6217,,,,
4185,83.7,2.079,3.007,pose,30.173,30.359,28.932,27.884,5.4398,2.6726,0.9801,0.9561,0.5994,0.7171
4186,83.72,2.96,2.96,bbox,30.173,30.359,28.932,27.936,5.4446,2.6919,,,,
4187,83.74,2.955,2.96,bbox,30.173,30.359,28.932,27.987,5.46,2.7039,,,,
4188,83.76,2.075,2.955,pose,30.173,30.359,28.932,27.987,5.4711,2.7193,0.9444,0.9802,0.6217,0.6376
4189,83.78,2.968,2.955,bbox,30.173,30.359,28.932,28.018,5.4756,2.7181,,,,
4190,83.8,3.002,2.96,bbox,30.212,30.359,28.932,28.018,5.4925,2.7121,,,,
4191,83.82,2.16,2.955,pose,30.212,30.359,28.932,28.018,5.5122,2.7108,0.9099,0.9711,0.6248,0.5712
4192,83.84,3.073,2.968,bbox,30.212,30.359,28.932,28.018,5.5242,2.7173,,,,
4193,83.86,3.077,3.002,bbox,30.253,30.359,28.932,28.018,5.5332,2.7243,,,,
4194,83.88,2.529,3.002,pose,30.253,30.359,28.932,28.018,5.5493,2.7255,0.899,0.3264,0.6039,0.5899
4195,83.9,3.096,3.073,bbox,30.253,30.359,28.932,28.018,5.5508,2.7264,,,,
4196,83.92,3.107,3.077,bbox,30.29,30.359,28.932,28.018,5.554,2.724,,,,
4197,83.94,2.216,3.077,pose,30.29,30.359,28.932,28.018,5.5666,2.7174,0.9532,0.9763,0.5577,0.6396
4198,83.96,3.16,3.096,bbox,30.29,30.359,28.932,28.018,5.5652,2.7052,,,,
4199,83.98,3.2,3.107,bbox,30.29,30.359,28.932,28.018,5.5777,2.6859,,,,
4200,84.0,2.307,3.107,pose,30.29,30.359,28.932,28.018,5.5795,2.6633,0.9953,1.0011,0.5151,0.6872
4201,84.02,3.285,3.16,bbox,30.29,30.359,28.932,28.018,5.5835,2.632,,,,
4202,84.04,3.333,3.2,bbox,30.32,30.359,28.973,28.018,5.5824,2.5972,,,,
4203,84.06,2.455,3.2,pose,30.32,30.359,29.004,28.018,5.5829,2.565,0.9973,0.9425,0.5156,0.6902
4204,84.08,3.379,3.285,bbox,30.32,30.359,29.039,28.018,5.5799,2.5379,,,,
4205,84.1,3.39,3.333,bbox,30.32,30.359,29.071,28.018,5.5661,2.517,,,,
4206,84.12,2.538,3.333,pose,30.32,30.359,29.071,28.018,5.5596,2.5029,0.9812,0.9182,0.5372,0.6602
4207,84.14,3.369,3.369,bbox,30.32,30.359,29.119,28.018,5.5617,2.4923,,,,
4208,84.16,3.364,3.369,bbox,30.32,30.359,29.119,28.018,5.5562,2.4841,,,,
4209,84.18,2.474,3.364,pose,30.32,30.359,29.119,28.018,5.5389,2.4713,0.9607,0.9681,0.5427,0.62
4210,84.2,3.352,3.352,bbox,30.32,30.359,29.152,28.018,5.5125,2.4622,,,,
4211,84.22,3.348,3.352,bbox,30.32,30.4,29.152,28.018,5.4831,2.4482,,,,
4212,84.24,2.426,3.348,pose,30.32,30.4,29.152,28.018,5.4467,2.4398,0.938,0.9775,0.5658,0.6003
4213,84.26,3.281,3.281,bbox,30.32,30.456,29.188,28.018,5.3859,2.432,,,,
4214,84.28,3.246,3.281,bbox,30.32,30.492,29.188,28.018,5.3522,2.4288,,,,
4215,84.3,2.334,3.246,pose,30.32,30.553,29.188,28.018,5.3213,2.417,0.9226,0.9987,0.5601,0.6282
4216,84.32,3.216,3.216,bbox,30.32,30.587,29.188,28.018,5.3056,2.4097,,,,
4217,84.34,3.197,3.216,bbox,30.32,30.617,29.219,28.018,5.3006,2.4086,,,,
4218,84.36,2.291,3.197,pose,30.32,30.617,29.219,28.018,5.2947,2.4038,0.9843,0.9671,0.529,0.689
4219,84.38,3.195,3.195,bbox,30.32,30.617,29.219,28.018,5.2842,2.399,,,,
4220,84.4,3.186,3.195,bbox,30.32,30.617,29.219,28.018,5.2816,2.3891,,,,
4221,84.42,2.307,3.186,pose,30.32,30.655,29.219,28.018,5.2661,2.3787,0.5317,0.8988,-0.195,0.7521
4222,84.44,3.163,3.163,bbox,30.32,30.655,29.219,28.018,5.2559,2.3692,,,,
4223,84.46,3.131,3.163,bbox,30.32,30.655,29.257,28.018,5.2358,2.3596,,,,
4224,84.48,2.468,3.131,pose,30.32,30.655,29.257,28.018,5.209,2.3481,0.9981,0.7293,0.5397,0.739
4225,84.5,3.083,3.083,bbox,30.32,30.703,29.257,28.018,5.2046,2.3442,,,,
4226,84.52,3.064,3.083,bbox,30.32,30.703,29.288,28.018,5.1802,2.3305,,,,
4227,84.54,2.641,3.064,pose,30.32,30.703,29.288,28.018,5.2165,2.3178,0.9203,0.5975,0.584,0.7071
4228,84.56,3.128,3.064,bbox,30.32,30.703,29.288,28.018,5.234,2.3026,,,,
4229,84.58,3.04,3.064,bbox,30.32,30.734,29.318,28.018,5.1603,2.3004,,,,
4230,84.6,2.663,3.04,pose,30.32,30.734,29.318,28.018,5.141,2.2963,0.8379,0.5758,0.6054,0.6642
4231,84.62,2.978,2.978,bbox,30.32,30.778,29.318,28.018,5.0927,2.2917,,,,
4232,84.64,2.976,2.978,bbox,30.32,30.778,29.318,28.018,5.0821,2.2857,,,,
4233,84.66,2.572,2.976,pose,30.32,30.82,29.318,28.018,5.1187,2.2865,0.8036,0.6087,0.6167,0.625
4234,84.68,3.031,2.976,bbox,30.32,30.82,29.349,28.018,5.1226,2.2861,,,,
4235,84.7,3.045,2.978,bbox,30.32,30.82,29.349,28.018,5.1373,2.2934,,,,
4236,84.72,2.438,2.976,pose,30.32,30.82,29.349,28.018,5.1407,2.2933,0.7973,0.7185,0.6169,0.636
4237,84.74,3.051,3.031,bbox,30.32,30.82,29.349,28.018,5.11,2.2968,,,,
4238,84.76,3.048,3.045,bbox,30.32,30.82,29.349,28.018,5.1081,2.3114,,,,
4239,84.78,2.286,3.045,pose,30.32,30.82,29.349,28.018,5.0604,2.3339,0.8001,0.8714,0.5818,0.6717
4240,84.8,1.87,2.438,bbox,30.32,30.82,29.349,28.018,1.7048,2.3516,,,,
4241,84.82,,,,30.32,30.82,29.349,28.018,,,,,,
4242,84.84,,,,30.32,30.82,29.349,28.018,,,,,,
4243,84.86,,,,30.32,30.82,29.349,28.018,,,,,,
4244,84.88,,,,30.32,30.82,29.349,28.018,,,,,,
4245,84.9,,,,30.32,30.82,29.349,28.018,,,,,,
4246,84.92,,,,30.32,30.82,29.349,28.018,,,,,,
4247,84.94,,,,30.32,30.82,29.349,28.018,,,,,,
4248,84.96,,,,30.32,30.82,29.349,28.018,,,,,,
4249,84.98,,,,30.32,30.82,29.349,28.018,,,,,,
4250,85.0,,,,30.32,30.82,29.349,28.018,,,,,,
4251,85.02,,,,30.32,30.82,29.349,28.018,,,,,,
4252,85.04,,,,30.32,30.82,29.349,28.018,,,,,,
4253,85.06,,,,30.32,30.82,29.349,28.018,,,,,,
4254,85.08,,,,30.32,30.82,29.349,28.018,,,,,,
4255,85.1,,,,30.32,30.82,29.349,28.018,,,,,,
4256,85.12,,,,30.32,30.82,29.349,28.018,,,,,,
4257,85.14,,,,30.32,30.82,29.349,28.018,,,,,,
4258,85.16,,,,30.32,30.82,29.349,28.018,,,,,,
4259,85.18,,,,30.32,30.82,29.349,28.018,,,,,,
4260,85.2,,,,30.32,30.82,29.349,28.018,,,,,,
4261,85.22,,,,30.32,30.82,29.349,28.018,,,,,,
4262,85.24,,,,30.32,30.82,29.349,28.018,,,,,,
4263,85.26,,,,30.32,30.82,29.349,28.018,,,,,,
4264,85.28,,,,30.32,30.82,29.349,28.018,,,,,,
4265,85.3,,,,30.32,30.82,29.349,28.018,,,,,,
4266,85.32,,,,30.32,30.82,29.349,28.018,,,,,,
4267,85.34,,,,30.32,30.82,29.349,28.018,,,,,,
4268,85.36,,,,30.32,30.82,29.349,28.018,,,,,,
4269,85.38,,,,30.32,30.82,29.349,28.018,,,,,,
4270,85.4,,,,30.32,30.82,29.349,28.018,,,,,,
4271,85.42,1.806,2.286,bbox,30.32,30.878,29.349,28.018,1.7361,2.0968,,,,
4272,85.44,,,,30.32,30.878,29.349,28.018,,,,,,
4273,85.46,3.191,2.286,bbox,30.32,31.028,29.349,28.065,3.2814,5.0916,,,,
4274,85.48,,,,30.32,31.028,29.349,28.065,,,,,,
4275,85.5,2.365,2.286,bbox,30.32,31.178,29.349,28.065,2.1637,3.3584,0.8959,,0.723,
4276,85.52,2.324,2.324,bbox,30.32,31.178,29.349,28.233,2.1877,3.3715,,,,
4277,85.54,2.29,2.324,bbox,30.32,31.178,29.349,28.233,2.2102,3.389,,,,
4278,85.56,2.306,2.324,bbox,30.367,31.178,29.349,28.264,2.2287,3.396,0.7873,,0.7514,
4279,85.58,2.859,2.324,bbox,30.367,31.178,29.349,28.264,2.2578,4.876,,,,
4280,85.6,2.963,2.324,bbox,30.367,31.178,29.349,28.264,2.269,4.9742,,,,
4281,85.62,2.14,2.306,pose,30.414,31.178,29.349,28.421,2.2691,4.9942,0.7583,1.1222,0.7373,0.4622
4282,85.64,2.97,2.859,bbox,30.414,31.178,29.349,28.499,2.2737,4.9548,,,,
4283,85.66,2.934,2.934,bbox,30.414,31.178,29.349,28.499,2.2768,4.9292,,,,
4284,85.68,1.813,2.934,pose,30.414,31.178,29.349,28.499,2.2859,4.8725,0.8189,1.2977,0.6991,0.4263
4285,85.7,2.822,2.822,bbox,30.414,31.178,29.349,28.499,2.2975,4.8114,,,,
4286,85.72,2.79,2.822,bbox,30.414,31.178,29.432,28.499,2.3106,4.778,,,,
4287,85.74,1.78,2.79,pose,30.454,31.178,29.493,28.499,2.3188,4.7038,0.8149,1.1814,0.6974,0.4542
4288,85.76,2.75,2.75,bbox,30.454,31.178,29.526,28.499,2.3274,4.6833,,,,
4289,85.78,2.715,2.75,bbox,30.454,31.178,29.6,28.499,2.3264,4.6471,,,,
4290,85.8,1.786,2.715,pose,30.454,31.178,29.6,28.499,2.3168,4.567,0.7722,1.0972,0.6869,0.4404
4291,85.82,2.58,2.58,bbox,30.454,31.178,29.657,28.499,2.3053,4.5163,,,,
4292,85.84,2.572,2.58,bbox,30.454,31.178,29.737,28.499,2.2875,4.5141,,,,
4293,85.86,2.561,2.572,bbox,30.454,31.178,29.782,28.499,2.2832,4.5223,0.7586,,0.7515,
4294,85.88,2.595,2.572,bbox,30.454,31.178,29.782,28.499,2.2804,4.5524,,,,
4295,85.9,2.646,2.58,bbox,30.454,31.178,29.782,28.499,2.268,4.5898,,,,
4296,85.92,2.685,2.595,bbox,30.454,31.178,29.782,28.53,2.2329,4.6124,0.7396,,0.7752,
4297,85.94,2.683,2.646,bbox,30.454,31.178,29.782,28.567,2.204,4.6174,,,,
4298,85.96,2.682,2.682,bbox,30.454,31.243,29.782,28.567,2.1841,4.6293,,,,
4299,85.98,1.94,2.682,pose,30.454,31.243,29.782,28.567,2.16,4.6523,0.6726,1.0273,0.7703,0.4783
4300,86.0,2.768,2.683,bbox,30.454,31.292,29.782,28.607,2.1484,4.6909,,,,
4301,86.02,2.818,2.683,bbox,30.454,31.292,29.782,28.607,2.1416,4.7356,,,,
4302,86.04,2.073,2.682,pose,30.454,31.327,29.782,28.668,2.14,4.7637,0.6692,1.0735,0.7715,0.5114
4303,86.06,2.896,2.768,bbox,30.454,31.327,29.782,28.713,2.1381,4.8047,,,,
4304,86.08,2.981,2.818,bbox,30.454,31.327,29.782,28.713,2.1426,4.8771,,,,
4305,86.1,2.355,2.818,bbox,30.454,31.327,29.782,28.713,2.1478,3.3565,0.6898,,0.7364,
4306,86.12,2.35,2.355,bbox,30.454,31.327,29.782,28.713,2.1476,3.3419,,,,
4307,86.14,2.998,2.896,bbox,30.454,31.327,29.782,28.782,2.144,4.8422,,,,
4308,86.16,2.351,2.355,bbox,30.454,31.327,29.932,28.782,2.144,3.318,0.7328,,0.6693,
4309,86.18,2.353,2.353,bbox,30.454,31.327,29.932,28.782,2.148,3.3098,,,,
4310,86.2,2.374,2.353,bbox,30.454,31.327,29.97,28.782,2.1542,3.3055,,,,
4311,86.22,2.379,2.374,bbox,30.454,31.327,29.97,28.782,2.1621,3.3045,0.8203,,0.6859,
4312,86.24,3.229,2.374,bbox,30.454,31.327,29.97,28.782,5.0511,3.3016,,,,
4313,86.26,3.198,2.379,bbox,30.454,31.327,29.97,28.782,5.0532,3.3073,,,,
4314,86.28,3.135,3.135,bbox,30.618,31.327,29.97,28.782,5.0564,3.3087,0.902,,0.5542,
4315,86.3,2.289,3.135,bbox,30.618,31.327,29.97,28.782,2.233,3.3147,,,,
4316,86.32,2.27,3.135,bbox,30.618,31.327,29.97,28.782,2.2517,3.3212,,,,
4317,86.34,2.251,2.289,bbox,30.618,31.477,29.97,28.782,2.2635,3.3345,1.0094,,0.7493,
4318,86.36,2.258,2.27,bbox,30.618,31.477,29.97,28.782,2.2536,3.3432,,,,
4319,86.38,2.98,2.27,bbox,30.618,31.477,29.97,28.782,2.273,5.0526,,,,
4320,86.4,2.34,2.27,bbox,30.618,31.477,29.97,28.782,2.2787,3.3653,1.0178,,0.6902,
4321,86.42,,,,30.618,31.477,29.97,28.782,,,,,,
4322,86.44,,,,30.618,31.477,29.97,28.782,,,,,,
4323,86.46,,,,30.618,31.477,29.97,28.782,,,,,,
4324,86.48,,,,30.618,31.477,29.97,28.782,,,,,,
4325,86.5,,,,30.618,31.477,29.97,28.782,,,,,,
4326,86.52,,,,30.618,31.477,29.97,28.782,,,,,,
4327,86.54,,,,30.618,31.477,29.97,28.782,,,,,,
4328,86.56,,,,30.618,31.477,29.97,28.782,,,,,,
4329,86.58,,,,30.618,31.477,29.97,28.782,,,,,,
4330,86.6,,,,30.618,31.477,29.97,28.782,,,,,,
4331,86.62,,,,30.618,31.477,29.97,28.782,,,,,,
4332,86.64,,,,30.618,31.477,29.97,28.782,,,,,,
4333,86.66,,,,30.618,31.477,29.97,28.782,,,,,,
4334,86.68,2.327,2.327,bbox,30.618,31.477,29.97,28.829,2.2834,3.486,,,,
4335,86.7,2.065,2.327,pose,30.618,31.477,29.97,28.95,4.8744,3.5161,0.9655,0.3941,0.5536,0.4118
4336,86.72,2.794,2.34,bbox,30.618,31.477,29.97,28.95,4.8607,2.2683,,,,
4337,86.74,2.807,2.34,bbox,30.788,31.477,30.091,28.95,4.8457,2.2525,,,,
4338,86.76,2.406,2.406,pose,30.788,31.477,30.241,28.95,4.8358,2.2327,0.3686,0.9398,0.535,0.7204
4339,86.78,2.818,2.794,bbox,30.788,31.477,30.241,28.95,4.8048,2.2224,,,,
4340,86.8,2.812,2.807,bbox,30.788,31.477,30.277,28.95,4.7808,2.2193,,,,
4341,86.82,2.166,2.807,pose,30.788,31.518,30.277,28.95,4.7983,2.2156,0.6148,0.9344,-0.2172,0.6561
4342,86.84,3.019,2.812,bbox,30.788,31.518,30.277,28.95,4.886,2.2107,,,,
4343,86.86,2.917,2.818,bbox,30.788,31.518,30.277,28.95,4.7843,2.2073,,,,
4344,86.88,2.097,2.812,pose,30.788,31.518,30.277,28.95,4.7557,2.2038,0.9448,0.95,0.5056,0.6143
4345,86.9,2.924,2.917,bbox,30.788,31.518,30.277,28.95,4.7629,2.1924,,,,
4346,86.92,2.912,2.917,bbox,30.788,31.554,30.277,28.95,4.7692,2.1904,,,,
4347,86.94,2.952,2.917,bbox,30.788,31.554,30.317,28.95,4.8321,2.1917,,0.95,,0.6415
4348,86.96,2.885,2.912,bbox,30.788,31.554,30.317,28.95,4.8266,2.1931,,,,
4349,86.98,2.957,2.924,bbox,30.845,31.554,30.317,28.95,4.8805,2.1928,,,,
4350,87.0,2.083,2.912,pose,30.845,31.554,30.317,28.95,4.8821,2.1774,0.943,0.9603,0.5302,0.7073
4351,87.02,2.946,2.946,bbox,30.899,31.554,30.317,28.95,4.8832,2.161,,,,
4352,87.04,2.945,2.945,bbox,30.899,31.554,30.317,28.95,4.8912,2.1429,,,,
4353,87.06,2.124,2.945,pose,30.899,31.554,30.349,28.95,4.8548,2.1156,0.999,0.8861,0.5929,0.7591
4354,87.08,2.941,2.941,bbox,30.899,31.554,30.349,28.95,4.8508,2.0608,,,,
4355,87.1,2.969,2.945,bbox,30.899,31.554,30.394,28.95,4.8532,2.0316,,,,
4356,87.12,2.423,2.941,pose,30.899,31.554,30.449,28.95,4.804,1.9973,0.9524,0.7633,0.6036,0.7058
4357,87.14,2.988,2.941,bbox,30.899,31.554,30.449,28.95,4.8087,1.9657,,,,
4358,87.16,3.017,2.969,bbox,30.899,31.616,30.512,28.95,4.8179,1.9504,,,,
4359,87.18,2.791,2.969,pose,30.899,31.616,30.544,28.95,4.8342,1.9394,0.7138,0.6319,0.5272,0.691
4360,87.2,3.334,2.988,bbox,30.899,31.616,30.544,28.95,5.0828,1.9375,,,,
4361,87.22,3.474,3.017,bbox,30.899,31.616,30.544,28.95,5.1496,1.935,,,,
4362,87.24,3.156,3.156,pose,31.065,31.616,30.544,28.95,5.1627,1.927,0.6773,0.5993,0.5564,0.648
4363,87.26,3.515,3.334,bbox,31.132,31.616,30.575,28.95,5.1686,1.9189,,,,
4364,87.28,3.512,3.474,bbox,31.132,31.616,30.575,28.95,5.1686,1.9146,,,,
4365,87.3,3.165,3.474,pose,31.132,31.616,30.575,28.95,5.1731,1.9175,0.6256,0.6232,0.5562,0.6219
4366,87.32,3.502,3.502,bbox,31.132,31.616,30.575,28.95,5.1693,1.9197,,,,
4367,87.34,3.516,3.512,bbox,31.132,31.616,30.575,28.95,5.1739,1.9268,,,,
4368,87.36,3.026,3.502,pose,31.132,31.616,30.575,28.95,5.1702,1.9227,0.6734,0.6861,0.5479,0.6249
4369,87.38,3.466,3.466,bbox,31.132,31.616,30.575,28.95,5.1611,1.9333,,,,
4370,87.4,3.459,3.466,bbox,31.132,31.616,30.575,28.95,5.1565,1.9385,,,,
4371,87.42,2.728,3.459,pose,31.132,31.616,30.575,28.95,5.1406,1.9578,0.737,0.8497,0.5779,0.6742
4372,87.44,3.323,3.323,bbox,31.132,31.616,30.575,28.95,5.1257,1.9821,,,,
4373,87.46,3.261,3.323,bbox,31.132,31.616,30.575,28.95,5.0949,2.0101,,,,
4374,87.48,2.296,3.261,pose,31.132,31.616,30.575,28.997,5.0757,2.0443,0.8631,1.0072,0.62,0.6779
4375,87.5,2.78,2.78,bbox,31.132,31.671,30.575,28.997,4.8481,2.0616,,,,
4376,87.52,2.554,2.78,bbox,31.132,31.671,30.575,29.059,4.8098,2.0788,,,,
4377,87.54,2.074,2.554,pose,31.132,31.84,30.575,29.059,4.7935,2.0956,0.9085,1.1068,0.6057,0.6712
4378,87.56,2.803,2.554,bbox,31.132,31.879,30.575,29.094,4.7794,2.1013,,,,
4379,87.58,2.891,2.78,bbox,31.132,31.879,30.575,29.094,4.786,2.0934,,,,
4380,87.6,2.212,2.554,pose,31.132,31.879,30.575,29.094,4.786,2.0964,0.7922,1.1433,0.5162,0.613
4381,87.62,2.977,2.803,bbox,31.132,31.879,30.575,29.094,4.8102,2.1009,,,,
4382,87.64,3.12,2.891,bbox,31.132,31.879,30.575,29.094,4.9435,2.1258,,,,
4383,87.66,2.248,2.891,pose,31.132,31.879,30.575,29.094,4.9635,2.17,0.8397,1.0928,0.5807,0.5949
4384,87.68,3.082,2.977,bbox,31.266,31.879,30.575,29.141,4.9824,2.2203,,,,
4385,87.7,3.023,3.023,bbox,31.266,31.879,30.575,29.185,4.9884,2.2748,,,,
4386,87.72,2.202,3.023,pose,31.266,31.879,30.575,29.235,4.8115,2.3404,0.8357,1.0815,0.5802,0.6112
4387,87.74,2.642,2.642,bbox,31.266,31.879,30.575,29.29,4.7982,2.3985,,,,
4388,87.76,2.56,2.642,bbox,31.266,32.009,30.575,29.355,4.7991,2.4619,,,,
4389,87.78,2.161,2.56,pose,31.266,32.009,30.575,29.413,4.8051,2.5238,0.8821,0.895,0.6118,0.6333
4390,87.8,2.463,2.463,bbox,31.266,32.009,30.575,29.477,3.7505,2.59,,,,
4391,87.82,2.393,2.463,bbox,31.266,32.009,30.575,29.539,3.7679,2.6654,,,,
4392,87.84,1.874,2.393,bbox,31.266,32.172,30.575,29.605,2.1909,2.7393,,0.6471,,0.6296
4393,87.86,,,,31.266,32.172,30.575,29.605,,,,,,
4394,87.88,2.534,2.393,bbox,31.266,32.172,30.575,29.68,2.8556,5.1993,,,,
4395,87.9,2.252,2.393,pose,31.266,32.339,30.575,29.754,2.8749,5.2327,0.6401,0.777,0.5914,0.5788
4396,87.92,2.592,2.393,bbox,31.266,32.339,30.575,29.904,2.9032,5.2731,,,,
4397,87.94,2.557,2.534,bbox,31.266,32.339,30.575,29.938,2.9457,5.3065,,,,
4398,87.96,1.872,2.534,pose,31.266,32.339,30.575,29.978,2.9885,5.3192,1.0285,0.8044,0.5651,0.5767
4399,87.98,2.538,2.538,bbox,31.336,32.339,30.575,30.011,3.0267,5.3814,,,,
4400,88.0,2.029,2.538,bbox,31.379,32.339,30.575,30.011,3.063,2.1857,,,,
4401,88.02,,,,31.379,32.339,30.575,30.011,,,,,,
4402,88.04,,,,31.379,32.339,30.575,30.011,,,,,,
4403,88.06,,,,31.379,32.339,30.575,30.011,,,,,,
4404,88.08,,,,31.379,32.339,30.575,30.011,,,,,,
4405,88.1,,,,31.379,32.339,30.575,30.011,,,,,,
4406,88.12,,,,31.379,32.339,30.575,30.011,,,,,,
4407,88.14,,,,31.379,32.339,30.575,30.011,,,,,,
4408,88.16,,,,31.379,32.339,30.575,30.011,,,,,,
4409,88.18,,,,31.379,32.339,30.575,30.011,,,,,,
4410,88.2,,,,31.379,32.339,30.575,30.011,,,,,,
4411,88.22,,,,31.379,32.339,30.575,30.011,,,,,,
4412,88.24,,,,31.379,32.339,30.575,30.011,,,,,,
4413,88.26,,,,31.379,32.339,30.575,30.011,,,,,,
4414,88.28,,,,31.379,32.339,30.575,30.011,,,,,,
4415,88.3,,,,31.379,32.339,30.575,30.011,,,,,,
4416,88.32,,,,31.379,32.339,30.575,30.011,,,,,,
4417,88.34,,,,31.379,32.339,30.575,30.011,,,,,,
4418,88.36,,,,31.379,32.339,30.575,30.011,,,,,,
4419,88.38,,,,31.379,32.339,30.575,30.011,,,,,,
4420,88.4,2.34,2.34,bbox,31.417,32.339,30.575,30.011,3.3177,2.1324,,,,
4421,88.42,,,,31.417,32.339,30.575,30.011,,,,,,
4422,88.44,,,,31.417,32.339,30.575,30.011,,,,,,
4423,88.46,,,,31.417,32.339,30.575,30.011,,,,,,
4424,88.48,,,,31.417,32.339,30.575,30.011,,,,,,
4425,88.5,,,,31.417,32.339,30.575,30.011,,,,,,
4426,88.52,,,,31.417,32.339,30.575,30.011,,,,,,
4427,88.54,,,,31.417,32.339,30.575,30.011,,,,,,
4428,88.56,,,,31.417,32.339,30.575,30.011,,,,,,
4429,88.58,,,,31.417,32.339,30.575,30.011,,,,,,
4430,88.6,,,,31.417,32.339,30.575,30.011,,,,,,
4431,88.62,6.96,2.34,bbox,31.454,32.339,30.725,30.011,6.6976,2.1083,0.9441,,0.5646,
4432,88.64,6.944,2.538,bbox,31.604,32.339,30.778,30.011,6.7238,2.112,,,,
4433,88.66,,,,31.604,32.339,30.778,30.011,,,,,,
4434,88.68,,,,31.604,32.339,30.778,30.011,,,,,,
4435,88.7,6.874,6.874,bbox,31.754,32.339,30.778,30.011,6.8564,2.1339,,,,
4436,88.72,6.996,6.944,bbox,31.754,32.339,30.778,30.011,6.9163,2.1344,,,,
4437,88.74,6.955,6.955,bbox,31.912,32.339,30.778,30.011,6.9399,2.1431,0.4758,,0.6729,
4438,88.76,6.921,6.944,bbox,31.972,32.339,30.778,30.011,6.9787,2.1457,,,,
4439,88.78,6.866,6.921,bbox,31.972,32.339,30.778,30.011,7.035,2.144,,,,
4440,88.8,1.933,6.921,bbox,31.972,32.339,30.778,30.011,3.1864,2.1378,1.032,,0.6457,
4441,88.82,,,,31.972,32.339,30.778,30.011,,,,,,
4442,88.84,,,,31.972,32.339,30.778,30.011,,,,,,
4443,88.86,1.435,6.866,pose,31.972,32.339,30.778,30.011,3.2471,2.1033,0.929,0.5315,0.7054,0.2835
4444,88.88,7.013,6.866,bbox,32.035,32.339,30.778,30.011,7.2375,2.0966,,,,
4445,88.9,7.027,6.866,bbox,32.091,32.339,30.778,30.011,7.2475,2.0873,,,,
4446,88.92,6.836,6.836,pose,32.241,32.339,30.814,30.011,7.2728,2.0737,0.2021,0.5508,0.6385,0.3946
4447,88.94,4.125,6.836,bbox,32.241,32.339,30.814,30.011,7.335,3.2794,,,,
4448,88.96,4.126,6.836,bbox,32.276,32.339,30.814,30.011,7.3836,3.3158,,,,
4449,88.98,4.091,4.126,pose,32.339,32.339,30.814,30.161,7.4078,3.3498,0.1831,0.6188,0.6091,0.778
4450,89.0,4.028,4.125,bbox,32.387,32.339,30.814,30.198,7.4102,3.3811,,,,
4451,89.02,4.012,4.091,bbox,32.387,32.339,30.814,30.232,7.4129,3.4215,,,,
4452,89.04,4.268,4.091,pose,32.387,32.339,30.814,30.263,7.4285,3.45,0.145,0.4042,0.5578,0.8011
4453,89.06,4.053,4.053,bbox,32.387,32.339,30.814,30.304,7.4192,3.4654,,,,
4454,89.08,3.994,4.028,bbox,32.422,32.339,30.814,30.304,7.4186,3.5202,,,,
4455,89.1,4.292,4.053,pose,32.422,32.339,30.814,30.347,7.4171,3.52,0.1844,0.2285,0.5446,0.8323
4456,89.12,4.039,4.053,bbox,32.422,32.339,30.814,30.347,7.4209,3.4948,,,,
4457,89.14,4.035,4.039,bbox,32.422,32.339,30.814,30.386,7.4265,3.5036,,,,
4458,89.16,4.264,4.039,pose,32.422,32.339,30.814,30.386,7.4329,3.5028,0.2786,0.1392,0.538,0.7979
4459,89.18,3.976,4.039,bbox,32.422,32.339,30.814,30.386,7.4379,3.5362,,,,
4460,89.2,3.951,4.035,bbox,32.422,32.339,30.814,30.386,7.4524,3.569,,,,
4461,89.22,3.994,3.994,pose,32.422,32.339,30.814,30.418,7.438,3.5427,0.3758,0.2288,0.5632,0.7567
4462,89.24,3.976,3.976,bbox,32.422,32.339,30.814,30.418,7.4314,3.5071,,,,
4463,89.26,7.611,3.976,bbox,32.422,32.339,30.814,30.418,7.4283,1.9369,,,,
4464,89.28,7.607,3.994,bbox,32.422,32.339,30.814,30.418,7.4329,1.922,0.5008,,0.6252,
4465,89.3,7.561,7.561,bbox,32.422,32.339,30.993,30.418,7.415,1.9151,,,,
4466,89.32,7.457,7.561,bbox,32.422,32.339,30.993,30.418,7.3712,1.914,,,,
4467,89.34,3.405,7.561,pose,32.422,32.339,30.993,30.418,7.3332,3.5632,0.6599,0.4772,0.645,0.7028
4468,89.36,7.389,7.457,bbox,32.422,32.387,30.993,30.418,7.2794,1.9076,,,,
4469,89.38,,,,32.422,32.387,30.993,30.418,,,,,,
4470,89.4,7.316,7.389,bbox,32.422,32.425,30.993,30.418,7.1553,1.8462,0.8003,,0.6441,
4471,89.42,3.534,7.316,bbox,32.422,32.478,30.993,30.418,7.0539,3.5474,,,,
4472,89.44,3.469,3.534,bbox,32.422,32.603,30.993,30.545,6.9772,3.5519,,,,
4473,89.46,2.707,3.534,pose,32.422,32.704,31.034,30.545,6.898,3.5058,0.8947,0.8786,0.6175,0.7363
4474,89.48,3.474,3.474,bbox,32.422,32.781,31.034,30.545,6.832,3.4609,,,,
4475,89.5,3.472,3.472,bbox,32.422,32.86,31.034,30.545,6.7559,3.4236,,,,
4476,89.52,2.612,3.469,pose,32.422,32.926,31.079,30.545,6.6964,3.3588,0.9518,1.0215,0.582,0.7138
4477,89.54,3.529,3.472,bbox,32.422,33.002,31.117,30.545,6.6622,3.332,,,,
4478,89.56,3.537,3.474,bbox,32.422,33.061,31.181,30.545,6.6124,3.2955,,,,
4479,89.58,7.748,3.529,bbox,32.422,33.096,31.181,30.545,6.5639,1.3128,0.931,,0.5768,
4480,89.6,,,,32.422,33.096,31.181,30.545,,,,,,
4481,89.62,,,,32.422,33.096,31.181,30.545,,,,,,
4482,89.64,,,,32.422,33.096,31.181,30.545,,,,,,
4483,89.66,,,,32.422,33.096,31.181,30.545,,,,,,
4484,89.68,,,,32.422,33.096,31.181,30.545,,,,,,
4485,89.7,,,,32.422,33.096,31.181,30.545,,,,,,
4486,89.72,,,,32.422,33.096,31.181,30.545,,,,,,
4487,89.74,,,,32.422,33.096,31.181,30.545,,,,,,
4488,89.76,,,,32.422,33.096,31.181,30.545,,,,,,
4489,89.78,,,,32.422,33.096,31.181,30.545,,,,,,
4490,89.8,,,,32.422,33.096,31.181,30.545,,,,,,
4491,89.82,,,,32.422,33.096,31.181,30.545,,,,,,
4492,89.84,,,,32.422,33.096,31.181,30.545,,,,,,
4493,89.86,,,,32.422,33.096,31.181,30.545,,,,,,
4494,89.88,,,,32.422,33.096,31.181,30.545,,,,,,
4495,89.9,,,,32.422,33.096,31.181,30.545,,,,,,
4496,89.92,,,,32.422,33.096,31.181,30.545,,,,,,
4497,89.94,,,,32.422,33.096,31.181,30.545,,,,,,
4498,89.96,,,,32.422,33.096,31.181,30.545,,,,,,
4499,89.98,,,,32.422,33.096,31.181,30.545,,,,,,
4500,90.0,,,,32.422,33.096,31.181,30.545,,,,,,
4501,90.02,,,,32.422,33.096,31.181,30.545,,,,,,
4502,90.04,,,,32.422,33.096,31.181,30.545,,,,,,
4503,90.06,,,,32.422,33.096,31.181,30.545,,,,,,
4504,90.08,,,,32.422,33.096,31.181,30.545,,,,,,
4505,90.1,,,,32.422,33.096,31.181,30.545,,,,,,
4506,90.12,,,,32.422,33.096,31.181,30.545,,,,,,
4507,90.14,,,,32.422,33.096,31.181,30.545,,,,,,
4508,90.16,,,,32.422,33.096,31.181,30.545,,,,,,
4509,90.18,,,,32.422,33.096,31.181,30.545,,,,,,
4510,90.2,2.74,3.529,bbox,32.422,33.145,31.181,30.545,5.8972,3.4355,,,,
4511,90.22,2.78,3.529,bbox,32.422,33.194,31.181,30.545,5.8893,3.4461,,,,
4512,90.24,2.178,2.78,pose,32.422,33.344,31.181,30.622,5.89,3.467,0.4373,0.921,0.5016,0.5449
4513,90.26,2.848,2.78,bbox,32.422,33.344,31.181,30.622,5.8929,3.5202,,,,
4514,90.28,2.884,2.78,bbox,32.422,33.344,31.181,30.654,5.8991,3.5971,,,,
4515,90.3,2.352,2.78,pose,32.422,33.344,31.181,30.707,5.8753,3.6627,0.5327,0.6422,0.412,0.4778
4516,90.32,2.797,2.797,bbox,32.422,33.344,31.181,30.784,5.8123,3.7018,,,,
4517,90.34,2.67,2.797,bbox,32.422,33.344,31.181,30.849,5.7765,3.753,,,,
4518,90.36,2.506,2.67,bbox,32.422,33.429,31.181,30.888,5.719,3.7824,0.8403,,0.4332,
4519,90.38,2.355,2.506,bbox,32.422,33.465,31.181,30.94,5.6679,3.8167,,,,
4520,90.4,2.844,2.67,bbox,32.422,33.522,31.181,30.94,2.7781,3.8454,,,,
4521,90.42,,,,32.422,33.522,31.181,30.94,,,,,,
4522,90.44,,,,32.422,33.522,31.181,30.94,,,,,,
4523,90.46,,,,32.422,33.522,31.181,30.94,,,,,,
4524,90.48,,,,32.422,33.522,31.181,30.94,,,,,,
4525,90.5,3.6,2.67,bbox,32.422,33.573,31.181,30.94,1.074,2.8009,,,,
4526,90.52,3.614,2.844,bbox,32.422,33.723,31.181,30.94,1.0744,2.7988,,,,
4527,90.54,3.572,3.572,bbox,32.422,33.873,31.302,30.94,1.0688,2.794,,,,
4528,90.56,,,,32.422,33.873,31.302,30.94,,,,,,
4529,90.58,,,,32.422,33.873,31.302,30.94,,,,,,
4530,90.6,,,,32.422,33.873,31.302,30.94,,,,,,
4531,90.62,1.853,3.572,bbox,32.422,33.873,31.302,30.94,3.5801,4.9122,,,,
4532,90.64,2.138,3.572,bbox,32.422,33.873,31.302,30.94,4.7557,4.9163,,,,
4533,90.66,1.401,2.138,pose,32.572,33.873,31.302,31.09,3.6178,4.9157,0.3034,0.3935,0.2843,0.5259
4534,90.68,2.046,2.046,bbox,32.61,33.873,31.302,31.09,4.8087,4.8966,,,,
4535,90.7,2.02,2.02,bbox,32.76,33.873,31.302,31.09,4.8494,4.8521,,,,
4536,90.72,3.49,2.046,bbox,32.76,33.873,31.302,31.09,2.765,4.7904,,0.6727,,0.471
4537,90.74,3.456,2.046,bbox,32.76,34.023,31.362,31.09,1.0228,2.764,,,,
4538,90.76,,,,32.76,34.023,31.362,31.09,,,,,,
4539,90.78,,,,32.76,34.023,31.362,31.09,,,,,,
4540,90.8,,,,32.76,34.023,31.362,31.09,,,,,,
4541,90.82,,,,32.76,34.023,31.362,31.09,,,,,,
4542,90.84,,,,32.76,34.023,31.362,31.09,,,,,,
4543,90.86,,,,32.76,34.023,31.362,31.09,,,,,,
4544,90.88,3.81,3.456,bbox,32.76,34.173,31.424,31.09,0.9213,3.3898,,,,
4545,90.9,,,,32.76,34.173,31.424,31.09,,,,,,
4546,90.92,,,,32.76,34.173,31.424,31.09,,,,,,
4547,90.94,,,,32.76,34.173,31.424,31.09,,,,,,
4548,90.96,,,,32.76,34.173,31.424,31.09,,,,,,
4549,90.98,,,,32.76,34.173,31.424,31.09,,,,,,
4550,91.0,,,,32.76,34.173,31.424,31.09,,,,,,
4551,91.02,,,,32.76,34.173,31.424,31.09,,,,,,
4552,91.04,,,,32.76,34.173,31.424,31.09,,,,,,
4553,91.06,,,,32.76,34.173,31.424,31.09,,,,,,
4554,91.08,,,,32.76,34.173,31.424,31.09,,,,,,
4555,91.1,,,,32.76,34.173,31.424,31.09,,,,,,
4556,91.12,2.833,3.456,bbox,32.76,34.173,31.424,31.09,2.9211,5.621,,,,
4557,91.14,2.593,3.456,pose,32.76,34.173,31.424,31.09,2.8725,5.652,0.5117,0.1296,0.7433,0.3154
4558,91.16,2.927,2.927,bbox,32.805,34.173,31.424,31.24,2.8105,5.6907,,,,
4559,91.18,2.97,2.927,bbox,32.805,34.173,31.424,31.271,2.7676,5.7295,,,,
4560,91.2,2.394,2.833,pose,32.805,34.173,31.424,31.309,2.7172,5.766,0.3187,0.2835,0.7666,-0.6534
4561,91.22,3.1,2.927,bbox,32.805,34.216,31.424,31.348,2.6804,5.8061,,,,
4562,91.24,1.047,2.927,bbox,32.805,34.267,31.424,31.348,2.6588,3.7247,,,,
4563,91.26,2.897,2.897,pose,32.805,34.303,31.424,31.385,2.6067,5.8777,0.1269,0.3479,0.0486,-1.1212
4564,91.28,3.21,2.897,bbox,32.805,34.303,31.424,31.425,2.5757,5.9146,,,,
4565,91.3,2.734,2.897,bbox,32.805,34.303,31.424,31.496,3.6203,5.9447,,,,
4566,91.32,3.569,2.897,pose,32.805,34.377,31.424,31.533,2.5194,5.9724,0.0052,0.2353,-0.225,-0.5713
4567,91.34,3.341,3.21,bbox,32.805,34.408,31.424,31.563,2.4912,6.0002,,,,
4568,91.36,1.118,3.21,bbox,32.805,34.464,31.424,31.563,2.4725,3.6172,,,,
4569,91.38,0.779,2.734,pose,32.805,34.464,31.424,31.563,2.4555,3.613,0.2412,0.0233,0.5182,0.6717
4570,91.4,1.106,1.118,bbox,32.805,34.511,31.574,31.563,2.4482,3.5986,,,,
4571,91.42,1.117,1.117,bbox,32.805,34.511,31.574,31.563,2.4252,3.5924,,,,
4572,91.44,0.561,1.106,pose,32.805,34.511,31.574,31.563,2.3954,3.5697,0.6224,0.1441,0.7284,0.7006
4573,91.46,1.142,1.106,bbox,32.805,34.559,31.574,31.563,2.3712,3.5395,,,,
4574,91.48,1.169,1.117,bbox,32.805,34.559,31.621,31.563,2.3407,3.5352,,,,
4575,91.5,0.561,1.117,pose,32.805,34.612,31.651,31.563,2.3123,3.5315,0.6795,0.2325,0.7075,0.6776
4576,91.52,1.208,1.142,bbox,32.805,34.643,31.651,31.563,2.3047,3.512,,,,
4577,91.54,1.229,1.169,bbox,32.805,34.643,31.651,31.563,2.2849,3.509,,,,
4578,91.56,0.591,1.169,pose,32.805,34.679,31.651,31.563,2.2648,3.4975,0.6442,0.1886,0.6766,0.63
4579,91.58,1.256,1.208,bbox,32.805,34.679,31.682,31.563,2.2528,3.4923,,,,
4580,91.6,1.272,1.229,bbox,32.805,34.719,31.682,31.563,2.2358,3.4869,,,,
4581,91.62,0.698,1.229,pose,32.805,34.719,31.682,31.563,2.2159,3.4889,0.6303,0.2032,0.6753,0.6161
4582,91.64,1.27,1.256,bbox,32.805,34.719,31.682,31.563,2.196,3.4895,,,,
4583,91.66,1.336,1.27,bbox,32.805,34.768,31.682,31.563,2.1685,3.4895,,,,
4584,91.68,0.93,1.27,pose,32.805,34.768,31.682,31.563,2.1405,3.4972,0.3771,0.2133,0.552,0.6419
4585,91.7,1.372,1.27,bbox,32.805,34.815,31.682,31.563,2.1216,3.5019,,,,
4586,91.72,1.401,1.336,bbox,32.805,34.815,31.682,31.563,2.0852,3.5168,,,,
4587,91.74,1.35,1.35,pose,32.805,34.862,31.682,31.563,2.0492,3.5277,0.0756,0.262,0.3579,0.6858
4588,91.76,1.492,1.372,bbox,32.805,34.899,31.682,31.563,2.0118,3.5356,,,,
4589,91.78,1.541,1.401,bbox,32.805,34.935,31.682,31.563,1.9676,3.5403,,,,
4590,91.8,1.618,1.492,bbox,32.805,34.972,31.682,31.563,1.8909,3.5507,,0.3132,,0.7158
4591,91.82,1.644,1.541,bbox,32.805,35.016,31.682,31.595,1.8563,3.5601,,,,
4592,91.84,1.659,1.618,bbox,32.805,35.093,31.682,31.595,1.849,3.5724,,,,
4593,91.86,1.594,1.618,pose,32.805,35.127,31.682,31.595,1.8313,3.5795,0.0769,0.331,0.1504,0.704
4594,91.88,1.704,1.644,bbox,32.805,35.127,31.682,31.627,1.8145,3.5833,,,,
4595,91.9,1.742,1.659,bbox,32.805,35.127,31.682,31.627,1.7875,3.6055,,,,
4596,91.92,1.366,1.659,pose,32.805,35.169,31.682,31.627,1.7304,3.6348,0.3238,0.3303,0.4591,0.6464
4597,91.94,1.909,1.704,bbox,32.805,35.169,31.682,31.66,1.7083,3.682,,,,
4598,91.96,1.995,1.742,bbox,32.805,35.253,31.682,31.66,1.6814,3.727,,,,
4599,91.98,1.448,1.742,pose,32.805,35.253,31.682,31.736,1.6667,3.7659,0.5958,0.2457,0.7765,0.6111
4600,92.0,2.085,1.909,bbox,32.805,35.302,31.682,31.781,1.6464,3.8044,,,,
4601,92.02,2.131,1.995,bbox,32.805,35.302,31.682,31.82,1.637,3.8269,,,,
4602,92.04,1.77,1.995,pose,32.805,35.337,31.682,31.82,1.6405,2.9264,0.7257,0.2445,0.7227,0.2618
4603,92.06,2.235,2.085,bbox,32.805,35.337,31.682,31.82,1.654,2.9523,,,,
4604,92.08,2.266,2.131,bbox,32.805,35.337,31.682,31.859,1.6778,4.0456,,,,
4605,92.1,1.702,2.131,pose,32.805,35.337,31.682,31.859,1.6824,4.0607,0.7526,0.0042,0.7324,0.6608
4606,92.12,2.307,2.235,bbox,32.837,35.337,31.682,32.031,1.7073,4.0909,,,,
4607,92.14,2.3,2.266,bbox,32.837,35.337,31.682,32.031,3.0723,4.1181,,,,
4608,92.16,2.331,2.3,bbox,32.837,35.337,31.682,32.077,3.08,4.1531,,0.2498,,0.6994
4609,92.18,2.476,2.307,bbox,32.837,35.337,31.682,32.077,1.5809,4.1964,,,,
4610,92.2,2.531,2.331,bbox,32.837,35.337,31.682,32.139,1.556,4.2372,,,,
4611,92.22,2.372,2.372,bbox,33.016,35.337,31.682,32.182,3.1505,4.2845,,0.4692,,0.7186
4612,92.24,2.401,2.401,bbox,33.016,35.337,31.682,32.223,3.1615,4.3379,,,,
4613,92.26,2.442,2.442,bbox,33.095,35.337,31.682,32.27,3.1759,4.3853,,,,
4614,92.28,2.133,2.401,pose,33.095,35.337,31.682,32.323,1.5089,4.4103,0.2921,0.6125,0.6884,0.6625
4615,92.3,2.811,2.401,bbox,33.095,35.337,31.682,32.371,1.4973,4.4335,,,,
4616,92.32,2.85,2.442,bbox,33.095,35.487,31.682,32.371,1.4832,4.4619,,,,
4617,92.34,2.387,2.442,pose,33.095,35.487,31.682,32.419,1.4498,4.5002,0.0578,0.5581,0.7819,0.6476
4618,92.36,3.0,2.811,bbox,33.095,35.487,31.682,32.419,1.4276,4.5834,,,,
4619,92.38,3.067,2.85,bbox,33.095,35.546,31.682,32.486,1.4191,4.6459,,,,
4620,92.4,2.598,2.85,pose,33.095,35.546,31.682,32.569,1.4218,4.6932,0.0427,0.4823,0.6691,0.6083
4621,92.42,3.162,3.0,bbox,33.095,35.546,31.682,32.631,1.4052,4.7315,,,,
4622,92.44,3.264,3.067,bbox,33.095,35.577,31.682,32.679,1.4155,4.7957,,,,
4623,92.46,2.754,3.067,pose,33.095,35.577,31.682,32.717,1.4194,4.8704,0.3886,0.3071,0.7381,0.6453
4624,92.48,3.382,3.162,bbox,33.095,35.577,31.682,32.781,1.4327,4.938,,,,
4625,92.5,3.419,3.264,bbox,33.095,35.577,31.682,32.856,1.4459,5.0028,,,,
4626,92.52,2.92,3.264,pose,33.095,35.577,31.682,32.924,1.4573,5.0794,0.5908,0.1056,0.7111,0.6612
4627,92.54,3.567,3.382,bbox,33.095,35.577,31.682,32.988,1.4744,5.1729,,,,
4628,92.56,3.618,3.419,bbox,33.133,35.577,31.682,33.065,1.4743,5.2365,,,,
4629,92.58,3.08,3.419,pose,33.133,35.577,31.682,33.158,1.463,5.2678,0.7016,0.0732,0.696,0.6915
4630,92.6,3.72,3.567,bbox,33.133,35.577,31.682,33.222,1.4569,5.2817,,,,
4631,92.62,3.758,3.618,bbox,33.133,35.577,31.682,33.253,1.4442,5.297,,,,
4632,92.64,3.137,3.618,pose,33.133,35.577,31.682,33.253,1.4117,5.3173,0.6996,0.3111,0.6614,0.7164
4633,92.66,3.798,3.72,bbox,33.133,35.577,31.682,33.253,1.4036,5.3441,,,,
4634,92.68,3.892,3.758,bbox,33.133,35.623,31.682,33.303,1.351,5.3657,,,,
4635,92.7,3.225,3.758,pose,33.133,35.623,31.682,33.303,1.3098,5.3871,0.6015,0.5363,0.676,0.704
4636,92.72,4.016,3.798,bbox,33.133,35.683,31.682,33.351,1.2675,5.3968,,,,
4637,92.74,4.118,3.892,bbox,33.133,35.725,31.682,33.351,1.2167,5.4047,,,,
4638,92.76,3.479,3.892,pose,33.133,35.767,31.682,33.382,1.1892,5.4024,0.4172,0.5843,0.6803,0.7202
4639,92.78,4.208,4.016,bbox,33.133,35.818,31.682,33.382,1.1475,5.408,,,,
4640,92.8,4.221,4.118,bbox,33.133,35.818,31.682,33.382,1.1155,5.3976,,,,
4641,92.82,3.697,4.118,pose,33.133,35.887,31.682,33.382,1.0872,5.4074,0.2999,0.5303,0.678,0.6999
4642,92.84,4.362,4.208,bbox,33.133,35.919,31.682,33.382,1.0576,5.4327,,,,
4643,92.86,4.412,4.221,bbox,33.133,35.919,31.682,33.382,1.0217,5.465,,,,
4644,92.88,4.216,4.221,pose,33.133,35.977,31.682,33.418,0.9861,5.4969,0.0835,0.0627,0.5722,0.6697
4645,92.9,1.845,4.216,bbox,33.133,36.013,31.682,33.418,0.9392,1.7187,,,,
4646,92.92,,,,33.133,36.013,31.682,33.418,,,,,,
4647,92.94,,,,33.133,36.013,31.682,33.418,,,,,,
4648,92.96,,,,33.133,36.013,31.682,33.418,,,,,,
4649,92.98,,,,33.133,36.013,31.682,33.418,,,,,,
4650,93.0,,,,33.133,36.013,31.682,33.418,,,,,,
4651,93.02,,,,33.133,36.013,31.682,33.418,,,,,,
4652,93.04,,,,33.133,36.013,31.682,33.418,,,,,,
4653,93.06,4.556,4.362,pose,33.133,36.013,31.682,33.418,5.8496,0.711,0.1109,0.5557,0.7045,0.7734
4654,93.08,5.104,4.412,bbox,33.133,36.013,31.832,33.418,5.8546,0.6934,,,,
4655,93.1,5.17,4.556,bbox,33.283,36.013,31.982,33.418,5.8731,0.6727,,,,
4656,93.12,4.551,4.556,pose,33.283,36.013,31.982,33.418,5.9005,0.6627,0.3901,0.6812,0.7222,0.7773
4657,93.14,5.239,5.104,bbox,33.283,36.013,32.02,33.418,5.932,0.6582,,,,
4658,93.16,5.313,5.17,bbox,33.334,36.013,32.02,33.418,5.9745,0.6551,,,,
4659,93.18,4.614,5.17,pose,33.365,36.013,32.02,33.418,6.0048,0.6513,0.5803,0.6584,0.7082,0.7745
4660,93.2,5.385,5.239,bbox,33.408,36.013,32.02,33.418,6.0304,0.6377,,,,
4661,93.22,5.409,5.313,bbox,33.438,36.013,32.02,33.418,6.0386,0.6262,,,,
4662,93.24,4.786,5.313,pose,33.438,36.013,32.055,33.418,6.0341,0.6212,0.6681,0.4609,0.6875,0.7687
4663,93.26,5.401,5.385,bbox,33.438,36.013,32.055,33.418,6.0421,0.5998,,,,
4664,93.28,5.406,5.401,bbox,33.438,36.013,32.055,33.418,6.0326,0.5726,,,,
4665,93.3,4.769,5.401,pose,33.472,36.013,32.093,33.418,6.0481,0.5322,0.6748,0.5332,0.6625,0.7133
4666,93.32,5.539,5.401,bbox,33.472,36.013,32.093,33.418,6.0549,0.4876,,,,
4667,93.34,2.307,5.401,bbox,33.472,36.013,32.161,33.418,1.7914,0.4596,,,,
4668,93.36,,,,33.472,36.013,32.161,33.418,,,,,,
4669,93.38,,,,33.472,36.013,32.161,33.418,,,,,,
4670,93.4,,,,33.472,36.013,32.161,33.418,,,,,,
4671,93.42,,,,33.472,36.013,32.161,33.418,,,,,,
4672,93.44,,,,33.472,36.013,32.161,33.418,,,,,,
4673,93.46,,,,33.472,36.013,32.161,33.418,,,,,,
4674,93.48,,,,33.472,36.013,32.161,33.418,,,,,,
4675,93.5,,,,33.472,36.013,32.161,33.418,,,,,,
4676,93.52,,,,33.472,36.013,32.161,33.418,,,,,,
4677,93.54,,,,33.472,36.013,32.161,33.418,,,,,,
4678,93.56,,,,33.472,36.013,32.161,33.418,,,,,,
4679,93.58,,,,33.472,36.013,32.161,33.418,,,,,,
4680,93.6,,,,33.472,36.013,32.161,33.418,,,,,,
4681,93.62,,,,33.472,36.013,32.161,33.418,,,,,,
4682,93.64,,,,33.472,36.013,32.161,33.418,,,,,,
4683,93.66,,,,33.472,36.013,32.161,33.418,,,,,,
4684,93.68,,,,33.472,36.013,32.161,33.418,,,,,,
4685,93.7,,,,33.472,36.013,32.161,33.418,,,,,,
4686,93.72,,,,33.472,36.013,32.161,33.418,,,,,,
4687,93.74,,,,33.472,36.013,32.161,33.418,,,,,,
4688,93.76,,,,33.472,36.013,32.161,33.418,,,,,,
4689,93.78,,,,33.472,36.013,32.161,33.418,,,,,,
4690,93.8,,,,33.472,36.013,32.161,33.418,,,,,,
4691,93.82,,,,33.472,36.013,32.161,33.418,,,,,,
4692,93.84,,,,33.472,36.013,32.161,33.418,,,,,,
4693,93.86,,,,33.472,36.013,32.161,33.418,,,,,,
4694,93.88,,,,33.472,36.013,32.161,33.418,,,,,,
4695,93.9,,,,33.472,36.013,32.161,33.418,,,,,,
4696,93.92,,,,33.472,36.013,32.161,33.418,,,,,,
4697,93.94,,,,33.472,36.013,32.161,33.418,,,,,,
4698,93.96,2.304,4.769,pose,33.472,36.013,32.161,33.418,6.8477,5.3612,0.4921,0.1832,0.7089,0.4361
4699,93.98,2.266,2.307,bbox,33.472,36.013,32.161,33.418,6.874,5.3397,,,,
4700,94.0,2.292,2.304,bbox,33.638,36.013,32.161,33.568,6.9009,5.3253,,,,
4701,94.02,2.305,2.304,pose,33.638,36.013,32.161,33.568,6.9317,5.3099,0.3725,0.1652,0.7055,0.2719
4702,94.04,7.1,2.304,bbox,33.691,36.013,32.161,33.568,6.9772,1.6235,,,,
4703,94.06,,,,33.691,36.013,32.161,33.568,,,,,,
4704,94.08,,,,33.691,36.013,32.161,33.568,,,,,,
4705,94.1,,,,33.691,36.013,32.161,33.568,,,,,,
4706,94.12,,,,33.691,36.013,32.161,33.568,,,,,,
4707,94.14,,,,33.691,36.013,32.161,33.568,,,,,,
4708,94.16,,,,33.691,36.013,32.161,33.568,,,,,,
4709,94.18,,,,33.691,36.013,32.161,33.568,,,,,,
4710,94.2,,,,33.691,36.013,32.161,33.568,,,,,,
4711,94.22,,,,33.691,36.013,32.161,33.568,,,,,,
4712,94.24,,,,33.691,36.013,32.161,33.568,,,,,,
4713,94.26,,,,33.691,36.013,32.161,33.568,,,,,,
4714,94.28,,,,33.691,36.013,32.161,33.568,,,,,,
4715,94.3,,,,33.691,36.013,32.161,33.568,,,,,,
4716,94.32,,,,33.691,36.013,32.161,33.568,,,,,,
4717,94.34,,,,33.691,36.013,32.161,33.568,,,,,,
4718,94.36,,,,33.691,36.013,32.161,33.568,,,,,,
4719,94.38,,,,33.691,36.013,32.161,33.568,,,,,,
4720,94.4,,,,33.691,36.013,32.161,33.568,,,,,,
4721,94.42,,,,33.691,36.013,32.161,33.568,,,,,,
4722,94.44,,,,33.691,36.013,32.161,33.568,,,,,,
4723,94.46,,,,33.691,36.013,32.161,33.568,,,,,,
4724,94.48,,,,33.691,36.013,32.161,33.568,,,,,,
4725,94.5,,,,33.691,36.013,32.161,33.568,,,,,,
4726,94.52,,,,33.691,36.013,32.161,33.568,,,,,,
4727,94.54,,,,33.691,36.013,32.161,33.568,,,,,,
4728,94.56,,,,33.691,36.013,32.161,33.568,,,,,,
4729,94.58,,,,33.691,36.013,32.161,33.568,,,,,,
4730,94.6,,,,33.691,36.013,32.161,33.568,,,,,,
4731,94.62,,,,33.691,36.013,32.161,33.568,,,,,,
4732,94.64,,,,33.691,36.013,32.161,33.568,,,,,,
4733,94.66,5.209,2.305,bbox,33.691,36.013,32.161,33.568,3.3109,7.0591,,,,
4734,94.68,5.254,5.209,bbox,33.691,36.013,32.161,33.568,3.3098,7.0859,,0.0457,,0.65
4735,94.7,5.204,5.209,bbox,33.691,36.163,32.161,33.718,3.3045,7.0496,,,,
4736,94.72,5.072,5.209,bbox,33.691,36.163,32.161,33.718,3.3003,6.9334,,,,
4737,94.74,5.103,5.204,bbox,33.691,36.163,32.161,33.718,3.3082,6.9386,,0.0665,,0.6709
4738,94.76,3.398,5.103,bbox,33.691,36.163,32.272,33.718,3.3036,1.4698,,,,
4739,94.78,,,,33.691,36.163,32.272,33.718,,,,,,
4740,94.8,,,,33.691,36.163,32.272,33.718,,,,,,
4741,94.82,,,,33.691,36.163,32.272,33.718,,,,,,
4742,94.84,,,,33.691,36.163,32.272,33.718,,,,,,
4743,94.86,,,,33.691,36.163,32.272,33.718,,,,,,
4744,94.88,,,,33.691,36.163,32.272,33.718,,,,,,
4745,94.9,,,,33.691,36.163,32.272,33.718,,,,,,
4746,94.92,,,,33.691,36.163,32.272,33.718,,,,,,
4747,94.94,,,,33.691,36.163,32.272,33.718,,,,,,
4748,94.96,,,,33.691,36.163,32.272,33.718,,,,,,
4749,94.98,,,,33.691,36.163,32.272,33.718,,,,,,
4750,95.0,,,,33.691,36.163,32.272,33.718,,,,,,
4751,95.02,,,,33.691,36.163,32.272,33.718,,,,,,
4752,95.04,,,,33.691,36.163,32.272,33.718,,,,,,
4753,95.06,,,,33.691,36.163,32.272,33.718,,,,,,
4754,95.08,,,,33.691,36.163,32.272,33.718,,,,,,
4755,95.1,,,,33.691,36.163,32.272,33.718,,,,,,
4756,95.12,,,,33.691,36.163,32.272,33.718,,,,,,
4757,95.14,,,,33.691,36.163,32.272,33.718,,,,,,
4758,95.16,,,,33.691,36.163,32.272,33.718,,,,,,
4759,95.18,,,,33.691,36.163,32.272,33.718,,,,,,
4760,95.2,,,,33.691,36.163,32.272,33.718,,,,,,
4761,95.22,,,,33.691,36.163,32.272,33.718,,,,,,
4762,95.24,,,,33.691,36.163,32.272,33.718,,,,,,
4763,95.26,,,,33.691,36.163,32.272,33.718,,,,,,
4764,95.28,,,,33.691,36.163,32.272,33.718,,,,,,
4765,95.3,,,,33.691,36.163,32.272,33.718,,,,,,
4766,95.32,,,,33.691,36.163,32.272,33.718,,,,,,
4767,95.34,,,,33.691,36.163,32.272,33.718,,,,,,
4768,95.36,,,,33.691,36.163,32.272,33.718,,,,,,
4769,95.38,6.922,5.103,bbox,33.691,36.163,32.272,33.718,1.5568,6.7632,,,,
4770,95.4,6.853,5.103,bbox,33.691,36.163,32.427,33.718,1.5533,6.7519,,0.4467,,0.7279
4771,95.42,6.863,6.853,bbox,33.691,36.323,32.427,33.718,1.5441,6.7386,,,,
4772,95.44,6.92,6.863,bbox,33.691,36.323,32.427,33.718,1.5291,6.72,,,,
4773,95.46,6.955,6.92,bbox,33.691,36.323,32.427,33.718,1.5273,6.7136,,0.3463,,0.735
4774,95.48,6.959,6.92,bbox,33.691,36.323,32.47,33.718,1.5405,6.708,,,,
4775,95.5,6.98,6.955,bbox,33.691,36.323,32.47,33.718,1.5391,6.707,,,,
4776,95.52,6.99,6.959,bbox,33.691,36.323,32.47,33.718,1.5332,6.7079,,0.2247,,0.7549
4777,95.54,7.037,6.98,bbox,33.691,36.323,32.47,33.718,1.5373,6.7098,,,,
4778,95.56,7.044,6.99,bbox,33.691,36.323,32.47,33.718,1.5444,6.7093,,,,
4779,95.58,4.793,6.99,bbox,33.691,36.323,32.47,33.718,3.3101,6.7074,,0.1053,,0.7628
4780,95.6,4.793,6.99,bbox,33.691,36.323,32.47,33.718,3.3023,6.7089,,,,
4781,95.62,4.795,4.795,bbox,33.829,36.323,32.47,33.718,3.2924,6.7066,,,,
4782,95.64,4.762,4.793,bbox,33.829,36.323,32.47,33.718,3.2888,6.6982,,0.0354,,0.7564
4783,95.66,4.74,4.793,bbox,33.829,36.323,32.47,33.718,3.2823,6.6939,,,,
4784,95.68,4.752,4.762,bbox,33.829,36.323,32.47,33.718,3.2818,6.6931,,,,
4785,95.7,4.768,4.762,bbox,33.829,36.323,32.47,33.718,3.2799,6.6891,,0.0479,,0.7425
4786,95.72,4.773,4.762,bbox,33.829,36.323,32.47,33.718,3.2796,6.6863,,,,
4787,95.74,4.804,4.768,bbox,33.829,36.323,32.47,33.718,3.2769,6.6901,,,,
4788,95.76,4.818,4.773,bbox,33.829,36.323,32.501,33.718,3.267,6.6888,,0.077,,0.7523
4789,95.78,6.617,4.804,bbox,33.829,36.323,32.501,33.718,1.6806,6.6951,,,,
4790,95.8,4.858,4.818,bbox,33.829,36.323,32.501,33.718,3.2463,6.7026,,,,
4791,95.82,4.325,4.818,pose,33.829,36.366,32.501,33.718,3.2495,6.7148,0.5013,0.2283,0.3474,0.7405
4792,95.84,4.917,4.858,bbox,33.829,36.366,32.501,33.718,3.2568,6.7276,,,,
4793,95.86,4.923,4.917,bbox,33.829,36.366,32.501,33.718,3.2638,6.75,,,,
4794,95.88,6.559,4.917,bbox,33.829,36.366,32.501,33.757,1.707,6.7603,,0.3309,,0.7402
4795,95.9,6.602,4.923,bbox,33.829,36.366,32.501,33.757,1.7037,6.7745,,,,
4796,95.92,4.961,4.961,bbox,33.829,36.366,32.501,33.789,3.2846,6.7849,,,,
4797,95.94,4.966,4.966,bbox,33.829,36.366,32.501,33.789,3.2972,6.7907,,0.4313,,0.7424
4798,95.96,6.715,6.559,bbox,33.829,36.502,32.501,33.789,1.6781,6.7943,,,,
4799,95.98,6.712,6.602,bbox,33.829,36.502,32.501,33.82,1.6759,6.7939,,,,
4800,96.0,6.72,6.712,bbox,33.829,36.502,32.501,33.82,1.6746,6.796,,0.4731,,0.7487
4801,96.02,6.746,6.715,bbox,33.829,36.533,32.501,33.82,1.6753,6.795,,,,
4802,96.04,6.764,6.72,bbox,33.829,36.533,32.501,33.82,1.6778,6.7931,,,,
4803,96.06,6.77,6.746,bbox,33.829,36.533,32.501,33.82,1.6908,6.792,,0.498,,0.7352
4804,96.08,6.79,6.764,bbox,33.829,36.533,32.501,33.82,1.6832,6.7908,,,,
4805,96.1,6.785,6.77,bbox,33.829,36.533,32.501,33.82,1.6867,6.7952,,,,
4806,96.12,6.767,6.77,bbox,33.829,36.533,32.501,33.82,1.6836,6.7983,,0.4888,,0.745
4807,96.14,6.772,6.772,bbox,33.829,36.533,32.501,33.82,1.6882,6.8041,,,,
4808,96.16,6.739,6.772,bbox,33.829,36.533,32.501,33.82,1.6849,6.8075,,,,
4809,96.18,6.734,6.767,bbox,33.829,36.533,32.501,33.82,1.6869,6.8133,,0.4856,,0.7415
4810,96.2,6.714,6.739,bbox,33.829,36.533,32.501,33.82,1.6872,6.8175,,,,
4811,96.22,6.7,6.734,bbox,33.829,36.533,32.501,33.82,1.6833,6.8185,,,,
4812,96.24,6.693,6.714,bbox,33.829,36.533,32.501,33.82,1.6796,6.8266,,0.4647,,0.7366
4813,96.26,6.725,6.714,bbox,33.829,36.533,32.501,33.82,1.6756,6.8524,,,,
4814,96.28,6.781,6.714,bbox,33.829,36.533,32.501,33.856,1.6757,6.887,,,,
4815,96.3,6.811,6.725,bbox,33.829,36.533,32.501,33.856,1.6758,6.9135,,0.3923,,0.659
4816,96.32,6.841,6.781,bbox,33.829,36.533,32.501,33.916,1.6807,6.9387,,,,
4817,96.34,6.967,6.811,bbox,33.829,36.533,32.501,33.916,1.6888,6.9837,,,,
4818,96.36,7.114,6.841,bbox,33.829,36.533,32.501,33.968,1.6912,7.0239,,0.2009,,0.7216
4819,96.38,7.15,6.967,bbox,33.829,36.533,32.501,34.013,1.6931,7.0304,,,,
4820,96.4,7.199,7.114,bbox,33.829,36.533,32.501,34.053,1.6927,7.0303,,,,
4821,96.42,7.225,7.15,bbox,33.829,36.533,32.501,34.053,1.6974,7.0349,,0.0807,,0.6697
4822,96.44,7.224,7.199,bbox,33.829,36.533,32.501,34.053,1.7004,7.0443,,,,
4823,96.46,7.168,7.199,bbox,33.829,36.533,32.501,34.053,1.6998,7.0359,,,,
4824,96.48,7.182,7.199,bbox,33.829,36.533,32.501,34.053,1.6968,7.0372,,0.0338,,0.6499
4825,96.5,7.138,7.182,bbox,33.829,36.533,32.501,34.053,1.6946,7.037,,,,
4826,96.52,7.124,7.168,bbox,33.829,36.533,32.501,34.053,1.6973,7.0403,,,,
4827,96.54,7.1,7.138,bbox,33.829,36.533,32.501,34.053,1.6958,7.0478,,0.1965,,0.6932
4828,96.56,7.028,7.124,bbox,33.829,36.533,32.501,34.053,1.6976,7.0484,,,,
4829,96.58,6.98,7.1,bbox,33.829,36.533,32.501,34.053,1.7008,7.0429,,,,
4830,96.6,6.964,7.028,bbox,33.829,36.533,32.501,34.053,1.7046,7.0483,,0.2731,,0.6955
4831,96.62,6.971,6.98,bbox,33.829,36.533,32.501,34.053,1.7039,7.0686,,,,
4832,96.64,3.257,6.971,bbox,33.829,36.533,32.501,34.053,1.7043,3.4784,,,,
4833,96.66,,,,33.829,36.533,32.501,34.053,,,,,,
4834,96.68,,,,33.829,36.533,32.501,34.053,,,,,,
4835,96.7,,,,33.829,36.533,32.501,34.053,,,,,,
4836,96.72,,,,33.829,36.533,32.501,34.053,,,,,,
4837,96.74,,,,33.829,36.533,32.501,34.053,,,,,,
4838,96.76,,,,33.829,36.533,32.501,34.053,,,,,,
4839,96.78,,,,33.829,36.533,32.501,34.053,,,,,,
4840,96.8,,,,33.829,36.533,32.501,34.053,,,,,,
4841,96.82,,,,33.829,36.533,32.501,34.053,,,,,,
4842,96.84,,,,33.829,36.533,32.501,34.053,,,,,,
4843,96.86,,,,33.829,36.533,32.501,34.053,,,,,,
4844,96.88,,,,33.829,36.533,32.501,34.053,,,,,,
4845,96.9,,,,33.829,36.533,32.501,34.053,,,,,,
4846,96.92,,,,33.829,36.533,32.501,34.053,,,,,,
4847,96.94,,,,33.829,36.533,32.501,34.053,,,,,,
4848,96.96,,,,33.829,36.533,32.501,34.053,,,,,,
4849,96.98,,,,33.829,36.533,32.501,34.053,,,,,,
4850,97.0,,,,33.829,36.533,32.501,34.053,,,,,,
4851,97.02,,,,33.829,36.533,32.501,34.053,,,,,,
4852,97.04,,,,33.829,36.533,32.501,34.053,,,,,,
4853,97.06,,,,33.829,36.533,32.501,34.053,,,,,,
4854,97.08,,,,33.829,36.533,32.501,34.053,,,,,,
4855,97.1,,,,33.829,36.533,32.501,34.053,,,,,,
4856,97.12,,,,33.829,36.533,32.501,34.053,,,,,,
4857,97.14,,,,33.829,36.533,32.501,34.053,,,,,,
4858,97.16,,,,33.829,36.533,32.501,34.053,,,,,,
4859,97.18,,,,33.829,36.533,32.501,34.053,,,,,,
4860,97.2,,,,33.829,36.533,32.501,34.053,,,,,,
4861,97.22,,,,33.829,36.533,32.501,34.053,,,,,,
4862,97.24,,,,33.829,36.533,32.501,34.053,,,,,,
4863,97.26,5.443,6.964,bbox,33.829,36.533,32.501,34.053,3.32,7.1955,,0.1458,,0.6981
4864,97.28,5.417,5.443,bbox,33.829,36.533,32.501,34.098,3.3095,7.1765,,,,
4865,97.3,5.403,5.417,bbox,34.008,36.533,32.501,34.187,3.3025,7.1578,,,,
4866,97.32,5.082,5.403,pose,34.008,36.533,32.501,34.187,3.2937,7.1452,0.4949,0.0115,0.3609,0.677
4867,97.34,5.414,5.414,bbox,34.008,36.533,32.501,34.187,3.2834,7.1344,,,,
4868,97.36,5.399,5.403,bbox,34.008,36.533,32.501,34.187,3.2829,7.1155,,,,
4869,97.38,7.092,5.403,bbox,34.008,36.533,32.501,34.187,1.6836,7.1027,,0.0256,,0.6527
4870,97.4,5.365,5.399,bbox,34.008,36.533,32.543,34.187,3.2803,7.0964,,,,
4871,97.42,5.299,5.399,bbox,34.008,36.533,32.543,34.187,3.2836,7.0859,,,,
4872,97.44,5.293,5.365,bbox,34.008,36.533,32.543,34.187,3.2864,7.0787,,0.1835,,0.6476
4873,97.46,5.289,5.299,bbox,34.008,36.533,32.543,34.187,3.2862,7.0666,,,,
4874,97.48,7.014,5.299,bbox,34.008,36.533,32.58,34.187,1.6555,7.0431,,,,
4875,97.5,4.695,5.293,pose,34.008,36.533,32.58,34.187,3.2893,7.0076,0.0591,0.302,0.2939,0.7347
4876,97.52,5.396,5.293,bbox,34.008,36.533,32.616,34.187,3.2898,6.9741,,,,
4877,97.54,5.33,5.33,bbox,34.008,36.533,32.651,34.187,3.2905,6.9367,,,,
4878,97.56,,,,34.008,36.533,32.651,34.187,,,,,,
4879,97.58,,,,34.008,36.533,32.651,34.187,,,,,,
4880,97.6,5.15,5.33,bbox,34.008,36.533,32.685,34.187,3.297,6.861,,,,
4881,97.62,5.119,5.15,bbox,34.008,36.533,32.722,34.187,3.2974,6.8503,,0.5138,,0.7354
4882,97.64,5.094,5.15,bbox,34.008,36.533,32.798,34.187,3.2964,6.8464,,,,
4883,97.66,5.071,5.119,bbox,34.008,36.533,32.798,34.187,3.2962,6.8403,,,,
4884,97.68,5.033,5.094,bbox,34.008,36.533,32.798,34.187,3.2973,6.8263,,0.5233,,0.7356
4885,97.7,5.017,5.071,bbox,34.008,36.533,32.798,34.187,3.2978,6.8179,,,,
4886,97.72,5.01,5.033,bbox,34.008,36.533,32.833,34.187,3.2934,6.814,,,,
4887,97.74,5.008,5.017,bbox,34.008,36.533,32.833,34.187,3.2913,6.8021,,0.5473,,0.7386
4888,97.76,4.998,5.01,bbox,34.008,36.533,32.833,34.187,3.288,6.7941,,,,
4889,97.78,4.97,5.008,bbox,34.008,36.533,32.833,34.187,3.2869,6.7893,,,,
4890,97.8,4.952,4.998,bbox,34.008,36.533,32.865,34.187,3.2837,6.7871,,0.5362,,0.744
4891,97.82,4.94,4.97,bbox,34.008,36.533,32.865,34.187,3.2826,6.7812,,,,
4892,97.84,4.935,4.952,bbox,34.008,36.533,32.865,34.187,3.2874,6.7784,,,,
4893,97.86,7.093,4.952,bbox,34.008,36.533,32.865,34.187,1.3619,6.7767,,0.5298,,0.7446
4894,97.88,7.137,4.952,bbox,34.008,36.533,32.865,34.187,1.3522,6.7732,,,,
4895,97.9,4.875,4.94,bbox,34.008,36.533,32.865,34.187,3.3126,6.7673,,,,
4896,97.92,4.425,4.935,pose,34.008,36.533,32.865,34.187,3.3158,6.7668,0.3711,0.508,0.3512,0.7328
4897,97.94,4.875,4.875,bbox,34.008,36.533,32.865,34.187,3.3109,6.7661,,,,
4898,97.96,4.85,4.875,bbox,34.008,36.533,32.865,34.187,3.3204,6.7627,,,,
4899,97.98,4.876,4.875,bbox,34.008,36.533,32.865,34.187,3.3173,6.7543,,0.4627,,0.7308
4900,98.0,7.465,4.875,bbox,34.008,36.533,32.896,34.187,1.331,6.7416,,,,
4901,98.02,,,,34.008,36.533,32.896,34.187,,,,,,
4902,98.04,7.026,4.876,bbox,34.008,36.533,32.896,34.187,1.3404,6.7235,,0.3916,,0.7516
4903,98.06,4.866,4.876,bbox,34.008,36.533,32.896,34.187,3.2771,6.7129,,,,
4904,98.08,4.859,4.876,bbox,34.008,36.575,32.935,34.187,3.2607,6.7037,,,,
4905,98.1,4.347,4.866,pose,34.008,36.575,32.935,34.187,3.2556,6.6992,0.5091,0.273,0.3941,0.7498
4906,98.12,4.875,4.866,bbox,34.008,36.575,32.935,34.187,3.2462,6.6978,,,,
4907,98.14,4.85,4.859,bbox,34.008,36.575,32.935,34.187,3.2371,6.6946,,,,
4908,98.16,4.851,4.851,bbox,34.008,36.575,32.935,34.187,3.2354,6.6898,,0.0903,,0.7784
4909,98.18,4.855,4.851,bbox,34.008,36.575,32.935,34.187,3.2329,6.6834,,,,
4910,98.2,4.883,4.855,bbox,34.008,36.575,32.969,34.187,3.2342,6.6821,,,,
4911,98.22,6.516,4.855,pose,34.008,36.575,32.969,34.187,3.2355,6.6816,0.1676,0.0264,0.089,0.7547
4912,98.24,4.937,4.883,bbox,34.008,36.575,32.969,34.187,3.2346,6.6784,,,,
4913,98.26,4.944,4.937,bbox,34.008,36.575,32.969,34.187,3.2332,6.6792,,,,
4914,98.28,4.915,4.937,bbox,34.008,36.575,32.969,34.187,3.2231,6.6784,,0.0061,,0.7744
4915,98.3,4.869,4.937,bbox,34.008,36.575,32.969,34.187,3.223,6.6788,,,,
4916,98.32,4.859,4.915,bbox,34.008,36.612,32.969,34.187,3.2192,6.6801,,,,
4917,98.34,4.879,4.879,bbox,34.008,36.612,32.969,34.187,3.2046,6.6804,,0.0422,,0.7684
4918,98.36,4.874,4.874,bbox,34.008,36.612,32.969,34.187,3.1898,6.6787,,,,
4919,98.38,4.874,4.874,bbox,34.008,36.612,32.969,34.187,3.1777,6.6819,,,,
4920,98.4,5.039,4.874,pose,34.008,36.646,32.969,34.187,3.1716,6.6849,0.0227,0.1344,0.0414,0.7582
4921,98.42,4.882,4.879,bbox,34.008,36.646,32.969,34.187,3.1658,6.69,,,,
4922,98.44,4.909,4.882,bbox,34.008,36.646,32.969,34.187,3.1568,6.7003,,,,
4923,98.46,4.926,4.909,bbox,34.008,36.646,32.969,34.187,3.1312,6.7022,,0.3181,,0.7487
4924,98.48,6.837,4.926,bbox,34.008,36.679,32.969,34.187,1.4012,6.7077,,,,
4925,98.5,6.894,4.926,bbox,34.008,36.679,32.969,34.187,1.3932,6.7169,,,,
4926,98.52,6.934,6.837,bbox,34.008,36.854,32.969,34.187,1.3778,6.7324,,0.4146,,0.7508
4927,98.54,6.957,6.894,bbox,34.008,36.854,32.969,34.187,1.3695,6.7475,,,,
4928,98.56,6.984,6.934,bbox,34.008,36.854,32.969,34.23,1.3641,6.7572,,,,
4929,98.58,4.493,6.934,pose,34.008,36.854,32.969,34.23,3.1669,6.7644,0.4793,0.5021,0.3986,0.7551
4930,98.6,5.159,6.934,bbox,34.008,36.854,32.969,34.23,3.1777,6.7702,,,,
4931,98.62,5.189,5.189,bbox,34.134,36.854,32.969,34.262,3.1749,6.7769,,,,
4932,98.64,4.673,5.159,pose,34.134,36.854,32.969,34.262,3.1832,6.7837,0.2952,0.5574,0.2757,0.7325
4933,98.66,5.199,5.159,bbox,34.134,36.854,32.969,34.262,3.1821,6.7861,,,,
4934,98.68,5.199,5.189,bbox,34.134,36.854,32.969,34.262,3.1828,6.7914,,,,
4935,98.7,4.86,5.189,pose,34.134,36.854,32.969,34.262,3.1796,6.8005,0.0451,0.5618,0.2811,0.7327
4936,98.72,5.218,5.199,bbox,34.134,36.854,32.969,34.262,3.1777,6.8067,,,,
4937,98.74,5.24,5.199,bbox,34.134,36.854,32.969,34.298,3.1756,6.8145,,,,
4938,98.76,5.207,5.207,pose,34.134,36.854,32.969,34.298,3.1625,6.8231,0.0017,0.5716,-0.0168,0.7337
4939,98.78,5.316,5.218,bbox,34.134,36.854,32.969,34.298,3.1574,6.843,,,,
4940,98.8,5.333,5.24,bbox,34.134,36.854,32.969,34.298,3.1449,6.8586,,,,
4941,98.82,5.35,5.316,bbox,34.134,36.854,32.969,34.34,3.1363,6.8805,,0.5618,,0.7278
4942,98.84,3.359,5.316,bbox,34.134,36.854,32.969,34.34,3.8646,6.8896,,,,
4943,98.86,5.33,5.33,bbox,34.134,36.854,32.969,34.378,3.1333,6.8913,,,,
4944,98.88,5.307,5.33,bbox,34.134,36.885,32.969,34.378,3.1323,6.885,,0.525,,0.7247
4945,98.9,5.353,5.33,bbox,34.134,36.885,32.969,34.378,3.13,6.9159,,,,
4946,98.92,7.321,5.33,bbox,34.134,36.885,32.969,34.378,1.375,6.9608,,,,
4947,98.94,7.328,5.353,bbox,34.134,36.885,32.969,34.413,1.3728,6.984,,0.4144,,0.7426
4948,98.96,5.459,5.459,bbox,34.134,36.885,32.969,34.458,3.1221,6.9885,,,,
4949,98.98,5.499,5.499,bbox,34.134,36.885,32.969,34.458,3.119,7.035,,,,
4950,99.0,5.5,5.5,bbox,34.134,36.885,32.969,34.458,3.1179,7.0813,,0.2578,,0.714
4951,99.02,5.483,5.499,bbox,34.134,36.885,32.969,34.532,3.1186,7.0881,,,,
4952,99.04,5.467,5.483,bbox,34.134,36.885,32.969,34.578,3.1193,7.0954,,,,
4953,99.06,5.528,5.499,bbox,34.134,36.885,32.969,34.578,3.123,7.1041,,0.1077,,0.6891
4954,99.08,5.514,5.5,bbox,34.134,36.885,32.969,34.578,3.1231,7.1113,,,,
4955,99.1,5.527,5.514,bbox,34.134,36.885,32.969,34.578,3.1168,7.1007,,,,
4956,99.12,5.511,5.514,bbox,34.134,36.885,32.969,34.578,3.1091,7.1095,,0.0158,,0.6601
4957,99.14,5.57,5.527,bbox,34.134,36.885,32.969,34.578,3.1063,7.1322,,,,
4958,99.16,5.595,5.527,bbox,34.134,36.885,32.969,34.609,3.1046,7.1331,,,,
4959,99.18,7.32,5.57,bbox,34.134,36.915,32.969,34.609,1.4297,7.1314,,0.1254,,0.6786
4960,99.2,5.629,5.595,bbox,34.134,36.915,32.969,34.609,3.0909,7.1356,,,,
4961,99.22,5.642,5.629,bbox,34.134,36.915,32.969,34.609,3.0934,7.1716,,,,
4962,99.24,3.135,5.629,bbox,34.134,36.915,32.969,34.609,3.0929,1.4256,0.5019,,0.3513,
4963,99.26,,,,34.134,36.915,32.969,34.609,,,,,,
4964,99.28,,,,34.134,36.915,32.969,34.609,,,,,,
4965,99.3,,,,34.134,36.915,32.969,34.609,,,,,,
4966,99.32,,,,34.134,36.915,32.969,34.609,,,,,,
4967,99.34,,,,34.134,36.915,32.969,34.609,,,,,,
4968,99.36,,,,34.134,36.915,32.969,34.609,,,,,,
4969,99.38,,,,34.134,36.915,32.969,34.609,,,,,,
4970,99.4,,,,34.134,36.915,32.969,34.609,,,,,,
4971,99.42,,,,34.134,36.915,32.969,34.609,,,,,,
4972,99.44,,,,34.134,36.915,32.969,34.609,,,,,,
4973,99.46,,,,34.134,36.915,32.969,34.609,,,,,,
4974,99.48,,,,34.134,36.915,32.969,34.609,,,,,,
4975,99.5,,,,34.134,36.915,32.969,34.609,,,,,,
4976,99.52,,,,34.134,36.915,32.969,34.609,,,,,,
4977,99.54,,,,34.134,36.915,32.969,34.609,,,,,,
4978,99.56,,,,34.134,36.915,32.969,34.609,,,,,,
4979,99.58,,,,34.134,36.915,32.969,34.609,,,,,,
4980,99.6,,,,34.134,36.915,32.969,34.609,,,,,,
4981,99.62,,,,34.134,36.915,32.969,34.609,,,,,,
4982,99.64,,,,34.134,36.915,32.969,34.609,,,,,,
4983,99.66,,,,34.134,36.915,32.969,34.609,,,,,,
4984,99.68,,,,34.134,36.915,32.969,34.609,,,,,,
4985,99.7,,,,34.134,36.915,32.969,34.609,,,,,,
4986,99.72,,,,34.134,36.915,32.969,34.609,,,,,,
4987,99.74,,,,34.134,36.915,32.969,34.609,,,,,,
4988,99.76,,,,34.134,36.915,32.969,34.609,,,,,,
4989,99.78,,,,34.134,36.915,32.969,34.609,,,,,,
4990,99.8,,,,34.134,36.915,32.969,34.609,,,,,,
4991,99.82,,,,34.134,36.915,32.969,34.609,,,,,,
4992,99.84,,,,34.134,36.915,32.969,34.609,,,,,,
4993,99.86,7.384,5.642,bbox,34.134,36.915,32.969,34.609,1.3992,7.0044,,,,
4994,99.88,,,,34.134,36.915,32.969,34.609,,,,,,
4995,99.9,3.225,5.629,bbox,34.134,36.915,33.076,34.609,1.4074,3.1332,,0.4766,,0.3922
4996,99.92,,,,34.134,36.915,33.076,34.609,,,,,,
4997,99.94,,,,34.134,36.915,33.076,34.609,,,,,,
4998,99.96,,,,34.134,36.915,33.076,34.609,,,,,,
4999,99.98,,,,34.134,36.915,33.076,34.609,,,,,,
5000,100.0,,,,34.134,36.915,33.076,34.609,,,,,,
5001,100.02,,,,34.134,36.915,33.076,34.609,,,,,,
5002,100.04,,,,34.134,36.915,33.076,34.609,,,,,,
5003,100.06,,,,34.134,36.915,33.076,34.609,,,,,,
5004,100.08,,,,34.134,36.915,33.076,34.609,,,,,,
5005,100.1,,,,34.134,36.915,33.076,34.609,,,,,,
5006,100.12,,,,34.134,36.915,33.076,34.609,,,,,,
5007,100.14,,,,34.134,36.915,33.076,34.609,,,,,,
5008,100.16,,,,34.134,36.915,33.076,34.609,,,,,,
5009,100.18,,,,34.134,36.915,33.076,34.609,,,,,,
5010,100.2,,,,34.134,36.915,33.076,34.609,,,,,,
5011,100.22,,,,34.134,36.915,33.076,34.609,,,,,,
5012,100.24,,,,34.134,36.915,33.076,34.609,,,,,,
5013,100.26,,,,34.134,36.915,33.076,34.609,,,,,,
5014,100.28,,,,34.134,36.915,33.076,34.609,,,,,,
5015,100.3,,,,34.134,36.915,33.076,34.609,,,,,,
5016,100.32,,,,34.134,36.915,33.076,34.609,,,,,,
5017,100.34,,,,34.134,36.915,33.076,34.609,,,,,,
5018,100.36,,,,34.134,36.915,33.076,34.609,,,,,,
5019,100.38,,,,34.134,36.915,33.076,34.609,,,,,,
5020,100.4,,,,34.134,36.915,33.076,34.609,,,,,,
5021,100.42,,,,34.134,36.915,33.076,34.609,,,,,,
5022,100.44,,,,34.134,36.915,33.076,34.609,,,,,,
5023,100.46,,,,34.134,36.915,33.076,34.609,,,,,,
5024,100.48,,,,34.134,36.915,33.076,34.609,,,,,,
5025,100.5,,,,34.134,36.915,33.076,34.609,,,,,,
5026,100.52,,,,34.134,36.915,33.076,34.609,,,,,,
5027,100.54,,,,34.134,36.915,33.076,34.609,,,,,,
5028,100.56,,,,34.134,36.915,33.076,34.609,,,,,,
5029,100.58,,,,34.134,36.915,33.076,34.609,,,,,,
5030,100.6,,,,34.134,36.915,33.076,34.609,,,,,,
5031,100.62,,,,34.134,36.915,33.076,34.609,,,,,,
5032,100.64,,,,34.134,36.915,33.076,34.609,,,,,,
5033,100.66,,,,34.134,36.915,33.076,34.609,,,,,,
5034,100.68,,,,34.134,36.915,33.076,34.609,,,,,,
5035,100.7,,,,34.134,36.915,33.076,34.609,,,,,,
5036,100.72,,,,34.134,36.915,33.076,34.609,,,,,,
5037,100.74,,,,34.134,36.915,33.076,34.609,,,,,,
5038,100.76,,,,34.134,36.915,33.076,34.609,,,,,,
5039,100.78,,,,34.134,36.915,33.076,34.609,,,,,,
5040,100.8,,,,34.134,36.915,33.076,34.609,,,,,,
5041,100.82,,,,34.134,36.915,33.076,34.609,,,,,,
5042,100.84,,,,34.134,36.915,33.076,34.609,,,,,,
5043,100.86,,,,34.134,36.915,33.076,34.609,,,,,,
5044,100.88,3.75,3.75,bbox,34.134,36.915,33.226,34.609,3.1374,1.2957,,,,
5045,100.9,,,,34.134,36.915,33.226,34.609,,,,,,
5046,100.92,3.754,3.75,bbox,34.134,36.915,33.376,34.609,3.1301,1.2936,0.2269,,0.2926,
5047,100.94,3.798,3.754,bbox,34.134,36.915,33.506,34.609,3.131,1.2913,,,,
5048,100.96,5.237,3.754,bbox,34.134,36.915,33.506,34.609,3.8497,1.2863,,,,
5049,100.98,7.409,3.798,bbox,34.165,36.915,33.506,34.609,6.6403,1.2829,0.1789,,0.7359,
5050,101.0,4.949,4.949,bbox,34.315,36.915,33.506,34.609,6.6422,3.1176,,,,
5051,101.02,5.03,5.03,bbox,34.465,36.915,33.506,34.609,6.6378,3.115,,,,
5052,101.04,4.656,5.03,pose,34.465,36.915,33.506,34.754,6.632,3.0948,0.3079,0.4914,0.7097,0.2635
5053,101.06,5.091,5.03,bbox,34.465,36.915,33.506,34.754,6.642,3.0753,,,,
5054,101.08,5.125,5.03,bbox,34.465,36.915,33.506,34.754,6.6564,3.0581,,,,
5055,101.1,4.73,5.03,pose,34.465,36.915,33.506,34.754,6.6689,3.0443,0.4187,0.0036,0.7271,-0.0318
5056,101.12,5.208,5.091,bbox,34.465,36.915,33.543,34.754,6.6943,3.0265,,,,
5057,101.14,5.295,5.125,bbox,34.496,36.915,33.543,34.754,6.7061,3.0057,,,,
5058,101.16,5.035,5.125,pose,34.496,36.915,33.574,34.754,6.713,2.993,0.4879,0.0067,0.7314,0.0347
5059,101.18,5.382,5.208,bbox,34.534,36.915,33.574,34.754,6.7251,2.9838,,,,
5060,101.2,5.394,5.295,bbox,34.534,36.915,33.608,34.754,6.7302,2.9741,,,,
5061,101.22,,,,34.534,36.915,33.608,34.754,,,,,,
5062,101.24,5.401,5.382,bbox,34.534,36.915,33.608,34.754,6.7239,2.9639,,,,
5063,101.26,5.445,5.394,bbox,34.534,36.915,33.608,34.754,6.7341,2.9561,,,,
5064,101.28,5.481,5.401,bbox,34.534,36.915,33.608,34.754,6.7485,2.96,0.5236,,0.722,
5065,101.3,5.502,5.445,bbox,34.534,36.915,33.638,34.754,6.7558,2.9623,,,,
5066,101.32,5.528,5.481,bbox,34.576,36.915,33.638,34.754,6.7658,2.9534,,,,
5067,101.34,5.499,5.499,bbox,34.576,36.915,33.638,34.754,6.7746,2.9459,0.0554,,0.7532,
5068,101.36,5.501,5.501,bbox,34.576,36.915,33.638,34.754,6.7844,2.9375,,,,
5069,101.38,5.466,5.501,bbox,34.576,36.915,33.638,34.754,6.7955,2.9316,,,,
5070,101.4,5.384,5.499,bbox,34.612,36.915,33.638,34.754,6.7892,2.9244,0.499,,0.7391,
5071,101.42,5.331,5.466,bbox,34.612,36.915,33.669,34.754,6.8042,2.9191,,,,
5072,101.44,5.322,5.384,bbox,34.612,36.915,33.669,34.754,6.818,2.9119,,,,
5073,101.46,5.308,5.331,bbox,34.612,36.915,33.669,34.754,6.8378,2.9072,0.4709,,0.7101,
5074,101.48,5.237,5.322,bbox,34.646,36.915,33.669,34.754,6.8517,2.9046,,,,
5075,101.5,5.272,5.308,bbox,34.646,36.915,33.669,34.754,6.8848,2.9046,,,,
5076,101.52,5.268,5.272,pose,34.679,36.915,33.669,34.754,6.9124,2.9088,0.3516,0.0518,0.7138,0.2932
5077,101.54,5.425,5.272,bbox,34.712,36.915,33.669,34.754,6.9396,2.9132,,,,
5078,101.56,5.436,5.272,bbox,34.712,36.915,33.669,34.754,6.9565,2.9355,,,,
5079,101.58,4.985,5.272,pose,34.767,36.915,33.669,34.754,6.9682,2.9514,0.1706,0.5456,0.7055,0.3568
5080,101.6,5.499,5.425,bbox,34.767,36.915,33.669,34.754,7.0112,2.9542,,,,
5081,101.62,5.598,5.436,bbox,34.767,36.915,33.669,34.754,7.0314,2.9592,,,,
5082,101.64,5.618,5.499,pose,34.839,36.915,33.669,34.754,7.0335,2.9632,0.0692,0.0238,0.6892,-0.0719
5083,101.66,5.721,5.598,bbox,34.839,36.915,33.669,34.754,7.0398,2.965,,,,
5084,101.68,5.785,5.618,bbox,34.839,36.915,33.669,34.786,7.0703,2.9665,,,,
5085,101.7,5.787,5.721,bbox,34.839,36.915,33.669,34.786,7.0842,2.9655,0.0515,,0.6961,
5086,101.72,5.776,5.776,bbox,34.898,36.915,33.669,34.786,7.0869,2.9636,,,,
5087,101.74,5.771,5.776,bbox,34.898,36.915,33.669,34.786,7.1064,2.9632,,,,
5088,101.76,,,,34.898,36.915,33.669,34.786,,,,,,
5089,101.78,8.452,5.785,bbox,34.898,36.915,33.669,34.786,7.1425,1.0569,,,,
5090,101.8,8.448,5.787,bbox,34.934,36.915,33.669,34.786,7.1428,1.0662,,,,
5091,101.82,8.436,8.436,bbox,34.966,36.915,33.819,34.786,7.1384,1.0764,0.0661,,0.7563,
5092,101.84,8.407,8.436,bbox,34.966,36.915,33.819,34.786,7.133,1.0811,,,,
5093,101.86,8.45,8.448,bbox,34.966,36.915,33.819,34.786,7.1401,1.0972,,,,
5094,101.88,,,,34.966,36.915,33.819,34.786,,,,,,
5095,101.9,,,,34.966,36.915,33.819,34.786,,,,,,
5096,101.92,,,,34.966,36.915,33.819,34.786,,,,,,
5097,101.94,7.994,8.436,pose,34.966,36.915,33.819,34.786,7.1484,1.1243,0.1576,0.4908,0.7611,0.2512
5098,101.96,8.348,8.407,bbox,34.966,36.915,33.819,34.786,7.1498,1.1342,,,,
5099,101.98,8.331,8.348,bbox,34.966,36.915,33.819,34.834,7.1536,1.1397,,,,
5100,102.0,8.267,8.331,pose,34.966,36.915,33.819,34.834,7.1544,1.1578,0.1147,0.024,0.7627,0.182
5101,102.02,,,,34.966,36.915,33.819,34.834,,,,,,
5102,102.04,,,,34.966,36.915,33.819,34.834,,,,,,
5103,102.06,5.562,8.267,pose,34.966,36.915,33.819,34.834,7.1714,2.8644,0.0928,0.4396,0.7528,0.3904
5104,102.08,5.956,8.267,bbox,34.966,36.915,33.819,34.867,7.1814,2.8649,,,,
5105,102.1,8.335,8.267,bbox,34.999,36.915,33.819,34.957,7.1975,1.2477,,,,
5106,102.12,,,,34.999,36.915,33.819,34.957,,,,,,
5107,102.14,,,,34.999,36.915,33.819,34.957,,,,,,
5108,102.16,,,,34.999,36.915,33.819,34.957,,,,,,
5109,102.18,,,,34.999,36.915,33.819,34.957,,,,,,
5110,102.2,,,,34.999,36.915,33.819,34.957,,,,,,
5111,102.22,,,,34.999,36.915,33.819,34.957,,,,,,
5112,102.24,,,,34.999,36.915,33.819,34.957,,,,,,
5113,102.26,,,,34.999,36.915,33.819,34.957,,,,,,
5114,102.28,,,,34.999,36.915,33.819,34.957,,,,,,
5115,102.3,,,,34.999,36.915,33.819,34.957,,,,,,
5116,102.32,,,,34.999,36.915,33.819,34.957,,,,,,
5117,102.34,,,,34.999,36.915,33.819,34.957,,,,,,
5118,102.36,,,,34.999,36.915,33.819,34.957,,,,,,
5119,102.38,,,,34.999,36.915,33.819,34.957,,,,,,
5120,102.4,,,,34.999,36.915,33.819,34.957,,,,,,
5121,102.42,,,,34.999,36.915,33.819,34.957,,,,,,
5122,102.44,,,,34.999,36.915,33.819,34.957,,,,,,
5123,102.46,,,,34.999,36.915,33.819,34.957,,,,,,
5124,102.48,,,,34.999,36.915,33.819,34.957,,,,,,
5125,102.5,,,,34.999,36.915,33.819,34.957,,,,,,
5126,102.52,,,,34.999,36.915,33.819,34.957,,,,,,
5127,102.54,,,,34.999,36.915,33.819,34.957,,,,,,
5128,102.56,,,,34.999,36.915,33.819,34.957,,,,,,
5129,102.58,7.526,7.526,bbox,34.999,36.915,33.819,35.107,7.2426,2.0125,,,,
5130,102.6,6.098,6.098,pose,34.999,36.915,33.819,35.107,7.2331,2.0106,0.1312,0.0943,0.6723,0.0551
5131,102.62,,,,34.999,36.915,33.819,35.107,,,,,,
5132,102.64,,,,34.999,36.915,33.819,35.107,,,,,,
5133,102.66,,,,34.999,36.915,33.819,35.107,,,,,,
5134,102.68,,,,34.999,36.915,33.819,35.107,,,,,,
5135,102.7,,,,34.999,36.915,33.819,35.107,,,,,,
5136,102.72,,,,34.999,36.915,33.819,35.107,,,,,,
5137,102.74,,,,34.999,36.915,33.819,35.107,,,,,,
5138,102.76,,,,34.999,36.915,33.819,35.107,,,,,,
5139,102.78,,,,34.999,36.915,33.819,35.107,,,,,,
5140,102.8,,,,34.999,36.915,33.819,35.107,,,,,,
5141,102.82,5.234,6.098,bbox,34.999,36.915,33.819,35.107,7.0994,3.2667,,,,
5142,102.84,,,,34.999,36.915,33.819,35.107,,,,,,
5143,102.86,,,,34.999,36.915,33.819,35.107,,,,,,
5144,102.88,,,,34.999,36.915,33.819,35.107,,,,,,
5145,102.9,5.925,6.098,pose,34.999,36.915,33.819,35.107,6.997,0.3513,0.619,0.0516,0.6978,0.9147
5146,102.92,6.028,6.028,bbox,34.999,36.987,33.819,35.107,6.9804,0.3492,,,,
5147,102.94,6.051,6.028,bbox,34.999,37.089,33.971,35.107,6.9675,0.3443,,,,
5148,102.96,5.949,5.949,pose,34.999,37.089,33.971,35.107,6.9572,0.3408,0.674,0.0307,0.691,0.9171
5149,102.98,6.097,6.028,bbox,34.999,37.089,33.971,35.107,6.9475,0.3349,,,,
5150,103.0,6.133,6.051,bbox,34.999,37.129,33.971,35.107,6.9339,0.3297,,,,
5151,103.02,5.901,6.051,pose,34.999,37.129,33.971,35.107,6.9156,0.3277,0.712,0.2082,0.7043,0.951
5152,103.04,6.172,6.097,bbox,34.999,37.129,33.971,35.107,6.9062,0.3272,,,,
5153,103.06,6.208,6.133,bbox,34.999,37.171,33.971,35.107,6.8992,0.3246,,,,
5154,103.08,5.959,6.133,pose,34.999,37.171,33.971,35.107,6.8807,0.321,0.7142,0.1642,0.6879,0.92
5155,103.1,6.184,6.172,bbox,34.999,37.171,33.971,35.107,6.8758,0.3186,,,,
5156,103.12,6.218,6.184,bbox,34.999,37.206,34.001,35.107,6.8727,0.3142,,,,
5157,103.14,5.958,6.184,pose,34.999,37.206,34.001,35.107,6.8722,0.3165,0.7257,0.1905,0.6891,0.916
5158,103.16,6.217,6.184,bbox,34.999,37.206,34.001,35.107,6.87,0.3226,,,,
5159,103.18,6.201,6.201,bbox,34.999,37.206,34.001,35.107,6.8696,0.3304,,,,
5160,103.2,6.008,6.201,pose,34.999,37.206,34.001,35.107,6.8686,0.3382,0.7096,0.0633,0.6897,0.9692
5161,103.22,6.196,6.196,bbox,34.999,37.206,34.001,35.107,6.8681,0.3446,,,,
5162,103.24,6.19,6.196,bbox,34.999,37.206,34.001,35.107,6.8656,0.3538,,,,
5163,103.26,6.047,6.19,pose,34.999,37.206,34.001,35.107,6.8652,0.3625,0.691,0.0018,0.6965,0.978
5164,103.28,6.179,6.179,bbox,34.999,37.206,34.001,35.14,6.8639,0.3705,,,,
5165,103.3,6.151,6.179,bbox,34.999,37.206,34.001,35.14,6.8605,0.3745,,,,
5166,103.32,6.011,6.151,pose,34.999,37.206,34.001,35.14,6.8512,0.38,0.6707,0.1609,0.7086,0.9733
5167,103.34,6.011,6.047,bbox,34.999,37.206,34.001,35.14,6.8283,0.3892,,,,
5168,103.36,5.879,6.011,bbox,34.999,37.206,34.001,35.14,6.824,0.3974,,,,
5169,103.38,5.911,6.011,pose,34.999,37.258,34.001,35.175,6.8122,0.4031,0.642,0.2064,0.723,0.9793
5170,103.4,6.065,6.011,bbox,34.999,37.258,34.001,35.175,6.8133,0.4131,,,,
5171,103.42,6.065,6.011,bbox,34.999,37.258,34.001,35.175,6.802,0.4224,,,,
5172,103.44,6.027,6.027,pose,34.999,37.258,34.001,35.175,6.8012,0.4335,0.6162,0.2381,0.7402,0.8647
5173,103.46,6.15,6.065,bbox,34.999,37.258,34.001,35.208,6.7878,0.4371,,,,
5174,103.48,6.182,6.065,bbox,34.999,37.258,34.001,35.208,6.7814,0.4378,,,,
5175,103.5,6.176,6.15,pose,34.999,37.299,34.001,35.208,6.7818,0.4422,0.6011,0.1853,0.7444,0.853
5176,103.52,6.176,6.176,bbox,34.999,37.299,34.001,35.208,6.7471,0.4477,,,,
5177,103.54,6.117,6.176,bbox,34.999,37.299,34.001,35.208,6.7436,0.4755,,,,
5178,103.56,5.928,6.176,pose,34.999,37.339,34.001,35.208,6.7356,0.4915,0.6149,0.02,0.7237,-0.0546
5179,103.58,6.118,6.118,bbox,34.999,37.339,34.001,35.262,6.7387,0.5071,,,,
5180,103.6,6.069,6.117,bbox,34.999,37.339,34.001,35.262,6.7349,0.5243,,,,
5181,103.62,5.945,6.069,pose,34.999,37.339,34.001,35.293,6.7392,0.5411,0.4115,0.0465,0.7392,-0.045
5182,103.64,6.034,6.034,bbox,34.999,37.339,34.001,35.293,6.7344,0.551,,,,
5183,103.66,6.007,6.034,bbox,34.999,37.339,34.001,35.327,6.7356,0.564,,,,
5184,103.68,5.887,6.007,pose,34.999,37.339,34.001,35.327,6.7302,0.5796,0.6413,0.1408,0.7137,0.9149
5185,103.7,5.906,5.945,bbox,34.999,37.339,34.001,35.327,6.7339,0.5977,,,,
5186,103.72,5.883,5.906,bbox,34.999,37.339,34.001,35.366,6.761,0.6157,,,,
5187,103.74,5.63,5.887,pose,34.999,37.339,34.001,35.366,6.739,0.6195,0.6315,0.3425,0.6935,0.8764
5188,103.76,5.844,5.883,bbox,34.999,37.339,34.001,35.402,6.7648,0.6209,,,,
5189,103.78,5.89,5.883,bbox,34.999,37.339,34.001,35.402,6.8149,0.6404,,,,
5190,103.8,5.496,5.844,pose,34.999,37.339,34.001,35.402,6.8156,0.661,0.6413,0.4782,0.7128,0.8876
5191,103.82,5.87,5.844,bbox,35.067,37.339,34.001,35.402,6.8226,0.6713,,,,
5192,103.84,5.854,5.854,bbox,35.067,37.339,34.001,35.447,6.8282,0.6741,,,,
5193,103.86,5.398,5.854,pose,35.067,37.339,34.001,35.447,6.833,0.6958,0.6499,0.5505,0.7184,0.8719
5194,103.88,5.835,5.835,bbox,35.067,37.339,34.001,35.447,6.8302,0.6879,,,,
5195,103.9,5.795,5.835,bbox,35.067,37.339,34.001,35.447,6.8344,0.7054,,,,
5196,103.92,5.32,5.795,pose,35.067,37.339,34.001,35.482,6.8398,0.7045,0.6462,0.5955,0.7039,0.8745
5197,103.94,5.799,5.795,bbox,35.067,37.339,34.001,35.482,6.853,0.7066,,,,
5198,103.96,5.787,5.795,bbox,35.067,37.339,34.001,35.482,6.8581,0.7142,,,,
5199,103.98,5.302,5.787,pose,35.105,37.339,34.001,35.482,6.8626,0.7203,0.6362,0.585,0.6932,0.8411
5200,104.0,5.752,5.752,bbox,35.105,37.339,34.001,35.482,6.869,0.7287,,,,
5201,104.02,5.68,5.752,bbox,35.105,37.339,34.001,35.482,6.8747,0.756,,,,
5202,104.04,5.226,5.68,pose,35.105,37.339,34.001,35.515,6.8843,0.7611,0.6138,0.5203,0.6865,0.8379
5203,104.06,5.641,5.641,bbox,35.105,37.339,34.001,35.515,6.9006,0.7757,,,,
5204,104.08,5.619,5.641,bbox,35.136,37.339,34.001,35.547,6.9176,0.8023,,,,
5205,104.1,5.247,5.619,pose,35.136,37.339,34.001,35.547,6.9516,0.837,0.5345,0.4475,0.7017,0.8181
5206,104.12,5.612,5.612,bbox,35.169,37.339,34.001,35.588,6.9783,0.8788,,,,
5207,104.14,5.598,5.612,bbox,35.203,37.339,34.001,35.623,7.01,0.9254,,,,
5208,104.16,5.367,5.598,pose,35.203,37.339,34.001,35.665,7.03,0.9726,0.4448,0.2895,0.708,0.8099
5209,104.18,5.576,5.576,bbox,35.262,37.339,34.001,35.711,7.0506,1.0273,,,,
5210,104.2,5.544,5.576,bbox,35.262,37.339,34.001,35.759,7.0665,1.0711,,,,
5211,104.22,5.402,5.544,pose,35.302,37.339,34.001,35.813,7.0804,1.1264,0.4477,0.1034,0.7134,0.8083
5212,104.24,5.473,5.473,bbox,35.302,37.339,34.001,35.857,7.0862,1.1641,,,,
5213,104.26,5.465,5.473,bbox,35.302,37.339,34.001,35.912,7.0949,1.1923,,,,
5214,104.28,5.372,5.465,pose,35.338,37.339,34.001,35.95,7.0924,1.21,0.4559,0.0027,0.7059,0.8
5215,104.3,5.43,5.43,bbox,35.338,37.339,34.001,35.95,7.0917,1.2367,,,,
5216,104.32,5.424,5.43,bbox,35.338,37.339,34.001,35.996,7.0894,1.2522,,,,
5217,104.34,5.178,5.424,pose,35.338,37.339,34.001,35.996,7.0823,1.2725,0.4662,0.2801,0.6948,0.8329
5218,104.36,5.381,5.381,bbox,35.338,37.339,34.001,36.038,7.0714,1.286,,,,
5219,104.38,5.349,5.381,bbox,35.338,37.339,34.001,36.038,7.0494,1.2893,,,,
5220,104.4,4.926,5.349,pose,35.338,37.339,34.001,36.072,7.0276,1.3106,0.5205,0.4485,0.6975,0.8508
5221,104.42,5.311,5.311,bbox,35.338,37.376,34.001,36.072,7.0112,1.318,,,,
5222,104.44,5.283,5.311,bbox,35.338,37.376,34.001,36.072,6.9822,1.3318,,,,
5223,104.46,4.762,5.283,pose,35.338,37.414,34.001,36.104,6.9649,1.3597,0.5865,0.6173,0.7011,0.8281
5224,104.48,5.24,5.24,bbox,35.338,37.414,34.001,36.104,6.95,1.3771,,,,
5225,104.5,5.224,5.24,bbox,35.338,37.461,34.001,36.146,6.9329,1.3965,,,,
5226,104.52,4.606,5.224,pose,35.338,37.461,34.001,36.146,6.913,1.4125,0.6172,0.7655,0.702,0.8051
5227,104.54,5.168,5.168,bbox,35.338,37.493,34.001,36.183,6.8952,1.4204,,,,
5228,104.56,5.141,5.168,bbox,35.338,37.493,34.001,36.183,6.8888,1.4334,,,,
5229,104.58,4.568,5.141,pose,35.338,37.53,34.001,36.183,6.8683,1.4436,0.6342,0.7891,0.6979,0.7852
5230,104.6,5.127,5.127,bbox,35.338,37.53,34.001,36.219,6.856,1.4507,,,,
5231,104.62,5.111,5.127,bbox,35.338,37.53,34.001,36.219,6.8493,1.4715,,,,
5232,104.64,4.568,5.111,pose,35.338,37.569,34.001,36.219,6.8461,1.489,0.6418,0.8074,0.7082,0.7927
5233,104.66,5.103,5.103,bbox,35.338,37.569,34.001,36.258,6.8425,1.5082,,,,
5234,104.68,5.1,5.103,bbox,35.338,37.569,34.001,36.258,6.8402,1.5263,,,,
5235,104.7,4.745,5.1,pose,35.338,37.569,34.001,36.294,6.8394,1.5453,0.6393,0.6007,0.7099,0.8312
5236,104.72,5.067,5.067,bbox,35.338,37.569,34.001,36.294,6.8367,1.5721,,,,
5237,104.74,5.065,5.067,bbox,35.338,37.569,34.001,36.331,6.839,1.5875,,,,
5238,104.76,4.597,5.065,pose,35.338,37.569,34.001,36.331,6.8364,1.5996,0.6232,0.7935,0.6929,0.7818
5239,104.78,5.024,5.024,bbox,35.338,37.569,34.001,36.374,6.8322,1.6174,,,,
5240,104.8,5.019,5.024,bbox,35.338,37.569,34.001,36.374,6.8293,1.6446,,,,
5241,104.82,4.586,5.019,pose,35.338,37.569,34.001,36.374,6.8334,1.6712,0.6285,0.7572,0.6951,0.7702
5242,104.84,4.959,4.959,bbox,35.338,37.569,34.001,36.431,6.839,1.7,,,,
5243,104.86,4.329,4.959,bbox,35.338,37.569,34.001,36.431,6.8364,1.7142,,,,
5244,104.88,4.443,4.586,pose,35.338,37.569,34.001,36.486,6.8279,1.7294,0.6194,0.6959,0.7142,0.7562
5245,104.9,4.877,4.586,bbox,35.338,37.569,34.001,36.486,6.8383,1.74,,,,
5246,104.92,4.644,4.644,bbox,35.338,37.569,34.001,36.486,6.8366,1.7439,,,,
5247,104.94,4.57,4.57,pose,35.338,37.569,34.001,36.526,6.832,1.7459,0.6278,0.5989,0.7227,0.776
5248,104.96,4.37,4.57,bbox,35.338,37.569,34.001,36.526,6.824,1.7538,,,,
5249,104.98,,,,35.338,37.569,34.001,36.526,,,,,,
5250,105.0,4.587,4.587,pose,35.338,37.569,34.001,36.526,6.8327,1.7494,0.6407,0.5493,0.716,0.7878
5251,105.02,4.912,4.587,bbox,35.338,37.569,34.001,36.526,6.8348,1.753,,,,
5252,105.04,4.914,4.587,bbox,35.338,37.569,34.001,36.526,6.8349,1.7466,,,,
5253,105.06,4.599,4.599,pose,35.338,37.569,34.001,36.526,6.8363,1.7472,0.6386,0.569,0.7121,0.807
5254,105.08,4.928,4.912,bbox,35.338,37.569,34.001,36.526,6.8366,1.7339,,,,
5255,105.1,4.933,4.914,bbox,35.338,37.569,34.001,36.526,6.8371,1.7258,,,,
5256,105.12,4.609,4.914,pose,35.338,37.569,34.001,36.526,6.84,1.7255,0.6334,0.5762,0.7225,0.8085
5257,105.14,4.975,4.928,bbox,35.338,37.569,34.001,36.526,6.8419,1.7004,,,,
5258,105.16,,,,35.338,37.569,34.001,36.526,,,,,,
5259,105.18,,,,35.338,37.569,34.001,36.526,,,,,,
5260,105.2,5.058,4.933,bbox,35.338,37.569,34.001,36.526,6.8593,1.6321,,,,
5261,105.22,5.083,4.975,bbox,35.338,37.569,34.041,36.526,6.8518,1.6145,,,,
5262,105.24,4.626,4.975,pose,35.338,37.569,34.109,36.526,6.8498,1.5933,0.6517,0.6307,0.6973,0.8117
5263,105.26,5.135,5.058,bbox,35.338,37.569,34.109,36.526,6.8478,1.5738,,,,
5264,105.28,5.15,5.083,bbox,35.338,37.569,34.148,36.526,6.8505,1.5617,,,,
5265,105.3,4.625,5.083,pose,35.338,37.569,34.148,36.526,6.852,1.5549,0.6542,0.655,0.7035,0.7935
5266,105.32,5.15,5.135,bbox,35.338,37.569,34.18,36.526,6.8548,1.5544,,,,
5267,105.34,5.139,5.139,bbox,35.338,37.569,34.18,36.526,6.8537,1.554,,,,
5268,105.36,4.61,5.139,pose,35.338,37.569,34.18,36.526,6.8514,1.5577,0.6678,0.6446,0.6998,0.8012
5269,105.38,5.112,5.112,bbox,35.338,37.569,34.18,36.526,6.8413,1.5575,,,,
5270,105.4,5.08,5.112,bbox,35.338,37.569,34.18,36.526,6.8209,1.558,,,,
5271,105.42,4.577,5.08,pose,35.338,37.569,34.18,36.526,6.8326,1.565,0.699,0.64,0.6775,0.7916
5272,105.44,5.087,5.08,bbox,35.338,37.569,34.18,36.526,6.8287,1.5633,,,,
5273,105.46,5.045,5.08,bbox,35.338,37.569,34.18,36.526,6.8108,1.5625,,,,
5274,105.48,4.498,5.045,pose,35.338,37.605,34.18,36.526,6.7909,1.5568,0.7586,0.6434,0.6806,0.8127
5275,105.5,5.019,5.019,bbox,35.338,37.605,34.18,36.526,6.7836,1.557,,,,
5276,105.52,5.019,5.019,bbox,35.338,37.635,34.18,36.526,6.7735,1.5536,,,,
5277,105.54,4.522,5.019,pose,35.338,37.635,34.18,36.526,6.7723,1.5466,0.7971,0.5847,0.6655,0.8065
5278,105.56,5.033,5.019,bbox,35.338,37.635,34.18,36.526,6.7776,1.5348,,,,
5279,105.58,5.042,5.019,bbox,35.338,37.635,34.18,36.526,6.7747,1.5261,,,,
5280,105.6,4.549,5.019,pose,35.338,37.635,34.18,36.526,6.772,1.4949,0.8124,0.5259,0.6622,0.8033
5281,105.62,5.102,5.033,bbox,35.338,37.635,34.215,36.526,6.7711,1.4789,,,,
5282,105.64,5.107,5.042,bbox,35.338,37.635,34.247,36.526,6.7658,1.4607,,,,
5283,105.66,4.611,5.042,pose,35.338,37.635,34.247,36.526,6.7566,1.4385,0.8224,0.424,0.6499,0.7725
5284,105.68,5.102,5.102,bbox,35.338,37.635,34.281,36.526,6.7433,1.4294,,,,
5285,105.7,5.113,5.102,bbox,35.338,37.669,34.281,36.526,6.7318,1.425,,,,
5286,105.72,4.738,5.102,pose,35.338,37.669,34.312,36.526,6.7301,1.4168,0.8188,0.3354,0.6593,0.7837
5287,105.74,5.148,5.102,bbox,35.338,37.669,34.312,36.526,6.7278,1.4102,,,,
5288,105.76,5.107,5.107,bbox,35.338,37.669,34.312,36.526,6.6843,1.4091,,,,
5289,105.78,4.778,5.107,pose,35.338,37.669,34.312,36.526,6.6729,1.4076,0.8048,0.3022,0.6626,0.7621
5290,105.8,5.098,5.098,bbox,35.338,37.741,34.312,36.526,6.666,1.4064,,,,
5291,105.82,5.088,5.098,bbox,35.338,37.741,34.312,36.526,6.6437,1.4041,,,,
5292,105.84,4.779,5.088,pose,35.338,37.741,34.312,36.526,6.6374,1.4048,0.7959,0.3155,0.6642,0.7467
5293,105.86,5.064,5.064,bbox,35.338,37.782,34.312,36.526,6.6095,1.406,,,,
5294,105.88,5.058,5.064,bbox,35.338,37.782,34.312,36.526,6.5956,1.4095,,,,
5295,105.9,4.752,5.058,pose,35.338,37.816,34.312,36.526,6.5871,1.4173,0.7665,0.3342,0.6713,0.7478
5296,105.92,4.991,4.991,bbox,35.338,37.816,34.312,36.526,6.567,1.422,,,,
5297,105.94,4.954,4.991,bbox,35.338,37.816,34.312,36.526,6.5533,1.4318,,,,
5298,105.96,4.651,4.954,pose,35.338,37.858,34.312,36.526,6.5399,1.444,0.7038,0.4292,0.6802,0.7701
5299,105.98,4.902,4.902,bbox,35.338,37.858,34.312,36.526,6.5244,1.4719,,,,
5300,106.0,4.849,4.902,bbox,35.338,37.858,34.312,36.526,6.5105,1.493,,,,
5301,106.02,4.497,4.849,pose,35.338,37.901,34.312,36.569,6.492,1.5224,0.6316,0.5611,0.6838,0.7853
5302,106.04,4.738,4.738,bbox,35.338,37.901,34.312,36.569,6.4721,1.5406,,,,
5303,106.06,4.743,4.743,bbox,35.338,37.933,34.312,36.619,6.458,1.569,,,,
5304,106.08,4.414,4.738,pose,35.338,37.933,34.312,36.619,6.4451,1.5933,0.5544,0.6772,0.6891,0.778
5305,106.1,4.737,4.737,bbox,35.338,37.967,34.312,36.666,6.4355,1.6073,,,,
5306,106.12,4.724,4.737,bbox,35.338,37.967,34.312,36.666,6.424,1.6144,,,,
5307,106.14,4.431,4.724,pose,35.338,37.967,34.312,36.704,6.421,1.6231,0.4916,0.729,0.7171,0.7724
5308,106.16,4.73,4.724,bbox,35.338,38.002,34.312,36.704,6.4195,1.6298,,,,
5309,106.18,4.734,4.73,bbox,35.338,38.002,34.312,36.704,6.4213,1.6331,,,,
5310,106.2,4.408,4.724,pose,35.338,38.002,34.312,36.704,6.4234,1.6416,0.4857,0.766,0.7053,0.7685
5311,106.22,4.756,4.73,bbox,35.338,38.002,34.312,36.704,6.4238,1.6533,,,,
5312,106.24,4.761,4.734,bbox,35.338,38.002,34.312,36.738,6.4234,1.6582,,,,
5313,106.26,4.43,4.734,pose,35.338,38.002,34.312,36.738,6.4253,1.6612,0.4676,0.7931,0.6831,0.7638
5314,106.28,4.762,4.756,bbox,35.338,38.002,34.312,36.738,6.4259,1.6613,,,,
5315,106.3,4.774,4.761,bbox,35.338,38.002,34.312,36.738,6.4293,1.6633,,,,
5316,106.32,4.453,4.761,pose,35.338,38.002,34.312,36.738,6.4303,1.666,0.4754,0.7769,0.6932,0.776
5317,106.34,4.775,4.762,bbox,35.338,38.002,34.312,36.738,6.4334,1.6636,,,,
5318,106.36,4.783,4.774,bbox,35.338,38.002,34.312,36.738,6.4352,1.6655,,,,
5319,106.38,4.449,4.774,pose,35.338,38.002,34.312,36.738,6.4386,1.6698,0.4713,0.7576,0.7033,0.7731
5320,106.4,4.792,4.775,bbox,35.338,38.002,34.312,36.738,6.4445,1.6737,,,,
5321,106.42,4.797,4.783,bbox,35.338,38.002,34.312,36.738,6.4458,1.6764,,,,
5322,106.44,4.472,4.783,pose,35.338,38.002,34.312,36.77,6.4461,1.688,0.4662,0.7075,0.6996,0.777
5323,106.46,4.77,4.77,bbox,35.338,38.002,34.312,36.77,6.448,1.7012,,,,
5324,106.48,4.749,4.77,bbox,35.338,38.002,34.312,36.77,6.4489,1.7152,,,,
5325,106.5,4.435,4.749,pose,35.338,38.002,34.312,36.77,6.4544,1.7433,0.4574,0.6729,0.6977,0.7828
5326,106.52,4.689,4.689,bbox,35.338,38.002,34.312,36.812,6.4584,1.7632,,,,
5327,106.54,4.66,4.689,bbox,35.368,38.002,34.312,36.812,6.4606,1.7888,,,,
5328,106.56,4.414,4.66,pose,35.368,38.002,34.312,36.86,6.4634,1.8101,0.4724,0.6012,0.6824,0.7956
5329,106.58,4.627,4.627,bbox,35.368,38.002,34.312,36.86,6.4698,1.8345,,,,
5330,106.6,4.605,4.627,bbox,35.368,38.002,34.312,36.907,6.4734,1.859,,,,
5331,106.62,4.432,4.605,pose,35.368,38.002,34.312,36.907,6.4785,1.8792,0.4625,0.503,0.6743,0.794
5332,106.64,4.569,4.569,bbox,35.368,38.002,34.312,36.956,6.4828,1.8966,,,,
5333,106.66,4.536,4.569,bbox,35.368,38.002,34.312,36.956,6.4806,1.9165,,,,
5334,106.68,4.396,4.536,pose,35.368,38.002,34.312,36.993,6.478,1.9285,0.4701,0.4724,0.6768,0.7913
5335,106.7,4.503,4.503,bbox,35.368,38.002,34.312,36.993,6.4792,1.9382,,,,
5336,106.72,4.488,4.503,bbox,35.368,38.002,34.312,37.025,6.4792,1.9448,,,,
5337,106.74,4.395,4.488,pose,35.368,38.002,34.312,37.025,6.4826,1.9424,0.465,0.469,0.6894,0.8004
5338,106.76,4.479,4.479,bbox,35.368,38.002,34.312,37.025,6.4828,1.9517,,,,
5339,106.78,4.456,4.479,bbox,35.368,38.002,34.312,37.025,6.4809,1.9674,,,,
5340,106.8,4.363,4.456,pose,35.368,38.002,34.312,37.025,6.4825,1.9753,0.4675,0.4814,0.6934,0.7968
5341,106.82,4.474,4.456,bbox,35.368,38.002,34.312,37.064,6.4776,1.9773,,,,
5342,106.84,4.476,4.474,bbox,35.368,38.002,34.312,37.064,6.4761,1.9754,,,,
5343,106.86,4.376,4.456,pose,35.368,38.002,34.312,37.064,6.4739,1.9766,0.4691,0.4952,0.6992,0.7992
5344,106.88,4.437,4.437,bbox,35.368,38.002,34.312,37.064,6.4639,1.9754,,,,
5345,106.9,4.449,4.449,bbox,35.368,38.002,34.312,37.064,6.4632,1.9783,,,,
5346,106.92,4.367,4.437,pose,35.368,38.002,34.312,37.064,6.4622,1.9786,0.4688,0.4936,0.6911,0.7923
5347,106.94,4.434,4.434,bbox,35.368,38.002,34.312,37.064,6.4674,1.9713,,,,
5348,106.96,4.446,4.437,bbox,35.368,38.002,34.312,37.064,6.4738,1.9524,,,,
5349,106.98,4.342,4.434,pose,35.368,38.002,34.312,37.064,6.4767,1.9361,0.458,0.4932,0.7098,0.7856
5350,107.0,4.441,4.434,bbox,35.368,38.002,34.312,37.064,6.4759,1.9333,,,,
5351,107.02,4.448,4.441,bbox,35.368,38.002,34.343,37.064,6.4873,1.926,,,,
5352,107.04,4.301,4.441,pose,35.368,38.002,34.343,37.064,6.5046,1.921,0.4625,0.4858,0.6991,0.7964
5353,107.06,4.46,4.441,bbox,35.401,38.002,34.343,37.064,6.487,1.8967,,,,
5354,107.08,4.471,4.448,bbox,35.401,38.002,34.343,37.064,6.4801,1.8861,,,,
5355,107.1,4.321,4.448,pose,35.401,38.002,34.383,37.064,6.4755,1.8809,0.4576,0.4923,0.7124,0.7835
5356,107.12,4.49,4.46,bbox,35.401,38.002,34.383,37.064,6.4736,1.8756,,,,
5357,107.14,4.488,4.471,bbox,35.401,38.002,34.383,37.064,6.4658,1.8615,,,,
5358,107.16,4.323,4.471,pose,35.401,38.002,34.383,37.064,6.4596,1.8539,0.459,0.4828,0.7111,0.7911
5359,107.18,4.482,4.482,bbox,35.401,38.002,34.418,37.064,6.4499,1.8472,,,,
5360,107.2,4.471,4.482,bbox,35.401,38.002,34.418,37.064,6.4438,1.8511,,,,
5361,107.22,4.382,4.471,pose,35.401,38.039,34.418,37.064,6.439,1.8488,0.4534,0.4299,0.71,0.7872
5362,107.24,4.475,4.471,bbox,35.401,38.039,34.418,37.064,6.435,1.8477,,,,
5363,107.26,4.478,4.475,bbox,35.401,38.039,34.418,37.064,6.4292,1.8436,,,,
5364,107.28,4.406,4.471,pose,35.401,38.039,34.418,37.064,6.4269,1.834,0.4484,0.4017,0.7092,0.7771
5365,107.3,4.49,4.475,bbox,35.401,38.039,34.418,37.064,6.4281,1.8321,,,,
5366,107.32,4.489,4.478,bbox,35.401,38.039,34.418,37.064,6.4294,1.8298,,,,
5367,107.34,4.396,4.478,pose,35.401,38.039,34.418,37.064,6.4295,1.8282,0.4477,0.4112,0.7141,0.7819
5368,107.36,4.495,4.489,bbox,35.401,38.039,34.45,37.064,6.4231,1.8249,,,,
5369,107.38,4.496,4.49,bbox,35.401,38.039,34.45,37.064,6.4197,1.8235,,,,
5370,107.4,4.406,4.489,pose,35.401,38.039,34.45,37.064,6.4192,1.824,0.466,0.4065,0.6897,0.7711
5371,107.42,4.501,4.495,bbox,35.401,38.039,34.45,37.064,6.4199,1.8264,,,,
5372,107.44,4.492,4.495,bbox,35.401,38.039,34.45,37.064,6.4242,1.8265,,,,
5373,107.46,4.394,4.492,pose,35.401,38.039,34.45,37.064,6.4303,1.827,0.4644,0.3971,0.6822,0.7825
5374,107.48,4.493,4.492,bbox,35.401,38.039,34.45,37.064,6.4296,1.8277,,,,
5375,107.5,4.502,4.493,bbox,35.401,38.039,34.45,37.064,6.4305,1.8298,,,,
5376,107.52,4.405,4.492,pose,35.401,38.039,34.45,37.064,6.4306,1.831,0.46,0.4041,0.6992,0.7865
5377,107.54,4.494,4.493,bbox,35.401,38.039,34.45,37.064,6.4307,1.8319,,,,
5378,107.56,4.483,4.493,bbox,35.401,38.039,34.45,37.064,6.4302,1.8324,,,,
5379,107.58,4.389,4.483,pose,35.401,38.039,34.45,37.064,6.4313,1.8325,0.4443,0.4038,0.7059,0.7884
5380,107.6,4.488,4.483,bbox,35.401,38.039,34.45,37.064,6.4346,1.8333,,,,
5381,107.62,4.49,4.488,bbox,35.401,38.039,34.45,37.064,6.4371,1.8343,,,,
5382,107.64,4.4,4.483,pose,35.401,38.039,34.45,37.064,6.4402,1.8341,0.4435,0.4094,0.6893,0.7847
5383,107.66,4.498,4.488,bbox,35.401,38.039,34.45,37.064,6.4403,1.8342,,,,
5384,107.68,4.503,4.49,bbox,35.401,38.039,34.45,37.064,6.4418,1.8387,,,,
5385,107.7,4.434,4.49,pose,35.401,38.039,34.45,37.064,6.4416,1.8421,0.4621,0.3986,0.675,0.7836
5386,107.72,4.523,4.498,bbox,35.401,38.039,34.45,37.064,6.4422,1.8444,,,,
5387,107.74,4.522,4.503,bbox,35.401,38.039,34.45,37.064,6.4457,1.8469,,,,
5388,107.76,4.45,4.503,pose,35.401,38.039,34.45,37.064,6.4463,1.8485,0.4585,0.4007,0.6771,0.7839
5389,107.78,4.543,4.522,bbox,35.401,38.039,34.45,37.064,6.4516,1.8483,,,,
5390,107.8,4.573,4.523,bbox,35.401,38.039,34.45,37.064,6.4586,1.8495,,,,
5391,107.82,4.458,4.522,pose,35.401,38.039,34.45,37.064,6.4705,1.8493,0.4652,0.4164,0.6686,0.7768
5392,107.84,4.574,4.543,bbox,35.401,38.039,34.45,37.064,6.475,1.8531,,,,
5393,107.86,4.605,4.573,bbox,35.401,38.039,34.45,37.064,6.4729,1.8546,,,,
5394,107.88,4.397,4.573,pose,35.401,38.039,34.45,37.064,6.4812,1.8575,0.4987,0.4588,0.6377,0.7594
5395,107.9,4.676,4.574,bbox,35.401,38.039,34.45,37.064,6.5586,1.8608,,,,
5396,107.92,4.659,4.605,bbox,35.432,38.039,34.45,37.064,6.554,1.8707,,,,
5397,107.94,4.191,4.605,pose,35.477,38.039,34.45,37.095,6.5257,1.8749,0.5612,0.5858,0.6469,0.7699
5398,107.96,4.522,4.522,bbox,35.477,38.039,34.45,37.095,6.4989,1.8913,,,,
5399,107.98,4.514,4.522,bbox,35.477,38.039,34.45,37.095,6.475,1.9139,,,,
5400,108.0,3.899,4.514,pose,35.477,38.039,34.45,37.126,6.4544,1.9472,0.6921,0.7153,0.6495,0.7786
5401,108.02,4.401,4.401,bbox,35.477,38.089,34.45,37.126,6.4251,1.9739,,,,
5402,108.04,4.324,4.401,bbox,35.477,38.089,34.45,37.181,6.4019,1.9905,,,,
5403,108.06,3.729,4.324,pose,35.477,38.139,34.45,37.181,6.392,1.9944,0.8009,0.7816,0.6494,0.8003
5404,108.08,3.817,3.899,bbox,35.477,38.139,34.45,37.225,6.3834,2.0145,,,,
5405,108.1,4.36,4.324,bbox,35.477,38.172,34.45,37.225,6.376,2.0222,,,,
5406,108.12,3.913,3.913,pose,35.477,38.172,34.45,37.225,6.366,2.031,0.8546,0.3556,0.647,0.781
5407,108.14,4.447,3.913,bbox,35.477,38.172,34.45,37.256,6.365,2.0331,,,,
5408,108.16,4.456,4.36,bbox,35.477,38.172,34.45,37.256,6.3549,2.0307,,,,
5409,108.18,3.692,4.36,pose,35.477,38.172,34.45,37.256,6.357,2.0314,0.8639,0.8944,0.6213,0.7274
5410,108.2,4.491,4.447,bbox,35.477,38.207,34.45,37.256,6.3575,2.0378,,,,
5411,108.22,4.483,4.456,bbox,35.477,38.207,34.45,37.256,6.3563,2.0329,,,,
5412,108.24,3.926,4.456,pose,35.477,38.207,34.45,37.256,6.3558,2.0447,0.8572,0.3781,0.6347,0.7238
5413,108.26,4.437,4.437,bbox,35.477,38.207,34.45,37.256,6.3486,2.0498,,,,
5414,108.28,4.391,4.437,bbox,35.477,38.207,34.45,37.256,6.3341,2.0589,,,,
5415,108.3,3.718,4.391,pose,35.477,38.207,34.45,37.256,6.3251,2.0678,0.8068,0.594,0.6565,0.7395
5416,108.32,6.358,4.391,bbox,35.477,38.207,34.45,37.293,6.9538,2.0779,,,,
5417,108.34,4.182,4.391,bbox,35.477,38.207,34.45,37.293,6.2903,2.0929,,,,
5418,108.36,3.568,4.182,pose,35.477,38.239,34.45,37.293,6.2697,2.1116,0.7209,0.7577,0.7005,0.7503
5419,108.38,4.092,4.092,bbox,35.477,38.274,34.45,37.327,6.2379,2.1291,,,,
5420,108.4,4.028,4.092,bbox,35.477,38.274,34.45,37.327,6.204,2.156,,,,
5421,108.42,3.511,4.028,pose,35.477,38.326,34.45,37.363,6.1879,2.1751,0.6245,0.662,0.7157,0.7724
5422,108.44,6.124,4.028,bbox,35.477,38.326,34.45,37.363,6.9939,2.1955,,,,
5423,108.46,6.119,4.092,bbox,35.477,38.326,34.45,37.409,6.9963,2.2196,,,,
5424,108.48,5.694,5.694,pose,35.627,38.326,34.45,37.409,7.003,2.2352,0.264,0.5381,0.4469,0.7959
5425,108.5,3.791,5.694,bbox,35.627,38.326,34.45,37.454,6.0745,2.2456,,,,
5426,108.52,3.82,5.694,bbox,35.627,38.326,34.45,37.454,6.0886,2.2487,,,,
5427,108.54,3.53,3.82,pose,35.627,38.476,34.45,37.454,6.0824,2.2455,0.4322,0.4771,0.697,0.7984
5428,108.56,3.843,3.82,bbox,35.627,38.476,34.45,37.454,6.0801,2.2482,,,,
5429,108.58,3.831,3.82,bbox,35.627,38.476,34.45,37.454,6.076,2.2624,,,,
5430,108.6,3.551,3.82,pose,35.627,38.476,34.45,37.454,6.0605,2.2708,0.4168,0.4993,0.6711,0.7661
5431,108.62,3.856,3.831,bbox,35.627,38.476,34.45,37.497,6.06,2.2722,,,,
5432,108.64,3.846,3.843,bbox,35.627,38.476,34.45,37.497,6.054,2.2782,,,,
5433,108.66,3.527,3.831,pose,35.627,38.476,34.45,37.497,6.0449,2.2738,0.4587,0.5454,0.6264,0.728
5434,108.68,3.854,3.846,bbox,35.627,38.511,34.45,37.497,6.038,2.2843,,,,
5435,108.7,3.829,3.846,bbox,35.627,38.511,34.45,37.497,6.0334,2.2976,,,,
5436,108.72,3.392,3.829,pose,35.627,38.511,34.45,37.497,6.0356,2.3283,0.5216,0.615,0.6015,0.712
5437,108.74,3.804,3.804,bbox,35.627,38.511,34.45,37.532,6.0407,2.3489,,,,
5438,108.76,3.745,3.804,bbox,35.627,38.511,34.45,37.563,6.0329,2.401,,,,
5439,108.78,3.088,3.745,pose,35.627,38.511,34.45,37.563,6.0035,2.4303,0.6355,0.801,0.608,0.7095
5440,108.8,3.632,3.632,bbox,35.627,38.511,34.45,37.635,5.9741,2.4548,,,,
5441,108.82,3.549,3.632,bbox,35.627,38.561,34.45,37.635,5.9387,2.4909,,,,
5442,108.84,2.868,3.549,pose,35.627,38.561,34.45,37.689,5.9085,2.4991,0.8089,0.8341,0.6326,0.7004
5443,108.86,3.469,3.469,bbox,35.627,38.626,34.45,37.725,5.8815,2.519,,,,
5444,108.88,3.44,3.469,bbox,35.627,38.656,34.45,37.725,5.854,2.5207,,,,
5445,108.9,2.54,3.44,pose,35.627,38.656,34.45,37.725,5.8353,2.5262,0.9287,1.0186,0.6334,0.6817
5446,108.92,3.429,3.429,bbox,35.627,38.711,34.45,37.725,5.8284,2.5394,,,,
5447,108.94,3.449,3.44,bbox,35.627,38.711,34.45,37.76,5.8179,2.5494,,,,
5448,108.96,2.669,3.429,pose,35.627,38.711,34.45,37.76,5.8152,2.553,0.9986,0.7375,0.5958,0.6767
5449,108.98,3.496,3.429,bbox,35.627,38.747,34.45,37.76,5.8097,2.5566,,,,
5450,109.0,3.503,3.449,bbox,35.627,38.747,34.45,37.76,5.8071,2.5581,,,,
5451,109.02,6.584,3.496,bbox,35.627,38.747,34.45,37.791,7.2983,2.56,,1.0615,,0.6219
5452,109.04,,,,35.627,38.747,34.45,37.791,,,,,,
5453,109.06,,,,35.627,38.747,34.45,37.791,,,,,,
5454,109.08,,,,35.627,38.747,34.45,37.791,,,,,,
5455,109.1,,,,35.627,38.747,34.45,37.791,,,,,,
5456,109.12,,,,35.627,38.747,34.45,37.791,,,,,,
5457,109.14,,,,35.627,38.747,34.45,37.791,,,,,,
5458,109.16,,,,35.627,38.747,34.45,37.791,,,,,,
5459,109.18,,,,35.627,38.747,34.45,37.791,,,,,,
5460,109.2,,,,35.627,38.747,34.45,37.791,,,,,,
5461,109.22,,,,35.627,38.747,34.45,37.791,,,,,,
5462,109.24,,,,35.627,38.747,34.45,37.791,,,,,,
5463,109.26,,,,35.627,38.747,34.45,37.791,,,,,,
5464,109.28,,,,35.627,38.747,34.45,37.791,,,,,,
5465,109.3,,,,35.627,38.747,34.45,37.791,,,,,,
5466,109.32,,,,35.627,38.747,34.45,37.791,,,,,,
5467,109.34,,,,35.627,38.747,34.45,37.791,,,,,,
5468,109.36,,,,35.627,38.747,34.45,37.791,,,,,,
5469,109.38,,,,35.627,38.747,34.45,37.791,,,,,,
5470,109.4,,,,35.627,38.747,34.45,37.791,,,,,,
5471,109.42,,,,35.627,38.747,34.45,37.791,,,,,,
5472,109.44,,,,35.627,38.747,34.45,37.791,,,,,,
5473,109.46,,,,35.627,38.747,34.45,37.791,,,,,,
5474,109.48,,,,35.627,38.747,34.45,37.791,,,,,,
5475,109.5,,,,35.627,38.747,34.45,37.791,,,,,,
5476,109.52,,,,35.627,38.747,34.45,37.791,,,,,,
5477,109.54,,,,35.627,38.747,34.45,37.791,,,,,,
5478,109.56,,,,35.627,38.747,34.45,37.791,,,,,,
5479,109.58,,,,35.627,38.747,34.45,37.791,,,,,,
5480,109.6,,,,35.627,38.747,34.45,37.791,,,,,,
5481,109.62,,,,35.627,38.747,34.45,37.791,,,,,,
5482,109.64,3.293,3.496,bbox,35.627,38.747,34.45,37.791,5.6835,2.4922,,,,
5483,109.66,3.365,3.496,bbox,35.627,38.747,34.45,37.791,5.7031,2.4442,,,,
5484,109.68,2.797,3.365,pose,35.627,38.852,34.514,37.791,5.713,2.423,0.6505,0.91,0.6438,0.6679
5485,109.7,3.485,3.365,bbox,35.627,38.852,34.562,37.791,5.7122,2.3941,,,,
5486,109.72,3.569,3.365,bbox,35.627,38.852,34.562,37.791,5.7329,2.3764,,,,
5487,109.74,2.966,3.365,pose,35.627,38.852,34.612,37.791,5.706,2.3683,0.5812,0.9998,0.6144,0.6219
5488,109.76,3.627,3.485,bbox,35.627,38.852,34.612,37.791,5.7091,2.3588,,,,
5489,109.78,3.677,3.569,bbox,35.627,38.852,34.612,37.791,5.7106,2.3462,,,,
5490,109.8,3.146,3.569,pose,35.627,38.852,34.647,37.791,5.716,2.3384,0.4981,1.0306,0.5912,0.6154
5491,109.82,3.718,3.627,bbox,35.627,38.852,34.647,37.791,5.7124,2.3329,,,,
5492,109.84,3.701,3.677,bbox,35.627,38.852,34.647,37.791,5.7081,2.3338,,,,
5493,109.86,3.107,3.677,pose,35.627,38.852,34.647,37.791,5.6999,2.3309,0.5218,1.0317,0.5696,0.6321
5494,109.88,3.666,3.666,bbox,35.627,38.852,34.647,37.791,5.6992,2.3277,,,,
5495,109.9,3.632,3.666,bbox,35.627,38.852,34.647,37.791,5.6962,2.3167,,,,
5496,109.92,3.012,3.632,pose,35.627,38.852,34.679,37.791,5.6921,2.3046,0.5917,0.9829,0.5626,0.7016
5497,109.94,3.575,3.575,bbox,35.627,38.852,34.679,37.791,5.6745,2.2967,,,,
5498,109.96,3.561,3.575,bbox,35.627,38.852,34.679,37.791,5.6724,2.2823,,,,
5499,109.98,2.968,3.561,pose,35.627,38.89,34.71,37.791,5.6726,2.2404,0.7574,0.8343,0.589,0.746
5500,110.0,3.596,3.561,bbox,35.627,38.89,34.71,37.791,5.6374,2.2007,,,,
5501,110.02,3.575,3.575,bbox,35.627,38.89,34.766,37.791,5.6072,2.1777,,,,
5502,110.04,2.94,3.561,pose,35.627,38.927,34.806,37.791,5.5888,2.1707,0.9432,0.6088,0.6031,0.7506
5503,110.06,3.555,3.555,bbox,35.627,38.958,34.806,37.791,5.5707,2.1721,,,,
5504,110.08,3.575,3.575,bbox,35.627,38.958,34.806,37.791,5.5532,2.1623,,,,
5505,110.1,3.104,3.555,pose,35.627,38.994,34.806,37.791,5.5341,2.149,1.0547,0.4141,0.5912,0.6845
5506,110.12,3.582,3.555,bbox,35.627,38.994,34.844,37.791,5.5096,2.1334,,,,
5507,110.14,3.615,3.575,bbox,35.627,39.031,34.844,37.791,5.5013,2.1272,,,,
5508,110.16,3.203,3.575,pose,35.627,39.031,34.844,37.791,5.4842,2.1206,1.0666,0.3922,0.5614,0.6614
5509,110.18,3.629,3.582,bbox,35.627,39.064,34.879,37.791,5.466,2.1245,,,,
5510,110.2,3.58,3.582,bbox,35.627,39.064,34.879,37.791,5.432,2.1272,,,,
5511,110.22,3.176,3.58,pose,35.627,39.099,34.879,37.791,5.3887,2.1281,1.029,0.4372,0.5703,0.6209
5512,110.24,3.513,3.513,bbox,35.627,39.133,34.879,37.791,5.3652,2.1312,,,,
5513,110.26,3.493,3.513,bbox,35.627,39.176,34.879,37.791,5.3447,2.1389,,,,
5514,110.28,3.068,3.493,pose,35.627,39.176,34.879,37.791,5.3196,2.1546,0.9562,0.5272,0.5938,0.6033
5515,110.3,3.347,3.347,bbox,35.627,39.22,34.879,37.791,5.2891,2.1652,,,,
5516,110.32,3.286,3.347,bbox,35.627,39.22,34.879,37.791,5.2675,2.1748,,,,
5517,110.34,3.192,3.286,pose,35.627,39.276,34.879,37.829,5.238,2.1945,0.0759,0.7457,0.6096,0.6558
5518,110.36,3.177,3.192,bbox,35.627,39.276,34.879,37.829,5.2035,2.2087,,,,
5519,110.38,3.113,3.192,bbox,35.627,39.327,34.879,37.829,5.1691,2.2295,,,,
5520,110.4,2.495,3.177,pose,35.627,39.361,34.879,37.872,5.1412,2.2609,0.6826,0.9508,0.6238,0.6727
5521,110.42,2.986,3.113,bbox,35.627,39.396,34.879,37.872,5.1282,2.3032,,,,
5522,110.44,2.958,2.986,bbox,35.627,39.396,34.879,37.925,5.1221,2.338,,,,
5523,110.46,2.329,2.958,pose,35.627,39.437,34.879,37.967,5.1184,2.3659,0.656,1.0458,0.5959,0.6439
5524,110.48,2.951,2.951,bbox,35.627,39.437,34.879,38.002,5.1099,2.3815,,,,
5525,110.5,2.951,2.951,bbox,35.627,39.437,34.879,38.002,5.1111,2.4042,,,,
5526,110.52,2.186,2.951,pose,35.627,39.437,34.879,38.045,5.1021,2.4196,0.8067,1.0264,0.5773,0.5703
5527,110.54,2.941,2.941,bbox,35.627,39.437,34.879,38.045,5.0913,2.4407,,,,
5528,110.56,2.924,2.941,bbox,35.627,39.437,34.879,38.083,5.0695,2.4518,,,,
5529,110.58,2.027,2.924,pose,35.627,39.437,34.879,38.083,5.1099,2.4655,0.9706,1.0001,0.5544,0.546
5530,110.6,2.983,2.924,bbox,35.627,39.437,34.879,38.116,5.1167,2.4775,,,,
5531,110.62,2.958,2.941,bbox,35.627,39.437,34.879,38.116,5.101,2.483,,,,
5532,110.64,1.971,2.924,pose,35.627,39.437,34.879,38.116,5.0868,2.4867,1.0203,1.0082,0.5212,0.5589
5533,110.66,2.955,2.955,bbox,35.627,39.437,34.879,38.147,5.0825,2.4843,,,,
5534,110.68,6.192,2.958,bbox,35.627,39.437,34.879,38.147,7.1474,2.4793,,,,
5535,110.7,,,,35.627,39.437,34.879,38.147,,,,,,
5536,110.72,,,,35.627,39.437,34.879,38.147,,,,,,
5537,110.74,,,,35.627,39.437,34.879,38.147,,,,,,
5538,110.76,,,,35.627,39.437,34.879,38.147,,,,,,
5539,110.78,,,,35.627,39.437,34.879,38.147,,,,,,
5540,110.8,,,,35.627,39.437,34.879,38.147,,,,,,
5541,110.82,,,,35.627,39.437,34.879,38.147,,,,,,
5542,110.84,,,,35.627,39.437,34.879,38.147,,,,,,
5543,110.86,,,,35.627,39.437,34.879,38.147,,,,,,
5544,110.88,,,,35.627,39.437,34.879,38.147,,,,,,
5545,110.9,,,,35.627,39.437,34.879,38.147,,,,,,
5546,110.92,,,,35.627,39.437,34.879,38.147,,,,,,
5547,110.94,,,,35.627,39.437,34.879,38.147,,,,,,
5548,110.96,,,,35.627,39.437,34.879,38.147,,,,,,
5549,110.98,,,,35.627,39.437,34.879,38.147,,,,,,
5550,111.0,,,,35.627,39.437,34.879,38.147,,,,,,
5551,111.02,,,,35.627,39.437,34.879,38.147,,,,,,
5552,111.04,,,,35.627,39.437,34.879,38.147,,,,,,
5553,111.06,,,,35.627,39.437,34.879,38.147,,,,,,
5554,111.08,,,,35.627,39.437,34.879,38.147,,,,,,
5555,111.1,,,,35.627,39.437,34.879,38.147,,,,,,
5556,111.12,,,,35.627,39.437,34.879,38.147,,,,,,
5557,111.14,,,,35.627,39.437,34.879,38.147,,,,,,
5558,111.16,,,,35.627,39.437,34.879,38.147,,,,,,
5559,111.18,,,,35.627,39.437,34.879,38.147,,,,,,
5560,111.2,,,,35.627,39.437,34.879,38.147,,,,,,
5561,111.22,,,,35.627,39.437,34.879,38.147,,,,,,
5562,111.24,,,,35.627,39.437,34.879,38.147,,,,,,
5563,111.26,,,,35.627,39.437,34.879,38.147,,,,,,
5564,111.28,,,,35.627,39.437,34.879,38.147,,,,,,
5565,111.3,2.981,2.958,pose,35.627,39.478,34.879,38.147,5.0612,2.1313,0.7482,0.4692,0.604,0.7397
5566,111.32,3.053,2.981,bbox,35.627,39.478,34.879,38.147,5.0299,2.1297,,,,
5567,111.34,3.023,3.023,bbox,35.627,39.478,35.033,38.147,4.9939,2.1172,,,,
5568,111.36,3.115,3.053,pose,35.627,39.535,35.033,38.147,4.9708,2.1071,0.6224,0.3826,0.6082,0.6703
5569,111.38,2.998,3.023,bbox,35.627,39.571,35.033,38.147,4.9464,2.09,,,,
5570,111.4,3.005,3.023,bbox,35.627,39.571,35.033,38.147,4.9277,2.0773,,,,
5571,111.42,2.814,3.005,pose,35.627,39.618,35.074,38.147,4.9149,2.0566,0.2753,0.4271,0.0481,0.6364
5572,111.44,3.049,3.005,bbox,35.627,39.618,35.074,38.147,4.9087,2.0505,,,,
5573,111.46,3.054,3.005,bbox,35.627,39.65,35.107,38.147,4.9056,2.0555,,,,
5574,111.48,2.901,3.005,pose,35.627,39.65,35.107,38.147,4.9445,2.0519,0.0183,0.5522,0.4408,0.5718
5575,111.5,3.125,3.049,bbox,35.627,39.65,35.107,38.147,4.9363,2.0571,,,,
5576,111.52,3.11,3.054,bbox,35.627,39.65,35.107,38.147,4.9206,2.069,,,,
5577,111.54,2.567,3.054,pose,35.627,39.65,35.107,38.147,4.9149,2.0868,0.0191,0.6841,-0.0965,0.6044
5578,111.56,3.081,3.081,bbox,35.627,39.65,35.107,38.147,4.9057,2.1118,,,,
5579,111.58,3.09,3.09,bbox,35.627,39.65,35.107,38.177,4.9281,2.1631,,,,
5580,111.6,2.285,3.081,pose,35.627,39.65,35.107,38.177,4.9344,2.2123,0.8912,0.8915,0.552,0.6368
5581,111.62,2.966,2.966,bbox,35.627,39.65,35.107,38.253,4.9377,2.2698,,,,
5582,111.64,2.932,2.966,bbox,35.627,39.65,35.107,38.302,4.9743,2.3288,,,,
5583,111.66,2.239,2.932,pose,35.627,39.65,35.107,38.36,4.9776,2.3794,0.8756,0.8654,0.5479,0.6013
5584,111.68,2.761,2.761,bbox,35.664,39.65,35.107,38.419,4.9519,2.4402,,,,
5585,111.7,2.785,2.785,bbox,35.664,39.65,35.107,38.469,4.9665,2.4748,,,,
5586,111.72,2.185,2.761,pose,35.664,39.65,35.107,38.53,4.9971,2.4968,0.8997,0.8307,0.5334,0.5879
5587,111.74,2.909,2.761,bbox,35.664,39.65,35.107,38.565,5.0208,2.5205,,,,
5588,111.76,2.786,2.785,bbox,35.709,39.65,35.107,38.565,5.0458,2.5272,,,,
5589,111.78,2.303,2.785,pose,35.709,39.65,35.107,38.611,5.0781,2.5235,0.9301,0.8635,0.4646,0.6216
5590,111.8,2.912,2.786,bbox,35.758,39.65,35.107,38.611,5.1002,2.5239,,,,
5591,111.82,2.941,2.909,bbox,35.79,39.65,35.107,38.611,5.1092,2.5125,,,,
5592,111.84,2.105,2.786,pose,35.79,39.65,35.107,38.611,5.1123,2.4887,1.0581,0.9288,0.465,0.6761
5593,111.86,2.998,2.912,bbox,35.79,39.65,35.107,38.611,5.0988,2.4715,,,,
5594,111.88,3.027,2.941,bbox,35.79,39.65,35.139,38.611,5.0775,2.4369,,,,
5595,111.9,1.886,2.941,pose,35.79,39.65,35.139,38.611,5.049,2.4093,1.2302,0.9844,0.465,0.6766
5596,111.92,3.027,2.998,bbox,35.79,39.65,35.191,38.611,5.0054,2.3883,,,,
5597,111.94,2.991,2.998,bbox,35.79,39.65,35.191,38.611,4.9501,2.3571,,,,
5598,111.96,1.858,2.991,pose,35.79,39.723,35.239,38.611,4.9015,2.311,0.6507,0.9371,0.0148,0.6535
5599,111.98,3.019,2.991,bbox,35.79,39.778,35.271,38.611,4.8562,2.2811,,,,
5600,112.0,3.025,3.019,bbox,35.79,39.827,35.317,38.611,4.8108,2.262,,,,
5601,112.02,2.049,2.991,pose,35.79,39.872,35.317,38.611,4.7801,2.2488,1.0972,0.9932,0.422,0.6153
5602,112.04,3.08,3.019,bbox,35.79,39.917,35.366,38.611,4.7625,2.2299,,,,
5603,112.06,3.061,3.025,bbox,35.79,39.948,35.366,38.611,4.7433,2.2114,,,,
5604,112.08,2.069,3.025,pose,35.79,39.948,35.398,38.611,4.7414,2.2013,1.0481,1.0086,0.4415,0.5661
5605,112.1,3.083,3.061,bbox,35.79,39.948,35.398,38.611,4.7505,2.2027,,,,
5606,112.12,3.088,3.08,bbox,35.79,39.948,35.398,38.611,4.7729,2.2087,,,,
5607,112.14,2.035,3.061,pose,35.79,39.948,35.398,38.611,4.808,2.2136,1.0753,1.0199,0.4721,0.5572
5608,112.16,3.151,3.083,bbox,35.79,39.948,35.398,38.611,4.8595,2.2188,,,,
5609,112.18,3.127,3.088,bbox,35.79,39.948,35.398,38.611,4.8797,2.227,,,,
5610,112.2,2.038,3.088,pose,35.869,39.948,35.398,38.611,4.9047,2.2354,1.1106,1.0047,0.5089,0.5593
5611,112.22,3.11,3.11,bbox,35.869,39.948,35.398,38.611,4.9203,2.2524,,,,
5612,112.24,3.068,3.11,bbox,35.915,39.948,35.398,38.611,4.9482,2.2697,,,,
5613,112.26,2.048,3.068,pose,35.915,39.948,35.398,38.611,4.9704,2.2872,1.1249,1.0081,0.5137,0.5226
5614,112.28,3.108,3.068,bbox,35.958,39.948,35.398,38.65,5.0374,2.3242,,,,
5615,112.3,3.134,3.108,bbox,35.958,39.948,35.398,38.65,5.0856,2.3694,,,,
5616,112.32,2.158,3.068,pose,36.047,39.948,35.398,38.705,5.1498,2.4095,1.0292,1.0614,0.5353,0.5025
5617,112.34,3.173,3.108,bbox,36.095,39.948,35.398,38.75,5.1437,2.4341,,,,
5618,112.36,3.184,3.134,bbox,36.154,39.948,35.398,38.79,5.1704,2.463,,,,
5619,112.38,2.087,3.134,pose,36.154,39.948,35.398,38.79,5.1949,2.49,1.0544,1.159,0.4937,0.5389
5620,112.4,3.204,3.173,bbox,36.154,39.948,35.398,38.844,5.2208,2.5364,,,,
5621,112.42,3.16,3.173,bbox,36.205,39.948,35.398,38.844,5.219,2.5627,,,,
5622,112.44,2.086,3.16,pose,36.205,39.948,35.398,38.917,5.2356,2.58,1.0694,1.1654,0.4999,0.5165
5623,112.46,3.129,3.129,bbox,36.205,39.948,35.398,38.917,5.2355,2.5813,,,,
5624,112.48,3.118,3.129,bbox,36.245,39.948,35.398,38.961,5.2363,2.5813,,,,
5625,112.5,2.926,3.118,pose,36.245,39.948,35.398,38.961,5.2476,2.5744,0.0043,0.6505,0.0769,0.4826
5626,112.52,3.091,3.091,bbox,36.245,39.948,35.398,38.961,5.2511,2.5689,,,,
5627,112.54,3.084,3.091,bbox,36.245,39.948,35.398,38.961,5.2633,2.5538,,,,
5628,112.56,2.069,3.084,pose,36.245,39.948,35.398,38.961,5.2834,2.5328,0.9614,1.1424,0.5772,0.5346
5629,112.58,3.188,3.084,bbox,36.245,39.948,35.398,38.961,5.2994,2.5109,,,,
5630,112.6,3.223,3.091,bbox,36.293,39.948,35.445,38.961,5.325,2.4976,,,,
5631,112.62,2.282,3.084,pose,36.293,39.948,35.445,38.961,5.3391,2.4839,0.8167,1.1433,0.6276,0.572
5632,112.64,3.168,3.168,bbox,36.335,39.948,35.48,38.961,5.3546,2.4823,,,,
5633,112.66,3.177,3.177,bbox,36.335,39.948,35.48,38.961,5.357,2.4705,,,,
5634,112.68,2.474,3.168,pose,36.335,39.948,35.48,38.961,5.3571,2.4559,0.6692,1.1183,0.5949,0.6119
5635,112.7,3.159,3.159,bbox,36.367,39.948,35.48,38.961,5.3661,2.4451,,,,
5636,112.72,3.177,3.168,bbox,36.367,39.948,35.522,38.961,5.3725,2.4345,,,,
5637,112.74,2.756,3.159,pose,36.367,39.948,35.522,38.961,5.3831,2.4164,0.5226,1.0751,0.5803,0.6313
5638,112.76,3.281,3.159,bbox,36.367,39.948,35.522,38.961,5.3917,2.3932,,,,
5639,112.78,3.393,3.177,bbox,36.367,39.948,35.562,38.961,5.4609,2.3723,,,,
5640,112.8,2.905,3.177,pose,36.401,39.948,35.562,38.961,5.5153,2.3463,0.4796,1.0278,0.5581,0.651
5641,112.82,3.525,3.281,bbox,36.471,39.948,35.606,38.961,5.5223,2.3328,,,,
5642,112.84,3.541,3.393,bbox,36.522,39.948,35.606,38.961,5.5126,2.3251,,,,
5643,112.86,2.903,3.393,pose,36.522,39.948,35.645,38.961,5.4703,2.3199,0.5288,1.0217,0.5356,0.5947
5644,112.88,3.409,3.409,bbox,36.522,39.948,35.645,38.961,5.3822,2.3165,,,,
5645,112.9,3.391,3.409,bbox,36.522,39.99,35.645,38.961,5.3747,2.3238,,,,
5646,112.92,2.722,3.391,pose,36.522,40.078,35.645,38.961,5.3819,2.3313,0.6357,1.0497,0.5469,0.5897
5647,112.94,3.298,3.298,bbox,36.522,40.078,35.645,38.961,5.3768,2.3406,,,,
5648,112.96,3.259,3.298,bbox,36.522,40.078,35.645,38.961,5.3619,2.347,,,,
5649,112.98,2.414,3.259,pose,36.522,40.078,35.645,38.961,5.3496,2.3472,0.8539,1.0408,0.5727,0.6138
5650,113.0,3.272,3.259,bbox,36.522,40.078,35.645,38.961,5.3595,2.3618,,,,
5651,113.02,3.252,3.259,bbox,36.522,40.078,35.645,38.961,5.3487,2.366,,,,
5652,113.04,2.287,3.252,pose,36.522,40.111,35.645,38.961,5.3282,2.3783,0.9543,0.9838,0.5886,0.6512
5653,113.06,3.139,3.139,bbox,36.522,40.111,35.645,38.994,5.2799,2.3888,,,,
5654,113.08,3.079,3.139,bbox,36.522,40.111,35.645,38.994,5.24,2.3994,,,,
5655,113.1,2.159,3.079,pose,36.522,40.181,35.645,38.994,5.2224,2.422,0.3589,0.9182,-0.1505,0.7062
5656,113.12,2.947,2.947,bbox,36.522,40.221,35.645,39.027,5.2069,2.434,,,,
5657,113.14,2.967,2.967,bbox,36.522,40.221,35.645,39.027,5.2334,2.4477,,,,
5658,113.16,2.149,2.947,pose,36.522,40.221,35.645,39.062,5.2638,2.4644,0.9393,0.8554,0.557,0.6997
5659,113.18,2.982,2.947,bbox,36.522,40.221,35.645,39.062,5.2657,2.4833,,,,
5660,113.2,3.021,2.967,bbox,36.522,40.221,35.645,39.092,5.2612,2.4932,,,,
5661,113.22,2.196,2.967,pose,36.522,40.221,35.645,39.092,5.2599,2.5072,0.9458,0.7911,0.5823,0.6732
5662,113.24,2.939,2.939,bbox,36.522,40.221,35.645,39.092,5.238,2.5168,,,,
5663,113.26,2.97,2.97,bbox,36.522,40.221,35.645,39.135,5.2254,2.5297,,,,
5664,113.28,2.224,2.939,pose,36.522,40.221,35.645,39.135,5.2449,2.5354,0.985,0.7345,0.569,0.6227
5665,113.3,2.936,2.936,bbox,36.522,40.221,35.645,39.135,5.2583,2.5386,,,,
5666,113.32,2.875,2.936,bbox,36.522,40.221,35.645,39.135,5.2569,2.5383,,,,
5667,113.34,2.19,2.875,pose,36.522,40.221,35.645,39.135,5.2854,2.5336,1.0097,0.7294,0.5848,0.6482
5668,113.36,2.982,2.875,bbox,36.522,40.221,35.645,39.135,5.3244,2.5253,,,,
5669,113.38,3.019,2.936,bbox,36.568,40.221,35.645,39.135,5.3593,2.5142,,,,
5670,113.4,2.288,2.875,pose,36.607,40.221,35.645,39.135,5.3818,2.497,0.9984,0.771,0.5893,0.6734
5671,113.42,3.108,2.982,bbox,36.642,40.221,35.645,39.135,5.4106,2.4813,,,,
5672,113.44,3.167,3.019,bbox,36.642,40.221,35.645,39.135,5.4407,2.4627,,,,
5673,113.46,2.326,3.019,pose,36.693,40.221,35.645,39.135,5.4573,2.4302,1.0384,0.8445,0.5625,0.7092
5674,113.48,3.217,3.108,bbox,36.723,40.221,35.69,39.135,5.4686,2.4076,,,,
5675,113.5,3.482,3.167,bbox,36.723,40.221,35.722,39.135,5.4685,2.3607,,,,
5676,113.52,2.565,3.167,pose,36.723,40.221,35.722,39.135,5.46,2.3179,1.013,0.8762,0.5064,0.6983
5677,113.54,3.496,3.217,bbox,36.723,40.221,35.792,39.135,5.4579,2.2514,,,,
5678,113.56,3.686,3.482,bbox,36.723,40.221,35.834,39.135,5.4542,2.2075,,,,
5679,113.58,2.798,3.482,pose,36.723,40.221,35.901,39.135,5.4363,2.1651,1.051,0.8764,0.5228,0.6486
5680,113.6,3.523,3.496,bbox,36.723,40.221,35.945,39.135,5.436,2.1311,,,,
5681,113.62,3.578,3.523,bbox,36.723,40.221,35.987,39.135,5.4141,2.1071,,,,
5682,113.64,2.798,3.523,pose,36.723,40.221,36.021,39.135,5.406,2.0895,0.9962,0.9989,0.557,0.5984
5683,113.66,3.68,3.523,bbox,36.723,40.221,36.021,39.135,5.378,2.0638,,,,
5684,113.68,3.671,3.578,bbox,36.723,40.255,36.063,39.135,5.3651,2.0424,,,,
5685,113.7,2.682,3.578,pose,36.723,40.255,36.063,39.135,5.3522,2.0341,0.8949,1.0753,0.5988,0.5873
5686,113.72,3.534,3.534,bbox,36.723,40.296,36.11,39.135,5.3169,2.0228,,,,
5687,113.74,3.503,3.534,bbox,36.723,40.296,36.11,39.135,5.2804,2.0134,,,,
5688,113.76,2.702,3.503,pose,36.723,40.344,36.11,39.135,5.2468,2.0115,0.7369,1.115,0.6215,0.5889
5689,113.78,3.485,3.485,bbox,36.723,40.381,36.11,39.135,5.2018,2.0058,,,,
5690,113.8,3.445,3.485,bbox,36.723,40.414,36.141,39.135,5.1665,2.001,,,,
5691,113.82,2.751,3.445,pose,36.723,40.46,36.141,39.135,5.1467,1.9904,0.6127,1.0853,0.6313,0.6376
5692,113.84,3.407,3.407,bbox,36.723,40.495,36.141,39.135,5.1349,1.9827,,,,
5693,113.86,3.398,3.407,bbox,36.723,40.495,36.141,39.135,5.1217,1.9583,,,,
5694,113.88,2.759,3.398,pose,36.723,40.526,36.141,39.135,5.1065,1.9313,0.6318,0.9613,0.6044,0.6758
5695,113.9,3.378,3.378,bbox,36.723,40.526,36.194,39.135,5.1028,1.9071,,,,
5696,113.92,3.43,3.398,bbox,36.723,40.526,36.194,39.135,5.0905,1.8689,,,,
5697,113.94,2.807,3.378,pose,36.723,40.558,36.245,39.135,5.0802,1.8263,0.8037,0.7711,0.5892,0.728
5698,113.96,3.478,3.378,bbox,36.723,40.558,36.283,39.135,5.051,1.7883,,,,
5699,113.98,3.46,3.43,bbox,36.723,40.558,36.326,39.135,5.0249,1.7573,,,,
5700,114.0,2.836,3.43,pose,36.723,40.61,36.364,39.135,4.9944,1.7474,0.9401,0.5529,0.5421,0.7352
5701,114.02,3.432,3.432,bbox,36.723,40.61,36.395,39.135,4.983,1.7232,,,,
5702,114.04,3.47,3.46,bbox,36.723,40.667,36.395,39.135,4.957,1.7168,,,,
5703,114.06,3.014,3.432,pose,36.723,40.667,36.429,39.135,4.9367,1.697,1.0178,0.3528,0.552,0.7112
5704,114.08,3.474,3.432,bbox,36.723,40.704,36.429,39.135,4.9241,1.6798,,,,
5705,114.1,3.508,3.47,bbox,36.723,40.704,36.429,39.135,4.906,1.6479,,,,
5706,114.12,3.199,3.47,pose,36.723,40.737,36.473,39.135,4.8912,1.623,1.0082,0.2699,0.5342,0.669
5707,114.14,3.549,3.474,bbox,36.723,40.737,36.504,39.135,4.8681,1.6,,,,
5708,114.16,3.506,3.506,bbox,36.723,40.77,36.504,39.135,4.8395,1.5873,,,,
5709,114.18,3.219,3.506,pose,36.723,40.77,36.552,39.135,4.8005,1.5787,0.8989,0.3168,0.5541,0.6168
5710,114.2,3.477,3.477,bbox,36.723,40.822,36.552,39.135,4.7719,1.5813,,,,
5711,114.22,3.444,3.477,bbox,36.723,40.861,36.552,39.135,4.7349,1.5857,,,,
5712,114.24,3.108,3.444,pose,36.723,40.861,36.552,39.135,4.7036,1.586,0.7703,0.4252,0.5745,0.5894
5713,114.26,3.361,3.361,bbox,36.723,40.926,36.552,39.135,4.6766,1.5975,,,,
5714,114.28,3.294,3.361,bbox,36.723,40.958,36.552,39.135,4.633,1.6152,,,,
5715,114.3,2.891,3.294,pose,36.723,40.958,36.552,39.135,4.6104,1.6224,0.6741,0.5379,0.5805,0.5899
5716,114.32,3.193,3.193,bbox,36.723,41.028,36.552,39.135,4.5962,1.6387,,,,
5717,114.34,3.145,3.193,bbox,36.723,41.028,36.552,39.135,4.568,1.6587,,,,
5718,114.36,2.501,3.145,pose,36.723,41.065,36.552,39.174,4.5637,1.6762,0.7314,0.7417,0.5944,0.627
5719,114.38,3.067,3.067,bbox,36.723,41.065,36.552,39.174,4.5561,1.7098,,,,
5720,114.4,3.028,3.067,bbox,36.723,41.098,36.552,39.211,4.5558,1.7518,,,,
5721,114.42,2.164,3.028,pose,36.723,41.098,36.552,39.245,4.5492,1.8052,0.7715,0.9937,0.5887,0.6554
5722,114.44,2.96,2.96,bbox,36.723,41.098,36.552,39.287,4.5434,1.8361,,,,
5723,114.46,2.912,2.96,bbox,36.723,41.098,36.552,39.34,4.5319,1.8602,,,,
5724,114.48,2.205,2.912,pose,36.723,41.098,36.552,39.371,4.5187,1.8812,0.7469,0.674,0.5556,0.6664
5725,114.5,2.867,2.867,bbox,36.723,41.129,36.552,39.371,4.5082,1.9006,,,,
5726,114.52,2.875,2.875,bbox,36.723,41.129,36.552,39.416,4.5056,1.903,,,,
5727,114.54,1.978,2.867,pose,36.723,41.129,36.552,39.416,4.5084,1.9212,0.768,1.1666,0.5745,0.6331
5728,114.56,2.831,2.831,bbox,36.723,41.129,36.552,39.416,4.5182,1.9462,,,,
5729,114.58,2.814,2.831,bbox,36.723,41.129,36.552,39.456,4.541,1.995,,,,
5730,114.6,1.968,2.814,pose,36.723,41.129,36.552,39.456,4.5628,2.0498,0.827,1.1308,0.5912,0.5948
5731,114.62,2.788,2.788,bbox,36.723,41.129,36.552,39.53,4.5943,2.1094,,,,
5732,114.64,2.776,2.788,bbox,36.754,41.129,36.552,39.585,4.6148,2.1495,,,,
5733,114.66,1.994,2.776,pose,36.786,41.129,36.552,39.644,4.6631,2.1694,0.9131,1.1114,0.578,0.5816
5734,114.68,2.847,2.776,bbox,36.786,41.129,36.552,39.685,4.7115,2.2321,,,,
5735,114.7,2.86,2.788,bbox,36.854,41.129,36.552,39.685,4.7737,2.2946,,,,
5736,114.72,2.045,2.776,pose,36.903,41.129,36.552,39.767,4.8378,2.3371,0.9501,1.0487,0.5675,0.5634
5737,114.74,2.882,2.847,bbox,36.965,41.129,36.552,39.83,4.8678,2.3667,,,,
5738,114.76,2.863,2.86,bbox,37.029,41.129,36.552,39.872,4.9089,2.4127,,,,
5739,114.78,2.005,2.86,pose,37.059,41.129,36.552,39.872,4.9433,2.4476,0.9523,1.0189,0.5659,0.5737
5740,114.8,2.806,2.806,bbox,37.1,41.129,36.552,39.948,4.9663,2.4796,,,,
5741,114.82,2.778,2.806,bbox,37.135,41.129,36.552,39.983,4.986,2.5135,,,,
5742,114.84,1.981,2.778,pose,37.135,41.129,36.552,40.015,5.005,2.5484,0.9665,1.002,0.5478,0.6367
5743,114.86,2.743,2.743,bbox,37.177,41.129,36.552,40.049,5.0053,2.577,,,,
5744,114.88,2.762,2.762,bbox,37.177,41.129,36.552,40.083,5.0292,2.6021,,,,
5745,114.9,2.014,2.743,pose,37.177,41.129,36.552,40.083,5.059,2.636,0.9492,0.9869,0.5605,0.6596
5746,114.92,2.788,2.743,bbox,37.22,41.129,36.552,40.137,5.099,2.6754,,,,
5747,114.94,2.819,2.762,bbox,37.22,41.129,36.552,40.171,5.1341,2.7013,,,,
5748,114.96,2.142,2.762,pose,37.29,41.129,36.552,40.21,5.178,2.719,0.9012,0.9099,0.5223,0.6464
5749,114.98,2.91,2.788,bbox,37.325,41.129,36.552,40.21,5.2315,2.736,,,,
5750,115.0,2.959,2.819,bbox,37.369,41.129,36.552,40.254,5.2781,2.7576,,,,
5751,115.02,2.231,2.819,pose,37.423,41.129,36.552,40.254,5.3288,2.779,0.9399,0.862,0.498,0.6019
5752,115.04,3.05,2.91,bbox,37.469,41.129,36.552,40.293,5.3901,2.7963,,,,
5753,115.06,3.06,2.959,bbox,37.52,41.129,36.552,40.293,5.4413,2.8248,,,,
5754,115.08,2.223,2.959,pose,37.581,41.129,36.552,40.331,5.5169,2.8393,0.9729,0.9108,0.5209,0.5831
5755,115.1,3.159,3.05,bbox,37.633,41.129,36.552,40.331,5.5752,2.8509,,,,
5756,115.12,3.171,3.06,bbox,37.708,41.129,36.552,40.374,5.627,2.8625,,,,
5757,115.14,2.182,3.06,pose,37.766,41.129,36.552,40.374,5.6548,2.8702,1.0427,0.9455,0.5458,0.592
5758,115.16,3.183,3.159,bbox,37.818,41.129,36.552,40.374,5.6809,2.8733,,,,
5759,115.18,3.179,3.171,bbox,37.818,41.129,36.552,40.405,5.7148,2.8719,,,,
5760,115.2,2.241,3.171,pose,37.872,41.129,36.552,40.405,5.7491,2.8556,1.0478,0.9616,0.5731,0.6463
5761,115.22,3.252,3.179,bbox,37.906,41.129,36.552,40.405,5.7836,2.8364,,,,
5762,115.24,3.32,3.183,bbox,37.94,41.129,36.552,40.405,5.8272,2.817,,,,
5763,115.26,2.492,3.179,pose,37.975,41.129,36.586,40.405,5.8659,2.7938,0.9116,0.9388,0.5332,0.6802
5764,115.28,3.477,3.252,bbox,38.018,41.129,36.586,40.405,5.9081,2.7603,,,,
5765,115.3,3.553,3.32,bbox,38.057,41.129,36.629,40.405,5.9203,2.712,,,,
5766,115.32,2.952,3.32,pose,38.099,41.129,36.662,40.405,5.9102,2.6631,0.7914,0.78,0.5289,0.6808
5767,115.34,3.67,3.477,bbox,38.099,41.129,36.711,40.405,5.9051,2.617,,,,
5768,115.36,3.73,3.553,bbox,38.099,41.129,36.759,40.405,5.9086,2.5819,,,,
5769,115.38,3.379,3.553,pose,38.099,41.129,36.806,40.405,5.9087,2.5629,0.6475,0.6191,0.5334,0.6291
5770,115.4,3.774,3.67,bbox,38.099,41.129,36.841,40.405,5.9088,2.5529,,,,
5771,115.42,3.768,3.73,bbox,38.099,41.129,36.841,40.405,5.9011,2.5494,,,,
5772,115.44,3.494,3.73,pose,38.099,41.129,36.841,40.405,5.9058,2.5378,0.674,0.4625,0.5421,0.5886
5773,115.46,3.737,3.737,bbox,38.099,41.129,36.873,40.405,5.9081,2.5315,,,,
5774,115.48,3.693,3.737,bbox,38.099,41.129,36.873,40.405,5.893,2.5338,,,,
5775,115.5,3.342,3.693,pose,38.099,41.129,36.873,40.405,5.8905,2.5326,0.7354,0.4725,0.5482,0.578
5776,115.52,3.648,3.648,bbox,38.099,41.129,36.873,40.405,5.8824,2.5344,,,,
5777,115.54,3.591,3.648,bbox,38.099,41.129,36.873,40.405,5.8723,2.5394,,,,
5778,115.56,3.083,3.591,pose,38.099,41.129,36.873,40.405,5.8555,2.5389,0.8194,0.5172,0.5817,0.5923
5779,115.58,3.515,3.515,bbox,38.099,41.165,36.873,40.405,5.8016,2.5417,,,,
5780,115.6,3.468,3.515,bbox,38.099,41.165,36.873,40.405,5.7691,2.5431,,,,
5781,115.62,2.786,3.468,pose,38.099,41.236,36.873,40.405,5.7261,2.5321,0.8979,0.5911,0.5981,0.6161
5782,115.64,3.397,3.397,bbox,38.099,41.268,36.873,40.405,5.7037,2.5373,,,,
5783,115.66,3.398,3.398,bbox,38.099,41.311,36.873,40.405,5.686,2.5517,,,,
5784,115.68,2.552,3.397,pose,38.099,41.311,36.873,40.405,5.6695,2.5804,0.9703,0.755,0.5989,0.666
5785,115.7,3.32,3.32,bbox,38.099,41.351,36.873,40.405,5.6513,2.6011,,,,
5786,115.72,3.29,3.32,bbox,38.099,41.351,36.873,40.436,5.6479,2.6234,,,,
5787,115.74,2.39,3.29,pose,38.099,41.386,36.873,40.436,5.641,2.6368,0.9944,0.886,0.5484,0.6715
5788,115.76,3.262,3.262,bbox,38.099,41.386,36.873,40.479,5.6393,2.6589,,,,
5789,115.78,3.244,3.262,bbox,38.099,41.386,36.873,40.479,5.6335,2.6707,,,,
5790,115.8,2.345,3.244,pose,38.099,41.386,36.873,40.515,5.6307,2.6818,0.9771,0.9326,0.5559,0.674
5791,115.82,3.232,3.232,bbox,38.099,41.386,36.873,40.515,5.623,2.687,,,,
5792,115.84,3.239,3.239,bbox,38.099,41.386,36.873,40.515,5.6154,2.6916,,,,
5793,115.86,2.344,3.232,pose,38.099,41.386,36.873,40.515,5.6101,2.6968,0.9516,0.9467,0.567,0.6287
5794,115.88,3.227,3.227,bbox,38.099,41.422,36.873,40.547,5.6034,2.6994,,,,
5795,115.9,3.213,3.227,bbox,38.099,41.422,36.873,40.547,5.5918,2.7023,,,,
5796,115.92,2.337,3.213,pose,38.099,41.422,36.873,40.547,5.5704,2.7051,0.8784,0.9335,0.6259,0.5851
5797,115.94,3.134,3.134,bbox,38.099,41.422,36.873,40.547,5.5475,2.7058,,,,
5798,115.96,3.12,3.134,bbox,38.099,41.467,36.873,40.547,5.5389,2.7043,,,,
5799,115.98,2.329,3.12,pose,38.099,41.467,36.873,40.547,5.5214,2.6991,0.8369,0.9419,0.6357,0.6085
5800,116.0,3.081,3.081,bbox,38.099,41.499,36.873,40.547,5.5136,2.6915,,,,
5801,116.02,3.075,3.081,bbox,38.099,41.499,36.873,40.547,5.505,2.6825,,,,
5802,116.04,2.336,3.075,pose,38.099,41.499,36.873,40.547,5.5055,2.6748,0.8235,0.9456,0.6178,0.6469
5803,116.06,3.095,3.075,bbox,38.099,41.53,36.873,40.547,5.508,2.6676,,,,
5804,116.08,3.11,3.081,bbox,38.099,41.53,36.873,40.547,5.5063,2.6517,,,,
5805,116.1,2.736,3.075,pose,38.099,41.53,36.873,40.547,5.5118,2.6309,0.8624,0.2793,0.5778,0.7341
5806,116.12,3.2,3.095,bbox,38.099,41.53,36.913,40.547,5.5122,2.6157,,,,
5807,116.14,3.245,3.11,bbox,38.099,41.53,36.913,40.547,5.5113,2.5947,,,,
5808,116.16,2.475,3.11,pose,38.099,41.53,36.949,40.547,5.5072,2.5701,0.9075,0.8674,0.5238,0.6656
5809,116.18,3.341,3.2,bbox,38.099,41.53,36.949,40.547,5.5044,2.539,,,,
5810,116.2,3.353,3.245,bbox,38.099,41.53,36.995,40.547,5.4835,2.529,,,,
5811,116.22,2.373,3.245,pose,38.099,41.53,37.026,40.547,5.4607,2.5203,1.0835,0.8856,0.5284,0.6151
5812,116.24,3.356,3.341,bbox,38.099,41.53,37.026,40.547,5.4335,2.5135,,,,
5813,116.26,3.356,3.353,bbox,38.099,41.577,37.026,40.547,5.4081,2.5035,,,,
5814,116.28,2.303,3.353,pose,38.099,41.577,37.026,40.547,5.3922,2.493,1.1288,0.9213,0.5208,0.5679
5815,116.3,3.347,3.347,bbox,38.099,41.629,37.061,40.547,5.3771,2.4898,,,,
5816,116.32,3.316,3.347,bbox,38.099,41.629,37.061,40.547,5.3622,2.4858,,,,
5817,116.34,2.235,3.316,pose,38.099,41.66,37.061,40.547,5.3379,2.4853,1.0725,0.9294,0.5207,0.5707
5818,116.36,3.041,3.041,bbox,38.099,41.66,37.061,40.547,5.2998,2.486,,,,
5819,116.38,6.833,3.316,bbox,38.099,41.66,37.061,40.547,7.3448,2.4849,,,,
5820,116.4,6.056,3.316,pose,38.099,41.66,37.061,40.547,7.3388,2.4829,0.2933,0.9445,0.4172,0.6088
5821,116.42,3.1,3.1,bbox,38.099,41.7,37.061,40.547,5.1721,2.4641,,,,
5822,116.44,2.927,3.1,bbox,38.099,41.738,37.061,40.547,5.1374,2.4395,,,,
5823,116.46,5.977,5.977,pose,38.249,41.738,37.101,40.547,7.3155,2.4197,0.3361,0.924,0.4065,0.661
5824,116.48,6.66,5.977,bbox,38.249,41.738,37.101,40.547,7.3094,2.4024,,,,
5825,116.5,6.721,5.977,bbox,38.249,41.738,37.145,40.547,7.2935,2.3734,,,,
5826,116.52,2.726,5.977,pose,38.249,41.738,37.145,40.547,5.0957,2.3321,0.9116,0.513,0.4949,0.7308
5827,116.54,3.273,5.977,bbox,38.249,41.738,37.191,40.547,5.1024,2.2917,,,,
5828,116.56,3.352,3.352,bbox,38.249,41.91,37.233,40.547,5.1152,2.2374,,,,
5829,116.58,2.834,3.273,pose,38.249,41.91,37.273,40.547,5.1122,2.2089,0.9287,0.6273,0.4853,0.6567
5830,116.6,3.411,3.273,bbox,38.249,41.91,37.327,40.547,5.1067,2.1975,,,,
5831,116.62,3.428,3.352,bbox,38.249,41.91,37.327,40.547,5.1052,2.179,,,,
5832,116.64,3.047,3.352,pose,38.249,41.91,37.367,40.547,5.0998,2.1682,0.9017,0.5163,0.4979,0.5934
5833,116.66,3.401,3.401,bbox,38.249,41.91,37.367,40.547,5.0947,2.165,,,,
5834,116.68,3.353,3.401,bbox,38.249,41.91,37.367,40.547,5.0873,2.1712,,,,
5835,116.7,3.072,3.353,pose,38.249,41.91,37.367,40.547,5.0771,2.172,0.8644,0.4372,0.5583,0.6037
5836,116.72,3.271,3.271,bbox,38.249,41.91,37.367,40.547,5.0596,2.1712,,,,
5837,116.74,3.22,3.271,bbox,38.249,41.948,37.367,40.547,5.0438,2.1771,,,,
5838,116.76,2.902,3.22,pose,38.249,41.948,37.367,40.547,5.0177,2.1802,0.7881,0.4983,0.5953,0.5594
5839,116.78,3.145,3.145,bbox,38.249,41.981,37.367,40.547,4.9937,2.1845,,,,
5840,116.8,3.116,3.145,bbox,38.249,41.981,37.367,40.547,4.9703,2.1815,,,,
5841,116.82,6.455,3.145,pose,38.249,41.981,37.367,40.547,7.1639,2.1943,0.4841,0.5974,0.3974,0.5884
5842,116.84,6.949,3.145,bbox,38.249,41.981,37.367,40.547,7.1412,2.1954,,,,
5843,116.86,6.853,6.455,bbox,38.373,41.981,37.367,40.547,7.1265,2.2008,,,,
5844,116.88,6.146,6.455,pose,38.373,41.981,37.367,40.547,7.1067,2.2197,0.4041,0.7443,0.4194,0.6471
5845,116.9,6.655,6.655,bbox,38.373,41.981,37.367,40.547,7.0967,2.2464,,,,
5846,116.92,6.624,6.655,bbox,38.373,41.981,37.367,40.547,7.0829,2.2665,,,,
5847,116.94,5.958,6.624,pose,38.373,41.981,37.367,40.596,7.0651,2.2898,0.3136,0.835,0.4237,0.6564
5848,116.96,6.466,6.466,bbox,38.373,42.025,37.367,40.596,7.0538,2.3171,,,,
5849,116.98,6.425,6.466,bbox,38.373,42.025,37.367,40.64,7.0485,2.3289,,,,
5850,117.0,2.135,6.425,pose,38.373,42.025,37.367,40.64,4.8744,2.3374,0.7336,0.8046,0.5673,0.6289
5851,117.02,2.822,5.958,bbox,38.373,42.059,37.367,40.679,4.8714,2.3437,,,,
5852,117.04,2.822,2.822,bbox,38.373,42.209,37.367,40.679,4.8663,2.3518,,,,
5853,117.06,2.165,2.822,pose,38.373,42.209,37.367,40.679,4.8679,2.3588,0.7282,0.8007,0.5439,0.5906
5854,117.08,2.779,2.779,bbox,38.373,42.209,37.367,40.679,4.8702,2.3562,,,,
5855,117.1,6.494,2.822,bbox,38.373,42.209,37.367,40.679,7.0451,2.3451,,,,
5856,117.12,,,,38.373,42.209,37.367,40.679,,,,,,
5857,117.14,,,,38.373,42.209,37.367,40.679,,,,,,
5858,117.16,,,,38.373,42.209,37.367,40.679,,,,,,
5859,117.18,,,,38.373,42.209,37.367,40.679,,,,,,
5860,117.2,,,,38.373,42.209,37.367,40.679,,,,,,
5861,117.22,6.528,2.822,bbox,38.373,42.209,37.367,40.679,7.0335,2.2786,,,,
5862,117.24,5.845,5.845,pose,38.519,42.209,37.367,40.679,7.0236,2.2634,0.3235,0.9159,0.4042,0.6784
5863,117.26,6.589,6.494,bbox,38.519,42.209,37.418,40.679,7.0215,2.2452,,,,
5864,117.28,6.586,6.528,bbox,38.519,42.209,37.418,40.679,7.0081,2.2275,,,,
5865,117.3,2.074,6.528,pose,38.519,42.209,37.451,40.679,5.1555,2.2055,0.8275,0.9298,0.6506,0.6461
5866,117.32,6.58,6.58,bbox,38.519,42.209,37.451,40.679,6.9678,2.1943,,,,
5867,117.34,,,,38.519,42.209,37.451,40.679,,,,,,
5868,117.36,,,,38.519,42.209,37.451,40.679,,,,,,
5869,117.38,,,,38.519,42.209,37.451,40.679,,,,,,
5870,117.4,,,,38.519,42.209,37.451,40.679,,,,,,
5871,117.42,,,,38.519,42.209,37.451,40.679,,,,,,
5872,117.44,,,,38.519,42.209,37.451,40.679,,,,,,
5873,117.46,,,,38.519,42.209,37.451,40.679,,,,,,
5874,117.48,7.114,6.586,bbox,38.519,42.209,37.485,40.679,7.0105,2.2115,,1.0207,,0.5365
5875,117.5,,,,38.519,42.209,37.485,40.679,,,,,,
5876,117.52,2.992,6.58,bbox,38.519,42.265,37.485,40.679,5.2859,2.2236,,,,
5877,117.54,6.929,6.58,bbox,38.519,42.265,37.485,40.679,7.0082,2.2371,,0.9889,,0.5481
5878,117.56,6.741,6.741,bbox,38.519,42.265,37.485,40.679,6.9973,2.2583,,,,
5879,117.58,3.278,6.741,bbox,38.519,42.265,37.485,40.679,5.3005,2.2896,,,,
5880,117.6,2.472,3.278,pose,38.519,42.385,37.485,40.726,5.294,2.3291,0.7921,0.9181,0.6113,0.5784
5881,117.62,3.138,3.278,bbox,38.519,42.385,37.485,40.757,5.272,2.3737,,,,
5882,117.64,2.888,3.138,bbox,38.519,42.385,37.485,40.796,5.2298,2.4136,,,,
5883,117.66,2.236,2.888,pose,38.519,42.385,37.485,40.841,5.1988,2.4514,0.8988,0.7881,0.6207,0.5976
5884,117.68,2.949,2.888,bbox,38.519,42.456,37.485,40.881,5.2002,2.5017,,,,
5885,117.7,2.88,2.888,bbox,38.519,42.456,37.485,40.919,5.2107,2.5624,,,,
5886,117.72,2.318,2.88,pose,38.519,42.456,37.485,40.969,5.2115,2.609,0.0965,0.6475,-0.1086,0.622
5887,117.74,2.803,2.803,bbox,38.519,42.456,37.485,41.03,5.217,2.6543,,,,
5888,117.76,2.805,2.805,bbox,38.519,42.456,37.485,41.076,5.2171,2.6976,,,,
5889,117.78,2.083,2.803,pose,38.519,42.456,37.485,41.122,5.2277,2.7361,0.8645,0.672,0.5522,0.6448
5890,117.8,2.75,2.75,bbox,38.519,42.456,37.485,41.165,5.2374,2.7653,,,,
5891,117.82,2.721,2.75,bbox,38.519,42.456,37.485,41.203,5.2496,2.7995,,,,
5892,117.84,1.977,2.721,pose,38.519,42.456,37.485,41.203,5.2616,2.8264,0.8595,0.7079,0.5602,0.6365
5893,117.86,2.677,2.677,bbox,38.519,42.456,37.485,41.267,5.2718,2.8378,,,,
5894,117.88,2.666,2.677,bbox,38.551,42.456,37.485,41.267,5.2834,2.8537,,,,
5895,117.9,1.972,2.666,pose,38.551,42.456,37.485,41.305,5.3086,2.8734,0.9179,0.7077,0.5868,0.6143
5896,117.92,2.283,2.283,bbox,38.551,42.456,37.485,41.305,5.3186,2.8804,,,,
5897,117.94,2.308,2.308,bbox,38.598,42.456,37.485,41.341,5.3628,2.8804,,,,
5898,117.96,1.737,2.283,pose,38.598,42.456,37.485,41.341,5.3943,2.875,0.9722,0.7612,0.6013,0.584
5899,117.98,2.475,2.283,bbox,38.652,42.456,37.485,41.341,5.4588,2.8709,,,,
5900,118.0,2.467,2.308,bbox,38.684,42.456,37.485,41.341,5.5031,2.8687,,,,
5901,118.02,2.013,2.308,pose,38.748,42.456,37.485,41.341,5.5162,2.8777,0.0476,0.8735,0.0399,0.5688
5902,118.04,2.476,2.467,bbox,38.792,42.456,37.485,41.341,5.5327,2.903,,,,
5903,118.06,2.454,2.467,bbox,38.792,42.456,37.485,41.341,5.549,2.9287,,,,
5904,118.08,1.761,2.454,pose,38.792,42.456,37.485,41.341,5.5674,2.939,0.9126,1.0201,0.5663,0.558
5905,118.1,2.511,2.454,bbox,38.838,42.456,37.485,41.396,5.5892,2.9405,,,,
5906,118.12,3.04,2.476,bbox,38.838,42.456,37.485,41.396,5.6769,2.9489,,,,
5907,118.14,2.613,2.511,pose,38.878,42.456,37.485,41.396,5.7063,2.9588,0.9898,0.0188,0.5331,0.606
5908,118.16,3.185,2.613,bbox,38.966,42.456,37.485,41.396,5.7003,2.9444,,,,
5909,118.18,3.152,3.04,bbox,38.966,42.456,37.485,41.396,5.7077,2.9596,,,,
5910,118.2,2.126,3.04,pose,38.966,42.456,37.485,41.426,5.7129,2.9665,0.9954,1.03,0.5521,0.5693
5911,118.22,3.095,3.095,bbox,38.997,42.456,37.485,41.426,5.7191,2.975,,,,
5912,118.24,3.081,3.095,bbox,38.997,42.456,37.485,41.426,5.736,2.9898,,,,
5913,118.26,2.129,3.081,pose,38.997,42.456,37.485,41.426,5.7543,3.0175,0.9276,0.9629,0.5996,0.5795
5914,118.28,2.996,2.996,bbox,38.997,42.456,37.485,41.457,5.7736,3.0441,,,,
5915,118.3,2.974,2.996,bbox,39.044,42.456,37.485,41.457,5.8047,3.0765,,,,
5916,118.32,2.297,2.974,pose,39.044,42.456,37.485,41.511,5.8426,3.1015,0.7072,0.8488,0.6492,0.6404
5917,118.34,2.917,2.917,bbox,39.094,42.456,37.485,41.544,5.8691,3.1355,,,,
5918,118.36,2.869,2.917,bbox,39.132,42.456,37.485,41.544,5.8738,3.1604,,,,
5919,118.38,2.446,2.869,pose,39.132,42.456,37.485,41.603,5.8773,3.1937,0.5211,0.6824,0.683,0.6912
5920,118.4,2.78,2.78,bbox,39.163,42.456,37.485,41.603,5.8852,3.2222,,,,
5921,118.42,2.78,2.78,bbox,39.163,42.456,37.485,41.661,5.9001,3.2435,,,,
5922,118.44,2.49,2.78,pose,39.163,42.456,37.485,41.661,5.9445,3.2661,0.5261,0.6027,0.6733,0.706
5923,118.46,2.795,2.78,bbox,39.163,42.456,37.485,41.711,5.953,3.2791,,,,
5924,118.48,2.83,2.78,bbox,39.234,42.456,37.485,41.711,5.9759,3.2772,,,,
5925,118.5,2.362,2.78,pose,39.234,42.456,37.485,41.744,5.9962,3.2766,0.6651,0.7127,0.6257,0.6925
5926,118.52,2.891,2.795,bbox,39.265,42.456,37.485,41.744,6.0258,3.2956,,,,
5927,118.54,2.94,2.83,bbox,39.265,42.456,37.485,41.744,6.0542,3.3139,,,,
5928,118.56,2.234,2.83,pose,39.315,42.456,37.485,41.744,6.0848,3.3418,0.796,0.9134,0.5985,0.678
5929,118.58,2.993,2.891,bbox,39.315,42.456,37.485,41.781,6.1185,3.3615,,,,
5930,118.6,3.015,2.94,bbox,39.374,42.456,37.485,41.781,6.1491,3.3773,,,,
5931,118.62,2.148,2.94,pose,39.408,42.456,37.485,41.829,6.1615,3.389,0.8822,0.998,0.5723,0.6165
5932,118.64,3.07,2.993,bbox,39.438,42.456,37.485,41.829,6.1745,3.392,,,,
5933,118.66,3.054,3.015,bbox,39.438,42.456,37.485,41.829,6.1955,3.4066,,,,
5934,118.68,2.14,3.015,pose,39.438,42.456,37.485,41.859,6.2064,3.3941,0.9259,1.0518,0.5632,0.6096
5935,118.7,3.122,3.054,bbox,39.485,42.456,37.485,41.859,6.2132,3.4073,,,,
5936,118.72,3.029,3.054,bbox,39.485,42.456,37.485,41.859,6.2152,3.4125,,,,
5937,118.74,2.07,3.029,pose,39.485,42.456,37.485,41.859,6.212,3.4221,0.9338,1.0222,0.5867,0.585
5938,118.76,2.948,2.948,bbox,39.485,42.456,37.485,41.859,6.2121,3.4377,,,,
5939,118.78,2.897,2.948,bbox,39.485,42.456,37.485,41.889,6.2117,3.4543,,,,
5940,118.8,2.081,2.897,pose,39.485,42.456,37.485,41.889,6.2013,3.4472,0.8659,0.9536,0.6583,0.6208
5941,118.82,2.928,2.897,bbox,39.485,42.456,37.485,41.889,6.2082,3.4386,,,,
5942,118.84,2.935,2.928,bbox,39.485,42.456,37.485,41.889,6.2285,3.4412,,,,
5943,118.86,2.277,2.897,pose,39.485,42.456,37.485,41.889,6.2313,3.4473,0.7001,0.8512,0.693,0.6775
5944,118.88,2.891,2.891,bbox,39.485,42.456,37.485,41.889,6.2039,3.453,,,,
5945,118.9,2.892,2.892,bbox,39.485,42.456,37.485,41.889,6.197,3.4434,,,,
5946,118.92,2.44,2.891,pose,39.485,42.456,37.485,41.889,6.1947,3.4348,0.6273,0.7645,0.6658,0.6592
5947,118.94,2.91,2.891,bbox,39.485,42.456,37.485,41.889,6.1987,3.4143,,,,
5948,118.96,2.948,2.892,bbox,39.485,42.456,37.485,41.889,6.1898,3.3879,,,,
5949,118.98,1.854,2.892,pose,39.485,42.456,37.485,41.889,4.6648,3.3681,0.4453,0.7482,0.3968,0.6667
5950,119.0,2.368,2.44,bbox,39.485,42.456,37.519,41.889,4.6357,3.3519,,,,
5951,119.02,2.34,2.368,bbox,39.485,42.612,37.519,41.889,4.6094,3.3292,,,,
5952,119.04,2.373,2.368,bbox,39.485,42.612,37.555,41.889,4.5874,3.2998,,0.7509,,0.6533
5953,119.06,2.396,2.368,bbox,39.485,42.667,37.555,41.889,4.5573,3.2687,,,,
5954,119.08,2.392,2.373,bbox,39.485,42.667,37.607,41.889,4.5236,3.2495,,,,
5955,119.1,1.867,2.373,pose,39.485,42.719,37.638,41.889,4.5057,3.2251,0.4411,0.7671,0.4384,0.6208
5956,119.12,2.378,2.378,bbox,39.485,42.753,37.638,41.889,4.4615,3.1984,,,,
5957,119.14,2.385,2.385,bbox,39.485,42.753,37.682,41.889,4.4354,3.1594,,,,
5958,119.16,2.398,2.385,bbox,39.485,42.815,37.682,41.889,4.4102,3.1334,,0.7894,,0.6292
5959,119.18,2.399,2.385,bbox,39.485,42.815,37.747,41.889,4.3779,3.1048,,,,
5960,119.2,,,,39.485,42.815,37.747,41.889,,,,,,
5961,119.22,,,,39.485,42.815,37.747,41.889,,,,,,
5962,119.24,2.409,2.398,bbox,39.485,42.866,37.747,41.889,4.3179,3.0051,,,,
5963,119.26,2.435,2.399,bbox,39.485,42.899,37.802,41.889,4.3119,2.9806,,,,
5964,119.28,1.828,2.399,pose,39.485,42.959,37.902,41.889,4.2986,2.9795,0.3433,0.8534,0.3976,0.6854
5965,119.3,2.44,2.409,bbox,39.485,42.959,37.902,41.889,4.3159,2.9507,,,,
5966,119.32,2.492,2.435,bbox,39.485,42.959,37.902,41.889,4.3161,2.903,,,,
5967,119.34,1.968,2.435,pose,39.485,42.959,37.956,41.889,4.3119,2.8532,0.3262,0.747,0.4014,0.6773
5968,119.36,2.608,2.44,bbox,39.485,42.959,38.004,41.889,4.3151,2.8156,,,,
5969,119.38,2.624,2.492,bbox,39.485,42.959,38.054,41.889,4.3158,2.7879,,,,
5970,119.4,2.638,2.608,bbox,39.485,42.959,38.091,41.889,4.3134,2.772,,0.6047,,0.6501
5971,119.42,2.652,2.624,bbox,39.485,42.959,38.091,41.889,4.3057,2.7617,,,,
5972,119.44,2.671,2.638,bbox,39.485,42.959,38.135,41.889,4.3006,2.7493,,,,
5973,119.46,2.249,2.638,pose,39.485,42.959,38.135,41.889,4.2994,2.7506,0.4309,0.5109,0.4049,0.6328
5974,119.48,2.684,2.652,bbox,39.485,42.959,38.135,41.889,4.3023,2.75,,,,
5975,119.5,2.698,2.671,bbox,39.485,42.959,38.135,41.889,4.3082,2.7501,,,,
5976,119.52,2.193,2.671,pose,39.485,42.959,38.135,41.889,4.3193,2.756,0.4353,0.5646,0.4075,0.5799
5977,119.54,2.722,2.684,bbox,39.485,42.959,38.135,41.889,4.3174,2.7594,,,,
5978,119.56,2.721,2.698,bbox,39.485,42.959,38.135,41.889,4.3264,2.7671,,,,
5979,119.58,2.1,2.698,pose,39.485,42.959,38.135,41.889,4.3368,2.7774,0.4253,0.6159,0.3923,0.5631
5980,119.6,2.708,2.708,bbox,39.485,42.959,38.135,41.889,4.3387,2.7896,,,,
5981,119.62,2.677,2.708,bbox,39.485,42.959,38.135,41.889,4.3463,2.8115,,,,
5982,119.64,2.739,2.708,pose,39.485,42.959,38.135,41.889,5.8966,2.829,0.7665,0.7699,0.5615,0.6207
5983,119.66,3.315,2.708,bbox,39.485,42.959,38.135,41.929,5.9604,2.867,,,,
5984,119.68,3.214,2.739,bbox,39.663,42.959,38.135,41.929,5.9175,2.9094,,,,
5985,119.7,2.305,2.739,pose,39.663,42.959,38.135,41.984,5.8848,2.9442,0.8823,0.9408,0.5876,0.6469
5986,119.72,3.097,3.097,bbox,39.663,42.959,38.135,42.027,5.8388,2.9733,,,,
5987,119.74,3.041,3.097,bbox,39.663,42.959,38.135,42.062,5.8028,2.9982,,,,
5988,119.76,2.436,3.041,pose,39.663,43.016,38.135,42.062,5.7839,3.0082,0.9159,0.3406,0.5538,0.6458
5989,119.78,3.03,3.03,bbox,39.663,43.052,38.135,42.116,5.745,3.0074,,,,
5990,119.8,2.994,3.03,bbox,39.663,43.052,38.135,42.116,5.7147,3.0115,,,,
5991,119.82,2.084,2.994,pose,39.663,43.11,38.135,42.116,5.7113,3.0175,0.9184,0.9027,0.5226,0.5468
5992,119.84,2.947,2.947,bbox,39.663,43.11,38.135,42.116,5.7152,3.0224,,,,
5993,119.86,2.462,2.947,bbox,39.663,43.141,38.135,42.116,4.2698,3.0252,,,,
5994,119.88,2.438,2.462,bbox,39.663,43.141,38.135,42.116,4.2579,3.0231,,0.6213,,0.533
5995,119.9,2.425,2.438,bbox,39.663,43.294,38.135,42.116,4.2308,3.0198,,,,
5996,119.92,2.422,2.438,bbox,39.663,43.294,38.135,42.116,4.239,3.0184,,,,
5997,119.94,2.414,2.425,bbox,39.663,43.294,38.135,42.116,4.242,3.0088,,0.9941,,0.6181
5998,119.96,3.011,2.425,bbox,39.663,43.294,38.135,42.116,5.723,2.9985,,,,
5999,119.98,3.058,2.425,bbox,39.663,43.294,38.135,42.116,5.7426,2.987,,,,
6000,120.0,2.167,2.422,pose,39.785,43.294,38.135,42.116,5.7597,2.9701,0.9809,1.0271,0.5553,0.6386
6001,120.02,3.177,3.011,bbox,39.785,43.294,38.135,42.116,5.7844,2.9388,,,,
6002,120.04,3.201,3.058,bbox,39.822,43.294,38.135,42.116,5.8316,2.9227,,,,
6003,120.06,2.304,3.058,pose,39.822,43.294,38.194,42.116,5.8719,2.8874,1.0307,1.0013,0.5532,0.6541
6004,120.08,3.327,3.177,bbox,39.894,43.294,38.194,42.116,5.9134,2.8472,,,,
6005,120.1,3.415,3.201,bbox,39.934,43.294,38.246,42.116,5.9396,2.8088,,,,
6006,120.12,1.849,3.201,pose,39.934,43.294,38.286,42.116,4.1562,2.7754,0.4894,0.9722,0.3925,0.6351
6007,120.14,2.548,2.548,bbox,39.934,43.294,38.324,42.116,4.1422,2.7529,,,,
6008,120.16,2.564,2.564,bbox,39.934,43.444,38.358,42.116,4.131,2.7379,,,,
6009,120.18,2.24,2.548,pose,39.934,43.444,38.358,42.116,4.1207,2.7195,0.4278,0.0719,0.4435,0.5823
6010,120.2,2.584,2.548,bbox,39.934,43.444,38.395,42.116,4.1197,2.7146,,,,
6011,120.22,2.605,2.564,bbox,39.934,43.479,38.395,42.116,4.1174,2.7133,,,,
6012,120.24,2.839,2.584,pose,39.934,43.479,38.395,42.116,5.9424,2.6743,1.0113,0.9564,0.4996,0.5737
6013,120.26,2.587,2.587,bbox,39.934,43.479,38.395,42.116,4.0268,2.642,,,,
6014,120.28,2.562,2.587,bbox,39.934,43.479,38.459,42.116,4.024,2.636,,,,
6015,120.3,1.86,2.587,pose,39.934,43.573,38.491,42.116,4.0075,2.6328,0.344,0.9709,0.4321,0.5743
6016,120.32,3.611,2.587,bbox,39.934,43.573,38.491,42.116,5.8894,2.6499,,,,
6017,120.34,3.575,2.587,bbox,39.934,43.573,38.491,42.116,5.8832,2.6616,,,,
6018,120.36,2.708,2.708,pose,40.084,43.573,38.491,42.116,5.8736,2.68,0.9576,0.6934,0.5689,0.5695
6019,120.38,3.452,3.452,bbox,40.084,43.573,38.491,42.116,5.8688,2.7073,,,,
6020,120.4,3.441,3.452,bbox,40.084,43.573,38.491,42.154,5.8665,2.7231,,,,
6021,120.42,1.805,3.441,pose,40.084,43.573,38.491,42.154,3.9547,2.7521,0.3539,0.8477,0.4005,0.6408
6022,120.44,,,,40.084,43.573,38.491,42.154,,,,,,
6023,120.46,2.286,2.708,bbox,40.084,43.573,38.491,42.197,3.9633,2.8029,,,,
6024,120.48,1.739,2.286,pose,40.084,43.73,38.491,42.197,3.964,2.8448,0.3691,0.7502,0.3912,0.6481
6025,120.5,3.089,2.286,bbox,40.084,43.73,38.491,42.277,5.7827,2.8705,,,,
6026,120.52,3.088,2.286,bbox,40.084,43.73,38.491,42.318,5.7829,2.8967,,,,
6027,120.54,2.45,2.45,pose,40.234,43.73,38.491,42.318,5.7927,2.9194,0.752,0.7606,0.6451,0.6676
6028,120.56,3.041,3.041,bbox,40.234,43.73,38.491,42.37,5.7931,2.9415,,,,
6029,120.58,2.164,3.041,bbox,40.234,43.73,38.491,42.37,4.0015,2.955,,,,
6030,120.6,1.722,2.45,pose,40.234,43.73,38.491,42.415,4.0127,2.9646,0.4657,0.7734,0.4103,0.6613
6031,120.62,2.174,2.174,bbox,40.234,43.88,38.491,42.415,4.0222,2.9706,,,,
6032,120.64,2.171,2.171,bbox,40.234,43.88,38.491,42.415,4.0214,2.9742,,,,
6033,120.66,2.181,2.171,bbox,40.234,43.88,38.491,42.415,4.0119,2.972,,0.7794,,0.6361
6034,120.68,2.194,2.174,bbox,40.234,43.88,38.491,42.415,4.0149,2.9695,,,,
6035,120.7,3.033,2.181,bbox,40.234,43.88,38.491,42.415,5.7523,2.9641,,,,
6036,120.72,2.414,2.194,pose,40.234,43.88,38.491,42.415,5.7397,2.9569,0.7728,0.823,0.5274,0.6476
6037,120.74,3.031,2.414,bbox,40.383,43.88,38.491,42.415,5.739,2.9445,,,,
6038,120.76,3.039,3.031,bbox,40.383,43.88,38.491,42.415,5.7429,2.9251,,,,
6039,120.78,2.407,3.031,pose,40.383,43.88,38.491,42.415,5.7629,2.911,0.7648,0.8685,0.5035,0.6901
6040,120.8,3.142,3.031,bbox,40.383,43.88,38.491,42.415,5.767,2.8978,,,,
6041,120.82,3.262,3.039,bbox,40.383,43.88,38.521,42.415,5.8042,2.8802,,,,
6042,120.84,2.491,3.039,pose,40.383,43.88,38.521,42.415,5.7582,2.8534,0.8223,0.9071,0.4669,0.6878
6043,120.86,3.161,3.142,bbox,40.383,43.88,38.552,42.415,5.7231,2.8294,,,,
6044,120.88,3.146,3.146,bbox,40.383,43.88,38.552,42.415,5.7202,2.8115,,,,
6045,120.9,2.405,3.146,pose,40.383,43.88,38.603,42.415,5.7166,2.7942,0.9708,0.8756,0.4669,0.6418
6046,120.92,3.225,3.146,bbox,40.383,43.88,38.603,42.415,5.7116,2.7749,,,,
6047,120.94,3.249,3.161,bbox,40.383,43.88,38.638,42.415,5.6875,2.7642,,,,
6048,120.96,3.313,3.225,bbox,40.383,43.88,38.638,42.415,5.6583,2.7404,,0.9394,,0.5971
6049,120.98,3.331,3.249,bbox,40.383,43.932,38.668,42.415,5.6355,2.7256,,,,
6050,121.0,3.322,3.313,bbox,40.383,43.932,38.668,42.415,5.6254,2.7167,,,,
6051,121.02,2.289,3.313,pose,40.383,43.984,38.707,42.415,5.596,2.6989,0.0275,0.9823,0.0665,0.558
6052,121.04,3.225,3.313,bbox,40.383,43.984,38.707,42.415,5.5519,2.6873,,,,
6053,121.06,3.171,3.225,bbox,40.383,44.023,38.707,42.415,5.5046,2.6806,,,,
6054,121.08,2.044,3.171,pose,40.383,44.067,38.745,42.415,5.4603,2.6878,0.5886,0.9936,-0.1956,0.5855
6055,121.1,3.203,3.171,bbox,40.383,44.115,38.745,42.415,5.4193,2.6886,,,,
6056,121.12,3.121,3.171,bbox,40.383,44.159,38.745,42.415,5.3884,2.695,,,,
6057,121.14,2.186,3.121,pose,40.383,44.2,38.745,42.415,5.3506,2.6964,0.2559,0.9717,0.0963,0.6316
6058,121.16,3.148,3.121,bbox,40.383,44.231,38.745,42.415,5.3333,2.6871,,,,
6059,121.18,3.133,3.133,bbox,40.383,44.269,38.745,42.415,5.3179,2.6721,,,,
6060,121.2,2.192,3.121,pose,40.383,44.269,38.745,42.415,5.3174,2.6478,0.3432,0.9219,0.1224,0.7153
6061,121.22,3.171,3.133,bbox,40.383,44.301,38.745,42.415,5.3141,2.6222,,,,
6062,121.24,3.194,3.148,bbox,40.383,44.301,38.785,42.415,5.3096,2.5874,,,,
6063,121.26,2.619,3.133,bbox,40.383,44.301,38.785,42.415,4.0936,2.5441,,0.782,,0.6726
6064,121.28,2.619,2.619,bbox,40.383,44.301,38.845,42.415,4.085,2.522,,,,
6065,121.3,2.646,2.646,bbox,40.383,44.46,38.888,42.415,4.0735,2.4946,,,,
6066,121.32,2.508,2.619,pose,40.383,44.46,38.888,42.415,5.3688,2.4797,1.0697,0.7228,0.4506,0.6932
6067,121.34,3.326,2.619,bbox,40.383,44.46,38.938,42.415,5.3953,2.4668,,,,
6068,121.36,3.376,2.646,bbox,40.533,44.46,38.938,42.415,5.426,2.4505,,,,
6069,121.38,2.467,2.646,pose,40.533,44.46,38.938,42.415,5.4478,2.4328,1.0349,0.8145,0.5086,0.6266
6070,121.4,3.398,3.326,bbox,40.591,44.46,38.982,42.415,5.4547,2.4274,,,,
6071,121.42,3.399,3.376,bbox,40.591,44.46,38.982,42.415,5.4513,2.4201,,,,
6072,121.44,2.449,3.376,pose,40.591,44.46,38.982,42.415,5.4369,2.4125,1.0191,0.8776,0.5574,0.5842
6073,121.46,3.389,3.389,bbox,40.591,44.46,39.012,42.415,5.4313,2.4058,,,,
6074,121.48,3.382,3.389,bbox,40.591,44.46,39.012,42.415,5.4303,2.4068,,,,
6075,121.5,2.527,3.382,pose,40.591,44.46,39.012,42.415,5.435,2.4104,0.8561,0.9079,0.5933,0.6029
6076,121.52,3.378,3.378,bbox,40.591,44.46,39.012,42.415,5.4479,2.4122,,,,
6077,121.54,3.377,3.378,bbox,40.591,44.46,39.012,42.415,5.456,2.4083,,,,
6078,121.56,2.658,3.377,pose,40.591,44.46,39.012,42.415,5.4553,2.4036,0.713,0.8744,0.5878,0.6399
6079,121.58,3.372,3.372,bbox,40.591,44.46,39.012,42.415,5.4539,2.4016,,,,
6080,121.6,3.346,3.372,bbox,40.591,44.46,39.012,42.415,5.4546,2.4089,,,,
6081,121.62,2.708,3.346,pose,40.591,44.46,39.012,42.415,5.4495,2.4009,0.6783,0.8471,0.5748,0.7124
6082,121.64,2.747,2.747,bbox,40.591,44.46,39.012,42.415,4.0724,2.387,,,,
6083,121.66,2.73,2.747,bbox,40.591,44.46,39.012,42.415,4.0784,2.3793,,,,
6084,121.68,2.09,2.73,pose,40.591,44.586,39.045,42.415,4.0688,2.3484,0.4647,0.7334,0.4056,0.7339
6085,121.7,3.359,2.73,bbox,40.591,44.586,39.045,42.415,5.444,2.3138,,,,
6086,121.72,3.397,2.747,bbox,40.591,44.586,39.084,42.415,5.4432,2.2823,,,,
6087,121.74,2.837,2.837,pose,40.741,44.586,39.119,42.415,5.4467,2.2714,0.7817,0.601,0.5279,0.7068
6088,121.76,3.415,3.359,bbox,40.741,44.586,39.15,42.415,5.4458,2.2776,,,,
6089,121.78,3.393,3.393,bbox,40.741,44.586,39.15,42.415,5.4253,2.2824,,,,
6090,121.8,2.801,3.393,pose,40.741,44.586,39.15,42.415,5.3981,2.2818,0.9083,0.5256,0.5477,0.6608
6091,121.82,3.372,3.372,bbox,40.741,44.586,39.15,42.415,5.3702,2.2865,,,,
6092,121.84,3.351,3.372,bbox,40.741,44.631,39.15,42.415,5.345,2.2913,,,,
6093,121.86,2.65,3.351,pose,40.741,44.631,39.15,42.415,5.3234,2.2956,1.0224,0.5535,0.5499,0.6092
6094,121.88,3.298,3.298,bbox,40.741,44.684,39.15,42.415,5.3148,2.3022,,,,
6095,121.9,3.33,3.33,bbox,40.741,44.684,39.15,42.415,5.3055,2.3023,,,,
6096,121.92,2.584,3.298,pose,40.741,44.715,39.15,42.415,5.2875,2.3028,1.0554,0.6144,0.5537,0.5966
6097,121.94,3.331,3.298,bbox,40.741,44.715,39.15,42.415,5.2795,2.3058,,,,
6098,121.96,3.306,3.306,bbox,40.741,44.715,39.15,42.415,5.2698,2.3209,,,,
6099,121.98,2.377,3.306,pose,40.741,44.75,39.15,42.415,5.2672,2.3486,1.0823,0.7424,0.5367,0.6381
6100,122.0,3.24,3.24,bbox,40.741,44.75,39.15,42.454,5.2712,2.3855,,,,
6101,122.02,3.215,3.24,bbox,40.741,44.75,39.15,42.454,5.2717,2.4048,,,,
6102,122.04,2.252,3.215,pose,40.741,44.75,39.15,42.518,5.2686,2.41,1.0559,0.7918,0.536,0.6054
6103,122.06,3.143,3.143,bbox,40.741,44.75,39.15,42.518,5.256,2.4175,,,,
6104,122.08,3.105,3.143,bbox,40.741,44.75,39.15,42.518,5.2472,2.4335,,,,
6105,122.1,2.235,3.105,pose,40.741,44.75,39.15,42.55,5.2291,2.4407,1.0037,0.7508,0.5701,0.6141
6106,122.12,3.039,3.039,bbox,40.741,44.782,39.15,42.55,5.2071,2.4491,,,,
6107,122.14,3.009,3.039,bbox,40.741,44.782,39.15,42.55,5.1889,2.4474,,,,
6108,122.16,2.249,3.009,pose,40.741,44.822,39.15,42.55,5.1666,2.4447,0.899,0.7317,0.6083,0.6406
6109,122.18,2.963,2.963,bbox,40.741,44.822,39.15,42.55,5.15,2.4384,,,,
6110,122.2,2.944,2.963,bbox,40.741,44.863,39.15,42.55,5.1196,2.4302,,,,
6111,122.22,2.222,2.944,pose,40.741,44.863,39.15,42.55,5.1016,2.421,0.8302,0.807,0.6208,0.6633
6112,122.24,2.92,2.92,bbox,40.741,44.91,39.15,42.55,5.0986,2.4109,,,,
6113,122.26,2.944,2.944,bbox,40.741,44.91,39.15,42.55,5.112,2.4113,,,,
6114,122.28,2.181,2.92,pose,40.741,44.91,39.15,42.55,4.1554,2.4101,0.3994,0.8767,0.3855,0.6654
6115,122.3,3.061,2.92,bbox,40.741,44.91,39.15,42.55,5.1639,2.3947,,,,
6116,122.32,3.079,2.944,bbox,40.741,44.91,39.15,42.55,5.1422,2.3777,,,,
6117,122.34,2.343,2.944,pose,40.741,44.91,39.15,42.55,5.1439,2.3567,0.825,0.9382,0.5705,0.6531
6118,122.36,3.168,3.061,bbox,40.741,44.91,39.19,42.55,5.1468,2.3336,,,,
6119,122.38,3.2,3.079,bbox,40.741,44.91,39.19,42.55,5.1555,2.3272,,,,
6120,122.4,2.405,3.079,pose,40.741,44.91,39.233,42.55,5.1739,2.3344,0.8303,0.9354,0.5716,0.6095
6121,122.42,3.249,3.168,bbox,40.777,44.91,39.233,42.55,5.203,2.3436,,,,
6122,122.44,3.241,3.2,bbox,40.777,44.91,39.233,42.55,5.2076,2.3563,,,,
6123,122.46,2.423,3.2,pose,40.82,44.91,39.233,42.55,5.1994,2.3642,0.8227,0.9351,0.5824,0.5874
6124,122.48,3.181,3.181,bbox,40.82,44.91,39.233,42.55,5.1849,2.37,,,,
6125,122.5,3.167,3.181,bbox,40.82,44.91,39.233,42.55,5.2032,2.3751,,,,
6126,122.52,2.368,3.167,pose,40.82,44.91,39.233,42.586,5.2043,2.378,0.8197,0.9362,0.6229,0.5958
6127,122.54,3.137,3.137,bbox,40.82,44.91,39.233,42.586,5.2057,2.3819,,,,
6128,122.56,3.103,3.137,bbox,40.82,44.91,39.233,42.586,5.2023,2.3837,,,,
6129,122.58,2.314,3.103,pose,40.82,44.91,39.233,42.586,5.2047,2.3795,0.8178,0.9372,0.6402,0.6246
6130,122.6,3.08,3.08,bbox,40.82,44.91,39.233,42.586,5.2124,2.3805,,,,
6131,122.62,3.065,3.08,bbox,40.82,44.91,39.233,42.586,5.2144,2.382,,,,
6132,122.64,2.347,3.065,pose,40.82,44.91,39.233,42.586,5.2193,2.3802,0.7915,0.9054,0.6345,0.6762
6133,122.66,3.081,3.065,bbox,40.82,44.91,39.233,42.586,5.225,2.3763,,,,
6134,122.68,3.09,3.08,bbox,40.82,44.91,39.233,42.586,5.232,2.3794,,,,
6135,122.7,2.438,3.065,pose,40.82,44.91,39.233,42.586,5.2438,2.3737,0.7687,0.8778,0.6105,0.6969
6136,122.72,3.161,3.081,bbox,40.853,44.91,39.233,42.586,5.2569,2.3656,,,,
6137,122.74,3.201,3.09,bbox,40.853,44.91,39.233,42.586,5.2641,2.363,,,,
6138,122.76,2.49,3.09,pose,40.853,44.91,39.233,42.586,5.2644,2.3608,0.7964,0.8807,0.5559,0.6713
6139,122.78,3.244,3.161,bbox,40.853,44.91,39.233,42.586,5.261,2.3564,,,,
6140,122.8,3.284,3.201,bbox,40.885,44.91,39.233,42.586,5.2758,2.3613,,,,
6141,122.82,2.428,3.201,pose,40.885,44.91,39.233,42.586,5.2824,2.3822,0.8564,0.9062,0.4982,0.6289
6142,122.84,3.224,3.224,bbox,40.885,44.91,39.233,42.586,5.2772,2.4107,,,,
6143,122.86,3.184,3.224,bbox,40.885,44.91,39.233,42.586,5.2688,2.4455,,,,
6144,122.88,2.143,3.184,pose,40.885,44.91,39.233,42.627,5.2393,2.4888,0.9365,1.0234,0.5096,0.589
6145,122.9,3.047,3.047,bbox,40.885,44.91,39.233,42.661,5.2178,2.5184,,,,
6146,122.92,3.003,3.047,bbox,40.885,44.91,39.233,42.705,5.1891,2.5449,,,,
6147,122.94,1.946,3.003,pose,40.885,44.956,39.233,42.705,5.16,2.5647,1.0057,0.9986,0.5138,0.5847
6148,122.96,2.962,2.962,bbox,40.885,44.956,39.233,42.761,5.1316,2.5872,,,,
6149,122.98,2.945,2.962,bbox,40.885,45.014,39.233,42.761,5.1361,2.6047,,,,
6150,123.0,1.962,2.945,pose,40.885,45.014,39.233,42.803,5.1202,2.6281,0.8832,0.9534,0.4979,0.5543
6151,123.02,2.9,2.9,bbox,40.885,45.014,39.233,42.803,5.1237,2.6466,,,,
6152,123.04,2.891,2.9,bbox,40.885,45.049,39.233,42.844,5.1246,2.66,,,,
6153,123.06,1.954,2.891,pose,40.885,45.049,39.233,42.844,5.1233,2.6695,0.8265,0.9602,0.4865,0.5686
6154,123.08,2.852,2.852,bbox,40.885,45.049,39.233,42.876,5.1375,2.6765,,,,
6155,123.1,2.836,2.852,bbox,40.885,45.049,39.233,42.876,5.1436,2.6747,,,,
6156,123.12,1.928,2.836,pose,40.885,45.049,39.233,42.876,5.1511,2.6653,0.8455,0.9713,0.5145,0.6228
6157,123.14,2.832,2.832,bbox,40.885,45.049,39.233,42.876,5.1559,2.6382,,,,
6158,123.16,2.847,2.836,bbox,40.885,45.049,39.233,42.876,5.1674,2.6186,,,,
6159,123.18,1.984,2.832,pose,40.916,45.049,39.233,42.876,5.1829,2.6075,0.8945,0.9604,0.5763,0.633
6160,123.2,2.957,2.832,bbox,40.916,45.049,39.275,42.876,5.2125,2.5834,,,,
6161,123.22,3.003,2.847,bbox,40.916,45.049,39.275,42.876,5.2633,2.5651,,,,
6162,123.24,2.297,2.847,pose,40.973,45.049,39.31,42.876,5.3453,2.5421,0.8622,0.8421,0.5981,0.6485
6163,123.26,3.182,2.957,bbox,41.024,45.049,39.31,42.876,5.4003,2.5173,,,,
6164,123.28,3.292,3.003,bbox,41.106,45.049,39.351,42.876,5.4715,2.4986,,,,
6165,123.3,2.652,3.003,pose,41.161,45.049,39.351,42.876,5.518,2.4894,0.7908,0.7639,0.5724,0.6247
6166,123.32,3.451,3.182,bbox,41.232,45.049,39.395,42.876,5.5623,2.489,,,,
6167,123.34,3.501,3.292,bbox,41.279,45.049,39.395,42.876,5.5804,2.4854,,,,
6168,123.36,2.712,3.292,pose,41.323,45.049,39.395,42.876,5.5897,2.4819,0.8816,0.7881,0.5501,0.5852
6169,123.38,3.572,3.451,bbox,41.323,45.049,39.395,42.876,5.5968,2.4824,,,,
6170,123.4,3.595,3.501,bbox,41.323,45.049,39.395,42.876,5.6081,2.4878,,,,
6171,123.42,2.681,3.501,pose,41.357,45.049,39.395,42.876,5.6168,2.498,0.9536,0.8363,0.5371,0.5741
6172,123.44,3.573,3.572,bbox,41.357,45.049,39.395,42.876,5.62,2.5212,,,,
6173,123.46,3.524,3.572,bbox,41.357,45.049,39.395,42.876,5.6186,2.5463,,,,
6174,123.48,2.531,3.524,pose,41.357,45.049,39.395,42.876,5.6177,2.5672,0.9433,0.9902,0.5667,0.5762
6175,123.5,3.443,3.443,bbox,41.357,45.049,39.395,42.924,5.6261,2.5911,,,,
6176,123.52,3.401,3.443,bbox,41.357,45.049,39.395,42.924,5.6151,2.6114,,,,
6177,123.54,2.384,3.401,pose,41.357,45.049,39.395,42.968,5.6252,2.6239,0.9016,1.1087,0.6041,0.5644
6178,123.56,3.385,3.385,bbox,41.357,45.049,39.395,42.968,5.6435,2.625,,,,
6179,123.58,2.776,3.385,bbox,41.357,45.049,39.395,43.001,4.1974,2.6334,,,,
6180,123.6,1.914,2.776,pose,41.357,45.049,39.395,43.001,4.2073,2.6476,0.4864,1.1424,0.4149,0.5529
6181,123.62,3.37,2.776,bbox,41.357,45.049,39.395,43.001,5.7169,2.6559,,,,
6182,123.64,3.355,3.355,bbox,41.404,45.049,39.395,43.001,5.7462,2.6577,,,,
6183,123.66,2.537,2.776,pose,41.477,45.049,39.395,43.033,5.7601,2.675,0.6316,1.1326,0.6494,0.5338
6184,123.68,3.347,3.347,bbox,41.477,45.049,39.395,43.033,5.7656,2.679,,,,
6185,123.7,3.316,3.347,bbox,41.521,45.049,39.395,43.033,5.7724,2.6973,,,,
6186,123.72,2.665,3.316,pose,41.521,45.049,39.395,43.033,5.7812,2.7223,0.5064,1.073,0.6407,0.5455
6187,123.74,2.684,2.684,bbox,41.521,45.049,39.395,43.075,4.2644,2.7493,,,,
6188,123.76,,,,41.521,45.049,39.395,43.075,,,,,,
6189,123.78,,,,41.521,45.049,39.395,43.075,,,,,,
6190,123.8,,,,41.521,45.049,39.395,43.075,,,,,,
6191,123.82,,,,41.521,45.049,39.395,43.075,,,,,,
6192,123.84,,,,41.521,45.049,39.395,43.075,,,,,,
6193,123.86,,,,41.521,45.049,39.395,43.075,,,,,,
6194,123.88,,,,41.521,45.049,39.395,43.075,,,,,,
6195,123.9,,,,41.521,45.049,39.395,43.075,,,,,,
6196,123.92,,,,41.521,45.049,39.395,43.075,,,,,,
6197,123.94,,,,41.521,45.049,39.395,43.075,,,,,,
6198,123.96,,,,41.521,45.049,39.395,43.075,,,,,,
6199,123.98,,,,41.521,45.049,39.395,43.075,,,,,,
6200,124.0,,,,41.521,45.049,39.395,43.075,,,,,,
6201,124.02,,,,41.521,45.049,39.395,43.075,,,,,,
6202,124.04,,,,41.521,45.049,39.395,43.075,,,,,,
6203,124.06,,,,41.521,45.049,39.395,43.075,,,,,,
6204,124.08,,,,41.521,45.049,39.395,43.075,,,,,,
6205,124.1,,,,41.521,45.049,39.395,43.075,,,,,,
6206,124.12,,,,41.521,45.049,39.395,43.075,,,,,,
6207,124.14,,,,41.521,45.049,39.395,43.075,,,,,,
6208,124.16,,,,41.521,45.049,39.395,43.075,,,,,,
6209,124.18,,,,41.521,45.049,39.395,43.075,,,,,,
6210,124.2,,,,41.521,45.049,39.395,43.075,,,,,,
6211,124.22,,,,41.521,45.049,39.395,43.075,,,,,,
6212,124.24,,,,41.521,45.049,39.395,43.075,,,,,,
6213,124.26,,,,41.521,45.049,39.395,43.075,,,,,,
6214,124.28,,,,41.521,45.049,39.395,43.075,,,,,,
6215,124.3,,,,41.521,45.049,39.395,43.075,,,,,,
6216,124.32,,,,41.521,45.049,39.395,43.075,,,,,,
6217,124.34,,,,41.521,45.049,39.395,43.075,,,,,,
6218,124.36,3.364,3.316,bbox,41.521,45.049,39.395,43.075,6.1421,3.0374,,,,
6219,124.38,2.726,2.726,pose,41.521,45.049,39.395,43.127,6.1914,3.0025,0.9193,0.7702,0.5559,0.6801
6220,124.4,3.547,2.726,bbox,41.692,45.049,39.395,43.277,6.2374,2.9814,,,,
6221,124.42,3.628,3.364,bbox,41.741,45.049,39.395,43.277,6.2537,2.9616,,,,
6222,124.44,2.984,3.364,pose,41.787,45.049,39.395,43.277,6.2679,2.9411,0.9803,0.6448,0.5813,0.6179
6223,124.46,3.665,3.547,bbox,41.787,45.049,39.395,43.277,6.2716,2.9283,,,,
6224,124.48,3.676,3.628,bbox,41.818,45.049,39.435,43.277,6.2753,2.9153,,,,
6225,124.5,3.069,3.628,pose,41.818,45.049,39.435,43.277,6.2886,2.913,0.9456,0.613,0.5669,0.6016
6226,124.52,3.71,3.665,bbox,41.818,45.049,39.435,43.277,6.3157,2.9097,,,,
6227,124.54,3.74,3.676,bbox,41.818,45.049,39.435,43.277,6.3337,2.9047,,,,
6228,124.56,3.166,3.676,pose,41.865,45.049,39.466,43.277,6.3728,2.8982,0.8241,0.6184,0.6356,0.5788
6229,124.58,3.746,3.71,bbox,41.865,45.049,39.466,43.277,6.4011,2.9006,,,,
6230,124.6,3.754,3.74,bbox,41.922,45.049,39.466,43.277,6.4327,2.8987,,,,
6231,124.62,3.258,3.74,pose,41.922,45.049,39.466,43.277,6.4851,2.9022,0.5877,0.6967,0.7111,0.5994
6232,124.64,3.791,3.746,bbox,41.982,45.049,39.466,43.277,6.5379,2.9138,,,,
6233,124.66,3.804,3.754,bbox,42.035,45.049,39.466,43.277,6.5913,2.9324,,,,
6234,124.68,3.338,3.754,pose,42.088,45.049,39.466,43.277,6.6358,2.9685,0.3307,0.8306,0.7432,0.6489
6235,124.7,3.764,3.764,bbox,42.141,45.049,39.466,43.277,6.6494,3.0,,,,
6236,124.72,3.748,3.764,bbox,42.185,45.049,39.466,43.335,6.6504,3.0203,,,,
6237,124.74,2.297,3.748,bbox,42.185,45.049,39.466,43.367,4.2062,3.0452,,0.9764,,0.6376
6238,124.76,,,,42.185,45.049,39.466,43.367,,,,,,
6239,124.78,2.272,3.338,bbox,42.185,45.049,39.466,43.367,4.2052,3.0734,,,,
6240,124.8,3.489,3.489,pose,42.185,45.049,39.466,43.412,6.7501,3.0771,0.1755,1.024,0.7095,0.629
6241,124.82,3.856,3.489,bbox,42.185,45.049,39.466,43.412,6.7658,3.0809,,,,
6242,124.84,3.907,3.489,bbox,42.3,45.049,39.466,43.444,6.7986,3.0805,,,,
6243,124.86,3.572,3.572,pose,42.3,45.049,39.466,43.444,6.8277,3.0793,0.2952,1.0385,0.6922,0.5962
6244,124.88,3.992,3.856,bbox,42.348,45.049,39.466,43.444,6.8484,3.0829,,,,
6245,124.9,4.03,3.907,bbox,42.348,45.049,39.466,43.444,6.8795,3.089,,,,
6246,124.92,3.618,3.907,pose,42.398,45.049,39.466,43.444,6.9132,3.0927,0.4191,1.0273,0.6886,0.5713
6247,124.94,4.057,3.992,bbox,42.429,45.049,39.466,43.444,6.9345,3.101,,,,
6248,124.96,4.068,4.03,bbox,42.463,45.049,39.466,43.444,6.9636,3.1184,,,,
6249,124.98,3.58,4.03,pose,42.463,45.049,39.466,43.444,6.9943,3.1374,0.5135,0.9674,0.716,0.5734
6250,125.0,4.071,4.057,bbox,42.513,45.049,39.466,43.485,7.0172,3.1529,,,,
6251,125.02,4.041,4.057,bbox,42.544,45.049,39.466,43.485,7.0552,3.1892,,,,
6252,125.04,3.497,4.041,pose,42.544,45.049,39.466,43.52,7.0738,3.2157,0.599,0.8688,0.7266,0.6208
6253,125.06,3.952,3.952,bbox,42.605,45.049,39.466,43.556,7.0877,3.2654,,,,
6254,125.08,3.919,3.952,bbox,42.605,45.049,39.466,43.556,7.1098,3.3026,,,,
6255,125.1,3.509,3.919,pose,42.637,45.049,39.466,43.632,7.1526,3.3485,0.624,0.6942,0.6979,0.6735
6256,125.12,3.853,3.853,bbox,42.637,45.049,39.466,43.669,7.1776,3.384,,,,
6257,125.14,3.834,3.853,bbox,42.702,45.049,39.466,43.715,7.2044,3.4186,,,,
6258,125.16,3.546,3.834,pose,42.702,45.049,39.466,43.751,7.2403,3.4644,0.5905,0.5275,0.6593,0.7383
6259,125.18,3.719,3.719,bbox,42.754,45.049,39.466,43.785,7.2545,3.501,,,,
6260,125.2,3.726,3.726,bbox,42.79,45.049,39.466,43.831,7.2567,3.5381,,,,
6261,125.22,3.659,3.719,pose,42.79,45.049,39.466,43.868,7.2904,3.5678,0.5428,0.4267,0.6337,0.7204
6262,125.24,3.775,3.719,bbox,42.79,45.049,39.466,43.905,7.2845,3.5915,,,,
6263,125.26,3.85,3.726,bbox,42.834,45.049,39.466,43.905,7.3223,3.6063,,,,
6264,125.28,3.816,3.775,pose,42.834,45.049,39.466,43.958,7.3399,3.611,0.4475,0.4772,0.5991,0.7229
6265,125.3,3.92,3.816,bbox,42.872,45.049,39.466,43.958,7.3468,3.6172,,,,
6266,125.32,3.944,3.85,bbox,42.872,45.049,39.466,43.958,7.3485,3.6251,,,,
6267,125.34,3.297,3.85,pose,42.872,45.049,39.466,43.958,7.3529,3.6503,0.4286,0.681,0.59,0.7399
6268,125.36,3.518,3.816,bbox,42.872,45.049,39.466,43.992,7.3488,3.6672,,,,
6269,125.38,3.726,3.726,bbox,42.872,45.049,39.466,43.992,7.3498,3.6952,,,,
6270,125.4,3.61,3.61,pose,42.872,45.049,39.466,44.034,7.344,3.7204,0.4922,0.2553,0.5822,0.6677
6271,125.42,3.293,3.518,bbox,42.872,45.049,39.466,44.034,7.3492,3.7398,,,,
6272,125.44,3.566,3.566,bbox,42.872,45.049,39.466,44.087,7.2992,3.7526,,,,
6273,125.46,3.165,3.566,pose,42.872,45.049,39.466,44.087,7.2749,3.7625,0.5884,0.7575,0.5965,0.6798
6274,125.48,3.6,3.566,bbox,42.872,45.049,39.466,44.119,7.2228,3.7657,,,,
6275,125.5,3.574,3.566,bbox,42.872,45.097,39.466,44.119,7.2147,3.7722,,,,
6276,125.52,2.8,3.566,pose,42.872,45.149,39.466,44.119,7.1726,3.7652,0.6874,1.0586,0.6261,0.6074
6277,125.54,3.54,3.54,bbox,42.872,45.149,39.466,44.119,7.1318,3.7646,,,,
6278,125.56,3.513,3.54,bbox,42.872,45.199,39.466,44.119,7.0599,3.7471,,,,
6279,125.58,2.591,3.513,pose,42.872,45.24,39.466,44.119,6.9552,3.7208,0.8035,1.0637,0.6359,0.5863
6280,125.6,3.409,3.409,bbox,42.872,45.312,39.466,44.119,6.8411,3.6596,,,,
6281,125.62,3.297,3.409,bbox,42.872,45.416,39.498,44.119,6.7371,3.6426,,,,
6282,125.64,2.39,3.297,pose,42.872,45.531,39.559,44.119,6.6695,3.6199,0.8662,0.992,0.6323,0.6195
6283,125.66,3.202,3.202,bbox,42.872,45.635,39.559,44.119,6.6031,3.5982,,,,
6284,125.68,3.175,3.202,bbox,42.872,45.702,39.599,44.119,6.5502,3.5731,,,,
6285,125.7,2.372,3.175,pose,42.872,45.769,39.599,44.119,6.5022,3.5635,0.8134,0.9028,0.5945,0.654
6286,125.72,3.111,3.111,bbox,42.872,45.821,39.646,44.119,6.4496,3.5534,,,,
6287,125.74,3.066,3.111,bbox,42.872,45.869,39.646,44.119,6.4,3.5338,,,,
6288,125.76,2.35,3.066,pose,42.872,45.922,39.646,44.119,6.3476,3.5106,0.7717,0.7879,0.5756,0.6781
6289,125.78,3.002,3.002,bbox,42.872,45.972,39.685,44.119,6.3072,3.4929,,,,
6290,125.8,2.965,3.002,bbox,42.872,46.024,39.685,44.119,6.2585,3.4641,,,,
6291,125.82,2.242,2.965,pose,42.872,46.064,39.726,44.119,6.2273,3.4442,0.7622,0.82,0.6046,0.6729
6292,125.84,2.945,2.945,bbox,42.872,46.113,39.726,44.119,6.218,3.4285,,,,
6293,125.86,2.922,2.945,bbox,42.872,46.144,39.775,44.119,6.1958,3.4077,,,,
6294,125.88,2.199,2.922,pose,42.872,46.144,39.775,44.119,6.1658,3.3919,0.8109,0.8367,0.6529,0.6588
6295,125.9,2.917,2.917,bbox,42.872,46.176,39.811,44.119,6.1564,3.3723,,,,
6296,125.92,2.95,2.922,bbox,42.872,46.206,39.811,44.119,6.1604,3.3415,,,,
6297,125.94,2.324,2.917,pose,42.872,46.206,39.847,44.119,6.1784,3.3048,0.8096,0.824,0.6553,0.6243
6298,125.96,3.076,2.917,bbox,42.872,46.206,39.877,44.119,6.2037,3.2888,,,,
6299,125.98,3.127,2.95,bbox,42.872,46.206,39.914,44.119,6.238,3.2648,,,,
6300,126.0,2.489,2.95,pose,42.91,46.206,39.914,44.119,6.2519,3.2336,0.773,0.869,0.6369,0.626
6301,126.02,3.255,3.076,bbox,42.944,46.206,39.954,44.119,6.2786,3.2138,,,,
6302,126.04,3.318,3.127,bbox,42.944,46.206,39.985,44.119,6.2979,3.188,,,,
6303,126.06,2.574,3.127,pose,42.985,46.206,39.985,44.119,6.3083,3.158,0.8498,0.9014,0.5859,0.6641
6304,126.08,5.417,3.255,bbox,42.985,46.206,40.031,44.119,6.3232,0.9835,,,,
6305,126.1,5.451,3.318,bbox,42.985,46.206,40.061,44.119,6.3294,0.9669,,,,
6306,126.12,5.548,5.417,pose,43.029,46.206,40.211,44.119,6.3246,0.9498,0.9372,0.0767,0.5525,1.1824
6307,126.14,5.535,5.451,bbox,43.029,46.206,40.211,44.119,6.3187,0.9308,,,,
6308,126.16,5.53,5.53,bbox,43.029,46.206,40.245,44.119,6.306,0.9161,,,,
6309,126.18,5.933,5.535,pose,43.029,46.206,40.245,44.119,6.2948,0.9008,0.9545,0.0167,0.5706,1.655
6310,126.2,5.527,5.535,bbox,43.029,46.206,40.278,44.119,6.2793,0.881,,,,
6311,126.22,5.55,5.535,bbox,43.029,46.206,40.278,44.119,6.2689,0.8511,,,,
6312,126.24,5.57,5.55,pose,43.029,46.25,40.313,44.119,6.272,0.8266,0.9202,0.1054,0.5844,1.1595
6313,126.26,3.77,5.55,bbox,43.029,46.25,40.313,44.119,6.2624,2.7637,,,,
6314,126.28,5.555,5.55,bbox,43.029,46.25,40.313,44.119,6.2572,0.7668,,,,
6315,126.3,5.52,5.55,pose,43.029,46.25,40.368,44.119,6.2573,0.7341,0.7873,0.1444,0.6515,1.014
6316,126.32,5.564,5.555,bbox,43.029,46.25,40.427,44.119,6.2709,0.7038,,,,
6317,126.34,5.578,5.555,bbox,43.029,46.25,40.46,44.119,6.2925,0.6767,,,,
6318,126.36,6.014,5.564,pose,43.029,46.25,40.49,44.119,6.3076,0.6617,0.5413,0.0492,0.687,1.3708
6319,126.38,5.633,5.578,bbox,43.029,46.25,40.49,44.119,6.3169,0.6447,,,,
6320,126.4,5.615,5.615,bbox,43.029,46.25,40.533,44.119,6.3258,0.6313,,,,
6321,126.42,6.066,5.633,pose,43.029,46.25,40.533,44.119,6.3041,0.618,0.3265,0.0756,0.6806,1.1542
6322,126.44,5.648,5.648,bbox,43.029,46.25,40.563,44.119,6.3021,0.5991,,,,
6323,126.46,5.67,5.648,bbox,43.029,46.25,40.563,44.119,6.2975,0.5863,,,,
6324,126.48,6.192,5.67,pose,43.029,46.25,40.595,44.119,6.2129,0.5745,0.2157,0.0839,0.631,1.1413
6325,126.5,5.635,5.67,bbox,43.029,46.25,40.595,44.119,6.1936,0.5675,,,,
6326,126.52,5.587,5.648,bbox,43.029,46.316,40.595,44.119,6.1734,0.5609,,,,
6327,126.54,6.544,5.67,pose,43.029,46.316,40.627,44.119,6.1796,0.5479,0.1673,0.054,0.6132,1.3977
6328,126.56,5.696,5.696,bbox,43.029,46.316,40.627,44.119,6.1894,0.546,,,,
6329,126.58,2.635,5.635,bbox,43.029,46.349,40.627,44.119,2.5185,0.5427,,,,
6330,126.6,,,,43.029,46.349,40.627,44.119,,,,,,
6331,126.62,,,,43.029,46.349,40.627,44.119,,,,,,
6332,126.64,,,,43.029,46.349,40.627,44.119,,,,,,
6333,126.66,3.83,5.587,pose,43.029,46.349,40.627,44.119,2.545,0.5398,1.1131,0.0156,0.6112,1.5254
6334,126.68,2.736,3.83,bbox,43.029,46.506,40.627,44.119,2.5411,0.5404,,,,
6335,126.7,2.736,2.736,bbox,43.029,46.506,40.627,44.119,2.5419,0.5402,,,,
6336,126.72,6.758,2.736,pose,43.029,46.506,40.627,44.119,6.2809,0.5402,0.3366,0.0168,0.5677,1.5118
6337,126.74,5.872,3.83,bbox,43.029,46.506,40.627,44.119,6.2874,0.5396,,,,
6338,126.76,5.832,5.832,bbox,43.179,46.506,40.627,44.119,6.2831,0.5396,,,,
6339,126.78,6.573,5.872,pose,43.179,46.506,40.627,44.119,6.2691,0.5397,0.4784,0.0137,0.5884,1.5863
6340,126.8,2.797,5.872,bbox,43.179,46.506,40.627,44.119,2.6095,0.5407,,,,
6341,126.82,2.808,5.832,bbox,43.179,46.506,40.627,44.119,2.6383,0.5405,,,,
6342,126.84,4.123,4.123,pose,43.179,46.667,40.627,44.119,2.6688,0.5403,1.0373,0.0074,0.5862,1.5648
6343,126.86,2.827,2.827,bbox,43.179,46.667,40.627,44.119,2.6897,0.5399,,,,
6344,126.88,3.549,2.827,bbox,43.179,46.667,40.627,44.119,2.7287,6.0758,,,,
6345,126.9,,,,43.179,46.667,40.627,44.119,,,,,,
6346,126.92,,,,43.179,46.667,40.627,44.119,,,,,,
6347,126.94,,,,43.179,46.667,40.627,44.119,,,,,,
6348,126.96,,,,43.179,46.667,40.627,44.119,,,,,,
6349,126.98,,,,43.179,46.667,40.627,44.119,,,,,,
6350,127.0,,,,43.179,46.667,40.627,44.119,,,,,,
6351,127.02,,,,43.179,46.667,40.627,44.119,,,,,,
6352,127.04,,,,43.179,46.667,40.627,44.119,,,,,,
6353,127.06,,,,43.179,46.667,40.627,44.119,,,,,,
6354,127.08,,,,43.179,46.667,40.627,44.119,,,,,,
6355,127.1,,,,43.179,46.667,40.627,44.119,,,,,,
6356,127.12,,,,43.179,46.667,40.627,44.119,,,,,,
6357,127.14,,,,43.179,46.667,40.627,44.119,,,,,,
6358,127.16,,,,43.179,46.667,40.627,44.119,,,,,,
6359,127.18,,,,43.179,46.667,40.627,44.119,,,,,,
6360,127.2,,,,43.179,46.667,40.627,44.119,,,,,,
6361,127.22,,,,43.179,46.667,40.627,44.119,,,,,,
6362,127.24,,,,43.179,46.667,40.627,44.119,,,,,,
6363,127.26,,,,43.179,46.667,40.627,44.119,,,,,,
6364,127.28,,,,43.179,46.667,40.627,44.119,,,,,,
6365,127.3,,,,43.179,46.667,40.627,44.119,,,,,,
6366,127.32,,,,43.179,46.667,40.627,44.119,,,,,,
6367,127.34,,,,43.179,46.667,40.627,44.119,,,,,,
6368,127.36,,,,43.179,46.667,40.627,44.119,,,,,,
6369,127.38,,,,43.179,46.667,40.627,44.119,,,,,,
6370,127.4,,,,43.179,46.667,40.627,44.119,,,,,,
6371,127.42,,,,43.179,46.667,40.627,44.119,,,,,,
6372,127.44,,,,43.179,46.667,40.627,44.119,,,,,,
6373,127.46,,,,43.179,46.667,40.627,44.119,,,,,,
6374,127.48,,,,43.179,46.667,40.627,44.119,,,,,,
6375,127.5,6.816,3.549,pose,43.179,46.667,40.627,44.119,5.6728,0.3846,0.8281,0.0362,0.5163,1.8589
6376,127.52,5.678,4.123,bbox,43.239,46.667,40.627,44.119,5.6501,0.3691,,,,
6377,127.54,5.672,5.672,bbox,43.389,46.667,40.804,44.119,5.6002,0.3511,,,,
6378,127.56,5.31,5.672,pose,43.389,46.667,40.804,44.119,3.2906,0.3338,1.3589,0.1985,0.4999,2.13
6379,127.58,2.649,5.672,bbox,43.389,46.667,40.804,44.119,3.3063,5.4989,,,,
6380,127.6,,,,43.389,46.667,40.804,44.119,,,,,,
6381,127.62,,,,43.389,46.667,40.804,44.119,,,,,,
6382,127.64,,,,43.389,46.667,40.804,44.119,,,,,,
6383,127.66,,,,43.389,46.667,40.804,44.119,,,,,,
6384,127.68,,,,43.389,46.667,40.804,44.119,,,,,,
6385,127.7,,,,43.389,46.667,40.804,44.119,,,,,,
6386,127.72,,,,43.389,46.667,40.804,44.119,,,,,,
6387,127.74,,,,43.389,46.667,40.804,44.119,,,,,,
6388,127.76,,,,43.389,46.667,40.804,44.119,,,,,,
6389,127.78,,,,43.389,46.667,40.804,44.119,,,,,,
6390,127.8,,,,43.389,46.667,40.804,44.119,,,,,,
6391,127.82,,,,43.389,46.667,40.804,44.119,,,,,,
6392,127.84,,,,43.389,46.667,40.804,44.119,,,,,,
6393,127.86,,,,43.389,46.667,40.804,44.119,,,,,,
6394,127.88,,,,43.389,46.667,40.804,44.119,,,,,,
6395,127.9,,,,43.389,46.667,40.804,44.119,,,,,,
6396,127.92,,,,43.389,46.667,40.804,44.119,,,,,,
6397,127.94,,,,43.389,46.667,40.804,44.119,,,,,,
6398,127.96,,,,43.389,46.667,40.804,44.119,,,,,,
6399,127.98,,,,43.389,46.667,40.804,44.119,,,,,,
6400,128.0,,,,43.389,46.667,40.804,44.119,,,,,,
6401,128.02,,,,43.389,46.667,40.804,44.119,,,,,,
6402,128.04,,,,43.389,46.667,40.804,44.119,,,,,,
6403,128.06,,,,43.389,46.667,40.804,44.119,,,,,,
6404,128.08,,,,43.389,46.667,40.804,44.119,,,,,,
6405,128.1,,,,43.389,46.667,40.804,44.119,,,,,,
6406,128.12,,,,43.389,46.667,40.804,44.119,,,,,,
6407,128.14,,,,43.389,46.667,40.804,44.119,,,,,,
6408,128.16,,,,43.389,46.667,40.804,44.119,,,,,,
6409,128.18,,,,43.389,46.667,40.804,44.119,,,,,,
6410,128.2,2.582,5.31,bbox,43.389,46.817,40.804,44.119,2.611,0.8038,,,,
6411,128.22,4.333,4.333,bbox,43.389,46.817,40.804,44.254,4.6543,0.8217,,0.186,,0.5218
6412,128.24,2.446,2.649,bbox,43.389,46.817,40.804,44.254,2.5242,0.8406,,,,
6413,128.26,2.369,2.582,bbox,43.389,46.983,40.804,44.291,2.4826,0.8515,,,,
6414,128.28,3.783,2.582,pose,43.389,46.983,40.804,44.291,4.6753,0.8694,0.57,0.2425,0.6345,-0.3488
6415,128.3,2.236,2.446,bbox,43.389,47.07,40.804,44.291,2.383,0.8838,,,,
6416,128.32,3.986,2.446,bbox,43.389,47.07,40.804,44.291,4.6943,0.9,,,,
6417,128.34,3.712,3.712,pose,43.539,47.07,40.804,44.334,4.7192,0.9353,0.5952,0.1225,0.6674,0.0162
6418,128.36,3.91,3.783,bbox,43.539,47.07,40.804,44.334,4.7621,0.9713,,,,
6419,128.38,3.902,3.902,bbox,43.583,47.07,40.804,44.385,4.7967,1.0016,,,,
6420,128.4,3.974,3.91,pose,43.626,47.07,40.804,44.421,4.8388,1.0423,0.5887,0.0522,0.68,0.6209
6421,128.42,3.888,3.902,bbox,43.661,47.07,40.804,44.452,4.8618,1.0947,,,,
6422,128.44,3.901,3.902,bbox,43.703,47.07,40.804,44.492,4.8735,1.1187,,,,
6423,128.46,2.923,3.901,bbox,43.703,47.07,40.804,44.545,4.8868,3.125,0.6138,,0.6897,
6424,128.48,,,,43.703,47.07,40.804,44.545,,,,,,
6425,128.5,,,,43.703,47.07,40.804,44.545,,,,,,
6426,128.52,,,,43.703,47.07,40.804,44.545,,,,,,
6427,128.54,,,,43.703,47.07,40.804,44.545,,,,,,
6428,128.56,,,,43.703,47.07,40.804,44.545,,,,,,
6429,128.58,,,,43.703,47.07,40.804,44.545,,,,,,
6430,128.6,,,,43.703,47.07,40.804,44.545,,,,,,
6431,128.62,,,,43.703,47.07,40.804,44.545,,,,,,
6432,128.64,,,,43.703,47.07,40.804,44.545,,,,,,
6433,128.66,,,,43.703,47.07,40.804,44.545,,,,,,
6434,128.68,,,,43.703,47.07,40.804,44.545,,,,,,
6435,128.7,,,,43.703,47.07,40.804,44.545,,,,,,
6436,128.72,,,,43.703,47.07,40.804,44.545,,,,,,
6437,128.74,,,,43.703,47.07,40.804,44.545,,,,,,
6438,128.76,,,,43.703,47.07,40.804,44.545,,,,,,
6439,128.78,,,,43.703,47.07,40.804,44.545,,,,,,
6440,128.8,,,,43.703,47.07,40.804,44.545,,,,,,
6441,128.82,,,,43.703,47.07,40.804,44.545,,,,,,
6442,128.84,,,,43.703,47.07,40.804,44.545,,,,,,
6443,128.86,,,,43.703,47.07,40.804,44.545,,,,,,
6444,128.88,,,,43.703,47.07,40.804,44.545,,,,,,
6445,128.9,,,,43.703,47.07,40.804,44.545,,,,,,
6446,128.92,,,,43.703,47.07,40.804,44.545,,,,,,
6447,128.94,,,,43.703,47.07,40.804,44.545,,,,,,
6448,128.96,,,,43.703,47.07,40.804,44.545,,,,,,
6449,128.98,,,,43.703,47.07,40.804,44.545,,,,,,
6450,129.0,,,,43.703,47.07,40.804,44.545,,,,,,
6451,129.02,,,,43.703,47.07,40.804,44.545,,,,,,
6452,129.04,,,,43.703,47.07,40.804,44.545,,,,,,
6453,129.06,,,,43.703,47.07,40.804,44.545,,,,,,
6454,129.08,3.756,3.888,bbox,43.737,47.07,40.804,44.545,5.5397,3.049,,,,
6455,129.1,3.743,3.756,bbox,43.737,47.07,40.804,44.719,5.5521,3.0426,,,,
6456,129.12,3.864,3.756,pose,43.901,47.07,40.804,44.719,5.5798,0.9328,0.5675,0.5331,0.6835,0.7366
6457,129.14,4.481,3.756,bbox,43.901,47.07,40.804,44.719,5.6083,0.8951,,,,
6458,129.16,4.572,3.864,bbox,43.941,47.07,40.954,44.719,5.6412,0.867,,,,
6459,129.18,3.324,3.864,pose,43.941,47.07,40.954,44.719,5.6701,3.0226,0.5986,0.1498,0.6787,0.4462
6460,129.2,,,,43.941,47.07,40.954,44.719,,,,,,
6461,129.22,3.968,3.968,bbox,44.002,47.07,40.954,44.719,5.7302,3.0088,,,,
6462,129.24,4.06,4.06,pose,44.002,47.07,40.992,44.719,5.7772,0.8514,0.5206,0.7454,0.6523,0.711
6463,129.26,4.826,4.06,bbox,44.091,47.07,40.992,44.719,5.8443,0.8683,,,,
6464,129.28,4.896,4.06,bbox,44.138,47.07,40.992,44.719,5.8876,0.8718,,,,
6465,129.3,4.247,4.247,pose,44.205,47.07,40.992,44.719,5.9521,0.8793,0.3749,0.7125,0.6361,0.6906
6466,129.32,4.239,4.247,bbox,44.249,47.07,40.992,44.719,6.0108,3.0686,,,,
6467,129.34,,,,44.249,47.07,40.992,44.719,,,,,,
6468,129.36,,,,44.249,47.07,40.992,44.719,,,,,,
6469,129.38,,,,44.249,47.07,40.992,44.719,,,,,,
6470,129.4,3.369,4.247,bbox,44.249,47.07,40.992,44.719,0.8004,3.1374,,,,
6471,129.42,4.941,4.247,pose,44.249,47.07,40.992,44.853,0.7989,6.2734,0.3699,0.0385,0.7116,0.7062
6472,129.44,5.358,4.247,bbox,44.249,47.22,40.992,44.922,0.7976,6.3249,,,,
6473,129.46,5.327,4.941,bbox,44.249,47.22,40.992,45.072,0.7947,6.3428,,,,
6474,129.48,5.198,5.198,pose,44.249,47.22,40.992,45.123,0.791,6.3689,0.1513,0.0489,0.7239,0.7252
6475,129.5,5.426,5.327,bbox,44.249,47.22,40.992,45.123,0.781,6.3793,,,,
6476,129.52,4.428,5.327,bbox,44.249,47.22,40.992,45.167,3.2088,6.3911,,,,
6477,129.54,,,,44.249,47.22,40.992,45.167,,,,,,
6478,129.56,,,,44.249,47.22,40.992,45.167,,,,,,
6479,129.58,4.565,5.198,bbox,44.249,47.22,40.992,45.167,3.1923,6.4054,,,,
6480,129.6,4.593,4.593,bbox,44.393,47.22,40.992,45.167,3.19,6.4041,,0.504,,0.7507
6481,129.62,5.545,4.593,bbox,44.393,47.22,40.992,45.203,0.67,6.4053,,,,
6482,129.64,5.569,4.593,bbox,44.393,47.22,40.992,45.203,0.6704,6.414,,,,
6483,129.66,5.362,5.362,pose,44.393,47.37,40.992,45.203,0.6634,6.4176,0.1032,0.5084,0.7636,0.7289
6484,129.68,4.633,5.362,bbox,44.393,47.37,40.992,45.203,3.1859,6.417,,,,
6485,129.7,4.628,5.362,bbox,44.393,47.37,40.992,45.203,3.178,6.4144,,,,
6486,129.72,3.592,4.633,bbox,44.543,47.37,40.992,45.203,3.1671,0.667,,0.1049,,0.7285
6487,129.74,3.582,4.628,bbox,44.543,47.37,40.992,45.203,3.1553,0.6675,,,,
6488,129.76,,,,44.543,47.37,40.992,45.203,,,,,,
6489,129.78,,,,44.543,47.37,40.992,45.203,,,,,,
6490,129.8,,,,44.543,47.37,40.992,45.203,,,,,,
6491,129.82,,,,44.543,47.37,40.992,45.203,,,,,,
6492,129.84,3.537,3.592,bbox,44.543,47.37,41.132,45.203,3.1487,0.6863,,0.3745,,0.7647
6493,129.86,4.861,3.592,bbox,44.543,47.37,41.132,45.203,3.1418,6.5986,,,,
6494,129.88,5.84,3.592,bbox,44.543,47.37,41.132,45.203,0.6751,6.6226,,,,
6495,129.9,3.966,3.966,bbox,44.543,47.37,41.132,45.353,2.4647,6.6644,,0.0059,,0.6785
6496,129.92,4.024,4.024,bbox,44.543,47.545,41.132,45.353,2.4577,6.6924,,,,
6497,129.94,5.472,4.861,bbox,44.543,47.545,41.132,45.418,0.8692,6.7275,,,,
6498,129.96,5.119,5.119,bbox,44.543,47.545,41.132,45.418,3.0904,6.7424,,0.0589,,0.6901
6499,129.98,5.105,5.105,bbox,44.543,47.545,41.132,45.481,3.0739,6.7461,,,,
6500,130.0,5.114,5.114,bbox,44.693,47.545,41.132,45.481,3.064,6.7448,,,,
6501,130.02,5.27,5.119,pose,44.693,47.545,41.132,45.481,0.7251,6.7667,0.7143,0.2536,0.7644,0.7451
6502,130.04,5.753,5.119,bbox,44.693,47.545,41.132,45.481,0.7268,6.7642,,,,
6503,130.06,5.783,5.27,bbox,44.693,47.695,41.132,45.518,0.7357,6.792,,,,
6504,130.08,5.251,5.27,pose,44.693,47.695,41.132,45.518,0.7385,6.8124,0.7389,0.4563,0.7575,0.7755
6505,130.1,5.287,5.287,bbox,44.693,47.695,41.132,45.518,2.9864,6.8339,,,,
6506,130.12,,,,44.693,47.695,41.132,45.518,,,,,,
6507,130.14,,,,44.693,47.695,41.132,45.518,,,,,,
6508,130.16,,,,44.693,47.695,41.132,45.518,,,,,,
6509,130.18,,,,44.693,47.695,41.132,45.518,,,,,,
6510,130.2,,,,44.693,47.695,41.132,45.518,,,,,,
6511,130.22,,,,44.693,47.695,41.132,45.518,,,,,,
6512,130.24,,,,44.693,47.695,41.132,45.518,,,,,,
6513,130.26,,,,44.693,47.695,41.132,45.518,,,,,,
6514,130.28,,,,44.693,47.695,41.132,45.518,,,,,,
6515,130.3,,,,44.693,47.695,41.132,45.518,,,,,,
6516,130.32,5.39,5.39,bbox,44.693,47.695,41.132,45.566,3.0661,7.0365,,0.4519,,0.7094
6517,130.34,5.406,5.39,bbox,44.846,47.695,41.132,45.566,3.062,7.0637,,,,
6518,130.36,3.091,5.287,bbox,44.911,47.695,41.132,45.566,3.0521,0.9523,,,,
6519,130.38,3.045,5.287,bbox,44.911,47.695,41.132,45.566,3.0404,0.9735,,0.4595,,0.7419
6520,130.4,3.038,3.091,bbox,44.911,47.695,41.26,45.566,3.0106,0.9672,,,,
6521,130.42,2.852,3.045,bbox,44.911,47.695,41.26,45.566,2.9865,0.9964,,,,
6522,130.44,2.526,3.038,pose,44.911,47.737,41.26,45.566,2.9584,1.0101,0.3997,0.3935,0.3907,0.7729
6523,130.46,2.839,2.852,bbox,44.911,47.737,41.26,45.566,2.9333,1.0329,,,,
6524,130.48,2.835,2.839,bbox,44.911,47.789,41.26,45.603,2.9233,1.0597,,,,
6525,130.5,2.61,2.835,pose,44.911,47.789,41.26,45.603,2.9176,1.0879,0.4336,0.219,0.347,0.8045
6526,130.52,2.784,2.784,bbox,44.911,47.824,41.26,45.653,2.91,1.1367,,,,
6527,130.54,2.778,2.784,bbox,44.911,47.824,41.26,45.653,2.9103,1.1756,,,,
6528,130.56,2.774,2.778,bbox,44.911,47.824,41.26,45.73,2.9147,1.2026,,0.0061,,0.7691
6529,130.58,2.768,2.774,bbox,44.911,47.824,41.26,45.768,2.8896,1.2192,,,,
6530,130.6,2.729,2.774,bbox,44.911,47.824,41.26,45.768,2.878,1.2387,,,,
6531,130.62,,,,44.911,47.824,41.26,45.768,,,,,,
6532,130.64,,,,44.911,47.824,41.26,45.768,,,,,,
6533,130.66,,,,44.911,47.824,41.26,45.768,,,,,,
6534,130.68,5.681,2.774,pose,44.911,47.858,41.26,45.812,2.8208,7.4616,0.5721,0.4937,0.2468,0.7385
6535,130.7,6.464,2.774,bbox,44.911,47.858,41.26,45.812,2.8114,7.4712,,,,
6536,130.72,6.432,5.681,bbox,44.911,47.927,41.26,45.982,2.7969,7.4795,,,,
6537,130.74,6.083,6.083,pose,44.911,47.927,41.26,45.982,2.7852,7.4776,0.0227,0.5249,-0.3111,0.7576
6538,130.76,6.406,6.406,bbox,44.911,47.927,41.26,45.982,2.7769,7.4787,,,,
6539,130.78,,,,44.911,47.927,41.26,45.982,,,,,,
6540,130.8,,,,44.911,47.927,41.26,45.982,,,,,,
6541,130.82,,,,44.911,47.927,41.26,45.982,,,,,,
6542,130.84,,,,44.911,47.927,41.26,45.982,,,,,,
6543,130.86,6.531,6.432,bbox,44.911,47.962,41.26,45.982,2.7033,7.5673,,0.4774,,0.7584
6544,130.88,5.761,6.406,bbox,44.911,47.962,41.26,45.982,1.4317,7.6036,,,,
6545,130.9,5.783,6.083,bbox,44.911,48.044,41.26,46.087,1.4522,7.6019,,,,
6546,130.92,5.522,5.783,pose,44.911,48.194,41.26,46.122,1.475,7.6152,0.2109,0.3911,0.7448,0.7754
6547,130.94,5.903,5.783,bbox,44.911,48.194,41.26,46.122,1.496,7.6233,,,,
6548,130.96,5.924,5.783,bbox,44.911,48.194,41.26,46.122,1.5209,7.6401,,,,
6549,130.98,6.383,5.903,pose,44.911,48.194,41.26,46.122,2.6687,7.6619,0.0256,0.3103,0.0458,0.765
6550,131.0,6.75,5.924,bbox,44.957,48.194,41.26,46.16,2.6741,7.6799,,,,
6551,131.02,6.677,6.383,bbox,45.107,48.194,41.26,46.16,2.6774,7.6989,,,,
6552,131.04,1.919,6.383,pose,45.107,48.194,41.26,46.16,2.6809,1.628,0.4382,0.1002,0.3819,0.7813
6553,131.06,,,,45.107,48.194,41.26,46.16,,,,,,
6554,131.08,2.129,6.383,bbox,45.107,48.194,41.26,46.16,2.6902,1.6579,,,,
6555,131.1,2.133,2.133,bbox,45.107,48.194,41.389,46.16,2.6924,1.6894,,0.2949,,0.7944
6556,131.12,2.107,2.129,bbox,45.107,48.194,41.389,46.16,2.6883,1.7285,,,,
6557,131.14,6.632,2.129,bbox,45.107,48.194,41.389,46.16,2.6892,7.7891,,,,
6558,131.16,6.11,2.133,pose,45.107,48.194,41.389,46.199,2.6931,7.802,0.471,0.0086,0.4224,0.6149
6559,131.18,5.859,5.859,bbox,45.107,48.194,41.389,46.349,1.8155,7.8076,,,,
6560,131.2,5.843,5.859,bbox,45.107,48.194,41.389,46.349,1.8602,7.8107,,,,
6561,131.22,5.529,5.859,pose,45.107,48.324,41.389,46.349,1.8684,7.8168,0.6063,0.1203,0.8038,0.6422
6562,131.24,5.844,5.844,bbox,45.107,48.324,41.389,46.349,1.8676,7.8217,,,,
6563,131.26,6.52,5.844,bbox,45.107,48.324,41.389,46.349,2.7205,7.8259,,,,
6564,131.28,5.533,5.843,pose,45.107,48.324,41.389,46.382,1.8273,7.828,0.6085,0.1612,0.8014,0.6529
6565,131.3,5.938,5.844,bbox,45.107,48.324,41.389,46.382,1.8226,7.8179,,,,
6566,131.32,5.968,5.938,bbox,45.107,48.366,41.389,46.382,1.8211,7.8164,,,,
6567,131.34,5.592,5.938,pose,45.107,48.366,41.389,46.382,1.8291,7.8167,0.6101,0.1856,0.8216,0.6862
6568,131.36,5.977,5.938,bbox,45.107,48.366,41.389,46.382,1.8334,7.8207,,,,
6569,131.38,6.001,5.968,bbox,45.107,48.366,41.389,46.382,1.8405,7.8275,,,,
6570,131.4,5.629,5.968,pose,45.107,48.366,41.389,46.382,1.8533,7.8333,0.6278,0.1869,0.7978,0.6928
6571,131.42,6.022,5.977,bbox,45.107,48.366,41.389,46.382,1.8694,7.84,,,,
6572,131.44,2.166,5.977,bbox,45.107,48.366,41.389,46.382,1.8836,2.7396,,,,
6573,131.46,,,,45.107,48.366,41.389,46.382,,,,,,
6574,131.48,,,,45.107,48.366,41.389,46.382,,,,,,
6575,131.5,,,,45.107,48.366,41.389,46.382,,,,,,
6576,131.52,,,,45.107,48.366,41.389,46.382,,,,,,
6577,131.54,,,,45.107,48.366,41.389,46.382,,,,,,
6578,131.56,,,,45.107,48.366,41.389,46.382,,,,,,
6579,131.58,,,,45.107,48.366,41.389,46.382,,,,,,
6580,131.6,,,,45.107,48.366,41.389,46.382,,,,,,
6581,131.62,,,,45.107,48.366,41.389,46.382,,,,,,
6582,131.64,,,,45.107,48.366,41.389,46.382,,,,,,
6583,131.66,,,,45.107,48.366,41.389,46.382,,,,,,
6584,131.68,,,,45.107,48.366,41.389,46.382,,,,,,
6585,131.7,,,,45.107,48.366,41.389,46.382,,,,,,
6586,131.72,,,,45.107,48.366,41.389,46.382,,,,,,
6587,131.74,,,,45.107,48.366,41.389,46.382,,,,,,
6588,131.76,,,,45.107,48.366,41.389,46.382,,,,,,
6589,131.78,,,,45.107,48.366,41.389,46.382,,,,,,
6590,131.8,,,,45.107,48.366,41.389,46.382,,,,,,
6591,131.82,,,,45.107,48.366,41.389,46.382,,,,,,
6592,131.84,,,,45.107,48.366,41.389,46.382,,,,,,
6593,131.86,,,,45.107,48.366,41.389,46.382,,,,,,
6594,131.88,,,,45.107,48.366,41.389,46.382,,,,,,
6595,131.9,,,,45.107,48.366,41.389,46.382,,,,,,
6596,131.92,,,,45.107,48.366,41.389,46.382,,,,,,
6597,131.94,,,,45.107,48.366,41.389,46.382,,,,,,
6598,131.96,,,,45.107,48.366,41.389,46.382,,,,,,
6599,131.98,,,,45.107,48.366,41.389,46.382,,,,,,
6600,132.0,,,,45.107,48.366,41.389,46.382,,,,,,
6601,132.02,,,,45.107,48.366,41.389,46.382,,,,,,
6602,132.04,,,,45.107,48.366,41.389,46.382,,,,,,
6603,132.06,,,,45.107,48.366,41.389,46.382,,,,,,
6604,132.08,,,,45.107,48.366,41.389,46.382,,,,,,
6605,132.1,,,,45.107,48.366,41.389,46.382,,,,,,
6606,132.12,,,,45.107,48.366,41.389,46.382,,,,,,
6607,132.14,,,,45.107,48.366,41.389,46.382,,,,,,
6608,132.16,,,,45.107,48.366,41.389,46.382,,,,,,
6609,132.18,,,,45.107,48.366,41.389,46.382,,,,,,
6610,132.2,,,,45.107,48.366,41.389,46.382,,,,,,
6611,132.22,,,,45.107,48.366,41.389,46.382,,,,,,
6612,132.24,,,,45.107,48.366,41.389,46.382,,,,,,
6613,132.26,,,,45.107,48.366,41.389,46.382,,,,,,
6614,132.28,1.993,5.629,bbox,45.107,48.366,41.389,46.382,1.8209,2.5639,,,,
6615,132.3,1.696,2.166,pose,45.107,48.366,41.533,46.382,1.8253,2.5781,0.7266,0.5813,0.7677,0.2175
6616,132.32,,,,45.107,48.366,41.533,46.382,,,,,,
6617,132.34,,,,45.107,48.366,41.533,46.382,,,,,,
6618,132.36,,,,45.107,48.366,41.533,46.382,,,,,,
6619,132.38,,,,45.107,48.366,41.533,46.382,,,,,,
6620,132.4,,,,45.107,48.366,41.533,46.382,,,,,,
6621,132.42,,,,45.107,48.366,41.533,46.382,,,,,,
6622,132.44,,,,45.107,48.366,41.533,46.382,,,,,,
6623,132.46,,,,45.107,48.366,41.533,46.382,,,,,,
6624,132.48,,,,45.107,48.366,41.533,46.382,,,,,,
6625,132.5,,,,45.107,48.366,41.533,46.382,,,,,,
6626,132.52,,,,45.107,48.366,41.533,46.382,,,,,,
6627,132.54,,,,45.107,48.366,41.533,46.382,,,,,,
6628,132.56,,,,45.107,48.366,41.533,46.382,,,,,,
6629,132.58,,,,45.107,48.366,41.533,46.382,,,,,,
6630,132.6,,,,45.107,48.366,41.533,46.382,,,,,,
6631,132.62,,,,45.107,48.366,41.533,46.382,,,,,,
6632,132.64,,,,45.107,48.366,41.533,46.382,,,,,,
6633,132.66,,,,45.107,48.366,41.533,46.382,,,,,,
6634,132.68,,,,45.107,48.366,41.533,46.382,,,,,,
6635,132.7,,,,45.107,48.366,41.533,46.382,,,,,,
6636,132.72,2.103,2.103,bbox,45.107,48.366,41.659,46.382,1.6129,2.6133,0.3143,,0.7934,
6637,132.74,2.062,2.062,bbox,45.107,48.366,41.659,46.382,1.6141,2.5881,,,,
6638,132.76,2.059,2.059,bbox,45.107,48.522,41.693,46.382,1.6159,2.5791,,,,
6639,132.78,,,,45.107,48.522,41.693,46.382,,,,,,
6640,132.8,,,,45.107,48.522,41.693,46.382,,,,,,
6641,132.82,2.077,2.062,bbox,45.107,48.522,41.693,46.382,1.6194,2.5688,,,,
6642,132.84,,,,45.107,48.522,41.693,46.382,,,,,,
6643,132.86,,,,45.107,48.522,41.693,46.382,,,,,,
6644,132.88,,,,45.107,48.522,41.693,46.382,,,,,,
6645,132.9,,,,45.107,48.522,41.693,46.382,,,,,,
6646,132.92,,,,45.107,48.522,41.693,46.382,,,,,,
6647,132.94,6.111,2.077,bbox,45.107,48.522,41.693,46.382,6.9937,2.5691,,,,
6648,132.96,6.316,2.077,bbox,45.107,48.522,41.693,46.382,7.1384,2.5723,0.1031,,0.676,
6649,132.98,6.106,6.106,bbox,45.261,48.522,41.693,46.382,7.0121,2.5946,,,,
6650,133.0,2.103,6.106,bbox,45.261,48.522,41.693,46.382,1.5982,2.609,,,,
6651,133.02,,,,45.261,48.522,41.693,46.382,,,,,,
6652,133.04,,,,45.261,48.522,41.693,46.382,,,,,,
6653,133.06,2.189,6.106,bbox,45.261,48.522,41.693,46.382,1.5989,2.6814,,,,
6654,133.08,2.228,2.228,bbox,45.261,48.672,41.693,46.382,1.5979,2.7016,0.304,,0.7914,
6655,133.1,2.254,2.228,bbox,45.261,48.672,41.693,46.484,1.5966,2.7141,,,,
6656,133.12,2.228,2.228,bbox,45.261,48.672,41.693,46.484,1.5953,2.7199,,,,
6657,133.14,5.974,2.228,bbox,45.261,48.672,41.693,46.517,6.942,2.7331,0.3971,,0.6788,
6658,133.16,5.149,2.254,bbox,45.261,48.672,41.693,46.517,6.9403,1.6014,,,,
6659,133.18,5.197,5.149,bbox,45.41,48.672,41.693,46.517,6.9645,1.6043,,,,
6660,133.2,4.848,5.149,pose,45.41,48.672,41.843,46.517,6.9488,1.6082,0.5235,0.339,0.6854,0.7841
6661,133.22,5.21,5.197,bbox,45.41,48.672,41.843,46.517,6.9207,1.6151,,,,
6662,133.24,5.205,5.197,bbox,45.41,48.672,41.843,46.517,6.9074,1.6208,,,,
6663,133.26,4.754,5.197,pose,45.41,48.672,41.843,46.517,6.886,1.6293,0.6736,0.3317,0.6754,0.7613
6664,133.28,5.18,5.18,bbox,45.41,48.705,41.843,46.517,6.8679,1.6374,,,,
6665,133.3,5.116,5.18,bbox,45.41,48.705,41.843,46.517,6.8398,1.6423,,,,
6666,133.32,4.641,5.116,pose,45.41,48.744,41.843,46.517,6.8303,1.6574,0.7527,0.3738,0.6536,0.7871
6667,133.34,5.082,5.082,bbox,45.41,48.744,41.843,46.551,6.8199,1.6719,,,,
6668,133.36,5.101,5.101,bbox,45.41,48.782,41.843,46.551,6.8068,1.6976,,,,
6669,133.38,4.586,5.082,pose,45.41,48.782,41.843,46.551,6.7886,1.7124,0.7785,0.4778,0.6632,0.7953
6670,133.4,5.09,5.082,bbox,45.41,48.782,41.843,46.606,6.7806,1.719,,,,
6671,133.42,5.092,5.09,bbox,45.41,48.824,41.843,46.606,6.77,1.7356,,,,
6672,133.44,4.476,5.09,pose,45.41,48.824,41.843,46.606,6.7617,1.7558,0.8058,0.5592,0.6588,0.8036
6673,133.46,5.004,5.004,bbox,45.41,48.824,41.843,46.644,6.7612,1.7778,,,,
6674,133.48,4.993,5.004,bbox,45.41,48.824,41.843,46.644,6.7626,1.7816,,,,
6675,133.5,4.39,4.993,pose,45.41,48.824,41.843,46.687,6.7592,1.7874,0.8012,0.6205,0.6516,0.7897
6676,133.52,4.951,4.951,bbox,45.41,48.824,41.843,46.687,6.7561,1.7976,,,,
6677,133.54,4.961,4.961,bbox,45.41,48.824,41.843,46.687,6.7567,1.7929,,,,
6678,133.56,4.383,4.951,pose,45.41,48.856,41.843,46.687,6.7482,1.7983,0.7757,0.6392,0.6567,0.7842
6679,133.58,4.977,4.951,bbox,45.41,48.856,41.843,46.687,6.7473,1.8016,,,,
6680,133.6,4.976,4.961,bbox,45.41,48.856,41.843,46.687,6.7454,1.8028,,,,
6681,133.62,4.434,4.961,pose,45.41,48.856,41.843,46.687,6.7353,1.8043,0.7494,0.6364,0.6787,0.7979
6682,133.64,4.986,4.976,bbox,45.41,48.856,41.843,46.687,6.7303,1.8093,,,,
6683,133.66,4.988,4.977,bbox,45.41,48.856,41.843,46.687,6.7246,1.8126,,,,
6684,133.68,4.449,4.976,pose,45.41,48.856,41.843,46.718,6.7177,1.8104,0.7272,0.637,0.679,0.7816
6685,133.7,4.986,4.986,bbox,45.41,48.888,41.843,46.718,6.7092,1.8109,,,,
6686,133.72,4.952,4.986,bbox,45.41,48.888,41.843,46.718,6.6914,1.8078,,,,
6687,133.74,4.46,4.952,pose,45.41,48.888,41.843,46.718,6.682,1.8082,0.6967,0.6442,0.6753,0.791
6688,133.76,4.961,4.952,bbox,45.41,48.921,41.843,46.718,6.6692,1.8045,,,,
6689,133.78,4.907,4.952,bbox,45.41,48.921,41.843,46.718,6.6499,1.8111,,,,
6690,133.8,4.416,4.907,pose,45.41,48.921,41.843,46.718,6.6198,1.8134,0.6621,0.6304,0.691,0.7946
6691,133.82,4.851,4.851,bbox,45.41,48.962,41.843,46.718,6.6083,1.8191,,,,
6692,133.84,4.829,4.851,bbox,45.41,48.993,41.843,46.718,6.5892,1.8235,,,,
6693,133.86,4.421,4.829,pose,45.41,48.993,41.843,46.718,6.5733,1.8331,0.6282,0.6036,0.7078,0.7916
6694,133.88,4.804,4.804,bbox,45.41,49.023,41.843,46.718,6.5666,1.841,,,,
6695,133.9,4.774,4.804,bbox,45.41,49.023,41.843,46.718,6.5668,1.8561,,,,
6696,133.92,4.438,4.774,pose,45.41,49.023,41.843,46.75,6.562,1.868,0.6257,0.4998,0.6994,0.7893
6697,133.94,4.734,4.734,bbox,45.41,49.023,41.843,46.75,6.5651,1.8888,,,,
6698,133.96,4.715,4.734,bbox,45.41,49.023,41.843,46.75,6.5644,1.9141,,,,
6699,133.98,4.422,4.715,pose,45.41,49.023,41.843,46.797,6.5658,1.9325,0.6246,0.4911,0.7014,0.7998
6700,134.0,4.699,4.699,bbox,45.41,49.023,41.843,46.797,6.5722,1.9568,,,,
6701,134.02,4.729,4.715,bbox,45.41,49.023,41.843,46.841,6.5833,1.9794,,,,
6702,134.04,4.486,4.699,pose,45.41,49.023,41.843,46.841,6.6104,2.0046,0.6499,0.4247,0.6811,0.814
6703,134.06,4.779,4.699,bbox,45.41,49.023,41.843,46.888,6.6434,2.0324,,,,
6704,134.08,4.785,4.729,bbox,45.41,49.023,41.843,46.888,6.65,2.0518,,,,
6705,134.1,4.556,4.729,pose,45.464,49.023,41.843,46.941,6.6538,2.0739,0.6515,0.4015,0.6823,0.8142
6706,134.12,4.803,4.779,bbox,45.464,49.023,41.843,46.941,6.6532,2.0896,,,,
6707,134.14,4.848,4.785,bbox,45.464,49.023,41.843,46.983,6.659,2.1057,,,,
6708,134.16,4.66,4.785,pose,45.464,49.023,41.843,46.983,6.6706,2.1113,0.6507,0.3688,0.664,0.794
6709,134.18,4.922,4.803,bbox,45.464,49.023,41.843,47.014,6.6798,2.1126,,,,
6710,134.2,4.946,4.848,bbox,45.464,49.023,41.843,47.014,6.6837,2.1177,,,,
6711,134.22,4.737,4.848,pose,45.5,49.023,41.843,47.014,6.684,2.1218,0.6537,0.3921,0.6473,0.797
6712,134.24,4.965,4.922,bbox,45.5,49.023,41.843,47.014,6.6756,2.1168,,,,
6713,134.26,4.99,4.946,bbox,45.5,49.023,41.843,47.014,6.6681,2.1243,,,,
6714,134.28,4.917,4.946,pose,45.5,49.023,41.843,47.014,6.6769,2.0999,0.434,0.3986,0.5872,0.8083
6715,134.3,5.119,4.965,bbox,45.5,49.023,41.843,47.014,6.6755,2.1202,,,,
6716,134.32,5.064,4.99,bbox,45.5,49.023,41.843,47.014,6.6551,2.1225,,,,
6717,134.34,5.112,5.064,bbox,45.5,49.023,41.843,47.014,6.657,2.1149,,0.408,,0.7923
6718,134.36,5.113,5.112,bbox,45.5,49.023,41.843,47.014,6.6663,2.1221,,,,
6719,134.38,5.127,5.113,bbox,45.5,49.023,41.843,47.014,6.6683,2.1306,,,,
6720,134.4,4.88,5.112,pose,45.5,49.023,41.843,47.014,6.6687,2.1212,0.6573,0.3934,0.5568,0.7978
6721,134.42,5.135,5.113,bbox,45.5,49.023,41.843,47.014,6.668,2.1169,,,,
6722,134.44,5.103,5.113,bbox,45.5,49.023,41.843,47.014,6.6688,2.1193,,,,
6723,134.46,5.116,5.116,bbox,45.5,49.023,41.843,47.014,6.6726,2.1139,,0.422,,0.787
6724,134.48,5.144,5.116,bbox,45.5,49.023,41.843,47.014,6.6734,2.099,,,,
6725,134.5,5.151,5.135,bbox,45.5,49.023,41.843,47.014,6.6735,2.0768,,,,
6726,134.52,5.155,5.144,bbox,45.5,49.023,41.843,47.014,6.6722,2.0708,,0.393,,0.803
6727,134.54,6.478,5.151,bbox,45.5,49.023,41.843,47.014,6.6717,2.9568,,,,
6728,134.56,6.479,5.155,bbox,45.5,49.023,41.843,47.014,6.6704,2.9581,,,,
6729,134.58,5.315,5.315,bbox,45.5,49.023,41.843,47.014,6.6696,1.7574,,0.3794,,0.8063
6730,134.6,6.485,6.478,bbox,45.5,49.023,41.843,47.136,6.6697,2.9596,,,,
6731,134.62,5.231,6.478,bbox,45.5,49.023,41.843,47.136,6.6675,2.0126,,,,
6732,134.64,5.29,5.315,bbox,45.5,49.023,41.993,47.136,6.6647,2.0035,,0.3924,,0.7984
6733,134.66,5.259,5.29,bbox,45.5,49.023,41.993,47.136,6.6633,1.9877,,,,
6734,134.68,6.523,5.29,bbox,45.5,49.023,41.993,47.136,6.6548,2.94,,,,
6735,134.7,6.511,5.29,bbox,45.5,49.023,41.993,47.136,6.6517,2.9343,,0.2014,,0.2427
6736,134.72,5.331,5.331,bbox,45.5,49.023,41.993,47.136,6.6504,1.9177,,,,
6737,134.74,5.304,5.331,bbox,45.5,49.023,41.993,47.136,6.6491,1.9235,,,,
6738,134.76,6.379,6.379,bbox,45.5,49.023,41.993,47.261,6.6482,2.9383,,0.3601,,0.4331
6739,134.78,5.324,5.331,bbox,45.5,49.054,42.143,47.261,6.6461,1.9026,,,,
6740,134.8,5.33,5.33,bbox,45.5,49.054,42.143,47.261,6.6441,1.8931,,,,
6741,134.82,5.36,5.33,bbox,45.5,49.054,42.143,47.261,6.644,1.8987,,0.3851,,0.8079
6742,134.84,5.343,5.343,bbox,45.5,49.054,42.143,47.261,6.647,1.9071,,,,
6743,134.86,5.325,5.33,bbox,45.5,49.054,42.143,47.261,6.645,1.9175,,,,
6744,134.88,5.297,5.33,bbox,45.5,49.054,42.143,47.261,6.6482,1.9181,,0.396,,0.8174
6745,134.9,5.306,5.325,bbox,45.5,49.054,42.143,47.261,6.6498,1.9164,,,,
6746,134.92,5.322,5.322,bbox,45.5,49.054,42.143,47.261,6.6513,1.9152,,,,
6747,134.94,5.323,5.322,bbox,45.5,49.054,42.143,47.261,6.6516,1.9154,,0.4023,,0.8061
6748,134.96,5.321,5.321,bbox,45.5,49.054,42.143,47.261,6.6517,1.9168,,,,
6749,134.98,6.427,5.322,bbox,45.5,49.054,42.143,47.261,6.6565,3.0799,,,,
6750,135.0,5.3,5.322,bbox,45.5,49.054,42.143,47.261,6.6537,1.905,,0.3822,,0.8134
6751,135.02,5.314,5.321,bbox,45.5,49.054,42.143,47.261,6.6465,1.9108,,,,
6752,135.04,5.34,5.321,bbox,45.5,49.054,42.143,47.261,6.6468,1.9067,,,,
6753,135.06,5.334,5.334,bbox,45.5,49.054,42.143,47.261,6.6475,1.9035,,0.3454,,0.8042
6754,135.08,5.347,5.334,bbox,45.5,49.054,42.143,47.261,6.6471,1.8934,,,,
6755,135.1,5.36,5.34,bbox,45.5,49.054,42.143,47.261,6.6457,1.8857,,,,
6756,135.12,5.379,5.347,bbox,45.5,49.054,42.173,47.261,6.645,1.8669,,0.2784,,0.8002
6757,135.14,5.386,5.36,bbox,45.5,49.054,42.173,47.261,6.6449,1.8629,,,,
6758,135.16,5.386,5.379,bbox,45.5,49.054,42.173,47.261,6.644,1.8624,,,,
6759,135.18,5.375,5.379,bbox,45.5,49.054,42.173,47.261,6.6452,1.8643,,0.2802,,0.8048
6760,135.2,5.365,5.379,bbox,45.5,49.054,42.173,47.261,6.6452,1.8658,,,,
6761,135.22,5.361,5.375,bbox,45.5,49.054,42.173,47.261,6.6466,1.8701,,,,
6762,135.24,5.361,5.365,bbox,45.5,49.054,42.173,47.261,6.6507,1.8867,,0.2898,,0.7847
6763,135.26,5.354,5.361,bbox,45.5,49.054,42.173,47.261,6.6514,1.9076,,,,
6764,135.28,5.324,5.361,bbox,45.5,49.054,42.173,47.261,6.6534,1.9098,,,,
6765,135.3,5.285,5.354,bbox,45.5,49.054,42.173,47.261,6.6584,1.9146,,0.3369,,0.7807
6766,135.32,5.262,5.324,bbox,45.5,49.054,42.173,47.261,6.6674,1.9201,,,,
6767,135.34,5.247,5.285,bbox,45.5,49.054,42.173,47.261,6.6771,1.9257,,,,
6768,135.36,4.979,5.262,pose,45.5,49.054,42.173,47.261,6.6859,1.9317,0.0098,0.3702,0.1495,0.7853
6769,135.38,5.287,5.262,bbox,45.5,49.054,42.173,47.293,6.6929,1.9381,,,,
6770,135.4,5.227,5.247,bbox,45.537,49.054,42.173,47.293,6.7071,1.9467,,,,
6771,135.42,4.702,5.227,pose,45.537,49.054,42.173,47.293,6.7181,1.9546,0.6837,0.4143,0.6504,0.788
6772,135.44,5.109,5.109,bbox,45.537,49.054,42.173,47.293,6.7184,1.9593,,,,
6773,135.46,5.058,5.109,bbox,45.569,49.054,42.173,47.293,6.7198,1.9604,,,,
6774,135.48,4.542,5.058,pose,45.569,49.054,42.173,47.327,6.7193,1.9619,0.6982,0.4172,0.5765,0.7993
6775,135.5,4.934,4.934,bbox,45.569,49.054,42.173,47.327,6.7189,1.962,,,,
6776,135.52,4.889,4.934,bbox,45.569,49.054,42.173,47.327,6.7196,1.9632,,,,
6777,135.54,4.408,4.889,pose,45.569,49.054,42.173,47.327,6.7181,1.9649,0.7307,0.4156,0.6687,0.7984
6778,135.56,4.862,4.862,bbox,45.569,49.054,42.173,47.327,6.7169,1.9605,,,,
6779,135.58,4.852,4.862,bbox,45.569,49.054,42.173,47.327,6.7177,1.9617,,,,
6780,135.6,4.379,4.852,pose,45.569,49.054,42.173,47.327,6.7144,1.9618,0.7343,0.4343,0.6401,0.8036
6781,135.62,4.813,4.813,bbox,45.569,49.054,42.173,47.327,6.716,1.9613,,,,
6782,135.64,4.829,4.829,bbox,45.569,49.054,42.173,47.327,6.7156,1.9648,,,,
6783,135.66,4.355,4.813,pose,45.569,49.054,42.173,47.327,6.7178,1.9704,0.7371,0.4255,0.6391,0.7902
6784,135.68,4.826,4.813,bbox,45.569,49.054,42.173,47.327,6.7249,1.9734,,,,
6785,135.7,4.792,4.813,bbox,45.569,49.054,42.173,47.327,6.7264,1.9772,,,,
6786,135.72,4.343,4.792,pose,45.569,49.054,42.173,47.327,6.7311,1.9777,0.7546,0.4393,0.6441,0.7939
6787,135.74,4.84,4.792,bbox,45.569,49.054,42.173,47.327,6.7387,1.9782,,,,
6788,135.76,4.816,4.816,bbox,45.569,49.054,42.173,47.327,6.7387,1.979,,,,
6789,135.78,4.369,4.792,pose,45.569,49.054,42.173,47.327,6.7371,1.9764,0.7452,0.4434,0.6508,0.8075
6790,135.8,4.817,4.816,bbox,45.569,49.054,42.173,47.327,6.745,1.9804,,,,
6791,135.82,4.794,4.816,bbox,45.569,49.054,42.173,47.327,6.7443,1.9793,,,,
6792,135.84,4.35,4.794,pose,45.569,49.054,42.173,47.327,6.7512,1.9808,0.7526,0.4472,0.6529,0.8153
6793,135.86,4.842,4.794,bbox,45.569,49.054,42.173,47.327,6.7734,1.9808,,,,
6794,135.88,4.862,4.817,bbox,45.603,49.054,42.173,47.327,6.7786,1.9796,,,,
6795,135.9,4.379,4.794,pose,45.603,49.054,42.173,47.327,6.7744,1.9758,0.744,0.4331,0.6607,0.8198
6796,135.92,4.904,4.842,bbox,45.603,49.054,42.173,47.327,6.7863,1.9724,,,,
6797,135.94,4.924,4.862,bbox,45.603,49.054,42.173,47.327,6.7885,1.9684,,,,
6798,135.96,4.392,4.862,pose,45.638,49.054,42.173,47.327,6.791,1.9587,0.7558,0.4532,0.6524,0.8015
6799,135.98,4.934,4.904,bbox,45.638,49.054,42.173,47.327,6.7959,1.9474,,,,
6800,136.0,4.892,4.904,bbox,45.638,49.054,42.173,47.327,6.76,1.9383,,,,
6801,136.02,4.355,4.892,pose,45.638,49.054,42.173,47.327,6.7404,1.9312,0.7694,0.5244,0.6644,0.7869
6802,136.04,4.877,4.877,bbox,45.638,49.054,42.173,47.327,6.7282,1.9201,,,,
6803,136.06,4.84,4.877,bbox,45.638,49.1,42.173,47.327,6.6778,1.91,,,,
6804,136.08,4.375,4.84,pose,45.638,49.1,42.213,47.327,6.6618,1.8971,0.7609,0.5818,0.6461,0.8106
6805,136.1,4.827,4.827,bbox,45.638,49.162,42.213,47.327,6.6451,1.8779,,,,
6806,136.12,4.832,4.832,bbox,45.638,49.162,42.213,47.327,6.6445,1.8697,,,,
6807,136.14,4.407,4.827,pose,45.638,49.195,42.255,47.327,6.6309,1.8656,0.587,0.6545,0.6296,0.79
6808,136.16,4.858,4.827,bbox,45.638,49.195,42.255,47.327,6.6231,1.8548,,,,
6809,136.18,4.846,4.832,bbox,45.638,49.195,42.255,47.327,6.613,1.8496,,,,
6810,136.2,4.368,4.832,pose,45.638,49.195,42.255,47.327,6.596,1.8476,0.7561,0.6862,0.6416,0.7817
6811,136.22,4.816,4.816,bbox,45.638,49.227,42.255,47.327,6.5896,1.8427,,,,
6812,136.24,4.827,4.827,bbox,45.638,49.227,42.285,47.327,6.5868,1.8374,,,,
6813,136.26,4.353,4.816,pose,45.638,49.227,42.285,47.327,6.5818,1.824,0.748,0.7089,0.6575,0.7778
6814,136.28,4.841,4.816,bbox,45.638,49.227,42.285,47.327,6.5785,1.8188,,,,
6815,136.3,4.848,4.827,bbox,45.638,49.258,42.285,47.327,6.5729,1.8175,,,,
6816,136.32,4.364,4.827,pose,45.638,49.258,42.285,47.327,6.5659,1.8108,0.7274,0.733,0.6528,0.7865
6817,136.34,4.797,4.797,bbox,45.638,49.258,42.315,47.327,6.5485,1.8123,,,,
6818,136.36,4.78,4.797,bbox,45.638,49.258,42.315,47.327,6.5391,1.8147,,,,
6819,136.38,4.324,4.78,pose,45.638,49.292,42.315,47.327,6.5282,1.8147,0.7074,0.7397,0.6588,0.7777
6820,136.4,4.744,4.744,bbox,45.638,49.292,42.315,47.327,6.5139,1.8117,,,,
6821,136.42,4.751,4.751,bbox,45.638,49.292,42.315,47.327,6.5042,1.8053,,,,
6822,136.44,4.359,4.744,pose,45.638,49.326,42.315,47.327,6.4965,1.8002,0.6703,0.7231,0.6726,0.7619
6823,136.46,4.72,4.72,bbox,45.638,49.326,42.315,47.327,6.4824,1.7985,,,,
6824,136.48,4.702,4.72,bbox,45.638,49.326,42.315,47.327,6.4754,1.796,,,,
6825,136.5,4.318,4.702,pose,45.638,49.358,42.315,47.327,6.4619,1.7941,0.5987,0.726,0.6909,0.7811
6826,136.52,4.627,4.627,bbox,45.638,49.358,42.315,47.327,6.4401,1.7935,,,,
6827,136.54,4.649,4.649,bbox,45.638,49.358,42.315,47.327,6.4293,1.7939,,,,
6828,136.56,4.326,4.627,pose,45.638,49.4,42.315,47.327,6.4182,1.7973,0.5541,0.7199,0.6965,0.7808
6829,136.58,5.189,4.627,bbox,45.638,49.4,42.315,47.327,6.4171,2.8352,,,,
6830,136.6,5.183,4.649,bbox,45.638,49.4,42.315,47.327,6.417,2.8372,,,,
6831,136.62,,,,45.638,49.4,42.315,47.327,,,,,,
6832,136.64,,,,45.638,49.4,42.315,47.327,,,,,,
6833,136.66,,,,45.638,49.4,42.315,47.327,,,,,,
6834,136.68,,,,45.638,49.4,42.315,47.327,,,,,,
6835,136.7,5.107,5.107,bbox,45.638,49.4,42.315,47.456,6.425,2.8689,,,,
6836,136.72,,,,45.638,49.4,42.315,47.456,,,,,,
6837,136.74,4.378,5.107,pose,45.638,49.4,42.315,47.456,6.4253,1.7445,0.5408,0.641,0.6843,0.7957
6838,136.76,5.061,5.107,bbox,45.638,49.4,42.315,47.456,6.4234,2.9083,,,,
6839,136.78,4.675,5.061,bbox,45.638,49.4,42.315,47.456,6.4223,1.7398,,,,
6840,136.8,5.025,5.025,bbox,45.638,49.4,42.315,47.49,6.4207,2.9336,0.5425,,0.6854,
6841,136.82,4.99,4.99,bbox,45.638,49.4,42.315,47.53,6.4224,2.9534,,,,
6842,136.84,5.001,5.001,bbox,45.638,49.4,42.315,47.53,6.4202,2.9582,,,,
6843,136.86,4.387,4.99,pose,45.638,49.4,42.315,47.53,6.4161,1.7566,0.5372,0.6434,0.6943,0.7868
6844,136.88,4.639,4.99,bbox,45.638,49.4,42.315,47.53,6.4117,1.7587,,,,
6845,136.9,4.646,4.646,bbox,45.638,49.4,42.44,47.53,6.4091,1.7627,,,,
6846,136.92,4.415,4.639,pose,45.638,49.4,42.44,47.53,6.4079,1.7632,0.5281,0.6408,0.7086,0.7772
6847,136.94,4.654,4.639,bbox,45.638,49.431,42.44,47.53,6.4066,1.7636,,,,
6848,136.96,4.619,4.639,bbox,45.638,49.431,42.44,47.53,6.4019,1.7644,,,,
6849,136.98,4.375,4.619,pose,45.638,49.431,42.44,47.53,6.3992,1.7684,0.5092,0.6547,0.702,0.7709
6850,137.0,4.607,4.607,bbox,45.638,49.431,42.44,47.53,6.3962,1.7705,,,,
6851,137.02,4.597,4.607,bbox,45.638,49.431,42.44,47.53,6.3921,1.7683,,,,
6852,137.04,4.378,4.597,pose,45.638,49.431,42.44,47.53,6.3896,1.7654,0.4843,0.6353,0.7011,0.7724
6853,137.06,4.612,4.597,bbox,45.638,49.431,42.44,47.53,6.3868,1.7531,,,,
6854,137.08,4.609,4.607,bbox,45.638,49.431,42.44,47.53,6.3914,1.7562,,,,
6855,137.1,4.657,4.609,pose,45.638,49.431,42.44,47.53,6.3904,1.7611,0.4562,0.113,0.7095,0.796
6856,137.12,4.609,4.609,bbox,45.638,49.431,42.44,47.53,6.3846,1.7753,,,,
6857,137.14,4.606,4.609,bbox,45.638,49.431,42.44,47.53,6.3823,1.7886,,,,
6858,137.16,4.405,4.609,pose,45.638,49.431,42.44,47.53,6.377,1.8086,0.4561,0.6378,0.7093,0.7754
6859,137.18,4.579,4.606,bbox,45.638,49.431,42.44,47.53,6.3793,1.8367,,,,
6860,137.2,4.564,4.579,bbox,45.638,49.431,42.44,47.575,6.3832,1.8572,,,,
6861,137.22,4.421,4.564,pose,45.638,49.431,42.44,47.575,6.3861,1.8779,0.4456,0.6459,0.7091,0.7705
6862,137.24,4.531,4.531,bbox,45.638,49.431,42.44,47.624,6.3906,1.8979,,,,
6863,137.26,4.522,4.531,bbox,45.638,49.431,42.44,47.624,6.3963,1.9218,,,,
6864,137.28,4.42,4.522,pose,45.638,49.431,42.44,47.665,6.4014,1.9626,0.4404,0.5987,0.7012,0.7657
6865,137.3,4.439,4.439,bbox,45.638,49.431,42.44,47.665,6.4047,1.9926,,,,
6866,137.32,4.383,4.439,bbox,45.638,49.431,42.44,47.729,6.4083,2.0341,,,,
6867,137.34,4.37,4.42,pose,45.638,49.431,42.44,47.759,6.4134,2.0656,0.4432,0.537,0.6995,0.7659
6868,137.36,4.318,4.383,bbox,45.638,49.431,42.44,47.801,6.4169,2.0931,,,,
6869,137.38,4.276,4.37,bbox,45.638,49.431,42.44,47.832,6.4216,2.1208,,,,
6870,137.4,4.364,4.364,pose,45.638,49.431,42.44,47.832,6.4256,2.1414,0.4353,0.4199,0.7014,0.7644
6871,137.42,4.245,4.318,bbox,45.638,49.431,42.44,47.888,6.4299,2.1655,,,,
6872,137.44,4.223,4.276,bbox,45.638,49.431,42.44,47.888,6.4351,2.1841,,,,
6873,137.46,4.353,4.276,pose,45.638,49.431,42.44,47.932,6.4425,2.1998,0.4383,0.3177,0.6935,0.7816
6874,137.48,4.204,4.245,bbox,45.638,49.431,42.44,47.932,6.4465,2.2149,,,,
6875,137.5,4.188,4.223,bbox,45.671,49.431,42.44,47.967,6.4473,2.2301,,,,
6876,137.52,4.365,4.223,pose,45.671,49.431,42.44,47.967,6.4491,2.2371,0.4338,0.234,0.6918,0.7857
6877,137.54,4.183,4.204,bbox,45.671,49.431,42.44,47.997,6.4539,2.2615,,,,
6878,137.56,4.183,4.188,bbox,45.671,49.431,42.44,47.997,6.4524,2.2683,,,,
6879,137.58,4.353,4.188,pose,45.671,49.431,42.44,48.028,6.4577,2.2615,0.4524,0.191,0.6764,0.7597
6880,137.6,4.224,4.224,bbox,45.671,49.431,42.44,48.028,6.4719,2.2596,,,,
6881,137.62,4.242,4.224,bbox,45.671,49.431,42.44,48.028,6.4757,2.2483,,,,
6882,137.64,4.322,4.242,pose,45.671,49.431,42.44,48.028,6.4755,2.235,0.4636,0.2382,0.6536,0.7542
6883,137.66,4.297,4.297,bbox,45.704,49.431,42.44,48.028,6.4928,2.2257,,,,
6884,137.68,4.282,4.282,bbox,45.704,49.431,42.44,48.028,6.483,2.2287,,,,
6885,137.7,4.33,4.297,pose,45.704,49.431,42.473,48.028,6.506,2.2261,0.5078,0.0247,0.6334,0.6998
6886,137.72,4.301,4.301,bbox,45.704,49.431,42.473,48.028,6.5041,2.2279,,,,
6887,137.74,4.318,4.301,bbox,45.704,49.431,42.473,48.028,6.4893,2.2283,,,,
6888,137.76,3.919,4.301,pose,45.704,49.431,42.473,48.028,6.4685,2.2251,0.6018,0.4831,0.6468,0.6974
6889,137.78,4.26,4.301,bbox,45.704,49.431,42.473,48.028,6.4566,2.2387,,,,
6890,137.8,4.203,4.26,bbox,45.704,49.431,42.473,48.028,6.4276,2.2556,,,,
6891,137.82,3.56,4.203,pose,45.704,49.431,42.473,48.028,6.4111,2.2925,0.724,0.7203,0.6568,0.7199
6892,137.84,4.092,4.092,bbox,45.704,49.479,42.473,48.028,6.3965,2.342,,,,
6893,137.86,4.07,4.092,bbox,45.704,49.479,42.473,48.092,6.3933,2.3782,,,,
6894,137.88,7.607,4.092,bbox,45.704,49.51,42.473,48.092,6.3736,1.1097,0.8087,,0.6524,
6895,137.9,,,,45.704,49.51,42.473,48.092,,,,,,
6896,137.92,,,,45.704,49.51,42.473,48.092,,,,,,
6897,137.94,,,,45.704,49.51,42.473,48.092,,,,,,
6898,137.96,,,,45.704,49.51,42.473,48.092,,,,,,
6899,137.98,,,,45.704,49.51,42.473,48.092,,,,,,
6900,138.0,,,,45.704,49.51,42.473,48.092,,,,,,
6901,138.02,,,,45.704,49.51,42.473,48.092,,,,,,
6902,138.04,,,,45.704,49.51,42.473,48.092,,,,,,
6903,138.06,,,,45.704,49.51,42.473,48.092,,,,,,
6904,138.08,,,,45.704,49.51,42.473,48.092,,,,,,
6905,138.1,,,,45.704,49.51,42.473,48.092,,,,,,
6906,138.12,,,,45.704,49.51,42.473,48.092,,,,,,
6907,138.14,,,,45.704,49.51,42.473,48.092,,,,,,
6908,138.16,,,,45.704,49.51,42.473,48.092,,,,,,
6909,138.18,,,,45.704,49.51,42.473,48.092,,,,,,
6910,138.2,,,,45.704,49.51,42.473,48.092,,,,,,
6911,138.22,,,,45.704,49.51,42.473,48.092,,,,,,
6912,138.24,,,,45.704,49.51,42.473,48.092,,,,,,
6913,138.26,2.602,4.07,bbox,45.704,49.51,42.473,48.092,2.5713,1.0335,,,,
6914,138.28,2.602,4.07,bbox,45.704,49.51,42.623,48.092,2.5736,1.0426,,,,
6915,138.3,1.871,2.602,pose,45.704,49.683,42.685,48.092,2.5968,1.0475,0.8037,0.5257,0.7077,0.3764
6916,138.32,2.671,2.602,bbox,45.704,49.683,42.685,48.092,2.6069,1.0772,,,,
6917,138.34,,,,45.704,49.683,42.685,48.092,,,,,,
6918,138.36,,,,45.704,49.683,42.685,48.092,,,,,,
6919,138.38,,,,45.704,49.683,42.685,48.092,,,,,,
6920,138.4,,,,45.704,49.683,42.685,48.092,,,,,,
6921,138.42,,,,45.704,49.683,42.685,48.092,,,,,,
6922,138.44,,,,45.704,49.683,42.685,48.092,,,,,,
6923,138.46,,,,45.704,49.683,42.685,48.092,,,,,,
6924,138.48,,,,45.704,49.683,42.685,48.092,,,,,,
6925,138.5,,,,45.704,49.683,42.685,48.092,,,,,,
6926,138.52,,,,45.704,49.683,42.685,48.092,,,,,,
6927,138.54,,,,45.704,49.683,42.685,48.092,,,,,,
6928,138.56,,,,45.704,49.683,42.685,48.092,,,,,,
6929,138.58,,,,45.704,49.683,42.685,48.092,,,,,,
6930,138.6,,,,45.704,49.683,42.685,48.092,,,,,,
6931,138.62,,,,45.704,49.683,42.685,48.092,,,,,,
6932,138.64,,,,45.704,49.683,42.685,48.092,,,,,,
6933,138.66,,,,45.704,49.683,42.685,48.092,,,,,,
6934,138.68,,,,45.704,49.683,42.685,48.092,,,,,,
6935,138.7,,,,45.704,49.683,42.685,48.092,,,,,,
6936,138.72,,,,45.704,49.683,42.685,48.092,,,,,,
6937,138.74,,,,45.704,49.683,42.685,48.092,,,,,,
6938,138.76,,,,45.704,49.683,42.685,48.092,,,,,,
6939,138.78,,,,45.704,49.683,42.685,48.092,,,,,,
6940,138.8,,,,45.704,49.683,42.685,48.092,,,,,,
6941,138.82,,,,45.704,49.683,42.685,48.092,,,,,,
6942,138.84,,,,45.704,49.683,42.685,48.092,,,,,,
6943,138.86,,,,45.704,49.683,42.685,48.092,,,,,,
6944,138.88,,,,45.704,49.683,42.685,48.092,,,,,,
6945,138.9,,,,45.704,49.683,42.685,48.092,,,,,,
6946,138.92,3.209,2.602,bbox,45.704,49.683,42.685,48.092,5.82,2.628,,,,
6947,138.94,3.24,2.671,bbox,45.704,49.683,42.685,48.092,5.8117,2.5958,,,,
6948,138.96,2.519,2.671,pose,45.864,49.683,42.685,48.272,5.7992,2.5965,0.8773,0.8275,0.6332,0.6692
6949,138.98,3.234,3.209,bbox,45.864,49.683,42.685,48.272,5.7806,2.6149,,,,
6950,139.0,3.195,3.209,bbox,45.864,49.683,42.685,48.272,5.7422,2.6375,,,,
6951,139.02,2.412,3.195,pose,45.864,49.683,42.685,48.272,5.7049,2.6565,0.7705,0.9431,0.6604,0.6772
6952,139.04,3.156,3.156,bbox,45.864,49.74,42.685,48.314,5.6796,2.6727,,,,
6953,139.06,3.139,3.156,bbox,45.864,49.777,42.685,48.314,5.6721,2.6847,,,,
6954,139.08,2.477,3.139,pose,45.864,49.777,42.685,48.349,5.6378,2.6849,0.6323,0.9569,0.6376,0.6574
6955,139.1,3.122,3.122,bbox,45.864,49.81,42.685,48.349,5.6171,2.6835,,,,
6956,139.12,3.122,3.122,bbox,45.864,49.844,42.685,48.349,5.6164,2.6862,,,,
6957,139.14,2.494,3.122,pose,45.864,49.844,42.685,48.349,5.5809,2.6869,0.6223,0.9769,0.6384,0.6219
6958,139.16,3.135,3.122,bbox,45.864,49.844,42.685,48.349,5.565,2.6867,,,,
6959,139.18,3.155,3.122,bbox,45.864,49.901,42.685,48.349,5.576,2.6886,,,,
6960,139.2,2.536,3.122,pose,45.864,49.901,42.685,48.349,5.5661,2.6878,0.6195,0.9705,0.5957,0.619
6961,139.22,3.123,3.123,bbox,45.864,49.901,42.685,48.349,5.5449,2.6869,,,,
6962,139.24,3.124,3.124,bbox,45.864,49.901,42.685,48.349,5.5335,2.6878,,,,
6963,139.26,2.481,3.123,pose,45.864,49.937,42.685,48.349,5.5243,2.6874,0.6631,0.9789,0.5479,0.5957
6964,139.28,3.059,3.059,bbox,45.864,49.937,42.685,48.349,5.5238,2.6866,,,,
6965,139.3,2.967,3.059,bbox,45.864,49.937,42.685,48.349,5.4332,2.6848,,,,
6966,139.32,2.306,2.967,pose,45.864,49.937,42.685,48.349,5.4849,2.6874,0.8193,0.9574,0.5563,0.642
6967,139.34,3.03,2.967,bbox,45.864,49.997,42.685,48.349,5.4808,2.6881,,,,
6968,139.36,6.392,3.03,bbox,45.864,49.997,42.685,48.349,5.4705,1.0878,,,,
6969,139.38,,,,45.864,49.997,42.685,48.349,,,,,,
6970,139.4,,,,45.864,49.997,42.685,48.349,,,,,,
6971,139.42,,,,45.864,49.997,42.685,48.349,,,,,,
6972,139.44,,,,45.864,49.997,42.685,48.349,,,,,,
6973,139.46,,,,45.864,49.997,42.685,48.349,,,,,,
6974,139.48,,,,45.864,49.997,42.685,48.349,,,,,,
6975,139.5,,,,45.864,49.997,42.685,48.349,,,,,,
6976,139.52,,,,45.864,49.997,42.685,48.349,,,,,,
6977,139.54,,,,45.864,49.997,42.685,48.349,,,,,,
6978,139.56,,,,45.864,49.997,42.685,48.349,,,,,,
6979,139.58,,,,45.864,49.997,42.685,48.349,,,,,,
6980,139.6,,,,45.864,49.997,42.685,48.349,,,,,,
6981,139.62,,,,45.864,49.997,42.685,48.349,,,,,,
6982,139.64,,,,45.864,49.997,42.685,48.349,,,,,,
6983,139.66,,,,45.864,49.997,42.685,48.349,,,,,,
6984,139.68,,,,45.864,49.997,42.685,48.349,,,,,,
6985,139.7,,,,45.864,49.997,42.685,48.349,,,,,,
6986,139.72,,,,45.864,49.997,42.685,48.349,,,,,,
6987,139.74,,,,45.864,49.997,42.685,48.349,,,,,,
6988,139.76,,,,45.864,49.997,42.685,48.349,,,,,,
6989,139.78,,,,45.864,49.997,42.685,48.349,,,,,,
6990,139.8,,,,45.864,49.997,42.685,48.349,,,,,,
6991,139.82,,,,45.864,49.997,42.685,48.349,,,,,,
6992,139.84,,,,45.864,49.997,42.685,48.349,,,,,,
6993,139.86,,,,45.864,49.997,42.685,48.349,,,,,,
6994,139.88,,,,45.864,49.997,42.685,48.349,,,,,,
6995,139.9,,,,45.864,49.997,42.685,48.349,,,,,,
6996,139.92,,,,45.864,49.997,42.685,48.349,,,,,,
6997,139.94,,,,45.864,49.997,42.685,48.349,,,,,,
6998,139.96,,,,45.864,49.997,42.685,48.349,,,,,,
6999,139.98,2.386,2.967,pose,45.864,49.997,42.685,48.349,5.4422,2.5138,1.0703,0.8518,0.5407,0.6362
7000,140.0,3.21,3.03,bbox,45.864,49.997,42.823,48.349,5.4339,2.5293,,,,
7001,140.02,3.161,3.161,bbox,45.864,50.04,42.823,48.349,5.4229,2.5495,,,,
7002,140.04,2.228,3.161,pose,45.864,50.04,42.823,48.349,5.4122,2.5715,1.0146,0.9339,0.5731,0.6588
7003,140.06,3.043,3.043,bbox,45.864,50.04,42.823,48.349,5.3895,2.5935,,,,
7004,140.08,3.02,3.043,bbox,45.864,50.04,42.823,48.391,5.3701,2.598,,,,
7005,140.1,2.225,3.02,pose,45.864,50.093,42.823,48.391,5.3537,2.6108,0.9289,0.8887,0.5807,0.6361
7006,140.12,3.004,3.004,bbox,45.864,50.093,42.823,48.391,5.3323,2.6239,,,,
7007,140.14,2.974,3.004,bbox,45.864,50.128,42.823,48.43,5.3015,2.6301,,,,
7008,140.16,2.245,2.974,pose,45.864,50.128,42.823,48.43,5.2746,2.6363,0.8618,0.8478,0.5904,0.6248
7009,140.18,2.919,2.919,bbox,45.864,50.181,42.823,48.43,5.2504,2.6405,,,,
7010,140.2,2.904,2.919,bbox,45.864,50.181,42.823,48.43,5.2288,2.6354,,,,
7011,140.22,2.234,2.904,pose,45.864,50.232,42.823,48.43,5.2065,2.6241,0.8306,0.8563,0.5827,0.6267
7012,140.24,2.864,2.864,bbox,45.864,50.232,42.823,48.43,5.1797,2.6096,,,,
7013,140.26,2.862,2.864,bbox,45.864,50.276,42.823,48.43,5.1669,2.5781,,,,
7014,140.28,2.291,2.862,pose,45.864,50.276,42.823,48.43,5.1641,2.5684,0.433,0.9173,0.1707,0.6596
7015,140.3,2.666,2.666,bbox,45.864,50.315,42.856,48.43,5.1676,2.5508,,,,
7016,140.32,2.867,2.862,bbox,45.864,50.315,42.856,48.43,5.1744,2.5382,,,,
7017,140.34,2.251,2.666,pose,45.864,50.315,42.856,48.43,5.1902,2.5131,0.8613,0.9431,0.5682,0.7253
7018,140.36,2.975,2.666,bbox,45.864,50.315,42.895,48.43,5.2062,2.4897,,,,
7019,140.38,6.406,2.867,bbox,45.864,50.315,42.895,48.43,5.2297,1.0603,,,,
7020,140.4,6.544,2.975,pose,45.903,50.315,42.944,48.43,5.2646,1.0617,0.8947,0.029,0.5852,-0.0077
7021,140.42,6.431,6.406,bbox,45.903,50.315,43.094,48.43,5.2984,1.065,,,,
7022,140.44,6.488,6.431,bbox,45.961,50.315,43.094,48.43,5.3244,1.0706,,,,
7023,140.46,,,,45.961,50.315,43.094,48.43,,,,,,
7024,140.48,6.543,6.488,bbox,45.995,50.315,43.094,48.43,5.3835,1.0782,,,,
7025,140.5,,,,45.995,50.315,43.094,48.43,,,,,,
7026,140.52,2.706,6.488,pose,45.995,50.315,43.094,48.43,5.4252,2.3472,0.8809,0.768,0.5641,0.6584
7027,140.54,2.799,6.431,bbox,46.08,50.315,43.094,48.43,5.436,3.4632,,,,
7028,140.56,3.432,3.432,bbox,46.122,50.315,43.094,48.593,5.45,2.3362,,,,
7029,140.58,2.834,2.834,pose,46.122,50.315,43.094,48.593,5.4659,3.4646,0.7379,0.0898,0.5329,0.3507
7030,140.6,3.233,2.834,bbox,46.122,50.315,43.094,48.593,5.4679,2.3649,,,,
7031,140.62,3.22,3.22,bbox,46.163,50.315,43.094,48.593,5.4706,2.3612,,,,
7032,140.64,2.64,3.22,pose,46.163,50.315,43.094,48.593,5.4748,2.384,0.7178,0.873,0.5552,0.6714
7033,140.66,3.199,3.199,bbox,46.163,50.315,43.094,48.641,5.4889,2.3955,,,,
7034,140.68,3.233,3.22,bbox,46.163,50.315,43.094,48.641,5.4903,2.4137,,,,
7035,140.7,2.583,3.199,pose,46.163,50.315,43.094,48.641,5.4833,2.437,0.7411,1.0101,0.553,0.6634
7036,140.72,3.302,3.199,bbox,46.163,50.315,43.094,48.641,5.4822,2.4614,,,,
7037,140.74,2.659,3.199,bbox,46.163,50.315,43.094,48.694,1.0665,2.4836,,,,
7038,140.76,,,,46.163,50.315,43.094,48.694,,,,,,
7039,140.78,,,,46.163,50.315,43.094,48.694,,,,,,
7040,140.8,,,,46.163,50.315,43.094,48.694,,,,,,
7041,140.82,,,,46.163,50.315,43.094,48.694,,,,,,
7042,140.84,,,,46.163,50.315,43.094,48.694,,,,,,
7043,140.86,,,,46.163,50.315,43.094,48.694,,,,,,
7044,140.88,,,,46.163,50.315,43.094,48.694,,,,,,
7045,140.9,,,,46.163,50.315,43.094,48.694,,,,,,
7046,140.92,,,,46.163,50.315,43.094,48.694,,,,,,
7047,140.94,,,,46.163,50.315,43.094,48.694,,,,,,
7048,140.96,,,,46.163,50.315,43.094,48.694,,,,,,
7049,140.98,,,,46.163,50.315,43.094,48.694,,,,,,
7050,141.0,,,,46.163,50.315,43.094,48.694,,,,,,
7051,141.02,,,,46.163,50.315,43.094,48.694,,,,,,
7052,141.04,,,,46.163,50.315,43.094,48.694,,,,,,
7053,141.06,,,,46.163,50.315,43.094,48.694,,,,,,
7054,141.08,,,,46.163,50.315,43.094,48.694,,,,,,
7055,141.1,,,,46.163,50.315,43.094,48.694,,,,,,
7056,141.12,,,,46.163,50.315,43.094,48.694,,,,,,
7057,141.14,,,,46.163,50.315,43.094,48.694,,,,,,
7058,141.16,,,,46.163,50.315,43.094,48.694,,,,,,
7059,141.18,,,,46.163,50.315,43.094,48.694,,,,,,
7060,141.2,,,,46.163,50.315,43.094,48.694,,,,,,
7061,141.22,,,,46.163,50.315,43.094,48.694,,,,,,
7062,141.24,,,,46.163,50.315,43.094,48.694,,,,,,
7063,141.26,,,,46.163,50.315,43.094,48.694,,,,,,
7064,141.28,,,,46.163,50.315,43.094,48.694,,,,,,
7065,141.3,,,,46.163,50.315,43.094,48.694,,,,,,
7066,141.32,,,,46.163,50.315,43.094,48.694,,,,,,
7067,141.34,,,,46.163,50.315,43.094,48.694,,,,,,
7068,141.36,2.432,2.659,pose,46.163,50.315,43.094,48.694,2.4487,5.2878,0.9148,1.0263,0.6529,0.5185
7069,141.38,3.159,2.659,bbox,46.163,50.448,43.094,48.741,2.4537,5.2849,,,,
7070,141.4,6.522,3.159,bbox,46.163,50.448,43.094,48.891,0.9327,5.2814,,,,
7071,141.42,5.735,3.159,pose,46.163,50.603,43.094,48.891,0.944,5.2734,0.4673,1.0077,0.3466,0.5488
7072,141.44,6.344,5.735,bbox,46.163,50.712,43.094,48.891,0.9576,5.277,,,,
7073,141.46,,,,46.163,50.712,43.094,48.891,,,,,,
7074,141.48,5.527,5.735,pose,46.163,50.712,43.094,48.891,0.9703,5.2498,0.4754,0.9689,0.3784,0.5863
7075,141.5,6.145,6.145,bbox,46.163,50.712,43.094,48.891,0.9679,5.2389,,,,
7076,141.52,6.163,6.145,bbox,46.163,50.712,43.126,48.891,0.9812,5.2335,,,,
7077,141.54,5.389,6.145,pose,46.163,50.712,43.126,48.891,0.987,5.2207,0.5378,0.924,0.3742,0.6175
7078,141.56,6.119,6.119,bbox,46.163,50.712,43.126,48.891,0.9988,5.2159,,,,
7079,141.58,6.15,6.145,bbox,46.163,50.712,43.126,48.891,1.0018,5.2088,,,,
7080,141.6,2.296,6.119,pose,46.204,50.712,43.159,48.891,2.536,5.206,0.8905,0.8899,0.6919,0.5975
7081,141.62,2.927,5.389,bbox,46.204,50.712,43.159,48.891,2.5405,5.2072,,,,
7082,141.64,2.927,2.927,bbox,46.357,50.712,43.159,48.891,2.5572,5.2109,,,,
7083,141.66,2.128,2.927,pose,46.357,50.712,43.159,48.891,2.5721,5.2099,1.0302,0.9022,0.6719,0.5802
7084,141.68,2.923,2.923,bbox,46.357,50.712,43.159,48.891,2.583,5.2172,,,,
7085,141.7,2.952,2.927,bbox,46.393,50.712,43.159,48.891,2.589,5.2202,,,,
7086,141.72,2.171,2.923,pose,46.393,50.712,43.159,48.891,2.6001,5.2242,1.0234,0.9022,0.6198,0.5461
7087,141.74,2.986,2.923,bbox,46.393,50.712,43.159,48.891,2.6055,5.2265,,,,
7088,141.76,2.972,2.952,bbox,46.393,50.712,43.159,48.891,2.6323,5.23,,,,
7089,141.78,2.315,2.952,pose,46.426,50.712,43.159,48.891,2.6457,5.232,0.8407,0.8906,0.5846,0.5524
7090,141.8,2.94,2.94,bbox,46.426,50.712,43.159,48.891,2.6583,5.2403,,,,
7091,141.82,2.944,2.944,bbox,46.467,50.712,43.159,48.891,2.667,5.2619,,,,
7092,141.84,2.181,2.94,pose,46.467,50.712,43.159,48.891,2.6691,5.3239,0.9735,0.8912,0.5614,0.6003
7093,141.86,2.989,2.94,bbox,46.467,50.712,43.159,48.937,2.6679,5.3304,,,,
7094,141.88,3.008,2.944,bbox,46.467,50.712,43.159,48.999,2.657,5.3624,,,,
7095,141.9,2.181,2.944,pose,46.467,50.712,43.159,48.999,2.6518,5.4153,1.0131,0.8959,0.5994,0.6157
7096,141.92,3.125,2.989,bbox,46.467,50.712,43.159,49.037,2.6263,5.4692,,,,
7097,141.94,3.136,3.008,bbox,46.467,50.712,43.159,49.09,2.6144,5.4835,,,,
7098,141.96,2.346,3.008,pose,46.467,50.712,43.159,49.144,2.6022,5.476,1.0445,0.8296,0.6259,0.5976
7099,141.98,3.167,3.125,bbox,46.467,50.744,43.159,49.144,2.5843,5.4861,,,,
7100,142.0,2.843,3.125,bbox,46.467,50.744,43.159,49.144,3.4637,5.4984,,,,
7101,142.02,2.16,2.843,pose,46.467,50.744,43.159,49.144,2.556,5.5184,1.0335,0.778,0.8124,0.552
7102,142.04,,,,46.467,50.744,43.159,49.144,,,,,,
7103,142.06,2.091,2.346,bbox,46.467,50.774,43.159,49.144,2.5122,3.4606,,,,
7104,142.08,3.015,2.843,bbox,46.467,50.774,43.159,49.144,2.4883,0.7173,0.9637,,0.6523,
7105,142.1,,,,46.467,50.774,43.159,49.144,,,,,,
7106,142.12,,,,46.467,50.774,43.159,49.144,,,,,,
7107,142.14,,,,46.467,50.774,43.159,49.144,,,,,,
7108,142.16,,,,46.467,50.774,43.159,49.144,,,,,,
7109,142.18,,,,46.467,50.774,43.159,49.144,,,,,,
7110,142.2,,,,46.467,50.774,43.159,49.144,,,,,,
7111,142.22,,,,46.467,50.774,43.159,49.144,,,,,,
7112,142.24,,,,46.467,50.774,43.159,49.144,,,,,,
7113,142.26,,,,46.467,50.774,43.159,49.144,,,,,,
7114,142.28,,,,46.467,50.774,43.159,49.144,,,,,,
7115,142.3,,,,46.467,50.774,43.159,49.144,,,,,,
7116,142.32,,,,46.467,50.774,43.159,49.144,,,,,,
7117,142.34,,,,46.467,50.774,43.159,49.144,,,,,,
7118,142.36,,,,46.467,50.774,43.159,49.144,,,,,,
7119,142.38,,,,46.467,50.774,43.159,49.144,,,,,,
7120,142.4,,,,46.467,50.774,43.159,49.144,,,,,,
7121,142.42,,,,46.467,50.774,43.159,49.144,,,,,,
7122,142.44,,,,46.467,50.774,43.159,49.144,,,,,,
7123,142.46,,,,46.467,50.774,43.159,49.144,,,,,,
7124,142.48,,,,46.467,50.774,43.159,49.144,,,,,,
7125,142.5,,,,46.467,50.774,43.159,49.144,,,,,,
7126,142.52,,,,46.467,50.774,43.159,49.144,,,,,,
7127,142.54,,,,46.467,50.774,43.159,49.144,,,,,,
7128,142.56,,,,46.467,50.774,43.159,49.144,,,,,,
7129,142.58,,,,46.467,50.774,43.159,49.144,,,,,,
7130,142.6,,,,46.467,50.774,43.159,49.144,,,,,,
7131,142.62,,,,46.467,50.774,43.159,49.144,,,,,,
7132,142.64,,,,46.467,50.774,43.159,49.144,,,,,,
7133,142.66,,,,46.467,50.774,43.159,49.144,,,,,,
7134,142.68,,,,46.467,50.774,43.159,49.144,,,,,,
7135,142.7,3.076,2.843,bbox,46.467,50.774,43.293,49.144,5.3131,2.4462,,,,
7136,142.72,3.104,3.015,bbox,46.467,50.774,43.443,49.144,5.3192,2.4595,,,,
7137,142.74,2.319,3.015,pose,46.588,50.774,43.443,49.144,5.3317,2.4791,0.9734,1.0231,0.5753,0.6237
7138,142.76,3.182,3.076,bbox,46.588,50.774,43.443,49.144,5.342,2.4866,,,,
7139,142.78,3.255,3.104,bbox,46.588,50.774,43.443,49.144,5.3907,2.487,,,,
7140,142.8,2.331,3.104,pose,46.588,50.774,43.443,49.144,5.44,2.4942,0.9973,1.0079,0.5317,0.5781
7141,142.82,3.376,3.182,bbox,46.666,50.774,43.443,49.144,5.4477,2.5002,,,,
7142,142.84,3.348,3.255,bbox,46.705,50.774,43.443,49.179,5.4302,2.5055,,,,
7143,142.86,2.376,3.255,pose,46.705,50.774,43.443,49.179,5.4277,2.4993,1.0063,0.987,0.5217,0.5352
7144,142.88,3.386,3.348,bbox,46.705,50.774,43.443,49.179,5.431,2.4972,,,,
7145,142.9,3.37,3.37,bbox,46.705,50.774,43.443,49.179,5.4204,2.4944,,,,
7146,142.92,2.361,3.348,pose,46.705,50.774,43.443,49.179,5.3596,2.4916,0.9951,0.983,0.5456,0.5271
7147,142.94,3.196,3.196,bbox,46.705,50.774,43.443,49.179,5.336,2.4873,,,,
7148,142.96,3.163,3.196,bbox,46.705,50.844,43.443,49.179,5.3176,2.4802,,,,
7149,142.98,2.311,3.163,pose,46.705,50.844,43.443,49.179,5.3106,2.477,0.9769,1.0268,0.6024,0.5771
7150,143.0,3.154,3.154,bbox,46.705,50.886,43.443,49.179,5.3147,2.4611,,,,
7151,143.02,3.109,3.154,bbox,46.705,50.886,43.443,49.179,5.3127,2.4512,,,,
7152,143.04,5.804,3.154,pose,46.705,50.886,43.476,49.179,5.306,0.8849,0.9532,0.5097,0.6174,0.1959
7153,143.06,6.58,3.154,bbox,46.705,50.886,43.476,49.179,5.3037,0.8928,,,,
7154,143.08,6.567,5.804,bbox,46.705,50.886,43.635,49.179,5.3006,0.8959,,,,
7155,143.1,5.837,5.837,pose,46.705,50.886,43.635,49.179,5.2992,0.9024,0.7013,0.3558,0.5064,0.142
7156,143.12,3.149,5.837,bbox,46.705,50.886,43.635,49.179,5.3038,2.3936,,,,
7157,143.14,3.212,5.837,bbox,46.705,50.886,43.635,49.179,5.3085,2.3678,,,,
7158,143.16,2.576,3.212,pose,46.705,50.886,43.635,49.335,5.3672,2.3396,0.8238,0.9431,0.5929,0.6526
7159,143.18,3.369,3.212,bbox,46.705,50.886,43.635,49.335,5.3704,2.3266,,,,
7160,143.2,6.464,3.212,bbox,46.705,50.886,43.635,49.335,5.3297,0.9277,,,,
7161,143.22,,,,46.705,50.886,43.635,49.335,,,,,,
7162,143.24,3.341,3.341,bbox,46.705,50.886,43.635,49.335,5.315,2.3022,,,,
7163,143.26,3.401,3.369,bbox,46.705,50.886,43.673,49.335,5.3011,2.2961,,,,
7164,143.28,6.378,3.401,bbox,46.705,50.886,43.673,49.335,5.2975,0.928,0.854,,0.5355,
7165,143.3,6.349,6.349,bbox,46.705,50.886,43.829,49.335,5.2988,0.9236,,,,
7166,143.32,3.34,3.401,bbox,46.705,50.886,43.829,49.485,5.2811,2.2886,,,,
7167,143.34,2.544,3.401,pose,46.705,50.886,43.829,49.485,5.2683,2.2803,0.9152,0.9279,0.5477,0.5957
7168,143.36,3.279,3.34,bbox,46.705,50.923,43.829,49.485,5.2444,2.2823,,,,
7169,143.38,6.441,3.34,bbox,46.705,50.923,43.829,49.485,5.2391,0.905,,,,
7170,143.4,5.601,3.34,pose,46.705,50.96,43.829,49.485,5.2153,0.9054,0.9785,0.5303,0.5801,0.3694
7171,143.42,3.134,3.279,bbox,46.705,50.96,43.829,49.485,5.1815,2.276,,,,
7172,143.44,3.14,3.279,bbox,46.705,50.96,43.829,49.485,5.1627,2.2802,,,,
7173,143.46,5.563,5.563,pose,46.705,51.022,43.992,49.485,5.1388,0.9179,0.9445,0.5754,0.5516,0.3573
7174,143.48,6.528,5.563,bbox,46.705,51.022,43.992,49.485,5.146,0.9304,,,,
7175,143.5,6.546,5.563,bbox,46.705,51.054,43.992,49.485,5.1501,0.9371,,,,
7176,143.52,2.351,5.563,pose,46.705,51.054,43.992,49.485,5.1552,2.2654,0.931,0.8239,0.5162,0.7504
7177,143.54,3.129,5.563,bbox,46.705,51.054,43.992,49.485,5.1445,2.2535,,,,
7178,143.56,3.108,3.129,bbox,46.705,51.054,43.992,49.654,5.132,2.2609,,,,
7179,143.58,2.408,3.108,pose,46.705,51.054,43.992,49.654,5.1271,2.2482,0.9535,0.7912,0.5334,0.7108
7180,143.6,3.161,3.108,bbox,46.705,51.054,43.992,49.654,5.1455,2.2518,,,,
7181,143.62,3.138,3.129,bbox,46.705,51.054,43.992,49.654,5.1463,2.2537,,,,
7182,143.64,2.392,3.108,pose,46.705,51.054,43.992,49.654,5.1588,2.2525,0.9608,0.8272,0.5771,0.6584
7183,143.66,3.135,3.135,bbox,46.705,51.054,43.992,49.654,5.1564,2.2634,,,,
7184,143.68,3.152,3.138,bbox,46.705,51.054,43.992,49.654,5.1634,2.257,,,,
7185,143.7,2.464,3.135,pose,46.705,51.054,43.992,49.654,5.1683,2.2553,0.9436,0.8384,0.5987,0.6237
7186,143.72,3.212,3.135,bbox,46.705,51.054,43.992,49.654,5.1809,2.2435,,,,
7187,143.74,3.229,3.152,bbox,46.705,51.054,43.992,49.654,5.1833,2.2331,,,,
7188,143.76,2.498,3.152,pose,46.736,51.054,43.992,49.654,5.1966,2.2211,0.9646,0.8708,0.583,0.6435
7189,143.78,3.278,3.212,bbox,46.736,51.054,43.992,49.654,5.2065,2.2129,,,,
7190,143.8,3.311,3.229,bbox,46.736,51.054,44.024,49.654,5.2185,2.2047,,,,
7191,143.82,2.553,3.229,pose,46.736,51.054,44.024,49.654,5.2246,2.195,0.9587,0.8786,0.5468,0.6944
7192,143.84,3.31,3.278,bbox,46.774,51.054,44.024,49.654,5.2424,2.192,,,,
7193,143.86,3.291,3.291,bbox,46.774,51.054,44.024,49.654,5.2447,2.1842,,,,
7194,143.88,3.338,3.31,bbox,46.774,51.054,44.024,49.654,5.253,2.1762,,0.8474,,0.7425
7195,143.9,3.35,3.31,bbox,46.774,51.054,44.061,49.654,5.2569,2.1761,,,,
7196,143.92,2.771,3.31,bbox,46.774,51.054,44.061,49.654,5.2458,3.4586,,,,
7197,143.94,4.377,3.338,pose,46.774,51.054,44.061,49.654,5.2439,3.4585,0.1825,0.0936,0.2528,1.1135
7198,143.96,2.738,3.338,bbox,46.774,51.054,44.061,49.804,5.2465,3.4575,,,,
7199,143.98,3.363,3.35,bbox,46.774,51.054,44.061,49.804,5.2485,2.1329,,,,
7200,144.0,2.72,2.771,pose,46.774,51.054,44.061,49.804,5.2223,2.1256,0.9526,0.7446,0.5516,0.6985
7201,144.02,3.322,3.322,bbox,46.774,51.054,44.211,49.804,5.2075,2.1165,,,,
7202,144.04,3.289,3.289,bbox,46.774,51.054,44.211,49.804,5.1795,2.1112,,,,
7203,144.06,2.672,3.289,pose,46.774,51.054,44.211,49.804,5.1542,2.111,0.868,0.7657,0.5855,0.6622
7204,144.08,3.206,3.206,bbox,46.774,51.093,44.211,49.804,5.1139,2.1103,,,,
7205,144.1,3.193,3.206,bbox,46.774,51.093,44.211,49.804,5.0965,2.1172,,,,
7206,144.12,2.59,3.193,pose,46.774,51.158,44.211,49.804,5.0795,2.1133,0.7733,0.8087,0.5864,0.6416
7207,144.14,3.136,3.136,bbox,46.774,51.158,44.211,49.804,5.0542,2.1216,,,,
7208,144.16,3.093,3.136,bbox,46.774,51.193,44.211,49.804,5.0428,2.1454,,,,
7209,144.18,5.323,3.136,pose,46.774,51.193,44.211,49.804,5.0201,0.8737,0.7176,0.6004,0.5862,0.3677
7210,144.2,6.096,3.136,bbox,46.774,51.229,44.211,49.804,5.0123,0.8728,,,,
7211,144.22,6.102,5.323,bbox,46.774,51.229,44.38,49.804,5.0004,0.8719,,,,
7212,144.24,,,,46.774,51.229,44.38,49.804,,,,,,
7213,144.26,,,,46.774,51.229,44.38,49.804,,,,,,
7214,144.28,2.992,5.323,bbox,46.774,51.26,44.38,49.804,4.962,2.2433,,,,
7215,144.3,2.302,5.323,pose,46.774,51.26,44.38,49.804,4.9728,2.2537,0.7645,0.9631,0.5613,0.6172
7216,144.32,3.068,3.068,bbox,46.774,51.26,44.38,49.954,4.986,2.2615,,,,
7217,144.34,3.061,3.061,bbox,46.774,51.26,44.38,49.954,4.9928,2.2704,,,,
7218,144.36,2.305,2.992,pose,46.774,51.26,44.38,49.954,5.0036,2.2728,0.7731,0.9261,0.5608,0.596
7219,144.38,3.044,3.044,bbox,46.774,51.26,44.38,49.954,5.0071,2.2718,,,,
7220,144.4,3.032,3.044,bbox,46.774,51.26,44.38,49.954,5.0179,2.2699,,,,
7221,144.42,2.456,3.032,pose,46.774,51.26,44.38,49.954,5.0471,2.266,0.813,0.7406,0.6058,0.6439
7222,144.44,3.076,3.032,bbox,46.774,51.26,44.38,49.954,5.0761,2.2559,,,,
7223,144.46,2.509,3.032,bbox,46.774,51.26,44.38,49.954,0.9294,2.2457,,,,
7224,144.48,,,,46.774,51.26,44.38,49.954,,,,,,
7225,144.5,,,,46.774,51.26,44.38,49.954,,,,,,
7226,144.52,,,,46.774,51.26,44.38,49.954,,,,,,
7227,144.54,,,,46.774,51.26,44.38,49.954,,,,,,
7228,144.56,,,,46.774,51.26,44.38,49.954,,,,,,
7229,144.58,,,,46.774,51.26,44.38,49.954,,,,,,
7230,144.6,,,,46.774,51.26,44.38,49.954,,,,,,
7231,144.62,,,,46.774,51.26,44.38,49.954,,,,,,
7232,144.64,,,,46.774,51.26,44.38,49.954,,,,,,
7233,144.66,,,,46.774,51.26,44.38,49.954,,,,,,
7234,144.68,,,,46.774,51.26,44.38,49.954,,,,,,
7235,144.7,,,,46.774,51.26,44.38,49.954,,,,,,
7236,144.72,,,,46.774,51.26,44.38,49.954,,,,,,
7237,144.74,,,,46.774,51.26,44.38,49.954,,,,,,
7238,144.76,,,,46.774,51.26,44.38,49.954,,,,,,
7239,144.78,,,,46.774,51.26,44.38,49.954,,,,,,
7240,144.8,,,,46.774,51.26,44.38,49.954,,,,,,
7241,144.82,,,,46.774,51.26,44.38,49.954,,,,,,
7242,144.84,,,,46.774,51.26,44.38,49.954,,,,,,
7243,144.86,,,,46.774,51.26,44.38,49.954,,,,,,
7244,144.88,,,,46.774,51.26,44.38,49.954,,,,,,
7245,144.9,,,,46.774,51.26,44.38,49.954,,,,,,
7246,144.92,,,,46.774,51.26,44.38,49.954,,,,,,
7247,144.94,,,,46.774,51.26,44.38,49.954,,,,,,
7248,144.96,,,,46.774,51.26,44.38,49.954,,,,,,
7249,144.98,,,,46.774,51.26,44.38,49.954,,,,,,
7250,145.0,,,,46.774,51.26,44.38,49.954,,,,,,
7251,145.02,,,,46.774,51.26,44.38,49.954,,,,,,
7252,145.04,,,,46.774,51.26,44.38,49.954,,,,,,
7253,145.06,,,,46.774,51.26,44.38,49.954,,,,,,
7254,145.08,5.198,3.032,pose,46.774,51.26,44.38,49.954,1.1136,5.0175,0.4772,0.7745,0.3882,0.5524
7255,145.1,5.947,3.076,bbox,46.774,51.404,44.38,49.954,1.1251,5.0257,,,,
7256,145.12,,,,46.774,51.404,44.38,49.954,,,,,,
7257,145.14,,,,46.774,51.404,44.38,49.954,,,,,,
7258,145.16,,,,46.774,51.404,44.38,49.954,,,,,,
7259,145.18,,,,46.774,51.404,44.38,49.954,,,,,,
7260,145.2,,,,46.774,51.404,44.38,49.954,,,,,,
7261,145.22,5.96,5.198,bbox,46.774,51.404,44.38,50.127,1.0989,5.1209,,,,
7262,145.24,6.083,5.947,bbox,46.774,51.404,44.38,50.127,1.1106,5.1834,,,,
7263,145.26,6.144,5.96,bbox,46.774,51.404,44.38,50.231,1.1192,5.235,,0.841,,0.607
7264,145.28,6.206,6.083,bbox,46.774,51.404,44.38,50.293,1.1395,5.2822,,,,
7265,145.3,3.349,6.083,bbox,46.774,51.404,44.38,50.345,2.2238,5.2987,,,,
7266,145.32,2.617,6.083,pose,46.774,51.404,44.38,50.392,2.2179,5.3421,1.0584,0.2362,0.6593,0.0768
7267,145.34,3.501,3.501,bbox,46.938,51.404,44.38,50.392,2.2175,5.3653,,,,
7268,145.36,3.606,3.501,bbox,46.938,51.404,44.38,50.452,2.2191,5.4221,,,,
7269,145.38,2.623,3.349,pose,46.938,51.404,44.38,50.452,2.2185,5.4334,1.0729,0.3676,0.6156,0.1
7270,145.4,3.699,3.501,bbox,46.938,51.404,44.38,50.532,2.2082,5.4467,,,,
7271,145.42,3.742,3.606,bbox,46.938,51.404,44.38,50.532,2.2118,5.4653,,,,
7272,145.44,2.758,3.606,pose,46.938,51.404,44.38,50.532,2.2162,5.4725,1.0622,0.7495,0.5867,0.2899
7273,145.46,3.708,3.699,bbox,46.938,51.404,44.38,50.575,2.2203,5.4754,,,,
7274,145.48,3.627,3.699,bbox,46.938,51.404,44.38,50.575,2.2255,5.4595,,,,
7275,145.5,2.646,3.627,pose,46.938,51.404,44.38,50.575,2.2444,5.4896,1.0676,0.9596,0.5905,0.5724
7276,145.52,3.572,3.572,bbox,46.938,51.404,44.38,50.575,2.2601,5.5018,,,,
7277,145.54,3.534,3.572,bbox,46.938,51.404,44.38,50.575,2.273,5.5168,,,,
7278,145.56,2.632,3.534,pose,46.981,51.404,44.38,50.611,2.3004,5.5365,0.9928,0.8742,0.6431,0.6212
7279,145.58,3.411,3.411,bbox,46.981,51.404,44.38,50.611,2.3304,5.5675,,,,
7280,145.6,3.365,3.411,bbox,47.021,51.404,44.38,50.646,2.3551,5.5768,,,,
7281,145.62,2.74,3.365,pose,47.051,51.404,44.38,50.677,2.3949,5.6154,0.864,0.7006,0.6849,0.6613
7282,145.64,3.341,3.341,bbox,47.051,51.404,44.38,50.677,2.4317,5.6582,,,,
7283,145.66,3.294,3.341,bbox,47.115,51.404,44.38,50.725,2.4631,5.6902,,,,
7284,145.68,2.868,3.294,pose,47.152,51.404,44.38,50.768,2.4971,5.6902,0.704,0.5058,0.7361,0.6351
7285,145.7,3.198,3.198,bbox,47.184,51.404,44.38,50.8,2.5342,5.6945,,,,
7286,145.72,3.157,3.198,bbox,47.218,51.404,44.38,50.8,2.5639,5.6901,,,,
7287,145.74,2.996,3.157,pose,47.255,51.404,44.38,50.8,2.5902,5.6861,0.5466,0.3931,0.7483,0.6514
7288,145.76,3.149,3.149,bbox,47.255,51.404,44.38,50.8,2.6115,5.6864,,,,
7289,145.78,3.138,3.149,bbox,47.311,51.404,44.38,50.8,2.6311,5.7199,,,,
7290,145.8,3.085,3.138,pose,47.311,51.404,44.38,50.8,2.6373,5.7064,0.5564,0.3035,0.729,0.6256
7291,145.82,3.154,3.138,bbox,47.352,51.404,44.38,50.8,2.6407,5.71,,,,
7292,145.84,3.179,3.149,bbox,47.352,51.404,44.38,50.8,2.641,5.7164,,,,
7293,145.86,2.976,3.138,pose,47.352,51.404,44.38,50.8,2.6537,5.707,0.7057,0.324,0.7292,0.6099
7294,145.88,3.189,3.154,bbox,47.352,51.404,44.38,50.8,2.6825,5.7078,,,,
7295,145.9,3.16,3.16,bbox,47.352,51.404,44.38,50.8,2.7211,5.7094,,,,
7296,145.92,2.736,3.16,pose,47.403,51.404,44.38,50.8,2.7566,5.7146,0.9215,0.3915,0.7121,0.6
7297,145.94,3.1,3.1,bbox,47.442,51.404,44.38,50.8,2.7853,5.7184,,,,
7298,145.96,3.099,3.1,bbox,47.477,51.404,44.38,50.8,2.8029,5.7096,,,,
7299,145.98,2.516,3.099,pose,47.477,51.404,44.38,50.8,2.8211,5.699,1.0152,0.5337,0.6637,0.6069
7300,146.0,3.058,3.058,bbox,47.523,51.404,44.38,50.8,2.8305,5.686,,,,
7301,146.02,3.024,3.058,bbox,47.523,51.404,44.38,50.8,2.8412,5.6866,,,,
7302,146.04,2.24,3.024,pose,47.523,51.404,44.38,50.8,2.8396,5.6695,1.0072,0.7172,0.5984,0.6344
7303,146.06,3.081,3.024,bbox,47.56,51.404,44.38,50.8,2.8412,5.6533,,,,
7304,146.08,3.049,3.049,bbox,47.56,51.404,44.38,50.8,2.8456,5.6262,,,,
7305,146.1,2.143,3.024,pose,47.56,51.404,44.417,50.8,2.848,5.6252,0.9688,0.8615,0.5727,0.6073
7306,146.12,3.056,3.049,bbox,47.56,51.404,44.417,50.8,2.8557,5.6248,,,,
7307,146.14,3.056,3.056,bbox,47.56,51.404,44.417,50.8,2.8739,5.6239,,,,
7308,146.16,2.144,3.049,pose,47.56,51.404,44.417,50.8,2.8798,5.6184,0.9601,0.8584,0.5885,0.5479
7309,146.18,3.026,3.026,bbox,47.594,51.404,44.417,50.8,2.8771,5.6149,,,,
7310,146.2,3.014,3.026,bbox,47.594,51.404,44.452,50.8,2.8748,5.609,,,,
7311,146.22,2.128,3.014,pose,47.594,51.404,44.452,50.8,2.87,5.6192,0.9689,0.8325,0.6262,0.559
7312,146.24,3.032,3.014,bbox,47.594,51.404,44.452,50.8,2.8655,5.6341,,,,
7313,146.26,3.019,3.019,bbox,47.594,51.404,44.452,50.8,2.8481,5.6464,,,,
7314,146.28,2.274,3.014,pose,47.594,51.404,44.452,50.8,2.8399,5.6465,0.8615,0.8819,0.664,0.6205
7315,146.3,3.053,3.019,bbox,47.594,51.404,44.452,50.8,2.8299,5.6481,,,,
7316,146.32,3.049,3.032,bbox,47.594,51.438,44.452,50.8,2.8119,5.6572,,,,
7317,146.34,2.3,3.019,pose,47.594,51.438,44.452,50.8,2.7718,5.7258,0.9849,0.9002,0.6682,0.6184
7318,146.36,3.249,3.049,bbox,47.594,51.438,44.452,50.838,2.7427,5.7841,,,,
7319,146.38,3.332,3.053,bbox,47.594,51.506,44.452,50.907,2.7284,5.839,,,,
7320,146.4,2.558,3.049,pose,47.594,51.506,44.452,50.965,2.7239,5.8866,0.9714,0.8505,0.6525,0.5819
7321,146.42,3.484,3.249,bbox,47.594,51.55,44.452,51.02,2.7197,5.9197,,,,
7322,146.44,3.554,3.332,bbox,47.594,51.55,44.452,51.068,2.7186,5.9366,,,,
7323,146.46,2.838,3.332,pose,47.594,51.55,44.452,51.101,2.7232,5.9538,1.0056,0.7691,0.5888,0.5327
7324,146.48,3.65,3.484,bbox,47.594,51.55,44.452,51.101,2.7203,5.9788,,,,
7325,146.5,3.69,3.554,bbox,47.594,51.55,44.452,51.135,2.7215,5.9836,,,,
7326,146.52,3.093,3.554,pose,47.594,51.55,44.452,51.135,2.717,5.9885,1.0211,0.6099,0.5611,0.4973
7327,146.54,3.722,3.65,bbox,47.594,51.55,44.452,51.135,2.72,5.9902,,,,
7328,146.56,3.743,3.69,bbox,47.594,51.55,44.452,51.17,2.7225,5.9983,,,,
7329,146.58,3.118,3.69,pose,47.594,51.55,44.452,51.17,2.7322,6.0037,0.9923,0.5816,0.5684,0.5212
7330,146.6,3.693,3.693,bbox,47.594,51.55,44.452,51.17,2.7452,6.0011,,,,
7331,146.62,3.622,3.693,bbox,47.594,51.55,44.452,51.17,2.7581,6.0095,,,,
7332,146.64,2.928,3.622,pose,47.594,51.55,44.452,51.17,2.7765,6.0059,0.9519,0.6503,0.6388,0.5219
7333,146.66,3.482,3.482,bbox,47.594,51.55,44.452,51.17,2.7993,5.9989,,,,
7334,146.68,3.398,3.482,bbox,47.643,51.55,44.452,51.17,2.822,5.992,,,,
7335,146.7,2.717,3.398,pose,47.643,51.55,44.452,51.17,2.8605,5.9903,0.8517,0.7266,0.6794,0.5413
7336,146.72,3.266,3.266,bbox,47.688,51.55,44.452,51.17,2.88,5.9656,,,,
7337,146.74,3.193,3.266,bbox,47.727,51.55,44.452,51.17,2.9102,5.9368,,,,
7338,146.76,2.486,3.193,pose,47.727,51.55,44.452,51.17,2.9438,5.9099,0.7464,0.8384,0.7097,0.5894
7339,146.78,3.05,3.05,bbox,47.776,51.55,44.504,51.17,2.9691,5.8731,,,,
7340,146.8,2.97,3.05,bbox,47.81,51.55,44.504,51.17,2.9946,5.834,,,,
7341,146.82,2.238,2.97,pose,47.81,51.55,44.568,51.17,3.0129,5.8,0.7232,0.9021,0.6925,0.6031
7342,146.84,2.934,2.934,bbox,47.861,51.55,44.607,51.17,3.0202,5.7881,,,,
7343,146.86,2.92,2.934,bbox,47.861,51.55,44.641,51.17,3.0377,5.7783,,,,
7344,146.88,2.114,2.92,pose,47.861,51.55,44.641,51.17,3.0561,5.7682,0.8526,0.8484,0.6841,0.5674
7345,146.9,2.913,2.913,bbox,47.904,51.55,44.641,51.17,3.0654,5.7633,,,,
7346,146.92,2.918,2.918,bbox,47.904,51.55,44.673,51.17,3.0802,5.7558,,,,
7347,146.94,2.151,2.913,pose,47.904,51.55,44.673,51.17,3.0862,5.7525,0.8723,0.8194,0.6397,0.5547
7348,146.96,2.93,2.913,bbox,47.946,51.55,44.673,51.17,3.098,5.7597,,,,
7349,146.98,2.933,2.918,bbox,47.946,51.55,44.673,51.17,3.1033,5.7721,,,,
7350,147.0,2.142,2.918,pose,47.946,51.55,44.673,51.17,3.1054,5.7779,0.8599,0.8166,0.6215,0.5891
7351,147.02,2.947,2.93,bbox,47.946,51.55,44.673,51.17,3.0963,5.7845,,,,
7352,147.04,6.997,2.933,bbox,47.946,51.55,44.673,51.17,1.1363,5.7963,,,,
7353,147.06,6.909,2.947,bbox,47.946,51.55,44.673,51.17,1.1332,5.8023,,0.8731,,0.6211
7354,147.08,2.821,2.947,bbox,47.946,51.55,44.673,51.17,3.0619,5.8184,,,,
7355,147.1,2.799,2.947,bbox,47.946,51.588,44.673,51.204,3.0417,5.8455,,,,
7356,147.12,2.129,2.821,pose,47.946,51.588,44.673,51.204,3.0134,5.8812,0.9441,0.9069,0.6801,0.6239
7357,147.14,3.105,2.821,bbox,47.946,51.588,44.673,51.247,2.9811,5.9219,,,,
7358,147.16,3.206,2.821,bbox,47.946,51.588,44.673,51.283,2.9518,5.9675,,,,
7359,147.18,2.502,2.799,pose,47.946,51.649,44.673,51.324,2.9064,5.9972,0.9533,0.8544,0.6931,0.5935
7360,147.2,3.4,3.105,bbox,47.946,51.649,44.673,51.369,2.8598,6.0175,,,,
7361,147.22,3.478,3.206,bbox,47.946,51.724,44.673,51.369,2.8155,6.0286,,,,
7362,147.24,2.908,3.206,pose,47.946,51.77,44.673,51.419,2.7767,6.0338,0.9122,0.7337,0.631,0.5508
7363,147.26,3.607,3.4,bbox,47.946,51.815,44.673,51.419,2.7471,6.0362,,,,
7364,147.28,3.688,3.478,bbox,47.946,51.853,44.673,51.419,2.7232,6.0462,,,,
7365,147.3,4.487,3.607,pose,47.946,51.853,44.673,51.419,3.4415,6.0516,0.0506,0.6132,1.4873,0.5315
7366,147.32,3.794,3.688,bbox,47.946,51.853,44.673,51.419,2.6628,6.0548,,,,
7367,147.34,3.82,3.794,bbox,47.946,51.907,44.673,51.453,2.6434,6.059,,,,
7368,147.36,3.1,3.794,pose,47.946,51.967,44.673,51.453,2.6346,6.0608,1.0674,0.6371,0.5861,0.5311
7369,147.38,3.822,3.82,bbox,47.946,51.967,44.673,51.453,2.6308,6.0607,,,,
7370,147.4,3.813,3.813,bbox,47.946,51.967,44.673,51.453,2.6248,6.0538,,,,
7371,147.42,2.986,3.813,pose,47.946,51.999,44.673,51.453,2.6194,6.0467,1.0934,0.7043,0.5806,0.545
7372,147.44,3.702,3.702,bbox,47.946,51.999,44.673,51.453,2.6271,6.0241,,,,
7373,147.46,3.638,3.702,bbox,47.946,51.999,44.673,51.453,2.6256,5.9908,,,,
7374,147.48,2.788,3.638,pose,47.946,51.999,44.673,51.453,2.6212,5.9931,1.0802,0.7908,0.6355,0.5641
7375,147.5,3.592,3.592,bbox,47.946,51.999,44.731,51.453,2.6121,5.9612,,,,
7376,147.52,3.514,3.592,bbox,47.946,51.999,44.731,51.453,2.5883,5.9232,,,,
7377,147.54,2.646,3.514,pose,47.946,51.999,44.763,51.453,2.5592,5.8674,0.9611,0.8959,0.6961,0.585
7378,147.56,3.471,3.471,bbox,47.946,52.042,44.801,51.453,2.5302,5.8197,,,,
7379,147.58,3.487,3.487,bbox,47.946,52.042,44.857,51.453,2.486,5.7999,,,,
7380,147.6,2.756,3.471,pose,47.946,52.1,44.904,51.453,2.4619,5.7844,0.7631,0.9194,0.7331,0.5806
7381,147.62,3.515,3.471,bbox,47.946,52.144,44.904,51.453,2.4577,5.7824,,,,
7382,147.64,3.502,3.487,bbox,47.946,52.144,44.94,51.453,2.4592,5.7617,,,,
7383,147.66,2.977,3.487,pose,47.946,52.144,44.94,51.453,2.453,5.7603,0.5226,0.9891,0.733,0.5523
7384,147.68,3.536,3.502,bbox,47.946,52.144,44.94,51.453,2.4487,5.7455,,,,
7385,147.7,3.559,3.515,bbox,47.946,52.177,44.94,51.453,2.4327,5.7478,,,,
7386,147.72,3.233,3.502,pose,47.946,52.177,44.976,51.453,2.422,5.7466,0.406,0.993,0.69,0.5472
7387,147.74,3.644,3.536,bbox,47.946,52.177,44.976,51.453,2.413,5.7386,,,,
7388,147.76,3.578,3.559,bbox,47.946,52.208,44.976,51.453,2.4072,5.7043,,,,
7389,147.78,3.203,3.559,pose,47.946,52.208,44.976,51.453,2.4123,5.6978,0.4233,0.9262,0.6551,0.5385
7390,147.8,3.451,3.451,bbox,47.946,52.208,45.02,51.453,2.418,5.6115,,,,
7391,147.82,3.415,3.451,bbox,47.946,52.208,45.02,51.453,2.4185,5.5844,,,,
7392,147.84,3.089,3.415,pose,47.946,52.208,45.113,51.453,2.4186,5.5086,0.5067,0.8315,0.6092,0.6026
7393,147.86,3.223,3.223,bbox,47.946,52.208,45.113,51.453,2.4271,5.4271,,,,
7394,147.88,3.186,3.223,bbox,47.946,52.208,45.215,51.453,2.4353,5.3944,,,,
7395,147.9,2.891,3.186,pose,47.946,52.208,45.297,51.453,2.4442,5.3518,0.6488,0.7119,0.613,0.6204
7396,147.92,3.06,3.089,bbox,47.946,52.208,45.33,51.453,2.4609,5.3189,,,,
7397,147.94,3.006,3.06,bbox,47.946,52.208,45.372,51.453,2.4756,5.2931,,,,
7398,147.96,2.561,3.006,pose,47.985,52.208,45.405,51.453,2.4879,5.2747,0.8525,0.6211,0.654,0.6161
7399,147.98,2.936,2.936,bbox,47.985,52.208,45.405,51.453,2.5102,5.2537,,,,
7400,148.0,2.913,2.936,bbox,47.985,52.208,45.449,51.453,2.527,5.2438,,,,
7401,148.02,2.391,2.913,pose,48.034,52.208,45.449,51.453,2.5346,5.235,0.8641,0.6863,0.6139,0.6298
7402,148.04,2.921,2.913,bbox,48.034,52.208,45.48,51.453,2.5439,5.2267,,,,
7403,148.06,2.926,2.921,bbox,48.034,52.208,45.48,51.453,2.5519,5.2262,,,,
7404,148.08,2.307,2.913,pose,48.068,52.208,45.48,51.453,2.5618,5.2095,0.8543,0.7436,0.594,0.6071
7405,148.1,2.917,2.917,bbox,48.068,52.208,45.48,51.453,2.5714,5.2033,,,,
7406,148.12,2.942,2.921,bbox,48.068,52.208,45.515,51.453,2.5653,5.2022,,,,
7407,148.14,2.317,2.917,pose,48.068,52.208,45.515,51.453,2.5631,5.2046,0.8509,0.775,0.6115,0.543
7408,148.16,2.906,2.906,bbox,48.068,52.208,45.515,51.453,2.5569,5.1996,,,,
7409,148.18,2.955,2.917,bbox,48.068,52.208,45.515,51.453,2.5433,5.2342,,,,
7410,148.2,2.171,2.906,pose,48.068,52.208,45.515,51.453,2.5256,5.2096,0.9076,0.8922,0.6349,0.5231
7411,148.22,2.989,2.906,bbox,48.068,52.208,45.515,51.453,2.5102,5.1776,,,,
7412,148.24,2.95,2.95,bbox,48.068,52.208,45.515,51.453,2.4939,5.1467,,,,
7413,148.26,1.921,2.95,pose,48.068,52.242,45.546,51.453,2.4618,5.1211,0.9677,1.1362,0.6534,0.512
7414,148.28,2.926,2.926,bbox,48.068,52.242,45.577,51.453,2.4328,5.0864,,,,
7415,148.3,2.902,2.926,bbox,48.068,52.29,45.577,51.453,2.3857,5.0086,,,,
7416,148.32,2.008,2.902,pose,48.068,52.29,45.638,51.453,2.3251,4.921,0.9163,1.1476,0.6668,0.4921
7417,148.34,2.932,2.902,bbox,48.068,52.366,45.716,51.453,2.2875,4.8893,,,,
7418,148.36,6.225,2.926,bbox,48.068,52.427,45.803,51.453,0.9184,4.845,,,,
7419,148.38,6.306,2.932,bbox,48.068,52.465,45.835,51.453,0.9195,4.8857,,1.0032,,0.4826
7420,148.4,3.043,3.043,bbox,48.068,52.56,45.835,51.453,2.1924,4.7997,,,,
7421,148.42,3.09,3.09,bbox,48.068,52.56,45.879,51.453,2.1742,4.782,,,,
7422,148.44,2.19,3.09,pose,48.068,52.59,45.924,51.453,2.1621,4.7696,1.0217,0.9769,0.5685,0.4716
7423,148.46,3.183,3.09,bbox,48.068,52.59,45.924,51.453,2.1457,4.7824,,,,
7424,148.48,3.163,3.09,bbox,48.068,52.59,45.924,51.453,2.1296,4.7682,,,,
7425,148.5,2.202,3.09,pose,48.068,52.59,45.955,51.453,2.118,4.7491,1.0676,0.961,0.5408,0.4755
7426,148.52,3.18,3.163,bbox,48.068,52.622,45.955,51.453,2.1116,4.8001,,,,
7427,148.54,3.173,3.173,bbox,48.068,52.622,45.955,51.453,2.1003,4.7829,,,,
7428,148.56,2.181,3.163,pose,48.068,52.622,45.955,51.453,2.0959,4.8547,1.1089,0.9652,0.5746,0.4837
7429,148.58,2.383,2.383,bbox,48.068,52.622,45.955,51.453,2.0895,0.9744,,,,
7430,148.6,,,,48.068,52.622,45.955,51.453,,,,,,
7431,148.62,,,,48.068,52.622,45.955,51.453,,,,,,
7432,148.64,,,,48.068,52.622,45.955,51.453,,,,,,
7433,148.66,,,,48.068,52.622,45.955,51.453,,,,,,
7434,148.68,,,,48.068,52.622,45.955,51.453,,,,,,
7435,148.7,,,,48.068,52.622,45.955,51.453,,,,,,
7436,148.72,,,,48.068,52.622,45.955,51.453,,,,,,
7437,148.74,,,,48.068,52.622,45.955,51.453,,,,,,
7438,148.76,,,,48.068,52.622,45.955,51.453,,,,,,
7439,148.78,,,,48.068,52.622,45.955,51.453,,,,,,
7440,148.8,,,,48.068,52.622,45.955,51.453,,,,,,
7441,148.82,,,,48.068,52.622,45.955,51.453,,,,,,
7442,148.84,,,,48.068,52.622,45.955,51.453,,,,,,
7443,148.86,,,,48.068,52.622,45.955,51.453,,,,,,
7444,148.88,,,,48.068,52.622,45.955,51.453,,,,,,
7445,148.9,,,,48.068,52.622,45.955,51.453,,,,,,
7446,148.92,,,,48.068,52.622,45.955,51.453,,,,,,
7447,148.94,,,,48.068,52.622,45.955,51.453,,,,,,
7448,148.96,,,,48.068,52.622,45.955,51.453,,,,,,
7449,148.98,,,,48.068,52.622,45.955,51.453,,,,,,
7450,149.0,,,,48.068,52.622,45.955,51.453,,,,,,
7451,149.02,,,,48.068,52.622,45.955,51.453,,,,,,
7452,149.04,,,,48.068,52.622,45.955,51.453,,,,,,
7453,149.06,,,,48.068,52.622,45.955,51.453,,,,,,
7454,149.08,,,,48.068,52.622,45.955,51.453,,,,,,
7455,149.1,,,,48.068,52.622,45.955,51.453,,,,,,
7456,149.12,,,,48.068,52.622,45.955,51.453,,,,,,
7457,149.14,,,,48.068,52.622,45.955,51.453,,,,,,
7458,149.16,,,,48.068,52.622,45.955,51.453,,,,,,
7459,149.18,,,,48.068,52.622,45.955,51.453,,,,,,
7460,149.2,3.058,3.058,bbox,48.068,52.656,45.955,51.453,1.7835,4.6758,,,,
7461,149.22,2.407,2.407,pose,48.068,52.656,46.048,51.453,1.8227,4.6726,0.9158,0.7728,0.6993,0.621
7462,149.24,2.375,2.383,bbox,48.068,52.656,46.048,51.453,3.4217,4.7591,,,,
7463,149.26,2.375,2.383,bbox,48.068,52.656,46.048,51.453,3.4204,4.7497,,,,
7464,149.28,2.293,2.375,pose,48.068,52.813,46.048,51.514,1.8932,4.7365,1.0061,0.7217,0.6731,0.6085
7465,149.3,2.953,2.375,bbox,48.068,52.813,46.048,51.514,1.9005,4.6108,,,,
7466,149.32,2.945,2.375,bbox,48.068,52.813,46.048,51.514,1.9096,4.5972,,,,
7467,149.34,3.875,2.945,pose,48.068,52.813,46.174,51.514,3.4177,4.5979,0.0467,0.7088,1.5869,0.603
7468,149.36,2.377,2.945,bbox,48.068,52.813,46.174,51.514,3.417,4.7223,,,,
7469,149.38,2.377,2.945,bbox,48.235,52.813,46.174,51.514,3.4171,4.7516,,,,
7470,149.4,2.221,2.377,pose,48.235,52.813,46.174,51.62,1.9346,4.717,1.0038,0.7413,0.6023,0.6101
7471,149.42,2.931,2.377,bbox,48.235,52.813,46.174,51.62,1.928,4.7557,,,,
7472,149.44,2.267,2.377,bbox,48.235,52.813,46.174,51.62,3.4166,4.6445,,,,
7473,149.46,3.732,2.377,pose,48.235,52.813,46.174,51.62,3.4166,4.6265,0.0018,0.8039,1.4818,0.6307
7474,149.48,2.906,2.906,bbox,48.235,52.963,46.247,51.62,1.9076,4.6406,,,,
7475,149.5,3.094,2.931,bbox,48.235,52.963,46.247,51.62,1.8952,4.8075,,,,
7476,149.52,2.362,2.906,pose,48.235,52.963,46.247,51.62,1.8836,4.8869,1.0507,0.8158,0.6539,0.639
7477,149.54,2.484,2.906,bbox,48.235,53.002,46.247,51.62,1.8772,3.4208,,,,
7478,149.56,2.487,2.487,bbox,48.235,53.002,46.247,51.62,1.87,3.4205,,,,
7479,149.58,1.693,2.484,pose,48.235,53.002,46.401,51.62,1.8503,3.4201,1.0442,0.3617,0.6667,0.3202
7480,149.6,2.491,2.484,bbox,48.235,53.002,46.401,51.62,1.8216,3.4196,,,,
7481,149.62,2.494,2.487,bbox,48.235,53.047,46.401,51.62,1.8014,3.4196,,,,
7482,149.64,3.917,2.491,pose,48.235,53.047,46.401,51.62,4.9528,3.4188,0.6733,0.0517,0.5497,1.5529
7483,149.66,,,,48.235,53.047,46.401,51.62,,,,,,
7484,149.68,3.638,2.494,bbox,48.235,53.047,46.401,51.62,5.057,1.7466,,,,
7485,149.7,3.039,3.039,pose,48.385,53.047,46.401,51.62,5.0649,1.7379,0.5746,0.9795,0.5548,0.6385
7486,149.72,3.69,3.638,bbox,48.489,53.047,46.552,51.62,5.0678,1.7375,,,,
7487,149.74,3.698,3.69,bbox,48.489,53.047,46.552,51.62,5.0706,1.7394,,,,
7488,149.76,3.027,3.638,pose,48.489,53.047,46.552,51.62,5.0662,1.7386,0.5997,1.0072,0.5638,0.6021
7489,149.78,2.563,3.039,bbox,48.489,53.047,46.552,51.62,5.0672,3.4181,,,,
7490,149.8,3.63,3.63,bbox,48.489,53.047,46.552,51.62,5.0663,1.7486,,,,
7491,149.82,3.906,3.63,pose,48.489,53.047,46.552,51.62,5.0556,3.4187,0.6471,0.005,0.5777,1.4812
7492,149.84,2.535,3.027,bbox,48.489,53.047,46.552,51.772,5.0723,3.4186,,,,
7493,149.86,2.498,2.563,bbox,48.489,53.047,46.552,51.772,5.0405,3.4201,,,,
7494,149.88,3.682,3.63,pose,48.489,53.047,46.552,51.772,5.0035,3.4207,0.7413,0.0274,0.6039,1.4429
7495,149.9,2.14,2.535,bbox,48.489,53.047,46.552,51.772,1.8815,3.4219,,,,
7496,149.92,2.14,2.498,bbox,48.489,53.101,46.552,51.772,1.8971,3.4227,,,,
7497,149.94,3.808,2.498,pose,48.489,53.17,46.552,51.772,4.9343,3.4242,0.8561,0.0045,0.6119,1.5384
7498,149.96,3.144,3.144,bbox,48.489,53.28,46.552,51.772,4.8245,1.8165,,,,
7499,149.98,3.074,3.074,bbox,48.489,53.349,46.552,51.772,4.7549,1.8301,,,,
7500,150.0,2.441,3.074,pose,48.489,53.349,46.699,51.772,4.7632,1.8485,0.8724,0.8296,0.5978,0.7074
7501,150.02,3.158,3.144,bbox,48.558,53.349,46.699,51.772,4.8622,1.8675,,,,
7502,150.04,3.115,3.115,bbox,48.558,53.349,46.699,51.772,4.8719,1.8936,,,,
7503,150.06,2.386,3.074,pose,48.596,53.349,46.699,51.772,4.8713,1.9203,0.8868,0.7517,0.5625,0.7241
7504,150.08,3.099,3.099,bbox,48.596,53.349,46.699,51.817,4.867,1.9454,,,,
7505,150.1,2.495,3.099,bbox,48.596,53.349,46.699,51.817,4.8667,3.425,,,,
7506,150.12,3.882,3.099,pose,48.596,53.349,46.699,51.869,4.8676,3.4248,0.8791,0.0326,0.5596,1.4758
7507,150.14,2.496,2.496,bbox,48.596,53.349,46.699,52.019,4.8684,3.4252,,,,
7508,150.16,3.035,3.035,bbox,48.596,53.349,46.699,52.019,4.8765,2.0263,,,,
7509,150.18,2.431,2.496,pose,48.596,53.349,46.699,52.019,4.8707,2.0216,0.8961,0.5156,0.5845,0.672
7510,150.2,2.861,2.861,bbox,48.596,53.349,46.849,52.019,4.7139,2.0405,,,,
7511,150.22,2.815,2.815,bbox,48.596,53.349,46.849,52.019,4.7012,2.0756,,,,
7512,150.24,2.168,2.815,pose,48.596,53.493,46.849,52.019,4.7181,2.1041,0.9196,0.9891,0.5911,0.683
7513,150.26,2.802,2.802,bbox,48.596,53.493,46.849,52.054,4.7413,2.1233,,,,
7514,150.28,2.85,2.815,bbox,48.596,53.493,46.849,52.054,4.7691,2.144,,,,
7515,150.3,2.189,2.802,pose,48.596,53.493,46.849,52.102,4.7987,2.1495,0.945,1.0812,0.6074,0.6386
7516,150.32,2.846,2.802,bbox,48.596,53.493,46.849,52.102,0.5548,2.1647,,,,
7517,150.34,,,,48.596,53.493,46.849,52.102,,,,,,
7518,150.36,,,,48.596,53.493,46.849,52.102,,,,,,
7519,150.38,,,,48.596,53.493,46.849,52.102,,,,,,
7520,150.4,,,,48.596,53.493,46.849,52.102,,,,,,
7521,150.42,,,,48.596,53.493,46.849,52.102,,,,,,
7522,150.44,,,,48.596,53.493,46.849,52.102,,,,,,
7523,150.46,,,,48.596,53.493,46.849,52.102,,,,,,
7524,150.48,,,,48.596,53.493,46.849,52.102,,,,,,
7525,150.5,,,,48.596,53.493,46.849,52.102,,,,,,
7526,150.52,,,,48.596,53.493,46.849,52.102,,,,,,
7527,150.54,,,,48.596,53.493,46.849,52.102,,,,,,
7528,150.56,,,,48.596,53.493,46.849,52.102,,,,,,
7529,150.58,,,,48.596,53.493,46.849,52.102,,,,,,
7530,150.6,,,,48.596,53.493,46.849,52.102,,,,,,
7531,150.62,,,,48.596,53.493,46.849,52.102,,,,,,
7532,150.64,,,,48.596,53.493,46.849,52.102,,,,,,
7533,150.66,,,,48.596,53.493,46.849,52.102,,,,,,
7534,150.68,,,,48.596,53.493,46.849,52.102,,,,,,
7535,150.7,,,,48.596,53.493,46.849,52.102,,,,,,
7536,150.72,,,,48.596,53.493,46.849,52.102,,,,,,
7537,150.74,,,,48.596,53.493,46.849,52.102,,,,,,
7538,150.76,,,,48.596,53.493,46.849,52.102,,,,,,
7539,150.78,,,,48.596,53.493,46.849,52.102,,,,,,
7540,150.8,,,,48.596,53.493,46.849,52.102,,,,,,
7541,150.82,,,,48.596,53.493,46.849,52.102,,,,,,
7542,150.84,,,,48.596,53.493,46.849,52.102,,,,,,
7543,150.86,,,,48.596,53.493,46.849,52.102,,,,,,
7544,150.88,,,,48.596,53.493,46.849,52.102,,,,,,
7545,150.9,,,,48.596,53.493,46.849,52.102,,,,,,
7546,150.92,,,,48.596,53.493,46.849,52.102,,,,,,
7547,150.94,3.075,2.846,bbox,48.596,53.493,46.849,52.102,2.354,5.224,,,,
7548,150.96,2.405,2.846,pose,48.596,53.62,46.849,52.143,2.3485,5.2187,0.8593,0.822,0.6853,0.617
7549,150.98,6.838,2.846,bbox,48.596,53.62,46.849,52.293,0.4679,5.2132,,,,
7550,151.0,,,,48.596,53.62,46.849,52.293,,,,,,
7551,151.02,,,,48.596,53.62,46.849,52.293,,,,,,
7552,151.04,6.799,3.075,bbox,48.596,53.775,46.849,52.293,0.4862,5.2818,,,,
7553,151.06,3.036,3.075,bbox,48.746,53.775,46.849,52.293,2.259,5.2067,,,,
7554,151.08,2.505,3.036,pose,48.746,53.812,46.849,52.293,2.2223,5.1977,0.8144,0.8004,0.7104,0.6522
7555,151.1,3.104,3.104,bbox,48.746,53.852,46.849,52.293,2.1822,5.161,,,,
7556,151.12,3.136,3.104,bbox,48.746,53.852,46.849,52.293,2.1657,5.173,,,,
7557,151.14,2.788,3.036,pose,48.746,53.852,46.889,52.293,2.1488,5.1691,0.679,0.7616,0.6584,0.6245
7558,151.16,3.246,3.104,bbox,48.746,53.852,46.889,52.293,2.1454,5.1905,,,,
7559,151.18,3.306,3.136,bbox,48.746,53.886,46.889,52.293,2.1295,5.2068,,,,
7560,151.2,2.983,3.136,pose,48.746,53.886,46.889,52.293,2.1343,5.217,0.58,0.7635,0.6534,0.6008
7561,151.22,3.359,3.246,bbox,48.746,53.886,46.889,52.327,2.1285,5.2327,,,,
7562,151.24,3.375,3.306,bbox,48.746,53.886,46.889,52.327,2.1319,5.2383,,,,
7563,151.26,2.975,3.306,pose,48.746,53.886,46.889,52.327,2.1295,5.2377,0.6036,0.7745,0.6273,0.5618
7564,151.28,2.694,2.983,bbox,48.746,53.886,46.889,52.358,3.4285,5.2424,,,,
7565,151.3,2.693,2.975,bbox,48.746,53.886,46.889,52.358,3.4281,5.2437,,,,
7566,151.32,4.004,2.975,pose,48.879,53.886,46.889,52.358,3.4284,5.2328,0.0241,0.8327,1.4684,0.5368
7567,151.34,3.373,2.975,bbox,48.879,53.886,46.889,52.358,2.1351,5.2305,,,,
7568,151.36,3.378,3.373,bbox,48.879,53.886,46.889,52.358,2.1473,5.2234,,,,
7569,151.38,2.149,3.373,pose,48.879,54.036,46.889,52.358,2.1641,0.3591,0.8195,0.016,0.6676,0.1127
7570,151.4,,,,48.879,54.036,46.889,52.358,,,,,,
7571,151.42,,,,48.879,54.036,46.889,52.358,,,,,,
7572,151.44,,,,48.879,54.036,46.889,52.358,,,,,,
7573,151.46,,,,48.879,54.036,46.889,52.358,,,,,,
7574,151.48,,,,48.879,54.036,46.889,52.358,,,,,,
7575,151.5,,,,48.879,54.036,46.889,52.358,,,,,,
7576,151.52,,,,48.879,54.036,46.889,52.358,,,,,,
7577,151.54,,,,48.879,54.036,46.889,52.358,,,,,,
7578,151.56,,,,48.879,54.036,46.889,52.358,,,,,,
7579,151.58,,,,48.879,54.036,46.889,52.358,,,,,,
7580,151.6,,,,48.879,54.036,46.889,52.358,,,,,,
7581,151.62,,,,48.879,54.036,46.889,52.358,,,,,,
7582,151.64,,,,48.879,54.036,46.889,52.358,,,,,,
7583,151.66,,,,48.879,54.036,46.889,52.358,,,,,,
7584,151.68,,,,48.879,54.036,46.889,52.358,,,,,,
7585,151.7,,,,48.879,54.036,46.889,52.358,,,,,,
7586,151.72,,,,48.879,54.036,46.889,52.358,,,,,,
7587,151.74,,,,48.879,54.036,46.889,52.358,,,,,,
7588,151.76,,,,48.879,54.036,46.889,52.358,,,,,,
7589,151.78,,,,48.879,54.036,46.889,52.358,,,,,,
7590,151.8,,,,48.879,54.036,46.889,52.358,,,,,,
7591,151.82,,,,48.879,54.036,46.889,52.358,,,,,,
7592,151.84,,,,48.879,54.036,46.889,52.358,,,,,,
7593,151.86,,,,48.879,54.036,46.889,52.358,,,,,,
7594,151.88,,,,48.879,54.036,46.889,52.358,,,,,,
7595,151.9,,,,48.879,54.036,46.889,52.358,,,,,,
7596,151.92,,,,48.879,54.036,46.889,52.358,,,,,,
7597,151.94,,,,48.879,54.036,46.889,52.358,,,,,,
7598,151.96,,,,48.879,54.036,46.889,52.358,,,,,,
7599,151.98,,,,48.879,54.036,46.889,52.358,,,,,,
7600,152.0,3.654,3.378,bbox,48.879,54.036,46.889,52.358,5.2628,2.0533,,,,
7601,152.02,3.625,3.378,bbox,48.879,54.036,47.053,52.358,5.2583,2.0555,,,,
7602,152.04,6.769,3.625,pose,49.029,54.036,47.053,52.358,5.2548,0.4178,1.0661,0.2438,0.5231,0.1292
7603,152.06,7.43,3.654,bbox,49.029,54.036,47.205,52.358,5.25,0.4209,,,,
7604,152.08,3.523,3.654,bbox,49.029,54.036,47.205,52.508,5.2469,2.0638,,,,
7605,152.1,2.58,3.625,pose,49.029,54.036,47.205,52.508,5.2415,2.0715,1.0327,0.8452,0.5829,0.6255
7606,152.12,3.411,3.523,bbox,49.029,54.036,47.205,52.508,5.2337,2.0929,,,,
7607,152.14,3.344,3.411,bbox,49.029,54.036,47.205,52.508,5.2168,2.1174,,,,
7608,152.16,2.392,3.344,pose,49.029,54.036,47.205,52.548,5.1779,2.1399,0.9463,0.937,0.6019,0.6506
7609,152.18,3.231,3.231,bbox,49.029,54.074,47.205,52.548,5.1591,2.1576,,,,
7610,152.2,3.22,3.231,bbox,49.029,54.113,47.205,52.595,5.1476,2.1625,,,,
7611,152.22,2.357,3.22,pose,49.029,54.113,47.205,52.595,5.1442,2.1698,0.895,0.9147,0.6168,0.6377
7612,152.24,3.17,3.17,bbox,49.029,54.143,47.205,52.595,5.0996,2.176,,,,
7613,152.26,3.156,3.17,bbox,49.029,54.143,47.205,52.595,5.0796,2.1816,,,,
7614,152.28,2.38,3.156,pose,49.029,54.191,47.205,52.631,5.0906,2.1938,0.8051,0.9159,0.605,0.6017
7615,152.3,2.977,2.977,bbox,49.029,54.191,47.205,52.631,0.4841,2.1985,,,,
7616,152.32,,,,49.029,54.191,47.205,52.631,,,,,,
7617,152.34,,,,49.029,54.191,47.205,52.631,,,,,,
7618,152.36,,,,49.029,54.191,47.205,52.631,,,,,,
7619,152.38,,,,49.029,54.191,47.205,52.631,,,,,,
7620,152.4,,,,49.029,54.191,47.205,52.631,,,,,,
7621,152.42,,,,49.029,54.191,47.205,52.631,,,,,,
7622,152.44,,,,49.029,54.191,47.205,52.631,,,,,,
7623,152.46,,,,49.029,54.191,47.205,52.631,,,,,,
7624,152.48,,,,49.029,54.191,47.205,52.631,,,,,,
7625,152.5,,,,49.029,54.191,47.205,52.631,,,,,,
7626,152.52,,,,49.029,54.191,47.205,52.631,,,,,,
7627,152.54,,,,49.029,54.191,47.205,52.631,,,,,,
7628,152.56,,,,49.029,54.191,47.205,52.631,,,,,,
7629,152.58,,,,49.029,54.191,47.205,52.631,,,,,,
7630,152.6,,,,49.029,54.191,47.205,52.631,,,,,,
7631,152.62,,,,49.029,54.191,47.205,52.631,,,,,,
7632,152.64,,,,49.029,54.191,47.205,52.631,,,,,,
7633,152.66,,,,49.029,54.191,47.205,52.631,,,,,,
7634,152.68,,,,49.029,54.191,47.205,52.631,,,,,,
7635,152.7,,,,49.029,54.191,47.205,52.631,,,,,,
7636,152.72,,,,49.029,54.191,47.205,52.631,,,,,,
7637,152.74,,,,49.029,54.191,47.205,52.631,,,,,,
7638,152.76,,,,49.029,54.191,47.205,52.631,,,,,,
7639,152.78,,,,49.029,54.191,47.205,52.631,,,,,,
7640,152.8,,,,49.029,54.191,47.205,52.631,,,,,,
7641,152.82,,,,49.029,54.191,47.205,52.631,,,,,,
7642,152.84,,,,49.029,54.191,47.205,52.631,,,,,,
7643,152.86,,,,49.029,54.191,47.205,52.631,,,,,,
7644,152.88,,,,49.029,54.191,47.205,52.631,,,,,,
7645,152.9,,,,49.029,54.191,47.205,52.631,,,,,,
7646,152.92,2.594,2.977,bbox,49.029,54.191,47.205,52.631,2.3837,5.361,,,,
7647,152.94,2.073,2.594,pose,49.029,54.361,47.205,52.631,2.4505,5.3572,0.6489,0.7807,0.9217,0.6019
7648,152.96,2.501,2.501,bbox,49.029,54.361,47.205,52.803,2.5012,5.3417,,,,
7649,152.98,2.491,2.501,bbox,49.029,54.361,47.205,52.803,2.5307,5.3207,,,,
7650,153.0,1.947,2.491,pose,49.08,54.361,47.205,52.803,2.5607,5.3159,0.6518,0.8625,0.9029,0.5992
7651,153.02,2.493,2.491,bbox,49.08,54.361,47.205,52.803,2.6112,5.3334,,,,
7652,153.04,2.512,2.493,bbox,49.139,54.361,47.205,52.803,2.6483,5.3414,,,,
7653,153.06,2.509,2.493,bbox,49.19,54.361,47.205,52.803,2.67,5.3498,0.6836,,0.8448,
7654,153.08,6.305,2.509,bbox,49.19,54.361,47.205,52.803,1.1931,5.3555,,,,
7655,153.1,,,,49.19,54.361,47.205,52.803,,,,,,
7656,153.12,,,,49.19,54.361,47.205,52.803,,,,,,
7657,153.14,,,,49.19,54.361,47.205,52.803,,,,,,
7658,153.16,,,,49.19,54.361,47.205,52.803,,,,,,
7659,153.18,,,,49.19,54.361,47.205,52.803,,,,,,
7660,153.2,,,,49.19,54.361,47.205,52.803,,,,,,
7661,153.22,,,,49.19,54.361,47.205,52.803,,,,,,
7662,153.24,,,,49.19,54.361,47.205,52.803,,,,,,
7663,153.26,,,,49.19,54.361,47.205,52.803,,,,,,
7664,153.28,,,,49.19,54.361,47.205,52.803,,,,,,
7665,153.3,,,,49.19,54.361,47.205,52.803,,,,,,
7666,153.32,,,,49.19,54.361,47.205,52.803,,,,,,
7667,153.34,,,,49.19,54.361,47.205,52.803,,,,,,
7668,153.36,,,,49.19,54.361,47.205,52.803,,,,,,
7669,153.38,,,,49.19,54.361,47.205,52.803,,,,,,
7670,153.4,,,,49.19,54.361,47.205,52.803,,,,,,
7671,153.42,,,,49.19,54.361,47.205,52.803,,,,,,
7672,153.44,,,,49.19,54.361,47.205,52.803,,,,,,
7673,153.46,,,,49.19,54.361,47.205,52.803,,,,,,
7674,153.48,,,,49.19,54.361,47.205,52.803,,,,,,
7675,153.5,,,,49.19,54.361,47.205,52.803,,,,,,
7676,153.52,,,,49.19,54.361,47.205,52.803,,,,,,
7677,153.54,,,,49.19,54.361,47.205,52.803,,,,,,
7678,153.56,,,,49.19,54.361,47.205,52.803,,,,,,
7679,153.58,,,,49.19,54.361,47.205,52.803,,,,,,
7680,153.6,,,,49.19,54.361,47.205,52.803,,,,,,
7681,153.62,,,,49.19,54.361,47.205,52.803,,,,,,
7682,153.64,,,,49.19,54.361,47.205,52.803,,,,,,
7683,153.66,,,,49.19,54.361,47.205,52.803,,,,,,
7684,153.68,,,,49.19,54.361,47.205,52.803,,,,,,
7685,153.7,2.861,2.512,bbox,49.227,54.361,47.205,52.803,3.6082,6.4034,,,,
7686,153.72,2.716,2.716,pose,49.227,54.361,47.205,52.803,3.6501,6.431,0.5983,0.3224,0.7151,0.6762
7687,153.74,2.87,2.861,bbox,49.399,54.361,47.205,52.967,3.6615,6.4583,,,,
7688,153.76,2.911,2.87,bbox,49.441,54.361,47.205,52.967,3.6635,6.4847,,,,
7689,153.78,2.767,2.861,pose,49.441,54.361,47.205,53.022,3.6759,6.5096,0.7105,0.2135,0.712,0.6894
7690,153.8,2.937,2.87,bbox,49.441,54.361,47.205,53.022,3.6846,6.5372,,,,
7691,153.82,2.948,2.911,bbox,49.441,54.361,47.205,53.073,3.7134,6.5713,,,,
7692,153.84,2.636,2.911,pose,49.475,54.361,47.205,53.073,3.7348,6.5956,0.9046,0.314,0.6921,0.6865
7693,153.86,2.999,2.937,bbox,49.475,54.361,47.205,53.135,3.7552,6.6268,,,,
7694,153.88,3.022,2.948,bbox,49.525,54.361,47.205,53.135,3.7542,6.6401,,,,
7695,153.9,2.556,2.948,pose,49.525,54.361,47.205,53.19,3.7684,6.6517,1.0225,0.4702,0.6858,0.675
7696,153.92,3.076,2.999,bbox,49.525,54.361,47.205,53.19,3.7797,6.6925,,,,
7697,153.94,3.117,3.022,bbox,49.559,54.361,47.205,53.19,3.7794,6.7233,,,,
7698,153.96,2.548,3.022,pose,49.559,54.361,47.205,53.256,3.791,6.7507,1.056,0.5787,0.6342,0.6593
7699,153.98,3.165,3.076,bbox,49.559,54.361,47.205,53.287,3.7929,6.7947,,,,
7700,154.0,3.202,3.117,bbox,49.559,54.361,47.205,53.287,3.7987,6.8362,,,,
7701,154.02,2.509,3.117,pose,49.559,54.361,47.205,53.358,3.8061,6.8719,1.0606,0.6887,0.6184,0.6816
7702,154.04,3.242,3.165,bbox,49.589,54.361,47.205,53.4,3.8152,6.9196,,,,
7703,154.06,3.271,3.202,bbox,49.589,54.361,47.205,53.435,3.8384,6.9796,,,,
7704,154.08,2.578,3.202,pose,49.589,54.361,47.205,53.483,3.8499,7.0222,0.9924,0.7452,0.6391,0.6821
7705,154.1,3.35,3.242,bbox,49.629,54.361,47.205,53.543,3.8694,7.0816,,,,
7706,154.12,3.347,3.271,bbox,49.629,54.361,47.205,53.586,3.8865,7.1069,,,,
7707,154.14,2.681,3.271,pose,49.66,54.361,47.205,53.645,3.9102,7.1459,0.909,0.7547,0.6759,0.6578
7708,154.16,3.385,3.347,bbox,49.66,54.361,47.205,53.645,3.9379,7.1816,,,,
7709,154.18,3.266,3.347,bbox,49.701,54.361,47.205,53.645,3.9534,7.1035,,,,
7710,154.2,2.686,3.266,pose,49.701,54.361,47.205,53.709,3.9592,7.1887,0.8283,0.8523,0.7281,0.6391
7711,154.22,3.402,3.266,bbox,49.744,54.361,47.205,53.745,3.9657,7.2321,,,,
7712,154.24,3.403,3.385,bbox,49.744,54.361,47.205,53.745,3.9725,7.2266,,,,
7713,154.26,2.714,3.266,pose,49.744,54.361,47.205,53.79,3.9683,7.2417,0.7694,0.9233,0.7177,0.5936
7714,154.28,3.479,3.402,bbox,49.744,54.361,47.205,53.79,3.962,7.2359,,,,
7715,154.3,3.503,3.403,bbox,49.744,54.361,47.205,53.79,3.9505,7.2174,,,,
7716,154.32,2.786,3.403,pose,49.744,54.361,47.205,53.79,3.9469,7.2041,0.7684,0.9218,0.692,0.5818
7717,154.34,3.521,3.479,bbox,49.744,54.361,47.205,53.79,3.9284,7.1958,,,,
7718,154.36,3.516,3.503,bbox,49.744,54.361,47.205,53.79,3.9151,7.1846,,,,
7719,154.38,2.807,3.503,pose,49.744,54.361,47.236,53.79,3.9091,7.1873,0.7815,0.8871,0.6743,0.6275
7720,154.4,3.532,3.516,bbox,49.744,54.399,47.236,53.79,3.9051,7.2262,,,,
7721,154.42,3.521,3.521,bbox,49.744,54.399,47.236,53.79,3.9001,7.2451,,,,
7722,154.44,2.923,3.516,pose,49.744,54.399,47.236,53.821,3.8928,7.2712,0.7784,0.7408,0.6892,0.6728
7723,154.46,3.535,3.521,bbox,49.744,54.399,47.236,53.821,3.8839,7.3118,,,,
7724,154.48,3.56,3.532,bbox,49.744,54.399,47.236,53.866,3.8812,7.3613,,,,
7725,154.5,3.07,3.521,pose,49.744,54.43,47.236,53.906,3.8752,7.3954,0.7465,0.5295,0.7229,0.6931
7726,154.52,3.513,3.513,bbox,49.744,54.43,47.236,53.956,3.872,7.3905,,,,
7727,154.54,3.549,3.535,bbox,49.744,54.43,47.236,53.956,3.8753,7.4333,,,,
7728,154.56,3.262,3.513,pose,49.744,54.43,47.236,53.956,3.8747,7.3332,0.7343,0.3443,0.7632,0.6938
7729,154.58,3.457,3.457,bbox,49.744,54.43,47.236,53.956,3.866,7.3247,,,,
7730,154.6,3.492,3.492,bbox,49.744,54.43,47.236,53.956,3.8523,7.3386,,,,
7731,154.62,2.334,3.457,pose,49.744,54.43,47.236,53.956,3.8543,2.6149,0.6191,0.0485,0.761,-0.0464
7732,154.64,,,,49.744,54.43,47.236,53.956,,,,,,
7733,154.66,,,,49.744,54.43,47.236,53.956,,,,,,
7734,154.68,,,,49.744,54.43,47.236,53.956,,,,,,
7735,154.7,,,,49.744,54.43,47.236,53.956,,,,,,
7736,154.72,,,,49.744,54.43,47.236,53.956,,,,,,
7737,154.74,,,,49.744,54.43,47.236,53.956,,,,,,
7738,154.76,,,,49.744,54.43,47.236,53.956,,,,,,
7739,154.78,,,,49.744,54.43,47.236,53.956,,,,,,
7740,154.8,,,,49.744,54.43,47.236,53.956,,,,,,
7741,154.82,,,,49.744,54.43,47.236,53.956,,,,,,
7742,154.84,,,,49.744,54.43,47.236,53.956,,,,,,
7743,154.86,,,,49.744,54.43,47.236,53.956,,,,,,
7744,154.88,,,,49.744,54.43,47.236,53.956,,,,,,
7745,154.9,,,,49.744,54.43,47.236,53.956,,,,,,
7746,154.92,,,,49.744,54.43,47.236,53.956,,,,,,
7747,154.94,,,,49.744,54.43,47.236,53.956,,,,,,
7748,154.96,,,,49.744,54.43,47.236,53.956,,,,,,
7749,154.98,,,,49.744,54.43,47.236,53.956,,,,,,
7750,155.0,,,,49.744,54.43,47.236,53.956,,,,,,
7751,155.02,,,,49.744,54.43,47.236,53.956,,,,,,
7752,155.04,,,,49.744,54.43,47.236,53.956,,,,,,
7753,155.06,,,,49.744,54.43,47.236,53.956,,,,,,
7754,155.08,,,,49.744,54.43,47.236,53.956,,,,,,
7755,155.1,,,,49.744,54.43,47.236,53.956,,,,,,
7756,155.12,,,,49.744,54.43,47.236,53.956,,,,,,
7757,155.14,,,,49.744,54.43,47.236,53.956,,,,,,
7758,155.16,,,,49.744,54.43,47.236,53.956,,,,,,
7759,155.18,,,,49.744,54.43,47.236,53.956,,,,,,
7760,155.2,,,,49.744,54.43,47.236,53.956,,,,,,
7761,155.22,,,,49.744,54.43,47.236,53.956,,,,,,
7762,155.24,3.251,3.262,bbox,49.744,54.43,47.273,53.956,3.4751,6.4128,,,,
7763,155.26,3.207,3.251,bbox,49.744,54.462,47.423,53.956,3.4571,6.3809,,,,
7764,155.28,2.31,3.207,pose,49.744,54.612,47.455,53.956,3.4379,6.3538,1.0699,0.9249,0.576,0.6287
7765,155.3,3.121,3.121,bbox,49.744,54.612,47.455,53.956,3.4214,6.3244,,,,
7766,155.32,3.06,3.121,bbox,49.744,54.649,47.455,53.956,3.3879,6.2553,,,,
7767,155.34,2.241,3.06,pose,49.744,54.649,47.511,53.956,3.3574,6.2037,1.0393,0.8829,0.639,0.6486
7768,155.36,3.046,3.046,bbox,49.744,54.699,47.58,53.956,3.3204,6.1813,,,,
7769,155.38,3.13,3.06,bbox,49.744,54.73,47.632,53.956,3.2802,6.2003,,,,
7770,155.4,2.295,3.046,pose,49.744,54.767,47.632,53.956,3.2844,6.1094,0.9969,0.7951,0.6712,0.6508
7771,155.42,2.988,2.988,bbox,49.744,54.803,47.632,53.956,3.2795,6.0685,,,,
7772,155.44,3.003,3.003,bbox,49.744,54.803,47.726,53.956,3.2606,6.0492,,,,
7773,155.46,2.371,2.988,pose,49.744,54.803,47.767,53.956,3.2427,6.0523,0.9741,0.7558,0.68,0.6113
7774,155.48,2.995,2.988,bbox,49.744,54.803,47.767,53.956,3.2402,6.0012,,,,
7775,155.5,3.059,2.995,bbox,49.744,54.844,47.767,53.956,3.2218,6.0215,,,,
7776,155.52,2.401,2.995,pose,49.744,54.844,47.808,53.956,3.1909,6.0273,0.9909,0.7725,0.6517,0.5849
7777,155.54,3.176,2.995,bbox,49.744,54.844,47.808,53.956,3.1801,6.0385,,,,
7778,155.56,3.218,3.059,bbox,49.744,54.896,47.808,53.956,3.1747,6.0425,,,,
7779,155.58,2.615,3.059,pose,49.744,54.896,47.808,53.956,3.1711,6.0315,0.4975,0.8047,0.6381,0.5239
7780,155.6,3.14,3.14,bbox,49.744,54.896,47.808,53.956,3.1666,5.933,,,,
7781,155.62,3.121,3.14,bbox,49.744,54.896,47.808,53.956,3.1755,5.9195,,,,
7782,155.64,2.299,3.121,pose,49.744,54.896,47.902,53.956,3.1771,5.909,0.866,0.9152,0.5636,0.507
7783,155.66,3.1,3.1,bbox,49.744,54.896,47.902,53.956,3.1815,5.8956,,,,
7784,155.68,3.1,3.1,bbox,49.744,54.896,47.902,53.956,3.188,5.9,,,,
7785,155.7,2.057,3.1,pose,49.744,54.896,47.935,53.956,3.1973,5.8529,1.0051,1.0894,0.5714,0.4886
7786,155.72,2.992,2.992,bbox,49.744,54.896,47.935,53.956,3.2032,5.825,,,,
7787,155.74,3.023,3.023,bbox,49.744,54.896,47.982,53.956,3.2056,5.8482,,,,
7788,155.76,2.973,2.992,bbox,49.744,54.896,47.982,53.956,3.2059,5.8315,1.0064,,0.617,
7789,155.78,2.998,2.992,bbox,49.744,54.896,47.982,53.956,3.213,5.8347,,,,
7790,155.8,2.996,2.996,bbox,49.744,54.896,47.982,53.956,3.2152,5.8314,,,,
7791,155.82,2.378,2.996,pose,49.744,54.896,47.982,53.956,3.2181,5.8185,0.9507,0.544,0.6881,0.1986
7792,155.84,2.976,2.976,bbox,49.744,54.896,47.982,53.956,3.2178,5.7994,,,,
7793,155.86,2.977,2.977,bbox,49.744,54.896,48.017,53.956,3.206,5.7906,,,,
7794,155.88,2.014,2.976,pose,49.744,54.896,48.017,53.956,3.2207,5.7702,0.8827,1.0123,0.6904,0.4256
7795,155.9,2.917,2.917,bbox,49.744,54.896,48.017,53.956,3.2302,5.7644,,,,
7796,155.92,2.893,2.917,bbox,49.744,54.896,48.065,53.956,3.2402,5.7612,,,,
7797,155.94,2.016,2.893,pose,49.783,54.896,48.065,53.956,3.2398,5.726,0.82,0.9995,0.6999,0.4524
7798,155.96,2.842,2.842,bbox,49.783,54.896,48.065,53.956,3.2345,5.7521,,,,
7799,155.98,2.787,2.842,bbox,49.783,54.896,48.065,53.956,3.2282,5.7307,,,,
7800,156.0,2.826,2.826,bbox,49.783,54.896,48.105,53.956,3.1955,5.7144,0.8295,,0.6715,
7801,156.02,2.83,2.826,bbox,49.783,54.896,48.105,53.956,3.1647,5.7077,,,,
7802,156.04,2.865,2.83,bbox,49.783,54.931,48.105,53.956,3.1291,5.7131,,,,
7803,156.06,2.85,2.83,bbox,49.783,54.962,48.105,53.956,3.1526,5.7367,0.8494,,0.6666,
7804,156.08,2.881,2.85,bbox,49.783,54.962,48.105,53.956,3.1639,5.7849,,,,
7805,156.1,3.015,2.865,bbox,49.783,54.962,48.105,53.956,3.0911,5.8375,,,,
7806,156.12,2.18,2.865,pose,49.783,54.997,48.105,54.01,3.0758,5.8811,0.8694,1.0007,0.6954,0.5156
7807,156.14,3.119,2.881,bbox,49.783,55.035,48.105,54.062,3.0606,5.9321,,,,
7808,156.16,3.085,3.015,bbox,49.783,55.035,48.105,54.106,3.0568,5.9115,,,,
7809,156.18,2.391,3.015,pose,49.783,55.066,48.105,54.136,3.0504,5.9797,0.8777,0.9061,0.7298,0.494
7810,156.2,3.236,3.085,bbox,49.783,55.066,48.105,54.136,3.0439,6.0006,,,,
7811,156.22,3.289,3.119,bbox,49.783,55.066,48.105,54.205,3.0343,6.0237,,,,
7812,156.24,2.529,3.085,pose,49.783,55.066,48.105,54.205,3.0164,6.0398,0.8682,0.9511,0.7268,0.4902
7813,156.26,3.434,3.236,bbox,49.783,55.066,48.105,54.249,2.9833,6.048,,,,
7814,156.28,2.435,3.236,bbox,49.783,55.066,48.105,54.249,4.7189,6.0496,,,,
7815,156.3,6.427,3.289,bbox,49.783,55.11,48.105,54.249,1.9276,6.0512,,0.9482,,0.4878
7816,156.32,,,,49.783,55.11,48.105,54.249,,,,,,
7817,156.34,,,,49.783,55.11,48.105,54.249,,,,,,
7818,156.36,,,,49.783,55.11,48.105,54.249,,,,,,
7819,156.38,,,,49.783,55.11,48.105,54.249,,,,,,
7820,156.4,,,,49.783,55.11,48.105,54.249,,,,,,
7821,156.42,,,,49.783,55.11,48.105,54.249,,,,,,
7822,156.44,,,,49.783,55.11,48.105,54.249,,,,,,
7823,156.46,,,,49.783,55.11,48.105,54.249,,,,,,
7824,156.48,,,,49.783,55.11,48.105,54.249,,,,,,
7825,156.5,,,,49.783,55.11,48.105,54.249,,,,,,
7826,156.52,,,,49.783,55.11,48.105,54.249,,,,,,
7827,156.54,,,,49.783,55.11,48.105,54.249,,,,,,
7828,156.56,,,,49.783,55.11,48.105,54.249,,,,,,
7829,156.58,,,,49.783,55.11,48.105,54.249,,,,,,
7830,156.6,,,,49.783,55.11,48.105,54.249,,,,,,
7831,156.62,,,,49.783,55.11,48.105,54.249,,,,,,
7832,156.64,,,,49.783,55.11,48.105,54.249,,,,,,
7833,156.66,,,,49.783,55.11,48.105,54.249,,,,,,
7834,156.68,,,,49.783,55.11,48.105,54.249,,,,,,
7835,156.7,,,,49.783,55.11,48.105,54.249,,,,,,
7836,156.72,,,,49.783,55.11,48.105,54.249,,,,,,
7837,156.74,,,,49.783,55.11,48.105,54.249,,,,,,
7838,156.76,,,,49.783,55.11,48.105,54.249,,,,,,
7839,156.78,,,,49.783,55.11,48.105,54.249,,,,,,
7840,156.8,,,,49.783,55.11,48.105,54.249,,,,,,
7841,156.82,,,,49.783,55.11,48.105,54.249,,,,,,
7842,156.84,,,,49.783,55.11,48.105,54.249,,,,,,
7843,156.86,,,,49.783,55.11,48.105,54.249,,,,,,
7844,156.88,,,,49.783,55.11,48.105,54.249,,,,,,
7845,156.9,,,,49.783,55.11,48.105,54.249,,,,,,
7846,156.92,3.074,3.074,bbox,49.783,55.11,48.105,54.249,3.1678,5.9325,,,,
7847,156.94,3.271,3.271,bbox,49.923,55.11,48.105,54.249,3.156,5.9316,,,,
7848,156.96,2.234,3.074,pose,49.923,55.11,48.172,54.249,3.1421,5.9568,1.0674,0.9545,0.6622,0.487
7849,156.98,2.788,3.074,bbox,49.923,55.11,48.172,54.249,3.1087,1.5804,,,,
7850,157.0,,,,49.923,55.11,48.172,54.249,,,,,,
7851,157.02,,,,49.923,55.11,48.172,54.249,,,,,,
7852,157.04,,,,49.923,55.11,48.172,54.249,,,,,,
7853,157.06,,,,49.923,55.11,48.172,54.249,,,,,,
7854,157.08,,,,49.923,55.11,48.172,54.249,,,,,,
7855,157.1,,,,49.923,55.11,48.172,54.249,,,,,,
7856,157.12,,,,49.923,55.11,48.172,54.249,,,,,,
7857,157.14,,,,49.923,55.11,48.172,54.249,,,,,,
7858,157.16,,,,49.923,55.11,48.172,54.249,,,,,,
7859,157.18,,,,49.923,55.11,48.172,54.249,,,,,,
7860,157.2,,,,49.923,55.11,48.172,54.249,,,,,,
7861,157.22,,,,49.923,55.11,48.172,54.249,,,,,,
7862,157.24,,,,49.923,55.11,48.172,54.249,,,,,,
7863,157.26,,,,49.923,55.11,48.172,54.249,,,,,,
7864,157.28,,,,49.923,55.11,48.172,54.249,,,,,,
7865,157.3,,,,49.923,55.11,48.172,54.249,,,,,,
7866,157.32,,,,49.923,55.11,48.172,54.249,,,,,,
7867,157.34,,,,49.923,55.11,48.172,54.249,,,,,,
7868,157.36,,,,49.923,55.11,48.172,54.249,,,,,,
7869,157.38,,,,49.923,55.11,48.172,54.249,,,,,,
7870,157.4,,,,49.923,55.11,48.172,54.249,,,,,,
7871,157.42,,,,49.923,55.11,48.172,54.249,,,,,,
7872,157.44,,,,49.923,55.11,48.172,54.249,,,,,,
7873,157.46,,,,49.923,55.11,48.172,54.249,,,,,,
7874,157.48,,,,49.923,55.11,48.172,54.249,,,,,,
7875,157.5,,,,49.923,55.11,48.172,54.249,,,,,,
7876,157.52,,,,49.923,55.11,48.172,54.249,,,,,,
7877,157.54,,,,49.923,55.11,48.172,54.249,,,,,,
7878,157.56,,,,49.923,55.11,48.172,54.249,,,,,,
7879,157.58,,,,49.923,55.11,48.172,54.249,,,,,,
7880,157.6,2.805,2.805,bbox,49.923,55.11,48.172,54.249,5.925,3.4349,,,,
7881,157.62,2.83,2.805,bbox,49.923,55.11,48.347,54.249,5.9273,3.4486,,1.035,,0.6024
7882,157.64,2.819,2.805,bbox,50.073,55.11,48.347,54.249,5.922,3.4597,,,,
7883,157.66,2.812,2.812,bbox,50.073,55.11,48.347,54.249,5.9068,3.465,,,,
7884,157.68,1.943,2.812,pose,50.073,55.11,48.347,54.249,5.9097,3.4709,0.983,1.0094,0.473,0.5744
7885,157.7,2.952,2.819,bbox,50.073,55.11,48.347,54.249,6.0283,3.4715,,,,
7886,157.72,2.806,2.812,bbox,50.073,55.11,48.347,54.249,5.9118,3.4748,,,,
7887,157.74,1.932,2.806,pose,50.073,55.11,48.347,54.249,5.9131,3.4861,0.9688,0.9981,0.5276,0.5762
7888,157.76,2.747,2.747,bbox,50.073,55.11,48.347,54.249,5.9229,3.4922,,,,
7889,157.78,2.756,2.756,bbox,50.073,55.11,48.347,54.286,5.9419,3.4961,,,,
7890,157.8,2.771,2.756,bbox,50.073,55.11,48.347,54.286,5.9515,3.4963,0.9095,,0.5067,
7891,157.82,2.787,2.756,bbox,50.073,55.11,48.347,54.286,5.9652,3.4889,,,,
7892,157.84,2.817,2.771,bbox,50.073,55.11,48.347,54.286,5.9707,3.4684,,,,
7893,157.86,2.864,2.787,bbox,50.116,55.11,48.347,54.286,5.9806,3.4517,0.9429,,0.4922,
7894,157.88,2.922,2.817,bbox,50.116,55.11,48.347,54.286,5.9983,3.434,,,,
7895,157.9,3.045,2.864,bbox,50.116,55.11,48.381,54.286,6.1039,3.4209,,,,
7896,157.92,3.044,2.922,bbox,50.149,55.11,48.381,54.286,6.0856,3.3868,0.9826,,0.4846,
7897,157.94,3.044,3.044,bbox,50.209,55.11,48.412,54.286,6.0587,3.3653,,,,
7898,157.96,3.067,3.044,bbox,50.209,55.11,48.446,54.286,6.0775,3.3384,,,,
7899,157.98,2.297,3.044,pose,50.209,55.11,48.446,54.286,6.0998,3.3166,1.0003,0.8065,0.5303,0.6815
7900,158.0,3.093,3.044,bbox,50.209,55.11,48.495,54.286,6.098,3.3046,,,,
7901,158.02,3.11,3.067,bbox,50.249,55.11,48.495,54.286,6.1127,3.2975,,,,
7902,158.04,2.31,3.067,pose,50.249,55.11,48.528,54.286,6.114,3.2965,0.9884,0.7792,0.5827,0.6565
7903,158.06,3.068,3.068,bbox,50.249,55.11,48.528,54.286,6.1165,3.2961,,,,
7904,158.08,3.075,3.075,bbox,50.249,55.11,48.528,54.286,6.1273,3.2991,,,,
7905,158.1,2.312,3.068,pose,50.249,55.11,48.528,54.286,6.1584,3.2961,0.9066,0.7986,0.6213,0.6336
7906,158.12,3.1,3.068,bbox,50.249,55.11,48.528,54.286,6.19,3.3006,,,,
7907,158.14,3.108,3.075,bbox,50.309,55.11,48.528,54.286,6.2049,3.3059,,,,
7908,158.16,2.386,3.075,pose,50.341,55.11,48.528,54.286,6.2281,3.3188,0.7599,0.8395,0.6183,0.6489
7909,158.18,3.12,3.1,bbox,50.341,55.11,48.528,54.286,6.2532,3.3386,,,,
7910,158.2,3.084,3.1,bbox,50.379,55.11,48.528,54.286,6.2425,3.3675,,,,
7911,158.22,2.366,3.084,pose,50.379,55.11,48.528,54.32,6.2678,3.3861,0.674,0.9602,0.6118,0.6543
7912,158.24,3.088,3.084,bbox,50.379,55.11,48.528,54.32,6.2674,3.4088,,,,
7913,158.26,3.092,3.088,bbox,50.417,55.11,48.528,54.368,6.2667,3.4401,,,,
7914,158.28,2.307,3.084,pose,50.417,55.11,48.528,54.368,6.2557,3.4566,0.6714,1.0443,0.5869,0.6216
7915,158.3,3.02,3.02,bbox,50.417,55.11,48.528,54.422,6.2634,3.4734,,,,
7916,158.32,3.001,3.02,bbox,50.417,55.11,48.528,54.422,6.2748,3.4876,,,,
7917,158.34,2.244,3.001,pose,50.417,55.11,48.528,54.455,6.2848,3.4964,0.6819,1.0749,0.5589,0.6468
7918,158.36,3.029,3.001,bbox,50.417,55.11,48.528,54.455,6.2824,3.5034,,,,
7919,158.38,3.021,3.02,bbox,50.417,55.11,48.528,54.455,6.2894,3.5133,,,,
7920,158.4,2.21,3.001,pose,50.417,55.11,48.528,54.455,6.3006,3.5268,0.7174,1.0405,0.5493,0.593
7921,158.42,3.013,3.013,bbox,50.417,55.11,48.528,54.495,6.2723,3.5446,,,,
7922,158.44,3.019,3.019,bbox,50.417,55.11,48.528,54.495,6.2419,3.5553,,,,
7923,158.46,2.169,3.013,pose,50.417,55.11,48.528,54.526,6.2187,3.5648,0.8201,0.9913,0.5818,0.5451
7924,158.48,2.953,2.953,bbox,50.417,55.11,48.528,54.526,6.2233,3.5767,,,,
7925,158.5,2.905,2.953,bbox,50.417,55.153,48.528,54.526,6.1893,3.58,,,,
7926,158.52,2.072,2.905,pose,50.417,55.153,48.528,54.558,6.1634,3.5889,0.9008,0.9983,0.5784,0.556
7927,158.54,2.884,2.884,bbox,50.417,55.187,48.528,54.558,6.1423,3.576,,,,
7928,158.56,2.881,2.884,bbox,50.417,55.187,48.528,54.558,6.1589,3.5821,,,,
7929,158.58,2.383,2.881,pose,50.417,55.218,48.528,54.558,6.1372,3.5889,0.9675,0.0944,0.5547,0.6577
7930,158.6,2.79,2.79,bbox,50.417,55.218,48.528,54.558,6.1203,3.5971,,,,
7931,158.62,2.843,2.843,bbox,50.417,55.218,48.528,54.558,6.1415,3.5811,,,,
7932,158.64,2.0,2.79,pose,50.417,55.218,48.528,54.558,6.1025,3.5722,0.974,1.0589,0.516,0.6002
7933,158.66,2.787,2.787,bbox,50.417,55.256,48.528,54.558,6.043,3.5698,,,,
7934,158.68,2.776,2.787,bbox,50.417,55.256,48.528,54.558,6.0331,3.55,,,,
7935,158.7,4.144,2.787,bbox,50.417,55.256,48.528,54.558,7.3834,3.544,0.0187,,1.8492,
7936,158.72,2.955,2.787,bbox,50.417,55.256,48.528,54.558,6.1192,3.5192,,,,
7937,158.74,2.961,2.955,bbox,50.417,55.308,48.561,54.558,6.0682,3.5057,,,,
7938,158.76,5.19,2.961,pose,50.468,55.308,48.561,54.558,7.3939,3.4891,0.0128,0.9897,1.8953,0.6393
7939,158.78,3.067,3.067,bbox,50.468,55.308,48.599,54.558,6.0138,3.4617,,,,
7940,158.8,3.14,3.067,bbox,50.468,55.359,48.599,54.558,6.0093,3.4436,,,,
7941,158.82,2.358,3.067,pose,50.468,55.414,48.643,54.558,5.9985,3.4334,1.1386,0.1348,0.4213,0.1212
7942,158.84,3.225,3.14,bbox,50.468,55.414,48.643,54.558,5.9939,3.4198,,,,
7943,158.86,3.045,3.067,bbox,50.468,55.414,48.643,54.558,5.8166,3.403,,,,
7944,158.88,2.126,3.045,pose,50.468,55.414,48.685,54.558,5.8033,3.3803,1.1301,0.9421,0.3678,0.5842
7945,158.9,3.079,3.045,bbox,50.468,55.584,48.685,54.558,5.8046,3.3597,,,,
7946,158.92,3.147,3.079,bbox,50.468,55.584,48.725,54.558,5.8129,3.3373,,,,
7947,158.94,2.263,3.045,pose,50.468,55.584,48.725,54.558,5.8241,3.332,1.1183,0.8544,0.2968,0.5351
7948,158.96,3.274,3.079,bbox,50.468,55.584,48.768,54.558,5.8438,3.328,,,,
7949,158.98,3.324,3.147,bbox,50.468,55.584,48.768,54.558,5.8661,3.3228,,,,
7950,159.0,2.752,3.147,pose,50.468,55.584,48.768,54.558,5.88,3.3148,0.6161,0.8973,0.2618,0.6001
7951,159.02,3.351,3.274,bbox,50.518,55.584,48.768,54.558,5.8936,3.3147,,,,
7952,159.04,3.371,3.324,bbox,50.518,55.584,48.768,54.558,5.9128,3.3049,,,,
7953,159.06,3.342,3.342,bbox,50.518,55.584,48.768,54.558,5.9354,3.2983,,0.6754,,0.6665
7954,159.08,4.438,3.351,bbox,50.565,55.584,48.8,54.558,7.3943,3.2864,,,,
7955,159.1,4.468,3.371,bbox,50.565,55.584,48.8,54.558,7.3934,3.2695,,,,
7956,159.12,3.404,3.404,bbox,50.657,55.584,48.8,54.558,6.0053,3.2547,,0.4703,,0.6528
7957,159.14,2.646,3.404,bbox,50.657,55.584,48.8,54.558,6.0177,7.3889,,,,
7958,159.16,2.614,3.404,bbox,50.657,55.584,48.8,54.558,6.0268,7.3836,,,,
7959,159.18,4.782,3.404,pose,50.657,55.584,48.8,54.69,6.0141,7.3774,0.6177,0.114,0.2001,1.8659
7960,159.2,3.373,3.373,bbox,50.657,55.584,48.8,54.69,5.9937,3.1122,,,,
7961,159.22,,,,50.657,55.584,48.8,54.69,,,,,,
7962,159.24,2.814,2.814,pose,50.657,55.584,48.8,54.69,6.0002,3.1529,0.1701,0.4272,0.0685,0.6618
7963,159.26,5.404,3.373,bbox,50.657,55.584,48.95,54.69,6.0001,2.4629,,,,
7964,159.28,3.007,3.373,bbox,50.657,55.584,48.95,54.69,5.9973,3.2352,,,,
7965,159.3,5.276,3.373,bbox,50.657,55.584,48.991,54.69,5.9977,2.4831,,0.1988,,0.4439
7966,159.32,3.075,3.075,bbox,50.657,55.584,48.991,54.73,5.9996,3.1978,,,,
7967,159.34,3.05,3.075,bbox,50.657,55.584,48.991,54.775,5.9968,3.2066,,,,
7968,159.36,3.052,3.052,bbox,50.657,55.584,48.991,54.775,6.0021,3.2242,,0.6855,,0.6455
7969,159.38,3.057,3.057,bbox,50.657,55.584,48.991,54.775,6.0153,3.2289,,,,
7970,159.4,3.027,3.052,bbox,50.657,55.584,48.991,54.775,6.0172,3.2454,,,,
7971,159.42,2.212,3.05,pose,50.657,55.584,48.991,54.806,6.0091,3.2442,0.858,0.7219,0.5652,0.6256
7972,159.44,3.027,3.027,bbox,50.657,55.584,48.991,54.806,6.0084,3.2573,,,,
7973,159.46,3.025,3.027,bbox,50.657,55.584,48.991,54.806,6.0053,3.2758,,,,
7974,159.48,2.131,3.025,pose,50.657,55.584,48.991,54.806,5.9985,3.2888,0.8578,1.0102,0.5399,0.6689
7975,159.5,3.02,3.02,bbox,50.657,55.584,48.991,54.853,5.992,3.2869,,,,
7976,159.52,2.998,3.02,bbox,50.657,55.584,48.991,54.853,5.9558,3.2886,,,,
7977,159.54,2.117,2.998,pose,50.657,55.584,48.991,54.853,5.9539,3.2927,0.8697,1.0176,0.5026,0.6225
7978,159.56,3.029,2.998,bbox,50.657,55.633,48.991,54.853,5.9373,3.2988,,,,
7979,159.58,3.021,3.02,bbox,50.657,55.633,48.991,54.853,5.9287,3.3055,,,,
7980,159.6,2.133,2.998,pose,50.657,55.633,48.991,54.853,5.9214,3.307,0.8777,1.0326,0.4987,0.6229
7981,159.62,2.983,2.983,bbox,50.657,55.633,48.991,54.853,5.8895,3.3081,,,,
7982,159.64,2.933,2.983,bbox,50.657,55.668,48.991,54.884,5.8801,3.3084,,,,
7983,159.66,2.137,2.933,pose,50.657,55.699,48.991,54.884,5.8696,3.3017,0.8636,1.0069,0.4796,0.6291
7984,159.68,2.892,2.892,bbox,50.657,55.699,48.991,54.884,5.8643,3.2937,,,,
7985,159.7,2.851,2.892,bbox,50.657,55.699,48.991,54.884,5.8702,3.3089,,,,
7986,159.72,2.058,2.851,pose,50.657,55.699,48.991,54.884,5.8679,3.3054,0.9073,0.9968,0.4762,0.6526
7987,159.74,2.849,2.849,bbox,50.657,55.699,48.991,54.884,5.8614,3.3084,,,,
7988,159.76,2.842,2.849,bbox,50.657,55.699,48.991,54.884,5.8546,3.3014,,,,
7989,159.78,1.895,2.842,pose,50.657,55.699,48.991,54.884,5.8241,3.2951,1.0266,0.992,0.4812,0.6917
7990,159.8,2.814,2.814,bbox,50.657,55.734,48.991,54.884,5.7969,3.2893,,,,
7991,159.82,2.773,2.814,bbox,50.657,55.765,48.991,54.884,5.7598,3.2853,,,,
7992,159.84,2.8,2.8,bbox,50.657,55.765,48.991,54.884,5.7348,3.2784,,0.8956,,0.6466
7993,159.86,2.771,2.773,bbox,50.657,55.829,48.991,54.884,5.6897,3.2664,,,,
7994,159.88,2.723,2.773,bbox,50.657,55.829,48.991,54.884,5.6532,3.2664,,,,
7995,159.9,1.669,2.771,pose,50.657,55.899,49.031,54.884,2.7693,3.2602,0.1232,0.9142,0.3595,0.6432
7996,159.92,,,,50.657,55.899,49.031,54.884,,,,,,
7997,159.94,,,,50.657,55.899,49.031,54.884,,,,,,
7998,159.96,,,,50.657,55.899,49.031,54.884,,,,,,
7999,159.98,,,,50.657,55.899,49.031,54.884,,,,,,
8000,160.0,,,,50.657,55.899,49.031,54.884,,,,,,
8001,160.02,,,,50.657,55.899,49.031,54.884,,,,,,
8002,160.04,,,,50.657,55.899,49.031,54.884,,,,,,
8003,160.06,,,,50.657,55.899,49.031,54.884,,,,,,
8004,160.08,,,,50.657,55.899,49.031,54.884,,,,,,
8005,160.1,,,,50.657,55.899,49.031,54.884,,,,,,
8006,160.12,2.927,2.771,bbox,50.657,55.936,49.031,54.884,3.0497,5.6635,,,,
8007,160.14,4.29,2.771,pose,50.657,55.936,49.031,54.884,7.3819,5.6858,0.1144,1.0361,1.8778,0.5163
8008,160.16,,,,50.657,55.936,49.031,54.884,,,,,,
8009,160.18,,,,50.657,55.936,49.031,54.884,,,,,,
8010,160.2,4.21,2.927,pose,50.657,55.936,49.031,55.034,7.3889,5.811,0.1236,1.0161,1.8715,0.5237
8011,160.22,3.376,3.376,bbox,50.657,56.086,49.031,55.034,2.8636,5.8579,,,,
8012,160.24,3.464,3.464,bbox,50.657,56.086,49.031,55.182,2.8428,5.907,,,,
8013,160.26,3.068,3.464,pose,50.657,56.236,49.031,55.229,2.8297,5.9549,0.5106,0.8995,0.665,0.4834
8014,160.28,2.537,3.376,bbox,50.657,56.236,49.031,55.278,7.4073,5.9714,,,,
8015,160.3,,,,50.657,56.236,49.031,55.278,,,,,,
8016,160.32,,,,50.657,56.236,49.031,55.278,,,,,,
8017,160.34,,,,50.657,56.236,49.031,55.278,,,,,,
8018,160.36,,,,50.657,56.236,49.031,55.278,,,,,,
8019,160.38,,,,50.657,56.236,49.031,55.278,,,,,,
8020,160.4,2.489,3.068,bbox,50.657,56.236,49.031,55.326,7.4201,6.0277,,,,
8021,160.42,2.461,2.537,bbox,50.807,56.236,49.031,55.326,7.4201,6.019,,,,
8022,160.44,4.215,2.537,pose,50.807,56.236,49.031,55.388,7.4186,6.0167,0.0016,0.7175,1.9637,0.5245
8023,160.46,2.962,2.537,bbox,50.807,56.236,49.031,55.388,2.872,6.0159,,,,
8024,160.48,,,,50.807,56.236,49.031,55.388,,,,,,
8025,160.5,2.604,2.604,pose,50.807,56.236,49.031,55.388,2.8891,5.9797,0.8591,0.7613,0.7229,0.5476
8026,160.52,3.291,2.962,bbox,50.807,56.374,49.031,55.388,2.8979,5.9732,,,,
8027,160.54,3.229,3.229,bbox,50.807,56.374,49.068,55.388,2.9173,5.9424,,,,
8028,160.56,2.347,2.962,pose,50.807,56.374,49.068,55.388,2.9331,5.9205,1.0005,0.825,0.6995,0.5917
8029,160.58,3.13,3.13,bbox,50.807,56.374,49.106,55.388,2.9483,5.8838,,,,
8030,160.6,3.103,3.13,bbox,50.842,56.374,49.106,55.388,2.9572,5.8548,,,,
8031,160.62,2.17,3.103,pose,50.842,56.374,49.164,55.388,2.9618,5.8456,1.0785,0.8474,0.6792,0.6006
8032,160.64,3.085,3.085,bbox,50.842,56.374,49.164,55.388,2.9842,5.843,,,,
8033,160.66,3.086,3.086,bbox,50.842,56.374,49.203,55.388,2.9982,5.8321,,,,
8034,160.68,2.128,3.085,pose,50.893,56.374,49.203,55.388,3.0055,5.8288,1.1125,0.8748,0.6409,0.5765
8035,160.7,3.106,3.085,bbox,50.893,56.374,49.203,55.388,3.0229,5.8301,,,,
8036,160.72,3.118,3.086,bbox,50.893,56.374,49.203,55.388,3.0273,5.8268,,,,
8037,160.74,2.166,3.086,pose,50.932,56.374,49.203,55.388,3.0376,5.8228,1.1054,0.8718,0.6205,0.5391
8038,160.76,3.117,3.106,bbox,50.932,56.374,49.203,55.388,3.0399,5.8211,,,,
8039,160.78,3.092,3.106,bbox,50.932,56.374,49.203,55.388,3.0437,5.8204,,,,
8040,160.8,2.149,3.092,pose,50.932,56.374,49.203,55.388,3.0551,5.8212,0.9151,0.8701,0.5813,0.5711
8041,160.82,3.04,3.04,bbox,50.932,56.374,49.203,55.388,3.0647,5.8225,,,,
8042,160.84,3.008,3.04,bbox,50.964,56.374,49.203,55.388,3.0748,5.8226,,,,
8043,160.86,2.119,3.008,pose,50.964,56.374,49.203,55.388,3.079,5.8236,1.041,0.8657,0.6595,0.5972
8044,160.88,2.972,2.972,bbox,50.964,56.374,49.203,55.388,3.0797,5.8319,,,,
8045,160.9,2.962,2.972,bbox,50.964,56.374,49.203,55.388,3.0826,5.835,,,,
8046,160.92,2.12,2.962,pose,50.964,56.374,49.203,55.388,3.0925,5.8402,0.9766,0.8815,0.6903,0.6062
8047,160.94,2.948,2.948,bbox,50.964,56.374,49.203,55.388,3.1024,5.8453,,,,
8048,160.96,2.956,2.956,bbox,51.002,56.374,49.203,55.388,3.1109,5.8557,,,,
8049,160.98,2.136,2.948,pose,51.002,56.374,49.203,55.388,3.1183,5.8542,0.9315,0.9164,0.6899,0.5935
8050,161.0,2.958,2.948,bbox,51.002,56.374,49.203,55.388,3.1153,5.8372,,,,
8051,161.02,2.979,2.956,bbox,51.002,56.374,49.203,55.388,3.1098,5.8244,,,,
8052,161.04,2.213,2.956,pose,51.002,56.374,49.203,55.388,3.1064,5.8147,0.943,0.9437,0.6706,0.5608
8053,161.06,2.972,2.958,bbox,51.002,56.374,49.203,55.388,3.1089,5.7878,,,,
8054,161.08,3.0,2.972,bbox,51.002,56.374,49.233,55.388,3.1188,5.7965,,,,
8055,161.1,2.195,2.972,pose,51.002,56.374,49.233,55.388,3.1331,5.7991,0.9774,0.9722,0.6285,0.5358
8056,161.12,3.008,2.972,bbox,51.002,56.374,49.233,55.388,3.1323,5.799,,,,
8057,161.14,3.036,3.0,bbox,51.041,56.374,49.233,55.388,3.138,5.8033,,,,
8058,161.16,2.239,3.0,pose,51.041,56.374,49.233,55.388,3.1179,5.8085,0.985,0.9621,0.6005,0.5135
8059,161.18,5.162,3.008,bbox,51.041,56.374,49.233,55.388,2.0933,5.8022,,,,
8060,161.2,2.999,3.008,bbox,51.041,56.374,49.233,55.388,3.1502,5.7999,,,,
8061,161.22,2.137,2.999,pose,51.041,56.374,49.233,55.388,3.1799,5.7884,0.9799,0.1873,0.6013,0.2645
8062,161.24,2.885,2.885,bbox,51.041,56.374,49.233,55.388,3.2168,5.7725,,,,
8063,161.26,2.815,2.885,bbox,51.089,56.374,49.233,55.388,3.2353,5.7481,,,,
8064,161.28,2.015,2.815,pose,51.126,56.374,49.276,55.388,3.2938,5.7194,0.9209,0.5325,0.6048,0.3595
8065,161.3,2.626,2.626,bbox,51.126,56.374,49.276,55.388,3.3419,5.6637,,,,
8066,161.32,2.622,2.626,bbox,51.203,56.374,49.329,55.388,3.3729,5.6355,,,,
8067,161.34,2.669,2.626,bbox,51.251,56.374,49.384,55.388,3.4276,5.645,,0.1748,,0.3473
8068,161.36,4.346,2.626,bbox,51.282,56.374,49.384,55.388,3.4702,7.4185,,,,
8069,161.38,4.267,2.669,bbox,51.337,56.374,49.384,55.388,3.5334,7.4202,,,,
8070,161.4,2.503,2.669,bbox,51.379,56.374,49.384,55.388,3.5663,5.5982,,0.9078,,0.4325
8071,161.42,2.93,2.93,bbox,51.443,56.374,49.384,55.388,7.4221,5.6105,,,,
8072,161.44,,,,51.443,56.374,49.384,55.388,,,,,,
8073,161.46,,,,51.443,56.374,49.384,55.388,,,,,,
8074,161.48,,,,51.443,56.374,49.384,55.388,,,,,,
8075,161.5,,,,51.443,56.374,49.384,55.388,,,,,,
8076,161.52,,,,51.443,56.374,49.384,55.388,,,,,,
8077,161.54,,,,51.443,56.374,49.384,55.388,,,,,,
8078,161.56,,,,51.443,56.374,49.384,55.388,,,,,,
8079,161.58,,,,51.443,56.374,49.384,55.388,,,,,,
8080,161.6,,,,51.443,56.374,49.384,55.388,,,,,,
8081,161.62,,,,51.443,56.374,49.384,55.388,,,,,,
8082,161.64,,,,51.443,56.374,49.384,55.388,,,,,,
8083,161.66,,,,51.443,56.374,49.384,55.388,,,,,,
8084,161.68,,,,51.443,56.374,49.384,55.388,,,,,,
8085,161.7,4.104,4.104,pose,51.475,56.374,49.384,55.519,7.4274,6.1573,0.002,0.4628,1.7239,0.5717
8086,161.72,2.721,2.93,bbox,51.625,56.374,49.384,55.519,4.0508,6.228,,,,
8087,161.74,2.792,2.792,bbox,51.625,56.374,49.384,55.519,4.078,6.3151,,,,
8088,161.76,1.645,2.792,pose,51.625,56.374,49.384,55.59,4.0575,6.3741,1.0757,0.2477,0.4966,0.5708
8089,161.78,4.113,2.792,bbox,51.625,56.374,49.384,55.677,4.0266,7.4362,,,,
8090,161.8,4.144,2.792,bbox,51.625,56.374,49.384,55.736,3.9927,7.4379,,,,
8091,161.82,4.96,4.113,pose,51.625,56.374,49.384,55.886,3.9816,7.44,1.1442,0.0288,0.4812,1.8053
8092,161.84,4.109,4.113,bbox,51.625,56.432,49.384,55.886,3.9761,7.4424,,,,
8093,161.86,4.123,4.123,bbox,51.625,56.432,49.384,55.886,3.9647,7.443,,,,
8094,161.88,4.897,4.144,pose,51.625,56.432,49.384,55.886,3.9526,7.4435,1.2274,0.0078,0.5629,1.7866
8095,161.9,3.205,4.123,bbox,51.625,56.432,49.384,55.886,3.9316,6.7327,,,,
8096,161.92,4.133,4.123,bbox,51.625,56.473,49.384,55.886,3.9038,7.4443,,,,
8097,161.94,4.913,4.133,pose,51.625,56.473,49.384,55.886,3.8878,7.4445,1.2176,0.0277,0.587,1.7593
8098,161.96,3.345,4.133,bbox,51.625,56.521,49.384,55.886,3.861,6.8066,,,,
8099,161.98,3.433,3.433,bbox,51.625,56.521,49.527,55.886,3.8271,6.826,,,,
8100,162.0,4.206,4.133,bbox,51.625,56.564,49.527,56.036,3.793,7.4511,,0.0505,,1.8831
8101,162.02,4.249,4.206,bbox,51.625,56.598,49.527,56.036,3.7639,7.4501,,,,
8102,162.04,4.273,4.206,bbox,51.625,56.632,49.527,56.036,3.7323,7.455,,,,
8103,162.06,2.993,4.206,pose,51.625,56.632,49.527,56.036,3.7175,6.9583,1.074,0.2494,0.5437,0.6096
8104,162.08,4.303,4.249,bbox,51.625,56.693,49.527,56.036,3.7125,7.4575,,,,
8105,162.1,3.821,4.249,bbox,51.625,56.693,49.527,56.036,3.7128,7.0454,,,,
8106,162.12,3.057,3.821,pose,51.625,56.693,49.671,56.036,3.7098,7.1088,1.0594,0.5964,0.5437,0.593
8107,162.14,3.964,3.821,bbox,51.625,56.693,49.671,56.036,3.7111,7.1614,,,,
8108,162.16,4.028,3.964,bbox,51.625,56.693,49.671,56.088,3.7136,7.2288,,,,
8109,162.18,3.167,3.821,pose,51.625,56.693,49.671,56.088,3.7214,7.2987,1.0538,0.8466,0.5552,0.5755
8110,162.2,4.202,3.964,bbox,51.625,56.693,49.671,56.156,3.7306,7.3807,,,,
8111,162.22,4.276,4.028,bbox,51.625,56.693,49.671,56.226,3.7457,7.4538,,,,
8112,162.24,3.349,4.028,pose,51.625,56.693,49.671,56.308,3.7657,7.5489,1.0341,0.8986,0.5637,0.5268
8113,162.26,4.41,4.202,bbox,51.625,56.693,49.671,56.381,3.7869,7.6156,,,,
8114,162.28,4.543,4.276,bbox,51.659,56.693,49.671,56.476,3.8204,7.6863,,,,
8115,162.3,3.803,4.276,pose,51.659,56.693,49.671,56.543,3.8464,7.7271,0.9718,0.8176,0.6195,0.5039
8116,162.32,4.564,4.41,bbox,51.714,56.693,49.671,56.613,3.8714,7.7565,,,,
8117,162.34,4.564,4.543,bbox,51.714,56.693,49.671,56.654,3.9105,7.7872,,,,
8118,162.36,4.124,4.543,pose,51.765,56.693,49.671,56.654,3.9472,7.7827,0.8327,0.5602,0.645,0.4549
8119,162.38,4.414,4.414,bbox,51.804,56.693,49.671,56.71,3.9897,7.7986,,,,
8120,162.4,4.343,4.414,bbox,51.84,56.693,49.671,56.71,4.0399,7.8266,,,,
8121,162.42,4.066,4.343,pose,51.883,56.693,49.671,56.71,4.0746,7.8185,0.6733,0.4941,0.7202,0.5027
8122,162.44,4.161,4.161,bbox,51.933,56.693,49.671,56.745,4.1234,7.857,,,,
8123,162.46,4.07,4.161,bbox,51.968,56.693,49.671,56.745,4.1618,7.8613,,,,
8124,162.48,3.914,4.07,bbox,52.017,56.693,49.671,56.781,4.2057,7.8543,0.4727,,0.7864,
8125,162.5,2.039,4.066,bbox,52.055,56.693,49.671,56.781,7.4712,7.8455,,,,
8126,162.52,2.043,3.914,bbox,52.099,56.693,49.671,56.781,7.4677,7.8379,,,,
8127,162.54,3.597,3.597,pose,52.166,56.693,49.671,56.781,4.2727,7.8334,0.2644,0.5962,0.7821,0.5707
8128,162.56,,,,52.166,56.693,49.671,56.781,,,,,,
8129,162.58,,,,52.166,56.693,49.671,56.781,,,,,,
8130,162.6,3.436,3.436,pose,52.198,56.693,49.671,56.781,4.3048,7.7933,0.2165,0.658,0.7583,0.5852
8131,162.62,2.073,2.073,bbox,52.348,56.693,49.671,56.781,7.4149,7.76,,,,
8132,162.64,2.065,2.073,bbox,52.348,56.693,49.732,56.781,7.408,7.739,,,,
8133,162.66,3.931,3.436,pose,52.348,56.755,49.766,56.781,7.3523,7.6475,0.0789,0.7493,1.8265,0.6236
8134,162.68,3.486,3.436,bbox,52.348,56.755,49.766,56.781,4.2244,7.5761,,,,
8135,162.7,3.432,3.432,bbox,52.348,56.755,49.878,56.781,4.2024,7.522,,,,
8136,162.72,2.878,3.432,pose,52.348,56.905,49.949,56.781,4.1751,7.4829,0.527,0.7782,0.7649,0.6106
8137,162.74,3.388,3.432,bbox,52.348,56.905,50.004,56.781,4.1826,7.4462,,,,
8138,162.76,3.35,3.388,bbox,52.348,56.905,50.043,56.781,4.1964,7.41,,,,
8139,162.78,2.619,3.35,pose,52.348,56.905,50.079,56.781,4.2065,7.3724,0.8072,0.8093,0.7467,0.5802
8140,162.8,3.337,3.337,bbox,52.348,56.905,50.116,56.781,4.2105,7.3402,,,,
8141,162.82,3.37,3.35,bbox,52.348,56.905,50.153,56.781,4.2092,7.3093,,,,
8142,162.84,2.506,3.337,pose,52.348,56.905,50.185,56.781,4.2038,7.282,0.954,0.8358,0.7075,0.5361
8143,162.86,3.351,3.337,bbox,52.348,56.905,50.216,56.781,4.1948,7.2514,,,,
8144,162.88,3.344,3.344,bbox,52.348,56.905,50.216,56.781,4.1847,7.2246,,,,
8145,162.9,2.459,3.344,pose,52.348,56.905,50.274,56.781,4.191,7.2103,1.0003,0.8208,0.6708,0.5516
8146,162.92,3.299,3.299,bbox,52.348,56.938,50.274,56.781,4.1915,7.205,,,,
8147,162.94,3.266,3.299,bbox,52.348,56.938,50.315,56.781,4.1865,7.1942,,,,
8148,162.96,2.383,3.266,pose,52.348,56.938,50.315,56.781,4.1793,7.1852,1.009,0.7889,0.6493,0.5928
8149,162.98,3.205,3.205,bbox,52.348,56.938,50.315,56.781,4.1691,7.1643,,,,
8150,163.0,3.174,3.205,bbox,52.348,56.938,50.315,56.781,4.1658,7.144,,,,
8151,163.02,2.345,3.174,pose,52.348,56.938,50.361,56.781,4.1619,7.1295,0.9802,0.7326,0.6681,0.634
8152,163.04,3.123,3.123,bbox,52.348,56.938,50.361,56.781,4.1629,7.115,,,,
8153,163.06,3.099,3.123,bbox,52.348,56.938,50.396,56.781,4.1684,7.0997,,,,
8154,163.08,2.354,3.099,pose,52.348,56.938,50.396,56.781,4.1647,7.085,0.8683,0.6636,0.7016,0.6448
8155,163.1,3.068,3.068,bbox,52.348,56.938,50.396,56.781,4.1612,7.0651,,,,
8156,163.12,3.033,3.068,bbox,52.348,56.938,50.441,56.781,4.1727,7.0533,,,,
8157,163.14,2.381,3.033,pose,52.348,56.938,50.441,56.781,4.3027,7.0463,0.7281,0.5878,0.7409,0.618
8158,163.16,2.858,2.858,bbox,52.348,56.938,50.472,56.781,4.3366,7.0394,,,,
8159,163.18,2.81,2.858,bbox,52.459,56.938,50.472,56.781,4.3627,7.0304,,,,
8160,163.2,2.372,2.81,pose,52.493,56.938,50.472,56.781,4.3843,7.0219,0.6123,0.563,0.7312,0.5958
8161,163.22,2.774,2.774,bbox,52.493,56.938,50.472,56.781,4.3839,7.0165,,,,
8162,163.24,2.774,2.774,bbox,52.493,56.938,50.504,56.781,4.3575,6.9704,,,,
8163,163.26,2.363,2.774,pose,52.493,56.938,50.504,56.781,4.3412,6.9263,0.6246,0.5917,0.7172,0.5536
8164,163.28,2.76,2.76,bbox,52.493,56.938,50.555,56.781,4.3223,6.9048,,,,
8165,163.3,2.759,2.76,bbox,52.493,56.938,50.599,56.781,4.3196,6.8892,,,,
8166,163.32,2.224,2.759,pose,52.493,56.938,50.599,56.781,4.3228,6.8803,0.6863,0.6479,0.6847,0.5341
8167,163.34,2.713,2.713,bbox,52.493,56.938,50.636,56.781,4.316,6.8471,,,,
8168,163.36,2.676,2.713,bbox,52.493,56.938,50.636,56.781,4.3017,6.7889,,,,
8169,163.38,1.903,2.676,pose,52.493,56.938,50.678,56.781,4.307,6.7364,0.8451,0.7845,0.6877,0.5432
8170,163.4,2.612,2.612,bbox,52.493,56.938,50.737,56.781,4.3105,6.6923,,,,
8171,163.42,2.583,2.612,bbox,52.493,56.938,50.789,56.781,4.3122,6.6589,,,,
8172,163.44,1.704,2.583,pose,52.493,56.938,50.833,56.781,4.3035,6.6306,0.9431,0.8496,0.6636,0.5271
8173,163.46,2.601,2.583,bbox,52.493,56.938,50.867,56.781,4.2947,6.6051,,,,
8174,163.48,2.612,2.601,bbox,52.493,56.971,50.867,56.781,4.2865,6.5755,,,,
8175,163.5,1.73,2.583,pose,52.493,56.971,50.92,56.781,4.2762,6.5578,0.9104,0.8941,0.5924,0.5041
8176,163.52,2.666,2.601,bbox,52.493,56.971,50.92,56.781,4.2793,6.5436,,,,
8177,163.54,2.679,2.612,bbox,52.493,56.971,50.968,56.781,4.3074,6.5166,,,,
8178,163.56,1.799,2.612,pose,52.493,56.971,50.968,56.781,4.3634,6.4878,0.7276,0.9346,0.4774,0.4401
8179,163.58,2.634,2.634,bbox,52.493,56.971,51.009,56.781,4.4131,6.4335,,,,
8180,163.6,2.614,2.634,bbox,52.553,56.971,51.009,56.781,4.4354,6.3695,,,,
8181,163.62,1.915,2.614,pose,52.603,56.971,51.092,56.781,4.4643,6.3164,0.4635,0.8268,0.3237,0.3458
8182,163.64,2.397,2.397,bbox,52.603,56.971,51.156,56.781,4.5046,6.2681,,,,
8183,163.66,2.31,2.397,bbox,52.654,56.971,51.209,56.781,4.521,6.1995,,,,
8184,163.68,2.197,2.31,bbox,52.694,56.971,51.258,56.781,4.5665,6.1495,,1.1427,,0.3995
8185,163.7,2.351,2.31,bbox,52.694,56.971,51.326,56.781,7.1346,6.095,,,,
8186,163.72,2.377,2.351,bbox,52.756,56.971,51.376,56.781,7.1371,6.0567,,,,
8187,163.74,3.269,2.351,pose,52.906,56.971,51.431,56.781,7.1413,6.0175,0.2285,0.9636,1.4347,0.44
8188,163.76,2.381,2.377,bbox,52.906,56.971,51.469,56.781,7.1515,6.0058,,,,
8189,163.78,2.374,2.377,bbox,52.906,56.971,51.508,56.781,7.1645,6.0097,,,,
8190,163.8,3.364,2.381,pose,52.906,56.971,51.508,56.781,7.1775,5.9976,0.2757,0.8537,1.5512,0.4874
8191,163.82,2.394,2.394,bbox,52.906,56.971,51.508,56.781,7.1857,5.9344,,,,
8192,163.84,2.248,2.381,bbox,52.906,56.971,51.508,56.781,4.3248,5.9301,,,,
8193,163.86,2.19,2.374,bbox,52.906,56.971,51.591,56.781,4.4716,5.9313,,0.8322,,0.5026
8194,163.88,2.228,2.248,bbox,52.906,57.091,51.591,56.781,4.4482,5.94,,,,
8195,163.9,2.535,2.248,bbox,52.906,57.091,51.591,56.781,4.2397,5.9641,,,,
8196,163.92,1.205,2.228,pose,52.906,57.238,51.591,56.781,4.1987,6.0186,0.3866,0.8529,0.2674,0.5451
8197,163.94,2.471,2.228,bbox,53.03,57.238,51.591,56.781,7.3268,5.9857,,,,
8198,163.96,2.473,2.471,bbox,53.03,57.388,51.591,56.781,4.2107,5.9338,,,,
8199,163.98,,,,53.03,57.388,51.591,56.781,,,,,,
8200,164.0,,,,53.03,57.388,51.591,56.781,,,,,,
8201,164.02,,,,53.03,57.388,51.591,56.781,,,,,,
8202,164.04,,,,53.03,57.388,51.591,56.781,,,,,,
8203,164.06,,,,53.03,57.388,51.591,56.781,,,,,,
8204,164.08,,,,53.03,57.388,51.591,56.781,,,,,,
8205,164.1,,,,53.03,57.388,51.591,56.781,,,,,,
8206,164.12,,,,53.03,57.388,51.591,56.781,,,,,,
8207,164.14,,,,53.03,57.388,51.591,56.781,,,,,,
8208,164.16,,,,53.03,57.388,51.591,56.781,,,,,,
8209,164.18,,,,53.03,57.388,51.591,56.781,,,,,,
8210,164.2,,,,53.03,57.388,51.591,56.781,,,,,,
8211,164.22,,,,53.03,57.388,51.591,56.781,,,,,,
8212,164.24,,,,53.03,57.388,51.591,56.781,,,,,,
8213,164.26,,,,53.03,57.388,51.591,56.781,,,,,,
8214,164.28,,,,53.03,57.388,51.591,56.781,,,,,,
8215,164.3,,,,53.03,57.388,51.591,56.781,,,,,,
8216,164.32,,,,53.03,57.388,51.591,56.781,,,,,,
8217,164.34,,,,53.03,57.388,51.591,56.781,,,,,,
8218,164.36,,,,53.03,57.388,51.591,56.781,,,,,,
8219,164.38,2.914,2.473,bbox,53.03,57.388,51.591,56.833,3.8236,6.3278,,,,
8220,164.4,2.629,2.473,bbox,53.03,57.388,51.591,56.866,7.9017,6.3289,0.0755,,0.9874,
8221,164.42,2.622,2.622,bbox,53.151,57.388,51.591,57.016,7.9116,6.3302,,,,
8222,164.44,2.62,2.622,bbox,53.301,57.388,51.591,57.016,7.9187,6.328,,,,
8223,164.46,3.175,2.629,pose,53.301,57.388,51.591,57.016,7.9279,6.3185,0.1644,0.8787,0.9572,0.5067
8224,164.48,2.615,2.622,bbox,53.301,57.388,51.591,57.016,7.9356,6.3175,,,,
8225,164.5,2.587,2.62,bbox,53.301,57.388,51.591,57.016,7.9455,6.3141,,,,
8226,164.52,3.312,2.62,pose,53.335,57.388,51.591,57.016,7.9491,6.3041,0.0578,0.8452,1.1772,0.5361
8227,164.54,2.594,2.615,bbox,53.335,57.388,51.591,57.016,7.9548,6.2947,,,,
8228,164.56,2.594,2.594,bbox,53.335,57.388,51.591,57.016,7.9583,6.287,,,,
8229,164.58,2.518,2.594,pose,53.335,57.388,51.624,57.016,3.3227,6.2445,0.7946,0.7362,0.6714,0.5779
8230,164.6,3.288,2.594,bbox,53.335,57.388,51.624,57.016,3.2316,6.236,,,,
8231,164.62,3.316,2.594,bbox,53.335,57.525,51.674,57.016,3.1723,6.2193,,,,
8232,164.64,2.642,2.642,pose,53.335,57.616,51.674,57.016,3.0891,6.1703,0.994,0.58,0.6611,0.6109
8233,164.66,4.862,3.288,bbox,53.335,57.675,51.674,57.016,3.0568,7.9716,,,,
8234,164.68,4.889,3.316,bbox,53.335,57.758,51.674,57.016,3.0455,7.9706,,,,
8235,164.7,5.082,4.862,pose,53.335,57.791,51.674,57.157,3.0331,7.9725,0.7945,0.0309,0.5878,1.016
8236,164.72,4.935,4.889,bbox,53.335,57.791,51.674,57.157,3.0245,7.9744,,,,
8237,164.74,4.938,4.935,bbox,53.335,57.791,51.674,57.157,3.0115,7.9748,,,,
8238,164.76,5.153,4.938,pose,53.335,57.823,51.674,57.157,2.9929,7.9747,0.5388,0.0241,0.577,0.8314
8239,164.78,4.971,4.971,bbox,53.335,57.823,51.674,57.157,2.9819,7.9747,,,,
8240,164.8,4.974,4.971,bbox,53.335,57.855,51.674,57.157,2.9688,7.9747,,,,
8241,164.82,5.427,4.974,pose,53.335,57.855,51.674,57.157,2.9467,7.974,0.4881,0.0247,0.6116,1.1334
8242,164.84,4.942,4.974,bbox,53.335,57.855,51.674,57.157,2.9444,7.9731,,,,
8243,164.86,4.906,4.971,bbox,53.335,57.898,51.674,57.157,2.9492,7.972,,,,
8244,164.88,5.4,4.974,pose,53.335,57.898,51.674,57.157,2.953,7.9715,0.5049,0.0602,0.6108,1.0988
8245,164.9,4.894,4.942,bbox,53.335,57.898,51.674,57.157,2.947,7.9711,,,,
8246,164.92,4.878,4.906,bbox,53.335,57.898,51.674,57.157,2.9617,7.9709,,,,
8247,164.94,5.447,4.906,pose,53.335,57.898,51.674,57.157,2.9635,7.9696,0.5843,0.081,0.6297,1.2503
8248,164.96,4.852,4.894,bbox,53.335,57.898,51.674,57.157,2.9681,7.9692,,,,
8249,164.98,4.835,4.878,bbox,53.335,57.898,51.674,57.157,2.9762,7.9696,,,,
8250,165.0,5.197,4.878,pose,53.335,57.898,51.674,57.157,2.9885,7.9683,0.7045,0.0659,0.6749,1.2792
8251,165.02,4.814,4.852,bbox,53.335,57.898,51.674,57.157,2.9966,7.967,,,,
8252,165.04,4.832,4.835,bbox,53.374,57.898,51.674,57.157,2.999,7.9659,,,,
8253,165.06,4.868,4.835,pose,53.374,57.898,51.674,57.157,3.006,7.9645,0.8682,0.1396,0.6724,0.5399
8254,165.08,4.833,4.833,bbox,53.374,57.898,51.674,57.157,3.0218,7.9628,,,,
8255,165.1,4.856,4.833,bbox,53.374,57.898,51.674,57.157,3.0335,7.9601,,,,
8256,165.12,4.737,4.833,pose,53.407,57.898,51.674,57.157,3.0452,7.9577,0.9845,0.0307,0.6315,0.471
8257,165.14,4.864,4.856,bbox,53.407,57.898,51.674,57.157,3.0352,7.9558,,,,
8258,165.16,3.049,4.833,bbox,53.407,57.898,51.674,57.157,3.0387,5.8576,,,,
8259,165.18,2.419,4.737,pose,53.407,57.898,51.674,57.157,3.0424,5.8715,0.983,0.5316,0.5862,0.6544
8260,165.2,3.055,3.055,bbox,53.407,57.898,51.839,57.157,3.0624,5.8714,,,,
8261,165.22,3.067,3.055,bbox,53.407,57.898,51.839,57.157,3.0752,5.8813,,,,
8262,165.24,2.426,3.049,pose,53.448,57.898,51.839,57.157,3.0712,5.8828,1.0116,0.5403,0.574,0.656
8263,165.26,4.92,3.055,bbox,53.448,57.898,51.839,57.157,3.0744,7.9248,,,,
8264,165.28,4.903,3.067,bbox,53.448,57.898,51.839,57.157,3.0845,7.9194,,,,
8265,165.3,5.244,4.903,pose,53.448,57.898,51.839,57.318,3.0926,7.9124,0.9738,0.0018,0.5923,1.5495
8266,165.32,4.869,4.903,bbox,53.448,57.898,51.839,57.318,3.0907,7.9052,,,,
8267,165.34,3.083,4.903,bbox,53.448,57.898,51.839,57.318,3.094,5.9634,,,,
8268,165.36,2.372,4.869,pose,53.478,57.898,51.839,57.318,3.093,5.9754,0.9468,0.5331,0.6444,0.6566
8269,165.38,3.06,3.083,bbox,53.478,57.898,51.996,57.318,3.0974,5.9863,,,,
8270,165.4,4.733,3.083,bbox,53.478,57.898,51.996,57.318,3.115,7.8688,,,,
8271,165.42,5.177,3.083,pose,53.478,57.898,51.996,57.318,3.1229,7.8598,0.8775,0.059,0.7044,1.7256
8272,165.44,4.65,4.65,bbox,53.478,57.898,51.996,57.468,3.1412,7.8507,,,,
8273,165.46,4.604,4.65,bbox,53.508,57.898,51.996,57.468,3.1667,7.8389,,,,
8274,165.48,5.036,4.733,pose,53.508,57.898,51.996,57.468,3.1772,7.8279,0.7763,0.0101,0.7442,1.6257
8275,165.5,4.535,4.65,bbox,53.552,57.898,51.996,57.468,3.2019,7.8176,,,,
8276,165.52,4.501,4.604,bbox,53.552,57.898,51.996,57.468,3.2138,7.8076,,,,
8277,165.54,3.927,4.535,pose,53.587,57.898,52.029,57.468,6.0854,7.7989,0.3891,0.0233,0.6756,1.833
8278,165.56,2.513,4.501,bbox,53.587,57.898,52.029,57.468,6.0959,7.788,,,,
8279,165.58,2.5,3.927,bbox,53.749,57.898,52.029,57.468,6.1026,7.7746,,,,
8280,165.6,3.814,3.814,pose,53.749,57.898,52.029,57.468,6.1057,7.7646,0.3926,0.0002,0.6795,1.62
8281,165.62,2.49,2.513,bbox,53.749,57.898,52.073,57.468,6.11,7.75,,,,
8282,165.64,2.48,2.5,bbox,53.749,57.898,52.073,57.468,6.1184,7.7378,,,,
8283,165.66,5.004,2.5,pose,53.749,57.898,52.073,57.468,3.2822,7.7255,0.5796,0.0434,0.7638,1.6355
8284,165.68,4.336,3.814,bbox,53.749,57.898,52.109,57.468,3.2824,7.7159,,,,
8285,165.7,4.321,4.321,bbox,53.749,58.028,52.109,57.468,3.2903,7.7094,,,,
8286,165.72,4.505,4.336,pose,53.749,58.028,52.109,57.468,3.2948,7.7009,0.5453,0.054,0.7782,1.0091
8287,165.74,4.313,4.336,bbox,53.749,58.028,52.109,57.468,3.2867,7.6929,,,,
8288,165.76,4.323,4.323,bbox,53.749,58.028,52.146,57.468,3.2796,7.6829,,,,
8289,165.78,2.427,4.321,pose,53.749,58.028,52.146,57.468,3.2755,6.1795,0.5657,0.385,0.7649,0.6738
8290,165.8,2.99,4.313,bbox,53.749,58.028,52.146,57.468,3.2741,6.1875,,,,
8291,165.82,2.998,2.998,bbox,53.749,58.028,52.314,57.468,3.2722,6.1883,,,,
8292,165.84,2.433,2.99,pose,53.749,58.028,52.314,57.468,3.269,6.1922,0.5543,0.3875,0.7561,0.6688
8293,165.86,4.277,2.99,bbox,53.749,58.028,52.314,57.468,3.2677,7.6236,,,,
8294,165.88,4.263,2.998,bbox,53.749,58.028,52.314,57.468,3.2708,7.605,,,,
8295,165.9,4.741,4.263,pose,53.749,58.028,52.314,57.622,3.273,7.5727,0.5419,0.0158,0.7928,1.6327
8296,165.92,4.199,4.263,bbox,53.749,58.028,52.314,57.622,3.2719,7.5457,,,,
8297,165.94,4.189,4.263,bbox,53.749,58.028,52.314,57.622,3.2728,7.5309,,,,
8298,165.96,4.938,4.263,pose,53.749,58.028,52.314,57.622,3.2718,7.5206,0.5445,0.0468,0.7995,1.6693
8299,165.98,4.153,4.199,bbox,53.749,58.028,52.356,57.622,3.2698,7.5143,,,,
8300,166.0,4.155,4.189,bbox,53.749,58.028,52.356,57.622,3.2701,7.5186,,,,
8301,166.02,4.912,4.189,pose,53.749,58.028,52.356,57.622,3.2713,7.5204,0.5493,0.0809,0.7793,1.5583
8302,166.04,4.17,4.17,bbox,53.749,58.028,52.356,57.622,3.268,7.5337,,,,
8303,166.06,4.178,4.17,bbox,53.749,58.028,52.356,57.622,3.2651,7.5484,,,,
8304,166.08,4.753,4.178,pose,53.749,58.028,52.356,57.622,3.2596,7.555,0.551,0.0137,0.7904,1.5619
8305,166.1,4.143,4.178,bbox,53.749,58.028,52.356,57.622,3.2531,7.5632,,,,
8306,166.12,4.144,4.17,bbox,53.749,58.059,52.356,57.622,3.25,7.5735,,,,
8307,166.14,4.263,4.178,pose,53.749,58.059,52.356,57.654,3.2451,7.5902,0.5253,0.0429,0.7747,0.9692
8308,166.16,4.127,4.144,bbox,53.749,58.059,52.356,57.654,3.2383,7.595,,,,
8309,166.18,4.102,4.143,bbox,53.749,58.059,52.356,57.654,3.2314,7.5997,,,,
8310,166.2,4.139,4.139,pose,53.749,58.059,52.356,57.686,3.2254,7.6091,0.481,0.0479,0.7986,1.0253
8311,166.22,4.095,4.127,bbox,53.749,58.059,52.356,57.686,3.2187,7.624,,,,
8312,166.24,4.102,4.102,bbox,53.749,58.093,52.356,57.686,3.2136,7.6394,,,,
8313,166.26,4.396,4.102,pose,53.749,58.093,52.356,57.686,3.2094,7.6481,0.4635,0.0129,0.8129,1.1999
8314,166.28,4.097,4.102,bbox,53.749,58.093,52.356,57.731,3.2061,7.6563,,,,
8315,166.3,4.096,4.097,bbox,53.749,58.093,52.356,57.731,3.2052,7.6649,,,,
8316,166.32,4.613,4.102,pose,53.749,58.093,52.356,57.731,3.201,7.6741,0.4612,0.0012,0.7976,1.4298
8317,166.34,4.127,4.127,bbox,53.749,58.093,52.356,57.731,3.1934,7.6888,,,,
8318,166.36,4.143,4.127,bbox,53.749,58.093,52.356,57.765,3.1894,7.6985,,,,
8319,166.38,4.734,4.143,pose,53.749,58.125,52.356,57.765,3.1888,7.7073,0.4657,0.046,0.7697,1.7121
8320,166.4,4.182,4.182,bbox,53.749,58.125,52.356,57.765,3.1871,7.7133,,,,
8321,166.42,4.201,4.182,bbox,53.749,58.125,52.356,57.799,3.1876,7.7224,,,,
8322,166.44,4.761,4.201,pose,53.749,58.125,52.356,57.799,3.1858,7.7292,0.4598,0.0849,0.7987,1.7576
8323,166.46,4.21,4.21,bbox,53.749,58.125,52.356,57.799,3.1853,7.7387,,,,
8324,166.48,4.207,4.207,bbox,53.749,58.125,52.356,57.799,3.1844,7.7433,,,,
8325,166.5,4.572,4.21,pose,53.749,58.125,52.356,57.83,3.1828,7.749,0.4567,0.0614,0.8052,1.4455
8326,166.52,4.218,4.218,bbox,53.749,58.125,52.356,57.83,3.1823,7.7525,,,,
8327,166.54,4.219,4.218,bbox,53.749,58.125,52.356,57.83,3.1809,7.7569,,,,
8328,166.56,3.387,4.218,pose,53.749,58.125,52.356,57.83,6.134,7.7605,0.4015,0.0602,0.684,1.4574
8329,166.58,2.374,4.218,bbox,53.749,58.125,52.356,57.83,6.1366,7.7625,,,,
8330,166.6,2.378,3.387,bbox,53.889,58.125,52.356,57.83,6.1397,7.7648,,,,
8331,166.62,3.306,3.306,pose,53.889,58.125,52.356,57.83,6.1395,7.7673,0.4014,0.1781,0.6963,1.4395
8332,166.64,4.224,3.306,bbox,53.889,58.125,52.356,57.83,3.1757,7.7707,,,,
8333,166.66,4.233,3.306,bbox,53.889,58.125,52.356,57.83,3.1764,7.779,,,,
8334,166.68,4.432,4.224,pose,53.889,58.272,52.356,57.862,3.1784,7.7822,0.4527,0.1628,0.7863,1.477
8335,166.7,4.219,4.224,bbox,53.889,58.272,52.356,57.862,3.1821,7.7783,,,,
8336,166.72,4.224,4.224,bbox,53.889,58.272,52.356,57.862,3.1829,7.7787,,,,
8337,166.74,4.383,4.233,pose,53.889,58.272,52.356,57.862,3.1858,7.781,0.4519,0.0655,0.7864,1.4279
8338,166.76,4.223,4.224,bbox,53.889,58.272,52.356,57.862,3.188,7.7793,,,,
8339,166.78,2.366,4.223,bbox,53.889,58.272,52.356,57.862,6.2639,7.7742,,,,
8340,166.8,3.068,4.223,pose,53.889,58.272,52.356,57.862,6.257,7.7708,0.3799,0.2969,0.6736,1.3661
8341,166.82,4.223,4.223,bbox,53.932,58.272,52.356,57.862,3.2221,7.7709,,,,
8342,166.84,4.22,4.22,bbox,53.932,58.272,52.356,57.862,3.2332,7.7659,,,,
8343,166.86,4.193,4.193,pose,53.932,58.272,52.356,57.862,3.2406,7.7608,0.4993,0.3353,0.7993,1.2758
8344,166.88,4.198,4.198,bbox,53.932,58.272,52.356,57.862,3.2489,7.7593,,,,
8345,166.9,4.193,4.198,bbox,53.932,58.272,52.356,57.862,3.2547,7.7529,,,,
8346,166.92,4.299,4.198,pose,53.932,58.272,52.356,57.862,3.2571,7.7472,0.5231,0.2238,0.8016,1.4172
8347,166.94,4.188,4.193,bbox,53.965,58.272,52.356,57.862,3.2647,7.742,,,,
8348,166.96,4.187,4.193,bbox,53.965,58.272,52.356,57.862,3.2706,7.7378,,,,
8349,166.98,4.083,4.188,pose,53.965,58.272,52.356,57.862,3.2729,7.7312,0.5162,0.3128,0.8097,1.1726
8350,167.0,4.178,4.187,bbox,53.965,58.272,52.389,57.862,3.2738,7.726,,,,
8351,167.02,4.163,4.178,bbox,53.965,58.272,52.389,57.862,3.275,7.7192,,,,
8352,167.04,4.156,4.163,pose,53.965,58.272,52.389,57.862,3.272,7.7135,0.534,0.3287,0.795,1.2376
8353,167.06,4.158,4.158,bbox,53.965,58.272,52.389,57.862,3.272,7.709,,,,
8354,167.08,4.149,4.158,bbox,53.965,58.272,52.389,57.862,3.273,7.702,,,,
8355,167.1,4.161,4.158,pose,53.965,58.272,52.389,57.862,3.2718,7.6854,0.5318,0.3039,0.8026,1.2567
8356,167.12,4.098,4.156,bbox,53.965,58.272,52.425,57.862,3.272,7.665,,,,
8357,167.14,4.104,4.149,bbox,53.965,58.272,52.425,57.862,3.2705,7.6488,,,,
8358,167.16,4.054,4.104,pose,53.965,58.272,52.462,57.862,3.2722,7.6326,0.5156,0.2978,0.8064,1.1931
8359,167.18,4.067,4.098,bbox,53.965,58.272,52.462,57.862,3.2737,7.619,,,,
8360,167.2,4.052,4.067,bbox,53.965,58.272,52.494,57.862,3.2749,7.6075,,,,
8361,167.22,3.937,4.054,pose,53.965,58.272,52.494,57.862,3.274,7.5918,0.5278,0.3707,0.7937,1.1523
8362,167.24,3.998,4.052,bbox,53.965,58.272,52.494,57.862,3.2767,7.5814,,,,
8363,167.26,3.976,3.998,bbox,53.965,58.272,52.535,57.862,3.2804,7.5697,,,,
8364,167.28,3.895,3.976,pose,53.965,58.272,52.535,57.862,3.2848,7.561,0.5299,0.3603,0.7852,1.1487
8365,167.3,3.924,3.937,bbox,53.965,58.272,52.535,57.862,3.2914,7.5499,,,,
8366,167.32,3.902,3.924,bbox,53.995,58.272,52.566,57.862,3.3002,7.5437,,,,
8367,167.34,3.893,3.902,pose,53.995,58.272,52.566,57.862,3.3127,7.5343,0.5142,0.3487,0.8014,1.2072
8368,167.36,3.867,3.895,bbox,53.995,58.272,52.566,57.862,3.3223,7.5242,,,,
8369,167.38,3.837,3.893,bbox,53.995,58.272,52.566,57.862,3.3311,7.5082,,,,
8370,167.4,3.901,3.893,pose,54.032,58.272,52.602,57.862,3.3385,7.494,0.4974,0.2597,0.8051,1.2578
8371,167.42,3.792,3.867,bbox,54.032,58.272,52.602,57.862,3.3453,7.4808,,,,
8372,167.44,3.782,3.837,bbox,54.032,58.272,52.633,57.862,3.3565,7.4714,,,,
8373,167.46,3.808,3.808,pose,54.032,58.272,52.633,57.862,3.3633,7.4606,0.5052,0.2714,0.7811,1.1981
8374,167.48,3.767,3.792,bbox,54.067,58.272,52.633,57.862,3.3688,7.4553,,,,
8375,167.5,3.763,3.782,bbox,54.067,58.272,52.666,57.862,3.3757,7.4491,,,,
8376,167.52,3.802,3.782,pose,54.067,58.272,52.666,57.862,3.3797,7.4413,0.4704,0.3212,0.7771,1.1857
8377,167.54,3.76,3.767,bbox,54.067,58.272,52.666,57.862,3.3867,7.4343,,,,
8378,167.56,3.76,3.763,bbox,54.067,58.272,52.666,57.862,3.394,7.4398,,,,
8379,167.58,3.739,3.76,pose,54.097,58.272,52.666,57.862,3.3944,7.4347,0.4501,0.3806,0.7449,1.1409
8380,167.6,3.756,3.76,bbox,54.097,58.272,52.666,57.862,3.4002,7.42,,,,
8381,167.62,3.741,3.756,bbox,54.097,58.272,52.666,57.862,3.407,7.4035,,,,
8382,167.64,3.615,3.741,pose,54.097,58.272,52.707,57.862,3.4125,7.3922,0.4251,0.5229,0.721,1.0753
8383,167.66,3.717,3.739,bbox,54.097,58.272,52.707,57.862,3.4227,7.3818,,,,
8384,167.68,3.692,3.717,bbox,54.097,58.272,52.707,57.862,3.4317,7.3705,,,,
8385,167.7,3.701,3.701,pose,54.133,58.272,52.745,57.862,3.4399,7.3586,0.3659,0.1779,0.7308,1.0638
8386,167.72,3.651,3.692,bbox,54.133,58.272,52.745,57.862,3.4519,7.3428,,,,
8387,167.74,3.632,3.692,bbox,54.133,58.272,52.745,57.862,3.4642,7.3275,,,,
8388,167.76,3.631,3.651,pose,54.133,58.272,52.784,57.862,3.4737,7.3011,0.3424,0.2702,0.7363,1.1197
8389,167.78,3.587,3.632,bbox,54.174,58.272,52.784,57.862,3.4821,7.2828,,,,
8390,167.8,3.589,3.631,bbox,54.174,58.272,52.826,57.862,3.4888,7.2527,,,,
8391,167.82,3.713,3.631,pose,54.174,58.272,52.826,57.862,3.492,7.2317,0.2861,0.2866,0.7539,1.1751
8392,167.84,3.549,3.589,bbox,54.174,58.272,52.874,57.862,3.4978,7.199,,,,
8393,167.86,3.511,3.587,bbox,54.174,58.272,52.874,57.862,3.5054,7.1701,,,,
8394,167.88,3.451,3.549,pose,54.208,58.272,52.928,57.862,3.5082,7.1379,0.2293,0.8099,0.7563,1.1813
8395,167.9,3.484,3.511,bbox,54.208,58.272,52.928,57.862,3.5096,7.1178,,,,
8396,167.92,3.468,3.484,bbox,54.208,58.272,52.989,57.862,3.5108,7.0884,,,,
8397,167.94,3.557,3.484,pose,54.208,58.272,52.989,57.862,3.5121,7.0546,0.1596,0.7071,0.7341,1.1557
8398,167.96,3.446,3.468,bbox,54.208,58.272,53.038,57.862,3.5127,7.0265,,,,
8399,167.98,3.427,3.468,bbox,54.208,58.272,53.072,57.862,3.5135,7.0003,,,,
8400,168.0,2.704,3.446,pose,54.208,58.272,53.072,57.862,3.5146,6.1863,0.0627,0.3577,0.7728,0.7005
8401,168.02,2.964,3.427,bbox,54.208,58.272,53.126,57.862,3.5149,6.1878,,,,
8402,168.04,2.974,2.974,bbox,54.208,58.272,53.276,57.862,3.513,6.191,,,,
8403,168.06,2.697,2.964,pose,54.208,58.272,53.276,57.862,3.5135,6.1964,0.0675,0.356,0.7342,0.6724
8404,168.08,2.972,2.964,bbox,54.208,58.272,53.276,57.862,3.5162,6.1915,,,,
8405,168.1,2.975,2.972,bbox,54.208,58.272,53.276,57.862,3.5171,6.187,,,,
8406,168.12,2.704,2.972,pose,54.208,58.272,53.276,57.862,3.519,6.1702,0.0822,0.3587,0.7507,0.6946
8407,168.14,2.957,2.957,bbox,54.208,58.272,53.276,57.862,3.5155,6.1598,,,,
8408,168.16,2.958,2.958,bbox,54.208,58.272,53.276,57.862,3.5134,6.163,,,,
8409,168.18,2.695,2.957,pose,54.208,58.272,53.276,57.862,3.5135,6.1659,0.072,0.351,0.7659,0.6943
8410,168.2,2.958,2.957,bbox,54.208,58.272,53.276,57.862,3.5067,6.1675,,,,
8411,168.22,2.946,2.957,bbox,54.208,58.272,53.276,57.862,3.5062,6.1669,,,,
8412,168.24,2.69,2.946,pose,54.208,58.272,53.276,57.862,3.5069,6.1823,0.0425,0.359,0.7599,0.7087
8413,168.26,2.98,2.946,bbox,54.208,58.272,53.276,57.862,3.4965,6.1717,,,,
8414,168.28,2.96,2.958,bbox,54.208,58.272,53.276,57.862,3.4934,6.1515,,,,
8415,168.3,2.7,2.946,pose,54.208,58.272,53.276,57.862,3.4905,6.1515,0.0376,0.3658,0.7295,0.7031
8416,168.32,2.961,2.96,bbox,54.208,58.272,53.316,57.862,3.4886,6.1476,,,,
8417,168.34,2.958,2.96,bbox,54.208,58.272,53.316,57.862,3.4888,6.1454,,,,
8418,168.36,2.697,2.958,pose,54.208,58.272,53.316,57.862,3.4861,6.1456,0.0549,0.3556,0.729,0.7014
8419,168.38,2.961,2.958,bbox,54.208,58.272,53.316,57.862,3.4816,6.145,,,,
8420,168.4,2.968,2.961,bbox,54.208,58.272,53.316,57.862,3.4754,6.1434,,,,
8421,168.42,2.685,2.958,pose,54.208,58.272,53.316,57.862,3.4696,6.1419,0.0637,0.3573,0.7103,0.7185
8422,168.44,2.948,2.948,bbox,54.208,58.272,53.316,57.862,3.4629,6.1436,,,,
8423,168.46,2.939,2.948,bbox,54.208,58.272,53.316,57.862,3.4588,6.1417,,,,
8424,168.48,2.675,2.939,pose,54.208,58.307,53.316,57.862,3.4565,6.141,0.043,0.3594,0.6787,0.6882
8425,168.5,2.932,2.932,bbox,54.208,58.307,53.316,57.862,3.4545,6.1393,,,,
8426,168.52,2.944,2.939,bbox,54.208,58.307,53.316,57.862,3.4502,6.1512,,,,
8427,168.54,2.642,2.932,pose,54.208,58.307,53.316,57.862,3.4452,6.1547,0.2247,0.3545,0.7367,0.698
8428,168.56,2.948,2.932,bbox,54.208,58.307,53.316,57.862,3.4336,6.151,,,,
8429,168.58,2.956,2.944,bbox,54.208,58.307,53.316,57.862,3.4229,6.1469,,,,
8430,168.6,2.62,2.944,pose,54.208,58.307,53.316,57.862,3.4072,6.1625,0.36,0.3521,0.743,0.7171
8431,168.62,2.974,2.948,bbox,54.208,58.347,53.316,57.862,3.38,6.1451,,,,
8432,168.64,3.01,2.956,bbox,54.208,58.347,53.316,57.862,3.3502,6.1503,,,,
8433,168.66,2.603,2.956,pose,54.208,58.39,53.316,57.862,3.3322,6.1475,0.4657,0.3507,0.7659,0.6845
8434,168.68,3.051,2.974,bbox,54.208,58.39,53.316,57.862,3.319,6.1542,,,,
8435,168.7,3.058,3.01,bbox,54.208,58.438,53.316,57.862,3.3146,6.1585,,,,
8436,168.72,2.606,3.01,pose,54.208,58.438,53.316,57.862,3.319,6.1451,0.4912,0.3804,0.777,0.6183
8437,168.74,3.034,3.034,bbox,54.208,58.438,53.316,57.862,3.3203,6.1309,,,,
8438,168.76,3.041,3.041,bbox,54.208,58.438,53.316,57.862,3.3132,6.1319,,,,
8439,168.78,2.604,3.034,pose,54.208,58.438,53.316,57.862,3.3087,6.1332,0.5031,0.3941,0.7923,0.6097
8440,168.8,3.024,3.024,bbox,54.208,58.438,53.316,57.862,3.3104,6.1363,,,,
8441,168.82,3.026,3.026,bbox,54.208,58.438,53.316,57.862,3.3075,6.1386,,,,
8442,168.84,2.615,3.024,pose,54.208,58.438,53.316,57.862,3.305,6.1421,0.4926,0.3873,0.7838,0.5938
8443,168.86,3.045,3.024,bbox,54.208,58.438,53.316,57.862,3.2999,6.1432,,,,
8444,168.88,3.047,3.026,bbox,54.208,58.438,53.316,57.862,3.2979,6.1433,,,,
8445,168.9,2.668,3.026,pose,54.208,58.47,53.316,57.862,3.2905,6.1437,0.4535,0.3979,0.8043,0.6106
8446,168.92,3.081,3.045,bbox,54.208,58.47,53.316,57.862,3.2799,6.1445,,,,
8447,168.94,3.096,3.047,bbox,54.208,58.47,53.316,57.862,3.2669,6.1456,,,,
8448,168.96,2.733,3.047,pose,54.208,58.47,53.316,57.862,3.2598,6.1465,0.3916,0.3759,0.7872,0.6429
8449,168.98,3.108,3.081,bbox,54.208,58.503,53.316,57.862,3.2503,6.1467,,,,
8450,169.0,3.107,3.096,bbox,54.208,58.503,53.316,57.862,3.2408,6.1482,,,,
8451,169.02,2.797,3.096,pose,54.208,58.503,53.316,57.862,3.2326,6.1522,0.3126,0.3639,0.7897,0.6498
8452,169.04,3.105,3.105,bbox,54.208,58.503,53.316,57.862,3.2304,6.1505,,,,
8453,169.06,3.106,3.106,bbox,54.208,58.538,53.316,57.862,3.229,6.1534,,,,
8454,169.08,2.847,3.105,pose,54.208,58.538,53.316,57.862,3.2285,6.1599,0.2417,0.3541,0.7803,0.6812
8455,169.1,3.091,3.091,bbox,54.208,58.538,53.316,57.862,3.2176,6.1587,,,,
8456,169.12,3.095,3.095,bbox,54.208,58.538,53.316,57.862,3.212,6.1682,,,,
8457,169.14,2.872,3.091,pose,54.208,58.538,53.316,57.862,3.2114,6.1645,0.1941,0.3513,0.7728,0.6996
8458,169.16,3.062,3.062,bbox,54.208,58.538,53.316,57.862,3.2218,6.1601,,,,
8459,169.18,3.06,3.062,bbox,54.208,58.538,53.316,57.862,3.2141,6.1601,,,,
8460,169.2,2.833,3.06,pose,54.208,58.538,53.316,57.862,3.2055,6.1603,0.1945,0.3595,0.7727,0.6739
8461,169.22,3.045,3.045,bbox,54.208,58.538,53.316,57.862,3.2088,6.1605,,,,
8462,169.24,3.051,3.051,bbox,54.208,58.538,53.316,57.862,3.2044,6.1623,,,,
8463,169.26,2.841,3.045,pose,54.208,58.538,53.316,57.862,3.2013,6.1639,0.173,0.3587,0.7754,0.6683
8464,169.28,3.056,3.045,bbox,54.208,58.538,53.316,57.862,3.2025,6.1642,,,,
8465,169.3,3.055,3.051,bbox,54.208,58.538,53.316,57.862,3.2036,6.1658,,,,
8466,169.32,3.079,3.055,pose,54.208,58.568,53.316,57.862,3.1948,6.5832,0.1898,0.2461,0.7642,1.1695
8467,169.34,3.075,3.056,bbox,54.208,58.568,53.316,57.862,3.1989,6.169,,,,
8468,169.36,3.076,3.075,bbox,54.208,58.568,53.316,57.862,3.2006,6.6036,,,,
8469,169.38,2.908,3.075,pose,54.208,58.568,53.316,58.029,3.2025,6.6184,0.2853,0.2854,0.7736,1.1927
8470,169.4,3.061,3.075,bbox,54.208,58.568,53.316,58.029,3.2121,6.6316,,,,
8471,169.42,3.073,3.073,bbox,54.208,58.568,53.316,58.029,3.2297,6.1899,,,,
8472,169.44,2.647,3.061,pose,54.208,58.568,53.316,58.029,3.2413,6.192,0.3965,0.3394,0.8027,0.6653
8473,169.46,3.055,3.055,bbox,54.208,58.568,53.445,58.029,3.2625,6.1955,,,,
8474,169.48,3.055,3.055,bbox,54.247,58.568,53.445,58.029,3.2722,6.1958,,,,
8475,169.5,2.595,3.055,pose,54.247,58.568,53.445,58.029,3.2812,6.2005,0.4702,0.329,0.7889,0.6648
8476,169.52,3.052,3.052,bbox,54.278,58.568,53.445,58.029,3.2882,6.2047,,,,
8477,169.54,3.069,3.055,bbox,54.278,58.568,53.445,58.029,3.2937,6.2099,,,,
8478,169.56,2.892,3.052,pose,54.278,58.568,53.445,58.029,3.2923,6.2131,0.0171,0.3364,0.7926,0.6377
8479,169.58,3.088,3.052,bbox,54.278,58.568,53.445,58.029,3.2928,6.2136,,,,
8480,169.6,3.111,3.069,bbox,54.278,58.568,53.445,58.029,3.2923,6.2167,,,,
8481,169.62,2.67,3.069,pose,54.278,58.568,53.445,58.029,3.2916,6.2278,0.4604,0.3191,0.7941,0.6736
8482,169.64,3.127,3.088,bbox,54.278,58.568,53.445,58.029,3.2944,6.2371,,,,
8483,169.66,3.132,3.111,bbox,54.278,58.568,53.445,58.062,3.2954,6.2456,,,,
8484,169.68,2.625,3.111,pose,54.278,58.568,53.445,58.062,3.2972,6.2531,0.5093,0.306,0.7892,0.6647
8485,169.7,3.141,3.127,bbox,54.278,58.568,53.445,58.062,3.3003,6.2572,,,,
8486,169.72,3.146,3.132,bbox,54.278,58.568,53.445,58.062,3.303,6.2621,,,,
8487,169.74,2.613,3.132,pose,54.278,58.568,53.445,58.062,3.3015,6.2625,0.5346,0.2963,0.767,0.6655
8488,169.76,3.167,3.141,bbox,54.278,58.568,53.445,58.096,3.2996,6.262,,,,
8489,169.78,3.166,3.146,bbox,54.278,58.568,53.445,58.096,3.3019,6.2613,,,,
8490,169.8,2.602,3.146,pose,54.278,58.568,53.445,58.096,3.3072,6.2587,0.5314,0.3015,0.7668,0.7055
8491,169.82,3.122,3.122,bbox,54.278,58.568,53.445,58.096,3.3106,6.2604,,,,
8492,169.84,3.113,3.122,bbox,54.313,58.568,53.445,58.096,3.3091,6.261,,,,
8493,169.86,2.58,3.113,pose,54.313,58.568,53.445,58.096,3.311,6.2648,0.511,0.2916,0.7682,0.7165
8494,169.88,3.093,3.093,bbox,54.313,58.568,53.445,58.096,3.3202,6.2621,,,,
8495,169.9,3.084,3.093,bbox,54.313,58.568,53.445,58.096,3.3257,6.2585,,,,
8496,169.92,2.989,3.084,pose,54.313,58.568,53.445,58.096,3.3446,6.7718,0.4682,0.1553,0.7855,0.8255
8497,169.94,3.198,3.084,bbox,54.313,58.568,53.445,58.096,3.3515,6.773,,,,
8498,169.96,3.163,3.093,bbox,54.35,58.568,53.445,58.249,3.3881,6.7748,,,,
8499,169.98,2.939,3.084,pose,54.35,58.568,53.445,58.249,3.4092,6.7754,0.4164,0.2153,0.7945,0.8219
8500,170.0,3.111,3.111,bbox,54.394,58.568,53.445,58.249,3.4274,6.7751,,,,
8501,170.02,3.086,3.111,bbox,54.394,58.568,53.445,58.249,3.437,6.7745,,,,
8502,170.04,2.877,3.086,pose,54.433,58.568,53.445,58.249,3.4414,6.7812,0.3715,0.2456,0.819,0.915
8503,170.06,3.062,3.062,bbox,54.433,58.568,53.445,58.249,3.4431,6.7872,,,,
8504,170.08,3.047,3.062,bbox,54.433,58.568,53.445,58.249,3.4439,6.787,,,,
8505,170.1,2.873,3.047,pose,54.433,58.568,53.445,58.249,3.4434,6.7927,0.3751,0.167,0.814,0.9633
8506,170.12,3.04,3.04,bbox,54.433,58.568,53.445,58.249,3.4404,6.8082,,,,
8507,170.14,3.041,3.041,bbox,54.433,58.568,53.445,58.249,3.4388,6.8172,,,,
8508,170.16,2.845,3.04,pose,54.433,58.568,53.445,58.285,3.4316,6.826,0.3951,0.1933,0.7971,0.9437
8509,170.18,3.071,3.04,bbox,54.433,58.568,53.445,58.285,3.4169,6.8439,,,,
8510,170.2,3.096,3.041,bbox,54.433,58.568,53.445,58.285,3.3981,6.8548,,,,
8511,170.22,2.838,3.041,pose,54.433,58.568,53.445,58.321,3.3832,6.8604,0.4309,0.2217,0.8161,0.9375
8512,170.24,3.148,3.071,bbox,54.433,58.568,53.445,58.321,3.3651,6.8715,,,,
8513,170.26,3.167,3.096,bbox,54.433,58.612,53.445,58.321,3.3527,6.8717,,,,
8514,170.28,2.849,3.096,pose,54.433,58.612,53.445,58.321,3.3532,6.8814,0.4439,0.2968,0.7975,0.9118
8515,170.3,3.192,3.148,bbox,54.433,58.612,53.445,58.321,3.3393,6.8832,,,,
8516,170.32,3.2,3.167,bbox,54.433,58.642,53.445,58.358,3.3355,6.8933,,,,
8517,170.34,2.835,3.167,pose,54.433,58.642,53.445,58.358,3.3327,6.9032,0.4424,0.3012,0.7931,0.8803
8518,170.36,3.223,3.192,bbox,54.433,58.642,53.445,58.358,3.3326,6.9151,,,,
8519,170.38,3.231,3.2,bbox,54.433,58.642,53.445,58.358,3.3294,6.9249,,,,
8520,170.4,2.844,3.2,pose,54.433,58.642,53.445,58.392,3.3258,6.93,0.4441,0.2968,0.8065,0.8655
8521,170.42,3.242,3.223,bbox,54.433,58.642,53.445,58.392,3.3189,6.9383,,,,
8522,170.44,3.263,3.231,bbox,54.433,58.642,53.445,58.392,3.314,6.9451,,,,
8523,170.46,2.858,3.231,pose,54.433,58.676,53.445,58.392,3.3058,6.9517,0.434,0.3058,0.7994,0.896
8524,170.48,3.256,3.242,bbox,54.433,58.676,53.445,58.392,3.2997,6.9545,,,,
8525,170.5,3.26,3.256,bbox,54.433,58.676,53.445,58.428,3.299,6.9579,,,,
8526,170.52,2.838,3.256,pose,54.433,58.676,53.445,58.428,3.2982,6.9565,0.4435,0.2684,0.7844,0.9208
8527,170.54,3.244,3.244,bbox,54.433,58.676,53.445,58.428,3.2981,6.9556,,,,
8528,170.56,3.25,3.25,bbox,54.433,58.676,53.445,58.428,3.2974,6.9496,,,,
8529,170.58,2.849,3.244,pose,54.433,58.676,53.445,58.428,3.296,6.9445,0.4381,0.2368,0.7897,0.9129
8530,170.6,3.263,3.244,bbox,54.433,58.676,53.445,58.428,3.2945,6.9463,,,,
8531,170.62,3.275,3.25,bbox,54.433,58.676,53.445,58.428,3.2903,6.9449,,,,
8532,170.64,2.902,3.25,pose,54.433,58.676,53.445,58.428,3.2826,6.9459,0.4337,0.1826,0.8015,0.9306
8533,170.66,3.293,3.263,bbox,54.433,58.676,53.445,58.428,3.2759,6.9522,,,,
8534,170.68,3.302,3.275,bbox,54.433,58.712,53.445,58.428,3.2694,6.9551,,,,
8535,170.7,2.939,3.275,pose,54.433,58.712,53.445,58.428,3.2572,6.9573,0.3881,0.1846,0.8056,0.942
8536,170.72,3.332,3.293,bbox,54.433,58.712,53.445,58.428,3.2398,6.9615,,,,
8537,170.74,3.339,3.302,bbox,54.433,58.712,53.445,58.428,3.2267,6.9647,,,,
8538,170.76,2.953,3.302,pose,54.433,58.755,53.445,58.428,3.216,6.9666,0.3228,0.2205,0.8033,0.9069
8539,170.78,3.363,3.332,bbox,54.433,58.755,53.445,58.428,3.203,6.9678,,,,
8540,170.8,3.36,3.339,bbox,54.433,58.755,53.445,58.428,3.1934,6.9676,,,,
8541,170.82,2.983,3.339,pose,54.433,58.792,53.445,58.428,3.1869,6.9664,0.2643,0.2259,0.7956,0.8602
8542,170.84,3.379,3.36,bbox,54.433,58.792,53.445,58.428,3.1771,6.9634,,,,
8543,170.86,3.388,3.363,bbox,54.433,58.792,53.445,58.428,3.1711,6.9599,,,,
8544,170.88,3.071,3.36,pose,54.433,58.792,53.445,58.428,3.1629,6.961,0.2106,0.1863,0.8054,0.8124
8545,170.9,3.402,3.379,bbox,54.433,58.824,53.445,58.428,3.1604,6.9552,,,,
8546,170.92,3.4,3.388,bbox,54.433,58.824,53.445,58.428,3.1574,6.9474,,,,
8547,170.94,3.077,3.388,pose,54.433,58.824,53.445,58.428,3.1529,6.9404,0.2082,0.1844,0.8204,0.8086
8548,170.96,3.405,3.4,bbox,54.433,58.824,53.445,58.428,3.1514,6.9369,,,,
8549,170.98,3.403,3.402,bbox,54.433,58.824,53.445,58.428,3.1488,6.9332,,,,
8550,171.0,3.117,3.4,pose,54.433,58.824,53.445,58.428,3.145,6.9285,0.2096,0.1904,0.7992,0.8532
8551,171.02,3.403,3.403,bbox,54.433,58.824,53.445,58.428,3.144,6.926,,,,
8552,171.04,3.4,3.403,bbox,54.433,58.824,53.445,58.428,3.1448,6.9241,,,,
8553,171.06,3.099,3.4,pose,54.433,58.824,53.445,58.428,3.1416,6.9214,0.2366,0.1936,0.8117,0.847
8554,171.08,3.411,3.4,bbox,54.433,58.824,53.445,58.428,3.1461,6.9206,,,,
8555,171.1,3.417,3.403,bbox,54.433,58.824,53.476,58.428,3.1483,6.9206,,,,
8556,171.12,3.147,3.4,pose,54.433,58.824,53.476,58.428,3.1476,6.9198,0.2293,0.1867,0.8063,0.8268
8557,171.14,3.434,3.411,bbox,54.433,58.824,53.476,58.428,3.1522,6.919,,,,
8558,171.16,3.43,3.417,bbox,54.433,58.824,53.476,58.428,3.1561,6.9199,,,,
8559,171.18,3.154,3.417,pose,54.433,58.824,53.476,58.428,3.1642,6.9222,0.2769,0.1818,0.807,0.8411
8560,171.2,3.412,3.412,bbox,54.433,58.824,53.476,58.428,3.1789,6.922,,,,
8561,171.22,3.399,3.412,bbox,54.433,58.824,53.476,58.428,3.1889,6.9215,,,,
8562,171.24,3.088,3.399,pose,54.433,58.824,53.476,58.428,3.2,6.9211,0.3358,0.1881,0.801,0.8488
8563,171.26,3.388,3.388,bbox,54.433,58.824,53.476,58.428,3.2114,6.9199,,,,
8564,171.28,3.383,3.388,bbox,54.433,58.824,53.476,58.428,3.2191,6.9185,,,,
8565,171.3,3.038,3.383,pose,54.473,58.824,53.476,58.428,3.2405,6.9173,0.3697,0.2053,0.8078,0.8545
8566,171.32,3.34,3.34,bbox,54.473,58.824,53.476,58.428,3.2556,6.9146,,,,
8567,171.34,3.337,3.34,bbox,54.473,58.824,53.476,58.428,3.2664,6.9114,,,,
8568,171.36,3.092,3.337,pose,54.517,58.824,53.476,58.428,3.2727,6.9077,0.3968,0.2126,0.8091,0.8083
8569,171.38,3.363,3.337,bbox,54.517,58.824,53.476,58.428,3.2761,6.9071,,,,
8570,171.4,3.344,3.34,bbox,54.517,58.824,53.476,58.428,3.2829,6.9073,,,,
8571,171.42,3.035,3.337,pose,54.517,58.824,53.476,58.428,3.2911,6.9089,0.4065,0.1284,0.814,0.8034
8572,171.44,3.288,3.288,bbox,54.517,58.824,53.476,58.428,3.2962,6.9124,,,,
8573,171.46,3.275,3.288,bbox,54.553,58.824,53.476,58.428,3.3019,6.9123,,,,
8574,171.48,3.006,3.275,pose,54.553,58.824,53.476,58.428,3.301,6.9124,0.4032,0.1,0.7897,0.8105
8575,171.5,3.269,3.269,bbox,54.553,58.824,53.476,58.428,3.3067,6.9135,,,,
8576,171.52,3.273,3.273,bbox,54.553,58.824,53.476,58.428,3.3102,6.9152,,,,
8577,171.54,2.999,3.269,pose,54.553,58.824,53.476,58.428,3.3149,6.9156,0.4093,0.1047,0.7837,0.8162
8578,171.56,3.275,3.269,bbox,54.553,58.824,53.476,58.428,3.3172,6.9152,,,,
8579,171.58,3.3,3.273,bbox,54.553,58.824,53.476,58.428,3.3208,6.9108,,,,
8580,171.6,3.008,3.273,pose,54.553,58.824,53.476,58.428,3.326,6.9079,0.4219,0.0794,0.774,0.8031
8581,171.62,3.275,3.275,bbox,54.553,58.824,53.476,58.428,3.3277,6.9082,,,,
8582,171.64,3.288,3.275,bbox,54.588,58.824,53.476,58.428,3.3288,6.9059,,,,
8583,171.66,3.059,3.275,pose,54.588,58.824,53.476,58.428,3.3305,6.9042,0.4263,0.1201,0.7868,0.7565
8584,171.68,3.328,3.275,bbox,54.588,58.824,53.476,58.428,3.329,6.9019,,,,
8585,171.7,3.35,3.288,bbox,54.588,58.824,53.476,58.428,3.3311,6.9014,,,,
8586,171.72,3.09,3.288,pose,54.588,58.824,53.476,58.428,3.334,6.8975,0.403,0.1636,0.7982,0.7848
8587,171.74,3.333,3.328,bbox,54.588,58.824,53.476,58.428,3.3363,6.8959,,,,
8588,171.76,3.323,3.328,bbox,54.588,58.824,53.476,58.428,3.3402,6.893,,,,
8589,171.78,3.062,3.323,pose,54.588,58.824,53.476,58.428,3.3458,6.8953,0.3943,0.165,0.7952,0.7821
8590,171.8,0.806,3.09,bbox,54.588,58.824,53.476,58.428,6.2427,6.8907,,,,
8591,171.82,0.807,3.062,bbox,54.588,58.824,53.476,58.428,6.2421,6.8847,,,,
8592,171.84,0.543,0.807,pose,54.758,58.824,53.506,58.428,6.2511,6.8848,0.2982,0.2056,0.6944,0.7705
8593,171.86,0.795,0.806,bbox,54.758,58.824,53.506,58.428,6.254,6.8791,,,,
8594,171.88,0.794,0.795,bbox,54.758,58.824,53.506,58.428,6.2562,6.8758,,,,
8595,171.9,2.604,0.795,pose,54.758,58.824,53.506,58.428,6.2573,3.3903,0.2855,0.3348,0.6956,0.7931
8596,171.92,,,,54.758,58.824,53.506,58.428,,,,,,
8597,171.94,2.909,0.795,bbox,54.758,58.824,53.506,58.428,6.255,3.3973,,,,
8598,171.96,0.414,0.795,pose,54.758,58.824,53.561,58.428,6.2541,6.8356,0.277,0.3005,0.6846,0.7547
8599,171.98,0.756,0.794,bbox,54.758,58.824,53.561,58.428,6.2526,6.8291,,,,
8600,172.0,0.746,0.756,bbox,54.758,58.824,53.561,58.428,6.2537,6.8224,,,,
8601,172.02,0.388,0.746,pose,54.758,58.824,53.561,58.428,6.2543,6.8206,0.2825,0.3026,0.6865,0.7153
8602,172.04,2.9,0.746,bbox,54.758,58.824,53.561,58.428,6.2508,3.4029,,,,
8603,172.06,2.897,0.756,bbox,54.758,58.824,53.561,58.428,6.2474,3.4016,,,,
8604,172.08,2.621,2.621,pose,54.758,58.824,53.726,58.428,6.2463,3.3961,0.2754,0.3215,0.6872,0.8148
8605,172.1,2.914,2.897,bbox,54.758,58.824,53.726,58.428,6.2472,3.3889,,,,
8606,172.12,2.921,2.9,bbox,54.758,58.824,53.726,58.428,6.2482,3.3768,,,,
8607,172.14,2.62,2.897,pose,54.758,58.824,53.726,58.428,6.2501,3.3693,0.2789,0.371,0.6969,0.8034
8608,172.16,2.938,2.914,bbox,54.758,58.824,53.726,58.428,6.2522,3.3544,,,,
8609,172.18,2.947,2.921,bbox,54.758,58.824,53.76,58.428,6.254,3.338,,,,
8610,172.2,2.613,2.921,pose,54.758,58.824,53.76,58.428,6.2632,3.327,0.2696,0.4217,0.6965,0.7989
8611,172.22,2.982,2.938,bbox,54.758,58.824,53.791,58.428,6.2696,3.314,,,,
8612,172.24,3.0,2.947,bbox,54.758,58.824,53.791,58.428,6.2721,3.306,,,,
8613,172.26,3.049,2.982,pose,54.758,58.824,53.791,58.428,6.7526,3.2968,0.3084,0.4382,0.7103,0.7756
8614,172.28,3.362,3.0,bbox,54.788,58.824,53.823,58.428,6.7499,3.2875,,,,
8615,172.3,3.36,3.049,bbox,54.938,58.824,53.823,58.428,6.7477,3.288,,,,
8616,172.32,3.029,3.049,pose,54.938,58.824,53.823,58.428,6.7528,3.2868,0.3068,0.4967,0.7098,0.77
8617,172.34,3.362,3.36,bbox,54.938,58.824,53.823,58.428,6.7532,3.2796,,,,
8618,172.36,3.365,3.362,bbox,54.938,58.824,53.823,58.428,6.7524,3.275,,,,
8619,172.38,2.7,3.36,pose,54.938,58.824,53.823,58.428,6.2812,3.2709,0.2784,0.4647,0.6891,0.8162
8620,172.4,3.049,3.049,bbox,54.938,58.824,53.854,58.428,6.2783,3.2677,,,,
8621,172.42,3.049,3.049,bbox,54.938,58.969,53.854,58.428,6.2773,3.2678,,,,
8622,172.44,2.627,3.049,pose,54.938,58.969,53.854,58.428,6.274,3.2657,0.2878,0.5499,0.6889,0.8024
8623,172.46,3.053,3.049,bbox,54.938,58.969,53.854,58.428,6.2716,3.2678,,,,
8624,172.48,3.349,3.049,bbox,54.938,58.969,53.854,58.428,6.7523,3.2676,,,,
8625,172.5,2.446,3.049,bbox,54.938,58.969,53.854,58.428,1.8273,3.2676,,0.5312,,0.7926
8626,172.52,,,,54.938,58.969,53.854,58.428,,,,,,
8627,172.54,,,,54.938,58.969,53.854,58.428,,,,,,
8628,172.56,,,,54.938,58.969,53.854,58.428,,,,,,
8629,172.58,,,,54.938,58.969,53.854,58.428,,,,,,
8630,172.6,,,,54.938,58.969,53.854,58.428,,,,,,
8631,172.62,,,,54.938,58.969,53.854,58.428,,,,,,
8632,172.64,,,,54.938,58.969,53.854,58.428,,,,,,
8633,172.66,,,,54.938,58.969,53.854,58.428,,,,,,
8634,172.68,,,,54.938,58.969,53.854,58.428,,,,,,
8635,172.7,,,,54.938,58.969,53.854,58.428,,,,,,
8636,172.72,,,,54.938,58.969,53.854,58.428,,,,,,
8637,172.74,,,,54.938,58.969,53.854,58.428,,,,,,
8638,172.76,,,,54.938,58.969,53.854,58.428,,,,,,
8639,172.78,,,,54.938,58.969,53.854,58.428,,,,,,
8640,172.8,,,,54.938,58.969,53.854,58.428,,,,,,
8641,172.82,,,,54.938,58.969,53.854,58.428,,,,,,
8642,172.84,,,,54.938,58.969,53.854,58.428,,,,,,
8643,172.86,,,,54.938,58.969,53.854,58.428,,,,,,
8644,172.88,,,,54.938,58.969,53.854,58.428,,,,,,
8645,172.9,,,,54.938,58.969,53.854,58.428,,,,,,
8646,172.92,,,,54.938,58.969,53.854,58.428,,,,,,
8647,172.94,,,,54.938,58.969,53.854,58.428,,,,,,
8648,172.96,,,,54.938,58.969,53.854,58.428,,,,,,
8649,172.98,,,,54.938,58.969,53.854,58.428,,,,,,
8650,173.0,,,,54.938,58.969,53.854,58.428,,,,,,
8651,173.02,,,,54.938,58.969,53.854,58.428,,,,,,
8652,173.04,,,,54.938,58.969,53.854,58.428,,,,,,
8653,173.06,,,,54.938,58.969,53.854,58.428,,,,,,
8654,173.08,,,,54.938,58.969,53.854,58.428,,,,,,
8655,173.1,,,,54.938,58.969,53.854,58.428,,,,,,
8656,173.12,0.567,2.627,bbox,54.938,58.969,53.854,58.428,6.2641,6.7773,,,,
8657,173.14,0.569,2.446,bbox,54.938,58.969,53.854,58.428,6.2663,6.7835,,,,
8658,173.16,3.26,2.446,pose,54.938,58.969,53.854,58.571,3.1257,6.7736,0.3162,0.3746,0.8144,0.7218
8659,173.18,3.545,2.446,bbox,54.938,59.136,53.854,58.571,3.1344,6.7712,,,,
8660,173.2,3.529,3.26,bbox,54.938,59.136,53.854,58.571,3.1506,6.7721,,,,
8661,173.22,3.173,3.26,pose,54.938,59.136,53.854,58.571,3.1775,6.7802,0.3985,0.367,0.8092,0.7448
8662,173.24,3.475,3.475,bbox,54.938,59.136,53.854,58.571,3.2028,6.7833,,,,
8663,173.26,3.467,3.475,bbox,54.981,59.136,53.854,58.571,3.2134,6.7812,,,,
8664,173.28,3.115,3.467,pose,54.981,59.136,53.854,58.571,3.2318,6.7833,0.4696,0.3588,0.8124,0.7334
8665,173.3,3.443,3.443,bbox,55.017,59.136,53.854,58.571,3.2445,6.7852,,,,
8666,173.32,3.431,3.443,bbox,55.017,59.136,53.854,58.571,3.254,6.7864,,,,
8667,173.34,3.061,3.431,pose,55.048,59.136,53.854,58.571,3.2625,6.788,0.5146,0.3558,0.798,0.727
8668,173.36,3.416,3.416,bbox,55.048,59.136,53.854,58.571,3.2659,6.7897,,,,
8669,173.38,3.028,3.416,bbox,55.048,59.136,53.854,58.571,3.2682,6.2749,,,,
8670,173.4,2.633,3.061,pose,55.048,59.136,53.854,58.571,3.2684,6.2662,0.5114,0.2427,0.8149,0.7088
8671,173.42,3.007,3.028,bbox,55.048,59.136,53.992,58.571,3.2676,6.259,,,,
8672,173.44,2.999,3.007,bbox,55.048,59.136,53.992,58.571,3.2659,6.2549,,,,
8673,173.46,2.626,2.999,pose,55.048,59.136,53.992,58.571,3.2734,6.2465,0.5291,0.2496,0.8053,0.7167
8674,173.48,2.968,2.968,bbox,55.048,59.136,53.992,58.571,3.2767,6.2383,,,,
8675,173.5,3.409,2.999,bbox,55.048,59.136,53.992,58.571,3.2758,6.7866,,,,
8676,173.52,3.049,2.999,pose,55.048,59.136,53.992,58.571,3.2738,6.7836,0.5362,0.3434,0.7985,0.7172
8677,173.54,3.404,3.049,bbox,55.048,59.136,53.992,58.701,3.2721,6.7788,,,,
8678,173.56,3.386,3.386,bbox,55.048,59.136,53.992,58.701,3.2722,6.7717,,,,
8679,173.58,3.049,3.386,pose,55.048,59.136,53.992,58.701,3.2741,6.7752,0.5287,0.3276,0.8084,0.7123
8680,173.6,3.393,3.386,bbox,55.048,59.136,53.992,58.701,3.2743,6.7712,,,,
8681,173.62,3.392,3.392,bbox,55.048,59.136,53.992,58.701,3.2759,6.7715,,,,
8682,173.64,3.042,3.386,pose,55.048,59.136,53.992,58.701,3.2763,6.7744,0.5431,0.3411,0.8038,0.7328
8683,173.66,3.407,3.392,bbox,55.079,59.136,53.992,58.701,3.2787,6.7825,,,,
8684,173.68,3.404,3.393,bbox,55.079,59.136,53.992,58.701,3.2799,6.7872,,,,
8685,173.7,3.046,3.392,pose,55.079,59.136,53.992,58.701,3.2804,6.7879,0.5173,0.3329,0.7885,0.7245
8686,173.72,3.39,3.39,bbox,55.079,59.136,53.992,58.701,3.2846,6.7901,,,,
8687,173.74,3.395,3.395,bbox,55.079,59.136,53.992,58.701,3.283,6.7908,,,,
8688,173.76,3.1,3.39,pose,55.079,59.136,53.992,58.701,3.2856,6.7915,0.4361,0.3432,0.8089,0.7371
8689,173.78,3.387,3.387,bbox,55.079,59.136,53.992,58.701,3.2887,6.7911,,,,
8690,173.8,3.39,3.39,bbox,55.079,59.136,53.992,58.701,3.2878,6.7916,,,,
8691,173.82,3.018,3.387,pose,55.079,59.136,53.992,58.701,3.2913,6.7918,0.5207,0.3456,0.791,0.7382
8692,173.84,3.391,3.387,bbox,55.079,59.136,53.992,58.701,3.2982,6.7891,,,,
8693,173.86,3.386,3.387,bbox,55.079,59.136,53.992,58.701,3.2987,6.7863,,,,
8694,173.88,3.017,3.386,pose,55.079,59.136,53.992,58.701,3.3014,6.7929,0.4988,0.3452,0.7792,0.7278
8695,173.9,2.865,3.018,bbox,55.079,59.136,53.992,58.701,3.3073,6.1737,,,,
8696,173.92,3.382,3.382,bbox,55.079,59.136,53.992,58.701,3.3156,6.791,,,,
8697,173.94,3.047,3.047,pose,55.11,59.136,53.992,58.701,3.319,6.7934,0.4329,0.3476,0.7705,0.715
8698,173.96,3.383,3.047,bbox,55.11,59.136,53.992,58.701,3.3306,6.7966,,,,
8699,173.98,3.38,3.38,bbox,55.11,59.136,53.992,58.701,3.343,6.7993,,,,
8700,174.0,2.584,3.38,pose,55.11,59.136,53.992,58.701,3.357,6.1756,0.4122,0.2553,0.7661,0.7391
8701,174.02,2.814,3.047,bbox,55.146,59.136,53.992,58.701,3.3684,6.1776,,,,
8702,174.04,2.796,2.814,bbox,55.146,59.136,54.127,58.701,3.3877,6.1742,,,,
8703,174.06,3.043,2.814,pose,55.146,59.136,54.127,58.701,3.4001,6.8073,0.3731,0.3434,0.7433,0.7167
8704,174.08,3.333,2.814,bbox,55.191,59.136,54.127,58.701,3.4029,6.8105,,,,
8705,174.1,3.337,3.043,bbox,55.191,59.136,54.127,58.851,3.4057,6.8111,,,,
8706,174.12,3.08,3.08,pose,55.191,59.136,54.127,58.851,3.4048,6.81,0.322,0.3404,0.7335,0.7221
8707,174.14,3.339,3.333,bbox,55.191,59.136,54.127,58.851,3.4019,6.8082,,,,
8708,174.16,3.317,3.333,bbox,55.191,59.136,54.127,58.851,3.3955,6.8029,,,,
8709,174.18,3.033,3.317,pose,55.191,59.136,54.127,58.851,3.3917,6.7969,0.3523,0.3561,0.7302,0.7142
8710,174.2,2.808,3.08,bbox,55.191,59.136,54.127,58.851,3.3805,6.1504,,,,
8711,174.22,0.703,3.033,bbox,55.191,59.136,54.127,58.851,6.7888,6.1529,,,,
8712,174.24,0.408,2.808,pose,55.191,59.136,54.287,58.851,6.7879,6.1497,0.3359,0.2537,0.7118,0.6977
8713,174.26,0.713,0.713,bbox,55.349,59.136,54.287,58.851,6.7864,6.1456,,,,
8714,174.28,2.843,0.713,bbox,55.349,59.136,54.287,58.851,3.3508,6.1404,,,,
8715,174.3,2.638,0.713,pose,55.349,59.136,54.287,58.851,3.3417,6.1391,0.3916,0.2549,0.7536,0.6925
8716,174.32,2.848,2.638,bbox,55.349,59.286,54.287,58.851,3.345,6.1439,,,,
8717,174.34,2.86,2.843,bbox,55.349,59.286,54.287,58.851,3.3403,6.1489,,,,
8718,174.36,2.707,2.843,pose,55.349,59.286,54.287,58.851,3.3355,6.1503,0.3464,0.2526,0.7408,0.7035
8719,174.38,2.861,2.848,bbox,55.349,59.286,54.287,58.851,3.3317,6.1546,,,,
8720,174.4,2.862,2.86,bbox,55.349,59.286,54.287,58.851,3.3299,6.1601,,,,
8721,174.42,3.066,2.861,pose,55.349,59.286,54.287,58.851,3.3313,6.8043,0.3962,0.3437,0.7752,0.7173
8722,174.44,2.893,2.862,bbox,55.349,59.286,54.287,58.851,3.3266,6.1983,,,,
8723,174.46,2.899,2.893,bbox,55.349,59.286,54.287,58.897,3.3275,6.2098,,,,
8724,174.48,2.61,2.893,pose,55.349,59.286,54.287,58.897,3.3203,6.2171,0.4163,0.2546,0.7691,0.6924
8725,174.5,2.918,2.899,bbox,55.349,59.286,54.287,58.897,3.3114,6.2051,,,,
8726,174.52,2.943,2.899,bbox,55.349,59.317,54.287,58.897,3.304,6.2117,,,,
8727,174.54,2.662,2.899,pose,55.349,59.317,54.287,58.897,3.2965,6.2105,0.3894,0.2504,0.7641,0.6956
8728,174.56,2.939,2.918,bbox,55.349,59.317,54.287,58.897,3.2786,6.2117,,,,
8729,174.58,2.858,2.918,bbox,55.349,59.317,54.287,58.897,3.2679,6.2182,,,,
8730,174.6,0.391,2.858,pose,55.349,59.317,54.287,58.897,6.7754,6.2206,0.3358,0.2515,0.6988,0.698
8731,174.62,0.614,2.662,bbox,55.349,59.317,54.287,58.897,6.7676,6.2174,,,,
8732,174.64,0.619,0.619,bbox,55.475,59.317,54.287,58.897,6.7621,6.2073,,,,
8733,174.66,0.402,0.614,pose,55.475,59.317,54.287,58.897,6.7595,6.2109,0.3353,0.2458,0.7153,0.6918
8734,174.68,0.599,0.599,bbox,55.475,59.317,54.287,58.897,6.757,6.2179,,,,
8735,174.7,0.59,0.599,bbox,55.475,59.317,54.287,58.897,6.7539,6.2236,,,,
8736,174.72,0.381,0.59,pose,55.475,59.317,54.287,58.897,6.7559,6.2309,0.351,0.2514,0.7306,0.6951
8737,174.74,2.974,0.59,bbox,55.475,59.317,54.287,58.897,3.242,6.2351,,,,
8738,174.76,,,,55.475,59.317,54.287,58.897,,,,,,
8739,174.78,2.586,0.599,pose,55.475,59.317,54.287,58.929,3.2454,6.2417,0.4882,0.2507,0.8022,0.699
8740,174.8,2.99,2.586,bbox,55.475,59.475,54.287,58.929,3.252,6.2526,,,,
8741,174.82,3.01,2.974,bbox,55.475,59.475,54.287,58.929,3.2571,6.2611,,,,
8742,174.84,2.605,2.974,pose,55.475,59.475,54.287,58.929,3.2619,6.2681,0.5138,0.256,0.7717,0.6994
8743,174.86,3.03,2.99,bbox,55.475,59.475,54.287,58.959,3.2633,6.2686,,,,
8744,174.88,3.028,3.01,bbox,55.475,59.475,54.287,58.959,3.2646,6.2687,,,,
8745,174.9,2.639,3.01,pose,55.475,59.475,54.287,58.959,3.2638,6.2745,0.477,0.2614,0.7786,0.6949
8746,174.92,3.016,3.016,bbox,55.475,59.475,54.287,58.959,3.2643,6.2795,,,,
8747,174.94,3.015,3.016,bbox,55.475,59.475,54.287,58.959,3.2632,6.2813,,,,
8748,174.96,2.624,3.015,pose,55.475,59.475,54.287,58.959,3.2578,6.2763,0.4775,0.2541,0.7877,0.6957
8749,174.98,3.027,3.015,bbox,55.475,59.475,54.287,58.959,3.2526,6.2745,,,,
8750,175.0,3.03,3.016,bbox,55.475,59.475,54.287,58.959,3.2446,6.2789,,,,
8751,175.02,2.67,3.015,pose,55.475,59.475,54.287,58.959,3.2255,6.2775,0.4491,0.2532,0.7936,0.6928
8752,175.04,3.082,3.027,bbox,55.475,59.475,54.287,58.959,3.2094,6.2708,,,,
8753,175.06,3.077,3.03,bbox,55.475,59.475,54.287,58.959,3.2006,6.2655,,,,
8754,175.08,2.742,3.03,pose,55.475,59.518,54.287,58.959,3.1878,6.2596,0.3829,0.2497,0.7884,0.6812
8755,175.1,0.586,2.742,bbox,55.475,59.518,54.287,58.959,6.7799,6.2615,,,,
8756,175.12,0.584,2.742,bbox,55.475,59.518,54.287,58.959,6.7805,6.2637,,,,
8757,175.14,0.362,0.586,pose,55.625,59.518,54.287,58.959,6.7815,6.2643,0.3618,0.2489,0.7246,0.6996
8758,175.16,0.584,0.584,bbox,55.625,59.518,54.287,58.959,6.7829,6.2675,,,,
8759,175.18,0.579,0.584,bbox,55.625,59.518,54.287,58.959,6.7844,6.273,,,,
8760,175.2,0.362,0.579,pose,55.625,59.518,54.287,58.959,6.787,6.2815,0.3638,0.2511,0.7116,0.6885
8761,175.22,0.568,0.568,bbox,55.625,59.518,54.287,58.959,6.7907,6.2908,,,,
8762,175.24,0.567,0.568,bbox,55.625,59.518,54.287,58.959,6.7934,6.2928,,,,
8763,175.26,0.382,0.567,pose,55.625,59.518,54.287,58.959,6.7942,6.2915,0.3574,0.2627,0.7119,0.6886
8764,175.28,0.57,0.567,bbox,55.625,59.518,54.287,58.99,6.7937,6.2915,,,,
8765,175.3,0.57,0.568,bbox,55.625,59.518,54.287,58.99,6.7941,6.2911,,,,
8766,175.32,0.363,0.567,pose,55.625,59.518,54.287,58.99,6.7947,6.2911,0.359,0.2713,0.7208,0.701
8767,175.34,0.572,0.57,bbox,55.625,59.518,54.287,58.99,6.7949,6.2887,,,,
8768,175.36,0.572,0.57,bbox,55.625,59.518,54.287,58.99,6.7943,6.2881,,,,
8769,175.38,0.382,0.57,pose,55.625,59.518,54.287,58.99,6.7934,6.2875,0.3416,0.257,0.7123,0.6875
8770,175.4,0.57,0.57,bbox,55.625,59.518,54.287,58.99,6.7939,6.2879,,,,
8771,175.42,0.57,0.57,bbox,55.625,59.518,54.287,58.99,6.7922,6.2867,,,,
8772,175.44,0.361,0.57,pose,55.625,59.518,54.287,58.99,6.7912,6.2863,0.3521,0.2719,0.7123,0.6982
8773,175.46,0.568,0.568,bbox,55.625,59.518,54.287,58.99,6.7909,6.2864,,,,
8774,175.48,0.566,0.568,bbox,55.625,59.518,54.287,58.99,6.7904,6.2882,,,,
8775,175.5,0.363,0.566,pose,55.625,59.518,54.287,58.99,6.7919,6.2952,0.3484,0.2695,0.7407,0.7107
8776,175.52,0.555,0.555,bbox,55.625,59.518,54.287,58.99,6.7925,6.2985,,,,
8777,175.54,0.56,0.56,bbox,55.625,59.518,54.287,58.99,6.7952,6.2973,,,,
8778,175.56,0.36,0.555,pose,55.625,59.518,54.287,58.99,6.7967,6.2946,0.358,0.2705,0.7251,0.7113
8779,175.58,0.574,0.555,bbox,55.625,59.518,54.287,58.99,6.797,6.29,,,,
8780,175.6,0.578,0.56,bbox,55.625,59.518,54.287,58.99,6.7989,6.2879,,,,
8781,175.62,0.37,0.56,pose,55.625,59.518,54.287,58.99,6.7996,6.2858,0.3474,0.2516,0.7283,0.7112
8782,175.64,0.589,0.574,bbox,55.625,59.518,54.287,58.99,6.7996,6.285,,,,
8783,175.66,0.591,0.578,bbox,55.625,59.518,54.287,58.99,6.7985,6.2831,,,,
8784,175.68,0.381,0.578,pose,55.625,59.518,54.287,58.99,6.7984,6.2834,0.3441,0.2528,0.7214,0.6988
8785,175.7,0.598,0.589,bbox,55.625,59.518,54.287,58.99,6.7981,6.2821,,,,
8786,175.72,0.6,0.591,bbox,55.625,59.518,54.287,58.99,6.797,6.2797,,,,
8787,175.74,0.382,0.591,pose,55.625,59.518,54.287,58.99,6.7948,6.279,0.3502,0.2682,0.7294,0.7165
8788,175.76,0.593,0.593,bbox,55.625,59.518,54.287,58.99,6.7907,6.2738,,,,
8789,175.78,0.597,0.597,bbox,55.625,59.518,54.287,58.99,6.7908,6.2706,,,,
8790,175.8,3.855,0.597,pose,55.625,59.518,54.287,58.99,6.7898,3.7912,0.3477,0.2119,0.727,0.443
8791,175.82,4.191,0.597,bbox,55.625,59.518,54.287,58.99,6.792,3.8088,,,,
8792,175.84,4.183,3.855,bbox,55.625,59.518,54.458,58.99,6.7916,3.8127,,,,
8793,175.86,0.405,3.855,pose,55.625,59.518,54.458,58.99,6.7895,6.2577,0.3384,0.2571,0.7302,0.6924
8794,175.88,0.612,3.855,bbox,55.625,59.518,54.458,58.99,6.79,6.2578,,,,
8795,175.9,0.614,0.614,bbox,55.625,59.518,54.458,59.14,6.7926,6.2588,,,,
8796,175.92,0.387,0.612,pose,55.625,59.518,54.458,59.14,6.7892,6.2593,0.3502,0.2629,0.7346,0.6971
8797,175.94,0.608,0.608,bbox,55.625,59.518,54.458,59.14,6.7881,6.2616,,,,
8798,175.96,0.604,0.608,bbox,55.625,59.518,54.458,59.14,6.7881,6.266,,,,
8799,175.98,0.402,0.604,pose,55.625,59.518,54.458,59.14,6.7934,6.268,0.3477,0.246,0.7367,0.698
8800,176.0,0.597,0.597,bbox,55.625,59.518,54.458,59.14,6.7923,6.2759,,,,
8801,176.02,0.602,0.602,bbox,55.625,59.518,54.458,59.14,6.7965,6.2782,,,,
8802,176.04,0.412,0.597,pose,55.625,59.518,54.458,59.14,6.7996,6.281,0.3457,0.2521,0.7329,0.7008
8803,176.06,0.594,0.594,bbox,55.625,59.518,54.458,59.14,6.7973,6.2823,,,,
8804,176.08,0.589,0.594,bbox,55.625,59.518,54.458,59.14,6.7976,6.289,,,,
8805,176.1,0.393,0.589,pose,55.625,59.518,54.458,59.14,6.8012,6.288,0.3331,0.2563,0.7311,0.6995
8806,176.12,0.588,0.588,bbox,55.625,59.518,54.458,59.14,6.8009,6.2866,,,,
8807,176.14,0.578,0.588,bbox,55.625,59.518,54.458,59.17,6.8012,6.292,,,,
8808,176.16,0.397,0.578,pose,55.625,59.518,54.458,59.17,6.799,6.2906,0.3469,0.2551,0.7527,0.7173
8809,176.18,0.578,0.578,bbox,55.625,59.518,54.458,59.17,6.7956,6.2861,,,,
8810,176.2,0.58,0.578,bbox,55.625,59.518,54.458,59.17,6.7939,6.2857,,,,
8811,176.22,0.388,0.578,pose,55.625,59.518,54.458,59.17,6.7937,6.2896,0.342,0.2619,0.7372,0.7044
8812,176.24,0.571,0.571,bbox,55.625,59.518,54.458,59.17,6.7915,6.2983,,,,
8813,176.26,0.57,0.571,bbox,55.625,59.518,54.458,59.17,6.7895,6.2961,,,,
8814,176.28,0.402,0.57,pose,55.625,59.518,54.458,59.17,6.7892,6.287,0.3451,0.2513,0.7457,0.7162
8815,176.3,0.584,0.57,bbox,55.625,59.518,54.458,59.17,6.7896,6.2841,,,,
8816,176.32,0.58,0.571,bbox,55.625,59.518,54.458,59.17,6.7887,6.2866,,,,
8817,176.34,0.402,0.57,pose,55.625,59.518,54.458,59.17,6.7869,6.2891,0.3481,0.2531,0.7379,0.7167
8818,176.36,0.574,0.574,bbox,55.625,59.518,54.458,59.17,6.787,6.2922,,,,
8819,176.38,0.579,0.579,bbox,55.625,59.518,54.458,59.17,6.7917,6.2879,,,,
8820,176.4,0.396,0.574,pose,55.625,59.518,54.458,59.17,6.7912,6.2808,0.3453,0.2564,0.7484,0.7084
8821,176.42,0.577,0.574,bbox,55.625,59.518,54.458,59.17,6.7942,6.2832,,,,
8822,176.44,0.573,0.574,bbox,55.625,59.518,54.458,59.17,6.7976,6.2856,,,,
8823,176.46,0.382,0.573,pose,55.625,59.518,54.458,59.17,6.798,6.2865,0.3447,0.2609,0.7484,0.7128
8824,176.48,0.57,0.57,bbox,55.625,59.518,54.458,59.17,6.798,6.2859,,,,
8825,176.5,0.569,0.57,bbox,55.625,59.518,54.458,59.17,6.7985,6.2871,,,,
8826,176.52,0.383,0.569,pose,55.625,59.518,54.458,59.17,6.7952,6.2852,0.3358,0.2576,0.7447,0.7156
8827,176.54,0.572,0.569,bbox,55.625,59.518,54.458,59.17,6.7924,6.2788,,,,
8828,176.56,0.572,0.57,bbox,55.625,59.518,54.458,59.17,6.7881,6.276,,,,
8829,176.58,0.389,0.569,pose,55.625,59.518,54.458,59.17,6.7864,6.2725,0.3408,0.266,0.7489,0.7162
8830,176.6,0.578,0.572,bbox,55.625,59.518,54.458,59.17,6.7861,6.2735,,,,
8831,176.62,0.581,0.572,bbox,55.625,59.518,54.458,59.17,6.783,6.269,,,,
8832,176.64,0.391,0.572,pose,55.625,59.518,54.458,59.17,6.7811,6.2683,0.3425,0.267,0.748,0.7114
8833,176.66,0.583,0.578,bbox,55.625,59.518,54.458,59.17,6.7787,6.262,,,,
8834,176.68,0.579,0.579,bbox,55.625,59.518,54.458,59.17,6.7798,6.2669,,,,
8835,176.7,0.375,0.579,pose,55.625,59.518,54.458,59.17,6.7808,6.263,0.3632,0.253,0.7513,0.7159
8836,176.72,0.588,0.579,bbox,55.625,59.518,54.458,59.17,6.7817,6.2601,,,,
8837,176.74,0.586,0.583,bbox,55.625,59.518,54.458,59.17,6.7839,6.2631,,,,
8838,176.76,0.386,0.579,pose,55.625,59.518,54.458,59.17,6.7868,6.264,0.3336,0.2584,0.7439,0.7135
8839,176.78,0.588,0.586,bbox,55.625,59.518,54.458,59.17,6.7902,6.2657,,,,
8840,176.8,0.589,0.588,bbox,55.625,59.518,54.458,59.17,6.7916,6.2646,,,,
8841,176.82,0.386,0.586,pose,55.625,59.518,54.458,59.17,6.7935,6.2634,0.3389,0.25,0.7343,0.7164
8842,176.84,0.594,0.588,bbox,55.625,59.518,54.458,59.17,6.7971,6.2636,,,,
8843,176.86,0.594,0.589,bbox,55.625,59.518,54.458,59.17,6.8002,6.2664,,,,
8844,176.88,0.385,0.589,pose,55.625,59.518,54.458,59.17,6.8025,6.2714,0.3375,0.2586,0.7405,0.7076
8845,176.9,0.589,0.589,bbox,55.625,59.518,54.458,59.17,6.8044,6.2747,,,,
8846,176.92,0.592,0.592,bbox,55.625,59.518,54.458,59.17,6.8046,6.2707,,,,
8847,176.94,0.383,0.589,pose,55.625,59.518,54.458,59.17,6.8018,6.265,0.3498,0.2589,0.7504,0.7052
8848,176.96,0.605,0.589,bbox,55.625,59.518,54.458,59.17,6.8011,6.2611,,,,
8849,176.98,0.602,0.592,bbox,55.625,59.518,54.458,59.17,6.7996,6.2618,,,,
8850,177.0,0.373,0.592,pose,55.625,59.518,54.458,59.17,6.7943,6.2592,0.3535,0.2607,0.7345,0.7116
8851,177.02,0.611,0.602,bbox,55.625,59.518,54.458,59.17,6.7945,6.2538,,,,
8852,177.04,0.611,0.605,bbox,55.625,59.518,54.458,59.17,6.7978,6.2585,,,,
8853,177.06,0.39,0.602,pose,55.625,59.518,54.458,59.17,6.7966,6.2491,0.3358,0.2597,0.7251,0.7078
8854,177.08,0.613,0.611,bbox,55.625,59.518,54.493,59.17,6.7941,6.2529,,,,
8855,177.1,0.61,0.611,bbox,55.625,59.518,54.493,59.17,6.7943,6.2532,,,,
8856,177.12,0.392,0.61,pose,55.625,59.518,54.493,59.17,6.7978,6.2516,0.3287,0.254,0.7301,0.7088
8857,177.14,0.617,0.61,bbox,55.625,59.518,54.493,59.17,6.7989,6.2535,,,,
8858,177.16,0.616,0.613,bbox,55.625,59.518,54.493,59.17,6.7993,6.257,,,,
8859,177.18,0.398,0.61,pose,55.625,59.518,54.493,59.17,6.7981,6.2588,0.3374,0.262,0.7304,0.7084
8860,177.2,0.601,0.601,bbox,55.625,59.518,54.493,59.17,6.8004,6.2679,,,,
8861,177.22,0.603,0.603,bbox,55.625,59.518,54.493,59.17,6.8066,6.2679,,,,
8862,177.24,0.378,0.601,pose,55.625,59.518,54.493,59.17,6.8077,6.2664,0.3545,0.259,0.7368,0.7073
8863,177.26,0.601,0.601,bbox,55.625,59.518,54.493,59.17,6.811,6.2689,,,,
8864,177.28,0.602,0.601,bbox,55.625,59.518,54.493,59.17,6.8141,6.27,,,,
8865,177.3,0.389,0.601,pose,55.656,59.518,54.493,59.17,6.8147,6.2723,0.3455,0.2599,0.7374,0.7067
8866,177.32,0.598,0.598,bbox,55.656,59.518,54.493,59.17,6.8146,6.276,,,,
8867,177.34,0.6,0.6,bbox,55.656,59.518,54.493,59.17,6.8136,6.2754,,,,
8868,177.36,0.38,0.598,pose,55.656,59.518,54.493,59.17,6.8161,6.272,0.3427,0.2612,0.7475,0.7072
8869,177.38,0.613,0.598,bbox,55.656,59.518,54.493,59.17,6.8122,6.2687,,,,
8870,177.4,0.609,0.6,bbox,55.656,59.518,54.493,59.17,6.8093,6.2715,,,,
8871,177.42,0.378,0.6,pose,55.656,59.518,54.493,59.17,6.8088,6.2639,0.3503,0.2512,0.7305,0.6993
8872,177.44,0.62,0.609,bbox,55.656,59.518,54.493,59.17,6.8092,6.2636,,,,
8873,177.46,0.616,0.613,bbox,55.656,59.518,54.493,59.17,6.8083,6.2667,,,,
8874,177.48,0.386,0.609,pose,55.656,59.518,54.493,59.17,6.8041,6.264,0.3458,0.2566,0.7396,0.6975
8875,177.5,0.614,0.614,bbox,55.656,59.518,54.493,59.17,6.8006,6.26,,,,
8876,177.52,0.605,0.614,bbox,55.656,59.518,54.493,59.17,6.7979,6.2634,,,,
8877,177.54,0.366,0.605,pose,55.656,59.518,54.493,59.17,6.7939,6.2635,0.3414,0.2602,0.7377,0.7112
8878,177.56,0.599,0.599,bbox,55.656,59.518,54.493,59.17,6.7943,6.2657,,,,
8879,177.58,0.604,0.604,bbox,55.656,59.518,54.493,59.17,6.7978,6.264,,,,
8880,177.6,0.404,0.599,pose,55.656,59.518,54.493,59.17,6.7984,6.2594,0.342,0.2615,0.7345,0.6925
8881,177.62,0.613,0.599,bbox,55.656,59.518,54.493,59.17,6.8005,6.2584,,,,
8882,177.64,3.941,0.604,bbox,55.656,59.518,54.493,59.17,6.804,4.157,,,,
8883,177.66,3.954,0.613,bbox,55.656,59.518,54.493,59.17,6.8069,4.1602,0.3323,,0.7373,
8884,177.68,3.961,3.941,bbox,55.656,59.518,54.638,59.17,6.8105,4.1638,,,,
8885,177.7,3.515,3.941,bbox,55.656,59.518,54.638,59.17,6.813,3.2131,,,,
8886,177.72,3.138,3.941,pose,55.656,59.518,54.638,59.17,6.814,3.2402,0.339,0.4543,0.7344,0.8077
8887,177.74,3.465,3.515,bbox,55.656,59.518,54.795,59.17,6.8133,3.2545,,,,
8888,177.76,3.47,3.47,bbox,55.656,59.518,54.795,59.17,6.8131,3.2629,,,,
8889,177.78,3.081,3.465,pose,55.656,59.518,54.795,59.17,6.812,3.2668,0.3415,0.4962,0.7401,0.7947
8890,177.8,3.448,3.448,bbox,55.656,59.518,54.795,59.17,6.8096,3.2702,,,,
8891,177.82,3.453,3.453,bbox,55.656,59.518,54.795,59.17,6.8089,3.2719,,,,
8892,177.84,3.087,3.448,pose,55.656,59.518,54.795,59.17,6.807,3.2725,0.3409,0.5341,0.7389,0.7949
8893,177.86,3.48,3.448,bbox,55.656,59.518,54.795,59.17,6.8057,3.274,,,,
8894,177.88,3.461,3.453,bbox,55.656,59.518,54.795,59.17,6.804,3.2694,,,,
8895,177.9,3.077,3.453,pose,55.656,59.518,54.795,59.17,6.8018,3.2693,0.3387,0.5169,0.7405,0.7837
8896,177.92,3.444,3.444,bbox,55.656,59.518,54.795,59.17,6.802,3.2693,,,,
8897,177.94,3.446,3.446,bbox,55.656,59.518,54.795,59.17,6.7994,3.2701,,,,
8898,177.96,3.019,3.444,pose,55.656,59.518,54.795,59.17,6.8026,3.2743,0.3415,0.5513,0.741,0.7847
8899,177.98,3.436,3.436,bbox,55.656,59.518,54.795,59.17,6.8043,3.2749,,,,
8900,178.0,3.451,3.444,bbox,55.656,59.518,54.795,59.17,6.8051,3.276,,,,
8901,178.02,3.047,3.436,pose,55.656,59.518,54.795,59.17,6.8065,3.2849,0.3429,0.5339,0.7435,0.7929
8902,178.04,3.461,3.436,bbox,55.656,59.518,54.795,59.17,6.808,3.2861,,,,
8903,178.06,3.465,3.451,bbox,55.656,59.518,54.795,59.201,6.8095,3.2905,,,,
8904,178.08,3.198,3.451,pose,55.656,59.518,54.795,59.201,6.8106,3.2944,0.343,0.3767,0.7451,0.7873
8905,178.1,3.443,3.443,bbox,55.656,59.518,54.795,59.201,6.8122,3.3001,,,,
8906,178.12,3.439,3.443,bbox,55.656,59.518,54.795,59.201,6.8137,3.2996,,,,
8907,178.14,3.234,3.439,pose,55.656,59.518,54.795,59.201,6.815,3.298,0.3529,0.0981,0.7417,0.7928
8908,178.16,3.445,3.439,bbox,55.656,59.518,54.795,59.201,6.8159,3.2973,,,,
8909,178.18,3.44,3.44,bbox,55.656,59.518,54.795,59.201,6.8128,3.2997,,,,
8910,178.2,3.031,3.439,pose,55.656,59.518,54.795,59.201,6.8096,3.3007,0.3518,0.5032,0.7518,0.7825
8911,178.22,3.006,3.234,bbox,55.656,59.518,54.795,59.201,6.2941,3.3011,,,,
8912,178.24,2.998,3.031,bbox,55.656,59.518,54.795,59.201,6.2934,3.3075,,,,
8913,178.26,2.6,3.006,pose,55.656,59.669,54.795,59.201,6.292,3.3125,0.2607,0.4748,0.6854,0.7724
8914,178.28,2.983,2.998,bbox,55.656,59.669,54.795,59.201,6.2906,3.3256,,,,
8915,178.3,2.979,2.983,bbox,55.656,59.669,54.795,59.201,6.2898,3.3298,,,,
8916,178.32,3.045,2.983,pose,55.656,59.669,54.795,59.241,6.7966,3.339,0.347,0.4295,0.751,0.752
8917,178.34,3.378,2.983,bbox,55.656,59.669,54.795,59.241,6.7971,3.3525,,,,
8918,178.36,3.361,3.045,bbox,55.804,59.669,54.795,59.241,6.7982,3.3714,,,,
8919,178.38,3.017,3.045,pose,55.804,59.669,54.795,59.241,6.7985,3.3838,0.3571,0.4075,0.7445,0.7432
8920,178.4,3.33,3.33,bbox,55.804,59.669,54.795,59.287,6.8006,3.3977,,,,
8921,178.42,3.324,3.33,bbox,55.804,59.669,54.795,59.287,6.802,3.4051,,,,
8922,178.44,3.02,3.324,pose,55.804,59.669,54.795,59.287,6.8038,3.4158,0.3502,0.3541,0.7485,0.736
8923,178.46,3.311,3.311,bbox,55.804,59.669,54.795,59.321,6.8054,3.4165,,,,
8924,178.48,3.314,3.314,bbox,55.804,59.669,54.795,59.321,6.807,3.4174,,,,
8925,178.5,3.025,3.311,pose,55.804,59.669,54.795,59.321,6.8075,3.4195,0.3505,0.3301,0.7419,0.729
8926,178.52,3.313,3.311,bbox,55.804,59.669,54.795,59.321,6.8076,3.4208,,,,
8927,178.54,3.318,3.313,bbox,55.804,59.669,54.795,59.321,6.8072,3.4156,,,,
8928,178.56,3.017,3.313,pose,55.804,59.669,54.795,59.321,6.808,3.4153,0.3565,0.3349,0.7349,0.7276
8929,178.58,3.327,3.313,bbox,55.804,59.669,54.795,59.321,6.8089,3.4133,,,,
8930,178.6,3.326,3.318,bbox,55.804,59.669,54.795,59.321,6.8086,3.4123,,,,
8931,178.62,3.03,3.318,pose,55.804,59.669,54.795,59.321,6.8082,3.4078,0.3537,0.3442,0.7355,0.7283
8932,178.64,0.58,3.03,bbox,55.804,59.669,54.795,59.321,6.8081,6.3012,,,,
8933,178.66,0.581,3.03,bbox,55.804,59.669,54.795,59.321,6.8079,6.3001,,,,
8934,178.68,0.365,0.581,pose,55.804,59.669,54.795,59.479,6.8075,6.3017,0.3512,0.2663,0.732,0.685
8935,178.7,0.577,0.58,bbox,55.804,59.669,54.795,59.479,6.8069,6.3025,,,,
8936,178.72,0.574,0.577,bbox,55.804,59.669,54.795,59.479,6.8064,6.3052,,,,
8937,178.74,0.362,0.574,pose,55.804,59.669,54.795,59.479,6.8076,6.3068,0.3562,0.2639,0.7248,0.6777
8938,178.76,0.575,0.574,bbox,55.804,59.669,54.795,59.479,6.8099,6.3076,,,,
8939,178.78,0.574,0.574,bbox,55.804,59.669,54.795,59.479,6.8104,6.3091,,,,
8940,178.8,0.386,0.574,pose,55.804,59.669,54.795,59.479,6.8104,6.3101,0.3468,0.2611,0.7424,0.6777
8941,178.82,0.572,0.572,bbox,55.804,59.669,54.795,59.479,6.8103,6.3148,,,,
8942,178.84,3.389,0.574,bbox,55.804,59.669,54.795,59.479,6.8111,3.3553,,,,
8943,178.86,3.016,0.574,pose,55.804,59.669,54.795,59.479,6.8109,3.3518,0.3543,0.437,0.7291,0.7239
8944,178.88,3.387,3.016,bbox,55.804,59.669,54.936,59.479,6.8108,3.3478,,,,
8945,178.9,3.392,3.387,bbox,55.804,59.669,54.936,59.479,6.8107,3.3408,,,,
8946,178.92,3.016,3.387,pose,55.804,59.669,54.936,59.479,6.8103,3.3242,0.3604,0.4518,0.7464,0.7389
8947,178.94,3.412,3.387,bbox,55.804,59.669,54.936,59.479,6.8099,3.3199,,,,
8948,178.96,3.419,3.392,bbox,55.804,59.669,54.967,59.479,6.8094,3.315,,,,
8949,178.98,3.012,3.392,pose,55.804,59.669,54.967,59.479,6.8069,3.3079,0.3591,0.4849,0.7478,0.7574
8950,179.0,3.428,3.412,bbox,55.804,59.669,54.967,59.479,6.8056,3.3059,,,,
8951,179.02,3.442,3.419,bbox,55.804,59.669,54.967,59.479,6.804,3.2967,,,,
8952,179.04,3.056,3.419,pose,55.804,59.669,54.967,59.479,6.8006,3.2902,0.3444,0.4954,0.7409,0.7727
8953,179.06,3.448,3.428,bbox,55.804,59.669,54.967,59.479,6.7994,3.2894,,,,
8954,179.08,3.439,3.439,bbox,55.804,59.669,55.001,59.479,6.7986,3.289,,,,
8955,179.1,3.057,3.439,pose,55.804,59.669,55.001,59.479,6.7995,3.2865,0.3474,0.4814,0.7356,0.7781
8956,179.12,3.431,3.431,bbox,55.804,59.669,55.001,59.479,6.8001,3.2863,,,,
8957,179.14,3.428,3.431,bbox,55.804,59.669,55.001,59.479,6.801,3.2867,,,,
8958,179.16,3.028,3.428,pose,55.804,59.669,55.001,59.479,6.8008,3.2865,0.3485,0.506,0.7309,0.7801
8959,179.18,3.445,3.428,bbox,55.804,59.669,55.001,59.479,6.801,3.2874,,,,
8960,179.2,3.452,3.431,bbox,55.804,59.669,55.001,59.479,6.8001,3.2879,,,,
8961,179.22,3.059,3.428,pose,55.804,59.669,55.001,59.479,6.801,3.2861,0.348,0.4981,0.734,0.7788
8962,179.24,3.445,3.445,bbox,55.804,59.669,55.001,59.479,6.804,3.2854,,,,
8963,179.26,3.45,3.445,bbox,55.804,59.669,55.001,59.479,6.806,3.2919,,,,
8964,179.28,3.085,3.445,pose,55.804,59.669,55.001,59.479,6.8077,3.2903,0.336,0.4906,0.7376,0.7566
8965,179.3,3.459,3.445,bbox,55.804,59.669,55.001,59.479,6.8102,3.2904,,,,
8966,179.32,3.475,3.45,bbox,55.804,59.669,55.001,59.479,6.8126,3.2866,,,,
8967,179.34,3.107,3.45,pose,55.804,59.669,55.001,59.479,6.8136,3.2859,0.3479,0.5058,0.7413,0.7743
8968,179.36,3.491,3.459,bbox,55.804,59.669,55.001,59.479,6.8143,3.2848,,,,
8969,179.38,3.492,3.475,bbox,55.804,59.669,55.001,59.479,6.8139,3.2821,,,,
8970,179.4,3.114,3.475,pose,55.804,59.669,55.001,59.479,6.8121,3.2756,0.3418,0.5093,0.7402,0.7658
8971,179.42,3.502,3.491,bbox,55.804,59.669,55.001,59.479,6.8092,3.2671,,,,
8972,179.44,3.503,3.492,bbox,55.804,59.669,55.001,59.479,6.8041,3.2574,,,,
8973,179.46,3.149,3.492,pose,55.804,59.669,55.001,59.479,6.8008,3.2472,0.3385,0.4508,0.739,0.7525
8974,179.48,3.489,3.489,bbox,55.804,59.669,55.034,59.479,6.7991,3.2339,,,,
8975,179.5,3.5,3.5,bbox,55.804,59.669,55.034,59.479,6.799,3.2147,,,,
8976,179.52,3.186,3.489,pose,55.804,59.669,55.034,59.479,6.7986,3.1931,0.3281,0.381,0.7373,0.7649
8977,179.54,3.511,3.489,bbox,55.804,59.669,55.076,59.479,6.7974,3.1752,,,,
8978,179.56,3.529,3.5,bbox,55.804,59.669,55.076,59.479,6.7984,3.1479,,,,
8979,179.58,3.253,3.5,pose,55.804,59.669,55.116,59.479,6.7991,3.1284,0.3303,0.2727,0.7421,0.7451
8980,179.6,3.572,3.511,bbox,55.804,59.669,55.116,59.479,6.8005,3.1031,,,,
8981,179.62,3.592,3.529,bbox,55.804,59.669,55.163,59.479,6.8019,3.0857,,,,
8982,179.64,3.818,3.572,pose,55.804,59.669,55.163,59.479,6.8027,3.0647,0.3338,0.0519,0.7436,-0.1096
8983,179.66,3.646,3.592,bbox,55.804,59.669,55.205,59.479,6.8043,3.0515,,,,
8984,179.68,3.659,3.646,bbox,55.804,59.669,55.205,59.479,6.807,3.0434,,,,
8985,179.7,3.859,3.659,pose,55.804,59.669,55.24,59.479,6.8064,3.0377,0.3485,0.0434,0.7322,-0.1097
8986,179.72,3.687,3.687,bbox,55.804,59.669,55.24,59.479,6.809,3.0274,,,,
8987,179.74,4.12,3.687,bbox,55.804,59.669,55.24,59.479,6.8105,4.0677,,,,
8988,179.76,3.6,3.687,pose,55.804,59.669,55.24,59.479,6.8109,4.066,0.3433,0.4156,0.7288,0.3994
8989,179.78,4.098,3.859,bbox,55.804,59.669,55.24,59.621,6.8119,4.0658,,,,
8990,179.8,4.099,4.098,bbox,55.804,59.669,55.24,59.621,6.8132,4.0651,,,,
8991,179.82,3.611,4.098,pose,55.804,59.669,55.24,59.621,6.8125,4.0576,0.3394,0.3958,0.7349,0.3968
8992,179.84,4.105,4.098,bbox,55.804,59.669,55.24,59.621,6.8119,4.0465,,,,
8993,179.86,4.111,4.099,bbox,55.804,59.669,55.24,59.621,6.8117,4.0415,,,,
8994,179.88,3.647,4.099,pose,55.804,59.669,55.24,59.621,6.8113,4.0362,0.344,0.3692,0.7306,0.415
8995,179.9,4.123,4.105,bbox,55.804,59.669,55.24,59.621,6.8106,4.0317,,,,
8996,179.92,4.127,4.111,bbox,55.804,59.669,55.24,59.621,6.8097,4.0265,,,,
8997,179.94,3.676,4.111,pose,55.804,59.669,55.274,59.621,6.8097,4.0256,0.353,0.342,0.7333,0.4186
8998,179.96,0.509,3.676,bbox,55.804,59.669,55.274,59.621,6.8093,6.377,,,,
8999,179.98,0.519,3.676,bbox,55.804,59.669,55.274,59.621,6.3658,6.8095,,,,
