frame,time_s,distance_raw_m,distance_smooth_m,method,f1_advance_m,f1_retreat_m,f2_advance_m,f2_retreat_m,f1_pos_m,f2_pos_m,f1_stance_m,f2_stance_m,f1_hip_height_m,f2_hip_height_m
0,0.0,,,,0.0,0.0,0.0,0.0,,,,,,
1,0.033,,,,0.0,0.0,0.0,0.0,,,,,,
2,0.067,,,,0.0,0.0,0.0,0.0,,,,,,
3,0.1,,,,0.0,0.0,0.0,0.0,,,,,,
4,0.133,,,,0.0,0.0,0.0,0.0,,,,,,
5,0.167,,,,0.0,0.0,0.0,0.0,,,,,,
6,0.2,,,,0.0,0.0,0.0,0.0,,,,,,
7,0.233,,,,0.0,0.0,0.0,0.0,,,,,,
8,0.267,,,,0.0,0.0,0.0,0.0,,,,,,
9,0.3,,,,0.0,0.0,0.0,0.0,,,,,,
10,0.333,,,,0.0,0.0,0.0,0.0,,,,,,
11,0.367,,,,0.0,0.0,0.0,0.0,,,,,,
12,0.4,,,,0.0,0.0,0.0,0.0,,,,,,
13,0.433,,,,0.0,0.0,0.0,0.0,,,,,,
14,0.467,,,,0.0,0.0,0.0,0.0,,,,,,
15,0.5,,,,0.0,0.0,0.0,0.0,,,,,,
16,0.533,7.76,7.76,bbox,0.0,0.0,0.0,0.0,9.1956,1.6996,,,,
17,0.567,7.772,7.766,bbox,0.0,0.0,0.0,0.0,9.1808,1.7298,,,,
18,0.6,7.445,7.76,pose,0.0,0.0,0.03,0.0,9.1644,1.7655,0.442,0.1991,0.7868,0.7446
19,0.633,,,,0.0,0.0,0.03,0.0,,,,,,
20,0.667,7.608,7.684,bbox,0.0,0.0,0.03,0.0,9.1343,1.7894,,,,
21,0.7,,,,0.0,0.0,0.03,0.0,,,,,,
22,0.733,,,,0.0,0.0,0.03,0.0,,,,,,
23,0.767,,,,0.0,0.0,0.03,0.0,,,,,,
24,0.8,,,,0.0,0.0,0.03,0.0,,,,,,
25,0.833,,,,0.0,0.0,0.03,0.0,,,,,,
26,0.867,,,,0.0,0.0,0.03,0.0,,,,,,
27,0.9,,,,0.0,0.0,0.03,0.0,,,,,,
28,0.933,,,,0.0,0.0,0.03,0.0,,,,,,
29,0.967,,,,0.0,0.0,0.03,0.0,,,,,,
30,1.0,,,,0.0,0.0,0.03,0.0,,,,,,
31,1.033,,,,0.0,0.0,0.03,0.0,,,,,,
32,1.067,,,,0.0,0.0,0.03,0.0,,,,,,
33,1.1,,,,0.0,0.0,0.03,0.0,,,,,,
34,1.133,,,,0.0,0.0,0.03,0.0,,,,,,
35,1.167,,,,0.0,0.0,0.03,0.0,,,,,,
36,1.2,,,,0.0,0.0,0.03,0.0,,,,,,
37,1.233,,,,0.0,0.0,0.03,0.0,,,,,,
38,1.267,6.422,7.608,bbox,0.031,0.0,0.066,0.0,8.8011,2.4385,,,,
39,1.3,6.291,7.445,bbox,0.061,0.0,0.066,0.0,8.7854,2.4738,,,,
40,1.333,,,,0.061,0.0,0.066,0.0,,,,,,
41,1.367,6.071,6.422,bbox,0.211,0.0,0.24,0.0,8.7478,2.5623,,,,
42,1.4,5.849,6.291,pose,0.211,0.0,0.275,0.0,8.6953,2.6011,0.093,0.2509,0.573,0.6814
43,1.433,5.849,6.071,bbox,0.265,0.0,0.364,0.0,8.6781,2.6517,,,,
44,1.467,5.679,5.849,bbox,0.317,0.0,0.402,0.0,8.6708,2.7462,,,,
45,1.5,5.479,5.849,pose,0.317,0.0,0.453,0.0,8.6361,2.7316,0.0624,0.014,0.1878,0.7257
46,1.533,5.494,5.679,bbox,0.317,0.0,0.533,0.0,8.6061,2.7647,,,,
47,1.567,5.508,5.508,bbox,0.376,0.0,0.533,0.0,8.5822,2.7911,,,,
48,1.6,5.294,5.494,pose,0.406,0.0,0.566,0.0,8.5324,2.8268,0.0457,0.1197,0.586,0.7319
49,1.633,5.442,5.479,bbox,0.406,0.0,0.566,0.0,8.4846,2.8606,,,,
50,1.667,,,,0.406,0.0,0.566,0.0,,,,,,
51,1.7,5.262,5.442,bbox,0.48,0.0,0.628,0.0,8.4013,2.9188,,0.1376,,0.6748
52,1.733,5.088,5.294,bbox,0.528,0.0,0.662,0.0,8.3661,2.9399,,,,
53,1.767,4.937,5.262,bbox,0.611,0.0,0.72,0.0,8.3239,2.9652,,,,
54,1.8,4.882,5.088,bbox,0.646,0.0,0.72,0.0,8.3034,2.9885,,0.1904,,0.6765
55,1.833,4.866,4.937,bbox,0.689,0.0,0.766,0.0,8.2907,3.0321,,,,
56,1.867,4.858,4.882,bbox,0.689,0.0,0.766,0.0,8.2828,3.0311,,,,
57,1.9,4.873,4.873,bbox,0.722,0.0,0.832,0.0,8.2888,3.0472,,0.1495,,0.6902
58,1.933,4.808,4.866,bbox,0.722,0.0,0.832,0.0,8.2686,3.0713,,,,
59,1.967,4.876,4.866,bbox,0.722,0.0,0.832,0.0,8.2613,3.0802,,,,
60,2.0,4.817,4.858,bbox,0.722,0.0,0.873,0.0,8.2553,3.0981,,0.0326,,0.646
61,2.033,,,,0.722,0.0,0.873,0.0,,,,,,
62,2.067,,,,0.722,0.0,0.873,0.0,,,,,,
63,2.1,,,,0.722,0.0,0.873,0.0,,,,,,
64,2.133,4.659,4.817,bbox,0.722,0.0,0.873,0.0,8.2498,3.2277,,,,
65,2.167,4.631,4.808,bbox,0.757,0.0,0.873,0.0,8.2342,3.2596,,,,
66,2.2,4.629,4.659,pose,0.757,0.0,1.029,0.0,8.2348,3.3052,0.0236,0.1169,0.5524,-0.5806
67,2.233,4.52,4.631,bbox,0.757,0.0,1.061,0.0,8.2265,3.3617,,,,
68,2.267,4.47,4.629,bbox,0.757,0.0,1.106,0.0,8.2157,3.4115,,,,
69,2.3,,,,0.757,0.0,1.106,0.0,,,,,,
70,2.333,,,,0.757,0.0,1.106,0.0,,,,,,
71,2.367,,,,0.757,0.0,1.106,0.0,,,,,,
72,2.4,,,,0.757,0.0,1.106,0.0,,,,,,
73,2.433,,,,0.757,0.0,1.106,0.0,,,,,,
74,2.467,,,,0.757,0.0,1.106,0.0,,,,,,
75,2.5,,,,0.757,0.0,1.106,0.0,,,,,,
76,2.533,,,,0.757,0.0,1.106,0.0,,,,,,
77,2.567,,,,0.757,0.0,1.106,0.0,,,,,,
78,2.6,,,,0.757,0.0,1.106,0.0,,,,,,
79,2.633,,,,0.757,0.0,1.106,0.0,,,,,,
80,2.667,,,,0.757,0.0,1.106,0.0,,,,,,
81,2.7,4.248,4.52,bbox,0.757,0.0,1.163,0.0,8.0352,3.6945,0.214,,0.6233,
82,2.733,,,,0.757,0.0,1.163,0.0,,,,,,
83,2.767,4.212,4.47,bbox,0.797,0.0,1.213,0.0,8.0489,3.6982,,,,
84,2.8,4.162,4.248,bbox,0.947,0.0,1.363,0.0,8.0629,3.7278,,0.0549,,0.7276
85,2.833,,,,0.947,0.0,1.363,0.0,,,,,,
86,2.867,4.194,4.212,bbox,0.947,0.0,1.363,0.0,8.1256,3.7633,,,,
87,2.9,,,,0.947,0.0,1.363,0.0,,,,,,
88,2.933,,,,0.947,0.0,1.363,0.0,,,,,,
89,2.967,,,,0.947,0.0,1.363,0.0,,,,,,
90,3.0,,,,0.947,0.0,1.363,0.0,,,,,,
91,3.033,,,,0.947,0.0,1.363,0.0,,,,,,
92,3.067,4.187,4.194,bbox,0.947,0.0,1.396,0.0,8.1584,3.859,,,,
93,3.1,4.211,4.194,bbox,0.947,0.063,1.432,0.0,8.1716,3.8279,,0.0257,,0.7654
94,3.133,4.316,4.194,bbox,0.947,0.096,1.432,0.0,8.2024,3.7903,,,,
95,3.167,4.401,4.211,bbox,0.947,0.096,1.432,0.0,8.2389,3.7893,,,,
96,3.2,4.436,4.316,bbox,0.947,0.14,1.432,0.0,8.244,3.7876,,0.1461,,0.712
97,3.233,,,,0.947,0.14,1.432,0.0,,,,,,
98,3.267,,,,0.947,0.14,1.432,0.0,,,,,,
99,3.3,4.517,4.401,bbox,0.947,0.14,1.432,0.0,8.2074,3.7044,,0.443,,0.699
100,3.333,,,,0.947,0.14,1.432,0.0,,,,,,
101,3.367,,,,0.947,0.14,1.432,0.0,,,,,,
102,3.4,4.436,4.436,bbox,0.947,0.176,1.432,0.0,8.2496,3.617,,0.5463,,0.6634
103,3.433,4.416,4.436,bbox,0.947,0.176,1.432,0.059,8.2786,3.594,,,,
104,3.467,4.551,4.436,bbox,0.947,0.176,1.432,0.146,8.2977,3.5631,,,,
105,3.5,4.575,4.517,bbox,0.947,0.216,1.432,0.146,8.3073,3.5584,,0.5783,,0.7068
106,3.533,4.633,4.551,bbox,0.947,0.216,1.432,0.2,8.3143,3.5555,,,,
107,3.567,4.631,4.575,bbox,0.947,0.216,1.432,0.2,8.3196,3.5517,,,,
108,3.6,,,,0.947,0.216,1.432,0.2,,,,,,
109,3.633,4.718,4.631,bbox,0.947,0.251,1.432,0.2,8.3588,3.5355,,,,
110,3.667,4.801,4.633,bbox,0.947,0.251,1.432,0.2,8.395,3.5177,,,,
111,3.7,,,,0.947,0.251,1.432,0.2,,,,,,
112,3.733,,,,0.947,0.251,1.432,0.2,,,,,,
113,3.767,,,,0.947,0.251,1.432,0.2,,,,,,
114,3.8,,,,0.947,0.251,1.432,0.2,,,,,,
115,3.833,,,,0.947,0.251,1.432,0.2,,,,,,
116,3.867,,,,0.947,0.251,1.432,0.2,,,,,,
117,3.9,,,,0.947,0.251,1.432,0.2,,,,,,
118,3.933,,,,0.947,0.251,1.432,0.2,,,,,,
119,3.967,,,,0.947,0.251,1.432,0.2,,,,,,
120,4.0,,,,0.947,0.251,1.432,0.2,,,,,,
121,4.033,,,,0.947,0.251,1.432,0.2,,,,,,
122,4.067,,,,0.947,0.251,1.432,0.2,,,,,,
123,4.1,,,,0.947,0.251,1.432,0.2,,,,,,
124,4.133,,,,0.947,0.251,1.432,0.2,,,,,,
125,4.167,,,,0.947,0.251,1.432,0.2,,,,,,
126,4.2,,,,0.947,0.251,1.432,0.2,,,,,,
127,4.233,,,,0.947,0.251,1.432,0.2,,,,,,
128,4.267,4.721,4.718,bbox,0.947,0.251,1.432,0.2,8.3396,3.5534,,,,
129,4.3,4.957,4.721,bbox,0.947,0.251,1.432,0.2,8.2833,3.5406,,0.5849,,0.6652
130,4.333,4.976,4.801,bbox,0.947,0.251,1.432,0.2,8.2299,3.5488,,,,
131,4.367,4.747,4.801,bbox,0.978,0.251,1.432,0.2,8.1971,3.6019,,,,
132,4.4,4.604,4.747,bbox,1.031,0.251,1.432,0.2,8.1707,3.6121,,0.6151,,0.7001
133,4.433,4.503,4.747,bbox,1.064,0.251,1.47,0.2,8.1377,3.6789,,,,
134,4.467,,,,1.064,0.251,1.47,0.2,,,,,,
135,4.5,4.458,4.604,bbox,1.064,0.251,1.47,0.2,8.0939,3.6813,,0.5978,,0.736
136,4.533,4.444,4.503,bbox,1.123,0.251,1.528,0.2,8.0722,3.6596,,,,
137,4.567,4.395,4.458,bbox,1.167,0.251,1.528,0.2,8.0332,3.6614,,,,
138,4.6,4.347,4.444,bbox,1.167,0.251,1.528,0.2,7.9959,3.6839,,0.6365,,0.6626
139,4.633,4.351,4.395,bbox,1.228,0.251,1.528,0.2,7.9783,3.6748,,,,
140,4.667,,,,1.228,0.251,1.528,0.2,,,,,,
141,4.7,4.282,4.351,bbox,1.265,0.251,1.528,0.2,7.9538,3.7378,,0.468,,0.7561
142,4.733,4.262,4.347,bbox,1.265,0.251,1.528,0.2,7.9455,3.7526,,,,
143,4.767,4.246,4.282,bbox,1.307,0.251,1.606,0.2,7.94,3.7497,,,,
144,4.8,4.223,4.262,bbox,1.307,0.251,1.606,0.2,7.9318,3.7417,,0.6699,,0.6128
145,4.833,4.21,4.246,bbox,1.307,0.251,1.606,0.2,7.9249,3.7551,,,,
146,4.867,4.227,4.227,bbox,1.307,0.251,1.606,0.2,7.9245,3.7479,,,,
147,4.9,4.22,4.223,bbox,1.307,0.251,1.606,0.2,7.9304,3.7836,,0.5416,,0.7234
148,4.933,4.191,4.22,bbox,1.307,0.251,1.606,0.2,7.9315,3.8316,,,,
149,4.967,4.129,4.21,bbox,1.307,0.251,1.652,0.2,7.949,3.9048,,,,
150,5.0,,,,1.307,0.251,1.652,0.2,,,,,,
151,5.033,,,,1.307,0.251,1.652,0.2,,,,,,
152,5.067,,,,1.307,0.251,1.652,0.2,,,,,,
153,5.1,4.238,4.22,bbox,1.307,0.251,1.685,0.2,8.0013,3.8163,,0.4823,,0.7062
154,5.133,4.28,4.22,bbox,1.307,0.251,1.685,0.2,8.0231,3.8119,,,,
155,5.167,4.218,4.218,bbox,1.307,0.299,1.685,0.2,8.0425,3.855,,,,
156,5.2,4.022,4.218,pose,1.307,0.299,1.685,0.2,8.0763,3.8365,0.3764,0.4775,0.7364,0.7055
157,5.233,4.155,4.218,bbox,1.307,0.34,1.685,0.2,8.0903,3.84,,,,
158,5.267,4.184,4.184,bbox,1.307,0.374,1.685,0.2,8.1038,3.8319,,,,
159,5.3,,,,1.307,0.374,1.685,0.2,,,,,,
160,5.333,,,,1.307,0.374,1.685,0.2,,,,,,
161,5.367,4.287,4.184,bbox,1.307,0.374,1.685,0.2,8.1575,3.8182,,,,
162,5.4,5.263,4.184,pose,1.307,0.374,1.685,0.2,8.1684,3.8132,0.3359,0.4377,0.7107,-1.6142
163,5.433,4.356,4.287,bbox,1.307,0.455,1.685,0.2,8.1736,3.8115,,,,
164,5.467,4.375,4.356,bbox,1.307,0.455,1.685,0.2,8.1912,3.806,,,,
165,5.5,,,,1.307,0.455,1.685,0.2,,,,,,
166,5.533,,,,1.307,0.455,1.685,0.2,,,,,,
167,5.567,4.437,4.375,bbox,1.307,0.455,1.685,0.2,8.2173,3.7831,,,,
168,5.6,4.448,4.437,bbox,1.307,0.489,1.685,0.2,8.223,3.7781,,0.4487,,0.6877
169,5.633,4.456,4.437,bbox,1.307,0.489,1.685,0.233,8.2187,3.7758,,,,
170,5.667,4.439,4.439,bbox,1.307,0.489,1.685,0.233,8.2076,3.772,,,,
171,5.7,4.457,4.448,bbox,1.307,0.489,1.685,0.233,8.1886,3.7734,,0.1942,,0.6837
172,5.733,4.404,4.448,bbox,1.307,0.489,1.685,0.233,8.1722,3.7761,,,,
173,5.767,4.367,4.439,bbox,1.307,0.489,1.685,0.233,8.1747,3.7797,,,,
174,5.8,4.405,4.405,bbox,1.307,0.489,1.685,0.233,8.1396,3.7828,,0.0583,,0.702
175,5.833,4.383,4.404,bbox,1.307,0.489,1.685,0.233,8.1166,3.7846,,,,
176,5.867,4.338,4.383,bbox,1.359,0.489,1.685,0.233,8.0871,3.7854,,,,
177,5.9,4.296,4.367,bbox,1.359,0.489,1.685,0.233,8.0693,3.7861,,0.4283,,0.6838
178,5.933,4.262,4.338,bbox,1.411,0.489,1.685,0.233,8.0525,3.785,,,,
179,5.967,4.227,4.296,bbox,1.411,0.489,1.685,0.233,8.0282,3.7861,,,,
180,6.0,4.196,4.262,bbox,1.446,0.489,1.685,0.233,8.0061,3.7899,,0.5122,,0.6012
181,6.033,4.178,4.227,bbox,1.446,0.489,1.685,0.233,7.9844,3.7892,,,,
182,6.067,4.128,4.196,bbox,1.492,0.489,1.685,0.233,7.9589,3.7889,,,,
183,6.1,4.104,4.178,bbox,1.492,0.489,1.685,0.233,7.9341,3.7846,,0.4891,,0.6163
184,6.133,4.097,4.128,bbox,1.539,0.489,1.685,0.233,7.9157,3.7791,,,,
185,6.167,4.088,4.104,bbox,1.539,0.489,1.685,0.233,7.8987,3.7833,,,,
186,6.2,4.076,4.097,bbox,1.583,0.489,1.685,0.233,7.8818,3.7878,,0.0339,,0.211
187,6.233,4.066,4.088,bbox,1.583,0.489,1.685,0.233,7.8667,3.7872,,,,
188,6.267,4.056,4.076,bbox,1.617,0.489,1.685,0.233,7.8617,3.7935,,,,
189,6.3,4.015,4.066,pose,1.617,0.489,1.685,0.233,7.8534,3.7971,0.2131,0.0945,0.6886,0.5713
190,6.333,4.016,4.056,bbox,1.617,0.489,1.685,0.233,7.832,3.7994,,,,
191,6.367,4.034,4.034,bbox,1.617,0.489,1.685,0.233,7.8197,3.7967,,,,
192,6.4,4.011,4.016,bbox,1.666,0.489,1.685,0.233,7.8061,3.8108,,0.5474,,0.6801
193,6.433,4.02,4.016,bbox,1.666,0.489,1.685,0.233,7.7978,3.8168,,,,
194,6.467,4.009,4.016,bbox,1.666,0.489,1.685,0.233,7.7853,3.8265,,,,
195,6.5,4.027,4.02,bbox,1.701,0.489,1.718,0.233,7.783,3.8355,,0.715,,0.6068
196,6.533,4.034,4.02,bbox,1.701,0.489,1.718,0.233,7.782,3.8452,,,,
197,6.567,4.045,4.027,bbox,1.701,0.489,1.718,0.233,7.7958,3.8585,,,,
198,6.6,3.968,4.027,bbox,1.701,0.489,1.718,0.233,7.8039,3.9409,,0.8409,,0.5838
199,6.633,3.931,4.027,bbox,1.701,0.489,1.76,0.233,7.8139,3.9585,,,,
200,6.667,4.003,4.003,bbox,1.701,0.489,1.843,0.233,7.8118,3.9506,,,,
201,6.7,4.041,4.003,bbox,1.701,0.489,1.843,0.233,7.8028,3.944,,0.789,,0.3772
202,6.733,4.063,4.003,bbox,1.701,0.489,1.843,0.233,7.7731,3.9093,,,,
203,6.767,3.937,4.003,bbox,1.701,0.489,1.843,0.233,7.7219,3.9359,,,,
204,6.8,3.837,4.003,bbox,1.701,0.489,1.843,0.233,7.6738,3.9495,,0.8785,,0.5957
205,6.833,3.862,3.937,bbox,1.777,0.489,1.843,0.233,7.6641,3.9322,,,,
206,6.867,3.808,3.862,bbox,1.825,0.489,1.843,0.233,7.6248,3.9383,,,,
207,6.9,3.04,3.837,pose,1.825,0.489,1.843,0.233,7.6299,3.972,0.0911,0.836,-0.0504,0.6478
208,6.933,3.726,3.808,bbox,1.868,0.489,1.843,0.233,7.6258,4.0024,,,,
209,6.967,3.617,3.726,bbox,1.868,0.489,1.874,0.233,7.5668,4.0232,,,,
210,7.0,3.578,3.617,bbox,1.868,0.489,1.904,0.233,7.5263,4.0354,,0.637,,0.5849
211,7.033,3.613,3.613,bbox,1.932,0.489,1.904,0.233,7.5107,4.0194,,,,
212,7.067,3.555,3.613,bbox,1.972,0.489,1.904,0.233,7.4729,4.0254,,,,
213,7.1,3.52,3.578,bbox,1.972,0.489,1.904,0.233,7.4199,4.0217,,0.7667,,0.6009
214,7.133,3.434,3.555,bbox,2.025,0.489,1.904,0.233,7.3433,4.0195,,,,
215,7.167,3.396,3.52,bbox,2.078,0.489,1.904,0.233,7.3127,4.0211,,,,
216,7.2,3.266,3.434,pose,2.155,0.489,1.904,0.233,7.2819,3.9986,0.073,0.778,-0.1562,0.6606
217,7.233,3.371,3.396,bbox,2.186,0.489,1.904,0.233,7.2723,3.9605,,,,
218,7.267,3.408,3.396,bbox,2.217,0.489,1.904,0.233,7.258,3.9294,,,,
219,7.3,3.479,3.396,bbox,2.217,0.489,1.904,0.275,7.2627,3.898,,0.786,,0.7071
220,7.333,3.434,3.408,bbox,2.217,0.489,1.904,0.306,7.2732,3.8955,,,,
221,7.367,3.464,3.434,bbox,2.217,0.489,1.904,0.338,7.2649,3.8785,,,,
222,7.4,3.489,3.464,bbox,2.217,0.489,1.904,0.338,7.2681,3.8784,,0.7204,,0.6409
223,7.433,3.541,3.479,bbox,2.217,0.489,1.904,0.338,7.277,3.8705,,,,
224,7.467,3.56,3.489,bbox,2.217,0.489,1.904,0.338,7.2813,3.8753,,,,
225,7.5,3.582,3.541,bbox,2.217,0.489,1.904,0.338,7.2692,3.8686,,0.727,,0.5833
226,7.533,3.612,3.56,bbox,2.217,0.489,1.904,0.338,7.274,3.861,,,,
227,7.567,3.642,3.582,bbox,2.217,0.489,1.904,0.338,7.2776,3.8516,,,,
228,7.6,3.649,3.612,bbox,2.217,0.489,1.904,0.375,7.2666,3.8468,,0.6929,,0.6481
229,7.633,3.609,3.612,bbox,2.217,0.489,1.904,0.375,7.2592,3.8378,,,,
230,7.667,3.591,3.612,bbox,2.217,0.489,1.904,0.375,7.2592,3.833,,,,
231,7.7,3.562,3.609,bbox,2.217,0.489,1.904,0.375,7.2377,3.8131,,0.5514,,0.7352
232,7.733,3.551,3.591,bbox,2.217,0.489,1.904,0.375,7.2313,3.8099,,,,
233,7.767,3.554,3.562,bbox,2.261,0.489,1.904,0.423,7.2193,3.7994,,,,
234,7.8,3.617,3.562,bbox,2.261,0.489,1.904,0.423,7.1999,3.7745,,0.2274,,0.7091
235,7.833,3.629,3.562,bbox,2.261,0.489,1.904,0.423,7.1695,3.7623,,,,
236,7.867,3.621,3.617,bbox,2.298,0.489,1.904,0.461,7.1457,3.7559,,,,
237,7.9,3.636,3.621,bbox,2.329,0.489,1.904,0.461,7.122,3.756,,0.3079,,0.5811
238,7.933,3.614,3.621,bbox,2.329,0.489,1.904,0.461,7.1008,3.7549,,,,
239,7.967,3.59,3.621,bbox,2.376,0.489,1.904,0.461,7.0666,3.7545,,,,
240,8.0,3.556,3.614,bbox,2.376,0.489,1.904,0.461,7.0363,3.7598,,0.0082,,0.6184
241,8.033,3.477,3.59,bbox,2.432,0.489,1.904,0.461,6.9862,3.7626,,,,
242,8.067,3.413,3.556,bbox,2.462,0.489,1.904,0.461,6.9846,3.7736,,,,
243,8.1,3.029,3.477,pose,2.512,0.489,1.904,0.461,6.9715,3.7877,0.7997,0.3355,0.4747,0.6722
244,8.133,3.304,3.413,bbox,2.512,0.489,1.904,0.461,6.9602,3.8047,,,,
245,8.167,3.268,3.304,bbox,2.512,0.489,1.904,0.461,6.9418,3.8043,,,,
246,8.2,3.208,3.268,pose,2.512,0.489,1.904,0.461,6.8771,3.8109,0.2671,0.535,0.401,0.677
247,8.233,3.132,3.208,bbox,2.557,0.489,1.934,0.461,6.8459,3.8279,,,,
248,8.267,3.155,3.208,bbox,2.621,0.489,1.934,0.461,6.834,3.8401,,,,
249,8.3,2.774,3.155,pose,2.653,0.489,1.934,0.461,6.824,3.8536,0.1038,0.8479,0.4306,0.5041
250,8.333,3.165,3.155,bbox,2.653,0.489,1.97,0.461,6.8295,3.9142,,,,
251,8.367,3.181,3.155,bbox,2.653,0.489,1.97,0.461,6.8344,3.9185,,,,
252,8.4,3.184,3.165,bbox,2.653,0.489,2.044,0.461,6.8488,3.9201,0.3124,,0.4332,
253,8.433,3.171,3.171,bbox,2.653,0.489,2.044,0.461,6.869,3.922,,,,
254,8.467,3.128,3.171,bbox,2.653,0.489,2.044,0.461,6.8877,3.9368,,,,
255,8.5,3.072,3.171,bbox,2.653,0.489,2.044,0.461,6.8869,3.9586,,0.7494,,0.6102
256,8.533,2.993,3.128,bbox,2.653,0.489,2.044,0.461,6.8332,3.9672,,,,
257,8.567,2.933,3.072,bbox,2.653,0.489,2.088,0.461,6.8063,3.9791,,,,
258,8.6,2.556,2.993,pose,2.653,0.489,2.088,0.461,6.8511,3.9926,0.0286,0.7711,0.2488,0.5961
259,8.633,2.964,2.964,bbox,2.653,0.489,2.088,0.461,6.8363,4.01,,,,
260,8.667,2.968,2.964,bbox,2.653,0.489,2.122,0.461,6.8318,4.0183,,,,
261,8.7,4.316,2.964,pose,2.653,0.489,2.122,0.461,6.8312,4.0221,0.0272,0.8919,0.4053,0.5855
262,8.733,2.952,2.964,bbox,2.653,0.489,2.122,0.461,6.8155,4.0294,,,,
263,8.767,3.011,2.968,bbox,2.653,0.489,2.122,0.461,6.866,4.0309,,,,
264,8.8,2.901,2.968,bbox,2.653,0.489,2.159,0.461,6.7735,4.0373,,0.9013,,0.5588
265,8.833,2.99,2.99,bbox,2.653,0.489,2.159,0.461,6.8635,4.0374,,,,
266,8.867,2.981,2.981,bbox,2.653,0.489,2.159,0.461,6.8681,4.0425,,,,
267,8.9,2.934,2.981,bbox,2.653,0.489,2.159,0.461,6.8383,4.0394,,0.681,,0.6127
268,8.933,2.903,2.934,bbox,2.653,0.489,2.159,0.461,6.8132,4.0403,,,,
269,8.967,2.883,2.934,bbox,2.653,0.489,2.159,0.461,6.7888,4.0544,,,,
270,9.0,3.598,2.934,pose,2.685,0.489,2.159,0.461,6.7458,4.0734,0.2837,0.7502,0.1938,0.6684
271,9.033,2.788,2.903,bbox,2.685,0.489,2.159,0.461,6.7056,4.0739,,,,
272,9.067,2.781,2.883,bbox,2.753,0.489,2.2,0.461,6.6894,4.0704,,,,
273,9.1,2.778,2.788,bbox,2.793,0.489,2.2,0.461,6.6946,4.0744,,0.7406,,0.6297
274,9.133,2.764,2.781,bbox,2.793,0.489,2.2,0.461,6.6774,4.0655,,,,
275,9.167,2.733,2.778,bbox,2.793,0.489,2.2,0.461,6.6598,4.0545,,,,
276,9.2,2.723,2.764,bbox,2.793,0.489,2.2,0.461,6.6655,4.0575,,0.622,,0.6294
277,9.233,2.71,2.733,bbox,2.833,0.489,2.2,0.461,6.6516,4.0517,,,,
278,9.267,2.733,2.733,bbox,2.833,0.489,2.2,0.461,6.6438,4.0374,,,,
279,9.3,2.786,2.733,bbox,2.833,0.489,2.2,0.461,6.6323,3.9927,,0.7564,,0.6693
280,9.333,2.812,2.733,bbox,2.833,0.489,2.2,0.494,6.6187,3.9637,,,,
281,9.367,2.829,2.786,bbox,2.866,0.489,2.2,0.539,6.6146,3.9467,,,,
282,9.4,2.515,2.786,pose,2.866,0.489,2.2,0.539,6.6208,3.913,0.6661,0.6229,0.6572,0.7049
283,9.433,2.922,2.812,bbox,2.866,0.489,2.2,0.585,6.6505,3.893,,,,
284,9.467,2.976,2.829,bbox,2.866,0.489,2.2,0.619,6.6812,3.868,,,,
285,9.5,3.038,2.922,bbox,2.866,0.489,2.2,0.619,6.7146,3.8289,,0.7994,,0.6026
286,9.533,3.091,2.976,bbox,2.866,0.538,2.2,0.664,6.7413,3.8171,,,,
287,9.567,3.159,3.038,bbox,2.866,0.571,2.2,0.703,6.7807,3.8109,,,,
288,9.6,3.156,3.091,bbox,2.866,0.571,2.2,0.703,6.7884,3.8036,,0.8243,,0.6021
289,9.633,3.172,3.156,bbox,2.866,0.637,2.2,0.703,6.7953,3.7975,,,,
290,9.667,3.146,3.156,bbox,2.866,0.637,2.2,0.703,6.7911,3.7975,,,,
291,9.7,3.305,3.159,pose,2.866,0.637,2.2,0.734,6.7957,3.7837,0.2577,0.4089,0.6133,0.6762
292,9.733,3.182,3.172,bbox,2.866,0.637,2.2,0.734,6.7898,3.7865,,,,
293,9.767,3.16,3.172,bbox,2.866,0.637,2.2,0.734,6.7823,3.7886,,,,
294,9.8,3.139,3.16,pose,2.866,0.637,2.2,0.734,6.7862,3.7839,0.4007,0.4633,0.5342,0.7094
295,9.833,3.157,3.16,bbox,2.866,0.637,2.2,0.734,6.7878,3.7869,,,,
296,9.867,3.154,3.157,bbox,2.866,0.637,2.2,0.734,6.7863,3.7846,,,,
297,9.9,3.156,3.156,bbox,2.866,0.637,2.2,0.734,6.7782,3.7766,,0.7178,,0.6691
298,9.933,3.155,3.155,bbox,2.866,0.637,2.2,0.734,6.769,3.7697,,,,
299,9.967,3.146,3.155,bbox,2.866,0.637,2.2,0.734,6.7657,3.7687,,,,
300,10.0,3.177,3.155,bbox,2.866,0.637,2.2,0.734,6.7558,3.7699,,0.8351,,0.6042
301,10.033,3.169,3.156,bbox,2.866,0.637,2.2,0.734,6.7386,3.7748,,,,
302,10.067,3.157,3.157,bbox,2.866,0.637,2.2,0.734,6.7204,3.7773,,,,
303,10.1,3.142,3.157,bbox,2.908,0.637,2.2,0.734,6.6987,3.7769,,0.8276,,0.6057
304,10.133,3.112,3.157,bbox,2.908,0.637,2.2,0.734,6.6846,3.7851,,,,
305,10.167,3.075,3.142,bbox,2.948,0.637,2.2,0.734,6.6703,3.7917,,,,
306,10.2,2.783,3.112,pose,2.948,0.637,2.2,0.734,6.6502,3.7985,0.0278,0.8051,0.3764,0.6633
307,10.233,2.998,3.075,bbox,2.948,0.637,2.2,0.734,6.6405,3.8074,,,,
308,10.267,2.977,2.998,bbox,2.997,0.637,2.2,0.734,6.6357,3.8121,,,,
309,10.3,2.946,2.977,bbox,2.997,0.637,2.2,0.734,6.591,3.8047,,0.8351,,0.6408
310,10.333,2.894,2.946,bbox,2.997,0.637,2.2,0.734,6.5109,3.8034,,,,
311,10.367,2.849,2.946,bbox,3.056,0.637,2.2,0.734,6.4467,3.7997,,,,
312,10.4,2.286,2.894,pose,3.136,0.637,2.2,0.734,6.4069,3.8031,0.5073,0.8487,0.5773,0.5711
313,10.433,2.796,2.849,bbox,3.2,0.637,2.2,0.734,6.3942,3.8057,,,,
314,10.467,2.803,2.803,bbox,3.24,0.637,2.2,0.734,6.3976,3.8052,,,,
315,10.5,2.78,2.796,bbox,3.24,0.637,2.2,0.734,6.3796,3.8051,,0.864,,0.5753
316,10.533,2.771,2.78,bbox,3.24,0.637,2.2,0.734,6.3888,3.8013,,,,
317,10.567,2.754,2.78,bbox,3.24,0.637,2.2,0.734,6.3884,3.803,,,,
318,10.6,2.764,2.771,bbox,3.24,0.637,2.2,0.734,6.4123,3.8076,,0.8733,,0.6116
319,10.633,2.765,2.765,bbox,3.24,0.637,2.2,0.734,6.43,3.8145,,,,
320,10.667,2.84,2.765,bbox,3.24,0.637,2.2,0.734,6.5093,3.8178,,,,
321,10.7,2.932,2.765,bbox,3.24,0.637,2.2,0.734,6.6001,3.8227,,0.8305,,0.636
322,10.733,2.974,2.84,bbox,3.24,0.74,2.2,0.734,6.6512,3.8204,,,,
323,10.767,3.061,2.932,bbox,3.24,0.83,2.2,0.734,6.7103,3.8158,,,,
324,10.8,2.489,2.932,pose,3.24,0.881,2.2,0.734,6.7641,3.8094,0.7316,0.8533,0.5393,0.5838
325,10.833,3.214,2.974,bbox,3.24,0.941,2.2,0.734,6.7949,3.8153,,,,
326,10.867,3.232,3.061,bbox,3.24,0.994,2.2,0.734,6.8156,3.8219,,,,
327,10.9,3.146,3.146,bbox,3.24,0.994,2.2,0.734,6.727,3.8248,,0.8389,,0.5665
328,10.933,3.187,3.187,bbox,3.24,0.994,2.2,0.734,6.7885,3.8232,,,,
329,10.967,3.206,3.206,bbox,3.24,1.025,2.2,0.734,6.8318,3.8326,,,,
330,11.0,2.498,3.187,pose,3.24,1.025,2.2,0.734,6.8717,3.8427,0.8613,0.8112,0.4806,0.6182
331,11.033,3.201,3.187,bbox,3.24,1.062,2.235,0.734,6.9208,3.859,,,,
332,11.067,3.259,3.201,bbox,3.24,1.102,2.235,0.734,6.9916,3.864,,,,
333,11.1,3.31,3.206,bbox,3.24,1.151,2.235,0.734,7.0539,3.8696,,0.7957,,0.6614
334,11.133,3.364,3.259,bbox,3.24,1.222,2.266,0.734,7.0838,3.8632,,,,
335,11.167,3.413,3.31,bbox,3.24,1.284,2.266,0.734,7.1105,3.8652,,,,
336,11.2,3.432,3.364,bbox,3.24,1.284,2.266,0.734,7.1059,3.8537,,0.8205,,0.6104
337,11.233,3.477,3.413,bbox,3.24,1.327,2.266,0.734,7.097,3.8502,,,,
338,11.267,3.477,3.432,bbox,3.24,1.327,2.266,0.734,7.0888,3.8591,,,,
339,11.3,3.006,3.432,pose,3.24,1.327,2.266,0.734,7.0819,3.8572,0.0676,0.9311,0.8055,0.5803
340,11.333,3.462,3.462,bbox,3.24,1.327,2.266,0.734,7.0818,3.8614,,,,
341,11.367,3.44,3.462,bbox,3.24,1.327,2.266,0.734,7.0946,3.8645,,,,
342,11.4,3.262,3.44,pose,3.24,1.327,2.266,0.734,7.0716,3.8702,0.0883,0.8628,1.1507,0.6055
343,11.433,3.31,3.31,bbox,3.24,1.327,2.266,0.734,7.0366,3.8765,,,,
344,11.467,3.271,3.31,bbox,3.24,1.327,2.266,0.734,6.9778,3.8688,,,,
345,11.5,3.944,3.31,pose,3.3,1.327,2.266,0.734,6.9616,3.8743,0.1646,0.7778,0.1292,0.6267
346,11.533,3.144,3.271,bbox,3.359,1.327,2.266,0.734,6.9015,3.8783,,,,
347,11.567,3.122,3.271,bbox,3.359,1.327,2.266,0.734,6.8691,3.8854,,,,
348,11.6,3.104,3.144,bbox,3.435,1.327,2.266,0.734,6.8229,3.8948,,0.4355,,0.6416
349,11.633,3.143,3.143,bbox,3.468,1.327,2.266,0.734,6.7999,3.887,,,,
350,11.667,3.129,3.129,bbox,3.514,1.327,2.266,0.734,6.7466,3.8654,,,,
351,11.7,3.112,3.122,bbox,3.514,1.327,2.266,0.734,6.6955,3.8326,,0.8917,,0.6244
352,11.733,3.079,3.112,bbox,3.59,1.327,2.266,0.734,6.6504,3.8114,,,,
353,11.767,3.065,3.112,bbox,3.641,1.327,2.266,0.765,6.6151,3.7789,,,,
354,11.8,3.044,3.079,bbox,3.686,1.327,2.266,0.765,6.5685,3.7489,,,,
355,11.833,2.952,3.065,bbox,3.722,1.327,2.266,0.818,6.5122,3.7452,,,,
356,11.867,2.904,3.044,bbox,3.768,1.327,2.266,0.818,6.4632,3.7377,,,,
357,11.9,2.86,2.952,bbox,3.825,1.327,2.266,0.852,6.4159,3.7281,,0.0022,,0.3964
358,11.933,2.838,2.904,bbox,3.874,1.327,2.266,0.852,6.3767,3.7176,,,,
359,11.967,2.814,2.86,bbox,3.921,1.327,2.266,0.852,6.3358,3.7099,,,,
360,12.0,2.801,2.838,bbox,3.96,1.327,2.266,0.852,6.2881,3.6914,,0.067,,0.1373
361,12.033,2.751,2.814,bbox,4.001,1.327,2.266,0.887,6.2428,3.7035,,,,
362,12.067,2.739,2.801,bbox,4.049,1.327,2.266,0.887,6.2093,3.6907,,,,
363,12.1,2.745,2.751,bbox,4.094,1.327,2.266,0.887,6.2175,3.6804,,0.0614,,0.2009
364,12.133,2.733,2.745,bbox,4.094,1.327,2.266,0.887,6.2169,3.6729,,,,
365,12.167,2.77,2.745,bbox,4.094,1.327,2.266,0.887,6.2322,3.6453,,,,
366,12.2,2.82,2.745,bbox,4.094,1.327,2.266,0.924,6.265,3.6228,,0.9848,,0.596
367,12.233,2.845,2.77,bbox,4.094,1.327,2.266,0.924,6.2728,3.5896,,,,
368,12.267,2.875,2.82,bbox,4.094,1.327,2.266,0.975,6.3015,3.5661,,,,
369,12.3,3.647,2.845,pose,4.094,1.357,2.266,1.008,6.3381,3.5469,0.1553,0.9555,0.4737,0.6333
370,12.333,2.996,2.875,bbox,4.094,1.357,2.266,1.008,6.3474,3.531,,,,
371,12.367,3.031,2.996,bbox,4.094,1.423,2.266,1.05,6.353,3.5206,,,,
372,12.4,3.114,3.031,bbox,4.094,1.423,2.266,1.05,6.3585,3.5014,,0.9549,,0.6036
373,12.433,3.138,3.114,bbox,4.094,1.423,2.266,1.05,6.3664,3.47,,,,
374,12.467,3.144,3.114,bbox,4.094,1.423,2.266,1.096,6.3774,3.4586,,,,
375,12.5,3.18,3.138,bbox,4.094,1.423,2.266,1.127,6.3917,3.4546,,0.9496,,0.5791
376,12.533,3.206,3.144,bbox,4.094,1.462,2.266,1.127,6.4264,3.4427,,,,
377,12.567,3.225,3.18,bbox,4.094,1.462,2.266,1.127,6.4448,3.4378,,,,
378,12.6,2.668,3.18,pose,4.094,1.511,2.266,1.127,6.4621,3.4249,0.5123,0.9321,0.6921,0.6053
379,12.633,3.227,3.206,bbox,4.094,1.511,2.266,1.16,6.472,3.428,,,,
380,12.667,3.212,3.212,bbox,4.094,1.547,2.266,1.16,6.485,3.4318,,,,
381,12.7,3.212,3.212,bbox,4.094,1.547,2.266,1.16,6.482,3.4299,,0.8652,,0.6663
382,12.733,3.235,3.212,bbox,4.094,1.547,2.266,1.16,6.4852,3.4332,,,,
383,12.767,3.244,3.227,bbox,4.094,1.547,2.266,1.16,6.4848,3.4357,,,,
384,12.8,3.31,3.235,bbox,4.094,1.547,2.266,1.16,6.4852,3.4241,,0.8759,,0.6687
385,12.833,3.289,3.244,bbox,4.094,1.547,2.266,1.16,6.4767,3.4279,,,,
386,12.867,3.294,3.289,bbox,4.094,1.547,2.266,1.16,6.4792,3.4168,,,,
387,12.9,3.321,3.294,bbox,4.094,1.547,2.266,1.16,6.4734,3.4098,,0.8911,,0.6068
388,12.933,3.32,3.31,bbox,4.094,1.547,2.266,1.16,6.4517,3.4058,,,,
389,12.967,3.253,3.294,bbox,4.094,1.547,2.266,1.16,6.4289,3.4042,,,,
390,13.0,2.734,3.294,pose,4.094,1.547,2.266,1.16,6.4081,3.4147,0.3901,0.9036,0.4294,0.5813
391,13.033,3.147,3.253,bbox,4.127,1.547,2.266,1.16,6.3812,3.421,,,,
392,13.067,3.113,3.147,bbox,4.127,1.547,2.266,1.16,6.3593,3.4335,,,,
393,13.1,3.106,3.113,bbox,4.175,1.547,2.266,1.16,6.3544,3.4434,,0.827,,0.6539
394,13.133,,,,4.175,1.547,2.266,1.16,,,,,,
395,13.167,3.009,3.106,bbox,4.175,1.547,2.266,1.16,6.3178,3.5135,,,,
396,13.2,2.584,3.106,pose,4.175,1.547,2.266,1.16,6.3062,3.5334,0.6577,0.7211,0.4621,0.678
397,13.233,2.948,3.009,bbox,4.238,1.547,2.341,1.16,6.3028,3.5475,,,,
398,13.267,2.914,2.948,bbox,4.238,1.547,2.341,1.16,6.284,3.5598,,,,
399,13.3,2.436,2.914,pose,4.238,1.547,2.375,1.16,6.2625,3.5793,0.6142,0.6583,0.626,0.6861
400,13.333,2.817,2.817,bbox,4.272,1.547,2.375,1.16,6.2308,3.578,,,,
401,13.367,2.827,2.827,bbox,4.272,1.547,2.406,1.16,6.2048,3.5865,,,,
402,13.4,2.825,2.825,bbox,4.325,1.547,2.406,1.16,6.1953,3.62,,0.7795,,0.5211
403,13.433,2.843,2.825,bbox,4.325,1.547,2.406,1.16,6.1864,3.6252,,,,
404,13.467,2.835,2.827,bbox,4.361,1.547,2.448,1.16,6.1822,3.6397,,,,
405,13.5,2.801,2.827,bbox,4.361,1.547,2.448,1.16,6.1837,3.671,,0.0441,,0.0154
406,13.533,2.736,2.825,bbox,4.361,1.547,2.448,1.16,6.1984,3.7343,,,,
407,13.567,2.671,2.801,bbox,4.361,1.547,2.499,1.16,6.2086,3.796,,,,
408,13.6,2.623,2.736,bbox,4.361,1.547,2.562,1.16,6.218,3.8417,,0.1017,,0.1381
409,13.633,2.581,2.671,bbox,4.361,1.547,2.624,1.16,6.258,3.9241,,,,
410,13.667,2.601,2.623,bbox,4.361,1.547,2.67,1.16,6.3137,4.0144,,,,
411,13.7,2.304,2.601,pose,4.361,1.609,2.752,1.16,6.3645,4.1564,0.399,1.0142,0.4152,0.5307
412,13.733,2.599,2.599,bbox,4.361,1.665,2.842,1.16,6.4144,4.205,,,,
413,13.767,2.604,2.599,bbox,4.361,1.716,2.984,1.16,6.4354,4.2228,,,,
414,13.8,1.38,2.599,pose,4.361,1.766,3.033,1.16,6.4821,4.2222,0.2335,0.1616,0.3576,0.0863
415,13.833,2.768,2.599,bbox,4.361,1.766,3.033,1.16,6.4894,4.4186,,,,
416,13.867,2.726,2.604,bbox,4.361,1.833,3.033,1.16,6.4828,4.4056,,,,
417,13.9,2.732,2.726,bbox,4.361,1.833,3.146,1.16,6.4449,4.3183,,0.1251,,-0.0624
418,13.933,2.843,2.732,bbox,4.361,1.833,3.146,1.16,6.367,4.2726,,,,
419,13.967,2.715,2.732,bbox,4.398,1.833,3.146,1.16,6.3423,4.1465,,,,
420,14.0,2.605,2.726,bbox,4.476,1.833,3.146,1.205,6.3318,4.194,0.568,,0.6328,
421,14.033,2.54,2.715,bbox,4.476,1.833,3.146,1.247,6.3369,4.2308,,,,
422,14.067,2.522,2.605,bbox,4.476,1.833,3.146,1.247,6.342,4.2413,,,,
423,14.1,2.691,2.605,bbox,4.476,1.833,3.146,1.284,6.3508,4.0836,,,,
424,14.133,2.775,2.605,bbox,4.476,1.833,3.146,1.284,6.3991,4.0683,,,,
425,14.167,2.984,2.691,bbox,4.476,1.833,3.146,1.344,6.4407,4.1337,,,,
426,14.2,2.963,2.775,bbox,4.476,1.865,3.146,1.344,6.4673,4.1553,0.5732,,-1.6688,
427,14.233,2.78,2.78,bbox,4.476,1.907,3.146,1.378,6.506,4.0997,,,,
428,14.267,2.733,2.78,bbox,4.476,1.907,3.146,1.378,6.5276,4.0737,,,,
429,14.3,2.744,2.78,bbox,4.476,1.972,3.146,1.378,6.5349,4.0255,0.3749,,0.3196,
430,14.333,2.734,2.744,bbox,4.476,1.972,3.146,1.378,6.5374,4.0074,,,,
431,14.367,2.752,2.744,bbox,4.476,1.972,3.146,1.452,6.5469,3.9849,,,,
432,14.4,2.747,2.744,bbox,4.476,2.004,3.146,1.452,6.5424,3.9774,,0.4941,,0.666
433,14.433,2.749,2.747,bbox,4.476,2.004,3.146,1.493,6.5398,3.9714,,,,
434,14.467,2.786,2.749,bbox,4.476,2.004,3.146,1.493,6.5449,3.9578,,,,
435,14.5,2.813,2.752,bbox,4.476,2.004,3.146,1.493,6.5467,3.9393,,0.5439,,0.7119
436,14.533,2.818,2.786,bbox,4.476,2.004,3.146,1.493,6.54,3.9188,,,,
437,14.567,2.822,2.813,bbox,4.476,2.004,3.146,1.539,6.5336,3.9092,,,,
438,14.6,2.839,2.818,bbox,4.476,2.004,3.146,1.539,6.5258,3.9062,,0.6311,,0.6982
439,14.633,2.844,2.822,bbox,4.476,2.004,3.146,1.539,6.5199,3.9235,,,,
440,14.667,3.117,2.839,bbox,4.476,2.004,3.146,1.539,6.5087,3.9307,,,,
441,14.7,3.168,2.844,pose,4.476,2.004,3.146,1.539,6.4851,3.9171,0.428,0.1438,0.5253,0.4745
442,14.733,2.885,2.885,bbox,4.476,2.004,3.146,1.539,6.4511,3.8846,,,,
443,14.767,2.842,2.885,bbox,4.528,2.004,3.146,1.539,6.4372,3.8739,,,,
444,14.8,2.827,2.885,bbox,4.562,2.004,3.146,1.593,6.4253,3.8652,,0.6739,,0.616
445,14.833,2.786,2.842,bbox,4.562,2.004,3.146,1.593,6.41,3.8794,,,,
446,14.867,2.796,2.827,bbox,4.562,2.004,3.146,1.593,6.4002,3.8395,,,,
447,14.9,2.76,2.796,bbox,4.603,2.004,3.146,1.593,6.3929,3.8666,,,,
448,14.933,2.748,2.786,bbox,4.603,2.004,3.146,1.593,6.4026,3.8646,,,,
449,14.967,2.735,2.76,bbox,4.603,2.004,3.146,1.593,6.415,3.8706,,,,
450,15.0,2.753,2.753,bbox,4.603,2.004,3.146,1.593,6.4453,3.856,,0.6917,,0.7107
451,15.033,2.839,2.753,bbox,4.603,2.004,3.146,1.593,6.4787,3.8061,,,,
452,15.067,2.869,2.753,bbox,4.603,2.039,3.146,1.593,6.5085,3.8267,,,,
453,15.1,2.934,2.839,bbox,4.603,2.072,3.146,1.651,6.5421,3.7964,,0.2454,,0.6065
454,15.133,3.037,2.869,bbox,4.603,2.072,3.146,1.651,6.5864,3.7903,,,,
455,15.167,3.157,2.934,bbox,4.603,2.136,3.146,1.681,6.6557,3.7837,,,,
456,15.2,3.192,3.037,bbox,4.603,2.18,3.146,1.681,6.6807,3.7809,0.0821,,-0.3275,
457,15.233,3.217,3.157,bbox,4.603,2.249,3.146,1.681,6.6984,3.7738,,,,
458,15.267,3.199,3.192,bbox,4.603,2.249,3.146,1.681,6.7084,3.7692,,,,
459,15.3,3.223,3.199,bbox,4.603,2.292,3.146,1.681,6.7311,3.7687,,0.7363,,0.7009
460,15.333,3.168,3.199,bbox,4.603,2.292,3.146,1.681,6.7433,3.7645,,,,
461,15.367,3.158,3.199,bbox,4.603,2.325,3.146,1.681,6.7728,3.7761,,,,
462,15.4,3.214,3.199,bbox,4.603,2.325,3.146,1.681,6.8019,3.7732,,0.5949,,0.7535
463,15.433,3.239,3.214,bbox,4.603,2.367,3.146,1.681,6.842,3.7672,,,,
464,15.467,3.257,3.214,bbox,4.603,2.367,3.146,1.681,6.8649,3.7596,,,,
465,15.5,3.282,3.239,bbox,4.603,2.436,3.146,1.681,6.8903,3.745,,0.271,,0.6943
466,15.533,3.33,3.257,bbox,4.603,2.436,3.146,1.718,6.9151,3.7365,,,,
467,15.567,3.403,3.282,bbox,4.603,2.484,3.146,1.718,6.9384,3.7338,,,,
468,15.6,5.178,3.33,pose,4.603,2.484,3.146,1.718,6.944,3.7452,0.3933,0.1475,-0.0584,0.6982
469,15.633,3.445,3.403,bbox,4.603,2.532,3.146,1.718,6.9553,3.7495,,,,
470,15.667,3.503,3.445,bbox,4.603,2.532,3.146,1.718,6.9655,3.7508,,,,
471,15.7,3.515,3.503,bbox,4.603,2.532,3.146,1.718,6.975,3.7551,,0.2557,,0.6737
472,15.733,3.453,3.503,bbox,4.603,2.532,3.146,1.718,6.9931,3.753,,,,
473,15.767,3.435,3.453,bbox,4.603,2.569,3.146,1.718,6.9993,3.7604,,,,
474,15.8,3.257,3.453,pose,4.603,2.569,3.146,1.718,7.0189,3.7793,0.0527,0.583,1.1879,0.6491
475,15.833,3.387,3.435,bbox,4.603,2.569,3.146,1.718,7.0123,3.7945,,,,
476,15.867,3.315,3.387,bbox,4.603,2.569,3.146,1.718,6.9776,3.8035,,,,
477,15.9,3.288,3.315,bbox,4.603,2.569,3.181,1.718,6.9387,3.8266,,0.8377,,0.6507
478,15.933,3.232,3.288,bbox,4.603,2.569,3.181,1.718,6.9255,3.9109,,,,
479,15.967,3.34,3.315,bbox,4.64,2.569,3.213,1.718,6.8843,3.898,,,,
480,16.0,3.276,3.288,bbox,4.64,2.569,3.284,1.718,6.876,3.9602,,0.2255,,0.2877
481,16.033,3.375,3.288,bbox,4.694,2.569,3.284,1.718,6.8679,3.9199,,,,
482,16.067,3.381,3.34,bbox,4.694,2.569,3.284,1.718,6.8625,3.956,,,,
483,16.1,3.24,3.34,bbox,4.694,2.569,3.342,1.718,6.8627,4.0343,,0.1887,,0.1768
484,16.133,3.151,3.276,bbox,4.694,2.569,3.342,1.718,6.849,4.0719,,,,
485,16.167,3.094,3.24,bbox,4.694,2.569,3.421,1.718,6.8421,4.1005,,,,
486,16.2,,,,4.694,2.569,3.421,1.718,,,,,,
487,16.233,2.891,3.151,bbox,4.729,2.569,3.421,1.718,6.7772,4.0412,,,,
488,16.267,2.834,3.094,bbox,4.729,2.569,3.421,1.718,6.7537,4.059,,,,
489,16.3,2.449,2.891,pose,4.801,2.569,3.458,1.718,6.7052,4.0867,0.2798,0.9054,0.3681,0.6576
490,16.333,2.703,2.834,bbox,4.801,2.569,3.458,1.718,6.6667,4.1048,,,,
491,16.367,2.723,2.723,bbox,4.873,2.569,3.458,1.718,6.6515,4.1084,,,,
492,16.4,2.743,2.723,bbox,4.912,2.569,3.491,1.718,6.655,4.1052,,0.7597,,0.61
493,16.433,2.772,2.723,bbox,4.912,2.569,3.491,1.718,6.6687,4.1071,,,,
494,16.467,2.781,2.743,bbox,4.912,2.569,3.491,1.718,6.6782,4.1001,,,,
495,16.5,2.776,2.772,pose,4.912,2.569,3.491,1.718,6.6924,4.0921,0.0278,0.8858,0.2716,0.6271
496,16.533,2.775,2.775,bbox,4.912,2.569,3.491,1.718,6.7085,4.0935,,,,
497,16.567,2.775,2.775,bbox,4.912,2.569,3.491,1.718,6.7369,4.0731,,,,
498,16.6,2.42,2.775,pose,4.912,2.611,3.491,1.718,6.7639,4.0545,0.4786,0.9181,0.56,0.6339
499,16.633,2.897,2.775,bbox,4.912,2.611,3.491,1.75,6.7816,4.0192,,,,
500,16.667,3.001,2.775,bbox,4.912,2.666,3.491,1.75,6.806,4.0107,,,,
501,16.7,,,,4.912,2.666,3.491,1.75,,,,,,
502,16.733,,,,4.912,2.666,3.491,1.75,,,,,,
503,16.767,3.214,2.897,bbox,4.912,2.666,3.491,1.804,6.8173,4.0147,,,,
504,16.8,3.302,3.001,bbox,4.912,2.708,3.491,1.804,6.8136,3.9868,,0.7567,,0.5706
505,16.833,3.47,3.214,bbox,4.912,2.708,3.491,1.804,6.8105,4.0195,,,,
506,16.867,3.517,3.302,bbox,4.912,2.708,3.491,1.804,6.8144,4.0555,,,,
507,16.9,,,,4.912,2.708,3.491,1.804,,,,,,
508,16.933,,,,4.912,2.708,3.491,1.804,,,,,,
509,16.967,,,,4.912,2.708,3.491,1.804,,,,,,
510,17.0,2.967,3.302,bbox,4.912,2.708,3.491,1.804,6.721,3.9486,0.5289,,0.6606,
511,17.033,2.902,3.302,bbox,4.912,2.708,3.491,1.836,6.7024,3.9425,,,,
512,17.067,2.878,2.967,bbox,4.997,2.708,3.491,1.874,6.6991,3.932,,,,
513,17.1,2.227,2.902,pose,4.997,2.708,3.491,1.874,6.6861,3.9316,0.6653,0.7671,0.6187,0.7
514,17.133,2.848,2.878,bbox,4.997,2.708,3.491,1.874,6.6766,3.9463,,,,
515,17.167,2.845,2.848,bbox,5.032,2.708,3.491,1.874,6.648,3.9487,,,,
516,17.2,2.693,2.845,pose,5.032,2.708,3.491,1.874,6.6248,3.9522,0.1022,0.3278,0.4551,0.6003
517,17.233,2.913,2.845,bbox,5.07,2.708,3.491,1.874,6.6048,3.9769,,,,
518,17.267,2.878,2.848,bbox,5.07,2.708,3.491,1.874,6.5905,3.9578,,,,
519,17.3,2.883,2.878,pose,5.113,2.708,3.491,1.874,6.5954,3.9676,0.0702,0.6114,0.5932,0.5895
520,17.333,2.929,2.883,bbox,5.113,2.708,3.491,1.874,6.5896,3.9737,,,,
521,17.367,2.941,2.913,bbox,5.113,2.708,3.491,1.874,6.5923,3.9774,,,,
522,17.4,,,,5.113,2.708,3.491,1.874,,,,,,
523,17.433,2.864,2.883,bbox,5.113,2.708,3.491,1.874,6.5852,3.9612,,,,
524,17.467,2.872,2.883,bbox,5.113,2.708,3.491,1.874,6.578,3.9465,,,,
525,17.5,2.722,2.872,pose,5.113,2.708,3.491,1.874,6.5767,3.9982,0.0337,0.8006,1.031,0.6781
526,17.533,2.891,2.872,bbox,5.113,2.708,3.491,1.874,6.5567,3.9775,,,,
527,17.567,2.876,2.872,bbox,5.113,2.708,3.491,1.874,6.549,3.9684,,,,
528,17.6,2.76,2.872,pose,5.161,2.708,3.491,1.874,6.5409,3.8468,0.0361,0.5665,0.1568,0.6852
529,17.633,2.905,2.876,bbox,5.161,2.708,3.491,1.874,6.5264,3.8049,,,,
530,17.667,2.932,2.891,bbox,5.161,2.708,3.491,1.976,6.532,3.8103,,,,
531,17.7,3.123,2.905,pose,5.161,2.708,3.491,2.013,6.5282,3.791,0.0007,0.4006,1.2265,0.6514
532,17.733,3.002,2.932,bbox,5.161,2.708,3.491,2.013,6.5477,3.8286,,,,
533,17.767,2.997,2.997,bbox,5.161,2.708,3.491,2.013,6.5702,3.7895,,,,
534,17.8,2.602,2.997,pose,5.161,2.708,3.491,2.013,6.5852,3.7809,0.6684,0.481,0.6736,0.6416
535,17.833,2.964,2.997,bbox,5.161,2.708,3.491,2.013,6.5942,3.7796,,,,
536,17.867,2.944,2.964,bbox,5.161,2.708,3.491,2.013,6.5924,3.7784,,,,
537,17.9,2.511,2.944,pose,5.161,2.744,3.491,2.043,6.5965,3.7514,0.5239,0.722,0.5676,0.6971
538,17.933,2.951,2.944,bbox,5.161,2.744,3.491,2.043,6.593,3.7257,,,,
539,17.967,3.013,2.951,bbox,5.161,2.744,3.491,2.043,6.5903,3.6987,,,,
540,18.0,3.109,2.951,pose,5.161,2.744,3.491,2.097,6.5919,3.6918,0.0741,0.4329,0.9209,0.7684
541,18.033,3.095,3.013,bbox,5.161,2.744,3.491,2.097,6.5942,3.6845,,,,
542,18.067,3.125,3.095,bbox,5.161,2.744,3.491,2.131,6.6076,3.6778,,,,
543,18.1,,,,5.161,2.744,3.491,2.131,,,,,,
544,18.133,,,,5.161,2.744,3.491,2.131,,,,,,
545,18.167,,,,5.161,2.744,3.491,2.131,,,,,,
546,18.2,,,,5.161,2.744,3.491,2.131,,,,,,
547,18.233,,,,5.161,2.744,3.491,2.131,,,,,,
548,18.267,,,,5.161,2.744,3.491,2.131,,,,,,
549,18.3,3.109,3.109,pose,5.161,2.744,3.491,2.131,6.6647,3.6816,0.5186,0.1654,0.6587,0.6705
550,18.333,3.238,3.109,bbox,5.161,2.744,3.491,2.131,6.6699,3.6866,,,,
551,18.367,3.183,3.125,bbox,5.161,2.816,3.491,2.131,6.6773,3.6938,,,,
552,18.4,3.172,3.172,bbox,5.161,2.816,3.491,2.131,6.6777,3.712,,0.7533,,0.692
553,18.433,3.119,3.172,bbox,5.161,2.816,3.491,2.131,6.6697,3.7503,,,,
554,18.467,3.126,3.172,bbox,5.161,2.816,3.491,2.131,6.6599,3.7582,,,,
555,18.5,3.066,3.126,bbox,5.161,2.816,3.55,2.131,6.6269,3.8156,,0.9869,,0.6449
556,18.533,3.027,3.119,bbox,5.161,2.816,3.55,2.131,6.591,3.798,,,,
557,18.567,2.97,3.066,bbox,5.199,2.816,3.597,2.131,6.5684,3.8311,,,,
558,18.6,2.619,3.027,pose,5.235,2.816,3.597,2.131,6.5492,3.8742,0.7734,0.0103,0.6178,0.3067
559,18.633,2.897,2.97,bbox,5.235,2.816,3.631,2.131,6.5169,3.876,,,,
560,18.667,2.893,2.897,bbox,5.276,2.816,3.674,2.131,6.5128,3.8777,,,,
561,18.7,2.826,2.893,bbox,5.309,2.816,3.674,2.131,6.4621,3.885,,0.985,,0.5776
562,18.733,,,,5.309,2.816,3.674,2.131,,,,,,
563,18.767,,,,5.309,2.816,3.674,2.131,,,,,,
564,18.8,2.706,2.826,bbox,5.309,2.816,3.674,2.131,6.3912,3.934,,0.936,,0.6356
565,18.833,2.6,2.826,bbox,5.364,2.816,3.674,2.131,6.3822,4.0596,,,,
566,18.867,2.674,2.706,bbox,5.435,2.816,3.734,2.131,6.3771,3.9815,,,,
567,18.9,2.891,2.706,pose,5.435,2.816,3.781,2.131,6.3747,3.9843,0.1248,0.8074,-0.1621,0.6222
568,18.933,2.59,2.674,bbox,5.435,2.816,3.781,2.131,6.3433,4.1092,,,,
569,18.967,2.563,2.6,bbox,5.435,2.816,3.859,2.131,6.3406,4.1287,,,,
570,19.0,2.658,2.658,bbox,5.482,2.816,3.859,2.176,6.2828,4.0145,,0.9198,,0.5733
571,19.033,2.689,2.658,bbox,5.482,2.816,3.859,2.176,6.2697,4.0112,,,,
572,19.067,2.659,2.658,bbox,5.543,2.816,3.859,2.176,6.2596,4.0127,,,,
573,19.1,2.629,2.658,bbox,5.543,2.816,3.859,2.176,6.2577,4.058,,0.9128,,0.5571
574,19.133,2.621,2.658,bbox,5.543,2.816,3.859,2.176,6.2559,4.0658,,,,
575,19.167,2.648,2.648,bbox,5.543,2.816,3.903,2.176,6.2544,4.0599,,,,
576,19.2,2.494,2.629,pose,5.543,2.816,3.903,2.176,6.3199,4.0743,0.2904,1.0357,0.7625,0.5582
577,19.233,2.63,2.629,bbox,5.543,2.816,3.903,2.176,6.3351,4.0705,,,,
578,19.267,2.616,2.621,bbox,5.543,2.853,3.903,2.176,6.3731,4.1175,,,,
579,19.3,2.721,2.63,bbox,5.543,2.853,3.903,2.176,6.4434,4.0397,,0.9798,,0.5903
580,19.333,2.728,2.63,bbox,5.543,2.906,3.903,2.176,6.4458,4.022,,,,
581,19.367,2.725,2.721,bbox,5.543,2.977,3.903,2.176,6.4716,4.0139,,,,
582,19.4,2.731,2.725,bbox,5.543,2.977,3.903,2.212,6.4526,3.963,,0.5117,,0.6259
583,19.433,2.732,2.728,bbox,5.543,2.977,3.903,2.212,6.4512,3.9556,,,,
584,19.467,2.703,2.728,bbox,5.543,2.977,3.903,2.271,6.4679,3.9603,,,,
585,19.5,3.283,2.731,pose,5.543,2.977,3.903,2.271,6.5191,3.948,0.2928,0.6132,-0.0293,0.5851
586,19.533,2.843,2.732,bbox,5.543,2.977,3.903,2.271,6.5236,3.9428,,,,
587,19.567,3.055,2.843,bbox,5.543,3.052,3.903,2.271,6.6575,3.9374,,,,
588,19.6,2.576,2.843,pose,5.543,3.052,3.903,2.271,6.6812,3.9338,0.1877,0.7772,0.4383,0.5784
589,19.633,3.057,3.055,bbox,5.543,3.191,3.903,2.271,6.7223,3.9296,,,,
590,19.667,3.094,3.055,bbox,5.543,3.191,3.903,2.271,6.7865,3.9408,,,,
591,19.7,2.792,3.055,pose,5.543,3.256,3.903,2.271,6.8309,3.9345,0.0005,0.5727,0.4068,0.6744
592,19.733,3.178,3.057,bbox,5.543,3.32,3.903,2.271,6.875,3.9313,,,,
593,19.767,3.229,3.094,bbox,5.543,3.364,3.903,2.271,6.9005,3.937,,,,
594,19.8,3.209,3.178,bbox,5.543,3.408,3.903,2.271,6.9363,3.9512,,0.8231,,0.6623
595,19.833,3.187,3.187,bbox,5.543,3.408,3.903,2.271,6.9627,3.9636,,,,
596,19.867,3.206,3.206,bbox,5.543,3.47,3.903,2.271,6.9969,3.9713,,,,
597,19.9,3.169,3.206,bbox,5.543,3.47,3.903,2.271,7.0162,4.0158,,0.808,,0.6625
598,19.933,3.213,3.206,bbox,5.543,3.53,3.903,2.271,7.0469,4.0327,,,,
599,19.967,3.257,3.206,bbox,5.543,3.53,3.955,2.271,7.0725,4.0493,,,,
600,20.0,3.257,3.213,bbox,5.543,3.58,3.955,2.271,7.0912,4.0791,,0.842,,0.6301
601,20.033,3.281,3.257,bbox,5.543,3.58,3.989,2.271,7.0752,4.0866,,,,
602,20.067,3.389,3.257,bbox,5.543,3.58,3.989,2.271,7.1557,4.0945,,,,
603,20.1,3.112,3.257,pose,5.543,3.625,4.026,2.271,7.193,4.0962,0.0223,0.8504,0.0769,0.6315
604,20.133,3.374,3.281,bbox,5.543,3.689,4.026,2.271,7.1654,4.0934,,,,
605,20.167,3.343,3.343,bbox,5.543,3.689,4.026,2.271,7.1619,4.099,,,,
606,20.2,3.377,3.374,bbox,5.543,3.689,4.026,2.271,7.1538,4.1512,,0.7598,,0.6446
607,20.233,,,,5.543,3.689,4.026,2.271,,,,,,
608,20.267,3.26,3.343,bbox,5.543,3.689,4.026,2.271,7.1569,4.1788,,,,
609,20.3,3.158,3.343,bbox,5.543,3.689,4.091,2.271,7.1409,4.1923,,0.5885,,0.6862
610,20.333,3.05,3.26,bbox,5.543,3.689,4.091,2.271,7.1075,4.2526,,,,
611,20.367,3.015,3.158,bbox,5.543,3.689,4.132,2.271,7.0758,4.2427,,,,
612,20.4,,,,5.543,3.689,4.132,2.271,,,,,,
613,20.433,2.928,3.05,bbox,5.591,3.689,4.182,2.271,7.0174,4.2615,,,,
614,20.467,2.927,3.015,bbox,5.623,3.689,4.182,2.271,6.9982,4.2903,,,,
615,20.5,2.894,2.928,bbox,5.681,3.689,4.182,2.271,6.989,4.3435,,0.5506,,0.6451
616,20.533,2.89,2.927,bbox,5.681,3.689,4.23,2.271,6.9696,4.3487,,,,
617,20.567,2.881,2.894,bbox,5.681,3.689,4.283,2.271,6.9602,4.3826,,,,
618,20.6,2.9,2.894,bbox,5.729,3.689,4.283,2.271,6.9656,4.4172,,0.9185,,0.5156
619,20.633,2.842,2.89,bbox,5.729,3.689,4.322,2.271,6.9689,4.4898,,,,
620,20.667,2.799,2.881,bbox,5.729,3.689,4.357,2.271,6.9908,4.5446,,,,
621,20.7,2.819,2.842,bbox,5.729,3.689,4.429,2.271,7.0315,4.5801,,,,
622,20.733,2.774,2.819,bbox,5.729,3.689,4.484,2.271,7.0697,4.6601,,,,
623,20.767,2.703,2.799,bbox,5.729,3.751,4.52,2.271,7.0945,4.7244,,,,
624,20.8,2.679,2.774,bbox,5.729,3.789,4.6,2.271,7.1325,4.8121,,,,
625,20.833,2.645,2.703,bbox,5.729,3.789,4.664,2.271,7.1818,4.9278,,,,
626,20.867,2.429,2.679,bbox,5.729,3.852,4.752,2.271,7.2308,5.0565,,,,
627,20.9,2.42,2.645,bbox,5.729,3.901,4.867,2.271,7.2672,5.191,,0.4267,,0.4244
628,20.933,,,,5.729,3.901,4.867,2.271,,,,,,
629,20.967,,,,5.729,3.901,4.867,2.271,,,,,,
630,21.0,2.626,2.626,bbox,5.729,3.95,4.996,2.271,7.3729,5.2958,,0.0874,,0.0102
631,21.033,2.566,2.566,bbox,5.729,3.987,5.131,2.271,7.3848,5.3866,,,,
632,21.067,2.394,2.429,bbox,5.729,4.092,5.235,2.271,7.3747,5.5361,,,,
633,21.1,2.307,2.42,bbox,5.729,4.092,5.326,2.271,7.3756,5.6156,,0.0378,,0.1614
634,21.133,2.105,2.394,bbox,5.729,4.092,5.476,2.271,7.334,5.6964,,,,
635,21.167,2.082,2.307,bbox,5.729,4.092,5.555,2.271,7.3183,5.7229,,,,
636,21.2,1.906,2.105,bbox,5.768,4.092,5.636,2.271,7.3045,5.859,,,,
637,21.233,,,,5.768,4.092,5.636,2.271,,,,,,
638,21.267,,,,5.768,4.092,5.636,2.271,,,,,,
639,21.3,,,,5.768,4.092,5.636,2.271,,,,,,
640,21.333,,,,5.768,4.092,5.636,2.271,,,,,,
641,21.367,,,,5.768,4.092,5.636,2.271,,,,,,
642,21.4,,,,5.768,4.092,5.636,2.271,,,,,,
643,21.433,,,,5.768,4.092,5.636,2.271,,,,,,
644,21.467,,,,5.768,4.092,5.636,2.271,,,,,,
645,21.5,,,,5.768,4.092,5.636,2.271,,,,,,
646,21.533,,,,5.768,4.092,5.636,2.271,,,,,,
647,21.567,,,,5.768,4.092,5.636,2.271,,,,,,
648,21.6,,,,5.768,4.092,5.636,2.271,,,,,,
649,21.633,,,,5.768,4.092,5.636,2.271,,,,,,
650,21.667,,,,5.768,4.092,5.636,2.271,,,,,,
651,21.7,,,,5.768,4.092,5.636,2.271,,,,,,
652,21.733,,,,5.768,4.092,5.636,2.271,,,,,,
653,21.767,,,,5.768,4.092,5.636,2.271,,,,,,
654,21.8,,,,5.768,4.092,5.636,2.271,,,,,,
655,21.833,,,,5.768,4.092,5.636,2.271,,,,,,
656,21.867,,,,5.768,4.092,5.636,2.271,,,,,,
657,21.9,,,,5.768,4.092,5.636,2.271,,,,,,
658,21.933,,,,5.768,4.092,5.636,2.271,,,,,,
659,21.967,,,,5.768,4.092,5.636,2.271,,,,,,
660,22.0,,,,5.768,4.092,5.636,2.271,,,,,,
661,22.033,,,,5.768,4.092,5.636,2.271,,,,,,
662,22.067,,,,5.768,4.092,5.636,2.271,,,,,,
663,22.1,,,,5.768,4.092,5.636,2.271,,,,,,
664,22.133,,,,5.768,4.092,5.636,2.271,,,,,,
665,22.167,,,,5.768,4.092,5.636,2.271,,,,,,
666,22.2,,,,5.768,4.092,5.636,2.271,,,,,,
667,22.233,0.638,2.082,bbox,5.768,4.092,5.636,2.271,6.8616,6.354,,,,
668,22.267,0.527,1.906,bbox,5.768,4.092,5.799,2.271,6.8712,6.4106,,,,
669,22.3,0.545,0.638,bbox,5.947,4.092,5.949,2.271,6.8951,6.4116,,0.1237,,0.624
670,22.333,0.561,0.561,bbox,5.947,4.092,6.005,2.271,6.9298,6.4343,,,,
671,22.367,0.627,0.561,bbox,5.947,4.092,6.005,2.271,6.9845,6.4684,,,,
672,22.4,0.59,0.561,bbox,5.947,4.127,6.005,2.271,7.0386,6.5289,,0.1673,,0.6416
673,22.433,0.606,0.59,bbox,5.947,4.182,6.063,2.271,7.08,6.5756,,,,
674,22.467,0.62,0.606,bbox,5.947,4.236,6.123,2.271,7.1083,6.6024,,,,
675,22.5,0.703,0.62,bbox,5.947,4.277,6.17,2.271,7.2084,6.657,,0.1267,,0.6963
676,22.533,0.694,0.62,bbox,5.947,4.277,6.17,2.271,7.2822,6.7115,,,,
677,22.567,0.703,0.694,bbox,5.947,4.406,6.252,2.271,7.3583,6.7787,,,,
678,22.6,0.744,0.703,bbox,5.947,4.479,6.306,2.271,7.419,6.8511,,0.3442,,0.5321
679,22.633,0.803,0.703,bbox,5.947,4.555,6.373,2.271,7.4961,6.8861,,,,
680,22.667,0.798,0.744,bbox,5.947,4.616,6.446,2.271,7.5338,6.9362,,,,
681,22.7,0.902,0.798,bbox,5.947,4.693,6.481,2.271,7.6224,6.9659,,0.0255,,0.8304
682,22.733,1.074,0.803,bbox,5.947,4.731,6.531,2.271,7.7242,6.9916,,,,
683,22.767,1.028,0.902,bbox,5.947,4.82,6.531,2.271,7.7584,6.997,,,,
684,22.8,0.959,0.959,bbox,5.947,4.921,6.586,2.271,7.8032,7.048,,,,
685,22.833,1.191,1.028,bbox,5.947,4.956,6.586,2.271,7.9198,7.0686,,,,
686,22.867,1.299,1.074,bbox,5.947,5.0,6.643,2.271,8.0096,7.0786,,,,
687,22.9,1.189,1.189,bbox,5.947,5.117,6.643,2.271,8.0752,7.0666,,0.092,,0.4383
688,22.933,1.188,1.189,bbox,5.947,5.207,6.643,2.271,8.1404,7.0745,,,,
689,22.967,1.252,1.191,bbox,5.947,5.272,6.643,2.271,8.267,7.0958,,,,
690,23.0,1.289,1.252,bbox,5.947,5.338,6.673,2.271,8.3571,7.1237,,0.1509,,0.4134
691,23.033,1.328,1.252,bbox,5.947,5.464,6.673,2.271,8.4448,7.1556,,,,
692,23.067,1.365,1.289,bbox,5.947,5.554,6.718,2.271,8.519,7.1602,,,,
693,23.1,1.445,1.328,bbox,5.947,5.642,6.75,2.271,8.585,7.1589,,0.4695,,0.9037
694,23.133,1.486,1.365,bbox,5.947,5.716,6.75,2.271,8.6451,7.2019,,,,
695,23.167,1.578,1.445,bbox,5.947,5.782,6.75,2.271,8.7109,7.203,,,,
696,23.2,1.253,1.445,pose,5.947,5.842,6.79,2.271,8.7741,7.1956,0.1455,0.5543,0.7008,0.8575
697,23.233,1.605,1.486,bbox,5.947,5.908,6.79,2.271,8.8433,7.2239,,,,
698,23.267,1.623,1.578,bbox,5.947,5.971,6.79,2.271,8.9215,7.238,,,,
699,23.3,1.76,1.605,bbox,5.947,6.041,6.79,2.271,8.9937,7.2598,,0.5207,,0.8716
700,23.333,1.807,1.623,bbox,5.947,6.119,6.79,2.271,9.0662,7.2202,,,,
701,23.367,1.921,1.76,bbox,5.947,6.191,6.825,2.271,9.14,7.2309,,,,
702,23.4,2.152,1.807,bbox,5.947,6.263,6.825,2.271,9.2161,7.2233,,0.1911,,0.8774
703,23.433,2.312,1.921,bbox,5.947,6.337,6.825,2.271,9.3026,7.1924,,,,
704,23.467,1.996,1.996,bbox,5.947,6.413,6.825,2.271,9.4021,7.1683,,,,
705,23.5,1.525,1.996,pose,5.947,6.5,6.825,2.31,9.4886,7.1645,0.2266,0.0199,0.9374,0.774
706,23.533,2.102,2.102,bbox,5.947,6.599,6.825,2.31,9.5237,7.1085,,,,
707,23.567,2.215,2.102,bbox,5.947,6.686,6.825,2.31,9.5509,7.0148,,,,
708,23.6,2.299,2.102,bbox,5.947,6.721,6.825,2.394,9.6048,6.9697,,0.0112,,0.8632
709,23.633,2.33,2.215,bbox,5.947,6.721,6.825,2.487,9.6415,6.9473,,,,
710,23.667,2.428,2.299,bbox,5.947,6.802,6.825,2.532,9.6717,6.8961,,,,
711,23.7,2.529,2.33,bbox,5.947,6.839,6.825,2.532,9.6979,6.8068,,0.4686,,0.8785
712,23.733,2.596,2.428,bbox,5.947,6.869,6.825,2.606,9.7588,6.7667,,,,
713,23.767,2.632,2.529,bbox,5.947,6.869,6.825,2.695,9.767,6.7584,,,,
714,23.8,2.659,2.596,bbox,5.947,6.956,6.825,2.695,9.7821,6.7774,,0.5739,,0.8816
715,23.833,2.746,2.632,bbox,5.947,6.956,6.825,2.735,9.7963,6.7659,,,,
716,23.867,2.728,2.659,bbox,5.947,6.956,6.825,2.735,9.8157,6.7623,,,,
717,23.9,2.774,2.728,bbox,5.947,6.993,6.825,2.735,9.8356,6.7178,,0.3118,,0.8152
718,23.933,2.826,2.746,bbox,5.947,6.993,6.825,2.735,9.8526,6.6732,,,,
719,23.967,2.828,2.774,bbox,5.947,7.033,6.825,2.784,9.8564,6.6145,,,,
720,24.0,2.891,2.826,bbox,5.947,7.033,6.825,2.829,9.8636,6.5426,,0.1462,,0.8239
721,24.033,2.915,2.828,bbox,5.947,7.033,6.825,2.888,9.8687,6.4953,,,,
722,24.067,2.968,2.891,bbox,5.947,7.033,6.825,2.96,9.884,6.4417,,,,
723,24.1,4.288,2.915,pose,5.947,7.066,6.825,3.007,9.8917,6.4323,0.1034,0.0579,0.078,0.9072
724,24.133,3.0,2.968,bbox,5.947,7.066,6.825,3.06,9.9147,6.4218,,,,
725,24.167,3.096,3.0,bbox,5.947,7.066,6.825,3.06,9.914,6.3128,,,,
726,24.2,3.133,3.096,bbox,5.947,7.109,6.825,3.06,9.9116,6.2873,,0.0719,,0.8873
727,24.233,3.177,3.133,bbox,5.947,7.109,6.825,3.189,9.9043,6.2524,,,,
728,24.267,3.223,3.133,bbox,5.947,7.109,6.825,3.189,9.8892,6.2305,,,,
729,24.3,3.222,3.177,bbox,5.947,7.109,6.825,3.25,9.8709,6.2121,,0.1168,,0.8928
730,24.333,3.248,3.222,bbox,5.947,7.109,6.825,3.25,9.8552,6.1908,,,,
731,24.367,3.236,3.223,bbox,5.988,7.109,6.825,3.29,9.8161,6.1597,,,,
732,24.4,3.245,3.236,bbox,5.988,7.109,6.825,3.29,9.761,6.1394,,0.1415,,0.7155
733,24.433,3.29,3.245,bbox,6.043,7.109,6.825,3.343,9.7511,6.1318,,,,
734,24.467,3.303,3.248,bbox,6.098,7.109,6.825,3.343,9.7463,6.0882,,,,
735,24.5,3.377,3.29,bbox,6.098,7.109,6.825,3.343,9.7444,6.0694,,0.0927,,0.9355
736,24.533,3.594,3.303,bbox,6.098,7.109,6.825,3.414,9.7607,6.0615,,,,
737,24.567,3.67,3.377,bbox,6.098,7.109,6.825,3.414,9.7633,6.0542,,,,
738,24.6,3.612,3.594,pose,6.098,7.109,6.825,3.414,9.7236,6.0319,0.0091,0.0571,1.3537,0.7037
739,24.633,3.679,3.612,bbox,6.098,7.109,6.825,3.448,9.7149,6.0221,,,,
740,24.667,3.668,3.668,bbox,6.135,7.109,6.825,3.448,9.6851,6.0098,,,,
741,24.7,3.723,3.67,bbox,6.135,7.109,6.825,3.48,9.7117,5.98,,0.1274,,-0.2088
742,24.733,3.742,3.679,bbox,6.135,7.109,6.825,3.48,9.7306,5.9675,,,,
743,24.767,3.779,3.723,bbox,6.135,7.109,6.825,3.522,9.7514,5.9512,,,,
744,24.8,3.745,3.742,pose,6.135,7.109,6.825,3.522,9.7473,5.9346,0.0006,0.0623,0.5,-0.3631
745,24.833,3.842,3.745,bbox,6.135,7.109,6.825,3.522,9.7604,5.9123,,,,
746,24.867,3.812,3.779,bbox,6.135,7.109,6.825,3.568,9.7455,5.895,,,,
747,24.9,3.878,3.812,bbox,6.135,7.109,6.825,3.568,9.7269,5.8682,,0.0485,,0.8066
748,24.933,3.99,3.842,bbox,6.135,7.109,6.825,3.607,9.7717,5.8514,,,,
749,24.967,4.038,3.878,bbox,6.135,7.146,6.825,3.607,9.7754,5.8355,,,,
750,25.0,3.985,3.985,pose,6.135,7.146,6.825,3.651,9.7372,5.8146,0.0524,0.1136,0.9573,0.586
751,25.033,4.447,3.99,bbox,6.135,7.146,6.825,3.651,9.7963,5.7943,,,,
752,25.067,4.545,4.038,bbox,6.135,7.146,6.825,3.688,9.8036,5.7782,,,,
753,25.1,4.722,4.447,bbox,6.135,7.18,6.825,3.688,9.7947,5.7583,,,,
754,25.133,4.604,4.545,bbox,6.135,7.18,6.825,3.724,9.7662,5.7496,,,,
755,25.167,4.54,4.545,bbox,6.135,7.18,6.825,3.724,9.7624,5.7399,,,,
756,25.2,4.567,4.567,bbox,6.135,7.18,6.825,3.724,9.7774,5.7252,,,,
757,25.233,4.585,4.585,bbox,6.135,7.18,6.825,3.762,9.7865,5.7156,,,,
758,25.267,4.531,4.567,bbox,6.135,7.18,6.825,3.762,9.7924,5.7085,,,,
759,25.3,4.61,4.567,bbox,6.135,7.18,6.825,3.762,9.8069,5.6937,0.0015,,0.0463,
760,25.333,4.618,4.585,bbox,6.135,7.18,6.825,3.794,9.8073,5.6803,,,,
761,25.367,4.695,4.61,bbox,6.135,7.18,6.825,3.794,9.8065,5.6702,,,,
762,25.4,4.54,4.61,pose,6.135,7.18,6.825,3.794,9.8068,5.6659,0.0043,0.1523,-0.1186,0.6574
763,25.433,2.992,4.61,bbox,6.135,7.18,6.825,3.794,9.806,6.7151,,,,
764,25.467,3.023,4.54,bbox,6.135,7.18,6.825,3.794,9.809,6.685,,,,
765,25.5,3.038,3.038,bbox,6.135,7.18,6.947,3.794,9.8079,6.6549,0.0379,,0.0163,
766,25.533,3.072,3.038,bbox,6.135,7.18,6.947,3.794,9.8059,6.6416,,,,
767,25.567,3.168,3.038,bbox,6.135,7.18,6.947,3.794,9.8103,6.5948,,,,
768,25.6,3.727,3.072,pose,6.135,7.18,6.947,3.794,9.8218,6.7186,0.096,0.1426,0.7927,0.2413
769,25.633,3.133,3.133,bbox,6.135,7.18,6.947,3.794,9.8291,6.7003,,,,
770,25.667,3.156,3.156,bbox,6.135,7.18,6.978,3.794,9.8346,6.6858,,,,
771,25.7,3.84,3.168,pose,6.135,7.21,6.978,3.794,9.8249,6.673,0.0191,0.2445,0.9167,-0.6579
772,25.733,,,,6.135,7.21,6.978,3.794,,,,,,
773,25.767,,,,6.135,7.21,6.978,3.794,,,,,,
774,25.8,,,,6.135,7.21,6.978,3.794,,,,,,
775,25.833,,,,6.135,7.21,6.978,3.794,,,,,,
776,25.867,,,,6.135,7.21,6.978,3.794,,,,,,
777,25.9,,,,6.135,7.21,6.978,3.794,,,,,,
778,25.933,,,,6.135,7.21,6.978,3.794,,,,,,
779,25.967,,,,6.135,7.21,6.978,3.794,,,,,,
780,26.0,5.218,3.727,pose,6.135,7.21,6.978,3.794,9.6284,6.3654,0.1485,0.1009,0.7766,0.3293
781,26.033,3.276,3.276,bbox,6.135,7.21,6.978,3.794,9.5831,6.3408,,,,
782,26.067,3.306,3.306,bbox,6.285,7.21,6.978,3.957,9.5534,6.3109,,,,
783,26.1,5.216,3.84,pose,6.331,7.21,6.978,3.957,9.525,6.2965,0.04,0.3462,0.0633,-2.2695
784,26.133,3.345,3.345,bbox,6.331,7.21,6.978,4.011,9.5002,6.2817,,,,
785,26.167,3.356,3.345,bbox,6.389,7.21,6.978,4.011,9.4805,6.2658,,,,
786,26.2,3.432,3.356,bbox,6.389,7.21,6.978,4.011,9.4689,6.25,,0.0207,,0.2812
787,26.233,,,,6.389,7.21,6.978,4.011,,,,,,
788,26.267,,,,6.389,7.21,6.978,4.011,,,,,,
789,26.3,,,,6.389,7.21,6.978,4.011,,,,,,
790,26.333,,,,6.389,7.21,6.978,4.011,,,,,,
791,26.367,,,,6.389,7.21,6.978,4.011,,,,,,
792,26.4,,,,6.389,7.21,6.978,4.011,,,,,,
793,26.433,,,,6.389,7.21,6.978,4.011,,,,,,
794,26.467,,,,6.389,7.21,6.978,4.011,,,,,,
795,26.5,,,,6.389,7.21,6.978,4.011,,,,,,
796,26.533,,,,6.389,7.21,6.978,4.011,,,,,,
797,26.567,,,,6.389,7.21,6.978,4.011,,,,,,
798,26.6,,,,6.389,7.21,6.978,4.011,,,,,,
799,26.633,,,,6.389,7.21,6.978,4.011,,,,,,
800,26.667,,,,6.389,7.21,6.978,4.011,,,,,,
801,26.7,,,,6.389,7.21,6.978,4.011,,,,,,
802,26.733,,,,6.389,7.21,6.978,4.011,,,,,,
803,26.767,,,,6.389,7.21,6.978,4.011,,,,,,
804,26.8,,,,6.389,7.21,6.978,4.011,,,,,,
805,26.833,,,,6.389,7.21,6.978,4.011,,,,,,
806,26.867,,,,6.389,7.21,6.978,4.011,,,,,,
807,26.9,,,,6.389,7.21,6.978,4.011,,,,,,
808,26.933,,,,6.389,7.21,6.978,4.011,,,,,,
809,26.967,,,,6.389,7.21,6.978,4.011,,,,,,
810,27.0,,,,6.389,7.21,6.978,4.011,,,,,,
811,27.033,,,,6.389,7.21,6.978,4.011,,,,,,
812,27.067,,,,6.389,7.21,6.978,4.011,,,,,,
813,27.1,,,,6.389,7.21,6.978,4.011,,,,,,
814,27.133,,,,6.389,7.21,6.978,4.011,,,,,,
815,27.167,,,,6.389,7.21,6.978,4.011,,,,,,
816,27.2,,,,6.389,7.21,6.978,4.011,,,,,,
817,27.233,,,,6.389,7.21,6.978,4.011,,,,,,
818,27.267,,,,6.389,7.21,6.978,4.011,,,,,,
819,27.3,,,,6.389,7.21,6.978,4.011,,,,,,
820,27.333,,,,6.389,7.21,6.978,4.011,,,,,,
821,27.367,,,,6.389,7.21,6.978,4.011,,,,,,
822,27.4,,,,6.389,7.21,6.978,4.011,,,,,,
823,27.433,,,,6.389,7.21,6.978,4.011,,,,,,
824,27.467,,,,6.389,7.21,6.978,4.011,,,,,,
825,27.5,,,,6.389,7.21,6.978,4.011,,,,,,
826,27.533,,,,6.389,7.21,6.978,4.011,,,,,,
827,27.567,,,,6.389,7.21,6.978,4.011,,,,,,
828,27.6,,,,6.389,7.21,6.978,4.011,,,,,,
829,27.633,,,,6.389,7.21,6.978,4.011,,,,,,
830,27.667,,,,6.389,7.21,6.978,4.011,,,,,,
831,27.7,,,,6.389,7.21,6.978,4.011,,,,,,
832,27.733,,,,6.389,7.21,6.978,4.011,,,,,,
833,27.767,,,,6.389,7.21,6.978,4.011,,,,,,
834,27.8,3.976,3.432,bbox,6.433,7.21,6.978,4.056,8.7732,4.7882,,0.0164,,0.7415
835,27.833,3.993,3.432,bbox,6.433,7.21,6.978,4.056,8.7703,4.7547,,,,
836,27.867,3.995,3.976,bbox,6.595,7.21,6.978,4.222,8.7495,4.7368,,,,
837,27.9,6.053,3.993,pose,6.595,7.21,6.978,4.255,8.7312,4.7155,0.5282,0.1076,-2.1933,0.7335
838,27.933,4.041,3.995,bbox,6.595,7.21,6.978,4.255,8.6928,4.6758,,,,
839,27.967,4.106,4.041,bbox,6.637,7.21,6.978,4.295,8.686,4.6564,,,,
840,28.0,4.368,4.106,pose,6.675,7.21,6.978,4.334,8.6741,4.6499,0.0059,0.5302,0.7478,0.7166
841,28.033,4.096,4.106,bbox,6.675,7.21,6.978,4.334,8.6605,4.6268,,,,
842,28.067,4.042,4.096,bbox,6.675,7.21,6.978,4.334,8.6408,4.6475,,,,
843,28.1,4.107,4.106,bbox,6.708,7.21,6.978,4.334,8.6389,4.5928,,0.503,,0.6972
844,28.133,4.134,4.107,bbox,6.708,7.21,6.978,4.383,8.6259,4.5707,,,,
845,28.167,,,,6.708,7.21,6.978,4.383,,,,,,
846,28.2,,,,6.708,7.21,6.978,4.383,,,,,,
847,28.233,,,,6.708,7.21,6.978,4.383,,,,,,
848,28.267,,,,6.708,7.21,6.978,4.383,,,,,,
849,28.3,,,,6.708,7.21,6.978,4.383,,,,,,
850,28.333,4.045,4.096,bbox,6.708,7.21,6.978,4.417,8.4151,4.2816,,,,
851,28.367,,,,6.708,7.21,6.978,4.417,,,,,,
852,28.4,4.189,4.107,pose,6.742,7.21,6.978,4.417,8.3528,4.2077,0.0653,0.0436,-0.6788,0.7454
853,28.433,3.999,4.107,bbox,6.892,7.21,6.978,4.589,8.3182,4.1779,,,,
854,28.467,3.987,4.045,bbox,6.954,7.21,6.978,4.663,8.2814,4.133,,,,
855,28.5,3.625,3.999,pose,6.989,7.21,6.978,4.663,8.2465,4.1052,0.1384,0.4175,0.8357,0.7373
856,28.533,4.003,3.999,bbox,7.026,7.21,6.978,4.738,8.2098,4.0986,,,,
857,28.567,4.017,3.999,bbox,7.061,7.21,6.978,4.738,8.1794,4.0977,,,,
858,28.6,2.336,3.987,pose,7.097,7.21,6.978,4.772,8.1462,4.0371,0.2864,0.4706,-1.1412,0.7005
859,28.633,3.967,3.967,bbox,7.128,7.21,6.978,4.772,8.1254,3.9824,,,,
860,28.667,3.954,3.967,bbox,7.161,7.21,6.978,4.834,8.0969,3.9547,,,,
861,28.7,0.558,3.954,pose,7.161,7.21,6.978,4.889,8.0829,3.9697,0.1372,0.0552,-0.7052,0.5454
862,28.733,3.927,3.927,bbox,7.21,7.21,6.978,4.889,8.0637,3.9518,,,,
863,28.767,3.902,3.927,bbox,7.21,7.21,6.978,4.889,8.0623,3.9583,,,,
864,28.8,0.837,3.902,pose,7.244,7.21,6.978,4.889,8.0386,3.9338,0.2121,0.4332,-0.5183,0.6271
865,28.833,3.939,3.902,bbox,7.244,7.21,6.978,4.919,8.0207,3.8911,,,,
866,28.867,3.983,3.927,bbox,7.244,7.21,6.978,4.919,8.0131,3.8168,,,,
867,28.9,4.073,3.939,bbox,7.287,7.21,6.978,4.98,8.0131,3.7801,,0.2173,,0.6906
868,28.933,4.027,3.983,bbox,7.287,7.21,6.978,5.054,7.995,3.6815,,,,
869,28.967,4.121,4.027,bbox,7.287,7.21,6.978,5.091,7.9781,3.588,,,,
870,29.0,3.622,4.027,pose,7.287,7.21,6.978,5.19,7.9546,3.549,0.135,0.1204,1.2262,0.6084
871,29.033,4.145,4.073,bbox,7.329,7.21,6.978,5.283,7.9459,3.5042,,,,
872,29.067,4.216,4.121,bbox,7.329,7.21,6.978,5.322,7.9472,3.4509,,,,
873,29.1,4.253,4.145,pose,7.329,7.21,6.978,5.367,7.9495,3.4379,0.1239,0.0766,1.0784,0.7557
874,29.133,4.221,4.216,bbox,7.329,7.21,6.978,5.42,7.9498,3.4226,,,,
875,29.167,4.245,4.221,bbox,7.329,7.21,6.978,5.42,7.9548,3.3825,,,,
876,29.2,4.26,4.245,bbox,7.329,7.21,6.978,5.42,7.9597,3.3311,,0.5024,,0.706
877,29.233,4.243,4.245,bbox,7.329,7.21,6.978,5.489,7.958,3.3006,,,,
878,29.267,4.299,4.245,bbox,7.329,7.21,6.978,5.54,7.9601,3.2844,,,,
879,29.3,4.256,4.256,bbox,7.329,7.21,6.978,5.571,7.8755,3.2344,,0.5541,,0.6813
880,29.333,4.377,4.26,bbox,7.329,7.21,6.978,5.571,7.8765,3.1749,,,,
881,29.367,4.508,4.299,bbox,7.369,7.21,6.978,5.637,7.9386,3.1257,,,,
882,29.4,4.324,4.324,pose,7.369,7.21,6.978,5.696,7.9749,3.1085,0.0647,0.1316,0.8369,0.5968
883,29.433,4.665,4.377,bbox,7.369,7.21,6.978,5.745,7.9816,3.017,,,,
884,29.467,4.831,4.508,bbox,7.369,7.246,6.978,5.745,8.0062,2.9781,,,,
885,29.5,6.777,4.665,pose,7.369,7.246,6.978,5.854,8.0218,2.9243,0.4461,0.5611,-1.7017,-0.8868
886,29.533,4.861,4.831,bbox,7.369,7.278,6.978,5.893,8.0268,2.8829,,,,
887,29.567,5.104,4.861,bbox,7.369,7.278,6.978,5.947,8.0392,2.8265,,,,
888,29.6,5.009,5.009,bbox,7.369,7.278,6.978,5.988,8.044,2.8092,,0.0099,,0.5275
889,29.633,5.002,5.009,bbox,7.369,7.311,6.978,6.045,8.0482,2.7994,,,,
890,29.667,,,,7.369,7.311,6.978,6.045,,,,,,
891,29.7,,,,7.369,7.311,6.978,6.045,,,,,,
892,29.733,,,,7.369,7.311,6.978,6.045,,,,,,
893,29.767,,,,7.369,7.311,6.978,6.045,,,,,,
894,29.8,,,,7.369,7.311,6.978,6.045,,,,,,
895,29.833,,,,7.369,7.311,6.978,6.045,,,,,,
896,29.867,,,,7.369,7.311,6.978,6.045,,,,,,
897,29.9,,,,7.369,7.311,6.978,6.045,,,,,,
898,29.933,,,,7.369,7.311,6.978,6.045,,,,,,
899,29.967,,,,7.369,7.311,6.978,6.045,,,,,,
900,30.0,,,,7.369,7.311,6.978,6.045,,,,,,
901,30.033,,,,7.369,7.311,6.978,6.045,,,,,,
902,30.067,,,,7.369,7.311,6.978,6.045,,,,,,
903,30.1,,,,7.369,7.311,6.978,6.045,,,,,,
904,30.133,,,,7.369,7.311,6.978,6.045,,,,,,
905,30.167,,,,7.369,7.311,6.978,6.045,,,,,,
906,30.2,,,,7.369,7.311,6.978,6.045,,,,,,
907,30.233,,,,7.369,7.311,6.978,6.045,,,,,,
908,30.267,,,,7.369,7.311,6.978,6.045,,,,,,
909,30.3,,,,7.369,7.311,6.978,6.045,,,,,,
910,30.333,,,,7.369,7.311,6.978,6.045,,,,,,
911,30.367,,,,7.369,7.311,6.978,6.045,,,,,,
912,30.4,,,,7.369,7.311,6.978,6.045,,,,,,
913,30.433,,,,7.369,7.311,6.978,6.045,,,,,,
914,30.467,,,,7.369,7.311,6.978,6.045,,,,,,
915,30.5,,,,7.369,7.311,6.978,6.045,,,,,,
916,30.533,,,,7.369,7.311,6.978,6.045,,,,,,
917,30.567,,,,7.369,7.311,6.978,6.045,,,,,,
918,30.6,,,,7.369,7.311,6.978,6.045,,,,,,
919,30.633,,,,7.369,7.311,6.978,6.045,,,,,,
920,30.667,,,,7.369,7.311,6.978,6.045,,,,,,
921,30.7,,,,7.369,7.311,6.978,6.045,,,,,,
922,30.733,,,,7.369,7.311,6.978,6.045,,,,,,
923,30.767,,,,7.369,7.311,6.978,6.045,,,,,,
924,30.8,,,,7.369,7.311,6.978,6.045,,,,,,
925,30.833,,,,7.369,7.311,6.978,6.045,,,,,,
926,30.867,5.373,5.009,bbox,7.369,7.311,6.978,6.045,7.8959,2.0533,,,,
927,30.9,5.33,5.104,bbox,7.369,7.311,6.978,6.045,7.8675,2.0474,,0.3495,,0.689
928,30.933,5.325,5.325,bbox,7.512,7.311,6.978,6.222,7.8449,2.04,,,,
929,30.967,5.306,5.325,bbox,7.512,7.311,6.978,6.222,7.8333,2.0383,,,,
930,31.0,5.307,5.325,pose,7.563,7.311,6.978,6.222,7.8185,2.0565,0.0349,0.3111,-0.07,0.6979
931,31.033,5.245,5.307,bbox,7.563,7.311,6.978,6.222,7.7973,2.071,,,,
932,31.067,5.24,5.306,bbox,7.563,7.311,6.978,6.222,7.7945,2.0802,,,,
933,31.1,5.337,5.306,bbox,7.611,7.311,6.978,6.222,7.7898,2.0941,,0.2371,,0.6946
934,31.133,5.381,5.307,bbox,7.611,7.311,6.978,6.222,7.783,2.1187,,,,
935,31.167,5.332,5.332,bbox,7.611,7.311,7.019,6.222,7.7769,2.138,,,,
936,31.2,5.331,5.332,bbox,7.611,7.311,7.019,6.222,7.7614,2.1484,,0.0533,,0.6771
937,31.233,5.451,5.337,bbox,7.611,7.311,7.063,6.222,7.7552,2.1821,,,,
938,31.267,5.491,5.381,bbox,7.646,7.311,7.063,6.222,7.75,2.1983,,,,
939,31.3,5.489,5.451,bbox,7.646,7.311,7.107,6.222,7.7501,2.2112,,0.0486,,0.735
940,31.333,5.425,5.451,bbox,7.646,7.311,7.107,6.222,7.7439,2.2456,,,,
941,31.367,5.35,5.451,bbox,7.646,7.311,7.107,6.222,7.7615,2.2798,,,,
942,31.4,5.455,5.455,bbox,7.646,7.311,7.17,6.222,7.7959,2.2774,,0.288,,0.7439
943,31.433,,,,7.646,7.311,7.17,6.222,,,,,,
944,31.467,5.444,5.444,bbox,7.646,7.311,7.202,6.222,7.7857,2.3673,,,,
945,31.5,5.182,5.425,pose,7.646,7.311,7.202,6.222,7.8107,2.4358,0.0601,0.4765,0.7287,0.6874
946,31.533,5.445,5.444,bbox,7.646,7.345,7.292,6.222,7.82,2.4655,,,,
947,31.567,5.484,5.445,bbox,7.646,7.345,7.361,6.222,7.8292,2.5,,,,
948,31.6,5.554,5.445,bbox,7.646,7.345,7.361,6.222,7.8325,2.4986,,0.5763,,0.6699
949,31.633,5.568,5.484,bbox,7.646,7.379,7.423,6.222,7.8388,2.5068,,,,
950,31.667,5.52,5.52,bbox,7.646,7.379,7.423,6.222,7.8488,2.5138,,,,
951,31.7,5.182,5.52,pose,7.646,7.379,7.423,6.222,7.8581,2.5252,0.0937,0.5663,0.6562,0.6842
952,31.733,5.455,5.52,bbox,7.646,7.379,7.423,6.222,7.8935,2.5461,,,,
953,31.767,5.458,5.458,bbox,7.646,7.379,7.423,6.222,7.9115,2.5655,,,,
954,31.8,5.35,5.455,bbox,7.646,7.443,7.471,6.222,7.9199,2.5872,,0.4434,,0.6978
955,31.833,5.254,5.35,bbox,7.646,7.443,7.471,6.222,7.951,2.61,,,,
956,31.867,5.231,5.35,bbox,7.646,7.443,7.512,6.222,7.956,2.6344,,,,
957,31.9,,,,7.646,7.443,7.512,6.222,,,,,,
958,31.933,,,,7.646,7.443,7.512,6.222,,,,,,
959,31.967,5.253,5.254,bbox,7.646,7.5,7.512,6.222,8.0014,2.6892,,,,
960,32.0,5.055,5.253,pose,7.646,7.5,7.559,6.222,8.0155,2.7208,0.0108,0.0231,0.6311,0.5277
961,32.033,,,,7.646,7.5,7.559,6.222,,,,,,
962,32.067,,,,7.646,7.5,7.559,6.222,,,,,,
963,32.1,,,,7.646,7.5,7.559,6.222,,,,,,
964,32.133,,,,7.646,7.5,7.559,6.222,,,,,,
965,32.167,,,,7.646,7.5,7.559,6.222,,,,,,
966,32.2,,,,7.646,7.5,7.559,6.222,,,,,,
967,32.233,,,,7.646,7.5,7.559,6.222,,,,,,
968,32.267,,,,7.646,7.5,7.559,6.222,,,,,,
969,32.3,,,,7.646,7.5,7.559,6.222,,,,,,
970,32.333,,,,7.646,7.5,7.559,6.222,,,,,,
971,32.367,,,,7.646,7.5,7.559,6.222,,,,,,
972,32.4,4.732,5.231,pose,7.646,7.551,7.614,6.222,8.0685,3.137,0.0222,0.5787,0.7018,0.6553
973,32.433,,,,7.646,7.551,7.614,6.222,,,,,,
974,32.467,4.823,5.055,bbox,7.646,7.551,7.646,6.222,8.0769,3.1754,,,,
975,32.5,,,,7.646,7.551,7.646,6.222,,,,,,
976,32.533,,,,7.646,7.551,7.646,6.222,,,,,,
977,32.567,,,,7.646,7.551,7.646,6.222,,,,,,
978,32.6,4.485,4.823,pose,7.646,7.618,7.796,6.222,8.0798,3.17,0.0632,0.5809,0.7309,0.6873
979,32.633,4.761,4.761,bbox,7.646,7.618,7.829,6.222,8.0852,3.2173,,,,
980,32.667,4.74,4.74,bbox,7.646,7.618,7.829,6.222,8.0925,3.2478,,,,
981,32.7,4.76,4.76,bbox,7.646,7.618,7.876,6.222,8.096,3.265,,,,
982,32.733,4.749,4.749,bbox,7.646,7.618,7.906,6.222,8.1046,3.3036,,,,
983,32.767,4.765,4.76,bbox,7.646,7.618,7.906,6.222,8.1083,3.3138,,,,
984,32.8,4.79,4.76,bbox,7.646,7.654,7.962,6.222,8.1139,3.3406,,,,
985,32.833,,,,7.646,7.654,7.962,6.222,,,,,,
986,32.867,,,,7.646,7.654,7.962,6.222,,,,,,
987,32.9,,,,7.646,7.654,7.962,6.222,,,,,,
988,32.933,4.697,4.76,bbox,7.646,7.654,7.962,6.222,8.1292,3.4765,,,,
989,32.967,4.736,4.749,bbox,7.646,7.654,7.999,6.222,8.1299,3.4622,,,,
990,33.0,4.821,4.765,pose,7.646,7.654,8.121,6.222,8.1237,3.4928,0.1307,0.0179,0.7392,0.7581
991,33.033,4.623,4.736,bbox,7.646,7.654,8.121,6.222,8.1219,3.551,,,,
992,33.067,4.638,4.697,bbox,7.646,7.654,8.151,6.222,8.121,3.5509,,,,
993,33.1,4.858,4.736,pose,7.646,7.654,8.151,6.222,8.1153,3.4976,0.1383,0.0596,0.7116,0.7573
994,33.133,4.716,4.716,bbox,7.646,7.654,8.151,6.222,8.1135,3.4964,,,,
995,33.167,4.727,4.716,bbox,7.646,7.654,8.151,6.222,8.1198,3.4728,,,,
996,33.2,4.808,4.727,pose,7.646,7.654,8.151,6.222,8.1238,3.3912,0.0316,0.1924,0.6199,0.7292
997,33.233,4.753,4.753,bbox,7.646,7.654,8.151,6.222,8.1294,3.3625,,,,
998,33.267,4.82,4.753,bbox,7.646,7.654,8.151,6.323,8.1338,3.321,,,,
999,33.3,4.847,4.808,bbox,7.646,7.654,8.151,6.323,8.1368,3.3072,,,,
1000,33.333,4.808,4.808,bbox,7.646,7.654,8.151,6.393,8.127,3.2911,,,,
1001,33.367,4.817,4.817,bbox,7.646,7.654,8.151,6.393,8.1281,3.2698,,,,
1002,33.4,,,,7.646,7.654,8.151,6.393,,,,,,
1003,33.433,,,,7.646,7.654,8.151,6.393,,,,,,
1004,33.467,,,,7.646,7.654,8.151,6.393,,,,,,
1005,33.5,,,,7.646,7.654,8.151,6.393,,,,,,
1006,33.533,,,,7.646,7.654,8.151,6.393,,,,,,
1007,33.567,,,,7.646,7.654,8.151,6.393,,,,,,
1008,33.6,,,,7.646,7.654,8.151,6.393,,,,,,
1009,33.633,4.621,4.817,bbox,7.646,7.654,8.151,6.393,8.0596,3.1705,,,,
1010,33.667,4.664,4.808,bbox,7.646,7.654,8.151,6.445,8.0578,3.1505,,,,
1011,33.7,4.554,4.664,pose,7.691,7.654,8.151,6.544,8.0359,3.1298,0.0172,0.5945,0.7096,0.5933
1012,33.733,,,,7.691,7.654,8.151,6.544,,,,,,
1013,33.767,,,,7.691,7.654,8.151,6.544,,,,,,
1014,33.8,,,,7.691,7.654,8.151,6.544,,,,,,
1015,33.833,4.893,4.664,bbox,7.691,7.654,8.151,6.544,8.0079,3.0123,,,,
1016,33.867,,,,7.691,7.654,8.151,6.544,,,,,,
1017,33.9,,,,7.691,7.654,8.151,6.544,,,,,,
1018,33.933,,,,7.691,7.654,8.151,6.544,,,,,,
1019,33.967,,,,7.691,7.654,8.151,6.544,,,,,,
1020,34.0,,,,7.691,7.654,8.151,6.544,,,,,,
1021,34.033,,,,7.691,7.654,8.151,6.544,,,,,,
1022,34.067,,,,7.691,7.654,8.151,6.544,,,,,,
1023,34.1,,,,7.691,7.654,8.151,6.544,,,,,,
1024,34.133,,,,7.691,7.654,8.151,6.544,,,,,,
1025,34.167,,,,7.691,7.654,8.151,6.544,,,,,,
1026,34.2,,,,7.691,7.654,8.151,6.544,,,,,,
1027,34.233,,,,7.691,7.654,8.151,6.544,,,,,,
1028,34.267,,,,7.691,7.654,8.151,6.544,,,,,,
1029,34.3,,,,7.691,7.654,8.151,6.544,,,,,,
1030,34.333,,,,7.691,7.654,8.151,6.544,,,,,,
1031,34.367,,,,7.691,7.654,8.151,6.544,,,,,,
1032,34.4,,,,7.691,7.654,8.151,6.544,,,,,,
1033,34.433,,,,7.691,7.654,8.151,6.544,,,,,,
1034,34.467,,,,7.691,7.654,8.151,6.544,,,,,,
1035,34.5,,,,7.691,7.654,8.151,6.544,,,,,,
1036,34.533,,,,7.691,7.654,8.151,6.544,,,,,,
1037,34.567,,,,7.691,7.654,8.151,6.544,,,,,,
1038,34.6,,,,7.691,7.654,8.151,6.544,,,,,,
1039,34.633,,,,7.691,7.654,8.151,6.544,,,,,,
1040,34.667,,,,7.691,7.654,8.151,6.544,,,,,,
1041,34.7,,,,7.691,7.654,8.151,6.544,,,,,,
1042,34.733,,,,7.691,7.654,8.151,6.544,,,,,,
1043,34.767,,,,7.691,7.654,8.151,6.544,,,,,,
1044,34.8,,,,7.691,7.654,8.151,6.544,,,,,,
1045,34.833,,,,7.691,7.654,8.151,6.544,,,,,,
1046,34.867,,,,7.691,7.654,8.151,6.544,,,,,,
1047,34.9,,,,7.691,7.654,8.151,6.544,,,,,,
1048,34.933,,,,7.691,7.654,8.151,6.544,,,,,,
1049,34.967,,,,7.691,7.654,8.151,6.544,,,,,,
1050,35.0,,,,7.691,7.654,8.151,6.544,,,,,,
1051,35.033,,,,7.691,7.654,8.151,6.544,,,,,,
1052,35.067,,,,7.691,7.654,8.151,6.544,,,,,,
1053,35.1,,,,7.691,7.654,8.151,6.544,,,,,,
1054,35.133,,,,7.691,7.654,8.151,6.544,,,,,,
1055,35.167,,,,7.691,7.654,8.151,6.544,,,,,,
1056,35.2,,,,7.691,7.654,8.151,6.544,,,,,,
1057,35.233,,,,7.691,7.654,8.151,6.544,,,,,,
1058,35.267,,,,7.691,7.654,8.151,6.544,,,,,,
1059,35.3,,,,7.691,7.654,8.151,6.544,,,,,,
1060,35.333,,,,7.691,7.654,8.151,6.544,,,,,,
1061,35.367,,,,7.691,7.654,8.151,6.544,,,,,,
1062,35.4,,,,7.691,7.654,8.151,6.544,,,,,,
1063,35.433,,,,7.691,7.654,8.151,6.544,,,,,,
1064,35.467,,,,7.691,7.654,8.151,6.544,,,,,,
1065,35.5,,,,7.691,7.654,8.151,6.544,,,,,,
1066,35.533,,,,7.691,7.654,8.151,6.544,,,,,,
1067,35.567,,,,7.691,7.654,8.151,6.544,,,,,,
1068,35.6,,,,7.691,7.654,8.151,6.544,,,,,,
1069,35.633,,,,7.691,7.654,8.151,6.544,,,,,,
1070,35.667,,,,7.691,7.654,8.151,6.544,,,,,,
1071,35.7,,,,7.691,7.654,8.151,6.544,,,,,,
1072,35.733,,,,7.691,7.654,8.151,6.544,,,,,,
1073,35.767,,,,7.691,7.654,8.151,6.544,,,,,,
1074,35.8,4.012,4.621,pose,7.691,7.654,8.151,6.544,7.7935,3.5354,0.4297,0.1607,0.6956,0.6056
1075,35.833,4.323,4.554,bbox,7.743,7.654,8.151,6.544,7.8027,3.5524,,,,
1076,35.867,4.309,4.323,bbox,7.893,7.654,8.281,6.544,7.8332,3.5706,,,,
1077,35.9,4.067,4.309,pose,7.893,7.654,8.281,6.544,7.8554,3.5871,0.3899,0.0275,0.684,0.6443
1078,35.933,4.213,4.213,bbox,7.893,7.654,8.317,6.544,7.874,3.6192,,,,
1079,35.967,4.198,4.213,bbox,7.893,7.654,8.317,6.544,7.9169,3.6463,,,,
1080,36.0,4.129,4.198,pose,7.893,7.695,8.365,6.544,7.9229,3.643,0.1732,0.0949,0.5007,0.6501
1081,36.033,4.199,4.198,bbox,7.893,7.738,8.365,6.544,7.931,3.6544,,,,
1082,36.067,4.22,4.199,bbox,7.893,7.738,8.365,6.544,7.9623,3.6751,,,,
1083,36.1,4.165,4.198,pose,7.893,7.738,8.4,6.544,7.9957,3.6712,0.1093,0.0473,0.4933,0.5572
1084,36.133,4.313,4.199,bbox,7.893,7.783,8.4,6.544,8.0516,3.673,,,,
1085,36.167,4.335,4.22,bbox,7.893,7.816,8.4,6.544,8.0753,3.6751,,,,
1086,36.2,4.343,4.313,bbox,7.893,7.872,8.4,6.544,8.096,3.6654,,0.0356,,0.6716
1087,36.233,4.377,4.335,bbox,7.893,7.872,8.4,6.544,8.1108,3.6689,,,,
1088,36.267,4.384,4.343,bbox,7.893,7.917,8.4,6.544,8.1245,3.6918,,,,
1089,36.3,4.353,4.353,bbox,7.893,7.917,8.4,6.544,8.1411,3.7198,,0.3389,,0.6093
1090,36.333,4.374,4.374,bbox,7.893,7.917,8.438,6.544,8.1554,3.7384,,,,
1091,36.367,4.381,4.377,bbox,7.893,7.962,8.438,6.544,8.1679,3.746,,,,
1092,36.4,4.398,4.381,bbox,7.893,7.962,8.484,6.544,8.1775,3.7548,,0.3842,,0.6834
1093,36.433,4.485,4.381,bbox,7.893,7.962,8.484,6.544,8.2101,3.7534,,,,
1094,36.467,4.41,4.398,bbox,7.893,7.998,8.484,6.544,8.2148,3.7521,,,,
1095,36.5,4.406,4.406,bbox,7.893,8.031,8.484,6.544,8.2111,3.7495,,0.0225,,0.7554
1096,36.533,4.441,4.41,bbox,7.893,8.031,8.484,6.544,8.203,3.7298,,,,
1097,36.567,4.492,4.441,bbox,7.893,8.031,8.484,6.544,8.2061,3.7026,,,,
1098,36.6,4.586,4.441,bbox,7.893,8.031,8.484,6.544,8.2084,3.6568,,,,
1099,36.633,4.662,4.492,bbox,7.893,8.031,8.484,6.58,8.2115,3.6133,,,,
1100,36.667,4.791,4.586,bbox,7.893,8.031,8.484,6.626,8.2315,3.5807,,,,
1101,36.7,4.909,4.662,bbox,7.893,8.031,8.484,6.669,8.2553,3.5606,,0.0915,,0.706
1102,36.733,4.925,4.791,bbox,7.893,8.031,8.484,6.702,8.2816,3.5524,,,,
1103,36.767,4.959,4.909,bbox,7.893,8.076,8.484,6.702,8.3058,3.5457,,,,
1104,36.8,4.946,4.925,bbox,7.893,8.076,8.484,6.702,8.3141,3.53,,0.4775,,0.6962
1105,36.833,4.931,4.931,bbox,7.893,8.126,8.484,6.737,8.3314,3.5203,,,,
1106,36.867,4.914,4.931,bbox,7.893,8.126,8.484,6.737,8.3281,3.5027,,,,
1107,36.9,5.041,4.946,bbox,7.893,8.126,8.484,6.737,8.333,3.4731,,0.4191,,0.6656
1108,36.933,5.105,4.946,bbox,7.893,8.126,8.484,6.78,8.3535,3.4274,,,,
1109,36.967,5.348,5.041,bbox,7.893,8.126,8.484,6.78,8.369,3.3824,,,,
1110,37.0,5.327,5.105,bbox,7.893,8.174,8.484,6.855,8.3778,3.3344,,0.4377,,0.7317
1111,37.033,5.333,5.327,bbox,7.893,8.174,8.484,6.9,8.382,3.2931,,,,
1112,37.067,,,,7.893,8.174,8.484,6.9,,,,,,
1113,37.1,,,,7.893,8.174,8.484,6.9,,,,,,
1114,37.133,,,,7.893,8.174,8.484,6.9,,,,,,
1115,37.167,,,,7.893,8.174,8.484,6.9,,,,,,
1116,37.2,,,,7.893,8.174,8.484,6.9,,,,,,
1117,37.233,,,,7.893,8.174,8.484,6.9,,,,,,
1118,37.267,,,,7.893,8.174,8.484,6.9,,,,,,
1119,37.3,,,,7.893,8.174,8.484,6.9,,,,,,
1120,37.333,,,,7.893,8.174,8.484,6.9,,,,,,
1121,37.367,,,,7.893,8.174,8.484,6.9,,,,,,
1122,37.4,,,,7.893,8.174,8.484,6.9,,,,,,
1123,37.433,,,,7.893,8.174,8.484,6.9,,,,,,
1124,37.467,5.397,5.333,bbox,7.893,8.174,8.484,6.948,8.3901,3.0071,,,,
1125,37.5,5.367,5.348,bbox,7.893,8.174,8.484,6.989,8.3874,3.0085,0.0352,,0.6914,
1126,37.533,5.289,5.333,bbox,7.893,8.174,8.484,7.139,8.3767,3.0058,,,,
1127,37.567,3.136,5.333,bbox,7.893,8.174,8.484,7.139,8.3688,5.7583,,,,
1128,37.6,3.08,5.289,pose,7.893,8.174,8.484,7.139,8.3443,5.7533,0.0828,0.13,0.7353,0.6667
1129,37.633,3.094,3.136,bbox,7.893,8.174,8.634,7.139,8.3336,5.7447,,,,
1130,37.667,3.042,3.094,bbox,7.893,8.174,8.634,7.139,8.3093,5.7396,,,,
1131,37.7,2.997,3.08,bbox,7.893,8.174,8.634,7.139,8.3098,5.7468,0.091,,0.7219,
1132,37.733,2.975,3.042,bbox,7.937,8.174,8.634,7.139,8.3028,5.7534,,,,
1133,37.767,2.933,2.997,bbox,7.937,8.174,8.634,7.139,8.2803,5.7558,,,,
1134,37.8,4.924,2.997,pose,7.937,8.174,8.634,7.139,8.2606,5.7526,0.003,0.2089,0.7143,0.5136
1135,37.833,,,,7.937,8.174,8.634,7.139,,,,,,
1136,37.867,,,,7.937,8.174,8.634,7.139,,,,,,
1137,37.9,2.758,2.975,bbox,7.937,8.174,8.634,7.139,8.2256,5.7917,,0.0835,,-0.8535
1138,37.933,2.72,2.933,bbox,7.986,8.174,8.634,7.139,8.2165,5.8009,,,,
1139,37.967,2.669,2.758,bbox,8.021,8.174,8.681,7.139,8.2045,5.7919,,,,
1140,38.0,2.659,2.72,bbox,8.021,8.174,8.681,7.139,8.1982,5.786,,0.0295,,0.02
1141,38.033,2.63,2.669,bbox,8.021,8.174,8.681,7.139,8.1809,5.7841,,,,
1142,38.067,2.617,2.659,bbox,8.021,8.174,8.681,7.139,8.1584,5.7823,,,,
1143,38.1,,,,8.021,8.174,8.681,7.139,,,,,,
1144,38.133,2.503,2.63,bbox,8.066,8.174,8.681,7.139,8.0548,5.7774,,,,
1145,38.167,2.462,2.617,bbox,8.066,8.174,8.681,7.139,8.0279,5.7716,,,,
1146,38.2,2.432,2.503,bbox,8.192,8.174,8.681,7.139,8.0038,5.7655,,0.0268,,-0.9852
1147,38.233,2.429,2.462,bbox,8.192,8.174,8.681,7.139,7.9921,5.7529,,,,
1148,38.267,4.996,2.462,bbox,8.243,8.174,8.681,7.139,7.9859,2.8773,,,,
1149,38.3,4.875,2.462,pose,8.243,8.174,8.681,7.178,7.9685,2.8819,0.5726,0.1035,0.7169,0.7094
1150,38.333,4.962,4.875,bbox,8.243,8.174,8.681,7.328,7.9552,2.8788,,,,
1151,38.367,4.924,4.924,bbox,8.243,8.174,8.681,7.328,7.9759,2.8902,,,,
1152,38.4,2.713,4.924,pose,8.278,8.174,8.681,7.328,7.9652,5.8025,0.5526,0.0204,0.6941,0.2793
1153,38.433,2.431,4.875,bbox,8.278,8.174,8.681,7.328,7.954,5.7973,,,,
1154,38.467,2.438,2.713,bbox,8.278,8.174,8.84,7.328,7.9476,5.793,,,,
1155,38.5,2.86,2.713,pose,8.278,8.174,8.84,7.328,7.9327,5.7966,0.5302,0.0524,0.6884,-0.183
1156,38.533,2.369,2.438,bbox,8.278,8.174,8.84,7.328,7.9136,5.7891,,,,
1157,38.567,2.335,2.431,bbox,8.314,8.174,8.84,7.328,7.869,5.7939,,,,
1158,38.6,2.78,2.438,pose,8.314,8.174,8.84,7.328,7.8655,5.7893,0.4137,0.1258,0.6808,-0.1817
1159,38.633,2.298,2.369,bbox,8.378,8.174,8.84,7.328,7.8425,5.7916,,,,
1160,38.667,2.255,2.335,bbox,8.378,8.174,8.84,7.328,7.8191,5.7913,,,,
1161,38.7,2.76,2.335,pose,8.378,8.174,8.84,7.328,7.7985,5.7959,0.2744,0.1396,0.6911,-0.1256
1162,38.733,2.224,2.298,bbox,8.428,8.174,8.84,7.328,7.7916,5.7955,,,,
1163,38.767,2.213,2.255,bbox,8.428,8.174,8.84,7.328,7.7833,5.7963,,,,
1164,38.8,2.2,2.224,bbox,8.428,8.174,8.84,7.328,7.7762,5.7954,0.1647,,0.7162,
1165,38.833,2.193,2.213,bbox,8.463,8.174,8.84,7.328,7.7729,5.7971,,,,
1166,38.867,2.188,2.2,bbox,8.463,8.174,8.84,7.328,7.7699,5.792,,,,
1167,38.9,2.185,2.193,bbox,8.463,8.174,8.84,7.328,7.7618,5.7905,0.0697,,0.5518,
1168,38.933,2.176,2.188,bbox,8.463,8.174,8.84,7.328,7.7556,5.7916,,,,
1169,38.967,2.171,2.185,bbox,8.463,8.174,8.84,7.328,7.7551,5.7976,,,,
1170,39.0,2.177,2.177,bbox,8.463,8.174,8.84,7.328,7.76,5.7982,,0.0113,,-0.0958
1171,39.033,2.182,2.177,bbox,8.463,8.174,8.84,7.328,7.7654,5.7956,,,,
1172,39.067,2.167,2.176,bbox,8.463,8.174,8.84,7.328,7.7711,5.7918,,,,
1173,39.1,2.14,2.171,bbox,8.463,8.174,8.84,7.328,7.7798,5.7928,,,,
1174,39.133,2.154,2.167,bbox,8.463,8.174,8.84,7.328,7.814,5.7969,,,,
1175,39.167,2.142,2.154,bbox,8.463,8.174,8.84,7.328,7.8177,5.7993,,,,
1176,39.2,2.107,2.142,bbox,8.463,8.205,8.84,7.328,7.8331,5.8059,0.3425,,0.6544,
1177,39.233,2.101,2.14,bbox,8.463,8.205,8.84,7.328,7.8496,5.8035,,,,
1178,39.267,2.122,2.122,bbox,8.463,8.205,8.84,7.328,7.8658,5.8105,,,,
1179,39.3,2.127,2.122,bbox,8.463,8.24,8.84,7.328,7.8764,5.8094,0.4741,,0.7092,
1180,39.333,2.125,2.122,bbox,8.463,8.24,8.84,7.328,7.8943,5.81,,,,
1181,39.367,2.092,2.122,bbox,8.463,8.24,8.84,7.328,7.9072,5.8317,,,,
1182,39.4,2.077,2.122,bbox,8.463,8.285,8.84,7.328,7.9172,5.8415,0.5339,,0.7026,
1183,39.433,2.102,2.102,bbox,8.463,8.285,8.878,7.328,7.9189,5.853,,,,
1184,39.467,2.116,2.102,bbox,8.463,8.285,8.878,7.328,7.9248,5.8384,,,,
1185,39.5,2.126,2.102,bbox,8.463,8.285,8.878,7.328,7.9152,5.8626,,,,
1186,39.533,2.086,2.102,bbox,8.463,8.285,8.878,7.328,7.9156,5.8697,,,,
1187,39.567,2.135,2.116,bbox,8.463,8.285,8.909,7.328,7.9255,5.8644,,,,
1188,39.6,2.156,2.126,bbox,8.463,8.316,8.909,7.328,7.9447,5.8607,,,,
1189,39.633,2.131,2.131,bbox,8.463,8.316,8.909,7.328,7.9607,5.8631,,,,
1190,39.667,2.157,2.135,bbox,8.463,8.316,8.909,7.328,7.9759,5.8584,,,,
1191,39.7,2.166,2.156,bbox,8.463,8.352,8.909,7.328,7.9899,5.8672,0.5088,,0.6707,
1192,39.733,2.208,2.157,bbox,8.463,8.352,8.909,7.328,8.0131,5.8692,,,,
1193,39.767,2.195,2.166,bbox,8.463,8.352,8.909,7.328,8.0123,5.8741,,,,
1194,39.8,2.015,2.166,pose,8.463,8.403,8.909,7.328,8.0127,5.8736,0.3942,0.1172,0.699,0.6655
1195,39.833,2.171,2.171,bbox,8.463,8.403,8.909,7.328,8.0228,5.8674,,,,
1196,39.867,2.201,2.195,bbox,8.463,8.403,8.909,7.328,8.0487,5.8688,,,,
1197,39.9,1.5,2.171,pose,8.463,8.403,8.909,7.328,8.045,5.8589,0.1317,0.0886,0.0186,0.6094
1198,39.933,2.133,2.133,bbox,8.463,8.403,8.909,7.328,8.0377,5.8675,,,,
1199,39.967,2.134,2.134,bbox,8.463,8.436,8.909,7.328,8.0525,5.8822,,,,
1200,40.0,2.131,2.133,bbox,8.463,8.436,8.909,7.328,8.0549,5.8915,,,,
1201,40.033,2.137,2.133,bbox,8.463,8.436,8.909,7.328,8.073,5.8999,,,,
1202,40.067,2.1,2.133,bbox,8.463,8.436,8.909,7.328,8.0733,5.8929,,,,
1203,40.1,2.136,2.134,bbox,8.463,8.436,8.939,7.328,8.0808,5.9017,0.2807,,0.0081,
1204,40.133,2.171,2.136,bbox,8.463,8.436,8.939,7.328,8.0822,5.9097,,,,
1205,40.167,2.202,2.137,bbox,8.463,8.472,8.939,7.328,8.0831,5.9107,,,,
1206,40.2,2.223,2.171,bbox,8.463,8.472,8.939,7.328,8.0947,5.9195,,0.0431,,0.1761
1207,40.233,2.221,2.202,bbox,8.463,8.472,8.939,7.328,8.102,5.9376,,,,
1208,40.267,2.218,2.218,bbox,8.463,8.472,8.939,7.328,8.1057,5.9516,,,,
1209,40.3,0.881,2.218,pose,8.463,8.472,8.984,7.328,8.1059,5.9508,0.2804,0.0583,-0.3742,0.2699
1210,40.333,2.207,2.218,bbox,8.463,8.472,8.984,7.328,8.1038,5.9595,,,,
1211,40.367,2.175,2.207,bbox,8.463,8.472,8.984,7.328,8.094,5.9687,,,,
1212,40.4,2.126,2.175,bbox,8.463,8.472,8.984,7.328,8.0748,5.9774,,0.3272,,-1.4352
1213,40.433,2.103,2.126,bbox,8.463,8.472,9.015,7.328,8.0481,5.9843,,,,
1214,40.467,2.08,2.126,bbox,8.463,8.472,9.015,7.328,8.009,5.9874,,,,
1215,40.5,3.149,2.126,pose,8.496,8.472,9.015,7.328,7.9705,5.9902,0.5169,0.2752,0.6907,-0.9558
1216,40.533,1.972,2.103,bbox,8.535,8.472,9.015,7.328,7.9599,6.001,,,,
1217,40.567,2.01,2.08,bbox,8.574,8.472,9.015,7.328,7.948,6.0022,,,,
1218,40.6,3.926,2.08,pose,8.574,8.472,9.048,7.328,7.9431,6.0228,0.5342,0.2646,0.7036,-1.5416
1219,40.633,2.008,2.01,bbox,8.574,8.472,9.048,7.328,7.9414,6.0318,,,,
1220,40.667,1.986,2.008,bbox,8.574,8.472,9.048,7.328,7.942,6.0645,,,,
1221,40.7,1.094,2.008,pose,8.574,8.472,9.078,7.328,7.9327,6.0865,0.0632,0.0521,-1.2467,0.1379
1222,40.733,1.957,1.986,bbox,8.574,8.472,9.111,7.328,7.9213,6.112,,,,
1223,40.767,1.897,1.957,bbox,8.611,8.472,9.111,7.328,7.922,6.1538,,,,
1224,40.8,1.771,1.897,pose,8.611,8.472,9.159,7.328,7.914,6.1671,0.5163,0.1138,0.7092,0.6383
1225,40.833,1.819,1.819,bbox,8.611,8.472,9.2,7.328,7.8985,6.1848,,,,
1226,40.867,1.766,1.819,bbox,8.611,8.472,9.2,7.328,7.8842,6.2075,,,,
1227,40.9,1.714,1.771,bbox,8.646,8.472,9.231,7.328,7.8599,6.2731,,0.0382,,0.6454
1228,40.933,1.692,1.766,bbox,8.646,8.472,9.231,7.328,7.8376,6.2939,,,,
1229,40.967,1.675,1.714,bbox,8.684,8.472,9.32,7.328,7.8251,6.307,,,,
1230,41.0,1.651,1.692,bbox,8.684,8.472,9.32,7.328,7.8017,6.3188,,,,
1231,41.033,1.627,1.675,bbox,8.719,8.472,9.354,7.328,7.7835,6.3333,,,,
1232,41.067,1.622,1.651,bbox,8.719,8.472,9.354,7.328,7.7742,6.3416,,,,
1233,41.1,1.623,1.627,bbox,8.761,8.472,9.354,7.328,7.7694,6.3464,,0.112,,0.2529
1234,41.133,1.634,1.627,bbox,8.761,8.472,9.388,7.328,7.7711,6.3415,,,,
1235,41.167,1.641,1.627,bbox,8.761,8.472,9.388,7.328,7.7602,6.3455,,,,
1236,41.2,1.626,1.626,bbox,8.761,8.472,9.388,7.328,7.7387,6.3499,,0.3596,,0.7484
1237,41.233,1.614,1.626,bbox,8.761,8.472,9.388,7.328,7.7588,6.3703,,,,
1238,41.267,1.603,1.626,bbox,8.761,8.472,9.388,7.328,7.758,6.3848,,,,
1239,41.3,1.577,1.614,bbox,8.761,8.472,9.388,7.328,7.7531,6.4272,,0.3766,,-1.3338
1240,41.333,1.565,1.603,bbox,8.761,8.472,9.431,7.328,7.7667,6.456,,,,
1241,41.367,1.584,1.584,bbox,8.761,8.472,9.474,7.328,7.7653,6.4654,,,,
1242,41.4,4.194,1.584,bbox,8.761,8.472,9.474,7.328,7.7695,3.5809,,0.3913,,0.711
1243,41.433,1.574,1.577,bbox,8.761,8.472,9.474,7.328,7.7845,6.5004,,,,
1244,41.467,4.186,1.584,bbox,8.761,8.472,9.474,7.328,7.783,3.5883,,,,
1245,41.5,1.567,1.584,bbox,8.761,8.472,9.512,7.328,7.7993,6.5234,,0.3244,,-1.0101
1246,41.533,1.603,1.603,bbox,8.761,8.472,9.547,7.328,7.809,6.5284,,,,
1247,41.567,4.135,1.603,bbox,8.761,8.472,9.547,7.328,7.8281,3.5956,,,,
1248,41.6,1.664,1.664,bbox,8.761,8.472,9.547,7.328,7.8367,6.532,,0.3887,,-1.2351
1249,41.633,1.676,1.664,bbox,8.761,8.516,9.547,7.328,7.8566,6.5384,,,,
1250,41.667,1.673,1.673,bbox,8.761,8.516,9.579,7.328,7.8843,6.5464,,,,
1251,41.7,1.714,1.676,bbox,8.761,8.516,9.579,7.328,7.9043,6.5525,,,,
1252,41.733,1.747,1.676,bbox,8.761,8.573,9.579,7.328,7.9318,6.5542,,,,
1253,41.767,1.732,1.714,bbox,8.761,8.573,9.579,7.328,7.9477,6.5629,,,,
1254,41.8,4.114,1.732,pose,8.761,8.62,9.579,7.328,7.9565,3.5623,0.3605,0.4289,0.7207,0.724
1255,41.833,4.294,1.747,bbox,8.761,8.62,9.579,7.328,7.9679,3.5639,,,,
1256,41.867,4.374,4.114,bbox,8.761,8.62,9.579,7.458,7.9801,3.564,,,,
1257,41.9,4.39,4.294,bbox,8.761,8.656,9.579,7.458,7.9847,3.5653,,0.1049,,0.5169
1258,41.933,4.384,4.374,bbox,8.761,8.656,9.579,7.458,7.9859,3.5696,,,,
1259,41.967,4.373,4.374,bbox,8.761,8.656,9.579,7.458,7.9861,3.5694,,,,
1260,42.0,4.38,4.38,bbox,8.761,8.656,9.579,7.458,7.9842,3.5701,,0.1129,,0.483
1261,42.033,4.375,4.38,bbox,8.761,8.656,9.579,7.458,7.9797,3.5696,,,,
1262,42.067,4.382,4.38,bbox,8.761,8.656,9.579,7.458,7.9716,3.5688,,,,
1263,42.1,4.415,4.38,bbox,8.761,8.656,9.579,7.458,7.9653,3.5692,,0.3984,,0.6611
1264,42.133,4.412,4.382,bbox,8.761,8.656,9.579,7.458,7.9508,3.5658,,,,
1265,42.167,4.426,4.412,bbox,8.761,8.656,9.579,7.458,7.9439,3.5668,,,,
1266,42.2,4.337,4.412,bbox,8.761,8.656,9.579,7.458,7.9271,3.5692,,0.4305,,0.7003
1267,42.233,4.244,4.412,bbox,8.761,8.656,9.579,7.458,7.91,3.5751,,,,
1268,42.267,4.317,4.337,bbox,8.801,8.656,9.579,7.458,7.8888,3.5794,,,,
1269,42.3,5.304,4.337,pose,8.801,8.656,9.579,7.458,7.857,3.5802,0.4479,0.4275,0.3544,0.7071
1270,42.333,,,,8.801,8.656,9.579,7.458,,,,,,
1271,42.367,,,,8.801,8.656,9.579,7.458,,,,,,
1272,42.4,,,,8.801,8.656,9.579,7.458,,,,,,
1273,42.433,,,,8.801,8.656,9.579,7.458,,,,,,
1274,42.467,,,,8.801,8.656,9.579,7.458,,,,,,
1275,42.5,,,,8.801,8.656,9.579,7.458,,,,,,
1276,42.533,,,,8.801,8.656,9.579,7.458,,,,,,
1277,42.567,,,,8.801,8.656,9.579,7.458,,,,,,
1278,42.6,,,,8.801,8.656,9.579,7.458,,,,,,
1279,42.633,,,,8.801,8.656,9.579,7.458,,,,,,
1280,42.667,,,,8.801,8.656,9.579,7.458,,,,,,
1281,42.7,,,,8.801,8.656,9.579,7.458,,,,,,
1282,42.733,,,,8.801,8.656,9.579,7.458,,,,,,
1283,42.767,,,,8.801,8.656,9.579,7.458,,,,,,
1284,42.8,,,,8.801,8.656,9.579,7.458,,,,,,
1285,42.833,,,,8.801,8.656,9.579,7.458,,,,,,
1286,42.867,,,,8.801,8.656,9.579,7.458,,,,,,
1287,42.9,4.004,4.317,pose,8.84,8.656,9.579,7.458,7.5588,3.5475,0.2025,0.4357,0.6304,0.6967
1288,42.933,4.02,4.244,bbox,8.871,8.656,9.579,7.458,7.5544,3.5461,,,,
1289,42.967,4.016,4.02,bbox,9.021,8.656,9.579,7.458,7.5503,3.5466,,,,
1290,43.0,4.029,4.02,pose,9.021,8.656,9.579,7.458,7.5445,3.5448,0.1822,0.4229,0.6969,0.6963
1291,43.033,3.992,4.016,bbox,9.021,8.656,9.579,7.458,7.5414,3.546,,,,
1292,43.067,3.992,4.016,bbox,9.021,8.656,9.579,7.458,7.5391,3.551,,,,
1293,43.1,4.053,4.016,pose,9.021,8.656,9.579,7.458,7.5361,3.5504,0.156,0.4169,0.6929,0.6993
1294,43.133,4.0,4.0,bbox,9.021,8.656,9.579,7.458,7.5364,3.5525,,,,
1295,43.167,3.996,3.996,bbox,9.021,8.656,9.579,7.458,7.5312,3.5552,,,,
1296,43.2,3.981,3.996,bbox,9.021,8.656,9.579,7.458,7.5259,3.5539,,0.463,,0.689
1297,43.233,3.992,3.996,bbox,9.021,8.656,9.579,7.458,7.5222,3.5465,,,,
1298,43.267,3.987,3.992,bbox,9.054,8.656,9.579,7.458,7.5201,3.5472,,,,
1299,43.3,,,,9.054,8.656,9.579,7.458,,,,,,
1300,43.333,4.01,3.992,bbox,9.054,8.656,9.579,7.458,7.5153,3.5686,,,,
1301,43.367,4.015,3.992,bbox,9.054,8.656,9.579,7.458,7.5142,3.583,,,,
1302,43.4,4.025,4.01,pose,9.054,8.656,9.579,7.458,7.5017,3.5878,0.0469,0.6582,-0.1294,0.6707
1303,43.433,3.998,4.01,bbox,9.054,8.656,9.579,7.458,7.4992,3.614,,,,
1304,43.467,3.947,4.01,bbox,9.054,8.656,9.579,7.458,7.4943,3.6454,,,,
1305,43.5,3.905,3.998,bbox,9.054,8.656,9.629,7.458,7.5086,3.701,,0.8711,,0.6292
1306,43.533,3.956,3.956,bbox,9.054,8.656,9.66,7.458,7.5107,3.6817,,,,
1307,43.567,3.904,3.947,bbox,9.054,8.656,9.696,7.458,7.4573,3.7194,,,,
1308,43.6,3.916,3.916,bbox,9.086,8.656,9.696,7.458,7.4364,3.6982,0.0381,,1.563,
1309,43.633,3.902,3.905,bbox,9.123,8.656,9.696,7.458,7.4097,3.722,,,,
1310,43.667,3.924,3.916,bbox,9.123,8.656,9.734,7.458,7.407,3.7381,,,,
1311,43.7,3.939,3.916,bbox,9.171,8.656,9.734,7.458,7.3875,3.7431,,,,
1312,43.733,3.889,3.916,bbox,9.171,8.656,9.734,7.458,7.3473,3.7537,,,,
1313,43.767,3.852,3.902,bbox,9.171,8.656,9.734,7.458,7.3201,3.7679,,,,
1314,43.8,3.841,3.889,bbox,9.233,8.656,9.768,7.458,7.324,3.7742,,0.9574,,0.6042
1315,43.833,3.793,3.852,bbox,9.233,8.656,9.768,7.458,7.3053,3.775,,,,
1316,43.867,3.674,3.841,bbox,9.233,8.656,9.768,7.458,7.2511,3.809,,,,
1317,43.9,3.539,3.793,bbox,9.275,8.656,9.768,7.458,7.1892,3.8399,,0.8988,,0.6371
1318,43.933,3.474,3.674,bbox,9.329,8.656,9.824,7.458,7.194,3.8704,,,,
1319,43.967,3.372,3.539,bbox,9.386,8.656,9.855,7.458,7.129,3.8944,,,,
1320,44.0,3.305,3.474,bbox,9.386,8.656,9.885,7.458,7.0776,3.9017,,0.9089,,0.6498
1321,44.033,3.329,3.372,bbox,9.451,8.656,9.885,7.458,7.0103,3.9056,,,,
1322,44.067,3.276,3.329,bbox,9.503,8.656,9.916,7.458,6.9799,3.9077,,,,
1323,44.1,3.264,3.305,bbox,9.57,8.656,9.916,7.458,6.9397,3.9239,,,,
1324,44.133,3.291,3.291,bbox,9.6,8.656,9.916,7.458,6.9332,3.948,,,,
1325,44.167,3.291,3.291,bbox,9.632,8.656,9.916,7.458,6.9487,3.9845,,,,
1326,44.2,3.18,3.276,bbox,9.632,8.656,9.963,7.458,6.9581,3.9958,,,,
1327,44.233,3.16,3.264,bbox,9.632,8.656,9.999,7.458,6.9913,4.0158,,,,
1328,44.267,3.131,3.18,bbox,9.632,8.656,9.999,7.458,7.0095,4.0274,,,,
1329,44.3,3.102,3.16,bbox,9.632,8.699,10.03,7.458,7.0208,4.0361,,0.1464,,0.1663
1330,44.333,3.089,3.131,bbox,9.632,8.699,10.03,7.458,7.0277,4.0463,,,,
1331,44.367,3.05,3.102,bbox,9.632,8.699,10.03,7.458,7.0338,4.0774,,,,
1332,44.4,3.072,3.089,bbox,9.632,8.735,10.061,7.458,7.0527,4.0934,,0.8539,,0.6404
1333,44.433,3.098,3.089,bbox,9.632,8.735,10.092,7.458,7.0696,4.1082,,,,
1334,44.467,3.14,3.089,bbox,9.632,8.735,10.092,7.458,7.0817,4.1108,,,,
1335,44.5,3.172,3.098,bbox,9.632,8.777,10.123,7.458,7.073,4.1169,,0.8492,,0.5761
1336,44.533,3.189,3.14,bbox,9.632,8.777,10.123,7.458,7.0772,4.1368,,,,
1337,44.567,3.181,3.172,bbox,9.632,8.777,10.123,7.458,7.0794,4.1519,,,,
1338,44.6,3.166,3.172,bbox,9.632,8.777,10.123,7.458,7.0707,4.1605,,,,
1339,44.633,3.115,3.172,bbox,9.632,8.777,10.167,7.458,7.0666,4.173,,,,
1340,44.667,3.087,3.166,bbox,9.632,8.777,10.167,7.458,7.0649,4.1808,,,,
1341,44.7,3.046,3.115,bbox,9.632,8.777,10.167,7.458,7.0486,4.1875,,,,
1342,44.733,3.014,3.087,bbox,9.632,8.777,10.167,7.458,7.0457,4.1988,,,,
1343,44.767,3.017,3.046,bbox,9.632,8.777,10.202,7.458,7.0558,4.2279,,,,
1344,44.8,3.006,3.017,bbox,9.632,8.777,10.202,7.458,7.0448,4.2398,,0.6861,,0.6614
1345,44.833,3.01,3.014,bbox,9.632,8.777,10.243,7.458,7.029,4.2489,,,,
1346,44.867,3.034,3.014,bbox,9.632,8.777,10.243,7.458,7.0312,4.2497,,,,
1347,44.9,3.037,3.017,bbox,9.67,8.777,10.243,7.458,7.0136,4.2494,0.1193,,-0.154,
1348,44.933,3.033,3.033,bbox,9.67,8.777,10.243,7.458,7.0083,4.2555,,,,
1349,44.967,3.013,3.033,bbox,9.67,8.777,10.243,7.458,7.0059,4.2631,,,,
1350,45.0,3.028,3.033,bbox,9.67,8.777,10.243,7.458,7.0111,4.282,,,,
1351,45.033,2.985,3.028,bbox,9.67,8.777,10.278,7.458,7.0042,4.3119,,,,
1352,45.067,2.979,3.013,bbox,9.67,8.777,10.278,7.458,7.0116,4.3228,,,,
1353,45.1,3.011,3.011,bbox,9.67,8.777,10.327,7.458,7.0426,4.3519,,,,
1354,45.133,3.039,3.011,bbox,9.67,8.777,10.327,7.458,7.065,4.3924,,,,
1355,45.167,3.003,3.003,bbox,9.67,8.777,10.367,7.458,7.0753,4.4891,,,,
1356,45.2,3.022,3.011,bbox,9.67,8.811,10.407,7.458,7.0809,4.5806,,,,
1357,45.233,2.986,3.011,bbox,9.67,8.811,10.504,7.458,7.0805,4.621,,,,
1358,45.267,2.835,3.003,bbox,9.67,8.811,10.595,7.458,7.0656,4.6848,,,,
1359,45.3,2.696,2.986,bbox,9.67,8.811,10.636,7.458,7.0129,4.7419,,0.575,,-0.0114
1360,45.333,2.586,2.835,bbox,9.67,8.811,10.699,7.458,6.9841,4.8099,,,,
1361,45.367,2.572,2.696,bbox,9.722,8.811,10.757,7.458,6.9621,4.8489,,,,
1362,45.4,,,,9.722,8.811,10.757,7.458,,,,,,
1363,45.433,,,,9.722,8.811,10.757,7.458,,,,,,
1364,45.467,,,,9.722,8.811,10.757,7.458,,,,,,
1365,45.5,2.387,2.586,bbox,9.722,8.811,10.824,7.458,6.8265,4.9909,,,,
1366,45.533,2.371,2.572,bbox,9.773,8.811,10.863,7.458,6.8115,4.9713,,,,
1367,45.567,2.452,2.452,bbox,9.908,8.811,10.863,7.458,6.8122,4.8637,,,,
1368,45.6,,,,9.908,8.811,10.863,7.458,,,,,,
1369,45.633,,,,9.908,8.811,10.863,7.458,,,,,,
1370,45.667,1.917,2.387,bbox,9.908,8.811,10.863,7.458,6.3637,4.8006,,,,
1371,45.7,,,,9.908,8.811,10.863,7.458,,,,,,
1372,45.733,,,,9.908,8.811,10.863,7.458,,,,,,
1373,45.767,2.505,2.387,bbox,9.908,8.811,10.863,7.458,6.8282,4.655,,,,
1374,45.8,0.817,2.371,pose,9.908,8.811,10.863,7.506,6.7702,4.5976,0.2612,0.7414,0.2567,0.3116
1375,45.833,,,,9.908,8.811,10.863,7.506,,,,,,
1376,45.867,2.319,2.319,bbox,9.965,8.811,10.863,7.651,6.6354,4.6302,,,,
1377,45.9,2.124,2.124,bbox,10.1,8.811,10.863,7.651,6.496,4.672,,,,
1378,45.933,1.974,2.124,bbox,10.1,8.811,10.863,7.651,6.4526,4.686,,,,
1379,45.967,1.984,1.984,bbox,10.239,8.811,10.863,7.651,6.3887,4.6653,,,,
1380,46.0,1.967,1.984,bbox,10.282,8.811,10.863,7.651,6.3198,4.6155,,,,
1381,46.033,2.028,1.984,bbox,10.346,8.811,10.863,7.651,6.2636,4.5255,,,,
1382,46.067,2.303,1.984,bbox,10.346,8.811,10.863,7.691,6.3724,4.4388,,,,
1383,46.1,2.477,2.028,bbox,10.346,8.811,10.863,7.781,6.4182,4.3486,,0.0607,,-0.2852
1384,46.133,2.375,2.303,bbox,10.415,8.811,10.863,7.868,6.2662,4.2468,,,,
1385,46.167,2.38,2.375,bbox,10.469,8.811,10.863,7.958,6.2647,4.1812,,,,
1386,46.2,2.469,2.38,bbox,10.469,8.811,10.863,8.06,6.277,4.0698,,0.1806,,0.5426
1387,46.233,,,,10.469,8.811,10.863,8.06,,,,,,
1388,46.267,2.754,2.469,bbox,10.469,8.811,10.863,8.125,6.3346,3.9154,,,,
1389,46.3,2.956,2.469,bbox,10.469,8.811,10.863,8.237,6.3459,3.8301,,,,
1390,46.333,3.046,2.754,bbox,10.469,8.879,10.863,8.387,6.3655,3.7287,,,,
1391,46.367,3.238,2.956,bbox,10.469,8.879,10.863,8.472,6.3874,3.632,,,,
1392,46.4,3.094,3.046,bbox,10.469,8.91,10.863,8.573,6.3802,3.4797,,,,
1393,46.433,3.236,3.094,bbox,10.469,8.91,10.863,8.67,6.3852,3.4078,,,,
1394,46.467,3.028,3.094,bbox,10.469,8.91,10.863,8.82,6.1541,3.3561,,,,
1395,46.5,3.473,3.236,bbox,10.469,8.91,10.863,8.892,6.3536,3.3005,,,,
1396,46.533,3.614,3.236,bbox,10.469,8.91,10.863,8.943,6.3848,3.2517,,,,
1397,46.567,3.854,3.473,bbox,10.469,8.91,10.863,8.999,6.3928,3.1127,,,,
1398,46.6,4.028,3.614,bbox,10.469,8.91,10.863,9.048,6.4108,3.0784,,,,
1399,46.633,4.023,3.854,bbox,10.469,8.91,10.863,9.187,6.4187,3.0795,,,,
1400,46.667,3.779,3.854,bbox,10.469,8.91,10.863,9.22,6.2145,3.0712,,,,
1401,46.7,3.74,3.854,bbox,10.469,8.91,10.863,9.22,6.2033,3.0721,,0.2148,,0.7661
1402,46.733,3.847,3.847,bbox,10.502,8.91,10.863,9.22,6.3326,3.0901,,,,
1403,46.767,3.753,3.779,bbox,10.502,8.91,10.863,9.22,6.3358,3.1166,,,,
1404,46.8,3.763,3.763,bbox,10.502,8.91,10.863,9.22,6.329,3.1325,,,,
1405,46.833,3.663,3.753,bbox,10.502,8.91,10.901,9.22,6.3136,3.1587,,,,
1406,46.867,3.464,3.753,bbox,10.502,8.91,10.901,9.22,6.2758,3.1757,,,,
1407,46.9,3.349,3.663,bbox,10.502,8.91,10.943,9.22,6.2699,3.1982,,,,
1408,46.933,3.262,3.464,bbox,10.555,8.91,10.943,9.22,6.2789,3.2233,,,,
1409,46.967,3.172,3.349,bbox,10.555,8.91,10.982,9.22,6.2401,3.2588,,,,
1410,47.0,3.157,3.262,bbox,10.555,8.91,10.982,9.22,6.2705,3.2961,,0.5962,,0.5765
1411,47.033,3.198,3.198,bbox,10.555,8.91,11.043,9.22,6.2557,3.3258,,,,
1412,47.067,3.166,3.172,bbox,10.555,8.91,11.08,9.22,6.2596,3.3677,,,,
1413,47.1,3.14,3.166,bbox,10.555,8.91,11.08,9.22,6.2779,3.4069,,0.002,,0.1998
1414,47.133,3.148,3.157,bbox,10.555,8.91,11.152,9.22,6.2971,3.4324,,,,
1415,47.167,3.202,3.166,bbox,10.555,8.91,11.191,9.22,6.2779,3.4616,,,,
1416,47.2,3.147,3.148,bbox,10.555,8.91,11.191,9.22,6.3076,3.4938,,0.0265,,-0.0027
1417,47.233,3.113,3.147,bbox,10.555,8.91,11.246,9.22,6.395,3.5297,,,,
1418,47.267,3.141,3.147,bbox,10.555,8.91,11.278,9.22,6.3762,3.5432,,,,
1419,47.3,3.134,3.141,bbox,10.555,9.007,11.314,9.22,6.3905,3.5628,,0.3054,,0.2303
1420,47.333,3.135,3.135,bbox,10.555,9.007,11.314,9.22,6.4254,3.5878,,,,
1421,47.367,3.145,3.135,bbox,10.555,9.007,11.347,9.22,6.4759,3.6118,,,,
1422,47.4,2.732,3.135,pose,10.555,9.057,11.347,9.22,6.5061,3.6294,0.3027,0.0237,0.5539,-0.2208
1423,47.433,3.119,3.134,bbox,10.555,9.107,11.396,9.22,6.5058,3.649,,,,
1424,47.467,3.041,3.119,bbox,10.555,9.107,11.396,9.22,6.5398,3.6635,,,,
1425,47.5,3.028,3.041,bbox,10.555,9.137,11.433,9.22,6.5919,3.6818,,0.511,,0.179
1426,47.533,3.041,3.041,bbox,10.555,9.171,11.433,9.22,6.6156,3.6984,,,,
1427,47.567,3.123,3.041,bbox,10.555,9.223,11.466,9.22,6.676,3.7148,,,,
1428,47.6,3.191,3.041,bbox,10.555,9.223,11.466,9.22,6.7137,3.7325,,0.3844,,0.1805
1429,47.633,3.24,3.123,bbox,10.555,9.307,11.499,9.22,6.7732,3.7385,,,,
1430,47.667,3.323,3.191,bbox,10.555,9.345,11.499,9.22,6.8537,3.769,,,,
1431,47.7,3.389,3.24,bbox,10.555,9.404,11.499,9.22,6.9134,3.7821,,0.0585,,0.018
1432,47.733,3.409,3.323,bbox,10.555,9.485,11.553,9.22,6.9806,3.7925,,,,
1433,47.767,3.421,3.389,bbox,10.555,9.545,11.553,9.22,7.0285,3.8084,,,,
1434,47.8,3.533,3.409,bbox,10.555,9.612,11.553,9.22,7.0828,3.8166,,0.7032,,0.4204
1435,47.833,3.524,3.421,bbox,10.555,9.66,11.592,9.22,7.1225,3.8209,,,,
1436,47.867,3.48,3.48,bbox,10.555,9.714,11.592,9.22,7.1459,3.8257,,,,
1437,47.9,3.414,3.48,bbox,10.555,9.754,11.592,9.22,7.1725,3.8376,,0.884,,0.6479
1438,47.933,3.375,3.48,bbox,10.555,9.754,11.592,9.22,7.2259,3.8603,,,,
1439,47.967,3.452,3.452,bbox,10.555,9.804,11.592,9.22,7.2672,3.8913,,,,
1440,48.0,3.373,3.414,pose,10.555,9.857,11.644,9.22,7.324,3.9052,0.0823,0.8282,-0.0797,0.6745
1441,48.033,3.615,3.414,bbox,10.555,9.898,11.675,9.22,7.3398,3.9143,,,,
1442,48.067,3.718,3.452,bbox,10.555,9.955,11.675,9.22,7.416,3.9139,,,,
1443,48.1,,,,10.555,9.955,11.675,9.22,,,,,,
1444,48.133,3.753,3.615,bbox,10.555,9.955,11.675,9.22,7.4012,3.9168,,,,
1445,48.167,3.769,3.718,bbox,10.555,10.032,11.675,9.22,7.4322,3.9273,,,,
1446,48.2,3.789,3.753,bbox,10.555,10.032,11.675,9.22,7.468,3.9353,,0.575,,0.6712
1447,48.233,3.864,3.769,bbox,10.555,10.063,11.711,9.22,7.5355,3.9437,,,,
1448,48.267,3.875,3.789,bbox,10.555,10.099,11.711,9.22,7.5563,3.9469,,,,
1449,48.3,3.616,3.789,pose,10.555,10.167,11.711,9.22,7.5557,3.9507,0.0842,0.8274,-0.1247,0.6421
1450,48.333,3.848,3.848,bbox,10.555,10.167,11.711,9.22,7.5633,3.9521,,,,
1451,48.367,3.79,3.848,bbox,10.555,10.167,11.711,9.22,7.5444,3.959,,,,
1452,48.4,3.725,3.79,bbox,10.555,10.167,11.711,9.22,7.515,3.9719,,0.7714,,0.6458
1453,48.433,3.706,3.725,bbox,10.555,10.167,11.743,9.22,7.4927,3.9725,,,,
1454,48.467,3.704,3.725,bbox,10.555,10.167,11.743,9.22,7.4883,3.9705,,,,
1455,48.5,3.743,3.725,bbox,10.598,10.167,11.743,9.22,7.4862,3.9889,,0.7585,,0.6039
1456,48.533,3.55,3.706,bbox,10.598,10.167,11.743,9.22,7.4377,3.9929,,,,
1457,48.567,3.698,3.704,bbox,10.598,10.167,11.743,9.22,7.4484,3.9968,,,,
1458,48.6,3.457,3.698,bbox,10.642,10.167,11.777,9.22,7.4017,4.0036,,0.7659,,0.5986
1459,48.633,3.485,3.55,bbox,10.642,10.167,11.777,9.22,7.3912,4.0046,,,,
1460,48.667,3.534,3.534,bbox,10.689,10.167,11.777,9.22,7.371,4.0138,,,,
1461,48.7,3.606,3.534,bbox,10.689,10.167,11.777,9.22,7.3935,4.0344,,0.0606,,0.4348
1462,48.733,3.412,3.485,bbox,10.689,10.167,11.777,9.22,7.3799,4.0587,,,,
1463,48.767,3.405,3.485,bbox,10.689,10.167,11.818,9.22,7.3271,4.0796,,,,
1464,48.8,3.255,3.412,bbox,10.72,10.167,11.818,9.22,7.2909,4.0894,,0.6418,,0.657
1465,48.833,3.219,3.405,bbox,10.764,10.167,11.864,9.22,7.2588,4.0885,,,,
1466,48.867,3.154,3.255,bbox,10.8,10.167,11.864,9.22,7.2139,4.0963,,,,
1467,48.9,3.107,3.219,bbox,10.832,10.167,11.864,9.22,7.1632,4.1096,,0.5308,,0.5798
1468,48.933,3.084,3.154,bbox,10.877,10.167,11.864,9.22,7.1312,4.1209,,,,
1469,48.967,3.075,3.107,bbox,10.928,10.167,11.894,9.22,7.0916,4.1317,,,,
1470,49.0,3.043,3.084,bbox,10.96,10.167,11.894,9.22,7.0314,4.1361,,0.6234,,0.5744
1471,49.033,3.006,3.075,bbox,10.999,10.167,11.894,9.22,7.009,4.1495,,,,
1472,49.067,2.977,3.043,bbox,11.059,10.167,11.894,9.22,6.9927,4.1637,,,,
1473,49.1,2.986,3.006,bbox,11.059,10.167,11.933,9.22,6.9882,4.1749,,0.5672,,0.5584
1474,49.133,3.026,3.006,bbox,11.059,10.167,11.933,9.22,7.0095,4.1962,,,,
1475,49.167,2.959,2.986,bbox,11.059,10.167,11.933,9.22,7.0327,4.2349,,,,
1476,49.2,2.941,2.977,bbox,11.059,10.167,11.98,9.22,7.0531,4.2635,,0.1,,-0.1577
1477,49.233,2.888,2.959,bbox,11.059,10.167,12.019,9.22,7.0775,4.2999,,,,
1478,49.267,2.799,2.941,bbox,11.059,10.167,12.019,9.22,7.1071,4.373,,,,
1479,49.3,2.699,2.888,bbox,11.059,10.213,12.084,9.22,7.1276,4.4217,,,,
1480,49.333,2.672,2.799,bbox,11.059,10.213,12.157,9.22,7.1585,4.4574,,,,
1481,49.367,2.625,2.699,bbox,11.059,10.263,12.206,9.22,7.1668,4.4893,,,,
1482,49.4,2.63,2.672,bbox,11.059,10.294,12.241,9.22,7.1691,4.5078,,,,
1483,49.433,2.618,2.63,bbox,11.059,10.294,12.273,9.22,7.1534,4.5132,,,,
1484,49.467,2.581,2.625,bbox,11.059,10.294,12.273,9.22,7.1326,4.5135,,,,
1485,49.5,2.552,2.618,bbox,11.059,10.294,12.273,9.22,7.106,4.51,,0.3827,,0.287
1486,49.533,2.547,2.581,bbox,11.059,10.294,12.273,9.22,7.0932,4.5093,,,,
1487,49.567,,,,11.059,10.294,12.273,9.22,,,,,,
1488,49.6,2.704,2.581,pose,11.112,10.294,12.273,9.22,7.02,4.5108,0.0603,0.0383,1.0154,0.0826
1489,49.633,2.542,2.552,bbox,11.112,10.294,12.273,9.22,7.0117,4.5142,,,,
1490,49.667,2.422,2.547,bbox,11.198,10.294,12.273,9.22,6.9804,4.5084,,,,
1491,49.7,,,,11.198,10.294,12.273,9.22,,,,,,
1492,49.733,,,,11.198,10.294,12.273,9.22,,,,,,
1493,49.767,2.627,2.547,bbox,11.198,10.294,12.273,9.22,6.8932,4.4804,,,,
1494,49.8,2.437,2.542,pose,11.238,10.294,12.273,9.22,6.8897,4.4728,0.2096,0.0476,0.3641,-0.0269
1495,49.833,2.643,2.542,bbox,11.323,10.294,12.273,9.22,6.8948,4.4598,,,,
1496,49.867,2.513,2.513,bbox,11.323,10.294,12.273,9.22,6.9126,4.455,,,,
1497,49.9,2.465,2.513,bbox,11.323,10.294,12.273,9.22,6.9468,4.4515,,0.0321,,0.0713
1498,49.933,2.534,2.513,bbox,11.323,10.294,12.273,9.254,6.988,4.4453,,,,
1499,49.967,2.563,2.534,bbox,11.323,10.346,12.273,9.254,7.0216,4.4265,,,,
1500,50.0,2.339,2.513,pose,11.323,10.387,12.273,9.254,7.0872,4.4158,0.1418,0.8263,0.484,0.6311
1501,50.033,2.638,2.534,bbox,11.323,10.421,12.273,9.254,7.0984,4.4128,,,,
1502,50.067,2.798,2.563,bbox,11.323,10.486,12.273,9.294,7.2161,4.4123,,,,
1503,50.1,2.279,2.563,pose,11.323,10.486,12.273,9.294,7.271,4.418,0.8141,0.6281,0.599,0.6083
1504,50.133,2.938,2.638,bbox,11.323,10.615,12.273,9.294,7.3121,4.4262,,,,
1505,50.167,3.02,2.798,bbox,11.323,10.67,12.273,9.294,7.3552,4.4313,,,,
1506,50.2,2.586,2.798,pose,11.323,10.711,12.273,9.294,7.3461,4.4396,0.8056,0.2064,0.6036,0.5793
1507,50.233,3.1,2.938,bbox,11.323,10.745,12.273,9.294,7.3737,4.4429,,,,
1508,50.267,3.025,3.02,bbox,11.323,10.745,12.273,9.294,7.2782,4.4496,,,,
1509,50.3,2.998,3.02,bbox,11.323,10.745,12.273,9.294,7.3159,4.4464,,0.6076,,0.5594
1510,50.333,2.995,2.998,bbox,11.323,10.745,12.273,9.294,7.3643,4.4437,,,,
1511,50.367,3.143,3.025,bbox,11.323,10.745,12.273,9.294,7.4272,4.444,,,,
1512,50.4,2.985,2.998,pose,11.323,10.745,12.273,9.294,7.495,4.4435,0.0815,0.7712,0.525,0.6262
1513,50.433,3.225,2.998,bbox,11.323,10.826,12.273,9.294,7.5422,4.4392,,,,
1514,50.467,3.275,3.143,bbox,11.323,10.894,12.273,9.294,7.5865,4.4289,,,,
1515,50.5,2.989,3.143,pose,11.323,10.941,12.273,9.294,7.6069,4.4274,0.5055,0.6158,0.6942,0.6053
1516,50.533,3.295,3.225,bbox,11.323,10.985,12.273,9.294,7.5971,4.4259,,,,
1517,50.567,3.18,3.225,bbox,11.323,10.985,12.273,9.294,7.4627,4.4121,,,,
1518,50.6,3.325,3.275,bbox,11.323,10.985,12.273,9.294,7.5728,4.4052,,0.0504,,0.1372
1519,50.633,3.376,3.295,bbox,11.323,10.985,12.273,9.294,7.5892,4.3912,,,,
1520,50.667,3.375,3.325,bbox,11.323,10.985,12.273,9.294,7.5377,4.3759,,,,
1521,50.7,3.374,3.374,bbox,11.369,10.985,12.273,9.294,7.5411,4.369,,,,
1522,50.733,3.101,3.374,bbox,11.369,10.985,12.273,9.333,7.3188,4.3498,,,,
1523,50.767,3.078,3.374,bbox,11.369,10.985,12.273,9.333,7.29,4.3352,,,,
1524,50.8,3.048,3.101,bbox,11.522,10.985,12.273,9.333,7.2603,4.3218,,,,
1525,50.833,,,,11.522,10.985,12.273,9.333,,,,,,
1526,50.867,,,,11.522,10.985,12.273,9.333,,,,,,
1527,50.9,3.207,3.101,bbox,11.522,10.985,12.273,9.374,7.3407,4.2799,,0.7466,,0.6879
1528,50.933,3.22,3.101,bbox,11.522,10.985,12.273,9.374,7.3205,4.2778,,,,
1529,50.967,3.165,3.165,bbox,11.522,10.985,12.273,9.429,7.2772,4.2718,,,,
1530,51.0,3.15,3.165,bbox,11.564,10.985,12.273,9.429,7.2488,4.2686,,0.7306,,0.6732
1531,51.033,3.199,3.199,bbox,11.564,10.985,12.273,9.429,7.2423,4.252,,,,
1532,51.067,3.156,3.165,bbox,11.564,10.985,12.273,9.429,7.2133,4.2482,,,,
1533,51.1,3.769,3.165,pose,11.599,10.985,12.273,9.429,7.1508,4.2333,0.0841,0.0851,1.9063,-0.1367
1534,51.133,3.011,3.156,bbox,11.599,10.985,12.273,9.461,7.1106,4.2141,,,,
1535,51.167,2.936,3.156,bbox,11.69,10.985,12.273,9.461,7.077,4.2112,,,,
1536,51.2,2.945,3.011,pose,11.73,10.985,12.273,9.492,7.0388,4.2171,0.1824,0.0657,0.552,0.0998
1537,51.233,2.863,2.945,bbox,11.764,10.985,12.273,9.492,7.0041,4.2148,,,,
1538,51.267,2.869,2.936,bbox,11.802,10.985,12.273,9.492,6.9865,4.2078,,,,
1539,51.3,2.884,2.884,bbox,11.837,10.985,12.273,9.492,6.9646,4.2056,,0.0551,,0.0896
1540,51.333,2.895,2.884,bbox,11.837,10.985,12.273,9.492,6.9455,4.1973,,,,
1541,51.367,2.857,2.869,bbox,11.876,10.985,12.273,9.492,6.9245,4.1897,,,,
1542,51.4,2.888,2.884,bbox,11.876,10.985,12.273,9.492,6.8696,4.1891,,0.049,,0.1807
1543,51.433,2.936,2.888,bbox,11.916,10.985,12.273,9.492,6.8502,4.1871,,,,
1544,51.467,2.739,2.888,bbox,11.971,10.985,12.273,9.492,6.7195,4.1859,,,,
1545,51.5,4.48,2.888,pose,11.971,10.985,12.273,9.492,6.7331,4.2003,0.5872,0.0325,-0.0652,0.2804
1546,51.533,2.553,2.888,bbox,12.108,10.985,12.273,9.492,6.6422,4.1946,,,,
1547,51.567,2.672,2.739,bbox,12.108,10.985,12.273,9.492,6.6483,4.196,,,,
1548,51.6,2.589,2.672,bbox,12.192,10.985,12.273,9.492,6.594,4.1935,,0.4055,,0.4469
1549,51.633,2.626,2.626,bbox,12.192,10.985,12.273,9.492,6.5999,4.1724,,,,
1550,51.667,2.598,2.598,bbox,12.239,10.985,12.273,9.492,6.6022,4.1249,,,,
1551,51.7,1.086,2.598,pose,12.239,10.985,12.273,9.537,6.6157,4.0697,0.4932,0.0106,0.2728,0.0129
1552,51.733,2.714,2.598,bbox,12.239,10.985,12.273,9.584,6.6147,4.0432,,,,
1553,51.767,2.778,2.626,bbox,12.239,10.985,12.273,9.64,6.643,3.9861,,,,
1554,51.8,,,,12.239,10.985,12.273,9.64,,,,,,
1555,51.833,2.88,2.714,bbox,12.239,10.985,12.273,9.64,6.6931,3.9102,,,,
1556,51.867,2.912,2.778,bbox,12.239,11.026,12.273,9.723,6.7009,3.8883,,,,
1557,51.9,3.078,2.88,bbox,12.239,11.076,12.273,9.799,6.7298,3.8607,,0.2384,,0.3354
1558,51.933,3.112,2.912,bbox,12.239,11.076,12.273,9.799,6.7186,3.8249,,,,
1559,51.967,3.188,3.078,bbox,12.239,11.076,12.273,9.849,6.7158,3.7936,,,,
1560,52.0,3.252,3.112,bbox,12.239,11.076,12.273,9.884,6.7173,3.799,,,,
1561,52.033,3.318,3.188,bbox,12.239,11.076,12.273,9.884,6.7116,3.7982,,,,
1562,52.067,3.509,3.252,bbox,12.239,11.076,12.273,9.884,6.7331,3.7849,,,,
1563,52.1,3.348,3.318,bbox,12.239,11.076,12.273,9.916,6.733,3.7748,0.5565,,0.3201,
1564,52.133,3.364,3.348,bbox,12.239,11.116,12.273,9.916,6.7741,3.7484,,,,
1565,52.167,3.582,3.364,bbox,12.239,11.116,12.273,9.916,6.8553,3.7345,,,,
1566,52.2,3.477,3.477,bbox,12.239,11.157,12.273,9.961,6.7919,3.7254,,,,
1567,52.233,3.524,3.477,bbox,12.239,11.157,12.273,9.961,6.9009,3.7242,,,,
1568,52.267,3.616,3.524,bbox,12.239,11.239,12.273,9.961,6.9533,3.7238,,,,
1569,52.3,3.703,3.582,bbox,12.239,11.284,12.273,9.961,6.9513,3.7179,,,,
1570,52.333,3.617,3.616,bbox,12.239,11.335,12.273,9.961,6.9547,3.712,,,,
1571,52.367,3.551,3.616,bbox,12.239,11.335,12.273,9.991,6.9531,3.7053,,,,
1572,52.4,3.538,3.616,bbox,12.239,11.335,12.273,9.991,6.951,3.704,,0.7645,,0.5536
1573,52.433,3.492,3.551,bbox,12.239,11.335,12.273,9.991,6.9437,3.7031,,,,
1574,52.467,3.433,3.538,bbox,12.239,11.335,12.273,9.991,6.9149,3.7021,,,,
1575,52.5,3.399,3.492,bbox,12.239,11.335,12.273,9.991,6.9114,3.7033,,0.7155,,0.5326
1576,52.533,3.448,3.448,bbox,12.239,11.335,12.273,9.991,6.942,3.7025,,,,
1577,52.567,3.386,3.433,bbox,12.275,11.335,12.273,9.991,6.8925,3.6901,,,,
1578,52.6,3.357,3.399,bbox,12.275,11.335,12.273,9.991,6.8828,3.688,,,,
1579,52.633,3.339,3.386,bbox,12.275,11.335,12.273,9.991,6.8592,3.6845,,,,
1580,52.667,3.282,3.357,bbox,12.307,11.335,12.273,9.991,6.8242,3.6805,,,,
1581,52.7,3.3,3.339,bbox,12.307,11.335,12.273,9.991,6.8139,3.6895,,,,
1582,52.733,3.293,3.3,bbox,12.366,11.335,12.273,9.991,6.7891,3.6986,,,,
1583,52.767,3.316,3.3,bbox,12.366,11.335,12.273,9.991,6.7666,3.6917,,,,
1584,52.8,3.519,3.3,bbox,12.401,11.335,12.273,9.991,6.7603,3.6938,,,,
1585,52.833,3.633,3.316,bbox,12.401,11.335,12.273,9.991,6.7461,3.6901,,,,
1586,52.867,,,,12.401,11.335,12.273,9.991,,,,,,
1587,52.9,,,,12.401,11.335,12.273,9.991,,,,,,
1588,52.933,,,,12.401,11.335,12.273,9.991,,,,,,
1589,52.967,3.455,3.455,bbox,12.401,11.335,12.273,9.991,6.6318,3.6219,,,,
1590,53.0,3.334,3.455,bbox,12.444,11.335,12.273,9.991,6.596,3.6033,,0.634,,0.7859
1591,53.033,3.094,3.455,bbox,12.558,11.335,12.273,10.087,6.5262,3.5785,,,,
1592,53.067,3.094,3.334,bbox,12.594,11.335,12.273,10.087,6.497,3.5504,,,,
1593,53.1,2.535,3.094,pose,12.664,11.335,12.273,10.131,6.4665,3.5263,0.3904,0.6915,0.495,0.6814
1594,53.133,2.984,3.094,bbox,12.664,11.335,12.273,10.131,6.4512,3.5135,,,,
1595,53.167,3.01,3.01,bbox,12.723,11.335,12.273,10.183,6.4487,3.4907,,,,
1596,53.2,3.103,3.01,bbox,12.723,11.335,12.273,10.183,6.4563,3.4821,,0.703,,0.6418
1597,53.233,3.078,3.01,bbox,12.723,11.335,12.273,10.219,6.4769,3.4793,,,,
1598,53.267,3.227,3.078,bbox,12.723,11.335,12.273,10.219,6.4925,3.4697,,,,
1599,53.3,3.251,3.103,bbox,12.723,11.335,12.273,10.219,6.5154,3.4634,,0.6925,,0.6113
1600,53.333,3.284,3.227,bbox,12.723,11.335,12.273,10.219,6.5305,3.4537,,,,
1601,53.367,3.26,3.251,bbox,12.723,11.384,12.273,10.219,6.5662,3.4496,,,,
1602,53.4,3.292,3.26,bbox,12.723,11.384,12.273,10.256,6.5649,3.4367,,,,
1603,53.433,3.301,3.284,bbox,12.723,11.433,12.273,10.256,6.5838,3.4209,,,,
1604,53.467,3.443,3.292,bbox,12.723,11.433,12.273,10.256,6.5853,3.409,,,,
1605,53.5,3.358,3.301,bbox,12.723,11.433,12.273,10.288,6.576,3.3919,,0.6939,,0.7145
1606,53.533,3.39,3.358,bbox,12.723,11.433,12.273,10.288,6.5752,3.3893,,,,
1607,53.567,3.349,3.358,bbox,12.723,11.433,12.273,10.288,6.5684,3.3747,,,,
1608,53.6,3.391,3.39,bbox,12.723,11.433,12.273,10.32,6.5814,3.3705,,0.6108,,0.6816
1609,53.633,3.38,3.38,bbox,12.723,11.433,12.273,10.32,6.5796,3.3722,,,,
1610,53.667,3.318,3.38,bbox,12.723,11.433,12.273,10.32,6.4957,3.3734,,,,
1611,53.7,3.326,3.349,bbox,12.723,11.433,12.273,10.32,6.5197,3.3737,,0.0656,,0.4118
1612,53.733,3.293,3.326,bbox,12.769,11.433,12.273,10.32,6.4984,3.372,,,,
1613,53.767,3.283,3.318,bbox,12.769,11.433,12.273,10.32,6.4787,3.3666,,,,
1614,53.8,2.586,3.293,pose,12.769,11.433,12.273,10.32,6.4654,3.3587,0.9249,0.5876,0.6061,0.6715
1615,53.833,3.198,3.283,bbox,12.81,11.433,12.273,10.32,6.4544,3.3453,,,,
1616,53.867,3.102,3.198,bbox,12.81,11.433,12.273,10.351,6.4434,3.339,,,,
1617,53.9,3.111,3.111,bbox,12.81,11.433,12.273,10.351,6.4522,3.3197,,0.5767,,0.7551
1618,53.933,3.169,3.111,bbox,12.81,11.433,12.273,10.351,6.4421,3.3092,,,,
1619,53.967,3.104,3.111,bbox,12.845,11.433,12.273,10.39,6.4032,3.3009,,,,
1620,54.0,3.132,3.111,pose,12.845,11.433,12.273,10.39,6.3699,3.3011,0.0697,0.3636,0.3687,0.7285
1621,54.033,3.085,3.111,bbox,12.885,11.433,12.273,10.39,6.3469,3.2969,,,,
1622,54.067,3.126,3.126,bbox,12.918,11.433,12.273,10.39,6.331,3.2873,,,,
1623,54.1,3.191,3.126,pose,12.918,11.433,12.273,10.39,6.2609,3.2894,0.3535,0.243,0.6697,0.6467
1624,54.133,3.091,3.126,bbox,12.957,11.433,12.273,10.39,6.2742,3.2916,,,,
1625,54.167,3.058,3.091,bbox,13.014,11.433,12.273,10.39,6.244,3.2951,,,,
1626,54.2,2.944,3.091,pose,13.014,11.433,12.273,10.39,6.2217,3.2976,0.6667,0.2479,0.6348,0.6921
1627,54.233,3.011,3.058,bbox,13.044,11.433,12.273,10.39,6.2287,3.2957,,,,
1628,54.267,3.007,3.011,bbox,13.044,11.433,12.273,10.39,6.2291,3.297,,,,
1629,54.3,2.942,3.007,pose,13.044,11.433,12.273,10.39,6.2418,3.3019,0.1791,0.5371,0.5784,0.6865
1630,54.333,2.988,2.988,bbox,13.044,11.433,12.273,10.39,6.2648,3.3212,,,,
1631,54.367,2.981,2.988,bbox,13.044,11.433,12.273,10.39,6.2847,3.3314,,,,
1632,54.4,2.376,2.981,pose,13.044,11.433,12.273,10.39,6.2956,3.347,0.7045,0.8211,0.6827,0.6702
1633,54.433,3.011,2.981,bbox,13.044,11.474,12.273,10.39,6.3013,3.3726,,,,
1634,54.467,3.105,2.988,bbox,13.044,11.474,12.273,10.39,6.3051,3.3661,,,,
1635,54.5,3.128,3.011,bbox,13.044,11.474,12.32,10.39,6.2969,3.3716,,0.5018,,0.533
1636,54.533,3.139,3.105,bbox,13.044,11.474,12.32,10.39,6.2867,3.3875,,,,
1637,54.567,3.118,3.118,bbox,13.044,11.474,12.32,10.39,6.2785,3.4042,,,,
1638,54.6,3.075,3.118,bbox,13.044,11.474,12.32,10.39,6.2643,3.412,,0.4248,,0.0705
1639,54.633,2.979,3.118,bbox,13.044,11.474,12.358,10.39,6.257,3.4156,,,,
1640,54.667,2.978,3.075,bbox,13.044,11.474,12.358,10.39,6.249,3.4278,,,,
1641,54.7,3.668,3.075,pose,13.044,11.474,12.358,10.39,6.2409,3.453,0.4326,0.0415,0.4164,-0.4968
1642,54.733,2.813,2.979,bbox,13.08,11.474,12.358,10.39,6.227,3.4592,,,,
1643,54.767,2.812,2.978,bbox,13.08,11.474,12.407,10.39,6.1852,3.4795,,,,
1644,54.8,2.772,2.813,bbox,13.08,11.474,12.407,10.39,6.1583,3.4914,,0.2169,,0.4504
1645,54.833,2.724,2.812,bbox,13.144,11.474,12.407,10.39,6.1537,3.5126,,,,
1646,54.867,2.662,2.772,bbox,13.144,11.474,12.445,10.39,6.1443,3.5358,,,,
1647,54.9,2.213,2.724,pose,13.175,11.474,12.445,10.39,6.1346,3.5403,0.0619,0.4198,0.2231,0.7683
1648,54.933,2.905,2.724,bbox,13.175,11.474,12.489,10.39,6.1392,3.5497,,,,
1649,54.967,2.887,2.724,bbox,13.175,11.474,12.489,10.39,6.1419,3.5619,,,,
1650,55.0,2.579,2.662,pose,13.175,11.474,12.489,10.39,6.1455,3.5769,0.2307,0.2338,-0.1878,0.175
1651,55.033,,,,13.175,11.474,12.489,10.39,,,,,,
1652,55.067,3.087,2.887,bbox,13.175,11.474,12.489,10.39,6.1517,3.595,,,,
1653,55.1,3.113,2.905,bbox,13.175,11.474,12.53,10.39,6.153,3.603,,0.7775,,0.3934
1654,55.133,3.131,3.087,bbox,13.175,11.474,12.53,10.39,6.1544,3.608,,,,
1655,55.167,3.109,3.109,bbox,13.175,11.474,12.53,10.39,6.1427,3.6094,,,,
1656,55.2,5.059,3.113,pose,13.175,11.474,12.561,10.39,6.1147,3.6213,0.2667,0.8429,-1.4273,0.208
1657,55.233,2.774,3.113,bbox,13.175,11.474,12.561,10.39,6.0915,3.6375,,,,
1658,55.267,2.826,3.109,bbox,13.214,11.474,12.561,10.39,6.064,3.6427,,,,
1659,55.3,2.828,2.828,bbox,13.214,11.474,12.561,10.39,6.0563,3.6425,,0.9561,,0.5989
1660,55.333,2.851,2.828,bbox,13.265,11.474,12.596,10.39,6.0485,3.652,,,,
1661,55.367,2.877,2.828,bbox,13.265,11.474,12.596,10.39,6.0679,3.6545,,,,
1662,55.4,2.879,2.851,bbox,13.265,11.474,12.596,10.39,6.0843,3.6554,,0.9509,,0.5841
1663,55.433,2.764,2.851,bbox,13.265,11.474,12.596,10.39,6.1137,3.6556,,,,
1664,55.467,2.691,2.851,bbox,13.265,11.474,12.596,10.39,6.1482,3.677,,,,
1665,55.5,2.747,2.764,bbox,13.265,11.523,12.596,10.39,6.1799,3.6757,,0.9559,,0.5278
1666,55.533,2.618,2.747,bbox,13.265,11.558,12.596,10.39,6.2288,3.6674,,,,
1667,55.567,2.665,2.691,bbox,13.265,11.59,12.596,10.39,6.2727,3.6662,,,,
1668,55.6,2.672,2.672,bbox,13.265,11.639,12.596,10.39,6.3169,3.6671,,0.9684,,0.5154
1669,55.633,2.742,2.672,bbox,13.265,11.682,12.596,10.39,6.3695,3.673,,,,
1670,55.667,2.883,2.672,bbox,13.265,11.727,12.596,10.39,6.4036,3.6698,,,,
1671,55.7,2.852,2.742,bbox,13.265,11.779,12.596,10.39,6.4374,3.6711,,0.9181,,0.6194
1672,55.733,2.912,2.852,bbox,13.265,11.813,12.596,10.39,6.4891,3.6721,,,,
1673,55.767,2.968,2.883,bbox,13.265,11.847,12.596,10.39,6.5362,3.6725,,,,
1674,55.8,3.111,2.912,bbox,13.265,11.899,12.596,10.39,6.611,3.6567,,0.9171,,0.6135
1675,55.833,3.178,2.968,bbox,13.265,11.946,12.596,10.39,6.6534,3.645,,,,
1676,55.867,3.175,3.111,bbox,13.265,12.021,12.596,10.39,6.6793,3.6386,,,,
1677,55.9,3.249,3.175,bbox,13.265,12.063,12.596,10.39,6.7122,3.6279,,0.9131,,0.6149
1678,55.933,3.323,3.178,bbox,13.265,12.063,12.596,10.39,6.7487,3.609,,,,
1679,55.967,3.388,3.249,bbox,13.265,12.122,12.596,10.39,6.7844,3.6078,,,,
1680,56.0,3.697,3.323,pose,13.265,12.158,12.596,10.423,6.7682,3.595,0.0208,0.4659,1.1534,0.2606
1681,56.033,3.411,3.388,bbox,13.265,12.158,12.596,10.423,6.8154,3.5901,,,,
1682,56.067,3.366,3.388,bbox,13.265,12.194,12.596,10.423,6.7875,3.5845,,,,
1683,56.1,3.402,3.402,bbox,13.265,12.194,12.596,10.423,6.8239,3.5789,,0.6046,,0.2769
1684,56.133,3.388,3.402,bbox,13.265,12.225,12.596,10.423,6.8394,3.574,,,,
1685,56.167,3.452,3.402,bbox,13.265,12.225,12.596,10.423,6.9081,3.5835,,,,
1686,56.2,3.549,3.402,pose,13.265,12.225,12.596,10.423,6.9543,3.5896,0.5095,0.0083,0.7035,0.2046
1687,56.233,3.535,3.452,bbox,13.265,12.318,12.596,10.453,6.9719,3.5729,,,,
1688,56.267,3.508,3.508,bbox,13.265,12.364,12.596,10.453,6.9808,3.573,,,,
1689,56.3,3.324,3.508,pose,13.265,12.364,12.596,10.453,6.9988,3.6072,0.3489,0.2625,0.7024,0.6172
1690,56.333,3.645,3.535,bbox,13.265,12.364,12.596,10.453,6.9815,3.5553,,,,
1691,56.367,3.807,3.535,bbox,13.265,12.364,12.596,10.453,6.9571,3.5379,,,,
1692,56.4,3.559,3.559,bbox,13.265,12.364,12.596,10.453,6.9292,3.5239,,0.8407,,0.6028
1693,56.433,3.512,3.559,bbox,13.265,12.364,12.596,10.494,6.9182,3.5135,,,,
1694,56.467,3.533,3.559,bbox,13.265,12.364,12.596,10.494,6.9111,3.5042,,,,
1695,56.5,3.544,3.544,bbox,13.301,12.364,12.596,10.494,6.8963,3.4767,,0.0773,,0.1528
1696,56.533,3.549,3.544,bbox,13.301,12.364,12.596,10.528,6.8781,3.4454,,,,
1697,56.567,3.511,3.533,bbox,13.301,12.364,12.596,10.528,6.8439,3.4418,,,,
1698,56.6,3.525,3.533,bbox,13.341,12.364,12.596,10.587,6.814,3.4398,0.126,,-0.7096,
1699,56.633,3.493,3.525,bbox,13.375,12.364,12.596,10.587,6.7741,3.4343,,,,
1700,56.667,3.48,3.511,bbox,13.375,12.364,12.596,10.587,6.727,3.4284,,,,
1701,56.7,3.407,3.493,bbox,13.445,12.364,12.596,10.587,6.6981,3.4039,,0.1584,,0.6509
1702,56.733,3.374,3.48,bbox,13.492,12.364,12.596,10.587,6.6688,3.3959,,,,
1703,56.767,,,,13.492,12.364,12.596,10.587,,,,,,
1704,56.8,,,,13.492,12.364,12.596,10.587,,,,,,
1705,56.833,,,,13.492,12.364,12.596,10.587,,,,,,
1706,56.867,3.355,3.407,bbox,13.492,12.364,12.596,10.628,6.5021,3.3397,,,,
1707,56.9,2.512,3.374,pose,13.551,12.364,12.596,10.628,6.4776,3.3348,0.8682,0.832,0.5499,0.5419
1708,56.933,3.242,3.355,bbox,13.701,12.364,12.596,10.692,6.4555,3.3271,,,,
1709,56.967,3.174,3.242,bbox,13.701,12.364,12.596,10.692,6.4269,3.3197,,,,
1710,57.0,3.179,3.179,bbox,13.747,12.364,12.596,10.692,6.3607,3.3043,,0.9301,,0.5169
1711,57.033,3.205,3.179,bbox,13.747,12.364,12.596,10.692,6.3031,3.2963,,,,
1712,57.067,3.213,3.205,bbox,13.842,12.364,12.596,10.728,6.2511,3.2863,,,,
1713,57.1,3.101,3.179,bbox,13.9,12.364,12.596,10.728,6.2228,3.2801,,0.6982,,0.3339
1714,57.133,3.055,3.179,bbox,13.952,12.364,12.596,10.728,6.2075,3.2728,,,,
1715,57.167,3.095,3.101,bbox,13.952,12.364,12.596,10.728,6.2085,3.264,,,,
1716,57.2,5.834,3.101,pose,13.994,12.364,12.596,10.759,6.1649,3.2638,0.479,0.5307,-2.1003,0.498
1717,57.233,3.047,3.095,bbox,13.994,12.364,12.596,10.759,6.1241,3.2604,,,,
1718,57.267,3.016,3.055,bbox,14.038,12.364,12.596,10.759,6.1021,3.2791,,,,
1719,57.3,2.898,3.047,bbox,14.079,12.364,12.596,10.759,6.0419,3.2873,,0.7399,,0.6475
1720,57.333,2.909,3.016,bbox,14.079,12.364,12.596,10.759,5.9814,3.2915,,,,
1721,57.367,2.789,2.909,bbox,14.161,12.364,12.596,10.759,5.8757,3.2956,,,,
1722,57.4,,,,14.161,12.364,12.596,10.759,,,,,,
1723,57.433,,,,14.161,12.364,12.596,10.759,,,,,,
1724,57.467,,,,14.161,12.364,12.596,10.759,,,,,,
1725,57.5,2.862,2.898,pose,14.221,12.364,12.596,10.759,5.8271,3.2636,0.1269,0.8314,0.3561,0.6103
1726,57.533,2.787,2.862,bbox,14.327,12.364,12.596,10.759,5.8594,3.2561,,,,
1727,57.567,2.859,2.859,bbox,14.327,12.364,12.596,10.759,5.8859,3.234,,,,
1728,57.6,1.038,2.789,pose,14.327,12.364,12.596,10.759,5.9106,3.2164,0.8128,0.8346,0.3131,0.6619
1729,57.633,2.862,2.859,bbox,14.327,12.364,12.596,10.798,5.9269,3.2026,,,,
1730,57.667,2.901,2.859,bbox,14.327,12.399,12.596,10.798,5.9557,3.1969,,,,
1731,57.7,3.16,2.862,pose,14.327,12.399,12.596,10.83,5.9656,3.189,0.3979,0.8084,0.4437,0.6792
1732,57.733,3.014,2.901,bbox,14.327,12.444,12.596,10.83,5.9692,3.1792,,,,
1733,57.767,3.09,3.014,bbox,14.327,12.444,12.596,10.83,5.976,3.1701,,,,
1734,57.8,3.195,3.09,bbox,14.327,12.444,12.596,10.83,5.9886,3.1578,0.0527,,0.4755,
1735,57.833,3.13,3.13,bbox,14.327,12.444,12.596,10.862,5.9591,3.1382,,,,
1736,57.867,3.124,3.124,bbox,14.327,12.444,12.596,10.862,5.9292,3.1285,,,,
1737,57.9,,,,14.327,12.444,12.596,10.862,,,,,,
1738,57.933,,,,14.327,12.444,12.596,10.862,,,,,,
1739,57.967,2.974,3.124,bbox,14.327,12.444,12.596,10.894,5.9536,2.832,,,,
1740,58.0,2.924,3.124,bbox,14.327,12.444,12.596,10.894,5.9585,2.569,,0.9862,,0.8249
1741,58.033,,,,14.327,12.444,12.596,10.894,,,,,,
1742,58.067,,,,14.327,12.444,12.596,10.894,,,,,,
1743,58.1,,,,14.327,12.444,12.596,10.894,,,,,,
1744,58.133,2.759,2.974,bbox,14.327,12.444,12.596,11.054,5.8494,2.2172,,,,
1745,58.167,2.796,2.924,bbox,14.327,12.444,12.596,11.204,5.8246,2.208,,,,
1746,58.2,2.77,2.796,bbox,14.433,12.444,12.596,11.354,5.8112,2.1978,,,,
1747,58.233,2.82,2.796,bbox,14.433,12.444,12.596,11.354,5.8142,2.1536,,,,
1748,58.267,2.83,2.796,bbox,14.433,12.444,12.596,11.354,5.8394,2.1285,,,,
1749,58.3,2.906,2.82,bbox,14.433,12.444,12.596,11.417,5.8609,2.1339,0.853,,0.6864,
1750,58.333,2.946,2.83,bbox,14.433,12.444,12.596,11.417,5.924,2.108,,,,
1751,58.367,2.98,2.906,bbox,14.433,12.444,12.596,11.417,5.9892,2.1357,,,,
1752,58.4,1.011,2.906,pose,14.433,12.519,12.596,11.417,6.0714,2.1597,1.1273,0.1135,0.8323,-0.3488
1753,58.433,3.097,2.946,bbox,14.433,12.584,12.596,11.417,6.1685,2.1885,,,,
1754,58.467,3.223,2.98,bbox,14.433,12.666,12.596,11.417,6.3431,2.218,,,,
1755,58.5,2.203,2.98,pose,14.433,12.763,12.631,11.417,6.374,2.2624,1.0903,0.1725,0.8419,0.3374
1756,58.533,3.236,3.097,bbox,14.433,12.913,12.631,11.417,6.4448,2.2992,,,,
1757,58.567,3.272,3.223,bbox,14.433,12.944,12.705,11.417,6.4788,2.3818,,,,
1758,58.6,3.278,3.236,bbox,14.433,13.015,12.742,11.417,6.5131,2.4227,1.2002,,0.7869,
1759,58.633,3.304,3.272,bbox,14.433,13.049,12.824,11.417,6.5463,2.4683,,,,
1760,58.667,3.239,3.272,bbox,14.433,13.083,12.865,11.417,6.5437,2.5068,,,,
1761,58.7,3.201,3.272,bbox,14.433,13.114,12.911,11.417,6.5521,2.5345,,,,
1762,58.733,,,,14.433,13.114,12.911,11.417,,,,,,
1763,58.767,3.146,3.239,bbox,14.433,13.114,12.949,11.417,6.679,2.5948,,,,
1764,58.8,3.136,3.201,bbox,14.433,13.114,12.949,11.417,6.7731,2.6442,,,,
1765,58.833,3.203,3.201,bbox,14.433,13.249,13.037,11.417,6.9384,2.6766,,,,
1766,58.867,,,,14.433,13.249,13.037,11.417,,,,,,
1767,58.9,2.873,3.146,pose,14.433,13.343,13.087,11.417,7.009,2.8426,0.4116,1.1993,0.932,0.8359
1768,58.933,3.204,3.146,bbox,14.433,13.493,13.119,11.417,7.0107,2.95,,,,
1769,58.967,3.228,3.203,bbox,14.433,13.564,13.269,11.417,7.0112,3.0282,,,,
1770,59.0,3.117,3.203,bbox,14.433,13.564,13.376,11.417,6.8411,3.079,,1.0077,,0.7422
1771,59.033,3.291,3.204,bbox,14.433,13.564,13.455,11.417,6.9844,3.0892,,,,
1772,59.067,3.322,3.228,bbox,14.433,13.564,13.505,11.417,6.9877,3.0975,,,,
1773,59.1,3.168,3.228,pose,14.433,13.564,13.505,11.417,6.9911,3.1021,0.3059,0.9924,0.7292,0.7452
1774,59.133,3.373,3.291,bbox,14.433,13.564,13.505,11.417,6.9823,3.1125,,,,
1775,59.167,3.361,3.322,bbox,14.433,13.564,13.505,11.417,6.9704,3.1354,,,,
1776,59.2,3.348,3.348,bbox,14.433,13.564,13.539,11.417,6.9688,3.1495,,0.9838,,0.7211
1777,59.233,3.349,3.349,bbox,14.472,13.564,13.539,11.417,6.9475,3.1579,,,,
1778,59.267,3.044,3.349,bbox,14.472,13.564,13.576,11.417,6.6731,3.1548,,,,
1779,59.3,3.192,3.348,bbox,14.472,13.564,13.576,11.417,6.8474,3.1711,,0.9284,,0.7285
1780,59.333,3.203,3.203,bbox,14.595,13.564,13.576,11.417,6.8467,3.1656,,,,
1781,59.367,3.245,3.203,bbox,14.595,13.564,13.576,11.417,6.7948,3.1508,,,,
1782,59.4,,,,14.595,13.564,13.576,11.417,,,,,,
1783,59.433,3.161,3.192,bbox,14.647,13.564,13.576,11.417,6.6892,3.2885,,,,
1784,59.467,3.166,3.192,bbox,14.647,13.564,13.576,11.417,6.6611,3.335,,,,
1785,59.5,4.746,3.203,pose,14.753,13.564,13.715,11.417,6.6361,3.3587,0.2628,0.8518,-1.1064,0.7171
1786,59.533,3.267,3.245,bbox,14.753,13.564,13.761,11.417,6.6111,3.3586,,,,
1787,59.567,3.263,3.263,bbox,14.806,13.564,13.761,11.417,6.5894,3.3951,,,,
1788,59.6,3.232,3.263,bbox,14.806,13.564,13.761,11.417,6.5606,3.4198,,,,
1789,59.633,3.195,3.263,bbox,14.853,13.564,13.821,11.417,6.5293,3.4376,,,,
1790,59.667,3.173,3.232,bbox,14.853,13.564,13.821,11.417,6.4789,3.4812,,,,
1791,59.7,3.039,3.195,bbox,14.913,13.564,13.864,11.417,6.4281,3.5559,,,,
1792,59.733,2.959,3.173,bbox,14.963,13.564,13.908,11.417,6.3987,3.6097,,,,
1793,59.767,2.971,3.039,bbox,15.014,13.564,13.982,11.417,6.3918,3.6294,,,,
1794,59.8,2.986,2.986,bbox,15.014,13.564,14.036,11.417,6.4103,3.6541,,0.0377,,0.5992
1795,59.833,2.926,2.971,bbox,15.014,13.564,14.036,11.417,6.4137,3.7446,,,,
1796,59.867,2.921,2.959,bbox,15.014,13.564,14.08,11.417,6.422,3.7725,,,,
1797,59.9,2.921,2.926,bbox,15.014,13.564,14.171,11.417,6.4223,3.8099,,,,
1798,59.933,2.892,2.921,bbox,15.014,13.564,14.171,11.417,6.3937,3.8904,,,,
1799,59.967,2.868,2.921,bbox,15.014,13.564,14.236,11.417,6.3506,3.9678,,,,
1800,60.0,2.837,2.892,bbox,15.049,13.564,14.317,11.417,6.3378,4.0659,,,,
1801,60.033,2.877,2.877,bbox,15.092,13.564,14.394,11.417,6.333,4.1526,,,,
1802,60.067,,,,15.092,13.564,14.394,11.417,,,,,,
1803,60.1,,,,15.092,13.564,14.394,11.417,,,,,,
1804,60.133,,,,15.092,13.564,14.394,11.417,,,,,,
1805,60.167,,,,15.092,13.564,14.394,11.417,,,,,,
1806,60.2,,,,15.092,13.564,14.394,11.417,,,,,,
1807,60.233,,,,15.092,13.564,14.394,11.417,,,,,,
1808,60.267,,,,15.092,13.564,14.394,11.417,,,,,,
1809,60.3,,,,15.092,13.564,14.394,11.417,,,,,,
1810,60.333,3.09,2.877,bbox,15.092,13.564,14.46,11.417,6.3565,4.0331,,,,
1811,60.367,,,,15.092,13.564,14.46,11.417,,,,,,
1812,60.4,3.195,2.877,bbox,15.092,13.564,14.46,11.417,6.5411,4.0276,,0.1513,,-0.4666
1813,60.433,3.281,3.09,bbox,15.092,13.564,14.46,11.417,6.6222,3.9866,,,,
1814,60.467,3.142,3.142,bbox,15.092,13.72,14.46,11.417,6.6401,4.003,,,,
1815,60.5,3.075,3.142,bbox,15.092,13.801,14.46,11.447,6.6415,3.9898,0.4738,,-1.6106,
1816,60.533,2.934,3.142,bbox,15.092,13.801,14.46,11.447,6.6014,3.9905,,,,
1817,60.567,2.921,3.075,bbox,15.092,13.801,14.46,11.447,6.5856,3.9307,,,,
1818,60.6,2.825,2.934,bbox,15.092,13.801,14.46,11.447,6.5088,3.8905,0.4701,,-2.334,
1819,60.633,2.858,2.921,bbox,15.128,13.801,14.46,11.52,6.4504,3.8108,,,,
1820,60.667,2.815,2.858,bbox,15.205,13.801,14.46,11.56,6.3947,3.7511,,,,
1821,60.7,2.877,2.858,bbox,15.263,13.801,14.46,11.64,6.3856,3.6933,,0.1627,,0.6882
1822,60.733,2.895,2.858,bbox,15.319,13.801,14.46,11.699,6.3676,3.663,,,,
1823,60.767,2.896,2.877,bbox,15.319,13.801,14.46,11.757,6.3374,3.6444,,,,
1824,60.8,2.901,2.895,bbox,15.319,13.801,14.46,11.787,6.3467,3.6389,,0.1592,,0.7442
1825,60.833,2.932,2.896,bbox,15.319,13.801,14.46,11.787,6.3656,3.6183,,,,
1826,60.867,2.879,2.896,bbox,15.319,13.801,14.46,11.787,6.3768,3.5925,,,,
1827,60.9,2.77,2.896,bbox,15.319,13.801,14.46,11.787,6.3937,3.6843,,0.3368,,0.6805
1828,60.933,2.822,2.879,bbox,15.319,13.801,14.46,11.787,6.4307,3.6668,,,,
1829,60.967,2.988,2.879,bbox,15.319,13.801,14.46,11.832,6.4729,3.5835,,,,
1830,61.0,3.06,2.879,bbox,15.319,13.837,14.46,11.832,6.4809,3.4916,,0.5631,,0.6349
1831,61.033,3.217,2.988,bbox,15.319,13.879,14.46,11.867,6.4813,3.4075,,,,
1832,61.067,3.42,3.06,bbox,15.319,13.879,14.46,11.959,6.5275,3.3283,,,,
1833,61.1,3.44,3.217,bbox,15.319,13.879,14.46,12.043,6.5256,3.1552,0.0881,,0.1594,
1834,61.133,3.35,3.35,bbox,15.319,13.924,14.46,12.122,6.518,3.1694,,,,
1835,61.167,3.39,3.39,bbox,15.319,13.924,14.46,12.272,6.595,3.1587,,,,
1836,61.2,3.634,3.42,bbox,15.319,13.924,14.46,12.272,6.6139,3.0042,,0.8864,,0.5595
1837,61.233,3.699,3.44,bbox,15.319,14.001,14.46,12.272,6.6493,2.9365,,,,
1838,61.267,3.601,3.601,bbox,15.319,14.001,14.46,12.403,6.6803,3.0387,,,,
1839,61.3,3.703,3.634,bbox,15.319,14.055,14.46,12.437,6.7042,2.9302,,,,
1840,61.333,3.758,3.699,bbox,15.319,14.086,14.46,12.505,6.7012,2.9,,,,
1841,61.367,3.823,3.703,bbox,15.319,14.086,14.46,12.505,6.7521,2.8943,,,,
1842,61.4,3.827,3.758,bbox,15.319,14.086,14.46,12.505,6.7871,2.9195,,,,
1843,61.433,3.773,3.773,bbox,15.319,14.158,14.46,12.505,6.8002,2.9562,,,,
1844,61.467,3.804,3.804,bbox,15.319,14.193,14.46,12.505,6.7964,2.925,,,,
1845,61.5,3.806,3.806,bbox,15.319,14.193,14.46,12.505,6.802,2.8779,,0.7859,,0.7522
1846,61.533,3.884,3.806,bbox,15.319,14.193,14.46,12.505,6.8062,2.8102,,,,
1847,61.567,3.949,3.806,bbox,15.319,14.193,14.46,12.564,6.8046,2.7623,,,,
1848,61.6,3.892,3.884,pose,15.319,14.193,14.46,12.631,6.8261,2.7429,0.3844,0.4076,0.6705,0.7911
1849,61.633,4.024,3.892,bbox,15.319,14.193,14.46,12.679,6.8518,2.716,,,,
1850,61.667,4.032,3.949,bbox,15.319,14.232,14.46,12.679,6.8674,2.6968,,,,
1851,61.7,4.129,4.024,pose,15.319,14.232,14.46,12.726,6.857,2.6695,0.5279,0.1323,0.7302,0.7378
1852,61.733,,,,15.319,14.232,14.46,12.726,,,,,,
1853,61.767,4.031,4.031,bbox,15.319,14.232,14.46,12.726,6.7918,2.6449,,,,
1854,61.8,4.007,4.031,bbox,15.319,14.232,14.46,12.772,6.764,2.6474,,0.0547,,0.699
1855,61.833,4.016,4.031,bbox,15.353,14.232,14.46,12.772,6.7382,2.6515,,,,
1856,61.867,4.043,4.031,bbox,15.353,14.232,14.46,12.772,6.7364,2.6516,,,,
1857,61.9,4.063,4.031,bbox,15.407,14.232,14.46,12.772,6.7184,2.6539,,0.2043,,0.677
1858,61.933,4.089,4.043,bbox,15.407,14.232,14.46,12.772,6.7241,2.67,,,,
1859,61.967,4.035,4.043,bbox,15.407,14.232,14.46,12.772,6.7153,2.6848,,,,
1860,62.0,3.976,4.043,bbox,15.407,14.232,14.46,12.772,6.6927,2.6999,,0.4169,,0.709
1861,62.033,3.889,4.035,bbox,15.407,14.232,14.46,12.772,6.6362,2.7086,,,,
1862,62.067,3.802,3.976,bbox,15.452,14.232,14.49,12.772,6.5974,2.728,,,,
1863,62.1,3.145,3.889,pose,15.509,14.232,14.49,12.772,6.5379,2.7559,0.8187,0.7311,0.719,0.7339
1864,62.133,3.569,3.802,bbox,15.548,14.232,14.49,12.772,6.4236,2.7704,,,,
1865,62.167,3.483,3.569,bbox,15.607,14.232,14.546,12.772,6.32,2.7992,,,,
1866,62.2,3.414,3.483,bbox,15.722,14.232,14.546,12.772,6.2496,2.819,,0.9109,,0.6765
1867,62.233,3.239,3.414,bbox,15.825,14.232,14.589,12.772,6.2043,2.8791,,,,
1868,62.267,3.438,3.438,bbox,15.825,14.232,14.589,12.772,6.3548,2.8659,,,,
1869,62.3,2.808,3.414,pose,15.825,14.232,14.656,12.772,6.3642,2.8829,0.5765,1.0247,0.6946,0.6409
1870,62.333,3.427,3.414,bbox,15.825,14.232,14.656,12.772,6.3432,2.8995,,,,
1871,62.367,3.294,3.294,bbox,15.825,14.232,14.656,12.772,6.3049,2.9206,,,,
1872,62.4,2.449,3.294,pose,15.825,14.232,14.69,12.772,6.2881,2.9539,0.8439,1.0137,0.6083,0.6963
1873,62.433,3.31,3.294,bbox,15.825,14.232,14.69,12.772,6.2639,2.9716,,,,
1874,62.467,3.238,3.294,bbox,15.857,14.232,14.744,12.772,6.234,3.007,,,,
1875,62.5,3.232,3.238,bbox,15.857,14.232,14.744,12.772,6.2301,3.0346,,0.9045,,0.6996
1876,62.533,3.199,3.232,bbox,15.911,14.232,14.797,12.772,6.2199,3.0741,,,,
1877,62.567,3.085,3.232,bbox,15.911,14.232,14.797,12.772,6.2153,3.1123,,,,
1878,62.6,2.346,3.199,pose,15.911,14.232,14.864,12.772,6.2054,3.1366,0.9067,0.7993,0.633,0.7145
1879,62.633,2.93,3.085,bbox,15.911,14.232,14.902,12.772,6.195,3.1604,,,,
1880,62.667,2.909,2.93,bbox,15.911,14.232,14.902,12.772,6.1759,3.1769,,,,
1881,62.7,2.899,2.909,bbox,15.95,14.232,14.95,12.772,6.1476,3.1966,,0.8299,,0.673
1882,62.733,2.914,2.909,bbox,15.95,14.232,14.95,12.772,6.1222,3.2103,,,,
1883,62.767,2.888,2.909,bbox,15.998,14.232,14.987,12.772,6.1006,3.2189,,,,
1884,62.8,2.889,2.899,bbox,15.998,14.232,14.987,12.772,6.0814,3.2238,,0.8355,,0.6507
1885,62.833,2.847,2.889,bbox,16.045,14.232,14.987,12.772,6.0784,3.2252,,,,
1886,62.867,2.829,2.888,bbox,16.045,14.232,14.987,12.772,6.0842,3.2393,,,,
1887,62.9,2.91,2.888,bbox,16.045,14.232,14.987,12.772,6.1012,3.2545,,,,
1888,62.933,2.831,2.847,bbox,16.045,14.232,15.029,12.772,6.1148,3.2654,,,,
1889,62.967,2.791,2.831,bbox,16.045,14.232,15.029,12.772,6.1319,3.2752,,,,
1890,63.0,2.818,2.829,bbox,16.045,14.232,15.029,12.772,6.1436,3.2951,,0.8092,,0.7307
1891,63.033,2.819,2.819,bbox,16.045,14.263,15.065,12.772,6.1745,3.3218,,,,
1892,63.067,2.841,2.819,bbox,16.045,14.263,15.065,12.772,6.2006,3.3303,,,,
1893,63.1,2.901,2.819,bbox,16.045,14.306,15.112,12.772,6.2194,3.3436,,0.8074,,0.6973
1894,63.133,2.914,2.841,bbox,16.045,14.306,15.112,12.772,6.2384,3.3553,,,,
1895,63.167,2.926,2.901,bbox,16.045,14.351,15.112,12.772,6.2408,3.3623,,,,
1896,63.2,2.945,2.914,bbox,16.045,14.351,15.145,12.772,6.2468,3.3777,,0.8147,,0.6604
1897,63.233,2.95,2.926,bbox,16.045,14.351,15.145,12.772,6.2521,3.3889,,,,
1898,63.267,2.946,2.945,bbox,16.045,14.351,15.145,12.772,6.2579,3.3972,,,,
1899,63.3,2.896,2.945,bbox,16.045,14.384,15.179,12.772,6.2674,3.4109,,0.8226,,0.6851
1900,63.333,2.843,2.945,bbox,16.045,14.384,15.179,12.772,6.2707,3.4151,,,,
1901,63.367,2.807,2.896,bbox,16.045,14.384,15.179,12.772,6.2573,3.4187,,,,
1902,63.4,2.815,2.843,bbox,16.045,14.384,15.179,12.772,6.2388,3.4224,,0.8145,,0.7433
1903,63.433,2.821,2.821,bbox,16.045,14.384,15.179,12.772,6.2287,3.4334,,,,
1904,63.467,2.803,2.815,bbox,16.045,14.384,15.212,12.772,6.2195,3.453,,,,
1905,63.5,2.847,2.815,bbox,16.045,14.384,15.212,12.772,6.2287,3.4698,,0.7619,,0.7266
1906,63.533,2.838,2.821,bbox,16.045,14.384,15.243,12.772,6.2394,3.4924,,,,
1907,63.567,2.854,2.838,bbox,16.045,14.384,15.243,12.772,6.2593,3.5167,,,,
1908,63.6,2.795,2.838,bbox,16.045,14.384,15.282,12.772,6.2957,3.5429,,0.7496,,0.673
1909,63.633,2.791,2.838,bbox,16.045,14.384,15.282,12.772,6.317,3.5547,,,,
1910,63.667,2.751,2.795,bbox,16.045,14.427,15.333,12.772,6.3544,3.5777,,,,
1911,63.7,2.747,2.791,bbox,16.045,14.427,15.333,12.772,6.366,3.5892,,0.7671,,0.7151
1912,63.733,2.752,2.752,bbox,16.045,14.486,15.367,12.772,6.3787,3.5765,,,,
1913,63.767,2.757,2.752,bbox,16.045,14.486,15.367,12.772,6.3812,3.5566,,,,
1914,63.8,2.797,2.752,bbox,16.045,14.486,15.367,12.772,6.3939,3.5221,,0.8014,,0.7336
1915,63.833,2.846,2.757,bbox,16.045,14.486,15.367,12.772,6.395,3.4751,,,,
1916,63.867,2.851,2.797,bbox,16.045,14.525,15.367,12.826,6.394,3.4372,,,,
1917,63.9,2.948,2.846,bbox,16.045,14.525,15.367,12.873,6.3995,3.4094,,0.8531,,0.6886
1918,63.933,3.018,2.851,bbox,16.045,14.525,15.367,12.911,6.4145,3.3668,,,,
1919,63.967,2.991,2.948,bbox,16.045,14.525,15.367,12.911,6.4106,3.4332,,,,
1920,64.0,3.137,2.991,bbox,16.045,14.525,15.367,12.911,6.3984,3.3251,,0.9091,,0.6142
1921,64.033,3.145,3.018,bbox,16.045,14.525,15.367,12.982,6.379,3.31,,,,
1922,64.067,3.138,3.137,bbox,16.045,14.525,15.367,13.023,6.3629,3.3205,,,,
1923,64.1,3.072,3.137,bbox,16.045,14.525,15.367,13.023,6.3184,3.3221,,0.9026,,0.7034
1924,64.133,3.02,3.137,bbox,16.076,14.525,15.367,13.023,6.2721,3.3006,,,,
1925,64.167,3.075,3.075,bbox,16.12,14.525,15.367,13.023,6.2431,3.255,,,,
1926,64.2,3.111,3.075,bbox,16.166,14.525,15.367,13.023,6.2448,3.2238,,,,
1927,64.233,3.158,3.075,bbox,16.166,14.525,15.367,13.094,6.2268,3.1474,,,,
1928,64.267,3.193,3.111,bbox,16.166,14.525,15.367,13.125,6.2123,3.1124,,,,
1929,64.3,2.614,3.111,pose,16.212,14.525,15.367,13.201,6.1946,3.1425,0.1288,0.4325,0.3191,0.7337
1930,64.333,,,,16.212,14.525,15.367,13.201,,,,,,
1931,64.367,,,,16.212,14.525,15.367,13.201,,,,,,
1932,64.4,3.077,3.111,bbox,16.212,14.525,15.367,13.201,6.1568,3.0947,,0.209,,0.6892
1933,64.433,2.849,3.077,bbox,16.244,14.525,15.367,13.233,5.9509,3.1157,,,,
1934,64.467,2.929,2.929,bbox,16.282,14.525,15.367,13.233,6.0518,3.131,,,,
1935,64.5,2.957,2.929,pose,16.387,14.525,15.367,13.233,6.0202,3.1347,0.5077,0.0775,0.6103,0.7138
1936,64.533,2.861,2.929,bbox,16.418,14.525,15.367,13.233,6.0,3.139,,,,
1937,64.567,2.823,2.861,bbox,16.418,14.525,15.367,13.233,5.9815,3.1596,,,,
1938,64.6,2.766,2.861,bbox,16.418,14.525,15.367,13.233,5.9518,3.1628,,0.4949,,0.7169
1939,64.633,2.715,2.823,bbox,16.457,14.525,15.41,13.233,5.9134,3.1741,,,,
1940,64.667,2.682,2.766,bbox,16.457,14.525,15.41,13.233,5.9013,3.1874,,,,
1941,64.7,3.099,2.766,pose,16.525,14.525,15.41,13.233,5.8512,3.1973,0.1023,0.7046,1.6674,0.7569
1942,64.733,2.603,2.715,bbox,16.525,14.525,15.41,13.233,5.8158,3.2131,,,,
1943,64.767,2.564,2.682,bbox,16.587,14.525,15.448,13.233,5.7697,3.2279,,,,
1944,64.8,2.023,2.603,pose,16.623,14.525,15.448,13.233,5.7635,3.2402,0.1969,0.7144,0.3056,0.6841
1945,64.833,2.576,2.576,bbox,16.669,14.525,15.479,13.233,5.7607,3.2441,,,,
1946,64.867,2.572,2.572,bbox,16.669,14.525,15.479,13.233,5.7383,3.2394,,,,
1947,64.9,4.646,2.572,pose,16.669,14.525,15.479,13.233,5.7584,3.2341,0.3453,0.2792,0.6566,0.4289
1948,64.933,2.654,2.576,bbox,16.669,14.525,15.479,13.233,5.7974,3.194,,,,
1949,64.967,2.731,2.654,bbox,16.669,14.525,15.479,13.233,5.829,3.1396,,,,
1950,65.0,2.77,2.731,bbox,16.669,14.525,15.479,13.267,5.862,3.1041,,0.4356,,0.6861
1951,65.033,2.851,2.77,bbox,16.669,14.585,15.479,13.321,5.9181,3.0792,,,,
1952,65.067,2.993,2.77,bbox,16.669,14.618,15.479,13.357,6.042,3.0382,,,,
1953,65.1,2.868,2.851,pose,16.669,14.674,15.479,13.357,6.0666,3.002,0.0296,0.9007,0.0829,0.7083
1954,65.133,3.201,2.868,bbox,16.669,14.798,15.479,13.423,6.1077,2.9908,,,,
1955,65.167,3.266,2.993,bbox,16.669,14.798,15.479,13.459,6.1389,2.9832,,,,
1956,65.2,2.862,2.993,pose,16.669,14.863,15.479,13.459,6.1461,2.9798,0.1453,0.6426,1.2494,0.6587
1957,65.233,3.29,3.201,bbox,16.669,14.895,15.479,13.459,6.1602,2.9771,,,,
1958,65.267,3.242,3.242,bbox,16.669,14.895,15.479,13.459,6.138,2.9769,,,,
1959,65.3,5.133,3.266,pose,16.669,14.895,15.479,13.459,6.1732,2.9786,0.1975,0.4358,0.2945,0.6255
1960,65.333,3.223,3.242,bbox,16.669,14.895,15.479,13.459,6.1968,2.9831,,,,
1961,65.367,3.234,3.242,bbox,16.669,14.929,15.479,13.459,6.2593,2.9874,,,,
1962,65.4,2.971,3.234,pose,16.669,14.929,15.479,13.459,6.3116,2.9941,0.6872,0.5001,0.6966,0.6743
1963,65.433,3.278,3.234,bbox,16.669,15.015,15.479,13.459,6.3329,2.9982,,,,
1964,65.467,3.279,3.234,bbox,16.669,15.067,15.479,13.459,6.335,2.9989,,,,
1965,65.5,3.312,3.278,bbox,16.669,15.067,15.479,13.459,6.3393,3.0155,0.2045,,0.6479,
1966,65.533,3.348,3.279,bbox,16.669,15.067,15.479,13.459,6.3361,3.025,,,,
1967,65.567,3.356,3.312,bbox,16.669,15.067,15.479,13.459,6.3358,3.0254,,,,
1968,65.6,3.376,3.348,bbox,16.669,15.067,15.479,13.459,6.3368,3.0457,,0.043,,0.1253
1969,65.633,3.344,3.348,bbox,16.669,15.067,15.479,13.459,6.3323,3.0786,,,,
1970,65.667,3.342,3.348,bbox,16.669,15.067,15.523,13.459,6.3312,3.0835,,,,
1971,65.7,,,,16.669,15.067,15.523,13.459,,,,,,
1972,65.733,3.248,3.344,bbox,16.669,15.067,15.555,13.459,6.3035,3.1106,,,,
1973,65.767,3.239,3.342,bbox,16.669,15.067,15.555,13.459,6.3013,3.1122,,,,
1974,65.8,2.854,3.248,pose,16.669,15.067,15.587,13.459,6.2635,3.1344,0.1133,1.0107,0.0956,0.6175
1975,65.833,3.179,3.239,bbox,16.669,15.067,15.587,13.459,6.2476,3.1387,,,,
1976,65.867,3.182,3.182,bbox,16.717,15.067,15.587,13.459,6.245,3.139,,,,
1977,65.9,3.132,3.179,pose,16.717,15.067,15.587,13.459,6.2239,3.1936,0.0285,0.9059,1.5889,0.666
1978,65.933,3.005,3.132,bbox,16.717,15.067,15.587,13.459,6.2207,3.1996,,,,
1979,65.967,2.947,3.132,bbox,16.756,15.067,15.67,13.459,6.2017,3.2262,,,,
1980,66.0,2.839,3.005,bbox,16.756,15.067,15.67,13.459,6.1962,3.2948,,0.7819,,0.725
1981,66.033,2.835,2.947,bbox,16.756,15.067,15.703,13.459,6.1948,3.3019,,,,
1982,66.067,2.788,2.839,bbox,16.756,15.067,15.772,13.459,6.1853,3.3151,,,,
1983,66.1,3.138,2.839,pose,16.756,15.067,15.772,13.459,6.1462,3.3461,0.1621,0.8423,0.9126,0.6406
1984,66.133,2.776,2.835,bbox,16.795,15.067,15.772,13.459,6.143,3.348,,,,
1985,66.167,2.782,2.788,bbox,16.834,15.067,15.823,13.459,6.1348,3.3535,,,,
1986,66.2,4.834,2.788,pose,16.834,15.067,15.823,13.459,6.0932,3.4091,0.1808,0.5199,-0.5669,0.594
1987,66.233,2.72,2.782,bbox,16.834,15.067,15.823,13.459,6.0794,3.4129,,,,
1988,66.267,2.729,2.776,bbox,16.887,15.067,15.886,13.459,6.0772,3.4392,,,,
1989,66.3,4.62,2.782,pose,16.887,15.067,15.886,13.459,6.1159,3.4699,0.4344,0.3773,-0.6438,0.6057
1990,66.333,2.755,2.755,bbox,16.887,15.067,15.916,13.459,6.1184,3.4678,,,,
1991,66.367,2.736,2.736,bbox,16.887,15.067,15.916,13.459,6.1462,3.4829,,,,
1992,66.4,4.406,2.755,pose,16.887,15.067,15.947,13.459,6.2073,3.4994,0.1148,0.8825,-0.0046,0.5706
1993,66.433,2.805,2.805,bbox,16.887,15.12,15.947,13.459,6.2886,3.4981,,,,
1994,66.467,2.841,2.805,bbox,16.887,15.181,15.947,13.459,6.3586,3.5045,,,,
1995,66.5,2.92,2.841,bbox,16.887,15.263,15.947,13.459,6.4542,3.5148,,1.0439,,0.6578
1996,66.533,3.003,2.92,bbox,16.887,15.333,15.981,13.459,6.5364,3.5268,,,,
1997,66.567,3.097,2.92,bbox,16.887,15.428,15.981,13.459,6.5934,3.5288,,,,
1998,66.6,3.247,3.003,bbox,16.887,15.51,15.981,13.459,6.6274,3.5403,,0.9933,,0.6487
1999,66.633,3.239,3.097,bbox,16.887,15.567,15.981,13.459,6.6524,3.5334,,,,
2000,66.667,3.049,3.097,bbox,16.887,15.601,15.981,13.459,6.6619,3.5225,,,,
2001,66.7,2.646,3.097,pose,16.887,15.601,15.981,13.459,6.6778,3.533,0.1295,1.0454,0.6198,0.5791
2002,66.733,3.134,3.134,bbox,16.887,15.636,15.981,13.459,6.6969,3.5381,,,,
2003,66.767,3.189,3.134,bbox,16.887,15.636,15.981,13.459,6.7334,3.5344,,,,
2004,66.8,2.401,3.049,pose,16.887,15.671,15.981,13.459,6.8006,3.542,0.7938,1.0589,0.7196,0.5466
2005,66.833,3.202,3.134,bbox,16.887,15.707,16.015,13.459,6.8426,3.5506,,,,
2006,66.867,3.243,3.189,bbox,16.887,15.775,16.015,13.459,6.9261,3.5611,,,,
2007,66.9,2.634,3.189,pose,16.887,15.817,16.015,13.459,6.9885,3.5599,0.5538,1.029,0.6765,0.5868
2008,66.933,3.304,3.202,bbox,16.887,15.9,16.015,13.459,7.0164,3.5661,,,,
2009,66.967,3.32,3.243,bbox,16.887,15.963,16.015,13.459,7.0295,3.5751,,,,
2010,67.0,2.842,3.243,pose,16.887,15.963,16.015,13.459,7.0644,3.5905,0.432,0.9732,0.6715,0.6705
2011,67.033,3.309,3.304,bbox,16.887,16.003,16.052,13.459,7.0555,3.6172,,,,
2012,67.067,3.335,3.309,bbox,16.887,16.003,16.052,13.459,7.0619,3.6423,,,,
2013,67.1,2.947,3.309,pose,16.887,16.036,16.094,13.459,7.0645,3.6611,0.4307,0.8479,0.6233,0.6198
2014,67.133,3.354,3.309,bbox,16.887,16.036,16.094,13.459,7.0793,3.6722,,,,
2015,67.167,3.39,3.335,bbox,16.887,16.036,16.138,13.459,7.0915,3.6763,,,,
2016,67.2,3.453,3.354,bbox,16.887,16.036,16.138,13.459,7.0935,3.6677,,0.8698,,0.5771
2017,67.233,3.278,3.354,bbox,16.887,16.036,16.138,13.459,6.9975,3.6736,,,,
2018,67.267,3.332,3.354,bbox,16.887,16.036,16.138,13.459,7.0152,3.6753,,,,
2019,67.3,3.274,3.332,bbox,16.934,16.036,16.138,13.459,7.0102,3.6714,,0.88,,0.6045
2020,67.333,3.197,3.278,bbox,16.934,16.036,16.138,13.459,6.9887,3.6678,,,,
2021,67.367,3.166,3.274,bbox,16.934,16.036,16.138,13.459,6.9855,3.6694,,,,
2022,67.4,3.14,3.197,bbox,16.934,16.036,16.138,13.459,6.975,3.6752,,0.8601,,0.6737
2023,67.433,3.064,3.166,bbox,16.934,16.036,16.138,13.459,6.9597,3.6805,,,,
2024,67.467,2.988,3.14,bbox,16.974,16.036,16.138,13.459,6.946,3.6992,,,,
2025,67.5,2.304,3.064,pose,16.974,16.036,16.138,13.459,6.9424,3.7088,0.9295,0.8421,0.6482,0.678
2026,67.533,2.998,2.998,bbox,16.974,16.036,16.176,13.459,6.9374,3.7227,,,,
2027,67.567,2.994,2.994,bbox,17.007,16.036,16.176,13.459,6.9239,3.7296,,,,
2028,67.6,2.367,2.988,pose,17.007,16.036,16.176,13.459,6.9196,3.7435,0.8701,0.8144,0.737,0.6413
2029,67.633,3.061,2.994,bbox,17.007,16.036,16.207,13.459,6.9071,3.7617,,,,
2030,67.667,3.024,2.998,bbox,17.007,16.036,16.207,13.459,6.9045,3.7877,,,,
2031,67.7,3.065,3.024,bbox,17.042,16.036,16.207,13.459,6.8791,3.7382,,0.8116,,0.6314
2032,67.733,3.082,3.061,bbox,17.042,16.036,16.207,13.459,6.8461,3.7164,,,,
2033,67.767,3.067,3.065,bbox,17.042,16.036,16.207,13.459,6.821,3.6963,,,,
2034,67.8,3.054,3.065,bbox,17.103,16.036,16.207,13.459,6.7969,3.7071,,0.3472,,0.718
2035,67.833,2.993,3.065,bbox,17.103,16.036,16.207,13.459,6.7967,3.7019,,,,
2036,67.867,3.028,3.054,bbox,17.144,16.036,16.207,13.459,6.8053,3.6366,,,,
2037,67.9,3.041,3.041,bbox,17.144,16.036,16.207,13.492,6.8051,3.6015,,0.8347,,0.6268
2038,67.933,3.084,3.041,bbox,17.144,16.036,16.207,13.552,6.8258,3.5603,,,,
2039,67.967,3.158,3.041,bbox,17.144,16.036,16.207,13.587,6.8396,3.5259,,,,
2040,68.0,2.563,3.041,pose,17.144,16.036,16.207,13.587,6.8582,3.5811,0.5202,1.0399,0.7186,0.6492
2041,68.033,3.192,3.084,bbox,17.144,16.07,16.207,13.628,6.8713,3.5502,,,,
2042,68.067,3.234,3.158,bbox,17.144,16.07,16.207,13.628,6.8827,3.5409,,,,
2043,68.1,3.281,3.192,bbox,17.144,16.102,16.207,13.628,6.872,3.4875,,0.8912,,0.5394
2044,68.133,3.293,3.234,bbox,17.144,16.102,16.207,13.628,6.8629,3.4894,,,,
2045,68.167,3.238,3.238,bbox,17.144,16.102,16.207,13.699,6.8624,3.4649,,,,
2046,68.2,3.252,3.252,bbox,17.144,16.102,16.207,13.699,6.8605,3.467,,0.7479,,0.6751
2047,68.233,3.222,3.252,bbox,17.144,16.102,16.207,13.699,6.86,3.4426,,,,
2048,68.267,3.22,3.238,bbox,17.144,16.102,16.207,13.699,6.8557,3.4102,,,,
2049,68.3,3.177,3.222,bbox,17.144,16.102,16.207,13.746,6.839,3.3901,,0.5317,,0.7345
2050,68.333,3.181,3.22,bbox,17.144,16.102,16.207,13.778,6.8144,3.3743,,,,
2051,68.367,3.203,3.203,bbox,17.176,16.102,16.207,13.778,6.7918,3.3711,,,,
2052,68.4,3.239,3.203,bbox,17.176,16.102,16.207,13.814,6.7673,3.3695,,0.2684,,0.7199
2053,68.433,3.354,3.203,bbox,17.223,16.102,16.207,13.814,6.7473,3.3776,,,,
2054,68.467,3.409,3.239,bbox,17.223,16.102,16.207,13.814,6.7274,3.3816,,,,
2055,68.5,3.379,3.354,bbox,17.268,16.102,16.207,13.814,6.7158,3.382,,0.222,,0.6533
2056,68.533,3.379,3.379,bbox,17.268,16.102,16.207,13.814,6.7117,3.3836,,,,
2057,68.567,3.298,3.379,bbox,17.299,16.102,16.207,13.814,6.6939,3.3837,,,,
2058,68.6,3.227,3.379,bbox,17.299,16.102,16.207,13.814,6.6586,3.3926,,0.3492,,0.654
2059,68.633,3.197,3.298,bbox,17.299,16.102,16.207,13.814,6.5956,3.4028,,,,
2060,68.667,3.092,3.227,bbox,17.356,16.102,16.207,13.814,6.5155,3.4333,,,,
2061,68.7,3.01,3.197,bbox,17.419,16.102,16.207,13.814,6.4434,3.4204,,0.6367,,0.6789
2062,68.733,2.936,3.092,bbox,17.5,16.102,16.253,13.814,6.4074,3.4435,,,,
2063,68.767,2.897,3.01,bbox,17.572,16.102,16.253,13.814,6.3875,3.4801,,,,
2064,68.8,3.936,3.01,pose,17.608,16.102,16.253,13.814,6.37,3.4941,0.1554,0.8794,0.178,0.6622
2065,68.833,2.844,2.936,bbox,17.608,16.102,16.312,13.814,6.349,3.5216,,,,
2066,68.867,2.836,2.897,bbox,17.645,16.102,16.312,13.814,6.3102,3.5487,,,,
2067,68.9,2.47,2.844,pose,17.645,16.102,16.354,13.814,6.2468,3.556,0.0932,1.0232,0.4243,0.5919
2068,68.933,2.806,2.836,bbox,17.705,16.102,16.354,13.814,6.2553,3.574,,,,
2069,68.967,2.82,2.82,bbox,17.756,16.102,16.388,13.814,6.2589,3.5753,,,,
2070,69.0,6.29,2.82,pose,17.756,16.102,16.388,13.814,6.258,3.575,0.4666,0.9838,-0.1362,0.5133
2071,69.033,2.79,2.806,bbox,17.756,16.102,16.388,13.814,6.26,3.5766,,,,
2072,69.067,2.826,2.82,bbox,17.756,16.102,16.388,13.814,6.2949,3.5713,,,,
2073,69.1,2.934,2.826,pose,17.756,16.102,16.388,13.814,6.3062,3.5609,0.0514,1.021,0.938,0.6293
2074,69.133,2.876,2.876,bbox,17.756,16.138,16.388,13.814,6.3382,3.5523,,,,
2075,69.167,2.875,2.875,bbox,17.756,16.138,16.388,13.814,6.3757,3.547,,,,
2076,69.2,3.365,2.876,pose,17.756,16.181,16.388,13.814,6.4079,3.5352,0.1729,0.9443,0.917,0.6274
2077,69.233,3.026,2.934,bbox,17.756,16.219,16.388,13.814,6.4264,3.523,,,,
2078,69.267,3.046,3.026,bbox,17.756,16.251,16.388,13.814,6.4329,3.5213,,,,
2079,69.3,3.082,3.046,bbox,17.756,16.251,16.388,13.814,6.4318,3.5273,,0.943,,0.5595
2080,69.333,3.058,3.058,bbox,17.756,16.251,16.388,13.814,6.4382,3.5325,,,,
2081,69.367,3.042,3.046,bbox,17.756,16.251,16.388,13.814,6.4523,3.538,,,,
2082,69.4,3.009,3.046,bbox,17.756,16.281,16.388,13.814,6.4488,3.54,,0.9598,,0.591
2083,69.433,2.947,3.042,bbox,17.756,16.281,16.388,13.814,6.4449,3.5474,,,,
2084,69.467,2.901,3.009,bbox,17.756,16.281,16.388,13.814,6.4439,3.551,,,,
2085,69.5,2.881,2.947,bbox,17.756,16.281,16.388,13.814,6.4259,3.554,,0.8965,,0.6644
2086,69.533,2.864,2.901,bbox,17.756,16.281,16.388,13.814,6.42,3.5653,,,,
2087,69.567,2.85,2.881,bbox,17.756,16.281,16.388,13.814,6.4145,3.5832,,,,
2088,69.6,4.885,2.881,pose,17.756,16.281,16.388,13.814,6.4021,3.5987,0.5487,0.8521,-1.4592,0.6851
2089,69.633,2.82,2.864,bbox,17.756,16.281,16.388,13.814,6.4024,3.6177,,,,
2090,69.667,2.838,2.85,bbox,17.789,16.281,16.431,13.814,6.4055,3.6246,,,,
2091,69.7,2.877,2.85,bbox,17.789,16.281,16.431,13.814,6.4137,3.6248,,0.8815,,0.6131
2092,69.733,2.862,2.862,bbox,17.789,16.281,16.431,13.814,6.4212,3.6364,,,,
2093,69.767,2.869,2.862,bbox,17.789,16.281,16.431,13.814,6.4389,3.6591,,,,
2094,69.8,2.863,2.863,bbox,17.789,16.281,16.469,13.814,6.4627,3.6784,,0.9846,,0.5583
2095,69.833,2.938,2.869,bbox,17.789,16.315,16.469,13.814,6.51,3.6794,,,,
2096,69.867,3.007,2.869,bbox,17.789,16.315,16.511,13.814,6.5659,3.6855,,,,
2097,69.9,3.04,2.938,bbox,17.789,16.386,16.511,13.814,6.6182,3.6891,,0.8898,,0.5186
2098,69.933,3.129,3.007,bbox,17.789,16.442,16.511,13.814,6.7004,3.6906,,,,
2099,69.967,3.236,3.04,bbox,17.789,16.494,16.511,13.814,6.7746,3.6923,,,,
2100,70.0,4.163,3.129,pose,17.789,16.576,16.511,13.814,6.8064,3.6972,0.283,0.9832,-0.9285,0.6233
2101,70.033,3.352,3.236,bbox,17.789,16.65,16.511,13.814,6.839,3.7028,,,,
2102,70.067,3.136,3.236,bbox,17.789,16.682,16.511,13.814,6.8687,3.7112,,,,
2103,70.1,3.061,3.236,bbox,17.789,16.715,16.511,13.814,6.8854,3.7338,,0.9616,,0.6749
2104,70.133,3.078,3.136,bbox,17.789,16.715,16.543,13.814,6.8941,3.7528,,,,
2105,70.167,2.966,3.078,bbox,17.789,16.761,16.543,13.814,6.9116,3.7734,,,,
2106,70.2,3.08,3.078,pose,17.789,16.761,16.585,13.814,6.9496,3.7845,0.017,0.8758,0.1709,0.6525
2107,70.233,3.045,3.061,bbox,17.789,16.761,16.585,13.814,7.0095,3.7941,,,,
2108,70.267,3.104,3.078,bbox,17.789,16.825,16.617,13.814,7.0581,3.8026,,,,
2109,70.3,3.155,3.08,bbox,17.789,16.885,16.617,13.814,7.0989,3.8109,,0.9046,,0.6126
2110,70.333,3.161,3.104,bbox,17.789,16.934,16.617,13.814,7.1381,3.8171,,,,
2111,70.367,3.187,3.155,bbox,17.789,16.975,16.617,13.814,7.1643,3.8177,,,,
2112,70.4,2.861,3.155,pose,17.789,17.014,16.649,13.814,7.1843,3.8243,0.4472,0.9052,0.6806,0.6176
2113,70.433,3.163,3.161,bbox,17.789,17.014,16.649,13.814,7.1882,3.8337,,,,
2114,70.467,3.143,3.161,bbox,17.789,17.06,16.649,13.814,7.2039,3.8354,,,,
2115,70.5,2.879,3.143,pose,17.789,17.06,16.649,13.814,7.2144,3.835,0.3922,0.9044,0.6053,0.7
2116,70.533,3.205,3.143,bbox,17.789,17.06,16.649,13.814,7.2398,3.8403,,,,
2117,70.567,2.957,3.143,bbox,17.789,17.06,16.649,13.814,6.9711,3.8493,,,,
2118,70.6,2.935,2.957,bbox,17.789,17.06,16.649,13.814,7.0147,3.8656,,0.8352,,0.6938
2119,70.633,2.932,2.935,bbox,17.919,17.06,16.681,13.814,7.0353,3.8705,,,,
2120,70.667,2.943,2.943,bbox,17.919,17.06,16.681,13.814,7.0364,3.8735,,,,
2121,70.7,2.534,2.935,pose,17.919,17.06,16.681,13.814,7.0167,3.8693,0.7224,0.842,0.7297,0.6715
2122,70.733,3.089,2.935,bbox,17.919,17.06,16.681,13.814,7.1263,3.8726,,,,
2123,70.767,3.156,2.943,bbox,17.919,17.06,16.681,13.814,7.1051,3.8752,,,,
2124,70.8,3.163,3.089,bbox,17.919,17.1,16.681,13.814,7.0754,3.8759,,0.8504,,0.6361
2125,70.833,3.211,3.156,bbox,17.919,17.1,16.681,13.814,7.0681,3.8783,,,,
2126,70.867,3.144,3.156,bbox,17.919,17.1,16.681,13.814,7.0578,3.88,,,,
2127,70.9,3.198,3.163,bbox,17.919,17.1,16.681,13.814,7.0474,3.881,,0.8173,,0.6754
2128,70.933,3.167,3.167,bbox,17.919,17.1,16.712,13.814,7.0296,3.888,,,,
2129,70.967,3.163,3.167,bbox,17.919,17.1,16.712,13.814,6.9968,3.8868,,,,
2130,71.0,3.166,3.166,bbox,17.965,17.1,16.712,13.814,6.9867,3.8866,,0.8002,,0.6997
2131,71.033,3.06,3.166,bbox,17.998,17.1,16.712,13.814,6.9452,3.8952,,,,
2132,71.067,2.946,3.163,bbox,17.998,17.1,16.712,13.814,6.8719,3.9045,,,,
2133,71.1,2.846,3.06,bbox,18.05,17.1,16.712,13.814,6.7868,3.9093,,0.7906,,0.7135
2134,71.133,2.928,2.946,bbox,18.123,17.1,16.712,13.814,6.7188,3.9064,,,,
2135,71.167,2.93,2.93,bbox,18.208,17.1,16.712,13.814,6.6797,3.9092,,,,
2136,71.2,2.91,2.928,bbox,18.276,17.1,16.712,13.814,6.6644,3.9204,,0.6186,,0.6615
2137,71.233,2.91,2.91,bbox,18.315,17.1,16.712,13.814,6.6683,3.9344,,,,
2138,71.267,2.863,2.91,bbox,18.315,17.1,16.753,13.814,6.6825,3.9527,,,,
2139,71.3,2.814,2.91,bbox,18.315,17.1,16.753,13.814,6.7044,3.9884,,0.0279,,0.1726
2140,71.333,2.775,2.863,bbox,18.315,17.1,16.785,13.814,6.7362,4.0064,,,,
2141,71.367,2.75,2.814,bbox,18.315,17.1,16.821,13.814,6.7586,4.0486,,,,
2142,71.4,2.749,2.775,bbox,18.315,17.157,16.821,13.814,6.7881,4.0743,,,,
2143,71.433,2.798,2.775,bbox,18.315,17.157,16.881,13.814,6.8059,4.0867,,,,
2144,71.467,2.802,2.775,bbox,18.315,17.209,16.881,13.814,6.8249,4.1085,,,,
2145,71.5,2.744,2.75,bbox,18.315,17.209,16.919,13.814,6.8556,4.1674,,0.0066,,-0.1716
2146,71.533,2.702,2.749,bbox,18.315,17.245,16.919,13.814,6.8715,4.1897,,,,
2147,71.567,2.696,2.744,bbox,18.315,17.276,17.0,13.814,6.877,4.1951,,,,
2148,71.6,2.673,2.702,bbox,18.315,17.276,17.0,13.814,6.8737,4.2028,,,,
2149,71.633,2.597,2.696,bbox,18.315,17.276,17.0,13.814,6.819,4.2122,,,,
2150,71.667,2.584,2.673,bbox,18.315,17.276,17.035,13.814,6.8099,4.2312,,,,
2151,71.7,2.557,2.597,bbox,18.352,17.276,17.035,13.814,6.7718,4.2353,,1.0101,,0.6331
2152,71.733,2.584,2.584,bbox,18.352,17.276,17.035,13.814,6.7316,4.2441,,,,
2153,71.767,2.594,2.584,bbox,18.399,17.276,17.068,13.814,6.7361,4.2432,,,,
2154,71.8,2.498,2.584,bbox,18.432,17.276,17.068,13.814,6.7386,4.2361,,0.7989,,0.6417
2155,71.833,2.438,2.557,bbox,18.432,17.276,17.068,13.814,6.7734,4.2339,,,,
2156,71.867,2.432,2.498,bbox,18.432,17.276,17.068,13.814,6.7931,4.2574,,,,
2157,71.9,2.511,2.498,bbox,18.432,17.311,17.068,13.814,6.8328,4.2321,,1.021,,0.5872
2158,71.933,2.547,2.498,bbox,18.432,17.311,17.068,13.814,6.8825,4.2341,,,,
2159,71.967,2.632,2.511,bbox,18.432,17.37,17.068,13.814,6.9303,4.2238,,,,
2160,72.0,2.224,2.511,pose,18.432,17.42,17.068,13.814,6.9654,4.2201,0.2039,0.9777,0.6276,0.6201
2161,72.033,2.825,2.547,bbox,18.432,17.468,17.068,13.814,6.9939,4.2159,,,,
2162,72.067,2.902,2.632,bbox,18.432,17.503,17.068,13.814,7.0146,4.2036,,,,
2163,72.1,2.772,2.772,bbox,18.432,17.503,17.068,13.814,7.0318,4.1946,,0.9063,,0.675
2164,72.133,2.787,2.787,bbox,18.432,17.552,17.068,13.846,7.0447,4.1757,,,,
2165,72.167,2.849,2.825,bbox,18.432,17.552,17.068,13.846,7.0419,4.1582,,,,
2166,72.2,2.791,2.791,bbox,18.432,17.552,17.068,13.846,7.0786,4.1386,,0.841,,0.6836
2167,72.233,2.891,2.791,bbox,18.432,17.582,17.068,13.891,7.1129,4.1282,,,,
2168,72.267,2.683,2.791,bbox,18.432,17.582,17.068,13.891,6.9548,4.1253,,,,
2169,72.3,2.774,2.791,bbox,18.432,17.582,17.068,13.891,7.0392,4.1252,0.1113,,0.5756,
2170,72.333,2.879,2.791,bbox,18.432,17.616,17.068,13.924,7.1082,4.1185,,,,
2171,72.367,3.157,2.879,bbox,18.432,17.616,17.068,13.924,7.1819,4.1,,,,
2172,72.4,3.124,2.879,bbox,18.432,17.616,17.068,13.924,7.2066,4.0939,,,,
2173,72.433,3.188,3.124,bbox,18.432,17.719,17.068,13.924,7.2365,4.0823,,,,
2174,72.467,,,,18.432,17.719,17.068,13.924,,,,,,
2175,72.5,3.301,3.157,bbox,18.432,17.719,17.068,13.956,7.2345,4.0803,,,,
2176,72.533,3.283,3.188,bbox,18.432,17.772,17.068,13.956,7.2358,4.0808,,,,
2177,72.567,3.229,3.229,bbox,18.432,17.772,17.068,13.956,7.2319,4.0957,,,,
2178,72.6,3.229,3.229,bbox,18.432,17.772,17.068,13.956,7.2297,4.0979,,,,
2179,72.633,,,,18.432,17.772,17.068,13.956,,,,,,
2180,72.667,,,,18.432,17.772,17.068,13.956,,,,,,
2181,72.7,3.138,3.229,bbox,18.432,17.772,17.068,13.956,7.2457,4.1041,,,,
2182,72.733,2.977,3.229,bbox,18.432,17.772,17.068,13.956,7.1862,4.1115,,,,
2183,72.767,2.968,3.138,bbox,18.432,17.772,17.068,13.956,7.1295,4.112,,,,
2184,72.8,3.129,3.129,bbox,18.48,17.772,17.068,13.956,7.1757,4.1192,,0.0053,,0.598
2185,72.833,2.925,2.977,bbox,18.48,17.772,17.068,13.956,6.8881,4.1179,,,,
2186,72.867,2.955,2.968,bbox,18.537,17.772,17.068,13.956,7.1167,4.1193,,,,
2187,72.9,3.059,2.968,bbox,18.537,17.772,17.068,13.956,7.1474,4.1082,,,,
2188,72.933,,,,18.537,17.772,17.068,13.956,,,,,,
2189,72.967,2.96,2.96,bbox,18.537,17.772,17.068,13.956,7.1311,4.1117,,,,
2190,73.0,2.585,2.955,pose,18.537,17.772,17.068,13.956,7.1092,4.1154,0.172,0.757,0.0536,0.7274
2191,73.033,2.81,2.955,bbox,18.537,17.772,17.068,13.956,7.0738,4.1089,,,,
2192,73.067,2.761,2.81,bbox,18.537,17.772,17.068,13.956,7.033,4.1071,,,,
2193,73.1,2.766,2.766,bbox,18.593,17.772,17.068,13.956,6.9919,4.0993,,0.7159,,0.7053
2194,73.133,2.755,2.761,bbox,18.633,17.772,17.068,13.956,6.936,4.0919,,,,
2195,73.167,2.731,2.761,bbox,18.675,17.772,17.068,13.956,6.8947,4.0812,,,,
2196,73.2,2.734,2.755,bbox,18.73,17.772,17.068,13.956,6.8579,4.0741,,,,
2197,73.233,2.743,2.743,bbox,18.772,17.772,17.068,13.956,6.8299,4.0668,,,,
2198,73.267,2.745,2.743,bbox,18.809,17.772,17.068,13.956,6.8425,4.0841,,,,
2199,73.3,2.196,2.734,pose,18.809,17.772,17.068,13.956,6.85,4.0921,0.646,0.8679,0.6914,0.5578
2200,73.333,2.667,2.734,bbox,18.809,17.772,17.068,13.956,6.8684,4.0976,,,,
2201,73.367,,,,18.809,17.772,17.068,13.956,,,,,,
2202,73.4,2.705,2.705,bbox,18.809,17.772,17.068,13.956,6.9356,4.1385,,0.9768,,0.5144
2203,73.433,2.774,2.705,bbox,18.809,17.772,17.068,13.956,6.9897,4.1562,,,,
2204,73.467,,,,18.809,17.772,17.068,13.956,,,,,,
2205,73.5,,,,18.809,17.772,17.068,13.956,,,,,,
2206,73.533,,,,18.809,17.772,17.068,13.956,,,,,,
2207,73.567,,,,18.809,17.772,17.068,13.956,,,,,,
2208,73.6,,,,18.809,17.772,17.068,13.956,,,,,,
2209,73.633,,,,18.809,17.772,17.068,13.956,,,,,,
2210,73.667,,,,18.809,17.772,17.068,13.956,,,,,,
2211,73.7,,,,18.809,17.772,17.068,13.956,,,,,,
2212,73.733,,,,18.809,17.772,17.068,13.956,,,,,,
2213,73.767,,,,18.809,17.772,17.068,13.956,,,,,,
2214,73.8,,,,18.809,17.772,17.068,13.956,,,,,,
2215,73.833,,,,18.809,17.772,17.068,13.956,,,,,,
2216,73.867,,,,18.809,17.772,17.068,13.956,,,,,,
2217,73.9,,,,18.809,17.772,17.068,13.956,,,,,,
2218,73.933,,,,18.809,17.772,17.068,13.956,,,,,,
2219,73.967,,,,18.809,17.772,17.068,13.956,,,,,,
2220,74.0,,,,18.809,17.772,17.068,13.956,,,,,,
2221,74.033,,,,18.809,17.772,17.068,13.956,,,,,,
2222,74.067,,,,18.809,17.772,17.068,13.956,,,,,,
2223,74.1,3.428,2.705,bbox,18.809,17.85,17.068,13.956,7.4949,4.0921,,0.8932,,0.7075
2224,74.133,,,,18.809,17.85,17.068,13.956,,,,,,
2225,74.167,3.332,2.774,bbox,18.809,17.904,17.068,13.956,7.4521,4.0529,,,,
2226,74.2,,,,18.809,17.904,17.068,13.956,,,,,,
2227,74.233,,,,18.809,17.904,17.068,13.956,,,,,,
2228,74.267,3.455,3.332,bbox,18.809,18.054,17.068,13.956,7.3881,3.9941,,,,
2229,74.3,3.448,3.428,bbox,18.809,18.054,17.068,13.997,7.339,3.9853,,,,
2230,74.333,3.484,3.448,bbox,18.809,18.054,17.068,14.031,7.3102,4.0189,,,,
2231,74.367,3.492,3.455,bbox,18.858,18.054,17.068,14.031,7.2927,4.0158,,,,
2232,74.4,,,,18.858,18.054,17.068,14.031,,,,,,
2233,74.433,,,,18.858,18.054,17.068,14.031,,,,,,
2234,74.467,,,,18.858,18.054,17.068,14.031,,,,,,
2235,74.5,,,,18.858,18.054,17.068,14.031,,,,,,
2236,74.533,,,,18.858,18.054,17.068,14.031,,,,,,
2237,74.567,,,,18.858,18.054,17.068,14.031,,,,,,
2238,74.6,2.684,3.455,pose,18.858,18.054,17.068,14.031,7.103,3.8045,0.7655,0.5729,0.6992,0.5621
2239,74.633,2.984,3.448,bbox,18.904,18.054,17.068,14.064,6.9149,3.7841,,,,
2240,74.667,,,,18.904,18.054,17.068,14.064,,,,,,
2241,74.7,2.975,2.984,bbox,19.054,18.054,17.068,14.214,6.8261,3.7888,,0.3271,,0.5521
2242,74.733,,,,19.054,18.054,17.068,14.214,,,,,,
2243,74.767,,,,19.054,18.054,17.068,14.214,,,,,,
2244,74.8,2.972,2.975,pose,19.204,18.054,17.068,14.214,6.9061,3.7619,0.6024,0.3272,0.6775,0.6406
2245,74.833,,,,19.204,18.054,17.068,14.214,,,,,,
2246,74.867,,,,19.204,18.054,17.068,14.214,,,,,,
2247,74.9,2.903,2.972,pose,19.204,18.054,17.068,14.214,6.9134,3.75,0.6156,0.4272,0.72,0.6643
2248,74.933,3.089,2.975,bbox,19.204,18.054,17.068,14.257,6.9042,3.7323,,,,
2249,74.967,3.058,2.975,bbox,19.204,18.054,17.068,14.257,6.89,3.727,,,,
2250,75.0,2.689,2.972,pose,19.204,18.054,17.068,14.257,6.901,3.7376,0.6433,0.6526,0.7098,0.6831
2251,75.033,3.167,3.058,bbox,19.204,18.054,17.068,14.257,6.9186,3.7427,,,,
2252,75.067,3.172,3.089,bbox,19.204,18.054,17.068,14.257,6.912,3.7463,,,,
2253,75.1,3.173,3.167,bbox,19.204,18.054,17.068,14.257,6.8586,3.7555,,0.854,,0.6511
2254,75.133,3.319,3.172,bbox,19.204,18.054,17.068,14.257,6.8596,3.7786,,,,
2255,75.167,,,,19.204,18.054,17.068,14.257,,,,,,
2256,75.2,3.122,3.172,bbox,19.259,18.054,17.068,14.257,6.8074,3.8164,,,,
2257,75.233,3.086,3.172,bbox,19.259,18.054,17.068,14.257,6.7747,3.822,,,,
2258,75.267,3.055,3.122,bbox,19.311,18.054,17.122,14.257,6.7484,3.818,,,,
2259,75.3,3.015,3.086,bbox,19.344,18.054,17.122,14.257,6.7301,3.8282,,0.0274,,-0.3395
2260,75.333,2.972,3.055,bbox,19.344,18.054,17.122,14.257,6.7064,3.8331,,,,
2261,75.367,2.913,3.015,bbox,19.389,18.054,17.122,14.257,6.6653,3.8503,,,,
2262,75.4,2.924,2.972,bbox,19.389,18.054,17.122,14.257,6.6657,3.8511,,0.3644,,0.6694
2263,75.433,2.852,2.924,bbox,19.453,18.054,17.156,14.257,6.6159,3.8589,,,,
2264,75.467,2.823,2.913,bbox,19.453,18.054,17.156,14.257,6.6057,3.8805,,,,
2265,75.5,2.46,2.852,pose,19.503,18.054,17.156,14.257,6.5801,3.8705,0.1633,0.5692,0.2775,0.6739
2266,75.533,2.773,2.823,bbox,19.503,18.054,17.156,14.257,6.58,3.8796,,,,
2267,75.567,2.782,2.782,bbox,19.539,18.054,17.156,14.257,6.5689,3.8813,,,,
2268,75.6,1.913,2.773,pose,19.539,18.054,17.186,14.257,6.5767,3.8887,0.1078,0.8742,0.1949,0.6143
2269,75.633,2.845,2.773,bbox,19.539,18.054,17.186,14.257,6.5792,3.8746,,,,
2270,75.667,2.847,2.782,bbox,19.539,18.054,17.186,14.257,6.5892,3.8645,,,,
2271,75.7,2.854,2.845,bbox,19.539,18.054,17.186,14.257,6.6123,3.8447,,0.941,,0.6276
2272,75.733,2.915,2.847,bbox,19.539,18.054,17.186,14.257,6.6392,3.816,,,,
2273,75.767,3.048,2.854,bbox,19.539,18.086,17.186,14.292,6.6711,3.7541,,,,
2274,75.8,3.069,2.915,bbox,19.539,18.086,17.186,14.292,6.6944,3.7231,,0.9637,,0.7066
2275,75.833,3.033,3.033,bbox,19.539,18.145,17.186,14.383,6.7187,3.7033,,,,
2276,75.867,3.044,3.044,bbox,19.539,18.145,17.186,14.414,6.7338,3.6724,,,,
2277,75.9,2.666,3.044,pose,19.539,18.192,17.186,14.414,6.7561,3.6412,0.6036,0.871,0.7112,0.6841
2278,75.933,3.172,3.044,bbox,19.539,18.192,17.186,14.465,6.7946,3.6195,,,,
2279,75.967,3.348,3.044,bbox,19.539,18.23,17.186,14.496,6.84,3.5984,,,,
2280,76.0,3.373,3.172,bbox,19.539,18.268,17.186,14.496,6.8491,3.5778,,0.8207,,0.5359
2281,76.033,3.445,3.348,bbox,19.539,18.314,17.186,14.539,6.8531,3.5646,,,,
2282,76.067,3.516,3.373,bbox,19.539,18.314,17.186,14.539,6.9444,3.5622,,,,
2283,76.1,3.393,3.393,bbox,19.539,18.314,17.186,14.573,6.9913,3.5633,,0.8842,,0.6822
2284,76.133,3.385,3.393,bbox,19.539,18.418,17.186,14.573,7.0421,3.5648,,,,
2285,76.167,3.387,3.393,bbox,19.539,18.465,17.186,14.573,7.0628,3.5592,,,,
2286,76.2,2.853,3.387,pose,19.539,18.516,17.186,14.573,7.0918,3.5459,0.7383,0.737,0.5824,0.745
2287,76.233,3.425,3.387,bbox,19.539,18.516,17.186,14.573,7.1153,3.5303,,,,
2288,76.267,3.496,3.387,bbox,19.539,18.565,17.186,14.573,7.1508,3.5228,,,,
2289,76.3,3.233,3.387,pose,19.539,18.565,17.186,14.607,7.1723,3.5111,0.5843,0.4724,0.731,0.6584
2290,76.333,3.683,3.425,bbox,19.539,18.624,17.186,14.607,7.1888,3.5151,,,,
2291,76.367,3.85,3.496,bbox,19.539,18.624,17.186,14.607,7.2159,3.5146,,,,
2292,76.4,,,,19.539,18.624,17.186,14.607,,,,,,
2293,76.433,,,,19.539,18.624,17.186,14.607,,,,,,
2294,76.467,,,,19.539,18.624,17.186,14.607,,,,,,
2295,76.5,,,,19.539,18.624,17.186,14.607,,,,,,
2296,76.533,,,,19.539,18.624,17.186,14.607,,,,,,
2297,76.567,,,,19.539,18.624,17.186,14.607,,,,,,
2298,76.6,,,,19.539,18.624,17.186,14.607,,,,,,
2299,76.633,3.771,3.683,bbox,19.539,18.624,17.186,14.607,7.1344,3.5226,,,,
2300,76.667,3.749,3.749,bbox,19.539,18.624,17.186,14.607,7.115,3.5345,,,,
2301,76.7,3.721,3.749,bbox,19.539,18.624,17.186,14.607,7.0938,3.5275,0.7518,,0.6951,
2302,76.733,3.486,3.749,bbox,19.575,18.624,17.186,14.607,7.0593,3.5446,,,,
2303,76.767,,,,19.575,18.624,17.186,14.607,,,,,,
2304,76.8,3.349,3.721,bbox,19.575,18.624,17.186,14.607,6.9752,3.5742,,0.9682,,0.6866
2305,76.833,3.267,3.486,bbox,19.63,18.624,17.186,14.607,6.9088,3.5822,,,,
2306,76.867,,,,19.63,18.624,17.186,14.607,,,,,,
2307,76.9,3.241,3.349,bbox,19.714,18.624,17.23,14.607,6.8742,3.6327,,1.1235,,0.5928
2308,76.933,3.199,3.267,bbox,19.781,18.624,17.23,14.607,6.86,3.6427,,,,
2309,76.967,3.157,3.241,bbox,19.815,18.624,17.288,14.607,6.8486,3.6501,,,,
2310,77.0,3.164,3.199,bbox,19.815,18.624,17.288,14.607,6.8064,3.6557,0.2187,,0.7045,
2311,77.033,3.152,3.164,bbox,19.815,18.624,17.288,14.607,6.7514,3.6586,,,,
2312,77.067,2.98,3.157,bbox,19.883,18.624,17.288,14.607,6.6859,3.6827,,,,
2313,77.1,3.006,3.152,bbox,19.938,18.624,17.288,14.607,6.6313,3.6941,,,,
2314,77.133,3.004,3.006,bbox,20.004,18.624,17.338,14.607,6.5983,3.6853,,,,
2315,77.167,2.988,3.004,bbox,20.058,18.624,17.338,14.607,6.5727,3.6918,,,,
2316,77.2,3.015,3.004,bbox,20.091,18.624,17.338,14.607,6.5531,3.7229,,,,
2317,77.233,2.907,3.004,bbox,20.091,18.624,17.338,14.607,6.5447,3.7706,,,,
2318,77.267,2.894,2.988,bbox,20.122,18.624,17.379,14.607,6.5676,3.7928,,,,
2319,77.3,2.88,2.907,bbox,20.122,18.624,17.426,14.607,6.5666,3.803,,0.8542,,0.6811
2320,77.333,2.902,2.902,bbox,20.122,18.624,17.426,14.607,6.5984,3.8112,,,,
2321,77.367,2.895,2.895,bbox,20.122,18.624,17.459,14.607,6.5844,3.8131,,,,
2322,77.4,2.9,2.895,bbox,20.122,18.624,17.459,14.607,6.5793,3.8166,,,,
2323,77.433,2.908,2.9,bbox,20.122,18.624,17.459,14.607,6.5945,3.8211,,,,
2324,77.467,2.893,2.9,bbox,20.122,18.624,17.459,14.607,6.5848,3.8242,,,,
2325,77.5,2.909,2.9,bbox,20.122,18.624,17.459,14.607,6.5809,3.8276,,0.8676,,0.6588
2326,77.533,2.906,2.906,bbox,20.122,18.624,17.459,14.607,6.5737,3.8273,,,,
2327,77.567,2.825,2.906,bbox,20.122,18.624,17.459,14.607,6.562,3.8348,,,,
2328,77.6,2.807,2.893,bbox,20.122,18.624,17.459,14.607,6.5601,3.837,,0.8235,,0.7202
2329,77.633,2.773,2.825,bbox,20.122,18.624,17.491,14.607,6.5405,3.8389,,,,
2330,77.667,2.679,2.807,bbox,20.122,18.624,17.491,14.607,6.5059,3.846,,,,
2331,77.7,4.87,2.807,pose,20.122,18.624,17.491,14.607,6.487,3.8459,0.1423,0.829,-1.6792,0.6947
2332,77.733,2.64,2.773,bbox,20.184,18.624,17.491,14.607,6.4507,3.8433,,,,
2333,77.767,2.61,2.679,bbox,20.184,18.624,17.491,14.607,6.4003,3.8463,,,,
2334,77.8,2.0,2.64,pose,20.239,18.624,17.491,14.607,6.3819,3.8458,0.6102,0.8427,0.5408,0.6174
2335,77.833,2.539,2.61,bbox,20.289,18.624,17.491,14.607,6.3625,3.8438,,,,
2336,77.867,2.517,2.539,bbox,20.289,18.624,17.491,14.607,6.3222,3.8369,,,,
2337,77.9,2.481,2.517,bbox,20.327,18.624,17.491,14.607,6.3268,3.8244,,0.8495,,0.6528
2338,77.933,2.542,2.517,bbox,20.363,18.624,17.491,14.607,6.3196,3.8154,,,,
2339,77.967,2.534,2.534,bbox,20.363,18.624,17.491,14.607,6.3519,3.8123,,,,
2340,78.0,2.065,2.517,pose,20.363,18.624,17.491,14.607,6.3948,3.8019,0.4093,0.8275,0.6048,0.722
2341,78.033,2.559,2.534,bbox,20.363,18.624,17.491,14.607,6.4074,3.7869,,,,
2342,78.067,2.568,2.542,bbox,20.363,18.693,17.491,14.64,6.425,3.7676,,,,
2343,78.1,2.705,2.559,pose,20.363,18.693,17.491,14.64,6.4829,3.7444,0.0865,0.7261,0.512,0.7164
2344,78.133,,,,20.363,18.693,17.491,14.64,,,,,,
2345,78.167,,,,20.363,18.693,17.491,14.64,,,,,,
2346,78.2,,,,20.363,18.693,17.491,14.64,,,,,,
2347,78.233,3.171,2.568,bbox,20.363,18.723,17.491,14.674,6.6728,3.6631,,,,
2348,78.267,3.203,2.705,bbox,20.363,18.781,17.491,14.674,6.6917,3.6595,,,,
2349,78.3,,,,20.363,18.781,17.491,14.674,,,,,,
2350,78.333,,,,20.363,18.781,17.491,14.674,,,,,,
2351,78.367,,,,20.363,18.781,17.491,14.674,,,,,,
2352,78.4,3.296,3.171,bbox,20.363,18.931,17.491,14.779,6.7149,3.6432,,,,
2353,78.433,3.284,3.203,bbox,20.363,18.931,17.491,14.779,6.7285,3.6405,,,,
2354,78.467,3.197,3.203,bbox,20.363,18.931,17.491,14.779,6.7028,3.6384,,,,
2355,78.5,3.272,3.272,bbox,20.363,18.973,17.491,14.779,6.7967,3.6393,,,,
2356,78.533,3.299,3.284,bbox,20.363,18.973,17.491,14.779,6.8565,3.6418,,,,
2357,78.567,,,,20.363,18.973,17.491,14.779,,,,,,
2358,78.6,,,,20.363,18.973,17.491,14.779,,,,,,
2359,78.633,,,,20.363,18.973,17.491,14.779,,,,,,
2360,78.667,3.351,3.284,bbox,20.363,19.055,17.491,14.779,6.8235,3.6153,,,,
2361,78.7,,,,20.363,19.055,17.491,14.779,,,,,,
2362,78.733,,,,20.363,19.055,17.491,14.779,,,,,,
2363,78.767,3.47,3.299,bbox,20.363,19.055,17.491,14.779,6.9475,3.6069,,,,
2364,78.8,3.419,3.351,bbox,20.363,19.114,17.491,14.826,6.9291,3.6064,0.1579,,0.4424,
2365,78.833,3.417,3.417,bbox,20.363,19.187,17.491,14.826,6.9338,3.6116,,,,
2366,78.867,3.355,3.417,bbox,20.363,19.187,17.491,14.826,6.9247,3.6717,,,,
2367,78.9,3.299,3.417,bbox,20.363,19.187,17.491,14.826,6.9058,3.7112,0.0316,,0.2894,
2368,78.933,3.269,3.355,bbox,20.363,19.187,17.547,14.826,6.8828,3.7364,,,,
2369,78.967,2.995,3.299,bbox,20.363,19.187,17.586,14.826,6.646,3.7489,,,,
2370,79.0,3.155,3.269,bbox,20.409,19.187,17.586,14.826,6.8013,3.7493,,1.078,,0.5548
2371,79.033,3.164,3.164,bbox,20.491,19.187,17.586,14.826,6.7767,3.7338,,,,
2372,79.067,3.114,3.155,bbox,20.491,19.187,17.586,14.826,6.716,3.7305,,,,
2373,79.1,3.022,3.114,bbox,20.576,19.187,17.624,14.826,6.6764,3.7533,,1.0026,,0.6064
2374,79.133,3.011,3.114,bbox,20.576,19.187,17.624,14.826,6.6662,3.771,,,,
2375,79.167,3.0,3.022,bbox,20.615,19.187,17.624,14.826,6.6616,3.802,,,,
2376,79.2,2.963,3.011,bbox,20.615,19.187,17.624,14.826,6.6482,3.8197,,0.0907,,0.6564
2377,79.233,2.855,3.0,bbox,20.615,19.187,17.677,14.826,6.6456,3.8454,,,,
2378,79.267,2.8,2.963,bbox,20.615,19.187,17.677,14.826,6.6477,3.8711,,,,
2379,79.3,2.761,2.855,bbox,20.615,19.187,17.721,14.826,6.6491,3.8837,,0.769,,0.7196
2380,79.333,2.758,2.8,bbox,20.615,19.187,17.721,14.826,6.6489,3.8887,,,,
2381,79.367,2.81,2.8,bbox,20.615,19.187,17.759,14.826,6.6698,3.8868,,,,
2382,79.4,2.877,2.8,bbox,20.615,19.187,17.759,14.826,6.7318,3.9064,,0.892,,0.6112
2383,79.433,2.872,2.81,bbox,20.615,19.187,17.759,14.826,6.7145,3.9442,,,,
2384,79.467,2.894,2.872,bbox,20.615,19.187,17.759,14.826,6.6936,3.9578,,,,
2385,79.5,2.908,2.877,bbox,20.615,19.219,17.82,14.826,6.7081,3.9618,,,,
2386,79.533,2.875,2.877,bbox,20.615,19.219,17.82,14.826,6.697,3.9652,,,,
2387,79.567,2.858,2.875,bbox,20.615,19.219,17.82,14.826,6.7002,3.9758,,,,
2388,79.6,2.853,2.875,bbox,20.615,19.219,17.82,14.826,6.7062,3.9835,,1.0252,,0.5703
2389,79.633,2.809,2.858,bbox,20.615,19.219,17.851,14.826,6.6938,3.9845,,,,
2390,79.667,2.783,2.853,bbox,20.615,19.219,17.851,14.826,6.7008,3.9974,,,,
2391,79.7,2.382,2.809,pose,20.615,19.219,17.851,14.826,6.7139,3.9898,0.2273,0.928,0.2289,0.6281
2392,79.733,2.767,2.783,bbox,20.615,19.219,17.851,14.826,6.7057,4.0085,,,,
2393,79.767,2.658,2.767,bbox,20.615,19.219,17.851,14.826,6.6386,4.0339,,,,
2394,79.8,6.205,2.767,pose,20.615,19.219,17.884,14.826,6.5866,4.0745,0.4261,0.8392,-2.3693,0.6719
2395,79.833,2.503,2.658,bbox,20.685,19.219,17.884,14.826,6.522,4.0794,,,,
2396,79.867,2.479,2.658,bbox,20.737,19.219,17.943,14.826,6.4692,4.0674,,,,
2397,79.9,2.445,2.503,bbox,20.802,19.219,17.943,14.826,6.4151,4.0782,,0.8559,,0.6506
2398,79.933,2.385,2.479,bbox,20.854,19.219,17.943,14.826,6.3869,4.0994,,,,
2399,79.967,2.381,2.445,bbox,20.909,19.219,17.943,14.826,6.3586,4.0889,,,,
2400,80.0,2.427,2.427,bbox,20.909,19.219,17.943,14.826,6.356,4.0673,,0.93,,0.6128
2401,80.033,2.438,2.427,bbox,20.949,19.219,17.943,14.826,6.3746,4.0797,,,,
2402,80.067,2.482,2.427,bbox,20.949,19.219,17.943,14.826,6.4098,4.0819,,,,
2403,80.1,7.257,2.438,pose,20.949,19.219,17.943,14.826,6.4102,4.067,0.0376,0.8995,0.1079,0.5989
2404,80.133,2.442,2.442,bbox,20.949,19.252,17.943,14.826,6.4082,4.0697,,,,
2405,80.167,2.372,2.442,bbox,20.949,19.252,17.943,14.826,6.3838,4.0658,,,,
2406,80.2,2.425,2.442,bbox,20.949,19.252,17.943,14.826,6.4258,4.0407,,0.3479,,0.6401
2407,80.233,2.547,2.442,bbox,20.949,19.252,17.943,14.826,6.5345,4.0039,,,,
2408,80.267,2.695,2.442,bbox,20.949,19.252,17.943,14.826,6.627,3.9657,,,,
2409,80.3,2.801,2.547,bbox,20.949,19.379,17.943,14.89,6.7088,3.9277,,0.6375,,0.7675
2410,80.333,2.627,2.627,bbox,20.949,19.379,17.943,14.928,6.517,3.8979,,,,
2411,80.367,2.61,2.627,bbox,20.949,19.379,17.943,14.966,6.5287,3.8749,,,,
2412,80.4,2.776,2.695,bbox,20.949,19.466,17.943,14.966,6.6219,3.8516,,0.4595,,0.7763
2413,80.433,2.828,2.776,bbox,20.949,19.466,17.943,15.019,6.6756,3.8529,,,,
2414,80.467,2.866,2.776,bbox,20.949,19.466,17.943,15.019,6.6955,3.8587,,,,
2415,80.5,2.952,2.828,bbox,20.949,19.52,17.943,15.019,6.7507,3.8495,,0.3427,,0.7284
2416,80.533,3.023,2.866,bbox,20.949,19.52,17.943,15.019,6.7842,3.8555,,,,
2417,80.567,3.053,2.952,bbox,20.949,19.595,17.943,15.019,6.8136,3.8713,,,,
2418,80.6,3.47,3.023,pose,20.949,19.628,17.943,15.019,6.8216,3.873,0.0313,0.1869,1.4508,0.7128
2419,80.633,3.061,3.053,bbox,20.949,19.628,17.943,15.019,6.8355,3.8761,,,,
2420,80.667,3.015,3.053,bbox,20.949,19.662,17.943,15.019,6.8178,3.8945,,,,
2421,80.7,,,,20.949,19.662,17.943,15.019,,,,,,
2422,80.733,2.871,3.053,bbox,20.949,19.662,17.943,15.019,6.7423,3.9103,,,,
2423,80.767,2.731,3.015,bbox,20.949,19.662,17.943,15.019,6.6311,3.9266,,,,
2424,80.8,2.526,2.871,bbox,21.025,19.662,17.978,15.019,6.4575,3.9519,,0.2023,,0.7013
2425,80.833,2.472,2.731,bbox,21.136,19.662,17.978,15.019,6.4027,3.9664,,,,
2426,80.867,,,,21.136,19.662,17.978,15.019,,,,,,
2427,80.9,2.417,2.526,bbox,21.286,19.662,18.02,15.019,6.3404,4.0003,,,,
2428,80.933,2.473,2.473,bbox,21.341,19.662,18.02,15.019,6.3366,4.0209,,,,
2429,80.967,2.47,2.472,bbox,21.403,19.662,18.068,15.019,6.3082,4.0398,,,,
2430,81.0,,,,21.403,19.662,18.068,15.019,,,,,,
2431,81.033,,,,21.403,19.662,18.068,15.019,,,,,,
2432,81.067,,,,21.403,19.662,18.068,15.019,,,,,,
2433,81.1,2.279,2.47,bbox,21.403,19.662,18.068,15.019,6.0992,4.1112,,,,
2434,81.133,2.227,2.417,bbox,21.435,19.662,18.108,15.019,5.9967,4.0885,,,,
2435,81.167,,,,21.435,19.662,18.108,15.019,,,,,,
2436,81.2,,,,21.435,19.662,18.108,15.019,,,,,,
2437,81.233,,,,21.435,19.662,18.108,15.019,,,,,,
2438,81.267,,,,21.435,19.662,18.108,15.019,,,,,,
2439,81.3,,,,21.435,19.662,18.108,15.019,,,,,,
2440,81.333,,,,21.435,19.662,18.108,15.019,,,,,,
2441,81.367,2.038,2.279,bbox,21.585,19.662,18.108,15.019,5.4246,3.7044,,,,
2442,81.4,2.189,2.227,bbox,21.688,19.662,18.108,15.019,5.6317,3.6192,,0.0284,,0.4503
2443,81.433,2.35,2.227,bbox,21.838,19.662,18.108,15.169,5.6837,3.4819,,,,
2444,81.467,2.583,2.227,bbox,21.838,19.662,18.108,15.254,5.7165,3.3679,,,,
2445,81.5,2.734,2.35,bbox,21.838,19.662,18.108,15.391,5.7303,3.2276,,0.7277,,0.2637
2446,81.533,2.577,2.577,bbox,21.838,19.695,18.108,15.505,5.751,3.123,,,,
2447,81.567,2.843,2.583,bbox,21.838,19.695,18.108,15.646,5.7702,3.0111,,,,
2448,81.6,,,,21.838,19.695,18.108,15.646,,,,,,
2449,81.633,,,,21.838,19.695,18.108,15.646,,,,,,
2450,81.667,,,,21.838,19.695,18.108,15.646,,,,,,
2451,81.7,3.373,2.734,bbox,21.838,19.729,18.108,15.75,5.994,2.683,,0.3611,,0.4869
2452,81.733,3.293,2.843,bbox,21.838,19.729,18.108,15.862,6.0608,2.6673,,,,
2453,81.767,3.466,3.293,bbox,21.838,19.898,18.108,16.012,6.1301,2.6566,,,,
2454,81.8,3.401,3.373,bbox,21.838,19.965,18.108,16.012,6.182,2.6157,,0.1406,,0.0453
2455,81.833,3.425,3.401,bbox,21.838,20.034,18.108,16.012,6.2122,2.5679,,,,
2456,81.867,3.518,3.425,bbox,21.838,20.086,18.108,16.08,6.2264,2.5205,,,,
2457,81.9,3.683,3.466,bbox,21.838,20.117,18.108,16.127,6.2391,2.4864,,0.234,,0.251
2458,81.933,3.717,3.518,bbox,21.838,20.117,18.108,16.175,6.2631,2.4311,,,,
2459,81.967,3.862,3.683,bbox,21.838,20.117,18.108,16.209,6.2925,2.377,,,,
2460,82.0,3.682,3.683,pose,21.838,20.167,18.108,16.264,6.3594,2.2985,0.2705,0.0978,0.7146,0.6243
2461,82.033,4.031,3.717,bbox,21.838,20.167,18.108,16.318,6.42,2.1988,,,,
2462,82.067,4.17,3.862,bbox,21.838,20.264,18.108,16.397,6.5166,2.0775,,,,
2463,82.1,4.257,4.031,bbox,21.838,20.324,18.108,16.497,6.6016,2.0114,0.0034,,0.7415,
2464,82.133,4.408,4.17,bbox,21.838,20.421,18.108,16.618,6.6789,1.9361,,,,
2465,82.167,4.469,4.257,bbox,21.838,20.506,18.108,16.684,6.7423,1.8858,,,,
2466,82.2,4.59,4.408,pose,21.838,20.583,18.108,16.759,6.8404,1.8556,0.0593,0.0689,0.7139,0.0256
2467,82.233,4.699,4.469,bbox,21.838,20.647,18.108,16.81,6.9067,1.8335,,,,
2468,82.267,4.833,4.59,bbox,21.838,20.745,18.108,16.84,7.0133,1.8004,,,,
2469,82.3,4.802,4.699,pose,21.838,20.811,18.108,16.84,7.038,1.7203,0.0267,0.3459,-0.0395,0.631
2470,82.333,4.956,4.802,bbox,21.838,20.918,18.108,16.895,7.0772,1.6682,,,,
2471,82.367,5.172,4.833,bbox,21.838,20.918,18.108,16.975,7.1165,1.5881,,,,
2472,82.4,5.113,4.956,pose,21.838,20.982,18.108,17.027,7.1441,1.4879,0.0863,0.0518,0.5826,0.4769
2473,82.433,5.409,5.113,bbox,21.838,21.021,18.108,17.107,7.1937,1.4155,,,,
2474,82.467,5.445,5.172,bbox,21.838,21.021,18.108,17.207,7.2392,1.3659,,,,
2475,82.5,5.514,5.409,bbox,21.838,21.098,18.108,17.28,7.2798,1.3179,,0.0595,,0.2808
2476,82.533,5.582,5.445,bbox,21.838,21.143,18.108,17.329,7.3302,1.2674,,,,
2477,82.567,5.685,5.514,bbox,21.838,21.184,18.108,17.377,7.3894,1.2108,,,,
2478,82.6,5.572,5.572,pose,21.838,21.235,18.108,17.428,7.4443,1.1633,0.0374,0.3169,0.764,0.8122
2479,82.633,6.193,5.582,bbox,21.838,21.294,18.108,17.484,7.4989,1.0608,,,,
2480,82.667,,,,21.838,21.294,18.108,17.484,,,,,,
2481,82.7,5.974,5.685,pose,21.838,21.349,18.108,17.532,7.6499,0.9628,0.5186,0.2592,0.7287,0.6937
2482,82.733,6.542,5.974,bbox,21.838,21.403,18.108,17.634,7.712,0.8932,,,,
2483,82.767,6.588,6.193,bbox,21.838,21.553,18.108,17.733,7.752,0.8166,,,,
2484,82.8,6.082,6.193,pose,21.838,21.615,18.108,17.802,7.7976,0.7429,0.7473,0.1255,0.6916,0.7222
2485,82.833,6.601,6.542,bbox,21.838,21.655,18.108,17.879,7.8023,0.7432,,,,
2486,82.867,6.877,6.588,bbox,21.838,21.701,18.108,17.952,7.8374,0.6959,,,,
2487,82.9,6.423,6.588,pose,21.838,21.701,18.108,17.952,7.8641,0.6808,0.2876,0.2461,0.7027,0.7868
2488,82.933,6.87,6.601,bbox,21.838,21.741,18.108,17.999,7.8868,0.655,,,,
2489,82.967,6.967,6.87,bbox,21.838,21.741,18.108,17.999,7.9409,0.6173,,,,
2490,83.0,6.598,6.87,pose,21.838,21.79,18.108,18.04,8.0231,0.5945,0.3712,0.4432,0.7199,0.7917
2491,83.033,7.066,6.87,bbox,21.838,21.844,18.108,18.078,8.0896,0.5726,,,,
2492,83.067,7.11,6.967,bbox,21.838,21.926,18.108,18.078,8.1404,0.5172,,,,
2493,83.1,6.957,6.967,pose,21.838,21.993,18.108,18.123,8.1885,0.4885,0.0809,0.3697,0.6925,0.7148
2494,83.133,7.387,7.066,bbox,21.838,22.044,18.108,18.178,8.2496,0.4792,,,,
2495,83.167,7.587,7.11,bbox,21.838,22.092,18.108,18.178,8.3391,0.4712,,,,
2496,83.2,7.243,7.243,pose,21.838,22.153,18.108,18.216,8.3706,0.4391,0.2675,0.3337,0.7031,0.5665
2497,83.233,7.737,7.387,bbox,21.838,22.243,18.108,18.216,8.4194,0.4066,,,,
2498,83.267,7.841,7.587,bbox,21.838,22.274,18.108,18.256,8.4366,0.3597,,,,
2499,83.3,,,,21.838,22.274,18.108,18.256,,,,,,
2500,83.333,,,,21.838,22.274,18.108,18.256,,,,,,
2501,83.367,,,,21.838,22.274,18.108,18.256,,,,,,
2502,83.4,,,,21.838,22.274,18.108,18.256,,,,,,
2503,83.433,,,,21.838,22.274,18.108,18.256,,,,,,
2504,83.467,,,,21.838,22.274,18.108,18.256,,,,,,
2505,83.5,,,,21.838,22.274,18.108,18.256,,,,,,
2506,83.533,,,,21.838,22.274,18.108,18.256,,,,,,
2507,83.567,,,,21.838,22.274,18.108,18.256,,,,,,
2508,83.6,,,,21.838,22.274,18.108,18.256,,,,,,
2509,83.633,,,,21.838,22.274,18.108,18.256,,,,,,
2510,83.667,,,,21.838,22.274,18.108,18.256,,,,,,
2511,83.7,,,,21.838,22.274,18.108,18.256,,,,,,
2512,83.733,,,,21.838,22.274,18.108,18.256,,,,,,
2513,83.767,,,,21.838,22.274,18.108,18.256,,,,,,
2514,83.8,,,,21.838,22.274,18.108,18.256,,,,,,
2515,83.833,,,,21.838,22.274,18.108,18.256,,,,,,
2516,83.867,,,,21.838,22.274,18.108,18.256,,,,,,
2517,83.9,,,,21.838,22.274,18.108,18.256,,,,,,
2518,83.933,,,,21.838,22.274,18.108,18.256,,,,,,
2519,83.967,,,,21.838,22.274,18.108,18.256,,,,,,
2520,84.0,,,,21.838,22.274,18.108,18.256,,,,,,
2521,84.033,,,,21.838,22.274,18.108,18.256,,,,,,
2522,84.067,,,,21.838,22.274,18.108,18.256,,,,,,
2523,84.1,,,,21.838,22.274,18.108,18.256,,,,,,
2524,84.133,,,,21.838,22.274,18.108,18.256,,,,,,
2525,84.167,,,,21.838,22.274,18.108,18.256,,,,,,
2526,84.2,,,,21.838,22.274,18.108,18.256,,,,,,
2527,84.233,,,,21.838,22.274,18.108,18.256,,,,,,
2528,84.267,,,,21.838,22.274,18.108,18.256,,,,,,
2529,84.3,,,,21.838,22.274,18.108,18.256,,,,,,
2530,84.333,,,,21.838,22.274,18.108,18.256,,,,,,
2531,84.367,,,,21.838,22.274,18.108,18.256,,,,,,
2532,84.4,,,,21.838,22.274,18.108,18.256,,,,,,
2533,84.433,10.093,7.737,bbox,21.838,22.323,18.108,18.256,8.6232,0.548,,,,
2534,84.467,9.908,7.841,bbox,21.838,22.323,18.108,18.256,8.5715,0.6402,,,,
2535,84.5,9.773,9.773,bbox,21.838,22.436,18.216,18.256,8.5326,0.702,,0.0731,,0.3755
2536,84.533,9.669,9.773,bbox,21.838,22.436,18.309,18.256,8.4952,0.7693,,,,
2537,84.567,9.533,9.773,bbox,21.838,22.436,18.37,18.256,8.4737,0.8009,,,,
2538,84.6,,,,21.838,22.436,18.37,18.256,,,,,,
2539,84.633,,,,21.838,22.436,18.37,18.256,,,,,,
2540,84.667,9.259,9.669,bbox,21.875,22.436,18.438,18.256,8.4309,0.9468,,,,
2541,84.7,9.237,9.533,bbox,21.875,22.436,18.469,18.256,8.4174,0.9743,,0.0007,,-0.0305
2542,84.733,9.137,9.259,bbox,21.939,22.436,18.615,18.256,8.3993,1.0236,,,,
2543,84.767,,,,21.939,22.436,18.615,18.256,,,,,,
2544,84.8,8.956,9.237,bbox,21.939,22.436,18.615,18.256,8.3653,1.1142,,0.0522,,0.1485
2545,84.833,8.775,9.137,bbox,21.971,22.436,18.692,18.256,8.3436,1.1525,,,,
2546,84.867,8.592,8.956,bbox,22.005,22.436,18.783,18.256,8.3481,1.1898,,,,
2547,84.9,8.58,8.775,bbox,22.005,22.436,18.821,18.256,8.3306,1.24,,0.0619,,0.1545
2548,84.933,8.522,8.592,bbox,22.005,22.436,18.858,18.256,8.3038,1.2811,,,,
2549,84.967,,,,22.005,22.436,18.858,18.256,,,,,,
2550,85.0,,,,22.005,22.436,18.858,18.256,,,,,,
2551,85.033,,,,22.005,22.436,18.858,18.256,,,,,,
2552,85.067,8.149,8.58,bbox,22.04,22.436,18.908,18.256,8.2493,1.51,,,,
2553,85.1,,,,22.04,22.436,18.908,18.256,,,,,,
2554,85.133,,,,22.04,22.436,18.908,18.256,,,,,,
2555,85.167,,,,22.04,22.436,18.908,18.256,,,,,,
2556,85.2,,,,22.04,22.436,18.908,18.256,,,,,,
2557,85.233,,,,22.04,22.436,18.908,18.256,,,,,,
2558,85.267,,,,22.04,22.436,18.908,18.256,,,,,,
2559,85.3,,,,22.04,22.436,18.908,18.256,,,,,,
2560,85.333,,,,22.04,22.436,18.908,18.256,,,,,,
2561,85.367,,,,22.04,22.436,18.908,18.256,,,,,,
2562,85.4,,,,22.04,22.436,18.908,18.256,,,,,,
2563,85.433,,,,22.04,22.436,18.908,18.256,,,,,,
2564,85.467,,,,22.04,22.436,18.908,18.256,,,,,,
2565,85.5,,,,22.04,22.436,18.908,18.256,,,,,,
2566,85.533,,,,22.04,22.436,18.908,18.256,,,,,,
2567,85.567,,,,22.04,22.436,18.908,18.256,,,,,,
2568,85.6,,,,22.04,22.436,18.908,18.256,,,,,,
2569,85.633,,,,22.04,22.436,18.908,18.256,,,,,,
2570,85.667,,,,22.04,22.436,18.908,18.256,,,,,,
2571,85.7,6.939,8.522,bbox,22.04,22.436,18.949,18.256,8.1969,2.4722,,,,
2572,85.733,6.939,8.149,bbox,22.121,22.436,19.099,18.256,8.2294,2.5413,,,,
2573,85.767,,,,22.121,22.436,19.099,18.256,,,,,,
2574,85.8,7.62,7.62,bbox,22.121,22.436,19.099,18.256,8.3239,0.4582,,,,
2575,85.833,7.444,7.444,bbox,22.121,22.436,19.099,18.256,8.3717,0.492,,,,
2576,85.867,7.56,7.444,bbox,22.121,22.511,19.099,18.406,8.4161,0.5316,,,,
2577,85.9,6.754,7.444,pose,22.121,22.558,19.099,18.406,8.459,0.6541,0.488,0.0861,0.7577,0.3718
2578,85.933,,,,22.121,22.558,19.099,18.406,,,,,,
2579,85.967,,,,22.121,22.558,19.099,18.406,,,,,,
2580,86.0,6.98,7.444,bbox,22.121,22.603,19.099,18.406,8.5551,0.8106,0.4331,,0.7518,
2581,86.033,,,,22.121,22.603,19.099,18.406,,,,,,
2582,86.067,,,,22.121,22.603,19.099,18.406,,,,,,
2583,86.1,,,,22.121,22.603,19.099,18.406,,,,,,
2584,86.133,,,,22.121,22.603,19.099,18.406,,,,,,
2585,86.167,,,,22.121,22.603,19.099,18.406,,,,,,
2586,86.2,,,,22.121,22.603,19.099,18.406,,,,,,
2587,86.233,,,,22.121,22.603,19.099,18.406,,,,,,
2588,86.267,,,,22.121,22.603,19.099,18.406,,,,,,
2589,86.3,,,,22.121,22.603,19.099,18.406,,,,,,
2590,86.333,6.371,6.98,bbox,22.121,22.646,19.222,18.406,8.6137,1.3244,,,,
2591,86.367,6.463,6.754,bbox,22.121,22.742,19.372,18.406,8.6217,1.3196,,,,
2592,86.4,6.247,6.463,pose,22.121,22.786,19.522,18.406,8.599,1.3851,0.2628,0.0811,0.7265,0.8004
2593,86.433,6.417,6.417,bbox,22.121,22.786,19.522,18.406,8.6261,1.4726,,,,
2594,86.467,6.433,6.417,bbox,22.121,22.786,19.587,18.406,8.6035,1.4569,,,,
2595,86.5,5.748,6.417,pose,22.121,22.786,19.659,18.406,8.5837,1.5422,0.3515,0.7923,0.7492,0.7262
2596,86.533,6.254,6.254,bbox,22.121,22.786,19.659,18.406,8.559,1.556,,,,
2597,86.567,6.21,6.254,bbox,22.121,22.786,19.745,18.406,8.5226,1.5807,,,,
2598,86.6,5.637,6.21,pose,22.161,22.786,19.745,18.406,8.4339,1.6014,0.4593,0.6013,0.7551,0.6663
2599,86.633,6.077,6.077,bbox,22.197,22.786,19.783,18.406,8.4003,1.6636,,,,
2600,86.667,,,,22.197,22.786,19.783,18.406,,,,,,
2601,86.7,6.256,6.21,bbox,22.286,22.786,19.783,18.406,8.3532,1.7593,,0.0172,,0.7559
2602,86.733,6.209,6.209,bbox,22.32,22.786,19.866,18.406,8.3146,1.8419,,,,
2603,86.767,6.005,6.077,bbox,22.367,22.786,19.962,18.406,8.2946,1.8713,,,,
2604,86.8,5.925,6.077,bbox,22.405,22.786,20.044,18.406,8.263,1.9316,,0.1929,,0.7614
2605,86.833,5.779,6.005,bbox,22.405,22.786,20.044,18.406,8.2318,1.9938,,,,
2606,86.867,5.679,5.925,bbox,22.457,22.786,20.134,18.406,8.2152,2.0497,,,,
2607,86.9,5.627,5.779,bbox,22.488,22.786,20.196,18.406,8.1951,2.0885,,0.0054,,0.7688
2608,86.933,5.633,5.679,bbox,22.488,22.786,20.252,18.406,8.2127,2.1387,,,,
2609,86.967,5.612,5.633,bbox,22.488,22.786,20.291,18.406,8.2301,2.1851,,,,
2610,87.0,5.607,5.627,bbox,22.488,22.786,20.341,18.406,8.2132,2.23,,0.3524,,0.728
2611,87.033,5.529,5.612,bbox,22.488,22.786,20.387,18.406,8.1973,2.2799,,,,
2612,87.067,5.489,5.607,bbox,22.488,22.786,20.432,18.406,8.1841,2.3279,,,,
2613,87.1,4.635,5.529,pose,22.523,22.786,20.482,18.406,8.1809,2.3714,0.1128,0.5246,-0.6411,0.7007
2614,87.133,5.421,5.489,bbox,22.523,22.786,20.53,18.406,8.1775,2.4019,,,,
2615,87.167,5.412,5.421,bbox,22.523,22.786,20.574,18.406,8.1778,2.4136,,,,
2616,87.2,5.394,5.412,bbox,22.523,22.786,20.604,18.406,8.1798,2.4122,,0.6953,,0.6945
2617,87.233,5.41,5.41,bbox,22.523,22.786,20.604,18.406,8.1942,2.4583,,,,
2618,87.267,5.348,5.41,bbox,22.523,22.786,20.604,18.406,8.1985,2.4935,,,,
2619,87.3,5.35,5.394,bbox,22.523,22.786,20.661,18.406,8.2025,2.5128,,0.5627,,0.7295
2620,87.333,5.341,5.35,bbox,22.523,22.786,20.696,18.406,8.2091,2.5581,,,,
2621,87.367,5.295,5.348,bbox,22.523,22.786,20.696,18.406,8.2137,2.6108,,,,
2622,87.4,5.357,5.348,bbox,22.523,22.786,20.76,18.406,8.2251,2.6599,,0.2983,,0.7971
2623,87.433,5.286,5.341,bbox,22.523,22.786,20.813,18.406,8.2487,2.6959,,,,
2624,87.467,5.248,5.295,bbox,22.523,22.786,20.862,18.406,8.2583,2.7195,,,,
2625,87.5,5.195,5.286,bbox,22.523,22.837,20.898,18.406,8.2657,2.7921,,0.0415,,0.7559
2626,87.533,5.151,5.248,bbox,22.523,22.837,20.898,18.406,8.2813,2.804,,,,
2627,87.567,,,,22.523,22.837,20.898,18.406,,,,,,
2628,87.6,5.056,5.195,bbox,22.523,22.837,20.994,18.406,8.3272,2.935,,0.391,,0.7268
2629,87.633,5.002,5.151,bbox,22.523,22.87,20.994,18.406,8.3736,3.019,,,,
2630,87.667,4.98,5.056,bbox,22.523,22.916,21.137,18.406,8.4111,3.0623,,,,
2631,87.7,4.922,5.002,bbox,22.523,22.962,21.221,18.406,8.4266,3.0884,,0.7452,,0.7427
2632,87.733,4.9,4.98,bbox,22.523,22.999,21.265,18.406,8.4504,3.144,,,,
2633,87.767,,,,22.523,22.999,21.265,18.406,,,,,,
2634,87.8,5.093,4.98,bbox,22.523,22.999,21.265,18.406,8.4739,3.1908,,,,
2635,87.833,,,,22.523,22.999,21.265,18.406,,,,,,
2636,87.867,,,,22.523,22.999,21.265,18.406,,,,,,
2637,87.9,4.8,4.922,bbox,22.523,23.039,21.346,18.406,8.4619,4.47,,,,
2638,87.933,4.795,4.9,bbox,22.523,23.039,21.393,18.406,8.4623,4.4626,,,,
2639,87.967,4.776,4.8,bbox,22.523,23.039,21.543,18.406,8.4496,4.4637,,,,
2640,88.0,4.741,4.795,bbox,22.523,23.039,21.543,18.406,8.4351,4.4632,,,,
2641,88.033,4.688,4.776,bbox,22.523,23.039,21.543,18.406,8.4116,4.463,,,,
2642,88.067,4.662,4.741,bbox,22.523,23.039,21.543,18.406,8.3928,4.4639,,,,
2643,88.1,4.621,4.688,bbox,22.561,23.039,21.543,18.406,8.3802,4.4649,,,,
2644,88.133,4.586,4.662,bbox,22.561,23.039,21.543,18.406,8.345,4.4649,,,,
2645,88.167,4.598,4.621,bbox,22.593,23.039,21.543,18.406,8.3242,4.4628,,,,
2646,88.2,4.598,4.598,bbox,22.628,23.039,21.543,18.406,8.3029,4.4616,,0.242,,0.2073
2647,88.233,4.564,4.598,bbox,22.628,23.039,21.543,18.406,8.2728,4.4613,,,,
2648,88.267,4.541,4.586,bbox,22.67,23.039,21.543,18.406,8.2518,4.4571,,,,
2649,88.3,4.525,4.564,bbox,22.7,23.039,21.543,18.406,8.226,4.4551,,,,
2650,88.333,4.513,4.541,bbox,22.7,23.039,21.543,18.406,8.2216,4.4569,,,,
2651,88.367,4.455,4.525,bbox,22.747,23.039,21.543,18.406,8.1871,4.4585,,,,
2652,88.4,4.424,4.513,bbox,22.747,23.039,21.543,18.406,8.1659,4.458,,,,
2653,88.433,4.401,4.455,bbox,22.786,23.039,21.543,18.406,8.14,4.4598,,,,
2654,88.467,4.389,4.424,bbox,22.786,23.039,21.543,18.406,8.1236,4.4607,,,,
2655,88.5,4.385,4.401,bbox,22.833,23.039,21.543,18.406,8.1099,4.461,,,,
2656,88.533,4.362,4.389,bbox,22.833,23.039,21.543,18.406,8.0974,4.4618,,,,
2657,88.567,4.328,4.385,bbox,22.863,23.039,21.543,18.406,8.0759,4.4616,,,,
2658,88.6,4.298,4.362,bbox,22.863,23.039,21.543,18.406,8.0595,4.4632,,0.0175,,-0.029
2659,88.633,4.29,4.328,bbox,22.897,23.039,21.543,18.406,8.0418,4.4581,,,,
2660,88.667,4.259,4.298,bbox,22.897,23.039,21.543,18.406,8.0289,4.4638,,,,
2661,88.7,4.238,4.29,bbox,22.931,23.039,21.543,18.406,8.0209,4.4684,,,,
2662,88.733,4.23,4.259,bbox,22.931,23.039,21.543,18.406,8.0182,4.4688,,,,
2663,88.767,4.196,4.238,bbox,22.931,23.039,21.543,18.406,8.0162,4.4719,,,,
2664,88.8,4.184,4.23,bbox,22.931,23.039,21.543,18.406,8.0137,4.4756,,,,
2665,88.833,4.184,4.196,bbox,22.931,23.039,21.543,18.406,8.0078,4.4695,,,,
2666,88.867,4.173,4.184,bbox,22.931,23.039,21.543,18.406,8.0042,4.4767,,,,
2667,88.9,4.163,4.184,bbox,22.965,23.039,21.543,18.406,8.0005,4.4822,,,,
2668,88.933,4.124,4.173,bbox,22.965,23.039,21.543,18.406,7.9992,4.5104,,,,
2669,88.967,4.072,4.163,bbox,22.965,23.039,21.543,18.406,7.999,4.5464,,,,
2670,89.0,4.096,4.124,bbox,22.965,23.039,21.591,18.406,7.9995,4.5215,,,,
2671,89.033,4.138,4.124,bbox,22.965,23.039,21.591,18.406,7.9999,4.4716,,,,
2672,89.067,4.173,4.124,bbox,22.965,23.039,21.591,18.406,7.9998,4.4344,,,,
2673,89.1,4.12,4.12,bbox,22.965,23.039,21.591,18.445,7.9992,3.5839,,,,
2674,89.133,4.13,4.13,bbox,22.965,23.039,21.591,18.482,7.9984,3.5847,,,,
2675,89.167,4.128,4.13,bbox,22.965,23.039,21.591,18.632,7.9981,3.5869,,,,
2676,89.2,4.127,4.128,bbox,22.965,23.039,21.591,18.632,7.9971,3.5878,,,,
2677,89.233,4.127,4.127,bbox,22.965,23.039,21.591,18.632,7.9949,3.5886,,,,
2678,89.267,4.117,4.127,bbox,22.965,23.039,21.591,18.632,7.9918,3.5855,,,,
2679,89.3,4.113,4.127,bbox,22.965,23.039,21.591,18.632,7.9883,3.5851,,0.3865,,0.6508
2680,89.333,4.127,4.127,bbox,22.965,23.039,21.591,18.632,7.9798,3.5818,,,,
2681,89.367,4.163,4.127,bbox,22.965,23.039,21.591,18.632,7.9745,3.577,,,,
2682,89.4,4.162,4.127,bbox,22.965,23.039,21.591,18.632,7.9692,3.5754,,0.4511,,0.7377
2683,89.433,4.131,4.131,bbox,22.998,23.039,21.591,18.632,7.9613,3.5701,,,,
2684,89.467,4.145,4.145,bbox,22.998,23.039,21.591,18.632,7.954,3.5689,,,,
2685,89.5,4.112,4.145,bbox,22.998,23.039,21.591,18.632,7.9401,3.5771,,0.4973,,0.7327
2686,89.533,4.118,4.131,bbox,22.998,23.039,21.591,18.632,7.9387,3.583,,,,
2687,89.567,4.069,4.118,bbox,23.033,23.039,21.591,18.632,7.9351,3.5952,,,,
2688,89.6,4.075,4.112,bbox,23.033,23.039,21.591,18.632,7.9343,3.5968,,0.3796,,0.7358
2689,89.633,4.061,4.075,bbox,23.033,23.039,21.591,18.632,7.9202,3.6132,,,,
2690,89.667,4.055,4.069,bbox,23.033,23.039,21.591,18.632,7.91,3.6257,,,,
2691,89.7,,,,23.033,23.039,21.591,18.632,,,,,,
2692,89.733,,,,23.033,23.039,21.591,18.632,,,,,,
2693,89.767,4.09,4.069,bbox,23.033,23.039,21.591,18.632,7.8815,3.6731,,,,
2694,89.8,4.043,4.061,bbox,23.063,23.039,21.63,18.632,7.8729,3.7132,,0.4797,,0.6684
2695,89.833,4.028,4.055,bbox,23.063,23.039,21.677,18.632,7.8586,3.7361,,,,
2696,89.867,4.02,4.043,bbox,23.1,23.039,21.717,18.632,7.8668,3.7548,,,,
2697,89.9,3.103,4.028,pose,23.1,23.039,21.717,18.632,7.8652,3.7599,0.2622,0.0095,0.4168,-0.0011
2698,89.933,3.996,4.02,bbox,23.1,23.039,21.759,18.632,7.8403,3.7919,,,,
2699,89.967,3.893,3.996,bbox,23.1,23.039,21.759,18.632,7.7784,3.8369,,,,
2700,90.0,3.476,3.893,pose,23.133,23.039,21.796,18.632,7.7231,3.8461,0.0148,0.9988,-0.1617,0.6005
2701,90.033,3.754,3.754,bbox,23.195,23.039,21.841,18.632,7.6733,3.8611,,,,
2702,90.067,3.623,3.754,bbox,23.25,23.039,21.841,18.632,7.5996,3.861,,,,
2703,90.1,3.602,3.623,bbox,23.3,23.039,21.841,18.632,7.5696,3.8667,,0.16,,0.8709
2704,90.133,3.562,3.602,bbox,23.373,23.039,21.841,18.632,7.5389,3.861,,,,
2705,90.167,3.568,3.602,bbox,23.403,23.039,21.841,18.632,7.5268,3.8362,,,,
2706,90.2,3.548,3.568,bbox,23.434,23.039,21.841,18.632,7.5214,3.8498,,0.0419,,-0.325
2707,90.233,3.529,3.562,bbox,23.434,23.039,21.841,18.632,7.5145,3.88,,,,
2708,90.267,3.495,3.548,bbox,23.434,23.039,21.841,18.632,7.4892,3.8907,,,,
2709,90.3,3.461,3.529,bbox,23.434,23.039,21.884,18.632,7.4715,3.9016,,0.7292,,0.6233
2710,90.333,3.409,3.495,bbox,23.484,23.039,21.884,18.632,7.43,3.9212,,,,
2711,90.367,3.401,3.461,bbox,23.484,23.039,21.884,18.632,7.4115,3.9395,,,,
2712,90.4,3.346,3.409,bbox,23.543,23.039,21.925,18.632,7.3656,3.9468,0.8454,,0.7457,
2713,90.433,3.269,3.401,bbox,23.543,23.039,21.925,18.632,7.2965,3.955,,,,
2714,90.467,3.224,3.346,bbox,23.607,23.039,21.925,18.632,7.2607,3.955,,,,
2715,90.5,3.146,3.269,bbox,23.677,23.039,21.959,18.632,7.2086,3.9591,,0.9695,,0.6723
2716,90.533,3.124,3.224,bbox,23.712,23.039,21.959,18.632,7.1853,3.95,,,,
2717,90.567,3.122,3.146,bbox,23.764,23.039,21.959,18.632,7.1627,3.9538,,,,
2718,90.6,3.111,3.124,bbox,23.764,23.039,21.959,18.632,7.1492,3.9575,,0.9073,,0.6682
2719,90.633,3.108,3.122,bbox,23.81,23.039,21.959,18.632,7.1524,3.9596,,,,
2720,90.667,3.074,3.111,bbox,23.81,23.039,21.959,18.632,7.1612,3.9651,,,,
2721,90.7,2.615,3.108,pose,23.81,23.039,21.959,18.632,7.1604,3.9641,0.5508,0.8632,0.7418,0.6609
2722,90.733,3.072,3.074,bbox,23.81,23.039,21.959,18.632,7.1675,3.9625,,,,
2723,90.767,3.088,3.074,bbox,23.81,23.039,21.959,18.632,7.1745,3.9659,,,,
2724,90.8,2.719,3.072,pose,23.81,23.039,21.959,18.632,7.1796,3.9619,0.5615,0.8302,0.7733,0.649
2725,90.833,3.137,3.072,bbox,23.81,23.039,21.959,18.632,7.1828,3.961,,,,
2726,90.867,3.166,3.088,bbox,23.81,23.039,21.959,18.632,7.1748,3.9624,,,,
2727,90.9,3.158,3.137,bbox,23.81,23.039,21.959,18.632,7.1717,3.9664,,0.4122,,0.6892
2728,90.933,3.142,3.142,bbox,23.81,23.039,21.959,18.632,7.1639,3.9626,,,,
2729,90.967,3.131,3.142,bbox,23.81,23.039,21.959,18.632,7.1482,3.9598,,,,
2730,91.0,3.091,3.142,bbox,23.81,23.039,21.959,18.632,7.1329,3.9661,,0.8755,,0.681
2731,91.033,3.05,3.131,bbox,23.81,23.039,21.959,18.632,7.1219,3.965,,,,
2732,91.067,3.022,3.091,bbox,23.81,23.039,21.959,18.632,7.1034,3.9686,,,,
2733,91.1,2.489,3.05,pose,23.851,23.039,21.959,18.632,7.0872,3.9845,0.7176,0.7721,0.6569,0.6909
2734,91.133,2.951,3.022,bbox,23.851,23.039,21.959,18.632,7.0652,3.9888,,,,
2735,91.167,2.936,2.951,bbox,23.886,23.039,21.959,18.632,7.0368,3.9956,,,,
2736,91.2,2.925,2.936,bbox,23.886,23.039,21.993,18.632,7.0114,3.9983,,0.6077,,0.6468
2737,91.233,2.94,2.936,bbox,23.936,23.039,21.993,18.632,6.9809,4.0053,,,,
2738,91.267,2.95,2.94,bbox,23.936,23.039,21.993,18.632,6.9722,4.0052,,,,
2739,91.3,2.938,2.938,bbox,23.992,23.039,21.993,18.632,6.9532,4.0075,,0.797,,0.6097
2740,91.333,2.899,2.938,bbox,23.992,23.039,21.993,18.632,6.9561,4.0102,,,,
2741,91.367,2.869,2.938,bbox,23.992,23.039,21.993,18.632,6.9282,4.0117,,,,
2742,91.4,2.816,2.899,bbox,23.992,23.039,21.993,18.632,6.8969,4.0136,,0.602,,0.7192
2743,91.433,2.775,2.869,bbox,24.045,23.039,21.993,18.632,6.8642,4.0165,,,,
2744,91.467,2.738,2.816,bbox,24.076,23.039,21.993,18.632,6.8358,4.0182,,,,
2745,91.5,5.74,2.816,pose,24.109,23.039,21.993,18.632,6.7867,4.0187,0.608,0.121,-2.2292,0.7349
2746,91.533,2.672,2.775,bbox,24.109,23.039,21.993,18.632,6.7742,4.023,,,,
2747,91.567,2.7,2.738,bbox,24.186,23.039,21.993,18.632,6.7814,4.0244,,,,
2748,91.6,2.735,2.735,bbox,24.186,23.039,22.026,18.632,6.7939,4.022,,0.7802,,0.7018
2749,91.633,2.758,2.735,bbox,24.186,23.039,22.026,18.632,6.8036,4.0176,,,,
2750,91.667,2.768,2.735,bbox,24.186,23.039,22.026,18.632,6.827,4.0182,,,,
2751,91.7,2.806,2.758,bbox,24.186,23.039,22.026,18.632,6.8626,4.019,,0.8546,,0.6611
2752,91.733,2.824,2.768,bbox,24.186,23.079,22.026,18.632,6.8834,4.0179,,,,
2753,91.767,2.919,2.806,bbox,24.186,23.115,22.026,18.632,6.9753,4.0205,,,,
2754,91.8,2.927,2.824,bbox,24.186,23.115,22.026,18.632,7.0206,4.0195,,0.0139,,0.686
2755,91.833,2.977,2.919,bbox,24.186,23.227,22.026,18.632,7.0928,4.0238,,,,
2756,91.867,3.039,2.927,bbox,24.186,23.273,22.026,18.632,7.1332,4.035,,,,
2757,91.9,2.789,2.927,pose,24.186,23.345,22.026,18.632,7.1667,4.0391,0.0255,0.7622,-0.5459,0.7366
2758,91.933,3.109,2.977,bbox,24.186,23.385,22.026,18.632,7.197,4.0389,,,,
2759,91.967,3.129,3.039,bbox,24.186,23.419,22.026,18.632,7.2176,4.0436,,,,
2760,92.0,3.121,3.109,bbox,24.186,23.449,22.026,18.632,7.224,4.0478,,0.7267,,0.7335
2761,92.033,3.13,3.121,bbox,24.186,23.449,22.026,18.632,7.2576,4.0473,,,,
2762,92.067,3.149,3.129,bbox,24.186,23.449,22.026,18.632,7.2812,4.0426,,,,
2763,92.1,3.138,3.13,bbox,24.186,23.51,22.026,18.632,7.3133,4.046,,0.1906,,0.6648
2764,92.133,3.188,3.138,bbox,24.186,23.51,22.026,18.632,7.3448,4.0501,,,,
2765,92.167,3.198,3.149,bbox,24.186,23.565,22.026,18.632,7.3605,4.0498,,,,
2766,92.2,3.213,3.188,bbox,24.186,23.597,22.026,18.632,7.3789,4.0493,,0.6167,,0.6798
2767,92.233,3.233,3.198,bbox,24.186,23.597,22.026,18.632,7.4061,4.0493,,,,
2768,92.267,3.245,3.213,bbox,24.186,23.631,22.026,18.632,7.4113,4.0554,,,,
2769,92.3,3.239,3.233,bbox,24.186,23.631,22.026,18.632,7.4163,4.0561,,0.7326,,0.6765
2770,92.333,3.218,3.233,bbox,24.186,23.663,22.059,18.632,7.4155,4.0568,,,,
2771,92.367,3.204,3.233,bbox,24.186,23.663,22.059,18.632,7.4109,4.0597,,,,
2772,92.4,3.187,3.218,bbox,24.186,23.663,22.059,18.632,7.4092,4.0627,,0.7265,,0.6934
2773,92.433,3.18,3.204,bbox,24.186,23.663,22.059,18.632,7.3901,4.0681,,,,
2774,92.467,3.153,3.187,bbox,24.186,23.663,22.059,18.632,7.3622,4.0676,,,,
2775,92.5,3.183,3.183,bbox,24.186,23.663,22.059,18.632,7.3504,4.0566,,0.6001,,0.6656
2776,92.533,3.181,3.181,bbox,24.235,23.663,22.059,18.632,7.3267,4.0523,,,,
2777,92.567,3.137,3.18,bbox,24.235,23.663,22.059,18.632,7.3077,4.0576,,,,
2778,92.6,3.111,3.153,bbox,24.271,23.663,22.059,18.632,7.2793,4.0679,,0.7704,,0.6742
2779,92.633,3.127,3.137,bbox,24.271,23.663,22.059,18.632,7.269,4.0898,,,,
2780,92.667,3.104,3.127,bbox,24.318,23.663,22.059,18.632,7.25,4.1098,,,,
2781,92.7,3.084,3.111,bbox,24.318,23.663,22.094,18.632,7.2493,4.1282,,0.7271,,0.7247
2782,92.733,3.029,3.104,bbox,24.318,23.663,22.094,18.632,7.2433,4.1536,,,,
2783,92.767,3.0,3.084,bbox,24.348,23.663,22.132,18.632,7.2413,4.1746,,,,
2784,92.8,2.969,3.029,bbox,24.348,23.663,22.132,18.632,7.2374,4.1836,,0.609,,0.7391
2785,92.833,2.919,3.0,bbox,24.348,23.663,22.179,18.632,7.2168,4.198,,,,
2786,92.867,2.879,2.969,bbox,24.348,23.663,22.179,18.632,7.1821,4.203,,,,
2787,92.9,2.612,2.919,pose,24.381,23.663,22.179,18.632,7.157,4.2116,0.3093,0.1446,0.6423,0.4721
2788,92.933,2.826,2.879,bbox,24.415,23.663,22.179,18.632,7.0817,4.2197,,,,
2789,92.967,2.815,2.826,bbox,24.415,23.663,22.216,18.632,7.0439,4.2215,,,,
2790,93.0,2.858,2.826,bbox,24.516,23.663,22.216,18.632,7.017,4.2348,,,,
2791,93.033,2.855,2.826,bbox,24.554,23.663,22.216,18.632,7.0021,4.2454,,,,
2792,93.067,2.864,2.855,bbox,24.554,23.663,22.216,18.632,7.0152,4.2447,,,,
2793,93.1,2.866,2.858,bbox,24.554,23.663,22.249,18.632,7.0108,4.2507,,,,
2794,93.133,2.87,2.864,bbox,24.554,23.663,22.249,18.632,7.0274,4.2563,,,,
2795,93.167,2.854,2.864,bbox,24.554,23.663,22.249,18.632,7.0537,4.275,,,,
2796,93.2,2.877,2.866,bbox,24.554,23.663,22.249,18.632,7.0929,4.2785,0.2563,,0.579,
2797,93.233,2.895,2.87,bbox,24.554,23.663,22.279,18.632,7.1421,4.2929,,,,
2798,93.267,2.927,2.877,bbox,24.554,23.712,22.279,18.632,7.2002,4.295,,,,
2799,93.3,2.919,2.895,bbox,24.554,23.762,22.279,18.632,7.2335,4.3098,,0.1313,,0.6572
2800,93.333,2.92,2.919,bbox,24.554,23.82,22.279,18.632,7.2579,4.3323,,,,
2801,93.367,2.907,2.919,bbox,24.554,23.853,22.314,18.632,7.2606,4.3554,,,,
2802,93.4,2.917,2.919,bbox,24.554,23.853,22.314,18.632,7.2698,4.3765,,,,
2803,93.433,2.906,2.917,bbox,24.554,23.853,22.36,18.632,7.2721,4.4084,,,,
2804,93.467,2.883,2.907,bbox,24.554,23.887,22.36,18.632,7.2672,4.4292,,,,
2805,93.5,2.875,2.906,bbox,24.554,23.887,22.413,18.632,7.2662,4.4337,0.1311,,0.2379,
2806,93.533,2.851,2.883,bbox,24.554,23.887,22.413,18.632,7.2647,4.4413,,,,
2807,93.567,2.819,2.875,bbox,24.554,23.887,22.413,18.632,7.2452,4.4457,,,,
2808,93.6,2.763,2.851,bbox,24.554,23.887,22.445,18.632,7.1998,4.4501,,0.1973,,0.5199
2809,93.633,2.694,2.819,bbox,24.554,23.887,22.445,18.632,7.1521,4.4621,,,,
2810,93.667,2.671,2.763,bbox,24.621,23.887,22.445,18.632,7.1186,4.4635,,,,
2811,93.7,2.68,2.694,bbox,24.669,23.887,22.445,18.632,7.1154,4.4627,,,,
2812,93.733,2.628,2.68,bbox,24.702,23.887,22.445,18.632,7.0672,4.4726,,,,
2813,93.767,,,,24.702,23.887,22.445,18.632,,,,,,
2814,93.8,,,,24.702,23.887,22.445,18.632,,,,,,
2815,93.833,2.547,2.671,bbox,24.702,23.887,22.445,18.632,7.0101,4.4862,,,,
2816,93.867,2.545,2.628,bbox,24.754,23.887,22.477,18.632,7.0251,4.4839,,,,
2817,93.9,2.566,2.566,bbox,24.754,23.887,22.477,18.632,7.0441,4.484,,,,
2818,93.933,2.628,2.566,bbox,24.754,23.887,22.477,18.632,7.107,4.4802,,,,
2819,93.967,2.654,2.566,bbox,24.754,23.887,22.477,18.632,7.1424,4.4719,,,,
2820,94.0,2.711,2.628,bbox,24.754,23.927,22.477,18.632,7.2034,4.4735,0.2172,,0.495,
2821,94.033,2.791,2.654,bbox,24.754,23.962,22.477,18.632,7.2761,4.4634,,,,
2822,94.067,2.848,2.711,bbox,24.754,24.023,22.477,18.632,7.3355,4.468,,,,
2823,94.1,2.926,2.791,bbox,24.754,24.096,22.477,18.632,7.3951,4.4582,0.3663,,0.8745,
2824,94.133,2.955,2.848,bbox,24.754,24.155,22.477,18.632,7.43,4.4787,,,,
2825,94.167,2.997,2.926,bbox,24.754,24.215,22.477,18.632,7.4704,4.4714,,,,
2826,94.2,3.026,2.955,bbox,24.754,24.249,22.477,18.632,7.4773,4.4603,,,,
2827,94.233,3.018,2.997,bbox,24.754,24.29,22.477,18.632,7.4901,4.4585,,,,
2828,94.267,3.01,3.01,bbox,24.754,24.29,22.477,18.632,7.5141,4.4578,,,,
2829,94.3,3.037,3.018,bbox,24.754,24.29,22.477,18.632,7.5433,4.4434,,,,
2830,94.333,3.059,3.026,bbox,24.754,24.334,22.477,18.632,7.5697,4.4452,,,,
2831,94.367,3.114,3.037,bbox,24.754,24.334,22.477,18.632,7.6296,4.4562,,,,
2832,94.4,,,,24.754,24.334,22.477,18.632,,,,,,
2833,94.433,2.8,3.037,bbox,24.754,24.389,22.477,18.632,7.722,4.8834,,,,
2834,94.467,2.698,3.037,bbox,24.754,24.449,22.477,18.632,7.7542,5.0483,,,,
2835,94.5,2.991,2.991,pose,24.754,24.542,22.61,18.632,7.7745,5.0647,0.0859,0.778,1.259,0.649
2836,94.533,2.748,2.8,bbox,24.754,24.574,22.76,18.632,7.7933,5.0577,,,,
2837,94.567,2.808,2.8,bbox,24.754,24.574,22.76,18.632,7.7696,4.9537,,,,
2838,94.6,,,,24.754,24.574,22.76,18.632,,,,,,
2839,94.633,,,,24.754,24.574,22.76,18.632,,,,,,
2840,94.667,,,,24.754,24.574,22.76,18.632,,,,,,
2841,94.7,,,,24.754,24.574,22.76,18.632,,,,,,
2842,94.733,,,,24.754,24.574,22.76,18.632,,,,,,
2843,94.767,,,,24.754,24.574,22.76,18.632,,,,,,
2844,94.8,,,,24.754,24.574,22.76,18.632,,,,,,
2845,94.833,,,,24.754,24.574,22.76,18.632,,,,,,
2846,94.867,3.013,2.808,bbox,24.754,24.574,22.76,18.632,7.6005,4.5625,,,,
2847,94.9,3.025,2.991,bbox,24.754,24.574,22.76,18.727,7.5828,4.5511,0.5847,,0.566,
2848,94.933,2.732,2.808,bbox,24.888,24.574,22.76,18.81,7.5756,4.8706,,,,
2849,94.967,2.941,2.941,bbox,24.888,24.574,22.76,18.96,7.5577,4.6893,,,,
2850,95.0,2.992,2.992,bbox,24.888,24.574,22.76,19.018,7.5449,4.6307,,,,
2851,95.033,2.964,2.964,bbox,24.931,24.574,22.76,19.018,7.5399,4.6304,,,,
2852,95.067,2.937,2.941,bbox,24.931,24.574,22.76,19.018,7.5366,4.6399,,,,
2853,95.1,2.863,2.941,bbox,24.931,24.574,22.76,19.018,7.5223,4.6397,,,,
2854,95.133,2.813,2.937,bbox,24.931,24.574,22.76,19.018,7.5004,4.6485,,,,
2855,95.167,2.795,2.863,bbox,24.967,24.574,22.76,19.018,7.4837,4.6517,,,,
2856,95.2,2.763,2.813,bbox,24.967,24.574,22.76,19.018,7.4532,4.6624,,0.0225,,0.685
2857,95.233,2.737,2.795,bbox,25.005,24.574,22.76,19.018,7.4422,4.6695,,,,
2858,95.267,2.71,2.763,bbox,25.036,24.574,22.792,19.018,7.4272,4.6786,,,,
2859,95.3,2.681,2.737,bbox,25.036,24.574,22.792,19.018,7.4248,4.6995,,0.8355,,0.7433
2860,95.333,2.661,2.71,bbox,25.036,24.574,22.792,19.018,7.4386,4.7167,,,,
2861,95.367,,,,25.036,24.574,22.792,19.018,,,,,,
2862,95.4,2.714,2.71,bbox,25.036,24.574,22.829,19.018,7.4736,4.7139,,0.4846,,0.7152
2863,95.433,2.767,2.71,bbox,25.036,24.574,22.829,19.018,7.5085,4.7156,,,,
2864,95.467,2.816,2.714,bbox,25.036,24.574,22.829,19.018,7.5349,4.712,,,,
2865,95.5,2.891,2.767,bbox,25.036,24.629,22.829,19.018,7.5813,4.6982,,0.1484,,0.4109
2866,95.533,,,,25.036,24.629,22.829,19.018,,,,,,
2867,95.567,,,,25.036,24.629,22.829,19.018,,,,,,
2868,95.6,3.073,2.816,bbox,25.036,24.629,22.829,19.018,7.7336,4.6249,,0.8133,,0.7013
2869,95.633,3.178,2.891,bbox,25.036,24.702,22.829,19.018,7.7469,4.6073,,,,
2870,95.667,3.214,3.073,bbox,25.036,24.852,22.829,19.093,7.7829,4.5785,,,,
2871,95.7,3.205,3.178,bbox,25.036,24.852,22.829,19.093,7.814,4.5735,,0.1875,,-0.7891
2872,95.733,3.227,3.205,bbox,25.036,24.901,22.829,19.139,7.8396,4.5605,,,,
2873,95.767,3.25,3.214,bbox,25.036,24.932,22.829,19.139,7.8726,4.5553,,,,
2874,95.8,3.299,3.227,bbox,25.036,24.932,22.829,19.139,7.9069,4.5388,,0.2852,,0.7345
2875,95.833,3.353,3.25,bbox,25.036,24.991,22.829,19.139,7.9551,4.5294,,,,
2876,95.867,3.42,3.299,bbox,25.036,25.025,22.829,19.179,8.0178,4.5241,,,,
2877,95.9,,,,25.036,25.025,22.829,19.179,,,,,,
2878,95.933,,,,25.036,25.025,22.829,19.179,,,,,,
2879,95.967,3.409,3.353,bbox,25.036,25.025,22.829,19.179,7.9298,4.4967,,,,
2880,96.0,3.79,3.409,pose,25.036,25.073,22.829,19.179,8.1129,4.5022,0.0389,0.1434,0.6351,0.6909
2881,96.033,3.594,3.42,bbox,25.036,25.136,22.829,19.179,8.1488,4.5123,,,,
2882,96.067,3.568,3.568,bbox,25.036,25.231,22.829,19.179,8.1528,4.5152,,,,
2883,96.1,3.641,3.594,pose,25.036,25.267,22.829,19.179,8.1708,4.5126,0.1444,0.4827,1.169,0.6958
2884,96.133,3.543,3.594,bbox,25.036,25.267,22.829,19.179,8.16,4.5176,,,,
2885,96.167,3.536,3.568,bbox,25.036,25.267,22.829,19.179,8.1571,4.5268,,,,
2886,96.2,3.273,3.543,bbox,25.036,25.267,22.829,19.179,7.9627,4.5502,,0.7466,,0.7008
2887,96.233,3.368,3.536,bbox,25.036,25.267,22.829,19.179,8.0758,4.5867,,,,
2888,96.267,3.346,3.368,bbox,25.109,25.267,22.829,19.179,8.042,4.5889,,,,
2889,96.3,3.321,3.346,bbox,25.142,25.267,22.877,19.179,7.9881,4.5888,,0.9572,,0.6258
2890,96.333,3.32,3.321,bbox,25.196,25.267,22.877,19.179,7.9715,4.6374,,,,
2891,96.367,3.372,3.346,bbox,25.196,25.267,22.877,19.179,7.9574,4.6258,,,,
2892,96.4,3.071,3.321,pose,25.196,25.267,22.916,19.179,7.9366,4.6272,0.0866,1.0273,1.1788,0.6081
2893,96.433,3.375,3.321,bbox,25.227,25.267,22.916,19.179,7.9189,4.6204,,,,
2894,96.467,3.348,3.348,bbox,25.227,25.267,22.916,19.179,7.9233,4.6268,,,,
2895,96.5,2.857,3.348,pose,25.261,25.267,22.916,19.179,7.9039,4.6445,0.0214,0.8809,0.1364,0.6242
2896,96.533,3.167,3.167,bbox,25.261,25.267,22.916,19.179,7.8865,4.6665,,,,
2897,96.567,3.103,3.167,bbox,25.261,25.267,22.916,19.179,7.8681,4.681,,,,
2898,96.6,2.998,3.103,bbox,25.298,25.267,22.957,19.179,7.8598,4.751,0.825,,0.7021,
2899,96.633,2.93,2.998,bbox,25.298,25.267,22.957,19.179,7.8088,4.7794,,,,
2900,96.667,2.566,2.998,bbox,25.298,25.267,23.041,19.179,7.7764,5.1058,,,,
2901,96.7,2.798,2.93,bbox,25.376,25.267,23.041,19.179,7.7624,4.8865,,0.8594,,0.7271
2902,96.733,2.885,2.885,bbox,25.408,25.267,23.106,19.179,7.7625,4.8163,,,,
2903,96.767,2.897,2.885,bbox,25.408,25.267,23.106,19.179,7.7476,4.8134,,,,
2904,96.8,2.902,2.885,bbox,25.408,25.267,23.106,19.179,7.7402,4.8206,,0.9099,,0.6688
2905,96.833,2.892,2.892,bbox,25.408,25.267,23.106,19.179,7.7384,4.8308,,,,
2906,96.867,2.868,2.892,bbox,25.408,25.267,23.106,19.179,7.752,4.8491,,,,
2907,96.9,2.855,2.892,bbox,25.408,25.267,23.106,19.179,7.7674,4.8467,,0.8592,,0.654
2908,96.933,2.844,2.868,bbox,25.408,25.267,23.137,19.179,7.7818,4.8479,,,,
2909,96.967,2.876,2.868,bbox,25.408,25.267,23.137,19.179,7.8295,4.8577,,,,
2910,97.0,2.897,2.868,bbox,25.408,25.267,23.137,19.179,7.855,4.8672,,0.8655,,0.7386
2911,97.033,2.907,2.876,bbox,25.408,25.32,23.137,19.179,7.8753,4.8786,,,,
2912,97.067,2.888,2.888,bbox,25.408,25.32,23.137,19.179,7.8561,4.8817,,,,
2913,97.1,2.894,2.894,bbox,25.408,25.32,23.137,19.179,7.84,4.8742,,0.8121,,0.7175
2914,97.133,2.911,2.897,bbox,25.408,25.32,23.137,19.179,7.8283,4.8748,,,,
2915,97.167,2.91,2.907,bbox,25.408,25.32,23.137,19.179,7.8165,4.8748,,,,
2916,97.2,2.872,2.894,bbox,25.408,25.32,23.137,19.179,7.8089,4.8896,,0.7584,,0.6395
2917,97.233,2.763,2.894,bbox,25.408,25.32,23.137,19.179,7.7861,4.98,,,,
2918,97.267,2.809,2.872,bbox,25.408,25.32,23.179,19.179,7.7451,4.8885,,,,
2919,97.3,2.799,2.809,bbox,25.451,25.32,23.179,19.179,7.7172,4.8648,,0.7378,,0.6475
2920,97.333,2.777,2.799,bbox,25.492,25.32,23.179,19.179,7.6719,4.832,,,,
2921,97.367,2.736,2.777,bbox,25.492,25.32,23.179,19.179,7.6053,4.792,,,,
2922,97.4,2.799,2.799,bbox,25.566,25.32,23.179,19.235,7.5618,4.7057,,0.4564,,0.7345
2923,97.433,2.822,2.799,bbox,25.632,25.32,23.179,19.275,7.542,4.6738,,,,
2924,97.467,,,,25.632,25.32,23.179,19.275,,,,,,
2925,97.5,2.872,2.799,bbox,25.676,25.32,23.179,19.362,7.5337,4.6317,,0.7674,,0.7221
2926,97.533,2.922,2.822,bbox,25.676,25.32,23.179,19.394,7.5312,4.6038,,,,
2927,97.567,2.979,2.872,bbox,25.676,25.32,23.179,19.436,7.5261,4.5558,,,,
2928,97.6,3.02,2.922,bbox,25.706,25.32,23.179,19.436,7.5284,4.541,,0.8131,,0.6848
2929,97.633,3.02,2.979,bbox,25.706,25.32,23.179,19.512,7.5133,4.5367,,,,
2930,97.667,3.014,3.014,bbox,25.706,25.32,23.179,19.512,7.512,4.5284,,,,
2931,97.7,3.018,3.018,bbox,25.706,25.32,23.179,19.512,7.5127,4.5301,,0.8323,,0.6425
2932,97.733,2.989,3.018,bbox,25.706,25.32,23.179,19.512,7.4946,4.4902,,,,
2933,97.767,2.925,3.014,bbox,25.706,25.32,23.179,19.512,7.4472,4.4687,,,,
2934,97.8,2.864,2.989,bbox,25.743,25.32,23.179,19.577,7.374,4.4337,,0.7308,,0.6992
2935,97.833,2.833,2.925,bbox,25.79,25.32,23.179,19.577,7.2923,4.3862,,,,
2936,97.867,2.826,2.864,bbox,25.864,25.32,23.179,19.634,7.2415,4.3172,,,,
2937,97.9,2.026,2.833,pose,25.945,25.32,23.179,19.681,7.2072,4.2013,0.107,0.3201,-0.6973,0.8207
2938,97.933,2.854,2.833,bbox,25.996,25.32,23.179,19.75,7.1806,4.1343,,,,
2939,97.967,2.938,2.833,bbox,26.03,25.32,23.179,19.866,7.1638,4.0236,,,,
2940,98.0,,,,26.03,25.32,23.179,19.866,,,,,,
2941,98.033,2.989,2.854,bbox,26.03,25.32,23.179,19.933,7.1051,3.9711,,,,
2942,98.067,3.052,2.938,bbox,26.074,25.32,23.179,20.044,7.074,3.9133,,,,
2943,98.1,3.096,2.989,bbox,26.132,25.32,23.179,20.096,7.0438,3.8634,,0.2152,,0.7589
2944,98.133,3.241,3.052,bbox,26.164,25.32,23.179,20.154,7.0275,3.7868,,,,
2945,98.167,3.282,3.096,bbox,26.194,25.32,23.179,20.204,7.0033,3.7139,,,,
2946,98.2,,,,26.194,25.32,23.179,20.204,,,,,,
2947,98.233,3.281,3.241,bbox,26.194,25.32,23.179,20.281,6.9245,3.6036,,,,
2948,98.267,3.187,3.241,bbox,26.234,25.32,23.179,20.354,6.8577,3.5565,,,,
2949,98.3,,,,26.234,25.32,23.179,20.354,,,,,,
2950,98.333,,,,26.234,25.32,23.179,20.354,,,,,,
2951,98.367,3.073,3.241,bbox,26.313,25.32,23.179,20.464,6.6429,3.4581,,,,
2952,98.4,,,,26.313,25.32,23.179,20.464,,,,,,
2953,98.433,2.982,3.187,bbox,26.38,25.32,23.179,20.511,6.5334,3.3986,,,,
2954,98.467,3.024,3.073,bbox,26.53,25.32,23.179,20.609,6.5061,3.3706,,,,
2955,98.5,3.013,3.024,bbox,26.639,25.32,23.179,20.669,6.4487,3.3551,,0.781,,0.6831
2956,98.533,,,,26.639,25.32,23.179,20.669,,,,,,
2957,98.567,,,,26.639,25.32,23.179,20.669,,,,,,
2958,98.6,2.998,3.013,bbox,26.639,25.32,23.179,20.669,6.3334,3.3693,,0.8621,,0.6256
2959,98.633,3.056,3.013,bbox,26.724,25.32,23.179,20.669,6.3073,3.2808,,,,
2960,98.667,3.025,3.024,bbox,26.839,25.32,23.179,20.712,6.3125,3.2555,,,,
2961,98.7,2.974,3.013,bbox,26.839,25.32,23.179,20.787,6.2776,3.24,,0.8359,,0.6728
2962,98.733,2.939,2.998,bbox,26.839,25.32,23.179,20.787,6.2313,3.228,,,,
2963,98.767,2.884,2.974,bbox,26.895,25.32,23.179,20.827,6.1878,3.2164,,,,
2964,98.8,,,,26.895,25.32,23.179,20.827,,,,,,
2965,98.833,2.697,2.939,bbox,26.941,25.32,23.179,20.827,6.0388,3.1915,,,,
2966,98.867,2.569,2.884,bbox,26.985,25.32,23.179,20.827,5.9572,3.1839,,,,
2967,98.9,2.529,2.697,pose,27.134,25.32,23.179,20.876,5.9046,3.1702,0.4695,0.4323,0.7391,0.7558
2968,98.933,2.525,2.569,bbox,27.216,25.32,23.179,20.876,5.875,3.1616,,,,
2969,98.967,2.649,2.569,bbox,27.268,25.32,23.179,20.876,5.8417,3.1536,,,,
2970,99.0,2.646,2.569,bbox,27.268,25.32,23.179,20.876,5.824,3.1553,0.5423,,0.7345,
2971,99.033,2.567,2.567,bbox,27.331,25.32,23.179,20.876,5.7946,3.1712,,,,
2972,99.067,2.415,2.567,bbox,27.331,25.32,23.179,20.876,5.769,3.1946,,,,
2973,99.1,2.438,2.567,bbox,27.378,25.32,23.179,20.876,5.7521,3.2115,,0.2095,,0.6592
2974,99.133,2.416,2.438,bbox,27.378,25.32,23.179,20.876,5.725,3.2233,,,,
2975,99.167,2.413,2.416,bbox,27.421,25.32,23.179,20.876,5.7019,3.2192,,,,
2976,99.2,2.531,2.416,bbox,27.421,25.32,23.179,20.876,5.6932,3.2143,,,,
2977,99.233,2.408,2.416,bbox,27.471,25.32,23.179,20.876,5.6667,3.1925,,,,
2978,99.267,2.293,2.413,bbox,27.471,25.32,23.179,20.876,5.6495,3.153,,,,
2979,99.3,2.125,2.408,pose,27.506,25.32,23.179,20.876,5.6347,3.1296,0.0906,0.9446,0.684,0.5652
2980,99.333,2.35,2.35,bbox,27.506,25.32,23.179,20.914,5.618,3.1106,,,,
2981,99.367,2.416,2.35,bbox,27.538,25.32,23.179,20.914,5.6184,3.103,,,,
2982,99.4,2.462,2.35,bbox,27.538,25.32,23.179,20.957,5.6263,3.1031,,0.5629,,0.4697
2983,99.433,2.511,2.416,bbox,27.538,25.32,23.179,20.957,5.6349,3.1114,,,,
2984,99.467,2.506,2.462,bbox,27.538,25.32,23.179,20.957,5.6707,3.1101,,,,
2985,99.5,2.726,2.506,pose,27.538,25.32,23.179,20.957,5.7133,3.119,0.7056,0.003,0.7314,-0.1593
2986,99.533,2.631,2.511,bbox,27.538,25.356,23.179,20.957,5.7792,3.1189,,,,
2987,99.567,2.718,2.631,bbox,27.538,25.399,23.179,20.957,5.8452,3.1121,,,,
2988,99.6,2.768,2.718,bbox,27.538,25.465,23.179,20.957,5.89,3.105,,0.0836,,1.4944
2989,99.633,2.741,2.726,bbox,27.538,25.53,23.179,20.957,5.9235,3.0982,,,,
2990,99.667,2.645,2.718,bbox,27.538,25.575,23.179,20.957,5.9434,3.0942,,,,
2991,99.7,2.224,2.718,pose,27.538,25.609,23.179,20.957,5.9619,3.0904,0.2103,0.0344,0.4514,0.0785
2992,99.733,2.826,2.741,bbox,27.538,25.609,23.179,20.957,5.9825,3.0905,,,,
2993,99.767,2.805,2.741,bbox,27.538,25.647,23.179,20.957,6.012,3.0933,,,,
2994,99.8,,,,27.538,25.647,23.179,20.957,,,,,,
2995,99.833,,,,27.538,25.647,23.179,20.957,,,,,,
2996,99.867,3.031,2.805,bbox,27.538,25.647,23.179,20.957,6.1904,3.1041,,,,
2997,99.9,3.105,2.826,bbox,27.538,25.697,23.179,20.957,6.2537,3.0999,,0.7147,,0.6466
2998,99.933,3.183,3.031,bbox,27.538,25.847,23.179,20.957,6.2838,3.0878,,,,
2999,99.967,3.166,3.105,bbox,27.538,25.911,23.179,20.957,6.3351,3.0916,,,,
3000,100.0,3.188,3.166,bbox,27.538,25.941,23.179,20.957,6.3553,3.0892,,0.9286,,0.6491
3001,100.033,3.353,3.183,bbox,27.538,25.992,23.179,20.957,6.3979,3.0986,,,,
3002,100.067,3.299,3.188,bbox,27.538,25.992,23.179,20.957,6.4002,3.0935,,,,
3003,100.1,3.406,3.299,bbox,27.538,26.055,23.179,20.957,6.4005,3.1092,,,,
3004,100.133,3.307,3.307,bbox,27.538,26.055,23.179,20.957,6.4089,3.1129,,,,
3005,100.167,3.188,3.307,bbox,27.538,26.055,23.179,20.957,6.416,3.1275,,,,
3006,100.2,3.143,3.299,bbox,27.538,26.055,23.179,20.957,6.4072,3.1324,,0.8397,,0.7163
3007,100.233,3.056,3.188,bbox,27.538,26.055,23.179,20.957,6.3555,3.1703,,,,
3008,100.267,3.031,3.143,bbox,27.538,26.055,23.179,20.957,6.3946,3.1911,,,,
3009,100.3,2.373,3.056,pose,27.538,26.055,23.234,20.957,6.4038,3.1659,0.1731,0.8124,0.64,0.7082
3010,100.333,3.141,3.056,bbox,27.538,26.055,23.234,20.957,6.3974,3.1743,,,,
3011,100.367,3.089,3.056,bbox,27.538,26.055,23.234,20.957,6.3785,3.191,,,,
3012,100.4,3.144,3.089,bbox,27.538,26.055,23.234,20.957,6.3493,3.2043,,,,
3013,100.433,3.054,3.089,bbox,27.538,26.055,23.234,20.957,6.3447,3.2229,,,,
3014,100.467,3.168,3.141,bbox,27.587,26.055,23.272,20.957,6.3342,3.2472,,,,
3015,100.5,3.115,3.115,bbox,27.587,26.055,23.272,20.957,6.3189,3.2666,,,,
3016,100.533,,,,27.587,26.055,23.272,20.957,,,,,,
3017,100.567,3.016,3.115,bbox,27.587,26.055,23.315,20.957,6.2921,3.3482,,,,
3018,100.6,2.94,3.054,bbox,27.617,26.055,23.315,20.957,6.2777,3.4033,,,,
3019,100.633,2.85,3.016,bbox,27.617,26.055,23.416,20.957,6.2346,3.4598,,,,
3020,100.667,2.816,2.94,bbox,27.658,26.055,23.471,20.957,6.2111,3.5216,,,,
3021,100.7,2.736,2.85,bbox,27.701,26.055,23.528,20.957,6.2034,3.585,,,,
3022,100.733,2.751,2.816,bbox,27.701,26.055,23.59,20.957,6.2443,3.6272,,,,
3023,100.767,2.775,2.775,bbox,27.701,26.055,23.653,20.957,6.3119,3.6588,,,,
3024,100.8,2.694,2.751,bbox,27.701,26.055,23.695,20.957,6.3043,3.6795,,,,
3025,100.833,2.663,2.736,bbox,27.701,26.125,23.727,20.957,6.3607,3.7059,,,,
3026,100.867,2.667,2.694,bbox,27.701,26.125,23.727,20.957,6.3643,3.7199,,,,
3027,100.9,2.654,2.667,bbox,27.701,26.181,23.774,20.957,6.3964,3.7095,,0.5982,,0.6808
3028,100.933,2.654,2.663,bbox,27.701,26.181,23.774,20.957,6.4153,3.7316,,,,
3029,100.967,2.653,2.654,bbox,27.701,26.217,23.774,20.957,6.4321,3.7315,,,,
3030,101.0,2.653,2.654,bbox,27.701,26.217,23.774,20.957,6.4616,3.733,,0.9124,,0.6728
3031,101.033,2.679,2.654,bbox,27.701,26.252,23.774,20.957,6.4844,3.7305,,,,
3032,101.067,2.833,2.654,bbox,27.701,26.252,23.774,20.957,6.6181,3.7358,,,,
3033,101.1,2.931,2.679,bbox,27.701,26.305,23.774,20.957,6.6817,3.7356,,0.9332,,0.6244
3034,101.133,3.069,2.833,bbox,27.701,26.438,23.774,20.957,6.7583,3.7382,,,,
3035,101.167,3.138,2.931,bbox,27.701,26.502,23.774,20.957,6.7827,3.7446,,,,
3036,101.2,4.076,3.069,pose,27.701,26.579,23.806,20.957,6.7937,3.7495,0.2124,0.9219,0.1885,0.6182
3037,101.233,3.144,3.138,bbox,27.701,26.579,23.806,20.957,6.7976,3.753,,,,
3038,101.267,3.128,3.138,bbox,27.701,26.614,23.806,20.957,6.8018,3.7583,,,,
3039,101.3,6.259,3.144,pose,27.701,26.614,23.806,20.957,6.8025,3.767,0.5499,0.8993,-2.4054,0.6702
3040,101.333,3.053,3.144,bbox,27.701,26.614,23.806,20.957,6.8009,3.7719,,,,
3041,101.367,3.001,3.128,bbox,27.701,26.614,23.806,20.957,6.7837,3.8035,,,,
3042,101.4,4.081,3.128,pose,27.701,26.614,23.84,20.957,6.7683,3.8287,0.067,0.7949,-0.2301,0.6862
3043,101.433,2.915,3.053,bbox,27.701,26.614,23.872,20.957,6.7483,3.8413,,,,
3044,101.467,2.881,3.001,bbox,27.701,26.614,23.872,20.957,6.7203,3.8473,,,,
3045,101.5,2.907,2.915,bbox,27.747,26.614,23.909,20.957,6.7137,3.849,,0.781,,0.6648
3046,101.533,2.921,2.915,bbox,27.747,26.614,23.909,20.957,6.6982,3.847,,,,
3047,101.567,2.931,2.915,bbox,27.781,26.614,23.909,20.957,6.6805,3.852,,,,
3048,101.6,2.987,2.921,bbox,27.781,26.614,23.909,20.957,6.6804,3.8556,,0.9092,,0.5643
3049,101.633,3.024,2.931,bbox,27.812,26.614,23.909,20.957,6.6831,3.8636,,,,
3050,101.667,3.017,2.987,bbox,27.812,26.614,23.909,20.957,6.686,3.8601,,,,
3051,101.7,3.057,3.017,bbox,27.812,26.614,23.909,20.957,6.7104,3.854,,1.0162,,0.5036
3052,101.733,3.089,3.024,bbox,27.812,26.614,23.909,20.957,6.711,3.8511,,,,
3053,101.767,3.082,3.057,bbox,27.812,26.614,23.909,20.957,6.7148,3.8528,,,,
3054,101.8,3.018,3.057,bbox,27.812,26.614,23.909,20.957,6.729,3.8554,,1.035,,0.5525
3055,101.833,3.009,3.057,bbox,27.812,26.646,23.909,20.957,6.7415,3.8627,,,,
3056,101.867,3.045,3.045,bbox,27.812,26.646,23.909,20.957,6.7511,3.8628,,,,
3057,101.9,6.0,3.045,pose,27.812,26.646,23.909,20.957,6.7464,3.8675,0.4949,0.9404,-2.2115,0.6297
3058,101.933,3.066,3.045,bbox,27.812,26.677,23.909,20.957,6.7538,3.8801,,,,
3059,101.967,3.028,3.045,bbox,27.812,26.677,23.909,20.957,6.7786,3.9094,,,,
3060,102.0,4.307,3.066,pose,27.812,26.677,23.948,20.957,6.7888,3.9276,0.2195,0.8743,0.1016,0.6831
3061,102.033,2.922,3.066,bbox,27.812,26.709,23.948,20.957,6.8112,3.9328,,,,
3062,102.067,2.947,3.028,bbox,27.812,26.709,23.996,20.957,6.8209,3.9364,,,,
3063,102.1,2.941,2.947,bbox,27.812,26.742,23.996,20.957,6.8302,3.9367,,0.903,,0.6553
3064,102.133,2.961,2.947,bbox,27.812,26.742,23.996,20.957,6.8481,3.9351,,,,
3065,102.167,2.994,2.947,bbox,27.812,26.742,23.996,20.957,6.893,3.9301,,,,
3066,102.2,2.877,2.947,bbox,27.812,26.742,23.996,20.957,6.7918,3.9264,,0.9118,,0.6204
3067,102.233,2.874,2.941,bbox,27.812,26.742,23.996,20.957,6.7944,3.9176,,,,
3068,102.267,2.94,2.94,bbox,27.812,26.774,23.996,20.957,6.8433,3.9018,,,,
3069,102.3,5.637,2.94,pose,27.812,26.774,23.996,20.957,7.0327,3.874,0.5967,0.9145,-2.4281,0.6826
3070,102.333,3.209,2.94,bbox,27.812,26.774,23.996,20.957,7.0819,3.858,,,,
3071,102.367,3.239,3.209,bbox,27.812,26.924,23.996,21.01,7.0879,3.8322,,,,
3072,102.4,3.261,3.239,bbox,27.812,26.96,23.996,21.01,7.0682,3.774,,0.8763,,0.7214
3073,102.433,3.276,3.261,bbox,27.812,26.96,23.996,21.052,7.0438,3.7427,,,,
3074,102.467,3.254,3.254,bbox,27.812,26.96,23.996,21.111,7.0036,3.7361,,,,
3075,102.5,3.24,3.254,bbox,27.812,26.96,23.996,21.142,6.9785,3.7068,,0.7334,,0.6867
3076,102.533,3.19,3.254,bbox,27.876,26.96,23.996,21.142,6.928,3.6912,,,,
3077,102.567,3.111,3.24,bbox,27.876,26.96,23.996,21.178,6.8195,3.6694,,,,
3078,102.6,3.195,3.195,bbox,27.952,26.96,23.996,21.178,6.8249,3.6217,,0.0418,,0.6933
3079,102.633,3.139,3.19,bbox,28.055,26.96,23.996,21.215,6.7251,3.5887,,,,
3080,102.667,3.241,3.19,bbox,28.055,26.96,23.996,21.263,6.7413,3.5482,,,,
3081,102.7,4.828,3.195,pose,28.139,26.96,23.996,21.296,6.7373,3.5132,0.0372,0.7907,-0.2786,0.703
3082,102.733,3.283,3.241,bbox,28.139,26.96,23.996,21.336,6.7326,3.4923,,,,
3083,102.767,3.218,3.241,bbox,28.139,26.96,23.996,21.371,6.7104,3.4943,,,,
3084,102.8,3.163,3.241,bbox,28.139,26.96,23.996,21.371,6.6985,3.5021,,0.7749,,0.7478
3085,102.833,3.152,3.218,bbox,28.17,26.96,23.996,21.371,6.6861,3.4558,,,,
3086,102.867,3.243,3.218,bbox,28.17,26.96,23.996,21.371,6.6846,3.3418,,,,
3087,102.9,2.975,3.163,bbox,28.17,26.96,23.996,21.429,6.3743,3.2876,,,,
3088,102.933,3.214,3.163,bbox,28.17,26.96,23.996,21.543,6.5871,3.2571,,,,
3089,102.967,3.228,3.214,bbox,28.292,26.96,23.996,21.597,6.5884,3.2519,,,,
3090,103.0,3.252,3.228,bbox,28.292,26.96,23.996,21.627,6.5702,3.2356,,0.5745,,0.702
3091,103.033,3.288,3.228,bbox,28.292,26.96,23.996,21.627,6.5532,3.2233,,,,
3092,103.067,3.246,3.246,bbox,28.292,26.96,23.996,21.627,6.5047,3.2194,,,,
3093,103.1,2.77,3.246,pose,28.327,26.96,23.996,21.661,6.4939,3.218,0.5677,0.5965,0.6734,0.6869
3094,103.133,3.214,3.246,bbox,28.375,26.96,23.996,21.661,6.4989,3.2038,,,,
3095,103.167,3.184,3.214,bbox,28.375,26.96,23.996,21.661,6.5162,3.2337,,,,
3096,103.2,2.75,3.184,pose,28.375,26.96,23.996,21.661,6.5382,3.2489,0.5692,0.5968,0.6873,0.7855
3097,103.233,3.154,3.154,bbox,28.375,26.96,23.996,21.661,6.5497,3.2393,,,,
3098,103.267,3.188,3.184,bbox,28.375,26.993,23.996,21.661,6.556,3.1891,,,,
3099,103.3,2.888,3.154,pose,28.375,26.993,23.996,21.661,6.568,3.1698,0.5972,0.4515,0.7212,0.7757
3100,103.333,2.302,2.888,bbox,28.375,26.993,23.996,21.661,6.5876,4.986,,,,
3101,103.367,2.325,2.888,bbox,28.375,26.993,23.996,21.661,6.5973,4.9838,,,,
3102,103.4,3.814,2.888,pose,28.375,27.042,24.162,21.661,6.6239,4.9824,0.529,0.3426,0.6969,1.1626
3103,103.433,2.376,2.376,bbox,28.375,27.042,24.162,21.661,6.6218,4.9804,,,,
3104,103.467,2.383,2.376,bbox,28.375,27.042,24.162,21.661,6.6175,4.9799,,,,
3105,103.5,2.355,2.376,bbox,28.375,27.042,24.162,21.661,6.5899,4.9798,,0.3327,,1.136
3106,103.533,2.319,2.376,bbox,28.375,27.042,24.162,21.661,6.5615,4.9796,,,,
3107,103.567,2.278,2.355,bbox,28.375,27.042,24.162,21.661,6.5309,4.9794,,,,
3108,103.6,3.697,2.355,pose,28.375,27.042,24.162,21.661,6.5354,4.9795,0.6247,0.3142,0.6995,1.1543
3109,103.633,2.162,2.319,bbox,28.428,27.042,24.162,21.661,6.4307,4.98,,,,
3110,103.667,2.082,2.278,bbox,28.428,27.042,24.162,21.661,6.35,4.981,,,,
3111,103.7,1.917,2.162,bbox,28.532,27.042,24.162,21.661,6.1973,4.9813,,0.2627,,-0.4306
3112,103.733,1.825,2.082,bbox,28.613,27.042,24.162,21.661,6.0897,4.981,,,,
3113,103.767,2.131,2.082,bbox,28.613,27.042,24.162,21.661,6.3715,4.9802,,,,
3114,103.8,2.156,2.082,bbox,28.613,27.042,24.162,21.661,6.3809,4.9787,,0.2241,,-0.2911
3115,103.833,2.146,2.131,bbox,28.613,27.042,24.162,21.661,6.3678,4.9776,,,,
3116,103.867,2.084,2.131,bbox,28.613,27.042,24.162,21.661,6.3276,4.977,,,,
3117,103.9,1.382,2.131,pose,28.613,27.042,24.162,21.661,6.3064,4.9768,0.4924,0.1538,0.5603,0.2084
3118,103.933,2.015,2.084,bbox,28.613,27.042,24.162,21.661,6.2874,4.9764,,,,
3119,103.967,1.996,2.015,bbox,28.656,27.042,24.162,21.661,6.278,4.9762,,,,
3120,104.0,1.466,1.996,pose,28.656,27.042,24.162,21.661,6.2644,4.976,0.1426,0.097,0.7225,0.8361
3121,104.033,1.984,1.984,bbox,28.656,27.042,24.162,21.661,6.2676,4.9762,,,,
3122,104.067,1.979,1.984,bbox,28.695,27.042,24.162,21.661,6.255,4.9762,,,,
3123,104.1,1.955,1.979,bbox,28.695,27.042,24.162,21.661,6.2211,4.9761,,0.0992,,0.7997
3124,104.133,1.931,1.955,bbox,28.695,27.042,24.162,21.661,6.1805,4.976,,,,
3125,104.167,1.93,1.955,bbox,28.742,27.042,24.162,21.661,6.1641,4.976,,,,
3126,104.2,1.057,1.931,pose,28.782,27.042,24.162,21.661,6.1079,4.9754,0.1988,0.0966,0.3499,0.4851
3127,104.233,1.886,1.93,bbox,28.782,27.042,24.162,21.661,6.0908,4.9755,,,,
3128,104.267,1.906,1.906,bbox,28.855,27.042,24.162,21.661,6.0933,4.9758,,,,
3129,104.3,0.952,1.886,pose,28.855,27.042,24.162,21.661,6.0808,4.9761,0.2295,0.0981,-0.0671,0.5097
3130,104.333,1.923,1.886,bbox,28.855,27.042,24.162,21.661,6.097,4.9759,,,,
3131,104.367,1.941,1.906,bbox,28.855,27.042,24.162,21.661,6.1026,4.9757,,,,
3132,104.4,0.782,1.906,pose,28.855,27.042,24.162,21.661,6.1601,4.9748,0.5778,0.1451,0.4943,0.1866
3133,104.433,2.011,1.923,bbox,28.855,27.042,24.162,21.661,6.1821,4.9734,,,,
3134,104.467,2.051,1.941,bbox,28.855,27.095,24.162,21.661,6.2182,4.9717,,,,
3135,104.5,2.077,2.011,bbox,28.855,27.095,24.162,21.661,6.2506,4.9709,,0.3367,,-0.9161
3136,104.533,2.092,2.051,bbox,28.855,27.153,24.162,21.661,6.2714,4.9708,,,,
3137,104.567,1.902,2.051,bbox,28.855,27.153,24.162,21.661,6.1135,4.971,,,,
3138,104.6,1.897,2.051,bbox,28.855,27.153,24.162,21.661,6.1443,4.9708,,0.1836,,-0.1325
3139,104.633,1.892,1.902,bbox,28.911,27.153,24.162,21.661,6.1621,4.971,,,,
3140,104.667,1.994,1.902,bbox,28.911,27.153,24.162,21.661,6.2528,4.9711,,,,
3141,104.7,1.975,1.902,bbox,28.911,27.153,24.162,21.661,6.2261,4.9712,,0.1929,,-0.2036
3142,104.733,2.088,1.975,bbox,28.911,27.217,24.162,21.661,6.3234,4.9714,,,,
3143,104.767,2.305,1.994,bbox,28.911,27.217,24.162,21.661,6.4968,4.9715,,,,
3144,104.8,5.581,2.088,pose,28.911,27.314,24.162,21.661,6.5345,4.9711,0.6496,0.1905,-2.6092,-0.2121
3145,104.833,2.349,2.305,bbox,28.911,27.464,24.162,21.661,6.5234,4.9708,,,,
3146,104.867,2.352,2.349,bbox,28.911,27.464,24.162,21.661,6.5222,4.971,,,,
3147,104.9,2.342,2.349,bbox,28.911,27.464,24.162,21.661,6.5189,4.9703,,0.1905,,-0.2121
3148,104.933,2.339,2.349,bbox,28.911,27.464,24.162,21.661,6.5131,4.9688,,,,
3149,104.967,2.323,2.342,bbox,28.911,27.464,24.162,21.661,6.5097,4.9669,,,,
3150,105.0,2.671,2.342,pose,28.911,27.464,24.162,21.661,6.5074,4.9656,0.077,0.3013,-1.0636,-0.7981
3151,105.033,2.276,2.339,bbox,28.911,27.464,24.162,21.661,6.4981,4.9643,,,,
3152,105.067,3.184,2.339,bbox,28.911,27.464,24.162,21.661,6.4547,3.1004,,,,
3153,105.1,2.181,2.323,bbox,28.911,27.464,24.162,21.661,6.4319,4.9642,,0.2301,,-0.2367
3154,105.133,2.155,2.276,bbox,28.953,27.464,24.162,21.661,6.388,4.9646,,,,
3155,105.167,2.191,2.191,bbox,28.953,27.464,24.162,21.661,6.4224,4.965,,,,
3156,105.2,2.218,2.191,bbox,28.985,27.464,24.162,21.661,6.4008,4.9656,,0.2581,,-0.5571
3157,105.233,2.247,2.191,bbox,28.985,27.464,24.162,21.661,6.3765,4.961,,,,
3158,105.267,2.195,2.195,bbox,29.02,27.464,24.162,21.661,6.3249,4.9556,,,,
3159,105.3,2.157,2.195,bbox,29.02,27.464,24.162,21.661,6.2994,4.9568,,0.201,,-0.4772
3160,105.333,2.141,2.195,bbox,29.083,27.464,24.162,21.661,6.3036,4.9565,,,,
3161,105.367,2.102,2.157,bbox,29.083,27.464,24.162,21.661,6.2757,4.9573,,,,
3162,105.4,2.031,2.141,bbox,29.083,27.464,24.162,21.661,6.2342,4.9562,,0.4952,,-1.4024
3163,105.433,1.941,2.102,bbox,29.132,27.464,24.162,21.661,6.161,4.9543,,,,
3164,105.467,1.901,2.031,bbox,29.174,27.464,24.162,21.661,6.0874,4.9528,,,,
3165,105.5,,,,29.174,27.464,24.162,21.661,,,,,,
3166,105.533,1.779,1.941,bbox,29.247,27.464,24.162,21.661,5.9583,4.9436,,,,
3167,105.567,1.726,1.901,bbox,29.32,27.464,24.162,21.661,5.9089,4.941,,,,
3168,105.6,3.461,1.901,bbox,29.45,27.464,24.162,21.7,5.8674,2.2721,0.0125,,0.2366,
3169,105.633,1.646,1.779,bbox,29.499,27.464,24.162,21.7,5.84,4.9311,,,,
3170,105.667,,,,29.499,27.464,24.162,21.7,,,,,,
3171,105.7,,,,29.499,27.464,24.162,21.7,,,,,,
3172,105.733,,,,29.499,27.464,24.162,21.7,,,,,,
3173,105.767,,,,29.499,27.464,24.162,21.7,,,,,,
3174,105.8,,,,29.499,27.464,24.162,21.7,,,,,,
3175,105.833,,,,29.499,27.464,24.162,21.7,,,,,,
3176,105.867,,,,29.499,27.464,24.162,21.7,,,,,,
3177,105.9,,,,29.499,27.464,24.162,21.7,,,,,,
3178,105.933,3.283,1.779,bbox,29.54,27.464,24.162,21.7,2.228,5.5235,,,,
3179,105.967,3.173,3.173,bbox,29.54,27.464,24.162,21.7,2.2354,5.455,,,,
3180,106.0,3.083,3.173,bbox,29.718,27.464,24.309,21.7,2.2436,5.3752,0.4949,,0.7361,
3181,106.033,3.079,3.083,bbox,29.718,27.464,24.309,21.7,2.1684,5.3075,,,,
3182,106.067,3.112,3.112,bbox,29.718,27.464,24.309,21.7,2.0936,5.2758,,,,
3183,106.1,3.088,3.088,bbox,29.793,27.464,24.309,21.768,2.078,5.25,0.5713,,0.7978,
3184,106.133,3.106,3.088,bbox,29.868,27.464,24.309,21.799,2.0723,5.2278,,,,
3185,106.167,,,,29.868,27.464,24.309,21.799,,,,,,
3186,106.2,3.044,3.088,bbox,29.868,27.464,24.309,21.799,2.0517,5.163,0.2493,,0.7904,
3187,106.233,3.105,3.105,bbox,29.868,27.464,24.309,21.847,2.0469,5.1271,,,,
3188,106.267,3.066,3.088,bbox,29.91,27.464,24.309,21.912,2.0465,5.0994,,,,
3189,106.3,3.06,3.066,bbox,29.91,27.464,24.309,21.948,2.0536,5.0548,0.0256,,0.6472,
3190,106.333,3.054,3.06,bbox,29.91,27.464,24.309,21.948,2.0682,5.0342,,,,
3191,106.367,3.03,3.06,bbox,29.91,27.464,24.309,22.02,2.08,5.0139,,,,
3192,106.4,3.009,3.054,bbox,29.91,27.464,24.309,22.02,2.0635,5.0085,0.0012,,0.1796,
3193,106.433,2.968,3.03,bbox,29.91,27.464,24.309,22.053,2.0656,5.0223,,,,
3194,106.467,,,,29.91,27.464,24.309,22.053,,,,,,
3195,106.5,,,,29.91,27.464,24.309,22.053,,,,,,
3196,106.533,2.835,3.009,bbox,29.91,27.464,24.309,22.053,2.072,4.9314,,,,
3197,106.567,2.803,2.968,bbox,29.91,27.464,24.309,22.053,2.0794,4.9167,,,,
3198,106.6,2.8,2.835,bbox,29.91,27.464,24.309,22.144,2.0899,4.9128,0.5983,,0.6661,
3199,106.633,2.825,2.825,bbox,29.91,27.464,24.309,22.144,2.1046,4.9397,,,,
3200,106.667,2.839,2.825,bbox,29.91,27.502,24.309,22.144,2.1245,4.9457,,,,
3201,106.7,2.884,2.825,bbox,29.91,27.502,24.309,22.144,2.1406,4.9523,0.1655,,0.3014,
3202,106.733,2.896,2.839,bbox,29.91,27.537,24.309,22.144,2.151,4.978,,,,
3203,106.767,2.895,2.884,bbox,29.91,27.537,24.309,22.144,2.1665,4.972,,,,
3204,106.8,2.893,2.893,bbox,29.91,27.537,24.35,22.144,2.1616,5.0007,0.2961,,0.3312,
3205,106.833,2.892,2.893,bbox,29.91,27.569,24.35,22.144,2.1565,5.0216,,,,
3206,106.867,2.882,2.893,bbox,29.91,27.569,24.35,22.144,2.1574,5.0353,,,,
3207,106.9,2.897,2.893,bbox,29.91,27.569,24.399,22.144,2.1468,5.0666,1.0598,,0.7138,
3208,106.933,2.929,2.893,bbox,29.91,27.569,24.399,22.144,2.1459,5.103,,,,
3209,106.967,2.978,2.897,bbox,29.91,27.569,24.444,22.144,2.1622,5.1658,,,,
3210,107.0,3.04,2.929,bbox,29.91,27.569,24.481,22.144,2.1654,5.2288,0.1137,,0.5788,
3211,107.033,3.115,2.978,bbox,29.91,27.569,24.543,22.144,2.1722,5.2651,,,,
3212,107.067,3.187,3.04,bbox,29.91,27.569,24.606,22.144,2.1808,5.3209,,,,
3213,107.1,2.541,3.04,pose,29.91,27.569,24.643,22.144,2.2059,5.354,1.0254,0.18,0.6304,0.1689
3214,107.133,3.279,3.115,bbox,29.91,27.569,24.699,22.144,2.2214,5.39,,,,
3215,107.167,3.317,3.187,bbox,29.91,27.618,24.732,22.144,2.2208,5.4082,,,,
3216,107.2,3.272,3.272,bbox,29.91,27.618,24.768,22.144,2.2295,5.416,0.8211,,0.4689,
3217,107.233,3.303,3.279,bbox,29.91,27.618,24.768,22.144,2.2322,5.4576,,,,
3218,107.267,3.253,3.279,bbox,29.91,27.618,24.768,22.144,2.2187,5.4834,,,,
3219,107.3,3.233,3.272,bbox,29.91,27.618,24.835,22.144,2.2155,5.5003,1.0304,,0.6316,
3220,107.333,3.172,3.253,bbox,29.91,27.618,24.835,22.144,2.2154,5.5099,,,,
3221,107.367,3.182,3.233,bbox,29.91,27.618,24.878,22.144,2.219,5.5229,,,,
3222,107.4,3.237,3.233,bbox,29.91,27.618,24.878,22.144,2.2196,5.5355,,,,
3223,107.433,3.207,3.207,bbox,29.91,27.618,24.878,22.144,2.2371,5.5286,,,,
3224,107.467,3.176,3.182,bbox,29.91,27.618,24.878,22.144,2.2493,5.523,,,,
3225,107.5,3.126,3.182,bbox,29.91,27.649,24.878,22.144,2.2652,5.5162,0.8591,,0.5575,
3226,107.533,3.136,3.176,bbox,29.91,27.649,24.878,22.144,2.2699,5.5037,,,,
3227,107.567,3.162,3.162,bbox,29.91,27.649,24.878,22.144,2.2661,5.4937,,,,
3228,107.6,3.208,3.162,pose,29.91,27.649,24.878,22.144,2.2688,5.4716,0.2818,0.1988,0.6419,0.5307
3229,107.633,3.176,3.162,bbox,29.91,27.681,24.878,22.144,2.2725,5.4556,,,,
3230,107.667,3.152,3.162,bbox,29.91,27.681,24.878,22.144,2.2723,5.4377,,,,
3231,107.7,3.129,3.162,bbox,29.91,27.681,24.878,22.189,2.272,5.4111,0.928,,0.6597,
3232,107.733,3.059,3.152,bbox,29.91,27.681,24.878,22.189,2.2826,5.3769,,,,
3233,107.767,3.058,3.129,bbox,29.91,27.681,24.878,22.233,2.2824,5.3625,,,,
3234,107.8,3.071,3.071,bbox,29.91,27.681,24.878,22.267,2.2817,5.3484,0.9238,,0.7356,
3235,107.833,3.092,3.071,bbox,29.91,27.681,24.878,22.267,2.2836,5.3394,,,,
3236,107.867,3.089,3.071,bbox,29.91,27.681,24.878,22.267,2.289,5.3172,,,,
3237,107.9,3.093,3.089,bbox,29.91,27.681,24.878,22.305,2.2979,5.3119,0.641,,0.7013,
3238,107.933,3.122,3.092,bbox,29.91,27.681,24.878,22.305,2.3001,5.302,,,,
3239,107.967,3.126,3.093,bbox,29.91,27.681,24.878,22.305,2.2984,5.2923,,,,
3240,108.0,3.13,3.122,bbox,29.91,27.681,24.878,22.342,2.3077,5.2797,0.9531,,0.7039,
3241,108.033,3.148,3.126,bbox,29.91,27.712,24.878,22.342,2.3146,5.2743,,,,
3242,108.067,3.093,3.126,bbox,29.91,27.712,24.878,22.342,2.3134,5.2775,,,,
3243,108.1,3.496,3.13,pose,29.91,27.712,24.878,22.342,2.3176,5.2728,0.9227,0.2195,0.6835,-0.5228
3244,108.133,3.01,3.13,bbox,29.91,27.712,24.878,22.342,2.3099,5.2754,,,,
3245,108.167,2.944,3.093,bbox,29.91,27.712,24.878,22.342,2.3139,5.2487,,,,
3246,108.2,2.905,3.01,bbox,29.91,27.712,24.878,22.342,2.3161,5.2251,0.923,,0.6896,
3247,108.233,2.814,2.944,bbox,29.91,27.712,24.878,22.396,2.3147,5.1718,,,,
3248,108.267,2.777,2.905,bbox,29.91,27.712,24.878,22.396,2.3217,5.1406,,,,
3249,108.3,4.73,2.905,pose,29.91,27.712,24.878,22.472,2.3222,5.082,0.8775,0.0955,0.7384,0.0712
3250,108.333,2.7,2.814,bbox,29.91,27.712,24.878,22.504,2.334,5.0581,,,,
3251,108.367,2.709,2.777,bbox,29.91,27.712,24.878,22.562,2.3416,5.0706,,,,
3252,108.4,4.185,2.777,pose,29.91,27.746,24.878,22.562,2.341,5.0454,0.871,0.0045,0.7096,-0.6562
3253,108.433,2.758,2.758,bbox,29.91,27.746,24.878,22.562,2.3405,5.0759,,,,
3254,108.467,2.783,2.758,bbox,29.91,27.746,24.878,22.562,2.345,5.1024,,,,
3255,108.5,2.803,2.783,bbox,29.91,27.746,24.878,22.562,2.3491,5.1422,0.8939,,0.6511,
3256,108.533,2.846,2.803,bbox,29.91,27.746,24.878,22.562,2.3503,5.2035,,,,
3257,108.567,2.881,2.803,bbox,29.91,27.746,24.938,22.562,2.3618,5.2559,,,,
3258,108.6,2.939,2.846,bbox,29.91,27.746,24.999,22.562,2.3725,5.3249,0.897,,0.6582,
3259,108.633,3.012,2.881,bbox,29.91,27.746,25.052,22.562,2.3658,5.4151,,,,
3260,108.667,3.051,2.939,bbox,29.91,27.778,25.121,22.562,2.3729,5.4522,,,,
3261,108.7,4.587,3.012,pose,29.91,27.778,25.211,22.562,2.3813,5.4819,0.8398,0.3289,0.7235,-1.4572
3262,108.733,3.035,3.035,bbox,29.91,27.778,25.211,22.562,2.3922,5.4339,,,,
3263,108.767,3.003,3.035,bbox,29.91,27.778,25.211,22.562,2.4056,5.4169,,,,
3264,108.8,2.949,3.035,bbox,29.91,27.778,25.211,22.562,2.4285,5.396,0.7935,,0.7196,
3265,108.833,2.925,3.003,bbox,29.91,27.818,25.211,22.562,2.4261,5.3801,,,,
3266,108.867,2.918,2.949,bbox,29.91,27.818,25.211,22.562,2.4272,5.3673,,,,
3267,108.9,3.779,2.949,pose,29.91,27.818,25.211,22.597,2.4366,5.3664,0.802,0.0923,0.6646,0.1419
3268,108.933,2.889,2.925,bbox,29.91,27.818,25.211,22.597,2.4542,5.3521,,,,
3269,108.967,2.856,2.918,bbox,29.91,27.849,25.211,22.597,2.4763,5.3453,,,,
3270,109.0,2.848,2.889,bbox,29.91,27.849,25.211,22.597,2.4844,5.3495,0.7676,,0.6818,
3271,109.033,2.893,2.889,bbox,29.91,27.883,25.211,22.597,2.4706,5.3603,,,,
3272,109.067,2.914,2.889,bbox,29.91,27.883,25.211,22.597,2.4692,5.3832,,,,
3273,109.1,2.908,2.893,bbox,29.91,27.883,25.211,22.597,2.485,5.3689,0.7105,,0.7689,
3274,109.133,2.843,2.893,bbox,29.91,27.883,25.211,22.597,2.4923,5.3196,,,,
3275,109.167,2.782,2.893,bbox,29.91,27.883,25.211,22.597,2.4968,5.2671,,,,
3276,109.2,3.318,2.908,pose,29.91,27.883,25.211,22.658,2.5114,5.2194,0.7756,0.3194,0.7916,0.4525
3277,109.233,2.704,2.843,bbox,29.91,27.883,25.211,22.71,2.5274,5.1582,,,,
3278,109.267,2.635,2.782,bbox,29.91,27.924,25.211,22.758,2.5629,5.1274,,,,
3279,109.3,2.538,2.704,bbox,29.91,27.924,25.211,22.819,2.5955,5.066,0.3999,,-1.4915,
3280,109.333,2.46,2.635,bbox,29.91,27.975,25.211,22.85,2.6216,5.0083,,,,
3281,109.367,2.464,2.538,bbox,29.91,28.008,25.211,22.911,2.6257,5.0237,,,,
3282,109.4,2.438,2.464,bbox,29.91,28.008,25.211,22.911,2.6193,5.0442,0.7176,,0.7244,
3283,109.433,2.478,2.464,bbox,29.91,28.008,25.211,22.911,2.6109,5.1,,,,
3284,109.467,2.426,2.46,bbox,29.91,28.008,25.211,22.911,2.5715,5.0755,,,,
3285,109.5,2.484,2.464,bbox,29.91,28.008,25.211,22.911,2.5223,5.054,,,,
3286,109.533,2.546,2.478,bbox,29.91,28.008,25.211,22.911,2.4881,5.0448,,,,
3287,109.567,,,,29.91,28.008,25.211,22.911,,,,,,
3288,109.6,,,,29.91,28.008,25.211,22.911,,,,,,
3289,109.633,,,,29.91,28.008,25.211,22.911,,,,,,
3290,109.667,,,,29.91,28.008,25.211,22.911,,,,,,
3291,109.7,1.969,2.478,pose,29.983,28.008,25.211,22.911,2.3716,5.1963,0.1089,0.6272,-0.2877,0.1866
3292,109.733,2.979,2.484,bbox,30.017,28.008,25.211,22.911,2.3856,5.2458,,,,
3293,109.767,3.024,2.546,bbox,30.112,28.008,25.341,22.911,2.3938,5.2927,,,,
3294,109.8,3.063,2.979,bbox,30.112,28.008,25.391,22.911,2.3923,5.3535,,,,
3295,109.833,3.07,3.024,bbox,30.112,28.008,25.438,22.911,2.3981,5.4005,,,,
3296,109.867,3.017,3.024,bbox,30.112,28.008,25.499,22.911,2.4205,5.394,,,,
3297,109.9,2.84,3.024,pose,30.112,28.008,25.539,22.911,2.4225,5.459,0.4103,0.1059,-1.1383,1.734
3298,109.933,3.061,3.061,bbox,30.112,28.008,25.539,22.911,2.4372,5.5177,,,,
3299,109.967,3.046,3.046,bbox,30.112,28.008,25.604,22.911,2.4423,5.5645,,,,
3300,110.0,3.046,3.046,bbox,30.112,28.051,25.663,22.911,2.4498,5.5759,0.0996,,0.6849,
3301,110.033,,,,30.112,28.051,25.663,22.911,,,,,,
3302,110.067,3.022,3.046,bbox,30.112,28.051,25.71,22.911,2.4711,5.6351,,,,
3303,110.1,3.093,3.046,bbox,30.112,28.051,25.71,22.911,2.4785,5.6574,,0.7059,,0.7404
3304,110.133,3.116,3.046,bbox,30.112,28.085,25.78,22.911,2.4905,5.6446,,,,
3305,110.167,3.154,3.093,bbox,30.112,28.085,25.78,22.911,2.5227,5.6489,,,,
3306,110.2,,,,30.112,28.085,25.78,22.911,,,,,,
3307,110.233,3.296,3.116,bbox,30.112,28.085,25.78,22.911,2.5833,5.6868,,,,
3308,110.267,3.32,3.154,bbox,30.112,28.137,25.78,22.911,2.6087,5.6935,,,,
3309,110.3,3.344,3.296,bbox,30.112,28.197,25.832,22.911,2.617,5.7302,0.0133,,0.2455,
3310,110.333,,,,30.112,28.197,25.832,22.911,,,,,,
3311,110.367,3.236,3.296,bbox,30.112,28.197,25.832,22.911,2.6713,5.7231,,,,
3312,110.4,3.072,3.296,bbox,30.112,28.231,25.868,22.911,2.6968,5.7256,,,,
3313,110.433,3.075,3.236,bbox,30.112,28.285,25.868,22.911,2.7318,5.6768,,,,
3314,110.467,2.979,3.075,bbox,30.112,28.285,25.868,22.911,2.8044,5.6581,,,,
3315,110.5,2.909,3.072,bbox,30.112,28.346,25.868,22.958,2.8514,5.6303,,,,
3316,110.533,2.884,2.979,bbox,30.112,28.418,25.868,22.958,2.8986,5.5839,,,,
3317,110.567,2.909,2.909,bbox,30.112,28.465,25.868,23.004,2.9454,5.5872,,,,
3318,110.6,2.935,2.909,pose,30.112,28.513,25.868,23.047,2.967,5.5746,0.1581,0.0796,0.1399,0.5268
3319,110.633,2.948,2.909,bbox,30.112,28.559,25.868,23.047,2.998,5.5702,,,,
3320,110.667,2.931,2.931,bbox,30.112,28.559,25.868,23.047,3.0676,5.5817,,,,
3321,110.7,2.873,2.931,bbox,30.112,28.612,25.868,23.047,3.1553,5.5913,0.2306,,-0.0391,
3322,110.733,,,,30.112,28.612,25.868,23.047,,,,,,
3323,110.767,2.721,2.931,bbox,30.112,28.682,25.868,23.047,3.3335,5.6545,,,,
3324,110.8,0.486,2.873,pose,30.112,28.769,25.868,23.047,3.2964,5.6828,0.0819,0.0431,0.0708,0.99
3325,110.833,,,,30.112,28.769,25.868,23.047,,,,,,
3326,110.867,2.568,2.721,bbox,30.112,28.91,25.936,23.047,3.4479,5.6942,,,,
3327,110.9,6.025,2.721,pose,30.112,28.948,25.936,23.047,3.4975,5.7137,0.1607,0.3578,0.1867,0.3895
3328,110.933,2.325,2.568,bbox,30.112,29.062,25.975,23.047,3.5617,5.7354,,,,
3329,110.967,2.611,2.568,bbox,30.112,29.111,25.975,23.047,3.6776,6.0561,,,,
3330,111.0,2.587,2.587,bbox,30.112,29.176,26.016,23.047,3.7392,6.1455,,,,
3331,111.033,2.454,2.587,bbox,30.112,29.292,26.166,23.047,3.8063,6.1816,,,,
3332,111.067,2.064,2.454,bbox,30.112,29.353,26.166,23.047,3.8731,6.0037,,,,
3333,111.1,2.104,2.454,bbox,30.112,29.42,26.166,23.047,3.9263,6.0592,0.0311,,0.4763,
3334,111.133,2.163,2.163,bbox,30.112,29.487,26.251,23.047,3.968,6.1411,,,,
3335,111.167,2.23,2.163,bbox,30.112,29.54,26.251,23.047,3.991,6.2249,,,,
3336,111.2,2.856,2.163,pose,30.112,29.582,26.251,23.047,4.011,6.3064,0.657,0.3476,0.4382,0.5501
3337,111.233,,,,30.112,29.582,26.251,23.047,,,,,,
3338,111.267,2.335,2.23,bbox,30.112,29.582,26.335,23.047,4.0484,6.3327,,,,
3339,111.3,2.279,2.279,bbox,30.112,29.625,26.417,23.047,4.0609,6.3247,0.7758,,0.5533,
3340,111.333,2.313,2.313,bbox,30.112,29.662,26.417,23.047,4.0661,6.3412,,,,
3341,111.367,,,,30.112,29.662,26.417,23.047,,,,,,
3342,111.4,,,,30.112,29.662,26.417,23.047,,,,,,
3343,111.433,2.442,2.335,bbox,30.112,29.662,26.417,23.047,4.0413,6.4877,,,,
3344,111.467,2.521,2.335,bbox,30.112,29.662,26.451,23.047,4.022,6.5471,,,,
3345,111.5,,,,30.112,29.662,26.451,23.047,,,,,,
3346,111.533,2.682,2.442,bbox,30.112,29.662,26.598,23.047,3.9673,6.6881,,,,
3347,111.567,2.688,2.521,bbox,30.112,29.662,26.657,23.047,3.9595,6.7222,,,,
3348,111.6,2.688,2.682,bbox,30.193,29.662,26.798,23.047,3.9618,6.7875,0.5258,,0.5671,
3349,111.633,2.787,2.688,bbox,30.193,29.662,26.832,23.047,3.9652,6.9029,,,,
3350,111.667,2.98,2.688,bbox,30.193,29.662,26.898,23.047,3.9582,7.0015,,,,
3351,111.7,3.074,2.787,bbox,30.193,29.662,27.013,23.047,3.9546,7.0802,0.6614,,0.5554,
3352,111.733,3.171,2.98,bbox,30.193,29.662,27.112,23.047,3.9559,7.1023,,,,
3353,111.767,3.179,3.074,bbox,30.193,29.662,27.19,23.047,3.9576,7.115,,,,
3354,111.8,3.346,3.171,bbox,30.193,29.662,27.19,23.047,3.9624,7.2733,0.6899,,0.5346,
3355,111.833,3.409,3.179,bbox,30.193,29.662,27.225,23.047,3.9756,7.2969,,,,
3356,111.867,3.512,3.346,bbox,30.193,29.662,27.375,23.047,4.0137,7.3233,,,,
3357,111.9,3.381,3.381,pose,30.193,29.662,27.375,23.047,4.0674,7.3236,0.234,0.177,0.6207,0.3914
3358,111.933,,,,30.193,29.662,27.375,23.047,,,,,,
3359,111.967,,,,30.193,29.662,27.375,23.047,,,,,,
3360,112.0,3.124,3.381,bbox,30.193,29.709,27.375,23.047,4.2449,7.2949,0.3479,,0.5916,
3361,112.033,3.099,3.381,bbox,30.193,29.763,27.375,23.047,4.2632,7.273,,,,
3362,112.067,3.042,3.124,bbox,30.193,29.913,27.375,23.047,4.3264,7.2716,,,,
3363,112.1,3.046,3.099,bbox,30.193,29.913,27.375,23.047,4.3193,7.2537,,,,
3364,112.133,3.037,3.046,bbox,30.193,29.987,27.375,23.047,4.3547,7.2578,,,,
3365,112.167,3.04,3.042,bbox,30.193,29.987,27.375,23.047,4.3579,7.258,,,,
3366,112.2,2.907,3.04,bbox,30.193,30.022,27.375,23.047,4.5344,7.2686,,,,
3367,112.233,2.829,3.037,bbox,30.193,30.022,27.375,23.047,4.6354,7.2689,,,,
3368,112.267,2.821,2.907,bbox,30.193,30.176,27.375,23.047,4.6469,7.2671,,,,
3369,112.3,2.749,2.829,bbox,30.193,30.277,27.375,23.047,4.7318,7.2378,0.444,,0.2271,
3370,112.333,2.468,2.821,bbox,30.193,30.277,27.375,23.047,4.9236,7.1516,,,,
3371,112.367,2.379,2.749,bbox,30.193,30.373,27.375,23.083,4.9865,7.1309,,,,
3372,112.4,2.269,2.468,bbox,30.193,30.523,27.375,23.169,4.8813,7.0018,,0.9128,,0.3863
3373,112.433,,,,30.193,30.523,27.375,23.169,,,,,,
3374,112.467,,,,30.193,30.523,27.375,23.169,,,,,,
3375,112.5,,,,30.193,30.523,27.375,23.169,,,,,,
3376,112.533,1.626,2.379,bbox,30.193,30.565,27.375,23.169,5.0494,6.5854,,,,
3377,112.567,1.597,2.269,bbox,30.193,30.628,27.375,23.319,5.0639,6.5715,,,,
3378,112.6,1.441,1.626,bbox,30.193,30.67,27.375,23.469,5.0292,6.4167,,,,
3379,112.633,1.432,1.597,bbox,30.193,30.67,27.375,23.469,5.0244,6.4035,,,,
3380,112.667,1.425,1.441,bbox,30.193,30.67,27.375,23.633,4.994,6.3362,,,,
3381,112.7,1.488,1.441,bbox,30.193,30.67,27.375,23.633,4.75,6.1584,,,,
3382,112.733,1.498,1.441,bbox,30.228,30.67,27.375,23.713,4.7237,6.1425,,,,
3383,112.767,1.571,1.488,bbox,30.378,30.67,27.375,23.863,4.6646,6.15,,,,
3384,112.8,1.465,1.488,bbox,30.378,30.67,27.375,23.863,4.6225,5.9906,0.4504,,0.7646,
3385,112.833,1.457,1.488,bbox,30.463,30.67,27.375,23.863,4.6156,5.9743,,,,
3386,112.867,1.368,1.465,bbox,30.505,30.67,27.375,24.029,4.6081,5.8781,,,,
3387,112.9,1.366,1.457,bbox,30.505,30.67,27.375,24.029,4.639,5.7102,,,,
3388,112.933,1.379,1.379,bbox,30.505,30.67,27.375,24.142,4.652,5.6891,,,,
3389,112.967,1.12,1.368,bbox,30.505,30.67,27.375,24.292,4.6124,5.6237,,,,
3390,113.0,1.111,1.366,bbox,30.505,30.67,27.375,24.292,4.5191,5.5512,,,,
3391,113.033,1.112,1.12,bbox,30.505,30.67,27.375,24.378,4.5066,5.5464,,,,
3392,113.067,1.074,1.112,bbox,30.609,30.67,27.375,24.451,4.5001,5.5149,,,,
3393,113.1,1.027,1.111,bbox,30.609,30.67,27.375,24.451,4.4909,5.4733,,,,
3394,113.133,0.97,1.074,bbox,30.609,30.67,27.375,24.487,4.4848,5.4229,,,,
3395,113.167,0.936,1.027,bbox,30.609,30.67,27.375,24.529,4.4757,5.3846,,,,
3396,113.2,1.152,1.027,bbox,30.643,30.67,27.375,24.579,4.4739,5.3427,0.0092,,0.6881,
3397,113.233,1.06,1.027,bbox,30.643,30.67,27.375,24.617,4.4636,5.2938,,,,
3398,113.267,1.142,1.06,bbox,30.643,30.67,27.375,24.659,4.4256,5.2518,,,,
3399,113.3,,,,30.643,30.67,27.375,24.659,,,,,,
3400,113.333,0.952,1.06,bbox,30.643,30.67,27.375,24.708,4.313,5.151,,,,
3401,113.367,0.932,1.06,bbox,30.702,30.67,27.375,24.75,4.2831,5.1197,,,,
3402,113.4,3.207,1.06,pose,30.815,30.67,27.375,24.851,4.2593,5.1252,0.0283,0.3278,0.4923,1.1575
3403,113.433,0.985,0.985,bbox,30.815,30.67,27.375,24.851,4.2215,5.1009,,,,
3404,113.467,1.175,0.985,bbox,30.869,30.67,27.375,24.882,4.1826,5.1091,,,,
3405,113.5,1.234,1.175,bbox,30.906,30.67,27.375,24.882,4.1785,5.1219,0.0624,,0.3682,
3406,113.533,1.304,1.234,bbox,30.945,30.67,27.375,24.882,4.1289,5.1382,,,,
3407,113.567,1.296,1.234,bbox,30.945,30.67,27.375,24.882,4.112,5.1244,,,,
3408,113.6,0.382,1.234,pose,30.999,30.67,27.375,24.882,4.0961,5.0931,0.6707,0.402,0.7435,0.6653
3409,113.633,1.059,1.234,bbox,30.999,30.67,27.375,24.882,4.0915,5.0913,,,,
3410,113.667,1.097,1.097,bbox,31.032,30.67,27.375,24.882,4.0627,5.1001,,,,
3411,113.7,0.527,1.059,pose,31.032,30.67,27.375,24.882,4.0208,5.1334,0.5253,0.5909,0.7579,0.6495
3412,113.733,1.25,1.059,bbox,31.065,30.67,27.375,24.882,3.9804,5.1797,,,,
3413,113.767,1.318,1.097,bbox,31.107,30.67,27.375,24.882,3.931,5.1943,,,,
3414,113.8,0.79,1.097,pose,31.148,30.67,27.435,24.882,3.8473,5.1881,0.2069,0.7359,0.7489,0.6792
3415,113.833,1.441,1.25,bbox,31.197,30.67,27.435,24.882,3.7755,5.2007,,,,
3416,113.867,1.501,1.318,bbox,31.281,30.67,27.435,24.882,3.7264,5.2194,,,,
3417,113.9,1.583,1.441,bbox,31.352,30.67,27.435,24.882,3.6541,5.2469,,0.6478,,0.6401
3418,113.933,1.661,1.501,bbox,31.402,30.67,27.475,24.882,3.6096,5.2888,,,,
3419,113.967,1.739,1.583,bbox,31.474,30.67,27.475,24.882,3.5791,5.3405,,,,
3420,114.0,1.971,1.661,bbox,31.518,30.67,27.544,24.882,3.543,5.5395,,,,
3421,114.033,2.096,1.739,bbox,31.549,30.67,27.596,24.882,3.4993,5.6193,,,,
3422,114.067,2.142,1.971,bbox,31.585,30.67,27.746,24.882,3.4629,5.6372,,,,
3423,114.1,2.232,2.096,bbox,31.629,30.67,27.826,24.882,3.43,5.7238,,0.0979,,0.6556
3424,114.133,2.33,2.142,bbox,31.665,30.67,27.826,24.882,3.4004,5.7939,,,,
3425,114.167,2.367,2.232,bbox,31.698,30.67,27.93,24.882,3.3819,5.8304,,,,
3426,114.2,2.047,2.232,pose,31.698,30.67,28.0,24.882,3.3574,5.8747,0.1065,0.1097,-0.9729,0.7403
3427,114.233,2.51,2.33,bbox,31.746,30.67,28.037,24.882,3.3171,5.9404,,,,
3428,114.267,2.554,2.367,bbox,31.746,30.67,28.081,24.882,3.2684,5.9614,,,,
3429,114.3,2.084,2.367,pose,31.811,30.67,28.147,24.882,3.2344,5.9758,0.0279,0.4924,0.3005,0.7185
3430,114.333,2.61,2.51,bbox,31.86,30.67,28.147,24.882,3.2095,5.9988,,,,
3431,114.367,2.669,2.554,bbox,31.894,30.67,28.182,24.882,3.1691,6.0256,,,,
3432,114.4,2.774,2.61,bbox,31.894,30.67,28.182,24.882,3.0943,6.0671,,0.6232,,0.644
3433,114.433,3.046,2.669,bbox,31.959,30.67,28.232,24.882,3.0147,6.1262,,,,
3434,114.467,3.051,2.774,bbox,32.034,30.67,28.274,24.882,2.9635,6.1698,,,,
3435,114.5,3.177,3.046,pose,32.113,30.67,28.333,24.882,2.9346,6.2215,0.0164,0.051,-0.308,0.422
3436,114.533,3.168,3.051,bbox,32.165,30.67,28.376,24.882,2.904,6.2918,,,,
3437,114.567,3.209,3.168,bbox,32.165,30.67,28.428,24.882,2.8906,6.3083,,,,
3438,114.6,3.262,3.177,bbox,32.224,30.67,28.498,24.882,2.876,6.3632,,0.152,,0.6575
3439,114.633,3.352,3.209,bbox,32.224,30.67,28.498,24.882,2.8589,6.4093,,,,
3440,114.667,3.43,3.262,bbox,32.224,30.67,28.57,24.882,2.848,6.4592,,,,
3441,114.7,,,,32.224,30.67,28.57,24.882,,,,,,
3442,114.733,3.56,3.352,bbox,32.269,30.67,28.616,24.882,2.7775,6.5233,,,,
3443,114.767,,,,32.269,30.67,28.616,24.882,,,,,,
3444,114.8,3.69,3.43,bbox,32.269,30.67,28.666,24.882,2.6823,6.6014,,0.3061,,0.7505
3445,114.833,,,,32.269,30.67,28.666,24.882,,,,,,
3446,114.867,,,,32.269,30.67,28.666,24.882,,,,,,
3447,114.9,,,,32.269,30.67,28.666,24.882,,,,,,
3448,114.933,3.914,3.56,bbox,32.351,30.67,28.73,24.882,2.612,6.6707,,,,
3449,114.967,4.097,3.69,bbox,32.446,30.67,28.808,24.882,2.5676,6.7085,,,,
3450,115.0,4.639,3.914,bbox,32.516,30.67,28.877,24.882,2.4968,6.732,,0.5451,,0.7556
3451,115.033,4.437,4.097,bbox,32.56,30.67,28.915,24.882,2.4805,6.749,,,,
3452,115.067,,,,32.56,30.67,28.915,24.882,,,,,,
3453,115.1,,,,32.56,30.67,28.915,24.882,,,,,,
3454,115.133,,,,32.56,30.67,28.915,24.882,,,,,,
3455,115.167,,,,32.56,30.67,28.915,24.882,,,,,,
3456,115.2,,,,32.56,30.67,28.915,24.882,,,,,,
3457,115.233,,,,32.56,30.67,28.915,24.882,,,,,,
3458,115.267,,,,32.56,30.67,28.915,24.882,,,,,,
3459,115.3,5.531,4.437,pose,32.631,30.67,28.915,24.882,2.0906,7.3392,0.0695,0.0221,0.4243,0.783
3460,115.333,,,,32.631,30.67,28.915,24.882,,,,,,
3461,115.367,,,,32.631,30.67,28.915,24.882,,,,,,
3462,115.4,,,,32.631,30.67,28.915,24.882,,,,,,
3463,115.433,,,,32.631,30.67,28.915,24.882,,,,,,
3464,115.467,,,,32.631,30.67,28.915,24.882,,,,,,
3465,115.5,,,,32.631,30.67,28.915,24.882,,,,,,
3466,115.533,,,,32.631,30.67,28.915,24.882,,,,,,
3467,115.567,,,,32.631,30.67,28.915,24.882,,,,,,
3468,115.6,,,,32.631,30.67,28.915,24.882,,,,,,
3469,115.633,5.52,4.639,bbox,32.631,30.67,28.956,24.882,1.7165,7.6825,,,,
3470,115.667,5.531,5.52,bbox,32.798,30.67,29.106,24.882,1.7196,7.7382,,,,
3471,115.7,4.983,5.52,pose,32.948,30.67,29.256,24.882,1.7174,7.8105,0.4596,0.2591,0.8086,0.7028
3472,115.733,5.57,5.531,bbox,32.948,30.67,29.311,24.882,1.7027,7.8892,,,,
3473,115.767,5.651,5.531,bbox,32.948,30.67,29.384,24.882,1.68,7.9518,,,,
3474,115.8,5.473,5.531,pose,32.948,30.67,29.462,24.882,1.6388,7.9889,0.3432,0.0768,0.8701,0.7444
3475,115.833,5.857,5.57,bbox,32.987,30.67,29.525,24.882,1.6061,8.025,,,,
3476,115.867,5.954,5.651,bbox,33.028,30.67,29.562,24.882,1.5715,8.0419,,,,
3477,115.9,5.918,5.857,bbox,33.061,30.67,29.598,24.882,1.5265,8.0662,0.4145,,0.8421,
3478,115.933,5.94,5.918,bbox,33.096,30.67,29.598,24.882,1.4935,8.1204,,,,
3479,115.967,5.957,5.94,bbox,33.141,30.67,29.639,24.882,1.4591,8.1329,,,,
3480,116.0,5.49,5.94,pose,33.174,30.67,29.693,24.882,1.4265,8.1612,0.5609,0.0829,0.83,-2.0581
3481,116.033,6.003,5.94,bbox,33.208,30.67,29.693,24.882,1.4074,8.1361,,,,
3482,116.067,6.105,5.957,bbox,33.241,30.67,29.693,24.882,1.3745,8.1911,,,,
3483,116.1,6.374,6.003,bbox,33.241,30.67,29.734,24.882,1.3534,8.2479,0.501,,0.8627,
3484,116.133,6.759,6.105,bbox,33.293,30.67,29.734,24.882,1.3265,8.3576,,,,
3485,116.167,6.8,6.374,bbox,33.293,30.67,29.821,24.882,1.2846,8.4149,,,,
3486,116.2,6.845,6.759,bbox,33.341,30.67,29.931,24.882,1.2286,8.464,0.3553,,0.8121,
3487,116.233,,,,33.341,30.67,29.931,24.882,,,,,,
3488,116.267,,,,33.341,30.67,29.931,24.882,,,,,,
3489,116.3,,,,33.341,30.67,29.931,24.882,,,,,,
3490,116.333,6.389,6.759,bbox,33.383,30.67,29.988,24.882,1.1143,8.5936,,,,
3491,116.367,6.298,6.759,bbox,33.438,30.67,30.037,24.882,1.0973,8.6185,,,,
3492,116.4,,,,33.438,30.67,30.037,24.882,,,,,,
3493,116.433,6.192,6.389,bbox,33.553,30.67,30.167,24.882,1.06,8.6607,,,,
3494,116.467,,,,33.553,30.67,30.167,24.882,,,,,,
3495,116.5,,,,33.553,30.67,30.167,24.882,,,,,,
3496,116.533,,,,33.553,30.67,30.167,24.882,,,,,,
3497,116.567,6.84,6.389,bbox,33.553,30.67,30.167,24.882,1.0336,8.7418,,,,
3498,116.6,6.573,6.389,bbox,33.607,30.67,30.234,24.882,1.0457,8.7442,0.0166,,0.8027,
3499,116.633,6.875,6.573,bbox,33.607,30.67,30.315,24.882,1.0524,8.7584,,,,
3500,116.667,,,,33.607,30.67,30.315,24.882,,,,,,
3501,116.7,,,,33.607,30.67,30.315,24.882,,,,,,
3502,116.733,6.986,6.84,bbox,33.607,30.67,30.315,24.882,1.0805,8.8195,,,,
3503,116.767,6.9,6.875,bbox,33.607,30.67,30.315,24.882,1.0973,8.8702,,,,
3504,116.8,6.885,6.885,pose,33.607,30.67,30.393,24.882,1.1565,8.8868,0.4294,0.024,0.7709,0.7451
3505,116.833,,,,33.607,30.67,30.393,24.882,,,,,,
3506,116.867,,,,33.607,30.67,30.393,24.882,,,,,,
3507,116.9,7.43,6.9,pose,33.607,30.708,30.443,24.882,1.2358,9.1085,0.6583,0.5027,0.7,-1.9604
3508,116.933,7.211,6.986,bbox,33.607,30.767,30.443,24.882,1.2484,9.1516,,,,
3509,116.967,7.536,7.211,bbox,33.607,30.846,30.61,24.882,1.2642,9.1733,,,,
3510,117.0,7.47,7.43,pose,33.607,30.846,30.653,24.882,1.2667,9.1926,0.1327,0.036,0.3446,0.9019
3511,117.033,7.607,7.47,bbox,33.607,30.846,30.653,24.882,1.2505,9.2127,,,,
3512,117.067,7.615,7.536,bbox,33.607,30.846,30.694,24.882,1.2597,9.2228,,,,
3513,117.1,7.324,7.536,pose,33.607,30.846,30.694,24.882,1.2761,9.2336,0.7582,0.1131,0.7148,-0.3251
3514,117.133,7.59,7.59,bbox,33.607,30.877,30.724,24.882,1.2781,9.2545,,,,
3515,117.167,7.614,7.607,bbox,33.607,30.877,30.724,24.882,1.284,9.2595,,,,
3516,117.2,,,,33.607,30.877,30.724,24.882,,,,,,
3517,117.233,,,,33.607,30.877,30.724,24.882,,,,,,
3518,117.267,,,,33.607,30.877,30.724,24.882,,,,,,
3519,117.3,7.513,7.59,bbox,33.607,30.877,30.724,24.882,1.5112,9.2308,,,,
3520,117.333,7.469,7.513,bbox,33.607,30.877,30.724,24.882,1.561,9.2203,,,,
3521,117.367,7.407,7.513,bbox,33.607,31.044,30.724,24.882,1.5942,9.2145,,,,
3522,117.4,7.217,7.469,bbox,33.607,31.094,30.724,24.882,1.6372,9.2107,0.0223,,0.713,
3523,117.433,7.119,7.407,bbox,33.607,31.127,30.724,24.882,1.6752,9.2115,,,,
3524,117.467,7.049,7.217,bbox,33.607,31.17,30.724,24.882,1.7058,9.2227,,,,
3525,117.5,7.056,7.119,bbox,33.607,31.208,30.724,24.882,1.7549,9.2291,0.1526,,0.7466,
3526,117.533,7.03,7.056,bbox,33.607,31.239,30.724,24.882,1.8301,9.2549,,,,
3527,117.567,7.005,7.049,bbox,33.607,31.288,30.724,24.882,1.8984,9.287,,,,
3528,117.6,6.528,7.03,pose,33.607,31.363,30.756,24.882,1.9454,9.3092,0.6118,0.4118,0.7206,0.878
3529,117.633,6.94,7.005,bbox,33.607,31.432,30.788,24.882,1.9815,9.3262,,,,
3530,117.667,6.867,6.94,bbox,33.607,31.479,30.788,24.882,2.0125,9.3398,,,,
3531,117.7,6.846,6.867,bbox,33.607,31.515,30.827,24.882,2.0198,9.3527,0.6563,,0.6904,
3532,117.733,6.838,6.846,bbox,33.607,31.546,30.827,24.882,2.023,9.3636,,,,
3533,117.767,6.824,6.846,bbox,33.607,31.546,30.827,24.882,2.0275,9.3549,,,,
3534,117.8,6.773,6.838,bbox,33.607,31.546,30.827,24.882,2.0293,9.3517,0.4313,,0.7346,
3535,117.833,6.689,6.824,bbox,33.607,31.546,30.827,24.882,2.0558,9.3274,,,,
3536,117.867,6.564,6.773,bbox,33.607,31.546,30.827,24.882,2.0791,9.3083,,,,
3537,117.9,6.495,6.689,bbox,33.607,31.589,30.827,24.882,2.1075,9.2634,0.135,,0.7093,
3538,117.933,6.494,6.564,bbox,33.607,31.589,30.827,24.882,2.1396,9.2368,,,,
3539,117.967,6.421,6.495,bbox,33.607,31.641,30.827,24.945,2.1998,9.2286,,,,
3540,118.0,6.344,6.494,bbox,33.607,31.673,30.827,24.945,2.2642,9.202,0.2788,,0.6646,
3541,118.033,6.236,6.421,bbox,33.607,31.733,30.827,24.98,2.3045,9.1629,,,,
3542,118.067,,,,33.607,31.733,30.827,24.98,,,,,,
3543,118.1,,,,33.607,31.733,30.827,24.98,,,,,,
3544,118.133,5.802,6.344,bbox,33.607,31.797,30.827,24.98,2.4709,9.0562,,,,
3545,118.167,5.727,6.236,bbox,33.607,31.838,30.827,25.045,2.5014,9.0063,,,,
3546,118.2,5.767,5.802,bbox,33.607,31.988,30.827,25.152,2.5537,8.9775,0.0472,,0.6569,
3547,118.233,5.572,5.767,bbox,33.607,32.018,30.827,25.202,2.6043,8.9436,,,,
3548,118.267,,,,33.607,32.018,30.827,25.202,,,,,,
3549,118.3,,,,33.607,32.018,30.827,25.202,,,,,,
3550,118.333,5.389,5.727,bbox,33.607,32.071,30.827,25.202,2.7582,8.8768,,,,
3551,118.367,5.379,5.572,bbox,33.607,32.121,30.827,25.265,2.7671,8.8294,,,,
3552,118.4,5.375,5.389,bbox,33.607,32.271,30.827,25.331,2.7745,8.812,0.5816,,0.7043,
3553,118.433,5.451,5.389,bbox,33.607,32.271,30.827,25.379,2.8212,8.7775,,,,
3554,118.467,,,,33.607,32.271,30.827,25.379,,,,,,
3555,118.5,,,,33.607,32.271,30.827,25.379,,,,,,
3556,118.533,,,,33.607,32.271,30.827,25.379,,,,,,
3557,118.567,,,,33.607,32.271,30.827,25.379,,,,,,
3558,118.6,5.442,5.389,bbox,33.607,32.271,30.827,25.379,3.0394,8.794,,,,
3559,118.633,5.515,5.442,bbox,33.607,32.334,30.827,25.379,3.0989,8.8023,,,,
3560,118.667,5.602,5.451,bbox,33.607,32.484,30.827,25.379,3.1268,8.8247,,,,
3561,118.7,5.416,5.451,bbox,33.607,32.544,30.827,25.379,3.137,8.8403,,,,
3562,118.733,,,,33.607,32.544,30.827,25.379,,,,,,
3563,118.767,,,,33.607,32.544,30.827,25.379,,,,,,
3564,118.8,,,,33.607,32.544,30.827,25.379,,,,,,
3565,118.833,5.288,5.442,bbox,33.607,32.544,30.827,25.379,3.3079,8.9099,,,,
3566,118.867,,,,33.607,32.544,30.827,25.379,,,,,,
3567,118.9,5.027,5.416,bbox,33.607,32.582,30.827,25.379,3.4394,8.9316,0.5572,,0.7239,
3568,118.933,4.896,5.288,bbox,33.607,32.732,30.908,25.379,3.5236,8.934,,,,
3569,118.967,4.879,5.027,bbox,33.607,32.863,30.908,25.379,3.5624,8.9432,,,,
3570,119.0,4.873,4.896,bbox,33.607,32.947,30.908,25.379,3.5808,8.9442,0.8224,,0.7138,
3571,119.033,5.027,4.896,bbox,33.607,32.947,30.939,25.379,3.5287,8.9412,,,,
3572,119.067,4.995,4.896,bbox,33.607,32.986,30.939,25.379,3.5728,8.9318,,,,
3573,119.1,5.014,4.995,bbox,33.607,32.986,30.939,25.379,3.637,8.9176,0.8322,,0.7319,
3574,119.133,5.032,5.014,bbox,33.607,32.986,30.939,25.379,3.6567,8.904,,,,
3575,119.167,5.104,5.027,bbox,33.607,33.061,30.939,25.379,3.6634,8.8872,,,,
3576,119.2,,,,33.607,33.061,30.939,25.379,,,,,,
3577,119.233,5.091,5.032,bbox,33.607,33.061,30.939,25.416,3.6852,8.8629,,,,
3578,119.267,5.084,5.084,bbox,33.607,33.061,30.939,25.416,3.7185,8.8649,,,,
3579,119.3,4.947,5.084,bbox,33.607,33.109,30.939,25.455,3.8191,8.86,,,,
3580,119.333,4.908,5.084,bbox,33.607,33.142,30.939,25.455,3.8157,8.8298,,,,
3581,119.367,4.775,4.947,bbox,33.607,33.24,30.939,25.455,3.8869,8.8168,,,,
3582,119.4,4.384,4.908,pose,33.607,33.24,30.939,25.49,3.8661,8.7931,0.5733,0.4525,0.739,0.7841
3583,119.433,4.578,4.775,bbox,33.607,33.29,30.939,25.49,3.9313,8.753,,,,
3584,119.467,2.79,4.578,bbox,33.607,33.29,30.939,25.527,6.3266,8.727,,,,
3585,119.5,2.801,4.384,bbox,33.607,33.355,30.939,25.567,6.3367,8.705,0.2997,,1.4683,
3586,119.533,2.799,2.801,bbox,33.607,33.505,30.939,25.567,6.3521,8.6867,,,,
3587,119.567,2.749,2.799,bbox,33.607,33.505,30.939,25.615,6.354,8.6603,,,,
3588,119.6,2.722,2.79,bbox,33.607,33.505,30.939,25.615,6.3566,8.6289,0.3126,,1.3825,
3589,119.633,2.649,2.749,bbox,33.607,33.505,30.939,25.66,6.3585,8.5983,,,,
3590,119.667,2.629,2.722,bbox,33.607,33.535,30.939,25.691,6.3725,8.5767,,,,
3591,119.7,2.616,2.649,bbox,33.607,33.535,30.939,25.722,6.3775,8.5532,0.2529,,-0.0096,
3592,119.733,2.59,2.629,bbox,33.607,33.535,30.939,25.722,6.3828,8.5366,,,,
3593,119.767,2.564,2.616,bbox,33.607,33.535,30.939,25.767,6.3845,8.534,,,,
3594,119.8,2.562,2.59,bbox,33.607,33.535,30.939,25.767,6.3742,8.5284,0.1077,,0.1749,
3595,119.833,2.567,2.567,bbox,33.607,33.535,30.939,25.767,6.368,8.5274,,,,
3596,119.867,2.559,2.564,bbox,33.607,33.535,30.939,25.767,6.3671,8.5216,,,,
3597,119.9,2.554,2.562,bbox,33.607,33.535,30.939,25.767,6.3684,8.5185,0.0063,,0.1297,
3598,119.933,2.549,2.559,bbox,33.607,33.535,30.939,25.798,6.3709,8.5135,,,,
3599,119.967,2.556,2.556,bbox,33.607,33.535,30.939,25.798,6.3629,8.5144,,,,
3600,120.0,2.552,2.554,bbox,33.607,33.535,30.939,25.798,6.3642,8.5089,0.1508,,0.3674,
3601,120.033,2.554,2.554,bbox,33.607,33.535,30.939,25.798,6.3611,8.5145,,,,
3602,120.067,2.557,2.554,bbox,33.607,33.535,30.939,25.798,6.3448,8.5077,,,,
3603,120.1,2.522,2.554,bbox,33.607,33.535,30.939,25.798,6.3738,8.511,0.4829,,-1.6523,
3604,120.133,2.473,2.552,bbox,33.607,33.535,30.939,25.798,6.4167,8.5047,,,,
3605,120.167,4.128,2.554,bbox,33.607,33.535,30.939,25.798,3.9622,8.496,,,,
3606,120.2,4.129,2.557,bbox,33.607,33.535,30.939,25.798,3.9658,8.49,0.4379,,0.7678,
3607,120.233,4.132,4.128,bbox,33.769,33.535,30.939,25.798,3.9757,8.4855,,,,
3608,120.267,4.113,4.128,bbox,33.769,33.535,30.939,25.83,3.984,8.4838,,,,
3609,120.3,4.103,4.128,bbox,33.769,33.535,30.939,25.83,3.9889,8.4811,0.0962,,0.7857,
3610,120.333,4.103,4.113,bbox,33.769,33.535,30.939,25.83,3.9978,8.4681,,,,
3611,120.367,4.108,4.108,bbox,33.769,33.535,30.939,25.83,4.0011,8.4615,,,,
3612,120.4,4.093,4.103,bbox,33.769,33.535,30.939,25.83,4.0025,8.4575,0.4549,,0.7622,
3613,120.433,4.08,4.103,bbox,33.769,33.535,30.939,25.83,4.0068,8.4503,,,,
3614,120.467,4.078,4.093,bbox,33.769,33.535,30.939,25.863,4.011,8.4468,,,,
3615,120.5,4.298,4.093,pose,33.769,33.566,30.939,25.863,4.0168,8.4404,0.4671,0.0915,0.7602,0.6461
3616,120.533,4.064,4.08,bbox,33.769,33.566,30.939,25.863,4.0191,8.4194,,,,
3617,120.567,4.055,4.078,bbox,33.769,33.566,30.939,25.863,4.0271,8.4156,,,,
3618,120.6,4.244,4.078,pose,33.769,33.566,30.939,25.901,4.0343,8.4055,0.2796,0.1569,0.7743,0.8512
3619,120.633,4.026,4.064,bbox,33.769,33.566,30.939,25.901,4.0364,8.3986,,,,
3620,120.667,4.023,4.055,bbox,33.769,33.566,30.939,25.901,4.0288,8.3925,,,,
3621,120.7,3.798,4.026,pose,33.769,33.566,30.939,25.901,4.0588,8.3826,0.4553,0.3374,0.7834,-0.1389
3622,120.733,,,,33.769,33.566,30.939,25.901,,,,,,
3623,120.767,4.037,4.026,bbox,33.769,33.566,30.939,25.901,4.0917,8.3639,,,,
3624,120.8,3.963,4.023,pose,33.769,33.618,30.939,25.938,4.1035,8.3711,0.7248,0.1034,0.6883,1.3809
3625,120.833,3.981,3.981,bbox,33.769,33.651,30.939,25.938,4.1199,8.3476,,,,
3626,120.867,3.942,3.963,bbox,33.769,33.651,30.939,25.938,4.1332,8.2997,,,,
3627,120.9,3.893,3.963,bbox,33.769,33.651,30.939,25.972,4.1559,8.2517,0.8926,,0.6387,
3628,120.933,3.833,3.942,bbox,33.769,33.693,30.939,26.02,4.179,8.1897,,,,
3629,120.967,3.848,3.893,bbox,33.769,33.693,30.939,26.068,4.1947,8.1712,,,,
3630,121.0,3.722,3.848,bbox,33.769,33.738,30.939,26.13,4.2275,8.0689,0.9152,,0.5533,
3631,121.033,3.72,3.833,bbox,33.769,33.738,30.939,26.13,4.2416,8.0475,,,,
3632,121.067,3.694,3.722,bbox,33.769,33.787,30.939,26.251,4.2635,8.0115,,,,
3633,121.1,4.565,3.722,pose,33.769,33.787,30.939,26.251,4.2788,8.0021,1.0372,0.0614,0.5948,0.6893
3634,121.133,3.658,3.72,bbox,33.769,33.823,30.939,26.309,4.28,8.004,,,,
3635,121.167,3.618,3.694,bbox,33.769,33.823,30.939,26.309,4.2994,7.9875,,,,
3636,121.2,2.911,3.658,pose,33.769,33.823,30.939,26.309,4.304,7.9689,0.1152,1.0613,1.1147,0.468
3637,121.233,3.48,3.618,bbox,33.769,33.859,30.939,26.309,4.3056,7.9183,,,,
3638,121.267,3.396,3.48,bbox,33.769,33.859,30.939,26.351,4.3121,7.8613,,,,
3639,121.3,3.354,3.396,bbox,33.769,33.859,30.939,26.402,4.3246,7.8519,0.625,,0.672,
3640,121.333,3.247,3.354,bbox,33.769,33.859,30.939,26.459,4.4019,7.8117,,,,
3641,121.367,3.189,3.354,bbox,33.769,33.859,30.939,26.459,4.4187,7.7669,,,,
3642,121.4,3.152,3.247,bbox,33.769,33.961,30.939,26.508,4.4275,7.7208,0.8705,,0.6633,
3643,121.433,3.15,3.189,bbox,33.769,33.961,30.939,26.553,4.4326,7.6966,,,,
3644,121.467,3.152,3.152,bbox,33.769,33.961,30.939,26.599,4.4385,7.6767,,,,
3645,121.5,3.17,3.152,bbox,33.769,33.992,30.939,26.599,4.444,7.6676,0.8363,,0.6472,
3646,121.533,3.16,3.152,bbox,33.769,33.992,30.939,26.643,4.4577,7.6677,,,,
3647,121.567,3.146,3.152,bbox,33.769,33.992,30.939,26.643,4.4632,7.6797,,,,
3648,121.6,2.638,3.152,pose,33.769,33.992,30.939,26.643,4.4558,7.6883,0.8841,0.5119,0.659,0.7132
3649,121.633,3.112,3.146,bbox,33.769,33.992,30.939,26.643,4.4529,7.6966,,,,
3650,121.667,3.068,3.112,bbox,33.769,33.992,30.939,26.643,4.4678,7.6937,,,,
3651,121.7,2.685,3.068,pose,33.769,34.023,30.939,26.643,4.4675,7.6902,0.6724,0.6482,0.757,0.7691
3652,121.733,3.027,3.027,bbox,33.769,34.023,30.939,26.643,4.4715,7.6937,,,,
3653,121.767,3.047,3.047,bbox,33.769,34.023,30.939,26.643,4.4792,7.6971,,,,
3654,121.8,3.057,3.047,bbox,33.769,34.023,30.939,26.643,4.4877,7.6928,0.7334,,0.737,
3655,121.833,3.081,3.047,bbox,33.769,34.023,30.939,26.643,4.488,7.6922,,,,
3656,121.867,3.108,3.057,bbox,33.769,34.023,30.939,26.643,4.4823,7.687,,,,
3657,121.9,3.13,3.081,bbox,33.769,34.023,30.939,26.643,4.4852,7.6826,0.4137,,0.7252,
3658,121.933,3.123,3.108,bbox,33.769,34.023,30.939,26.643,4.495,7.676,,,,
3659,121.967,3.126,3.123,bbox,33.769,34.023,30.939,26.643,4.4932,7.6655,,,,
3660,122.0,3.079,3.123,bbox,33.769,34.023,30.939,26.643,4.4971,7.6393,0.8611,,0.6646,
3661,122.033,3.041,3.123,bbox,33.769,34.054,30.939,26.643,4.4969,7.6057,,,,
3662,122.067,3.01,3.079,bbox,33.769,34.054,30.939,26.681,4.5,7.5794,,,,
3663,122.1,2.988,3.041,bbox,33.769,34.054,30.939,26.714,4.5025,7.558,0.7639,,0.7397,
3664,122.133,2.985,3.01,bbox,33.769,34.054,30.939,26.714,4.4979,7.5372,,,,
3665,122.167,2.964,2.988,bbox,33.769,34.054,30.939,26.762,4.5015,7.5153,,,,
3666,122.2,2.969,2.985,bbox,33.769,34.054,30.939,26.762,4.5012,7.512,0.7715,,0.7689,
3667,122.233,2.935,2.969,bbox,33.769,34.054,30.939,26.805,4.5118,7.4945,,,,
3668,122.267,2.92,2.964,bbox,33.769,34.054,30.939,26.805,4.5085,7.4863,,,,
3669,122.3,2.927,2.935,bbox,33.769,34.054,30.939,26.805,4.5058,7.4617,0.5812,,0.7103,
3670,122.333,2.928,2.928,bbox,33.769,34.054,30.939,26.805,4.506,7.4309,,,,
3671,122.367,2.917,2.927,bbox,33.769,34.054,30.939,26.858,4.5078,7.4091,,,,
3672,122.4,6.576,2.927,pose,33.769,34.054,30.939,26.889,4.5121,7.398,0.8392,0.7228,0.6267,-2.7971
3673,122.433,2.938,2.928,bbox,33.769,34.054,30.939,26.889,4.5239,7.3826,,,,
3674,122.467,2.93,2.93,bbox,33.769,34.054,30.939,26.922,4.5311,7.3823,,,,
3675,122.5,2.913,2.93,bbox,33.769,34.054,30.939,26.922,4.5302,7.3753,0.607,,0.4185,
3676,122.533,2.906,2.93,bbox,33.769,34.09,30.939,26.922,4.5326,7.3559,,,,
3677,122.567,2.874,2.913,bbox,33.769,34.09,30.939,26.922,4.5387,7.3376,,,,
3678,122.6,6.187,2.913,pose,33.769,34.09,30.939,26.964,4.5404,7.3121,1.0081,0.493,0.6106,-2.1152
3679,122.633,2.799,2.906,bbox,33.769,34.09,30.939,26.964,4.5334,7.2908,,,,
3680,122.667,2.777,2.874,bbox,33.769,34.09,30.939,27.008,4.5325,7.2792,,,,
3681,122.7,2.763,2.799,bbox,33.769,34.09,30.939,27.008,4.5297,7.2537,0.4434,,0.6055,
3682,122.733,2.735,2.777,bbox,33.769,34.09,30.939,27.041,4.5287,7.2129,,,,
3683,122.767,2.749,2.763,bbox,33.769,34.09,30.939,27.041,4.5306,7.2304,,,,
3684,122.8,2.74,2.749,bbox,33.769,34.09,30.939,27.09,4.529,7.2276,0.8895,,0.602,
3685,122.833,2.73,2.74,bbox,33.769,34.09,30.939,27.09,4.5262,7.2256,,,,
3686,122.867,2.745,2.74,bbox,33.769,34.09,30.939,27.09,4.5241,7.2389,,,,
3687,122.9,2.776,2.745,bbox,33.769,34.09,30.939,27.09,4.5167,7.2605,0.9728,,0.6085,
3688,122.933,2.804,2.745,bbox,33.769,34.09,30.939,27.09,4.5099,7.2688,,,,
3689,122.967,2.831,2.776,bbox,33.769,34.09,30.97,27.09,4.5039,7.3001,,,,
3690,123.0,2.854,2.804,bbox,33.769,34.09,30.97,27.09,4.4889,7.3371,0.9887,,0.5554,
3691,123.033,2.846,2.831,bbox,33.769,34.09,31.009,27.09,4.4813,7.3542,,,,
3692,123.067,2.888,2.846,bbox,33.81,34.09,31.046,27.09,4.4753,7.4153,,,,
3693,123.1,,,,33.81,34.09,31.046,27.09,,,,,,
3694,123.133,3.009,2.854,bbox,33.81,34.09,31.046,27.09,4.4642,7.5203,,,,
3695,123.167,3.037,2.888,bbox,33.81,34.09,31.124,27.09,4.4436,7.522,,,,
3696,123.2,3.071,3.009,bbox,33.81,34.09,31.229,27.09,4.4209,7.5432,0.9397,,0.6394,
3697,123.233,3.092,3.037,bbox,33.855,34.09,31.229,27.09,4.4087,7.5518,,,,
3698,123.267,3.112,3.071,bbox,33.855,34.09,31.229,27.09,4.398,7.5594,,,,
3699,123.3,3.155,3.092,bbox,33.89,34.09,31.261,27.09,4.3885,7.5857,0.7443,,0.6121,
3700,123.333,3.195,3.112,bbox,33.89,34.09,31.261,27.09,4.373,7.5999,,,,
3701,123.367,3.198,3.155,bbox,33.89,34.09,31.295,27.09,4.3667,7.6176,,,,
3702,123.4,3.229,3.195,bbox,33.926,34.09,31.295,27.09,4.3663,7.6491,0.8922,,0.6347,
3703,123.433,3.245,3.198,bbox,33.926,34.09,31.327,27.09,4.3565,7.6905,,,,
3704,123.467,3.251,3.229,bbox,33.926,34.09,31.358,27.09,4.3569,7.7239,,,,
3705,123.5,2.742,3.229,pose,33.926,34.09,31.4,27.09,4.3515,7.7678,0.8575,0.0976,0.6081,0.9843
3706,123.533,3.313,3.245,bbox,33.926,34.09,31.433,27.09,4.347,7.7856,,,,
3707,123.567,3.302,3.251,bbox,33.926,34.09,31.477,27.09,4.3408,7.7816,,,,
3708,123.6,3.331,3.302,bbox,33.926,34.09,31.477,27.09,4.3418,7.7825,0.6908,,0.6646,
3709,123.633,3.344,3.313,bbox,33.926,34.09,31.477,27.09,4.3433,7.7881,,,,
3710,123.667,3.363,3.331,bbox,33.957,34.09,31.477,27.09,4.3416,7.7783,,,,
3711,123.7,3.294,3.331,pose,33.957,34.09,31.477,27.09,4.334,7.7651,0.3184,0.0289,0.3184,0.3129
3712,123.733,3.354,3.344,bbox,33.957,34.09,31.477,27.09,4.3228,7.7452,,,,
3713,123.767,3.338,3.344,bbox,33.957,34.09,31.477,27.09,4.323,7.734,,,,
3714,123.8,3.34,3.34,bbox,33.957,34.09,31.477,27.09,4.3121,7.7176,,,,
3715,123.833,3.314,3.338,bbox,33.957,34.09,31.477,27.123,4.3102,7.7021,,,,
3716,123.867,3.264,3.338,bbox,33.957,34.09,31.477,27.123,4.3063,7.6508,,,,
3717,123.9,3.209,3.314,bbox,33.989,34.09,31.477,27.155,4.2984,7.6002,0.4468,,-0.0676,
3718,123.933,3.126,3.264,bbox,33.989,34.09,31.477,27.207,4.3053,7.4986,,,,
3719,123.967,3.123,3.209,bbox,33.989,34.09,31.477,27.257,4.3007,7.4541,,,,
3720,124.0,3.117,3.126,bbox,33.989,34.09,31.477,27.359,4.2967,7.4451,,,,
3721,124.033,3.072,3.123,bbox,33.989,34.09,31.477,27.403,4.2938,7.3854,,,,
3722,124.067,3.064,3.117,bbox,33.989,34.09,31.477,27.403,4.2987,7.3802,,,,
3723,124.1,3.204,3.117,pose,33.989,34.09,31.477,27.472,4.2972,7.3644,0.0824,0.2953,0.8825,0.868
3724,124.133,3.07,3.072,bbox,33.989,34.09,31.477,27.472,4.2831,7.3495,,,,
3725,124.167,3.033,3.07,bbox,33.989,34.09,31.477,27.472,4.275,7.3074,,,,
3726,124.2,3.044,3.064,bbox,33.989,34.09,31.477,27.508,4.2715,7.3178,,,,
3727,124.233,3.028,3.044,bbox,34.024,34.09,31.477,27.54,4.2683,7.2757,,,,
3728,124.267,3.005,3.033,bbox,34.024,34.09,31.477,27.54,4.2706,7.2298,,,,
3729,124.3,2.974,3.028,bbox,34.024,34.09,31.477,27.582,4.2676,7.1782,0.0922,,0.5822,
3730,124.333,1.644,3.005,bbox,34.024,34.09,31.477,27.628,6.0059,7.1295,,,,
3731,124.367,1.626,2.974,bbox,34.024,34.09,31.477,27.679,6.0009,7.0948,,,,
3732,124.4,2.824,2.824,bbox,34.024,34.204,31.477,27.728,4.3897,7.0881,0.0083,,0.6685,
3733,124.433,2.803,2.803,bbox,34.024,34.204,31.477,27.763,4.4075,7.0779,,,,
3734,124.467,2.812,2.803,bbox,34.024,34.255,31.477,27.763,4.4401,7.0851,,,,
3735,124.5,2.854,2.812,bbox,34.024,34.255,31.477,27.763,4.4691,7.1054,,0.7024,,-2.699
3736,124.533,2.851,2.824,bbox,34.024,34.255,31.477,27.763,4.4996,7.1106,,,,
3737,124.567,2.854,2.851,bbox,34.024,34.255,31.477,27.763,4.5191,7.1038,,,,
3738,124.6,4.043,2.854,pose,34.024,34.312,31.477,27.763,4.4976,7.0619,0.0895,0.499,0.0957,-0.6484
3739,124.633,2.877,2.854,bbox,34.024,34.312,31.477,27.763,4.4837,7.028,,,,
3740,124.667,,,,34.024,34.312,31.477,27.763,,,,,,
3741,124.7,2.975,2.877,bbox,34.024,34.312,31.477,27.796,4.4592,7.0577,0.9094,,0.3641,
3742,124.733,,,,34.024,34.312,31.477,27.796,,,,,,
3743,124.767,,,,34.024,34.312,31.477,27.796,,,,,,
3744,124.8,,,,34.024,34.312,31.477,27.796,,,,,,
3745,124.833,,,,34.024,34.312,31.477,27.796,,,,,,
3746,124.867,3.198,2.975,bbox,34.024,34.312,31.477,27.796,4.3642,7.293,,,,
3747,124.9,3.211,3.198,bbox,34.062,34.312,31.477,27.796,4.3696,7.328,0.0348,,0.3998,
3748,124.933,3.22,3.198,bbox,34.152,34.312,31.627,27.796,4.3566,7.35,,,,
3749,124.967,3.212,3.211,bbox,34.152,34.312,31.662,27.796,4.3598,7.3645,,,,
3750,125.0,3.204,3.211,bbox,34.152,34.312,31.662,27.796,4.3559,7.3791,0.147,,0.3441,
3751,125.033,3.254,3.212,bbox,34.152,34.312,31.698,27.796,4.3272,7.3883,,,,
3752,125.067,3.237,3.22,bbox,34.152,34.312,31.698,27.796,4.3089,7.385,,,,
3753,125.1,3.206,3.212,bbox,34.194,34.312,31.698,27.796,4.2795,7.3712,,,,
3754,125.133,3.197,3.206,bbox,34.194,34.312,31.698,27.796,4.2635,7.3577,,,,
3755,125.167,3.157,3.206,bbox,34.242,34.312,31.698,27.796,4.2597,7.3282,,,,
3756,125.2,3.143,3.197,bbox,34.242,34.312,31.698,27.796,4.2477,7.2884,0.3152,,-1.5761,
3757,125.233,3.117,3.157,bbox,34.242,34.312,31.698,27.832,4.23,7.2061,,,,
3758,125.267,3.065,3.143,bbox,34.274,34.312,31.698,27.872,4.2169,7.1594,,,,
3759,125.3,3.038,3.117,bbox,34.274,34.312,31.698,27.954,4.1934,7.1304,0.162,,0.0488,
3760,125.333,3.026,3.065,bbox,34.305,34.312,31.698,28.001,4.1792,7.0813,,,,
3761,125.367,3.018,3.038,bbox,34.305,34.312,31.698,28.001,4.1656,7.0683,,,,
3762,125.4,2.959,3.026,bbox,34.342,34.312,31.698,28.079,4.1641,7.0417,0.9601,,0.4749,
3763,125.433,2.918,3.018,bbox,34.342,34.312,31.698,28.079,4.1554,7.0239,,,,
3764,125.467,1.89,2.959,bbox,34.342,34.312,31.698,28.118,5.7833,7.0221,,,,
3765,125.5,1.864,2.918,bbox,34.342,34.312,31.698,28.118,5.7733,7.0045,0.2675,,0.9972,
3766,125.533,1.856,1.89,bbox,34.342,34.449,31.698,28.118,5.7652,7.0131,,,,
3767,125.567,1.851,1.864,bbox,34.342,34.449,31.698,28.118,5.7569,6.991,,,,
3768,125.6,1.822,1.856,bbox,34.342,34.449,31.698,28.156,5.7471,6.9739,0.2154,,0.6966,
3769,125.633,1.827,1.851,bbox,34.342,34.449,31.698,28.156,5.7429,6.9643,,,,
3770,125.667,1.849,1.849,bbox,34.342,34.449,31.698,28.186,5.7285,6.953,,,,
3771,125.7,1.859,1.849,bbox,34.342,34.449,31.698,28.186,5.719,6.9534,0.2391,,0.7658,
3772,125.733,1.865,1.849,bbox,34.379,34.449,31.698,28.186,5.7092,6.9446,,,,
3773,125.767,1.881,1.859,bbox,34.379,34.449,31.698,28.186,5.7003,6.9425,,,,
3774,125.8,1.883,1.865,bbox,34.379,34.449,31.698,28.186,5.6948,6.9414,0.2127,,0.8141,
3775,125.833,1.873,1.873,bbox,34.379,34.449,31.698,28.218,5.6908,6.9422,,,,
3776,125.867,2.851,1.881,bbox,34.413,34.449,31.698,28.218,4.0306,6.956,,,,
3777,125.9,2.87,1.883,bbox,34.413,34.449,31.698,28.218,4.0296,6.9838,0.5743,,0.7661,
3778,125.933,2.899,2.851,bbox,34.567,34.449,31.698,28.218,4.0284,7.0128,,,,
3779,125.967,2.939,2.87,bbox,34.567,34.449,31.74,28.218,4.0221,7.0289,,,,
3780,126.0,3.677,2.899,pose,34.567,34.449,31.74,28.218,4.0173,7.062,0.8051,0.0253,0.7328,-0.4848
3781,126.033,3.035,2.939,bbox,34.567,34.449,31.785,28.218,4.0118,7.0923,,,,
3782,126.067,3.083,3.035,bbox,34.567,34.449,31.818,28.218,4.0121,7.0926,,,,
3783,126.1,3.259,3.083,pose,34.567,34.449,31.818,28.218,4.0117,7.088,0.9014,0.0482,0.6658,0.3826
3784,126.133,3.161,3.161,bbox,34.567,34.449,31.818,28.218,4.01,7.074,,,,
3785,126.167,3.167,3.161,bbox,34.567,34.449,31.818,28.218,4.0101,7.0583,,,,
3786,126.2,3.128,3.161,bbox,34.567,34.449,31.818,28.218,4.0103,7.0384,,,,
3787,126.233,3.03,3.161,bbox,34.567,34.449,31.818,28.218,4.0091,7.0348,,,,
3788,126.267,1.959,3.128,bbox,34.567,34.449,31.818,28.218,5.6735,7.0105,,,,
3789,126.3,1.951,3.03,bbox,34.567,34.449,31.818,28.218,5.6684,6.9948,0.1976,,0.5244,
3790,126.333,1.929,1.959,bbox,34.567,34.578,31.818,28.269,5.664,6.9637,,,,
3791,126.367,1.92,1.951,bbox,34.567,34.578,31.818,28.269,5.6552,6.9269,,,,
3792,126.4,1.918,1.929,bbox,34.567,34.578,31.818,28.316,5.6498,6.9065,0.1958,,0.5715,
3793,126.433,1.894,1.92,bbox,34.567,34.578,31.818,28.353,5.6441,6.8725,,,,
3794,126.467,2.825,1.92,bbox,34.567,34.578,31.818,28.353,4.0216,6.8621,,,,
3795,126.5,,,,34.567,34.578,31.818,28.353,,,,,,
3796,126.533,,,,34.567,34.578,31.818,28.353,,,,,,
3797,126.567,1.899,1.918,bbox,34.567,34.578,31.818,28.401,5.6344,6.8786,,,,
3798,126.6,2.892,1.918,bbox,34.567,34.578,31.818,28.401,4.0365,6.8973,0.4108,,0.6491,
3799,126.633,2.908,2.825,bbox,34.747,34.578,31.818,28.401,4.0461,6.9179,,,,
3800,126.667,2.919,2.892,bbox,34.747,34.578,31.818,28.401,4.0591,6.9399,,,,
3801,126.7,2.917,2.908,bbox,34.747,34.578,31.857,28.401,4.0858,6.9616,0.5024,,0.6615,
3802,126.733,2.913,2.913,bbox,34.747,34.578,31.857,28.401,4.107,6.9683,,,,
3803,126.767,2.934,2.917,bbox,34.747,34.618,31.9,28.401,4.1022,6.9611,,,,
3804,126.8,2.959,2.919,bbox,34.747,34.618,31.9,28.401,4.103,6.9608,,,,
3805,126.833,2.956,2.934,bbox,34.747,34.618,31.9,28.401,4.112,6.9608,,,,
3806,126.867,2.914,2.934,bbox,34.747,34.618,31.9,28.401,4.1059,6.9612,,,,
3807,126.9,,,,34.747,34.618,31.9,28.401,,,,,,
3808,126.933,,,,34.747,34.618,31.9,28.401,,,,,,
3809,126.967,1.983,2.934,bbox,34.747,34.618,31.9,28.401,5.5771,6.8517,,,,
3810,127.0,1.976,2.914,bbox,34.747,34.618,31.9,28.401,5.5724,6.8346,0.223,,0.6295,
3811,127.033,1.955,1.983,bbox,34.747,34.794,31.9,28.51,5.5668,6.7837,,,,
3812,127.067,2.668,1.983,bbox,34.747,34.794,31.9,28.51,4.1617,6.7563,,,,
3813,127.1,2.701,1.983,bbox,34.747,34.794,31.9,28.578,4.1633,6.748,0.8347,,0.6707,
3814,127.133,2.732,2.668,bbox,34.897,34.794,31.9,28.578,4.1518,6.7519,,,,
3815,127.167,2.703,2.701,bbox,34.897,34.794,31.9,28.61,4.16,6.699,,,,
3816,127.2,2.974,2.703,pose,34.897,34.794,31.9,28.61,4.1441,6.7274,0.872,0.0328,0.6811,0.2329
3817,127.233,2.74,2.732,bbox,34.897,34.794,31.9,28.61,4.1269,6.7437,,,,
3818,127.267,2.742,2.74,bbox,34.897,34.794,31.9,28.61,4.0983,6.7731,,,,
3819,127.3,2.739,2.74,bbox,34.933,34.794,31.9,28.61,4.0826,6.7982,0.8445,,0.7311,
3820,127.333,2.75,2.742,bbox,34.933,34.794,31.9,28.61,4.0495,6.8259,,,,
3821,127.367,2.759,2.742,bbox,34.977,34.794,31.947,28.61,4.0101,6.8424,,,,
3822,127.4,2.807,2.75,bbox,35.01,34.794,31.947,28.61,3.9758,6.8655,0.001,,0.7695,
3823,127.433,2.909,2.759,bbox,35.05,34.794,31.991,28.61,3.9209,6.8972,,,,
3824,127.467,2.991,2.807,bbox,35.084,34.794,31.991,28.61,3.887,6.9185,,,,
3825,127.5,3.836,2.909,pose,35.139,34.794,32.046,28.61,3.8558,6.9229,0.4011,0.0627,0.7248,-0.3543
3826,127.533,3.125,2.991,bbox,35.173,34.794,32.046,28.61,3.842,6.9479,,,,
3827,127.567,3.166,3.125,bbox,35.204,34.794,32.046,28.61,3.8371,6.9431,,,,
3828,127.6,3.219,3.166,pose,35.204,34.794,32.089,28.61,3.8259,6.9402,0.4667,0.1063,0.6646,0.8813
3829,127.633,3.158,3.166,bbox,35.204,34.794,32.089,28.61,3.8153,6.935,,,,
3830,127.667,3.141,3.158,bbox,35.204,34.794,32.089,28.61,3.8084,6.927,,,,
3831,127.7,3.058,3.158,pose,35.245,34.794,32.089,28.61,3.803,6.9213,0.5062,0.1289,0.6883,0.5542
3832,127.733,3.053,3.141,bbox,35.245,34.794,32.089,28.61,3.7988,6.8908,,,,
3833,127.767,2.987,3.058,bbox,35.245,34.794,32.089,28.61,3.8039,6.8757,,,,
3834,127.8,2.929,3.053,bbox,35.245,34.794,32.089,28.66,3.8193,6.8261,0.6712,,0.7059,
3835,127.833,2.893,2.987,bbox,35.245,34.794,32.089,28.66,3.8201,6.7803,,,,
3836,127.867,2.821,2.929,bbox,35.245,34.794,32.089,28.724,3.8287,6.7062,,,,
3837,127.9,2.799,2.893,bbox,35.245,34.794,32.089,28.77,3.8383,6.6799,0.8182,,0.7099,
3838,127.933,2.841,2.841,bbox,35.245,34.794,32.089,28.844,3.8381,6.6668,,,,
3839,127.967,2.901,2.841,bbox,35.245,34.794,32.089,28.844,3.8356,6.6532,,,,
3840,128.0,2.744,2.821,pose,35.245,34.794,32.089,28.884,3.8552,6.6219,0.9097,0.1038,0.571,1.0673
3841,128.033,2.856,2.841,bbox,35.245,34.794,32.089,28.884,3.8862,6.5916,,,,
3842,128.067,2.875,2.856,bbox,35.245,34.834,32.089,28.928,3.8711,6.5604,,,,
3843,128.1,2.826,2.856,bbox,35.245,34.834,32.089,28.959,3.9286,6.5154,0.7181,,0.5435,
3844,128.133,2.761,2.826,bbox,35.245,34.865,32.089,28.99,3.9248,6.4131,,,,
3845,128.167,2.73,2.826,bbox,35.245,34.904,32.089,29.035,3.9263,6.351,,,,
3846,128.2,2.585,2.761,bbox,35.245,34.904,32.089,29.137,3.9307,6.2177,1.0252,,0.6135,
3847,128.233,,,,35.245,34.904,32.089,29.137,,,,,,
3848,128.267,,,,35.245,34.904,32.089,29.137,,,,,,
3849,128.3,2.538,2.73,bbox,35.245,34.904,32.089,29.199,3.9838,6.285,0.9609,,0.7584,
3850,128.333,2.526,2.585,bbox,35.245,34.904,32.089,29.256,4.0065,6.2943,,,,
3851,128.367,,,,35.245,34.904,32.089,29.256,,,,,,
3852,128.4,2.169,2.538,bbox,35.245,34.963,32.089,29.256,4.0718,6.0485,0.2012,,0.2845,
3853,128.433,2.104,2.526,bbox,35.245,34.963,32.089,29.333,4.0779,6.0216,,,,
3854,128.467,2.065,2.169,bbox,35.245,35.051,32.089,29.483,4.0922,6.0108,,,,
3855,128.5,2.053,2.104,bbox,35.245,35.051,32.089,29.483,4.0993,6.0133,0.3411,,0.8612,
3856,128.533,2.043,2.065,bbox,35.245,35.051,32.089,29.518,4.0693,6.0025,,,,
3857,128.567,2.032,2.053,bbox,35.245,35.051,32.089,29.518,4.0467,6.0015,,,,
3858,128.6,,,,35.245,35.051,32.089,29.518,,,,,,
3859,128.633,,,,35.245,35.051,32.089,29.518,,,,,,
3860,128.667,1.647,2.043,bbox,35.245,35.051,32.089,29.518,5.1627,6.0104,,,,
3861,128.7,,,,35.245,35.051,32.089,29.518,,,,,,
3862,128.733,1.683,2.032,bbox,35.245,35.051,32.089,29.518,5.1508,6.0199,,,,
3863,128.767,1.685,1.685,bbox,35.245,35.228,32.089,29.518,5.1509,6.0,,,,
3864,128.8,2.71,1.685,bbox,35.245,35.228,32.089,29.518,3.3889,6.0765,,,,
3865,128.833,1.759,1.685,bbox,35.245,35.228,32.089,29.518,5.1457,6.1744,,,,
3866,128.867,1.775,1.759,bbox,35.245,35.228,32.152,29.518,5.1451,6.2365,,,,
3867,128.9,3.078,1.775,bbox,35.245,35.228,32.25,29.518,3.1454,6.2771,,,,
3868,128.933,3.093,2.71,bbox,35.4,35.228,32.312,29.518,3.1521,6.3151,,,,
3869,128.967,3.159,3.078,bbox,35.55,35.228,32.352,29.518,3.1056,6.3584,,,,
3870,129.0,3.166,3.093,bbox,35.55,35.228,32.39,29.518,3.0708,6.3609,0.6227,,0.7502,
3871,129.033,3.212,3.159,bbox,35.597,35.228,32.433,29.518,3.0161,6.3578,,,,
3872,129.067,3.158,3.159,bbox,35.632,35.228,32.433,29.518,3.048,6.3616,,,,
3873,129.1,2.466,3.159,pose,35.632,35.228,32.433,29.518,2.9907,6.3864,0.4792,0.6442,0.7588,0.7235
3874,129.133,3.268,3.166,bbox,35.686,35.228,32.433,29.518,2.9865,6.4558,,,,
3875,129.167,3.338,3.212,bbox,35.686,35.228,32.433,29.518,2.9905,6.5241,,,,
3876,129.2,3.441,3.268,bbox,35.686,35.228,32.531,29.518,2.9463,6.6034,0.2208,,0.7273,
3877,129.233,3.495,3.338,bbox,35.686,35.228,32.599,29.518,2.9475,6.6769,,,,
3878,129.267,3.542,3.441,bbox,35.755,35.228,32.679,29.518,2.9211,6.7541,,,,
3879,129.3,2.31,3.441,bbox,35.755,35.228,32.752,29.518,5.0608,6.7903,0.0483,,0.3237,
3880,129.333,2.366,3.441,bbox,35.755,35.228,32.829,29.518,4.978,6.7721,,,,
3881,129.367,3.588,3.495,bbox,35.755,35.228,32.829,29.518,2.8384,6.8918,,,,
3882,129.4,3.69,3.542,bbox,35.755,35.228,32.866,29.518,2.7887,6.9466,,0.0046,,0.7368
3883,129.433,,,,35.755,35.228,32.866,29.518,,,,,,
3884,129.467,3.898,3.588,bbox,35.864,35.228,32.967,29.518,2.6448,7.0272,,,,
3885,129.5,,,,35.864,35.228,32.967,29.518,,,,,,
3886,129.533,,,,35.864,35.228,32.967,29.518,,,,,,
3887,129.567,4.093,3.69,bbox,35.914,35.228,33.022,29.518,2.5196,7.0763,,,,
3888,129.6,4.064,3.898,pose,36.058,35.228,33.103,29.518,2.4903,7.0892,0.6552,0.0077,0.8056,-0.1217
3889,129.633,4.173,4.064,bbox,36.183,35.228,33.152,29.518,2.4738,7.1313,,,,
3890,129.667,4.244,4.093,bbox,36.183,35.228,33.152,29.518,2.4211,7.1794,,,,
3891,129.7,,,,36.183,35.228,33.152,29.518,,,,,,
3892,129.733,,,,36.183,35.228,33.152,29.518,,,,,,
3893,129.767,4.448,4.173,bbox,36.229,35.228,33.207,29.518,2.2781,7.3019,,,,
3894,129.8,4.506,4.244,pose,36.281,35.228,33.255,29.518,2.209,7.3369,0.3087,0.11,0.8345,0.3229
3895,129.833,4.675,4.448,bbox,36.424,35.228,33.377,29.518,2.1036,7.3782,,,,
3896,129.867,4.865,4.506,bbox,36.493,35.228,33.412,29.518,1.9889,7.4746,,,,
3897,129.9,4.995,4.675,bbox,36.599,35.228,33.454,29.518,1.8857,7.5104,,0.4188,,0.7491
3898,129.933,5.142,4.865,bbox,36.713,35.228,33.55,29.518,1.8118,7.5652,,,,
3899,129.967,5.212,4.995,bbox,36.817,35.228,33.586,29.518,1.7764,7.5759,,,,
3900,130.0,5.308,5.142,bbox,36.89,35.228,33.641,29.518,1.7443,7.6063,0.3797,,0.8878,
3901,130.033,5.427,5.212,bbox,36.926,35.228,33.641,29.518,1.6718,7.6194,,,,
3902,130.067,5.466,5.308,bbox,36.958,35.228,33.682,29.518,1.6192,7.634,,,,
3903,130.1,5.101,5.308,pose,37.031,35.228,33.682,29.518,1.5758,7.6559,0.6598,0.5734,0.8625,0.6182
3904,130.133,5.608,5.427,bbox,37.083,35.228,33.682,29.518,1.547,7.6836,,,,
3905,130.167,5.687,5.466,bbox,37.127,35.228,33.731,29.518,1.4962,7.7265,,,,
3906,130.2,5.785,5.608,bbox,37.127,35.228,33.731,29.518,1.4529,7.7491,0.6366,,0.657,
3907,130.233,5.843,5.687,bbox,37.206,35.228,33.802,29.518,1.3862,7.7863,,,,
3908,130.267,5.935,5.785,bbox,37.249,35.228,33.802,29.518,1.3436,7.8138,,,,
3909,130.3,5.582,5.785,pose,37.316,35.228,33.862,29.518,1.2977,7.849,0.7833,0.1395,0.7858,0.6928
3910,130.333,6.038,5.843,bbox,37.359,35.228,33.862,29.518,1.2613,7.8862,,,,
3911,130.367,6.179,5.935,bbox,37.405,35.228,33.924,29.518,1.1867,7.9231,,,,
3912,130.4,6.197,6.038,bbox,37.441,35.228,33.961,29.518,1.1047,7.9628,0.6313,,0.9358,
3913,130.433,6.296,6.179,bbox,37.516,35.228,33.998,29.518,1.025,8.0017,,,,
3914,130.467,6.383,6.197,bbox,37.598,35.228,34.038,29.518,0.9542,8.0464,,,,
3915,130.5,6.458,6.296,bbox,37.677,35.228,34.077,29.518,0.8766,8.097,0.2507,,0.8359,
3916,130.533,6.508,6.383,bbox,37.748,35.228,34.122,29.518,0.8499,8.1579,,,,
3917,130.567,6.587,6.458,bbox,37.826,35.228,34.172,29.518,0.8207,8.1918,,,,
3918,130.6,6.593,6.508,bbox,37.826,35.228,34.233,29.518,0.8066,8.1765,0.0939,,0.6073,
3919,130.633,6.637,6.587,bbox,37.882,35.228,34.233,29.518,0.7955,8.1937,,,,
3920,130.667,6.706,6.593,bbox,37.882,35.228,34.267,29.518,0.7859,8.2339,,,,
3921,130.7,6.704,6.637,bbox,37.882,35.228,34.267,29.518,0.7811,8.2509,0.2793,,0.8034,
3922,130.733,6.665,6.665,bbox,37.916,35.228,34.309,29.518,0.7725,8.2501,,,,
3923,130.767,6.761,6.704,bbox,37.916,35.228,34.309,29.518,0.7592,8.3282,,,,
3924,130.8,6.848,6.706,bbox,37.916,35.228,34.309,29.518,0.7524,8.3487,0.0811,,0.8032,
3925,130.833,6.949,6.761,bbox,37.916,35.228,34.403,29.518,0.7482,8.3705,,,,
3926,130.867,7.145,6.848,bbox,37.95,35.228,34.403,29.518,0.7383,8.3994,,,,
3927,130.9,6.937,6.937,bbox,37.95,35.228,34.446,29.518,0.7273,8.4282,0.031,,0.8121,
3928,130.933,6.937,6.937,bbox,37.95,35.228,34.446,29.518,0.7132,8.4532,,,,
3929,130.967,6.959,6.949,bbox,37.95,35.228,34.504,29.518,0.7092,8.4707,,,,
3930,131.0,7.024,6.959,bbox,37.989,35.228,34.504,29.518,0.6985,8.5041,0.1615,,0.7938,
3931,131.033,7.072,6.959,bbox,37.989,35.228,34.546,29.518,0.6877,8.5438,,,,
3932,131.067,7.158,7.024,bbox,37.989,35.228,34.579,29.518,0.6808,8.5723,,,,
3933,131.1,7.132,7.072,pose,37.989,35.228,34.619,29.518,0.6855,8.6044,0.0759,0.3411,0.8122,0.7812
3934,131.133,7.334,7.132,bbox,37.989,35.228,34.619,29.518,0.6952,8.6335,,,,
3935,131.167,7.379,7.158,bbox,37.989,35.228,34.68,29.518,0.6961,8.6692,,,,
3936,131.2,7.406,7.334,bbox,37.989,35.228,34.68,29.518,0.6993,8.6874,,0.4334,,0.7424
3937,131.233,7.378,7.378,bbox,37.989,35.228,34.745,29.518,0.7113,8.7118,,,,
3938,131.267,7.501,7.379,bbox,37.989,35.228,34.745,29.518,0.7489,8.7181,,,,
3939,131.3,5.35,7.379,pose,37.989,35.228,34.787,29.518,3.9281,8.7188,0.0467,0.4225,0.3017,0.7351
3940,131.333,5.584,7.378,bbox,37.989,35.264,34.787,29.518,3.9609,8.7258,,,,
3941,131.367,5.64,5.64,bbox,37.989,35.414,34.787,29.518,3.9573,8.7457,,,,
3942,131.4,5.283,5.584,pose,37.989,35.414,34.787,29.518,3.939,8.7645,0.1021,0.4431,0.2396,0.7024
3943,131.433,5.678,5.584,bbox,37.989,35.414,34.821,29.518,3.926,8.7801,,,,
3944,131.467,5.727,5.64,bbox,37.989,35.414,34.821,29.518,3.9317,8.7933,,,,
3945,131.5,5.365,5.64,pose,37.989,35.414,34.855,29.518,3.9317,8.815,0.1307,0.4136,0.367,0.7249
3946,131.533,5.713,5.678,bbox,37.989,35.414,34.855,29.518,3.9382,8.8535,,,,
3947,131.567,5.721,5.713,bbox,37.989,35.414,34.89,29.518,3.9367,8.8805,,,,
3948,131.6,5.332,5.713,pose,37.989,35.414,34.929,29.518,3.9455,8.909,0.1104,0.2934,0.2914,0.7228
3949,131.633,5.759,5.713,bbox,37.989,35.414,34.929,29.518,3.9487,8.9375,,,,
3950,131.667,5.763,5.721,bbox,37.989,35.414,34.984,29.518,3.9483,8.9495,,,,
3951,131.7,5.404,5.721,pose,37.989,35.414,34.984,29.518,3.9564,8.9668,0.0838,0.1668,0.1928,0.7611
3952,131.733,5.63,5.63,bbox,37.989,35.414,35.025,29.518,4.0318,8.9808,,,,
3953,131.767,5.561,5.63,bbox,37.989,35.414,35.025,29.518,4.071,8.9921,,,,
3954,131.8,5.515,5.561,bbox,37.989,35.518,35.056,29.518,4.086,8.9968,,0.0058,,0.8033
3955,131.833,5.489,5.515,bbox,37.989,35.557,35.056,29.518,4.0912,9.0025,,,,
3956,131.867,5.434,5.515,bbox,37.989,35.557,35.056,29.518,4.1121,9.0101,,,,
3957,131.9,5.414,5.489,bbox,37.989,35.557,35.056,29.518,4.1227,9.0127,,0.0106,,-0.126
3958,131.933,5.417,5.434,bbox,37.989,35.598,35.056,29.518,4.1353,9.0174,,,,
3959,131.967,5.343,5.417,bbox,37.989,35.598,35.088,29.518,4.1364,9.0198,,,,
3960,132.0,5.409,5.414,bbox,37.989,35.598,35.088,29.518,4.1409,9.0294,,,,
3961,132.033,5.439,5.414,bbox,37.989,35.598,35.088,29.518,4.1401,9.0415,,,,
3962,132.067,5.455,5.417,bbox,37.989,35.598,35.088,29.518,4.1375,9.0587,,,,
3963,132.1,5.482,5.439,bbox,37.989,35.598,35.088,29.518,4.1216,9.0707,,,,
3964,132.133,5.477,5.455,bbox,37.989,35.598,35.134,29.518,4.1031,9.0849,,,,
3965,132.167,6.737,5.477,bbox,37.989,35.598,35.134,29.518,1.503,9.1108,,,,
3966,132.2,6.47,5.482,pose,37.989,35.598,35.134,29.518,1.5769,9.1206,0.5561,0.0867,0.8464,0.784
3967,132.233,6.648,6.47,bbox,38.148,35.598,35.186,29.518,1.6499,9.1359,,,,
3968,132.267,6.67,6.648,bbox,38.148,35.598,35.186,29.518,1.6866,9.1491,,,,
3969,132.3,6.342,6.648,pose,38.148,35.598,35.186,29.518,1.7337,9.1606,0.7587,0.1563,0.7871,0.7756
3970,132.333,6.572,6.572,bbox,38.148,35.635,35.224,29.518,1.7709,9.166,,,,
3971,132.367,6.502,6.572,bbox,38.148,35.682,35.224,29.518,1.776,9.1702,,,,
3972,132.4,6.085,6.502,pose,38.148,35.719,35.224,29.518,1.8045,9.187,0.8443,0.1728,0.7967,0.8289
3973,132.433,6.478,6.478,bbox,38.148,35.719,35.224,29.518,1.8321,9.1991,,,,
3974,132.467,6.446,6.478,bbox,38.148,35.753,35.262,29.518,1.8606,9.2059,,,,
3975,132.5,6.429,6.446,bbox,38.148,35.753,35.262,29.518,1.8769,9.2135,0.7324,,0.7655,
3976,132.533,6.364,6.429,bbox,38.148,35.809,35.262,29.518,1.9153,9.2088,,,,
3977,132.567,6.368,6.429,bbox,38.148,35.809,35.262,29.518,1.9615,9.2253,,,,
3978,132.6,6.252,6.368,pose,38.148,35.863,35.262,29.518,2.0251,9.2271,0.0925,0.1526,0.8123,0.5391
3979,132.633,6.327,6.364,bbox,38.148,35.91,35.299,29.518,2.0802,9.2238,,,,
3980,132.667,6.323,6.327,bbox,38.148,35.973,35.299,29.518,2.106,9.2334,,,,
3981,132.7,6.315,6.323,pose,38.148,36.028,35.299,29.518,2.1436,9.2371,0.0482,0.0643,0.8506,1.0224
3982,132.733,6.308,6.315,bbox,38.148,36.028,35.299,29.518,2.1802,9.2371,,,,
3983,132.767,6.154,6.315,bbox,38.148,36.092,35.299,29.518,2.2212,9.2352,,,,
3984,132.8,6.154,6.308,bbox,38.148,36.128,35.299,29.518,2.259,9.2377,0.0596,,0.8792,
3985,132.833,6.289,6.289,bbox,38.148,36.169,35.299,29.518,2.2883,9.2415,,,,
3986,132.867,6.534,6.289,bbox,38.148,36.207,35.299,29.518,2.3292,9.2461,,,,
3987,132.9,6.122,6.154,pose,38.148,36.207,35.299,29.518,2.385,9.2422,0.2602,0.2048,0.7957,1.0679
3988,132.933,6.239,6.239,bbox,38.148,36.277,35.299,29.518,2.4206,9.2345,,,,
3989,132.967,6.234,6.239,bbox,38.148,36.333,35.299,29.518,2.4452,9.2305,,,,
3990,133.0,6.208,6.234,bbox,38.148,36.369,35.299,29.518,2.4836,9.228,0.3817,,0.7607,
3991,133.033,6.222,6.222,bbox,38.148,36.369,35.299,29.518,2.5237,9.2161,,,,
3992,133.067,6.291,6.234,bbox,38.148,36.432,35.299,29.518,2.5459,9.2007,,,,
3993,133.1,6.255,6.234,bbox,38.148,36.472,35.299,29.518,2.5755,9.18,0.0069,,0.7234,
3994,133.133,6.178,6.222,bbox,38.148,36.472,35.299,29.518,2.5983,9.1671,,,,
3995,133.167,6.173,6.222,bbox,38.148,36.524,35.299,29.562,2.6315,9.153,,,,
3996,133.2,1.449,6.178,bbox,38.148,36.524,35.299,29.562,2.6584,3.8847,,0.0045,,0.3222
3997,133.233,,,,38.148,36.524,35.299,29.562,,,,,,
3998,133.267,,,,38.148,36.524,35.299,29.562,,,,,,
3999,133.3,,,,38.148,36.524,35.299,29.562,,,,,,
4000,133.333,,,,38.148,36.524,35.299,29.562,,,,,,
4001,133.367,,,,38.148,36.524,35.299,29.562,,,,,,
4002,133.4,,,,38.148,36.524,35.299,29.562,,,,,,
4003,133.433,,,,38.148,36.524,35.299,29.562,,,,,,
4004,133.467,,,,38.148,36.524,35.299,29.562,,,,,,
4005,133.5,,,,38.148,36.524,35.299,29.562,,,,,,
4006,133.533,,,,38.148,36.524,35.299,29.562,,,,,,
4007,133.567,,,,38.148,36.524,35.299,29.562,,,,,,
4008,133.6,,,,38.148,36.524,35.299,29.562,,,,,,
4009,133.633,,,,38.148,36.524,35.299,29.562,,,,,,
4010,133.667,,,,38.148,36.524,35.299,29.562,,,,,,
4011,133.7,,,,38.148,36.524,35.299,29.562,,,,,,
4012,133.733,,,,38.148,36.524,35.299,29.562,,,,,,
4013,133.767,,,,38.148,36.524,35.299,29.562,,,,,,
4014,133.8,,,,38.148,36.524,35.299,29.562,,,,,,
4015,133.833,,,,38.148,36.524,35.299,29.562,,,,,,
4016,133.867,,,,38.148,36.524,35.299,29.562,,,,,,
4017,133.9,,,,38.148,36.524,35.299,29.562,,,,,,
4018,133.933,,,,38.148,36.524,35.299,29.562,,,,,,
4019,133.967,,,,38.148,36.524,35.299,29.562,,,,,,
4020,134.0,,,,38.148,36.524,35.299,29.562,,,,,,
4021,134.033,,,,38.148,36.524,35.299,29.562,,,,,,
4022,134.067,,,,38.148,36.524,35.299,29.562,,,,,,
4023,134.1,,,,38.148,36.524,35.299,29.562,,,,,,
4024,134.133,,,,38.148,36.524,35.299,29.562,,,,,,
4025,134.167,,,,38.148,36.524,35.299,29.562,,,,,,
4026,134.2,,,,38.148,36.524,35.299,29.562,,,,,,
4027,134.233,0.647,6.173,bbox,38.148,36.58,35.299,29.562,3.37,3.8949,,,,
4028,134.267,0.645,1.449,bbox,38.148,36.58,35.299,29.739,3.3642,3.887,,,,
4029,134.3,0.957,0.957,pose,38.148,36.756,35.299,29.739,3.3576,3.8854,0.0623,0.059,0.8994,0.3138
4030,134.333,0.642,0.647,bbox,38.148,36.756,35.299,29.739,3.3619,3.89,,,,
4031,134.367,0.64,0.645,bbox,38.148,36.756,35.299,29.739,3.3603,3.8882,,,,
4032,134.4,1.177,0.645,pose,38.148,36.756,35.299,29.739,3.3567,3.8886,0.0549,0.1516,0.8701,0.4758
4033,134.433,0.636,0.642,bbox,38.148,36.756,35.299,29.739,3.3658,3.8889,,,,
4034,134.467,0.628,0.64,bbox,38.148,36.756,35.299,29.739,3.3709,3.8866,,,,
4035,134.5,1.13,0.64,pose,38.148,36.756,35.299,29.739,3.3753,3.887,0.373,0.5075,-1.9069,-1.7905
4036,134.533,0.694,0.694,bbox,38.148,36.756,35.299,29.739,3.3806,3.8896,,,,
4037,134.567,0.634,0.636,bbox,38.148,36.756,35.299,29.739,3.3846,3.8873,,,,
4038,134.6,3.689,0.694,pose,38.148,36.756,35.299,29.739,3.3921,3.8882,0.1262,0.4862,0.8514,-1.8036
4039,134.633,0.584,0.694,bbox,38.148,36.756,35.299,29.739,3.4006,3.8807,,,,
4040,134.667,0.592,0.634,bbox,38.148,36.791,35.299,29.739,3.4024,3.8789,,,,
4041,134.7,0.642,0.634,pose,38.148,36.791,35.299,29.739,3.4037,3.8797,0.2195,0.4308,-1.2246,-1.5394
4042,134.733,0.58,0.592,bbox,38.148,36.791,35.299,29.739,3.4105,3.8791,,,,
4043,134.767,0.582,0.584,bbox,38.148,36.791,35.299,29.739,3.4167,3.8782,,,,
4044,134.8,2.86,0.592,pose,38.148,36.791,35.299,29.739,3.4214,3.8787,0.0781,0.398,0.8642,-1.3545
4045,134.833,0.577,0.582,bbox,38.148,36.791,35.299,29.739,3.4297,3.8786,,,,
4046,134.867,0.568,0.58,bbox,38.148,36.791,35.299,29.739,3.4409,3.8773,,,,
4047,134.9,2.099,0.582,pose,38.148,36.829,35.299,29.739,3.4515,3.8844,0.6587,0.324,-2.4308,-1.2045
4048,134.933,0.557,0.577,bbox,38.148,36.829,35.299,29.739,3.4574,3.8854,,,,
4049,134.967,0.549,0.568,bbox,38.148,36.829,35.299,29.739,3.4651,3.8846,,,,
4050,135.0,1.069,0.568,pose,38.148,36.829,35.299,29.739,3.4901,3.8845,0.438,0.3109,-1.6517,-0.9349
4051,135.033,,,,38.148,36.829,35.299,29.739,,,,,,
4052,135.067,,,,38.148,36.829,35.299,29.739,,,,,,
4053,135.1,,,,38.148,36.829,35.299,29.739,,,,,,
4054,135.133,0.459,0.557,bbox,38.148,36.864,35.299,29.739,3.5474,3.8734,,,,
4055,135.167,0.461,0.549,bbox,38.148,36.864,35.299,29.739,3.5563,3.8782,,,,
4056,135.2,0.744,0.549,pose,38.148,36.946,35.299,29.739,3.5652,3.8772,0.1705,0.2438,-0.4725,-0.6497
4057,135.233,,,,38.148,36.946,35.299,29.739,,,,,,
4058,135.267,0.438,0.461,bbox,38.148,36.946,35.299,29.739,3.5834,3.8668,,,,
4059,135.3,0.645,0.461,pose,38.148,36.946,35.299,29.739,3.6009,3.864,0.3703,0.4279,-1.3704,-1.6318
4060,135.333,0.398,0.461,bbox,38.148,36.982,35.299,29.739,3.6194,3.8637,,,,
4061,135.367,,,,38.148,36.982,35.299,29.739,,,,,,
4062,135.4,,,,38.148,36.982,35.299,29.739,,,,,,
4063,135.433,,,,38.148,36.982,35.299,29.739,,,,,,
4064,135.467,,,,38.148,36.982,35.299,29.739,,,,,,
4065,135.5,,,,38.148,36.982,35.299,29.739,,,,,,
4066,135.533,,,,38.148,36.982,35.299,29.739,,,,,,
4067,135.567,,,,38.148,36.982,35.299,29.739,,,,,,
4068,135.6,,,,38.148,36.982,35.299,29.739,,,,,,
4069,135.633,1.022,0.645,bbox,38.148,36.982,35.299,29.77,3.7027,3.8509,,,,
4070,135.667,,,,38.148,36.982,35.299,29.77,,,,,,
4071,135.7,0.621,0.621,pose,38.148,37.018,35.299,29.77,3.7111,3.8434,0.5275,0.4803,-2.0031,-1.7973
4072,135.733,1.334,0.645,bbox,38.148,37.102,35.299,29.77,3.7224,3.8414,,,,
4073,135.767,1.336,1.022,bbox,38.148,37.102,35.299,29.77,3.7289,3.8415,,,,
4074,135.8,0.914,1.022,pose,38.148,37.102,35.299,29.77,3.7351,3.8383,0.3888,0.5122,-1.2433,-1.8069
4075,135.833,1.348,1.334,bbox,38.148,37.102,35.299,29.77,3.7386,3.8363,,,,
4076,135.867,1.329,1.334,bbox,38.148,37.134,35.299,29.77,3.7426,3.8344,,,,
4077,135.9,0.602,1.329,pose,38.148,37.134,35.299,29.77,3.7452,3.8359,0.4983,0.4884,-1.9374,-1.8602
4078,135.933,1.384,1.329,bbox,38.148,37.134,35.299,29.77,3.747,3.8332,,,,
4079,135.967,1.394,1.348,bbox,38.148,37.134,35.299,29.77,3.7454,3.8347,,,,
4080,136.0,0.963,1.329,pose,38.148,37.134,35.299,29.77,3.7431,3.8328,0.4456,0.5554,-1.7755,-1.9351
4081,136.033,1.394,1.384,bbox,38.148,37.134,35.299,29.77,3.7421,3.8353,,,,
4082,136.067,1.396,1.394,bbox,38.148,37.134,35.299,29.77,3.7398,3.8409,,,,
4083,136.1,0.637,1.394,pose,38.148,37.134,35.299,29.77,3.7376,3.8422,0.4593,0.4553,-1.7177,-1.7866
4084,136.133,1.385,1.385,bbox,38.148,37.134,35.299,29.77,3.7358,3.8418,,,,
4085,136.167,1.345,1.385,bbox,38.148,37.134,35.299,29.77,3.7339,3.8419,,,,
4086,136.2,1.002,1.345,pose,38.148,37.134,35.299,29.77,3.7289,3.8418,0.4128,0.4575,-1.5985,-1.8515
4087,136.233,1.316,1.316,bbox,38.148,37.134,35.299,29.77,3.7226,3.8424,,,,
4088,136.267,1.316,1.316,bbox,38.148,37.134,35.299,29.77,3.7064,3.8424,,,,
4089,136.3,0.569,1.316,pose,38.148,37.134,35.299,29.77,3.6921,3.8404,0.5256,0.4329,-2.0077,-1.8428
4090,136.333,1.316,1.316,bbox,38.148,37.134,35.299,29.77,3.6822,3.8407,,,,
4091,136.367,1.388,1.316,bbox,38.191,37.134,35.299,29.77,3.6752,3.8419,,,,
4092,136.4,0.847,1.316,pose,38.191,37.134,35.299,29.77,3.6681,3.8395,0.3436,0.3098,-1.2866,-1.2882
4093,136.433,1.37,1.316,bbox,38.191,37.134,35.299,29.77,3.6585,3.8359,,,,
4094,136.467,1.293,1.316,bbox,38.191,37.134,35.299,29.77,3.6464,3.8363,,,,
4095,136.5,0.347,1.293,pose,38.225,37.134,35.299,29.77,3.6341,3.8273,0.4151,0.4024,-1.82,-1.6797
4096,136.533,0.538,0.847,bbox,38.225,37.134,35.299,29.77,3.6261,3.8271,,,,
4097,136.567,0.386,0.538,bbox,38.225,37.134,35.299,29.8,3.6162,3.8337,,,,
4098,136.6,2.191,0.538,pose,38.257,37.134,35.299,29.8,3.6015,3.8449,0.0051,0.3724,-0.0622,-1.4859
4099,136.633,0.409,0.409,bbox,38.257,37.134,35.299,29.8,3.5878,3.8558,,,,
4100,136.667,0.432,0.432,bbox,38.257,37.134,35.299,29.8,3.5744,3.862,,,,
4101,136.7,1.256,0.432,pose,38.295,37.134,35.299,29.8,3.5519,3.8669,0.0055,0.2193,0.036,-0.748
4102,136.733,0.464,0.464,bbox,38.295,37.134,35.299,29.8,3.5353,3.8686,,,,
4103,136.767,0.48,0.464,bbox,38.331,37.134,35.331,29.8,3.5175,3.8661,,,,
4104,136.8,0.494,0.48,bbox,38.331,37.134,35.331,29.8,3.5,3.8686,0.4086,,-1.296,
4105,136.833,0.498,0.494,bbox,38.366,37.134,35.331,29.8,3.4894,3.8664,,,,
4106,136.867,0.507,0.494,bbox,38.366,37.134,35.331,29.8,3.4667,3.8602,,,,
4107,136.9,0.503,0.498,bbox,38.366,37.134,35.331,29.8,3.4653,3.8557,,0.0277,,-0.0531
4108,136.933,0.5,0.5,bbox,38.416,37.134,35.331,29.8,3.4642,3.8538,,,,
4109,136.967,0.499,0.5,bbox,38.416,37.134,35.331,29.8,3.4637,3.8565,,,,
4110,137.0,2.742,0.503,pose,38.416,37.134,35.331,29.8,3.4432,3.8545,0.2489,0.039,-0.575,-0.0108
4111,137.033,0.544,0.503,bbox,38.416,37.134,35.331,29.8,3.4079,3.8563,,,,
4112,137.067,0.579,0.544,bbox,38.416,37.134,35.331,29.8,3.3739,3.8666,,,,
4113,137.1,0.185,0.544,pose,38.475,37.134,35.331,29.8,3.3439,3.8613,0.3467,0.3654,1.7608,-1.1756
4114,137.133,6.609,0.579,bbox,38.475,37.134,35.331,29.8,9.0674,3.8602,,,,
4115,137.167,,,,38.475,37.134,35.331,29.8,,,,,,
4116,137.2,,,,38.475,37.134,35.331,29.8,,,,,,
4117,137.233,,,,38.475,37.134,35.331,29.8,,,,,,
4118,137.267,,,,38.475,37.134,35.331,29.8,,,,,,
4119,137.3,,,,38.475,37.134,35.331,29.8,,,,,,
4120,137.333,,,,38.475,37.134,35.331,29.8,,,,,,
4121,137.367,,,,38.475,37.134,35.331,29.8,,,,,,
4122,137.4,,,,38.475,37.134,35.331,29.8,,,,,,
4123,137.433,,,,38.475,37.134,35.331,29.8,,,,,,
4124,137.467,,,,38.475,37.134,35.331,29.8,,,,,,
4125,137.5,,,,38.475,37.134,35.331,29.8,,,,,,
4126,137.533,,,,38.475,37.134,35.331,29.8,,,,,,
4127,137.567,,,,38.475,37.134,35.331,29.8,,,,,,
4128,137.6,,,,38.475,37.134,35.331,29.8,,,,,,
4129,137.633,,,,38.475,37.134,35.331,29.8,,,,,,
4130,137.667,,,,38.475,37.134,35.331,29.8,,,,,,
4131,137.7,,,,38.475,37.134,35.331,29.8,,,,,,
4132,137.733,,,,38.475,37.134,35.331,29.8,,,,,,
4133,137.767,,,,38.475,37.134,35.331,29.8,,,,,,
4134,137.8,,,,38.475,37.134,35.331,29.8,,,,,,
4135,137.833,,,,38.475,37.134,35.331,29.8,,,,,,
4136,137.867,,,,38.475,37.134,35.331,29.8,,,,,,
4137,137.9,,,,38.475,37.134,35.331,29.8,,,,,,
4138,137.933,,,,38.475,37.134,35.331,29.8,,,,,,
4139,137.967,,,,38.475,37.134,35.331,29.8,,,,,,
4140,138.0,,,,38.475,37.134,35.331,29.8,,,,,,
4141,138.033,,,,38.475,37.134,35.331,29.8,,,,,,
4142,138.067,,,,38.475,37.134,35.331,29.8,,,,,,
4143,138.1,,,,38.475,37.134,35.331,29.8,,,,,,
4144,138.133,,,,38.475,37.134,35.331,29.8,,,,,,
4145,138.167,1.395,0.579,bbox,38.509,37.134,35.331,29.8,2.572,3.8781,,,,
4146,138.2,1.48,1.395,bbox,38.539,37.134,35.331,29.8,2.5113,3.878,,0.5489,,-1.8672
4147,138.233,1.475,1.475,bbox,38.689,37.134,35.331,29.8,2.4869,3.8788,,,,
4148,138.267,1.504,1.48,bbox,38.75,37.134,35.331,29.8,2.4671,3.8788,,,,
4149,138.3,4.195,1.48,pose,38.75,37.134,35.331,29.8,2.4654,3.8792,0.3266,0.5453,0.717,-1.8538
4150,138.333,1.479,1.48,bbox,38.781,37.134,35.331,29.8,2.48,3.8788,,,,
4151,138.367,1.433,1.479,bbox,38.781,37.134,35.331,29.8,2.5163,3.8791,,,,
4152,138.4,1.423,1.479,bbox,38.781,37.134,35.331,29.8,2.5232,3.8786,,0.4707,,-1.6282
4153,138.433,1.44,1.44,bbox,38.781,37.168,35.331,29.8,2.5136,3.8791,,,,
4154,138.467,1.438,1.438,bbox,38.781,37.168,35.331,29.8,2.515,3.8791,,,,
4155,138.5,2.806,1.438,pose,38.781,37.168,35.331,29.8,2.4992,3.8788,0.0451,0.3963,0.474,-1.2136
4156,138.533,1.479,1.44,bbox,38.781,37.168,35.331,29.8,2.4861,3.8794,,,,
4157,138.567,1.484,1.479,bbox,38.781,37.168,35.331,29.8,2.483,3.8787,,,,
4158,138.6,1.491,1.484,pose,38.781,37.168,35.331,29.8,2.4709,3.8798,0.1192,0.2755,1.1394,-0.5478
4159,138.633,1.507,1.491,bbox,38.812,37.168,35.331,29.8,2.4556,3.8802,,,,
4160,138.667,1.507,1.491,bbox,38.812,37.168,35.331,29.8,2.4405,3.8801,,,,
4161,138.7,1.528,1.507,bbox,38.812,37.168,35.331,29.8,2.4205,3.8804,,0.4155,,-1.242
4162,138.733,1.531,1.507,bbox,38.854,37.168,35.331,29.8,2.4161,3.8804,,,,
4163,138.767,1.583,1.528,bbox,38.854,37.168,35.331,29.8,2.3792,3.8798,,,,
4164,138.8,1.667,1.531,bbox,38.854,37.168,35.331,29.8,2.341,3.8798,,0.4285,,-1.2589
4165,138.833,1.673,1.583,bbox,38.916,37.168,35.331,29.8,2.3237,3.8804,,,,
4166,138.867,1.66,1.66,bbox,38.954,37.168,35.331,29.8,2.312,3.881,,,,
4167,138.9,1.047,1.66,pose,38.954,37.168,35.331,29.8,2.2367,3.8818,0.1338,0.4785,0.5029,-1.6535
4168,138.933,1.875,1.667,bbox,38.954,37.168,35.331,29.8,2.1867,3.8817,,,,
4169,138.967,1.899,1.673,bbox,39.058,37.168,35.331,29.8,2.1629,3.8818,,,,
4170,139.0,0.962,1.66,pose,39.108,37.168,35.331,29.8,2.1685,3.8818,0.0376,0.4958,1.0462,-1.7165
4171,139.033,1.833,1.833,bbox,39.108,37.168,35.331,29.8,2.138,3.8823,,,,
4172,139.067,1.869,1.869,bbox,39.108,37.168,35.331,29.8,2.1073,3.8819,,,,
4173,139.1,1.767,1.833,pose,39.157,37.168,35.331,29.8,2.0945,3.8815,0.2518,0.4733,0.849,-1.5808
4174,139.133,1.884,1.833,bbox,39.188,37.168,35.331,29.8,2.0917,3.8815,,,,
4175,139.167,,,,39.188,37.168,35.331,29.8,,,,,,
4176,139.2,,,,39.188,37.168,35.331,29.8,,,,,,
4177,139.233,,,,39.188,37.168,35.331,29.8,,,,,,
4178,139.267,,,,39.188,37.168,35.331,29.8,,,,,,
4179,139.3,,,,39.188,37.168,35.331,29.8,,,,,,
4180,139.333,,,,39.188,37.168,35.331,29.8,,,,,,
4181,139.367,,,,39.188,37.168,35.331,29.8,,,,,,
4182,139.4,,,,39.188,37.168,35.331,29.8,,,,,,
4183,139.433,,,,39.188,37.168,35.331,29.8,,,,,,
4184,139.467,,,,39.188,37.168,35.331,29.8,,,,,,
4185,139.5,,,,39.188,37.168,35.331,29.8,,,,,,
4186,139.533,,,,39.188,37.168,35.331,29.8,,,,,,
4187,139.567,,,,39.188,37.168,35.331,29.8,,,,,,
4188,139.6,,,,39.188,37.168,35.331,29.8,,,,,,
4189,139.633,1.958,1.869,bbox,39.188,37.168,35.331,29.8,1.9884,3.877,,,,
4190,139.667,1.97,1.884,bbox,39.188,37.168,35.331,29.8,1.9807,3.8766,,,,
4191,139.7,3.918,1.958,pose,39.306,37.168,35.331,29.8,1.9732,3.877,0.2988,0.4993,0.8917,-1.7117
4192,139.733,1.979,1.97,bbox,39.306,37.168,35.331,29.8,1.9682,3.8786,,,,
4193,139.767,1.979,1.979,bbox,39.306,37.168,35.331,29.8,1.9664,3.8793,,,,
4194,139.8,1.991,1.979,bbox,39.306,37.168,35.331,29.8,1.9632,3.8792,,0.4823,,-1.5354
4195,139.833,1.997,1.991,bbox,39.306,37.168,35.331,29.8,1.9604,3.8794,,,,
4196,139.867,2.005,1.991,bbox,39.306,37.168,35.331,29.8,1.955,3.8793,,,,
4197,139.9,3.553,1.997,pose,39.306,37.168,35.331,29.8,1.9519,3.8792,0.3029,0.4129,0.8738,-1.339
4198,139.933,2.02,2.005,bbox,39.34,37.168,35.331,29.8,1.9471,3.8775,,,,
4199,139.967,2.025,2.02,bbox,39.34,37.168,35.331,29.8,1.9435,3.8772,,,,
4200,140.0,3.894,2.025,pose,39.34,37.168,35.331,29.8,1.939,3.8779,0.262,0.5144,0.9597,-1.7302
4201,140.033,2.028,2.028,bbox,39.34,37.168,35.331,29.8,1.9381,3.8776,,,,
4202,140.067,2.03,2.028,bbox,39.34,37.168,35.331,29.8,1.9366,3.8768,,,,
4203,140.1,3.2,2.03,pose,39.34,37.168,35.331,29.8,1.9362,3.8769,0.0185,0.4819,0.3587,-1.5777
4204,140.133,2.036,2.036,bbox,39.34,37.168,35.331,29.8,1.935,3.877,,,,
4205,140.167,2.039,2.036,bbox,39.34,37.168,35.331,29.8,1.9351,3.8757,,,,
4206,140.2,,,,39.34,37.168,35.331,29.8,,,,,,
4207,140.233,2.044,2.039,bbox,39.34,37.168,35.331,29.8,1.9313,3.8753,,,,
4208,140.267,2.053,2.044,bbox,39.34,37.168,35.331,29.8,1.9268,3.875,,,,
4209,140.3,4.003,2.044,pose,39.34,37.168,35.331,29.8,1.9247,3.8747,0.006,0.4517,1.0303,-1.6321
4210,140.333,2.061,2.053,bbox,39.34,37.168,35.331,29.8,1.9232,3.8747,,,,
4211,140.367,2.064,2.061,bbox,39.37,37.168,35.331,29.8,1.9213,3.8746,,,,
4212,140.4,3.487,2.064,pose,39.37,37.168,35.331,29.8,1.92,3.8746,0.1028,0.4184,0.511,-1.418
4213,140.433,2.051,2.064,bbox,39.37,37.168,35.331,29.8,1.918,3.8747,,,,
4214,140.467,2.063,2.063,bbox,39.37,37.168,35.331,29.8,1.9193,3.8746,,,,
4215,140.5,1.285,2.063,pose,39.37,37.168,35.331,29.8,1.9193,3.8748,0.3907,0.4287,-1.5586,-1.4487
4216,140.533,2.053,2.053,bbox,39.37,37.168,35.331,29.8,1.9149,3.8748,,,,
4217,140.567,2.053,2.053,bbox,39.37,37.168,35.331,29.8,1.9139,3.875,,,,
4218,140.6,3.747,2.053,pose,39.37,37.168,35.331,29.8,1.9178,3.875,0.2901,0.4361,0.8322,-1.4902
4219,140.633,2.055,2.053,bbox,39.37,37.168,35.331,29.8,1.913,3.8749,,,,
4220,140.667,2.057,2.055,bbox,39.37,37.168,35.331,29.8,1.9116,3.8748,,,,
4221,140.7,1.435,2.055,pose,39.37,37.168,35.331,29.8,1.9102,3.8747,0.3657,0.4396,-1.9333,-1.465
4222,140.733,2.062,2.057,bbox,39.37,37.168,35.331,29.8,1.9087,3.8746,,,,
4223,140.767,2.064,2.057,bbox,39.37,37.168,35.331,29.8,1.9049,3.8741,,,,
4224,140.8,2.533,2.062,pose,39.37,37.168,35.331,29.8,1.9017,3.8739,0.376,0.4404,-2.1018,-1.517
4225,140.833,2.067,2.064,bbox,39.37,37.168,35.331,29.8,1.8992,3.8733,,,,
4226,140.867,2.07,2.067,bbox,39.37,37.168,35.331,29.8,1.8981,3.8733,,,,
4227,140.9,1.293,2.067,pose,39.37,37.168,35.331,29.8,1.8983,3.8733,0.1461,0.4338,-1.2712,-1.4374
4228,140.933,2.072,2.07,bbox,39.37,37.168,35.331,29.8,1.8978,3.8733,,,,
4229,140.967,2.073,2.07,bbox,39.37,37.168,35.331,29.8,1.8981,3.8732,,,,
4230,141.0,3.905,2.072,pose,39.37,37.168,35.331,29.8,1.8975,3.8732,0.2743,0.4558,0.8141,-1.6121
4231,141.033,2.075,2.073,bbox,39.37,37.168,35.331,29.8,1.8944,3.8733,,,,
4232,141.067,2.075,2.075,bbox,39.37,37.168,35.331,29.8,1.8935,3.8733,,,,
4233,141.1,3.882,2.075,pose,39.4,37.168,35.331,29.8,1.8911,3.8733,0.2632,0.4718,0.8468,-1.6754
4234,141.133,2.077,2.077,bbox,39.4,37.168,35.331,29.8,1.8906,3.873,,,,
4235,141.167,2.077,2.077,bbox,39.4,37.168,35.331,29.8,1.8894,3.8729,,,,
4236,141.2,3.887,2.077,pose,39.4,37.168,35.331,29.8,1.8864,3.8729,0.2796,0.4805,0.8044,-1.7042
4237,141.233,2.083,2.083,bbox,39.4,37.168,35.331,29.8,1.8853,3.8729,,,,
4238,141.267,2.086,2.083,bbox,39.4,37.168,35.331,29.8,1.8824,3.873,,,,
4239,141.3,3.943,2.086,pose,39.4,37.168,35.331,29.8,1.8798,3.8731,0.2495,0.4718,0.7957,-1.7172
4240,141.333,2.095,2.095,bbox,39.4,37.168,35.331,29.8,1.8727,3.8731,,,,
4241,141.367,2.103,2.095,bbox,39.4,37.168,35.331,29.8,1.8633,3.8733,,,,
4242,141.4,3.145,2.103,pose,39.4,37.168,35.331,29.8,1.8511,3.8749,0.0675,0.3737,0.2343,-1.2193
4243,141.433,2.142,2.142,bbox,39.432,37.168,35.331,29.8,1.832,3.8751,,,,
4244,141.467,2.164,2.142,bbox,39.432,37.168,35.331,29.8,1.8058,3.8751,,,,
4245,141.5,3.514,2.164,pose,39.463,37.168,35.331,29.8,1.7986,3.875,0.2072,0.3668,0.8466,-1.1797
4246,141.533,2.193,2.193,bbox,39.463,37.168,35.331,29.8,1.7784,3.8745,,,,
4247,141.567,2.22,2.193,bbox,39.496,37.168,35.331,29.8,1.7619,3.8732,,,,
4248,141.6,2.997,2.22,pose,39.496,37.168,35.331,29.8,1.7467,3.8718,0.5247,0.512,0.8417,-1.8733
4249,141.633,2.248,2.248,bbox,39.533,37.168,35.331,29.8,1.7358,3.8691,,,,
4250,141.667,5.492,2.248,bbox,39.533,37.168,35.331,29.8,1.7125,7.8023,,,,
4251,141.7,,,,39.533,37.168,35.331,29.8,,,,,,
4252,141.733,,,,39.533,37.168,35.331,29.8,,,,,,
4253,141.767,,,,39.533,37.168,35.331,29.8,,,,,,
4254,141.8,5.298,2.997,pose,39.533,37.168,35.331,29.8,1.6889,7.7849,0.141,0.0005,0.8013,0.6482
4255,141.833,5.505,5.298,bbox,39.582,37.168,35.489,29.8,1.6857,7.7955,,,,
4256,141.867,5.508,5.492,bbox,39.582,37.168,35.489,29.8,1.6854,7.8075,,,,
4257,141.9,5.283,5.492,pose,39.582,37.168,35.489,29.8,1.6823,7.8186,0.1977,0.0186,0.7211,0.6424
4258,141.933,5.405,5.405,bbox,39.582,37.168,35.489,29.8,1.6783,7.8256,,,,
4259,141.967,5.407,5.407,bbox,39.613,37.168,35.522,29.8,1.6665,7.8353,,,,
4260,142.0,5.18,5.405,pose,39.613,37.168,35.522,29.8,1.669,7.8414,0.1222,0.0076,0.8146,0.6906
4261,142.033,5.352,5.352,bbox,39.613,37.168,35.522,29.8,1.6596,7.842,,,,
4262,142.067,5.334,5.352,bbox,39.613,37.168,35.522,29.8,1.6594,7.8384,,,,
4263,142.1,5.128,5.334,pose,39.613,37.168,35.522,29.8,1.6525,7.8354,0.194,0.0023,0.7491,0.7789
4264,142.133,5.375,5.334,bbox,39.613,37.168,35.522,29.8,1.648,7.835,,,,
4265,142.167,5.39,5.352,bbox,39.613,37.168,35.522,29.8,1.6343,7.8411,,,,
4266,142.2,5.177,5.334,pose,39.647,37.168,35.522,29.8,1.6236,7.832,0.1044,0.0141,0.9314,0.7791
4267,142.233,5.496,5.375,bbox,39.647,37.168,35.522,29.8,1.5869,7.8309,,,,
4268,142.267,5.553,5.39,bbox,39.647,37.168,35.522,29.8,1.5434,7.8258,,,,
4269,142.3,5.319,5.39,pose,39.708,37.168,35.522,29.8,1.5023,7.8268,0.0532,0.0279,0.9224,0.7934
4270,142.333,5.573,5.496,bbox,39.751,37.168,35.522,29.8,1.5008,7.844,,,,
4271,142.367,5.609,5.553,bbox,39.793,37.168,35.522,29.8,1.4694,7.8558,,,,
4272,142.4,5.372,5.553,pose,39.793,37.168,35.522,29.8,1.4615,7.8513,0.0162,0.0128,0.8476,0.7823
4273,142.433,5.669,5.573,bbox,39.825,37.168,35.522,29.8,1.452,7.8317,,,,
4274,142.467,5.678,5.609,bbox,39.825,37.168,35.522,29.8,1.4646,7.8381,,,,
4275,142.5,5.369,5.609,pose,39.825,37.168,35.555,29.8,1.4631,7.8535,0.21,0.057,0.9197,0.7428
4276,142.533,5.681,5.669,bbox,39.825,37.168,35.555,29.8,1.4641,7.8709,,,,
4277,142.567,5.785,5.678,bbox,39.825,37.168,35.555,29.8,1.4573,7.8751,,,,
4278,142.6,5.847,5.681,bbox,39.825,37.168,35.555,29.8,1.4293,7.89,0.0516,,0.8774,
4279,142.633,5.824,5.785,bbox,39.825,37.168,35.555,29.8,1.3488,7.8926,,,,
4280,142.667,5.932,5.824,bbox,39.866,37.168,35.594,29.8,1.3259,7.9185,,,,
4281,142.7,5.99,5.847,bbox,39.946,37.168,35.594,29.8,1.3131,7.9361,,0.1922,,0.7889
4282,142.733,6.055,5.932,bbox,39.946,37.168,35.594,29.8,1.2971,7.9587,,,,
4283,142.767,6.165,5.99,bbox,39.982,37.168,35.64,29.8,1.2829,7.9959,,,,
4284,142.8,6.092,6.055,bbox,39.982,37.168,35.64,29.8,1.267,8.0168,,,,
4285,142.833,6.146,6.092,bbox,40.012,37.168,35.7,29.8,1.244,8.027,,,,
4286,142.867,6.143,6.143,bbox,40.012,37.168,35.7,29.8,1.2392,8.0358,,,,
4287,142.9,6.274,6.146,bbox,40.051,37.168,35.731,29.8,1.2173,8.0435,,0.5342,,0.7371
4288,142.933,6.303,6.146,bbox,40.051,37.168,35.731,29.8,1.1922,8.0419,,,,
4289,142.967,6.372,6.274,bbox,40.051,37.168,35.731,29.8,1.1733,8.0466,,,,
4290,143.0,5.991,6.274,pose,40.103,37.168,35.731,29.8,1.1505,8.0575,0.1442,0.5349,1.9024,0.7242
4291,143.033,6.463,6.303,bbox,40.103,37.168,35.731,29.8,1.1347,8.0927,,,,
4292,143.067,6.51,6.372,bbox,40.144,37.168,35.761,29.8,1.1181,8.1127,,,,
4293,143.1,6.537,6.463,bbox,40.144,37.168,35.796,29.8,1.0873,8.1626,,0.1104,,0.6623
4294,143.133,6.587,6.51,bbox,40.177,37.168,35.796,29.8,1.0594,8.188,,,,
4295,143.167,6.65,6.537,bbox,40.207,37.168,35.866,29.8,1.0296,8.2272,,,,
4296,143.2,9.881,6.587,pose,40.207,37.168,35.866,29.8,1.0089,8.2734,0.2362,0.3342,-0.1533,0.7196
4297,143.233,6.796,6.65,bbox,40.265,37.168,35.931,29.8,0.9875,8.3057,,,,
4298,143.267,6.861,6.796,bbox,40.265,37.168,35.977,29.8,0.9523,8.3399,,,,
4299,143.3,6.922,6.861,bbox,40.307,37.168,36.009,29.8,0.9162,8.3875,0.7999,,-0.3195,
4300,143.333,6.985,6.922,bbox,40.343,37.168,36.044,29.8,0.9109,8.4214,,,,
4301,143.367,7.011,6.922,bbox,40.379,37.168,36.091,29.8,0.9061,8.4326,,,,
4302,143.4,7.058,6.985,bbox,40.379,37.168,36.125,29.8,0.8866,8.4703,0.8078,,-0.3268,
4303,143.433,7.111,7.011,bbox,40.379,37.168,36.125,29.8,0.8573,8.4983,,,,
4304,143.467,7.096,7.058,bbox,40.379,37.168,36.174,29.8,0.8211,8.5185,,,,
4305,143.5,7.846,7.096,pose,40.438,37.168,36.174,29.8,0.7813,8.5445,0.2825,0.33,0.8819,-1.2152
4306,143.533,7.116,7.111,bbox,40.474,37.168,36.222,29.8,0.7557,8.5551,,,,
4307,143.567,7.065,7.111,bbox,40.514,37.168,36.222,29.8,0.747,8.5795,,,,
4308,143.6,7.292,7.116,pose,40.514,37.168,36.259,29.8,0.7349,8.5954,0.032,0.0081,0.3633,-0.4611
4309,143.633,7.123,7.123,bbox,40.548,37.168,36.259,29.8,0.7258,8.6196,,,,
4310,143.667,7.099,7.116,bbox,40.548,37.168,36.299,29.8,0.7189,8.6321,,,,
4311,143.7,7.552,7.123,pose,40.548,37.168,36.299,29.8,0.721,8.6598,0.1303,0.2119,1.74,-1.1481
4312,143.733,7.08,7.123,bbox,40.548,37.168,36.336,29.8,0.7135,8.6751,,,,
4313,143.767,7.127,7.123,bbox,40.548,37.168,36.336,29.8,0.7134,8.7088,,,,
4314,143.8,7.066,7.099,pose,40.581,37.168,36.379,29.8,0.7118,8.735,0.0047,0.0596,0.9413,0.3919
4315,143.833,7.149,7.127,bbox,40.581,37.168,36.412,29.8,0.711,8.7584,,,,
4316,143.867,7.178,7.127,bbox,40.581,37.168,36.412,29.8,0.7087,8.8105,,,,
4317,143.9,7.223,7.149,pose,40.581,37.168,36.462,29.8,0.7087,8.8467,0.0205,0.0897,1.7368,0.5907
4318,143.933,7.195,7.178,bbox,40.581,37.168,36.514,29.8,0.7081,8.8775,,,,
4319,143.967,7.219,7.195,bbox,40.581,37.168,36.55,29.8,0.7069,8.9071,,,,
4320,144.0,7.421,7.219,pose,40.581,37.168,36.581,29.8,0.7069,8.9247,0.0079,0.1984,0.0642,0.2791
4321,144.033,7.322,7.223,bbox,40.581,37.168,36.581,29.8,0.7024,8.942,,,,
4322,144.067,7.299,7.299,bbox,40.581,37.168,36.628,29.8,0.7092,8.9531,,,,
4323,144.1,7.292,7.299,pose,40.581,37.168,36.628,29.8,0.7087,8.9595,0.0667,0.285,0.3764,0.7691
4324,144.133,7.405,7.322,bbox,40.581,37.168,36.628,29.8,0.7022,8.9812,,,,
4325,144.167,7.491,7.322,bbox,40.581,37.168,36.663,29.8,0.7013,9.0168,,,,
4326,144.2,7.883,7.405,pose,40.581,37.168,36.663,29.8,0.6994,9.0471,0.0137,0.2537,0.0389,0.5961
4327,144.233,7.585,7.491,bbox,40.581,37.168,36.72,29.8,0.7001,9.0711,,,,
4328,144.267,7.692,7.585,bbox,40.581,37.168,36.751,29.8,0.7046,9.0826,,,,
4329,144.3,7.729,7.692,bbox,40.581,37.168,36.751,29.8,0.7099,9.0982,0.0961,,0.1198,
4330,144.333,7.756,7.729,bbox,40.581,37.168,36.786,29.8,0.7147,9.1159,,,,
4331,144.367,7.833,7.729,bbox,40.581,37.168,36.786,29.8,0.7145,9.1322,,,,
4332,144.4,7.95,7.756,bbox,40.581,37.168,36.82,29.8,0.7158,9.1429,,0.2376,,0.6373
4333,144.433,8.004,7.833,bbox,40.581,37.168,36.82,29.8,0.7229,9.1644,,,,
4334,144.467,8.078,7.95,bbox,40.581,37.168,36.82,29.8,0.7246,9.1914,,,,
4335,144.5,7.725,7.95,pose,40.581,37.168,36.868,29.8,0.7366,9.2162,0.3276,0.3657,0.7952,0.5402
4336,144.533,8.161,8.004,bbox,40.581,37.168,36.868,29.8,0.7442,9.2406,,,,
4337,144.567,8.117,8.078,bbox,40.581,37.168,36.92,29.8,0.8132,9.2934,,,,
4338,144.6,7.584,8.078,pose,40.581,37.198,36.92,29.8,0.8517,9.3078,0.4714,0.5462,0.7869,0.7091
4339,144.633,8.035,8.035,bbox,40.581,37.267,36.997,29.8,0.8762,9.298,,,,
4340,144.667,7.988,8.035,bbox,40.581,37.306,36.997,29.8,0.9245,9.3014,,,,
4341,144.7,7.993,7.993,bbox,40.581,37.306,36.997,29.8,0.9381,9.3106,,,,
4342,144.733,7.992,7.992,bbox,40.581,37.379,36.997,29.8,0.9546,9.3151,,,,
4343,144.767,8.031,7.993,bbox,40.581,37.379,36.997,29.8,0.956,9.3264,,,,
4344,144.8,8.055,7.993,bbox,40.581,37.409,36.997,29.8,0.9593,9.3388,,,,
4345,144.833,8.011,8.011,bbox,40.581,37.409,37.03,29.8,0.9618,9.3423,,,,
4346,144.867,7.957,8.011,bbox,40.581,37.409,37.03,29.8,1.0251,9.3442,,,,
4347,144.9,7.906,8.011,bbox,40.581,37.409,37.03,29.8,1.05,9.3498,,,,
4348,144.933,7.892,7.957,bbox,40.581,37.479,37.03,29.8,1.0761,9.3643,,,,
4349,144.967,7.886,7.906,bbox,40.581,37.479,37.03,29.8,1.0904,9.3713,,,,
4350,145.0,7.91,7.906,bbox,40.581,37.53,37.068,29.8,1.1072,9.3868,,,,
4351,145.033,7.947,7.906,bbox,40.581,37.53,37.068,29.8,1.1439,9.3945,,,,
4352,145.067,7.978,7.91,bbox,40.581,37.561,37.068,29.8,1.1716,9.406,,,,
4353,145.1,7.936,7.936,bbox,40.581,37.598,37.098,29.8,1.195,9.4056,,0.0945,,0.768
4354,145.133,7.934,7.936,bbox,40.581,37.598,37.098,29.8,1.2075,9.4187,,,,
4355,145.167,7.939,7.939,bbox,40.581,37.649,37.098,29.8,1.2311,9.4249,,,,
4356,145.2,7.877,7.936,bbox,40.581,37.649,37.098,29.8,1.2594,9.4357,,0.2318,,0.7064
4357,145.233,7.916,7.934,bbox,40.581,37.685,37.129,29.8,1.2844,9.4377,,,,
4358,145.267,7.85,7.916,bbox,40.581,37.685,37.129,29.8,1.3151,9.4415,,,,
4359,145.3,7.744,7.877,bbox,40.581,37.739,37.129,29.8,1.3676,9.4342,,0.2692,,0.7336
4360,145.333,7.711,7.85,bbox,40.581,37.769,37.129,29.8,1.429,9.4312,,,,
4361,145.367,7.697,7.744,bbox,40.581,37.822,37.129,29.8,1.4637,9.4193,,,,
4362,145.4,7.675,7.711,bbox,40.581,37.883,37.129,29.8,1.5067,9.4113,,0.2638,,0.7384
4363,145.433,7.691,7.697,bbox,40.581,37.918,37.129,29.8,1.5432,9.4017,,,,
4364,145.467,7.571,7.691,bbox,40.581,37.961,37.129,29.8,1.5743,9.3956,,,,
4365,145.5,7.419,7.675,pose,40.581,37.997,37.129,29.8,1.5935,9.3836,0.1234,0.2638,-0.7528,0.7241
4366,145.533,7.497,7.571,bbox,40.581,38.028,37.129,29.8,1.6152,9.375,,,,
4367,145.567,7.371,7.497,bbox,40.581,38.028,37.129,29.841,1.6387,9.3586,,,,
4368,145.6,7.352,7.419,bbox,40.581,38.069,37.129,29.841,1.6364,9.3479,0.1524,,1.4611,
4369,145.633,7.322,7.371,bbox,40.581,38.069,37.129,29.841,1.6295,9.3311,,,,
4370,145.667,7.249,7.352,bbox,40.581,38.069,37.129,29.877,1.6408,9.3105,,,,
4371,145.7,7.245,7.322,bbox,40.581,38.069,37.129,29.877,1.6515,9.275,,0.0323,,-0.1397
4372,145.733,7.264,7.264,bbox,40.581,38.069,37.129,29.914,1.6693,9.272,,,,
4373,145.767,7.175,7.249,bbox,40.581,38.106,37.129,29.95,1.7081,9.2663,,,,
4374,145.8,7.07,7.245,bbox,40.581,38.106,37.129,29.95,1.7332,9.2631,0.0027,,1.4053,
4375,145.833,7.107,7.175,bbox,40.581,38.162,37.129,29.95,1.7675,9.2504,,,,
4376,145.867,7.03,7.107,bbox,40.581,38.162,37.129,29.95,1.7909,9.2369,,,,
4377,145.9,6.988,7.07,bbox,40.581,38.222,37.129,29.95,1.818,9.2097,0.0248,,2.0882,
4378,145.933,6.912,7.03,bbox,40.581,38.222,37.129,29.988,1.8368,9.183,,,,
4379,145.967,6.822,6.988,bbox,40.581,38.272,37.129,29.988,1.8535,9.1331,,,,
4380,146.0,6.832,6.912,pose,40.581,38.272,37.129,30.042,1.8782,9.1064,0.0154,0.0437,1.6146,-0.0097
4381,146.033,6.76,6.832,bbox,40.581,38.308,37.129,30.092,1.9047,9.0861,,,,
4382,146.067,6.688,6.822,bbox,40.581,38.308,37.129,30.092,1.9329,9.0656,,,,
4383,146.1,6.705,6.76,bbox,40.581,38.359,37.129,30.139,1.9522,9.0398,0.0315,,1.386,
4384,146.133,6.761,6.76,bbox,40.581,38.359,37.129,30.139,1.9778,9.0299,,,,
4385,146.167,6.748,6.748,bbox,40.581,38.406,37.129,30.185,2.0041,9.0172,,,,
4386,146.2,6.56,6.705,pose,40.581,38.406,37.129,30.185,2.024,8.9977,0.0082,0.0405,1.7113,0.2543
4387,146.233,6.581,6.705,bbox,40.581,38.458,37.129,30.185,2.0471,8.9794,,,,
4388,146.267,6.54,6.581,bbox,40.581,38.458,37.129,30.227,2.0817,8.9603,,,,
4389,146.3,6.319,6.56,pose,40.581,38.501,37.129,30.227,2.0897,8.9259,0.0512,0.1713,1.5832,-0.1879
4390,146.333,6.469,6.54,bbox,40.581,38.536,37.129,30.265,2.104,8.8898,,,,
4391,146.367,6.437,6.469,bbox,40.581,38.536,37.129,30.299,2.1199,8.8578,,,,
4392,146.4,6.366,6.437,bbox,40.581,38.536,37.129,30.335,2.1343,8.8131,0.0238,,1.2848,
4393,146.433,6.282,6.366,bbox,40.581,38.574,37.129,30.367,2.1505,8.7685,,,,
4394,146.467,6.253,6.366,bbox,40.581,38.574,37.129,30.412,2.1681,8.7419,,,,
4395,146.5,6.191,6.282,bbox,40.581,38.605,37.129,30.456,2.1879,8.6904,,0.1498,,0.6953
4396,146.533,6.141,6.253,bbox,40.581,38.605,37.129,30.456,2.2048,8.6242,,,,
4397,146.567,6.082,6.191,bbox,40.581,38.642,37.129,30.534,2.2213,8.555,,,,
4398,146.6,6.008,6.141,bbox,40.581,38.642,37.129,30.601,2.2457,8.5174,,0.5035,,0.7295
4399,146.633,5.953,6.082,bbox,40.581,38.675,37.129,30.67,2.2768,8.4845,,,,
4400,146.667,5.888,6.008,bbox,40.581,38.675,37.129,30.708,2.313,8.4588,,,,
4401,146.7,5.864,5.953,bbox,40.581,38.731,37.129,30.74,2.3532,8.4484,0.0835,,0.4687,
4402,146.733,5.815,5.888,bbox,40.581,38.767,37.129,30.74,2.4046,8.4463,,,,
4403,146.767,5.805,5.864,bbox,40.581,38.807,37.129,30.777,2.4271,8.4452,,,,
4404,146.8,6.094,5.864,pose,40.581,38.859,37.129,30.777,2.5057,8.4391,0.1478,0.5698,-0.6075,0.6942
4405,146.833,5.625,5.815,bbox,40.581,38.859,37.129,30.777,2.5414,8.4263,,,,
4406,146.867,5.597,5.805,bbox,40.581,38.96,37.129,30.777,2.5607,8.4135,,,,
4407,146.9,5.568,5.625,bbox,40.581,38.995,37.129,30.777,2.5768,8.3966,0.0176,,-0.138,
4408,146.933,5.575,5.597,bbox,40.581,38.995,37.129,30.811,2.5811,8.3615,,,,
4409,146.967,5.535,5.575,bbox,40.581,39.031,37.129,30.811,2.5932,8.3247,,,,
4410,147.0,5.346,5.568,bbox,40.581,39.031,37.129,30.863,2.6139,8.2838,,0.1493,,-0.1454
4411,147.033,5.272,5.535,bbox,40.581,39.031,37.129,30.9,2.6228,8.242,,,,
4412,147.067,5.192,5.346,bbox,40.581,39.068,37.129,30.941,2.6298,8.2119,,,,
4413,147.1,5.144,5.272,bbox,40.581,39.068,37.129,30.983,2.6324,8.1888,0.0841,,0.0247,
4414,147.133,5.062,5.192,bbox,40.581,39.068,37.129,31.013,2.6428,8.166,,,,
4415,147.167,5.07,5.144,bbox,40.581,39.068,37.129,31.013,2.6466,8.1416,,,,
4416,147.2,4.898,5.07,bbox,40.581,39.068,37.129,31.059,3.8502,8.1162,0.0558,,0.2464,
4417,147.233,4.869,5.062,bbox,40.581,39.101,37.129,31.059,3.8506,8.0918,,,,
4418,147.267,4.982,4.982,bbox,40.581,39.251,37.129,31.109,3.8507,8.065,,,,
4419,147.3,4.893,4.898,pose,40.581,39.251,37.129,31.109,3.8522,8.044,0.1761,0.1584,0.2904,0.6401
4420,147.333,5.007,4.898,bbox,40.581,39.251,37.129,31.16,3.8529,8.0245,,,,
4421,147.367,4.867,4.893,bbox,40.581,39.251,37.129,31.16,3.8519,8.0106,,,,
4422,147.4,4.852,4.893,bbox,40.581,39.251,37.129,31.2,3.8511,7.9994,0.0717,,0.1671,
4423,147.433,4.808,4.867,bbox,40.581,39.251,37.129,31.2,3.8514,7.9838,,,,
4424,147.467,4.653,4.852,bbox,40.581,39.251,37.129,31.2,2.7484,7.9597,,,,
4425,147.5,,,,40.581,39.251,37.129,31.2,,,,,,
4426,147.533,4.67,4.808,bbox,40.581,39.251,37.129,31.241,3.8531,7.9197,,,,
4427,147.567,,,,40.581,39.251,37.129,31.241,,,,,,
4428,147.6,4.821,4.808,pose,40.581,39.251,37.129,31.241,3.8544,7.8766,0.4834,0.005,-1.669,-0.144
4429,147.633,,,,40.581,39.251,37.129,31.241,,,,,,
4430,147.667,,,,40.581,39.251,37.129,31.241,,,,,,
4431,147.7,,,,40.581,39.251,37.129,31.241,,,,,,
4432,147.733,4.542,4.67,bbox,40.581,39.251,37.129,31.305,3.8555,7.7693,,,,
4433,147.767,4.59,4.653,bbox,40.581,39.251,37.129,31.348,3.8552,7.7199,,,,
4434,147.8,4.948,4.67,pose,40.581,39.251,37.129,31.456,3.8549,7.7207,0.4263,0.2081,-1.4491,0.7551
4435,147.833,4.552,4.59,bbox,40.581,39.251,37.129,31.504,3.855,7.7024,,,,
4436,147.867,4.501,4.552,bbox,40.581,39.251,37.129,31.504,3.8551,7.652,,,,
4437,147.9,4.482,4.552,bbox,40.581,39.251,37.129,31.504,3.8558,7.6263,0.4488,,-1.5671,
4438,147.933,4.456,4.501,bbox,40.581,39.251,37.129,31.573,3.8567,7.6043,,,,
4439,147.967,4.428,4.482,bbox,40.581,39.251,37.129,31.573,3.8566,7.5925,,,,
4440,148.0,4.429,4.456,bbox,40.581,39.251,37.129,31.621,3.8559,7.5812,0.4699,,-1.6092,
4441,148.033,4.443,4.443,bbox,40.581,39.251,37.129,31.621,3.8561,7.5732,,,,
4442,148.067,4.449,4.443,bbox,40.581,39.251,37.129,31.621,3.8556,7.5683,,,,
4443,148.1,5.174,4.443,pose,40.581,39.251,37.129,31.652,3.8556,7.5601,0.4861,0.3718,-1.647,0.7029
4444,148.133,4.419,4.443,bbox,40.581,39.251,37.129,31.652,3.8562,7.547,,,,
4445,148.167,4.438,4.443,bbox,40.581,39.251,37.129,31.652,3.8562,7.5395,,,,
4446,148.2,4.444,4.444,bbox,40.581,39.251,37.129,31.652,3.8566,7.5378,0.4555,,-1.5297,
4447,148.233,4.452,4.444,bbox,40.581,39.251,37.129,31.685,3.8608,7.5186,,,,
4448,148.267,4.444,4.444,bbox,40.581,39.251,37.129,31.685,3.8571,7.5103,,,,
4449,148.3,4.457,4.444,bbox,40.581,39.251,37.129,31.685,3.8561,7.4936,0.4581,,-1.5577,
4450,148.333,4.429,4.444,bbox,40.581,39.251,37.129,31.685,3.8557,7.4792,,,,
4451,148.367,4.425,4.444,bbox,40.581,39.251,37.129,31.731,3.8557,7.4734,,,,
4452,148.4,4.721,4.444,pose,40.581,39.251,37.129,31.731,3.8556,7.4562,0.4746,0.0606,-1.6008,0.6241
4453,148.433,4.373,4.429,bbox,40.581,39.251,37.129,31.731,3.8561,7.4412,,,,
4454,148.467,4.368,4.425,bbox,40.581,39.251,37.129,31.769,3.8561,7.4298,,,,
4455,148.5,4.384,4.384,bbox,40.581,39.251,37.129,31.769,3.8566,7.4257,0.4824,,-1.7177,
4456,148.533,2.064,4.373,bbox,40.581,39.251,37.129,31.769,3.8571,2.1599,,,,
4457,148.567,1.998,4.368,bbox,40.581,39.251,37.129,31.799,3.8574,2.1691,,,,
4458,148.6,3.581,3.581,pose,40.581,39.251,37.129,31.949,3.857,2.1577,0.4772,0.4224,-1.6599,0.7689
4459,148.633,2.024,2.064,bbox,40.581,39.251,37.129,31.949,3.8568,2.1298,,,,
4460,148.667,2.028,2.028,bbox,40.581,39.251,37.129,31.949,3.857,2.1168,,,,
4461,148.7,3.737,2.028,pose,40.581,39.251,37.129,31.988,3.8568,2.0909,0.4692,0.4427,-1.6868,0.8171
4462,148.733,2.155,2.155,bbox,40.581,39.251,37.129,31.988,3.8605,2.0385,,,,
4463,148.767,2.253,2.155,bbox,40.581,39.251,37.129,32.027,3.8608,1.9841,,,,
4464,148.8,5.236,2.253,bbox,40.581,39.251,37.129,32.08,7.4357,1.9399,,0.2609,,0.8339
4465,148.833,5.266,3.737,bbox,40.581,39.251,37.129,32.134,7.4405,1.9044,,,,
4466,148.867,5.22,5.22,bbox,40.581,39.411,37.129,32.178,7.4374,1.8583,,,,
4467,148.9,5.194,5.22,bbox,40.581,39.411,37.129,32.214,7.4131,1.8276,,0.0133,,0.8537
4468,148.933,5.129,5.22,bbox,40.581,39.411,37.129,32.26,7.3976,1.8028,,,,
4469,148.967,5.104,5.194,bbox,40.581,39.411,37.129,32.291,7.3714,1.7851,,,,
4470,149.0,5.129,5.129,bbox,40.619,39.411,37.129,32.291,7.3536,1.7473,,0.166,,0.8777
4471,149.033,5.184,5.129,bbox,40.619,39.411,37.129,32.333,7.3538,1.6937,,,,
4472,149.067,5.273,5.129,bbox,40.653,39.411,37.129,32.371,7.364,1.6375,,,,
4473,149.1,3.625,5.129,pose,40.653,39.411,37.129,32.425,7.382,1.5814,0.1879,0.4886,0.0272,0.8482
4474,149.133,5.394,5.184,bbox,40.653,39.411,37.129,32.481,7.3962,1.5221,,,,
4475,149.167,,,,40.653,39.411,37.129,32.481,,,,,,
4476,149.2,5.456,5.273,bbox,40.653,39.411,37.129,32.537,7.4193,1.4686,,0.6873,,0.8093
4477,149.233,,,,40.653,39.411,37.129,32.537,,,,,,
4478,149.267,,,,40.653,39.411,37.129,32.537,,,,,,
4479,149.3,5.585,5.394,bbox,40.653,39.443,37.129,32.596,7.4627,1.4517,,0.7176,,0.8334
4480,149.333,5.596,5.456,bbox,40.653,39.443,37.129,32.65,7.4667,1.4426,,,,
4481,149.367,5.628,5.585,bbox,40.653,39.51,37.129,32.65,7.4793,1.4288,,,,
4482,149.4,5.616,5.596,bbox,40.653,39.51,37.129,32.65,7.4945,1.4179,,0.706,,0.8264
4483,149.433,5.631,5.616,bbox,40.653,39.51,37.129,32.689,7.5146,1.4067,,,,
4484,149.467,4.33,5.616,bbox,40.653,39.542,37.129,32.689,7.5484,3.8567,,,,
4485,149.5,4.47,5.616,pose,40.653,39.542,37.129,32.689,7.5651,3.8574,0.0223,0.4455,-0.4022,-1.6904
4486,149.533,4.302,4.47,bbox,40.653,39.596,37.279,32.689,7.5839,3.8583,,,,
4487,149.567,4.346,4.346,bbox,40.653,39.596,37.279,32.689,7.6153,3.8584,,,,
4488,149.6,4.369,4.346,bbox,40.653,39.631,37.279,32.689,7.6395,3.858,,0.4459,,-1.6881
4489,149.633,5.992,4.369,bbox,40.653,39.663,37.279,32.689,7.6629,1.1236,,,,
4490,149.667,6.022,4.369,bbox,40.653,39.663,37.279,32.689,7.6799,1.0951,,,,
4491,149.7,6.045,5.992,bbox,40.653,39.71,37.279,32.838,7.6906,1.0819,,0.0055,,0.8143
4492,149.733,6.041,6.022,bbox,40.653,39.71,37.279,32.838,7.6979,1.0625,,,,
4493,149.767,6.021,6.022,bbox,40.653,39.71,37.279,32.88,7.6998,1.0516,,,,
4494,149.8,4.478,6.022,bbox,40.653,39.745,37.279,32.88,7.7092,3.8583,,0.4218,,-1.5451
4495,149.833,4.461,6.021,bbox,40.653,39.745,37.279,32.88,7.718,3.8584,,,,
4496,149.867,4.472,4.478,bbox,40.653,39.745,37.429,32.88,7.7255,3.8586,,,,
4497,149.9,4.511,4.478,bbox,40.653,39.745,37.429,32.88,7.7325,3.859,,0.4308,,-1.5877
4498,149.933,4.53,4.478,bbox,40.653,39.745,37.429,32.88,7.7478,3.8597,,,,
4499,149.967,4.548,4.511,bbox,40.653,39.78,37.429,32.88,7.7537,3.8596,,,,
4500,150.0,4.621,4.53,bbox,40.653,39.78,37.429,32.88,7.7556,3.8618,,0.2738,,-0.8316
4501,150.033,4.629,4.548,bbox,40.653,39.78,37.429,32.88,7.7736,3.8621,,,,
4502,150.067,4.65,4.621,bbox,40.653,39.78,37.429,32.88,7.7945,3.862,,,,
4503,150.1,4.648,4.629,bbox,40.653,39.821,37.429,32.88,7.8171,3.862,,0.2832,,-0.8382
4504,150.133,4.594,4.629,bbox,40.653,39.821,37.429,32.88,7.8378,3.8619,,,,
4505,150.167,4.6,4.629,bbox,40.653,39.864,37.429,32.88,7.8482,3.8618,,,,
4506,150.2,4.583,4.6,bbox,40.653,39.864,37.429,32.88,7.8637,3.8553,,0.2627,,-0.6768
4507,150.233,4.639,4.6,bbox,40.653,39.895,37.429,32.88,7.8771,3.8607,,,,
4508,150.267,4.638,4.6,bbox,40.653,39.895,37.429,32.88,7.884,3.8553,,,,
4509,150.3,4.657,4.638,bbox,40.653,39.895,37.429,32.88,7.8889,3.8546,,0.3993,,-1.3533
4510,150.333,4.67,4.639,bbox,40.653,39.931,37.429,32.88,7.8972,3.8547,,,,
4511,150.367,4.663,4.657,bbox,40.653,39.931,37.429,32.88,7.9014,3.8548,,,,
4512,150.4,4.707,4.663,bbox,40.653,39.931,37.429,32.88,7.9039,3.8612,,0.2447,,-0.6575
4513,150.433,4.704,4.67,bbox,40.653,39.931,37.429,32.88,7.9062,3.8564,,,,
4514,150.467,4.709,4.704,bbox,40.653,39.931,37.429,32.88,7.9082,3.8559,,,,
4515,150.5,6.241,4.707,bbox,40.653,39.931,37.429,32.88,7.9105,1.1345,,0.1993,,0.9012
4516,150.533,6.232,4.709,bbox,40.653,39.931,37.429,32.88,7.9149,1.1506,,,,
4517,150.567,6.234,6.232,bbox,40.653,39.931,37.429,33.032,7.9184,1.1876,,,,
4518,150.6,6.182,6.232,bbox,40.653,39.962,37.429,33.032,7.9216,1.2075,,0.27,,0.8662
4519,150.633,4.636,6.232,bbox,40.653,39.962,37.429,33.032,7.9254,3.8554,,,,
4520,150.667,4.609,6.182,bbox,40.653,39.962,37.429,33.032,7.9321,3.8555,,,,
4521,150.7,,,,40.653,39.962,37.429,33.032,,,,,,
4522,150.733,4.606,4.636,bbox,40.653,39.962,37.598,33.032,7.9528,3.8552,,,,
4523,150.767,4.691,4.636,bbox,40.653,39.962,37.598,33.032,7.9674,3.8553,,,,
4524,150.8,,,,40.653,39.962,37.598,33.032,,,,,,
4525,150.833,4.741,4.636,bbox,40.653,40.0,37.598,33.032,7.979,3.8553,,,,
4526,150.867,6.18,4.691,bbox,40.653,40.0,37.598,33.032,7.9877,1.3097,,,,
4527,150.9,6.188,4.741,bbox,40.653,40.0,37.598,33.032,7.9937,1.3223,,,,
4528,150.933,6.154,6.154,bbox,40.653,40.035,37.598,33.182,8.0017,1.3511,,,,
4529,150.967,6.188,6.18,bbox,40.653,40.035,37.598,33.182,8.0061,1.3749,,,,
4530,151.0,6.146,6.18,bbox,40.653,40.035,37.598,33.182,8.0069,1.4,,0.021,,0.8469
4531,151.033,6.141,6.154,bbox,40.653,40.035,37.598,33.182,8.0185,1.4442,,,,
4532,151.067,4.869,6.146,bbox,40.653,40.035,37.647,33.182,8.0315,3.8562,,,,
4533,151.1,4.885,6.141,bbox,40.653,40.066,37.692,33.182,8.019,3.856,,0.0978,,0.5518
4534,151.133,4.88,4.885,bbox,40.653,40.066,37.842,33.182,8.0296,3.8564,,,,
4535,151.167,4.838,4.88,bbox,40.653,40.066,37.842,33.182,8.0228,3.857,,,,
4536,151.2,5.891,4.88,bbox,40.653,40.066,37.842,33.182,8.03,1.6544,,0.4655,,0.8522
4537,151.233,5.91,4.885,bbox,40.653,40.066,37.842,33.182,8.0361,1.6725,,,,
4538,151.267,5.887,5.887,bbox,40.653,40.066,37.842,33.332,8.0417,1.6914,,,,
4539,151.3,5.894,5.891,bbox,40.653,40.066,37.842,33.332,8.0525,1.7016,,0.4343,,0.8236
4540,151.333,5.902,5.894,bbox,40.653,40.066,37.842,33.332,8.0611,1.707,,,,
4541,151.367,5.901,5.901,bbox,40.653,40.1,37.842,33.332,8.076,1.7199,,,,
4542,151.4,5.871,5.894,bbox,40.653,40.1,37.842,33.332,8.083,1.7368,,0.3275,,0.8188
4543,151.433,5.856,5.894,bbox,40.653,40.1,37.842,33.332,8.078,1.7635,,,,
4544,151.467,5.822,5.871,bbox,40.653,40.1,37.887,33.332,8.076,1.799,,,,
4545,151.5,5.694,5.856,bbox,40.653,40.1,37.887,33.332,8.0784,1.8281,,0.0993,,0.8092
4546,151.533,5.673,5.822,bbox,40.653,40.1,37.949,33.332,8.0734,1.8531,,,,
4547,151.567,5.658,5.694,bbox,40.653,40.1,37.949,33.332,8.0632,1.8797,,,,
4548,151.6,5.628,5.673,bbox,40.653,40.1,38.003,33.332,8.0556,1.9062,,0.0021,,0.8392
4549,151.633,5.571,5.658,bbox,40.653,40.1,38.003,33.332,8.0488,1.9305,,,,
4550,151.667,5.555,5.628,bbox,40.653,40.1,38.056,33.332,8.0509,1.9588,,,,
4551,151.7,,,,40.653,40.1,38.056,33.332,,,,,,
4552,151.733,5.572,5.572,bbox,40.653,40.1,38.056,33.332,8.0377,2.0142,,,,
4553,151.767,5.591,5.572,bbox,40.653,40.1,38.109,33.332,8.0202,2.0439,,,,
4554,151.8,5.527,5.571,bbox,40.653,40.1,38.164,33.332,8.0029,2.0637,,0.2658,,0.7669
4555,151.833,5.53,5.555,bbox,40.685,40.1,38.164,33.332,7.9838,2.0717,,,,
4556,151.867,5.468,5.53,bbox,40.685,40.1,38.214,33.332,7.9695,2.0808,,,,
4557,151.9,5.427,5.527,bbox,40.722,40.1,38.214,33.332,7.9482,2.0879,,0.0467,,0.7217
4558,151.933,5.398,5.468,bbox,40.722,40.1,38.214,33.332,7.9181,2.0918,,,,
4559,151.967,,,,40.722,40.1,38.214,33.332,,,,,,
4560,152.0,5.292,5.427,bbox,40.757,40.1,38.214,33.332,7.8573,2.1187,,0.1219,,0.7346
4561,152.033,4.604,5.398,bbox,40.787,40.1,38.214,33.332,7.8187,3.9075,,,,
4562,152.067,4.579,5.292,bbox,40.848,40.1,38.269,33.332,7.797,3.9152,,,,
4563,152.1,4.577,4.604,bbox,40.887,40.1,38.419,33.332,7.7613,3.9186,,0.5383,,-1.9305
4564,152.133,4.616,4.604,bbox,40.887,40.1,38.419,33.332,7.7489,3.9169,,,,
4565,152.167,4.498,4.579,bbox,40.944,40.1,38.419,33.332,7.6881,3.9221,,,,
4566,152.2,4.486,4.577,bbox,40.944,40.1,38.419,33.332,7.6763,3.9181,,0.561,,-2.079
4567,152.233,4.479,4.498,bbox,41.017,40.1,38.419,33.332,7.6626,3.9187,,,,
4568,152.267,4.485,4.486,bbox,41.017,40.1,38.419,33.332,7.6587,3.9183,,,,
4569,152.3,6.191,4.486,pose,41.017,40.1,38.419,33.332,7.6533,3.9185,0.5242,0.57,0.6905,-2.2895
4570,152.333,,,,41.017,40.1,38.419,33.332,,,,,,
4571,152.367,,,,41.017,40.1,38.419,33.332,,,,,,
4572,152.4,,,,41.017,40.1,38.419,33.332,,,,,,
4573,152.433,4.36,4.485,bbox,41.017,40.1,38.419,33.332,7.6029,3.9008,,,,
4574,152.467,4.343,4.479,bbox,41.052,40.1,38.419,33.332,7.5762,3.8951,,,,
4575,152.5,4.342,4.36,bbox,41.103,40.1,38.419,33.332,7.5356,3.8878,,0.5977,,-2.5925
4576,152.533,4.321,4.343,bbox,41.103,40.1,38.419,33.332,7.5135,3.8796,,,,
4577,152.567,4.264,4.342,bbox,41.17,40.1,38.419,33.332,7.487,3.8783,,,,
4578,152.6,4.217,4.321,bbox,41.17,40.1,38.419,33.332,7.4431,3.8768,,0.5982,,-2.4825
4579,152.633,4.156,4.264,bbox,41.218,40.1,38.419,33.332,7.3879,3.8756,,,,
4580,152.667,,,,41.218,40.1,38.419,33.332,,,,,,
4581,152.7,,,,41.218,40.1,38.419,33.332,,,,,,
4582,152.733,,,,41.218,40.1,38.419,33.332,,,,,,
4583,152.767,,,,41.218,40.1,38.419,33.332,,,,,,
4584,152.8,,,,41.218,40.1,38.419,33.332,,,,,,
4585,152.833,,,,41.218,40.1,38.419,33.332,,,,,,
4586,152.867,,,,41.218,40.1,38.419,33.332,,,,,,
4587,152.9,,,,41.218,40.1,38.419,33.332,,,,,,
4588,152.933,4.305,4.264,bbox,41.262,40.1,38.419,33.363,7.3968,2.7643,,,,
4589,152.967,4.264,4.264,bbox,41.262,40.1,38.419,33.363,7.4243,2.792,,,,
4590,153.0,4.242,4.242,bbox,41.262,40.1,38.419,33.514,7.4309,2.8025,,0.5081,,0.8091
4591,153.033,4.228,4.242,bbox,41.262,40.1,38.419,33.514,7.4352,2.8269,,,,
4592,153.067,4.249,4.249,bbox,41.262,40.1,38.419,33.514,7.4602,2.8432,,,,
4593,153.1,4.24,4.242,bbox,41.262,40.1,38.419,33.514,7.4644,2.8432,,0.4062,,0.7585
4594,153.133,4.252,4.242,bbox,41.262,40.1,38.46,33.514,7.483,2.8659,,,,
4595,153.167,4.267,4.249,bbox,41.262,40.1,38.46,33.514,7.4872,2.8553,,,,
4596,153.2,4.316,4.252,bbox,41.262,40.14,38.46,33.514,7.5015,2.8377,,0.4117,,0.7584
4597,153.233,4.344,4.267,bbox,41.262,40.14,38.46,33.514,7.513,2.8443,,,,
4598,153.267,4.339,4.316,bbox,41.262,40.14,38.46,33.514,7.517,2.8385,,,,
4599,153.3,4.353,4.339,bbox,41.262,40.14,38.46,33.514,7.5284,2.8343,,0.4331,,0.7888
4600,153.333,4.375,4.344,bbox,41.262,40.174,38.46,33.514,7.5448,2.8216,,,,
4601,153.367,4.384,4.353,bbox,41.262,40.174,38.46,33.514,7.5449,2.8171,,,,
4602,153.4,4.384,4.375,bbox,41.262,40.174,38.46,33.514,7.5346,2.8131,,0.4192,,0.7857
4603,153.433,4.4,4.384,bbox,41.262,40.174,38.46,33.514,7.5315,2.8031,,,,
4604,153.467,4.393,4.384,bbox,41.262,40.174,38.46,33.544,7.5137,2.7944,,,,
4605,153.5,4.413,4.393,bbox,41.262,40.174,38.46,33.544,7.5071,2.782,,0.4168,,0.7601
4606,153.533,,,,41.262,40.174,38.46,33.544,,,,,,
4607,153.567,4.432,4.4,bbox,41.262,40.174,38.46,33.544,7.4839,2.7445,,,,
4608,153.6,,,,41.262,40.174,38.46,33.544,,,,,,
4609,153.633,,,,41.262,40.174,38.46,33.544,,,,,,
4610,153.667,,,,41.262,40.174,38.46,33.544,,,,,,
4611,153.7,,,,41.262,40.174,38.46,33.544,,,,,,
4612,153.733,,,,41.262,40.174,38.46,33.544,,,,,,
4613,153.767,,,,41.262,40.174,38.46,33.544,,,,,,
4614,153.8,,,,41.262,40.174,38.46,33.544,,,,,,
4615,153.833,4.313,4.4,bbox,41.262,40.174,38.46,33.575,7.2748,2.6442,,,,
4616,153.867,4.257,4.393,bbox,41.295,40.174,38.46,33.613,7.2422,2.6548,,,,
4617,153.9,4.243,4.313,bbox,41.445,40.174,38.46,33.703,7.2161,2.6548,,0.4236,,0.7459
4618,153.933,4.201,4.257,bbox,41.478,40.174,38.46,33.703,7.1786,2.6603,,,,
4619,153.967,,,,41.478,40.174,38.46,33.703,,,,,,
4620,154.0,,,,41.478,40.174,38.46,33.703,,,,,,
4621,154.033,4.078,4.243,bbox,41.478,40.174,38.46,33.703,7.0762,2.6712,,,,
4622,154.067,4.016,4.201,bbox,41.542,40.174,38.46,33.703,7.0305,2.6876,,,,
4623,154.1,3.992,4.078,bbox,41.644,40.174,38.46,33.703,6.9918,2.6848,,0.413,,0.8054
4624,154.133,3.95,4.016,bbox,41.69,40.174,38.49,33.703,6.9739,2.6943,,,,
4625,154.167,3.89,3.992,bbox,41.728,40.174,38.49,33.703,6.945,2.694,,,,
4626,154.2,3.884,3.95,bbox,41.728,40.174,38.49,33.703,6.9255,2.6962,,0.4125,,0.8279
4627,154.233,3.853,3.89,bbox,41.775,40.174,38.49,33.703,6.9114,2.6892,,,,
4628,154.267,3.861,3.884,bbox,41.775,40.174,38.49,33.703,6.8969,2.6828,,,,
4629,154.3,3.864,3.864,bbox,41.809,40.174,38.49,33.703,6.884,2.6782,,0.4438,,0.8207
4630,154.333,3.839,3.861,bbox,41.809,40.174,38.49,33.703,6.8691,2.6768,,,,
4631,154.367,3.853,3.853,bbox,41.809,40.174,38.49,33.703,6.8663,2.6644,,,,
4632,154.4,3.964,3.861,pose,41.851,40.174,38.49,33.703,6.8554,2.6602,0.0929,0.4567,0.7382,0.8224
4633,154.433,3.87,3.864,bbox,41.851,40.174,38.49,33.703,6.8393,2.67,,,,
4634,154.467,3.869,3.869,bbox,41.851,40.174,38.49,33.703,6.8311,2.6777,,,,
4635,154.5,3.878,3.87,pose,41.851,40.174,38.49,33.703,6.7959,2.6849,0.0767,0.564,0.7436,0.7471
4636,154.533,3.861,3.87,bbox,41.889,40.174,38.49,33.703,6.7815,2.6981,,,,
4637,154.567,3.835,3.869,bbox,41.924,40.174,38.49,33.703,6.7518,2.716,,,,
4638,154.6,3.798,3.861,bbox,41.924,40.174,38.49,33.703,6.7408,2.7406,,0.7918,,0.6824
4639,154.633,3.761,3.835,bbox,41.968,40.174,38.521,33.703,6.7295,2.7727,,,,
4640,154.667,3.775,3.798,bbox,41.968,40.174,38.521,33.703,6.7115,2.7967,,,,
4641,154.7,3.774,3.775,bbox,41.968,40.174,38.577,33.703,6.7029,2.813,,0.4252,,-2.1088
4642,154.733,3.748,3.774,bbox,42.009,40.174,38.577,33.703,6.6601,2.8349,,,,
4643,154.767,3.681,3.761,bbox,42.009,40.174,38.618,33.703,6.6085,2.8711,,,,
4644,154.8,3.609,3.748,bbox,42.06,40.174,38.618,33.703,6.5269,2.9007,,0.0121,,0.0034
4645,154.833,3.552,3.681,bbox,42.112,40.174,38.676,33.703,6.4656,2.9259,,,,
4646,154.867,3.539,3.609,bbox,42.193,40.174,38.676,33.703,6.4456,2.9488,,,,
4647,154.9,3.412,3.552,pose,42.255,40.174,38.731,33.703,6.4266,2.9576,0.0805,0.6163,1.615,-1.1344
4648,154.933,3.519,3.539,bbox,42.255,40.174,38.731,33.703,6.4179,2.9667,,,,
4649,154.967,3.454,3.519,bbox,42.294,40.174,38.762,33.703,6.3901,2.9751,,,,
4650,155.0,3.383,3.454,bbox,42.294,40.174,38.762,33.703,6.3646,2.991,,0.3418,,0.0617
4651,155.033,3.317,3.412,bbox,42.33,40.174,38.762,33.703,6.343,3.018,,,,
4652,155.067,3.181,3.383,bbox,42.33,40.174,38.796,33.703,6.2689,3.0476,,,,
4653,155.1,3.099,3.317,bbox,42.377,40.174,38.796,33.703,6.2003,3.064,,0.5585,,-2.1111
4654,155.133,3.036,3.181,bbox,42.451,40.174,38.852,33.703,6.1595,3.0745,,,,
4655,155.167,2.968,3.099,bbox,42.52,40.174,38.852,33.703,6.1083,3.095,,,,
4656,155.2,3.471,3.099,pose,42.561,40.174,38.852,33.703,6.0727,3.1003,0.7708,0.5336,0.6811,-1.8224
4657,155.233,2.926,3.036,bbox,42.612,40.174,38.9,33.703,6.0489,3.1031,,,,
4658,155.267,2.944,2.968,bbox,42.648,40.174,38.9,33.703,6.02,3.0931,,,,
4659,155.3,3.049,2.968,pose,42.648,40.174,38.9,33.703,6.0178,3.0974,0.1365,0.1466,0.9717,0.4641
4660,155.333,2.959,2.959,bbox,42.7,40.174,38.9,33.703,5.9898,3.0999,,,,
4661,155.367,2.931,2.944,bbox,42.7,40.174,38.9,33.703,5.9621,3.1006,,,,
4662,155.4,3.336,2.959,pose,42.73,40.174,38.9,33.703,5.9261,3.0976,0.0658,0.5862,0.6623,-1.9702
4663,155.433,2.867,2.959,bbox,42.73,40.174,38.9,33.703,5.929,3.0999,,,,
4664,155.467,2.819,2.931,bbox,42.791,40.174,38.9,33.703,5.9183,3.0919,,,,
4665,155.5,3.448,2.931,pose,42.791,40.174,38.9,33.703,5.928,3.0904,0.0656,0.6198,0.3841,-2.0405
4666,155.533,2.8,2.867,bbox,42.791,40.174,38.9,33.703,5.933,3.0972,,,,
4667,155.567,2.774,2.819,bbox,42.791,40.174,38.9,33.703,5.9136,3.1044,,,,
4668,155.6,2.624,2.8,pose,42.791,40.174,38.9,33.703,5.9117,3.0962,0.1826,0.5505,-0.1193,-1.9806
4669,155.633,2.843,2.8,bbox,42.791,40.174,38.9,33.703,5.9042,3.0796,,,,
4670,155.667,2.85,2.8,bbox,42.791,40.174,38.9,33.703,5.8632,3.0713,,,,
4671,155.7,2.876,2.843,bbox,42.791,40.174,38.9,33.703,5.8791,3.0806,,0.4845,,-1.8994
4672,155.733,2.876,2.85,bbox,42.832,40.174,38.9,33.703,5.8886,3.1112,,,,
4673,155.767,2.845,2.85,bbox,42.832,40.174,38.9,33.703,5.8821,3.1435,,,,
4674,155.8,2.789,2.85,bbox,42.832,40.174,38.9,33.703,5.8695,3.2133,,0.5202,,-1.9605
4675,155.833,2.675,2.845,bbox,42.832,40.174,38.948,33.703,5.8158,3.2879,,,,
4676,155.867,2.503,2.789,bbox,42.832,40.174,39.018,33.703,5.7507,3.3933,,,,
4677,155.9,2.398,2.675,bbox,42.905,40.174,39.093,33.703,5.682,3.4527,0.0533,,-0.444,
4678,155.933,2.432,2.503,bbox,42.97,40.174,39.198,33.703,5.715,3.4809,,,,
4679,155.967,2.428,2.432,bbox,43.003,40.174,39.257,33.703,5.7168,3.4993,,,,
4680,156.0,2.423,2.428,bbox,43.003,40.174,39.257,33.703,5.7113,3.5074,,,,
4681,156.033,2.429,2.428,bbox,43.003,40.174,39.301,33.703,5.7107,3.4961,,,,
4682,156.067,2.439,2.429,bbox,43.003,40.174,39.301,33.703,5.6733,3.4591,,,,
4683,156.1,2.537,2.429,bbox,43.003,40.174,39.301,33.703,5.6918,3.4065,,,,
4684,156.133,2.558,2.439,bbox,43.003,40.174,39.301,33.74,5.6836,3.4151,,,,
4685,156.167,2.553,2.537,bbox,43.037,40.174,39.301,33.784,5.6816,3.3742,,,,
4686,156.2,4.98,2.553,pose,43.037,40.174,39.301,33.784,5.684,3.3507,0.7058,0.2907,0.3595,-0.5424
4687,156.233,2.584,2.558,bbox,43.037,40.174,39.301,33.824,5.6693,3.3072,,,,
4688,156.267,2.669,2.584,bbox,43.037,40.174,39.301,33.824,5.7387,3.2669,,,,
4689,156.3,2.773,2.669,bbox,43.037,40.174,39.301,33.891,5.8374,3.2344,,0.0204,,-0.2603
4690,156.333,2.88,2.773,bbox,43.037,40.229,39.301,33.932,5.8994,3.2117,,,,
4691,156.367,2.93,2.773,bbox,43.037,40.327,39.301,33.964,5.9295,3.1679,,,,
4692,156.4,3.997,2.88,pose,43.037,40.389,39.301,33.964,5.9394,3.1371,0.4393,0.383,0.0509,-1.875
4693,156.433,3.052,2.93,bbox,43.037,40.419,39.301,34.031,5.9422,3.0925,,,,
4694,156.467,3.064,3.052,bbox,43.037,40.419,39.301,34.061,5.9124,3.058,,,,
4695,156.5,3.131,3.064,bbox,43.037,40.419,39.301,34.106,5.9094,3.0132,,0.0704,,-0.5893
4696,156.533,3.152,3.131,bbox,43.037,40.419,39.301,34.141,5.9025,2.9963,,,,
4697,156.567,3.19,3.131,bbox,43.037,40.419,39.301,34.185,5.9034,2.969,,,,
4698,156.6,3.141,3.141,bbox,43.037,40.419,39.301,34.185,5.8823,2.9577,,,,
4699,156.633,3.109,3.141,bbox,43.037,40.419,39.301,34.23,5.8798,2.9536,,,,
4700,156.667,3.007,3.141,bbox,43.084,40.419,39.301,34.23,5.8393,2.9491,,,,
4701,156.7,2.929,3.109,bbox,43.084,40.419,39.301,34.23,5.7868,2.9266,,0.0077,,0.1861
4702,156.733,2.874,3.007,bbox,43.127,40.419,39.301,34.23,5.7522,2.9164,,,,
4703,156.767,2.918,2.929,bbox,43.179,40.419,39.301,34.272,5.7587,2.9124,,,,
4704,156.8,3.661,2.929,pose,43.179,40.419,39.301,34.272,5.7355,2.9151,0.0864,1.1025,1.758,0.6518
4705,156.833,2.927,2.927,bbox,43.214,40.419,39.301,34.272,5.7086,2.913,,,,
4706,156.867,2.96,2.927,bbox,43.214,40.419,39.301,34.272,5.6974,2.9122,,,,
4707,156.9,2.988,2.96,bbox,43.258,40.419,39.301,34.272,5.6627,2.9122,,0.096,,0.4395
4708,156.933,2.879,2.96,bbox,43.258,40.419,39.301,34.272,5.4514,2.9144,,,,
4709,156.967,2.89,2.927,bbox,43.304,40.419,39.301,34.272,5.327,2.9129,,,,
4710,157.0,2.987,2.96,bbox,43.454,40.419,39.301,34.272,5.3838,2.9127,,0.813,,0.3703
4711,157.033,2.97,2.97,bbox,43.454,40.419,39.301,34.272,5.4262,2.887,,,,
4712,157.067,,,,43.454,40.419,39.301,34.272,,,,,,
4713,157.1,,,,43.454,40.419,39.301,34.272,,,,,,
4714,157.133,,,,43.454,40.419,39.301,34.272,,,,,,
4715,157.167,,,,43.454,40.419,39.301,34.272,,,,,,
4716,157.2,,,,43.454,40.419,39.301,34.272,,,,,,
4717,157.233,3.283,2.97,bbox,43.454,40.419,39.301,34.272,5.4296,2.577,,,,
4718,157.267,,,,43.454,40.419,39.301,34.272,,,,,,
4719,157.3,,,,43.454,40.419,39.301,34.272,,,,,,
4720,157.333,,,,43.454,40.419,39.301,34.272,,,,,,
4721,157.367,,,,43.454,40.419,39.301,34.272,,,,,,
4722,157.4,,,,43.454,40.419,39.301,34.272,,,,,,
4723,157.433,,,,43.454,40.419,39.301,34.272,,,,,,
4724,157.467,,,,43.454,40.419,39.301,34.272,,,,,,
4725,157.5,,,,43.454,40.419,39.301,34.272,,,,,,
4726,157.533,,,,43.454,40.419,39.301,34.272,,,,,,
4727,157.567,,,,43.454,40.419,39.301,34.272,,,,,,
4728,157.6,,,,43.454,40.419,39.301,34.272,,,,,,
4729,157.633,,,,43.454,40.419,39.301,34.272,,,,,,
4730,157.667,2.732,2.97,bbox,43.521,40.419,39.301,34.312,5.2874,2.5624,,,,
4731,157.7,2.743,2.97,pose,43.521,40.419,39.301,34.462,5.2622,2.5846,0.8495,0.0668,0.6031,0.3262
4732,157.733,2.75,2.75,bbox,43.618,40.419,39.301,34.462,5.182,2.6254,,,,
4733,157.767,2.738,2.743,bbox,43.618,40.419,39.301,34.462,5.1835,2.679,,,,
4734,157.8,2.166,2.738,pose,43.721,40.419,39.342,34.462,5.1406,2.7346,0.0966,0.3183,0.2537,-0.9371
4735,157.833,,,,43.721,40.419,39.342,34.462,,,,,,
4736,157.867,,,,43.721,40.419,39.342,34.462,,,,,,
4737,157.9,,,,43.721,40.419,39.342,34.462,,,,,,
4738,157.933,,,,43.721,40.419,39.342,34.462,,,,,,
4739,157.967,,,,43.721,40.419,39.342,34.462,,,,,,
4740,158.0,,,,43.721,40.419,39.342,34.462,,,,,,
4741,158.033,,,,43.721,40.419,39.342,34.462,,,,,,
4742,158.067,,,,43.721,40.419,39.342,34.462,,,,,,
4743,158.1,,,,43.721,40.419,39.342,34.462,,,,,,
4744,158.133,,,,43.721,40.419,39.342,34.462,,,,,,
4745,158.167,,,,43.721,40.419,39.342,34.462,,,,,,
4746,158.2,,,,43.721,40.419,39.342,34.462,,,,,,
4747,158.233,,,,43.721,40.419,39.342,34.462,,,,,,
4748,158.267,,,,43.721,40.419,39.342,34.462,,,,,,
4749,158.3,,,,43.721,40.419,39.342,34.462,,,,,,
4750,158.333,,,,43.721,40.419,39.342,34.462,,,,,,
4751,158.367,,,,43.721,40.419,39.342,34.462,,,,,,
4752,158.4,,,,43.721,40.419,39.342,34.462,,,,,,
4753,158.433,,,,43.721,40.419,39.342,34.462,,,,,,
4754,158.467,,,,43.721,40.419,39.342,34.462,,,,,,
4755,158.5,,,,43.721,40.419,39.342,34.462,,,,,,
4756,158.533,,,,43.721,40.419,39.342,34.462,,,,,,
4757,158.567,,,,43.721,40.419,39.342,34.462,,,,,,
4758,158.6,,,,43.721,40.419,39.342,34.462,,,,,,
4759,158.633,,,,43.721,40.419,39.342,34.462,,,,,,
4760,158.667,,,,43.721,40.419,39.342,34.462,,,,,,
4761,158.7,,,,43.721,40.419,39.342,34.462,,,,,,
4762,158.733,,,,43.721,40.419,39.342,34.462,,,,,,
4763,158.767,,,,43.721,40.419,39.342,34.462,,,,,,
4764,158.8,,,,43.721,40.419,39.342,34.462,,,,,,
4765,158.833,,,,43.721,40.419,39.342,34.462,,,,,,
4766,158.867,1.641,2.738,bbox,43.721,40.419,39.395,34.462,6.661,5.1425,,,,
4767,158.9,1.596,2.166,bbox,43.721,40.419,39.451,34.462,6.7113,5.272,0.2138,,0.6488,
4768,158.933,1.458,1.641,bbox,43.721,40.569,39.601,34.462,6.7616,5.3486,,,,
4769,158.967,1.447,1.596,bbox,43.721,40.62,39.73,34.462,6.764,5.3559,,,,
4770,159.0,3.209,1.596,pose,43.721,40.67,39.807,34.462,6.8625,5.5478,0.4323,0.1715,0.6842,-1.2019
4771,159.033,1.328,1.458,bbox,43.721,40.67,39.807,34.462,6.8947,5.6483,,,,
4772,159.067,1.331,1.447,bbox,43.721,40.771,39.964,34.462,6.9006,5.6512,,,,
4773,159.1,1.111,1.331,pose,43.721,40.803,40.065,34.462,6.9663,5.8024,0.0815,0.1528,0.558,0.4496
4774,159.133,1.188,1.328,bbox,43.721,40.803,40.065,34.462,7.0222,5.8907,,,,
4775,159.167,1.183,1.188,bbox,43.721,40.875,40.218,34.462,7.0269,5.8971,,,,
4776,159.2,0.977,1.183,pose,43.721,40.931,40.306,34.462,7.1325,6.0177,0.0623,0.5111,0.6951,0.7759
4777,159.233,1.112,1.112,bbox,43.721,40.931,40.306,34.462,7.1827,6.1004,,,,
4778,159.267,1.129,1.129,bbox,43.721,41.041,40.433,34.462,7.1894,6.1156,,,,
4779,159.3,1.104,1.112,bbox,43.721,41.091,40.516,34.462,7.2895,6.2651,,0.8308,,0.6828
4780,159.333,1.088,1.104,bbox,43.721,41.091,40.516,34.462,7.3542,6.3656,,,,
4781,159.367,1.087,1.104,bbox,43.721,41.198,40.68,34.462,7.3597,6.374,,,,
4782,159.4,0.745,1.088,pose,43.721,41.263,40.781,34.462,7.4796,6.6715,0.4348,0.5436,0.7078,0.7194
4783,159.433,0.994,1.087,bbox,43.721,41.263,40.781,34.462,7.496,6.714,,,,
4784,159.467,0.989,0.994,bbox,43.721,41.388,40.939,34.462,7.5599,6.827,,,,
4785,159.5,0.803,0.989,pose,43.721,41.388,40.982,34.462,7.683,7.0215,0.6334,0.3727,0.6961,0.5207
4786,159.533,0.957,0.957,bbox,43.721,41.468,41.095,34.462,7.699,7.0206,,,,
4787,159.567,1.022,0.989,bbox,43.721,41.591,41.245,34.462,7.7445,6.9832,,,,
4788,159.6,0.926,0.957,bbox,43.721,41.591,41.282,34.462,7.8167,7.1621,,0.0168,,0.738
4789,159.633,0.919,0.926,bbox,43.721,41.653,41.282,34.462,7.8237,7.1837,,,,
4790,159.667,0.931,0.931,bbox,43.721,41.725,41.424,34.462,7.8584,7.2203,,,,
4791,159.7,0.985,0.931,bbox,43.721,41.725,41.424,34.462,7.9095,7.2628,,0.2203,,0.9819
4792,159.733,0.994,0.931,bbox,43.721,41.767,41.482,34.462,7.9125,7.2606,,,,
4793,159.767,1.02,0.985,bbox,43.721,41.818,41.522,34.462,7.95,7.3163,,,,
4794,159.8,2.001,0.994,pose,43.721,41.818,41.522,34.462,8.0618,7.4468,0.0438,0.4375,-0.4142,0.931
4795,159.833,1.016,1.016,bbox,43.721,41.858,41.578,34.462,8.0746,7.463,,,,
4796,159.867,1.056,1.02,bbox,43.721,41.97,41.708,34.462,8.13,7.5117,,,,
4797,159.9,0.969,1.02,pose,43.721,41.97,41.708,34.462,8.1834,7.5425,0.0883,0.162,0.5762,0.8697
4798,159.933,1.082,1.056,bbox,43.721,42.038,41.773,34.462,8.2319,7.6062,,,,
4799,159.967,1.092,1.056,bbox,43.721,42.092,41.804,34.462,8.2749,7.6423,,,,
4800,160.0,1.133,1.082,bbox,43.721,42.14,41.868,34.462,8.3346,7.7031,,,,
4801,160.033,1.107,1.092,bbox,43.721,42.183,41.904,34.462,8.3858,7.7372,,,,
4802,160.067,1.078,1.092,bbox,43.721,42.243,41.965,34.462,8.429,7.7793,,,,
4803,160.1,1.081,1.092,pose,43.721,42.294,41.999,34.462,8.4684,7.8275,0.1253,0.1595,0.9594,0.8531
4804,160.133,1.075,1.081,bbox,43.721,42.337,42.041,34.462,8.4993,7.8463,,,,
4805,160.167,1.104,1.081,bbox,43.721,42.377,42.089,34.462,8.5278,7.8912,,,,
4806,160.2,4.995,1.081,pose,43.721,42.408,42.089,34.462,8.5646,7.9174,0.51,0.2874,-1.9844,0.8806
4807,160.233,1.142,1.104,bbox,43.721,42.408,42.153,34.462,8.6189,7.9527,,,,
4808,160.267,1.146,1.142,bbox,43.721,42.473,42.153,34.462,8.6411,7.9833,,,,
4809,160.3,1.155,1.146,bbox,43.721,42.527,42.214,34.462,8.6694,8.0229,,0.392,,0.8066
4810,160.333,1.101,1.146,bbox,43.721,42.527,42.245,34.462,8.6854,8.0443,,,,
4811,160.367,1.129,1.142,bbox,43.721,42.578,42.284,34.462,8.7836,8.0953,,,,
4812,160.4,1.206,1.146,bbox,43.721,42.578,42.284,34.462,8.8662,8.112,,0.2406,,0.7419
4813,160.433,1.211,1.155,bbox,43.721,42.692,42.357,34.462,8.9083,8.1417,,,,
4814,160.467,1.208,1.206,bbox,43.721,42.775,42.357,34.462,8.9477,8.1618,,,,
4815,160.5,,,,43.721,42.775,42.357,34.462,,,,,,
4816,160.533,,,,43.721,42.775,42.357,34.462,,,,,,
4817,160.567,,,,43.721,42.775,42.357,34.462,,,,,,
4818,160.6,,,,43.721,42.775,42.357,34.462,,,,,,
4819,160.633,,,,43.721,42.775,42.357,34.462,,,,,,
4820,160.667,,,,43.721,42.775,42.357,34.462,,,,,,
4821,160.7,,,,43.721,42.775,42.357,34.462,,,,,,
4822,160.733,,,,43.721,42.775,42.357,34.462,,,,,,
4823,160.767,,,,43.721,42.775,42.357,34.462,,,,,,
4824,160.8,,,,43.721,42.775,42.357,34.462,,,,,,
4825,160.833,,,,43.721,42.775,42.357,34.462,,,,,,
4826,160.867,,,,43.721,42.775,42.357,34.462,,,,,,
4827,160.9,,,,43.721,42.775,42.357,34.462,,,,,,
4828,160.933,1.97,1.208,bbox,43.721,42.817,42.357,34.462,9.5686,7.786,,,,
4829,160.967,,,,43.721,42.817,42.357,34.462,,,,,,
4830,161.0,,,,43.721,42.817,42.357,34.462,,,,,,
4831,161.033,2.17,1.211,bbox,43.721,42.856,42.357,34.462,9.7191,7.7045,,,,
4832,161.067,2.23,1.97,bbox,43.721,43.006,42.357,34.595,9.7486,7.6724,,,,
4833,161.1,2.359,2.17,bbox,43.721,43.156,42.357,34.676,9.7792,7.5607,,0.0836,,0.6847
4834,161.133,2.468,2.23,bbox,43.721,43.156,42.357,34.709,9.8114,7.5033,,,,
4835,161.167,2.489,2.359,bbox,43.721,43.216,42.357,34.82,9.8256,7.4994,,,,
4836,161.2,2.517,2.468,bbox,43.721,43.248,42.357,34.878,9.8358,7.4656,,,,
4837,161.233,,,,43.721,43.248,42.357,34.878,,,,,,
4838,161.267,,,,43.721,43.248,42.357,34.878,,,,,,
4839,161.3,,,,43.721,43.248,42.357,34.878,,,,,,
4840,161.333,,,,43.721,43.248,42.357,34.878,,,,,,
4841,161.367,,,,43.721,43.248,42.357,34.878,,,,,,
4842,161.4,,,,43.721,43.248,42.357,34.878,,,,,,
4843,161.433,,,,43.721,43.248,42.357,34.878,,,,,,
4844,161.467,,,,43.721,43.248,42.357,34.878,,,,,,
4845,161.5,,,,43.721,43.248,42.357,34.878,,,,,,
4846,161.533,,,,43.721,43.248,42.357,34.878,,,,,,
4847,161.567,,,,43.721,43.248,42.357,34.878,,,,,,
4848,161.6,,,,43.721,43.248,42.357,34.878,,,,,,
4849,161.633,,,,43.721,43.248,42.357,34.878,,,,,,
4850,161.667,,,,43.721,43.248,42.357,34.878,,,,,,
4851,161.7,,,,43.721,43.248,42.357,34.878,,,,,,
4852,161.733,,,,43.721,43.248,42.357,34.878,,,,,,
4853,161.767,,,,43.721,43.248,42.357,34.878,,,,,,
4854,161.8,,,,43.721,43.248,42.357,34.878,,,,,,
4855,161.833,,,,43.721,43.248,42.357,34.878,,,,,,
4856,161.867,3.731,2.489,bbox,43.721,43.248,42.357,34.878,9.9855,6.2571,,,,
4857,161.9,3.806,2.517,bbox,43.721,43.248,42.357,34.915,9.9871,6.1532,,0.0073,,-0.5164
4858,161.933,,,,43.721,43.248,42.357,34.915,,,,,,
4859,161.967,,,,43.721,43.248,42.357,34.915,,,,,,
4860,162.0,,,,43.721,43.248,42.357,34.915,,,,,,
4861,162.033,,,,43.721,43.248,42.357,34.915,,,,,,
4862,162.067,,,,43.721,43.248,42.357,34.915,,,,,,
4863,162.1,,,,43.721,43.248,42.357,34.915,,,,,,
4864,162.133,,,,43.721,43.248,42.357,34.915,,,,,,
4865,162.167,,,,43.721,43.248,42.357,34.915,,,,,,
4866,162.2,,,,43.721,43.248,42.357,34.915,,,,,,
4867,162.233,,,,43.721,43.248,42.357,34.915,,,,,,
4868,162.267,,,,43.721,43.248,42.357,34.915,,,,,,
4869,162.3,,,,43.721,43.248,42.357,34.915,,,,,,
4870,162.333,,,,43.721,43.248,42.357,34.915,,,,,,
4871,162.367,,,,43.721,43.248,42.357,34.915,,,,,,
4872,162.4,,,,43.721,43.248,42.357,34.915,,,,,,
4873,162.433,,,,43.721,43.248,42.357,34.915,,,,,,
4874,162.467,,,,43.721,43.248,42.357,34.915,,,,,,
4875,162.5,,,,43.721,43.248,42.357,34.915,,,,,,
4876,162.533,,,,43.721,43.248,42.357,34.915,,,,,,
4877,162.567,,,,43.721,43.248,42.357,34.915,,,,,,
4878,162.6,,,,43.721,43.248,42.357,34.915,,,,,,
4879,162.633,,,,43.721,43.248,42.357,34.915,,,,,,
4880,162.667,,,,43.721,43.248,42.357,34.915,,,,,,
4881,162.7,,,,43.721,43.248,42.357,34.915,,,,,,
4882,162.733,,,,43.721,43.248,42.357,34.915,,,,,,
4883,162.767,,,,43.721,43.248,42.357,34.915,,,,,,
4884,162.8,,,,43.721,43.248,42.357,34.915,,,,,,
4885,162.833,,,,43.721,43.248,42.357,34.915,,,,,,
4886,162.867,,,,43.721,43.248,42.357,34.915,,,,,,
4887,162.9,,,,43.721,43.248,42.357,34.915,,,,,,
4888,162.933,,,,43.721,43.248,42.357,34.915,,,,,,
4889,162.967,,,,43.721,43.248,42.357,34.915,,,,,,
4890,163.0,,,,43.721,43.248,42.357,34.915,,,,,,
4891,163.033,,,,43.721,43.248,42.357,34.915,,,,,,
4892,163.067,,,,43.721,43.248,42.357,34.915,,,,,,
4893,163.1,,,,43.721,43.248,42.357,34.915,,,,,,
4894,163.133,0.766,2.517,bbox,43.721,43.248,42.357,35.065,4.2536,4.6117,,,,
4895,163.167,0.86,2.517,bbox,43.721,43.248,42.357,35.169,4.1974,4.626,,,,
4896,163.2,2.329,2.329,pose,43.847,43.248,42.357,35.319,4.1376,4.6234,0.0247,0.3165,0.807,1.353
4897,163.233,0.613,0.86,bbox,43.903,43.248,42.357,35.319,4.0914,4.6333,,,,
4898,163.267,0.705,0.766,bbox,43.963,43.248,42.357,35.319,4.0378,4.6543,,,,
4899,163.3,0.788,0.788,pose,44.009,43.248,42.357,35.319,4.0025,4.6569,0.0405,0.0647,0.876,-0.7444
4900,163.333,,,,44.009,43.248,42.357,35.319,,,,,,
4901,163.367,0.878,0.788,bbox,44.063,43.248,42.357,35.319,3.9144,4.6687,,,,
4902,163.4,1.11,0.788,pose,44.098,43.248,42.388,35.319,3.8793,4.6701,0.1281,0.0387,0.823,-1.1464
4903,163.433,0.934,0.878,bbox,44.186,43.248,42.388,35.319,3.8643,4.6836,,,,
4904,163.467,0.947,0.934,bbox,44.221,43.248,42.388,35.319,3.8561,4.6864,,,,
4905,163.5,1.266,0.947,pose,44.221,43.248,42.388,35.319,3.8344,4.6774,0.465,0.088,0.7564,-0.14
4906,163.533,0.973,0.973,bbox,44.221,43.248,42.388,35.319,3.8125,4.6765,,,,
4907,163.567,0.97,0.97,bbox,44.266,43.248,42.388,35.319,3.8085,4.6725,,,,
4908,163.6,1.609,0.973,pose,44.266,43.248,42.388,35.319,3.8318,4.6606,0.1424,0.0633,0.8787,-0.6194
4909,163.633,0.917,0.973,bbox,44.266,43.248,42.388,35.319,3.7995,4.6244,,,,
4910,163.667,0.787,0.97,bbox,44.266,43.248,42.388,35.319,3.7109,4.4105,,,,
4911,163.7,,,,44.266,43.248,42.388,35.319,,,,,,
4912,163.733,1.112,0.97,bbox,44.301,43.248,42.388,35.352,3.5768,4.5958,,,,
4913,163.767,1.162,1.112,bbox,44.39,43.248,42.388,35.352,3.5455,4.6145,,,,
4914,163.8,0.986,0.986,pose,44.524,43.248,42.388,35.352,3.5224,4.6228,0.3383,0.0104,0.979,-0.8666
4915,163.833,1.295,1.112,bbox,44.555,43.248,42.388,35.352,3.4427,4.6212,,,,
4916,163.867,1.369,1.162,bbox,44.555,43.248,42.388,35.352,3.3765,4.6208,,,,
4917,163.9,0.87,1.162,pose,44.658,43.248,42.388,35.352,3.33,4.624,0.5925,0.108,1.0026,-1.3254
4918,163.933,1.487,1.295,bbox,44.724,43.248,42.388,35.352,3.2892,4.6199,,,,
4919,163.967,1.5,1.369,bbox,44.771,43.248,42.388,35.352,3.2791,4.6165,,,,
4920,164.0,2.333,1.487,pose,44.812,43.248,42.388,35.352,3.2328,4.6219,0.5019,0.1745,0.8873,0.6403
4921,164.033,1.559,1.5,bbox,44.812,43.248,42.388,35.352,3.2386,4.624,,,,
4922,164.067,6.401,1.559,bbox,44.812,43.248,42.388,35.352,9.6077,4.6263,,,,
4923,164.1,,,,44.812,43.248,42.388,35.352,,,,,,
4924,164.133,,,,44.812,43.248,42.388,35.352,,,,,,
4925,164.167,,,,44.812,43.248,42.388,35.352,,,,,,
4926,164.2,,,,44.812,43.248,42.388,35.352,,,,,,
4927,164.233,,,,44.812,43.248,42.388,35.352,,,,,,
4928,164.267,,,,44.812,43.248,42.388,35.352,,,,,,
4929,164.3,,,,44.812,43.248,42.388,35.352,,,,,,
4930,164.333,,,,44.812,43.248,42.388,35.352,,,,,,
4931,164.367,,,,44.812,43.248,42.388,35.352,,,,,,
4932,164.4,,,,44.812,43.248,42.388,35.352,,,,,,
4933,164.433,,,,44.812,43.248,42.388,35.352,,,,,,
4934,164.467,,,,44.812,43.248,42.388,35.352,,,,,,
4935,164.5,,,,44.812,43.248,42.388,35.352,,,,,,
4936,164.533,,,,44.812,43.248,42.388,35.352,,,,,,
4937,164.567,,,,44.812,43.248,42.388,35.352,,,,,,
4938,164.6,,,,44.812,43.248,42.388,35.352,,,,,,
4939,164.633,,,,44.812,43.248,42.388,35.352,,,,,,
4940,164.667,,,,44.812,43.248,42.388,35.352,,,,,,
4941,164.7,,,,44.812,43.248,42.388,35.352,,,,,,
4942,164.733,,,,44.812,43.248,42.388,35.352,,,,,,
4943,164.767,,,,44.812,43.248,42.388,35.352,,,,,,
4944,164.8,,,,44.812,43.248,42.388,35.352,,,,,,
4945,164.833,,,,44.812,43.248,42.388,35.352,,,,,,
4946,164.867,,,,44.812,43.248,42.388,35.352,,,,,,
4947,164.9,,,,44.812,43.248,42.388,35.352,,,,,,
4948,164.933,,,,44.812,43.248,42.388,35.352,,,,,,
4949,164.967,,,,44.812,43.248,42.388,35.352,,,,,,
4950,165.0,,,,44.812,43.248,42.388,35.352,,,,,,
4951,165.033,,,,44.812,43.248,42.388,35.352,,,,,,
4952,165.067,,,,44.812,43.248,42.388,35.352,,,,,,
4953,165.1,3.163,2.333,pose,44.862,43.248,42.388,35.352,1.9313,4.9369,0.5851,0.145,0.9845,-1.0058
4954,165.133,3.383,3.163,bbox,44.862,43.248,42.388,35.352,1.8483,4.9329,,,,
4955,165.167,3.416,3.383,bbox,45.018,43.248,42.54,35.352,1.8111,4.9583,,,,
4956,165.2,4.221,3.416,pose,45.101,43.248,42.54,35.352,1.7878,5.0054,0.6782,0.3417,0.9342,1.2759
4957,165.233,3.538,3.416,bbox,45.138,43.248,42.54,35.352,1.7696,5.0168,,,,
4958,165.267,3.642,3.538,bbox,45.138,43.248,42.612,35.352,1.7543,5.0446,,,,
4959,165.3,3.842,3.642,pose,45.18,43.248,42.612,35.352,1.7292,5.0845,0.76,0.2285,0.871,0.9455
4960,165.333,3.734,3.734,bbox,45.18,43.248,42.651,35.352,1.7101,5.1012,,,,
4961,165.367,3.749,3.734,bbox,45.22,43.248,42.691,35.352,1.6835,5.1203,,,,
4962,165.4,3.777,3.749,bbox,45.22,43.248,42.691,35.352,1.6478,5.1291,0.3689,,0.8856,
4963,165.433,3.825,3.777,bbox,45.266,43.248,42.727,35.352,1.6262,5.1309,,,,
4964,165.467,3.824,3.777,bbox,45.302,43.248,42.727,35.352,1.585,5.1291,,,,
4965,165.5,3.839,3.824,bbox,45.302,43.248,42.727,35.352,1.5369,5.115,0.4513,,0.8411,
4966,165.533,3.975,3.825,bbox,45.364,43.248,42.727,35.352,1.4633,5.0997,,,,
4967,165.567,4.068,3.839,bbox,45.412,43.248,42.727,35.352,1.3612,5.0904,,,,
4968,165.6,4.069,3.975,pose,45.486,43.248,42.727,35.352,1.2626,5.0781,0.187,0.1179,0.9318,-0.1079
4969,165.633,4.344,4.068,bbox,45.588,43.248,42.727,35.352,1.153,5.0683,,,,
4970,165.667,,,,45.588,43.248,42.727,35.352,,,,,,
4971,165.7,4.648,4.069,pose,45.687,43.248,42.727,35.394,1.0586,5.0383,0.1285,0.1859,0.8749,1.1032
4972,165.733,4.36,4.344,bbox,45.796,43.248,42.727,35.394,1.0318,5.0387,,,,
4973,165.767,4.392,4.36,bbox,45.891,43.248,42.727,35.433,1.0078,5.0247,,,,
4974,165.8,4.373,4.373,pose,45.891,43.248,42.727,35.433,0.9855,5.0226,0.4335,0.1781,0.8942,0.3475
4975,165.833,,,,45.891,43.248,42.727,35.433,,,,,,
4976,165.867,,,,45.891,43.248,42.727,35.433,,,,,,
4977,165.9,,,,45.891,43.248,42.727,35.433,,,,,,
4978,165.933,4.423,4.392,bbox,45.942,43.248,42.727,35.433,0.9866,5.0299,,,,
4979,165.967,4.423,4.392,bbox,45.942,43.248,42.727,35.433,1.0041,5.0301,,,,
4980,166.0,4.172,4.392,pose,45.942,43.248,42.727,35.433,1.025,5.0305,0.443,0.1245,0.8712,-0.0497
4981,166.033,4.486,4.423,bbox,45.942,43.248,42.727,35.433,1.0249,5.0285,,,,
4982,166.067,4.54,4.423,bbox,45.942,43.248,42.727,35.433,1.0289,5.0285,,,,
4983,166.1,4.29,4.423,pose,45.942,43.248,42.727,35.433,1.0273,5.0274,0.5179,0.0814,0.8575,-0.3115
4984,166.133,4.661,4.486,bbox,45.942,43.248,42.727,35.433,1.0407,5.0277,,,,
4985,166.167,4.655,4.54,bbox,45.942,43.248,42.727,35.433,1.0544,5.0288,,,,
4986,166.2,4.297,4.54,pose,45.942,43.281,42.727,35.433,1.0716,5.0288,0.5122,0.0768,0.8149,-0.4786
4987,166.233,4.59,4.59,bbox,45.942,43.281,42.727,35.433,1.0819,5.0286,,,,
4988,166.267,4.551,4.59,bbox,45.942,43.312,42.727,35.433,1.0957,5.029,,,,
4989,166.3,4.413,4.551,pose,45.942,43.312,42.727,35.433,1.1168,5.0293,0.4381,0.1277,0.7397,-0.2688
4990,166.333,4.496,4.496,bbox,45.942,43.312,42.727,35.433,1.1297,5.0293,,,,
4991,166.367,4.425,4.496,bbox,45.942,43.357,42.727,35.433,1.1564,5.0259,,,,
4992,166.4,4.271,4.425,pose,45.942,43.357,42.727,35.433,1.1652,5.0236,0.3706,0.021,0.7476,-0.8437
4993,166.433,4.392,4.413,bbox,45.942,43.397,42.727,35.433,1.2064,5.024,,,,
4994,166.467,4.322,4.392,bbox,45.942,43.397,42.727,35.433,1.2507,5.0248,,,,
4995,166.5,4.694,4.392,pose,45.942,43.447,42.727,35.433,1.2921,5.0237,0.1724,0.0319,0.7699,-0.2111
4996,166.533,4.298,4.322,bbox,45.942,43.491,42.727,35.433,1.3435,5.0243,,,,
4997,166.567,4.284,4.322,bbox,45.942,43.533,42.727,35.433,1.3721,5.0239,,,,
4998,166.6,,,,45.942,43.533,42.727,35.433,,,,,,
4999,166.633,4.288,4.298,bbox,45.942,43.584,42.727,35.433,1.4522,5.0218,,,,
5000,166.667,4.253,4.288,bbox,45.942,43.584,42.727,35.433,1.4865,5.0328,,,,
5001,166.7,4.013,4.284,pose,45.942,43.693,42.727,35.433,1.5291,5.0355,0.3244,0.1723,0.7668,-1.012
5002,166.733,4.222,4.253,bbox,45.942,43.727,42.727,35.433,1.5701,5.033,,,,
5003,166.767,4.222,4.222,bbox,45.942,43.77,42.727,35.433,1.6085,5.034,,,,
5004,166.8,4.192,4.222,pose,45.942,43.811,42.727,35.433,1.6352,5.0352,0.4332,0.1811,0.7189,-0.7351
5005,166.833,4.209,4.209,bbox,45.942,43.849,42.727,35.433,1.6665,5.0317,,,,
5006,166.867,4.114,4.209,bbox,45.942,43.849,42.727,35.433,1.6897,5.0284,,,,
5007,166.9,4.275,4.209,pose,45.942,43.907,42.727,35.433,1.7155,5.0258,0.3421,0.1291,0.6698,-0.6257
5008,166.933,4.064,4.192,bbox,45.942,43.907,42.727,35.433,1.7426,5.0213,,,,
5009,166.967,3.95,4.114,bbox,45.942,43.956,42.727,35.433,1.7888,5.0162,,,,
5010,167.0,3.966,4.064,pose,45.942,43.956,42.727,35.433,1.8069,5.0146,0.1414,0.1645,0.7232,-1.0143
5011,167.033,3.905,3.966,bbox,45.942,44.029,42.727,35.433,1.8358,5.0113,,,,
5012,167.067,3.845,3.95,bbox,45.942,44.029,42.727,35.433,1.8693,5.01,,,,
5013,167.1,3.98,3.95,pose,45.942,44.077,42.727,35.433,1.9012,5.0102,0.0582,0.1197,0.6994,-0.6852
5014,167.133,3.693,3.905,bbox,45.942,44.11,42.727,35.433,1.9414,5.0102,,,,
5015,167.167,3.609,3.845,bbox,45.942,44.142,42.727,35.433,1.9992,5.0094,,,,
5016,167.2,3.736,3.736,pose,45.942,44.182,42.727,35.433,2.0322,5.0084,0.0327,0.1531,0.6657,-0.9317
5017,167.233,,,,45.942,44.182,42.727,35.433,,,,,,
5018,167.267,3.384,3.693,bbox,45.942,44.24,42.727,35.433,2.17,5.0111,,,,
5019,167.3,3.415,3.609,pose,45.942,44.273,42.727,35.433,2.2505,5.0154,0.0651,0.0013,0.7792,-0.5224
5020,167.333,3.306,3.415,bbox,45.942,44.411,42.727,35.433,2.2486,5.0131,,,,
5021,167.367,3.29,3.384,bbox,45.942,44.489,42.727,35.433,2.2727,5.0124,,,,
5022,167.4,3.377,3.377,pose,45.942,44.489,42.727,35.433,2.3308,5.0092,0.6729,0.0916,0.7399,-0.7382
5023,167.433,3.221,3.306,bbox,45.942,44.489,42.727,35.433,2.3317,5.008,,,,
5024,167.467,5.357,3.306,bbox,45.942,44.572,42.727,35.433,8.7035,5.0084,,,,
5025,167.5,,,,45.942,44.572,42.727,35.433,,,,,,
5026,167.533,,,,45.942,44.572,42.727,35.433,,,,,,
5027,167.567,,,,45.942,44.572,42.727,35.433,,,,,,
5028,167.6,,,,45.942,44.572,42.727,35.433,,,,,,
5029,167.633,,,,45.942,44.572,42.727,35.433,,,,,,
5030,167.667,,,,45.942,44.572,42.727,35.433,,,,,,
5031,167.7,,,,45.942,44.572,42.727,35.433,,,,,,
5032,167.733,,,,45.942,44.572,42.727,35.433,,,,,,
5033,167.767,,,,45.942,44.572,42.727,35.433,,,,,,
5034,167.8,,,,45.942,44.572,42.727,35.433,,,,,,
5035,167.833,,,,45.942,44.572,42.727,35.433,,,,,,
5036,167.867,,,,45.942,44.572,42.727,35.433,,,,,,
5037,167.9,,,,45.942,44.572,42.727,35.433,,,,,,
5038,167.933,,,,45.942,44.572,42.727,35.433,,,,,,
5039,167.967,,,,45.942,44.572,42.727,35.433,,,,,,
5040,168.0,,,,45.942,44.572,42.727,35.433,,,,,,
5041,168.033,,,,45.942,44.572,42.727,35.433,,,,,,
5042,168.067,,,,45.942,44.572,42.727,35.433,,,,,,
5043,168.1,,,,45.942,44.572,42.727,35.433,,,,,,
5044,168.133,,,,45.942,44.572,42.727,35.433,,,,,,
5045,168.167,,,,45.942,44.572,42.727,35.433,,,,,,
5046,168.2,,,,45.942,44.572,42.727,35.433,,,,,,
5047,168.233,,,,45.942,44.572,42.727,35.433,,,,,,
5048,168.267,,,,45.942,44.572,42.727,35.433,,,,,,
5049,168.3,,,,45.942,44.572,42.727,35.433,,,,,,
5050,168.333,,,,45.942,44.572,42.727,35.433,,,,,,
5051,168.367,,,,45.942,44.572,42.727,35.433,,,,,,
5052,168.4,,,,45.942,44.572,42.727,35.433,,,,,,
5053,168.433,,,,45.942,44.572,42.727,35.433,,,,,,
5054,168.467,,,,45.942,44.572,42.727,35.433,,,,,,
5055,168.5,4.837,3.377,pose,45.942,44.572,42.727,35.433,2.4761,5.016,0.0034,0.3112,0.4153,1.4132
5056,168.533,3.117,3.377,bbox,45.942,44.679,42.727,35.464,2.4386,4.9954,,,,
5057,168.567,3.15,3.221,bbox,45.942,44.679,42.727,35.464,2.3752,4.9894,,,,
5058,168.6,5.078,4.837,bbox,45.942,44.717,42.727,35.464,8.6404,5.023,,0.0519,,-0.5143
5059,168.633,,,,45.942,44.717,42.727,35.464,,,,,,
5060,168.667,,,,45.942,44.717,42.727,35.464,,,,,,
5061,168.7,,,,45.942,44.717,42.727,35.464,,,,,,
5062,168.733,,,,45.942,44.717,42.727,35.464,,,,,,
5063,168.767,,,,45.942,44.717,42.727,35.464,,,,,,
5064,168.8,,,,45.942,44.717,42.727,35.464,,,,,,
5065,168.833,,,,45.942,44.717,42.727,35.464,,,,,,
5066,168.867,,,,45.942,44.717,42.727,35.464,,,,,,
5067,168.9,,,,45.942,44.717,42.727,35.464,,,,,,
5068,168.933,,,,45.942,44.717,42.727,35.464,,,,,,
5069,168.967,,,,45.942,44.717,42.727,35.464,,,,,,
5070,169.0,,,,45.942,44.717,42.727,35.464,,,,,,
5071,169.033,,,,45.942,44.717,42.727,35.464,,,,,,
5072,169.067,,,,45.942,44.717,42.727,35.464,,,,,,
5073,169.1,,,,45.942,44.717,42.727,35.464,,,,,,
5074,169.133,,,,45.942,44.717,42.727,35.464,,,,,,
5075,169.167,,,,45.942,44.717,42.727,35.464,,,,,,
5076,169.2,,,,45.942,44.717,42.727,35.464,,,,,,
5077,169.233,,,,45.942,44.717,42.727,35.464,,,,,,
5078,169.267,,,,45.942,44.717,42.727,35.464,,,,,,
5079,169.3,,,,45.942,44.717,42.727,35.464,,,,,,
5080,169.333,,,,45.942,44.717,42.727,35.464,,,,,,
5081,169.367,,,,45.942,44.717,42.727,35.464,,,,,,
5082,169.4,,,,45.942,44.717,42.727,35.464,,,,,,
5083,169.433,,,,45.942,44.717,42.727,35.464,,,,,,
5084,169.467,,,,45.942,44.717,42.727,35.464,,,,,,
5085,169.5,,,,45.942,44.717,42.727,35.464,,,,,,
5086,169.533,,,,45.942,44.717,42.727,35.464,,,,,,
5087,169.567,,,,45.942,44.717,42.727,35.464,,,,,,
5088,169.6,,,,45.942,44.717,42.727,35.464,,,,,,
5089,169.633,4.363,4.363,bbox,45.979,44.717,42.727,35.464,1.0833,4.8506,,,,
5090,169.667,4.397,4.363,bbox,46.042,44.717,42.727,35.464,1.0224,4.8457,,,,
5091,169.7,4.213,4.363,pose,46.192,44.717,42.727,35.621,0.9636,4.8278,0.1902,0.091,0.8206,-0.5023
5092,169.733,4.33,4.363,bbox,46.253,44.717,42.727,35.621,0.9361,4.8082,,,,
5093,169.767,4.34,4.34,bbox,46.312,44.717,42.727,35.621,0.9146,4.8022,,,,
5094,169.8,4.473,4.34,pose,46.312,44.717,42.727,35.664,0.9016,4.7985,0.0422,0.0483,0.8072,-0.4484
5095,169.833,4.406,4.34,bbox,46.361,44.717,42.727,35.664,0.8753,4.7928,,,,
5096,169.867,4.438,4.406,bbox,46.361,44.717,42.727,35.664,0.8587,4.7896,,,,
5097,169.9,,,,46.361,44.717,42.727,35.664,,,,,,
5098,169.933,4.488,4.438,bbox,46.4,44.717,42.727,35.664,0.842,4.7858,,,,
5099,169.967,4.46,4.46,bbox,46.4,44.717,42.727,35.664,0.8563,4.7855,,,,
5100,170.0,4.411,4.438,pose,46.4,44.717,42.727,35.664,0.8655,4.7836,0.1411,0.0352,0.8037,-0.5576
5101,170.033,4.421,4.438,bbox,46.4,44.717,42.727,35.664,0.829,4.7826,,,,
5102,170.067,4.489,4.46,bbox,46.434,44.717,42.727,35.664,0.7548,4.7816,,,,
5103,170.1,4.557,4.46,pose,46.434,44.717,42.727,35.664,0.7775,4.781,0.0359,0.1243,0.8461,-0.1328
5104,170.133,4.511,4.489,bbox,46.498,44.717,42.727,35.664,0.713,4.7804,,,,
5105,170.167,4.613,4.511,bbox,46.498,44.717,42.727,35.664,0.642,4.7824,,,,
5106,170.2,4.631,4.557,pose,46.563,44.717,42.727,35.664,0.5903,4.7866,0.188,0.0972,0.7949,-0.0231
5107,170.233,4.676,4.613,bbox,46.634,44.717,42.727,35.664,0.5939,4.7845,,,,
5108,170.267,4.74,4.631,bbox,46.682,44.717,42.727,35.664,0.5939,4.7806,,,,
5109,170.3,4.714,4.676,pose,46.682,44.717,42.727,35.664,0.6183,4.7821,0.1091,0.144,0.7771,-0.6455
5110,170.333,4.799,4.714,bbox,46.682,44.717,42.727,35.664,0.6321,4.7855,,,,
5111,170.367,4.77,4.74,bbox,46.682,44.717,42.727,35.664,0.6489,4.783,,,,
5112,170.4,4.564,4.74,pose,46.682,44.755,42.727,35.664,0.6509,4.7745,0.2587,0.0116,0.6427,0.3046
5113,170.433,4.752,4.752,bbox,46.682,44.755,42.727,35.664,0.6589,4.7727,,,,
5114,170.467,4.723,4.752,bbox,46.682,44.755,42.727,35.697,0.667,4.7695,,,,
5115,170.5,4.705,4.723,bbox,46.682,44.755,42.727,35.697,0.685,4.7718,,0.0974,,0.2584
5116,170.533,4.66,4.705,bbox,46.682,44.79,42.727,35.697,0.7224,4.7743,,,,
5117,170.567,4.616,4.705,bbox,46.682,44.79,42.727,35.697,0.7735,4.7756,,,,
5118,170.6,3.901,4.66,pose,46.682,44.845,42.727,35.697,0.805,4.7788,0.7113,0.313,0.8213,0.2116
5119,170.633,4.582,4.616,bbox,46.682,44.896,42.727,35.697,0.8471,4.7817,,,,
5120,170.667,4.529,4.582,bbox,46.682,44.928,42.727,35.697,0.8903,4.7927,,,,
5121,170.7,4.539,4.539,bbox,46.682,44.97,42.727,35.697,0.925,4.7976,,0.1341,,0.1335
5122,170.733,4.643,4.539,bbox,46.682,45.013,42.727,35.697,0.9021,4.7979,,,,
5123,170.767,4.64,4.582,bbox,46.682,45.013,42.727,35.697,0.9258,4.8003,,,,
5124,170.8,4.596,4.596,bbox,46.682,45.048,42.727,35.697,0.9618,4.7875,,0.3431,,-0.1084
5125,170.833,4.588,4.596,bbox,46.682,45.048,42.727,35.697,0.966,4.7874,,,,
5126,170.867,4.588,4.596,bbox,46.682,45.085,42.727,35.697,1.0038,4.7881,,,,
5127,170.9,,,,46.682,45.085,42.727,35.697,,,,,,
5128,170.933,,,,46.682,45.085,42.727,35.697,,,,,,
5129,170.967,4.447,4.588,bbox,46.682,45.085,42.727,35.697,1.0879,4.7919,,,,
5130,171.0,4.761,4.588,pose,46.682,45.127,42.727,35.697,1.1761,4.7927,0.7241,0.1918,0.7402,0.8677
5131,171.033,4.302,4.588,bbox,46.682,45.211,42.727,35.697,1.1988,4.79,,,,
5132,171.067,,,,46.682,45.211,42.727,35.697,,,,,,
5133,171.1,,,,46.682,45.211,42.727,35.697,,,,,,
5134,171.133,4.059,4.447,bbox,46.682,45.299,42.727,35.697,1.4503,4.7836,,,,
5135,171.167,4.028,4.302,bbox,46.682,45.299,42.727,35.697,7.9772,4.7807,,,,
5136,171.2,,,,46.682,45.299,42.727,35.697,,,,,,
5137,171.233,,,,46.682,45.299,42.727,35.697,,,,,,
5138,171.267,,,,46.682,45.299,42.727,35.697,,,,,,
5139,171.3,,,,46.682,45.299,42.727,35.697,,,,,,
5140,171.333,,,,46.682,45.299,42.727,35.697,,,,,,
5141,171.367,,,,46.682,45.299,42.727,35.697,,,,,,
5142,171.4,,,,46.682,45.299,42.727,35.697,,,,,,
5143,171.433,,,,46.682,45.299,42.727,35.697,,,,,,
5144,171.467,,,,46.682,45.299,42.727,35.697,,,,,,
5145,171.5,,,,46.682,45.299,42.727,35.697,,,,,,
5146,171.533,,,,46.682,45.299,42.727,35.697,,,,,,
5147,171.567,,,,46.682,45.299,42.727,35.697,,,,,,
5148,171.6,,,,46.682,45.299,42.727,35.697,,,,,,
5149,171.633,,,,46.682,45.299,42.727,35.697,,,,,,
5150,171.667,,,,46.682,45.299,42.727,35.697,,,,,,
5151,171.7,,,,46.682,45.299,42.727,35.697,,,,,,
5152,171.733,,,,46.682,45.299,42.727,35.697,,,,,,
5153,171.767,,,,46.682,45.299,42.727,35.697,,,,,,
5154,171.8,,,,46.682,45.299,42.727,35.697,,,,,,
5155,171.833,,,,46.682,45.299,42.727,35.697,,,,,,
5156,171.867,,,,46.682,45.299,42.727,35.697,,,,,,
5157,171.9,,,,46.682,45.299,42.727,35.697,,,,,,
5158,171.933,,,,46.682,45.299,42.727,35.697,,,,,,
5159,171.967,,,,46.682,45.299,42.727,35.697,,,,,,
5160,172.0,,,,46.682,45.299,42.727,35.697,,,,,,
5161,172.033,,,,46.682,45.299,42.727,35.697,,,,,,
5162,172.067,,,,46.682,45.299,42.727,35.697,,,,,,
5163,172.1,,,,46.682,45.299,42.727,35.697,,,,,,
5164,172.133,,,,46.682,45.299,42.727,35.697,,,,,,
5165,172.167,,,,46.682,45.299,42.727,35.697,,,,,,
5166,172.2,4.341,4.302,bbox,46.682,45.472,42.727,35.697,7.0938,2.4785,,0.6694,,0.7902
5167,172.233,4.301,4.301,bbox,46.682,45.622,42.727,35.697,7.0886,2.5168,,,,
5168,172.267,4.248,4.248,bbox,46.682,45.622,42.727,35.841,7.1028,2.5679,,,,
5169,172.3,4.176,4.248,bbox,46.682,45.622,42.727,35.841,7.1078,2.6106,,0.494,,0.8069
5170,172.333,4.129,4.248,bbox,46.682,45.622,42.727,35.841,7.1103,2.6422,,,,
5171,172.367,4.109,4.176,bbox,46.682,45.622,42.77,35.841,7.1114,2.6563,,,,
5172,172.4,4.099,4.129,bbox,46.682,45.622,42.801,35.841,7.1068,2.6615,,0.4792,,0.8163
5173,172.433,4.102,4.109,bbox,46.682,45.622,42.801,35.841,7.0991,2.6612,,,,
5174,172.467,4.094,4.102,bbox,46.682,45.622,42.801,35.841,7.1133,2.6705,,,,
5175,172.5,2.36,4.099,pose,46.682,45.622,42.801,35.841,7.1133,2.6689,0.6275,0.4824,0.398,0.8088
5176,172.533,4.176,4.099,bbox,46.682,45.622,42.801,35.841,7.126,2.6611,,,,
5177,172.567,4.156,4.102,bbox,46.682,45.622,42.801,35.841,7.1414,2.6602,,,,
5178,172.6,4.18,4.156,bbox,46.682,45.659,42.801,35.841,7.1699,2.65,,0.5185,,0.778
5179,172.633,4.172,4.172,bbox,46.682,45.659,42.801,35.841,7.1769,2.6421,,,,
5180,172.667,4.196,4.176,bbox,46.682,45.703,42.801,35.841,7.1976,2.6183,,,,
5181,172.7,4.221,4.18,bbox,46.682,45.703,42.801,35.841,7.2148,2.6068,,0.143,,0.8209
5182,172.733,4.272,4.196,bbox,46.682,45.703,42.801,35.841,7.227,2.5514,,,,
5183,172.767,4.304,4.221,bbox,46.682,45.748,42.801,35.877,7.2364,2.5115,,,,
5184,172.8,4.316,4.272,bbox,46.682,45.748,42.801,35.932,7.2417,2.4897,,0.1876,,0.7184
5185,172.833,4.332,4.304,bbox,46.682,45.748,42.801,35.972,7.2591,2.4927,,,,
5186,172.867,4.336,4.316,bbox,46.682,45.748,42.801,35.972,7.2626,2.5198,,,,
5187,172.9,4.351,4.332,bbox,46.682,45.792,42.801,35.972,7.2684,2.5007,,0.496,,0.7547
5188,172.933,4.371,4.336,bbox,46.682,45.792,42.801,35.972,7.2724,2.4963,,,,
5189,172.967,4.375,4.351,bbox,46.682,45.792,42.801,35.972,7.2701,2.4939,,,,
5190,173.0,4.379,4.371,bbox,46.682,45.792,42.801,35.972,7.2692,2.4914,,0.4972,,0.772
5191,173.033,4.4,4.375,bbox,46.682,45.792,42.801,35.972,7.2631,2.4778,,,,
5192,173.067,4.387,4.379,bbox,46.682,45.792,42.801,35.972,7.2569,2.4745,,,,
5193,173.1,4.374,4.379,bbox,46.682,45.792,42.801,36.006,7.2491,2.4686,,0.4871,,0.7802
5194,173.133,4.378,4.379,bbox,46.682,45.792,42.801,36.006,7.2476,2.465,,,,
5195,173.167,4.358,4.378,bbox,46.682,45.792,42.801,36.006,7.23,2.4612,,,,
5196,173.2,4.35,4.374,bbox,46.682,45.792,42.801,36.006,7.2105,2.4594,,0.4847,,0.7846
5197,173.233,4.329,4.358,bbox,46.682,45.792,42.801,36.006,7.1915,2.4603,,,,
5198,173.267,4.313,4.35,bbox,46.73,45.792,42.801,36.006,7.1695,2.4586,,,,
5199,173.3,4.276,4.329,bbox,46.73,45.792,42.801,36.006,7.1472,2.4663,,0.4968,,0.7865
5200,173.333,4.273,4.313,bbox,46.771,45.792,42.801,36.006,7.1347,2.4836,,,,
5201,173.367,4.252,4.276,bbox,46.771,45.792,42.801,36.006,7.1189,2.4956,,,,
5202,173.4,4.212,4.273,bbox,46.806,45.792,42.801,36.006,7.0885,2.5225,,0.5199,,0.7761
5203,173.433,4.201,4.252,bbox,46.806,45.792,42.801,36.006,7.057,2.549,,,,
5204,173.467,4.24,4.24,bbox,46.852,45.792,42.846,36.006,7.0554,2.5485,,,,
5205,173.5,4.176,4.212,bbox,46.884,45.792,42.846,36.006,7.0345,2.5727,,0.4931,,0.759
5206,173.533,4.156,4.201,bbox,46.884,45.792,42.846,36.006,7.0365,2.5826,,,,
5207,173.567,4.196,4.196,bbox,46.884,45.792,42.896,36.006,7.0291,2.5951,,,,
5208,173.6,3.942,4.176,pose,46.884,45.792,42.896,36.006,7.0194,2.6009,0.0995,0.1056,0.7742,0.8342
5209,173.633,4.226,4.176,bbox,46.884,45.792,42.896,36.006,7.0019,2.6071,,,,
5210,173.667,,,,46.884,45.792,42.896,36.006,,,,,,
5211,173.7,4.091,4.156,bbox,46.921,45.792,42.896,36.006,6.8911,2.6279,,0.6458,,0.752
5212,173.733,4.089,4.091,bbox,46.921,45.792,42.931,36.006,6.9384,2.6371,,,,
5213,173.767,4.038,4.089,bbox,47.002,45.792,42.931,36.006,6.9232,2.6544,,,,
5214,173.8,3.799,4.089,pose,47.002,45.792,42.931,36.006,6.8907,2.6878,0.1401,0.8631,0.8653,0.6718
5215,173.833,3.949,4.038,bbox,47.048,45.792,42.978,36.006,6.8933,2.7365,,,,
5216,173.867,3.851,3.949,bbox,47.048,45.792,43.011,36.006,6.8245,2.7838,,,,
5217,173.9,3.837,3.851,bbox,47.048,45.792,43.06,36.006,6.7411,2.774,,,,
5218,173.933,3.79,3.837,bbox,47.116,45.792,43.094,36.006,6.6548,2.7699,,,,
5219,173.967,3.775,3.837,bbox,47.2,45.792,43.094,36.006,6.6028,2.7803,,,,
5220,174.0,3.746,3.79,bbox,47.286,45.792,43.094,36.006,6.5665,2.8207,,1.18,,0.5949
5221,174.033,3.718,3.775,bbox,47.338,45.792,43.094,36.006,6.5596,2.8835,,,,
5222,174.067,3.677,3.746,bbox,47.374,45.792,43.144,36.006,6.5247,2.8957,,,,
5223,174.1,3.889,3.746,pose,47.374,45.792,43.207,36.006,6.5183,2.901,0.0932,0.1494,-0.2523,0.054
5224,174.133,3.586,3.718,bbox,47.416,45.792,43.207,36.006,6.5079,2.9058,,,,
5225,174.167,3.518,3.677,bbox,47.416,45.792,43.207,36.006,6.4701,2.916,,,,
5226,174.2,2.958,3.586,pose,47.416,45.792,43.207,36.006,6.4117,2.9255,0.0043,1.0857,0.3952,0.5797
5227,174.233,3.325,3.518,bbox,47.471,45.792,43.24,36.006,6.346,2.9314,,,,
5228,174.267,3.2,3.325,bbox,47.529,45.792,43.24,36.006,6.2367,2.948,,,,
5229,174.3,3.11,3.2,bbox,47.595,45.792,43.24,36.006,6.1745,2.9841,,0.9201,,0.6903
5230,174.333,3.037,3.11,bbox,47.704,45.792,43.272,36.006,6.1191,3.0104,,,,
5231,174.367,3.009,3.11,bbox,47.766,45.792,43.308,36.006,6.076,3.0186,,,,
5232,174.4,2.958,3.037,bbox,47.822,45.792,43.308,36.006,5.9969,3.0277,,0.5538,,0.607
5233,174.433,2.958,3.009,bbox,47.865,45.792,43.342,36.006,5.9616,3.0336,,,,
5234,174.467,2.971,2.971,bbox,47.944,45.792,43.342,36.006,5.9362,3.0318,,,,
5235,174.5,3.003,2.971,bbox,47.977,45.792,43.342,36.006,5.9636,3.035,,1.0934,,0.6031
5236,174.533,2.978,2.971,bbox,47.977,45.792,43.342,36.006,5.9496,3.0367,,,,
5237,174.567,2.955,2.971,bbox,47.977,45.792,43.342,36.006,5.9638,3.048,,,,
5238,174.6,2.951,2.971,bbox,47.977,45.792,43.342,36.006,5.9694,3.0504,,0.752,,0.6898
5239,174.633,2.961,2.961,bbox,47.977,45.792,43.342,36.006,5.9981,3.0517,,,,
5240,174.667,2.969,2.961,bbox,47.977,45.792,43.374,36.006,6.0337,3.0501,,,,
5241,174.7,3.002,2.961,bbox,47.977,45.827,43.374,36.006,6.0628,3.0475,,1.0478,,0.6703
5242,174.733,3.018,2.969,bbox,47.977,45.862,43.374,36.006,6.0587,3.0426,,,,
5243,174.767,3.03,3.002,bbox,47.977,45.862,43.374,36.006,6.066,3.0486,,,,
5244,174.8,3.015,3.015,bbox,47.977,45.862,43.374,36.006,6.0348,3.0474,,,,
5245,174.833,3.016,3.016,bbox,47.977,45.862,43.374,36.006,6.0419,3.0507,,,,
5246,174.867,3.008,3.016,bbox,47.977,45.862,43.374,36.006,6.0322,3.06,,,,
5247,174.9,2.996,3.015,bbox,47.977,45.862,43.374,36.006,6.0295,3.0619,,1.0683,,0.6102
5248,174.933,2.983,3.008,bbox,47.977,45.862,43.374,36.006,6.0207,3.0612,,,,
5249,174.967,2.932,2.996,bbox,47.977,45.862,43.374,36.006,5.9914,3.0698,,,,
5250,175.0,2.907,2.983,bbox,47.977,45.862,43.374,36.006,5.9537,3.0759,,0.0212,,0.4732
5251,175.033,2.876,2.932,bbox,48.02,45.862,43.374,36.006,5.9237,3.0807,,,,
5252,175.067,2.84,2.907,bbox,48.057,45.862,43.374,36.006,5.9068,3.0879,,,,
5253,175.1,2.83,2.876,bbox,48.087,45.862,43.404,36.006,5.9124,3.0891,,1.0161,,0.6633
5254,175.133,2.819,2.84,bbox,48.087,45.862,43.404,36.006,5.9191,3.0849,,,,
5255,175.167,2.81,2.83,bbox,48.087,45.862,43.404,36.006,5.9142,3.0929,,,,
5256,175.2,2.793,2.819,bbox,48.087,45.862,43.404,36.006,5.9073,3.1032,,0.6633,,0.635
5257,175.233,2.839,2.819,bbox,48.087,45.862,43.404,36.006,5.956,3.1038,,,,
5258,175.267,2.896,2.819,bbox,48.087,45.862,43.404,36.006,6.0047,3.1043,,,,
5259,175.3,2.733,2.81,bbox,48.087,45.862,43.404,36.006,5.8176,3.1034,,1.0063,,0.6596
5260,175.333,3.043,2.839,bbox,48.087,45.894,43.404,36.006,6.104,3.1009,,,,
5261,175.367,3.195,2.896,bbox,48.087,45.943,43.404,36.006,6.2295,3.1042,,,,
5262,175.4,3.294,3.043,bbox,48.087,46.042,43.404,36.006,6.3074,3.1065,,0.9213,,0.6775
5263,175.433,3.356,3.195,bbox,48.087,46.168,43.404,36.006,6.3655,3.1082,,,,
5264,175.467,3.348,3.294,bbox,48.087,46.246,43.404,36.006,6.394,3.1111,,,,
5265,175.5,3.33,3.33,bbox,48.087,46.304,43.404,36.006,6.4085,3.122,,0.6073,,0.6961
5266,175.533,3.298,3.33,bbox,48.087,46.304,43.435,36.006,6.4232,3.1234,,,,
5267,175.567,3.285,3.33,bbox,48.087,46.347,43.435,36.006,6.469,3.1289,,,,
5268,175.6,3.288,3.298,bbox,48.087,46.347,43.435,36.006,6.5158,3.1386,,0.4292,,0.5913
5269,175.633,3.339,3.298,bbox,48.087,46.407,43.435,36.006,6.5879,3.1468,,,,
5270,175.667,3.414,3.298,bbox,48.087,46.454,43.435,36.006,6.6655,3.15,,,,
5271,175.7,3.106,3.288,pose,48.087,46.526,43.47,36.006,6.6952,3.149,0.5321,0.9905,0.397,0.6918
5272,175.733,3.532,3.339,bbox,48.087,46.604,43.47,36.006,6.7083,3.1541,,,,
5273,175.767,3.583,3.414,bbox,48.087,46.604,43.47,36.006,6.7277,3.1567,,,,
5274,175.8,3.631,3.532,bbox,48.087,46.647,43.47,36.006,6.7279,3.1581,,0.9139,,0.6348
5275,175.833,3.63,3.583,bbox,48.087,46.647,43.47,36.006,6.717,3.1601,,,,
5276,175.867,3.575,3.583,bbox,48.087,46.647,43.47,36.006,6.7136,3.171,,,,
5277,175.9,3.06,3.583,pose,48.087,46.647,43.47,36.006,6.7141,3.179,0.0755,0.9116,1.9553,0.6357
5278,175.933,3.453,3.575,bbox,48.087,46.647,43.47,36.006,6.6989,3.1821,,,,
5279,175.967,3.353,3.453,bbox,48.087,46.647,43.503,36.006,6.6626,3.1961,,,,
5280,176.0,2.793,3.353,pose,48.087,46.647,43.503,36.006,6.6289,3.2022,0.5217,0.8999,0.6293,0.7771
5281,176.033,3.223,3.223,bbox,48.133,46.647,43.503,36.006,6.5848,3.2165,,,,
5282,176.067,3.168,3.223,bbox,48.167,46.647,43.503,36.006,6.5146,3.2428,,,,
5283,176.1,3.096,3.168,bbox,48.211,46.647,43.54,36.006,6.442,3.2488,,0.784,,0.7525
5284,176.133,3.086,3.096,bbox,48.281,46.647,43.54,36.006,6.3977,3.2506,,,,
5285,176.167,3.136,3.136,bbox,48.354,46.647,43.572,36.006,6.385,3.2617,,,,
5286,176.2,3.159,3.136,bbox,48.398,46.647,43.572,36.006,6.3731,3.2744,,0.4351,,0.3988
5287,176.233,3.17,3.136,bbox,48.398,46.647,43.572,36.006,6.3708,3.2963,,,,
5288,176.267,3.164,3.159,bbox,48.398,46.647,43.572,36.006,6.3683,3.3131,,,,
5289,176.3,3.156,3.159,bbox,48.398,46.647,43.62,36.006,6.3748,3.3234,,0.8687,,0.4885
5290,176.333,3.152,3.159,bbox,48.398,46.647,43.62,36.006,6.3832,3.353,,,,
5291,176.367,3.112,3.156,bbox,48.398,46.647,43.62,36.006,6.3941,3.394,,,,
5292,176.4,3.073,3.152,bbox,48.398,46.647,43.677,36.006,6.398,3.4318,,0.0557,,0.141
5293,176.433,3.029,3.112,bbox,48.398,46.647,43.718,36.006,6.3988,3.4944,,,,
5294,176.467,2.999,3.073,bbox,48.398,46.647,43.755,36.006,6.3916,3.5287,,,,
5295,176.5,2.71,3.029,pose,48.398,46.647,43.818,36.006,6.3627,3.5593,0.0034,0.1267,0.1528,-0.1743
5296,176.533,2.901,2.999,bbox,48.398,46.647,43.852,36.006,6.3512,3.6023,,,,
5297,176.567,2.859,2.901,bbox,48.433,46.647,43.883,36.006,6.3506,3.6254,,,,
5298,176.6,5.251,2.901,pose,48.433,46.647,43.926,36.006,6.3568,3.6409,0.2211,1.1743,-1.562,0.6032
5299,176.633,2.811,2.859,bbox,48.433,46.647,43.926,36.006,6.3629,3.6703,,,,
5300,176.667,2.761,2.859,bbox,48.433,46.647,43.965,36.006,6.3804,3.6934,,,,
5301,176.7,2.739,2.811,bbox,48.433,46.647,43.965,36.006,6.4135,3.6882,,1.0762,,0.6652
5302,176.733,2.726,2.761,bbox,48.433,46.647,44.011,36.006,6.4345,3.6875,,,,
5303,176.767,2.672,2.739,bbox,48.433,46.698,44.011,36.006,6.4591,3.7266,,,,
5304,176.8,3.057,2.739,pose,48.433,46.698,44.011,36.006,6.48,3.7068,0.0961,0.601,1.0243,0.7448
5305,176.833,2.718,2.726,bbox,48.433,46.743,44.011,36.006,6.4974,3.6995,,,,
5306,176.867,2.751,2.726,bbox,48.433,46.743,44.011,36.006,6.492,3.6994,,,,
5307,176.9,2.651,2.718,pose,48.433,46.776,44.011,36.006,6.5005,3.7064,0.321,0.8027,0.8098,0.7225
5308,176.933,2.77,2.751,bbox,48.433,46.776,44.011,36.006,6.5074,3.712,,,,
5309,176.967,2.8,2.751,bbox,48.433,46.776,44.011,36.006,6.5192,3.7164,,,,
5310,177.0,2.762,2.762,bbox,48.433,46.776,44.011,36.006,6.4841,3.7214,,0.8403,,0.6794
5311,177.033,2.724,2.762,bbox,48.433,46.776,44.011,36.006,6.4494,3.7352,,,,
5312,177.067,2.716,2.762,bbox,48.433,46.776,44.045,36.006,6.4451,3.7444,,,,
5313,177.1,2.677,2.724,bbox,48.475,46.776,44.045,36.006,6.4189,3.7475,,0.8179,,0.7077
5314,177.133,2.663,2.716,bbox,48.475,46.776,44.045,36.006,6.4189,3.7464,,,,
5315,177.167,2.671,2.677,bbox,48.475,46.776,44.045,36.006,6.4395,3.7393,,,,
5316,177.2,2.683,2.677,bbox,48.475,46.776,44.045,36.006,6.463,3.7349,,0.7011,,0.8019
5317,177.233,2.687,2.677,bbox,48.475,46.776,44.045,36.006,6.4979,3.7291,,,,
5318,177.267,2.745,2.683,bbox,48.475,46.776,44.045,36.006,6.5441,3.7256,,,,
5319,177.3,2.794,2.687,bbox,48.475,46.824,44.045,36.006,6.603,3.7217,,0.6888,,0.749
5320,177.333,2.862,2.745,bbox,48.475,46.871,44.045,36.006,6.6593,3.7214,,,,
5321,177.367,2.944,2.794,bbox,48.475,46.93,44.045,36.006,6.7152,3.7234,,,,
5322,177.4,3.02,2.862,pose,48.475,46.986,44.045,36.006,6.7446,3.7251,0.0291,0.8337,1.6976,0.716
5323,177.433,3.079,2.944,bbox,48.475,47.042,44.045,36.006,6.758,3.7244,,,,
5324,177.467,3.096,3.02,bbox,48.475,47.042,44.045,36.006,6.7717,3.7257,,,,
5325,177.5,3.087,3.079,bbox,48.475,47.085,44.045,36.006,6.7844,3.7317,,0.8555,,0.6503
5326,177.533,3.053,3.079,bbox,48.475,47.085,44.045,36.006,6.7824,3.7266,,,,
5327,177.567,3.051,3.079,bbox,48.475,47.085,44.045,36.006,6.7895,3.7263,,,,
5328,177.6,2.939,3.053,pose,48.475,47.085,44.045,36.006,6.7903,3.7359,0.0847,0.6183,0.0768,0.688
5329,177.633,2.944,3.051,bbox,48.475,47.085,44.045,36.006,6.7773,3.7356,,,,
5330,177.667,2.908,2.944,bbox,48.475,47.085,44.045,36.006,6.7632,3.7288,,,,
5331,177.7,2.909,2.939,pose,48.475,47.085,44.045,36.006,6.7379,3.7218,0.0822,0.7703,1.6153,0.7299
5332,177.733,2.847,2.909,bbox,48.475,47.085,44.045,36.006,6.6931,3.7275,,,,
5333,177.767,2.855,2.908,bbox,48.475,47.085,44.045,36.006,6.6659,3.7378,,,,
5334,177.8,2.863,2.863,bbox,48.54,47.085,44.045,36.006,6.6393,3.7434,,0.7971,,0.7332
5335,177.833,2.867,2.863,bbox,48.54,47.085,44.045,36.006,6.6208,3.74,,,,
5336,177.867,2.882,2.863,bbox,48.594,47.085,44.045,36.006,6.611,3.7466,,,,
5337,177.9,2.89,2.867,bbox,48.594,47.085,44.045,36.006,6.6043,3.7532,,0.8311,,0.6777
5338,177.933,2.91,2.882,bbox,48.594,47.085,44.045,36.006,6.6104,3.7594,,,,
5339,177.967,2.918,2.89,bbox,48.594,47.085,44.077,36.006,6.6085,3.765,,,,
5340,178.0,2.91,2.91,bbox,48.625,47.085,44.077,36.006,6.6012,3.7677,,0.3456,,0.6538
5341,178.033,2.895,2.91,bbox,48.625,47.085,44.077,36.006,6.5904,3.7642,,,,
5342,178.067,2.906,2.91,bbox,48.625,47.085,44.077,36.006,6.5894,3.7627,,,,
5343,178.1,3.457,2.91,pose,48.625,47.085,44.077,36.006,6.5835,3.7654,0.2309,0.8218,-0.3195,0.7482
5344,178.133,2.906,2.906,bbox,48.625,47.085,44.077,36.006,6.6004,3.7682,,,,
5345,178.167,2.936,2.906,bbox,48.625,47.085,44.077,36.006,6.6212,3.7671,,,,
5346,178.2,4.937,2.936,pose,48.625,47.085,44.077,36.006,6.6044,3.7707,0.2235,0.5147,-1.3611,0.775
5347,178.233,2.86,2.936,bbox,48.625,47.085,44.077,36.006,6.5818,3.7762,,,,
5348,178.267,2.803,2.906,bbox,48.625,47.085,44.077,36.006,6.5352,3.8014,,,,
5349,178.3,2.768,2.86,bbox,48.625,47.085,44.077,36.006,6.512,3.7985,,0.2193,,0.7041
5350,178.333,2.737,2.803,bbox,48.698,47.085,44.122,36.006,6.4734,3.801,,,,
5351,178.367,2.714,2.768,bbox,48.698,47.085,44.122,36.006,6.4311,3.8007,,,,
5352,178.4,2.683,2.737,bbox,48.76,47.085,44.122,36.006,6.4066,3.8067,,0.511,,0.6738
5353,178.433,2.647,2.714,bbox,48.802,47.085,44.122,36.006,6.3721,3.8051,,,,
5354,178.467,2.632,2.683,bbox,48.802,47.085,44.122,36.006,6.358,3.797,,,,
5355,178.5,3.515,2.683,pose,48.861,47.085,44.122,36.006,6.3328,3.7555,0.1529,0.694,0.7334,0.7526
5356,178.533,2.652,2.652,bbox,48.861,47.085,44.122,36.006,6.3255,3.7429,,,,
5357,178.567,2.666,2.652,bbox,48.9,47.085,44.122,36.049,6.3337,3.7302,,,,
5358,178.6,2.674,2.666,bbox,48.9,47.085,44.122,36.049,6.3332,3.7196,,0.6268,,0.7301
5359,178.633,2.638,2.666,bbox,48.9,47.085,44.122,36.049,6.2785,3.6953,,,,
5360,178.667,2.706,2.666,bbox,48.9,47.085,44.122,36.085,6.2851,3.6648,,,,
5361,178.7,2.726,2.674,bbox,48.948,47.085,44.122,36.085,6.2666,3.6371,,0.7708,,0.7155
5362,178.733,2.672,2.674,bbox,48.948,47.085,44.122,36.139,6.2271,3.6621,,,,
5363,178.767,2.676,2.676,bbox,48.948,47.085,44.122,36.139,6.2026,3.6557,,,,
5364,178.8,2.692,2.692,bbox,49.006,47.085,44.122,36.139,6.2197,3.6397,,0.829,,0.674
5365,178.833,2.767,2.692,bbox,49.006,47.085,44.122,36.139,6.2504,3.5991,,,,
5366,178.867,2.786,2.692,bbox,49.006,47.085,44.122,36.139,6.2802,3.576,,,,
5367,178.9,3.83,2.767,pose,49.006,47.085,44.122,36.205,6.3097,3.567,0.4611,0.8043,-0.3031,0.7049
5368,178.933,2.824,2.786,bbox,49.006,47.138,44.122,36.205,6.3645,3.555,,,,
5369,178.967,2.874,2.824,bbox,49.006,47.138,44.122,36.237,6.4149,3.5422,,,,
5370,179.0,2.821,2.824,pose,49.006,47.222,44.122,36.237,6.4521,3.5384,0.1311,0.5588,0.6938,0.7441
5371,179.033,2.954,2.874,bbox,49.006,47.272,44.122,36.237,6.4611,3.5346,,,,
5372,179.067,2.953,2.874,bbox,49.006,47.31,44.122,36.237,6.4737,3.5358,,,,
5373,179.1,2.969,2.953,bbox,49.006,47.31,44.122,36.268,6.4716,3.5293,,0.4177,,0.758
5374,179.133,2.969,2.954,bbox,49.006,47.31,44.122,36.268,6.4681,3.5273,,,,
5375,179.167,2.947,2.954,bbox,49.006,47.31,44.122,36.268,6.4411,3.5292,,,,
5376,179.2,5.335,2.969,pose,49.006,47.31,44.122,36.268,6.3864,3.5282,0.0155,0.0942,-0.3424,0.7208
5377,179.233,2.801,2.969,bbox,49.006,47.31,44.122,36.268,6.319,3.5317,,,,
5378,179.267,2.674,2.947,bbox,49.072,47.31,44.122,36.268,6.1786,3.5369,,,,
5379,179.3,2.581,2.801,bbox,49.139,47.31,44.122,36.268,6.0899,3.5466,,0.4548,,0.68
5380,179.333,2.603,2.674,bbox,49.28,47.31,44.122,36.268,6.1312,3.5675,,,,
5381,179.367,2.575,2.603,bbox,49.327,47.31,44.122,36.268,6.1173,3.592,,,,
5382,179.4,2.536,2.581,bbox,49.327,47.31,44.154,36.268,6.1217,3.6398,,0.7148,,0.7531
5383,179.433,2.537,2.575,bbox,49.327,47.31,44.154,36.268,6.1279,3.6796,,,,
5384,179.467,,,,49.327,47.31,44.154,36.268,,,,,,
5385,179.5,,,,49.327,47.31,44.154,36.268,,,,,,
5386,179.533,,,,49.327,47.31,44.154,36.268,,,,,,
5387,179.567,,,,49.327,47.31,44.154,36.268,,,,,,
5388,179.6,,,,49.327,47.31,44.154,36.268,,,,,,
5389,179.633,,,,49.327,47.31,44.154,36.268,,,,,,
5390,179.667,,,,49.327,47.31,44.154,36.268,,,,,,
5391,179.7,,,,49.327,47.31,44.154,36.268,,,,,,
5392,179.733,1.739,2.537,bbox,49.327,47.31,44.226,36.268,5.3836,3.8844,,,,
5393,179.767,1.87,2.536,bbox,49.327,47.31,44.266,36.268,5.3429,3.7272,,,,
5394,179.8,2.001,2.001,bbox,49.491,47.31,44.266,36.268,5.3819,3.6471,0.1723,,-0.9349,
5395,179.833,2.067,2.001,bbox,49.491,47.31,44.266,36.268,5.4228,3.5869,,,,
5396,179.867,2.101,2.001,bbox,49.491,47.31,44.266,36.301,5.4185,3.5428,,,,
5397,179.9,,,,49.491,47.31,44.266,36.301,,,,,,
5398,179.933,2.063,2.063,bbox,49.491,47.344,44.266,36.361,5.4458,3.52,,,,
5399,179.967,2.087,2.067,bbox,49.491,47.344,44.266,36.405,5.4531,3.5125,,,,
5400,180.0,5.436,2.087,pose,49.491,47.344,44.266,36.405,5.4677,3.532,0.0119,0.7357,-1.546,0.772
5401,180.033,2.118,2.101,bbox,49.491,47.379,44.266,36.405,5.5351,3.5197,,,,
5402,180.067,1.967,2.087,bbox,49.491,47.379,44.266,36.405,5.387,3.516,,,,
5403,180.1,2.216,2.118,bbox,49.491,47.379,44.266,36.405,5.593,3.4843,,0.5032,,0.7943
5404,180.133,2.364,2.216,bbox,49.491,47.461,44.266,36.405,5.6843,3.4617,,,,
5405,180.167,2.39,2.216,bbox,49.491,47.519,44.266,36.464,5.747,3.47,,,,
5406,180.2,,,,49.491,47.519,44.266,36.464,,,,,,
5407,180.233,2.501,2.364,bbox,49.491,47.61,44.266,36.464,5.8576,3.3518,,,,
5408,180.267,,,,49.491,47.61,44.266,36.464,,,,,,
5409,180.3,2.628,2.39,bbox,49.491,47.673,44.266,36.464,5.933,3.2603,0.5323,,-1.9922,
5410,180.333,2.653,2.501,bbox,49.491,47.784,44.266,36.596,5.9418,3.2277,,,,
5411,180.367,2.7,2.628,bbox,49.491,47.859,44.266,36.688,5.9558,3.1541,,,,
5412,180.4,2.754,2.653,bbox,49.491,47.859,44.266,36.72,5.9744,3.1001,0.6675,,0.6871,
5413,180.433,2.884,2.7,bbox,49.491,47.859,44.266,36.794,6.0439,3.0395,,,,
5414,180.467,2.959,2.754,bbox,49.491,47.9,44.266,36.848,6.1073,2.9989,,,,
5415,180.5,3.026,2.884,bbox,49.491,47.97,44.266,36.909,6.2056,2.9648,,,,
5416,180.533,3.083,2.959,bbox,49.491,48.033,44.266,36.949,6.2944,2.9544,,,,
5417,180.567,3.091,3.026,bbox,49.491,48.132,44.266,36.983,6.3665,2.9476,,,,
5418,180.6,3.131,3.083,bbox,49.491,48.22,44.266,36.983,6.4122,2.9173,0.0412,,0.6817,
5419,180.633,3.296,3.091,bbox,49.491,48.292,44.266,36.983,6.4689,2.8819,,,,
5420,180.667,3.423,3.131,bbox,49.491,48.338,44.266,37.031,6.5416,2.8486,,,,
5421,180.7,3.521,3.296,bbox,49.491,48.395,44.266,37.066,6.6078,2.7998,,0.0083,,-0.0536
5422,180.733,2.397,3.296,bbox,49.491,48.467,44.266,37.066,6.6854,5.0601,,,,
5423,180.767,2.456,3.296,bbox,49.491,48.534,44.266,37.066,6.7182,5.0674,,,,
5424,180.8,2.142,2.456,pose,49.491,48.611,44.416,37.066,6.7306,5.1244,0.4722,0.7138,0.6994,0.0984
5425,180.833,2.5,2.456,bbox,49.491,48.644,44.416,37.066,6.7652,5.088,,,,
5426,180.867,,,,49.491,48.644,44.416,37.066,,,,,,
5427,180.9,,,,49.491,48.644,44.416,37.066,,,,,,
5428,180.933,,,,49.491,48.644,44.416,37.066,,,,,,
5429,180.967,,,,49.491,48.644,44.416,37.066,,,,,,
5430,181.0,4.121,2.456,bbox,49.491,48.644,44.416,37.066,6.9972,2.4688,0.0783,,0.7099,
5431,181.033,4.189,2.5,bbox,49.491,48.691,44.416,37.066,7.0442,2.4033,,,,
5432,181.067,4.419,4.121,bbox,49.491,48.841,44.416,37.209,7.1459,2.3487,,,,
5433,181.1,4.575,4.189,bbox,49.491,48.888,44.416,37.274,7.2114,2.2893,,,,
5434,181.133,4.674,4.419,bbox,49.491,48.99,44.416,37.329,7.2863,2.2601,,,,
5435,181.167,4.781,4.575,bbox,49.491,49.055,44.416,37.388,7.3442,2.2301,,,,
5436,181.2,4.387,4.575,pose,49.491,49.13,44.416,37.388,7.4083,2.1845,0.684,0.3847,0.3042,0.8586
5437,181.233,4.991,4.674,bbox,49.491,49.188,44.416,37.448,7.4429,2.1385,,,,
5438,181.267,5.051,4.781,bbox,49.491,49.252,44.416,37.493,7.4576,2.1206,,,,
5439,181.3,5.139,4.991,bbox,49.491,49.287,44.416,37.539,7.4916,2.0885,,0.5823,,0.7414
5440,181.333,5.199,5.051,bbox,49.491,49.287,44.416,37.539,7.511,2.0622,,,,
5441,181.367,5.29,5.139,bbox,49.491,49.335,44.416,37.589,7.5534,2.0489,,,,
5442,181.4,5.335,5.199,bbox,49.491,49.335,44.416,37.589,7.5859,2.0382,,0.6092,,0.7404
5443,181.433,5.375,5.29,bbox,49.491,49.397,44.416,37.629,7.5978,2.0121,,,,
5444,181.467,5.392,5.335,bbox,49.491,49.43,44.416,37.629,7.6562,1.9905,,,,
5445,181.5,5.485,5.375,bbox,49.491,49.43,44.416,37.666,7.6956,1.9678,0.4313,,0.7015,
5446,181.533,5.483,5.392,bbox,49.491,49.5,44.416,37.666,7.728,1.8799,,,,
5447,181.567,5.38,5.392,bbox,49.491,49.539,44.416,37.71,7.7254,1.8662,,,,
5448,181.6,5.218,5.392,pose,49.491,49.539,44.416,37.798,7.7858,1.7659,0.3439,0.1458,0.7029,0.7808
5449,181.633,5.451,5.451,bbox,49.491,49.572,44.416,37.798,7.8124,1.7527,,,,
5450,181.667,5.582,5.451,bbox,49.491,49.63,44.416,37.912,7.8288,1.6873,,,,
5451,181.7,5.655,5.451,bbox,49.491,49.63,44.416,37.912,7.8499,1.6215,0.178,,0.7163,
5452,181.733,5.6,5.582,bbox,49.491,49.673,44.416,37.99,7.8607,1.5969,,,,
5453,181.767,5.617,5.6,bbox,49.491,49.673,44.416,38.056,7.8683,1.5754,,,,
5454,181.8,5.549,5.6,bbox,49.491,49.705,44.416,38.056,7.8736,1.5462,0.0919,,0.6953,
5455,181.833,4.127,5.6,bbox,49.491,49.705,44.416,38.102,5.1496,1.539,,,,
5456,181.867,4.086,5.549,bbox,49.491,49.705,44.416,38.102,5.1503,1.5194,,,,
5457,181.9,4.144,4.144,bbox,49.641,49.705,44.416,38.139,5.1568,1.4472,0.0417,,-0.0021,
5458,181.933,4.17,4.144,bbox,49.641,49.705,44.416,38.139,5.1639,1.4113,,,,
5459,181.967,4.188,4.144,bbox,49.641,49.705,44.416,38.23,5.1648,1.3727,,,,
5460,182.0,4.243,4.17,bbox,49.641,49.705,44.416,38.266,5.1669,1.3627,,0.1517,,0.8437
5461,182.033,4.253,4.188,bbox,49.641,49.705,44.416,38.266,5.1721,1.3823,,,,
5462,182.067,4.295,4.243,bbox,49.641,49.705,44.416,38.299,5.1921,1.3785,,,,
5463,182.1,3.842,4.243,pose,49.641,49.705,44.416,38.299,5.1817,1.3606,0.1671,0.4901,0.114,0.7337
5464,182.133,4.355,4.253,bbox,49.641,49.705,44.416,38.299,5.1756,1.3298,,,,
5465,182.167,4.436,4.295,bbox,49.641,49.705,44.416,38.299,5.2019,1.3126,,,,
5466,182.2,3.57,4.295,bbox,49.641,49.74,44.416,38.299,5.2075,7.9945,0.0426,,0.0619,
5467,182.233,,,,49.641,49.74,44.416,38.299,,,,,,
5468,182.267,,,,49.641,49.74,44.416,38.299,,,,,,
5469,182.3,,,,49.641,49.74,44.416,38.299,,,,,,
5470,182.333,,,,49.641,49.74,44.416,38.299,,,,,,
5471,182.367,,,,49.641,49.74,44.416,38.299,,,,,,
5472,182.4,,,,49.641,49.74,44.416,38.299,,,,,,
5473,182.433,,,,49.641,49.74,44.416,38.299,,,,,,
5474,182.467,,,,49.641,49.74,44.416,38.299,,,,,,
5475,182.5,,,,49.641,49.74,44.416,38.299,,,,,,
5476,182.533,,,,49.641,49.74,44.416,38.299,,,,,,
5477,182.567,,,,49.641,49.74,44.416,38.299,,,,,,
5478,182.6,,,,49.641,49.74,44.416,38.299,,,,,,
5479,182.633,,,,49.641,49.74,44.416,38.299,,,,,,
5480,182.667,,,,49.641,49.74,44.416,38.299,,,,,,
5481,182.7,,,,49.641,49.74,44.416,38.299,,,,,,
5482,182.733,,,,49.641,49.74,44.416,38.299,,,,,,
5483,182.767,,,,49.641,49.74,44.416,38.299,,,,,,
5484,182.8,,,,49.641,49.74,44.416,38.299,,,,,,
5485,182.833,,,,49.641,49.74,44.416,38.299,,,,,,
5486,182.867,,,,49.641,49.74,44.416,38.299,,,,,,
5487,182.9,,,,49.641,49.74,44.416,38.299,,,,,,
5488,182.933,,,,49.641,49.74,44.416,38.299,,,,,,
5489,182.967,,,,49.641,49.74,44.416,38.299,,,,,,
5490,183.0,,,,49.641,49.74,44.416,38.299,,,,,,
5491,183.033,,,,49.641,49.74,44.416,38.299,,,,,,
5492,183.067,,,,49.641,49.74,44.416,38.299,,,,,,
5493,183.1,,,,49.641,49.74,44.416,38.299,,,,,,
5494,183.133,,,,49.641,49.74,44.416,38.299,,,,,,
5495,183.167,,,,49.641,49.74,44.416,38.299,,,,,,
5496,183.2,,,,49.641,49.74,44.416,38.299,,,,,,
5497,183.233,,,,49.641,49.74,44.416,38.299,,,,,,
5498,183.267,,,,49.641,49.74,44.416,38.299,,,,,,
5499,183.3,,,,49.641,49.74,44.416,38.299,,,,,,
5500,183.333,2.761,3.842,bbox,49.641,49.74,44.416,38.299,7.2538,5.2316,,,,
5501,183.367,2.748,3.57,bbox,49.641,49.74,44.548,38.299,7.2178,5.2272,,,,
5502,183.4,,,,49.641,49.74,44.548,38.299,,,,,,
5503,183.433,2.739,2.761,bbox,49.641,49.905,44.548,38.299,7.2151,5.2244,,,,
5504,183.467,2.664,2.748,bbox,49.641,49.905,44.548,38.299,7.1787,5.2283,,,,
5505,183.5,2.627,2.739,bbox,49.641,49.905,44.548,38.299,7.1435,5.2287,,0.1296,,-1.1973
5506,183.533,2.583,2.664,bbox,49.677,49.905,44.548,38.299,7.1221,5.2308,,,,
5507,183.567,,,,49.677,49.905,44.548,38.299,,,,,,
5508,183.6,,,,49.677,49.905,44.548,38.299,,,,,,
5509,183.633,,,,49.677,49.905,44.548,38.299,,,,,,
5510,183.667,,,,49.677,49.905,44.548,38.299,,,,,,
5511,183.7,2.173,2.627,bbox,49.713,49.905,44.548,38.299,6.8379,5.2514,,0.1005,,0.0427
5512,183.733,,,,49.713,49.905,44.548,38.299,,,,,,
5513,183.767,,,,49.713,49.905,44.548,38.299,,,,,,
5514,183.8,,,,49.713,49.905,44.548,38.299,,,,,,
5515,183.833,,,,49.713,49.905,44.548,38.299,,,,,,
5516,183.867,,,,49.713,49.905,44.548,38.299,,,,,,
5517,183.9,,,,49.713,49.905,44.548,38.299,,,,,,
5518,183.933,,,,49.713,49.905,44.548,38.299,,,,,,
5519,183.967,,,,49.713,49.905,44.548,38.299,,,,,,
5520,184.0,,,,49.713,49.905,44.548,38.299,,,,,,
5521,184.033,,,,49.713,49.905,44.548,38.299,,,,,,
5522,184.067,4.016,2.627,bbox,49.713,49.905,44.548,38.299,6.4113,1.7045,,,,
5523,184.1,3.997,2.627,bbox,49.884,49.905,44.548,38.299,6.3775,1.7527,,0.4623,,0.9238
5524,184.133,3.89,3.89,bbox,50.034,49.905,44.548,38.448,6.2983,1.8219,,,,
5525,184.167,3.743,3.89,bbox,50.068,49.905,44.548,38.448,6.212,1.876,,,,
5526,184.2,3.591,3.89,pose,50.147,49.905,44.548,38.448,6.1357,1.8959,0.0634,0.7272,0.7401,0.8569
5527,184.233,3.597,3.743,bbox,50.233,49.905,44.602,38.448,6.0973,1.9104,,,,
5528,184.267,3.59,3.597,bbox,50.309,49.905,44.602,38.448,6.0786,1.9368,,,,
5529,184.3,3.411,3.591,pose,50.348,49.905,44.637,38.448,6.0294,1.9866,0.2976,0.4837,0.779,0.7222
5530,184.333,3.446,3.59,bbox,50.348,49.905,44.637,38.448,5.9794,2.0623,,,,
5531,184.367,3.373,3.446,bbox,50.416,49.905,44.713,38.448,5.9714,2.1489,,,,
5532,184.4,3.229,3.411,pose,50.466,49.905,44.788,38.448,5.939,2.2,0.4101,0.3424,0.5699,0.8009
5533,184.433,3.244,3.373,bbox,50.466,49.905,44.875,38.448,5.9037,2.2782,,,,
5534,184.467,3.153,3.244,bbox,50.506,49.905,44.926,38.448,5.877,2.3507,,,,
5535,184.5,3.168,3.229,pose,50.541,49.905,45.004,38.448,5.8252,2.4048,0.47,0.0872,0.5025,0.8731
5536,184.533,2.981,3.168,bbox,50.541,49.905,45.077,38.448,5.7633,2.4307,,,,
5537,184.567,2.973,3.153,bbox,50.62,49.905,45.131,38.448,5.7024,2.501,,,,
5538,184.6,2.504,2.981,pose,50.682,49.905,45.131,38.448,5.5844,2.5341,0.0613,0.2918,0.0718,0.0782
5539,184.633,2.615,2.973,bbox,50.743,49.905,45.227,38.448,5.5309,2.5955,,,,
5540,184.667,2.433,2.615,bbox,50.861,49.905,45.26,38.448,5.4156,2.6207,,,,
5541,184.7,2.608,2.608,bbox,50.914,49.905,45.322,38.448,5.307,2.6225,,,,
5542,184.733,2.592,2.592,bbox,51.03,49.905,45.322,38.448,5.2528,2.626,,,,
5543,184.767,2.48,2.592,bbox,51.138,49.905,45.322,38.448,5.2335,2.7132,,,,
5544,184.8,2.219,2.48,bbox,51.192,49.905,45.352,38.448,5.1156,2.7765,0.0071,,0.6797,
5545,184.833,2.166,2.48,bbox,51.192,49.905,45.439,38.448,5.0828,2.806,,,,
5546,184.867,1.855,2.219,bbox,51.33,49.905,45.503,38.448,5.0183,2.8397,,,,
5547,184.9,1.733,2.166,bbox,51.362,49.905,45.503,38.448,4.9602,2.8788,0.0338,,-0.1984,
5548,184.933,1.674,1.855,bbox,51.427,49.905,45.566,38.448,4.9148,2.9414,,,,
5549,184.967,1.592,1.733,bbox,51.485,49.905,45.605,38.448,4.8385,3.0225,,,,
5550,185.0,2.182,1.733,pose,51.53,49.905,45.668,38.448,4.788,3.0815,0.2649,0.1497,-0.6874,0.5106
5551,185.033,1.36,1.674,bbox,51.607,49.905,45.749,38.448,4.7031,3.1575,,,,
5552,185.067,1.241,1.592,bbox,51.657,49.905,45.808,38.448,4.6308,3.2256,,,,
5553,185.1,1.186,1.36,pose,51.742,49.905,45.884,38.448,4.5759,3.2986,0.5553,0.0826,0.6792,0.8294
5554,185.133,1.09,1.241,bbox,51.814,49.905,45.952,38.448,4.6107,3.3554,,,,
5555,185.167,1.016,1.186,bbox,51.814,49.905,46.025,38.448,4.5756,3.3937,,,,
5556,185.2,1.05,1.09,pose,51.869,49.905,46.082,38.448,4.5099,3.4295,0.3391,0.1366,0.6049,0.9293
5557,185.233,0.86,1.05,bbox,51.869,49.905,46.12,38.448,4.4376,3.4462,,,,
5558,185.267,0.803,1.016,bbox,51.935,49.905,46.156,38.448,4.4179,3.4933,,,,
5559,185.3,0.836,0.86,pose,52.008,49.905,46.156,38.448,4.398,3.4516,0.0163,0.4296,0.7877,0.836
5560,185.333,0.832,0.836,bbox,52.008,49.905,46.156,38.448,4.391,3.4441,,,,
5561,185.367,0.849,0.836,bbox,52.008,49.905,46.156,38.448,4.4096,3.4447,,,,
5562,185.4,0.815,0.832,bbox,52.047,49.905,46.156,38.448,4.3904,3.4634,,0.5046,,0.8311
5563,185.433,0.815,0.832,bbox,52.047,49.905,46.156,38.448,4.3951,3.4781,,,,
5564,185.467,0.786,0.815,bbox,52.047,49.905,46.19,38.448,4.3748,3.5004,,,,
5565,185.5,2.339,0.815,pose,52.047,49.905,46.19,38.448,4.36,3.5077,0.3345,0.4994,-0.2587,0.8413
5566,185.533,0.757,0.815,bbox,52.047,49.905,46.227,38.448,4.3662,3.526,,,,
5567,185.567,0.67,0.786,bbox,52.047,49.905,46.227,38.448,4.3894,3.6484,,,,
5568,185.6,0.685,0.757,bbox,52.047,49.905,46.227,38.448,4.3995,3.6409,,,,
5569,185.633,0.708,0.708,bbox,52.047,49.905,46.353,38.448,4.4163,3.6268,,,,
5570,185.667,0.697,0.697,bbox,52.047,49.905,46.353,38.448,4.3572,3.5734,,,,
5571,185.7,0.731,0.697,bbox,52.047,49.905,46.353,38.448,4.4139,3.5872,,0.4721,,0.8349
5572,185.733,0.697,0.697,bbox,52.047,49.905,46.353,38.448,4.4649,3.6751,,,,
5573,185.767,0.768,0.708,bbox,52.047,49.905,46.353,38.448,4.5095,3.6338,,,,
5574,185.8,0.815,0.731,bbox,52.047,49.972,46.353,38.448,4.564,3.6312,,0.276,,0.8286
5575,185.833,0.856,0.768,bbox,52.047,50.017,46.353,38.448,4.6026,3.6213,,,,
5576,185.867,0.89,0.815,bbox,52.047,50.071,46.353,38.448,4.6233,3.6025,,,,
5577,185.9,0.868,0.856,pose,52.047,50.11,46.353,38.448,4.6471,3.5839,0.1677,0.2441,0.9602,0.706
5578,185.933,1.006,0.868,bbox,52.047,50.11,46.353,38.448,4.6991,3.5774,,,,
5579,185.967,1.03,0.89,bbox,52.047,50.154,46.353,38.491,4.7415,3.5712,,,,
5580,186.0,1.073,1.006,bbox,52.047,50.206,46.353,38.491,4.7968,3.5808,,0.3782,,0.7798
5581,186.033,1.18,1.03,bbox,52.047,50.249,46.353,38.491,4.8838,3.5958,,,,
5582,186.067,1.265,1.073,bbox,52.047,50.304,46.353,38.491,4.9067,3.5477,,,,
5583,186.1,3.608,1.18,pose,52.047,50.391,46.353,38.491,4.9129,3.5417,0.4765,0.1262,-1.3442,0.7142
5584,186.133,1.318,1.265,bbox,52.047,50.391,46.353,38.527,4.9415,3.5166,,,,
5585,186.167,1.415,1.318,bbox,52.047,50.391,46.353,38.527,4.9788,3.4485,,,,
5586,186.2,3.302,1.415,pose,52.047,50.449,46.353,38.558,5.008,3.4806,0.3903,0.0912,-1.2612,0.8359
5587,186.233,1.442,1.442,bbox,52.047,50.486,46.353,38.594,5.0268,3.4238,,,,
5588,186.267,1.493,1.442,bbox,52.047,50.486,46.353,38.626,5.0537,3.3651,,,,
5589,186.3,1.544,1.493,bbox,52.047,50.534,46.353,38.626,5.0797,3.3309,,,,
5590,186.333,1.56,1.544,bbox,52.047,50.534,46.353,38.709,5.106,3.3063,,,,
5591,186.367,1.647,1.544,bbox,52.047,50.587,46.353,38.744,5.15,3.2802,,,,
5592,186.4,2.092,1.56,pose,52.047,50.587,46.353,38.744,5.1928,3.2457,0.1366,0.4868,-0.3671,0.6338
5593,186.433,1.769,1.647,bbox,52.047,50.657,46.353,38.794,5.2299,3.2236,,,,
5594,186.467,1.844,1.769,bbox,52.047,50.7,46.353,38.829,5.2791,3.2072,,,,
5595,186.5,3.121,1.844,pose,52.047,50.737,46.353,38.829,5.3496,3.1904,0.2867,0.3129,-1.225,0.8093
5596,186.533,2.145,2.092,bbox,52.047,50.786,46.353,38.867,5.3994,3.1674,,,,
5597,186.567,2.497,2.145,bbox,52.047,50.857,46.353,38.867,5.4385,3.1412,,,,
5598,186.6,2.634,2.497,bbox,52.047,50.907,46.353,38.907,5.4668,3.1151,,0.4552,,0.8004
5599,186.633,2.703,2.634,bbox,52.047,50.946,46.353,38.907,5.5018,3.0912,,,,
5600,186.667,2.656,2.634,bbox,52.047,50.946,46.353,38.959,5.5383,3.0582,,,,
5601,186.7,2.825,2.656,pose,52.047,51.009,46.353,38.959,5.5596,2.9901,0.3146,0.5003,-0.7824,0.7236
5602,186.733,2.747,2.703,bbox,52.047,51.046,46.353,39.016,5.5969,2.9512,,,,
5603,186.767,2.777,2.747,bbox,52.047,51.046,46.353,39.084,5.6703,2.9596,,,,
5604,186.8,2.628,2.747,bbox,52.047,51.104,46.353,39.115,5.7842,2.9341,0.3446,,-0.9069,
5605,186.833,2.848,2.777,bbox,52.047,51.178,46.353,39.115,5.8132,2.8965,,,,
5606,186.867,2.886,2.777,bbox,52.047,51.292,46.353,39.115,5.9425,2.8325,,,,
5607,186.9,2.845,2.845,bbox,52.047,51.292,46.353,39.178,5.9835,2.8432,0.4235,,-2.1562,
5608,186.933,2.934,2.848,bbox,52.047,51.45,46.353,39.231,6.001,2.7546,,,,
5609,186.967,2.968,2.886,bbox,52.047,51.491,46.353,39.231,6.0196,2.7336,,,,
5610,187.0,3.042,2.934,bbox,52.047,51.491,46.353,39.32,6.0573,2.6549,,,,
5611,187.033,3.12,2.968,bbox,52.047,51.527,46.353,39.32,6.1298,2.6182,,,,
5612,187.067,3.084,3.042,bbox,52.047,51.565,46.353,39.42,6.1072,2.6025,,,,
5613,187.1,3.172,3.084,bbox,52.047,51.614,46.353,39.456,6.116,2.5723,,,,
5614,187.133,3.201,3.12,bbox,52.047,51.614,46.353,39.456,6.1892,2.547,,,,
5615,187.167,3.28,3.172,bbox,52.047,51.614,46.353,39.502,6.263,2.5031,,,,
5616,187.2,3.45,3.201,bbox,52.047,51.696,46.353,39.502,6.3542,2.4593,,,,
5617,187.233,3.575,3.28,bbox,52.047,51.77,46.353,39.571,6.4236,2.4034,,,,
5618,187.267,3.649,3.45,bbox,52.047,51.862,46.353,39.615,6.4769,2.3455,,,,
5619,187.3,3.58,3.575,pose,52.047,51.931,46.353,39.671,6.5154,2.3171,0.0702,0.6233,-0.0739,0.7435
5620,187.333,3.795,3.58,bbox,52.047,51.984,46.353,39.729,6.5452,2.3014,,,,
5621,187.367,3.834,3.649,bbox,52.047,52.023,46.353,39.729,6.5692,2.3065,,,,
5622,187.4,3.885,3.795,bbox,52.047,52.023,46.353,39.768,6.5966,2.2902,0.084,,0.192,
5623,187.433,3.953,3.834,bbox,52.047,52.077,46.353,39.768,6.6271,2.2672,,,,
5624,187.467,4.031,3.885,bbox,52.047,52.077,46.353,39.768,6.6553,2.2289,,,,
5625,187.5,6.392,3.953,pose,52.047,52.134,46.353,39.807,6.6781,2.178,0.3964,0.6104,0.0962,0.7504
5626,187.533,4.175,4.031,bbox,52.047,52.134,46.353,39.846,6.707,2.1048,,,,
5627,187.567,4.416,4.175,bbox,52.047,52.185,46.353,39.897,6.7826,1.9247,,,,
5628,187.6,4.519,4.416,bbox,52.047,52.185,46.353,39.97,6.8419,1.8903,,0.3949,,0.7643
5629,187.633,4.555,4.519,bbox,52.047,52.29,46.353,40.12,6.8875,1.8824,,,,
5630,187.667,4.66,4.519,bbox,52.047,52.349,46.353,40.154,6.9657,1.814,,,,
5631,187.7,4.823,4.555,bbox,52.047,52.395,46.353,40.154,7.0314,1.7236,,0.0383,,0.7628
5632,187.733,4.914,4.66,bbox,52.047,52.473,46.353,40.23,7.0942,1.6663,,,,
5633,187.767,4.951,4.823,bbox,52.047,52.539,46.353,40.321,7.1295,1.6507,,,,
5634,187.8,4.994,4.914,bbox,52.047,52.601,46.353,40.378,7.1474,1.6088,,0.3283,,0.7983
5635,187.833,5.022,4.951,bbox,52.047,52.637,46.353,40.378,7.2088,1.57,,,,
5636,187.867,5.09,4.994,bbox,52.047,52.637,46.353,40.436,7.2455,1.5044,,,,
5637,187.9,5.141,5.022,bbox,52.047,52.716,46.353,40.474,7.2961,1.472,,0.225,,0.6614
5638,187.933,5.105,5.09,bbox,52.047,52.753,46.353,40.54,7.3522,1.4341,,,,
5639,187.967,5.3,5.105,bbox,52.047,52.803,46.353,40.572,7.3719,1.4001,,,,
5640,188.0,5.172,5.141,pose,52.047,52.859,46.353,40.61,7.3734,1.3916,0.0164,0.3964,1.343,0.3795
5641,188.033,5.351,5.172,bbox,52.047,52.859,46.353,40.644,7.4058,1.3732,,,,
5642,188.067,5.418,5.3,bbox,52.047,52.859,46.353,40.644,7.4396,1.3242,,,,
5643,188.1,5.548,5.351,bbox,52.047,52.913,46.353,40.644,7.5043,1.2719,,0.2615,,0.4236
5644,188.133,5.708,5.418,bbox,52.047,52.947,46.353,40.72,7.6325,1.211,,,,
5645,188.167,5.808,5.548,bbox,52.047,53.012,46.353,40.773,7.7055,1.1126,,,,
5646,188.2,5.948,5.708,bbox,52.047,53.14,46.353,40.833,7.7463,1.0185,,0.368,,0.7263
5647,188.233,6.062,5.808,bbox,52.047,53.213,46.353,40.932,7.7908,0.9249,,,,
5648,188.267,6.211,5.948,bbox,52.047,53.254,46.353,41.026,7.8321,0.7999,,,,
5649,188.3,6.276,6.062,bbox,52.047,53.298,46.353,41.119,7.861,0.6795,,0.1254,,-0.7883
5650,188.333,6.25,6.211,bbox,52.047,53.339,46.353,41.245,7.9066,0.611,,,,
5651,188.367,6.225,6.225,bbox,52.047,53.339,46.353,41.365,7.9672,0.5678,,,,
5652,188.4,6.539,6.25,bbox,52.047,53.414,46.353,41.433,8.0165,0.5576,,0.1053,,-0.8249
5653,188.433,6.497,6.276,bbox,52.047,53.475,46.353,41.477,8.042,0.5593,,,,
5654,188.467,6.673,6.497,bbox,52.047,53.524,46.353,41.477,8.0947,0.5641,,,,
5655,188.5,6.749,6.539,bbox,52.047,53.524,46.353,41.477,8.1524,0.5568,,0.2064,,0.7637
5656,188.533,6.875,6.673,bbox,52.047,53.602,46.353,41.477,8.2249,0.548,,,,
5657,188.567,6.923,6.749,bbox,52.047,53.66,46.353,41.477,8.1866,0.5455,,,,
5658,188.6,6.976,6.875,bbox,52.047,53.66,46.353,41.477,8.1686,0.5447,,0.0342,,0.4059
5659,188.633,7.243,6.923,bbox,52.047,53.694,46.353,41.477,8.3538,0.5434,,,,
5660,188.667,7.207,6.976,bbox,52.047,53.732,46.353,41.477,8.3888,0.5439,,,,
5661,188.7,7.293,7.207,bbox,52.047,53.861,46.353,41.477,8.3673,0.5369,,0.1246,,0.1427
5662,188.733,7.227,7.227,bbox,52.047,53.861,46.353,41.477,8.3992,0.5211,,,,
5663,188.767,,,,52.047,53.861,46.353,41.477,,,,,,
5664,188.8,,,,52.047,53.861,46.353,41.477,,,,,,
5665,188.833,,,,52.047,53.861,46.353,41.477,,,,,,
5666,188.867,,,,52.047,53.861,46.353,41.477,,,,,,
5667,188.9,,,,52.047,53.861,46.353,41.477,,,,,,
5668,188.933,,,,52.047,53.861,46.353,41.477,,,,,,
5669,188.967,,,,52.047,53.861,46.353,41.477,,,,,,
5670,189.0,,,,52.047,53.861,46.353,41.477,,,,,,
5671,189.033,,,,52.047,53.861,46.353,41.477,,,,,,
5672,189.067,,,,52.047,53.861,46.353,41.477,,,,,,
5673,189.1,,,,52.047,53.861,46.353,41.477,,,,,,
5674,189.133,,,,52.047,53.861,46.353,41.477,,,,,,
5675,189.167,,,,52.047,53.861,46.353,41.477,,,,,,
5676,189.2,,,,52.047,53.861,46.353,41.477,,,,,,
5677,189.233,,,,52.047,53.861,46.353,41.477,,,,,,
5678,189.267,,,,52.047,53.861,46.353,41.477,,,,,,
5679,189.3,,,,52.047,53.861,46.353,41.477,,,,,,
5680,189.333,,,,52.047,53.861,46.353,41.477,,,,,,
5681,189.367,,,,52.047,53.861,46.353,41.477,,,,,,
5682,189.4,,,,52.047,53.861,46.353,41.477,,,,,,
5683,189.433,,,,52.047,53.861,46.353,41.477,,,,,,
5684,189.467,,,,52.047,53.861,46.353,41.477,,,,,,
5685,189.5,,,,52.047,53.861,46.353,41.477,,,,,,
5686,189.533,,,,52.047,53.861,46.353,41.477,,,,,,
5687,189.567,,,,52.047,53.861,46.353,41.477,,,,,,
5688,189.6,,,,52.047,53.861,46.353,41.477,,,,,,
5689,189.633,,,,52.047,53.861,46.353,41.477,,,,,,
5690,189.667,,,,52.047,53.861,46.353,41.477,,,,,,
5691,189.7,,,,52.047,53.861,46.353,41.477,,,,,,
5692,189.733,,,,52.047,53.861,46.353,41.477,,,,,,
5693,189.767,0.455,7.227,bbox,52.047,53.896,46.353,41.477,9.2057,8.7427,,,,
5694,189.8,0.461,7.207,bbox,52.047,53.896,46.353,41.477,9.2112,8.7463,,,,
5695,189.833,0.458,0.461,bbox,52.047,54.056,46.479,41.477,9.2144,8.7538,,,,
5696,189.867,0.46,0.46,bbox,52.047,54.056,46.479,41.477,9.2233,8.7525,,,,
5697,189.9,0.457,0.458,bbox,52.047,54.056,46.479,41.477,9.2297,8.7584,,,,
5698,189.933,0.463,0.46,bbox,52.047,54.056,46.479,41.477,9.2351,8.7569,,,,
5699,189.967,0.445,0.458,bbox,52.047,54.056,46.479,41.477,9.2407,8.7802,,,,
